method,variant,qid,est_rows,act_rows,buffers,plan_ms,exec_ms
skycell,"",1,1,0,3,0.021,0.008
skycell,"",2,1,1,4,0.019,0.009
skycell,"",3,1,0,3,0.017,0.007
skycell,"",4,1,1,7,0.023,0.011
skycell,"",5,1,0,3,0.021,0.007
skycell,"",6,1,1,7,0.021,0.008
skycell,"",7,1,0,3,0.016,0.005
skycell,"",8,1,1,4,0.016,0.007
skycell,"",9,1,0,3,0.015,0.006
skycell,"",10,1,1,4,0.015,0.007
skycell,"",11,1,0,3,0.015,0.005
skycell,"",12,1,1,7,0.022,0.008
skycell,"",13,1,0,3,0.016,0.005
skycell,"",14,1,1,4,0.015,0.006
skycell,"",15,1,0,3,0.015,0.005
skycell,"",16,1,1,7,0.022,0.008
skycell,"",17,1,0,6,0.021,0.007
skycell,"",18,1,1,7,0.02,0.008
skycell,"",19,1,0,3,0.013,0.006
skycell,"",20,1,1,4,0.014,0.006
skycell,"",21,1,0,3,0.015,0.005
skycell,"",22,1,1,7,0.021,0.008
skycell,"",23,1,0,3,0.014,0.006
skycell,"",24,1,1,4,0.014,0.005
skycell,"",25,1,0,3,0.013,0.005
skycell,"",26,1,1,4,0.013,0.007
skycell,"",27,1,0,3,0.014,0.005
skycell,"",28,1,1,4,0.014,0.006
skycell,"",29,1,0,3,0.014,0.004
skycell,"",30,1,1,7,0.02,0.008
skycell,"",31,1,0,3,0.014,0.005
skycell,"",32,1,1,7,0.02,0.006
skycell,"",33,1,0,3,0.014,0.004
skycell,"",34,1,1,4,0.017,0.007
skycell,"",35,1,0,3,0.014,0.003
skycell,"",36,1,1,4,0.013,0.005
skycell,"",37,1,0,6,0.02,0.007
skycell,"",38,1,1,4,0.015,0.005
skycell,"",39,1,0,3,0.015,0.005
skycell,"",40,1,1,4,0.014,0.006
skycell,"",41,1,0,3,0.014,0.005
skycell,"",42,1,1,4,0.014,0.006
skycell,"",43,1,0,6,0.02,0.006
skycell,"",44,1,1,4,0.014,0.006
skycell,"",45,1,0,6,0.02,0.007
skycell,"",46,1,1,7,0.02,0.007
skycell,"",47,1,0,6,0.019,0.006
skycell,"",48,1,1,4,0.014,0.006
skycell,"",49,1,0,3,0.013,0.004
skycell,"",50,1,1,4,0.015,0.006
skycell,"",51,1,0,6,0.02,0.006
skycell,"",52,1,1,4,0.015,0.006
skycell,"",53,1,0,3,0.014,0.005
skycell,"",54,1,1,4,0.016,0.006
skycell,"",55,1,0,6,0.022,0.006
skycell,"",56,1,1,4,0.015,0.006
skycell,"",57,1,0,3,0.015,0.005
skycell,"",58,1,1,4,0.015,0.007
skycell,"",59,1,0,3,0.014,0.005
skycell,"",60,1,1,4,0.015,0.006
skycell,"",61,1,0,6,0.021,0.006
skycell,"",62,1,1,7,0.021,0.008
skycell,"",63,1,0,3,0.016,0.004
skycell,"",64,1,1,4,0.015,0.006
skycell,"",65,1,0,3,0.014,0.004
skycell,"",66,1,1,4,0.015,0.006
skycell,"",67,1,0,3,0.015,0.005
skycell,"",68,1,1,4,0.018,0.007
skycell,"",69,1,0,3,0.015,0.006
skycell,"",70,1,1,4,0.014,0.005
skycell,"",71,1,0,3,0.015,0.004
skycell,"",72,1,1,4,0.014,0.006
skycell,"",73,1,0,3,0.015,0.004
skycell,"",74,1,1,4,0.015,0.005
skycell,"",75,1,0,3,0.015,0.004
skycell,"",76,1,1,4,0.015,0.006
skycell,"",77,1,0,3,0.024,0.004
skycell,"",78,1,1,4,0.015,0.007
skycell,"",79,1,0,3,0.015,0.004
skycell,"",80,1,1,4,0.015,0.005
skycell,"",81,1,0,3,0.015,0.004
skycell,"",82,1,1,4,0.015,0.005
skycell,"",83,1,0,12,0.032,0.009
skycell,"",84,1,1,4,0.015,0.006
skycell,"",85,1,0,3,0.015,0.005
skycell,"",86,1,1,4,0.014,0.005
skycell,"",87,1,0,3,0.015,0.005
skycell,"",88,1,1,4,0.015,0.006
skycell,"",89,1,0,6,0.021,0.006
skycell,"",90,1,1,4,0.018,0.007
skycell,"",91,1,0,3,0.015,0.004
skycell,"",92,1,1,4,0.015,0.008
skycell,"",93,1,0,3,0.015,0.005
skycell,"",94,1,1,7,0.021,0.008
skycell,"",95,1,0,3,0.015,0.004
skycell,"",96,1,1,7,0.021,0.008
skycell,"",97,1,0,3,0.015,0.004
skycell,"",98,1,1,4,0.015,0.005
skycell,"",99,1,0,3,0.015,0.004
skycell,"",100,1,1,4,0.015,0.005
skycell,"",101,1,0,3,0.017,0.005
skycell,"",102,1,1,4,0.014,0.006
skycell,"",103,1,0,3,0.014,0.005
skycell,"",104,1,1,4,0.015,0.005
skycell,"",105,1,0,3,0.015,0.005
skycell,"",106,1,1,4,0.015,0.006
skycell,"",107,1,0,3,0.014,0.004
skycell,"",108,1,1,4,0.014,0.006
skycell,"",109,1,0,6,0.021,0.006
skycell,"",110,1,1,7,0.021,0.008
skycell,"",111,1,0,12,0.032,0.007
skycell,"",112,1,1,4,0.015,0.005
skycell,"",113,1,0,3,0.015,0.006
skycell,"",114,1,1,4,0.015,0.005
skycell,"",115,1,0,3,0.015,0.004
skycell,"",116,1,1,7,0.021,0.007
skycell,"",117,1,0,3,0.016,0.005
skycell,"",118,1,1,4,0.015,0.006
skycell,"",119,1,0,3,0.015,0.005
skycell,"",120,1,1,4,0.015,0.005
skycell,"",121,1,0,3,0.015,0.005
skycell,"",122,1,1,7,0.02,0.008
skycell,"",123,1,0,3,0.014,0.004
skycell,"",124,1,1,4,0.015,0.005
skycell,"",125,1,0,6,0.022,0.006
skycell,"",126,1,1,4,0.015,0.006
skycell,"",127,1,0,3,0.014,0.005
skycell,"",128,1,1,4,0.015,0.006
skycell,"",129,1,0,3,0.015,0.004
skycell,"",130,1,1,4,0.014,0.006
skycell,"",131,1,0,3,0.015,0.004
skycell,"",132,1,1,4,0.015,0.005
skycell,"",133,1,0,3,0.014,0.004
skycell,"",134,1,1,4,0.015,0.005
skycell,"",135,1,0,3,0.015,0.005
skycell,"",136,1,1,4,0.015,0.006
skycell,"",137,1,0,3,0.014,0.004
skycell,"",138,1,1,7,0.021,0.007
skycell,"",139,1,0,3,0.015,0.004
skycell,"",140,1,1,4,0.015,0.005
skycell,"",141,1,0,6,0.021,0.006
skycell,"",142,1,1,7,0.021,0.007
skycell,"",143,1,0,3,0.015,0.004
skycell,"",144,1,1,7,0.026,0.007
skycell,"",145,1,0,3,0.014,0.004
skycell,"",146,1,1,13,0.031,0.009
skycell,"",147,1,0,3,0.015,0.004
skycell,"",148,1,1,4,0.014,0.007
skycell,"",149,1,0,3,0.015,0.004
skycell,"",150,1,1,7,0.021,0.007
skycell,"",151,1,0,3,0.015,0.004
skycell,"",152,1,1,4,0.016,0.005
skycell,"",153,1,0,3,0.015,0.005
skycell,"",154,1,1,4,0.014,0.005
skycell,"",155,1,0,3,0.015,0.004
skycell,"",156,1,1,4,0.014,0.006
skycell,"",157,1,0,3,0.015,0.004
skycell,"",158,1,1,4,0.014,0.005
skycell,"",159,1,0,3,0.015,0.005
skycell,"",160,1,1,4,0.015,0.005
skycell,"",161,1,0,3,0.014,0.004
skycell,"",162,1,1,4,0.015,0.005
skycell,"",163,1,0,3,0.016,0.004
skycell,"",164,1,1,4,0.014,0.006
skycell,"",165,1,0,3,0.015,0.005
skycell,"",166,1,1,4,0.015,0.006
skycell,"",167,1,0,3,0.015,0.004
skycell,"",168,1,1,7,0.02,0.008
skycell,"",169,1,0,6,0.023,0.007
skycell,"",170,1,1,4,0.015,0.006
skycell,"",171,1,0,3,0.015,0.005
skycell,"",172,1,1,4,0.015,0.005
skycell,"",173,1,0,6,0.021,0.006
skycell,"",174,1,1,4,0.015,0.006
skycell,"",175,1,0,3,0.014,0.004
skycell,"",176,1,1,4,0.015,0.005
skycell,"",177,1,0,3,0.014,0.004
skycell,"",178,1,1,7,0.023,0.008
skycell,"",179,1,0,6,0.021,0.006
skycell,"",180,1,1,4,0.015,0.006
skycell,"",181,1,0,3,0.014,0.004
skycell,"",182,1,1,4,0.014,0.006
skycell,"",183,1,0,3,0.015,0.004
skycell,"",184,1,1,7,0.021,0.007
skycell,"",185,1,0,3,0.015,0.004
skycell,"",186,1,1,4,0.015,0.007
skycell,"",187,1,0,3,0.014,0.004
skycell,"",188,1,1,4,0.014,0.006
skycell,"",189,1,0,6,0.021,0.006
skycell,"",190,1,1,4,0.014,0.005
skycell,"",191,1,0,3,0.014,0.004
skycell,"",192,1,1,4,0.014,0.006
skycell,"",193,1,0,3,0.015,0.004
skycell,"",194,1,1,7,0.021,0.008
skycell,"",195,1,0,3,0.014,0.004
skycell,"",196,1,1,4,0.015,0.005
skycell,"",197,1,0,12,0.031,0.007
skycell,"",198,1,1,4,0.015,0.005
skycell,"",199,1,0,3,0.015,0.004
skycell,"",200,1,1,4,0.015,0.006
skycell,"",201,1,0,3,0.014,0.004
skycell,"",202,1,1,4,0.015,0.006
skycell,"",203,1,0,3,0.015,0.004
skycell,"",204,1,1,4,0.015,0.005
skycell,"",205,1,0,3,0.015,0.004
skycell,"",206,1,1,7,0.02,0.007
skycell,"",207,1,0,3,0.014,0.004
skycell,"",208,1,1,4,0.014,0.006
skycell,"",209,1,0,3,0.014,0.004
skycell,"",210,1,1,4,0.015,0.005
skycell,"",211,1,0,3,0.015,0.004
skycell,"",212,1,1,4,0.015,0.006
skycell,"",213,1,0,3,0.015,0.004
skycell,"",214,1,1,4,0.015,0.006
skycell,"",215,1,0,3,0.015,0.005
skycell,"",216,1,1,7,0.021,0.008
skycell,"",217,1,0,3,0.014,0.004
skycell,"",218,1,1,7,0.021,0.008
skycell,"",219,1,0,6,0.021,0.011
skycell,"",220,1,1,7,0.021,0.007
skycell,"",221,1,0,3,0.015,0.004
skycell,"",222,1,1,4,0.015,0.006
skycell,"",223,1,0,6,0.021,0.006
skycell,"",224,1,1,4,0.015,0.005
skycell,"",225,1,0,3,0.015,0.005
skycell,"",226,1,1,4,0.015,0.005
skycell,"",227,1,0,6,0.021,0.006
skycell,"",228,1,1,4,0.014,0.005
skycell,"",229,1,0,3,0.015,0.004
skycell,"",230,1,1,7,0.021,0.008
skycell,"",231,1,0,3,0.015,0.004
skycell,"",232,1,1,4,0.015,0.006
skycell,"",233,1,0,3,0.014,0.004
skycell,"",234,1,1,4,0.015,0.005
skycell,"",235,1,0,3,0.018,0.005
skycell,"",236,1,1,4,0.016,0.007
skycell,"",237,1,0,6,0.023,0.007
skycell,"",238,1,1,7,0.021,0.007
skycell,"",239,1,0,3,0.015,0.004
skycell,"",240,1,1,4,0.015,0.006
skycell,"",241,1,0,3,0.015,0.004
skycell,"",242,1,1,4,0.015,0.005
skycell,"",243,1,0,3,0.015,0.004
skycell,"",244,1,1,4,0.015,0.005
skycell,"",245,1,0,6,0.021,0.006
skycell,"",246,1,1,4,0.015,0.006
skycell,"",247,1,0,3,0.015,0.005
skycell,"",248,1,1,4,0.014,0.006
skycell,"",249,1,0,3,0.015,0.004
skycell,"",250,1,1,4,0.015,0.005
skycell,"",251,1,0,3,0.015,0.005
skycell,"",252,1,1,4,0.014,0.005
skycell,"",253,1,0,3,0.015,0.004
skycell,"",254,1,1,4,0.015,0.006
skycell,"",255,1,0,3,0.014,0.004
skycell,"",256,1,1,4,0.014,0.006
skycell,"",257,1,0,3,0.015,0.004
skycell,"",258,1,1,4,0.015,0.005
skycell,"",259,1,0,3,0.015,0.004
skycell,"",260,1,1,4,0.015,0.006
skycell,"",261,1,0,6,0.021,0.006
skycell,"",262,1,1,7,0.025,0.009
skycell,"",263,1,0,6,0.021,0.005
skycell,"",264,1,1,4,0.015,0.006
skycell,"",265,1,0,6,0.023,0.007
skycell,"",266,1,1,7,0.024,0.009
skycell,"",267,1,0,3,0.015,0.004
skycell,"",268,1,1,4,0.016,0.006
skycell,"",269,1,0,6,0.022,0.006
skycell,"",270,1,1,4,0.022,0.006
skycell,"",271,1,0,6,0.023,0.006
skycell,"",272,1,1,4,0.015,0.008
skycell,"",273,1,0,3,0.016,0.005
skycell,"",274,1,1,4,0.015,0.005
skycell,"",275,1,0,3,0.015,0.005
skycell,"",276,1,1,4,0.015,0.006
skycell,"",277,1,0,6,0.024,0.227
skycell,"",278,1,1,4,0.039,0.018
skycell,"",279,1,0,6,0.029,0.015
skycell,"",280,1,1,4,0.019,0.009
skycell,"",281,1,0,3,0.018,0.006
skycell,"",282,1,1,4,0.017,0.008
skycell,"",283,1,0,3,0.017,0.006
skycell,"",284,1,1,4,0.017,0.008
skycell,"",285,1,0,12,0.049,0.011
skycell,"",286,1,1,4,0.017,0.007
skycell,"",287,1,0,6,0.023,0.009
skycell,"",288,1,1,4,0.016,0.008
skycell,"",289,1,0,3,0.017,0.005
skycell,"",290,1,1,4,0.017,0.007
skycell,"",291,1,0,6,0.023,0.007
skycell,"",292,1,1,7,0.022,0.01
skycell,"",293,1,0,3,0.016,0.006
skycell,"",294,1,1,4,0.015,0.007
skycell,"",295,1,0,3,0.015,0.005
skycell,"",296,1,1,4,0.015,0.006
skycell,"",297,1,0,3,0.014,0.005
skycell,"",298,1,1,4,0.015,0.006
skycell,"",299,1,0,3,0.015,0.005
skycell,"",300,1,1,4,0.015,0.005
skycell,"",301,1,0,3,0.014,0.005
skycell,"",302,1,1,4,0.015,0.006
skycell,"",303,1,0,3,0.014,0.005
skycell,"",304,1,1,7,0.02,0.009
skycell,"",305,1,0,6,0.03,0.008
skycell,"",306,1,1,4,0.016,0.006
skycell,"",307,1,0,3,0.015,0.005
skycell,"",308,1,1,4,0.016,0.007
skycell,"",309,1,0,3,0.014,0.005
skycell,"",310,1,1,4,0.014,0.007
skycell,"",311,1,0,9,0.027,0.008
skycell,"",312,1,1,7,0.022,0.009
skycell,"",313,1,0,3,0.015,0.005
skycell,"",314,1,1,4,0.015,0.006
skycell,"",315,1,0,6,0.021,0.006
skycell,"",316,1,1,7,0.021,0.009
skycell,"",317,1,0,6,0.022,0.007
skycell,"",318,1,1,4,0.015,0.007
skycell,"",319,1,0,3,0.015,0.005
skycell,"",320,1,1,4,0.016,0.007
skycell,"",321,1,0,3,0.015,0.004
skycell,"",322,1,1,4,0.015,0.006
skycell,"",323,1,0,3,0.016,0.005
skycell,"",324,1,1,7,0.022,0.014
skycell,"",325,1,0,6,0.035,0.006
skycell,"",326,1,1,4,0.015,0.008
skycell,"",327,1,0,3,0.015,0.005
skycell,"",328,1,1,4,0.015,0.006
skycell,"",329,1,0,6,0.021,0.007
skycell,"",330,1,1,4,0.015,0.007
skycell,"",331,1,0,3,0.015,0.005
skycell,"",332,1,1,4,0.016,0.008
skycell,"",333,1,0,3,0.015,0.005
skycell,"",334,1,1,4,0.015,0.011
skycell,"",335,1,0,3,0.015,0.006
skycell,"",336,1,1,4,0.015,0.006
skycell,"",337,1,0,3,0.015,0.004
skycell,"",338,1,1,4,0.014,0.007
skycell,"",339,1,0,3,0.015,0.004
skycell,"",340,1,1,4,0.025,0.006
skycell,"",341,1,0,3,0.015,0.006
skycell,"",342,1,1,4,0.021,0.006
skycell,"",343,1,0,3,0.014,0.005
skycell,"",344,1,1,4,0.015,0.007
skycell,"",345,1,0,3,0.014,0.004
skycell,"",346,1,1,4,0.015,0.006
skycell,"",347,1,0,3,0.015,0.004
skycell,"",348,1,1,7,0.022,0.008
skycell,"",349,1,0,6,0.021,0.007
skycell,"",350,1,1,4,0.015,0.005
skycell,"",351,1,0,3,0.015,0.005
skycell,"",352,1,1,4,0.015,0.007
skycell,"",353,1,0,6,0.021,0.006
skycell,"",354,1,1,7,0.024,0.01
skycell,"",355,1,0,3,0.014,0.006
skycell,"",356,1,1,7,0.021,0.008
skycell,"",357,1,0,3,0.016,0.005
skycell,"",358,1,1,4,0.014,0.006
skycell,"",359,1,0,3,0.015,0.005
skycell,"",360,1,1,4,0.015,0.007
skycell,"",361,1,0,3,0.014,0.005
skycell,"",362,1,1,4,0.015,0.006
skycell,"",363,1,0,3,0.015,0.005
skycell,"",364,1,1,7,0.021,0.009
skycell,"",365,1,0,3,0.014,0.004
skycell,"",366,1,1,4,0.015,0.006
skycell,"",367,1,0,6,0.022,0.007
skycell,"",368,1,1,4,0.015,0.006
skycell,"",369,1,0,3,0.019,0.005
skycell,"",370,1,1,4,0.017,0.005
skycell,"",371,1,0,3,0.016,0.004
skycell,"",372,1,1,4,0.015,0.006
skycell,"",373,1,0,3,0.018,0.005
skycell,"",374,1,1,4,0.015,0.006
skycell,"",375,1,0,6,0.021,0.008
skycell,"",376,1,1,4,0.015,0.006
skycell,"",377,1,0,3,0.015,0.006
skycell,"",378,1,1,7,0.022,0.017
skycell,"",379,1,0,3,0.015,0.004
skycell,"",380,1,1,4,0.014,0.007
skycell,"",381,1,0,3,0.014,0.004
skycell,"",382,1,1,7,0.021,0.008
skycell,"",383,1,0,9,0.026,0.008
skycell,"",384,1,1,4,0.015,0.008
skycell,"",385,1,0,6,0.021,0.009
skycell,"",386,1,1,7,0.021,0.007
skycell,"",387,1,0,3,0.015,0.004
skycell,"",388,1,1,7,0.024,0.008
skycell,"",389,1,0,6,0.022,0.006
skycell,"",390,1,1,7,0.026,0.009
skycell,"",391,1,0,3,0.02,0.007
skycell,"",392,1,1,4,0.02,0.008
skycell,"",393,1,0,3,0.015,0.004
skycell,"",394,1,1,4,0.016,0.012
skycell,"",395,1,0,3,0.016,0.005
skycell,"",396,1,1,4,0.015,0.006
skycell,"",397,1,0,3,0.014,0.004
skycell,"",398,1,1,4,0.015,0.006
skycell,"",399,1,0,3,0.015,0.004
skycell,"",400,1,1,7,0.025,0.009
skycell,"",401,1,0,3,0.015,0.004
skycell,"",402,1,1,4,0.016,0.007
skycell,"",403,1,0,3,0.016,0.004
skycell,"",404,1,1,7,0.024,0.01
skycell,"",405,1,0,3,0.015,0.005
skycell,"",406,1,1,4,0.015,0.007
skycell,"",407,1,0,6,0.022,0.01
skycell,"",408,1,1,10,0.028,0.009
skycell,"",409,1,0,3,0.015,0.005
skycell,"",410,1,1,7,0.021,0.01
skycell,"",411,1,0,3,0.015,0.005
skycell,"",412,1,1,4,0.015,0.006
skycell,"",413,1,0,3,0.015,0.006
skycell,"",414,1,1,4,0.015,0.006
skycell,"",415,1,0,3,0.016,0.007
skycell,"",416,1,1,4,0.015,0.009
skycell,"",417,1,0,4,0.016,0.007
skycell,"",418,1,1,7,0.022,0.008
skycell,"",419,1,0,3,0.015,0.006
skycell,"",420,1,1,4,0.015,0.005
skycell,"",421,1,0,3,0.015,0.005
skycell,"",422,1,1,4,0.015,0.007
skycell,"",423,1,0,3,0.015,0.004
skycell,"",424,1,1,7,0.022,0.009
skycell,"",425,1,1,7,0.021,0.009
skycell,"",426,1,1,4,0.015,0.006
skycell,"",427,1,0,6,0.021,0.006
skycell,"",428,1,1,4,0.015,0.006
skycell,"",429,1,0,4,0.015,0.006
skycell,"",430,1,1,4,0.015,0.005
skycell,"",431,1,0,3,0.016,0.006
skycell,"",432,1,1,4,0.015,0.006
skycell,"",433,1,0,3,0.015,0.004
skycell,"",434,1,1,4,0.016,0.006
skycell,"",435,1,0,4,0.015,0.006
skycell,"",436,1,1,4,0.015,0.006
skycell,"",437,1,0,3,0.015,0.004
skycell,"",438,1,1,4,0.015,0.005
skycell,"",439,1,0,6,0.021,0.009
skycell,"",440,1,1,4,0.015,0.007
skycell,"",441,1,0,3,0.018,0.005
skycell,"",442,1,1,4,0.018,0.007
skycell,"",443,1,0,6,0.021,0.007
skycell,"",444,1,1,7,0.021,0.008
skycell,"",445,1,0,3,0.014,0.005
skycell,"",446,1,1,4,0.015,0.012
skycell,"",447,1,0,6,0.021,0.007
skycell,"",448,1,1,7,0.021,0.008
skycell,"",449,1,0,12,0.041,0.008
skycell,"",450,1,1,4,0.016,0.005
skycell,"",451,1,0,6,0.023,0.006
skycell,"",452,1,1,7,0.021,0.009
skycell,"",453,1,0,3,0.015,0.004
skycell,"",454,1,1,4,0.015,0.005
skycell,"",455,1,0,3,0.015,0.005
skycell,"",456,1,1,7,0.021,0.007
skycell,"",457,1,0,6,0.022,0.006
skycell,"",458,1,1,4,0.015,0.007
skycell,"",459,1,0,6,0.021,0.006
skycell,"",460,1,1,4,0.015,0.006
skycell,"",461,1,0,3,0.016,0.005
skycell,"",462,1,1,4,0.015,0.006
skycell,"",463,1,0,6,0.021,0.006
skycell,"",464,1,1,4,0.015,0.006
skycell,"",465,1,0,6,0.022,0.007
skycell,"",466,1,1,4,0.016,0.006
skycell,"",467,1,0,6,0.021,0.006
skycell,"",468,1,2,4,0.018,0.008
skycell,"",469,1,0,3,0.018,0.006
skycell,"",470,1,1,7,0.027,0.009
skycell,"",471,1,0,3,0.018,0.005
skycell,"",472,1,1,4,0.021,0.006
skycell,"",473,1,0,3,0.02,0.006
skycell,"",474,1,1,4,0.015,0.006
skycell,"",475,1,0,3,0.015,0.005
skycell,"",476,1,1,4,0.015,0.007
skycell,"",477,1,0,3,0.015,0.004
skycell,"",478,1,1,4,0.015,0.006
skycell,"",479,1,0,3,0.015,0.005
skycell,"",480,1,1,4,0.016,0.005
skycell,"",481,1,0,7,0.022,0.007
skycell,"",482,1,1,4,0.015,0.007
skycell,"",483,1,0,6,0.021,0.006
skycell,"",484,1,1,4,0.016,0.006
skycell,"",485,1,0,3,0.015,0.004
skycell,"",486,1,1,4,0.015,0.006
skycell,"",487,1,0,3,0.015,0.005
skycell,"",488,1,1,4,0.015,0.006
skycell,"",489,1,0,6,0.021,0.006
skycell,"",490,1,1,4,0.015,0.006
skycell,"",491,1,0,4,0.015,0.006
skycell,"",492,1,1,4,0.015,0.008
skycell,"",493,1,0,3,0.015,0.006
skycell,"",494,1,1,4,0.015,0.006
skycell,"",495,1,0,3,0.015,0.005
skycell,"",496,1,1,7,0.021,0.01
skycell,"",497,1,0,3,0.015,0.005
skycell,"",498,1,1,4,0.016,0.005
skycell,"",499,1,0,3,0.016,0.007
skycell,"",500,1,1,7,0.022,0.008
skycell,"",501,1,0,3,0.015,0.005
skycell,"",502,1,1,4,0.016,0.006
skycell,"",503,1,0,3,0.015,0.006
skycell,"",504,1,1,7,0.021,0.008
skycell,"",505,1,0,3,0.02,0.005
skycell,"",506,1,2,8,0.021,0.012
skycell,"",507,1,0,3,0.015,0.006
skycell,"",508,1,1,4,0.015,0.006
skycell,"",509,1,0,3,0.018,0.006
skycell,"",510,1,1,4,0.015,0.008
skycell,"",511,1,0,3,0.015,0.004
skycell,"",512,1,1,4,0.015,0.006
skycell,"",513,1,0,6,0.021,0.007
skycell,"",514,1,1,4,0.015,0.008
skycell,"",515,1,0,6,0.021,0.008
skycell,"",516,1,1,4,0.015,0.006
skycell,"",517,1,0,3,0.016,0.005
skycell,"",518,1,1,4,0.015,0.008
skycell,"",519,1,0,3,0.015,0.005
skycell,"",520,1,1,4,0.015,0.006
skycell,"",521,1,0,3,0.015,0.005
skycell,"",522,1,1,4,0.015,0.007
skycell,"",523,1,0,6,0.021,0.006
skycell,"",524,1,1,4,0.015,0.008
skycell,"",525,1,0,4,0.015,0.006
skycell,"",526,1,1,4,0.015,0.007
skycell,"",527,1,0,3,0.015,0.005
skycell,"",528,1,1,4,0.015,0.006
skycell,"",529,1,0,3,0.015,0.004
skycell,"",530,1,1,4,0.017,0.007
skycell,"",531,1,0,3,0.015,0.004
skycell,"",532,1,1,4,0.015,0.006
skycell,"",533,1,0,3,0.015,0.004
skycell,"",534,1,1,7,0.021,0.009
skycell,"",535,1,0,4,0.015,0.006
skycell,"",536,1,1,4,0.015,0.006
skycell,"",537,1,0,3,0.015,0.005
skycell,"",538,1,1,4,0.015,0.006
skycell,"",539,1,0,3,0.015,0.005
skycell,"",540,1,1,4,0.015,0.006
skycell,"",541,1,0,6,0.021,0.007
skycell,"",542,1,1,4,0.015,0.007
skycell,"",543,1,0,3,0.015,0.004
skycell,"",544,1,1,4,0.015,0.006
skycell,"",545,1,0,3,0.015,0.005
skycell,"",546,1,1,4,0.015,0.005
skycell,"",547,1,0,3,0.015,0.006
skycell,"",548,1,1,5,0.015,0.009
skycell,"",549,1,0,3,0.015,0.004
skycell,"",550,1,1,4,0.015,0.006
skycell,"",551,1,0,3,0.015,0.006
skycell,"",552,1,1,7,0.032,0.007
skycell,"",553,1,0,7,0.021,0.008
skycell,"",554,1,1,4,0.015,0.007
skycell,"",555,1,0,3,0.015,0.005
skycell,"",556,1,1,4,0.015,0.007
skycell,"",557,1,0,3,0.015,0.005
skycell,"",558,1,1,4,0.015,0.007
skycell,"",559,1,0,6,0.021,0.009
skycell,"",560,1,1,4,0.019,0.007
skycell,"",561,1,0,6,0.022,0.006
skycell,"",562,1,1,5,0.015,0.007
skycell,"",563,1,0,6,0.021,0.006
skycell,"",564,1,1,4,0.016,0.006
skycell,"",565,1,0,3,0.015,0.005
skycell,"",566,1,1,4,0.015,0.006
skycell,"",567,1,0,3,0.016,0.004
skycell,"",568,1,1,4,0.015,0.005
skycell,"",569,1,0,6,0.021,0.006
skycell,"",570,1,1,4,0.015,0.007
skycell,"",571,1,0,3,0.017,0.006
skycell,"",572,1,13,7,0.016,0.02
skycell,"",573,1,0,3,0.015,0.004
skycell,"",574,1,1,7,0.021,0.008
skycell,"",575,1,0,3,0.015,0.004
skycell,"",576,1,1,4,0.015,0.005
skycell,"",577,1,0,4,0.018,0.006
skycell,"",578,1,2,5,0.015,0.008
skycell,"",579,1,0,3,0.016,0.004
skycell,"",580,1,1,4,0.015,0.006
skycell,"",581,1,0,6,0.021,0.007
skycell,"",582,1,1,8,0.025,0.011
skycell,"",583,1,0,6,0.021,0.007
skycell,"",584,1,1,4,0.015,0.006
skycell,"",585,1,0,3,0.015,0.005
skycell,"",586,1,1,4,0.015,0.007
skycell,"",587,1,0,3,0.015,0.004
skycell,"",588,1,1,4,0.015,0.006
skycell,"",589,1,0,3,0.015,0.005
skycell,"",590,1,1,4,0.015,0.006
skycell,"",591,1,0,3,0.015,0.005
skycell,"",592,1,1,4,0.016,0.008
skycell,"",593,1,0,3,0.015,0.004
skycell,"",594,1,1,4,0.015,0.006
skycell,"",595,1,0,3,0.015,0.004
skycell,"",596,1,1,4,0.015,0.015
skycell,"",597,1,0,6,0.021,0.007
skycell,"",598,1,1,4,0.015,0.006
skycell,"",599,1,0,3,0.016,0.004
skycell,"",600,1,1,4,0.016,0.005
skycell,"",601,1,0,3,0.016,0.004
skycell,"",602,1,1,4,0.015,0.005
skycell,"",603,1,0,4,0.02,0.006
skycell,"",604,1,2,10,0.028,0.009
skycell,"",605,1,0,3,0.015,0.004
skycell,"",606,1,18,9,0.015,0.042
skycell,"",607,1,0,6,0.021,0.006
skycell,"",608,1,1,7,0.021,0.008
skycell,"",609,1,0,3,0.015,0.005
skycell,"",610,1,1,4,0.015,0.005
skycell,"",611,1,0,6,0.022,0.006
skycell,"",612,1,1,7,0.021,0.008
skycell,"",613,1,0,3,0.015,0.004
skycell,"",614,1,1,4,0.016,0.006
skycell,"",615,1,0,3,0.015,0.004
skycell,"",616,1,1,4,0.015,0.005
skycell,"",617,1,0,3,0.015,0.004
skycell,"",618,1,1,4,0.018,0.007
skycell,"",619,1,0,3,0.015,0.004
skycell,"",620,1,1,4,0.015,0.006
skycell,"",621,1,0,3,0.015,0.004
skycell,"",622,1,1,7,0.022,0.008
skycell,"",623,1,0,6,0.021,0.006
skycell,"",624,1,1,4,0.015,0.007
skycell,"",625,1,0,3,0.015,0.005
skycell,"",626,1,1,4,0.016,0.005
skycell,"",627,1,0,6,0.021,0.006
skycell,"",628,1,1,4,0.015,0.006
skycell,"",629,1,0,3,0.015,0.004
skycell,"",630,1,1,4,0.015,0.006
skycell,"",631,1,0,6,0.021,0.007
skycell,"",632,1,1,4,0.016,0.007
skycell,"",633,1,0,3,0.015,0.004
skycell,"",634,1,1,7,0.022,0.007
skycell,"",635,1,0,6,0.021,0.006
skycell,"",636,1,1,4,0.015,0.005
skycell,"",637,1,1,7,0.022,0.007
skycell,"",638,1,1,4,0.015,0.006
skycell,"",639,1,0,6,0.021,0.006
skycell,"",640,1,1,4,0.015,0.006
skycell,"",641,1,0,6,0.022,0.006
skycell,"",642,1,1,4,0.015,0.006
skycell,"",643,1,0,6,0.021,0.006
skycell,"",644,1,1,4,0.015,0.005
skycell,"",645,1,0,3,0.018,0.005
skycell,"",646,1,1,4,0.015,0.006
skycell,"",647,1,0,7,0.021,0.008
skycell,"",648,1,1,4,0.016,0.006
skycell,"",649,1,0,3,0.017,0.006
skycell,"",650,1,1,4,0.015,0.006
skycell,"",651,1,0,6,0.021,0.006
skycell,"",652,1,1,4,0.015,0.006
skycell,"",653,1,0,3,0.015,0.004
skycell,"",654,1,1,4,0.015,0.005
skycell,"",655,1,0,4,0.016,0.006
skycell,"",656,1,1,4,0.015,0.006
skycell,"",657,1,0,3,0.015,0.005
skycell,"",658,1,11,8,0.021,0.016
skycell,"",659,1,0,6,0.021,0.006
skycell,"",660,1,1,7,0.022,0.008
skycell,"",661,1,0,3,0.016,0.004
skycell,"",662,1,1,4,0.016,0.006
skycell,"",663,1,0,3,0.015,0.004
skycell,"",664,1,1,4,0.015,0.006
skycell,"",665,1,0,3,0.015,0.004
skycell,"",666,1,1,7,0.022,0.008
skycell,"",667,1,0,4,0.016,0.006
skycell,"",668,1,1,4,0.015,0.005
skycell,"",669,1,0,3,0.014,0.004
skycell,"",670,1,1,7,0.022,0.008
skycell,"",671,1,0,3,0.015,0.004
skycell,"",672,1,2,6,0.015,0.014
skycell,"",673,1,0,4,0.016,0.005
skycell,"",674,1,1,4,0.015,0.006
skycell,"",675,1,0,6,0.028,0.008
skycell,"",676,1,1,7,0.052,0.021
skycell,"",677,1,0,3,0.021,0.008
skycell,"",678,1,1,4,0.018,0.009
skycell,"",679,1,0,4,0.03,0.012
skycell,"",680,1,1,4,0.021,0.011
skycell,"",681,1,0,3,0.018,0.007
skycell,"",682,1,1,7,0.026,0.011
skycell,"",683,1,0,3,0.017,0.006
skycell,"",684,1,1,4,0.017,0.007
skycell,"",685,1,0,3,0.023,0.008
skycell,"",686,1,1,4,0.016,0.006
skycell,"",687,1,0,3,0.017,0.005
skycell,"",688,1,11,6,0.02,0.021
skycell,"",689,1,0,4,0.018,0.007
skycell,"",690,1,1,4,0.017,0.006
skycell,"",691,1,0,3,0.016,0.005
skycell,"",692,1,1,4,0.016,0.009
skycell,"",693,1,0,6,0.023,0.008
skycell,"",694,1,1,7,0.024,0.009
skycell,"",695,1,0,3,0.017,0.006
skycell,"",696,1,1,7,0.025,0.009
skycell,"",697,1,0,6,0.024,0.007
skycell,"",698,1,1,4,0.018,0.007
skycell,"",699,1,0,6,0.023,0.007
skycell,"",700,1,1,4,0.017,0.007
skycell,"",701,1,0,3,0.017,0.006
skycell,"",702,1,2,4,0.017,0.008
skycell,"",703,1,0,3,0.017,0.005
skycell,"",704,1,1,4,0.017,0.007
skycell,"",705,1,0,6,0.023,0.007
skycell,"",706,1,1,4,0.022,0.009
skycell,"",707,1,0,4,0.017,0.008
skycell,"",708,1,1,4,0.017,0.009
skycell,"",709,1,0,4,0.017,0.009
skycell,"",710,1,1,7,0.024,0.011
skycell,"",711,1,0,3,0.017,0.007
skycell,"",712,1,1,4,0.017,0.008
skycell,"",713,1,0,6,0.026,0.008
skycell,"",714,1,1,7,0.024,0.01
skycell,"",715,1,0,3,0.021,0.006
skycell,"",716,1,1,7,0.023,0.011
skycell,"",717,1,0,3,0.017,0.005
skycell,"",718,1,1,4,0.017,0.008
skycell,"",719,1,0,3,0.02,0.005
skycell,"",720,1,1,7,0.023,0.012
skycell,"",721,1,0,6,0.023,0.007
skycell,"",722,1,1,4,0.017,0.007
skycell,"",723,1,0,3,0.016,0.006
skycell,"",724,1,1,4,0.017,0.007
skycell,"",725,1,0,3,0.021,0.007
skycell,"",726,1,1,5,0.017,0.008
skycell,"",727,1,0,4,0.016,0.009
skycell,"",728,1,1,4,0.017,0.009
skycell,"",729,1,0,3,0.016,0.006
skycell,"",730,1,1,4,0.016,0.006
skycell,"",731,1,0,6,0.023,0.007
skycell,"",732,1,1,7,0.023,0.009
skycell,"",733,1,0,7,0.023,0.009
skycell,"",734,1,1,4,0.016,0.007
skycell,"",735,1,0,3,0.016,0.006
skycell,"",736,1,1,8,0.025,0.011
skycell,"",737,1,0,3,0.02,0.007
skycell,"",738,1,1,4,0.02,0.007
skycell,"",739,1,0,6,0.023,0.007
skycell,"",740,1,1,7,0.022,0.008
skycell,"",741,1,0,4,0.017,0.007
skycell,"",742,1,1,4,0.034,0.008
skycell,"",743,1,0,3,0.016,0.005
skycell,"",744,1,1,4,0.016,0.011
skycell,"",745,1,0,3,0.016,0.005
skycell,"",746,1,1,4,0.018,0.007
skycell,"",747,1,0,4,0.019,0.008
skycell,"",748,1,1,4,0.016,0.008
skycell,"",749,1,0,6,0.024,0.009
skycell,"",750,1,1,4,0.016,0.008
skycell,"",751,1,0,3,0.027,0.007
skycell,"",752,1,1,4,0.016,0.006
skycell,"",753,1,0,3,0.017,0.006
skycell,"",754,1,1,4,0.016,0.007
skycell,"",755,1,0,3,0.016,0.006
skycell,"",756,1,2,4,0.017,0.006
skycell,"",757,1,0,3,0.016,0.005
skycell,"",758,1,1,4,0.016,0.007
skycell,"",759,1,0,6,0.022,0.007
skycell,"",760,1,1,7,0.023,0.008
skycell,"",761,1,0,3,0.016,0.005
skycell,"",762,1,1,4,0.016,0.008
skycell,"",763,1,0,3,0.016,0.007
skycell,"",764,1,1,4,0.016,0.007
skycell,"",765,1,0,6,0.028,0.009
skycell,"",766,1,1,4,0.021,0.009
skycell,"",767,1,0,3,0.021,0.006
skycell,"",768,1,1,4,0.016,0.007
skycell,"",769,1,0,3,0.016,0.005
skycell,"",770,1,3,12,0.023,0.035
skycell,"",771,1,0,3,0.02,0.012
skycell,"",772,1,1,4,0.016,0.006
skycell,"",773,1,0,3,0.016,0.006
skycell,"",774,1,1,4,0.02,0.008
skycell,"",775,1,0,3,0.017,0.006
skycell,"",776,1,1,4,0.015,0.008
skycell,"",777,1,0,3,0.018,0.006
skycell,"",778,1,1,4,0.016,0.008
skycell,"",779,1,0,6,0.023,0.007
skycell,"",780,1,1,7,0.024,0.009
skycell,"",781,1,0,3,0.02,0.006
skycell,"",782,1,1,4,0.017,0.007
skycell,"",783,1,0,7,0.025,0.009
skycell,"",784,1,1,4,0.016,0.008
skycell,"",785,1,0,3,0.02,0.005
skycell,"",786,1,1,4,0.016,0.008
skycell,"",787,1,0,3,0.018,0.007
skycell,"",788,1,1,4,0.017,0.006
skycell,"",789,1,0,3,0.016,0.004
skycell,"",790,1,1,4,0.016,0.007
skycell,"",791,1,0,6,0.037,0.009
skycell,"",792,1,1,7,0.023,0.008
skycell,"",793,1,0,6,0.023,0.007
skycell,"",794,1,1,7,0.028,0.01
skycell,"",795,1,0,3,0.018,0.007
skycell,"",796,1,1,4,0.017,0.006
skycell,"",797,1,0,3,0.017,0.005
skycell,"",798,1,1,4,0.016,0.006
skycell,"",799,1,0,6,0.022,0.007
skycell,"",800,1,1,4,0.015,0.006
skycell,"",801,1,0,4,0.016,0.006
skycell,"",802,2,2,8,0.021,0.011
skycell,"",803,1,0,3,0.02,0.006
skycell,"",804,1,1,4,0.019,0.009
skycell,"",805,1,0,3,0.017,0.006
skycell,"",806,4,2,8,0.026,0.012
skycell,"",807,1,0,4,0.017,0.006
skycell,"",808,1,3,15,0.033,0.018
skycell,"",809,1,0,7,0.022,0.009
skycell,"",810,1,1,5,0.016,0.011
skycell,"",811,1,1,4,0.016,0.007
skycell,"",812,1,1,7,0.022,0.009
skycell,"",813,1,0,4,0.016,0.007
skycell,"",814,1,1,4,0.015,0.007
skycell,"",815,1,0,7,0.025,0.009
skycell,"",816,1,2,4,0.017,0.015
skycell,"",817,1,0,6,0.021,0.007
skycell,"",818,1,1,4,0.016,0.007
skycell,"",819,1,0,4,0.015,0.007
skycell,"",820,2,4,12,0.029,0.017
skycell,"",821,1,0,4,0.015,0.007
skycell,"",822,1,199,36,0.022,0.173
skycell,"",823,1,0,7,0.028,0.009
skycell,"",824,1,2,4,0.018,0.008
skycell,"",825,1,0,4,0.015,0.006
skycell,"",826,1,1,4,0.015,0.006
skycell,"",827,1,0,8,0.022,0.011
skycell,"",828,1,1,4,0.017,0.008
skycell,"",829,1,1,8,0.023,0.012
skycell,"",830,1,2,8,0.024,0.012
skycell,"",831,1,1,4,0.015,0.006
skycell,"",832,1,1,4,0.028,0.008
skycell,"",833,1,0,4,0.015,0.006
skycell,"",834,1,1,4,0.016,0.007
skycell,"",835,1,0,3,0.017,0.005
skycell,"",836,3,8,8,0.024,0.016
skycell,"",837,1,0,4,0.017,0.007
skycell,"",838,1,1,4,0.019,0.009
skycell,"",839,1,0,4,0.016,0.006
skycell,"",840,1,2,7,0.023,0.009
skycell,"",841,1,0,6,0.022,0.006
skycell,"",842,1,1,4,0.016,0.008
skycell,"",843,1,0,4,0.016,0.006
skycell,"",844,1,1,4,0.016,0.007
skycell,"",845,1,0,4,0.016,0.006
skycell,"",846,1,1,4,0.016,0.006
skycell,"",847,1,0,4,0.017,0.006
skycell,"",848,1,1,4,0.019,0.007
skycell,"",849,1,0,4,0.019,0.008
skycell,"",850,1,1,4,0.016,0.006
skycell,"",851,1,0,4,0.017,0.007
skycell,"",852,2,2,4,0.02,0.01
skycell,"",853,1,0,4,0.017,0.009
skycell,"",854,1,2,8,0.024,0.013
skycell,"",855,1,0,4,0.018,0.009
skycell,"",856,1,3,8,0.023,0.012
skycell,"",857,1,0,4,0.016,0.006
skycell,"",858,1,8,4,0.015,0.008
skycell,"",859,1,0,4,0.016,0.006
skycell,"",860,1,1,4,0.018,0.009
skycell,"",861,1,0,4,0.016,0.007
skycell,"",862,1,3,8,0.029,0.015
skycell,"",863,1,0,4,0.016,0.007
skycell,"",864,1,359,39,0.023,0.216
skycell,"",865,1,0,3,0.016,0.005
skycell,"",866,1,2,8,0.027,0.014
skycell,"",867,1,0,4,0.016,0.006
skycell,"",868,1,2,5,0.017,0.012
skycell,"",869,1,0,4,0.016,0.006
skycell,"",870,1,1,4,0.015,0.006
skycell,"",871,1,0,3,0.015,0.004
skycell,"",872,2,3,15,0.035,0.017
skycell,"",873,1,0,4,0.016,0.006
skycell,"",874,4,5,4,0.016,0.011
skycell,"",875,1,0,3,0.015,0.005
skycell,"",876,1,3,4,0.016,0.007
skycell,"",877,1,0,3,0.015,0.005
skycell,"",878,1,1,4,0.085,0.017
skycell,"",879,1,0,4,0.084,0.015
skycell,"",880,1,1,4,0.023,0.008
skycell,"",881,1,0,3,0.026,0.01
skycell,"",882,1,1,4,0.024,0.012
skycell,"",883,1,0,7,0.031,0.015
skycell,"",884,1,3,5,0.019,0.011
skycell,"",885,1,1,8,0.025,0.016
skycell,"",886,2,4,7,0.026,0.012
skycell,"",887,1,0,4,0.019,0.009
skycell,"",888,1,1,4,0.017,0.008
skycell,"",889,1,0,4,0.019,0.009
skycell,"",890,1,2,4,0.017,0.01
skycell,"",891,1,3,4,0.019,0.011
skycell,"",892,1,1,4,0.019,0.009
skycell,"",893,3,3,9,0.027,0.018
skycell,"",894,1,2,4,0.017,0.009
skycell,"",895,1,0,4,0.023,0.009
skycell,"",896,1,1,4,0.017,0.009
skycell,"",897,1,0,4,0.02,0.009
skycell,"",898,1,2,8,0.032,0.015
skycell,"",899,1,0,4,0.018,0.009
skycell,"",900,1,1,8,0.023,0.015
skycell,"",901,1,0,4,0.017,0.008
skycell,"",902,2,3,8,0.025,0.014
skycell,"",903,1,0,8,0.025,0.013
skycell,"",904,1,2,15,0.036,0.022
skycell,"",905,1,0,3,0.016,0.007
skycell,"",906,2,4,4,0.024,0.012
skycell,"",907,1,1,4,0.017,0.007
skycell,"",908,1,3,4,0.017,0.009
skycell,"",909,1,0,4,0.021,0.007
skycell,"",910,1,5,4,0.018,0.01
skycell,"",911,1,0,6,0.023,0.008
skycell,"",912,1,1,7,0.021,0.009
skycell,"",913,1,0,4,0.015,0.007
skycell,"",914,1,1,4,0.015,0.009
skycell,"",915,1,0,4,0.016,0.009
skycell,"",916,1,1,4,0.017,0.009
skycell,"",917,1,0,3,0.037,0.01
skycell,"",918,1,1,7,0.03,0.015
skycell,"",919,1,0,4,0.016,0.007
skycell,"",920,1,1,4,0.026,0.006
skycell,"",921,1,0,6,0.021,0.009
skycell,"",922,1,1,4,0.015,0.008
skycell,"",923,1,0,13,0.03,0.011
skycell,"",924,1,4,4,0.017,0.01
skycell,"",925,1,0,6,0.02,0.008
skycell,"",926,1,2,7,0.02,0.009
skycell,"",927,1,0,4,0.014,0.008
skycell,"",928,1,48,16,0.022,0.06
skycell,"",929,1,0,4,0.014,0.007
skycell,"",930,1,4,8,0.021,0.012
skycell,"",931,1,0,3,0.014,0.005
skycell,"",932,2,2,4,0.015,0.009
skycell,"",933,1,2,7,0.019,0.009
skycell,"",934,2,2,8,0.02,0.01
skycell,"",935,1,0,4,0.014,0.006
skycell,"",936,1,5,5,0.014,0.01
skycell,"",937,1,2,4,0.021,0.01
skycell,"",938,1,1,4,0.014,0.007
skycell,"",939,1,0,7,0.02,0.007
skycell,"",940,1,2,4,0.014,0.008
skycell,"",941,1,0,3,0.014,0.005
skycell,"",942,4,4,7,0.023,0.01
skycell,"",943,1,0,7,0.021,0.008
skycell,"",944,1,1,7,0.022,0.007
skycell,"",945,1,0,4,0.015,0.006
skycell,"",946,3,4,8,0.023,0.013
skycell,"",947,1,0,4,0.016,0.007
skycell,"",948,2,2,5,0.018,0.011
skycell,"",949,1,0,8,0.023,0.009
skycell,"",950,1,1,4,0.015,0.006
skycell,"",951,1,0,4,0.021,0.008
skycell,"",952,1,1,4,0.016,0.008
skycell,"",953,1,0,8,0.022,0.012
skycell,"",954,1,1,4,0.017,0.008
skycell,"",955,1,0,4,0.015,0.007
skycell,"",956,1,1,5,0.016,0.014
skycell,"",957,1,0,4,0.015,0.007
skycell,"",958,1,1,4,0.015,0.007
skycell,"",959,1,0,8,0.027,0.011
skycell,"",960,1,1,7,0.022,0.008
skycell,"",961,1,0,7,0.021,0.007
skycell,"",962,1,2,4,0.02,0.009
skycell,"",963,1,0,8,0.021,0.011
skycell,"",964,2,3,8,0.023,0.013
skycell,"",965,1,0,3,0.015,0.004
skycell,"",966,1,1,4,0.015,0.006
skycell,"",967,1,0,6,0.026,0.006
skycell,"",968,1,2,4,0.021,0.007
skycell,"",969,1,0,4,0.015,0.008
skycell,"",970,1,18,5,0.018,0.018
skycell,"",971,2,2,5,0.017,0.01
skycell,"",972,1,2,4,0.015,0.008
skycell,"",973,1,0,7,0.022,0.007
skycell,"",974,2,3,4,0.018,0.009
skycell,"",975,1,0,6,0.022,0.007
skycell,"",976,1,3,4,0.016,0.007
skycell,"",977,1,1,4,0.016,0.006
skycell,"",978,1,1,7,0.021,0.009
skycell,"",979,1,0,4,0.015,0.016
skycell,"",980,1,1,4,0.016,0.008
skycell,"",981,1,0,3,0.014,0.005
skycell,"",982,5,7,5,0.015,0.01
skycell,"",983,1,0,8,0.023,0.011
skycell,"",984,1,2,4,0.015,0.008
skycell,"",985,1,0,4,0.018,0.007
skycell,"",986,2,5,5,0.018,0.013
skycell,"",987,1,0,6,0.02,0.008
skycell,"",988,1,1,4,0.017,0.007
skycell,"",989,1,0,3,0.019,0.005
skycell,"",990,1,6,6,0.015,0.018
skycell,"",991,1,0,8,0.021,0.012
skycell,"",992,2,1,8,0.024,0.012
skycell,"",993,1,0,3,0.015,0.007
skycell,"",994,2,1,8,0.022,0.012
skycell,"",995,1,0,4,0.015,0.006
skycell,"",996,1,5,8,0.023,0.016
skycell,"",997,1,0,3,0.015,0.004
skycell,"",998,4,5,4,0.015,0.008
skycell,"",999,1,0,4,0.015,0.006
skycell,"",1000,1,1,4,0.014,0.008
skycell,"",1001,1,0,4,0.015,0.009
skycell,"",1002,1,1,4,0.015,0.008
skycell,"",1003,1,0,7,0.021,0.009
skycell,"",1004,1,1,4,0.015,0.006
skycell,"",1005,1,0,8,0.025,0.019
skycell,"",1006,2,3,7,0.021,0.011
skycell,"",1007,1,1,7,0.022,0.009
skycell,"",1008,1,2,4,0.016,0.012
skycell,"",1009,1,0,4,0.015,0.009
skycell,"",1010,1,2,4,0.016,0.008
skycell,"",1011,1,0,6,0.021,0.007
skycell,"",1012,1,1,4,0.015,0.006
skycell,"",1013,1,1,5,0.016,0.01
skycell,"",1014,2,2,8,0.027,0.011
skycell,"",1015,1,0,4,0.015,0.006
skycell,"",1016,1,1,4,0.015,0.006
skycell,"",1017,1,0,7,0.021,0.007
skycell,"",1018,2,3,4,0.015,0.007
skycell,"",1019,1,0,3,0.015,0.005
skycell,"",1020,1,1,4,0.014,0.006
skycell,"",1021,1,0,4,0.015,0.007
skycell,"",1022,1,1,7,0.021,0.008
skycell,"",1023,1,0,3,0.015,0.004
skycell,"",1024,1,1,4,0.016,0.008
skycell,"",1025,1,0,4,0.014,0.006
skycell,"",1026,1,1,4,0.02,0.009
skycell,"",1027,1,0,9,0.022,0.015
skycell,"",1028,1,4,8,0.023,0.011
skycell,"",1029,1,0,4,0.015,0.008
skycell,"",1030,1,1,4,0.018,0.007
skycell,"",1031,1,0,7,0.022,0.009
skycell,"",1032,1,1,7,0.021,0.01
skycell,"",1033,1,0,4,0.015,0.006
skycell,"",1034,1,2,4,0.015,0.006
skycell,"",1035,1,0,3,0.015,0.008
skycell,"",1036,2,1,5,0.016,0.01
skycell,"",1037,1,0,4,0.015,0.007
skycell,"",1038,1,1,4,0.015,0.009
skycell,"",1039,1,0,4,0.014,0.008
skycell,"",1040,1,1,4,0.016,0.01
skycell,"",1041,1,0,7,0.022,0.01
skycell,"",1042,1,1,4,0.016,0.008
skycell,"",1043,1,0,3,0.014,0.005
skycell,"",1044,1,1,4,0.015,0.009
skycell,"",1045,1,1,7,0.021,0.014
skycell,"",1046,1,3,4,0.015,0.008
skycell,"",1047,1,0,4,0.016,0.007
skycell,"",1048,1,1,4,0.015,0.009
skycell,"",1049,1,0,4,0.015,0.008
skycell,"",1050,1,3,4,0.014,0.007
skycell,"",1051,1,0,4,0.019,0.005
skycell,"",1052,1,1,8,0.022,0.01
skycell,"",1053,1,0,7,0.024,0.011
skycell,"",1054,1,1,7,0.027,0.009
skycell,"",1055,1,0,4,0.019,0.007
skycell,"",1056,1,1,4,0.016,0.006
skycell,"",1057,1,0,4,0.015,0.007
skycell,"",1058,1,64,16,0.023,0.061
skycell,"",1059,1,0,4,0.016,0.007
skycell,"",1060,1,1,8,0.021,0.009
skycell,"",1061,1,0,7,0.035,0.01
skycell,"",1062,1,1,4,0.015,0.007
skycell,"",1063,1,0,4,0.015,0.007
skycell,"",1064,3,6,8,0.024,0.011
skycell,"",1065,1,2,4,0.017,0.007
skycell,"",1066,1,2,5,0.014,0.01
skycell,"",1067,1,0,7,0.021,0.009
skycell,"",1068,1,2,4,0.017,0.009
skycell,"",1069,1,0,4,0.016,0.006
skycell,"",1070,1,4,4,0.014,0.009
skycell,"",1071,1,0,4,0.015,0.006
skycell,"",1072,1,3,8,0.022,0.01
skycell,"",1073,1,0,7,0.021,0.008
skycell,"",1074,1,1,4,0.014,0.007
skycell,"",1075,1,0,4,0.016,0.007
skycell,"",1076,1,1,4,0.014,0.007
skycell,"",1077,1,0,4,0.015,0.006
skycell,"",1078,1,1,13,0.032,0.012
skycell,"",1079,1,1,4,0.014,0.007
skycell,"",1080,1,2,4,0.015,0.006
skycell,"",1081,1,0,4,0.015,0.006
skycell,"",1082,1,2,8,0.023,0.011
skycell,"",1083,1,0,4,0.015,0.006
skycell,"",1084,1,1,4,0.015,0.006
skycell,"",1085,1,0,3,0.015,0.005
skycell,"",1086,1,2,4,0.015,0.007
skycell,"",1087,1,0,10,0.03,0.011
skycell,"",1088,1,2,4,0.015,0.006
skycell,"",1089,1,0,4,0.015,0.005
skycell,"",1090,4,5,4,0.032,0.014
skycell,"",1091,1,0,7,0.024,0.009
skycell,"",1092,1,2,5,0.016,0.01
skycell,"",1093,1,0,6,0.021,0.007
skycell,"",1094,1,2,4,0.016,0.008
skycell,"",1095,1,0,4,0.014,0.005
skycell,"",1096,2,1,4,0.017,0.007
skycell,"",1097,1,0,4,0.015,0.006
skycell,"",1098,1,1,4,0.016,0.006
skycell,"",1099,1,1,4,0.014,0.006
skycell,"",1100,4,7,4,0.014,0.009
skycell,"",1101,3,1,4,0.016,0.006
skycell,"",1102,3,3,8,0.023,0.014
skycell,"",1103,6,11,15,0.035,0.016
skycell,"",1104,4,2,12,0.029,0.013
skycell,"",1105,4,1,7,0.023,0.009
skycell,"",1106,51,59,14,0.037,0.027
skycell,"",1107,3,3,4,0.015,0.008
skycell,"",1108,16,36,6,0.019,0.022
skycell,"",1109,3,3,4,0.016,0.008
skycell,"",1110,16,27,6,0.018,0.021
skycell,"",1111,7,3,13,0.034,0.012
skycell,"",1112,3,5,8,0.023,0.011
skycell,"",1113,3,2,4,0.017,0.006
skycell,"",1114,145,123,25,0.051,0.052
skycell,"",1115,3,4,4,0.018,0.008
skycell,"",1116,116,137,23,0.048,0.048
skycell,"",1117,10,11,4,0.016,0.009
skycell,"",1118,121,107,14,0.032,0.034
skycell,"",1119,14,14,6,0.02,0.023
skycell,"",1120,150,158,23,0.048,0.053
skycell,"",1121,7,2,14,0.034,0.014
skycell,"",1122,37,21,18,0.034,0.025
skycell,"",1123,3,2,4,0.018,0.008
skycell,"",1124,3,4,9,0.022,0.013
skycell,"",1125,4,3,8,0.022,0.012
skycell,"",1126,10,18,8,0.022,0.013
skycell,"",1127,3,3,8,0.022,0.012
skycell,"",1128,3,6,4,0.017,0.009
skycell,"",1129,8,21,9,0.033,0.019
skycell,"",1130,5,8,7,0.022,0.008
skycell,"",1131,3,2,4,0.016,0.008
skycell,"",1132,58,88,20,0.043,0.031
skycell,"",1133,20,15,12,0.029,0.019
skycell,"",1134,4,1,13,0.028,0.014
skycell,"",1135,4,3,4,0.017,0.009
skycell,"",1136,18,29,6,0.021,0.016
skycell,"",1137,3,0,9,0.022,0.013
skycell,"",1138,8,2,4,0.017,0.006
skycell,"",1139,3,1,4,0.022,0.007
skycell,"",1140,3,6,4,0.016,0.006
skycell,"",1141,6,8,4,0.018,0.009
skycell,"",1142,3,2,4,0.016,0.006
skycell,"",1143,12,4,8,0.024,0.012
skycell,"",1144,25,75,10,0.026,0.038
skycell,"",1145,3,4,4,0.017,0.008
skycell,"",1146,23,22,9,0.027,0.021
skycell,"",1147,5,2,4,0.028,0.006
skycell,"",1148,3,6,4,0.017,0.008
skycell,"",1149,5,9,8,0.022,0.011
skycell,"",1150,49,66,18,0.043,0.027
skycell,"",1151,3,1,4,0.017,0.008
skycell,"",1152,5,34,14,0.021,0.048
skycell,"",1153,3,4,5,0.017,0.011
skycell,"",1154,27,45,10,0.023,0.023
skycell,"",1155,13,3,7,0.024,0.009
skycell,"",1156,11,466,32,0.033,0.137
skycell,"",1157,8,1,15,0.032,0.013
skycell,"",1158,50,49,10,0.026,0.026
skycell,"",1159,3,2,8,0.023,0.009
skycell,"",1160,48,42,18,0.042,0.028
skycell,"",1161,5,4,4,0.023,0.008
skycell,"",1162,3,3,4,0.018,0.009
skycell,"",1163,3,6,8,0.023,0.014
skycell,"",1164,3,3,5,0.017,0.01
skycell,"",1165,11,12,8,0.022,0.014
skycell,"",1166,15,20,9,0.024,0.017
skycell,"",1167,3,4,4,0.016,0.009
skycell,"",1168,4,930,31,0.017,0.189
skycell,"",1169,29,46,10,0.025,0.026
skycell,"",1170,5,5,8,0.023,0.011
skycell,"",1171,4,1,4,0.017,0.007
skycell,"",1172,7,6,5,0.017,0.01
skycell,"",1173,3,3,8,0.023,0.012
skycell,"",1174,4,4,5,0.019,0.01
skycell,"",1175,3,1,4,0.017,0.009
skycell,"",1176,16,16,9,0.023,0.016
skycell,"",1177,3,2,5,0.017,0.009
skycell,"",1178,9,10,5,0.017,0.01
skycell,"",1179,2,4,4,0.015,0.007
skycell,"",1180,24,13,7,0.025,0.011
skycell,"",1181,3,2,6,0.016,0.013
skycell,"",1182,47,52,10,0.028,0.025
skycell,"",1183,7,7,8,0.022,0.013
skycell,"",1184,3,4,8,0.023,0.011
skycell,"",1185,10,1,4,0.019,0.006
skycell,"",1186,35,48,17,0.037,0.025
skycell,"",1187,3,3,8,0.023,0.01
skycell,"",1188,6,3,12,0.03,0.013
skycell,"",1189,3,3,4,0.021,0.009
skycell,"",1190,5,2,8,0.022,0.011
skycell,"",1191,3,1,4,0.016,0.007
skycell,"",1192,5,137,13,0.016,0.075
skycell,"",1193,3,2,5,0.016,0.008
skycell,"",1194,3,3,12,0.028,0.012
skycell,"",1195,3,2,9,0.023,0.014
skycell,"",1196,7,8,8,0.023,0.011
skycell,"",1197,3,1,5,0.019,0.009
skycell,"",1198,24,49,14,0.028,0.03
skycell,"",1199,3,4,5,0.017,0.009
skycell,"",1200,49,55,12,0.034,0.024
skycell,"",1201,3,2,8,0.023,0.013
skycell,"",1202,6,6,4,0.025,0.007
skycell,"",1203,47,48,10,0.029,0.021
skycell,"",1204,9,8,12,0.029,0.019
skycell,"",1205,3,0,4,0.018,0.006
skycell,"",1206,46,63,14,0.031,0.026
skycell,"",1207,4,8,5,0.017,0.016
skycell,"",1208,4,10,4,0.017,0.01
skycell,"",1209,3,2,7,0.021,0.008
skycell,"",1210,7,8,4,0.017,0.009
skycell,"",1211,3,0,8,0.022,0.012
skycell,"",1212,68,72,9,0.035,0.024
skycell,"",1213,3,2,8,0.023,0.01
skycell,"",1214,24,26,13,0.028,0.021
skycell,"",1215,4,1,5,0.018,0.009
skycell,"",1216,25,33,9,0.023,0.02
skycell,"",1217,3,2,4,0.016,0.008
skycell,"",1218,4,4,5,0.015,0.01
skycell,"",1219,3,5,4,0.018,0.007
skycell,"",1220,43,70,11,0.029,0.024
skycell,"",1221,3,0,5,0.017,0.008
skycell,"",1222,9,3834,52,0.024,0.357
skycell,"",1223,4,1,4,0.016,0.006
skycell,"",1224,5,5,12,0.029,0.012
skycell,"",1225,16,11,6,0.015,0.017
skycell,"",1226,8,3,11,0.029,0.01
skycell,"",1227,4,4,8,0.022,0.009
skycell,"",1228,5,1616,50,0.023,0.287
skycell,"",1229,7,11,9,0.022,0.014
skycell,"",1230,3,1,4,0.017,0.008
skycell,"",1231,5,1,5,0.016,0.007
skycell,"",1232,163,170,27,0.06,0.047
skycell,"",1233,3,2,5,0.017,0.008
skycell,"",1234,3,3,5,0.02,0.01
skycell,"",1235,3,2,4,0.016,0.008
skycell,"",1236,28,32,12,0.028,0.024
skycell,"",1237,3,2,4,0.017,0.007
skycell,"",1238,4,4,12,0.028,0.011
skycell,"",1239,3,6,6,0.017,0.01
skycell,"",1240,45,40,9,0.031,0.021
skycell,"",1241,5,3,8,0.023,0.01
skycell,"",1242,18,11,8,0.022,0.013
skycell,"",1243,51,51,17,0.038,0.026
skycell,"",1244,40,66,9,0.024,0.024
skycell,"",1245,3,1,8,0.023,0.009
skycell,"",1246,3,3,4,0.016,0.007
skycell,"",1247,5,0,8,0.023,0.009
skycell,"",1248,128,106,18,0.039,0.034
skycell,"",1249,16,11,5,0.019,0.012
skycell,"",1250,36,29,10,0.023,0.02
skycell,"",1251,3,2,7,0.023,0.008
skycell,"",1252,103,79,19,0.038,0.031
skycell,"",1253,3,4,10,0.029,0.01
skycell,"",1254,122,118,24,0.04,0.046
skycell,"",1255,35,47,12,0.026,0.028
skycell,"",1256,6,4009,52,0.023,0.362
skycell,"",1257,49,74,7,0.023,0.027
skycell,"",1258,3,4,5,0.016,0.009
skycell,"",1259,3,1,8,0.024,0.011
skycell,"",1260,8,5,16,0.04,0.014
skycell,"",1261,84,99,17,0.04,0.032
skycell,"",1262,136,140,17,0.042,0.035
skycell,"",1263,3,2,4,0.016,0.007
skycell,"",1264,66,74,11,0.027,0.028
skycell,"",1265,3,1,4,0.017,0.008
skycell,"",1266,24,21,16,0.034,0.019
skycell,"",1267,3,3,5,0.016,0.008
skycell,"",1268,3,3,5,0.017,0.013
skycell,"",1269,3,3,8,0.02,0.011
skycell,"",1270,13,22,6,0.017,0.02
skycell,"",1271,11,14,9,0.021,0.015
skycell,"",1272,15,19,8,0.024,0.012
skycell,"",1273,3,4,4,0.017,0.007
skycell,"",1274,9,730,39,0.034,0.155
skycell,"",1275,51,61,10,0.028,0.024
skycell,"",1276,4,3,8,0.022,0.01
skycell,"",1277,3,2,4,0.018,0.008
skycell,"",1278,137,139,18,0.039,0.038
skycell,"",1279,3,0,4,0.017,0.007
skycell,"",1280,127,87,9,0.029,0.026
skycell,"",1281,3,3,8,0.022,0.009
skycell,"",1282,52,77,10,0.027,0.028
skycell,"",1283,5,4,4,0.015,0.007
skycell,"",1284,23,47,15,0.03,0.027
skycell,"",1285,28,36,6,0.021,0.019
skycell,"",1286,3,2,4,0.017,0.007
skycell,"",1287,4,7,4,0.017,0.008
skycell,"",1288,3,4,4,0.016,0.008
skycell,"",1289,3,1,4,0.017,0.008
skycell,"",1290,150,175,23,0.048,0.048
skycell,"",1291,3,2,8,0.022,0.01
skycell,"",1292,76,65,17,0.038,0.027
skycell,"",1293,3,4,4,0.017,0.008
skycell,"",1294,51,59,12,0.035,0.022
skycell,"",1295,5,2,7,0.023,0.008
skycell,"",1296,6,5,5,0.017,0.008
skycell,"",1297,5,1,7,0.022,0.008
skycell,"",1298,5,9,12,0.028,0.013
skycell,"",1299,7,3,4,0.018,0.007
skycell,"",1300,60,81,10,0.028,0.031
skycell,"",1301,103,115,8,0.021,0.035
skycell,"",1302,569,528,37,0.076,0.094
skycell,"",1303,308,144,27,0.068,0.04
skycell,"",1304,677,1562,68,0.08,0.243
skycell,"",1305,64,53,13,0.035,0.02
skycell,"",1306,1161,1632,72,0.115,0.234
skycell,"",1307,139,103,21,0.052,0.034
skycell,"",1308,124,85,21,0.048,0.032
skycell,"",1309,72,72,18,0.042,0.025
skycell,"",1310,86,68,6,0.024,0.025
skycell,"",1311,72,63,12,0.039,0.022
skycell,"",1312,69,66,17,0.04,0.025
skycell,"",1313,95,51,17,0.041,0.023
skycell,"",1314,88,69,20,0.046,0.027
skycell,"",1315,409,475,34,0.058,0.084
skycell,"",1316,690,397,40,0.079,0.077
skycell,"",1317,68,71,17,0.04,0.027
skycell,"",1318,747,800,50,0.079,0.139
skycell,"",1319,61,64,18,0.039,0.032
skycell,"",1320,79,73,25,0.054,0.037
skycell,"",1321,180,75,23,0.056,0.027
skycell,"",1322,131,69,19,0.046,0.025
skycell,"",1323,87,77,10,0.031,0.025
skycell,"",1324,2173,2294,89,0.142,0.3
skycell,"",1325,76,84,18,0.046,0.034
skycell,"",1326,561,752,46,0.08,0.129
skycell,"",1327,84,72,13,0.034,0.028
skycell,"",1328,618,879,42,0.072,0.134
skycell,"",1329,87,81,18,0.038,0.032
skycell,"",1330,1667,1598,58,0.093,0.216
skycell,"",1331,72,61,19,0.04,0.031
skycell,"",1332,68,69,19,0.04,0.028
skycell,"",1333,69,67,6,0.023,0.025
skycell,"",1334,671,736,43,0.089,0.118
skycell,"",1335,263,311,27,0.059,0.066
skycell,"",1336,655,1019,43,0.065,0.159
skycell,"",1337,87,81,13,0.037,0.026
skycell,"",1338,864,1099,63,0.109,0.17
skycell,"",1339,121,122,10,0.034,0.031
skycell,"",1340,675,1284,54,0.074,0.189
skycell,"",1341,81,56,11,0.03,0.026
skycell,"",1342,78,65,19,0.041,0.033
skycell,"",1343,79,61,6,0.025,0.026
skycell,"",1344,69,57,14,0.034,0.025
skycell,"",1345,74,63,20,0.045,0.026
skycell,"",1346,718,553,47,0.087,0.108
skycell,"",1347,75,68,10,0.026,0.027
skycell,"",1348,97,63,21,0.047,0.031
skycell,"",1349,112,216,23,0.042,0.064
skycell,"",1350,71,75,17,0.04,0.027
skycell,"",1351,99,69,24,0.052,0.028
skycell,"",1352,123,157,17,0.046,0.04
skycell,"",1353,249,211,25,0.051,0.05
skycell,"",1354,106,136,11,0.031,0.036
skycell,"",1355,93,47,17,0.043,0.023
skycell,"",1356,289,660,35,0.06,0.118
skycell,"",1357,64,70,18,0.04,0.03
skycell,"",1358,63,66,6,0.02,0.027
skycell,"",1359,169,68,27,0.06,0.028
skycell,"",1360,582,674,47,0.085,0.113
skycell,"",1361,64,67,22,0.046,0.03
skycell,"",1362,65,61,17,0.036,0.029
skycell,"",1363,77,60,11,0.029,0.027
skycell,"",1364,2637,2512,85,0.132,0.307
skycell,"",1365,62,65,19,0.037,0.026
skycell,"",1366,69,65,12,0.032,0.04
skycell,"",1367,90,60,6,0.022,0.023
skycell,"",1368,73,60,19,0.038,0.03
skycell,"",1369,185,163,18,0.037,0.044
skycell,"",1370,3873,4069,131,0.195,0.465
skycell,"",1371,70,77,14,0.039,0.026
skycell,"",1372,388,601,31,0.048,0.111
skycell,"",1373,72,49,17,0.038,0.028
skycell,"",1374,86,70,13,0.041,0.025
skycell,"",1375,79,73,18,0.037,0.028
skycell,"",1376,532,495,46,0.084,0.094
skycell,"",1377,72,63,13,0.035,0.026
skycell,"",1378,1285,1356,67,0.116,0.193
skycell,"",1379,109,79,14,0.036,0.026
skycell,"",1380,1265,1572,62,0.097,0.202
skycell,"",1381,193,47,29,0.061,0.03
skycell,"",1382,71,75,26,0.054,0.032
skycell,"",1383,94,65,10,0.03,0.023
skycell,"",1384,82,77,12,0.03,0.028
skycell,"",1385,1151,1227,65,0.13,0.185
skycell,"",1386,1237,1589,52,0.102,0.199
skycell,"",1387,61,79,10,0.03,0.026
skycell,"",1388,756,898,47,0.084,0.14
skycell,"",1389,77,69,19,0.043,0.036
skycell,"",1390,486,710,40,0.06,0.122
skycell,"",1391,66,77,13,0.034,0.026
skycell,"",1392,64,67,7,0.019,0.026
skycell,"",1393,63,66,14,0.038,0.032
skycell,"",1394,3566,3504,121,0.169,0.446
skycell,"",1395,66,64,15,0.035,0.031
skycell,"",1396,2912,3600,112,0.141,0.475
skycell,"",1397,194,59,13,0.039,0.044
skycell,"",1398,3022,2926,98,0.138,0.379
skycell,"",1399,126,66,19,0.061,0.036
skycell,"",1400,3806,4002,136,0.204,0.528
skycell,"",1401,716,297,40,0.091,0.064
skycell,"",1402,264,254,21,0.046,0.061
skycell,"",1403,305,324,35,0.068,0.068
skycell,"",1404,1094,1369,67,0.094,0.224
skycell,"",1405,314,265,33,0.071,0.061
skycell,"",1406,1124,1108,60,0.12,0.169
skycell,"",1407,258,276,28,0.062,0.063
skycell,"",1408,4407,4152,143,0.194,0.509
q3c,"",1,1,0,300,1.358,0.31
q3c,"",2,1,1,301,1.374,0.219
q3c,"",3,1,0,300,1.491,0.178
q3c,"",4,1,1,301,1.22,0.186
q3c,"",5,1,0,300,1.406,0.196
q3c,"",6,1,1,301,1.285,0.187
q3c,"",7,1,0,300,1.117,0.14
q3c,"",8,1,1,301,1.18,0.157
q3c,"",9,1,0,300,1.375,0.149
q3c,"",10,1,1,301,1.227,0.146
q3c,"",11,1,0,300,1.314,0.145
q3c,"",12,1,1,301,1.24,0.175
q3c,"",13,1,0,300,1.247,0.156
q3c,"",14,1,1,301,1.18,0.19
q3c,"",15,1,0,300,1.145,0.142
q3c,"",16,1,1,301,1.214,0.151
q3c,"",17,1,0,300,1.319,0.171
q3c,"",18,1,1,301,1.313,0.169
q3c,"",19,1,0,300,1.209,0.138
q3c,"",20,1,1,301,1.177,0.136
q3c,"",21,1,0,300,1.238,0.143
q3c,"",22,1,1,301,1.121,0.141
q3c,"",23,1,0,300,2.626,0.267
q3c,"",24,1,1,301,1.189,0.165
q3c,"",25,1,0,300,1.169,0.143
q3c,"",26,1,1,301,1.216,0.155
q3c,"",27,1,0,300,1.232,0.148
q3c,"",28,1,1,301,1.336,0.155
q3c,"",29,1,0,300,1.988,0.189
q3c,"",30,1,1,301,1.988,0.199
q3c,"",31,1,0,300,1.52,0.207
q3c,"",32,1,1,301,1.337,0.201
q3c,"",33,1,0,300,1.785,0.181
q3c,"",34,1,1,301,1.21,0.157
q3c,"",35,1,0,300,1.231,0.143
q3c,"",36,1,1,301,1.205,0.175
q3c,"",37,1,0,300,1.197,0.164
q3c,"",38,1,1,301,1.208,0.145
q3c,"",39,1,0,300,1.252,0.139
q3c,"",40,1,1,301,1.206,0.142
q3c,"",41,1,0,300,1.276,0.136
q3c,"",42,1,1,301,1.279,0.139
q3c,"",43,1,0,300,1.23,0.144
q3c,"",44,1,1,301,1.299,0.149
q3c,"",45,1,0,300,1.187,0.133
q3c,"",46,1,1,301,1.183,0.118
q3c,"",47,1,0,300,1.404,0.223
q3c,"",48,1,1,301,1.23,0.162
q3c,"",49,1,0,300,1.376,0.166
q3c,"",50,1,1,301,1.328,0.175
q3c,"",51,1,0,300,1.952,0.241
q3c,"",52,1,1,301,1.371,0.16
q3c,"",53,1,0,300,1.256,0.133
q3c,"",54,1,1,301,1.333,0.148
q3c,"",55,1,0,300,2.21,0.178
q3c,"",56,1,1,301,1.307,0.171
q3c,"",57,1,0,300,1.381,0.164
q3c,"",58,1,1,301,1.283,0.184
q3c,"",59,1,0,300,1.333,0.177
q3c,"",60,1,1,301,1.247,0.149
q3c,"",61,1,0,300,1.387,0.146
q3c,"",62,1,1,301,1.271,0.153
q3c,"",63,1,0,300,1.249,0.138
q3c,"",64,1,1,301,1.321,0.129
q3c,"",65,1,0,300,1.676,0.263
q3c,"",66,1,1,301,1.249,0.156
q3c,"",67,1,0,300,1.385,0.165
q3c,"",68,1,1,301,1.787,0.323
q3c,"",69,1,0,300,2.131,0.201
q3c,"",70,1,1,301,3.314,0.206
q3c,"",71,1,0,300,1.289,0.203
q3c,"",72,1,1,301,1.486,0.161
q3c,"",73,1,0,300,2.307,0.181
q3c,"",74,1,1,301,1.376,0.174
q3c,"",75,1,0,300,1.398,0.168
q3c,"",76,1,1,301,1.337,0.186
q3c,"",77,1,0,300,1.47,0.188
q3c,"",78,1,1,301,1.36,0.2
q3c,"",79,1,0,300,1.314,0.175
q3c,"",80,1,1,301,1.231,0.175
q3c,"",81,1,0,300,1.278,0.16
q3c,"",82,1,1,301,1.295,0.164
q3c,"",83,1,0,300,1.243,0.172
q3c,"",84,1,1,301,1.371,0.161
q3c,"",85,1,0,300,1.424,0.168
q3c,"",86,1,1,301,1.4,0.163
q3c,"",87,1,0,300,1.356,0.145
q3c,"",88,1,1,301,1.324,0.171
q3c,"",89,1,0,300,1.288,0.165
q3c,"",90,1,1,301,1.542,0.181
q3c,"",91,1,0,300,1.361,0.171
q3c,"",92,1,1,301,1.434,0.179
q3c,"",93,1,0,300,1.359,0.167
q3c,"",94,1,1,301,1.36,0.192
q3c,"",95,1,0,300,1.261,0.206
q3c,"",96,1,1,301,1.209,0.179
q3c,"",97,1,0,300,1.278,0.153
q3c,"",98,1,1,301,1.311,0.175
q3c,"",99,1,0,300,1.252,0.157
q3c,"",100,1,1,301,1.323,0.167
q3c,"",101,1,0,300,1.32,0.145
q3c,"",102,1,1,301,1.313,0.16
q3c,"",103,1,0,300,1.266,0.156
q3c,"",104,1,1,301,1.398,0.155
q3c,"",105,1,0,300,1.334,0.156
q3c,"",106,1,1,301,1.308,0.17
q3c,"",107,1,0,300,1.456,0.16
q3c,"",108,1,1,301,1.27,0.166
q3c,"",109,1,0,300,1.506,0.161
q3c,"",110,1,1,301,1.288,0.151
q3c,"",111,1,0,300,1.308,0.159
q3c,"",112,1,1,301,1.241,0.143
q3c,"",113,1,0,300,1.446,0.163
q3c,"",114,1,1,301,1.251,0.15
q3c,"",115,1,0,300,1.221,0.155
q3c,"",116,1,1,301,1.529,0.167
q3c,"",117,1,0,300,1.299,0.137
q3c,"",118,1,1,301,1.332,0.192
q3c,"",119,1,0,300,1.306,0.165
q3c,"",120,1,1,301,1.277,0.156
q3c,"",121,1,0,300,1.305,0.146
q3c,"",122,1,1,301,1.207,0.161
q3c,"",123,1,0,300,1.24,0.139
q3c,"",124,1,1,301,1.246,0.154
q3c,"",125,1,0,300,1.373,0.153
q3c,"",126,1,1,301,1.145,0.139
q3c,"",127,1,0,300,1.148,0.13
q3c,"",128,1,1,301,1.19,0.142
q3c,"",129,1,0,300,1.308,0.128
q3c,"",130,1,1,301,1.435,0.146
q3c,"",131,1,0,300,1.24,0.141
q3c,"",132,1,1,301,1.294,0.134
q3c,"",133,1,0,300,1.3,0.128
q3c,"",134,1,1,301,1.338,0.132
q3c,"",135,1,0,300,1.204,0.125
q3c,"",136,1,1,301,1.117,0.142
q3c,"",137,1,0,300,1.298,0.134
q3c,"",138,1,1,301,1.321,0.153
q3c,"",139,1,0,300,1.347,0.143
q3c,"",140,1,1,301,1.182,0.139
q3c,"",141,1,0,300,1.209,0.128
q3c,"",142,1,1,301,1.25,0.131
q3c,"",143,1,0,300,1.225,0.131
q3c,"",144,1,1,301,1.213,0.135
q3c,"",145,1,0,300,1.195,0.134
q3c,"",146,1,1,301,1.172,0.124
q3c,"",147,1,0,300,1.203,0.128
q3c,"",148,1,1,301,1.176,0.129
q3c,"",149,1,0,300,1.284,0.127
q3c,"",150,1,1,301,1.224,0.139
q3c,"",151,1,0,300,1.306,0.145
q3c,"",152,1,1,301,1.225,0.149
q3c,"",153,1,0,300,1.17,0.141
q3c,"",154,1,1,301,1.215,0.131
q3c,"",155,1,0,300,1.229,0.132
q3c,"",156,1,1,301,1.193,0.132
q3c,"",157,1,0,300,1.169,0.129
q3c,"",158,1,1,301,1.17,0.138
q3c,"",159,1,0,300,1.151,0.132
q3c,"",160,1,1,301,1.186,0.137
q3c,"",161,1,0,300,1.245,0.135
q3c,"",162,1,1,301,1.166,0.126
q3c,"",163,1,0,300,1.148,0.127
q3c,"",164,1,1,302,1.231,0.146
q3c,"",165,1,0,300,1.135,0.123
q3c,"",166,1,1,301,1.219,0.134
q3c,"",167,1,0,300,1.14,0.126
q3c,"",168,1,1,301,1.288,0.129
q3c,"",169,1,0,300,1.158,0.12
q3c,"",170,1,1,301,1.258,0.125
q3c,"",171,1,0,300,1.267,0.12
q3c,"",172,1,1,301,1.246,0.143
q3c,"",173,1,0,300,1.4,0.135
q3c,"",174,1,1,301,1.184,0.149
q3c,"",175,1,0,300,1.284,0.12
q3c,"",176,1,1,301,1.184,0.128
q3c,"",177,1,0,300,1.157,0.144
q3c,"",178,1,1,301,1.157,0.148
q3c,"",179,1,0,300,1.318,0.152
q3c,"",180,1,1,301,1.152,0.132
q3c,"",181,1,0,300,1.281,0.146
q3c,"",182,1,1,301,1.141,0.141
q3c,"",183,1,0,300,1.265,0.136
q3c,"",184,1,1,301,1.196,0.124
q3c,"",185,1,0,300,1.121,0.128
q3c,"",186,1,1,301,1.323,0.147
q3c,"",187,1,0,300,1.232,0.126
q3c,"",188,1,1,301,1.148,0.143
q3c,"",189,1,0,300,1.195,0.145
q3c,"",190,1,1,301,1.278,0.155
q3c,"",191,1,0,300,1.171,0.152
q3c,"",192,1,1,301,1.258,0.158
q3c,"",193,1,0,300,1.17,0.146
q3c,"",194,1,1,301,1.116,0.146
q3c,"",195,1,0,300,1.147,0.143
q3c,"",196,1,1,301,1.149,0.124
q3c,"",197,1,0,300,1.123,0.119
q3c,"",198,1,1,301,1.165,0.139
q3c,"",199,1,0,300,1.254,0.132
q3c,"",200,1,1,301,1.159,0.129
q3c,"",201,1,0,300,1.229,0.13
q3c,"",202,1,1,301,1.284,0.165
q3c,"",203,1,0,300,1.267,0.144
q3c,"",204,1,1,301,1.278,0.133
q3c,"",205,1,0,300,1.28,0.126
q3c,"",206,1,1,301,1.27,0.138
q3c,"",207,1,0,300,1.251,0.139
q3c,"",208,1,1,301,1.343,0.15
q3c,"",209,1,0,300,1.117,0.14
q3c,"",210,1,1,301,1.225,0.131
q3c,"",211,1,0,300,1.158,0.134
q3c,"",212,1,1,301,1.203,0.136
q3c,"",213,1,0,300,1.257,0.131
q3c,"",214,1,1,301,1.337,0.16
q3c,"",215,1,0,300,1.476,0.14
q3c,"",216,1,1,301,1.174,0.141
q3c,"",217,1,0,300,1.283,0.14
q3c,"",218,1,1,301,1.208,0.138
q3c,"",219,1,0,300,1.31,0.13
q3c,"",220,1,1,301,1.207,0.165
q3c,"",221,1,0,300,1.252,0.128
q3c,"",222,1,1,301,1.206,0.148
q3c,"",223,1,0,300,1.156,0.13
q3c,"",224,1,1,301,1.2,0.133
q3c,"",225,1,0,300,1.293,0.152
q3c,"",226,1,1,301,1.295,0.136
q3c,"",227,1,0,300,1.182,0.142
q3c,"",228,1,1,301,1.155,0.139
q3c,"",229,1,0,300,1.205,0.143
q3c,"",230,1,1,301,1.374,0.164
q3c,"",231,1,0,300,1.191,0.145
q3c,"",232,1,1,301,1.202,0.155
q3c,"",233,1,0,300,1.187,0.146
q3c,"",234,1,1,301,1.28,0.129
q3c,"",235,1,0,300,1.143,0.119
q3c,"",236,1,1,301,1.2,0.169
q3c,"",237,1,0,300,1.283,0.131
q3c,"",238,1,1,301,1.301,0.166
q3c,"",239,1,0,300,1.242,0.159
q3c,"",240,1,1,301,1.212,0.149
q3c,"",241,1,0,300,1.317,0.142
q3c,"",242,1,1,301,1.175,0.14
q3c,"",243,1,0,300,1.311,0.132
q3c,"",244,1,1,301,1.31,0.151
q3c,"",245,1,0,300,1.248,0.139
q3c,"",246,1,1,301,1.152,0.148
q3c,"",247,1,0,300,1.189,0.14
q3c,"",248,1,1,301,1.26,0.145
q3c,"",249,1,0,300,1.193,0.134
q3c,"",250,1,1,301,1.109,0.143
q3c,"",251,1,0,300,1.206,0.143
q3c,"",252,1,1,301,1.305,0.145
q3c,"",253,1,0,300,1.122,0.134
q3c,"",254,1,1,301,1.31,0.145
q3c,"",255,1,0,300,1.223,0.139
q3c,"",256,1,1,301,1.164,0.162
q3c,"",257,1,0,300,1.294,0.127
q3c,"",258,1,1,301,1.171,0.132
q3c,"",259,1,0,300,1.167,0.129
q3c,"",260,1,1,301,1.221,0.143
q3c,"",261,1,0,300,1.249,0.142
q3c,"",262,1,1,301,1.288,0.17
q3c,"",263,1,0,300,1.322,0.138
q3c,"",264,1,1,301,1.357,0.156
q3c,"",265,1,0,300,1.396,0.156
q3c,"",266,1,1,301,1.223,0.132
q3c,"",267,1,0,300,1.169,0.144
q3c,"",268,1,1,301,1.159,0.142
q3c,"",269,1,0,300,1.262,0.146
q3c,"",270,1,1,301,1.283,0.153
q3c,"",271,1,0,300,1.281,0.141
q3c,"",272,1,1,301,1.397,0.157
q3c,"",273,1,0,300,1.245,0.141
q3c,"",274,1,1,301,1.696,0.184
q3c,"",275,1,0,300,1.184,0.131
q3c,"",276,1,1,301,1.183,0.142
q3c,"",277,1,0,300,1.21,0.141
q3c,"",278,1,1,301,1.122,0.137
q3c,"",279,1,0,300,1.179,0.137
q3c,"",280,1,1,301,1.233,0.152
q3c,"",281,1,0,300,1.284,0.147
q3c,"",282,1,1,301,1.285,0.173
q3c,"",283,1,0,300,1.355,0.14
q3c,"",284,1,1,301,1.144,0.138
q3c,"",285,1,0,300,1.414,0.175
q3c,"",286,1,1,301,1.202,0.14
q3c,"",287,1,0,300,1.341,0.135
q3c,"",288,1,1,301,1.308,0.147
q3c,"",289,1,0,300,1.363,0.146
q3c,"",290,1,1,301,1.266,0.179
q3c,"",291,1,0,300,1.523,0.218
q3c,"",292,1,1,301,1.656,0.239
q3c,"",293,1,0,300,1.731,0.18
q3c,"",294,1,1,301,1.653,0.161
q3c,"",295,1,0,300,1.25,0.158
q3c,"",296,1,1,301,1.267,0.163
q3c,"",297,1,0,300,1.203,0.168
q3c,"",298,1,1,301,1.344,0.172
q3c,"",299,1,0,300,1.283,0.155
q3c,"",300,1,1,301,1.217,0.131
q3c,"",301,1,0,300,1.224,0.151
q3c,"",302,1,1,301,1.214,0.164
q3c,"",303,1,0,300,1.241,0.135
q3c,"",304,1,1,301,1.15,0.144
q3c,"",305,1,0,300,1.241,0.143
q3c,"",306,1,1,301,1.199,0.162
q3c,"",307,1,0,300,1.748,0.185
q3c,"",308,1,1,301,1.351,0.155
q3c,"",309,1,0,300,1.151,0.151
q3c,"",310,1,1,301,1.203,0.141
q3c,"",311,1,0,300,1.198,0.122
q3c,"",312,1,1,301,1.199,0.123
q3c,"",313,1,0,300,1.309,0.134
q3c,"",314,1,1,301,1.212,0.139
q3c,"",315,1,0,300,1.272,0.127
q3c,"",316,1,1,301,1.34,0.151
q3c,"",317,1,0,300,1.309,0.13
q3c,"",318,1,1,301,1.393,0.148
q3c,"",319,1,0,300,1.303,0.128
q3c,"",320,1,1,301,1.268,0.145
q3c,"",321,1,0,300,1.239,0.144
q3c,"",322,1,1,301,1.222,0.145
q3c,"",323,1,0,300,1.236,0.141
q3c,"",324,1,1,301,1.19,0.147
q3c,"",325,1,0,300,2.701,0.222
q3c,"",326,1,1,301,1.205,0.142
q3c,"",327,1,0,300,1.322,0.135
q3c,"",328,1,1,301,1.277,0.162
q3c,"",329,1,0,300,1.163,0.146
q3c,"",330,1,1,301,1.29,0.151
q3c,"",331,1,0,300,1.21,0.139
q3c,"",332,1,1,301,1.315,0.155
q3c,"",333,1,0,300,1.315,0.144
q3c,"",334,1,1,301,1.247,0.144
q3c,"",335,1,0,300,1.346,0.164
q3c,"",336,1,1,301,1.227,0.144
q3c,"",337,1,0,300,1.224,0.148
q3c,"",338,1,1,301,1.203,0.137
q3c,"",339,1,0,300,1.323,0.148
q3c,"",340,1,1,301,1.334,0.156
q3c,"",341,1,0,300,1.345,0.153
q3c,"",342,1,1,301,1.203,0.146
q3c,"",343,1,0,300,1.219,0.149
q3c,"",344,1,1,301,1.179,0.169
q3c,"",345,1,0,300,1.328,0.136
q3c,"",346,1,1,301,1.14,0.147
q3c,"",347,1,0,300,1.186,0.136
q3c,"",348,1,1,301,1.201,0.139
q3c,"",349,1,0,300,1.2,0.141
q3c,"",350,1,1,301,1.277,0.146
q3c,"",351,1,0,300,1.508,0.161
q3c,"",352,1,1,301,1.339,0.189
q3c,"",353,1,0,300,1.436,0.166
q3c,"",354,1,1,301,1.467,0.163
q3c,"",355,1,0,300,1.437,0.151
q3c,"",356,1,1,301,1.239,0.152
q3c,"",357,1,0,300,1.196,0.185
q3c,"",358,1,1,301,1.367,0.158
q3c,"",359,1,0,300,1.213,0.137
q3c,"",360,1,1,301,1.183,0.14
q3c,"",361,1,0,300,1.234,0.137
q3c,"",362,1,1,301,1.183,0.138
q3c,"",363,1,0,300,1.102,0.133
q3c,"",364,1,1,301,1.19,0.133
q3c,"",365,1,0,300,1.231,0.133
q3c,"",366,1,1,301,1.333,0.138
q3c,"",367,1,0,300,1.175,0.129
q3c,"",368,1,1,301,1.202,0.142
q3c,"",369,1,0,300,1.182,0.141
q3c,"",370,1,1,301,1.164,0.141
q3c,"",371,1,0,300,1.149,0.134
q3c,"",372,1,1,301,1.159,0.136
q3c,"",373,1,0,300,1.189,0.128
q3c,"",374,1,1,301,1.157,0.119
q3c,"",375,1,0,300,1.139,0.128
q3c,"",376,1,1,301,1.641,0.309
q3c,"",377,1,0,300,1.248,0.133
q3c,"",378,1,1,301,1.205,0.142
q3c,"",379,1,0,300,1.175,0.133
q3c,"",380,1,1,301,1.175,0.125
q3c,"",381,1,0,300,1.173,0.127
q3c,"",382,1,1,301,1.232,0.131
q3c,"",383,1,0,300,1.133,0.132
q3c,"",384,1,1,301,1.235,0.13
q3c,"",385,1,0,300,1.335,0.142
q3c,"",386,1,1,301,1.31,0.141
q3c,"",387,1,0,300,1.194,0.135
q3c,"",388,1,1,301,1.173,0.124
q3c,"",389,1,0,300,1.244,0.131
q3c,"",390,1,1,301,1.202,0.13
q3c,"",391,1,0,300,1.275,0.129
q3c,"",392,1,1,301,1.181,0.136
q3c,"",393,1,0,300,1.278,0.134
q3c,"",394,1,1,301,1.208,0.133
q3c,"",395,1,0,300,1.2,0.13
q3c,"",396,1,1,301,1.311,0.144
q3c,"",397,1,0,300,1.27,0.135
q3c,"",398,1,1,301,1.222,0.142
q3c,"",399,1,0,300,1.16,0.133
q3c,"",400,1,1,301,1.179,0.133
q3c,"",401,1,0,300,1.146,0.133
q3c,"",402,1,1,301,1.248,0.129
q3c,"",403,1,0,300,1.127,0.136
q3c,"",404,1,1,301,1.244,0.125
q3c,"",405,1,0,300,1.13,0.13
q3c,"",406,1,1,301,1.256,0.13
q3c,"",407,1,0,300,1.157,0.129
q3c,"",408,1,1,301,1.229,0.123
q3c,"",409,1,0,300,1.244,0.13
q3c,"",410,1,1,301,1.178,0.148
q3c,"",411,1,0,300,1.171,0.122
q3c,"",412,1,1,301,1.112,0.131
q3c,"",413,1,0,300,1.236,0.127
q3c,"",414,1,1,301,1.16,0.134
q3c,"",415,1,0,300,1.161,0.118
q3c,"",416,1,1,301,1.341,0.142
q3c,"",417,1,0,301,1.277,0.131
q3c,"",418,1,1,301,1.243,0.135
q3c,"",419,1,0,300,1.28,0.123
q3c,"",420,1,1,301,1.223,0.129
q3c,"",421,1,0,300,1.111,0.121
q3c,"",422,1,1,301,1.277,0.128
q3c,"",423,1,0,300,1.164,0.117
q3c,"",424,1,1,301,1.309,0.154
q3c,"",425,1,1,301,1.477,0.169
q3c,"",426,1,1,301,1.227,0.144
q3c,"",427,1,0,300,1.279,0.166
q3c,"",428,1,1,301,1.329,0.163
q3c,"",429,1,0,300,1.319,0.143
q3c,"",430,1,1,301,1.309,0.158
q3c,"",431,1,0,300,1.202,0.161
q3c,"",432,1,1,301,1.165,0.153
q3c,"",433,1,0,300,1.296,0.144
q3c,"",434,1,1,301,1.331,0.151
q3c,"",435,1,0,300,1.17,0.149
q3c,"",436,1,1,301,1.389,0.163
q3c,"",437,1,0,300,1.361,0.134
q3c,"",438,1,1,301,1.355,0.14
q3c,"",439,1,0,300,1.255,0.168
q3c,"",440,1,1,301,1.337,0.147
q3c,"",441,1,0,300,1.211,0.156
q3c,"",442,1,1,301,1.292,0.165
q3c,"",443,1,0,300,1.341,0.151
q3c,"",444,1,1,301,1.305,0.155
q3c,"",445,1,0,300,1.199,0.148
q3c,"",446,1,1,301,3.558,0.502
q3c,"",447,1,0,300,2.795,0.176
q3c,"",448,1,1,301,2.605,0.185
q3c,"",449,1,0,300,1.305,0.155
q3c,"",450,1,1,301,1.457,0.145
q3c,"",451,1,0,300,1.319,0.159
q3c,"",452,1,1,301,1.31,0.14
q3c,"",453,1,0,300,1.268,0.151
q3c,"",454,1,1,301,1.284,0.147
q3c,"",455,1,0,300,1.275,0.136
q3c,"",456,1,1,301,1.265,0.146
q3c,"",457,1,0,300,1.253,0.14
q3c,"",458,1,1,301,1.326,0.133
q3c,"",459,1,0,300,1.33,0.166
q3c,"",460,1,1,301,1.157,0.139
q3c,"",461,1,0,300,1.229,0.135
q3c,"",462,1,1,301,1.326,0.157
q3c,"",463,1,0,300,1.334,0.155
q3c,"",464,1,1,301,1.144,0.14
q3c,"",465,1,0,300,1.364,0.16
q3c,"",466,1,1,301,1.346,0.139
q3c,"",467,1,0,300,1.234,0.147
q3c,"",468,1,2,301,1.312,0.141
q3c,"",469,1,0,300,1.323,0.154
q3c,"",470,1,1,301,1.283,0.137
q3c,"",471,1,0,300,1.269,0.133
q3c,"",472,1,1,301,1.288,0.139
q3c,"",473,1,0,300,1.311,0.153
q3c,"",474,1,1,301,1.22,0.141
q3c,"",475,1,0,300,1.183,0.149
q3c,"",476,1,1,301,1.258,0.144
q3c,"",477,1,0,300,1.319,0.145
q3c,"",478,1,1,301,1.155,0.147
q3c,"",479,1,0,300,1.498,0.179
q3c,"",480,1,1,301,1.363,0.164
q3c,"",481,1,0,300,1.233,0.139
q3c,"",482,1,1,301,1.249,0.126
q3c,"",483,1,0,300,1.12,0.12
q3c,"",484,1,1,301,1.255,0.131
q3c,"",485,1,0,300,1.146,0.145
q3c,"",486,1,1,301,2.66,0.163
q3c,"",487,1,0,300,1.85,0.274
q3c,"",488,1,1,301,1.76,0.273
q3c,"",489,1,0,300,2.543,0.308
q3c,"",490,1,1,301,2.92,0.443
q3c,"",491,1,0,300,3.965,0.455
q3c,"",492,1,1,301,4.142,0.424
q3c,"",493,1,0,300,2.823,0.255
q3c,"",494,1,1,301,3.753,0.256
q3c,"",495,1,0,300,2.831,0.18
q3c,"",496,1,1,301,1.788,0.184
q3c,"",497,1,0,300,1.476,0.168
q3c,"",498,1,1,301,1.309,0.154
q3c,"",499,1,0,300,1.253,0.17
q3c,"",500,1,1,301,1.416,0.268
q3c,"",501,1,0,300,1.323,0.179
q3c,"",502,1,1,301,1.574,0.168
q3c,"",503,1,0,300,1.411,0.156
q3c,"",504,1,1,301,1.373,0.16
q3c,"",505,1,0,300,1.275,0.174
q3c,"",506,1,2,301,1.6,0.156
q3c,"",507,1,0,300,1.261,0.141
q3c,"",508,1,1,301,1.217,0.39
q3c,"",509,1,0,300,1.486,0.158
q3c,"",510,1,1,301,1.292,0.325
q3c,"",511,1,0,300,1.24,0.155
q3c,"",512,1,1,301,1.31,0.452
q3c,"",513,1,0,300,1.295,0.177
q3c,"",514,1,1,301,1.629,0.186
q3c,"",515,1,0,300,1.505,0.163
q3c,"",516,1,1,301,1.489,0.166
q3c,"",517,1,0,300,1.427,0.185
q3c,"",518,1,1,301,1.268,0.178
q3c,"",519,1,0,300,2.464,0.201
q3c,"",520,1,1,301,1.417,0.249
q3c,"",521,1,0,300,1.501,0.177
q3c,"",522,1,1,301,1.279,0.169
q3c,"",523,1,0,300,1.267,0.17
q3c,"",524,1,1,301,1.524,0.177
q3c,"",525,1,0,300,1.276,0.179
q3c,"",526,1,1,301,1.399,0.176
q3c,"",527,1,0,300,1.474,0.17
q3c,"",528,1,1,301,1.552,0.165
q3c,"",529,1,0,300,1.387,0.147
q3c,"",530,1,1,301,1.33,0.145
q3c,"",531,1,0,300,1.313,0.161
q3c,"",532,1,1,301,1.325,0.173
q3c,"",533,1,0,300,1.172,0.159
q3c,"",534,1,1,301,1.248,0.15
q3c,"",535,1,0,300,1.178,0.164
q3c,"",536,1,1,301,1.35,0.134
q3c,"",537,1,0,300,1.321,0.16
q3c,"",538,1,1,301,1.147,0.148
q3c,"",539,1,0,300,1.415,0.156
q3c,"",540,1,1,301,1.32,0.138
q3c,"",541,1,0,300,1.32,0.146
q3c,"",542,1,1,301,1.405,0.149
q3c,"",543,1,0,300,1.27,0.147
q3c,"",544,1,1,301,1.25,0.158
q3c,"",545,1,0,300,1.451,0.162
q3c,"",546,1,1,301,1.302,0.133
q3c,"",547,1,0,300,1.377,0.137
q3c,"",548,1,1,301,1.44,0.189
q3c,"",549,1,0,300,1.433,0.155
q3c,"",550,1,1,301,1.448,0.155
q3c,"",551,1,0,300,1.434,0.18
q3c,"",552,1,1,301,1.388,0.152
q3c,"",553,1,0,300,1.368,0.147
q3c,"",554,1,1,301,1.184,0.172
q3c,"",555,1,0,300,1.372,0.133
q3c,"",556,1,1,301,1.318,0.137
q3c,"",557,1,0,300,1.324,0.139
q3c,"",558,1,1,302,1.265,0.142
q3c,"",559,1,0,300,1.133,0.144
q3c,"",560,1,1,301,1.283,0.131
q3c,"",561,1,0,300,1.264,0.15
q3c,"",562,1,1,301,1.269,0.136
q3c,"",563,1,0,300,1.334,0.165
q3c,"",564,1,1,301,1.266,0.132
q3c,"",565,1,0,300,1.219,0.145
q3c,"",566,1,1,301,1.272,0.128
q3c,"",567,1,0,300,1.281,0.137
q3c,"",568,1,1,301,1.185,0.127
q3c,"",569,1,0,300,1.268,0.151
q3c,"",570,1,1,301,1.132,0.138
q3c,"",571,1,0,300,1.158,0.138
q3c,"",572,1,13,301,1.211,0.134
q3c,"",573,1,0,300,1.249,0.144
q3c,"",574,1,1,301,1.311,0.148
q3c,"",575,1,0,300,1.268,0.13
q3c,"",576,1,1,301,1.297,0.142
q3c,"",577,1,0,300,1.274,0.143
q3c,"",578,1,2,301,1.296,0.161
q3c,"",579,1,0,300,1.129,0.139
q3c,"",580,1,1,301,1.371,0.139
q3c,"",581,1,0,300,12.168,0.833
q3c,"",582,1,1,301,5.613,0.571
q3c,"",583,1,0,300,3.207,0.385
q3c,"",584,1,1,301,3.676,0.468
q3c,"",585,1,0,300,3.464,0.5
q3c,"",586,1,1,301,1.458,0.184
q3c,"",587,1,0,300,1.742,0.303
q3c,"",588,1,1,301,3.608,0.54
q3c,"",589,1,0,300,1.353,0.191
q3c,"",590,1,1,301,1.115,0.146
q3c,"",591,1,0,300,1.132,0.149
q3c,"",592,1,1,301,1.189,0.135
q3c,"",593,1,0,300,1.254,0.15
q3c,"",594,1,1,301,1.192,0.132
q3c,"",595,1,0,300,1.208,0.155
q3c,"",596,1,1,301,1.346,0.156
q3c,"",597,1,0,300,1.482,0.181
q3c,"",598,1,1,301,1.279,0.133
q3c,"",599,1,0,300,1.328,0.141
q3c,"",600,1,1,301,1.26,0.127
q3c,"",601,1,0,300,1.127,0.132
q3c,"",602,1,1,301,1.303,0.138
q3c,"",603,1,0,300,1.287,0.124
q3c,"",604,1,2,301,1.301,0.136
q3c,"",605,1,0,300,1.232,0.151
q3c,"",606,1,18,302,1.329,0.167
q3c,"",607,1,0,300,1.298,0.133
q3c,"",608,1,1,301,1.284,0.131
q3c,"",609,1,0,300,1.189,0.146
q3c,"",610,1,1,301,1.436,0.149
q3c,"",611,1,0,300,1.122,0.144
q3c,"",612,1,1,301,1.295,0.138
q3c,"",613,1,0,300,1.217,0.136
q3c,"",614,1,1,301,1.268,0.137
q3c,"",615,1,0,300,1.14,0.143
q3c,"",616,1,1,301,1.359,0.153
q3c,"",617,1,0,300,1.298,0.145
q3c,"",618,1,1,301,1.227,0.144
q3c,"",619,1,0,300,1.295,0.146
q3c,"",620,1,1,301,1.141,0.163
q3c,"",621,1,0,300,1.194,0.151
q3c,"",622,1,1,301,1.495,0.157
q3c,"",623,1,0,300,1.18,0.143
q3c,"",624,1,1,301,1.253,0.141
q3c,"",625,1,0,300,1.249,0.129
q3c,"",626,1,1,301,1.259,0.14
q3c,"",627,1,0,300,1.262,0.14
q3c,"",628,1,1,301,1.256,0.139
q3c,"",629,1,0,300,1.191,0.128
q3c,"",630,1,1,301,1.235,0.149
q3c,"",631,1,0,300,1.133,0.119
q3c,"",632,1,1,301,1.354,0.15
q3c,"",633,1,0,300,1.377,0.133
q3c,"",634,1,1,301,1.344,0.143
q3c,"",635,1,0,300,1.213,0.149
q3c,"",636,1,1,301,1.29,0.132
q3c,"",637,1,1,301,1.338,0.141
q3c,"",638,1,1,301,1.229,0.142
q3c,"",639,1,0,300,1.253,0.159
q3c,"",640,1,1,301,1.267,0.141
q3c,"",641,1,0,300,1.246,0.126
q3c,"",642,1,1,301,1.274,0.143
q3c,"",643,1,0,300,1.259,0.24
q3c,"",644,1,1,301,1.229,0.128
q3c,"",645,1,0,300,1.207,0.127
q3c,"",646,1,1,301,1.214,0.142
q3c,"",647,1,0,300,1.152,0.129
q3c,"",648,1,1,301,1.242,0.133
q3c,"",649,1,0,300,1.196,0.15
q3c,"",650,1,1,301,1.151,0.174
q3c,"",651,1,0,300,1.123,0.133
q3c,"",652,1,1,301,1.226,0.134
q3c,"",653,1,0,300,1.18,0.134
q3c,"",654,1,1,301,1.265,0.133
q3c,"",655,1,0,300,1.249,0.129
q3c,"",656,1,1,301,1.167,0.132
q3c,"",657,1,0,300,1.216,0.13
q3c,"",658,1,11,301,1.222,0.137
q3c,"",659,1,0,300,1.256,0.135
q3c,"",660,1,1,301,1.259,0.122
q3c,"",661,1,0,300,1.178,0.131
q3c,"",662,1,1,301,1.25,0.12
q3c,"",663,1,0,300,1.328,0.131
q3c,"",664,1,1,301,1.08,0.137
q3c,"",665,1,0,300,1.228,0.127
q3c,"",666,1,1,301,1.25,0.129
q3c,"",667,1,0,300,1.133,0.132
q3c,"",668,1,1,301,1.226,0.133
q3c,"",669,1,0,300,1.281,0.127
q3c,"",670,1,1,301,1.173,0.131
q3c,"",671,1,0,300,1.27,0.148
q3c,"",672,1,2,301,1.446,0.203
q3c,"",673,1,0,300,1.4,0.161
q3c,"",674,1,1,301,1.302,0.154
q3c,"",675,1,0,300,1.49,0.169
q3c,"",676,1,1,301,1.584,0.25
q3c,"",677,1,0,300,1.786,0.35
q3c,"",678,1,1,301,1.392,0.471
q3c,"",679,1,0,300,2.35,0.236
q3c,"",680,1,1,301,1.969,0.222
q3c,"",681,1,0,300,1.705,0.228
q3c,"",682,1,1,301,1.364,0.196
q3c,"",683,1,0,300,1.365,0.172
q3c,"",684,1,1,301,1.251,0.151
q3c,"",685,1,0,300,1.21,0.158
q3c,"",686,1,1,301,1.318,0.156
q3c,"",687,1,0,300,1.337,0.153
q3c,"",688,1,11,303,1.202,0.169
q3c,"",689,1,0,300,1.275,0.139
q3c,"",690,1,1,301,1.329,0.15
q3c,"",691,1,0,300,1.141,0.154
q3c,"",692,1,1,301,1.321,0.151
q3c,"",693,1,0,300,1.18,0.132
q3c,"",694,1,1,301,1.173,0.147
q3c,"",695,1,0,300,1.145,0.13
q3c,"",696,1,1,301,1.3,0.152
q3c,"",697,1,0,300,1.281,0.138
q3c,"",698,1,1,301,1.294,0.15
q3c,"",699,1,0,300,1.18,0.139
q3c,"",700,1,1,301,1.244,0.149
q3c,"",701,1,0,300,1.214,0.145
q3c,"",702,1,2,301,1.288,0.164
q3c,"",703,1,0,300,1.33,0.14
q3c,"",704,1,1,301,1.314,0.16
q3c,"",705,1,0,300,1.214,0.14
q3c,"",706,1,1,301,1.272,0.143
q3c,"",707,1,0,300,1.33,0.139
q3c,"",708,1,1,301,1.239,0.136
q3c,"",709,1,0,300,1.247,0.139
q3c,"",710,1,1,301,1.211,0.141
q3c,"",711,1,0,300,1.139,0.138
q3c,"",712,1,1,301,1.244,0.133
q3c,"",713,1,0,300,1.216,0.139
q3c,"",714,1,1,301,1.26,0.148
q3c,"",715,1,0,300,1.23,0.152
q3c,"",716,1,1,301,1.112,0.147
q3c,"",717,1,0,300,1.125,0.137
q3c,"",718,1,1,301,1.143,0.148
q3c,"",719,1,0,300,1.261,0.134
q3c,"",720,1,1,301,1.169,0.154
q3c,"",721,1,0,300,1.229,0.141
q3c,"",722,1,1,301,1.254,0.135
q3c,"",723,1,0,300,1.247,0.132
q3c,"",724,1,1,301,1.143,0.157
q3c,"",725,1,0,300,1.085,0.124
q3c,"",726,1,1,301,1.141,0.13
q3c,"",727,1,0,300,1.255,0.142
q3c,"",728,1,1,301,1.107,0.14
q3c,"",729,1,0,300,1.127,0.137
q3c,"",730,1,1,301,1.166,0.135
q3c,"",731,1,0,300,1.276,0.133
q3c,"",732,1,1,301,1.263,0.153
q3c,"",733,1,0,300,1.407,0.116
q3c,"",734,1,1,302,1.111,0.159
q3c,"",735,1,0,300,1.249,0.157
q3c,"",736,1,1,301,1.111,0.147
q3c,"",737,1,0,300,1.214,0.121
q3c,"",738,1,1,301,1.174,0.136
q3c,"",739,1,0,300,1.237,0.124
q3c,"",740,1,1,301,1.146,0.137
q3c,"",741,1,0,300,1.141,0.119
q3c,"",742,1,1,301,1.129,0.14
q3c,"",743,1,0,300,1.248,0.126
q3c,"",744,1,1,301,1.28,0.14
q3c,"",745,1,0,300,1.274,0.133
q3c,"",746,1,1,301,1.237,0.137
q3c,"",747,1,0,300,1.285,0.139
q3c,"",748,1,1,301,1.212,0.171
q3c,"",749,1,0,300,1.344,0.217
q3c,"",750,1,1,301,1.261,0.2
q3c,"",751,1,0,300,1.244,0.173
q3c,"",752,1,1,301,1.266,0.187
q3c,"",753,1,0,300,1.442,0.173
q3c,"",754,1,1,301,1.394,0.214
q3c,"",755,1,0,300,1.206,0.282
q3c,"",756,1,2,301,1.255,0.184
q3c,"",757,1,0,300,1.356,0.178
q3c,"",758,1,1,301,1.341,0.175
q3c,"",759,1,0,300,1.367,0.173
q3c,"",760,1,1,301,1.321,0.174
q3c,"",761,1,0,300,1.332,0.144
q3c,"",762,1,1,301,1.339,0.18
q3c,"",763,1,0,300,1.283,0.153
q3c,"",764,1,1,301,1.33,0.182
q3c,"",765,1,0,300,1.206,0.161
q3c,"",766,1,1,301,1.455,0.21
q3c,"",767,1,0,300,1.404,0.211
q3c,"",768,1,1,301,1.283,0.251
q3c,"",769,1,0,300,1.415,0.158
q3c,"",770,1,3,301,1.49,0.205
q3c,"",771,1,0,300,1.356,0.175
q3c,"",772,1,1,301,1.275,0.164
q3c,"",773,1,0,300,1.26,0.176
q3c,"",774,1,1,301,1.249,0.2
q3c,"",775,1,0,300,1.419,0.161
q3c,"",776,1,1,301,1.26,0.166
q3c,"",777,1,0,300,1.359,0.149
q3c,"",778,1,1,301,1.332,0.16
q3c,"",779,1,0,300,1.215,0.163
q3c,"",780,1,1,301,1.294,0.172
q3c,"",781,1,0,300,1.371,0.267
q3c,"",782,1,1,301,1.244,0.165
q3c,"",783,1,0,300,1.193,0.141
q3c,"",784,1,1,301,1.159,0.166
q3c,"",785,1,0,300,1.151,0.14
q3c,"",786,1,1,301,1.132,0.167
q3c,"",787,1,0,300,1.298,0.161
q3c,"",788,1,1,301,1.273,0.166
q3c,"",789,1,0,300,1.119,0.137
q3c,"",790,1,1,301,1.176,0.147
q3c,"",791,1,0,300,1.161,0.138
q3c,"",792,1,1,301,1.159,0.153
q3c,"",793,1,0,300,1.394,0.128
q3c,"",794,1,1,301,1.301,0.149
q3c,"",795,1,0,300,1.187,0.145
q3c,"",796,1,1,301,1.129,0.17
q3c,"",797,1,0,300,1.183,0.141
q3c,"",798,1,1,301,1.246,0.15
q3c,"",799,1,0,300,1.199,0.142
q3c,"",800,1,1,301,1.166,0.155
q3c,"",801,1,0,300,1.309,0.142
q3c,"",802,1,2,301,1.269,0.18
q3c,"",803,1,0,300,1.263,0.145
q3c,"",804,1,1,301,1.35,0.155
q3c,"",805,1,0,300,1.264,0.148
q3c,"",806,1,2,301,1.141,0.162
q3c,"",807,1,0,300,1.135,0.154
q3c,"",808,1,3,301,1.203,0.174
q3c,"",809,1,0,300,1.215,0.135
q3c,"",810,1,1,301,1.195,0.149
q3c,"",811,1,1,301,1.237,0.152
q3c,"",812,1,1,301,1.233,0.139
q3c,"",813,1,0,300,1.156,0.135
q3c,"",814,1,1,301,1.24,0.152
q3c,"",815,1,0,300,1.23,0.136
q3c,"",816,1,2,302,1.2,0.174
q3c,"",817,1,0,300,1.292,0.137
q3c,"",818,1,1,301,1.264,0.128
q3c,"",819,1,0,300,1.233,9.971
q3c,"",820,1,4,302,1.247,0.152
q3c,"",821,1,0,300,1.104,0.136
q3c,"",822,1,199,308,1.183,0.224
q3c,"",823,1,0,300,1.16,0.127
q3c,"",824,1,2,301,1.271,0.193
q3c,"",825,1,0,301,1.274,0.159
q3c,"",826,1,1,301,1.35,0.141
q3c,"",827,1,0,300,1.226,0.143
q3c,"",828,1,1,301,1.189,0.154
q3c,"",829,1,1,301,1.222,0.155
q3c,"",830,1,2,302,1.266,0.192
q3c,"",831,1,1,301,1.348,0.196
q3c,"",832,1,1,301,1.242,0.164
q3c,"",833,1,0,300,1.317,0.144
q3c,"",834,1,1,302,1.269,0.168
q3c,"",835,1,0,300,1.279,0.129
q3c,"",836,1,8,302,1.221,0.152
q3c,"",837,1,0,300,1.343,0.155
q3c,"",838,1,1,301,1.225,0.151
q3c,"",839,1,0,300,1.236,0.128
q3c,"",840,1,2,302,1.13,0.169
q3c,"",841,1,0,300,1.297,0.132
q3c,"",842,1,1,301,1.117,0.142
q3c,"",843,1,0,300,1.149,0.139
q3c,"",844,1,1,301,1.287,0.141
q3c,"",845,1,0,300,1.249,0.134
q3c,"",846,1,1,301,1.167,0.148
q3c,"",847,1,0,300,1.136,0.14
q3c,"",848,1,1,301,1.115,0.131
q3c,"",849,1,0,300,1.348,0.133
q3c,"",850,1,1,301,1.265,0.13
q3c,"",851,1,0,300,1.232,0.14
q3c,"",852,1,2,301,1.225,0.132
q3c,"",853,1,0,300,1.109,0.134
q3c,"",854,1,2,301,1.198,0.145
q3c,"",855,1,0,300,1.228,0.13
q3c,"",856,1,3,301,1.242,0.148
q3c,"",857,1,0,300,1.222,0.125
q3c,"",858,1,8,301,1.201,0.136
q3c,"",859,1,0,300,1.302,0.12
q3c,"",860,1,1,302,1.232,0.155
q3c,"",861,1,0,300,1.223,0.136
q3c,"",862,1,3,301,2.028,0.235
q3c,"",863,1,0,300,1.245,0.142
q3c,"",864,1,359,310,1.295,0.262
q3c,"",865,1,0,300,1.274,0.139
q3c,"",866,1,2,301,1.158,0.139
q3c,"",867,1,0,300,1.262,0.129
q3c,"",868,1,2,301,1.18,0.139
q3c,"",869,1,0,300,1.224,0.129
q3c,"",870,1,1,301,1.199,0.153
q3c,"",871,1,0,300,1.18,0.136
q3c,"",872,1,3,301,1.103,0.159
q3c,"",873,1,0,300,1.391,0.129
q3c,"",874,2,5,301,1.211,0.146
q3c,"",875,1,0,300,1.252,0.146
q3c,"",876,1,3,301,1.27,0.154
q3c,"",877,1,0,300,1.181,0.13
q3c,"",878,1,1,301,1.213,0.149
q3c,"",879,1,0,300,1.243,0.143
q3c,"",880,1,1,301,1.167,0.143
q3c,"",881,1,0,300,1.241,0.125
q3c,"",882,1,1,301,1.212,0.133
q3c,"",883,1,0,300,1.208,0.133
q3c,"",884,1,3,301,1.193,0.147
q3c,"",885,1,1,302,1.2,0.157
q3c,"",886,1,4,301,1.201,0.144
q3c,"",887,1,0,300,1.173,0.133
q3c,"",888,1,1,301,1.246,0.138
q3c,"",889,1,0,300,1.255,0.132
q3c,"",890,1,2,301,1.148,0.148
q3c,"",891,1,3,301,1.31,0.137
q3c,"",892,1,1,301,1.267,0.148
q3c,"",893,1,3,302,1.22,0.162
q3c,"",894,1,2,301,1.159,0.138
q3c,"",895,1,0,300,1.136,0.124
q3c,"",896,1,1,301,1.249,0.15
q3c,"",897,1,0,300,1.286,0.132
q3c,"",898,1,2,301,1.207,0.151
q3c,"",899,1,0,300,1.177,0.133
q3c,"",900,1,1,301,1.176,0.167
q3c,"",901,1,0,300,1.178,0.136
q3c,"",902,1,3,302,1.197,0.156
q3c,"",903,1,0,300,1.265,0.127
q3c,"",904,1,2,302,1.154,0.158
q3c,"",905,1,0,300,1.311,0.12
q3c,"",906,1,4,301,1.213,0.139
q3c,"",907,1,1,301,1.175,0.14
q3c,"",908,1,3,301,1.239,0.147
q3c,"",909,1,0,300,1.285,0.119
q3c,"",910,1,5,301,1.124,0.136
q3c,"",911,1,0,300,1.253,0.135
q3c,"",912,1,1,301,1.273,0.147
q3c,"",913,1,0,300,1.255,0.133
q3c,"",914,1,1,301,1.145,0.135
q3c,"",915,1,0,300,1.294,0.13
q3c,"",916,1,1,301,1.114,0.134
q3c,"",917,1,0,300,1.202,0.144
q3c,"",918,1,1,301,1.181,0.139
q3c,"",919,1,0,300,1.174,0.121
q3c,"",920,1,1,301,1.287,0.136
q3c,"",921,1,0,300,1.2,0.137
q3c,"",922,1,1,301,1.287,0.156
q3c,"",923,1,0,300,1.217,0.127
q3c,"",924,1,4,301,1.317,0.132
q3c,"",925,1,0,300,1.221,0.134
q3c,"",926,1,2,301,1.249,0.133
q3c,"",927,1,0,300,1.173,0.129
q3c,"",928,1,48,304,1.18,0.191
q3c,"",929,1,0,300,1.237,0.127
q3c,"",930,1,4,301,1.179,0.136
q3c,"",931,1,0,300,1.26,0.134
q3c,"",932,1,2,301,1.209,0.138
q3c,"",933,1,2,301,1.142,0.142
q3c,"",934,1,2,301,1.11,0.133
q3c,"",935,1,0,300,1.277,0.118
q3c,"",936,1,5,301,1.223,0.14
q3c,"",937,1,2,301,1.272,0.151
q3c,"",938,1,1,301,1.16,0.136
q3c,"",939,1,0,300,1.307,0.193
q3c,"",940,1,2,301,1.142,0.135
q3c,"",941,1,0,300,1.191,0.128
q3c,"",942,2,4,301,1.181,0.142
q3c,"",943,1,0,300,1.285,0.122
q3c,"",944,1,1,301,1.161,0.134
q3c,"",945,1,0,300,1.273,0.126
q3c,"",946,1,4,301,1.196,0.141
q3c,"",947,1,0,300,1.166,0.118
q3c,"",948,1,2,301,1.166,0.127
q3c,"",949,1,0,300,1.158,0.134
q3c,"",950,1,1,301,1.254,0.141
q3c,"",951,1,0,300,1.278,0.118
q3c,"",952,1,1,301,1.335,0.141
q3c,"",953,1,0,300,1.173,0.118
q3c,"",954,1,1,301,1.156,1.627
q3c,"",955,1,0,300,1.197,0.135
q3c,"",956,1,1,301,1.24,0.156
q3c,"",957,1,0,301,1.313,0.162
q3c,"",958,1,1,301,1.185,0.14
q3c,"",959,1,0,300,1.117,0.129
q3c,"",960,1,1,301,1.183,0.12
q3c,"",961,1,0,300,1.205,0.117
q3c,"",962,1,2,301,1.152,0.151
q3c,"",963,1,0,300,1.218,0.133
q3c,"",964,1,3,301,1.131,0.147
q3c,"",965,1,0,300,1.229,0.119
q3c,"",966,1,1,301,1.138,0.133
q3c,"",967,1,0,300,1.155,0.133
q3c,"",968,1,2,301,1.269,0.146
q3c,"",969,1,0,300,1.258,0.133
q3c,"",970,1,18,303,1.181,0.161
q3c,"",971,1,2,301,1.206,0.135
q3c,"",972,1,2,301,1.173,0.126
q3c,"",973,1,0,300,1.157,0.115
q3c,"",974,1,3,301,1.2,0.136
q3c,"",975,1,0,300,1.176,0.123
q3c,"",976,1,3,301,1.186,0.123
q3c,"",977,1,1,301,1.149,0.132
q3c,"",978,1,1,301,1.094,0.152
q3c,"",979,1,0,300,1.229,0.13
q3c,"",980,1,1,301,1.152,0.14
q3c,"",981,1,0,300,1.151,0.137
q3c,"",982,1,7,301,1.225,0.148
q3c,"",983,1,0,300,1.188,0.143
q3c,"",984,1,2,301,1.215,0.142
q3c,"",985,1,0,300,1.225,0.127
q3c,"",986,2,5,301,1.211,0.152
q3c,"",987,1,0,300,1.261,0.127
q3c,"",988,1,1,301,1.207,0.134
q3c,"",989,1,0,300,1.161,0.117
q3c,"",990,1,6,302,1.242,0.161
q3c,"",991,1,0,300,1.096,0.13
q3c,"",992,1,1,301,1.178,0.145
q3c,"",993,1,0,300,1.318,0.121
q3c,"",994,1,1,301,1.223,0.142
q3c,"",995,1,0,300,1.229,0.119
q3c,"",996,1,5,302,1.133,0.151
q3c,"",997,1,0,300,1.274,0.124
q3c,"",998,2,5,302,1.181,0.136
q3c,"",999,1,0,300,1.207,0.124
q3c,"",1000,1,1,301,1.221,0.14
q3c,"",1001,1,0,300,1.217,0.134
q3c,"",1002,1,1,301,1.194,0.139
q3c,"",1003,1,0,300,1.159,0.129
q3c,"",1004,1,1,301,1.315,0.145
q3c,"",1005,1,0,300,1.143,0.142
q3c,"",1006,1,3,301,1.165,0.141
q3c,"",1007,1,1,301,1.17,0.126
q3c,"",1008,1,2,301,1.213,0.131
q3c,"",1009,1,0,300,1.184,0.133
q3c,"",1010,1,2,301,1.256,0.131
q3c,"",1011,1,0,300,1.2,0.129
q3c,"",1012,1,1,301,1.351,0.148
q3c,"",1013,1,1,302,1.206,0.165
q3c,"",1014,1,2,302,1.184,0.153
q3c,"",1015,1,0,300,1.197,0.116
q3c,"",1016,1,1,301,1.207,0.127
q3c,"",1017,1,0,300,1.31,0.125
q3c,"",1018,1,3,302,1.16,0.145
q3c,"",1019,1,0,300,1.145,0.139
q3c,"",1020,1,1,301,1.232,0.138
q3c,"",1021,1,0,300,1.159,0.131
q3c,"",1022,1,1,301,1.181,0.144
q3c,"",1023,1,0,300,1.237,0.145
q3c,"",1024,1,1,301,1.163,0.126
q3c,"",1025,1,0,300,1.201,0.124
q3c,"",1026,1,1,301,1.437,0.21
q3c,"",1027,1,0,301,1.143,0.144
q3c,"",1028,1,4,302,1.195,0.141
q3c,"",1029,1,0,300,1.292,0.127
q3c,"",1030,1,1,301,1.225,0.132
q3c,"",1031,1,0,300,1.221,0.121
q3c,"",1032,1,1,301,1.153,0.151
q3c,"",1033,1,0,300,1.219,0.134
q3c,"",1034,1,2,301,1.143,0.143
q3c,"",1035,1,0,300,1.254,0.141
q3c,"",1036,2,1,301,1.181,0.14
q3c,"",1037,1,0,300,1.228,0.142
q3c,"",1038,1,1,301,1.168,0.148
q3c,"",1039,1,0,300,1.217,0.144
q3c,"",1040,1,1,301,1.197,0.134
q3c,"",1041,1,0,300,1.278,0.143
q3c,"",1042,1,1,301,1.238,0.144
q3c,"",1043,1,0,300,1.263,0.131
q3c,"",1044,1,1,301,1.257,0.149
q3c,"",1045,1,1,301,1.181,0.141
q3c,"",1046,1,3,301,1.19,0.138
q3c,"",1047,1,0,300,1.133,0.145
q3c,"",1048,1,1,301,1.214,0.146
q3c,"",1049,1,0,300,1.258,0.13
q3c,"",1050,1,3,301,1.256,0.129
q3c,"",1051,1,0,300,1.288,0.131
q3c,"",1052,1,1,301,1.153,0.136
q3c,"",1053,1,0,300,1.229,0.133
q3c,"",1054,1,1,301,1.26,0.144
q3c,"",1055,1,0,300,1.2,0.143
q3c,"",1056,1,1,301,1.156,0.136
q3c,"",1057,1,0,300,1.136,0.137
q3c,"",1058,1,64,305,1.225,0.181
q3c,"",1059,1,0,301,1.28,0.134
q3c,"",1060,1,1,301,1.205,0.136
q3c,"",1061,1,0,301,1.318,0.143
q3c,"",1062,1,1,301,1.255,0.142
q3c,"",1063,1,0,300,1.195,0.142
q3c,"",1064,2,6,301,1.149,0.135
q3c,"",1065,1,2,301,1.294,0.126
q3c,"",1066,1,2,301,1.188,0.139
q3c,"",1067,1,0,300,1.266,0.122
q3c,"",1068,1,2,302,1.168,0.15
q3c,"",1069,1,0,300,1.117,0.138
q3c,"",1070,1,4,301,1.419,0.125
q3c,"",1071,1,0,300,1.124,0.132
q3c,"",1072,1,3,301,1.146,0.136
q3c,"",1073,1,0,300,1.233,0.122
q3c,"",1074,1,1,301,1.161,0.138
q3c,"",1075,1,0,300,1.278,0.138
q3c,"",1076,1,1,301,1.199,0.147
q3c,"",1077,1,0,300,1.183,0.131
q3c,"",1078,1,1,301,1.283,0.133
q3c,"",1079,1,1,301,1.19,0.158
q3c,"",1080,1,2,301,1.28,0.192
q3c,"",1081,1,0,300,1.277,0.158
q3c,"",1082,1,2,301,1.278,0.145
q3c,"",1083,1,0,300,1.173,0.141
q3c,"",1084,1,1,301,1.204,0.175
q3c,"",1085,1,0,300,1.585,0.165
q3c,"",1086,1,2,301,1.193,0.145
q3c,"",1087,1,0,300,1.285,0.159
q3c,"",1088,1,2,301,1.225,0.142
q3c,"",1089,1,0,300,1.251,0.13
q3c,"",1090,2,5,302,1.191,0.15
q3c,"",1091,1,0,300,1.202,0.135
q3c,"",1092,1,2,301,1.233,0.147
q3c,"",1093,1,0,300,1.17,0.133
q3c,"",1094,1,2,301,1.146,0.142
q3c,"",1095,1,0,300,1.21,0.126
q3c,"",1096,1,1,301,1.182,0.134
q3c,"",1097,1,0,300,1.237,0.129
q3c,"",1098,1,1,301,1.202,0.134
q3c,"",1099,1,1,301,1.075,0.138
q3c,"",1100,1,7,301,1.192,0.147
q3c,"",1101,1,1,301,1.089,0.137
q3c,"",1102,2,3,301,1.225,0.126
q3c,"",1103,6,11,301,1.234,0.142
q3c,"",1104,2,2,301,1.253,0.128
q3c,"",1105,2,1,301,1.248,0.142
q3c,"",1106,16,59,304,1.192,0.184
q3c,"",1107,1,3,301,1.253,0.141
q3c,"",1108,2,36,306,1.226,0.173
q3c,"",1109,1,3,301,1.117,0.146
q3c,"",1110,8,27,304,1.277,0.148
q3c,"",1111,6,3,301,1.291,0.148
q3c,"",1112,1,5,301,1.288,0.135
q3c,"",1113,2,2,301,1.262,0.129
q3c,"",1114,3,123,307,1.327,0.206
q3c,"",1115,1,4,302,1.14,0.143
q3c,"",1116,21,137,306,1.252,0.197
q3c,"",1117,21,11,301,1.258,0.136
q3c,"",1118,24,107,305,1.294,0.177
q3c,"",1119,4,14,302,1.24,0.143
q3c,"",1120,69,158,306,1.217,0.194
q3c,"",1121,4,2,301,1.287,0.141
q3c,"",1122,14,21,301,1.259,0.133
q3c,"",1123,2,2,301,1.289,0.133
q3c,"",1124,1,4,302,1.107,0.126
q3c,"",1125,1,3,301,1.24,0.138
q3c,"",1126,13,18,301,1.166,0.129
q3c,"",1127,1,3,301,1.064,0.134
q3c,"",1128,1,6,301,1.082,0.128
q3c,"",1129,13,21,303,1.109,0.157
q3c,"",1130,2,8,302,1.226,0.147
q3c,"",1131,2,2,301,1.223,0.133
q3c,"",1132,22,88,305,1.205,0.188
q3c,"",1133,6,15,302,1.225,0.161
q3c,"",1134,3,1,301,1.222,0.135
q3c,"",1135,6,3,301,1.171,0.143
q3c,"",1136,12,29,305,1.417,0.156
q3c,"",1137,1,0,301,1.115,0.131
q3c,"",1138,2,2,301,1.26,0.119
q3c,"",1139,2,1,301,1.214,0.132
q3c,"",1140,3,6,301,1.115,0.119
q3c,"",1141,4,8,302,1.18,0.139
q3c,"",1142,2,2,301,1.251,0.129
q3c,"",1143,5,4,302,1.229,0.148
q3c,"",1144,6,75,304,1.153,0.161
q3c,"",1145,1,4,302,1.154,0.153
q3c,"",1146,19,22,304,1.223,0.169
q3c,"",1147,2,2,301,1.203,0.139
q3c,"",1148,3,6,301,1.257,0.133
q3c,"",1149,2,9,302,1.253,0.151
q3c,"",1150,18,66,304,1.232,0.172
q3c,"",1151,1,1,301,1.267,0.132
q3c,"",1152,2,34,302,1.313,0.165
q3c,"",1153,2,4,302,1.247,0.145
q3c,"",1154,11,45,302,1.239,0.137
q3c,"",1155,4,3,302,1.272,0.15
q3c,"",1156,3,466,316,1.2,0.275
q3c,"",1157,4,1,301,1.219,0.133
q3c,"",1158,8,49,303,1.116,0.147
q3c,"",1159,1,2,302,1.27,0.15
q3c,"",1160,10,42,302,1.11,0.14
q3c,"",1161,3,4,302,1.216,0.143
q3c,"",1162,2,3,302,1.19,0.159
q3c,"",1163,2,6,302,1.251,0.133
q3c,"",1164,4,3,302,1.242,0.138
q3c,"",1165,3,12,301,1.204,0.141
q3c,"",1166,14,20,302,1.226,0.149
q3c,"",1167,2,4,302,1.219,0.139
q3c,"",1168,2,930,319,1.254,0.349
q3c,"",1169,12,46,303,1.199,0.202
q3c,"",1170,2,5,302,1.821,0.205
q3c,"",1171,2,1,301,1.631,0.162
q3c,"",1172,4,6,301,1.614,0.166
q3c,"",1173,2,3,301,1.298,0.167
q3c,"",1174,2,4,302,1.323,0.156
q3c,"",1175,2,1,302,1.263,0.149
q3c,"",1176,26,16,303,1.304,0.139
q3c,"",1177,2,2,301,1.411,0.17
q3c,"",1178,11,10,301,1.492,0.137
q3c,"",1179,1,4,302,1.334,0.159
q3c,"",1180,4,13,301,1.314,0.14
q3c,"",1181,2,2,301,1.25,0.327
q3c,"",1182,9,52,303,1.217,0.152
q3c,"",1183,4,7,302,1.131,0.145
q3c,"",1184,5,4,302,1.136,0.144
q3c,"",1185,3,1,302,1.118,0.152
q3c,"",1186,18,48,303,1.251,0.154
q3c,"",1187,4,3,302,1.23,0.149
q3c,"",1188,4,3,301,1.307,0.136
q3c,"",1189,1,3,302,1.209,0.156
q3c,"",1190,1,2,301,1.261,0.132
q3c,"",1191,1,1,301,1.244,0.145
q3c,"",1192,2,137,305,1.266,0.166
q3c,"",1193,1,2,301,1.271,0.137
q3c,"",1194,1,3,301,1.111,0.128
q3c,"",1195,4,2,301,1.282,0.139
q3c,"",1196,2,8,301,1.253,0.131
q3c,"",1197,2,1,301,1.319,0.145
q3c,"",1198,25,49,303,1.214,0.159
q3c,"",1199,2,4,302,1.272,0.161
q3c,"",1200,16,55,305,1.253,0.168
q3c,"",1201,2,2,303,1.11,0.152
q3c,"",1202,3,6,302,1.22,0.141
q3c,"",1203,8,48,304,1.219,0.168
q3c,"",1204,4,8,302,1.273,0.146
q3c,"",1205,1,0,300,1.094,0.132
q3c,"",1206,5,63,303,1.223,0.154
q3c,"",1207,2,8,302,1.21,0.146
q3c,"",1208,14,10,302,1.114,0.14
q3c,"",1209,1,2,301,1.074,0.139
q3c,"",1210,12,8,302,1.218,0.146
q3c,"",1211,1,0,301,1.277,0.135
q3c,"",1212,9,72,307,1.214,0.182
q3c,"",1213,2,2,302,1.23,0.138
q3c,"",1214,3,26,302,1.239,0.13
q3c,"",1215,1,1,301,1.24,0.137
q3c,"",1216,21,33,302,1.22,0.146
q3c,"",1217,1,2,301,1.26,0.13
q3c,"",1218,2,4,301,1.164,0.119
q3c,"",1219,2,5,302,1.245,0.145
q3c,"",1220,14,70,303,1.273,0.158
q3c,"",1221,2,0,301,1.217,0.13
q3c,"",1222,8,3834,341,1.112,0.627
q3c,"",1223,2,1,301,1.257,0.119
q3c,"",1224,2,5,301,1.193,0.147
q3c,"",1225,19,11,302,1.12,0.143
q3c,"",1226,7,3,301,1.266,0.122
q3c,"",1227,4,4,301,1.137,0.133
q3c,"",1228,2,1616,332,1.222,0.456
q3c,"",1229,5,11,302,1.26,0.159
q3c,"",1230,2,1,301,1.251,0.119
q3c,"",1231,3,1,301,1.118,0.136
q3c,"",1232,70,170,306,1.254,0.185
q3c,"",1233,1,2,302,1.117,0.132
q3c,"",1234,2,3,301,1.192,0.13
q3c,"",1235,2,2,301,1.227,0.138
q3c,"",1236,12,32,305,1.212,0.154
q3c,"",1237,1,2,301,1.2,0.13
q3c,"",1238,2,4,301,1.34,0.13
q3c,"",1239,2,6,301,1.196,0.139
q3c,"",1240,12,40,303,1.334,0.152
q3c,"",1241,3,3,301,1.264,0.143
q3c,"",1242,10,11,301,1.326,0.134
q3c,"",1243,14,51,302,1.258,0.164
q3c,"",1244,19,66,303,1.312,0.137
q3c,"",1245,2,1,301,1.169,0.15
q3c,"",1246,1,3,301,1.333,0.13
q3c,"",1247,1,0,301,1.268,0.143
q3c,"",1248,21,106,305,1.252,0.171
q3c,"",1249,3,11,303,1.249,0.159
q3c,"",1250,10,29,304,1.254,0.17
q3c,"",1251,2,2,301,1.147,0.141
q3c,"",1252,22,79,302,1.204,0.153
q3c,"",1253,3,4,302,1.202,0.145
q3c,"",1254,24,118,304,1.266,0.167
q3c,"",1255,19,47,302,1.21,0.157
q3c,"",1256,2,4009,341,1.283,0.698
q3c,"",1257,19,74,305,1.244,0.171
q3c,"",1258,4,4,302,1.283,0.148
q3c,"",1259,2,1,301,1.252,0.133
q3c,"",1260,3,5,301,1.236,0.132
q3c,"",1261,60,99,304,1.24,0.174
q3c,"",1262,74,140,306,1.198,0.185
q3c,"",1263,1,2,301,1.118,0.151
q3c,"",1264,19,74,303,1.228,0.147
q3c,"",1265,2,1,301,1.202,0.137
q3c,"",1266,5,21,301,1.23,0.132
q3c,"",1267,2,3,301,1.193,0.14
q3c,"",1268,4,3,301,1.202,0.128
q3c,"",1269,2,3,301,1.331,0.139
q3c,"",1270,6,22,302,1.097,0.149
q3c,"",1271,13,14,302,1.146,0.148
q3c,"",1272,3,19,302,1.211,0.14
q3c,"",1273,1,4,301,1.044,0.137
q3c,"",1274,4,730,318,1.178,0.297
q3c,"",1275,11,61,302,1.069,0.224
q3c,"",1276,2,3,301,1.205,0.121
q3c,"",1277,5,2,301,1.215,0.149
q3c,"",1278,66,139,307,1.236,0.196
q3c,"",1279,1,0,301,1.12,0.165
q3c,"",1280,21,87,306,1.205,0.194
q3c,"",1281,5,3,301,1.161,0.167
q3c,"",1282,16,77,303,1.224,0.145
q3c,"",1283,2,4,301,1.219,0.128
q3c,"",1284,15,47,303,1.244,0.154
q3c,"",1285,6,36,305,1.195,0.2
q3c,"",1286,2,2,302,1.237,0.143
q3c,"",1287,2,7,302,1.086,0.158
q3c,"",1288,2,4,302,1.244,0.142
q3c,"",1289,3,1,301,1.182,0.165
q3c,"",1290,23,175,308,1.216,0.206
q3c,"",1291,4,2,301,1.182,0.152
q3c,"",1292,61,65,305,1.216,0.164
q3c,"",1293,2,4,301,1.242,0.13
q3c,"",1294,11,59,303,1.22,0.14
q3c,"",1295,2,2,301,1.213,0.131
q3c,"",1296,3,5,302,1.184,0.128
q3c,"",1297,2,1,301,1.197,0.127
q3c,"",1298,6,9,301,1.189,0.149
q3c,"",1299,4,3,301,1.2,0.144
q3c,"",1300,12,81,304,1.262,0.159
q3c,"",1301,182,115,306,1.259,0.174
q3c,"",1302,146,528,313,1.178,0.298
q3c,"",1303,108,144,306,1.227,0.219
q3c,"",1304,245,1562,331,1.168,0.468
q3c,"",1305,36,53,303,1.159,0.159
q3c,"",1306,685,1632,337,1.275,0.581
q3c,"",1307,133,103,305,1.116,0.174
q3c,"",1308,83,85,305,1.27,0.161
q3c,"",1309,41,72,304,1.164,0.171
q3c,"",1310,23,68,303,1.226,0.145
q3c,"",1311,34,63,303,1.197,0.145
q3c,"",1312,23,66,308,1.21,0.186
q3c,"",1313,22,51,306,1.233,0.172
q3c,"",1314,34,69,307,1.144,0.172
q3c,"",1315,245,475,315,1.167,0.276
q3c,"",1316,77,397,314,1.216,0.256
q3c,"",1317,30,71,307,1.341,0.187
q3c,"",1318,474,800,318,1.203,0.32
q3c,"",1319,31,64,304,1.163,0.162
q3c,"",1320,27,73,303,1.337,0.173
q3c,"",1321,59,75,304,1.194,0.163
q3c,"",1322,42,69,305,1.195,0.195
q3c,"",1323,43,77,303,1.314,0.166
q3c,"",1324,1430,2294,344,1.184,0.606
q3c,"",1325,79,84,303,1.222,0.172
q3c,"",1326,353,752,319,1.164,0.342
q3c,"",1327,32,72,304,1.233,0.166
q3c,"",1328,141,879,321,1.196,0.349
q3c,"",1329,33,81,304,1.23,0.168
q3c,"",1330,543,1598,338,1.249,0.558
q3c,"",1331,27,61,303,1.221,0.147
q3c,"",1332,44,69,305,1.174,0.166
q3c,"",1333,23,67,303,1.171,0.151
q3c,"",1334,717,736,322,1.287,0.317
q3c,"",1335,354,311,309,1.087,0.214
q3c,"",1336,485,1019,323,1.176,0.364
q3c,"",1337,140,81,305,1.121,0.156
q3c,"",1338,517,1099,327,1.256,0.439
q3c,"",1339,86,122,306,1.158,0.17
q3c,"",1340,252,1284,328,1.246,0.456
q3c,"",1341,38,56,306,1.226,0.182
q3c,"",1342,30,65,302,1.293,0.138
q3c,"",1343,56,61,304,1.304,0.174
q3c,"",1344,32,57,305,1.251,0.161
q3c,"",1345,30,63,306,1.227,0.183
q3c,"",1346,779,553,315,1.181,0.269
q3c,"",1347,44,68,305,1.197,0.17
q3c,"",1348,60,63,307,1.287,0.192
q3c,"",1349,308,216,308,1.194,0.21
q3c,"",1350,32,75,304,1.128,0.147
q3c,"",1351,39,69,303,1.227,0.157
q3c,"",1352,181,157,305,1.138,0.171
q3c,"",1353,105,211,309,1.189,0.211
q3c,"",1354,144,136,304,1.175,0.158
q3c,"",1355,48,47,304,1.231,0.162
q3c,"",1356,375,660,318,1.23,0.305
q3c,"",1357,162,70,303,1.228,0.152
q3c,"",1358,49,66,304,1.14,0.144
q3c,"",1359,142,68,304,1.202,0.159
q3c,"",1360,420,674,317,1.137,0.276
q3c,"",1361,34,67,304,1.148,0.154
q3c,"",1362,25,61,306,1.197,0.177
q3c,"",1363,24,60,302,1.253,0.149
q3c,"",1364,661,2512,349,1.223,0.676
q3c,"",1365,40,65,302,1.218,0.139
q3c,"",1366,26,65,304,1.343,0.157
q3c,"",1367,51,60,304,1.201,0.155
q3c,"",1368,29,60,303,1.184,0.152
q3c,"",1369,118,163,308,1.188,0.201
q3c,"",1370,1810,4069,372,1.198,0.897
q3c,"",1371,26,77,302,1.248,0.14
q3c,"",1372,445,601,316,1.285,0.298
q3c,"",1373,26,49,303,1.155,0.157
q3c,"",1374,47,70,305,1.155,0.152
q3c,"",1375,39,73,304,1.381,0.18
q3c,"",1376,138,495,315,1.194,0.264
q3c,"",1377,105,63,306,1.244,0.177
q3c,"",1378,147,1356,333,1.176,0.479
q3c,"",1379,88,79,305,1.186,0.169
q3c,"",1380,303,1572,332,1.396,0.466
q3c,"",1381,28,47,303,1.276,0.167
q3c,"",1382,45,75,306,1.175,0.174
q3c,"",1383,34,65,305,1.298,0.169
q3c,"",1384,53,77,304,1.148,0.152
q3c,"",1385,334,1227,333,1.189,0.396
q3c,"",1386,341,1589,327,1.117,0.431
q3c,"",1387,74,79,306,1.229,0.19
q3c,"",1388,43,898,320,1.216,0.333
q3c,"",1389,48,69,305,1.164,0.145
q3c,"",1390,180,710,318,1.202,0.29
q3c,"",1391,38,77,305,1.163,0.17
q3c,"",1392,28,67,303,1.227,0.151
q3c,"",1393,41,66,303,1.234,0.165
q3c,"",1394,257,3504,368,1.191,0.8
q3c,"",1395,53,64,304,1.349,0.163
q3c,"",1396,692,3600,359,1.216,0.802
q3c,"",1397,102,59,303,1.245,0.151
q3c,"",1398,627,2926,357,1.181,0.69
q3c,"",1399,101,66,303,1.313,0.164
q3c,"",1400,1574,4002,368,1.179,0.835
q3c,"",1401,536,297,309,1.22,0.191
q3c,"",1402,89,254,305,1.192,0.197
q3c,"",1403,526,324,311,1.097,0.219
q3c,"",1404,902,1369,329,1.193,0.418
q3c,"",1405,145,265,308,1.229,0.206
q3c,"",1406,1914,1108,327,1.194,0.37
q3c,"",1407,159,276,308,1.203,0.206
q3c,"",1408,1383,4152,371,1.231,0.851
q3c,"",1409,158,297,308,1.276,0.207
q3c,"",1410,114,306,306,1.172,0.197
q3c,"",1411,198,748,317,1.226,0.303
q3c,"",1412,140,265,309,1.182,0.206
q3c,"",1413,232,280,310,1.333,0.231
q3c,"",1414,202,1101,325,1.153,0.367
q3c,"",1415,117,251,309,1.18,0.207
q3c,"",1416,5962,9129,452,1.177,1.706
q3c,"",1417,230,272,307,1.125,0.202
q3c,"",1418,2093,5071,394,1.188,1.089
q3c,"",1419,104,271,308,1.287,0.225
q3c,"",1420,1296,5690,405,1.2,1.158
q3c,"",1421,158,233,308,1.307,0.199
q3c,"",1422,703,4433,383,1.242,0.938
q3c,"",1423,166,260,306,1.131,0.193
q3c,"",1424,3014,3126,370,1.261,0.786
q3c,"",1425,342,3145,360,1.215,0.728
q3c,"",1426,225,302,307,1.207,0.193
q3c,"",1427,104,255,307,1.203,0.198
q3c,"",1428,1355,3905,372,1.178,0.839
q3c,"",1429,529,1284,323,1.193,0.394
q3c,"",1430,373,1294,327,1.12,0.388
q3c,"",1431,151,289,308,1.067,0.205
q3c,"",1432,151,268,311,1.149,0.207
q3c,"",1433,388,901,323,1.178,0.348
q3c,"",1434,259,277,311,1.091,0.216
q3c,"",1435,599,1243,330,1.143,0.377
q3c,"",1436,286,1021,326,1.196,0.354
q3c,"",1437,97,298,309,1.244,0.201
q3c,"",1438,162,4191,348,1.237,0.607
q3c,"",1439,246,307,309,1.125,0.214
q3c,"",1440,139,269,306,1.234,0.195
q3c,"",1441,1497,2336,345,1.289,0.578
q3c,"",1442,1235,2435,347,1.265,0.597
q3c,"",1443,2781,2502,347,1.201,0.573
q3c,"",1444,12004,35019,906,1.26,6.181
q3c,"",1445,4634,11114,480,1.232,2.227
q3c,"",1446,1704,6517,391,1.251,1.027
q3c,"",1447,1134,2340,393,1.287,0.961
q3c,"",1448,60018,147516,2805,1.272,23.684
q3c,"",1449,5248,2525,345,1.142,0.602
q3c,"",1450,11487,43516,978,1.233,6.999
q3c,"",1451,1759,2330,345,1.236,0.625
q3c,"",1452,8150,26649,720,1.283,4.298
q3c,"",1453,1406,2324,344,1.272,0.59
q3c,"",1454,7264,22109,646,1.274,3.364
q3c,"",1455,1355,2386,351,1.27,0.541
q3c,"",1456,8284,18819,645,1.184,3.139
pgsphere,"",1,1,0,5,0.009,0.018
pgsphere,"",2,1,1,5,0.007,0.014
pgsphere,"",3,1,0,4,0.007,0.011
pgsphere,"",4,1,1,5,0.007,0.017
pgsphere,"",5,1,0,4,0.007,0.012
pgsphere,"",6,1,1,5,0.006,0.013
pgsphere,"",7,1,0,4,0.006,0.012
pgsphere,"",8,1,1,5,0.006,0.013
pgsphere,"",9,1,0,7,0.006,0.02
pgsphere,"",10,1,1,5,0.006,0.012
pgsphere,"",11,1,0,4,0.006,0.012
pgsphere,"",12,1,1,5,0.006,0.011
pgsphere,"",13,1,0,4,0.006,0.012
pgsphere,"",14,1,1,5,0.006,0.015
pgsphere,"",15,1,0,6,0.016,0.019
pgsphere,"",16,1,1,6,0.006,0.015
pgsphere,"",17,1,0,5,0.006,0.013
pgsphere,"",18,1,1,6,0.006,0.016
pgsphere,"",19,1,0,4,0.008,0.012
pgsphere,"",20,1,1,5,0.006,0.013
pgsphere,"",21,1,0,4,0.006,0.01
pgsphere,"",22,1,1,9,0.006,0.022
pgsphere,"",23,1,0,4,0.006,0.01
pgsphere,"",24,1,1,7,0.006,0.019
pgsphere,"",25,1,0,4,0.006,0.011
pgsphere,"",26,1,1,6,0.006,0.017
pgsphere,"",27,1,0,5,0.006,0.013
pgsphere,"",28,1,1,7,0.006,0.018
pgsphere,"",29,1,0,6,0.006,0.014
pgsphere,"",30,1,1,5,0.006,0.013
pgsphere,"",31,1,0,4,0.006,0.011
pgsphere,"",32,1,1,5,0.006,0.011
pgsphere,"",33,1,0,4,0.006,0.01
pgsphere,"",34,1,1,8,0.006,0.018
pgsphere,"",35,1,0,3,0.006,0.007
pgsphere,"",36,1,1,9,0.006,0.026
pgsphere,"",37,1,0,5,0.006,0.015
pgsphere,"",38,1,1,6,0.006,0.016
pgsphere,"",39,1,0,5,0.006,0.014
pgsphere,"",40,1,1,6,0.006,0.016
pgsphere,"",41,1,0,6,0.006,0.025
pgsphere,"",42,1,1,6,0.006,0.015
pgsphere,"",43,1,0,6,0.006,0.019
pgsphere,"",44,1,1,5,0.006,0.013
pgsphere,"",45,1,0,4,0.006,0.011
pgsphere,"",46,1,1,7,0.006,0.017
pgsphere,"",47,1,0,4,0.006,0.012
pgsphere,"",48,1,1,5,0.006,0.015
pgsphere,"",49,1,0,5,0.006,0.013
pgsphere,"",50,1,1,5,0.006,0.014
pgsphere,"",51,1,0,4,0.006,0.011
pgsphere,"",52,1,1,5,0.006,0.013
pgsphere,"",53,1,0,6,0.006,0.015
pgsphere,"",54,1,1,7,0.006,0.016
pgsphere,"",55,1,0,4,0.006,0.012
pgsphere,"",56,1,1,6,0.006,0.016
pgsphere,"",57,1,0,5,0.006,0.015
pgsphere,"",58,1,1,5,0.006,0.015
pgsphere,"",59,1,0,5,0.006,0.015
pgsphere,"",60,1,1,5,0.006,0.013
pgsphere,"",61,1,0,5,0.006,0.012
pgsphere,"",62,1,1,10,0.006,0.026
pgsphere,"",63,1,0,4,0.006,0.013
pgsphere,"",64,1,1,5,0.006,0.011
pgsphere,"",65,1,0,5,0.006,0.012
pgsphere,"",66,1,1,8,0.006,0.018
pgsphere,"",67,1,0,6,0.006,0.017
pgsphere,"",68,1,1,6,0.006,0.015
pgsphere,"",69,1,0,3,0.006,0.008
pgsphere,"",70,1,1,6,0.006,0.014
pgsphere,"",71,1,0,5,0.006,0.013
pgsphere,"",72,1,1,7,0.006,0.016
pgsphere,"",73,1,0,4,0.006,0.013
pgsphere,"",74,1,1,6,0.006,0.015
pgsphere,"",75,1,0,4,0.006,0.01
pgsphere,"",76,1,1,8,0.006,0.022
pgsphere,"",77,1,0,5,0.006,0.012
pgsphere,"",78,1,1,7,0.006,0.017
pgsphere,"",79,1,0,4,0.006,0.01
pgsphere,"",80,1,1,7,0.006,0.019
pgsphere,"",81,1,0,5,0.006,0.019
pgsphere,"",82,1,1,5,0.006,0.011
pgsphere,"",83,1,0,5,0.006,0.014
pgsphere,"",84,1,1,5,0.006,0.011
pgsphere,"",85,1,0,4,0.006,0.009
pgsphere,"",86,1,1,5,0.006,0.011
pgsphere,"",87,1,0,6,0.008,0.017
pgsphere,"",88,1,1,6,0.006,0.015
pgsphere,"",89,1,0,4,0.009,0.013
pgsphere,"",90,1,1,8,0.006,0.019
pgsphere,"",91,1,0,4,0.006,0.01
pgsphere,"",92,1,1,5,0.006,0.011
pgsphere,"",93,1,0,5,0.006,0.013
pgsphere,"",94,1,1,5,0.006,0.013
pgsphere,"",95,1,0,6,0.006,0.017
pgsphere,"",96,1,1,7,0.006,0.019
pgsphere,"",97,1,0,5,0.006,0.013
pgsphere,"",98,1,1,5,0.006,0.011
pgsphere,"",99,1,0,4,0.006,0.012
pgsphere,"",100,1,1,5,0.006,0.011
pgsphere,"",101,1,0,4,0.006,0.01
pgsphere,"",102,1,1,5,0.006,0.013
pgsphere,"",103,1,0,6,0.006,0.016
pgsphere,"",104,1,1,6,0.006,0.015
pgsphere,"",105,1,0,6,0.006,0.016
pgsphere,"",106,1,1,6,0.006,0.016
pgsphere,"",107,1,0,5,0.011,0.014
pgsphere,"",108,1,1,5,0.006,0.011
pgsphere,"",109,1,0,4,0.006,0.01
pgsphere,"",110,1,1,5,0.006,0.012
pgsphere,"",111,1,0,4,0.006,0.01
pgsphere,"",112,1,1,7,0.006,0.02
pgsphere,"",113,1,0,4,0.006,0.008
pgsphere,"",114,1,1,7,0.006,0.017
pgsphere,"",115,1,0,7,0.006,0.019
pgsphere,"",116,1,1,7,0.006,0.015
pgsphere,"",117,1,0,5,0.006,0.015
pgsphere,"",118,1,1,11,0.006,0.027
pgsphere,"",119,1,0,4,0.006,0.01
pgsphere,"",120,1,1,8,0.008,0.025
pgsphere,"",121,1,0,6,0.006,0.016
pgsphere,"",122,1,1,5,0.008,0.013
pgsphere,"",123,1,0,5,0.006,0.012
pgsphere,"",124,1,1,9,0.006,0.024
pgsphere,"",125,1,0,6,0.006,0.016
pgsphere,"",126,1,1,7,0.006,0.017
pgsphere,"",127,1,0,6,0.006,0.016
pgsphere,"",128,1,1,5,0.006,0.012
pgsphere,"",129,1,0,4,0.006,0.01
pgsphere,"",130,1,1,8,0.006,0.018
pgsphere,"",131,1,0,4,0.006,0.01
pgsphere,"",132,1,1,7,0.006,0.013
pgsphere,"",133,1,0,5,0.006,0.013
pgsphere,"",134,1,1,5,0.006,0.011
pgsphere,"",135,1,0,5,0.006,0.012
pgsphere,"",136,1,1,7,0.006,0.019
pgsphere,"",137,1,0,4,0.006,0.011
pgsphere,"",138,1,1,6,0.006,0.016
pgsphere,"",139,1,0,4,0.006,0.014
pgsphere,"",140,1,1,5,0.006,0.012
pgsphere,"",141,1,0,4,0.006,0.01
pgsphere,"",142,1,1,10,0.006,0.025
pgsphere,"",143,1,0,4,0.006,0.009
pgsphere,"",144,1,1,6,0.006,0.016
pgsphere,"",145,1,0,6,0.006,0.017
pgsphere,"",146,1,1,5,0.006,0.013
pgsphere,"",147,1,0,4,0.006,0.011
pgsphere,"",148,1,1,8,0.006,0.021
pgsphere,"",149,1,0,5,0.006,0.011
pgsphere,"",150,1,1,6,0.006,0.016
pgsphere,"",151,1,0,6,0.006,0.012
pgsphere,"",152,1,1,7,0.006,0.015
pgsphere,"",153,1,0,6,0.006,0.017
pgsphere,"",154,1,1,6,0.008,0.015
pgsphere,"",155,1,0,5,0.006,0.014
pgsphere,"",156,1,1,6,0.006,0.014
pgsphere,"",157,1,0,4,0.006,0.01
pgsphere,"",158,1,1,7,0.006,0.018
pgsphere,"",159,1,0,6,0.006,0.017
pgsphere,"",160,1,1,7,0.006,0.016
pgsphere,"",161,1,0,6,0.006,0.015
pgsphere,"",162,1,1,10,0.006,0.026
pgsphere,"",163,1,0,5,0.006,0.016
pgsphere,"",164,1,1,6,0.006,0.015
pgsphere,"",165,1,0,4,0.006,0.009
pgsphere,"",166,1,1,5,0.006,0.011
pgsphere,"",167,1,0,6,0.006,0.016
pgsphere,"",168,1,1,10,0.006,0.025
pgsphere,"",169,1,0,6,0.006,0.017
pgsphere,"",170,1,1,6,0.006,0.016
pgsphere,"",171,1,0,3,0.006,0.009
pgsphere,"",172,1,1,7,0.006,0.02
pgsphere,"",173,1,0,4,0.006,0.012
pgsphere,"",174,1,1,8,0.006,0.022
pgsphere,"",175,1,0,5,0.006,0.013
pgsphere,"",176,1,1,6,0.006,0.012
pgsphere,"",177,1,0,4,0.006,0.011
pgsphere,"",178,1,1,5,0.006,0.01
pgsphere,"",179,1,0,5,0.006,0.012
pgsphere,"",180,1,1,5,0.006,0.011
pgsphere,"",181,1,0,4,0.006,0.012
pgsphere,"",182,1,1,8,0.006,0.02
pgsphere,"",183,1,0,5,0.006,0.014
pgsphere,"",184,1,1,8,0.006,0.02
pgsphere,"",185,1,0,5,0.006,0.012
pgsphere,"",186,1,1,5,0.006,0.018
pgsphere,"",187,1,0,4,0.006,0.011
pgsphere,"",188,1,1,5,0.006,0.012
pgsphere,"",189,1,0,8,0.006,0.018
pgsphere,"",190,1,1,6,0.006,0.014
pgsphere,"",191,1,0,4,0.006,0.009
pgsphere,"",192,1,1,5,0.006,0.011
pgsphere,"",193,1,0,4,0.006,0.011
pgsphere,"",194,1,1,6,0.006,0.015
pgsphere,"",195,1,0,4,0.006,0.012
pgsphere,"",196,1,1,6,0.006,0.013
pgsphere,"",197,1,0,5,0.006,0.014
pgsphere,"",198,1,1,6,0.006,0.016
pgsphere,"",199,1,0,5,0.006,0.01
pgsphere,"",200,1,1,5,0.006,0.011
pgsphere,"",201,1,0,5,0.006,0.012
pgsphere,"",202,1,1,6,0.006,0.015
pgsphere,"",203,1,0,4,0.006,0.01
pgsphere,"",204,1,1,5,0.006,0.012
pgsphere,"",205,1,0,6,0.006,0.015
pgsphere,"",206,1,1,6,0.006,0.015
pgsphere,"",207,1,0,5,0.006,0.011
pgsphere,"",208,1,1,6,0.006,0.014
pgsphere,"",209,1,0,5,0.006,0.013
pgsphere,"",210,1,1,8,0.006,0.019
pgsphere,"",211,1,0,4,0.006,0.011
pgsphere,"",212,1,1,5,0.006,0.012
pgsphere,"",213,1,0,4,0.006,0.01
pgsphere,"",214,1,1,6,0.006,0.014
pgsphere,"",215,1,0,4,0.006,0.013
pgsphere,"",216,1,1,5,0.006,0.013
pgsphere,"",217,1,0,5,0.006,0.012
pgsphere,"",218,1,1,6,0.006,0.014
pgsphere,"",219,1,0,7,0.006,0.015
pgsphere,"",220,1,1,8,0.006,0.018
pgsphere,"",221,1,0,5,0.006,0.012
pgsphere,"",222,1,1,5,0.008,0.013
pgsphere,"",223,1,0,9,0.006,0.028
pgsphere,"",224,1,1,5,0.006,0.011
pgsphere,"",225,1,0,6,0.006,0.019
pgsphere,"",226,1,1,6,0.006,0.013
pgsphere,"",227,1,0,4,0.006,0.011
pgsphere,"",228,1,1,5,0.006,0.011
pgsphere,"",229,1,0,4,0.006,0.011
pgsphere,"",230,1,1,7,0.006,0.017
pgsphere,"",231,1,0,4,0.006,0.01
pgsphere,"",232,1,1,6,0.006,0.013
pgsphere,"",233,1,0,4,0.006,0.01
pgsphere,"",234,1,1,7,0.006,0.019
pgsphere,"",235,1,0,6,0.007,0.018
pgsphere,"",236,1,1,6,0.008,0.014
pgsphere,"",237,1,0,6,0.006,0.014
pgsphere,"",238,1,1,5,0.006,0.011
pgsphere,"",239,1,0,5,0.006,0.012
pgsphere,"",240,1,1,6,0.006,0.015
pgsphere,"",241,1,0,4,0.006,0.012
pgsphere,"",242,1,1,6,0.006,0.013
pgsphere,"",243,1,0,4,0.006,0.011
pgsphere,"",244,1,1,6,0.006,0.014
pgsphere,"",245,1,0,4,0.006,0.009
pgsphere,"",246,1,1,6,0.006,0.015
pgsphere,"",247,1,0,4,0.006,0.011
pgsphere,"",248,1,1,9,0.006,0.02
pgsphere,"",249,1,0,7,0.006,0.017
pgsphere,"",250,1,1,8,0.006,0.018
pgsphere,"",251,1,0,4,0.006,0.011
pgsphere,"",252,1,1,5,0.006,0.01
pgsphere,"",253,1,0,5,0.006,0.013
pgsphere,"",254,1,1,7,0.011,0.017
pgsphere,"",255,1,0,4,0.006,0.01
pgsphere,"",256,1,1,5,0.006,0.01
pgsphere,"",257,1,0,6,0.006,0.012
pgsphere,"",258,1,1,6,0.006,0.013
pgsphere,"",259,1,0,4,0.006,0.01
pgsphere,"",260,1,1,7,0.006,0.015
pgsphere,"",261,1,0,6,0.006,0.011
pgsphere,"",262,1,1,5,0.006,0.011
pgsphere,"",263,1,0,7,0.006,0.016
pgsphere,"",264,1,1,6,0.006,0.014
pgsphere,"",265,1,0,5,0.006,0.014
pgsphere,"",266,1,1,5,0.006,0.013
pgsphere,"",267,1,0,5,0.006,0.013
pgsphere,"",268,1,1,9,0.006,0.021
pgsphere,"",269,1,0,6,0.006,0.015
pgsphere,"",270,1,1,5,0.006,0.011
pgsphere,"",271,1,0,5,0.006,0.012
pgsphere,"",272,1,1,5,0.006,0.011
pgsphere,"",273,1,0,4,0.006,0.011
pgsphere,"",274,1,1,7,0.006,0.016
pgsphere,"",275,1,0,6,0.006,0.016
pgsphere,"",276,1,1,5,0.006,0.011
pgsphere,"",277,1,0,7,0.006,0.018
pgsphere,"",278,1,1,6,0.006,0.016
pgsphere,"",279,1,0,7,0.006,0.017
pgsphere,"",280,1,1,6,0.006,0.014
pgsphere,"",281,1,0,4,0.006,0.01
pgsphere,"",282,1,1,7,0.006,0.018
pgsphere,"",283,1,0,7,0.006,0.019
pgsphere,"",284,1,1,5,0.006,0.01
pgsphere,"",285,1,0,3,0.006,0.008
pgsphere,"",286,1,1,8,0.006,0.021
pgsphere,"",287,1,0,5,0.006,0.014
pgsphere,"",288,1,1,6,0.006,0.017
pgsphere,"",289,1,0,6,0.006,0.015
pgsphere,"",290,1,1,7,0.008,0.019
pgsphere,"",291,1,0,7,0.006,0.017
pgsphere,"",292,1,1,5,0.006,0.01
pgsphere,"",293,1,0,4,0.006,0.011
pgsphere,"",294,1,1,7,0.006,0.016
pgsphere,"",295,1,0,4,0.006,0.01
pgsphere,"",296,1,1,5,0.006,0.011
pgsphere,"",297,1,0,5,0.006,0.012
pgsphere,"",298,1,1,5,0.006,0.011
pgsphere,"",299,1,0,5,0.006,0.014
pgsphere,"",300,1,1,5,0.006,0.011
pgsphere,"",301,1,0,5,0.006,0.015
pgsphere,"",302,1,1,5,0.006,0.012
pgsphere,"",303,1,0,6,0.006,0.017
pgsphere,"",304,1,1,5,0.006,0.011
pgsphere,"",305,1,0,5,0.006,0.012
pgsphere,"",306,1,1,8,0.006,0.017
pgsphere,"",307,1,0,5,0.006,0.013
pgsphere,"",308,1,1,6,0.006,0.014
pgsphere,"",309,1,0,5,0.006,0.011
pgsphere,"",310,1,1,5,0.006,0.011
pgsphere,"",311,1,0,6,0.006,0.015
pgsphere,"",312,1,1,6,0.006,0.013
pgsphere,"",313,1,0,4,0.006,0.01
pgsphere,"",314,1,1,6,0.006,0.013
pgsphere,"",315,1,0,5,0.006,0.012
pgsphere,"",316,1,1,6,0.006,0.015
pgsphere,"",317,1,0,5,0.006,0.012
pgsphere,"",318,1,1,5,0.006,0.012
pgsphere,"",319,1,0,4,0.006,0.01
pgsphere,"",320,1,1,7,0.006,0.017
pgsphere,"",321,1,0,4,0.006,0.011
pgsphere,"",322,1,1,6,0.006,0.013
pgsphere,"",323,1,0,6,0.006,0.013
pgsphere,"",324,1,1,7,0.006,0.016
pgsphere,"",325,1,0,5,0.006,0.011
pgsphere,"",326,1,1,5,0.006,0.011
pgsphere,"",327,1,0,6,0.006,0.014
pgsphere,"",328,1,1,5,0.006,0.012
pgsphere,"",329,1,0,9,0.006,0.024
pgsphere,"",330,1,1,7,0.006,0.017
pgsphere,"",331,1,0,4,0.006,0.011
pgsphere,"",332,1,1,7,0.006,0.015
pgsphere,"",333,1,0,5,0.006,0.01
pgsphere,"",334,1,1,6,0.006,0.013
pgsphere,"",335,1,0,5,0.006,0.011
pgsphere,"",336,1,1,8,0.006,0.023
pgsphere,"",337,1,0,4,0.006,0.01
pgsphere,"",338,1,1,5,0.006,0.011
pgsphere,"",339,1,0,5,0.006,0.011
pgsphere,"",340,1,1,7,0.006,0.014
pgsphere,"",341,1,0,6,0.006,0.013
pgsphere,"",342,1,1,6,0.006,0.011
pgsphere,"",343,1,0,6,0.006,0.012
pgsphere,"",344,1,1,5,0.006,0.013
pgsphere,"",345,1,0,5,0.006,0.012
pgsphere,"",346,1,1,6,0.006,0.013
pgsphere,"",347,1,0,7,0.006,0.017
pgsphere,"",348,1,1,6,0.006,0.012
pgsphere,"",349,1,0,5,0.006,0.012
pgsphere,"",350,1,1,6,0.006,0.017
pgsphere,"",351,1,0,4,0.006,0.009
pgsphere,"",352,1,1,6,0.006,0.013
pgsphere,"",353,1,0,7,0.006,0.018
pgsphere,"",354,1,1,7,0.006,0.013
pgsphere,"",355,1,0,4,0.006,0.01
pgsphere,"",356,1,1,6,0.006,0.012
pgsphere,"",357,1,0,4,0.006,0.01
pgsphere,"",358,1,1,6,0.006,0.014
pgsphere,"",359,1,0,4,0.006,0.011
pgsphere,"",360,1,1,5,0.006,0.012
pgsphere,"",361,1,0,5,0.006,0.013
pgsphere,"",362,1,1,8,0.006,0.018
pgsphere,"",363,1,0,6,0.006,0.016
pgsphere,"",364,1,1,5,0.006,0.013
pgsphere,"",365,1,0,4,0.006,0.009
pgsphere,"",366,1,1,5,0.006,0.01
pgsphere,"",367,1,0,5,0.006,0.013
pgsphere,"",368,1,1,9,0.006,0.019
pgsphere,"",369,1,0,4,0.006,0.01
pgsphere,"",370,1,1,7,0.006,0.016
pgsphere,"",371,1,0,4,0.006,0.009
pgsphere,"",372,1,1,5,0.006,0.011
pgsphere,"",373,1,0,4,0.006,0.009
pgsphere,"",374,1,1,5,0.006,0.011
pgsphere,"",375,1,0,4,0.006,0.011
pgsphere,"",376,1,1,7,0.006,0.015
pgsphere,"",377,1,0,4,0.006,0.01
pgsphere,"",378,1,1,5,0.006,0.009
pgsphere,"",379,1,0,5,0.006,0.012
pgsphere,"",380,1,1,5,0.006,0.012
pgsphere,"",381,1,0,6,0.006,0.014
pgsphere,"",382,1,1,7,0.006,0.013
pgsphere,"",383,1,0,4,0.006,0.011
pgsphere,"",384,1,1,6,0.006,0.015
pgsphere,"",385,1,0,3,0.006,0.007
pgsphere,"",386,1,1,5,0.006,0.011
pgsphere,"",387,1,0,5,0.008,0.012
pgsphere,"",388,1,1,7,0.006,0.017
pgsphere,"",389,1,0,3,0.006,0.005
pgsphere,"",390,1,1,9,0.006,0.019
pgsphere,"",391,1,0,7,0.006,0.018
pgsphere,"",392,1,1,7,0.008,0.018
pgsphere,"",393,1,0,3,0.006,0.008
pgsphere,"",394,1,1,6,0.006,0.013
pgsphere,"",395,1,0,4,0.006,0.011
pgsphere,"",396,1,1,6,0.006,0.014
pgsphere,"",397,1,0,5,0.006,0.011
pgsphere,"",398,1,1,7,0.006,0.015
pgsphere,"",399,1,0,5,0.008,0.014
pgsphere,"",400,1,1,6,0.006,0.013
pgsphere,"",401,1,0,3,0.006,0.008
pgsphere,"",402,1,1,5,0.006,0.011
pgsphere,"",403,1,0,4,0.006,0.01
pgsphere,"",404,1,1,6,0.006,0.014
pgsphere,"",405,1,0,4,0.006,0.011
pgsphere,"",406,1,1,6,0.006,0.016
pgsphere,"",407,1,0,5,0.006,0.016
pgsphere,"",408,1,1,5,0.006,0.01
pgsphere,"",409,1,0,5,0.006,0.012
pgsphere,"",410,1,1,5,0.006,0.011
pgsphere,"",411,1,0,5,0.006,0.011
pgsphere,"",412,1,1,5,0.006,0.009
pgsphere,"",413,1,0,7,0.006,0.018
pgsphere,"",414,1,1,6,0.006,0.013
pgsphere,"",415,1,0,4,0.006,0.009
pgsphere,"",416,1,1,5,0.006,0.013
pgsphere,"",417,1,0,5,0.006,0.013
pgsphere,"",418,1,1,7,0.006,0.016
pgsphere,"",419,1,0,4,0.006,0.012
pgsphere,"",420,1,1,5,0.006,0.011
pgsphere,"",421,1,0,7,0.006,0.018
pgsphere,"",422,1,1,6,0.006,0.013
pgsphere,"",423,1,0,6,0.006,0.018
pgsphere,"",424,1,1,6,0.006,0.013
pgsphere,"",425,1,1,6,0.006,0.012
pgsphere,"",426,1,1,5,0.006,0.012
pgsphere,"",427,1,0,5,0.008,0.015
pgsphere,"",428,1,1,5,0.006,0.012
pgsphere,"",429,1,0,6,0.006,0.016
pgsphere,"",430,1,1,6,0.006,0.015
pgsphere,"",431,1,0,4,0.006,0.012
pgsphere,"",432,1,1,6,0.006,0.015
pgsphere,"",433,1,0,4,0.006,0.009
pgsphere,"",434,1,1,5,0.006,0.012
pgsphere,"",435,1,0,4,0.006,0.012
pgsphere,"",436,1,1,7,0.006,0.015
pgsphere,"",437,1,0,7,0.006,0.016
pgsphere,"",438,1,1,8,0.006,0.018
pgsphere,"",439,1,0,8,0.006,0.019
pgsphere,"",440,1,1,5,0.006,0.011
pgsphere,"",441,1,0,4,0.006,0.01
pgsphere,"",442,1,1,5,0.006,0.011
pgsphere,"",443,1,0,3,0.006,0.007
pgsphere,"",444,1,1,5,0.006,0.011
pgsphere,"",445,1,0,6,0.006,0.015
pgsphere,"",446,1,1,7,0.006,0.017
pgsphere,"",447,1,0,4,0.006,0.011
pgsphere,"",448,1,1,7,0.006,0.017
pgsphere,"",449,1,0,4,0.006,0.01
pgsphere,"",450,1,1,7,0.006,0.013
pgsphere,"",451,1,0,6,0.006,0.016
pgsphere,"",452,1,1,7,0.006,0.013
pgsphere,"",453,1,0,6,0.006,0.015
pgsphere,"",454,1,1,5,0.006,0.011
pgsphere,"",455,1,0,7,0.006,0.015
pgsphere,"",456,1,1,6,0.006,0.012
pgsphere,"",457,1,0,6,0.006,0.015
pgsphere,"",458,1,1,5,0.006,0.01
pgsphere,"",459,1,0,4,0.006,0.01
pgsphere,"",460,1,1,5,0.006,0.012
pgsphere,"",461,1,0,4,0.006,0.01
pgsphere,"",462,1,1,5,0.006,0.011
pgsphere,"",463,1,0,4,0.006,0.01
pgsphere,"",464,1,1,7,0.006,0.018
pgsphere,"",465,1,0,4,0.006,0.01
pgsphere,"",466,1,1,7,0.006,0.018
pgsphere,"",467,1,0,7,0.006,0.015
pgsphere,"",468,1,2,6,0.006,0.014
pgsphere,"",469,1,0,9,0.006,0.022
pgsphere,"",470,1,1,6,0.006,0.015
pgsphere,"",471,1,0,5,0.006,0.012
pgsphere,"",472,1,1,9,0.006,0.019
pgsphere,"",473,1,0,5,0.006,0.011
pgsphere,"",474,1,1,5,0.006,0.017
pgsphere,"",475,1,0,4,0.006,0.011
pgsphere,"",476,1,1,6,0.006,0.014
pgsphere,"",477,1,0,5,0.006,0.012
pgsphere,"",478,1,1,5,0.006,0.011
pgsphere,"",479,1,0,5,0.006,0.013
pgsphere,"",480,1,1,6,0.006,0.013
pgsphere,"",481,1,0,7,0.006,0.015
pgsphere,"",482,1,1,7,0.006,0.015
pgsphere,"",483,1,0,4,0.006,0.01
pgsphere,"",484,1,1,6,0.006,0.011
pgsphere,"",485,1,0,3,0.006,0.007
pgsphere,"",486,1,1,8,0.006,0.017
pgsphere,"",487,1,0,7,0.006,0.016
pgsphere,"",488,1,1,6,0.006,0.018
pgsphere,"",489,1,0,5,0.006,0.013
pgsphere,"",490,1,1,8,0.006,0.018
pgsphere,"",491,1,0,5,0.006,0.013
pgsphere,"",492,1,1,5,0.006,0.009
pgsphere,"",493,1,0,4,0.006,0.01
pgsphere,"",494,1,1,7,0.006,0.015
pgsphere,"",495,1,0,4,0.008,0.01
pgsphere,"",496,1,1,5,0.006,0.013
pgsphere,"",497,1,0,4,0.006,0.01
pgsphere,"",498,1,1,7,0.006,0.015
pgsphere,"",499,1,0,4,0.006,0.011
pgsphere,"",500,1,1,5,0.006,0.012
pgsphere,"",501,1,0,4,0.006,0.011
pgsphere,"",502,1,1,6,0.006,0.014
pgsphere,"",503,1,0,8,0.006,0.019
pgsphere,"",504,1,1,6,0.006,0.014
pgsphere,"",505,1,0,4,0.006,0.01
pgsphere,"",506,1,2,8,0.006,0.018
pgsphere,"",507,1,0,8,0.006,0.019
pgsphere,"",508,1,1,5,0.006,0.012
pgsphere,"",509,1,0,6,0.006,0.014
pgsphere,"",510,1,1,6,0.006,0.014
pgsphere,"",511,1,0,4,0.006,0.01
pgsphere,"",512,1,1,5,0.006,0.01
pgsphere,"",513,1,0,4,0.006,0.009
pgsphere,"",514,1,1,5,0.006,0.01
pgsphere,"",515,1,0,5,0.006,0.014
pgsphere,"",516,1,1,6,0.006,0.015
pgsphere,"",517,1,0,5,0.006,0.011
pgsphere,"",518,1,1,5,0.006,0.011
pgsphere,"",519,1,0,4,0.006,0.011
pgsphere,"",520,1,1,5,0.006,0.01
pgsphere,"",521,1,0,4,0.006,0.01
pgsphere,"",522,1,1,6,0.006,0.014
pgsphere,"",523,1,0,6,0.006,0.015
pgsphere,"",524,1,1,7,0.006,0.016
pgsphere,"",525,1,0,4,0.006,0.01
pgsphere,"",526,1,1,9,0.006,0.02
pgsphere,"",527,1,0,4,0.006,0.01
pgsphere,"",528,1,1,8,0.006,0.016
pgsphere,"",529,1,0,5,0.011,0.013
pgsphere,"",530,1,1,7,0.006,0.017
pgsphere,"",531,1,0,4,0.006,0.01
pgsphere,"",532,1,1,9,0.006,0.019
pgsphere,"",533,1,0,5,0.006,0.014
pgsphere,"",534,1,1,8,0.006,0.015
pgsphere,"",535,1,0,5,0.006,0.012
pgsphere,"",536,1,1,6,0.006,0.013
pgsphere,"",537,1,0,7,0.006,0.015
pgsphere,"",538,1,1,6,0.008,0.014
pgsphere,"",539,1,0,4,0.007,0.01
pgsphere,"",540,1,1,8,0.006,0.017
pgsphere,"",541,1,0,4,0.006,0.009
pgsphere,"",542,1,1,8,0.006,0.017
pgsphere,"",543,1,0,4,0.006,0.01
pgsphere,"",544,1,1,5,0.006,0.011
pgsphere,"",545,1,0,7,0.006,0.017
pgsphere,"",546,1,1,5,0.006,0.01
pgsphere,"",547,1,0,4,0.006,0.012
pgsphere,"",548,1,1,6,0.006,0.015
pgsphere,"",549,1,0,6,0.006,0.017
pgsphere,"",550,1,1,6,0.006,0.013
pgsphere,"",551,1,0,4,0.006,0.01
pgsphere,"",552,1,1,7,0.006,0.016
pgsphere,"",553,1,0,5,0.006,0.011
pgsphere,"",554,1,1,7,0.006,0.016
pgsphere,"",555,1,0,4,0.007,0.013
pgsphere,"",556,1,1,6,0.006,0.015
pgsphere,"",557,1,0,4,0.006,0.01
pgsphere,"",558,1,1,5,0.006,0.012
pgsphere,"",559,1,0,5,0.006,0.012
pgsphere,"",560,1,1,5,0.006,0.011
pgsphere,"",561,1,0,4,0.006,0.01
pgsphere,"",562,1,1,6,0.006,0.013
pgsphere,"",563,1,0,6,0.008,0.016
pgsphere,"",564,1,1,6,0.006,0.012
pgsphere,"",565,1,0,5,0.006,0.014
pgsphere,"",566,1,1,7,0.006,0.018
pgsphere,"",567,1,0,5,0.006,0.013
pgsphere,"",568,1,1,5,0.006,0.01
pgsphere,"",569,1,0,5,0.006,0.01
pgsphere,"",570,1,1,7,0.006,0.017
pgsphere,"",571,1,0,6,0.006,0.015
pgsphere,"",572,1,13,11,0.006,0.029
pgsphere,"",573,1,0,4,0.006,0.008
pgsphere,"",574,1,1,6,0.006,0.013
pgsphere,"",575,1,0,5,0.006,0.012
pgsphere,"",576,1,1,8,0.006,0.019
pgsphere,"",577,1,0,7,0.006,0.019
pgsphere,"",578,1,2,9,0.006,0.022
pgsphere,"",579,1,0,4,0.006,0.01
pgsphere,"",580,1,1,5,0.006,0.011
pgsphere,"",581,1,0,5,0.006,0.014
pgsphere,"",582,1,1,6,0.006,0.012
pgsphere,"",583,1,0,7,0.006,0.017
pgsphere,"",584,1,1,6,0.006,0.012
pgsphere,"",585,1,0,5,0.006,0.01
pgsphere,"",586,1,1,5,0.006,0.011
pgsphere,"",587,1,0,8,0.006,0.016
pgsphere,"",588,1,1,5,0.006,0.011
pgsphere,"",589,1,0,5,0.006,0.013
pgsphere,"",590,1,1,7,0.006,0.016
pgsphere,"",591,1,0,6,0.006,0.014
pgsphere,"",592,1,1,7,0.006,0.02
pgsphere,"",593,1,0,5,0.006,0.012
pgsphere,"",594,1,1,5,0.006,0.01
pgsphere,"",595,1,0,5,0.006,0.012
pgsphere,"",596,1,1,5,0.006,0.017
pgsphere,"",597,1,0,5,0.006,0.012
pgsphere,"",598,1,1,8,0.006,0.019
pgsphere,"",599,1,0,4,0.006,0.009
pgsphere,"",600,1,1,5,0.006,0.011
pgsphere,"",601,1,0,6,0.006,0.014
pgsphere,"",602,1,1,5,0.006,0.012
pgsphere,"",603,1,0,4,0.006,0.011
pgsphere,"",604,1,2,7,0.006,0.015
pgsphere,"",605,1,0,5,0.006,0.011
pgsphere,"",606,1,18,7,0.006,0.015
pgsphere,"",607,1,0,5,0.006,0.012
pgsphere,"",608,1,1,6,0.006,0.012
pgsphere,"",609,1,0,4,0.006,0.01
pgsphere,"",610,1,1,7,0.006,0.017
pgsphere,"",611,1,0,5,0.006,0.013
pgsphere,"",612,1,1,7,0.006,0.018
pgsphere,"",613,1,0,7,0.006,0.014
pgsphere,"",614,1,1,6,0.006,0.013
pgsphere,"",615,1,0,7,0.006,0.02
pgsphere,"",616,1,1,5,0.006,0.01
pgsphere,"",617,1,0,6,0.006,0.013
pgsphere,"",618,1,1,9,0.006,0.019
pgsphere,"",619,1,0,6,0.006,0.012
pgsphere,"",620,1,1,7,0.006,0.015
pgsphere,"",621,1,0,4,0.006,0.009
pgsphere,"",622,1,1,7,0.006,0.013
pgsphere,"",623,1,0,3,0.011,0.008
pgsphere,"",624,1,1,7,0.006,0.016
pgsphere,"",625,1,0,3,0.006,0.007
pgsphere,"",626,1,1,5,0.006,0.011
pgsphere,"",627,1,0,4,0.006,0.009
pgsphere,"",628,1,1,7,0.006,0.015
pgsphere,"",629,1,0,7,0.006,0.015
pgsphere,"",630,1,1,5,0.006,0.011
pgsphere,"",631,1,0,8,0.008,0.019
pgsphere,"",632,1,1,6,0.006,0.014
pgsphere,"",633,1,0,5,0.006,0.012
pgsphere,"",634,1,1,7,0.006,0.017
pgsphere,"",635,1,0,6,0.006,0.015
pgsphere,"",636,1,1,5,0.006,0.011
pgsphere,"",637,1,1,5,0.01,0.016
pgsphere,"",638,1,1,7,0.012,0.022
pgsphere,"",639,1,0,6,0.01,0.019
pgsphere,"",640,1,1,5,0.01,0.015
pgsphere,"",641,1,0,4,0.014,0.016
pgsphere,"",642,1,1,5,0.008,0.015
pgsphere,"",643,1,0,4,0.009,0.015
pgsphere,"",644,1,1,7,0.006,0.015
pgsphere,"",645,1,0,5,0.006,0.013
pgsphere,"",646,1,1,5,0.008,0.012
pgsphere,"",647,1,0,5,0.006,0.023
pgsphere,"",648,1,1,7,0.008,0.018
pgsphere,"",649,1,0,8,0.008,0.023
pgsphere,"",650,1,1,6,0.01,0.016
pgsphere,"",651,1,0,7,0.008,0.016
pgsphere,"",652,1,1,6,0.011,0.018
pgsphere,"",653,1,0,4,0.008,0.012
pgsphere,"",654,1,1,5,0.006,0.013
pgsphere,"",655,1,0,6,0.006,0.014
pgsphere,"",656,1,1,5,0.006,0.013
pgsphere,"",657,1,0,5,0.006,0.012
pgsphere,"",658,1,11,10,0.006,0.02
pgsphere,"",659,1,0,4,0.006,0.011
pgsphere,"",660,1,1,6,0.012,0.013
pgsphere,"",661,1,0,5,0.008,0.014
pgsphere,"",662,1,1,9,0.006,0.023
pgsphere,"",663,1,0,5,0.012,0.016
pgsphere,"",664,1,1,7,0.008,0.021
pgsphere,"",665,1,0,7,0.01,0.019
pgsphere,"",666,1,1,5,0.009,0.016
pgsphere,"",667,1,0,4,0.008,0.014
pgsphere,"",668,1,1,6,0.009,0.016
pgsphere,"",669,1,0,7,0.009,0.019
pgsphere,"",670,1,1,6,0.006,0.015
pgsphere,"",671,1,0,4,0.008,0.011
pgsphere,"",672,1,2,8,0.006,0.022
pgsphere,"",673,1,0,6,0.008,0.019
pgsphere,"",674,1,1,5,0.008,0.013
pgsphere,"",675,1,0,4,0.006,0.012
pgsphere,"",676,1,1,7,0.006,0.018
pgsphere,"",677,1,0,6,0.006,0.015
pgsphere,"",678,1,1,5,0.008,0.015
pgsphere,"",679,1,0,4,0.006,0.012
pgsphere,"",680,1,1,8,0.006,0.018
pgsphere,"",681,1,0,6,0.008,0.018
pgsphere,"",682,1,1,5,0.006,0.013
pgsphere,"",683,1,0,3,0.007,0.008
pgsphere,"",684,1,1,6,0.006,0.014
pgsphere,"",685,1,0,6,0.006,0.016
pgsphere,"",686,1,1,6,0.006,0.014
pgsphere,"",687,1,0,5,0.006,0.013
pgsphere,"",688,1,11,13,0.006,0.029
pgsphere,"",689,1,0,5,0.007,0.014
pgsphere,"",690,1,1,5,0.006,0.012
pgsphere,"",691,1,0,4,0.006,0.009
pgsphere,"",692,1,1,6,0.006,0.013
pgsphere,"",693,1,0,4,0.006,0.01
pgsphere,"",694,1,1,5,0.006,0.011
pgsphere,"",695,1,0,4,0.006,0.008
pgsphere,"",696,1,1,5,0.006,0.012
pgsphere,"",697,1,0,4,0.006,0.009
pgsphere,"",698,1,1,5,0.006,0.012
pgsphere,"",699,1,0,8,0.008,0.018
pgsphere,"",700,1,1,5,0.006,0.012
pgsphere,"",701,1,0,4,0.006,0.011
pgsphere,"",702,1,2,9,0.006,0.022
pgsphere,"",703,1,0,4,0.006,0.011
pgsphere,"",704,1,1,5,0.006,0.012
pgsphere,"",705,1,0,5,0.006,0.013
pgsphere,"",706,1,1,6,0.006,0.015
pgsphere,"",707,1,0,5,0.006,0.012
pgsphere,"",708,1,1,6,0.006,0.014
pgsphere,"",709,1,0,5,0.006,0.012
pgsphere,"",710,1,1,6,0.006,0.014
pgsphere,"",711,1,0,4,0.006,0.011
pgsphere,"",712,1,1,6,0.006,0.014
pgsphere,"",713,1,0,5,0.006,0.013
pgsphere,"",714,1,1,7,0.006,0.015
pgsphere,"",715,1,0,4,0.006,0.011
pgsphere,"",716,1,1,7,0.006,0.016
pgsphere,"",717,1,0,6,0.006,0.017
pgsphere,"",718,1,1,7,0.008,0.018
pgsphere,"",719,1,0,6,0.006,0.019
pgsphere,"",720,1,1,5,0.006,0.011
pgsphere,"",721,1,0,4,0.008,0.012
pgsphere,"",722,1,1,9,0.008,0.028
pgsphere,"",723,1,0,5,0.008,0.013
pgsphere,"",724,1,1,5,0.008,0.014
pgsphere,"",725,1,0,4,0.008,0.012
pgsphere,"",726,1,1,5,0.008,0.011
pgsphere,"",727,1,0,5,0.007,0.018
pgsphere,"",728,1,1,6,0.006,0.017
pgsphere,"",729,1,0,5,0.008,0.015
pgsphere,"",730,1,1,6,0.008,0.017
pgsphere,"",731,1,0,5,0.008,0.013
pgsphere,"",732,1,1,5,0.007,0.015
pgsphere,"",733,1,0,6,0.008,0.016
pgsphere,"",734,1,1,6,0.008,0.018
pgsphere,"",735,1,0,4,0.008,0.013
pgsphere,"",736,1,1,5,0.006,0.012
pgsphere,"",737,1,0,5,0.008,0.014
pgsphere,"",738,1,1,6,0.008,0.018
pgsphere,"",739,1,0,5,0.007,0.013
pgsphere,"",740,1,1,5,0.008,0.015
pgsphere,"",741,1,0,4,0.008,0.01
pgsphere,"",742,1,1,7,0.006,0.019
pgsphere,"",743,1,0,4,0.006,0.014
pgsphere,"",744,1,1,5,0.007,0.013
pgsphere,"",745,1,0,5,0.008,0.016
pgsphere,"",746,1,1,6,0.006,0.016
pgsphere,"",747,1,0,5,0.007,0.017
pgsphere,"",748,1,1,6,0.007,0.016
pgsphere,"",749,1,0,4,0.007,0.013
pgsphere,"",750,1,1,8,0.008,0.017
pgsphere,"",751,1,0,3,0.006,0.007
pgsphere,"",752,1,1,5,0.006,0.011
pgsphere,"",753,1,0,4,0.008,0.011
pgsphere,"",754,1,1,8,0.008,0.019
pgsphere,"",755,1,0,4,0.006,0.01
pgsphere,"",756,1,2,5,0.006,0.012
pgsphere,"",757,1,0,4,0.006,0.014
pgsphere,"",758,1,1,7,0.006,0.016
pgsphere,"",759,1,0,4,0.006,0.015
pgsphere,"",760,1,1,7,0.006,0.017
pgsphere,"",761,1,0,5,0.006,0.012
pgsphere,"",762,1,1,8,0.006,0.018
pgsphere,"",763,1,0,5,0.006,0.02
pgsphere,"",764,1,1,5,0.006,0.012
pgsphere,"",765,1,0,5,0.008,0.012
pgsphere,"",766,1,1,5,0.006,0.012
pgsphere,"",767,1,0,6,0.009,0.016
pgsphere,"",768,1,1,6,0.006,0.016
pgsphere,"",769,1,0,9,0.006,0.024
pgsphere,"",770,1,3,8,0.006,0.018
pgsphere,"",771,1,0,6,0.006,0.014
pgsphere,"",772,1,1,5,0.006,0.011
pgsphere,"",773,1,0,4,0.006,0.01
pgsphere,"",774,1,1,5,0.008,0.013
pgsphere,"",775,1,0,7,0.006,0.021
pgsphere,"",776,1,1,9,0.007,0.027
pgsphere,"",777,1,0,4,0.008,0.014
pgsphere,"",778,1,1,5,0.006,0.013
pgsphere,"",779,1,0,4,0.006,0.011
pgsphere,"",780,1,1,6,0.006,0.015
pgsphere,"",781,1,0,5,0.006,0.014
pgsphere,"",782,1,1,5,0.006,0.012
pgsphere,"",783,1,0,5,0.006,0.013
pgsphere,"",784,1,1,6,0.006,0.015
pgsphere,"",785,1,0,5,0.006,0.013
pgsphere,"",786,1,1,7,0.006,0.016
pgsphere,"",787,1,0,4,0.006,0.011
pgsphere,"",788,1,1,8,0.006,0.019
pgsphere,"",789,1,0,6,0.006,0.016
pgsphere,"",790,1,1,6,0.008,0.019
pgsphere,"",791,1,0,4,0.006,0.009
pgsphere,"",792,1,1,7,0.006,0.017
pgsphere,"",793,1,0,6,0.006,0.014
pgsphere,"",794,1,1,5,0.006,0.011
pgsphere,"",795,1,0,4,0.006,0.01
pgsphere,"",796,1,1,6,0.006,0.014
pgsphere,"",797,1,0,5,0.006,0.012
pgsphere,"",798,1,1,8,0.006,0.017
pgsphere,"",799,1,0,4,0.006,0.009
pgsphere,"",800,1,1,5,0.006,0.012
pgsphere,"",801,1,0,5,0.007,0.014
pgsphere,"",802,1,2,5,0.008,0.013
pgsphere,"",803,1,0,6,0.006,0.019
pgsphere,"",804,1,1,5,0.006,0.012
pgsphere,"",805,1,0,4,0.006,0.01
pgsphere,"",806,1,2,9,0.006,0.021
pgsphere,"",807,1,0,5,0.006,0.014
pgsphere,"",808,1,3,10,0.006,0.022
pgsphere,"",809,1,0,7,0.006,0.018
pgsphere,"",810,1,1,7,0.006,0.018
pgsphere,"",811,1,1,6,0.006,0.015
pgsphere,"",812,1,1,5,0.006,0.011
pgsphere,"",813,1,0,4,0.006,0.013
pgsphere,"",814,1,1,5,0.006,0.011
pgsphere,"",815,1,0,4,0.006,0.011
pgsphere,"",816,1,2,9,0.008,0.027
pgsphere,"",817,1,0,4,0.006,0.012
pgsphere,"",818,1,1,5,0.008,0.015
pgsphere,"",819,1,0,4,0.008,0.012
pgsphere,"",820,1,4,7,0.007,0.018
pgsphere,"",821,1,0,6,0.006,0.015
pgsphere,"",822,1,199,27,0.006,0.065
pgsphere,"",823,1,0,6,0.006,0.014
pgsphere,"",824,1,2,7,0.006,0.019
pgsphere,"",825,1,0,5,0.006,0.011
pgsphere,"",826,1,1,6,0.006,0.013
pgsphere,"",827,1,0,6,0.006,0.015
pgsphere,"",828,1,1,6,0.006,0.015
pgsphere,"",829,1,1,5,0.006,0.011
pgsphere,"",830,1,2,9,0.006,0.022
pgsphere,"",831,1,1,7,0.006,0.014
pgsphere,"",832,1,1,5,0.006,0.022
pgsphere,"",833,1,0,5,0.006,0.011
pgsphere,"",834,1,1,6,0.006,0.016
pgsphere,"",835,1,0,6,0.008,0.017
pgsphere,"",836,1,8,8,0.006,0.021
pgsphere,"",837,1,0,5,0.006,0.01
pgsphere,"",838,1,1,7,0.006,0.017
pgsphere,"",839,1,0,5,0.006,0.012
pgsphere,"",840,1,2,5,0.006,0.012
pgsphere,"",841,1,0,4,0.006,0.011
pgsphere,"",842,1,1,6,0.006,0.015
pgsphere,"",843,1,0,5,0.006,0.011
pgsphere,"",844,1,1,5,0.006,0.013
pgsphere,"",845,1,0,4,0.006,0.011
pgsphere,"",846,1,1,5,0.006,0.015
pgsphere,"",847,1,0,5,0.007,0.013
pgsphere,"",848,1,1,8,0.006,0.021
pgsphere,"",849,1,0,4,0.006,0.01
pgsphere,"",850,1,1,8,0.006,0.018
pgsphere,"",851,1,0,4,0.006,0.011
pgsphere,"",852,1,2,7,0.006,0.018
pgsphere,"",853,1,0,5,0.006,0.014
pgsphere,"",854,1,2,7,0.006,0.017
pgsphere,"",855,1,0,7,0.006,0.016
pgsphere,"",856,1,3,6,0.006,0.013
pgsphere,"",857,1,0,5,0.006,0.013
pgsphere,"",858,1,8,6,0.006,0.017
pgsphere,"",859,1,0,6,0.006,0.018
pgsphere,"",860,1,1,5,0.006,0.012
pgsphere,"",861,1,0,5,0.006,0.015
pgsphere,"",862,1,3,10,0.006,0.018
pgsphere,"",863,1,0,7,0.006,0.018
pgsphere,"",864,1,359,74,0.006,0.132
pgsphere,"",865,1,0,4,0.006,0.012
pgsphere,"",866,1,2,7,0.006,0.018
pgsphere,"",867,1,0,5,0.006,0.011
pgsphere,"",868,1,2,6,0.006,0.015
pgsphere,"",869,1,0,5,0.006,0.013
pgsphere,"",870,1,1,5,0.006,0.011
pgsphere,"",871,1,0,4,0.006,0.012
pgsphere,"",872,1,3,8,0.006,0.017
pgsphere,"",873,1,0,4,0.006,0.01
pgsphere,"",874,1,5,5,0.006,0.014
pgsphere,"",875,1,0,7,0.006,0.018
pgsphere,"",876,1,3,9,0.006,0.019
pgsphere,"",877,1,0,7,0.006,0.018
pgsphere,"",878,1,1,6,0.006,0.014
pgsphere,"",879,1,0,5,0.006,0.013
pgsphere,"",880,1,1,6,0.006,0.013
pgsphere,"",881,1,0,3,0.006,0.007
pgsphere,"",882,1,1,9,0.006,0.022
pgsphere,"",883,1,0,4,0.006,0.011
pgsphere,"",884,1,3,8,0.006,0.021
pgsphere,"",885,1,1,10,0.006,0.019
pgsphere,"",886,1,4,6,0.006,0.017
pgsphere,"",887,1,0,6,0.006,0.014
pgsphere,"",888,1,1,6,0.006,0.015
pgsphere,"",889,1,0,4,0.006,0.01
pgsphere,"",890,1,2,8,0.006,0.021
pgsphere,"",891,1,3,6,0.006,0.015
pgsphere,"",892,1,1,6,0.006,0.013
pgsphere,"",893,1,3,12,0.006,0.029
pgsphere,"",894,1,2,5,0.006,0.01
pgsphere,"",895,1,0,5,0.006,0.013
pgsphere,"",896,1,1,5,0.006,0.01
pgsphere,"",897,1,0,4,0.006,0.01
pgsphere,"",898,1,2,6,0.006,0.015
pgsphere,"",899,1,0,5,0.006,0.013
pgsphere,"",900,1,1,7,0.006,0.018
pgsphere,"",901,1,0,5,0.006,0.011
pgsphere,"",902,1,3,8,0.006,0.019
pgsphere,"",903,1,0,5,0.008,0.015
pgsphere,"",904,1,2,10,0.006,0.025
pgsphere,"",905,1,0,9,0.006,0.021
pgsphere,"",906,1,4,7,0.006,0.019
pgsphere,"",907,1,1,9,0.006,0.02
pgsphere,"",908,1,3,6,0.006,0.015
pgsphere,"",909,1,0,4,0.006,0.01
pgsphere,"",910,1,5,7,0.006,0.024
pgsphere,"",911,1,0,4,0.008,0.01
pgsphere,"",912,1,1,7,0.006,0.017
pgsphere,"",913,1,0,5,0.006,0.013
pgsphere,"",914,1,1,5,0.006,0.012
pgsphere,"",915,1,0,5,0.006,0.015
pgsphere,"",916,1,1,5,0.006,0.012
pgsphere,"",917,1,0,3,0.006,0.007
pgsphere,"",918,1,1,5,0.006,0.012
pgsphere,"",919,1,0,5,0.006,0.014
pgsphere,"",920,1,1,6,0.006,0.013
pgsphere,"",921,1,0,4,0.008,0.012
pgsphere,"",922,1,1,5,0.006,0.012
pgsphere,"",923,1,0,6,0.006,0.015
pgsphere,"",924,1,4,7,0.011,0.019
pgsphere,"",925,1,0,4,0.006,0.01
pgsphere,"",926,1,2,6,0.006,0.013
pgsphere,"",927,1,0,4,0.006,0.011
pgsphere,"",928,1,48,17,0.006,0.035
pgsphere,"",929,1,0,4,0.006,0.011
pgsphere,"",930,1,4,13,0.006,0.029
pgsphere,"",931,1,0,6,0.006,0.016
pgsphere,"",932,1,2,6,0.006,0.014
pgsphere,"",933,1,2,6,0.006,0.011
pgsphere,"",934,1,2,9,0.006,0.017
pgsphere,"",935,1,0,4,0.006,0.008
pgsphere,"",936,1,5,8,0.006,0.019
pgsphere,"",937,1,2,5,0.006,0.017
pgsphere,"",938,1,1,5,0.006,0.013
pgsphere,"",939,1,0,4,0.006,0.011
pgsphere,"",940,1,2,6,0.006,0.017
pgsphere,"",941,1,0,4,0.006,0.011
pgsphere,"",942,1,4,7,0.006,0.019
pgsphere,"",943,1,0,5,0.006,0.013
pgsphere,"",944,1,1,10,0.006,0.023
pgsphere,"",945,1,0,6,0.006,0.015
pgsphere,"",946,1,4,5,0.006,0.013
pgsphere,"",947,1,0,7,0.006,0.016
pgsphere,"",948,1,2,6,0.006,0.017
pgsphere,"",949,1,0,5,0.006,0.011
pgsphere,"",950,1,1,7,0.006,0.014
pgsphere,"",951,1,0,5,0.008,0.017
pgsphere,"",952,1,1,5,0.006,0.013
pgsphere,"",953,1,0,6,0.006,0.015
pgsphere,"",954,1,1,7,0.006,0.018
pgsphere,"",955,1,0,8,0.006,0.018
pgsphere,"",956,1,1,5,0.006,0.012
pgsphere,"",957,1,0,5,0.006,0.013
pgsphere,"",958,1,1,5,0.006,0.01
pgsphere,"",959,1,0,6,0.006,0.017
pgsphere,"",960,1,1,7,0.006,0.017
pgsphere,"",961,1,0,7,0.006,0.016
pgsphere,"",962,1,2,6,0.006,0.012
pgsphere,"",963,1,0,4,0.006,0.01
pgsphere,"",964,1,3,6,0.011,0.014
pgsphere,"",965,1,0,4,0.006,0.01
pgsphere,"",966,1,1,5,0.006,0.011
pgsphere,"",967,1,0,4,0.006,0.01
pgsphere,"",968,1,2,5,0.006,0.011
pgsphere,"",969,1,0,5,0.006,0.014
pgsphere,"",970,1,18,9,0.006,0.019
pgsphere,"",971,1,2,5,0.008,0.014
pgsphere,"",972,1,2,6,0.006,0.014
pgsphere,"",973,1,0,4,0.006,0.011
pgsphere,"",974,1,3,6,0.006,0.018
pgsphere,"",975,1,0,7,0.006,0.019
pgsphere,"",976,1,3,8,0.006,0.022
pgsphere,"",977,1,1,7,0.006,0.014
pgsphere,"",978,1,1,5,0.006,0.011
pgsphere,"",979,1,0,4,0.006,0.01
pgsphere,"",980,1,1,5,0.006,0.011
pgsphere,"",981,1,0,6,0.007,0.017
pgsphere,"",982,1,7,6,0.006,0.015
pgsphere,"",983,1,0,6,0.006,0.018
pgsphere,"",984,1,2,6,0.006,0.016
pgsphere,"",985,1,0,6,0.006,0.015
pgsphere,"",986,1,5,6,0.006,0.014
pgsphere,"",987,1,0,4,0.006,0.01
pgsphere,"",988,1,1,6,0.006,0.016
pgsphere,"",989,1,0,4,0.006,0.009
pgsphere,"",990,1,6,8,0.006,0.019
pgsphere,"",991,1,0,8,0.006,0.021
pgsphere,"",992,1,1,7,0.006,0.018
pgsphere,"",993,1,0,4,0.006,0.01
pgsphere,"",994,1,1,6,0.006,0.014
pgsphere,"",995,1,0,4,0.006,0.009
pgsphere,"",996,1,5,7,0.006,0.018
pgsphere,"",997,1,0,5,0.006,0.01
pgsphere,"",998,1,5,8,0.006,0.019
pgsphere,"",999,1,0,4,0.006,0.009
pgsphere,"",1000,1,1,5,0.006,0.013
pgsphere,"",1001,1,0,4,0.006,0.009
pgsphere,"",1002,1,1,5,0.006,0.013
pgsphere,"",1003,1,0,9,0.006,0.024
pgsphere,"",1004,1,1,6,0.006,0.015
pgsphere,"",1005,1,0,6,0.006,0.014
pgsphere,"",1006,1,3,6,0.006,0.016
pgsphere,"",1007,1,1,5,0.006,0.011
pgsphere,"",1008,1,2,6,0.006,0.013
pgsphere,"",1009,1,0,5,0.006,0.012
pgsphere,"",1010,1,2,7,0.006,0.017
pgsphere,"",1011,1,0,4,0.006,0.011
pgsphere,"",1012,1,1,5,0.006,0.011
pgsphere,"",1013,1,1,7,0.006,0.018
pgsphere,"",1014,1,2,6,0.006,0.014
pgsphere,"",1015,1,0,6,0.006,0.012
pgsphere,"",1016,1,1,5,0.006,0.009
pgsphere,"",1017,1,0,5,0.006,0.012
pgsphere,"",1018,1,3,5,0.006,0.013
pgsphere,"",1019,1,0,6,0.006,0.015
pgsphere,"",1020,1,1,6,0.006,0.013
pgsphere,"",1021,1,0,4,0.006,0.01
pgsphere,"",1022,1,1,5,0.006,0.011
pgsphere,"",1023,1,0,4,0.006,0.011
pgsphere,"",1024,1,1,5,0.006,0.012
pgsphere,"",1025,1,0,8,0.006,0.019
pgsphere,"",1026,1,1,5,0.006,0.012
pgsphere,"",1027,1,0,10,0.006,0.024
pgsphere,"",1028,1,4,8,0.006,0.02
pgsphere,"",1029,1,0,7,0.006,0.019
pgsphere,"",1030,1,1,5,0.006,0.01
pgsphere,"",1031,1,0,5,0.006,0.013
pgsphere,"",1032,1,1,5,0.006,0.011
pgsphere,"",1033,1,0,4,0.006,0.01
pgsphere,"",1034,1,2,5,0.006,0.011
pgsphere,"",1035,1,0,4,0.006,0.01
pgsphere,"",1036,1,1,6,0.006,0.016
pgsphere,"",1037,1,0,5,0.006,0.014
pgsphere,"",1038,1,1,8,0.006,0.016
pgsphere,"",1039,1,0,4,0.008,0.013
pgsphere,"",1040,1,1,6,0.006,0.014
pgsphere,"",1041,1,0,5,0.006,0.014
pgsphere,"",1042,1,1,5,0.006,0.012
pgsphere,"",1043,1,0,6,0.006,0.014
pgsphere,"",1044,1,1,7,0.006,0.017
pgsphere,"",1045,1,1,6,0.006,0.015
pgsphere,"",1046,1,3,5,0.006,0.011
pgsphere,"",1047,1,0,7,0.006,0.018
pgsphere,"",1048,1,1,10,0.006,0.022
pgsphere,"",1049,1,0,8,0.006,0.019
pgsphere,"",1050,1,3,6,0.006,0.018
pgsphere,"",1051,1,0,4,0.006,0.011
pgsphere,"",1052,1,1,6,0.006,0.014
pgsphere,"",1053,1,0,4,0.006,0.011
pgsphere,"",1054,1,1,6,0.006,0.013
pgsphere,"",1055,1,0,5,0.006,0.013
pgsphere,"",1056,1,1,5,0.006,0.014
pgsphere,"",1057,1,0,4,0.006,0.009
pgsphere,"",1058,1,64,23,0.006,0.049
pgsphere,"",1059,1,0,6,0.007,0.013
pgsphere,"",1060,1,1,6,0.006,0.014
pgsphere,"",1061,1,0,8,0.006,0.018
pgsphere,"",1062,1,1,10,0.006,0.026
pgsphere,"",1063,1,0,5,0.006,0.014
pgsphere,"",1064,1,6,7,0.006,0.016
pgsphere,"",1065,1,2,11,0.006,0.025
pgsphere,"",1066,1,2,5,0.006,0.011
pgsphere,"",1067,1,0,4,0.006,0.01
pgsphere,"",1068,1,2,7,0.006,0.014
pgsphere,"",1069,1,0,5,0.006,0.009
pgsphere,"",1070,1,4,7,0.006,0.015
pgsphere,"",1071,1,0,4,0.006,0.01
pgsphere,"",1072,1,3,8,0.006,0.017
pgsphere,"",1073,1,0,6,0.006,0.015
pgsphere,"",1074,1,1,5,0.006,0.012
pgsphere,"",1075,1,0,4,0.006,0.01
pgsphere,"",1076,1,1,5,0.006,0.01
pgsphere,"",1077,1,0,9,0.006,0.022
pgsphere,"",1078,1,1,7,0.006,0.016
pgsphere,"",1079,1,1,5,0.006,0.014
pgsphere,"",1080,1,2,6,0.006,0.016
pgsphere,"",1081,1,0,4,0.006,0.011
pgsphere,"",1082,1,2,5,0.006,0.011
pgsphere,"",1083,1,0,5,0.006,0.013
pgsphere,"",1084,1,1,6,0.006,0.014
pgsphere,"",1085,1,0,5,0.006,0.013
pgsphere,"",1086,1,2,5,0.006,0.012
pgsphere,"",1087,1,0,5,0.006,0.015
pgsphere,"",1088,1,2,8,0.006,0.017
pgsphere,"",1089,1,0,5,0.006,0.012
pgsphere,"",1090,1,5,6,0.006,0.015
pgsphere,"",1091,1,0,4,0.006,0.011
pgsphere,"",1092,1,2,6,0.006,0.014
pgsphere,"",1093,1,0,7,0.006,0.019
pgsphere,"",1094,1,2,7,0.006,0.015
pgsphere,"",1095,1,0,4,0.006,0.011
pgsphere,"",1096,1,1,7,0.006,0.015
pgsphere,"",1097,1,0,4,0.006,0.01
pgsphere,"",1098,1,1,5,0.006,0.011
pgsphere,"",1099,1,1,6,0.006,0.013
pgsphere,"",1100,1,7,11,0.006,0.025
pgsphere,"",1101,8,1,6,0.007,0.015
pgsphere,"",1102,8,3,9,0.006,0.021
pgsphere,"",1103,8,11,8,0.006,0.018
pgsphere,"",1104,8,2,7,0.006,0.016
pgsphere,"",1105,8,1,5,0.006,0.013
pgsphere,"",1106,8,59,19,0.006,0.034
pgsphere,"",1107,8,3,6,0.008,0.015
pgsphere,"",1108,8,36,12,0.006,0.023
pgsphere,"",1109,8,3,5,0.006,0.011
pgsphere,"",1110,8,27,10,0.006,0.023
pgsphere,"",1111,8,3,7,0.006,0.026
pgsphere,"",1112,8,5,5,0.006,0.013
pgsphere,"",1113,8,2,7,0.006,0.015
pgsphere,"",1114,8,123,25,0.006,0.045
pgsphere,"",1115,8,4,5,0.006,0.011
pgsphere,"",1116,8,137,25,0.006,0.059
pgsphere,"",1117,8,11,9,0.006,0.019
pgsphere,"",1118,8,107,24,0.006,0.044
pgsphere,"",1119,8,14,7,0.006,0.018
pgsphere,"",1120,8,158,26,0.006,0.051
pgsphere,"",1121,8,2,6,0.006,0.013
pgsphere,"",1122,8,21,19,0.006,0.03
pgsphere,"",1123,8,2,6,0.006,0.013
pgsphere,"",1124,8,4,6,0.006,0.013
pgsphere,"",1125,8,3,7,0.008,0.017
pgsphere,"",1126,8,18,7,0.006,0.019
pgsphere,"",1127,8,3,6,0.006,0.011
pgsphere,"",1128,8,6,9,0.006,0.017
pgsphere,"",1129,8,21,7,0.006,0.017
pgsphere,"",1130,8,8,6,0.006,0.014
pgsphere,"",1131,8,2,5,0.006,0.01
pgsphere,"",1132,8,88,16,0.006,0.042
pgsphere,"",1133,8,15,7,0.006,0.019
pgsphere,"",1134,8,1,8,0.006,0.014
pgsphere,"",1135,8,3,9,0.006,0.03
pgsphere,"",1136,8,29,14,0.006,0.035
pgsphere,"",1137,8,0,5,0.006,0.011
pgsphere,"",1138,8,2,6,0.006,0.013
pgsphere,"",1139,8,1,6,0.006,0.014
pgsphere,"",1140,8,6,8,0.006,0.018
pgsphere,"",1141,8,8,9,0.006,0.025
pgsphere,"",1142,8,2,7,0.006,0.017
pgsphere,"",1143,8,4,8,0.006,0.016
pgsphere,"",1144,8,75,16,0.006,0.031
pgsphere,"",1145,8,4,6,0.006,0.012
pgsphere,"",1146,8,22,9,0.006,0.024
pgsphere,"",1147,8,2,6,0.006,0.011
pgsphere,"",1148,8,6,7,0.006,0.016
pgsphere,"",1149,8,9,6,0.006,0.013
pgsphere,"",1150,8,66,21,0.006,0.045
pgsphere,"",1151,8,1,6,0.006,0.013
pgsphere,"",1152,8,34,10,0.006,0.028
pgsphere,"",1153,8,4,5,0.006,0.011
pgsphere,"",1154,8,45,11,0.006,0.024
pgsphere,"",1155,8,3,6,0.006,0.017
pgsphere,"",1156,8,466,53,0.006,0.122
pgsphere,"",1157,8,1,7,0.006,0.014
pgsphere,"",1158,8,49,10,0.006,0.026
pgsphere,"",1159,8,2,6,0.006,0.014
pgsphere,"",1160,8,42,13,0.006,0.025
pgsphere,"",1161,8,4,8,0.006,0.016
pgsphere,"",1162,8,3,6,0.006,0.014
pgsphere,"",1163,8,6,7,0.006,0.014
pgsphere,"",1164,8,3,5,0.006,0.011
pgsphere,"",1165,8,12,10,0.006,0.023
pgsphere,"",1166,8,20,8,0.006,0.02
pgsphere,"",1167,8,4,7,0.006,0.015
pgsphere,"",1168,8,930,99,0.006,0.203
pgsphere,"",1169,8,46,11,0.006,0.034
pgsphere,"",1170,8,5,8,0.009,0.015
pgsphere,"",1171,8,1,8,0.006,0.019
pgsphere,"",1172,8,6,7,0.006,0.021
pgsphere,"",1173,8,3,6,0.006,0.013
pgsphere,"",1174,8,4,7,0.006,0.018
pgsphere,"",1175,8,1,6,0.008,0.014
pgsphere,"",1176,8,16,12,0.006,0.032
pgsphere,"",1177,8,2,6,0.006,0.012
pgsphere,"",1178,8,10,8,0.006,0.018
pgsphere,"",1179,8,4,6,0.006,0.014
pgsphere,"",1180,8,13,9,0.006,0.023
pgsphere,"",1181,8,2,5,0.006,0.009
pgsphere,"",1182,8,52,18,0.006,0.04
pgsphere,"",1183,8,7,5,0.006,0.014
pgsphere,"",1184,8,4,8,0.006,0.016
pgsphere,"",1185,8,1,7,0.006,0.015
pgsphere,"",1186,8,48,15,0.006,0.032
pgsphere,"",1187,8,3,7,0.006,0.016
pgsphere,"",1188,8,3,8,0.006,0.017
pgsphere,"",1189,8,3,6,0.006,0.016
pgsphere,"",1190,8,2,9,0.006,0.017
pgsphere,"",1191,8,1,8,0.006,0.018
pgsphere,"",1192,8,137,27,0.006,0.054
pgsphere,"",1193,8,2,6,0.006,0.014
pgsphere,"",1194,8,3,6,0.011,0.015
pgsphere,"",1195,8,2,9,0.006,0.021
pgsphere,"",1196,8,8,6,0.006,0.013
pgsphere,"",1197,8,1,7,0.006,0.016
pgsphere,"",1198,8,49,15,0.008,0.034
pgsphere,"",1199,8,4,5,0.009,0.013
pgsphere,"",1200,8,55,18,0.012,0.047
pgsphere,"",1201,8,2,10,0.006,0.026
pgsphere,"",1202,8,6,8,0.007,0.03
pgsphere,"",1203,8,48,19,0.009,0.042
pgsphere,"",1204,8,8,9,0.006,0.02
pgsphere,"",1205,8,0,5,0.006,0.014
pgsphere,"",1206,8,63,14,0.006,0.035
pgsphere,"",1207,8,8,10,0.007,0.027
pgsphere,"",1208,8,10,6,0.006,0.019
pgsphere,"",1209,8,2,7,0.006,0.015
pgsphere,"",1210,8,8,6,0.006,0.015
pgsphere,"",1211,8,0,6,0.006,0.014
pgsphere,"",1212,8,72,13,0.006,0.038
pgsphere,"",1213,8,2,9,0.006,0.016
pgsphere,"",1214,8,26,12,0.006,0.024
pgsphere,"",1215,8,1,6,0.006,0.013
pgsphere,"",1216,8,33,14,0.006,0.032
pgsphere,"",1217,8,2,5,0.006,0.012
pgsphere,"",1218,8,4,7,0.006,0.017
pgsphere,"",1219,8,5,6,0.006,0.015
pgsphere,"",1220,8,70,16,0.006,0.036
pgsphere,"",1221,8,0,4,0.006,0.012
pgsphere,"",1222,8,3834,267,0.006,0.568
pgsphere,"",1223,8,1,5,0.006,0.011
pgsphere,"",1224,8,5,6,0.007,0.014
pgsphere,"",1225,8,11,10,0.006,0.028
pgsphere,"",1226,8,3,8,0.006,0.02
pgsphere,"",1227,8,4,7,0.006,0.013
pgsphere,"",1228,8,1616,183,0.006,0.317
pgsphere,"",1229,8,11,10,0.006,0.021
pgsphere,"",1230,8,1,5,0.006,0.012
pgsphere,"",1231,8,1,6,0.006,0.014
pgsphere,"",1232,8,170,31,0.006,0.065
pgsphere,"",1233,8,2,7,0.006,0.017
pgsphere,"",1234,8,3,6,0.006,0.013
pgsphere,"",1235,8,2,6,0.006,0.016
pgsphere,"",1236,8,32,9,0.006,0.021
pgsphere,"",1237,8,2,7,0.006,0.018
pgsphere,"",1238,8,4,8,0.006,0.015
pgsphere,"",1239,8,6,11,0.006,0.023
pgsphere,"",1240,8,40,17,0.006,0.038
pgsphere,"",1241,8,3,7,0.006,0.013
pgsphere,"",1242,8,11,12,0.006,0.028
pgsphere,"",1243,8,51,17,0.009,0.035
pgsphere,"",1244,8,66,14,0.006,0.033
pgsphere,"",1245,8,1,7,0.006,0.014
pgsphere,"",1246,8,3,5,0.006,0.012
pgsphere,"",1247,8,0,7,0.006,0.016
pgsphere,"",1248,8,106,29,0.006,0.056
pgsphere,"",1249,8,11,10,0.006,0.025
pgsphere,"",1250,8,29,10,0.006,0.021
pgsphere,"",1251,8,2,5,0.006,0.012
pgsphere,"",1252,8,79,17,0.006,0.036
pgsphere,"",1253,8,4,7,0.006,0.018
pgsphere,"",1254,8,118,26,0.006,0.048
pgsphere,"",1255,8,47,12,0.006,0.033
pgsphere,"",1256,8,4009,226,0.006,0.56
pgsphere,"",1257,8,74,22,0.006,0.051
pgsphere,"",1258,8,4,7,0.006,0.015
pgsphere,"",1259,8,1,5,0.006,0.013
pgsphere,"",1260,8,5,9,0.006,0.02
pgsphere,"",1261,8,99,15,0.006,0.037
pgsphere,"",1262,8,140,23,0.006,0.053
pgsphere,"",1263,8,2,5,0.006,0.011
pgsphere,"",1264,8,74,18,0.006,0.035
pgsphere,"",1265,8,1,8,0.006,0.017
pgsphere,"",1266,8,21,13,0.006,0.024
pgsphere,"",1267,8,3,6,0.006,0.015
pgsphere,"",1268,8,3,9,0.006,0.021
pgsphere,"",1269,8,3,6,0.006,0.016
pgsphere,"",1270,8,22,9,0.006,0.023
pgsphere,"",1271,8,14,11,0.006,0.033
pgsphere,"",1272,8,19,12,0.007,0.028
pgsphere,"",1273,8,4,7,0.006,0.014
pgsphere,"",1274,8,730,74,0.006,0.165
pgsphere,"",1275,8,61,16,0.006,0.034
pgsphere,"",1276,8,3,6,0.006,0.012
pgsphere,"",1277,8,2,6,0.006,0.015
pgsphere,"",1278,8,139,29,0.006,0.059
pgsphere,"",1279,8,0,5,0.006,0.01
pgsphere,"",1280,8,87,20,0.006,0.046
pgsphere,"",1281,8,3,10,0.006,0.02
pgsphere,"",1282,8,77,17,0.008,0.038
pgsphere,"",1283,8,4,8,0.006,0.02
pgsphere,"",1284,8,47,19,0.006,0.035
pgsphere,"",1285,8,36,12,0.006,0.03
pgsphere,"",1286,8,2,6,0.006,0.012
pgsphere,"",1287,8,7,5,0.006,0.013
pgsphere,"",1288,8,4,7,0.006,0.018
pgsphere,"",1289,8,1,5,0.006,0.01
pgsphere,"",1290,8,175,26,0.006,0.058
pgsphere,"",1291,8,2,7,0.006,0.016
pgsphere,"",1292,8,65,13,0.006,0.03
pgsphere,"",1293,8,4,6,0.006,0.013
pgsphere,"",1294,8,59,11,0.006,0.025
pgsphere,"",1295,8,2,8,0.006,0.018
pgsphere,"",1296,8,5,6,0.006,0.014
pgsphere,"",1297,8,1,10,0.006,0.024
pgsphere,"",1298,8,9,10,0.006,0.02
pgsphere,"",1299,8,3,5,0.006,0.012
pgsphere,"",1300,8,81,15,0.006,0.033
pgsphere,"",1301,190,115,22,0.006,0.045
pgsphere,"",1302,190,528,69,0.006,0.168
pgsphere,"",1303,190,144,27,0.006,0.058
pgsphere,"",1304,190,1562,164,0.006,0.366
pgsphere,"",1305,190,53,16,0.006,0.032
pgsphere,"",1306,190,1632,175,0.006,0.388
pgsphere,"",1307,190,103,23,0.006,0.046
pgsphere,"",1308,190,85,20,0.006,0.038
pgsphere,"",1309,190,72,9,0.006,0.028
pgsphere,"",1310,190,68,13,0.006,0.029
pgsphere,"",1311,190,63,12,0.008,0.029
pgsphere,"",1312,190,66,22,0.006,0.044
pgsphere,"",1313,190,51,15,0.006,0.029
pgsphere,"",1314,190,69,15,0.006,0.032
pgsphere,"",1315,190,475,96,0.006,0.165
pgsphere,"",1316,190,397,46,0.006,0.108
pgsphere,"",1317,190,71,18,0.006,0.046
pgsphere,"",1318,190,800,92,0.006,0.18
pgsphere,"",1319,190,64,21,0.006,0.037
pgsphere,"",1320,190,73,16,0.006,0.036
pgsphere,"",1321,190,75,22,0.006,0.041
pgsphere,"",1322,190,69,24,0.006,0.049
pgsphere,"",1323,190,77,19,0.006,0.04
pgsphere,"",1324,190,2294,231,0.006,0.501
pgsphere,"",1325,190,84,18,0.006,0.042
pgsphere,"",1326,190,752,110,0.006,0.22
pgsphere,"",1327,190,72,17,0.006,0.036
pgsphere,"",1328,190,879,144,0.006,0.26
pgsphere,"",1329,190,81,15,0.006,0.034
pgsphere,"",1330,190,1598,175,0.006,0.34
pgsphere,"",1331,190,61,14,0.006,0.03
pgsphere,"",1332,190,69,21,0.006,0.039
pgsphere,"",1333,190,67,13,0.006,0.032
pgsphere,"",1334,190,736,74,0.006,0.173
pgsphere,"",1335,190,311,54,0.006,0.114
pgsphere,"",1336,190,1019,105,0.006,0.233
pgsphere,"",1337,190,81,21,0.006,0.043
pgsphere,"",1338,190,1099,122,0.006,0.265
pgsphere,"",1339,190,122,21,0.007,0.045
pgsphere,"",1340,190,1284,127,0.006,0.256
pgsphere,"",1341,190,56,14,0.006,0.032
pgsphere,"",1342,190,65,14,0.006,0.032
pgsphere,"",1343,190,61,19,0.006,0.035
pgsphere,"",1344,190,57,13,0.006,0.03
pgsphere,"",1345,190,63,18,0.006,0.039
pgsphere,"",1346,190,553,64,0.006,0.136
pgsphere,"",1347,190,68,21,0.006,0.043
pgsphere,"",1348,190,63,24,0.006,0.047
pgsphere,"",1349,190,216,50,0.006,0.097
pgsphere,"",1350,190,75,17,0.006,0.04
pgsphere,"",1351,190,69,26,0.006,0.046
pgsphere,"",1352,190,157,30,0.006,0.065
pgsphere,"",1353,190,211,35,0.006,0.073
pgsphere,"",1354,190,136,27,0.006,0.053
pgsphere,"",1355,190,47,21,0.006,0.037
pgsphere,"",1356,190,660,80,0.006,0.15
pgsphere,"",1357,190,70,23,0.006,0.04
pgsphere,"",1358,190,66,12,0.006,0.034
pgsphere,"",1359,190,68,15,0.006,0.034
pgsphere,"",1360,190,674,80,0.006,0.187
pgsphere,"",1361,190,67,19,0.006,0.039
pgsphere,"",1362,190,61,15,0.006,0.03
pgsphere,"",1363,190,60,16,0.006,0.037
pgsphere,"",1364,190,2512,236,0.006,0.482
pgsphere,"",1365,190,65,17,0.006,0.031
pgsphere,"",1366,190,65,16,0.006,0.033
pgsphere,"",1367,190,60,21,0.006,0.038
pgsphere,"",1368,190,60,23,0.006,0.045
pgsphere,"",1369,190,163,37,0.006,0.064
pgsphere,"",1370,190,4069,354,0.006,0.752
pgsphere,"",1371,190,77,16,0.006,0.034
pgsphere,"",1372,190,601,75,0.006,0.157
pgsphere,"",1373,190,49,16,0.006,0.032
pgsphere,"",1374,190,70,13,0.006,0.035
pgsphere,"",1375,190,73,24,0.006,0.042
pgsphere,"",1376,190,495,75,0.006,0.154
pgsphere,"",1377,190,63,25,0.006,0.05
pgsphere,"",1378,190,1356,170,0.006,0.365
pgsphere,"",1379,190,79,11,0.006,0.027
pgsphere,"",1380,190,1572,190,0.006,0.405
pgsphere,"",1381,190,47,18,0.006,0.035
pgsphere,"",1382,190,75,22,0.006,0.039
pgsphere,"",1383,190,65,19,0.006,0.04
pgsphere,"",1384,190,77,15,0.006,0.032
pgsphere,"",1385,190,1227,144,0.006,0.292
pgsphere,"",1386,190,1589,176,0.007,0.4
pgsphere,"",1387,190,79,15,0.006,0.04
pgsphere,"",1388,190,898,102,0.006,0.194
pgsphere,"",1389,190,69,18,0.006,0.031
pgsphere,"",1390,190,710,85,0.006,0.178
pgsphere,"",1391,190,77,18,0.006,0.032
pgsphere,"",1392,190,67,11,0.006,0.03
pgsphere,"",1393,190,66,28,0.006,0.049
pgsphere,"",1394,190,3504,315,0.006,0.68
pgsphere,"",1395,190,64,17,0.009,0.041
pgsphere,"",1396,190,3600,317,0.008,0.852
pgsphere,"",1397,190,59,23,0.009,0.052
pgsphere,"",1398,190,2926,263,0.008,0.569
pgsphere,"",1399,190,66,15,0.012,0.04
pgsphere,"",1400,190,4002,371,0.013,0.81
pgsphere,"",1401,762,297,46,0.008,0.09
pgsphere,"",1402,762,254,35,0.006,0.079
pgsphere,"",1403,762,324,48,0.008,0.099
pgsphere,"",1404,762,1369,171,0.006,0.374
pgsphere,"",1405,762,265,35,0.008,0.081
pgsphere,"",1406,762,1108,134,0.006,0.295
pgsphere,"",1407,762,276,37,0.007,0.1
pgsphere,"",1408,762,4152,399,0.008,1.008
pgsphere,"",1409,762,297,50,0.011,0.134
pgsphere,"",1410,762,306,32,0.008,0.08
pgsphere,"",1411,762,748,77,0.006,0.171
pgsphere,"",1412,762,265,37,0.006,0.083
pgsphere,"",1413,762,280,51,0.006,0.096
pgsphere,"",1414,762,1101,153,0.006,0.332
pgsphere,"",1415,762,251,45,0.006,0.095
pgsphere,"",1416,762,9129,794,0.006,1.753
pgsphere,"",1417,762,272,45,0.008,0.091
pgsphere,"",1418,762,5071,567,0.008,1.22
pgsphere,"",1419,762,271,29,0.007,0.074
pgsphere,"",1420,762,5690,500,0.006,1.067
pgsphere,"",1421,762,233,46,0.008,0.104
pgsphere,"",1422,762,4433,412,0.006,0.867
pgsphere,"",1423,762,260,52,0.007,0.092
pgsphere,"",1424,762,3126,384,0.006,0.745
pgsphere,"",1425,762,3145,272,0.006,0.653
pgsphere,"",1426,762,302,36,0.006,0.08
pgsphere,"",1427,762,255,36,0.006,0.074
pgsphere,"",1428,762,3905,496,0.008,1.029
pgsphere,"",1429,762,1284,146,0.008,0.332
pgsphere,"",1430,762,1294,163,0.008,0.329
pgsphere,"",1431,762,289,47,0.008,0.108
pgsphere,"",1432,762,268,33,0.008,0.084
pgsphere,"",1433,762,901,96,0.006,0.217
pgsphere,"",1434,762,277,47,0.006,0.09
pgsphere,"",1435,762,1243,158,0.006,0.345
pgsphere,"",1436,762,1021,121,0.006,0.283
pgsphere,"",1437,762,298,39,0.008,0.08
pgsphere,"",1438,762,4191,281,0.006,0.641
pgsphere,"",1439,762,307,44,0.006,0.089
pgsphere,"",1440,762,269,36,0.006,0.095
pgsphere,"",1441,6852,2336,101,0.007,0.513
pgsphere,"",1442,6852,2435,118,0.006,0.611
pgsphere,"",1443,6852,2502,104,0.007,0.491
pgsphere,"",1444,6852,35019,1083,0.007,6.946
pgsphere,"",1445,6852,11114,403,0.009,2.284
pgsphere,"",1446,6852,6517,183,0.007,0.993
pgsphere,"",1447,6852,2340,91,0.006,0.431
pgsphere,"",1448,6852,147516,3699,0.008,22.372
pgsphere,"",1449,6852,2525,125,0.01,0.569
pgsphere,"",1450,6852,43516,1227,0.006,7.063
pgsphere,"",1451,6852,2330,97,0.008,0.417
pgsphere,"",1452,6852,26649,892,0.006,5.103
pgsphere,"",1453,6852,2324,99,0.01,0.43
pgsphere,"",1454,6852,22109,820,0.006,4.849
pgsphere,"",1455,6852,2386,110,0.007,0.446
pgsphere,"",1456,6852,18819,705,0.006,3.845
skycell,use_stats=off,1,1,0,3,0.021,0.009
skycell,use_stats=off,2,1,1,4,0.015,0.008
skycell,use_stats=off,3,1,0,3,0.014,0.006
skycell,use_stats=off,4,1,1,7,0.021,0.011
skycell,use_stats=off,5,1,0,3,0.013,0.006
skycell,use_stats=off,6,1,1,7,0.021,0.011
skycell,use_stats=off,7,1,0,3,0.013,0.005
skycell,use_stats=off,8,1,1,4,0.013,0.006
skycell,use_stats=off,9,1,0,3,0.014,0.006
skycell,use_stats=off,10,1,1,4,0.012,0.005
skycell,use_stats=off,11,1,0,3,0.013,0.005
skycell,use_stats=off,12,1,1,7,0.019,0.007
skycell,use_stats=off,13,1,0,3,0.013,0.005
skycell,use_stats=off,14,1,1,4,0.013,0.006
skycell,use_stats=off,15,1,0,3,0.012,0.005
skycell,use_stats=off,16,1,1,7,0.018,0.008
skycell,use_stats=off,17,1,0,6,0.019,0.006
skycell,use_stats=off,18,1,1,7,0.018,0.009
skycell,use_stats=off,19,1,0,3,0.012,0.005
skycell,use_stats=off,20,1,1,4,0.013,0.005
skycell,use_stats=off,21,1,0,3,0.013,0.004
skycell,use_stats=off,22,1,1,7,0.019,0.007
skycell,use_stats=off,23,1,0,3,0.013,0.006
skycell,use_stats=off,24,1,1,4,0.012,0.006
skycell,use_stats=off,25,1,0,3,0.012,0.005
skycell,use_stats=off,26,1,1,4,0.012,0.006
skycell,use_stats=off,27,1,0,3,0.013,0.005
skycell,use_stats=off,28,1,1,4,0.012,0.011
skycell,use_stats=off,29,1,0,3,0.012,0.004
skycell,use_stats=off,30,1,1,7,0.018,0.007
skycell,use_stats=off,31,1,0,3,0.013,0.005
skycell,use_stats=off,32,1,1,7,0.018,0.006
skycell,use_stats=off,33,1,0,3,0.012,0.004
skycell,use_stats=off,34,1,1,4,0.012,0.006
skycell,use_stats=off,35,1,0,3,0.012,0.003
skycell,use_stats=off,36,1,1,4,0.012,0.005
skycell,use_stats=off,37,1,0,6,0.018,0.006
skycell,use_stats=off,38,1,1,4,0.012,0.005
skycell,use_stats=off,39,1,0,3,0.013,0.005
skycell,use_stats=off,40,1,1,4,0.012,0.006
skycell,use_stats=off,41,1,0,3,0.012,0.005
skycell,use_stats=off,42,1,1,4,0.012,0.005
skycell,use_stats=off,43,1,0,6,0.018,0.006
skycell,use_stats=off,44,1,1,4,0.012,0.006
skycell,use_stats=off,45,1,0,6,0.018,0.007
skycell,use_stats=off,46,1,1,7,0.025,0.007
skycell,use_stats=off,47,1,0,6,0.018,0.005
skycell,use_stats=off,48,1,1,4,0.012,0.005
skycell,use_stats=off,49,1,0,3,0.012,0.005
skycell,use_stats=off,50,1,1,4,0.013,0.007
skycell,use_stats=off,51,1,0,6,0.018,0.006
skycell,use_stats=off,52,1,1,4,0.013,0.006
skycell,use_stats=off,53,1,0,3,0.012,0.005
skycell,use_stats=off,54,1,1,4,0.012,0.005
skycell,use_stats=off,55,1,0,6,0.018,0.006
skycell,use_stats=off,56,1,1,4,0.012,0.005
skycell,use_stats=off,57,1,0,3,0.013,0.005
skycell,use_stats=off,58,1,1,4,0.012,0.005
skycell,use_stats=off,59,1,0,3,0.012,0.005
skycell,use_stats=off,60,1,1,4,0.012,0.006
skycell,use_stats=off,61,1,0,6,0.018,0.006
skycell,use_stats=off,62,1,1,7,0.022,0.008
skycell,use_stats=off,63,1,0,3,0.013,0.004
skycell,use_stats=off,64,1,1,4,0.012,0.005
skycell,use_stats=off,65,1,0,3,0.012,0.004
skycell,use_stats=off,66,1,1,4,0.012,0.005
skycell,use_stats=off,67,1,0,3,0.012,0.004
skycell,use_stats=off,68,1,1,4,0.012,0.005
skycell,use_stats=off,69,1,0,3,0.014,0.006
skycell,use_stats=off,70,1,1,4,0.011,0.005
skycell,use_stats=off,71,1,0,3,0.012,0.004
skycell,use_stats=off,72,1,1,4,0.012,0.005
skycell,use_stats=off,73,1,0,3,0.012,0.004
skycell,use_stats=off,74,1,1,4,0.012,0.005
skycell,use_stats=off,75,1,0,3,0.012,0.004
skycell,use_stats=off,76,1,1,4,0.012,0.005
skycell,use_stats=off,77,1,0,3,0.022,0.004
skycell,use_stats=off,78,1,1,4,0.012,0.006
skycell,use_stats=off,79,1,0,3,0.012,0.004
skycell,use_stats=off,80,1,1,4,0.012,0.005
skycell,use_stats=off,81,1,0,3,0.012,0.004
skycell,use_stats=off,82,1,1,4,0.012,0.006
skycell,use_stats=off,83,1,0,12,0.029,0.014
skycell,use_stats=off,84,1,1,4,0.012,0.006
skycell,use_stats=off,85,1,0,3,0.012,0.005
skycell,use_stats=off,86,1,1,4,0.012,0.005
skycell,use_stats=off,87,1,0,3,0.012,0.005
skycell,use_stats=off,88,1,1,4,0.012,0.005
skycell,use_stats=off,89,1,0,6,0.018,0.006
skycell,use_stats=off,90,1,1,4,0.012,0.006
skycell,use_stats=off,91,1,0,3,0.012,0.004
skycell,use_stats=off,92,1,1,4,0.012,0.006
skycell,use_stats=off,93,1,0,3,0.012,0.004
skycell,use_stats=off,94,1,1,7,0.018,0.007
skycell,use_stats=off,95,1,0,3,0.012,0.005
skycell,use_stats=off,96,1,1,7,0.018,0.008
skycell,use_stats=off,97,1,0,3,0.012,0.005
skycell,use_stats=off,98,1,1,4,0.012,0.005
skycell,use_stats=off,99,1,0,3,0.012,0.004
skycell,use_stats=off,100,1,1,4,0.012,0.005
skycell,use_stats=off,101,1,0,3,0.012,0.004
skycell,use_stats=off,102,1,1,4,0.012,0.005
skycell,use_stats=off,103,1,0,3,0.012,0.005
skycell,use_stats=off,104,1,1,4,0.012,0.005
skycell,use_stats=off,105,1,0,3,0.012,0.004
skycell,use_stats=off,106,1,1,4,0.012,0.006
skycell,use_stats=off,107,1,0,3,0.011,0.004
skycell,use_stats=off,108,1,1,4,0.012,0.005
skycell,use_stats=off,109,1,0,6,0.018,0.008
skycell,use_stats=off,110,1,1,7,0.018,0.007
skycell,use_stats=off,111,1,0,12,0.029,0.007
skycell,use_stats=off,112,1,1,4,0.013,0.005
skycell,use_stats=off,113,1,0,3,0.012,0.01
skycell,use_stats=off,114,1,1,4,0.012,0.005
skycell,use_stats=off,115,1,0,3,0.012,0.005
skycell,use_stats=off,116,1,1,7,0.018,0.006
skycell,use_stats=off,117,1,0,3,0.012,0.005
skycell,use_stats=off,118,1,1,4,0.012,0.005
skycell,use_stats=off,119,1,0,3,0.012,0.004
skycell,use_stats=off,120,1,1,4,0.012,0.005
skycell,use_stats=off,121,1,0,3,0.012,0.004
skycell,use_stats=off,122,1,1,7,0.018,0.007
skycell,use_stats=off,123,1,0,3,0.012,0.004
skycell,use_stats=off,124,1,1,4,0.012,0.006
skycell,use_stats=off,125,1,0,6,0.019,0.006
skycell,use_stats=off,126,1,1,4,0.012,0.007
skycell,use_stats=off,127,1,0,3,0.016,0.005
skycell,use_stats=off,128,1,1,4,0.014,0.006
skycell,use_stats=off,129,1,0,3,0.012,0.004
skycell,use_stats=off,130,1,1,4,0.011,0.005
skycell,use_stats=off,131,1,0,3,0.012,0.004
skycell,use_stats=off,132,1,1,4,0.012,0.005
skycell,use_stats=off,133,1,0,3,0.014,0.005
skycell,use_stats=off,134,1,1,4,0.012,0.005
skycell,use_stats=off,135,1,0,3,0.012,0.004
skycell,use_stats=off,136,1,1,4,0.012,0.005
skycell,use_stats=off,137,1,0,3,0.012,0.004
skycell,use_stats=off,138,1,1,7,0.018,0.008
skycell,use_stats=off,139,1,0,3,0.012,0.004
skycell,use_stats=off,140,1,1,4,0.012,0.005
skycell,use_stats=off,141,1,0,6,0.018,0.006
skycell,use_stats=off,142,1,1,7,0.018,0.008
skycell,use_stats=off,143,1,0,3,0.012,0.005
skycell,use_stats=off,144,1,1,7,0.018,0.006
skycell,use_stats=off,145,1,0,3,0.012,0.005
skycell,use_stats=off,146,1,1,13,0.034,0.01
skycell,use_stats=off,147,1,0,3,0.012,0.005
skycell,use_stats=off,148,1,1,4,0.012,0.006
skycell,use_stats=off,149,1,0,3,0.012,0.004
skycell,use_stats=off,150,1,1,7,0.018,0.007
skycell,use_stats=off,151,1,0,3,0.012,0.004
skycell,use_stats=off,152,1,1,4,0.013,0.007
skycell,use_stats=off,153,1,0,3,0.012,0.004
skycell,use_stats=off,154,1,1,4,0.011,0.005
skycell,use_stats=off,155,1,0,3,0.012,0.004
skycell,use_stats=off,156,1,1,4,0.012,0.006
skycell,use_stats=off,157,1,0,3,0.012,0.004
skycell,use_stats=off,158,1,1,4,0.011,0.005
skycell,use_stats=off,159,1,0,3,0.012,0.004
skycell,use_stats=off,160,1,1,4,0.012,0.005
skycell,use_stats=off,161,1,0,3,0.012,0.004
skycell,use_stats=off,162,1,1,4,0.012,0.005
skycell,use_stats=off,163,1,0,3,0.013,0.005
skycell,use_stats=off,164,1,1,4,0.011,0.005
skycell,use_stats=off,165,1,0,3,0.012,0.006
skycell,use_stats=off,166,1,1,4,0.012,0.005
skycell,use_stats=off,167,1,0,3,0.012,0.004
skycell,use_stats=off,168,1,1,7,0.018,0.008
skycell,use_stats=off,169,1,0,6,0.018,0.006
skycell,use_stats=off,170,1,1,4,0.012,0.005
skycell,use_stats=off,171,1,0,3,0.012,0.005
skycell,use_stats=off,172,1,1,4,0.012,0.005
skycell,use_stats=off,173,1,0,6,0.018,0.006
skycell,use_stats=off,174,1,1,4,0.012,0.005
skycell,use_stats=off,175,1,0,3,0.011,0.004
skycell,use_stats=off,176,1,1,4,0.012,0.005
skycell,use_stats=off,177,1,0,3,0.012,0.004
skycell,use_stats=off,178,1,1,7,0.018,0.008
skycell,use_stats=off,179,1,0,6,0.018,0.006
skycell,use_stats=off,180,1,1,4,0.012,0.005
skycell,use_stats=off,181,1,0,3,0.012,0.005
skycell,use_stats=off,182,1,1,4,0.012,0.005
skycell,use_stats=off,183,1,0,3,0.013,0.004
skycell,use_stats=off,184,1,1,7,0.018,0.007
skycell,use_stats=off,185,1,0,3,0.012,0.004
skycell,use_stats=off,186,1,1,4,0.012,0.006
skycell,use_stats=off,187,1,0,3,0.012,0.004
skycell,use_stats=off,188,1,1,4,0.011,0.005
skycell,use_stats=off,189,1,0,6,0.018,0.006
skycell,use_stats=off,190,1,1,4,0.012,0.005
skycell,use_stats=off,191,1,0,3,0.012,0.004
skycell,use_stats=off,192,1,1,4,0.012,0.005
skycell,use_stats=off,193,1,0,3,0.012,0.004
skycell,use_stats=off,194,1,1,7,0.018,0.007
skycell,use_stats=off,195,1,0,3,0.012,0.004
skycell,use_stats=off,196,1,1,4,0.012,0.006
skycell,use_stats=off,197,1,0,12,0.031,0.009
skycell,use_stats=off,198,1,1,4,0.012,0.005
skycell,use_stats=off,199,1,0,3,0.012,0.004
skycell,use_stats=off,200,1,1,4,0.012,0.005
skycell,use_stats=off,201,1,0,3,0.012,0.004
skycell,use_stats=off,202,1,1,4,0.012,0.005
skycell,use_stats=off,203,1,0,3,0.012,0.004
skycell,use_stats=off,204,1,1,4,0.012,0.005
skycell,use_stats=off,205,1,0,3,0.012,0.004
skycell,use_stats=off,206,1,1,7,0.018,0.007
skycell,use_stats=off,207,1,0,3,0.012,0.004
skycell,use_stats=off,208,1,1,4,0.012,0.006
skycell,use_stats=off,209,1,0,3,0.012,0.004
skycell,use_stats=off,210,1,1,4,0.012,0.005
skycell,use_stats=off,211,1,0,3,0.012,0.004
skycell,use_stats=off,212,1,1,4,0.012,0.005
skycell,use_stats=off,213,1,0,3,0.012,0.004
skycell,use_stats=off,214,1,1,4,0.012,0.005
skycell,use_stats=off,215,1,0,3,0.012,0.004
skycell,use_stats=off,216,1,1,7,0.018,0.007
skycell,use_stats=off,217,1,0,3,0.012,0.004
skycell,use_stats=off,218,1,1,7,0.018,0.007
skycell,use_stats=off,219,1,0,6,0.018,0.006
skycell,use_stats=off,220,1,1,7,0.018,0.007
skycell,use_stats=off,221,1,0,3,0.012,0.005
skycell,use_stats=off,222,1,1,4,0.012,0.011
skycell,use_stats=off,223,1,0,6,0.018,0.006
skycell,use_stats=off,224,1,1,4,0.012,0.005
skycell,use_stats=off,225,1,0,3,0.013,0.005
skycell,use_stats=off,226,1,1,4,0.012,0.005
skycell,use_stats=off,227,1,0,6,0.018,0.006
skycell,use_stats=off,228,1,1,4,0.011,0.005
skycell,use_stats=off,229,1,0,3,0.012,0.004
skycell,use_stats=off,230,1,1,7,0.018,0.007
skycell,use_stats=off,231,1,0,3,0.012,0.005
skycell,use_stats=off,232,1,1,4,0.015,0.006
skycell,use_stats=off,233,1,0,3,0.011,0.004
skycell,use_stats=off,234,1,1,4,0.012,0.005
skycell,use_stats=off,235,1,0,3,0.012,0.004
skycell,use_stats=off,236,1,1,4,0.012,0.005
skycell,use_stats=off,237,1,0,6,0.018,0.006
skycell,use_stats=off,238,1,1,7,0.018,0.006
skycell,use_stats=off,239,1,0,3,0.012,0.004
skycell,use_stats=off,240,1,1,4,0.012,0.006
skycell,use_stats=off,241,1,0,3,0.012,0.004
skycell,use_stats=off,242,1,1,4,0.012,0.005
skycell,use_stats=off,243,1,0,3,0.011,0.005
skycell,use_stats=off,244,1,1,4,0.014,0.007
skycell,use_stats=off,245,1,0,6,0.019,0.006
skycell,use_stats=off,246,1,1,4,0.012,0.005
skycell,use_stats=off,247,1,0,3,0.012,0.005
skycell,use_stats=off,248,1,1,4,0.011,0.005
skycell,use_stats=off,249,1,0,3,0.012,0.003
skycell,use_stats=off,250,1,1,4,0.012,0.005
skycell,use_stats=off,251,1,0,3,0.012,0.004
skycell,use_stats=off,252,1,1,4,0.011,0.005
skycell,use_stats=off,253,1,0,3,0.012,0.004
skycell,use_stats=off,254,1,1,4,0.012,0.005
skycell,use_stats=off,255,1,0,3,0.012,0.004
skycell,use_stats=off,256,1,1,4,0.012,0.005
skycell,use_stats=off,257,1,0,3,0.012,0.004
skycell,use_stats=off,258,1,1,4,0.012,0.005
skycell,use_stats=off,259,1,0,3,0.012,0.004
skycell,use_stats=off,260,1,1,4,0.014,0.006
skycell,use_stats=off,261,1,0,6,0.02,0.007
skycell,use_stats=off,262,1,1,7,0.017,0.008
skycell,use_stats=off,263,1,0,6,0.017,0.006
skycell,use_stats=off,264,1,1,4,0.011,0.005
skycell,use_stats=off,265,1,0,6,0.018,0.006
skycell,use_stats=off,266,1,1,7,0.018,0.007
skycell,use_stats=off,267,1,0,3,0.012,0.005
skycell,use_stats=off,268,1,1,4,0.018,0.006
skycell,use_stats=off,269,1,0,6,0.022,0.006
skycell,use_stats=off,270,1,1,4,0.015,0.006
skycell,use_stats=off,271,1,0,6,0.018,0.006
skycell,use_stats=off,272,1,1,4,0.012,0.006
skycell,use_stats=off,273,1,0,3,0.011,0.004
skycell,use_stats=off,274,1,1,4,0.012,0.005
skycell,use_stats=off,275,1,0,3,0.021,0.006
skycell,use_stats=off,276,1,1,4,0.012,0.005
skycell,use_stats=off,277,1,0,6,0.018,0.006
skycell,use_stats=off,278,1,1,4,0.012,0.005
skycell,use_stats=off,279,1,0,6,0.018,0.006
skycell,use_stats=off,280,1,1,4,0.012,0.006
skycell,use_stats=off,281,1,0,3,0.012,0.005
skycell,use_stats=off,282,1,1,4,0.011,0.005
skycell,use_stats=off,283,1,0,3,0.012,0.005
skycell,use_stats=off,284,1,1,4,0.012,0.006
skycell,use_stats=off,285,1,0,12,0.028,0.008
skycell,use_stats=off,286,1,1,4,0.012,0.006
skycell,use_stats=off,287,1,0,6,0.017,0.006
skycell,use_stats=off,288,1,1,4,0.011,0.005
skycell,use_stats=off,289,1,0,3,0.012,0.004
skycell,use_stats=off,290,1,1,4,0.012,0.005
skycell,use_stats=off,291,1,0,6,0.018,0.006
skycell,use_stats=off,292,1,1,7,0.018,0.007
skycell,use_stats=off,293,1,0,3,0.012,0.005
skycell,use_stats=off,294,1,1,4,0.012,0.006
skycell,use_stats=off,295,1,0,3,0.012,0.005
skycell,use_stats=off,296,1,1,4,0.012,0.005
skycell,use_stats=off,297,1,0,3,0.011,0.004
skycell,use_stats=off,298,1,1,4,0.012,0.005
skycell,use_stats=off,299,1,0,3,0.012,0.005
skycell,use_stats=off,300,1,1,4,0.012,0.005
skycell,use_stats=off,301,1,0,3,0.012,0.004
skycell,use_stats=off,302,1,1,4,0.012,0.005
skycell,use_stats=off,303,1,0,3,0.012,0.004
skycell,use_stats=off,304,1,1,7,0.018,0.007
skycell,use_stats=off,305,1,0,6,0.017,0.005
skycell,use_stats=off,306,1,1,4,0.012,0.005
skycell,use_stats=off,307,1,0,3,0.012,0.012
skycell,use_stats=off,308,1,1,4,0.012,0.005
skycell,use_stats=off,309,1,0,3,0.012,0.004
skycell,use_stats=off,310,1,1,4,0.012,0.005
skycell,use_stats=off,311,1,0,9,0.023,0.012
skycell,use_stats=off,312,1,1,7,0.018,0.007
skycell,use_stats=off,313,1,0,3,0.012,0.004
skycell,use_stats=off,314,1,1,4,0.012,0.005
skycell,use_stats=off,315,1,0,6,0.018,0.006
skycell,use_stats=off,316,1,1,7,0.017,0.006
skycell,use_stats=off,317,1,0,6,0.018,0.006
skycell,use_stats=off,318,1,1,4,0.012,0.006
skycell,use_stats=off,319,1,0,3,0.011,0.004
skycell,use_stats=off,320,1,1,4,0.012,0.005
skycell,use_stats=off,321,1,0,3,0.012,0.004
skycell,use_stats=off,322,1,1,4,0.012,0.004
skycell,use_stats=off,323,1,0,3,0.012,0.004
skycell,use_stats=off,324,1,1,7,0.018,0.007
skycell,use_stats=off,325,1,0,6,0.031,0.006
skycell,use_stats=off,326,1,1,4,0.012,0.005
skycell,use_stats=off,327,1,0,3,0.012,0.004
skycell,use_stats=off,328,1,1,4,0.012,0.005
skycell,use_stats=off,329,1,0,6,0.018,0.005
skycell,use_stats=off,330,1,1,4,0.011,0.005
skycell,use_stats=off,331,1,0,3,0.012,0.004
skycell,use_stats=off,332,1,1,4,0.012,0.005
skycell,use_stats=off,333,1,0,3,0.012,0.004
skycell,use_stats=off,334,1,1,4,0.011,0.005
skycell,use_stats=off,335,1,0,3,0.012,0.004
skycell,use_stats=off,336,1,1,4,0.012,0.006
skycell,use_stats=off,337,1,0,3,0.012,0.004
skycell,use_stats=off,338,1,1,4,0.011,0.005
skycell,use_stats=off,339,1,0,3,0.011,0.004
skycell,use_stats=off,340,1,1,4,0.019,0.005
skycell,use_stats=off,341,1,0,3,0.012,0.004
skycell,use_stats=off,342,1,1,4,0.011,0.005
skycell,use_stats=off,343,1,0,3,0.011,0.004
skycell,use_stats=off,344,1,1,4,0.012,0.005
skycell,use_stats=off,345,1,0,3,0.011,0.003
skycell,use_stats=off,346,1,1,4,0.012,0.005
skycell,use_stats=off,347,1,0,3,0.012,0.004
skycell,use_stats=off,348,1,1,7,0.018,0.007
skycell,use_stats=off,349,1,0,6,0.017,0.006
skycell,use_stats=off,350,1,1,4,0.015,0.005
skycell,use_stats=off,351,1,0,3,0.015,0.005
skycell,use_stats=off,352,1,1,4,0.012,0.005
skycell,use_stats=off,353,1,0,6,0.018,0.006
skycell,use_stats=off,354,1,1,7,0.018,0.007
skycell,use_stats=off,355,1,0,3,0.012,0.004
skycell,use_stats=off,356,1,1,7,0.018,0.007
skycell,use_stats=off,357,1,0,3,0.012,0.005
skycell,use_stats=off,358,1,1,4,0.011,0.005
skycell,use_stats=off,359,1,0,3,0.012,0.004
skycell,use_stats=off,360,1,1,4,0.012,0.006
skycell,use_stats=off,361,1,0,3,0.011,0.005
skycell,use_stats=off,362,1,1,4,0.012,0.005
skycell,use_stats=off,363,1,0,3,0.015,0.004
skycell,use_stats=off,364,1,1,7,0.018,0.007
skycell,use_stats=off,365,1,0,3,0.011,0.004
skycell,use_stats=off,366,1,1,4,0.012,0.005
skycell,use_stats=off,367,1,0,6,0.018,0.006
skycell,use_stats=off,368,1,1,4,0.012,0.005
skycell,use_stats=off,369,1,0,3,0.012,0.005
skycell,use_stats=off,370,1,1,4,0.011,0.005
skycell,use_stats=off,371,1,0,3,0.012,0.004
skycell,use_stats=off,372,1,1,4,0.012,0.005
skycell,use_stats=off,373,1,0,3,0.012,0.004
skycell,use_stats=off,374,1,1,4,0.011,0.005
skycell,use_stats=off,375,1,0,6,0.018,0.006
skycell,use_stats=off,376,1,1,4,0.012,0.005
skycell,use_stats=off,377,1,0,3,0.012,0.004
skycell,use_stats=off,378,1,1,7,0.018,0.007
skycell,use_stats=off,379,1,0,3,0.012,0.003
skycell,use_stats=off,380,1,1,4,0.011,0.005
skycell,use_stats=off,381,1,0,3,0.011,0.004
skycell,use_stats=off,382,1,1,7,0.018,0.007
skycell,use_stats=off,383,1,0,9,0.025,0.007
skycell,use_stats=off,384,1,1,4,0.014,0.006
skycell,use_stats=off,385,1,0,6,0.021,0.007
skycell,use_stats=off,386,1,1,7,0.018,0.008
skycell,use_stats=off,387,1,0,3,0.012,0.005
skycell,use_stats=off,388,1,1,7,0.02,0.008
skycell,use_stats=off,389,1,0,6,0.018,0.006
skycell,use_stats=off,390,1,1,7,0.018,0.007
skycell,use_stats=off,391,1,0,3,0.012,0.005
skycell,use_stats=off,392,1,1,4,0.012,0.006
skycell,use_stats=off,393,1,0,3,0.012,0.004
skycell,use_stats=off,394,1,1,4,0.012,0.005
skycell,use_stats=off,395,1,0,3,0.012,0.004
skycell,use_stats=off,396,1,1,4,0.012,0.005
skycell,use_stats=off,397,1,0,3,0.011,0.004
skycell,use_stats=off,398,1,1,4,0.012,0.005
skycell,use_stats=off,399,1,0,3,0.012,0.004
skycell,use_stats=off,400,1,1,7,0.017,0.007
skycell,use_stats=off,401,1,0,3,0.012,0.004
skycell,use_stats=off,402,1,1,4,0.012,0.005
skycell,use_stats=off,403,1,0,3,0.012,0.004
skycell,use_stats=off,404,1,1,7,0.018,0.008
skycell,use_stats=off,405,1,0,3,0.012,0.004
skycell,use_stats=off,406,1,1,4,0.012,0.006
skycell,use_stats=off,407,1,0,6,0.018,0.006
skycell,use_stats=off,408,1,1,10,0.024,0.008
skycell,use_stats=off,409,1,0,3,0.012,0.004
skycell,use_stats=off,410,1,1,7,0.018,0.007
skycell,use_stats=off,411,1,0,3,0.012,0.004
skycell,use_stats=off,412,1,1,4,0.012,0.006
skycell,use_stats=off,413,1,0,3,0.012,0.006
skycell,use_stats=off,414,1,1,4,0.012,0.006
skycell,use_stats=off,415,1,0,3,0.012,0.005
skycell,use_stats=off,416,1,1,4,0.015,0.006
skycell,use_stats=off,417,1,0,4,0.012,0.006
skycell,use_stats=off,418,1,1,7,0.018,0.008
skycell,use_stats=off,419,1,0,3,0.012,0.005
skycell,use_stats=off,420,1,1,4,0.012,0.004
skycell,use_stats=off,421,1,0,3,0.012,0.004
skycell,use_stats=off,422,1,1,4,0.012,0.005
skycell,use_stats=off,423,1,0,3,0.012,0.004
skycell,use_stats=off,424,1,1,7,0.018,0.012
skycell,use_stats=off,425,1,1,7,0.018,0.008
skycell,use_stats=off,426,1,1,4,0.012,0.005
skycell,use_stats=off,427,1,0,6,0.018,0.006
skycell,use_stats=off,428,1,1,4,0.012,0.006
skycell,use_stats=off,429,1,0,4,0.012,0.005
skycell,use_stats=off,430,1,1,4,0.012,0.005
skycell,use_stats=off,431,1,0,3,0.012,0.005
skycell,use_stats=off,432,1,1,4,0.012,0.006
skycell,use_stats=off,433,1,0,3,0.011,0.004
skycell,use_stats=off,434,1,1,4,0.013,0.005
skycell,use_stats=off,435,1,0,4,0.015,0.006
skycell,use_stats=off,436,1,1,4,0.012,0.005
skycell,use_stats=off,437,1,0,3,0.012,0.004
skycell,use_stats=off,438,1,1,4,0.012,0.005
skycell,use_stats=off,439,1,0,6,0.018,0.007
skycell,use_stats=off,440,1,1,4,0.012,0.005
skycell,use_stats=off,441,1,0,3,0.012,0.004
skycell,use_stats=off,442,1,1,4,0.012,0.005
skycell,use_stats=off,443,1,0,6,0.018,0.005
skycell,use_stats=off,444,1,1,7,0.018,0.007
skycell,use_stats=off,445,1,0,3,0.012,0.004
skycell,use_stats=off,446,1,1,4,0.012,0.005
skycell,use_stats=off,447,1,0,6,0.018,0.006
skycell,use_stats=off,448,1,1,7,0.018,0.007
skycell,use_stats=off,449,1,0,12,0.028,0.007
skycell,use_stats=off,450,1,1,4,0.013,0.004
skycell,use_stats=off,451,1,0,6,0.018,0.005
skycell,use_stats=off,452,1,1,7,0.02,0.008
skycell,use_stats=off,453,1,0,3,0.012,0.005
skycell,use_stats=off,454,1,1,4,0.012,0.005
skycell,use_stats=off,455,1,0,3,0.012,0.004
skycell,use_stats=off,456,1,1,7,0.018,0.007
skycell,use_stats=off,457,1,0,6,0.018,0.006
skycell,use_stats=off,458,1,1,4,0.012,0.006
skycell,use_stats=off,459,1,0,6,0.018,0.005
skycell,use_stats=off,460,1,1,4,0.012,0.005
skycell,use_stats=off,461,1,0,3,0.013,0.004
skycell,use_stats=off,462,1,1,4,0.012,0.005
skycell,use_stats=off,463,1,0,6,0.018,0.007
skycell,use_stats=off,464,1,1,4,0.012,0.005
skycell,use_stats=off,465,1,0,6,0.018,0.006
skycell,use_stats=off,466,1,1,4,0.012,0.006
skycell,use_stats=off,467,1,0,6,0.017,0.006
skycell,use_stats=off,468,1,2,4,0.012,0.005
skycell,use_stats=off,469,1,0,3,0.012,0.004
skycell,use_stats=off,470,1,1,7,0.018,0.008
skycell,use_stats=off,471,1,0,3,0.012,0.005
skycell,use_stats=off,472,1,1,4,0.012,0.005
skycell,use_stats=off,473,1,0,3,0.012,0.003
skycell,use_stats=off,474,1,1,4,0.012,0.005
skycell,use_stats=off,475,1,0,3,0.012,0.004
skycell,use_stats=off,476,1,1,4,0.012,0.005
skycell,use_stats=off,477,1,0,3,0.012,0.004
skycell,use_stats=off,478,1,1,4,0.012,0.005
skycell,use_stats=off,479,1,0,3,0.012,0.004
skycell,use_stats=off,480,1,1,4,0.012,0.005
skycell,use_stats=off,481,1,0,7,0.018,0.007
skycell,use_stats=off,482,1,1,4,0.012,0.006
skycell,use_stats=off,483,1,0,6,0.018,0.006
skycell,use_stats=off,484,1,1,4,0.021,0.005
skycell,use_stats=off,485,1,0,3,0.012,0.005
skycell,use_stats=off,486,1,1,4,0.012,0.005
skycell,use_stats=off,487,1,0,3,0.012,0.004
skycell,use_stats=off,488,1,1,4,0.012,0.005
skycell,use_stats=off,489,1,0,6,0.018,0.006
skycell,use_stats=off,490,1,1,4,0.012,0.005
skycell,use_stats=off,491,1,0,4,0.012,0.005
skycell,use_stats=off,492,1,1,4,0.012,0.005
skycell,use_stats=off,493,1,0,3,0.012,0.004
skycell,use_stats=off,494,1,1,4,0.012,0.005
skycell,use_stats=off,495,1,0,3,0.012,0.004
skycell,use_stats=off,496,1,1,7,0.018,0.007
skycell,use_stats=off,497,1,0,3,0.012,0.004
skycell,use_stats=off,498,1,1,4,0.012,0.004
skycell,use_stats=off,499,1,0,3,0.012,0.004
skycell,use_stats=off,500,1,1,7,0.018,0.007
skycell,use_stats=off,501,1,0,3,0.012,0.004
skycell,use_stats=off,502,1,1,4,0.012,0.005
skycell,use_stats=off,503,1,0,3,0.012,0.004
skycell,use_stats=off,504,1,1,7,0.018,0.007
skycell,use_stats=off,505,1,0,3,0.012,0.004
skycell,use_stats=off,506,1,2,8,0.018,0.009
skycell,use_stats=off,507,1,0,3,0.012,0.004
skycell,use_stats=off,508,1,1,4,0.012,0.005
skycell,use_stats=off,509,1,0,3,0.012,0.004
skycell,use_stats=off,510,1,1,4,0.012,0.006
skycell,use_stats=off,511,1,0,3,0.012,0.004
skycell,use_stats=off,512,1,1,4,0.012,0.005
skycell,use_stats=off,513,1,0,6,0.018,0.005
skycell,use_stats=off,514,1,1,4,0.012,0.006
skycell,use_stats=off,515,1,0,6,0.018,0.005
skycell,use_stats=off,516,1,1,4,0.014,0.006
skycell,use_stats=off,517,1,0,3,0.012,0.004
skycell,use_stats=off,518,1,1,4,0.012,0.006
skycell,use_stats=off,519,1,0,3,0.012,0.005
skycell,use_stats=off,520,1,1,4,0.011,0.005
skycell,use_stats=off,521,1,0,3,0.012,0.004
skycell,use_stats=off,522,1,1,4,0.012,0.008
skycell,use_stats=off,523,1,0,6,0.018,0.006
skycell,use_stats=off,524,1,1,4,0.012,0.006
skycell,use_stats=off,525,1,0,4,0.012,0.006
skycell,use_stats=off,526,1,1,4,0.012,0.005
skycell,use_stats=off,527,1,0,3,0.012,0.004
skycell,use_stats=off,528,1,1,4,0.012,0.006
skycell,use_stats=off,529,1,0,3,0.012,0.004
skycell,use_stats=off,530,1,1,4,0.012,0.005
skycell,use_stats=off,531,1,0,3,0.012,0.004
skycell,use_stats=off,532,1,1,4,0.012,0.005
skycell,use_stats=off,533,1,0,3,0.012,0.004
skycell,use_stats=off,534,1,1,7,0.018,0.007
skycell,use_stats=off,535,1,0,4,0.012,0.005
skycell,use_stats=off,536,1,1,4,0.011,0.005
skycell,use_stats=off,537,1,0,3,0.012,0.004
skycell,use_stats=off,538,1,1,4,0.012,0.005
skycell,use_stats=off,539,1,0,3,0.012,0.004
skycell,use_stats=off,540,1,1,4,0.012,0.005
skycell,use_stats=off,541,1,0,6,0.018,0.005
skycell,use_stats=off,542,1,1,4,0.017,0.005
skycell,use_stats=off,543,1,0,3,0.012,0.004
skycell,use_stats=off,544,1,1,4,0.012,0.005
skycell,use_stats=off,545,1,0,3,0.012,0.004
skycell,use_stats=off,546,1,1,4,0.012,0.006
skycell,use_stats=off,547,1,0,3,0.012,0.004
skycell,use_stats=off,548,1,1,5,0.012,0.006
skycell,use_stats=off,549,1,0,3,0.012,0.004
skycell,use_stats=off,550,1,1,4,0.012,0.005
skycell,use_stats=off,551,1,0,3,0.012,0.005
skycell,use_stats=off,552,1,1,7,0.027,0.007
skycell,use_stats=off,553,1,0,7,0.018,0.007
skycell,use_stats=off,554,1,1,4,0.012,0.005
skycell,use_stats=off,555,1,0,3,0.012,0.004
skycell,use_stats=off,556,1,1,4,0.012,0.005
skycell,use_stats=off,557,1,0,3,0.012,0.004
skycell,use_stats=off,558,1,1,4,0.012,0.006
skycell,use_stats=off,559,1,0,6,0.018,0.006
skycell,use_stats=off,560,1,1,4,0.012,0.005
skycell,use_stats=off,561,1,0,6,0.018,0.006
skycell,use_stats=off,562,1,1,5,0.012,0.006
skycell,use_stats=off,563,1,0,6,0.017,0.006
skycell,use_stats=off,564,1,1,4,0.017,0.005
skycell,use_stats=off,565,1,0,3,0.012,0.004
skycell,use_stats=off,566,1,1,4,0.012,0.005
skycell,use_stats=off,567,1,0,3,0.012,0.005
skycell,use_stats=off,568,1,1,4,0.012,0.004
skycell,use_stats=off,569,1,0,6,0.018,0.006
skycell,use_stats=off,570,1,1,4,0.012,0.006
skycell,use_stats=off,571,1,0,3,0.012,0.004
skycell,use_stats=off,572,1,13,7,0.012,0.018
skycell,use_stats=off,573,1,0,3,0.012,0.005
skycell,use_stats=off,574,1,1,7,0.018,0.006
skycell,use_stats=off,575,1,0,3,0.011,0.004
skycell,use_stats=off,576,1,1,4,0.012,0.005
skycell,use_stats=off,577,1,0,4,0.012,0.005
skycell,use_stats=off,578,1,2,5,0.012,0.007
skycell,use_stats=off,579,1,0,3,0.012,0.004
skycell,use_stats=off,580,1,1,4,0.014,0.006
skycell,use_stats=off,581,1,0,6,0.018,0.006
skycell,use_stats=off,582,1,1,8,0.018,0.008
skycell,use_stats=off,583,1,0,6,0.017,0.006
skycell,use_stats=off,584,1,1,4,0.012,0.005
skycell,use_stats=off,585,1,0,3,0.012,0.004
skycell,use_stats=off,586,1,1,4,0.012,0.005
skycell,use_stats=off,587,1,0,3,0.012,0.004
skycell,use_stats=off,588,1,1,4,0.012,0.005
skycell,use_stats=off,589,1,0,3,0.012,0.004
skycell,use_stats=off,590,1,1,4,0.012,0.005
skycell,use_stats=off,591,1,0,3,0.012,0.004
skycell,use_stats=off,592,1,1,4,0.012,0.005
skycell,use_stats=off,593,1,0,3,0.012,0.004
skycell,use_stats=off,594,1,1,4,0.011,0.005
skycell,use_stats=off,595,1,0,3,0.011,0.004
skycell,use_stats=off,596,1,1,4,0.012,0.005
skycell,use_stats=off,597,1,0,6,0.018,0.006
skycell,use_stats=off,598,1,1,4,0.012,0.005
skycell,use_stats=off,599,1,0,3,0.013,0.004
skycell,use_stats=off,600,1,1,4,0.013,0.005
skycell,use_stats=off,601,1,0,3,0.012,0.004
skycell,use_stats=off,602,1,1,4,0.012,0.005
skycell,use_stats=off,603,1,0,4,0.012,0.005
skycell,use_stats=off,604,1,2,10,0.024,0.008
skycell,use_stats=off,605,1,0,3,0.012,0.004
skycell,use_stats=off,606,1,18,9,0.012,0.04
skycell,use_stats=off,607,1,0,6,0.018,0.006
skycell,use_stats=off,608,1,1,7,0.018,0.007
skycell,use_stats=off,609,1,0,3,0.012,0.004
skycell,use_stats=off,610,1,1,4,0.012,0.006
skycell,use_stats=off,611,1,0,6,0.018,0.006
skycell,use_stats=off,612,1,1,7,0.018,0.007
skycell,use_stats=off,613,1,0,3,0.012,0.004
skycell,use_stats=off,614,1,1,4,0.012,0.006
skycell,use_stats=off,615,1,0,3,0.012,0.004
skycell,use_stats=off,616,1,1,4,0.012,0.005
skycell,use_stats=off,617,1,0,3,0.012,0.004
skycell,use_stats=off,618,1,1,4,0.012,0.005
skycell,use_stats=off,619,1,0,3,0.012,0.004
skycell,use_stats=off,620,1,1,4,0.012,0.005
skycell,use_stats=off,621,1,0,3,0.012,0.004
skycell,use_stats=off,622,1,1,7,0.018,0.007
skycell,use_stats=off,623,1,0,6,0.018,0.006
skycell,use_stats=off,624,1,1,4,0.012,0.006
skycell,use_stats=off,625,1,0,3,0.012,0.004
skycell,use_stats=off,626,1,1,4,0.012,0.005
skycell,use_stats=off,627,1,0,6,0.018,0.005
skycell,use_stats=off,628,1,1,4,0.012,0.006
skycell,use_stats=off,629,1,0,3,0.012,0.004
skycell,use_stats=off,630,1,1,4,0.012,0.005
skycell,use_stats=off,631,1,0,6,0.018,0.006
skycell,use_stats=off,632,1,1,4,0.012,0.006
skycell,use_stats=off,633,1,0,3,0.012,0.004
skycell,use_stats=off,634,1,1,7,0.018,0.006
skycell,use_stats=off,635,1,0,6,0.018,0.006
skycell,use_stats=off,636,1,1,4,0.012,0.005
skycell,use_stats=off,637,1,1,7,0.018,0.007
skycell,use_stats=off,638,1,1,4,0.012,0.005
skycell,use_stats=off,639,1,0,6,0.018,0.006
skycell,use_stats=off,640,1,1,4,0.012,0.005
skycell,use_stats=off,641,1,0,6,0.018,0.006
skycell,use_stats=off,642,1,1,4,0.012,0.005
skycell,use_stats=off,643,1,0,6,0.017,0.006
skycell,use_stats=off,644,1,1,4,0.014,0.006
skycell,use_stats=off,645,1,0,3,0.012,0.004
skycell,use_stats=off,646,1,1,4,0.012,0.005
skycell,use_stats=off,647,1,0,7,0.018,0.007
skycell,use_stats=off,648,1,1,4,0.013,0.005
skycell,use_stats=off,649,1,0,3,0.011,0.004
skycell,use_stats=off,650,1,1,4,0.012,0.005
skycell,use_stats=off,651,1,0,6,0.018,0.006
skycell,use_stats=off,652,1,1,4,0.012,0.005
skycell,use_stats=off,653,1,0,3,0.012,0.004
skycell,use_stats=off,654,1,1,4,0.011,0.005
skycell,use_stats=off,655,1,0,4,0.012,0.005
skycell,use_stats=off,656,1,1,4,0.012,0.005
skycell,use_stats=off,657,1,0,3,0.012,0.004
skycell,use_stats=off,658,1,11,8,0.018,0.014
skycell,use_stats=off,659,1,0,6,0.018,0.006
skycell,use_stats=off,660,1,1,7,0.023,0.008
skycell,use_stats=off,661,1,0,3,0.012,0.004
skycell,use_stats=off,662,1,1,4,0.013,0.006
skycell,use_stats=off,663,1,0,3,0.012,0.005
skycell,use_stats=off,664,1,1,4,0.012,0.005
skycell,use_stats=off,665,1,0,3,0.012,0.005
skycell,use_stats=off,666,1,1,7,0.018,0.007
skycell,use_stats=off,667,1,0,4,0.012,0.005
skycell,use_stats=off,668,1,1,4,0.012,0.005
skycell,use_stats=off,669,1,0,3,0.011,0.004
skycell,use_stats=off,670,1,1,7,0.018,0.007
skycell,use_stats=off,671,1,0,3,0.012,0.004
skycell,use_stats=off,672,1,2,6,0.012,0.012
skycell,use_stats=off,673,1,0,4,0.012,0.005
skycell,use_stats=off,674,1,1,4,0.012,0.006
skycell,use_stats=off,675,1,0,6,0.019,0.006
skycell,use_stats=off,676,1,1,7,0.018,0.007
skycell,use_stats=off,677,1,0,3,0.012,0.004
skycell,use_stats=off,678,1,1,4,0.012,0.006
skycell,use_stats=off,679,1,0,4,0.013,0.005
skycell,use_stats=off,680,1,1,4,0.012,0.006
skycell,use_stats=off,681,1,0,3,0.012,0.005
skycell,use_stats=off,682,1,1,7,0.024,0.008
skycell,use_stats=off,683,1,0,3,0.012,0.005
skycell,use_stats=off,684,1,1,4,0.012,0.005
skycell,use_stats=off,685,1,0,3,0.012,0.005
skycell,use_stats=off,686,1,1,4,0.012,0.006
skycell,use_stats=off,687,1,0,3,0.012,0.004
skycell,use_stats=off,688,1,11,6,0.011,0.014
skycell,use_stats=off,689,1,0,4,0.012,0.005
skycell,use_stats=off,690,1,1,4,0.012,0.004
skycell,use_stats=off,691,1,0,3,0.012,0.004
skycell,use_stats=off,692,1,1,4,0.012,0.005
skycell,use_stats=off,693,1,0,6,0.018,0.006
skycell,use_stats=off,694,1,1,7,0.018,0.008
skycell,use_stats=off,695,1,0,3,0.012,0.005
skycell,use_stats=off,696,1,1,7,0.018,0.007
skycell,use_stats=off,697,1,0,6,0.018,0.006
skycell,use_stats=off,698,1,1,4,0.012,0.005
skycell,use_stats=off,699,1,0,6,0.017,0.005
skycell,use_stats=off,700,1,1,4,0.012,0.005
skycell,use_stats=off,701,1,0,3,0.012,0.004
skycell,use_stats=off,702,1,2,4,0.012,0.006
skycell,use_stats=off,703,1,0,3,0.012,0.004
skycell,use_stats=off,704,1,1,4,0.012,0.005
skycell,use_stats=off,705,1,0,6,0.018,0.007
skycell,use_stats=off,706,1,1,4,0.012,0.006
skycell,use_stats=off,707,1,0,4,0.014,0.006
skycell,use_stats=off,708,1,1,4,0.012,0.005
skycell,use_stats=off,709,1,0,4,0.012,0.005
skycell,use_stats=off,710,1,1,7,0.019,0.007
skycell,use_stats=off,711,1,0,3,0.012,0.004
skycell,use_stats=off,712,1,1,4,0.012,0.005
skycell,use_stats=off,713,1,0,6,0.018,0.008
skycell,use_stats=off,714,1,1,7,0.018,0.007
skycell,use_stats=off,715,1,0,3,0.015,0.004
skycell,use_stats=off,716,1,1,7,0.018,0.007
skycell,use_stats=off,717,1,0,3,0.012,0.004
skycell,use_stats=off,718,1,1,4,0.012,0.005
skycell,use_stats=off,719,1,0,3,0.012,0.004
skycell,use_stats=off,720,1,1,7,0.018,0.007
skycell,use_stats=off,721,1,0,6,0.018,0.006
skycell,use_stats=off,722,1,1,4,0.012,0.005
skycell,use_stats=off,723,1,0,3,0.017,0.004
skycell,use_stats=off,724,1,1,4,0.012,0.006
skycell,use_stats=off,725,1,0,3,0.012,0.004
skycell,use_stats=off,726,1,1,5,0.012,0.006
skycell,use_stats=off,727,1,0,4,0.012,0.005
skycell,use_stats=off,728,1,1,4,0.012,0.005
skycell,use_stats=off,729,1,0,3,0.012,0.004
skycell,use_stats=off,730,1,1,4,0.012,0.005
skycell,use_stats=off,731,1,0,6,0.018,0.007
skycell,use_stats=off,732,1,1,7,0.018,0.007
skycell,use_stats=off,733,1,0,7,0.018,0.007
skycell,use_stats=off,734,1,1,4,0.012,0.006
skycell,use_stats=off,735,1,0,3,0.012,0.005
skycell,use_stats=off,736,1,1,8,0.018,0.009
skycell,use_stats=off,737,1,0,3,0.012,0.006
skycell,use_stats=off,738,1,1,4,0.012,0.007
skycell,use_stats=off,739,1,0,6,0.02,0.008
skycell,use_stats=off,740,1,1,7,0.018,0.008
skycell,use_stats=off,741,1,0,4,0.012,0.007
skycell,use_stats=off,742,1,1,4,0.012,0.006
skycell,use_stats=off,743,1,0,3,0.012,0.006
skycell,use_stats=off,744,1,1,4,0.012,0.006
skycell,use_stats=off,745,1,0,3,0.012,0.005
skycell,use_stats=off,746,1,1,4,0.012,0.006
skycell,use_stats=off,747,1,0,4,0.012,0.006
skycell,use_stats=off,748,1,1,4,0.012,0.005
skycell,use_stats=off,749,1,0,6,0.018,0.006
skycell,use_stats=off,750,1,1,4,0.012,0.006
skycell,use_stats=off,751,1,0,3,0.012,0.004
skycell,use_stats=off,752,1,1,4,0.012,0.005
skycell,use_stats=off,753,1,0,3,0.012,0.005
skycell,use_stats=off,754,1,1,4,0.012,0.005
skycell,use_stats=off,755,1,0,3,0.012,0.005
skycell,use_stats=off,756,1,2,4,0.012,0.006
skycell,use_stats=off,757,1,0,3,0.012,0.005
skycell,use_stats=off,758,1,1,4,0.012,0.006
skycell,use_stats=off,759,1,0,6,0.018,0.006
skycell,use_stats=off,760,1,1,7,0.018,0.007
skycell,use_stats=off,761,1,0,3,0.012,0.004
skycell,use_stats=off,762,1,1,4,0.012,0.006
skycell,use_stats=off,763,1,0,3,0.012,0.004
skycell,use_stats=off,764,1,1,4,0.012,0.005
skycell,use_stats=off,765,1,0,6,0.018,0.006
skycell,use_stats=off,766,1,1,4,0.013,0.006
skycell,use_stats=off,767,1,0,3,0.012,0.004
skycell,use_stats=off,768,1,1,4,0.012,0.006
skycell,use_stats=off,769,1,0,3,0.012,0.004
skycell,use_stats=off,770,1,3,12,0.018,0.031
skycell,use_stats=off,771,1,0,3,0.014,0.005
skycell,use_stats=off,772,1,1,4,0.012,0.005
skycell,use_stats=off,773,1,0,3,0.012,0.005
skycell,use_stats=off,774,1,1,4,0.011,0.006
skycell,use_stats=off,775,1,0,3,0.012,0.004
skycell,use_stats=off,776,1,1,4,0.012,0.005
skycell,use_stats=off,777,1,0,3,0.011,0.005
skycell,use_stats=off,778,1,1,4,0.012,0.007
skycell,use_stats=off,779,1,0,6,0.018,0.007
skycell,use_stats=off,780,1,1,7,0.018,0.009
skycell,use_stats=off,781,1,0,3,0.012,0.004
skycell,use_stats=off,782,1,1,4,0.012,0.006
skycell,use_stats=off,783,1,0,7,0.018,0.008
skycell,use_stats=off,784,1,1,4,0.012,0.006
skycell,use_stats=off,785,1,0,3,0.012,0.005
skycell,use_stats=off,786,1,1,4,0.012,0.006
skycell,use_stats=off,787,1,0,3,0.012,0.005
skycell,use_stats=off,788,1,1,4,0.012,0.006
skycell,use_stats=off,789,1,0,3,0.012,0.004
skycell,use_stats=off,790,1,1,4,0.012,0.005
skycell,use_stats=off,791,1,0,6,0.018,0.006
skycell,use_stats=off,792,1,1,7,0.018,0.008
skycell,use_stats=off,793,1,0,6,0.018,0.005
skycell,use_stats=off,794,1,1,7,0.018,0.007
skycell,use_stats=off,795,1,0,3,0.012,0.004
skycell,use_stats=off,796,1,1,4,0.012,0.005
skycell,use_stats=off,797,1,0,3,0.012,0.005
skycell,use_stats=off,798,1,1,4,0.011,0.004
skycell,use_stats=off,799,1,0,6,0.018,0.01
skycell,use_stats=off,800,1,1,4,0.011,0.005
skycell,use_stats=off,801,1,0,4,0.011,0.005
skycell,use_stats=off,802,2,2,5,0.011,0.009
skycell,use_stats=off,803,1,0,3,0.014,0.005
skycell,use_stats=off,804,1,1,4,0.012,0.008
skycell,use_stats=off,805,1,0,3,0.012,0.004
skycell,use_stats=off,806,3,2,5,0.011,0.011
skycell,use_stats=off,807,1,0,4,0.012,0.005
skycell,use_stats=off,808,1,3,10,0.018,0.019
skycell,use_stats=off,809,1,0,7,0.018,0.007
skycell,use_stats=off,810,1,1,5,0.012,0.009
skycell,use_stats=off,811,1,1,4,0.012,0.006
skycell,use_stats=off,812,1,1,7,0.017,0.008
skycell,use_stats=off,813,1,0,4,0.012,0.006
skycell,use_stats=off,814,1,1,4,0.012,0.005
skycell,use_stats=off,815,1,0,7,0.023,0.009
skycell,use_stats=off,816,1,2,4,0.018,0.009
skycell,use_stats=off,817,1,0,6,0.022,0.008
skycell,use_stats=off,818,1,1,4,0.012,0.006
skycell,use_stats=off,819,1,0,4,0.012,0.006
skycell,use_stats=off,820,2,4,12,0.023,0.015
skycell,use_stats=off,821,1,0,4,0.012,0.005
skycell,use_stats=off,822,1,199,36,0.017,0.158
skycell,use_stats=off,823,1,0,7,0.017,0.006
skycell,use_stats=off,824,1,2,4,0.011,0.006
skycell,use_stats=off,825,1,0,4,0.011,0.005
skycell,use_stats=off,826,1,1,4,0.011,0.005
skycell,use_stats=off,827,1,0,8,0.018,0.01
skycell,use_stats=off,828,1,1,4,0.012,0.006
skycell,use_stats=off,829,1,1,8,0.02,0.01
skycell,use_stats=off,830,1,2,8,0.018,0.009
skycell,use_stats=off,831,1,1,4,0.011,0.005
skycell,use_stats=off,832,1,1,4,0.012,0.005
skycell,use_stats=off,833,1,0,4,0.012,0.005
skycell,use_stats=off,834,1,1,4,0.012,0.006
skycell,use_stats=off,835,1,0,3,0.014,0.005
skycell,use_stats=off,836,3,8,8,0.018,0.012
skycell,use_stats=off,837,1,0,4,0.012,0.005
skycell,use_stats=off,838,1,1,4,0.012,0.008
skycell,use_stats=off,839,1,0,4,0.012,0.005
skycell,use_stats=off,840,1,2,8,0.018,0.01
skycell,use_stats=off,841,1,0,6,0.018,0.005
skycell,use_stats=off,842,1,1,4,0.012,0.008
skycell,use_stats=off,843,1,0,4,0.012,0.005
skycell,use_stats=off,844,1,1,4,0.012,0.006
skycell,use_stats=off,845,1,0,4,0.012,0.005
skycell,use_stats=off,846,1,1,4,0.012,0.005
skycell,use_stats=off,847,1,0,4,0.012,0.005
skycell,use_stats=off,848,1,1,4,0.012,0.005
skycell,use_stats=off,849,1,0,4,0.012,0.005
skycell,use_stats=off,850,1,1,4,0.011,0.006
skycell,use_stats=off,851,1,0,4,0.012,0.005
skycell,use_stats=off,852,2,2,4,0.012,0.007
skycell,use_stats=off,853,1,0,4,0.011,0.006
skycell,use_stats=off,854,1,2,8,0.018,0.01
skycell,use_stats=off,855,1,0,4,0.012,0.006
skycell,use_stats=off,856,1,3,8,0.018,0.01
skycell,use_stats=off,857,1,0,4,0.012,0.005
skycell,use_stats=off,858,1,8,4,0.017,0.007
skycell,use_stats=off,859,1,0,4,0.012,0.005
skycell,use_stats=off,860,1,1,4,0.012,0.006
skycell,use_stats=off,861,1,0,4,0.011,0.005
skycell,use_stats=off,862,1,3,8,0.017,0.009
skycell,use_stats=off,863,1,0,4,0.012,0.005
skycell,use_stats=off,864,1,359,39,0.018,0.2
skycell,use_stats=off,865,1,0,3,0.012,0.004
skycell,use_stats=off,866,1,2,8,0.018,0.011
skycell,use_stats=off,867,1,0,4,0.012,0.005
skycell,use_stats=off,868,1,2,5,0.012,0.009
skycell,use_stats=off,869,1,0,4,0.012,0.005
skycell,use_stats=off,870,1,1,4,0.011,0.007
skycell,use_stats=off,871,1,0,3,0.012,0.004
skycell,use_stats=off,872,2,3,10,0.018,0.016
skycell,use_stats=off,873,1,0,4,0.012,0.004
skycell,use_stats=off,874,4,5,4,0.011,0.017
skycell,use_stats=off,875,1,0,3,0.012,0.004
skycell,use_stats=off,876,1,3,4,0.012,0.006
skycell,use_stats=off,877,1,0,3,0.012,0.004
skycell,use_stats=off,878,1,1,4,0.012,0.005
skycell,use_stats=off,879,1,0,4,0.012,0.005
skycell,use_stats=off,880,1,1,4,0.012,0.004
skycell,use_stats=off,881,1,0,3,0.011,0.004
skycell,use_stats=off,882,1,1,4,0.012,0.007
skycell,use_stats=off,883,1,0,7,0.018,0.007
skycell,use_stats=off,884,1,3,5,0.011,0.006
skycell,use_stats=off,885,1,1,8,0.019,0.011
skycell,use_stats=off,886,1,4,4,0.012,0.01
skycell,use_stats=off,887,1,0,4,0.012,0.005
skycell,use_stats=off,888,1,1,4,0.011,0.005
skycell,use_stats=off,889,1,0,4,0.012,0.006
skycell,use_stats=off,890,1,2,4,0.011,0.007
skycell,use_stats=off,891,1,3,4,0.012,0.007
skycell,use_stats=off,892,1,1,4,0.012,0.005
skycell,use_stats=off,893,3,3,6,0.012,0.015
skycell,use_stats=off,894,1,2,4,0.011,0.006
skycell,use_stats=off,895,1,0,4,0.012,0.005
skycell,use_stats=off,896,1,1,4,0.011,0.005
skycell,use_stats=off,897,1,0,4,0.011,0.005
skycell,use_stats=off,898,1,2,8,0.017,0.009
skycell,use_stats=off,899,1,0,4,0.014,0.006
skycell,use_stats=off,900,1,1,8,0.017,0.01
skycell,use_stats=off,901,1,0,4,0.012,0.005
skycell,use_stats=off,902,2,3,8,0.017,0.011
skycell,use_stats=off,903,1,0,8,0.018,0.008
skycell,use_stats=off,904,1,2,16,0.028,0.018
skycell,use_stats=off,905,1,0,3,0.012,0.004
skycell,use_stats=off,906,2,4,5,0.012,0.008
skycell,use_stats=off,907,1,1,4,0.012,0.005
skycell,use_stats=off,908,1,3,4,0.012,0.007
skycell,use_stats=off,909,1,0,4,0.015,0.006
skycell,use_stats=off,910,1,5,4,0.012,0.007
skycell,use_stats=off,911,1,0,6,0.018,0.006
skycell,use_stats=off,912,1,1,7,0.018,0.007
skycell,use_stats=off,913,1,0,4,0.012,0.005
skycell,use_stats=off,914,1,1,4,0.012,0.005
skycell,use_stats=off,915,1,0,4,0.012,0.005
skycell,use_stats=off,916,1,1,4,0.012,0.006
skycell,use_stats=off,917,1,0,3,0.011,0.004
skycell,use_stats=off,918,1,1,7,0.018,0.008
skycell,use_stats=off,919,1,0,4,0.012,0.005
skycell,use_stats=off,920,1,1,4,0.027,0.005
skycell,use_stats=off,921,1,0,6,0.018,0.006
skycell,use_stats=off,922,1,1,4,0.011,0.005
skycell,use_stats=off,923,1,0,13,0.028,0.009
skycell,use_stats=off,924,1,4,4,0.012,0.009
skycell,use_stats=off,925,1,0,6,0.018,0.006
skycell,use_stats=off,926,1,2,7,0.018,0.007
skycell,use_stats=off,927,1,0,4,0.011,0.005
skycell,use_stats=off,928,1,48,16,0.017,0.056
skycell,use_stats=off,929,1,0,4,0.012,0.004
skycell,use_stats=off,930,1,4,5,0.012,0.012
skycell,use_stats=off,931,1,0,3,0.011,0.004
skycell,use_stats=off,932,2,2,8,0.018,0.01
skycell,use_stats=off,933,1,2,7,0.018,0.008
skycell,use_stats=off,934,2,2,8,0.017,0.008
skycell,use_stats=off,935,1,0,4,0.012,0.005
skycell,use_stats=off,936,1,5,5,0.011,0.009
skycell,use_stats=off,937,1,2,4,0.012,0.008
skycell,use_stats=off,938,1,1,4,0.012,0.005
skycell,use_stats=off,939,1,0,7,0.018,0.007
skycell,use_stats=off,940,1,2,4,0.011,0.006
skycell,use_stats=off,941,1,0,3,0.011,0.004
skycell,use_stats=off,942,4,4,5,0.012,0.013
skycell,use_stats=off,943,1,0,7,0.018,0.006
skycell,use_stats=off,944,1,1,7,0.017,0.007
skycell,use_stats=off,945,1,0,4,0.012,0.005
skycell,use_stats=off,946,3,4,5,0.012,0.012
skycell,use_stats=off,947,1,0,4,0.012,0.005
skycell,use_stats=off,948,2,2,5,0.012,0.011
skycell,use_stats=off,949,1,0,8,0.018,0.008
skycell,use_stats=off,950,1,1,4,0.011,0.005
skycell,use_stats=off,951,1,0,4,0.012,0.006
skycell,use_stats=off,952,1,1,4,0.012,0.006
skycell,use_stats=off,953,1,0,8,0.018,0.009
skycell,use_stats=off,954,1,1,4,0.012,0.005
skycell,use_stats=off,955,1,0,4,0.012,0.005
skycell,use_stats=off,956,1,1,5,0.012,0.013
skycell,use_stats=off,957,1,0,4,0.012,0.005
skycell,use_stats=off,958,1,1,4,0.012,0.005
skycell,use_stats=off,959,1,0,8,0.023,0.009
skycell,use_stats=off,960,1,1,7,0.018,0.007
skycell,use_stats=off,961,1,0,7,0.017,0.006
skycell,use_stats=off,962,1,2,4,0.012,0.007
skycell,use_stats=off,963,1,0,8,0.02,0.01
skycell,use_stats=off,964,2,3,8,0.018,0.01
skycell,use_stats=off,965,1,0,3,0.012,0.004
skycell,use_stats=off,966,1,1,4,0.012,0.005
skycell,use_stats=off,967,1,0,6,0.018,0.006
skycell,use_stats=off,968,1,2,4,0.012,0.006
skycell,use_stats=off,969,1,0,4,0.012,0.005
skycell,use_stats=off,970,1,18,5,0.011,0.017
skycell,use_stats=off,971,2,2,5,0.012,0.009
skycell,use_stats=off,972,1,2,4,0.012,0.005
skycell,use_stats=off,973,1,0,7,0.018,0.006
skycell,use_stats=off,974,2,3,4,0.012,0.007
skycell,use_stats=off,975,1,0,6,0.018,0.006
skycell,use_stats=off,976,1,3,4,0.012,0.006
skycell,use_stats=off,977,1,1,4,0.012,0.004
skycell,use_stats=off,978,1,1,7,0.017,0.007
skycell,use_stats=off,979,1,0,4,0.012,0.005
skycell,use_stats=off,980,1,1,4,0.012,0.008
skycell,use_stats=off,981,1,0,3,0.011,0.004
skycell,use_stats=off,982,5,7,5,0.011,0.008
skycell,use_stats=off,983,1,0,8,0.018,0.007
skycell,use_stats=off,984,1,2,4,0.012,0.006
skycell,use_stats=off,985,1,0,4,0.012,0.005
skycell,use_stats=off,986,2,5,5,0.012,0.013
skycell,use_stats=off,987,1,0,6,0.017,0.005
skycell,use_stats=off,988,1,1,4,0.012,0.01
skycell,use_stats=off,989,1,0,3,0.011,0.005
skycell,use_stats=off,990,1,6,6,0.012,0.016
skycell,use_stats=off,991,1,0,8,0.018,0.008
skycell,use_stats=off,992,2,1,8,0.018,0.01
skycell,use_stats=off,993,1,0,3,0.012,0.004
skycell,use_stats=off,994,2,1,8,0.017,0.009
skycell,use_stats=off,995,1,0,4,0.012,0.005
skycell,use_stats=off,996,1,5,8,0.018,0.011
skycell,use_stats=off,997,1,0,3,0.012,0.004
skycell,use_stats=off,998,4,5,8,0.017,0.01
skycell,use_stats=off,999,1,0,4,0.012,0.005
skycell,use_stats=off,1000,1,1,4,0.011,0.006
skycell,use_stats=off,1001,1,0,4,0.012,0.005
skycell,use_stats=off,1002,1,1,4,0.012,0.005
skycell,use_stats=off,1003,1,0,7,0.018,0.007
skycell,use_stats=off,1004,1,1,4,0.012,0.005
skycell,use_stats=off,1005,1,0,8,0.018,0.008
skycell,use_stats=off,1006,2,3,4,0.011,0.007
skycell,use_stats=off,1007,1,1,7,0.017,0.007
skycell,use_stats=off,1008,1,2,4,0.012,0.008
skycell,use_stats=off,1009,1,0,4,0.012,0.005
skycell,use_stats=off,1010,1,2,4,0.012,0.006
skycell,use_stats=off,1011,1,0,6,0.018,0.005
skycell,use_stats=off,1012,1,1,4,0.012,0.005
skycell,use_stats=off,1013,1,1,5,0.012,0.009
skycell,use_stats=off,1014,2,2,8,0.017,0.009
skycell,use_stats=off,1015,1,0,4,0.012,0.005
skycell,use_stats=off,1016,1,1,4,0.012,0.005
skycell,use_stats=off,1017,1,0,7,0.018,0.008
skycell,use_stats=off,1018,2,3,4,0.012,0.006
skycell,use_stats=off,1019,1,0,3,0.012,0.004
skycell,use_stats=off,1020,1,1,4,0.011,0.005
skycell,use_stats=off,1021,1,0,4,0.012,0.005
skycell,use_stats=off,1022,1,1,7,0.018,0.007
skycell,use_stats=off,1023,1,0,3,0.012,0.004
skycell,use_stats=off,1024,1,1,4,0.012,0.006
skycell,use_stats=off,1025,1,0,4,0.011,0.005
skycell,use_stats=off,1026,1,1,4,0.012,0.006
skycell,use_stats=off,1027,1,0,10,0.02,0.016
skycell,use_stats=off,1028,1,4,8,0.018,0.009
skycell,use_stats=off,1029,1,0,4,0.012,0.006
skycell,use_stats=off,1030,1,1,4,0.012,0.006
skycell,use_stats=off,1031,1,0,7,0.018,0.007
skycell,use_stats=off,1032,1,1,7,0.017,0.007
skycell,use_stats=off,1033,1,0,4,0.012,0.005
skycell,use_stats=off,1034,1,2,4,0.012,0.005
skycell,use_stats=off,1035,1,0,3,0.012,0.004
skycell,use_stats=off,1036,2,1,5,0.012,0.008
skycell,use_stats=off,1037,1,0,4,0.012,0.005
skycell,use_stats=off,1038,1,1,4,0.012,0.007
skycell,use_stats=off,1039,1,0,4,0.011,0.006
skycell,use_stats=off,1040,1,1,4,0.016,0.006
skycell,use_stats=off,1041,1,0,7,0.018,0.006
skycell,use_stats=off,1042,1,1,5,0.012,0.008
skycell,use_stats=off,1043,1,0,3,0.011,0.004
skycell,use_stats=off,1044,1,1,4,0.012,0.007
skycell,use_stats=off,1045,1,1,8,0.018,0.01
skycell,use_stats=off,1046,1,3,4,0.011,0.006
skycell,use_stats=off,1047,1,0,4,0.012,0.005
skycell,use_stats=off,1048,1,1,4,0.015,0.008
skycell,use_stats=off,1049,1,0,4,0.012,0.005
skycell,use_stats=off,1050,1,3,4,0.011,0.005
skycell,use_stats=off,1051,1,0,4,0.012,0.005
skycell,use_stats=off,1052,1,1,8,0.018,0.008
skycell,use_stats=off,1053,1,0,7,0.017,0.008
skycell,use_stats=off,1054,1,1,7,0.017,0.007
skycell,use_stats=off,1055,1,0,4,0.012,0.005
skycell,use_stats=off,1056,1,1,4,0.012,0.005
skycell,use_stats=off,1057,1,0,4,0.012,0.004
skycell,use_stats=off,1058,1,64,16,0.018,0.053
skycell,use_stats=off,1059,1,0,4,0.012,0.005
skycell,use_stats=off,1060,1,1,8,0.018,0.008
skycell,use_stats=off,1061,1,0,7,0.018,0.007
skycell,use_stats=off,1062,1,1,4,0.012,0.005
skycell,use_stats=off,1063,1,0,4,0.012,0.005
skycell,use_stats=off,1064,3,6,8,0.018,0.013
skycell,use_stats=off,1065,1,2,4,0.012,0.006
skycell,use_stats=off,1066,1,2,5,0.011,0.006
skycell,use_stats=off,1067,1,0,7,0.018,0.008
skycell,use_stats=off,1068,1,2,4,0.012,0.006
skycell,use_stats=off,1069,1,0,4,0.012,0.005
skycell,use_stats=off,1070,1,4,4,0.011,0.007
skycell,use_stats=off,1071,1,0,4,0.012,0.004
skycell,use_stats=off,1072,1,3,5,0.012,0.01
skycell,use_stats=off,1073,1,0,7,0.018,0.008
skycell,use_stats=off,1074,1,1,4,0.012,0.006
skycell,use_stats=off,1075,1,0,4,0.012,0.005
skycell,use_stats=off,1076,1,1,4,0.011,0.005
skycell,use_stats=off,1077,1,0,4,0.012,0.005
skycell,use_stats=off,1078,1,1,13,0.029,0.01
skycell,use_stats=off,1079,1,1,4,0.012,0.006
skycell,use_stats=off,1080,1,2,4,0.011,0.006
skycell,use_stats=off,1081,1,0,4,0.012,0.005
skycell,use_stats=off,1082,1,2,8,0.018,0.009
skycell,use_stats=off,1083,1,0,4,0.012,0.006
skycell,use_stats=off,1084,1,1,4,0.012,0.007
skycell,use_stats=off,1085,1,0,3,0.011,0.004
skycell,use_stats=off,1086,1,2,4,0.012,0.005
skycell,use_stats=off,1087,1,0,10,0.024,0.008
skycell,use_stats=off,1088,1,2,4,0.011,0.005
skycell,use_stats=off,1089,1,0,4,0.012,0.005
skycell,use_stats=off,1090,4,5,4,0.014,0.01
skycell,use_stats=off,1091,1,0,7,0.018,0.007
skycell,use_stats=off,1092,1,2,5,0.012,0.008
skycell,use_stats=off,1093,1,0,6,0.018,0.006
skycell,use_stats=off,1094,1,2,4,0.012,0.007
skycell,use_stats=off,1095,1,0,4,0.011,0.005
skycell,use_stats=off,1096,2,1,5,0.012,0.009
skycell,use_stats=off,1097,1,0,4,0.012,0.005
skycell,use_stats=off,1098,1,1,4,0.012,0.006
skycell,use_stats=off,1099,1,1,4,0.011,0.005
skycell,use_stats=off,1100,4,7,4,0.011,0.008
skycell,use_stats=off,1101,3,1,4,0.013,0.005
skycell,use_stats=off,1102,4,3,14,0.029,0.01
skycell,use_stats=off,1103,6,11,15,0.03,0.014
skycell,use_stats=off,1104,4,2,12,0.025,0.01
skycell,use_stats=off,1105,4,1,7,0.02,0.008
skycell,use_stats=off,1106,50,59,17,0.031,0.027
skycell,use_stats=off,1107,3,3,4,0.013,0.007
skycell,use_stats=off,1108,16,36,6,0.014,0.019
skycell,use_stats=off,1109,4,3,10,0.024,0.008
skycell,use_stats=off,1110,16,27,6,0.013,0.016
skycell,use_stats=off,1111,7,3,13,0.03,0.01
skycell,use_stats=off,1112,3,5,8,0.02,0.009
skycell,use_stats=off,1113,3,2,4,0.014,0.006
skycell,use_stats=off,1114,144,123,23,0.033,0.067
skycell,use_stats=off,1115,3,4,10,0.025,0.008
skycell,use_stats=off,1116,118,137,20,0.031,0.043
skycell,use_stats=off,1117,10,11,4,0.012,0.008
skycell,use_stats=off,1118,121,107,20,0.03,0.042
skycell,use_stats=off,1119,14,14,12,0.026,0.016
skycell,use_stats=off,1120,149,158,26,0.028,0.078
skycell,use_stats=off,1121,7,2,14,0.028,0.011
skycell,use_stats=off,1122,37,21,18,0.029,0.024
skycell,use_stats=off,1123,3,2,4,0.014,0.006
skycell,use_stats=off,1124,4,4,15,0.028,0.01
skycell,use_stats=off,1125,4,3,13,0.029,0.01
skycell,use_stats=off,1126,10,18,8,0.026,0.014
skycell,use_stats=off,1127,4,3,11,0.024,0.011
skycell,use_stats=off,1128,4,6,7,0.019,0.007
skycell,use_stats=off,1129,8,21,9,0.019,0.017
skycell,use_stats=off,1130,5,8,7,0.02,0.008
skycell,use_stats=off,1131,3,2,7,0.018,0.007
skycell,use_stats=off,1132,56,88,19,0.031,0.044
skycell,use_stats=off,1133,20,15,12,0.026,0.019
skycell,use_stats=off,1134,4,1,13,0.024,0.011
skycell,use_stats=off,1135,5,3,10,0.026,0.008
skycell,use_stats=off,1136,18,29,6,0.014,0.014
skycell,use_stats=off,1137,3,0,9,0.018,0.01
skycell,use_stats=off,1138,8,2,4,0.013,0.005
skycell,use_stats=off,1139,3,1,4,0.018,0.006
skycell,use_stats=off,1140,3,6,4,0.012,0.005
skycell,use_stats=off,1141,6,8,4,0.014,0.008
skycell,use_stats=off,1142,3,2,4,0.013,0.005
skycell,use_stats=off,1143,12,4,11,0.025,0.011
skycell,use_stats=off,1144,25,75,10,0.02,0.034
skycell,use_stats=off,1145,4,4,13,0.03,0.009
skycell,use_stats=off,1146,23,22,9,0.019,0.017
skycell,use_stats=off,1147,5,2,4,0.025,0.006
skycell,use_stats=off,1148,3,6,7,0.019,0.007
skycell,use_stats=off,1149,5,9,8,0.024,0.011
skycell,use_stats=off,1150,48,66,13,0.02,0.035
skycell,use_stats=off,1151,3,1,4,0.016,0.007
skycell,use_stats=off,1152,6,34,19,0.034,0.044
skycell,use_stats=off,1153,4,4,11,0.024,0.009
skycell,use_stats=off,1154,27,45,10,0.024,0.022
skycell,use_stats=off,1155,13,3,7,0.024,0.011
skycell,use_stats=off,1156,11,466,32,0.029,0.148
skycell,use_stats=off,1157,8,1,15,0.039,0.012
skycell,use_stats=off,1158,50,49,7,0.013,0.029
skycell,use_stats=off,1159,3,2,4,0.013,0.006
skycell,use_stats=off,1160,48,42,18,0.029,0.031
skycell,use_stats=off,1161,5,4,10,0.043,0.009
skycell,use_stats=off,1162,3,3,7,0.021,0.007
skycell,use_stats=off,1163,3,6,14,0.032,0.013
skycell,use_stats=off,1164,4,3,11,0.024,0.009
skycell,use_stats=off,1165,11,12,8,0.018,0.011
skycell,use_stats=off,1166,15,20,9,0.025,0.016
skycell,use_stats=off,1167,3,4,10,0.024,0.009
skycell,use_stats=off,1168,5,930,34,0.027,0.162
skycell,use_stats=off,1169,29,46,7,0.013,0.025
skycell,use_stats=off,1170,5,5,8,0.024,0.01
skycell,use_stats=off,1171,4,1,7,0.019,0.007
skycell,use_stats=off,1172,7,6,5,0.019,0.009
skycell,use_stats=off,1173,4,3,14,0.029,0.011
skycell,use_stats=off,1174,4,4,13,0.031,0.008
skycell,use_stats=off,1175,3,1,4,0.018,0.006
skycell,use_stats=off,1176,16,16,9,0.019,0.012
skycell,use_stats=off,1177,3,2,10,0.024,0.009
skycell,use_stats=off,1178,9,10,5,0.013,0.008
skycell,use_stats=off,1179,3,4,10,0.024,0.008
skycell,use_stats=off,1180,23,13,4,0.013,0.009
skycell,use_stats=off,1181,4,2,15,0.029,0.02
skycell,use_stats=off,1182,46,52,7,0.014,0.028
skycell,use_stats=off,1183,8,7,14,0.029,0.012
skycell,use_stats=off,1184,3,4,11,0.024,0.009
skycell,use_stats=off,1185,10,1,4,0.014,0.005
skycell,use_stats=off,1186,34,48,18,0.029,0.028
skycell,use_stats=off,1187,3,3,8,0.018,0.01
skycell,use_stats=off,1188,6,3,12,0.025,0.011
skycell,use_stats=off,1189,3,3,10,0.024,0.009
skycell,use_stats=off,1190,5,2,8,0.018,0.009
skycell,use_stats=off,1191,3,1,4,0.012,0.006
skycell,use_stats=off,1192,5,137,12,0.013,0.061
skycell,use_stats=off,1193,3,2,11,0.023,0.011
skycell,use_stats=off,1194,3,3,12,0.024,0.011
skycell,use_stats=off,1195,4,2,14,0.031,0.011
skycell,use_stats=off,1196,7,8,8,0.019,0.008
skycell,use_stats=off,1197,3,1,7,0.02,0.008
skycell,use_stats=off,1198,24,49,14,0.023,0.026
skycell,use_stats=off,1199,3,4,11,0.028,0.01
skycell,use_stats=off,1200,47,55,9,0.019,0.024
skycell,use_stats=off,1201,3,2,8,0.019,0.009
skycell,use_stats=off,1202,6,6,4,0.018,0.006
skycell,use_stats=off,1203,46,48,12,0.019,0.03
skycell,use_stats=off,1204,9,8,12,0.024,0.013
skycell,use_stats=off,1205,3,0,4,0.013,0.006
skycell,use_stats=off,1206,46,63,11,0.018,0.026
skycell,use_stats=off,1207,5,8,14,0.029,0.013
skycell,use_stats=off,1208,4,10,10,0.024,0.01
skycell,use_stats=off,1209,3,2,7,0.018,0.008
skycell,use_stats=off,1210,7,8,4,0.014,0.007
skycell,use_stats=off,1211,4,0,14,0.028,0.011
skycell,use_stats=off,1212,68,72,6,0.014,0.025
skycell,use_stats=off,1213,3,2,8,0.019,0.009
skycell,use_stats=off,1214,24,26,13,0.024,0.018
skycell,use_stats=off,1215,4,1,11,0.024,0.009
skycell,use_stats=off,1216,25,33,9,0.019,0.017
skycell,use_stats=off,1217,3,2,7,0.018,0.008
skycell,use_stats=off,1218,4,4,11,0.025,0.01
skycell,use_stats=off,1219,3,5,7,0.019,0.007
skycell,use_stats=off,1220,43,70,11,0.019,0.026
skycell,use_stats=off,1221,3,0,8,0.019,0.008
skycell,use_stats=off,1222,11,3834,58,0.029,0.344
skycell,use_stats=off,1223,4,1,4,0.013,0.006
skycell,use_stats=off,1224,5,5,12,0.025,0.01
skycell,use_stats=off,1225,16,11,6,0.012,0.015
skycell,use_stats=off,1226,8,3,11,0.024,0.009
skycell,use_stats=off,1227,4,4,8,0.018,0.008
skycell,use_stats=off,1228,6,1616,56,0.029,0.261
skycell,use_stats=off,1229,7,11,9,0.018,0.012
skycell,use_stats=off,1230,3,1,7,0.019,0.007
skycell,use_stats=off,1231,5,1,5,0.013,0.007
skycell,use_stats=off,1232,162,170,17,0.019,0.067
skycell,use_stats=off,1233,4,2,10,0.024,0.009
skycell,use_stats=off,1234,3,3,8,0.018,0.007
skycell,use_stats=off,1235,4,2,10,0.023,0.008
skycell,use_stats=off,1236,28,32,12,0.023,0.021
skycell,use_stats=off,1237,3,2,10,0.024,0.008
skycell,use_stats=off,1238,4,4,12,0.024,0.01
skycell,use_stats=off,1239,3,6,11,0.024,0.012
skycell,use_stats=off,1240,45,40,6,0.014,0.021
skycell,use_stats=off,1241,5,3,8,0.019,0.009
skycell,use_stats=off,1242,18,11,8,0.018,0.011
skycell,use_stats=off,1243,50,51,17,0.029,0.026
skycell,use_stats=off,1244,40,66,11,0.018,0.027
skycell,use_stats=off,1245,3,1,8,0.019,0.009
skycell,use_stats=off,1246,3,3,4,0.013,0.005
skycell,use_stats=off,1247,5,0,8,0.018,0.01
skycell,use_stats=off,1248,126,106,11,0.012,0.046
skycell,use_stats=off,1249,16,11,5,0.013,0.011
skycell,use_stats=off,1250,36,29,10,0.021,0.019
skycell,use_stats=off,1251,3,2,4,0.013,0.007
skycell,use_stats=off,1252,99,79,19,0.036,0.033
skycell,use_stats=off,1253,3,4,10,0.024,0.009
skycell,use_stats=off,1254,121,118,21,0.029,0.046
skycell,use_stats=off,1255,35,47,12,0.019,0.024
skycell,use_stats=off,1256,6,4009,52,0.019,0.341
skycell,use_stats=off,1257,50,74,11,0.02,0.029
skycell,use_stats=off,1258,3,4,11,0.023,0.008
skycell,use_stats=off,1259,4,1,11,0.025,0.01
skycell,use_stats=off,1260,8,5,16,0.029,0.013
skycell,use_stats=off,1261,82,99,15,0.024,0.04
skycell,use_stats=off,1262,134,140,21,0.024,0.066
skycell,use_stats=off,1263,3,2,4,0.013,0.006
skycell,use_stats=off,1264,65,74,16,0.024,0.037
skycell,use_stats=off,1265,4,1,10,0.029,0.009
skycell,use_stats=off,1266,24,21,16,0.029,0.017
skycell,use_stats=off,1267,3,3,5,0.013,0.007
skycell,use_stats=off,1268,4,3,14,0.029,0.01
skycell,use_stats=off,1269,3,3,8,0.017,0.009
skycell,use_stats=off,1270,13,22,12,0.024,0.016
skycell,use_stats=off,1271,11,14,9,0.018,0.015
skycell,use_stats=off,1272,15,19,8,0.023,0.011
skycell,use_stats=off,1273,3,4,4,0.013,0.006
skycell,use_stats=off,1274,9,730,39,0.029,0.146
skycell,use_stats=off,1275,51,61,8,0.012,0.033
skycell,use_stats=off,1276,4,3,8,0.018,0.008
skycell,use_stats=off,1277,4,2,7,0.02,0.01
skycell,use_stats=off,1278,136,139,16,0.019,0.057
skycell,use_stats=off,1279,3,0,7,0.019,0.007
skycell,use_stats=off,1280,127,87,12,0.019,0.031
skycell,use_stats=off,1281,3,3,8,0.018,0.008
skycell,use_stats=off,1282,51,77,7,0.015,0.033
skycell,use_stats=off,1283,5,4,4,0.012,0.007
skycell,use_stats=off,1284,23,47,15,0.025,0.026
skycell,use_stats=off,1285,28,36,6,0.015,0.016
skycell,use_stats=off,1286,4,2,10,0.024,0.008
skycell,use_stats=off,1287,4,7,4,0.014,0.007
skycell,use_stats=off,1288,3,4,10,0.025,0.009
skycell,use_stats=off,1289,3,1,13,0.03,0.009
skycell,use_stats=off,1290,148,175,22,0.036,0.065
skycell,use_stats=off,1291,3,2,8,0.018,0.01
skycell,use_stats=off,1292,74,65,8,0.014,0.033
skycell,use_stats=off,1293,3,4,4,0.014,0.006
skycell,use_stats=off,1294,50,59,7,0.014,0.029
skycell,use_stats=off,1295,5,2,7,0.018,0.008
skycell,use_stats=off,1296,6,5,5,0.013,0.006
skycell,use_stats=off,1297,5,1,7,0.018,0.008
skycell,use_stats=off,1298,5,9,12,0.024,0.012
skycell,use_stats=off,1299,7,3,7,0.019,0.008
skycell,use_stats=off,1300,61,81,15,0.024,0.025
skycell,use_stats=off,1301,110,115,35,0.069,0.05
skycell,use_stats=off,1302,569,528,37,0.063,0.098
skycell,use_stats=off,1303,311,144,39,0.088,0.056
skycell,use_stats=off,1304,677,1562,68,0.07,0.238
skycell,use_stats=off,1305,67,53,22,0.052,0.028
skycell,use_stats=off,1306,1155,1632,62,0.061,0.234
skycell,use_stats=off,1307,148,103,27,0.058,0.044
skycell,use_stats=off,1308,129,85,30,0.062,0.04
skycell,use_stats=off,1309,73,72,18,0.048,0.03
skycell,use_stats=off,1310,92,68,33,0.071,0.044
skycell,use_stats=off,1311,74,63,24,0.059,0.031
skycell,use_stats=off,1312,72,66,26,0.056,0.03
skycell,use_stats=off,1313,94,51,22,0.052,0.029
skycell,use_stats=off,1314,92,69,31,0.064,0.031
skycell,use_stats=off,1315,411,475,43,0.065,0.098
skycell,use_stats=off,1316,765,397,36,0.059,0.084
skycell,use_stats=off,1317,71,71,24,0.057,0.032
skycell,use_stats=off,1318,916,800,42,0.056,0.143
skycell,use_stats=off,1319,66,64,35,0.071,0.042
skycell,use_stats=off,1320,89,73,36,0.072,0.043
skycell,use_stats=off,1321,182,75,32,0.084,0.038
skycell,use_stats=off,1322,134,69,25,0.055,0.029
skycell,use_stats=off,1323,93,77,34,0.07,0.037
skycell,use_stats=off,1324,2166,2294,77,0.066,0.318
skycell,use_stats=off,1325,77,84,21,0.047,0.033
skycell,use_stats=off,1326,560,752,46,0.066,0.122
skycell,use_stats=off,1327,89,72,30,0.064,0.034
skycell,use_stats=off,1328,617,879,42,0.058,0.146
skycell,use_stats=off,1329,91,81,33,0.067,0.041
skycell,use_stats=off,1330,1665,1598,57,0.056,0.227
skycell,use_stats=off,1331,77,61,37,0.071,0.041
skycell,use_stats=off,1332,71,69,30,0.06,0.035
skycell,use_stats=off,1333,75,67,36,0.081,0.039
skycell,use_stats=off,1334,684,736,40,0.058,0.114
skycell,use_stats=off,1335,275,311,36,0.063,0.071
skycell,use_stats=off,1336,654,1019,43,0.051,0.15
skycell,use_stats=off,1337,89,81,19,0.045,0.023
skycell,use_stats=off,1338,876,1099,57,0.07,0.177
skycell,use_stats=off,1339,123,122,19,0.048,0.035
skycell,use_stats=off,1340,683,1284,59,0.067,0.194
skycell,use_stats=off,1341,86,56,38,0.076,0.04
skycell,use_stats=off,1342,89,65,39,0.075,0.04
skycell,use_stats=off,1343,85,61,33,0.071,0.032
skycell,use_stats=off,1344,73,57,34,0.071,0.036
skycell,use_stats=off,1345,77,63,26,0.062,0.031
skycell,use_stats=off,1346,717,553,47,0.073,0.112
skycell,use_stats=off,1347,78,68,25,0.052,0.03
skycell,use_stats=off,1348,100,63,30,0.061,0.035
skycell,use_stats=off,1349,117,216,34,0.062,0.062
skycell,use_stats=off,1350,74,75,29,0.059,0.035
skycell,use_stats=off,1351,103,69,36,0.071,0.036
skycell,use_stats=off,1352,125,157,26,0.055,0.046
skycell,use_stats=off,1353,266,211,36,0.067,0.061
skycell,use_stats=off,1354,111,136,32,0.063,0.044
skycell,use_stats=off,1355,95,47,26,0.054,0.03
skycell,use_stats=off,1356,311,660,44,0.07,0.119
skycell,use_stats=off,1357,67,70,25,0.055,0.028
skycell,use_stats=off,1358,69,66,33,0.071,0.036
skycell,use_stats=off,1359,179,68,36,0.07,0.04
skycell,use_stats=off,1360,582,674,47,0.066,0.113
skycell,use_stats=off,1361,67,67,30,0.065,0.036
skycell,use_stats=off,1362,65,61,13,0.036,0.026
skycell,use_stats=off,1363,82,60,31,0.063,0.034
skycell,use_stats=off,1364,2623,2512,74,0.067,0.318
skycell,use_stats=off,1365,68,65,39,0.074,0.038
skycell,use_stats=off,1366,74,65,33,0.065,0.037
skycell,use_stats=off,1367,96,60,33,0.066,0.032
skycell,use_stats=off,1368,74,60,30,0.059,0.033
skycell,use_stats=off,1369,189,163,33,0.062,0.051
skycell,use_stats=off,1370,3883,4069,96,0.058,0.515
skycell,use_stats=off,1371,76,77,35,0.073,0.042
skycell,use_stats=off,1372,390,601,40,0.052,0.108
skycell,use_stats=off,1373,78,49,35,0.07,0.031
skycell,use_stats=off,1374,89,70,21,0.05,0.028
skycell,use_stats=off,1375,84,73,36,0.069,0.034
skycell,use_stats=off,1376,533,495,46,0.073,0.096
skycell,use_stats=off,1377,74,63,22,0.052,0.031
skycell,use_stats=off,1378,1278,1356,50,0.048,0.214
skycell,use_stats=off,1379,113,79,31,0.062,0.034
skycell,use_stats=off,1380,1261,1572,51,0.053,0.232
skycell,use_stats=off,1381,195,47,35,0.074,0.035
skycell,use_stats=off,1382,75,75,38,0.072,0.041
skycell,use_stats=off,1383,99,65,30,0.064,0.034
skycell,use_stats=off,1384,87,77,29,0.058,0.03
skycell,use_stats=off,1385,1138,1227,52,0.056,0.191
skycell,use_stats=off,1386,1236,1589,54,0.055,0.203
skycell,use_stats=off,1387,65,79,25,0.055,0.024
skycell,use_stats=off,1388,778,898,42,0.06,0.134
skycell,use_stats=off,1389,79,69,29,0.059,0.024
skycell,use_stats=off,1390,499,710,46,0.059,0.133
skycell,use_stats=off,1391,70,77,31,0.063,0.036
skycell,use_stats=off,1392,68,67,24,0.053,0.028
skycell,use_stats=off,1393,67,66,34,0.069,0.038
skycell,use_stats=off,1394,3512,3504,108,0.077,0.475
skycell,use_stats=off,1395,71,64,32,0.066,0.032
skycell,use_stats=off,1396,2916,3600,92,0.059,0.448
skycell,use_stats=off,1397,198,59,27,0.057,0.03
skycell,use_stats=off,1398,3026,2926,80,0.059,0.39
skycell,use_stats=off,1399,139,66,34,0.07,0.038
skycell,use_stats=off,1400,3809,4002,110,0.071,0.539
skycell,use_stats=off,1401,722,297,58,0.114,0.095
skycell,use_stats=off,1402,276,254,53,0.111,0.076
skycell,use_stats=off,1403,312,324,57,0.119,0.083
skycell,use_stats=off,1404,1150,1369,81,0.122,0.226
skycell,use_stats=off,1405,321,265,66,0.131,0.097
skycell,use_stats=off,1406,1134,1108,71,0.122,0.172
skycell,use_stats=off,1407,269,276,62,0.135,0.077
skycell,use_stats=off,1408,4448,4152,122,0.113,0.495
skycell,use_stats=off,1409,283,297,61,0.123,0.078
skycell,use_stats=off,1410,315,306,50,0.107,0.066
skycell,use_stats=off,1411,820,748,72,0.124,0.139
skycell,use_stats=off,1412,298,265,62,0.129,0.075
skycell,use_stats=off,1413,329,280,55,0.108,0.075
skycell,use_stats=off,1414,916,1101,88,0.14,0.183
skycell,use_stats=off,1415,267,251,55,0.115,0.066
skycell,use_stats=off,1416,8814,9129,199,0.118,0.984
skycell,use_stats=off,1417,315,272,47,0.1,0.065
skycell,use_stats=off,1418,4485,5071,143,0.131,0.613
skycell,use_stats=off,1419,333,271,58,0.122,0.08
skycell,use_stats=off,1420,4807,5690,124,0.097,0.594
skycell,use_stats=off,1421,351,233,45,0.097,0.06
skycell,use_stats=off,1422,3986,4433,130,0.114,0.521
skycell,use_stats=off,1423,294,260,55,0.109,0.07
skycell,use_stats=off,1424,1438,3126,98,0.108,0.357
skycell,use_stats=off,1425,2595,3145,104,0.117,0.398
skycell,use_stats=off,1426,533,302,55,0.118,0.073
skycell,use_stats=off,1427,361,255,67,0.134,0.077
skycell,use_stats=off,1428,4291,3905,120,0.108,0.476
skycell,use_stats=off,1429,1219,1284,67,0.103,0.184
skycell,use_stats=off,1430,888,1294,60,0.097,0.171
skycell,use_stats=off,1431,305,289,54,0.11,0.07
skycell,use_stats=off,1432,536,268,52,0.104,0.07
skycell,use_stats=off,1433,1572,901,76,0.121,0.156
skycell,use_stats=off,1434,442,277,63,0.118,0.075
skycell,use_stats=off,1435,1516,1243,88,0.133,0.19
skycell,use_stats=off,1436,504,1021,73,0.129,0.16
skycell,use_stats=off,1437,302,298,55,0.115,0.073
skycell,use_stats=off,1438,397,4191,109,0.124,0.394
skycell,use_stats=off,1439,327,307,59,0.114,0.078
skycell,use_stats=off,1440,280,269,51,0.103,0.065
skycell,use_stats=off,1441,2580,2336,181,0.34,0.417
skycell,use_stats=off,1442,2433,2435,178,0.325,0.377
skycell,use_stats=off,1443,2487,2502,185,0.327,0.389
skycell,use_stats=off,1444,28441,35019,586,0.329,3.492
skycell,use_stats=off,1445,10741,11114,288,0.323,1.149
skycell,use_stats=off,1446,2674,6517,228,0.33,0.684
skycell,use_stats=off,1447,3454,2340,164,0.297,0.322
skycell,use_stats=off,1448,137734,147516,1937,0.31,13.011
skycell,use_stats=off,1449,3773,2525,161,0.289,0.35
skycell,use_stats=off,1450,42025,43516,696,0.316,4.062
skycell,use_stats=off,1451,2846,2330,184,0.358,0.34
skycell,use_stats=off,1452,29302,26649,521,0.353,2.688
skycell,use_stats=off,1453,2539,2324,191,0.355,0.34
skycell,use_stats=off,1454,22980,22109,451,0.355,2.269
skycell,use_stats=off,1455,3433,2386,193,0.333,0.338
skycell,use_stats=off,1456,17967,18819,369,0.302,1.818
skycell,max_area_ratio=0,1,1,0,3,0.019,0.007
skycell,max_area_ratio=0,2,1,1,4,0.016,0.007
skycell,max_area_ratio=0,3,1,0,3,0.016,0.006
skycell,max_area_ratio=0,4,1,1,4,0.016,0.007
skycell,max_area_ratio=0,5,1,0,3,0.015,0.005
skycell,max_area_ratio=0,6,1,1,4,0.014,0.006
skycell,max_area_ratio=0,7,1,0,3,0.015,0.005
skycell,max_area_ratio=0,8,1,1,4,0.015,0.005
skycell,max_area_ratio=0,9,1,0,3,0.015,0.005
skycell,max_area_ratio=0,10,1,1,4,0.015,0.005
skycell,max_area_ratio=0,11,1,0,3,0.015,0.005
skycell,max_area_ratio=0,12,1,1,4,0.015,0.005
skycell,max_area_ratio=0,13,1,0,3,0.015,0.005
skycell,max_area_ratio=0,14,1,1,4,0.017,0.007
skycell,max_area_ratio=0,15,1,0,3,0.014,0.005
skycell,max_area_ratio=0,16,1,1,4,0.015,0.005
skycell,max_area_ratio=0,17,1,0,3,0.015,0.004
skycell,max_area_ratio=0,18,1,1,4,0.015,0.005
skycell,max_area_ratio=0,19,1,0,3,0.014,0.005
skycell,max_area_ratio=0,20,1,1,4,0.015,0.005
skycell,max_area_ratio=0,21,1,0,3,0.015,0.004
skycell,max_area_ratio=0,22,1,1,4,0.015,0.005
skycell,max_area_ratio=0,23,1,0,3,0.015,0.011
skycell,max_area_ratio=0,24,1,1,4,0.015,0.005
skycell,max_area_ratio=0,25,1,0,3,0.014,0.005
skycell,max_area_ratio=0,26,1,1,4,0.014,0.006
skycell,max_area_ratio=0,27,1,0,3,0.015,0.005
skycell,max_area_ratio=0,28,1,1,4,0.015,0.005
skycell,max_area_ratio=0,29,1,0,3,0.015,0.004
skycell,max_area_ratio=0,30,1,1,4,0.015,0.005
skycell,max_area_ratio=0,31,1,0,3,0.015,0.005
skycell,max_area_ratio=0,32,1,1,4,0.015,0.004
skycell,max_area_ratio=0,33,1,0,3,0.014,0.004
skycell,max_area_ratio=0,34,1,1,4,0.015,0.005
skycell,max_area_ratio=0,35,1,0,3,0.015,0.004
skycell,max_area_ratio=0,36,1,1,4,0.014,0.005
skycell,max_area_ratio=0,37,1,0,3,0.015,0.005
skycell,max_area_ratio=0,38,1,1,4,0.015,0.005
skycell,max_area_ratio=0,39,1,0,3,0.016,0.004
skycell,max_area_ratio=0,40,1,1,4,0.015,0.006
skycell,max_area_ratio=0,41,1,0,3,0.015,0.005
skycell,max_area_ratio=0,42,1,1,4,0.015,0.005
skycell,max_area_ratio=0,43,1,0,3,0.015,0.004
skycell,max_area_ratio=0,44,1,1,4,0.014,0.005
skycell,max_area_ratio=0,45,1,0,3,0.015,0.005
skycell,max_area_ratio=0,46,1,1,4,0.015,0.005
skycell,max_area_ratio=0,47,1,0,3,0.014,0.004
skycell,max_area_ratio=0,48,1,1,4,0.015,0.005
skycell,max_area_ratio=0,49,1,0,3,0.014,0.004
skycell,max_area_ratio=0,50,1,1,4,0.015,0.006
skycell,max_area_ratio=0,51,1,0,3,0.015,0.004
skycell,max_area_ratio=0,52,1,1,4,0.015,0.005
skycell,max_area_ratio=0,53,1,0,3,0.014,0.004
skycell,max_area_ratio=0,54,1,1,4,0.015,0.005
skycell,max_area_ratio=0,55,1,0,3,0.015,0.004
skycell,max_area_ratio=0,56,1,1,4,0.015,0.005
skycell,max_area_ratio=0,57,1,0,3,0.015,0.005
skycell,max_area_ratio=0,58,1,1,4,0.015,0.005
skycell,max_area_ratio=0,59,1,0,3,0.014,0.005
skycell,max_area_ratio=0,60,1,1,4,0.015,0.006
skycell,max_area_ratio=0,61,1,0,3,0.015,0.004
skycell,max_area_ratio=0,62,1,1,4,0.015,0.006
skycell,max_area_ratio=0,63,1,0,3,0.015,0.004
skycell,max_area_ratio=0,64,1,1,4,0.015,0.005
skycell,max_area_ratio=0,65,1,0,3,0.014,0.004
skycell,max_area_ratio=0,66,1,1,4,0.014,0.005
skycell,max_area_ratio=0,67,1,0,3,0.015,0.004
skycell,max_area_ratio=0,68,1,1,4,0.015,0.005
skycell,max_area_ratio=0,69,1,0,3,0.015,0.004
skycell,max_area_ratio=0,70,1,1,4,0.013,0.005
skycell,max_area_ratio=0,71,1,0,3,0.015,0.004
skycell,max_area_ratio=0,72,1,1,4,0.014,0.005
skycell,max_area_ratio=0,73,1,0,3,0.015,0.004
skycell,max_area_ratio=0,74,1,1,4,0.017,0.006
skycell,max_area_ratio=0,75,1,0,3,0.015,0.004
skycell,max_area_ratio=0,76,1,1,4,0.015,0.005
skycell,max_area_ratio=0,77,1,0,3,0.024,0.004
skycell,max_area_ratio=0,78,1,1,4,0.015,0.006
skycell,max_area_ratio=0,79,1,0,3,0.015,0.004
skycell,max_area_ratio=0,80,1,1,4,0.015,0.005
skycell,max_area_ratio=0,81,1,0,3,0.014,0.004
skycell,max_area_ratio=0,82,1,1,4,0.015,0.005
skycell,max_area_ratio=0,83,1,0,3,0.015,0.004
skycell,max_area_ratio=0,84,1,1,4,0.014,0.005
skycell,max_area_ratio=0,85,1,0,3,0.015,0.004
skycell,max_area_ratio=0,86,1,1,4,0.014,0.005
skycell,max_area_ratio=0,87,1,0,3,0.015,0.005
skycell,max_area_ratio=0,88,1,1,4,0.015,0.005
skycell,max_area_ratio=0,89,1,0,3,0.014,0.004
skycell,max_area_ratio=0,90,1,1,4,0.015,0.005
skycell,max_area_ratio=0,91,1,0,3,0.015,0.004
skycell,max_area_ratio=0,92,1,1,4,0.015,0.006
skycell,max_area_ratio=0,93,1,0,3,0.014,0.005
skycell,max_area_ratio=0,94,1,1,4,0.015,0.005
skycell,max_area_ratio=0,95,1,0,3,0.015,0.004
skycell,max_area_ratio=0,96,1,1,4,0.015,0.006
skycell,max_area_ratio=0,97,1,0,3,0.015,0.004
skycell,max_area_ratio=0,98,1,1,4,0.015,0.005
skycell,max_area_ratio=0,99,1,0,3,0.015,0.004
skycell,max_area_ratio=0,100,1,1,4,0.015,0.005
skycell,max_area_ratio=0,101,1,0,3,0.014,0.004
skycell,max_area_ratio=0,102,1,1,4,0.014,0.005
skycell,max_area_ratio=0,103,1,0,3,0.014,0.005
skycell,max_area_ratio=0,104,1,1,4,0.017,0.006
skycell,max_area_ratio=0,105,1,0,3,0.014,0.004
skycell,max_area_ratio=0,106,1,1,4,0.015,0.005
skycell,max_area_ratio=0,107,1,0,3,0.014,0.004
skycell,max_area_ratio=0,108,1,1,4,0.014,0.005
skycell,max_area_ratio=0,109,1,0,3,0.015,0.004
skycell,max_area_ratio=0,110,1,1,4,0.015,0.006
skycell,max_area_ratio=0,111,1,0,3,0.015,0.004
skycell,max_area_ratio=0,112,1,1,4,0.015,0.006
skycell,max_area_ratio=0,113,1,0,3,0.015,0.005
skycell,max_area_ratio=0,114,1,1,4,0.015,0.005
skycell,max_area_ratio=0,115,1,0,3,0.018,0.005
skycell,max_area_ratio=0,116,1,1,4,0.022,0.005
skycell,max_area_ratio=0,117,1,0,3,0.014,0.004
skycell,max_area_ratio=0,118,1,1,4,0.015,0.005
skycell,max_area_ratio=0,119,1,0,3,0.015,0.004
skycell,max_area_ratio=0,120,1,1,4,0.015,0.005
skycell,max_area_ratio=0,121,1,0,3,0.015,0.004
skycell,max_area_ratio=0,122,1,1,4,0.014,0.005
skycell,max_area_ratio=0,123,1,0,3,0.014,0.004
skycell,max_area_ratio=0,124,1,1,4,0.015,0.006
skycell,max_area_ratio=0,125,1,0,3,0.015,0.004
skycell,max_area_ratio=0,126,1,1,4,0.014,0.006
skycell,max_area_ratio=0,127,1,0,3,0.014,0.004
skycell,max_area_ratio=0,128,1,1,4,0.015,0.005
skycell,max_area_ratio=0,129,1,0,3,0.014,0.004
skycell,max_area_ratio=0,130,1,1,4,0.014,0.005
skycell,max_area_ratio=0,131,1,0,3,0.015,0.004
skycell,max_area_ratio=0,132,1,1,4,0.015,0.005
skycell,max_area_ratio=0,133,1,0,3,0.014,0.004
skycell,max_area_ratio=0,134,1,1,4,0.017,0.006
skycell,max_area_ratio=0,135,1,0,3,0.015,0.004
skycell,max_area_ratio=0,136,1,1,4,0.014,0.005
skycell,max_area_ratio=0,137,1,0,3,0.014,0.003
skycell,max_area_ratio=0,138,1,1,4,0.014,0.005
skycell,max_area_ratio=0,139,1,0,3,0.015,0.004
skycell,max_area_ratio=0,140,1,1,4,0.015,0.005
skycell,max_area_ratio=0,141,1,0,3,0.015,0.004
skycell,max_area_ratio=0,142,1,1,4,0.015,0.005
skycell,max_area_ratio=0,143,1,0,3,0.015,0.004
skycell,max_area_ratio=0,144,1,1,4,0.015,0.007
skycell,max_area_ratio=0,145,1,0,3,0.014,0.005
skycell,max_area_ratio=0,146,1,1,4,0.015,0.005
skycell,max_area_ratio=0,147,1,0,3,0.014,0.004
skycell,max_area_ratio=0,148,1,1,4,0.014,0.005
skycell,max_area_ratio=0,149,1,0,3,0.014,0.004
skycell,max_area_ratio=0,150,1,1,4,0.015,0.006
skycell,max_area_ratio=0,151,1,0,3,0.015,0.004
skycell,max_area_ratio=0,152,1,1,4,0.015,0.005
skycell,max_area_ratio=0,153,1,0,3,0.015,0.005
skycell,max_area_ratio=0,154,1,1,4,0.014,0.005
skycell,max_area_ratio=0,155,1,0,3,0.02,0.004
skycell,max_area_ratio=0,156,1,1,4,0.014,0.006
skycell,max_area_ratio=0,157,1,0,3,0.015,0.004
skycell,max_area_ratio=0,158,1,1,4,0.013,0.005
skycell,max_area_ratio=0,159,1,0,3,0.015,0.004
skycell,max_area_ratio=0,160,1,1,4,0.015,0.005
skycell,max_area_ratio=0,161,1,0,3,0.014,0.004
skycell,max_area_ratio=0,162,1,1,4,0.015,0.005
skycell,max_area_ratio=0,163,1,0,3,0.015,0.004
skycell,max_area_ratio=0,164,1,1,4,0.014,0.005
skycell,max_area_ratio=0,165,1,0,3,0.014,0.005
skycell,max_area_ratio=0,166,1,1,4,0.015,0.005
skycell,max_area_ratio=0,167,1,0,3,0.015,0.004
skycell,max_area_ratio=0,168,1,1,4,0.014,0.005
skycell,max_area_ratio=0,169,1,0,3,0.015,0.004
skycell,max_area_ratio=0,170,1,1,4,0.015,0.005
skycell,max_area_ratio=0,171,1,0,3,0.015,0.005
skycell,max_area_ratio=0,172,1,1,4,0.015,0.005
skycell,max_area_ratio=0,173,1,0,3,0.015,0.004
skycell,max_area_ratio=0,174,1,1,4,0.015,0.005
skycell,max_area_ratio=0,175,1,0,3,0.014,0.004
skycell,max_area_ratio=0,176,1,1,4,0.015,0.005
skycell,max_area_ratio=0,177,1,0,3,0.014,0.004
skycell,max_area_ratio=0,178,1,1,4,0.014,0.005
skycell,max_area_ratio=0,179,1,0,3,0.015,0.005
skycell,max_area_ratio=0,180,1,1,4,0.015,0.005
skycell,max_area_ratio=0,181,1,0,3,0.014,0.004
skycell,max_area_ratio=0,182,1,1,4,0.014,0.005
skycell,max_area_ratio=0,183,1,0,3,0.015,0.004
skycell,max_area_ratio=0,184,1,1,4,0.015,0.005
skycell,max_area_ratio=0,185,1,0,3,0.015,0.004
skycell,max_area_ratio=0,186,1,1,4,0.015,0.005
skycell,max_area_ratio=0,187,1,0,3,0.014,0.004
skycell,max_area_ratio=0,188,1,1,4,0.014,0.005
skycell,max_area_ratio=0,189,1,0,3,0.015,0.004
skycell,max_area_ratio=0,190,1,1,4,0.014,0.005
skycell,max_area_ratio=0,191,1,0,3,0.014,0.004
skycell,max_area_ratio=0,192,1,1,4,0.014,0.006
skycell,max_area_ratio=0,193,1,0,3,0.015,0.004
skycell,max_area_ratio=0,194,1,1,4,0.017,0.006
skycell,max_area_ratio=0,195,1,0,3,0.014,0.004
skycell,max_area_ratio=0,196,1,1,4,0.015,0.006
skycell,max_area_ratio=0,197,1,0,3,0.015,0.004
skycell,max_area_ratio=0,198,1,1,4,0.014,0.005
skycell,max_area_ratio=0,199,1,0,3,0.015,0.004
skycell,max_area_ratio=0,200,1,1,4,0.015,0.005
skycell,max_area_ratio=0,201,1,0,3,0.014,0.004
skycell,max_area_ratio=0,202,1,1,4,0.014,0.005
skycell,max_area_ratio=0,203,1,0,3,0.015,0.004
skycell,max_area_ratio=0,204,1,1,4,0.015,0.006
skycell,max_area_ratio=0,205,1,0,3,0.015,0.004
skycell,max_area_ratio=0,206,1,1,4,0.014,0.005
skycell,max_area_ratio=0,207,1,0,3,0.014,0.004
skycell,max_area_ratio=0,208,1,1,4,0.019,0.006
skycell,max_area_ratio=0,209,1,0,3,0.014,0.004
skycell,max_area_ratio=0,210,1,1,4,0.015,0.005
skycell,max_area_ratio=0,211,1,0,3,0.015,0.004
skycell,max_area_ratio=0,212,1,1,4,0.015,0.005
skycell,max_area_ratio=0,213,1,0,3,0.015,0.004
skycell,max_area_ratio=0,214,1,1,4,0.015,0.005
skycell,max_area_ratio=0,215,1,0,3,0.015,0.004
skycell,max_area_ratio=0,216,1,1,4,0.015,0.005
skycell,max_area_ratio=0,217,1,0,3,0.014,0.004
skycell,max_area_ratio=0,218,1,1,4,0.015,0.005
skycell,max_area_ratio=0,219,1,0,3,0.015,0.004
skycell,max_area_ratio=0,220,1,1,4,0.015,0.006
skycell,max_area_ratio=0,221,1,0,3,0.015,0.004
skycell,max_area_ratio=0,222,1,1,4,0.015,0.006
skycell,max_area_ratio=0,223,1,0,3,0.015,0.004
skycell,max_area_ratio=0,224,1,1,4,0.015,0.005
skycell,max_area_ratio=0,225,1,0,3,0.015,0.004
skycell,max_area_ratio=0,226,1,1,4,0.015,0.005
skycell,max_area_ratio=0,227,1,0,3,0.015,0.004
skycell,max_area_ratio=0,228,1,1,4,0.013,0.005
skycell,max_area_ratio=0,229,1,0,3,0.015,0.004
skycell,max_area_ratio=0,230,1,1,4,0.015,0.005
skycell,max_area_ratio=0,231,1,0,3,0.015,0.004
skycell,max_area_ratio=0,232,1,1,4,0.015,0.005
skycell,max_area_ratio=0,233,1,0,3,0.014,0.004
skycell,max_area_ratio=0,234,1,1,4,0.015,0.005
skycell,max_area_ratio=0,235,1,0,3,0.015,0.004
skycell,max_area_ratio=0,236,1,1,4,0.015,0.005
skycell,max_area_ratio=0,237,1,0,3,0.015,0.004
skycell,max_area_ratio=0,238,1,1,4,0.015,0.005
skycell,max_area_ratio=0,239,1,0,3,0.015,0.004
skycell,max_area_ratio=0,240,1,1,4,0.015,0.006
skycell,max_area_ratio=0,241,1,0,3,0.015,0.004
skycell,max_area_ratio=0,242,1,1,4,0.014,0.004
skycell,max_area_ratio=0,243,1,0,3,0.014,0.004
skycell,max_area_ratio=0,244,1,1,4,0.015,0.005
skycell,max_area_ratio=0,245,1,0,3,0.015,0.004
skycell,max_area_ratio=0,246,1,1,4,0.014,0.005
skycell,max_area_ratio=0,247,1,0,3,0.015,0.005
skycell,max_area_ratio=0,248,1,1,4,0.014,0.005
skycell,max_area_ratio=0,249,1,0,3,0.014,0.003
skycell,max_area_ratio=0,250,1,1,4,0.015,0.004
skycell,max_area_ratio=0,251,1,0,3,0.015,0.004
skycell,max_area_ratio=0,252,1,1,4,0.014,0.005
skycell,max_area_ratio=0,253,1,0,3,0.015,0.004
skycell,max_area_ratio=0,254,1,1,4,0.017,0.006
skycell,max_area_ratio=0,255,1,0,3,0.014,0.004
skycell,max_area_ratio=0,256,1,1,4,0.014,0.005
skycell,max_area_ratio=0,257,1,0,3,0.015,0.004
skycell,max_area_ratio=0,258,1,1,4,0.015,0.005
skycell,max_area_ratio=0,259,1,0,3,0.014,0.003
skycell,max_area_ratio=0,260,1,1,4,0.015,0.005
skycell,max_area_ratio=0,261,1,0,3,0.015,0.005
skycell,max_area_ratio=0,262,1,1,4,0.014,0.005
skycell,max_area_ratio=0,263,1,0,3,0.014,0.004
skycell,max_area_ratio=0,264,1,1,4,0.014,0.005
skycell,max_area_ratio=0,265,1,0,3,0.015,0.004
skycell,max_area_ratio=0,266,1,1,4,0.015,0.005
skycell,max_area_ratio=0,267,1,0,3,0.014,0.004
skycell,max_area_ratio=0,268,1,1,4,0.015,0.005
skycell,max_area_ratio=0,269,1,0,3,0.015,0.004
skycell,max_area_ratio=0,270,1,1,4,0.014,0.005
skycell,max_area_ratio=0,271,1,0,4,0.015,0.006
skycell,max_area_ratio=0,272,1,1,4,0.015,0.006
skycell,max_area_ratio=0,273,1,0,3,0.014,0.004
skycell,max_area_ratio=0,274,1,1,4,0.015,0.005
skycell,max_area_ratio=0,275,1,0,3,0.015,0.005
skycell,max_area_ratio=0,276,1,1,4,0.015,0.005
skycell,max_area_ratio=0,277,1,0,3,0.014,0.004
skycell,max_area_ratio=0,278,1,1,4,0.015,0.005
skycell,max_area_ratio=0,279,1,0,3,0.015,0.004
skycell,max_area_ratio=0,280,1,1,4,0.014,0.005
skycell,max_area_ratio=0,281,1,0,3,0.015,0.004
skycell,max_area_ratio=0,282,1,1,4,0.014,0.005
skycell,max_area_ratio=0,283,1,0,3,0.015,0.004
skycell,max_area_ratio=0,284,1,1,4,0.017,0.006
skycell,max_area_ratio=0,285,1,0,3,0.015,0.004
skycell,max_area_ratio=0,286,1,1,4,0.014,0.005
skycell,max_area_ratio=0,287,1,0,3,0.014,0.004
skycell,max_area_ratio=0,288,1,1,4,0.014,0.005
skycell,max_area_ratio=0,289,1,0,3,0.015,0.005
skycell,max_area_ratio=0,290,1,1,4,0.015,0.005
skycell,max_area_ratio=0,291,1,0,3,0.015,0.005
skycell,max_area_ratio=0,292,1,1,4,0.015,0.005
skycell,max_area_ratio=0,293,1,0,3,0.015,0.004
skycell,max_area_ratio=0,294,1,1,4,0.015,0.005
skycell,max_area_ratio=0,295,1,0,3,0.015,0.004
skycell,max_area_ratio=0,296,1,1,4,0.015,0.005
skycell,max_area_ratio=0,297,1,0,3,0.014,0.004
skycell,max_area_ratio=0,298,1,1,4,0.015,0.005
skycell,max_area_ratio=0,299,1,0,3,0.015,0.004
skycell,max_area_ratio=0,300,1,1,4,0.015,0.005
skycell,max_area_ratio=0,301,1,0,3,0.015,0.004
skycell,max_area_ratio=0,302,1,1,4,0.015,0.005
skycell,max_area_ratio=0,303,1,0,3,0.015,0.004
skycell,max_area_ratio=0,304,1,1,4,0.015,0.005
skycell,max_area_ratio=0,305,1,0,3,0.014,0.004
skycell,max_area_ratio=0,306,1,1,4,0.015,0.005
skycell,max_area_ratio=0,307,1,0,3,0.014,0.004
skycell,max_area_ratio=0,308,1,1,4,0.015,0.005
skycell,max_area_ratio=0,309,1,0,3,0.015,0.004
skycell,max_area_ratio=0,310,1,1,4,0.014,0.005
skycell,max_area_ratio=0,311,1,0,4,0.015,0.005
skycell,max_area_ratio=0,312,1,1,4,0.014,0.005
skycell,max_area_ratio=0,313,1,0,3,0.019,0.004
skycell,max_area_ratio=0,314,1,1,4,0.017,0.006
skycell,max_area_ratio=0,315,1,0,3,0.015,0.004
skycell,max_area_ratio=0,316,1,1,4,0.014,0.005
skycell,max_area_ratio=0,317,1,0,3,0.015,0.004
skycell,max_area_ratio=0,318,1,1,4,0.015,0.005
skycell,max_area_ratio=0,319,1,0,3,0.014,0.004
skycell,max_area_ratio=0,320,1,1,4,0.015,0.005
skycell,max_area_ratio=0,321,1,0,3,0.015,0.004
skycell,max_area_ratio=0,322,1,1,4,0.015,0.005
skycell,max_area_ratio=0,323,1,0,3,0.015,0.004
skycell,max_area_ratio=0,324,1,1,5,0.015,0.006
skycell,max_area_ratio=0,325,1,0,3,0.02,0.004
skycell,max_area_ratio=0,326,1,1,4,0.02,0.005
skycell,max_area_ratio=0,327,1,0,3,0.015,0.004
skycell,max_area_ratio=0,328,1,1,4,0.015,0.005
skycell,max_area_ratio=0,329,1,0,3,0.014,0.003
skycell,max_area_ratio=0,330,1,1,4,0.014,0.005
skycell,max_area_ratio=0,331,1,0,3,0.015,0.004
skycell,max_area_ratio=0,332,1,1,4,0.014,0.005
skycell,max_area_ratio=0,333,1,0,3,0.015,0.004
skycell,max_area_ratio=0,334,1,1,4,0.014,0.005
skycell,max_area_ratio=0,335,1,0,3,0.015,0.004
skycell,max_area_ratio=0,336,1,1,4,0.015,0.005
skycell,max_area_ratio=0,337,1,0,3,0.015,0.004
skycell,max_area_ratio=0,338,1,1,4,0.014,0.005
skycell,max_area_ratio=0,339,1,0,3,0.014,0.004
skycell,max_area_ratio=0,340,1,1,4,0.022,0.005
skycell,max_area_ratio=0,341,1,0,3,0.015,0.004
skycell,max_area_ratio=0,342,1,1,4,0.014,0.005
skycell,max_area_ratio=0,343,1,0,3,0.013,0.004
skycell,max_area_ratio=0,344,1,1,4,0.017,0.006
skycell,max_area_ratio=0,345,1,0,3,0.014,0.003
skycell,max_area_ratio=0,346,1,1,4,0.015,0.005
skycell,max_area_ratio=0,347,1,0,3,0.015,0.004
skycell,max_area_ratio=0,348,1,1,4,0.015,0.005
skycell,max_area_ratio=0,349,1,0,3,0.014,0.004
skycell,max_area_ratio=0,350,1,1,4,0.015,0.005
skycell,max_area_ratio=0,351,1,0,3,0.014,0.004
skycell,max_area_ratio=0,352,1,1,4,0.015,0.005
skycell,max_area_ratio=0,353,1,0,3,0.015,0.004
skycell,max_area_ratio=0,354,1,1,4,0.015,0.005
skycell,max_area_ratio=0,355,1,0,3,0.014,0.004
skycell,max_area_ratio=0,356,1,1,4,0.015,0.005
skycell,max_area_ratio=0,357,1,0,3,0.015,0.005
skycell,max_area_ratio=0,358,1,1,4,0.014,0.005
skycell,max_area_ratio=0,359,1,0,3,0.015,0.004
skycell,max_area_ratio=0,360,1,1,4,0.015,0.006
skycell,max_area_ratio=0,361,1,0,3,0.014,0.004
skycell,max_area_ratio=0,362,1,1,4,0.015,0.005
skycell,max_area_ratio=0,363,1,0,3,0.015,0.004
skycell,max_area_ratio=0,364,1,1,4,0.014,0.005
skycell,max_area_ratio=0,365,1,0,3,0.014,0.004
skycell,max_area_ratio=0,366,1,1,4,0.015,0.005
skycell,max_area_ratio=0,367,1,0,3,0.015,0.004
skycell,max_area_ratio=0,368,1,1,4,0.015,0.005
skycell,max_area_ratio=0,369,1,0,3,0.014,0.004
skycell,max_area_ratio=0,370,1,1,4,0.014,0.005
skycell,max_area_ratio=0,371,1,0,3,0.015,0.003
skycell,max_area_ratio=0,372,1,1,4,0.015,0.005
skycell,max_area_ratio=0,373,1,0,3,0.015,0.004
skycell,max_area_ratio=0,374,1,1,4,0.016,0.006
skycell,max_area_ratio=0,375,1,0,3,0.015,0.004
skycell,max_area_ratio=0,376,1,1,4,0.014,0.005
skycell,max_area_ratio=0,377,1,0,3,0.015,0.004
skycell,max_area_ratio=0,378,1,1,4,0.014,0.005
skycell,max_area_ratio=0,379,1,0,3,0.014,0.004
skycell,max_area_ratio=0,380,1,1,4,0.013,0.005
skycell,max_area_ratio=0,381,1,0,3,0.014,0.004
skycell,max_area_ratio=0,382,1,1,4,0.015,0.005
skycell,max_area_ratio=0,383,1,0,3,0.015,0.004
skycell,max_area_ratio=0,384,1,1,4,0.015,0.005
skycell,max_area_ratio=0,385,1,0,3,0.014,0.004
skycell,max_area_ratio=0,386,1,1,4,0.015,0.005
skycell,max_area_ratio=0,387,1,0,3,0.015,0.004
skycell,max_area_ratio=0,388,1,1,4,0.015,0.005
skycell,max_area_ratio=0,389,1,0,3,0.015,0.004
skycell,max_area_ratio=0,390,1,1,4,0.015,0.005
skycell,max_area_ratio=0,391,1,0,3,0.014,0.005
skycell,max_area_ratio=0,392,1,1,4,0.015,0.01
skycell,max_area_ratio=0,393,1,0,3,0.014,0.004
skycell,max_area_ratio=0,394,1,1,4,0.015,0.005
skycell,max_area_ratio=0,395,1,0,3,0.015,0.004
skycell,max_area_ratio=0,396,1,1,4,0.015,0.005
skycell,max_area_ratio=0,397,1,0,3,0.014,0.004
skycell,max_area_ratio=0,398,1,1,4,0.014,0.005
skycell,max_area_ratio=0,399,1,0,3,0.015,0.004
skycell,max_area_ratio=0,400,1,1,4,0.014,0.005
skycell,max_area_ratio=0,401,1,0,3,0.015,0.004
skycell,max_area_ratio=0,402,1,1,4,0.016,0.005
skycell,max_area_ratio=0,403,1,0,3,0.016,0.004
skycell,max_area_ratio=0,404,1,1,4,0.016,0.007
skycell,max_area_ratio=0,405,1,0,3,0.018,0.004
skycell,max_area_ratio=0,406,1,1,4,0.015,0.006
skycell,max_area_ratio=0,407,1,0,4,0.016,0.006
skycell,max_area_ratio=0,408,1,1,4,0.016,0.007
skycell,max_area_ratio=0,409,1,0,3,0.015,0.004
skycell,max_area_ratio=0,410,1,1,4,0.015,0.006
skycell,max_area_ratio=0,411,1,0,3,0.014,0.004
skycell,max_area_ratio=0,412,1,1,4,0.014,0.005
skycell,max_area_ratio=0,413,1,0,3,0.015,0.004
skycell,max_area_ratio=0,414,1,1,4,0.015,0.005
skycell,max_area_ratio=0,415,1,0,3,0.015,0.004
skycell,max_area_ratio=0,416,1,1,4,0.015,0.005
skycell,max_area_ratio=0,417,1,0,4,0.015,0.005
skycell,max_area_ratio=0,418,1,1,4,0.015,0.005
skycell,max_area_ratio=0,419,1,0,3,0.015,0.004
skycell,max_area_ratio=0,420,1,1,4,0.014,0.004
skycell,max_area_ratio=0,421,1,0,3,0.016,0.004
skycell,max_area_ratio=0,422,1,1,4,0.015,0.005
skycell,max_area_ratio=0,423,1,0,3,0.015,0.004
skycell,max_area_ratio=0,424,1,1,7,0.023,0.011
skycell,max_area_ratio=0,425,1,1,4,0.015,0.006
skycell,max_area_ratio=0,426,1,1,4,0.015,0.005
skycell,max_area_ratio=0,427,1,0,4,0.015,0.005
skycell,max_area_ratio=0,428,1,1,4,0.015,0.005
skycell,max_area_ratio=0,429,1,0,4,0.015,0.005
skycell,max_area_ratio=0,430,1,1,4,0.015,0.005
skycell,max_area_ratio=0,431,1,0,3,0.016,0.004
skycell,max_area_ratio=0,432,1,1,4,0.014,0.005
skycell,max_area_ratio=0,433,1,0,3,0.014,0.004
skycell,max_area_ratio=0,434,1,1,4,0.018,0.006
skycell,max_area_ratio=0,435,1,0,4,0.015,0.005
skycell,max_area_ratio=0,436,1,1,4,0.015,0.005
skycell,max_area_ratio=0,437,1,0,3,0.014,0.004
skycell,max_area_ratio=0,438,1,1,4,0.014,0.005
skycell,max_area_ratio=0,439,1,0,6,0.022,0.01
skycell,max_area_ratio=0,440,1,1,4,0.015,0.005
skycell,max_area_ratio=0,441,1,0,3,0.015,0.004
skycell,max_area_ratio=0,442,1,1,4,0.021,0.005
skycell,max_area_ratio=0,443,1,0,3,0.015,0.004
skycell,max_area_ratio=0,444,1,1,4,0.015,0.005
skycell,max_area_ratio=0,445,1,0,3,0.014,0.004
skycell,max_area_ratio=0,446,1,1,4,0.015,0.005
skycell,max_area_ratio=0,447,1,0,4,0.015,0.005
skycell,max_area_ratio=0,448,1,1,7,0.021,0.008
skycell,max_area_ratio=0,449,1,0,4,0.016,0.006
skycell,max_area_ratio=0,450,1,1,4,0.015,0.004
skycell,max_area_ratio=0,451,1,0,3,0.015,0.004
skycell,max_area_ratio=0,452,1,1,7,0.021,0.007
skycell,max_area_ratio=0,453,1,0,3,0.015,0.004
skycell,max_area_ratio=0,454,1,1,4,0.015,0.005
skycell,max_area_ratio=0,455,1,0,3,0.015,0.004
skycell,max_area_ratio=0,456,1,1,7,0.021,0.008
skycell,max_area_ratio=0,457,1,0,4,0.015,0.005
skycell,max_area_ratio=0,458,1,1,4,0.015,0.006
skycell,max_area_ratio=0,459,1,0,3,0.015,0.003
skycell,max_area_ratio=0,460,1,1,4,0.015,0.005
skycell,max_area_ratio=0,461,1,0,3,0.015,0.005
skycell,max_area_ratio=0,462,1,1,4,0.014,0.006
skycell,max_area_ratio=0,463,1,0,4,0.015,0.005
skycell,max_area_ratio=0,464,1,1,4,0.016,0.006
skycell,max_area_ratio=0,465,1,0,4,0.015,0.005
skycell,max_area_ratio=0,466,1,1,4,0.016,0.005
skycell,max_area_ratio=0,467,1,0,6,0.021,0.006
skycell,max_area_ratio=0,468,1,2,4,0.015,0.005
skycell,max_area_ratio=0,469,1,0,3,0.015,0.005
skycell,max_area_ratio=0,470,1,1,4,0.015,0.005
skycell,max_area_ratio=0,471,1,0,3,0.015,0.004
skycell,max_area_ratio=0,472,1,1,4,0.015,0.005
skycell,max_area_ratio=0,473,1,0,3,0.015,0.003
skycell,max_area_ratio=0,474,1,1,4,0.015,0.005
skycell,max_area_ratio=0,475,1,0,3,0.015,0.004
skycell,max_area_ratio=0,476,1,1,4,0.019,0.005
skycell,max_area_ratio=0,477,1,0,3,0.015,0.004
skycell,max_area_ratio=0,478,1,1,4,0.019,0.006
skycell,max_area_ratio=0,479,1,0,3,0.015,0.004
skycell,max_area_ratio=0,480,1,1,4,0.015,0.005
skycell,max_area_ratio=0,481,1,0,4,0.015,0.005
skycell,max_area_ratio=0,482,1,1,4,0.014,0.005
skycell,max_area_ratio=0,483,1,0,4,0.015,0.006
skycell,max_area_ratio=0,484,1,1,4,0.016,0.005
skycell,max_area_ratio=0,485,1,0,3,0.015,0.005
skycell,max_area_ratio=0,486,1,1,4,0.014,0.005
skycell,max_area_ratio=0,487,1,0,3,0.015,0.004
skycell,max_area_ratio=0,488,1,1,4,0.015,0.004
skycell,max_area_ratio=0,489,1,0,3,0.015,0.004
skycell,max_area_ratio=0,490,1,1,4,0.015,0.004
skycell,max_area_ratio=0,491,1,0,4,0.015,0.005
skycell,max_area_ratio=0,492,1,1,4,0.015,0.005
skycell,max_area_ratio=0,493,1,0,3,0.015,0.004
skycell,max_area_ratio=0,494,1,1,4,0.017,0.006
skycell,max_area_ratio=0,495,1,0,3,0.015,0.004
skycell,max_area_ratio=0,496,1,1,5,0.015,0.006
skycell,max_area_ratio=0,497,1,0,3,0.015,0.004
skycell,max_area_ratio=0,498,1,1,4,0.015,0.005
skycell,max_area_ratio=0,499,1,0,3,0.015,0.004
skycell,max_area_ratio=0,500,1,1,4,0.015,0.006
skycell,max_area_ratio=0,501,1,0,3,0.015,0.004
skycell,max_area_ratio=0,502,1,1,4,0.015,0.005
skycell,max_area_ratio=0,503,1,0,3,0.015,0.004
skycell,max_area_ratio=0,504,1,1,4,0.015,0.006
skycell,max_area_ratio=0,505,1,0,3,0.015,0.004
skycell,max_area_ratio=0,506,1,2,8,0.021,0.012
skycell,max_area_ratio=0,507,1,0,3,0.015,0.004
skycell,max_area_ratio=0,508,1,1,4,0.015,0.005
skycell,max_area_ratio=0,509,1,0,3,0.015,0.004
skycell,max_area_ratio=0,510,1,1,4,0.014,0.006
skycell,max_area_ratio=0,511,1,0,3,0.015,0.004
skycell,max_area_ratio=0,512,1,1,4,0.015,0.005
skycell,max_area_ratio=0,513,1,0,4,0.015,0.005
skycell,max_area_ratio=0,514,1,1,4,0.015,0.006
skycell,max_area_ratio=0,515,1,0,4,0.015,0.005
skycell,max_area_ratio=0,516,1,1,4,0.015,0.005
skycell,max_area_ratio=0,517,1,0,3,0.015,0.004
skycell,max_area_ratio=0,518,1,1,4,0.015,0.006
skycell,max_area_ratio=0,519,1,0,3,0.015,0.004
skycell,max_area_ratio=0,520,1,1,4,0.015,0.005
skycell,max_area_ratio=0,521,1,0,3,0.015,0.004
skycell,max_area_ratio=0,522,1,1,4,0.014,0.005
skycell,max_area_ratio=0,523,1,0,4,0.015,0.006
skycell,max_area_ratio=0,524,1,1,4,0.015,0.005
skycell,max_area_ratio=0,525,1,0,4,0.015,0.005
skycell,max_area_ratio=0,526,1,1,4,0.015,0.006
skycell,max_area_ratio=0,527,1,0,3,0.015,0.004
skycell,max_area_ratio=0,528,1,1,4,0.015,0.005
skycell,max_area_ratio=0,529,1,0,3,0.015,0.004
skycell,max_area_ratio=0,530,1,1,4,0.015,0.005
skycell,max_area_ratio=0,531,1,0,3,0.015,0.004
skycell,max_area_ratio=0,532,1,1,4,0.015,0.005
skycell,max_area_ratio=0,533,1,0,3,0.014,0.004
skycell,max_area_ratio=0,534,1,1,4,0.015,0.005
skycell,max_area_ratio=0,535,1,0,4,0.015,0.005
skycell,max_area_ratio=0,536,1,1,4,0.014,0.005
skycell,max_area_ratio=0,537,1,0,3,0.015,0.004
skycell,max_area_ratio=0,538,1,1,4,0.014,0.005
skycell,max_area_ratio=0,539,1,0,3,0.014,0.004
skycell,max_area_ratio=0,540,1,1,4,0.015,0.005
skycell,max_area_ratio=0,541,1,0,4,0.014,0.004
skycell,max_area_ratio=0,542,1,1,4,0.016,0.005
skycell,max_area_ratio=0,543,1,0,3,0.015,0.005
skycell,max_area_ratio=0,544,1,1,4,0.015,0.005
skycell,max_area_ratio=0,545,1,0,3,0.015,0.004
skycell,max_area_ratio=0,546,1,1,4,0.015,0.006
skycell,max_area_ratio=0,547,1,0,3,0.015,0.004
skycell,max_area_ratio=0,548,1,1,5,0.014,0.005
skycell,max_area_ratio=0,549,1,0,3,0.014,0.004
skycell,max_area_ratio=0,550,1,1,4,0.015,0.005
skycell,max_area_ratio=0,551,1,0,3,0.015,0.004
skycell,max_area_ratio=0,552,1,1,4,0.021,0.005
skycell,max_area_ratio=0,553,1,0,4,0.015,0.004
skycell,max_area_ratio=0,554,1,1,4,0.017,0.006
skycell,max_area_ratio=0,555,1,0,3,0.015,0.004
skycell,max_area_ratio=0,556,1,1,4,0.015,0.005
skycell,max_area_ratio=0,557,1,0,3,0.016,0.005
skycell,max_area_ratio=0,558,1,1,4,0.015,0.005
skycell,max_area_ratio=0,559,1,0,3,0.014,0.004
skycell,max_area_ratio=0,560,1,1,4,0.014,0.005
skycell,max_area_ratio=0,561,1,0,3,0.015,0.004
skycell,max_area_ratio=0,562,1,1,5,0.015,0.006
skycell,max_area_ratio=0,563,1,0,4,0.015,0.005
skycell,max_area_ratio=0,564,1,1,4,0.015,0.005
skycell,max_area_ratio=0,565,1,0,3,0.015,0.004
skycell,max_area_ratio=0,566,1,1,4,0.015,0.005
skycell,max_area_ratio=0,567,1,0,3,0.015,0.004
skycell,max_area_ratio=0,568,1,1,4,0.015,0.004
skycell,max_area_ratio=0,569,1,0,4,0.015,0.005
skycell,max_area_ratio=0,570,1,1,4,0.015,0.006
skycell,max_area_ratio=0,571,1,0,3,0.015,0.004
skycell,max_area_ratio=0,572,1,13,7,0.015,0.018
skycell,max_area_ratio=0,573,1,0,3,0.015,0.004
skycell,max_area_ratio=0,574,1,1,4,0.015,0.005
skycell,max_area_ratio=0,575,1,0,3,0.015,0.004
skycell,max_area_ratio=0,576,1,1,4,0.015,0.005
skycell,max_area_ratio=0,577,1,0,4,0.015,0.005
skycell,max_area_ratio=0,578,1,2,5,0.015,0.007
skycell,max_area_ratio=0,579,1,0,3,0.015,0.004
skycell,max_area_ratio=0,580,1,1,4,0.015,0.005
skycell,max_area_ratio=0,581,1,0,4,0.015,0.005
skycell,max_area_ratio=0,582,1,1,8,0.021,0.008
skycell,max_area_ratio=0,583,1,0,4,0.015,0.004
skycell,max_area_ratio=0,584,1,1,4,0.017,0.006
skycell,max_area_ratio=0,585,1,0,3,0.015,0.004
skycell,max_area_ratio=0,586,1,1,4,0.015,0.005
skycell,max_area_ratio=0,587,1,0,3,0.014,0.004
skycell,max_area_ratio=0,588,1,1,4,0.015,0.005
skycell,max_area_ratio=0,589,1,0,3,0.015,0.004
skycell,max_area_ratio=0,590,1,1,4,0.015,0.005
skycell,max_area_ratio=0,591,1,0,3,0.015,0.005
skycell,max_area_ratio=0,592,1,1,4,0.015,0.005
skycell,max_area_ratio=0,593,1,0,3,0.017,0.004
skycell,max_area_ratio=0,594,1,1,4,0.014,0.004
skycell,max_area_ratio=0,595,1,0,3,0.015,0.004
skycell,max_area_ratio=0,596,1,1,4,0.014,0.005
skycell,max_area_ratio=0,597,1,0,4,0.015,0.006
skycell,max_area_ratio=0,598,1,1,4,0.015,0.005
skycell,max_area_ratio=0,599,1,0,3,0.015,0.004
skycell,max_area_ratio=0,600,1,1,4,0.016,0.005
skycell,max_area_ratio=0,601,1,0,3,0.015,0.004
skycell,max_area_ratio=0,602,1,1,4,0.015,0.005
skycell,max_area_ratio=0,603,1,0,4,0.015,0.005
skycell,max_area_ratio=0,604,1,2,5,0.016,0.006
skycell,max_area_ratio=0,605,1,0,3,0.015,0.004
skycell,max_area_ratio=0,606,1,18,9,0.015,0.04
skycell,max_area_ratio=0,607,1,0,4,0.015,0.005
skycell,max_area_ratio=0,608,1,1,4,0.015,0.005
skycell,max_area_ratio=0,609,1,0,3,0.015,0.004
skycell,max_area_ratio=0,610,1,1,4,0.015,0.005
skycell,max_area_ratio=0,611,1,0,4,0.015,0.006
skycell,max_area_ratio=0,612,1,1,7,0.021,0.007
skycell,max_area_ratio=0,613,1,0,3,0.015,0.004
skycell,max_area_ratio=0,614,1,1,4,0.017,0.007
skycell,max_area_ratio=0,615,1,0,3,0.015,0.004
skycell,max_area_ratio=0,616,1,1,4,0.015,0.005
skycell,max_area_ratio=0,617,1,0,3,0.015,0.004
skycell,max_area_ratio=0,618,1,1,4,0.015,0.005
skycell,max_area_ratio=0,619,1,0,3,0.015,0.004
skycell,max_area_ratio=0,620,1,1,4,0.015,0.005
skycell,max_area_ratio=0,621,1,0,3,0.015,0.005
skycell,max_area_ratio=0,622,1,1,4,0.016,0.005
skycell,max_area_ratio=0,623,1,0,6,0.021,0.006
skycell,max_area_ratio=0,624,1,1,4,0.015,0.005
skycell,max_area_ratio=0,625,1,0,3,0.014,0.004
skycell,max_area_ratio=0,626,1,1,4,0.015,0.004
skycell,max_area_ratio=0,627,1,0,3,0.015,0.004
skycell,max_area_ratio=0,628,1,1,4,0.015,0.005
skycell,max_area_ratio=0,629,1,0,3,0.015,0.003
skycell,max_area_ratio=0,630,1,1,4,0.015,0.005
skycell,max_area_ratio=0,631,1,0,3,0.015,0.004
skycell,max_area_ratio=0,632,1,1,4,0.015,0.006
skycell,max_area_ratio=0,633,1,0,3,0.015,0.004
skycell,max_area_ratio=0,634,1,1,4,0.015,0.005
skycell,max_area_ratio=0,635,1,0,3,0.015,0.004
skycell,max_area_ratio=0,636,1,1,4,0.017,0.005
skycell,max_area_ratio=0,637,1,1,4,0.015,0.005
skycell,max_area_ratio=0,638,1,1,4,0.015,0.005
skycell,max_area_ratio=0,639,1,0,4,0.015,0.005
skycell,max_area_ratio=0,640,1,1,4,0.015,0.005
skycell,max_area_ratio=0,641,1,0,4,0.015,0.005
skycell,max_area_ratio=0,642,1,1,4,0.014,0.005
skycell,max_area_ratio=0,643,1,0,4,0.015,0.004
skycell,max_area_ratio=0,644,1,1,4,0.017,0.006
skycell,max_area_ratio=0,645,1,0,3,0.015,0.004
skycell,max_area_ratio=0,646,1,1,4,0.015,0.005
skycell,max_area_ratio=0,647,1,0,4,0.015,0.006
skycell,max_area_ratio=0,648,1,1,4,0.015,0.005
skycell,max_area_ratio=0,649,1,0,3,0.014,0.004
skycell,max_area_ratio=0,650,1,1,4,0.014,0.005
skycell,max_area_ratio=0,651,1,0,3,0.015,0.004
skycell,max_area_ratio=0,652,1,1,4,0.014,0.005
skycell,max_area_ratio=0,653,1,0,3,0.015,0.004
skycell,max_area_ratio=0,654,1,1,4,0.015,0.005
skycell,max_area_ratio=0,655,1,0,4,0.015,0.005
skycell,max_area_ratio=0,656,1,1,4,0.014,0.005
skycell,max_area_ratio=0,657,1,0,3,0.015,0.004
skycell,max_area_ratio=0,658,1,11,30,0.015,0.159
skycell,max_area_ratio=0,659,1,0,4,0.015,0.005
skycell,max_area_ratio=0,660,1,1,4,0.015,0.006
skycell,max_area_ratio=0,661,1,0,3,0.015,0.004
skycell,max_area_ratio=0,662,1,1,4,0.016,0.006
skycell,max_area_ratio=0,663,1,0,3,0.015,0.004
skycell,max_area_ratio=0,664,1,1,4,0.015,0.005
skycell,max_area_ratio=0,665,1,0,3,0.015,0.004
skycell,max_area_ratio=0,666,1,1,4,0.015,0.005
skycell,max_area_ratio=0,667,1,0,4,0.02,0.005
skycell,max_area_ratio=0,668,1,1,4,0.015,0.005
skycell,max_area_ratio=0,669,1,0,3,0.014,0.004
skycell,max_area_ratio=0,670,1,1,4,0.016,0.005
skycell,max_area_ratio=0,671,1,0,3,0.015,0.004
skycell,max_area_ratio=0,672,1,2,6,0.015,0.011
skycell,max_area_ratio=0,673,1,0,4,0.015,0.005
skycell,max_area_ratio=0,674,1,1,4,0.015,0.005
skycell,max_area_ratio=0,675,1,0,3,0.016,0.004
skycell,max_area_ratio=0,676,1,1,4,0.015,0.006
skycell,max_area_ratio=0,677,1,0,3,0.015,0.004
skycell,max_area_ratio=0,678,1,1,4,0.015,0.005
skycell,max_area_ratio=0,679,1,0,4,0.015,0.005
skycell,max_area_ratio=0,680,1,1,4,0.02,0.005
skycell,max_area_ratio=0,681,1,0,3,0.015,0.005
skycell,max_area_ratio=0,682,1,1,7,0.021,0.007
skycell,max_area_ratio=0,683,1,0,3,0.015,0.004
skycell,max_area_ratio=0,684,1,1,4,0.015,0.005
skycell,max_area_ratio=0,685,1,0,3,0.015,0.004
skycell,max_area_ratio=0,686,1,1,4,0.015,0.004
skycell,max_area_ratio=0,687,1,0,3,0.015,0.004
skycell,max_area_ratio=0,688,1,11,6,0.015,0.014
skycell,max_area_ratio=0,689,1,0,4,0.015,0.004
skycell,max_area_ratio=0,690,1,1,4,0.014,0.004
skycell,max_area_ratio=0,691,1,0,3,0.015,0.004
skycell,max_area_ratio=0,692,1,1,4,0.02,0.005
skycell,max_area_ratio=0,693,1,0,3,0.015,0.004
skycell,max_area_ratio=0,694,1,1,4,0.015,0.005
skycell,max_area_ratio=0,695,1,0,3,0.017,0.005
skycell,max_area_ratio=0,696,1,1,4,0.016,0.005
skycell,max_area_ratio=0,697,1,0,4,0.015,0.005
skycell,max_area_ratio=0,698,1,1,4,0.015,0.004
skycell,max_area_ratio=0,699,1,0,3,0.015,0.004
skycell,max_area_ratio=0,700,1,1,4,0.015,0.005
skycell,max_area_ratio=0,701,1,0,3,0.016,0.004
skycell,max_area_ratio=0,702,1,2,4,0.014,0.005
skycell,max_area_ratio=0,703,1,0,3,0.015,0.004
skycell,max_area_ratio=0,704,1,1,4,0.015,0.005
skycell,max_area_ratio=0,705,1,0,4,0.015,0.01
skycell,max_area_ratio=0,706,1,1,4,0.015,0.006
skycell,max_area_ratio=0,707,1,0,4,0.015,0.005
skycell,max_area_ratio=0,708,1,1,4,0.015,0.005
skycell,max_area_ratio=0,709,1,0,4,0.015,0.005
skycell,max_area_ratio=0,710,1,1,4,0.015,0.005
skycell,max_area_ratio=0,711,1,0,3,0.015,0.004
skycell,max_area_ratio=0,712,1,1,4,0.015,0.005
skycell,max_area_ratio=0,713,1,0,3,0.015,0.004
skycell,max_area_ratio=0,714,1,1,4,0.015,0.005
skycell,max_area_ratio=0,715,1,0,3,0.015,0.004
skycell,max_area_ratio=0,716,1,1,5,0.015,0.006
skycell,max_area_ratio=0,717,1,0,3,0.015,0.004
skycell,max_area_ratio=0,718,1,1,4,0.014,0.005
skycell,max_area_ratio=0,719,1,0,3,0.015,0.004
skycell,max_area_ratio=0,720,1,1,4,0.015,0.005
skycell,max_area_ratio=0,721,1,0,4,0.015,0.005
skycell,max_area_ratio=0,722,1,1,4,0.015,0.005
skycell,max_area_ratio=0,723,1,0,3,0.014,0.004
skycell,max_area_ratio=0,724,1,1,4,0.015,0.006
skycell,max_area_ratio=0,725,1,0,3,0.015,0.004
skycell,max_area_ratio=0,726,1,1,5,0.015,0.006
skycell,max_area_ratio=0,727,1,0,4,0.015,0.005
skycell,max_area_ratio=0,728,1,1,4,0.015,0.005
skycell,max_area_ratio=0,729,1,0,3,0.014,0.004
skycell,max_area_ratio=0,730,1,1,4,0.015,0.005
skycell,max_area_ratio=0,731,1,0,3,0.015,0.004
skycell,max_area_ratio=0,732,1,1,7,0.021,0.007
skycell,max_area_ratio=0,733,1,0,4,0.015,0.005
skycell,max_area_ratio=0,734,1,1,4,0.017,0.006
skycell,max_area_ratio=0,735,1,0,3,0.015,0.004
skycell,max_area_ratio=0,736,1,1,8,0.021,0.009
skycell,max_area_ratio=0,737,1,0,3,0.015,0.005
skycell,max_area_ratio=0,738,1,1,4,0.015,0.005
skycell,max_area_ratio=0,739,1,0,3,0.015,0.003
skycell,max_area_ratio=0,740,1,1,7,0.021,0.006
skycell,max_area_ratio=0,741,1,0,4,0.015,0.005
skycell,max_area_ratio=0,742,1,1,4,0.015,0.004
skycell,max_area_ratio=0,743,1,0,3,0.015,0.004
skycell,max_area_ratio=0,744,1,1,4,0.014,0.005
skycell,max_area_ratio=0,745,1,0,3,0.015,0.004
skycell,max_area_ratio=0,746,1,1,4,0.014,0.005
skycell,max_area_ratio=0,747,1,0,4,0.015,0.005
skycell,max_area_ratio=0,748,1,1,4,0.015,0.005
skycell,max_area_ratio=0,749,1,0,6,0.022,0.006
skycell,max_area_ratio=0,750,1,1,4,0.015,0.005
skycell,max_area_ratio=0,751,1,0,3,0.015,0.004
skycell,max_area_ratio=0,752,1,1,4,0.015,0.005
skycell,max_area_ratio=0,753,1,0,3,0.016,0.003
skycell,max_area_ratio=0,754,1,1,4,0.02,0.006
skycell,max_area_ratio=0,755,1,0,3,0.014,0.004
skycell,max_area_ratio=0,756,1,2,4,0.015,0.006
skycell,max_area_ratio=0,757,1,0,3,0.015,0.004
skycell,max_area_ratio=0,758,1,1,4,0.015,0.005
skycell,max_area_ratio=0,759,1,0,4,0.014,0.005
skycell,max_area_ratio=0,760,1,1,7,0.021,0.007
skycell,max_area_ratio=0,761,1,0,3,0.015,0.004
skycell,max_area_ratio=0,762,1,1,4,0.014,0.006
skycell,max_area_ratio=0,763,1,0,3,0.015,0.004
skycell,max_area_ratio=0,764,1,1,4,0.015,0.005
skycell,max_area_ratio=0,765,1,0,4,0.015,0.006
skycell,max_area_ratio=0,766,1,1,4,0.016,0.005
skycell,max_area_ratio=0,767,1,0,3,0.014,0.004
skycell,max_area_ratio=0,768,1,1,4,0.014,0.005
skycell,max_area_ratio=0,769,1,0,3,0.015,0.004
skycell,max_area_ratio=0,770,1,3,23,0.015,0.114
skycell,max_area_ratio=0,771,1,0,3,0.015,0.004
skycell,max_area_ratio=0,772,1,1,4,0.014,0.005
skycell,max_area_ratio=0,773,1,0,3,0.015,0.004
skycell,max_area_ratio=0,774,1,1,4,0.015,0.005
skycell,max_area_ratio=0,775,1,0,3,0.016,0.004
skycell,max_area_ratio=0,776,1,1,4,0.015,0.005
skycell,max_area_ratio=0,777,1,0,3,0.014,0.004
skycell,max_area_ratio=0,778,1,1,4,0.02,0.005
skycell,max_area_ratio=0,779,1,0,4,0.015,0.005
skycell,max_area_ratio=0,780,1,1,4,0.015,0.004
skycell,max_area_ratio=0,781,1,0,3,0.015,0.003
skycell,max_area_ratio=0,782,1,1,4,0.015,0.005
skycell,max_area_ratio=0,783,1,0,4,0.015,0.005
skycell,max_area_ratio=0,784,1,1,4,0.015,0.005
skycell,max_area_ratio=0,785,1,0,3,0.015,0.004
skycell,max_area_ratio=0,786,1,1,4,0.015,0.005
skycell,max_area_ratio=0,787,1,0,3,0.014,0.004
skycell,max_area_ratio=0,788,1,1,4,0.015,0.005
skycell,max_area_ratio=0,789,1,0,3,0.014,0.004
skycell,max_area_ratio=0,790,1,1,4,0.014,0.005
skycell,max_area_ratio=0,791,1,0,3,0.015,0.004
skycell,max_area_ratio=0,792,1,1,4,0.016,0.005
skycell,max_area_ratio=0,793,1,0,3,0.015,0.004
skycell,max_area_ratio=0,794,1,1,7,0.023,0.008
skycell,max_area_ratio=0,795,1,0,3,0.015,0.004
skycell,max_area_ratio=0,796,1,1,4,0.016,0.005
skycell,max_area_ratio=0,797,1,0,3,0.015,0.004
skycell,max_area_ratio=0,798,1,1,4,0.015,0.004
skycell,max_area_ratio=0,799,1,0,3,0.015,0.004
skycell,max_area_ratio=0,800,1,1,4,0.014,0.004
skycell,max_area_ratio=0,801,1,0,4,0.014,0.005
skycell,max_area_ratio=0,802,2,2,8,0.02,0.009
skycell,max_area_ratio=0,803,1,0,3,0.015,0.005
skycell,max_area_ratio=0,804,1,1,4,0.015,0.008
skycell,max_area_ratio=0,805,1,0,3,0.015,0.004
skycell,max_area_ratio=0,806,4,2,8,0.022,0.009
skycell,max_area_ratio=0,807,1,0,4,0.015,0.005
skycell,max_area_ratio=0,808,1,3,15,0.032,0.022
skycell,max_area_ratio=0,809,1,0,7,0.02,0.007
skycell,max_area_ratio=0,810,1,1,5,0.015,0.008
skycell,max_area_ratio=0,811,1,1,4,0.015,0.006
skycell,max_area_ratio=0,812,1,1,7,0.021,0.009
skycell,max_area_ratio=0,813,1,0,4,0.015,0.006
skycell,max_area_ratio=0,814,1,1,4,0.014,0.005
skycell,max_area_ratio=0,815,1,0,7,0.021,0.007
skycell,max_area_ratio=0,816,1,2,7,0.022,0.008
skycell,max_area_ratio=0,817,1,0,6,0.02,0.006
skycell,max_area_ratio=0,818,1,1,4,0.015,0.005
skycell,max_area_ratio=0,819,1,0,4,0.014,0.006
skycell,max_area_ratio=0,820,2,4,12,0.028,0.016
skycell,max_area_ratio=0,821,1,0,4,0.014,0.005
skycell,max_area_ratio=0,822,1,199,36,0.021,0.164
skycell,max_area_ratio=0,823,1,0,4,0.015,0.005
skycell,max_area_ratio=0,824,1,2,4,0.014,0.005
skycell,max_area_ratio=0,825,1,0,4,0.014,0.005
skycell,max_area_ratio=0,826,1,1,4,0.014,0.005
skycell,max_area_ratio=0,827,1,0,8,0.021,0.01
skycell,max_area_ratio=0,828,1,1,4,0.016,0.005
skycell,max_area_ratio=0,829,1,1,8,0.022,0.009
skycell,max_area_ratio=0,830,1,2,8,0.023,0.009
skycell,max_area_ratio=0,831,1,1,4,0.014,0.005
skycell,max_area_ratio=0,832,1,1,4,0.015,0.005
skycell,max_area_ratio=0,833,1,0,4,0.015,0.004
skycell,max_area_ratio=0,834,1,1,4,0.014,0.005
skycell,max_area_ratio=0,835,1,0,3,0.015,0.004
skycell,max_area_ratio=0,836,3,8,8,0.023,0.01
skycell,max_area_ratio=0,837,1,0,4,0.015,0.005
skycell,max_area_ratio=0,838,1,1,7,0.022,0.008
skycell,max_area_ratio=0,839,1,0,4,0.015,0.004
skycell,max_area_ratio=0,840,1,2,7,0.022,0.008
skycell,max_area_ratio=0,841,1,0,4,0.015,0.005
skycell,max_area_ratio=0,842,1,1,4,0.014,0.006
skycell,max_area_ratio=0,843,1,0,4,0.015,0.005
skycell,max_area_ratio=0,844,1,1,4,0.015,0.005
skycell,max_area_ratio=0,845,1,0,4,0.015,0.005
skycell,max_area_ratio=0,846,1,1,4,0.015,0.005
skycell,max_area_ratio=0,847,1,0,4,0.014,0.005
skycell,max_area_ratio=0,848,1,1,4,0.014,0.005
skycell,max_area_ratio=0,849,1,0,4,0.014,0.005
skycell,max_area_ratio=0,850,1,1,4,0.014,0.005
skycell,max_area_ratio=0,851,1,0,4,0.015,0.005
skycell,max_area_ratio=0,852,2,2,4,0.017,0.006
skycell,max_area_ratio=0,853,1,0,4,0.014,0.005
skycell,max_area_ratio=0,854,1,2,8,0.025,0.011
skycell,max_area_ratio=0,855,1,0,4,0.015,0.005
skycell,max_area_ratio=0,856,2,3,13,0.032,0.012
skycell,max_area_ratio=0,857,1,0,4,0.015,0.005
skycell,max_area_ratio=0,858,1,8,4,0.014,0.007
skycell,max_area_ratio=0,859,1,0,4,0.015,0.005
skycell,max_area_ratio=0,860,1,1,4,0.015,0.005
skycell,max_area_ratio=0,861,1,0,4,0.014,0.005
skycell,max_area_ratio=0,862,1,3,8,0.021,0.009
skycell,max_area_ratio=0,863,1,0,4,0.015,0.005
skycell,max_area_ratio=0,864,1,359,45,0.015,0.264
skycell,max_area_ratio=0,865,1,0,3,0.014,0.004
skycell,max_area_ratio=0,866,1,2,8,0.022,0.01
skycell,max_area_ratio=0,867,1,0,4,0.015,0.005
skycell,max_area_ratio=0,868,1,2,13,0.031,0.02
skycell,max_area_ratio=0,869,1,0,4,0.015,0.005
skycell,max_area_ratio=0,870,1,1,4,0.014,0.005
skycell,max_area_ratio=0,871,1,0,3,0.014,0.004
skycell,max_area_ratio=0,872,2,3,15,0.034,0.015
skycell,max_area_ratio=0,873,1,0,4,0.015,0.004
skycell,max_area_ratio=0,874,5,5,7,0.022,0.008
skycell,max_area_ratio=0,875,1,0,3,0.014,0.004
skycell,max_area_ratio=0,876,1,3,4,0.015,0.006
skycell,max_area_ratio=0,877,1,0,3,0.02,0.004
skycell,max_area_ratio=0,878,1,1,4,0.014,0.005
skycell,max_area_ratio=0,879,1,0,4,0.015,0.005
skycell,max_area_ratio=0,880,1,1,4,0.014,0.005
skycell,max_area_ratio=0,881,1,0,3,0.014,0.004
skycell,max_area_ratio=0,882,1,1,4,0.015,0.006
skycell,max_area_ratio=0,883,1,0,7,0.02,0.007
skycell,max_area_ratio=0,884,1,3,5,0.017,0.008
skycell,max_area_ratio=0,885,1,1,8,0.02,0.011
skycell,max_area_ratio=0,886,2,4,7,0.022,0.008
skycell,max_area_ratio=0,887,1,0,4,0.015,0.005
skycell,max_area_ratio=0,888,1,1,4,0.013,0.005
skycell,max_area_ratio=0,889,1,0,4,0.015,0.005
skycell,max_area_ratio=0,890,1,2,7,0.02,0.007
skycell,max_area_ratio=0,891,1,3,7,0.021,0.007
skycell,max_area_ratio=0,892,1,1,4,0.015,0.005
skycell,max_area_ratio=0,893,3,3,12,0.028,0.012
skycell,max_area_ratio=0,894,1,2,4,0.014,0.006
skycell,max_area_ratio=0,895,1,0,4,0.015,0.005
skycell,max_area_ratio=0,896,1,1,4,0.014,0.005
skycell,max_area_ratio=0,897,1,0,4,0.015,0.006
skycell,max_area_ratio=0,898,1,2,8,0.02,0.009
skycell,max_area_ratio=0,899,1,0,4,0.015,0.005
skycell,max_area_ratio=0,900,1,1,8,0.02,0.009
skycell,max_area_ratio=0,901,1,0,4,0.015,0.005
skycell,max_area_ratio=0,902,2,3,8,0.022,0.01
skycell,max_area_ratio=0,903,1,0,11,0.027,0.008
skycell,max_area_ratio=0,904,1,2,15,0.032,0.013
skycell,max_area_ratio=0,905,1,0,3,0.014,0.005
skycell,max_area_ratio=0,906,2,4,4,0.016,0.007
skycell,max_area_ratio=0,907,1,1,4,0.015,0.006
skycell,max_area_ratio=0,908,1,3,7,0.022,0.008
skycell,max_area_ratio=0,909,1,0,4,0.015,0.005
skycell,max_area_ratio=0,910,1,5,4,0.016,0.006
skycell,max_area_ratio=0,911,1,0,6,0.021,0.006
skycell,max_area_ratio=0,912,1,1,7,0.021,0.007
skycell,max_area_ratio=0,913,1,0,4,0.014,0.005
skycell,max_area_ratio=0,914,1,1,4,0.017,0.012
skycell,max_area_ratio=0,915,1,0,4,0.016,0.006
skycell,max_area_ratio=0,916,1,1,4,0.015,0.005
skycell,max_area_ratio=0,917,1,0,3,0.014,0.004
skycell,max_area_ratio=0,918,1,1,7,0.021,0.009
skycell,max_area_ratio=0,919,1,0,4,0.015,0.005
skycell,max_area_ratio=0,920,1,1,4,0.022,0.005
skycell,max_area_ratio=0,921,1,0,6,0.021,0.007
skycell,max_area_ratio=0,922,1,1,4,0.014,0.005
skycell,max_area_ratio=0,923,1,0,8,0.021,0.009
skycell,max_area_ratio=0,924,2,4,7,0.028,0.009
skycell,max_area_ratio=0,925,1,0,6,0.021,0.007
skycell,max_area_ratio=0,926,1,2,4,0.02,0.007
skycell,max_area_ratio=0,927,1,0,4,0.017,0.007
skycell,max_area_ratio=0,928,1,48,16,0.021,0.051
skycell,max_area_ratio=0,929,1,0,4,0.016,0.006
skycell,max_area_ratio=0,930,1,4,8,0.029,0.015
skycell,max_area_ratio=0,931,1,0,3,0.017,0.005
skycell,max_area_ratio=0,932,2,2,4,0.02,0.007
skycell,max_area_ratio=0,933,1,2,7,0.02,0.008
skycell,max_area_ratio=0,934,2,2,8,0.021,0.008
skycell,max_area_ratio=0,935,1,0,4,0.015,0.005
skycell,max_area_ratio=0,936,2,5,8,0.02,0.01
skycell,max_area_ratio=0,937,1,2,4,0.016,0.008
skycell,max_area_ratio=0,938,1,1,4,0.015,0.005
skycell,max_area_ratio=0,939,1,0,7,0.021,0.007
skycell,max_area_ratio=0,940,2,2,7,0.021,0.007
skycell,max_area_ratio=0,941,1,0,3,0.014,0.004
skycell,max_area_ratio=0,942,4,4,7,0.025,0.009
skycell,max_area_ratio=0,943,1,0,7,0.021,0.007
skycell,max_area_ratio=0,944,1,1,4,0.016,0.006
skycell,max_area_ratio=0,945,1,0,4,0.015,0.005
skycell,max_area_ratio=0,946,3,4,8,0.024,0.01
skycell,max_area_ratio=0,947,1,0,4,0.015,0.005
skycell,max_area_ratio=0,948,2,2,5,0.017,0.009
skycell,max_area_ratio=0,949,1,0,8,0.021,0.007
skycell,max_area_ratio=0,950,1,1,4,0.014,0.005
skycell,max_area_ratio=0,951,1,0,4,0.015,0.005
skycell,max_area_ratio=0,952,1,1,4,0.015,0.005
skycell,max_area_ratio=0,953,1,0,8,0.021,0.008
skycell,max_area_ratio=0,954,1,1,4,0.019,0.005
skycell,max_area_ratio=0,955,1,0,4,0.015,0.005
skycell,max_area_ratio=0,956,1,1,14,0.032,0.011
skycell,max_area_ratio=0,957,1,0,4,0.015,0.005
skycell,max_area_ratio=0,958,1,1,4,0.015,0.005
skycell,max_area_ratio=0,959,1,0,8,0.026,0.009
skycell,max_area_ratio=0,960,1,1,5,0.015,0.006
skycell,max_area_ratio=0,961,1,0,4,0.015,0.004
skycell,max_area_ratio=0,962,1,2,4,0.016,0.005
skycell,max_area_ratio=0,963,1,0,8,0.021,0.009
skycell,max_area_ratio=0,964,2,3,8,0.022,0.01
skycell,max_area_ratio=0,965,1,0,3,0.015,0.004
skycell,max_area_ratio=0,966,1,1,4,0.014,0.005
skycell,max_area_ratio=0,967,1,0,6,0.021,0.005
skycell,max_area_ratio=0,968,1,2,4,0.016,0.006
skycell,max_area_ratio=0,969,1,0,4,0.015,0.005
skycell,max_area_ratio=0,970,1,18,5,0.014,0.017
skycell,max_area_ratio=0,971,2,2,8,0.022,0.009
skycell,max_area_ratio=0,972,1,2,4,0.015,0.005
skycell,max_area_ratio=0,973,1,0,7,0.021,0.006
skycell,max_area_ratio=0,974,2,3,4,0.015,0.006
skycell,max_area_ratio=0,975,1,0,6,0.023,0.007
skycell,max_area_ratio=0,976,1,3,7,0.021,0.007
skycell,max_area_ratio=0,977,1,1,4,0.015,0.004
skycell,max_area_ratio=0,978,1,1,7,0.02,0.007
skycell,max_area_ratio=0,979,1,0,4,0.015,0.005
skycell,max_area_ratio=0,980,1,1,7,0.021,0.008
skycell,max_area_ratio=0,981,1,0,3,0.013,0.004
skycell,max_area_ratio=0,982,5,7,5,0.015,0.008
skycell,max_area_ratio=0,983,1,0,8,0.021,0.007
skycell,max_area_ratio=0,984,1,2,4,0.015,0.006
skycell,max_area_ratio=0,985,1,0,4,0.015,0.005
skycell,max_area_ratio=0,986,3,5,11,0.029,0.01
skycell,max_area_ratio=0,987,1,0,4,0.014,0.005
skycell,max_area_ratio=0,988,1,1,4,0.016,0.005
skycell,max_area_ratio=0,989,1,0,3,0.014,0.004
skycell,max_area_ratio=0,990,1,6,6,0.015,0.016
skycell,max_area_ratio=0,991,1,0,8,0.021,0.008
skycell,max_area_ratio=0,992,2,1,8,0.022,0.008
skycell,max_area_ratio=0,993,1,0,3,0.014,0.004
skycell,max_area_ratio=0,994,2,1,8,0.022,0.009
skycell,max_area_ratio=0,995,1,0,4,0.014,0.005
skycell,max_area_ratio=0,996,1,5,8,0.022,0.011
skycell,max_area_ratio=0,997,1,0,3,0.015,0.004
skycell,max_area_ratio=0,998,4,5,4,0.015,0.006
skycell,max_area_ratio=0,999,1,0,4,0.015,0.005
skycell,max_area_ratio=0,1000,1,1,4,0.014,0.005
skycell,max_area_ratio=0,1001,1,0,4,0.015,0.005
skycell,max_area_ratio=0,1002,1,1,4,0.015,0.005
skycell,max_area_ratio=0,1003,1,0,7,0.02,0.006
skycell,max_area_ratio=0,1004,1,1,4,0.017,0.006
skycell,max_area_ratio=0,1005,1,0,8,0.021,0.009
skycell,max_area_ratio=0,1006,2,3,7,0.021,0.008
skycell,max_area_ratio=0,1007,1,1,7,0.02,0.007
skycell,max_area_ratio=0,1008,1,2,7,0.021,0.008
skycell,max_area_ratio=0,1009,1,0,4,0.015,0.005
skycell,max_area_ratio=0,1010,1,2,4,0.016,0.006
skycell,max_area_ratio=0,1011,1,0,4,0.014,0.005
skycell,max_area_ratio=0,1012,1,1,4,0.014,0.005
skycell,max_area_ratio=0,1013,1,1,5,0.015,0.009
skycell,max_area_ratio=0,1014,2,2,8,0.02,0.009
skycell,max_area_ratio=0,1015,1,0,4,0.015,0.005
skycell,max_area_ratio=0,1016,1,1,4,0.019,0.005
skycell,max_area_ratio=0,1017,1,0,7,0.021,0.007
skycell,max_area_ratio=0,1018,2,3,4,0.016,0.006
skycell,max_area_ratio=0,1019,1,0,3,0.015,0.004
skycell,max_area_ratio=0,1020,1,1,4,0.014,0.005
skycell,max_area_ratio=0,1021,1,0,4,0.015,0.005
skycell,max_area_ratio=0,1022,1,1,7,0.021,0.007
skycell,max_area_ratio=0,1023,1,0,3,0.015,0.004
skycell,max_area_ratio=0,1024,1,1,4,0.015,0.006
skycell,max_area_ratio=0,1025,1,0,4,0.014,0.005
skycell,max_area_ratio=0,1026,1,1,4,0.015,0.006
skycell,max_area_ratio=0,1027,2,0,13,0.037,0.009
skycell,max_area_ratio=0,1028,1,4,8,0.022,0.009
skycell,max_area_ratio=0,1029,1,0,4,0.015,0.005
skycell,max_area_ratio=0,1030,1,1,4,0.015,0.005
skycell,max_area_ratio=0,1031,1,0,7,0.021,0.007
skycell,max_area_ratio=0,1032,1,1,7,0.02,0.007
skycell,max_area_ratio=0,1033,1,0,4,0.015,0.005
skycell,max_area_ratio=0,1034,1,2,4,0.014,0.005
skycell,max_area_ratio=0,1035,1,0,3,0.017,0.005
skycell,max_area_ratio=0,1036,2,1,5,0.016,0.007
skycell,max_area_ratio=0,1037,1,0,4,0.015,0.005
skycell,max_area_ratio=0,1038,2,1,7,0.02,0.008
skycell,max_area_ratio=0,1039,1,0,7,0.02,0.008
skycell,max_area_ratio=0,1040,1,1,4,0.015,0.007
skycell,max_area_ratio=0,1041,1,0,4,0.015,0.005
skycell,max_area_ratio=0,1042,1,1,4,0.016,0.008
skycell,max_area_ratio=0,1043,1,0,3,0.013,0.004
skycell,max_area_ratio=0,1044,1,1,4,0.015,0.007
skycell,max_area_ratio=0,1045,1,1,7,0.02,0.008
skycell,max_area_ratio=0,1046,1,3,4,0.014,0.006
skycell,max_area_ratio=0,1047,1,0,4,0.015,0.004
skycell,max_area_ratio=0,1048,1,1,7,0.021,0.008
skycell,max_area_ratio=0,1049,1,0,4,0.015,0.006
skycell,max_area_ratio=0,1050,1,3,4,0.014,0.006
skycell,max_area_ratio=0,1051,1,0,4,0.015,0.008
skycell,max_area_ratio=0,1052,1,1,8,0.021,0.008
skycell,max_area_ratio=0,1053,1,0,7,0.02,0.008
skycell,max_area_ratio=0,1054,1,1,7,0.021,0.007
skycell,max_area_ratio=0,1055,1,0,4,0.021,0.005
skycell,max_area_ratio=0,1056,1,1,4,0.015,0.006
skycell,max_area_ratio=0,1057,1,0,4,0.015,0.004
skycell,max_area_ratio=0,1058,1,64,16,0.021,0.053
skycell,max_area_ratio=0,1059,1,0,4,0.015,0.005
skycell,max_area_ratio=0,1060,1,1,8,0.021,0.009
skycell,max_area_ratio=0,1061,1,0,7,0.021,0.008
skycell,max_area_ratio=0,1062,1,1,4,0.015,0.005
skycell,max_area_ratio=0,1063,1,0,4,0.015,0.005
skycell,max_area_ratio=0,1064,4,6,11,0.029,0.011
skycell,max_area_ratio=0,1065,1,2,4,0.016,0.005
skycell,max_area_ratio=0,1066,1,2,5,0.014,0.007
skycell,max_area_ratio=0,1067,1,0,7,0.02,0.008
skycell,max_area_ratio=0,1068,1,2,4,0.016,0.006
skycell,max_area_ratio=0,1069,1,0,4,0.015,0.005
skycell,max_area_ratio=0,1070,2,4,7,0.02,0.008
skycell,max_area_ratio=0,1071,1,0,4,0.015,0.004
skycell,max_area_ratio=0,1072,1,3,8,0.022,0.01
skycell,max_area_ratio=0,1073,1,0,4,0.015,0.005
skycell,max_area_ratio=0,1074,1,1,4,0.014,0.005
skycell,max_area_ratio=0,1075,1,0,4,0.015,0.006
skycell,max_area_ratio=0,1076,1,1,4,0.014,0.006
skycell,max_area_ratio=0,1077,1,0,4,0.015,0.006
skycell,max_area_ratio=0,1078,1,1,13,0.032,0.01
skycell,max_area_ratio=0,1079,1,1,4,0.014,0.006
skycell,max_area_ratio=0,1080,1,2,4,0.014,0.006
skycell,max_area_ratio=0,1081,1,0,4,0.015,0.005
skycell,max_area_ratio=0,1082,1,2,8,0.022,0.009
skycell,max_area_ratio=0,1083,1,0,4,0.015,0.007
skycell,max_area_ratio=0,1084,1,1,4,0.02,0.006
skycell,max_area_ratio=0,1085,1,0,3,0.014,0.005
skycell,max_area_ratio=0,1086,1,2,4,0.015,0.005
skycell,max_area_ratio=0,1087,1,0,10,0.027,0.009
skycell,max_area_ratio=0,1088,1,2,4,0.014,0.006
skycell,max_area_ratio=0,1089,1,0,4,0.015,0.005
skycell,max_area_ratio=0,1090,4,5,4,0.016,0.009
skycell,max_area_ratio=0,1091,1,0,4,0.015,0.005
skycell,max_area_ratio=0,1092,1,2,5,0.016,0.008
skycell,max_area_ratio=0,1093,1,0,6,0.021,0.006
skycell,max_area_ratio=0,1094,2,2,7,0.021,0.008
skycell,max_area_ratio=0,1095,1,0,4,0.016,0.006
skycell,max_area_ratio=0,1096,2,1,10,0.028,0.009
skycell,max_area_ratio=0,1097,1,0,4,0.015,0.005
skycell,max_area_ratio=0,1098,1,1,4,0.015,0.006
skycell,max_area_ratio=0,1099,1,1,4,0.014,0.006
skycell,max_area_ratio=0,1100,4,7,4,0.016,0.009
skycell,max_area_ratio=0,1101,3,1,4,0.016,0.005
skycell,max_area_ratio=0,1102,4,3,14,0.033,0.01
skycell,max_area_ratio=0,1103,6,11,15,0.034,0.019
skycell,max_area_ratio=0,1104,4,2,12,0.028,0.01
skycell,max_area_ratio=0,1105,4,1,7,0.023,0.008
skycell,max_area_ratio=0,1106,51,59,17,0.041,0.022
skycell,max_area_ratio=0,1107,3,3,4,0.015,0.007
skycell,max_area_ratio=0,1108,17,36,9,0.027,0.016
skycell,max_area_ratio=0,1109,3,3,4,0.016,0.007
skycell,max_area_ratio=0,1110,16,27,9,0.025,0.016
skycell,max_area_ratio=0,1111,7,3,13,0.034,0.01
skycell,max_area_ratio=0,1112,3,5,8,0.023,0.009
skycell,max_area_ratio=0,1113,3,2,4,0.017,0.006
skycell,max_area_ratio=0,1114,147,123,34,0.071,0.053
skycell,max_area_ratio=0,1115,3,4,7,0.024,0.009
skycell,max_area_ratio=0,1116,120,137,29,0.068,0.054
skycell,max_area_ratio=0,1117,10,11,4,0.016,0.008
skycell,max_area_ratio=0,1118,123,107,20,0.049,0.033
skycell,max_area_ratio=0,1119,14,14,12,0.035,0.017
skycell,max_area_ratio=0,1120,154,158,34,0.072,0.046
skycell,max_area_ratio=0,1121,7,2,14,0.033,0.018
skycell,max_area_ratio=0,1122,39,21,22,0.048,0.02
skycell,max_area_ratio=0,1123,3,2,4,0.017,0.007
skycell,max_area_ratio=0,1124,3,4,9,0.022,0.013
skycell,max_area_ratio=0,1125,4,3,13,0.034,0.015
skycell,max_area_ratio=0,1126,10,18,8,0.022,0.014
skycell,max_area_ratio=0,1127,3,3,8,0.022,0.01
skycell,max_area_ratio=0,1128,4,6,7,0.023,0.007
skycell,max_area_ratio=0,1129,8,21,9,0.023,0.017
skycell,max_area_ratio=0,1130,5,8,7,0.022,0.007
skycell,max_area_ratio=0,1131,3,2,7,0.022,0.007
skycell,max_area_ratio=0,1132,58,88,20,0.049,0.033
skycell,max_area_ratio=0,1133,20,15,12,0.032,0.017
skycell,max_area_ratio=0,1134,4,1,13,0.028,0.013
skycell,max_area_ratio=0,1135,4,3,4,0.029,0.006
skycell,max_area_ratio=0,1136,18,29,11,0.034,0.014
skycell,max_area_ratio=0,1137,3,0,9,0.021,0.01
skycell,max_area_ratio=0,1138,8,2,4,0.017,0.005
skycell,max_area_ratio=0,1139,3,1,4,0.017,0.006
skycell,max_area_ratio=0,1140,3,6,4,0.015,0.005
skycell,max_area_ratio=0,1141,6,8,4,0.018,0.009
skycell,max_area_ratio=0,1142,3,2,4,0.015,0.005
skycell,max_area_ratio=0,1143,12,4,11,0.029,0.011
skycell,max_area_ratio=0,1144,26,75,12,0.038,0.023
skycell,max_area_ratio=0,1145,4,4,13,0.033,0.009
skycell,max_area_ratio=0,1146,23,22,12,0.032,0.015
skycell,max_area_ratio=0,1147,5,2,4,0.026,0.005
skycell,max_area_ratio=0,1148,3,6,7,0.022,0.008
skycell,max_area_ratio=0,1149,5,9,8,0.021,0.011
skycell,max_area_ratio=0,1150,50,66,20,0.053,0.023
skycell,max_area_ratio=0,1151,3,1,4,0.017,0.008
skycell,max_area_ratio=0,1152,5,34,14,0.021,0.051
skycell,max_area_ratio=0,1153,4,4,14,0.032,0.012
skycell,max_area_ratio=0,1154,28,45,15,0.035,0.017
skycell,max_area_ratio=0,1155,13,3,7,0.026,0.009
skycell,max_area_ratio=0,1156,11,466,32,0.033,0.13
skycell,max_area_ratio=0,1157,8,1,15,0.031,0.011
skycell,max_area_ratio=0,1158,52,49,18,0.042,0.023
skycell,max_area_ratio=0,1159,3,2,8,0.023,0.009
skycell,max_area_ratio=0,1160,48,42,24,0.05,0.028
skycell,max_area_ratio=0,1161,5,4,7,0.037,0.011
skycell,max_area_ratio=0,1162,3,3,7,0.023,0.008
skycell,max_area_ratio=0,1163,3,6,8,0.022,0.012
skycell,max_area_ratio=0,1164,3,3,5,0.017,0.009
skycell,max_area_ratio=0,1165,11,12,8,0.022,0.011
skycell,max_area_ratio=0,1166,15,20,9,0.026,0.016
skycell,max_area_ratio=0,1167,3,4,4,0.016,0.007
skycell,max_area_ratio=0,1168,4,930,31,0.017,0.172
skycell,max_area_ratio=0,1169,30,46,12,0.033,0.021
skycell,max_area_ratio=0,1170,5,5,8,0.022,0.009
skycell,max_area_ratio=0,1171,4,1,4,0.016,0.007
skycell,max_area_ratio=0,1172,7,6,5,0.016,0.007
skycell,max_area_ratio=0,1173,3,3,8,0.022,0.01
skycell,max_area_ratio=0,1174,4,4,10,0.029,0.008
skycell,max_area_ratio=0,1175,3,1,7,0.023,0.008
skycell,max_area_ratio=0,1176,16,16,8,0.026,0.011
skycell,max_area_ratio=0,1177,3,2,5,0.017,0.007
skycell,max_area_ratio=0,1178,9,10,5,0.016,0.008
skycell,max_area_ratio=0,1179,2,4,4,0.015,0.006
skycell,max_area_ratio=0,1180,24,13,7,0.028,0.008
skycell,max_area_ratio=0,1181,4,2,15,0.032,0.015
skycell,max_area_ratio=0,1182,48,52,15,0.041,0.022
skycell,max_area_ratio=0,1183,8,7,14,0.032,0.012
skycell,max_area_ratio=0,1184,3,4,8,0.023,0.009
skycell,max_area_ratio=0,1185,10,1,4,0.022,0.006
skycell,max_area_ratio=0,1186,35,48,17,0.036,0.021
skycell,max_area_ratio=0,1187,3,3,8,0.022,0.01
skycell,max_area_ratio=0,1188,6,3,12,0.029,0.011
skycell,max_area_ratio=0,1189,3,3,4,0.017,0.007
skycell,max_area_ratio=0,1190,5,2,8,0.022,0.009
skycell,max_area_ratio=0,1191,3,1,4,0.015,0.007
skycell,max_area_ratio=0,1192,5,137,13,0.016,0.064
skycell,max_area_ratio=0,1193,3,2,5,0.016,0.008
skycell,max_area_ratio=0,1194,3,3,12,0.027,0.012
skycell,max_area_ratio=0,1195,4,2,15,0.033,0.012
skycell,max_area_ratio=0,1196,7,8,8,0.022,0.009
skycell,max_area_ratio=0,1197,3,1,7,0.025,0.011
skycell,max_area_ratio=0,1198,24,49,17,0.033,0.027
skycell,max_area_ratio=0,1199,3,4,5,0.016,0.009
skycell,max_area_ratio=0,1200,49,55,18,0.044,0.029
skycell,max_area_ratio=0,1201,3,2,11,0.028,0.013
skycell,max_area_ratio=0,1202,6,6,4,0.023,0.006
skycell,max_area_ratio=0,1203,47,48,10,0.03,0.02
skycell,max_area_ratio=0,1204,7,8,8,0.025,0.011
skycell,max_area_ratio=0,1205,3,0,4,0.017,0.006
skycell,max_area_ratio=0,1206,47,63,20,0.05,0.023
skycell,max_area_ratio=0,1207,5,8,14,0.033,0.014
skycell,max_area_ratio=0,1208,4,10,4,0.017,0.01
skycell,max_area_ratio=0,1209,3,2,7,0.021,0.007
skycell,max_area_ratio=0,1210,7,8,4,0.017,0.008
skycell,max_area_ratio=0,1211,3,0,11,0.026,0.011
skycell,max_area_ratio=0,1212,70,72,18,0.048,0.021
skycell,max_area_ratio=0,1213,3,2,8,0.022,0.009
skycell,max_area_ratio=0,1214,25,26,19,0.04,0.017
skycell,max_area_ratio=0,1215,4,1,11,0.03,0.01
skycell,max_area_ratio=0,1216,25,33,9,0.023,0.018
skycell,max_area_ratio=0,1217,3,2,7,0.021,0.009
skycell,max_area_ratio=0,1218,4,4,11,0.026,0.009
skycell,max_area_ratio=0,1219,3,5,7,0.023,0.008
skycell,max_area_ratio=0,1220,43,70,11,0.028,0.022
skycell,max_area_ratio=0,1221,3,0,8,0.022,0.008
skycell,max_area_ratio=0,1222,11,3834,58,0.033,0.348
skycell,max_area_ratio=0,1223,4,1,4,0.016,0.006
skycell,max_area_ratio=0,1224,5,5,12,0.029,0.01
skycell,max_area_ratio=0,1225,16,11,8,0.025,0.012
skycell,max_area_ratio=0,1226,8,3,11,0.028,0.01
skycell,max_area_ratio=0,1227,4,4,8,0.021,0.009
skycell,max_area_ratio=0,1228,6,1616,56,0.038,0.266
skycell,max_area_ratio=0,1229,7,11,9,0.021,0.013
skycell,max_area_ratio=0,1230,3,1,7,0.022,0.008
skycell,max_area_ratio=0,1231,5,1,5,0.016,0.008
skycell,max_area_ratio=0,1232,163,170,30,0.066,0.047
skycell,max_area_ratio=0,1233,4,2,7,0.023,0.01
skycell,max_area_ratio=0,1234,3,3,8,0.023,0.011
skycell,max_area_ratio=0,1235,3,2,4,0.015,0.006
skycell,max_area_ratio=0,1236,29,32,18,0.042,0.024
skycell,max_area_ratio=0,1237,3,2,4,0.017,0.007
skycell,max_area_ratio=0,1238,4,4,12,0.028,0.011
skycell,max_area_ratio=0,1239,3,6,6,0.022,0.012
skycell,max_area_ratio=0,1240,46,40,15,0.047,0.02
skycell,max_area_ratio=0,1241,5,3,8,0.024,0.01
skycell,max_area_ratio=0,1242,18,11,11,0.03,0.012
skycell,max_area_ratio=0,1243,52,51,23,0.05,0.027
skycell,max_area_ratio=0,1244,40,66,12,0.032,0.026
skycell,max_area_ratio=0,1245,3,1,8,0.023,0.011
skycell,max_area_ratio=0,1246,3,3,4,0.019,0.006
skycell,max_area_ratio=0,1247,5,0,8,0.022,0.009
skycell,max_area_ratio=0,1248,129,106,24,0.055,0.035
skycell,max_area_ratio=0,1249,17,11,14,0.04,0.018
skycell,max_area_ratio=0,1250,37,29,13,0.032,0.02
skycell,max_area_ratio=0,1251,3,2,7,0.022,0.01
skycell,max_area_ratio=0,1252,103,79,27,0.059,0.035
skycell,max_area_ratio=0,1253,3,4,10,0.039,0.02
skycell,max_area_ratio=0,1254,125,118,35,0.069,0.048
skycell,max_area_ratio=0,1255,36,47,18,0.034,0.027
skycell,max_area_ratio=0,1256,6,4009,52,0.022,0.328
skycell,max_area_ratio=0,1257,52,74,19,0.042,0.025
skycell,max_area_ratio=0,1258,3,4,5,0.016,0.009
skycell,max_area_ratio=0,1259,3,1,11,0.028,0.017
skycell,max_area_ratio=0,1260,8,5,16,0.033,0.013
skycell,max_area_ratio=0,1261,86,99,20,0.049,0.028
skycell,max_area_ratio=0,1262,138,140,20,0.054,0.034
skycell,max_area_ratio=0,1263,3,2,4,0.016,0.007
skycell,max_area_ratio=0,1264,66,74,10,0.039,0.021
skycell,max_area_ratio=0,1265,3,1,7,0.023,0.008
skycell,max_area_ratio=0,1266,24,21,16,0.037,0.015
skycell,max_area_ratio=0,1267,3,3,5,0.016,0.007
skycell,max_area_ratio=0,1268,4,3,14,0.033,0.011
skycell,max_area_ratio=0,1269,3,3,8,0.02,0.01
skycell,max_area_ratio=0,1270,14,22,15,0.038,0.016
skycell,max_area_ratio=0,1271,11,14,9,0.021,0.015
skycell,max_area_ratio=0,1272,15,19,11,0.03,0.012
skycell,max_area_ratio=0,1273,3,4,4,0.017,0.007
skycell,max_area_ratio=0,1274,9,730,39,0.033,0.149
skycell,max_area_ratio=0,1275,53,61,19,0.061,0.029
skycell,max_area_ratio=0,1276,4,3,8,0.022,0.009
skycell,max_area_ratio=0,1277,3,2,4,0.018,0.009
skycell,max_area_ratio=0,1278,140,139,27,0.06,0.038
skycell,max_area_ratio=0,1279,3,0,4,0.017,0.007
skycell,max_area_ratio=0,1280,129,87,18,0.051,0.033
skycell,max_area_ratio=0,1281,3,3,8,0.023,0.012
skycell,max_area_ratio=0,1282,53,77,19,0.043,0.027
skycell,max_area_ratio=0,1283,5,4,4,0.015,0.007
skycell,max_area_ratio=0,1284,23,47,15,0.033,0.024
skycell,max_area_ratio=0,1285,29,36,11,0.033,0.017
skycell,max_area_ratio=0,1286,3,2,4,0.016,0.007
skycell,max_area_ratio=0,1287,4,7,4,0.017,0.008
skycell,max_area_ratio=0,1288,3,4,4,0.016,0.009
skycell,max_area_ratio=0,1289,3,1,4,0.017,0.008
skycell,max_area_ratio=0,1290,153,175,32,0.067,0.048
skycell,max_area_ratio=0,1291,3,2,8,0.024,0.013
skycell,max_area_ratio=0,1292,76,65,17,0.043,0.03
skycell,max_area_ratio=0,1293,3,4,7,0.023,0.009
skycell,max_area_ratio=0,1294,51,59,15,0.042,0.02
skycell,max_area_ratio=0,1295,5,2,7,0.022,0.008
skycell,max_area_ratio=0,1296,6,5,5,0.017,0.007
skycell,max_area_ratio=0,1297,5,1,7,0.022,0.008
skycell,max_area_ratio=0,1298,5,9,12,0.028,0.015
skycell,max_area_ratio=0,1299,7,3,7,0.023,0.008
skycell,max_area_ratio=0,1300,61,81,10,0.035,0.025
skycell,max_area_ratio=0,1301,107,115,26,0.06,0.038
skycell,max_area_ratio=0,1302,575,528,54,0.122,0.101
skycell,max_area_ratio=0,1303,313,144,45,0.11,0.054
skycell,max_area_ratio=0,1304,670,1562,78,0.125,0.241
skycell,max_area_ratio=0,1305,65,53,16,0.042,0.022
skycell,max_area_ratio=0,1306,1168,1632,102,0.183,0.236
skycell,max_area_ratio=0,1307,144,103,24,0.061,0.035
skycell,max_area_ratio=0,1308,129,85,30,0.072,0.041
skycell,max_area_ratio=0,1309,74,72,23,0.052,0.032
skycell,max_area_ratio=0,1310,89,68,24,0.058,0.033
skycell,max_area_ratio=0,1311,72,63,12,0.04,0.027
skycell,max_area_ratio=0,1312,70,66,20,0.046,0.025
skycell,max_area_ratio=0,1313,94,51,16,0.045,0.019
skycell,max_area_ratio=0,1314,91,69,28,0.064,0.031
skycell,max_area_ratio=0,1315,413,475,49,0.097,0.091
skycell,max_area_ratio=0,1316,745,397,55,0.133,0.098
skycell,max_area_ratio=0,1317,70,71,22,0.057,0.032
skycell,max_area_ratio=0,1318,758,800,66,0.129,0.144
skycell,max_area_ratio=0,1319,63,64,26,0.052,0.035
skycell,max_area_ratio=0,1320,85,73,30,0.064,0.045
skycell,max_area_ratio=0,1321,182,75,32,0.08,0.043
skycell,max_area_ratio=0,1322,132,69,22,0.055,0.03
skycell,max_area_ratio=0,1323,90,77,22,0.053,0.031
skycell,max_area_ratio=0,1324,2177,2294,99,0.19,0.328
skycell,max_area_ratio=0,1325,78,84,24,0.056,0.043
skycell,max_area_ratio=0,1326,562,752,51,0.108,0.134
skycell,max_area_ratio=0,1327,87,72,24,0.059,0.032
skycell,max_area_ratio=0,1328,619,879,60,0.119,0.14
skycell,max_area_ratio=0,1329,88,81,24,0.059,0.033
skycell,max_area_ratio=0,1330,1678,1598,93,0.185,0.231
skycell,max_area_ratio=0,1331,73,61,28,0.057,0.034
skycell,max_area_ratio=0,1332,69,69,22,0.044,0.027
skycell,max_area_ratio=0,1333,70,67,15,0.042,0.027
skycell,max_area_ratio=0,1334,680,736,66,0.14,0.127
skycell,max_area_ratio=0,1335,275,311,42,0.089,0.073
skycell,max_area_ratio=0,1336,654,1019,68,0.124,0.16
skycell,max_area_ratio=0,1337,87,81,19,0.051,0.026
skycell,max_area_ratio=0,1338,874,1099,87,0.161,0.178
skycell,max_area_ratio=0,1339,123,122,16,0.049,0.028
skycell,max_area_ratio=0,1340,675,1284,70,0.119,0.174
skycell,max_area_ratio=0,1341,80,56,20,0.049,0.026
skycell,max_area_ratio=0,1342,84,65,25,0.053,0.029
skycell,max_area_ratio=0,1343,80,61,18,0.043,0.03
skycell,max_area_ratio=0,1344,70,57,20,0.055,0.031
skycell,max_area_ratio=0,1345,75,63,23,0.055,0.026
skycell,max_area_ratio=0,1346,721,553,67,0.137,0.117
skycell,max_area_ratio=0,1347,76,68,16,0.04,0.023
skycell,max_area_ratio=0,1348,98,63,24,0.058,0.026
skycell,max_area_ratio=0,1349,114,216,28,0.062,0.061
skycell,max_area_ratio=0,1350,72,75,20,0.044,0.032
skycell,max_area_ratio=0,1351,101,69,30,0.065,0.034
skycell,max_area_ratio=0,1352,125,157,23,0.06,0.049
skycell,max_area_ratio=0,1353,254,211,39,0.083,0.06
skycell,max_area_ratio=0,1354,108,136,20,0.051,0.037
skycell,max_area_ratio=0,1355,94,47,20,0.049,0.024
skycell,max_area_ratio=0,1356,275,660,49,0.087,0.114
skycell,max_area_ratio=0,1357,66,70,27,0.055,0.04
skycell,max_area_ratio=0,1358,64,66,15,0.042,0.03
skycell,max_area_ratio=0,1359,176,68,33,0.075,0.035
skycell,max_area_ratio=0,1360,583,674,49,0.1,0.111
skycell,max_area_ratio=0,1361,64,67,22,0.048,0.035
skycell,max_area_ratio=0,1362,65,61,17,0.037,0.029
skycell,max_area_ratio=0,1363,80,60,22,0.054,0.026
skycell,max_area_ratio=0,1364,2647,2512,128,0.249,0.325
skycell,max_area_ratio=0,1365,63,65,25,0.048,0.027
skycell,max_area_ratio=0,1366,71,65,21,0.048,0.032
skycell,max_area_ratio=0,1367,93,60,21,0.052,0.025
skycell,max_area_ratio=0,1368,71,60,21,0.047,0.032
skycell,max_area_ratio=0,1369,189,163,33,0.07,0.047
skycell,max_area_ratio=0,1370,3880,4069,169,0.284,0.486
skycell,max_area_ratio=0,1371,73,77,26,0.061,0.027
skycell,max_area_ratio=0,1372,394,601,49,0.099,0.111
skycell,max_area_ratio=0,1373,74,49,20,0.048,0.027
skycell,max_area_ratio=0,1374,88,70,19,0.057,0.027
skycell,max_area_ratio=0,1375,81,73,24,0.05,0.027
skycell,max_area_ratio=0,1376,542,495,54,0.114,0.098
skycell,max_area_ratio=0,1377,74,63,22,0.052,0.027
skycell,max_area_ratio=0,1378,1289,1356,78,0.165,0.212
skycell,max_area_ratio=0,1379,110,79,16,0.044,0.025
skycell,max_area_ratio=0,1380,1275,1572,89,0.165,0.217
skycell,max_area_ratio=0,1381,195,47,35,0.078,0.035
skycell,max_area_ratio=0,1382,71,75,26,0.053,0.034
skycell,max_area_ratio=0,1383,96,65,18,0.051,0.029
skycell,max_area_ratio=0,1384,83,77,17,0.045,0.026
skycell,max_area_ratio=0,1385,1143,1227,80,0.154,0.184
skycell,max_area_ratio=0,1386,1240,1589,63,0.125,0.198
skycell,max_area_ratio=0,1387,63,79,16,0.04,0.025
skycell,max_area_ratio=0,1388,752,898,68,0.13,0.144
skycell,max_area_ratio=0,1389,76,69,21,0.047,0.026
skycell,max_area_ratio=0,1390,492,710,62,0.112,0.132
skycell,max_area_ratio=0,1391,66,77,16,0.042,0.026
skycell,max_area_ratio=0,1392,66,67,18,0.044,0.022
skycell,max_area_ratio=0,1393,65,66,22,0.046,0.024
skycell,max_area_ratio=0,1394,3583,3504,148,0.254,0.427
skycell,max_area_ratio=0,1395,69,64,27,0.06,0.028
skycell,max_area_ratio=0,1396,2915,3600,145,0.258,0.435
skycell,max_area_ratio=0,1397,198,59,27,0.064,0.025
skycell,max_area_ratio=0,1398,3035,2926,142,0.255,0.396
skycell,max_area_ratio=0,1399,125,66,25,0.062,0.026
skycell,max_area_ratio=0,1400,3818,4002,166,0.291,0.497
skycell,max_area_ratio=0,1401,722,297,58,0.139,0.073
skycell,max_area_ratio=0,1402,271,254,42,0.089,0.059
skycell,max_area_ratio=0,1403,306,324,41,0.093,0.074
skycell,max_area_ratio=0,1404,1137,1369,84,0.167,0.231
skycell,max_area_ratio=0,1405,314,265,45,0.097,0.066
skycell,max_area_ratio=0,1406,1132,1108,85,0.182,0.19
skycell,max_area_ratio=0,1407,263,276,45,0.097,0.071
skycell,max_area_ratio=0,1408,4442,4152,181,0.285,0.558
skycell,max_area_ratio=0,1409,281,297,41,0.087,0.057
skycell,max_area_ratio=0,1410,309,306,33,0.086,0.063
skycell,max_area_ratio=0,1411,757,748,67,0.132,0.136
skycell,max_area_ratio=0,1412,288,265,35,0.073,0.075
skycell,max_area_ratio=0,1413,322,280,44,0.097,0.067
skycell,max_area_ratio=0,1414,916,1101,87,0.161,0.19
skycell,max_area_ratio=0,1415,260,251,32,0.068,0.054
skycell,max_area_ratio=0,1416,8830,9129,283,0.415,0.954
skycell,max_area_ratio=0,1417,311,272,36,0.084,0.059
skycell,max_area_ratio=0,1418,4510,5071,188,0.287,0.599
skycell,max_area_ratio=0,1419,323,271,40,0.093,0.062
skycell,max_area_ratio=0,1420,4875,5690,197,0.306,0.648
skycell,max_area_ratio=0,1421,346,233,28,0.081,0.048
skycell,max_area_ratio=0,1422,3974,4433,164,0.257,0.55
skycell,max_area_ratio=0,1423,289,260,37,0.086,0.059
skycell,max_area_ratio=0,1424,1302,3126,116,0.186,0.364
skycell,max_area_ratio=0,1425,2525,3145,137,0.237,0.404
skycell,max_area_ratio=0,1426,527,302,43,0.112,0.064
skycell,max_area_ratio=0,1427,348,255,47,0.102,0.057
skycell,max_area_ratio=0,1428,4269,3905,170,0.29,0.471
skycell,max_area_ratio=0,1429,1196,1284,82,0.166,0.187
skycell,max_area_ratio=0,1430,820,1294,62,0.12,0.163
skycell,max_area_ratio=0,1431,298,289,30,0.068,0.05
skycell,max_area_ratio=0,1432,505,268,45,0.109,0.055
skycell,max_area_ratio=0,1433,1566,901,87,0.176,0.139
skycell,max_area_ratio=0,1434,415,277,42,0.091,0.062
skycell,max_area_ratio=0,1435,1519,1243,92,0.203,0.18
skycell,max_area_ratio=0,1436,494,1021,61,0.107,0.157
skycell,max_area_ratio=0,1437,297,298,37,0.085,0.058
skycell,max_area_ratio=0,1438,392,4191,94,0.113,0.376
skycell,max_area_ratio=0,1439,320,307,38,0.078,0.061
skycell,max_area_ratio=0,1440,277,269,45,0.092,0.058
skycell,max_area_ratio=0,1441,2556,2336,120,0.21,0.314
skycell,max_area_ratio=0,1442,2415,2435,125,0.223,0.321
skycell,max_area_ratio=0,1443,2467,2502,129,0.219,0.328
skycell,max_area_ratio=0,1444,28334,35019,640,0.642,3.429
skycell,max_area_ratio=0,1445,10689,11114,324,0.465,1.148
skycell,max_area_ratio=0,1446,2652,6517,172,0.224,0.65
skycell,max_area_ratio=0,1447,3410,2340,122,0.247,0.301
skycell,max_area_ratio=0,1448,137986,147516,1965,0.775,13.949
skycell,max_area_ratio=0,1449,3731,2525,131,0.307,0.362
skycell,max_area_ratio=0,1450,42176,43516,743,0.807,4.315
skycell,max_area_ratio=0,1451,2807,2330,134,0.337,0.325
skycell,max_area_ratio=0,1452,28889,26649,553,0.966,3.293
skycell,max_area_ratio=0,1453,2522,2324,129,0.345,0.434
skycell,max_area_ratio=0,1454,22838,22109,484,0.755,3.249
skycell,max_area_ratio=0,1455,3354,2386,137,0.36,0.351
skycell,max_area_ratio=0,1456,17758,18819,445,0.665,2.658
skycell,range_cost=3,1,1,0,3,0.022,0.008
skycell,range_cost=3,2,1,1,4,0.019,0.008
skycell,range_cost=3,3,1,0,3,0.017,0.006
skycell,range_cost=3,4,1,1,7,0.024,0.012
skycell,range_cost=3,5,1,0,3,0.016,0.006
skycell,range_cost=3,6,1,1,7,0.023,0.011
skycell,range_cost=3,7,1,0,3,0.016,0.006
skycell,range_cost=3,8,1,1,4,0.016,0.006
skycell,range_cost=3,9,1,0,3,0.016,0.006
skycell,range_cost=3,10,1,1,4,0.016,0.006
skycell,range_cost=3,11,1,0,3,0.015,0.005
skycell,range_cost=3,12,1,1,7,0.024,0.012
skycell,range_cost=3,13,1,0,3,0.015,0.005
skycell,range_cost=3,14,1,1,4,0.015,0.006
skycell,range_cost=3,15,1,0,3,0.015,0.005
skycell,range_cost=3,16,1,1,7,0.022,0.007
skycell,range_cost=3,17,1,0,6,0.021,0.006
skycell,range_cost=3,18,1,1,7,0.022,0.011
skycell,range_cost=3,19,1,0,3,0.015,0.006
skycell,range_cost=3,20,1,1,4,0.015,0.006
skycell,range_cost=3,21,1,0,3,0.016,0.004
skycell,range_cost=3,22,1,1,7,0.022,0.008
skycell,range_cost=3,23,1,0,3,0.016,0.005
skycell,range_cost=3,24,1,1,4,0.015,0.005
skycell,range_cost=3,25,1,0,3,0.014,0.005
skycell,range_cost=3,26,1,1,4,0.014,0.006
skycell,range_cost=3,27,1,0,3,0.015,0.005
skycell,range_cost=3,28,1,1,4,0.015,0.006
skycell,range_cost=3,29,1,0,3,0.015,0.004
skycell,range_cost=3,30,1,1,7,0.021,0.008
skycell,range_cost=3,31,1,0,3,0.015,0.005
skycell,range_cost=3,32,1,1,7,0.021,0.006
skycell,range_cost=3,33,1,0,3,0.015,0.005
skycell,range_cost=3,34,1,1,4,0.015,0.006
skycell,range_cost=3,35,1,0,3,0.015,0.004
skycell,range_cost=3,36,1,1,4,0.014,0.005
skycell,range_cost=3,37,1,0,6,0.021,0.007
skycell,range_cost=3,38,1,1,4,0.015,0.005
skycell,range_cost=3,39,1,0,3,0.016,0.004
skycell,range_cost=3,40,1,1,4,0.015,0.006
skycell,range_cost=3,41,1,0,3,0.015,0.005
skycell,range_cost=3,42,1,1,4,0.015,0.005
skycell,range_cost=3,43,1,0,6,0.021,0.006
skycell,range_cost=3,44,1,1,4,0.017,0.007
skycell,range_cost=3,45,1,0,6,0.021,0.007
skycell,range_cost=3,46,1,1,7,0.022,0.007
skycell,range_cost=3,47,1,0,6,0.021,0.006
skycell,range_cost=3,48,1,1,4,0.015,0.006
skycell,range_cost=3,49,1,0,3,0.014,0.004
skycell,range_cost=3,50,1,1,4,0.015,0.006
skycell,range_cost=3,51,1,0,6,0.022,0.005
skycell,range_cost=3,52,1,1,4,0.015,0.005
skycell,range_cost=3,53,1,0,3,0.014,0.005
skycell,range_cost=3,54,1,1,4,0.016,0.005
skycell,range_cost=3,55,1,0,6,0.021,0.006
skycell,range_cost=3,56,1,1,4,0.015,0.005
skycell,range_cost=3,57,1,0,3,0.015,0.005
skycell,range_cost=3,58,1,1,4,0.015,0.006
skycell,range_cost=3,59,1,0,3,0.017,0.006
skycell,range_cost=3,60,1,1,4,0.015,0.006
skycell,range_cost=3,61,1,0,6,0.022,0.006
skycell,range_cost=3,62,1,1,7,0.021,0.008
skycell,range_cost=3,63,1,0,3,0.016,0.004
skycell,range_cost=3,64,1,1,4,0.015,0.006
skycell,range_cost=3,65,1,0,3,0.014,0.004
skycell,range_cost=3,66,1,1,4,0.014,0.006
skycell,range_cost=3,67,1,0,3,0.015,0.005
skycell,range_cost=3,68,1,1,4,0.015,0.006
skycell,range_cost=3,69,1,0,3,0.015,0.005
skycell,range_cost=3,70,1,1,4,0.014,0.005
skycell,range_cost=3,71,1,0,3,0.015,0.004
skycell,range_cost=3,72,1,1,4,0.014,0.005
skycell,range_cost=3,73,1,0,3,0.015,0.005
skycell,range_cost=3,74,1,1,4,0.021,0.015
skycell,range_cost=3,75,1,0,3,0.015,0.004
skycell,range_cost=3,76,1,1,4,0.015,0.005
skycell,range_cost=3,77,1,0,3,0.024,0.004
skycell,range_cost=3,78,1,1,4,0.015,0.007
skycell,range_cost=3,79,1,0,3,0.015,0.005
skycell,range_cost=3,80,1,1,4,0.015,0.005
skycell,range_cost=3,81,1,0,3,0.015,0.004
skycell,range_cost=3,82,1,1,4,0.019,0.006
skycell,range_cost=3,83,1,0,12,0.032,0.013
skycell,range_cost=3,84,1,1,4,0.02,0.006
skycell,range_cost=3,85,1,0,3,0.015,0.005
skycell,range_cost=3,86,1,1,4,0.014,0.005
skycell,range_cost=3,87,1,0,3,0.015,0.005
skycell,range_cost=3,88,1,1,4,0.015,0.005
skycell,range_cost=3,89,1,0,6,0.02,0.006
skycell,range_cost=3,90,1,1,4,0.015,0.005
skycell,range_cost=3,91,1,0,3,0.015,0.004
skycell,range_cost=3,92,1,1,4,0.015,0.006
skycell,range_cost=3,93,1,0,3,0.015,0.005
skycell,range_cost=3,94,1,1,7,0.021,0.007
skycell,range_cost=3,95,1,0,3,0.015,0.004
skycell,range_cost=3,96,1,1,7,0.024,0.008
skycell,range_cost=3,97,1,0,3,0.015,0.004
skycell,range_cost=3,98,1,1,4,0.015,0.005
skycell,range_cost=3,99,1,0,3,0.015,0.004
skycell,range_cost=3,100,1,1,4,0.015,0.005
skycell,range_cost=3,101,1,0,3,0.014,0.004
skycell,range_cost=3,102,1,1,4,0.014,0.005
skycell,range_cost=3,103,1,0,3,0.014,0.005
skycell,range_cost=3,104,1,1,4,0.014,0.005
skycell,range_cost=3,105,1,0,3,0.015,0.004
skycell,range_cost=3,106,1,1,4,0.015,0.006
skycell,range_cost=3,107,1,0,3,0.014,0.004
skycell,range_cost=3,108,1,1,4,0.014,0.005
skycell,range_cost=3,109,1,0,6,0.025,0.006
skycell,range_cost=3,110,1,1,7,0.021,0.008
skycell,range_cost=3,111,1,0,12,0.045,0.009
skycell,range_cost=3,112,1,1,4,0.015,0.005
skycell,range_cost=3,113,1,0,3,0.015,0.005
skycell,range_cost=3,114,1,1,4,0.015,0.005
skycell,range_cost=3,115,1,0,3,0.015,0.004
skycell,range_cost=3,116,1,1,7,0.021,0.007
skycell,range_cost=3,117,1,0,3,0.014,0.004
skycell,range_cost=3,118,1,1,4,0.015,0.006
skycell,range_cost=3,119,1,0,3,0.015,0.004
skycell,range_cost=3,120,1,1,4,0.015,0.006
skycell,range_cost=3,121,1,0,3,0.015,0.005
skycell,range_cost=3,122,1,1,7,0.02,0.007
skycell,range_cost=3,123,1,0,3,0.014,0.004
skycell,range_cost=3,124,1,1,4,0.015,0.006
skycell,range_cost=3,125,1,0,6,0.028,0.007
skycell,range_cost=3,126,1,1,4,0.015,0.006
skycell,range_cost=3,127,1,0,3,0.021,0.005
skycell,range_cost=3,128,1,1,4,0.015,0.005
skycell,range_cost=3,129,1,0,3,0.015,0.004
skycell,range_cost=3,130,1,1,4,0.014,0.005
skycell,range_cost=3,131,1,0,3,0.015,0.004
skycell,range_cost=3,132,1,1,4,0.015,0.005
skycell,range_cost=3,133,1,0,3,0.018,0.004
skycell,range_cost=3,134,1,1,4,0.015,0.005
skycell,range_cost=3,135,1,0,3,0.015,0.004
skycell,range_cost=3,136,1,1,4,0.015,0.005
skycell,range_cost=3,137,1,0,3,0.014,0.004
skycell,range_cost=3,138,1,1,7,0.021,0.007
skycell,range_cost=3,139,1,0,3,0.015,0.004
skycell,range_cost=3,140,1,1,4,0.015,0.005
skycell,range_cost=3,141,1,0,6,0.021,0.006
skycell,range_cost=3,142,1,1,7,0.021,0.007
skycell,range_cost=3,143,1,0,3,0.015,0.004
skycell,range_cost=3,144,1,1,7,0.021,0.006
skycell,range_cost=3,145,1,0,3,0.014,0.004
skycell,range_cost=3,146,1,1,13,0.031,0.01
skycell,range_cost=3,147,1,0,3,0.014,0.005
skycell,range_cost=3,148,1,1,4,0.019,0.006
skycell,range_cost=3,149,1,0,3,0.014,0.004
skycell,range_cost=3,150,1,1,7,0.021,0.007
skycell,range_cost=3,151,1,0,3,0.015,0.004
skycell,range_cost=3,152,1,1,4,0.016,0.005
skycell,range_cost=3,153,1,0,3,0.016,0.005
skycell,range_cost=3,154,1,1,4,0.014,0.005
skycell,range_cost=3,155,1,0,3,0.019,0.005
skycell,range_cost=3,156,1,1,4,0.014,0.006
skycell,range_cost=3,157,1,0,3,0.015,0.004
skycell,range_cost=3,158,1,1,4,0.015,0.005
skycell,range_cost=3,159,1,0,3,0.015,0.005
skycell,range_cost=3,160,1,1,4,0.015,0.005
skycell,range_cost=3,161,1,0,3,0.014,0.004
skycell,range_cost=3,162,1,1,4,0.015,0.005
skycell,range_cost=3,163,1,0,3,0.016,0.004
skycell,range_cost=3,164,1,1,4,0.014,0.005
skycell,range_cost=3,165,1,0,3,0.015,0.005
skycell,range_cost=3,166,1,1,4,0.015,0.005
skycell,range_cost=3,167,1,0,3,0.015,0.004
skycell,range_cost=3,168,1,1,7,0.02,0.007
skycell,range_cost=3,169,1,0,6,0.025,0.005
skycell,range_cost=3,170,1,1,4,0.015,0.005
skycell,range_cost=3,171,1,0,3,0.015,0.004
skycell,range_cost=3,172,1,1,4,0.015,0.005
skycell,range_cost=3,173,1,0,6,0.021,0.006
skycell,range_cost=3,174,1,1,4,0.015,0.005
skycell,range_cost=3,175,1,0,3,0.014,0.004
skycell,range_cost=3,176,1,1,4,0.014,0.005
skycell,range_cost=3,177,1,0,3,0.014,0.005
skycell,range_cost=3,178,1,1,7,0.02,0.007
skycell,range_cost=3,179,1,0,6,0.021,0.006
skycell,range_cost=3,180,1,1,4,0.015,0.005
skycell,range_cost=3,181,1,0,3,0.014,0.004
skycell,range_cost=3,182,1,1,4,0.014,0.005
skycell,range_cost=3,183,1,0,3,0.02,0.005
skycell,range_cost=3,184,1,1,7,0.021,0.007
skycell,range_cost=3,185,1,0,3,0.015,0.004
skycell,range_cost=3,186,1,1,4,0.015,0.006
skycell,range_cost=3,187,1,0,3,0.016,0.005
skycell,range_cost=3,188,1,1,4,0.014,0.006
skycell,range_cost=3,189,1,0,6,0.021,0.006
skycell,range_cost=3,190,1,1,4,0.014,0.005
skycell,range_cost=3,191,1,0,3,0.014,0.004
skycell,range_cost=3,192,1,1,4,0.014,0.005
skycell,range_cost=3,193,1,0,3,0.015,0.005
skycell,range_cost=3,194,1,1,7,0.021,0.008
skycell,range_cost=3,195,1,0,3,0.014,0.004
skycell,range_cost=3,196,1,1,4,0.015,0.006
skycell,range_cost=3,197,1,0,12,0.031,0.008
skycell,range_cost=3,198,1,1,4,0.015,0.005
skycell,range_cost=3,199,1,0,3,0.015,0.004
skycell,range_cost=3,200,1,1,4,0.015,0.005
skycell,range_cost=3,201,1,0,3,0.014,0.004
skycell,range_cost=3,202,1,1,4,0.015,0.006
skycell,range_cost=3,203,1,0,3,0.015,0.004
skycell,range_cost=3,204,1,1,4,0.017,0.007
skycell,range_cost=3,205,1,0,3,0.019,0.005
skycell,range_cost=3,206,1,1,7,0.02,0.007
skycell,range_cost=3,207,1,0,3,0.015,0.004
skycell,range_cost=3,208,1,1,4,0.024,0.007
skycell,range_cost=3,209,1,0,3,0.015,0.004
skycell,range_cost=3,210,1,1,4,0.016,0.005
skycell,range_cost=3,211,1,0,3,0.016,0.004
skycell,range_cost=3,212,1,1,4,0.016,0.005
skycell,range_cost=3,213,1,0,3,0.016,0.004
skycell,range_cost=3,214,1,1,4,0.015,0.005
skycell,range_cost=3,215,1,0,3,0.015,0.005
skycell,range_cost=3,216,1,1,7,0.024,0.009
skycell,range_cost=3,217,1,0,3,0.014,0.005
skycell,range_cost=3,218,1,1,7,0.021,0.007
skycell,range_cost=3,219,1,0,6,0.022,0.006
skycell,range_cost=3,220,1,1,7,0.022,0.007
skycell,range_cost=3,221,1,0,3,0.015,0.005
skycell,range_cost=3,222,1,1,4,0.015,0.007
skycell,range_cost=3,223,1,0,6,0.021,0.006
skycell,range_cost=3,224,1,1,4,0.021,0.005
skycell,range_cost=3,225,1,0,3,0.015,0.005
skycell,range_cost=3,226,1,1,4,0.015,0.005
skycell,range_cost=3,227,1,0,6,0.025,0.006
skycell,range_cost=3,228,1,1,4,0.014,0.005
skycell,range_cost=3,229,1,0,3,0.015,0.004
skycell,range_cost=3,230,1,1,7,0.022,0.007
skycell,range_cost=3,231,1,0,3,0.015,0.004
skycell,range_cost=3,232,1,1,4,0.016,0.005
skycell,range_cost=3,233,1,0,3,0.014,0.005
skycell,range_cost=3,234,1,1,4,0.016,0.005
skycell,range_cost=3,235,1,0,3,0.015,0.009
skycell,range_cost=3,236,1,1,4,0.015,0.005
skycell,range_cost=3,237,1,0,6,0.021,0.006
skycell,range_cost=3,238,1,1,7,0.021,0.007
skycell,range_cost=3,239,1,0,3,0.015,0.004
skycell,range_cost=3,240,1,1,4,0.018,0.007
skycell,range_cost=3,241,1,0,3,0.015,0.005
skycell,range_cost=3,242,1,1,4,0.016,0.005
skycell,range_cost=3,243,1,0,3,0.015,0.005
skycell,range_cost=3,244,1,1,4,0.015,0.006
skycell,range_cost=3,245,1,0,6,0.022,0.007
skycell,range_cost=3,246,1,1,4,0.016,0.006
skycell,range_cost=3,247,1,0,3,0.015,0.005
skycell,range_cost=3,248,1,1,4,0.014,0.005
skycell,range_cost=3,249,1,0,3,0.015,0.003
skycell,range_cost=3,250,1,1,4,0.015,0.005
skycell,range_cost=3,251,1,0,3,0.018,0.005
skycell,range_cost=3,252,1,1,4,0.014,0.005
skycell,range_cost=3,253,1,0,3,0.015,0.004
skycell,range_cost=3,254,1,1,4,0.015,0.006
skycell,range_cost=3,255,1,0,3,0.015,0.004
skycell,range_cost=3,256,1,1,4,0.015,0.005
skycell,range_cost=3,257,1,0,3,0.015,0.004
skycell,range_cost=3,258,1,1,4,0.015,0.005
skycell,range_cost=3,259,1,0,3,0.015,0.004
skycell,range_cost=3,260,1,1,4,0.015,0.005
skycell,range_cost=3,261,1,0,6,0.021,0.006
skycell,range_cost=3,262,1,1,7,0.02,0.007
skycell,range_cost=3,263,1,0,6,0.021,0.006
skycell,range_cost=3,264,1,1,4,0.015,0.005
skycell,range_cost=3,265,1,0,6,0.022,0.006
skycell,range_cost=3,266,1,1,7,0.021,0.007
skycell,range_cost=3,267,1,0,3,0.02,0.004
skycell,range_cost=3,268,1,1,4,0.015,0.006
skycell,range_cost=3,269,1,0,6,0.021,0.006
skycell,range_cost=3,270,1,1,4,0.015,0.005
skycell,range_cost=3,271,1,0,6,0.022,0.006
skycell,range_cost=3,272,1,1,4,0.015,0.006
skycell,range_cost=3,273,1,0,3,0.014,0.004
skycell,range_cost=3,274,1,1,4,0.015,0.005
skycell,range_cost=3,275,1,0,3,0.014,0.004
skycell,range_cost=3,276,1,1,4,0.015,0.005
skycell,range_cost=3,277,1,0,6,0.021,0.006
skycell,range_cost=3,278,1,1,4,0.015,0.005
skycell,range_cost=3,279,1,0,6,0.021,0.006
skycell,range_cost=3,280,1,1,4,0.014,0.005
skycell,range_cost=3,281,1,0,3,0.015,0.004
skycell,range_cost=3,282,1,1,4,0.019,0.007
skycell,range_cost=3,283,1,0,3,0.015,0.004
skycell,range_cost=3,284,1,1,4,0.015,0.006
skycell,range_cost=3,285,1,0,12,0.032,0.008
skycell,range_cost=3,286,1,1,4,0.015,0.006
skycell,range_cost=3,287,1,0,6,0.023,0.007
skycell,range_cost=3,288,1,1,4,0.014,0.005
skycell,range_cost=3,289,1,0,3,0.015,0.005
skycell,range_cost=3,290,1,1,4,0.015,0.006
skycell,range_cost=3,291,1,0,6,0.021,0.006
skycell,range_cost=3,292,1,1,7,0.021,0.007
skycell,range_cost=3,293,1,0,3,0.015,0.005
skycell,range_cost=3,294,1,1,4,0.015,0.005
skycell,range_cost=3,295,1,0,3,0.015,0.005
skycell,range_cost=3,296,1,1,4,0.015,0.005
skycell,range_cost=3,297,1,0,3,0.014,0.004
skycell,range_cost=3,298,1,1,4,0.015,0.01
skycell,range_cost=3,299,1,0,3,0.015,0.004
skycell,range_cost=3,300,1,1,4,0.015,0.005
skycell,range_cost=3,301,1,0,3,0.015,0.004
skycell,range_cost=3,302,1,1,4,0.016,0.005
skycell,range_cost=3,303,1,0,3,0.015,0.004
skycell,range_cost=3,304,1,1,7,0.022,0.007
skycell,range_cost=3,305,1,0,6,0.02,0.006
skycell,range_cost=3,306,1,1,4,0.015,0.005
skycell,range_cost=3,307,1,0,3,0.015,0.004
skycell,range_cost=3,308,1,1,4,0.015,0.005
skycell,range_cost=3,309,1,0,3,0.015,0.004
skycell,range_cost=3,310,1,1,4,0.014,0.005
skycell,range_cost=3,311,1,0,9,0.026,0.01
skycell,range_cost=3,312,1,1,7,0.021,0.007
skycell,range_cost=3,313,1,0,3,0.015,0.004
skycell,range_cost=3,314,1,1,4,0.017,0.007
skycell,range_cost=3,315,1,0,6,0.021,0.006
skycell,range_cost=3,316,1,1,7,0.021,0.007
skycell,range_cost=3,317,1,0,6,0.021,0.006
skycell,range_cost=3,318,1,1,4,0.015,0.006
skycell,range_cost=3,319,1,0,3,0.014,0.004
skycell,range_cost=3,320,1,1,4,0.015,0.005
skycell,range_cost=3,321,1,0,3,0.015,0.004
skycell,range_cost=3,322,1,1,4,0.015,0.005
skycell,range_cost=3,323,1,0,3,0.015,0.004
skycell,range_cost=3,324,1,1,7,0.021,0.008
skycell,range_cost=3,325,1,0,6,0.031,0.006
skycell,range_cost=3,326,1,1,4,0.015,0.005
skycell,range_cost=3,327,1,0,3,0.015,0.004
skycell,range_cost=3,328,1,1,4,0.015,0.005
skycell,range_cost=3,329,1,0,6,0.026,0.006
skycell,range_cost=3,330,1,1,4,0.014,0.005
skycell,range_cost=3,331,1,0,3,0.015,0.004
skycell,range_cost=3,332,1,1,4,0.015,0.005
skycell,range_cost=3,333,1,0,3,0.015,0.004
skycell,range_cost=3,334,1,1,4,0.014,0.005
skycell,range_cost=3,335,1,0,3,0.015,0.004
skycell,range_cost=3,336,1,1,4,0.015,0.005
skycell,range_cost=3,337,1,0,3,0.015,0.004
skycell,range_cost=3,338,1,1,4,0.014,0.005
skycell,range_cost=3,339,1,0,3,0.014,0.004
skycell,range_cost=3,340,1,1,4,0.023,0.005
skycell,range_cost=3,341,1,0,3,0.015,0.004
skycell,range_cost=3,342,1,1,4,0.014,0.005
skycell,range_cost=3,343,1,0,3,0.014,0.004
skycell,range_cost=3,344,1,1,4,0.015,0.005
skycell,range_cost=3,345,1,0,3,0.014,0.003
skycell,range_cost=3,346,1,1,4,0.015,0.005
skycell,range_cost=3,347,1,0,3,0.015,0.004
skycell,range_cost=3,348,1,1,7,0.021,0.008
skycell,range_cost=3,349,1,0,6,0.021,0.006
skycell,range_cost=3,350,1,1,4,0.015,0.005
skycell,range_cost=3,351,1,0,3,0.015,0.004
skycell,range_cost=3,352,1,1,4,0.016,0.006
skycell,range_cost=3,353,1,0,6,0.022,0.006
skycell,range_cost=3,354,1,1,7,0.021,0.007
skycell,range_cost=3,355,1,0,3,0.014,0.004
skycell,range_cost=3,356,1,1,7,0.021,0.007
skycell,range_cost=3,357,1,0,3,0.015,0.005
skycell,range_cost=3,358,1,1,4,0.014,0.005
skycell,range_cost=3,359,1,0,3,0.015,0.004
skycell,range_cost=3,360,1,1,4,0.019,0.006
skycell,range_cost=3,361,1,0,3,0.014,0.004
skycell,range_cost=3,362,1,1,4,0.015,0.005
skycell,range_cost=3,363,1,0,3,0.015,0.004
skycell,range_cost=3,364,1,1,7,0.022,0.007
skycell,range_cost=3,365,1,0,3,0.014,0.004
skycell,range_cost=3,366,1,1,4,0.015,0.005
skycell,range_cost=3,367,1,0,6,0.022,0.007
skycell,range_cost=3,368,1,1,4,0.015,0.005
skycell,range_cost=3,369,1,0,3,0.015,0.004
skycell,range_cost=3,370,1,1,4,0.014,0.005
skycell,range_cost=3,371,1,0,3,0.015,0.003
skycell,range_cost=3,372,1,1,4,0.015,0.005
skycell,range_cost=3,373,1,0,3,0.015,0.004
skycell,range_cost=3,374,1,1,4,0.014,0.005
skycell,range_cost=3,375,1,0,6,0.021,0.006
skycell,range_cost=3,376,1,1,4,0.015,0.005
skycell,range_cost=3,377,1,0,3,0.015,0.004
skycell,range_cost=3,378,1,1,7,0.023,0.008
skycell,range_cost=3,379,1,0,3,0.014,0.004
skycell,range_cost=3,380,1,1,4,0.013,0.005
skycell,range_cost=3,381,1,0,3,0.014,0.004
skycell,range_cost=3,382,1,1,7,0.021,0.007
skycell,range_cost=3,383,1,0,9,0.026,0.007
skycell,range_cost=3,384,1,1,4,0.015,0.005
skycell,range_cost=3,385,1,0,6,0.021,0.006
skycell,range_cost=3,386,1,1,7,0.021,0.007
skycell,range_cost=3,387,1,0,3,0.015,0.004
skycell,range_cost=3,388,1,1,7,0.021,0.007
skycell,range_cost=3,389,1,0,6,0.021,0.006
skycell,range_cost=3,390,1,1,7,0.021,0.007
skycell,range_cost=3,391,1,0,3,0.014,0.005
skycell,range_cost=3,392,1,1,4,0.015,0.005
skycell,range_cost=3,393,1,0,3,0.014,0.004
skycell,range_cost=3,394,1,1,4,0.015,0.006
skycell,range_cost=3,395,1,0,3,0.015,0.004
skycell,range_cost=3,396,1,1,4,0.015,0.005
skycell,range_cost=3,397,1,0,3,0.014,0.004
skycell,range_cost=3,398,1,1,4,0.015,0.005
skycell,range_cost=3,399,1,0,3,0.015,0.004
skycell,range_cost=3,400,1,1,7,0.022,0.007
skycell,range_cost=3,401,1,0,3,0.015,0.005
skycell,range_cost=3,402,1,1,4,0.016,0.005
skycell,range_cost=3,403,1,0,3,0.016,0.004
skycell,range_cost=3,404,1,1,7,0.021,0.007
skycell,range_cost=3,405,1,0,3,0.015,0.004
skycell,range_cost=3,406,1,1,4,0.015,0.006
skycell,range_cost=3,407,1,0,6,0.022,0.006
skycell,range_cost=3,408,1,1,10,0.027,0.009
skycell,range_cost=3,409,1,0,3,0.015,0.004
skycell,range_cost=3,410,1,1,7,0.021,0.007
skycell,range_cost=3,411,1,0,3,0.014,0.004
skycell,range_cost=3,412,1,1,4,0.015,0.005
skycell,range_cost=3,413,1,0,3,0.015,0.005
skycell,range_cost=3,414,1,1,4,0.02,0.005
skycell,range_cost=3,415,1,0,3,0.015,0.004
skycell,range_cost=3,416,1,1,4,0.015,0.006
skycell,range_cost=3,417,1,0,4,0.015,0.005
skycell,range_cost=3,418,1,1,7,0.021,0.007
skycell,range_cost=3,419,1,0,3,0.015,0.004
skycell,range_cost=3,420,1,1,4,0.015,0.004
skycell,range_cost=3,421,1,0,3,0.015,0.004
skycell,range_cost=3,422,1,1,4,0.015,0.007
skycell,range_cost=3,423,1,0,3,0.015,0.004
skycell,range_cost=3,424,1,1,7,0.021,0.007
skycell,range_cost=3,425,1,1,7,0.021,0.007
skycell,range_cost=3,426,1,1,4,0.015,0.005
skycell,range_cost=3,427,1,0,6,0.021,0.005
skycell,range_cost=3,428,1,1,4,0.015,0.006
skycell,range_cost=3,429,1,0,4,0.015,0.005
skycell,range_cost=3,430,1,1,4,0.015,0.005
skycell,range_cost=3,431,1,0,3,0.016,0.005
skycell,range_cost=3,432,1,1,4,0.015,0.005
skycell,range_cost=3,433,1,0,3,0.017,0.005
skycell,range_cost=3,434,1,1,7,0.022,0.007
skycell,range_cost=3,435,1,0,4,0.015,0.005
skycell,range_cost=3,436,1,1,4,0.015,0.005
skycell,range_cost=3,437,1,0,3,0.014,0.004
skycell,range_cost=3,438,1,1,4,0.015,0.005
skycell,range_cost=3,439,1,0,6,0.021,0.007
skycell,range_cost=3,440,1,1,4,0.015,0.006
skycell,range_cost=3,441,1,0,3,0.015,0.004
skycell,range_cost=3,442,1,1,4,0.017,0.006
skycell,range_cost=3,443,1,0,6,0.021,0.006
skycell,range_cost=3,444,1,1,7,0.021,0.007
skycell,range_cost=3,445,1,0,3,0.014,0.005
skycell,range_cost=3,446,1,1,4,0.021,0.006
skycell,range_cost=3,447,1,0,6,0.021,0.006
skycell,range_cost=3,448,1,1,7,0.021,0.008
skycell,range_cost=3,449,1,0,12,0.032,0.008
skycell,range_cost=3,450,1,1,4,0.016,0.004
skycell,range_cost=3,451,1,0,6,0.021,0.005
skycell,range_cost=3,452,1,1,7,0.021,0.007
skycell,range_cost=3,453,1,0,3,0.015,0.004
skycell,range_cost=3,454,1,1,4,0.021,0.005
skycell,range_cost=3,455,1,0,3,0.015,0.004
skycell,range_cost=3,456,1,1,7,0.023,0.009
skycell,range_cost=3,457,1,0,6,0.021,0.005
skycell,range_cost=3,458,1,1,4,0.015,0.006
skycell,range_cost=3,459,1,0,6,0.021,0.005
skycell,range_cost=3,460,1,1,4,0.015,0.005
skycell,range_cost=3,461,1,0,3,0.016,0.005
skycell,range_cost=3,462,1,1,4,0.015,0.005
skycell,range_cost=3,463,1,0,6,0.021,0.006
skycell,range_cost=3,464,1,1,4,0.015,0.005
skycell,range_cost=3,465,1,0,6,0.021,0.006
skycell,range_cost=3,466,1,1,4,0.015,0.006
skycell,range_cost=3,467,1,0,6,0.021,0.006
skycell,range_cost=3,468,1,2,4,0.015,0.005
skycell,range_cost=3,469,1,0,3,0.015,0.004
skycell,range_cost=3,470,1,1,7,0.021,0.007
skycell,range_cost=3,471,1,0,3,0.016,0.005
skycell,range_cost=3,472,1,1,4,0.015,0.005
skycell,range_cost=3,473,1,0,3,0.015,0.003
skycell,range_cost=3,474,1,1,4,0.015,0.01
skycell,range_cost=3,475,1,0,3,0.015,0.005
skycell,range_cost=3,476,1,1,4,0.015,0.005
skycell,range_cost=3,477,1,0,3,0.015,0.004
skycell,range_cost=3,478,1,1,4,0.015,0.006
skycell,range_cost=3,479,1,0,3,0.015,0.004
skycell,range_cost=3,480,1,1,4,0.02,0.006
skycell,range_cost=3,481,1,0,7,0.021,0.008
skycell,range_cost=3,482,1,1,4,0.015,0.006
skycell,range_cost=3,483,1,0,6,0.021,0.006
skycell,range_cost=3,484,1,1,4,0.016,0.005
skycell,range_cost=3,485,1,0,3,0.015,0.004
skycell,range_cost=3,486,1,1,4,0.015,0.005
skycell,range_cost=3,487,1,0,3,0.015,0.004
skycell,range_cost=3,488,1,1,4,0.015,0.005
skycell,range_cost=3,489,1,0,6,0.027,0.007
skycell,range_cost=3,490,1,1,4,0.015,0.005
skycell,range_cost=3,491,1,0,4,0.015,0.005
skycell,range_cost=3,492,1,1,4,0.015,0.005
skycell,range_cost=3,493,1,0,3,0.015,0.004
skycell,range_cost=3,494,1,1,4,0.015,0.005
skycell,range_cost=3,495,1,0,3,0.015,0.004
skycell,range_cost=3,496,1,1,7,0.027,0.008
skycell,range_cost=3,497,1,0,3,0.015,0.004
skycell,range_cost=3,498,1,1,4,0.015,0.005
skycell,range_cost=3,499,1,0,3,0.016,0.004
skycell,range_cost=3,500,1,1,7,0.021,0.007
skycell,range_cost=3,501,1,0,3,0.015,0.004
skycell,range_cost=3,502,1,1,4,0.019,0.005
skycell,range_cost=3,503,1,0,3,0.015,0.005
skycell,range_cost=3,504,1,1,7,0.025,0.007
skycell,range_cost=3,505,1,0,3,0.015,0.004
skycell,range_cost=3,506,1,2,8,0.023,0.012
skycell,range_cost=3,507,1,0,3,0.015,0.005
skycell,range_cost=3,508,1,1,4,0.015,0.005
skycell,range_cost=3,509,1,0,3,0.015,0.004
skycell,range_cost=3,510,1,1,4,0.015,0.006
skycell,range_cost=3,511,1,0,3,0.015,0.004
skycell,range_cost=3,512,1,1,4,0.015,0.005
skycell,range_cost=3,513,1,0,6,0.021,0.005
skycell,range_cost=3,514,1,1,4,0.019,0.006
skycell,range_cost=3,515,1,0,6,0.021,0.005
skycell,range_cost=3,516,1,1,4,0.015,0.005
skycell,range_cost=3,517,1,0,3,0.015,0.004
skycell,range_cost=3,518,1,1,4,0.015,0.006
skycell,range_cost=3,519,1,0,3,0.015,0.004
skycell,range_cost=3,520,1,1,4,0.019,0.006
skycell,range_cost=3,521,1,0,3,0.015,0.004
skycell,range_cost=3,522,1,1,4,0.014,0.005
skycell,range_cost=3,523,1,0,6,0.021,0.006
skycell,range_cost=3,524,1,1,4,0.015,0.006
skycell,range_cost=3,525,1,0,4,0.015,0.005
skycell,range_cost=3,526,1,1,4,0.015,0.005
skycell,range_cost=3,527,1,0,3,0.015,0.004
skycell,range_cost=3,528,1,1,4,0.015,0.005
skycell,range_cost=3,529,1,0,3,0.015,0.004
skycell,range_cost=3,530,1,1,4,0.015,0.005
skycell,range_cost=3,531,1,0,3,0.015,0.004
skycell,range_cost=3,532,1,1,4,0.019,0.006
skycell,range_cost=3,533,1,0,3,0.015,0.004
skycell,range_cost=3,534,1,1,7,0.021,0.007
skycell,range_cost=3,535,1,0,4,0.015,0.005
skycell,range_cost=3,536,1,1,4,0.015,0.005
skycell,range_cost=3,537,1,0,3,0.015,0.004
skycell,range_cost=3,538,1,1,4,0.015,0.005
skycell,range_cost=3,539,1,0,3,0.014,0.004
skycell,range_cost=3,540,1,1,4,0.019,0.006
skycell,range_cost=3,541,1,0,6,0.021,0.005
skycell,range_cost=3,542,1,1,4,0.015,0.005
skycell,range_cost=3,543,1,0,3,0.015,0.004
skycell,range_cost=3,544,1,1,4,0.015,0.005
skycell,range_cost=3,545,1,0,3,0.019,0.005
skycell,range_cost=3,546,1,1,4,0.015,0.005
skycell,range_cost=3,547,1,0,3,0.015,0.004
skycell,range_cost=3,548,1,1,5,0.014,0.005
skycell,range_cost=3,549,1,0,3,0.015,0.004
skycell,range_cost=3,550,1,1,4,0.015,0.005
skycell,range_cost=3,551,1,0,3,0.015,0.005
skycell,range_cost=3,552,1,1,7,0.037,0.007
skycell,range_cost=3,553,1,0,7,0.023,0.006
skycell,range_cost=3,554,1,1,4,0.016,0.006
skycell,range_cost=3,555,1,0,3,0.015,0.004
skycell,range_cost=3,556,1,1,4,0.015,0.005
skycell,range_cost=3,557,1,0,3,0.015,0.004
skycell,range_cost=3,558,1,1,4,0.015,0.006
skycell,range_cost=3,559,1,0,6,0.021,0.006
skycell,range_cost=3,560,1,1,4,0.014,0.005
skycell,range_cost=3,561,1,0,6,0.021,0.005
skycell,range_cost=3,562,1,1,5,0.015,0.006
skycell,range_cost=3,563,1,0,6,0.021,0.006
skycell,range_cost=3,564,1,1,4,0.016,0.005
skycell,range_cost=3,565,1,0,3,0.015,0.004
skycell,range_cost=3,566,1,1,4,0.016,0.006
skycell,range_cost=3,567,1,0,3,0.015,0.004
skycell,range_cost=3,568,1,1,4,0.015,0.004
skycell,range_cost=3,569,1,0,6,0.021,0.006
skycell,range_cost=3,570,1,1,4,0.017,0.007
skycell,range_cost=3,571,1,0,3,0.015,0.004
skycell,range_cost=3,572,1,13,7,0.016,0.018
skycell,range_cost=3,573,1,0,3,0.015,0.005
skycell,range_cost=3,574,1,1,7,0.021,0.007
skycell,range_cost=3,575,1,0,3,0.015,0.004
skycell,range_cost=3,576,1,1,4,0.015,0.005
skycell,range_cost=3,577,1,0,4,0.015,0.005
skycell,range_cost=3,578,1,2,5,0.015,0.007
skycell,range_cost=3,579,1,0,3,0.015,0.004
skycell,range_cost=3,580,1,1,4,0.015,0.005
skycell,range_cost=3,581,1,0,6,0.021,0.006
skycell,range_cost=3,582,1,1,8,0.022,0.008
skycell,range_cost=3,583,1,0,6,0.021,0.005
skycell,range_cost=3,584,1,1,4,0.015,0.005
skycell,range_cost=3,585,1,0,3,0.015,0.004
skycell,range_cost=3,586,1,1,4,0.015,0.005
skycell,range_cost=3,587,1,0,3,0.014,0.004
skycell,range_cost=3,588,1,1,4,0.015,0.005
skycell,range_cost=3,589,1,0,3,0.015,0.004
skycell,range_cost=3,590,1,1,4,0.015,0.005
skycell,range_cost=3,591,1,0,3,0.015,0.005
skycell,range_cost=3,592,1,1,4,0.015,0.005
skycell,range_cost=3,593,1,0,3,0.015,0.004
skycell,range_cost=3,594,1,1,4,0.015,0.005
skycell,range_cost=3,595,1,0,3,0.015,0.004
skycell,range_cost=3,596,1,1,4,0.015,0.005
skycell,range_cost=3,597,1,0,6,0.026,0.007
skycell,range_cost=3,598,1,1,4,0.015,0.005
skycell,range_cost=3,599,1,0,3,0.015,0.004
skycell,range_cost=3,600,1,1,4,0.016,0.005
skycell,range_cost=3,601,1,0,3,0.016,0.004
skycell,range_cost=3,602,1,1,4,0.014,0.005
skycell,range_cost=3,603,1,0,4,0.015,0.006
skycell,range_cost=3,604,1,2,10,0.027,0.008
skycell,range_cost=3,605,1,0,3,0.015,0.004
skycell,range_cost=3,606,1,18,9,0.015,0.045
skycell,range_cost=3,607,1,0,6,0.022,0.006
skycell,range_cost=3,608,1,1,7,0.023,0.008
skycell,range_cost=3,609,1,0,3,0.015,0.004
skycell,range_cost=3,610,1,1,4,0.015,0.006
skycell,range_cost=3,611,1,0,6,0.023,0.007
skycell,range_cost=3,612,1,1,7,0.021,0.008
skycell,range_cost=3,613,1,0,3,0.015,0.004
skycell,range_cost=3,614,1,1,4,0.015,0.006
skycell,range_cost=3,615,1,0,3,0.019,0.005
skycell,range_cost=3,616,1,1,4,0.015,0.005
skycell,range_cost=3,617,1,0,3,0.015,0.01
skycell,range_cost=3,618,1,1,4,0.015,0.005
skycell,range_cost=3,619,1,0,3,0.014,0.004
skycell,range_cost=3,620,1,1,4,0.015,0.005
skycell,range_cost=3,621,1,0,3,0.015,0.004
skycell,range_cost=3,622,1,1,7,0.022,0.007
skycell,range_cost=3,623,1,0,6,0.021,0.005
skycell,range_cost=3,624,1,1,4,0.015,0.006
skycell,range_cost=3,625,1,0,3,0.014,0.004
skycell,range_cost=3,626,1,1,4,0.016,0.005
skycell,range_cost=3,627,1,0,6,0.021,0.005
skycell,range_cost=3,628,1,1,7,0.021,0.007
skycell,range_cost=3,629,1,0,3,0.015,0.004
skycell,range_cost=3,630,1,1,4,0.015,0.006
skycell,range_cost=3,631,1,0,6,0.021,0.006
skycell,range_cost=3,632,1,1,4,0.016,0.006
skycell,range_cost=3,633,1,0,3,0.015,0.004
skycell,range_cost=3,634,1,1,7,0.021,0.008
skycell,range_cost=3,635,1,0,6,0.021,0.006
skycell,range_cost=3,636,1,1,4,0.015,0.005
skycell,range_cost=3,637,1,1,7,0.022,0.007
skycell,range_cost=3,638,1,1,4,0.015,0.005
skycell,range_cost=3,639,1,0,6,0.021,0.006
skycell,range_cost=3,640,1,1,4,0.015,0.005
skycell,range_cost=3,641,1,0,6,0.021,0.005
skycell,range_cost=3,642,1,1,4,0.015,0.005
skycell,range_cost=3,643,1,0,6,0.021,0.006
skycell,range_cost=3,644,1,1,4,0.015,0.005
skycell,range_cost=3,645,1,0,3,0.015,0.004
skycell,range_cost=3,646,1,1,4,0.015,0.005
skycell,range_cost=3,647,1,0,7,0.021,0.007
skycell,range_cost=3,648,1,1,4,0.016,0.005
skycell,range_cost=3,649,1,0,3,0.014,0.004
skycell,range_cost=3,650,1,1,4,0.014,0.005
skycell,range_cost=3,651,1,0,6,0.021,0.006
skycell,range_cost=3,652,1,1,4,0.014,0.005
skycell,range_cost=3,653,1,0,3,0.015,0.004
skycell,range_cost=3,654,1,1,4,0.015,0.005
skycell,range_cost=3,655,1,0,4,0.015,0.005
skycell,range_cost=3,656,1,1,4,0.014,0.005
skycell,range_cost=3,657,1,0,3,0.015,0.004
skycell,range_cost=3,658,1,11,8,0.021,0.014
skycell,range_cost=3,659,1,0,6,0.021,0.006
skycell,range_cost=3,660,1,1,7,0.021,0.007
skycell,range_cost=3,661,1,0,3,0.015,0.004
skycell,range_cost=3,662,1,1,4,0.016,0.006
skycell,range_cost=3,663,1,0,3,0.015,0.004
skycell,range_cost=3,664,1,1,4,0.015,0.005
skycell,range_cost=3,665,1,0,3,0.015,0.005
skycell,range_cost=3,666,1,1,7,0.022,0.007
skycell,range_cost=3,667,1,0,4,0.015,0.005
skycell,range_cost=3,668,1,1,4,0.015,0.005
skycell,range_cost=3,669,1,0,3,0.014,0.004
skycell,range_cost=3,670,1,1,7,0.022,0.007
skycell,range_cost=3,671,1,0,3,0.015,0.004
skycell,range_cost=3,672,1,2,6,0.015,0.012
skycell,range_cost=3,673,1,0,4,0.015,0.005
skycell,range_cost=3,674,1,1,4,0.015,0.005
skycell,range_cost=3,675,1,0,6,0.022,0.006
skycell,range_cost=3,676,1,1,7,0.022,0.007
skycell,range_cost=3,677,1,0,3,0.015,0.004
skycell,range_cost=3,678,1,1,4,0.015,0.005
skycell,range_cost=3,679,1,0,4,0.016,0.005
skycell,range_cost=3,680,1,1,4,0.015,0.005
skycell,range_cost=3,681,1,0,3,0.015,0.004
skycell,range_cost=3,682,1,1,7,0.021,0.007
skycell,range_cost=3,683,1,0,3,0.015,0.004
skycell,range_cost=3,684,1,1,4,0.015,0.005
skycell,range_cost=3,685,1,0,3,0.015,0.004
skycell,range_cost=3,686,1,1,4,0.015,0.005
skycell,range_cost=3,687,1,0,3,0.015,0.004
skycell,range_cost=3,688,1,11,6,0.015,0.014
skycell,range_cost=3,689,1,0,4,0.015,0.004
skycell,range_cost=3,690,1,1,4,0.015,0.004
skycell,range_cost=3,691,1,0,3,0.015,0.004
skycell,range_cost=3,692,1,1,4,0.015,0.005
skycell,range_cost=3,693,1,0,6,0.021,0.006
skycell,range_cost=3,694,1,1,7,0.021,0.007
skycell,range_cost=3,695,1,0,3,0.015,0.005
skycell,range_cost=3,696,1,1,7,0.022,0.007
skycell,range_cost=3,697,1,0,6,0.027,0.007
skycell,range_cost=3,698,1,1,4,0.016,0.005
skycell,range_cost=3,699,1,0,6,0.021,0.006
skycell,range_cost=3,700,1,1,4,0.021,0.005
skycell,range_cost=3,701,1,0,3,0.015,0.004
skycell,range_cost=3,702,1,2,4,0.015,0.006
skycell,range_cost=3,703,1,0,3,0.015,0.004
skycell,range_cost=3,704,1,1,4,0.015,0.005
skycell,range_cost=3,705,1,0,6,0.021,0.006
skycell,range_cost=3,706,1,1,4,0.015,0.006
skycell,range_cost=3,707,1,0,4,0.015,0.005
skycell,range_cost=3,708,1,1,4,0.015,0.005
skycell,range_cost=3,709,1,0,4,0.015,0.005
skycell,range_cost=3,710,1,1,7,0.024,0.006
skycell,range_cost=3,711,1,0,3,0.015,0.004
skycell,range_cost=3,712,1,1,4,0.015,0.005
skycell,range_cost=3,713,1,0,6,0.021,0.006
skycell,range_cost=3,714,1,1,7,0.021,0.007
skycell,range_cost=3,715,1,0,3,0.015,0.004
skycell,range_cost=3,716,1,1,7,0.021,0.007
skycell,range_cost=3,717,1,0,3,0.015,0.004
skycell,range_cost=3,718,1,1,4,0.015,0.005
skycell,range_cost=3,719,1,0,3,0.015,0.004
skycell,range_cost=3,720,1,1,7,0.021,0.007
skycell,range_cost=3,721,1,0,6,0.021,0.005
skycell,range_cost=3,722,1,1,4,0.015,0.005
skycell,range_cost=3,723,1,0,3,0.015,0.004
skycell,range_cost=3,724,1,1,4,0.015,0.006
skycell,range_cost=3,725,1,0,3,0.015,0.004
skycell,range_cost=3,726,1,1,5,0.015,0.006
skycell,range_cost=3,727,1,0,4,0.015,0.006
skycell,range_cost=3,728,1,1,4,0.015,0.005
skycell,range_cost=3,729,1,0,3,0.015,0.004
skycell,range_cost=3,730,1,1,4,0.015,0.005
skycell,range_cost=3,731,1,0,6,0.021,0.006
skycell,range_cost=3,732,1,1,7,0.021,0.007
skycell,range_cost=3,733,1,0,7,0.021,0.006
skycell,range_cost=3,734,1,1,4,0.015,0.005
skycell,range_cost=3,735,1,0,3,0.015,0.004
skycell,range_cost=3,736,1,1,8,0.021,0.008
skycell,range_cost=3,737,1,0,3,0.015,0.005
skycell,range_cost=3,738,1,1,4,0.015,0.005
skycell,range_cost=3,739,1,0,6,0.021,0.006
skycell,range_cost=3,740,1,1,7,0.02,0.007
skycell,range_cost=3,741,1,0,4,0.016,0.005
skycell,range_cost=3,742,1,1,4,0.015,0.004
skycell,range_cost=3,743,1,0,3,0.015,0.004
skycell,range_cost=3,744,1,1,4,0.014,0.005
skycell,range_cost=3,745,1,0,3,0.015,0.004
skycell,range_cost=3,746,1,1,4,0.014,0.005
skycell,range_cost=3,747,1,0,4,0.015,0.005
skycell,range_cost=3,748,1,1,4,0.015,0.005
skycell,range_cost=3,749,1,0,6,0.022,0.006
skycell,range_cost=3,750,1,1,4,0.015,0.005
skycell,range_cost=3,751,1,0,3,0.016,0.004
skycell,range_cost=3,752,1,1,4,0.015,0.005
skycell,range_cost=3,753,1,0,3,0.016,0.004
skycell,range_cost=3,754,1,1,4,0.02,0.005
skycell,range_cost=3,755,1,0,3,0.015,0.004
skycell,range_cost=3,756,1,2,4,0.016,0.006
skycell,range_cost=3,757,1,0,3,0.015,0.004
skycell,range_cost=3,758,1,1,4,0.015,0.006
skycell,range_cost=3,759,1,0,6,0.021,0.006
skycell,range_cost=3,760,1,1,7,0.021,0.007
skycell,range_cost=3,761,1,0,3,0.017,0.005
skycell,range_cost=3,762,1,1,4,0.015,0.007
skycell,range_cost=3,763,1,0,3,0.015,0.004
skycell,range_cost=3,764,1,1,4,0.014,0.005
skycell,range_cost=3,765,1,0,6,0.021,0.012
skycell,range_cost=3,766,1,1,4,0.016,0.005
skycell,range_cost=3,767,1,0,3,0.015,0.004
skycell,range_cost=3,768,1,1,4,0.015,0.006
skycell,range_cost=3,769,1,0,3,0.015,0.004
skycell,range_cost=3,770,1,3,12,0.021,0.032
skycell,range_cost=3,771,1,0,3,0.015,0.004
skycell,range_cost=3,772,1,1,4,0.014,0.005
skycell,range_cost=3,773,1,0,3,0.015,0.004
skycell,range_cost=3,774,1,1,4,0.015,0.005
skycell,range_cost=3,775,1,0,3,0.016,0.004
skycell,range_cost=3,776,1,1,4,0.015,0.005
skycell,range_cost=3,777,1,0,3,0.014,0.004
skycell,range_cost=3,778,1,1,4,0.015,0.005
skycell,range_cost=3,779,1,0,6,0.021,0.006
skycell,range_cost=3,780,1,1,7,0.021,0.007
skycell,range_cost=3,781,1,0,3,0.018,0.004
skycell,range_cost=3,782,1,1,4,0.015,0.005
skycell,range_cost=3,783,1,0,7,0.025,0.007
skycell,range_cost=3,784,1,1,4,0.015,0.005
skycell,range_cost=3,785,1,0,3,0.015,0.004
skycell,range_cost=3,786,1,1,4,0.015,0.005
skycell,range_cost=3,787,1,0,3,0.015,0.005
skycell,range_cost=3,788,1,1,4,0.015,0.006
skycell,range_cost=3,789,1,0,3,0.015,0.004
skycell,range_cost=3,790,1,1,4,0.015,0.005
skycell,range_cost=3,791,1,0,6,0.022,0.006
skycell,range_cost=3,792,1,1,7,0.026,0.008
skycell,range_cost=3,793,1,0,6,0.021,0.005
skycell,range_cost=3,794,1,1,7,0.02,0.007
skycell,range_cost=3,795,1,0,3,0.015,0.004
skycell,range_cost=3,796,1,1,4,0.016,0.005
skycell,range_cost=3,797,1,0,3,0.015,0.005
skycell,range_cost=3,798,1,1,4,0.018,0.005
skycell,range_cost=3,799,1,0,6,0.021,0.005
skycell,range_cost=3,800,1,1,4,0.014,0.005
skycell,range_cost=3,801,1,0,4,0.014,0.005
skycell,range_cost=3,802,2,2,8,0.021,0.009
skycell,range_cost=3,803,1,0,3,0.015,0.004
skycell,range_cost=3,804,1,1,4,0.019,0.009
skycell,range_cost=3,805,1,0,3,0.015,0.004
skycell,range_cost=3,806,4,2,8,0.024,0.009
skycell,range_cost=3,807,1,0,4,0.015,0.005
skycell,range_cost=3,808,1,3,15,0.032,0.016
skycell,range_cost=3,809,1,0,7,0.02,0.007
skycell,range_cost=3,810,1,1,5,0.015,0.008
skycell,range_cost=3,811,1,1,4,0.015,0.01
skycell,range_cost=3,812,1,1,7,0.023,0.008
skycell,range_cost=3,813,1,0,4,0.015,0.006
skycell,range_cost=3,814,1,1,4,0.014,0.005
skycell,range_cost=3,815,1,0,7,0.021,0.007
skycell,range_cost=3,816,1,2,7,0.023,0.009
skycell,range_cost=3,817,1,0,6,0.02,0.006
skycell,range_cost=3,818,1,1,4,0.015,0.006
skycell,range_cost=3,819,1,0,6,0.02,0.006
skycell,range_cost=3,820,2,4,12,0.028,0.014
skycell,range_cost=3,821,1,0,4,0.014,0.005
skycell,range_cost=3,822,1,199,33,0.026,0.142
skycell,range_cost=3,823,1,0,7,0.021,0.006
skycell,range_cost=3,824,1,2,4,0.014,0.006
skycell,range_cost=3,825,1,0,4,0.016,0.006
skycell,range_cost=3,826,1,1,4,0.014,0.005
skycell,range_cost=3,827,1,0,8,0.021,0.011
skycell,range_cost=3,828,1,1,4,0.016,0.005
skycell,range_cost=3,829,1,1,8,0.022,0.009
skycell,range_cost=3,830,1,2,8,0.024,0.009
skycell,range_cost=3,831,1,1,7,0.02,0.007
skycell,range_cost=3,832,1,1,4,0.015,0.005
skycell,range_cost=3,833,1,0,4,0.015,0.005
skycell,range_cost=3,834,1,1,7,0.021,0.007
skycell,range_cost=3,835,1,0,3,0.015,0.004
skycell,range_cost=3,836,4,8,11,0.03,0.011
skycell,range_cost=3,837,1,0,4,0.015,0.006
skycell,range_cost=3,838,1,1,7,0.023,0.008
skycell,range_cost=3,839,1,0,4,0.015,0.005
skycell,range_cost=3,840,1,2,7,0.022,0.008
skycell,range_cost=3,841,1,0,6,0.021,0.006
skycell,range_cost=3,842,1,1,4,0.015,0.007
skycell,range_cost=3,843,1,0,4,0.015,0.005
skycell,range_cost=3,844,1,1,4,0.015,0.006
skycell,range_cost=3,845,1,0,4,0.015,0.005
skycell,range_cost=3,846,1,1,4,0.015,0.006
skycell,range_cost=3,847,1,0,4,0.014,0.005
skycell,range_cost=3,848,1,1,4,0.015,0.005
skycell,range_cost=3,849,1,0,4,0.014,0.005
skycell,range_cost=3,850,1,1,4,0.014,0.005
skycell,range_cost=3,851,1,0,4,0.02,0.005
skycell,range_cost=3,852,2,2,4,0.018,0.006
skycell,range_cost=3,853,1,0,4,0.014,0.006
skycell,range_cost=3,854,1,2,11,0.029,0.011
skycell,range_cost=3,855,1,0,4,0.015,0.005
skycell,range_cost=3,856,2,3,13,0.033,0.01
skycell,range_cost=3,857,1,0,4,0.015,0.005
skycell,range_cost=3,858,1,8,4,0.014,0.007
skycell,range_cost=3,859,1,0,4,0.015,0.005
skycell,range_cost=3,860,1,1,4,0.015,0.006
skycell,range_cost=3,861,1,0,4,0.014,0.005
skycell,range_cost=3,862,1,3,8,0.021,0.01
skycell,range_cost=3,863,1,0,4,0.015,0.005
skycell,range_cost=3,864,1,359,39,0.021,0.188
skycell,range_cost=3,865,1,0,3,0.014,0.004
skycell,range_cost=3,866,1,2,8,0.022,0.01
skycell,range_cost=3,867,1,0,4,0.015,0.005
skycell,range_cost=3,868,1,2,13,0.031,0.01
skycell,range_cost=3,869,1,0,4,0.015,0.005
skycell,range_cost=3,870,1,1,4,0.014,0.005
skycell,range_cost=3,871,1,0,3,0.014,0.004
skycell,range_cost=3,872,2,3,15,0.034,0.013
skycell,range_cost=3,873,1,0,4,0.014,0.004
skycell,range_cost=3,874,5,5,7,0.022,0.008
skycell,range_cost=3,875,1,0,3,0.014,0.005
skycell,range_cost=3,876,1,3,7,0.021,0.008
skycell,range_cost=3,877,1,0,3,0.015,0.009
skycell,range_cost=3,878,1,1,4,0.014,0.005
skycell,range_cost=3,879,1,0,4,0.015,0.005
skycell,range_cost=3,880,1,1,4,0.015,0.005
skycell,range_cost=3,881,1,0,3,0.014,0.004
skycell,range_cost=3,882,1,1,4,0.015,0.006
skycell,range_cost=3,883,1,0,7,0.02,0.007
skycell,range_cost=3,884,2,3,8,0.022,0.009
skycell,range_cost=3,885,1,1,8,0.02,0.01
skycell,range_cost=3,886,2,4,7,0.022,0.008
skycell,range_cost=3,887,1,0,7,0.021,0.007
skycell,range_cost=3,888,1,1,4,0.014,0.005
skycell,range_cost=3,889,1,0,7,0.021,0.007
skycell,range_cost=3,890,1,2,7,0.02,0.007
skycell,range_cost=3,891,1,3,7,0.022,0.007
skycell,range_cost=3,892,1,1,4,0.015,0.006
skycell,range_cost=3,893,3,3,15,0.034,0.012
skycell,range_cost=3,894,1,2,4,0.014,0.006
skycell,range_cost=3,895,1,0,4,0.015,0.005
skycell,range_cost=3,896,1,1,4,0.014,0.005
skycell,range_cost=3,897,1,0,4,0.014,0.005
skycell,range_cost=3,898,1,2,8,0.02,0.009
skycell,range_cost=3,899,1,0,4,0.015,0.006
skycell,range_cost=3,900,1,1,8,0.02,0.009
skycell,range_cost=3,901,1,0,4,0.015,0.005
skycell,range_cost=3,902,2,3,8,0.022,0.009
skycell,range_cost=3,903,1,0,11,0.029,0.008
skycell,range_cost=3,904,1,2,15,0.037,0.014
skycell,range_cost=3,905,1,0,3,0.014,0.004
skycell,range_cost=3,906,2,4,10,0.029,0.009
skycell,range_cost=3,907,1,1,4,0.015,0.005
skycell,range_cost=3,908,1,3,7,0.021,0.008
skycell,range_cost=3,909,1,0,4,0.015,0.005
skycell,range_cost=3,910,1,5,4,0.018,0.007
skycell,range_cost=3,911,1,0,6,0.021,0.006
skycell,range_cost=3,912,1,1,7,0.02,0.007
skycell,range_cost=3,913,1,0,7,0.02,0.007
skycell,range_cost=3,914,1,1,4,0.015,0.006
skycell,range_cost=3,915,1,0,4,0.016,0.005
skycell,range_cost=3,916,1,1,4,0.015,0.005
skycell,range_cost=3,917,1,0,3,0.015,0.004
skycell,range_cost=3,918,1,1,7,0.021,0.009
skycell,range_cost=3,919,1,0,4,0.015,0.005
skycell,range_cost=3,920,1,1,4,0.024,0.005
skycell,range_cost=3,921,1,0,6,0.021,0.006
skycell,range_cost=3,922,1,1,4,0.014,0.005
skycell,range_cost=3,923,1,0,13,0.031,0.009
skycell,range_cost=3,924,2,4,7,0.023,0.008
skycell,range_cost=3,925,1,0,6,0.021,0.006
skycell,range_cost=3,926,1,2,7,0.021,0.007
skycell,range_cost=3,927,1,0,4,0.014,0.005
skycell,range_cost=3,928,1,48,16,0.02,0.051
skycell,range_cost=3,929,1,0,4,0.015,0.005
skycell,range_cost=3,930,2,4,14,0.032,0.011
skycell,range_cost=3,931,1,0,3,0.014,0.004
skycell,range_cost=3,932,2,2,4,0.017,0.006
skycell,range_cost=3,933,1,2,7,0.02,0.007
skycell,range_cost=3,934,2,2,8,0.022,0.008
skycell,range_cost=3,935,1,0,7,0.022,0.008
skycell,range_cost=3,936,2,5,8,0.021,0.009
skycell,range_cost=3,937,2,2,10,0.034,0.009
skycell,range_cost=3,938,1,1,4,0.015,0.006
skycell,range_cost=3,939,1,0,7,0.021,0.006
skycell,range_cost=3,940,2,2,7,0.022,0.007
skycell,range_cost=3,941,1,0,3,0.014,0.004
skycell,range_cost=3,942,5,4,13,0.035,0.01
skycell,range_cost=3,943,1,0,7,0.02,0.006
skycell,range_cost=3,944,1,1,7,0.021,0.006
skycell,range_cost=3,945,1,0,4,0.015,0.005
skycell,range_cost=3,946,3,4,8,0.026,0.009
skycell,range_cost=3,947,1,0,10,0.026,0.007
skycell,range_cost=3,948,2,2,14,0.035,0.011
skycell,range_cost=3,949,1,0,8,0.021,0.007
skycell,range_cost=3,950,1,1,4,0.014,0.006
skycell,range_cost=3,951,1,0,4,0.015,0.005
skycell,range_cost=3,952,1,1,4,0.015,0.005
skycell,range_cost=3,953,1,0,8,0.021,0.008
skycell,range_cost=3,954,1,1,4,0.016,0.006
skycell,range_cost=3,955,1,0,4,0.015,0.005
skycell,range_cost=3,956,1,1,14,0.032,0.011
skycell,range_cost=3,957,1,0,4,0.015,0.005
skycell,range_cost=3,958,1,1,4,0.015,0.005
skycell,range_cost=3,959,1,0,8,0.021,0.009
skycell,range_cost=3,960,1,1,7,0.021,0.007
skycell,range_cost=3,961,1,0,7,0.026,0.006
skycell,range_cost=3,962,1,2,4,0.017,0.006
skycell,range_cost=3,963,1,0,8,0.021,0.009
skycell,range_cost=3,964,2,3,8,0.023,0.01
skycell,range_cost=3,965,1,0,3,0.015,0.004
skycell,range_cost=3,966,1,1,4,0.015,0.005
skycell,range_cost=3,967,1,0,6,0.021,0.006
skycell,range_cost=3,968,1,2,7,0.022,0.007
skycell,range_cost=3,969,1,0,4,0.015,0.006
skycell,range_cost=3,970,1,18,5,0.014,0.017
skycell,range_cost=3,971,2,2,11,0.028,0.01
skycell,range_cost=3,972,1,2,4,0.015,0.005
skycell,range_cost=3,973,1,0,7,0.021,0.006
skycell,range_cost=3,974,2,3,7,0.023,0.008
skycell,range_cost=3,975,1,0,6,0.021,0.006
skycell,range_cost=3,976,1,3,7,0.021,0.007
skycell,range_cost=3,977,1,1,4,0.015,0.004
skycell,range_cost=3,978,1,1,7,0.025,0.007
skycell,range_cost=3,979,1,0,4,0.015,0.005
skycell,range_cost=3,980,1,1,10,0.027,0.009
skycell,range_cost=3,981,1,0,3,0.014,0.004
skycell,range_cost=3,982,5,7,10,0.028,0.009
skycell,range_cost=3,983,1,0,8,0.021,0.007
skycell,range_cost=3,984,1,2,4,0.017,0.007
skycell,range_cost=3,985,1,0,4,0.015,0.005
skycell,range_cost=3,986,3,5,11,0.03,0.01
skycell,range_cost=3,987,1,0,6,0.02,0.006
skycell,range_cost=3,988,1,1,4,0.016,0.005
skycell,range_cost=3,989,1,0,3,0.014,0.004
skycell,range_cost=3,990,1,6,6,0.015,0.016
skycell,range_cost=3,991,1,0,8,0.021,0.008
skycell,range_cost=3,992,2,1,8,0.024,0.008
skycell,range_cost=3,993,1,0,3,0.015,0.004
skycell,range_cost=3,994,2,1,11,0.037,0.01
skycell,range_cost=3,995,1,0,4,0.015,0.005
skycell,range_cost=3,996,2,5,14,0.033,0.012
skycell,range_cost=3,997,1,0,3,0.015,0.004
skycell,range_cost=3,998,4,5,4,0.016,0.006
skycell,range_cost=3,999,1,0,4,0.015,0.005
skycell,range_cost=3,1000,1,1,4,0.014,0.005
skycell,range_cost=3,1001,1,0,4,0.015,0.005
skycell,range_cost=3,1002,1,1,4,0.015,0.005
skycell,range_cost=3,1003,1,0,7,0.021,0.007
skycell,range_cost=3,1004,1,1,4,0.015,0.005
skycell,range_cost=3,1005,1,0,8,0.026,0.008
skycell,range_cost=3,1006,2,3,7,0.022,0.008
skycell,range_cost=3,1007,1,1,7,0.021,0.007
skycell,range_cost=3,1008,1,2,10,0.027,0.009
skycell,range_cost=3,1009,1,0,4,0.015,0.005
skycell,range_cost=3,1010,1,2,4,0.016,0.006
skycell,range_cost=3,1011,1,0,6,0.02,0.005
skycell,range_cost=3,1012,1,1,4,0.015,0.005
skycell,range_cost=3,1013,1,1,14,0.032,0.015
skycell,range_cost=3,1014,2,2,8,0.021,0.009
skycell,range_cost=3,1015,1,0,4,0.015,0.005
skycell,range_cost=3,1016,1,1,4,0.017,0.006
skycell,range_cost=3,1017,1,0,7,0.021,0.007
skycell,range_cost=3,1018,2,3,7,0.022,0.007
skycell,range_cost=3,1019,1,0,3,0.015,0.004
skycell,range_cost=3,1020,1,1,4,0.014,0.005
skycell,range_cost=3,1021,1,0,7,0.021,0.007
skycell,range_cost=3,1022,1,1,7,0.021,0.007
skycell,range_cost=3,1023,1,0,3,0.015,0.004
skycell,range_cost=3,1024,1,1,4,0.015,0.006
skycell,range_cost=3,1025,1,0,4,0.014,0.005
skycell,range_cost=3,1026,1,1,4,0.015,0.006
skycell,range_cost=3,1027,2,0,13,0.033,0.009
skycell,range_cost=3,1028,1,4,8,0.022,0.009
skycell,range_cost=3,1029,1,0,4,0.015,0.005
skycell,range_cost=3,1030,1,1,4,0.015,0.005
skycell,range_cost=3,1031,1,0,7,0.026,0.007
skycell,range_cost=3,1032,1,1,7,0.02,0.007
skycell,range_cost=3,1033,1,0,4,0.015,0.005
skycell,range_cost=3,1034,1,2,4,0.015,0.005
skycell,range_cost=3,1035,1,0,3,0.015,0.004
skycell,range_cost=3,1036,2,1,4,0.018,0.005
skycell,range_cost=3,1037,1,0,7,0.021,0.006
skycell,range_cost=3,1038,2,1,7,0.021,0.007
skycell,range_cost=3,1039,1,0,7,0.02,0.007
skycell,range_cost=3,1040,2,1,7,0.023,0.008
skycell,range_cost=3,1041,1,0,7,0.021,0.006
skycell,range_cost=3,1042,1,1,10,0.027,0.008
skycell,range_cost=3,1043,1,0,3,0.014,0.004
skycell,range_cost=3,1044,1,1,7,0.021,0.007
skycell,range_cost=3,1045,1,1,7,0.021,0.008
skycell,range_cost=3,1046,1,3,7,0.02,0.007
skycell,range_cost=3,1047,1,0,4,0.015,0.005
skycell,range_cost=3,1048,1,1,7,0.021,0.008
skycell,range_cost=3,1049,1,0,4,0.015,0.006
skycell,range_cost=3,1050,1,3,4,0.014,0.006
skycell,range_cost=3,1051,1,0,4,0.015,0.005
skycell,range_cost=3,1052,1,1,8,0.021,0.008
skycell,range_cost=3,1053,1,0,7,0.02,0.008
skycell,range_cost=3,1054,1,1,7,0.021,0.007
skycell,range_cost=3,1055,1,0,4,0.016,0.005
skycell,range_cost=3,1056,1,1,4,0.015,0.006
skycell,range_cost=3,1057,1,0,4,0.02,0.004
skycell,range_cost=3,1058,1,64,16,0.021,0.053
skycell,range_cost=3,1059,1,0,7,0.021,0.006
skycell,range_cost=3,1060,1,1,8,0.021,0.008
skycell,range_cost=3,1061,1,0,7,0.02,0.007
skycell,range_cost=3,1062,1,1,4,0.015,0.005
skycell,range_cost=3,1063,1,0,4,0.015,0.005
skycell,range_cost=3,1064,4,6,14,0.035,0.011
skycell,range_cost=3,1065,1,2,4,0.016,0.006
skycell,range_cost=3,1066,1,2,5,0.015,0.007
skycell,range_cost=3,1067,1,0,7,0.021,0.008
skycell,range_cost=3,1068,1,2,7,0.022,0.008
skycell,range_cost=3,1069,1,0,4,0.015,0.005
skycell,range_cost=3,1070,2,4,7,0.021,0.008
skycell,range_cost=3,1071,1,0,4,0.015,0.004
skycell,range_cost=3,1072,2,3,14,0.032,0.01
skycell,range_cost=3,1073,1,0,7,0.021,0.006
skycell,range_cost=3,1074,1,1,4,0.014,0.005
skycell,range_cost=3,1075,1,0,4,0.016,0.005
skycell,range_cost=3,1076,1,1,4,0.014,0.005
skycell,range_cost=3,1077,1,0,4,0.015,0.005
skycell,range_cost=3,1078,1,1,13,0.032,0.009
skycell,range_cost=3,1079,1,1,7,0.02,0.007
skycell,range_cost=3,1080,1,2,7,0.023,0.009
skycell,range_cost=3,1081,1,0,4,0.015,0.005
skycell,range_cost=3,1082,1,2,14,0.038,0.01
skycell,range_cost=3,1083,1,0,4,0.015,0.005
skycell,range_cost=3,1084,1,1,4,0.015,0.005
skycell,range_cost=3,1085,1,0,3,0.017,0.005
skycell,range_cost=3,1086,1,2,4,0.016,0.008
skycell,range_cost=3,1087,1,0,10,0.027,0.008
skycell,range_cost=3,1088,1,2,4,0.014,0.005
skycell,range_cost=3,1089,1,0,4,0.015,0.005
skycell,range_cost=3,1090,4,5,13,0.036,0.01
skycell,range_cost=3,1091,1,0,7,0.021,0.007
skycell,range_cost=3,1092,1,2,5,0.016,0.008
skycell,range_cost=3,1093,1,0,6,0.021,0.006
skycell,range_cost=3,1094,2,2,7,0.021,0.007
skycell,range_cost=3,1095,1,0,4,0.014,0.005
skycell,range_cost=3,1096,2,1,10,0.028,0.008
skycell,range_cost=3,1097,1,0,6,0.022,0.007
skycell,range_cost=3,1098,1,1,4,0.016,0.006
skycell,range_cost=3,1099,1,1,4,0.014,0.005
skycell,range_cost=3,1100,5,7,10,0.027,0.01
skycell,range_cost=3,1101,3,1,4,0.017,0.005
skycell,range_cost=3,1102,4,3,14,0.032,0.011
skycell,range_cost=3,1103,6,11,15,0.037,0.013
skycell,range_cost=3,1104,4,2,12,0.028,0.01
skycell,range_cost=3,1105,4,1,7,0.024,0.01
skycell,range_cost=3,1106,52,59,20,0.05,0.027
skycell,range_cost=3,1107,3,3,4,0.016,0.007
skycell,range_cost=3,1108,17,36,11,0.034,0.015
skycell,range_cost=3,1109,3,3,10,0.027,0.008
skycell,range_cost=3,1110,19,27,24,0.054,0.024
skycell,range_cost=3,1111,7,3,13,0.037,0.015
skycell,range_cost=3,1112,3,5,8,0.023,0.012
skycell,range_cost=3,1113,3,2,4,0.017,0.007
skycell,range_cost=3,1114,155,123,61,0.126,0.076
skycell,range_cost=3,1115,3,4,16,0.039,0.013
skycell,range_cost=3,1116,123,137,38,0.087,0.046
skycell,range_cost=3,1117,11,11,13,0.037,0.013
skycell,range_cost=3,1118,130,107,47,0.103,0.049
skycell,range_cost=3,1119,15,14,18,0.044,0.018
skycell,range_cost=3,1120,157,158,43,0.096,0.064
skycell,range_cost=3,1121,7,2,14,0.034,0.014
skycell,range_cost=3,1122,40,21,22,0.052,0.018
skycell,range_cost=3,1123,3,2,4,0.018,0.006
skycell,range_cost=3,1124,4,4,15,0.032,0.016
skycell,range_cost=3,1125,5,3,13,0.035,0.011
skycell,range_cost=3,1126,10,18,11,0.029,0.014
skycell,range_cost=3,1127,3,3,11,0.027,0.011
skycell,range_cost=3,1128,4,6,7,0.023,0.009
skycell,range_cost=3,1129,9,21,12,0.032,0.015
skycell,range_cost=3,1130,5,8,7,0.022,0.008
skycell,range_cost=3,1131,3,2,7,0.022,0.007
skycell,range_cost=3,1132,60,88,29,0.07,0.035
skycell,range_cost=3,1133,24,15,21,0.053,0.024
skycell,range_cost=3,1134,4,1,13,0.027,0.022
skycell,range_cost=3,1135,5,3,10,0.029,0.009
skycell,range_cost=3,1136,19,29,14,0.04,0.015
skycell,range_cost=3,1137,3,0,9,0.021,0.011
skycell,range_cost=3,1138,9,2,13,0.035,0.009
skycell,range_cost=3,1139,3,1,4,0.017,0.006
skycell,range_cost=3,1140,3,6,4,0.017,0.006
skycell,range_cost=3,1141,6,8,10,0.042,0.01
skycell,range_cost=3,1142,3,2,4,0.015,0.005
skycell,range_cost=3,1143,13,4,14,0.035,0.012
skycell,range_cost=3,1144,27,75,18,0.052,0.028
skycell,range_cost=3,1145,4,4,13,0.034,0.009
skycell,range_cost=3,1146,25,22,18,0.051,0.017
skycell,range_cost=3,1147,5,2,7,0.045,0.007
skycell,range_cost=3,1148,3,6,7,0.022,0.008
skycell,range_cost=3,1149,5,9,8,0.023,0.011
skycell,range_cost=3,1150,51,66,23,0.055,0.027
skycell,range_cost=3,1151,3,1,7,0.023,0.015
skycell,range_cost=3,1152,6,34,18,0.036,0.031
skycell,range_cost=3,1153,4,4,14,0.033,0.011
skycell,range_cost=3,1154,28,45,8,0.03,0.014
skycell,range_cost=3,1155,13,3,7,0.031,0.009
skycell,range_cost=3,1156,14,466,37,0.054,0.118
skycell,range_cost=3,1157,8,1,18,0.039,0.018
skycell,range_cost=3,1158,54,49,27,0.063,0.029
skycell,range_cost=3,1159,3,2,8,0.023,0.013
skycell,range_cost=3,1160,48,42,27,0.064,0.032
skycell,range_cost=3,1161,6,4,13,0.068,0.014
skycell,range_cost=3,1162,3,3,7,0.024,0.008
skycell,range_cost=3,1163,3,6,14,0.033,0.015
skycell,range_cost=3,1164,4,3,14,0.033,0.01
skycell,range_cost=3,1165,12,12,11,0.031,0.014
skycell,range_cost=3,1166,16,20,21,0.047,0.02
skycell,range_cost=3,1167,3,4,10,0.027,0.013
skycell,range_cost=3,1168,5,930,34,0.023,0.169
skycell,range_cost=3,1169,32,46,20,0.054,0.026
skycell,range_cost=3,1170,5,5,11,0.029,0.014
skycell,range_cost=3,1171,4,1,10,0.029,0.011
skycell,range_cost=3,1172,7,6,7,0.026,0.008
skycell,range_cost=3,1173,4,3,14,0.033,0.013
skycell,range_cost=3,1174,4,4,13,0.035,0.009
skycell,range_cost=3,1175,3,1,7,0.024,0.008
skycell,range_cost=3,1176,16,16,8,0.027,0.012
skycell,range_cost=3,1177,3,2,10,0.028,0.01
skycell,range_cost=3,1178,9,10,5,0.019,0.008
skycell,range_cost=3,1179,3,4,10,0.026,0.008
skycell,range_cost=3,1180,24,13,10,0.037,0.009
skycell,range_cost=3,1181,4,2,15,0.033,0.011
skycell,range_cost=3,1182,49,52,21,0.054,0.027
skycell,range_cost=3,1183,8,7,14,0.034,0.016
skycell,range_cost=3,1184,3,4,11,0.029,0.014
skycell,range_cost=3,1185,11,1,7,0.027,0.009
skycell,range_cost=3,1186,36,48,20,0.046,0.024
skycell,range_cost=3,1187,3,3,8,0.023,0.01
skycell,range_cost=3,1188,6,3,12,0.032,0.011
skycell,range_cost=3,1189,3,3,10,0.028,0.009
skycell,range_cost=3,1190,5,2,11,0.029,0.012
skycell,range_cost=3,1191,3,1,4,0.017,0.007
skycell,range_cost=3,1192,5,137,15,0.03,0.057
skycell,range_cost=3,1193,3,2,11,0.028,0.01
skycell,range_cost=3,1194,3,3,12,0.028,0.011
skycell,range_cost=3,1195,4,2,15,0.033,0.013
skycell,range_cost=3,1196,8,8,14,0.036,0.011
skycell,range_cost=3,1197,3,1,7,0.024,0.008
skycell,range_cost=3,1198,26,49,26,0.054,0.025
skycell,range_cost=3,1199,3,4,11,0.028,0.015
skycell,range_cost=3,1200,52,55,27,0.065,0.048
skycell,range_cost=3,1201,4,2,14,0.033,0.017
skycell,range_cost=3,1202,7,6,10,0.045,0.013
skycell,range_cost=3,1203,48,48,16,0.045,0.022
skycell,range_cost=3,1204,7,8,8,0.032,0.011
skycell,range_cost=3,1205,3,0,4,0.017,0.006
skycell,range_cost=3,1206,50,63,32,0.067,0.03
skycell,range_cost=3,1207,5,8,14,0.033,0.018
skycell,range_cost=3,1208,4,10,10,0.031,0.011
skycell,range_cost=3,1209,3,2,7,0.027,0.008
skycell,range_cost=3,1210,7,8,4,0.019,0.007
skycell,range_cost=3,1211,4,0,14,0.032,0.011
skycell,range_cost=3,1212,73,72,30,0.075,0.032
skycell,range_cost=3,1213,3,2,8,0.023,0.009
skycell,range_cost=3,1214,26,26,22,0.05,0.029
skycell,range_cost=3,1215,4,1,11,0.032,0.013
skycell,range_cost=3,1216,27,33,18,0.046,0.021
skycell,range_cost=3,1217,3,2,7,0.029,0.012
skycell,range_cost=3,1218,4,4,11,0.03,0.01
skycell,range_cost=3,1219,3,5,7,0.027,0.008
skycell,range_cost=3,1220,45,70,22,0.059,0.026
skycell,range_cost=3,1221,3,0,8,0.023,0.011
skycell,range_cost=3,1222,12,3834,64,0.046,0.361
skycell,range_cost=3,1223,5,1,7,0.023,0.009
skycell,range_cost=3,1224,5,5,12,0.03,0.014
skycell,range_cost=3,1225,18,11,17,0.043,0.017
skycell,range_cost=3,1226,9,3,14,0.036,0.011
skycell,range_cost=3,1227,4,4,8,0.03,0.013
skycell,range_cost=3,1228,5,1616,47,0.035,0.217
skycell,range_cost=3,1229,7,11,12,0.031,0.013
skycell,range_cost=3,1230,3,1,13,0.033,0.009
skycell,range_cost=3,1231,5,1,5,0.018,0.007
skycell,range_cost=3,1232,168,170,45,0.103,0.055
skycell,range_cost=3,1233,4,2,10,0.028,0.01
skycell,range_cost=3,1234,3,3,8,0.023,0.008
skycell,range_cost=3,1235,4,2,10,0.026,0.008
skycell,range_cost=3,1236,31,32,24,0.056,0.022
skycell,range_cost=3,1237,3,2,10,0.031,0.015
skycell,range_cost=3,1238,4,4,12,0.029,0.013
skycell,range_cost=3,1239,3,6,11,0.028,0.012
skycell,range_cost=3,1240,50,40,27,0.072,0.027
skycell,range_cost=3,1241,5,3,8,0.026,0.013
skycell,range_cost=3,1242,20,11,17,0.046,0.02
skycell,range_cost=3,1243,54,51,29,0.065,0.03
skycell,range_cost=3,1244,44,66,27,0.07,0.04
skycell,range_cost=3,1245,3,1,8,0.024,0.016
skycell,range_cost=3,1246,3,3,4,0.018,0.007
skycell,range_cost=3,1247,5,0,11,0.033,0.011
skycell,range_cost=3,1248,136,106,51,0.115,0.056
skycell,range_cost=3,1249,18,11,17,0.043,0.017
skycell,range_cost=3,1250,38,29,19,0.048,0.018
skycell,range_cost=3,1251,3,2,7,0.032,0.011
skycell,range_cost=3,1252,105,79,36,0.085,0.035
skycell,range_cost=3,1253,4,4,16,0.039,0.015
skycell,range_cost=3,1254,127,118,38,0.079,0.041
skycell,range_cost=3,1255,37,47,20,0.047,0.028
skycell,range_cost=3,1256,6,4009,49,0.02,0.37
skycell,range_cost=3,1257,53,74,25,0.058,0.025
skycell,range_cost=3,1258,3,4,11,0.028,0.014
skycell,range_cost=3,1259,3,1,11,0.03,0.017
skycell,range_cost=3,1260,9,5,16,0.036,0.014
skycell,range_cost=3,1261,90,99,35,0.082,0.04
skycell,range_cost=3,1262,136,140,19,0.072,0.038
skycell,range_cost=3,1263,3,2,4,0.016,0.006
skycell,range_cost=3,1264,68,74,19,0.052,0.021
skycell,range_cost=3,1265,3,1,10,0.029,0.009
skycell,range_cost=3,1266,26,21,25,0.06,0.022
skycell,range_cost=3,1267,3,3,5,0.016,0.007
skycell,range_cost=3,1268,4,3,14,0.033,0.015
skycell,range_cost=3,1269,3,3,8,0.02,0.011
skycell,range_cost=3,1270,15,22,17,0.042,0.019
skycell,range_cost=3,1271,12,14,15,0.036,0.016
skycell,range_cost=3,1272,17,19,17,0.045,0.014
skycell,range_cost=3,1273,3,4,4,0.017,0.007
skycell,range_cost=3,1274,9,730,37,0.036,0.133
skycell,range_cost=3,1275,54,61,25,0.059,0.032
skycell,range_cost=3,1276,4,3,10,0.029,0.012
skycell,range_cost=3,1277,4,2,7,0.024,0.01
skycell,range_cost=3,1278,145,139,48,0.114,0.062
skycell,range_cost=3,1279,3,0,7,0.027,0.009
skycell,range_cost=3,1280,132,87,30,0.086,0.036
skycell,range_cost=3,1281,3,3,8,0.023,0.01
skycell,range_cost=3,1282,56,77,28,0.063,0.05
skycell,range_cost=3,1283,5,4,4,0.018,0.007
skycell,range_cost=3,1284,24,47,21,0.046,0.028
skycell,range_cost=3,1285,30,36,14,0.044,0.018
skycell,range_cost=3,1286,4,2,10,0.028,0.01
skycell,range_cost=3,1287,5,7,10,0.032,0.009
skycell,range_cost=3,1288,3,4,10,0.027,0.009
skycell,range_cost=3,1289,3,1,13,0.033,0.01
skycell,range_cost=3,1290,157,175,47,0.103,0.061
skycell,range_cost=3,1291,3,2,8,0.022,0.009
skycell,range_cost=3,1292,80,65,34,0.077,0.033
skycell,range_cost=3,1293,3,4,7,0.024,0.008
skycell,range_cost=3,1294,53,59,21,0.057,0.026
skycell,range_cost=3,1295,5,2,10,0.03,0.013
skycell,range_cost=3,1296,6,5,8,0.025,0.011
skycell,range_cost=3,1297,5,1,10,0.029,0.01
skycell,range_cost=3,1298,5,9,12,0.028,0.015
skycell,range_cost=3,1299,7,3,7,0.03,0.008
skycell,range_cost=3,1300,63,81,22,0.071,0.034
skycell,range_cost=3,1301,112,115,41,0.108,0.046
skycell,range_cost=3,1302,580,528,69,0.168,0.109
skycell,range_cost=3,1303,318,144,60,0.144,0.064
skycell,range_cost=3,1304,694,1562,119,0.213,0.266
skycell,range_cost=3,1305,67,53,22,0.061,0.022
skycell,range_cost=3,1306,1172,1632,120,0.236,0.253
skycell,range_cost=3,1307,145,103,29,0.081,0.038
skycell,range_cost=3,1308,130,85,39,0.093,0.046
skycell,range_cost=3,1309,74,72,26,0.065,0.029
skycell,range_cost=3,1310,92,68,33,0.079,0.035
skycell,range_cost=3,1311,74,63,24,0.065,0.031
skycell,range_cost=3,1312,72,66,29,0.067,0.034
skycell,range_cost=3,1313,96,51,31,0.08,0.041
skycell,range_cost=3,1314,92,69,31,0.079,0.034
skycell,range_cost=3,1315,419,475,69,0.166,0.103
skycell,range_cost=3,1316,759,397,82,0.188,0.102
skycell,range_cost=3,1317,70,71,25,0.064,0.026
skycell,range_cost=3,1318,862,800,88,0.19,0.146
skycell,range_cost=3,1319,66,64,35,0.078,0.035
skycell,range_cost=3,1320,89,73,36,0.08,0.039
skycell,range_cost=3,1321,185,75,41,0.099,0.048
skycell,range_cost=3,1322,135,69,28,0.084,0.029
skycell,range_cost=3,1323,93,77,34,0.081,0.035
skycell,range_cost=3,1324,2197,2294,162,0.35,0.344
skycell,range_cost=3,1325,78,84,27,0.069,0.033
skycell,range_cost=3,1326,573,752,84,0.186,0.125
skycell,range_cost=3,1327,89,72,30,0.079,0.032
skycell,range_cost=3,1328,623,879,80,0.184,0.143
skycell,range_cost=3,1329,91,81,33,0.083,0.035
skycell,range_cost=3,1330,1691,1598,132,0.287,0.236
skycell,range_cost=3,1331,76,61,37,0.078,0.029
skycell,range_cost=3,1332,72,69,33,0.086,0.031
skycell,range_cost=3,1333,75,67,36,0.097,0.032
skycell,range_cost=3,1334,686,736,83,0.241,0.147
skycell,range_cost=3,1335,273,311,51,0.133,0.09
skycell,range_cost=3,1336,660,1019,90,0.221,0.174
skycell,range_cost=3,1337,90,81,25,0.071,0.026
skycell,range_cost=3,1338,875,1099,114,0.264,0.209
skycell,range_cost=3,1339,125,122,25,0.091,0.036
skycell,range_cost=3,1340,681,1284,84,0.196,0.206
skycell,range_cost=3,1341,86,56,41,0.091,0.04
skycell,range_cost=3,1342,89,65,40,0.086,0.039
skycell,range_cost=3,1343,85,61,33,0.092,0.032
skycell,range_cost=3,1344,74,57,38,0.088,0.034
skycell,range_cost=3,1345,77,63,26,0.07,0.025
skycell,range_cost=3,1346,733,553,100,0.217,0.12
skycell,range_cost=3,1347,78,68,25,0.061,0.026
skycell,range_cost=3,1348,100,63,30,0.076,0.026
skycell,range_cost=3,1349,115,216,43,0.094,0.053
skycell,range_cost=3,1350,74,75,29,0.068,0.027
skycell,range_cost=3,1351,104,69,39,0.087,0.033
skycell,range_cost=3,1352,127,157,32,0.082,0.037
skycell,range_cost=3,1353,253,211,51,0.121,0.056
skycell,range_cost=3,1354,112,136,35,0.083,0.035
skycell,range_cost=3,1355,96,47,32,0.074,0.025
skycell,range_cost=3,1356,279,660,61,0.134,0.105
skycell,range_cost=3,1357,67,70,25,0.062,0.023
skycell,range_cost=3,1358,68,66,30,0.072,0.031
skycell,range_cost=3,1359,187,68,51,0.119,0.033
skycell,range_cost=3,1360,593,674,78,0.185,0.124
skycell,range_cost=3,1361,67,67,34,0.073,0.033
skycell,range_cost=3,1362,65,61,13,0.057,0.024
skycell,range_cost=3,1363,82,60,31,0.072,0.026
skycell,range_cost=3,1364,2669,2512,179,0.365,0.374
skycell,range_cost=3,1365,68,65,39,0.083,0.028
skycell,range_cost=3,1366,74,65,36,0.078,0.029
skycell,range_cost=3,1367,96,60,33,0.085,0.024
skycell,range_cost=3,1368,74,60,30,0.066,0.027
skycell,range_cost=3,1369,195,163,57,0.123,0.051
skycell,range_cost=3,1370,3900,4069,247,0.478,0.575
skycell,range_cost=3,1371,77,77,41,0.094,0.03
skycell,range_cost=3,1372,402,601,75,0.162,0.1
skycell,range_cost=3,1373,78,49,35,0.081,0.036
skycell,range_cost=3,1374,90,70,25,0.067,0.027
skycell,range_cost=3,1375,84,73,36,0.087,0.037
skycell,range_cost=3,1376,548,495,75,0.171,0.104
skycell,range_cost=3,1377,74,63,25,0.063,0.023
skycell,range_cost=3,1378,1301,1356,117,0.24,0.213
skycell,range_cost=3,1379,114,79,34,0.085,0.03
skycell,range_cost=3,1380,1287,1572,125,0.252,0.229
skycell,range_cost=3,1381,199,47,47,0.115,0.044
skycell,range_cost=3,1382,75,75,41,0.095,0.036
skycell,range_cost=3,1383,100,65,33,0.085,0.027
skycell,range_cost=3,1384,87,77,32,0.078,0.029
skycell,range_cost=3,1385,1158,1227,125,0.258,0.199
skycell,range_cost=3,1386,1256,1589,114,0.253,0.229
skycell,range_cost=3,1387,65,79,25,0.069,0.027
skycell,range_cost=3,1388,750,898,107,0.23,0.164
skycell,range_cost=3,1389,78,69,32,0.079,0.03
skycell,range_cost=3,1390,499,710,100,0.198,0.136
skycell,range_cost=3,1391,70,77,31,0.073,0.032
skycell,range_cost=3,1392,68,67,24,0.06,0.024
skycell,range_cost=3,1393,68,66,37,0.08,0.029
skycell,range_cost=3,1394,3616,3504,214,0.407,0.497
skycell,range_cost=3,1395,71,64,32,0.073,0.028
skycell,range_cost=3,1396,2929,3600,201,0.401,0.452
skycell,range_cost=3,1397,202,59,39,0.105,0.026
skycell,range_cost=3,1398,3054,2926,210,0.407,0.408
skycell,range_cost=3,1399,139,66,37,0.098,0.029
skycell,range_cost=3,1400,3837,4002,224,0.438,0.494
skycell,range_cost=3,1401,730,297,88,0.217,0.089
skycell,range_cost=3,1402,276,254,56,0.126,0.067
skycell,range_cost=3,1403,314,324,65,0.137,0.076
skycell,range_cost=3,1404,1152,1369,110,0.26,0.225
skycell,range_cost=3,1405,322,265,72,0.163,0.08
skycell,range_cost=3,1406,1141,1108,127,0.291,0.208
skycell,range_cost=3,1407,269,276,63,0.145,0.078
skycell,range_cost=3,1408,4473,4152,260,0.508,0.577
skycell,range_cost=3,1409,284,297,65,0.153,0.068
skycell,range_cost=3,1410,314,306,50,0.121,0.067
skycell,range_cost=3,1411,797,748,105,0.23,0.143
skycell,range_cost=3,1412,297,265,62,0.133,0.078
skycell,range_cost=3,1413,326,280,62,0.148,0.068
skycell,range_cost=3,1414,923,1101,117,0.236,0.184
skycell,range_cost=3,1415,267,251,59,0.133,0.072
skycell,range_cost=3,1416,8853,9129,326,0.593,0.99
skycell,range_cost=3,1417,316,272,54,0.127,0.056
skycell,range_cost=3,1418,4541,5071,262,0.508,0.648
skycell,range_cost=3,1419,332,271,58,0.134,0.067
skycell,range_cost=3,1420,4914,5690,275,0.504,0.695
skycell,range_cost=3,1421,352,233,51,0.127,0.054
skycell,range_cost=3,1422,3997,4433,232,0.407,0.528
skycell,range_cost=3,1423,294,260,61,0.139,0.059
skycell,range_cost=3,1424,1321,3126,161,0.288,0.374
skycell,range_cost=3,1425,2561,3145,178,0.352,0.418
skycell,range_cost=3,1426,540,302,79,0.192,0.078
skycell,range_cost=3,1427,360,255,73,0.154,0.076
skycell,range_cost=3,1428,4281,3905,250,0.487,0.548
skycell,range_cost=3,1429,1209,1284,118,0.261,0.198
skycell,range_cost=3,1430,802,1294,86,0.188,0.173
skycell,range_cost=3,1431,304,289,51,0.125,0.075
skycell,range_cost=3,1432,503,268,60,0.166,0.074
skycell,range_cost=3,1433,1575,901,111,0.248,0.167
skycell,range_cost=3,1434,440,277,71,0.16,0.08
skycell,range_cost=3,1435,1530,1243,127,0.277,0.214
skycell,range_cost=3,1436,503,1021,79,0.151,0.164
skycell,range_cost=3,1437,301,298,55,0.127,0.073
skycell,range_cost=3,1438,399,4191,115,0.159,0.408
skycell,range_cost=3,1439,327,307,59,0.125,0.077
skycell,range_cost=3,1440,282,269,60,0.13,0.074
skycell,range_cost=3,1441,2581,2336,184,0.363,0.354
skycell,range_cost=3,1442,2436,2435,188,0.372,0.37
skycell,range_cost=3,1443,2489,2502,192,0.361,0.375
skycell,range_cost=3,1444,28368,35019,641,0.727,3.43
skycell,range_cost=3,1445,10687,11114,348,0.617,1.184
skycell,range_cost=3,1446,2677,6517,240,0.389,0.679
skycell,range_cost=3,1447,3443,2340,182,0.388,0.33
skycell,range_cost=3,1448,137987,147516,1965,0.814,12.709
skycell,range_cost=3,1449,3771,2525,209,0.462,0.365
skycell,range_cost=3,1450,42180,43516,743,0.765,3.969
skycell,range_cost=3,1451,2820,2330,202,0.463,0.342
skycell,range_cost=3,1452,28901,26649,553,0.695,2.666
skycell,range_cost=3,1453,2539,2324,200,0.394,0.344
skycell,range_cost=3,1454,22869,22109,484,0.672,2.215
skycell,range_cost=3,1455,3419,2386,203,0.407,0.338
skycell,range_cost=3,1456,17732,18819,444,0.657,1.849
skycell,"",1409,295,297,32,0.071,0.07
skycell,"",1410,308,306,24,0.059,0.064
skycell,"",1411,787,748,44,0.078,0.121
skycell,"",1412,281,265,26,0.057,0.065
skycell,"",1413,328,280,38,0.078,0.062
skycell,"",1414,918,1101,68,0.136,0.194
skycell,"",1415,258,251,26,0.058,0.057
skycell,"",1416,8818,9129,223,0.282,0.991
skycell,"",1417,309,272,30,0.068,0.063
skycell,"",1418,4482,5071,140,0.178,0.594
skycell,"",1419,323,271,29,0.063,0.066
skycell,"",1420,4845,5690,135,0.176,0.616
skycell,"",1421,347,233,22,0.059,0.053
skycell,"",1422,3871,4433,140,0.167,0.536
skycell,"",1423,297,260,25,0.051,0.059
skycell,"",1424,1311,3126,94,0.123,0.395
skycell,"",1425,2442,3145,114,0.173,0.449
skycell,"",1426,525,302,34,0.085,0.065
skycell,"",1427,347,255,38,0.075,0.063
skycell,"",1428,4262,3905,127,0.182,0.495
skycell,"",1429,1206,1284,63,0.108,0.217
skycell,"",1430,896,1294,51,0.085,0.181
skycell,"",1431,296,289,24,0.055,0.055
skycell,"",1432,523,268,46,0.096,0.064
skycell,"",1433,1520,901,52,0.09,0.143
skycell,"",1434,416,277,33,0.066,0.062
skycell,"",1435,1512,1243,71,0.132,0.184
skycell,"",1436,490,1021,43,0.062,0.186
skycell,"",1437,290,298,23,0.055,0.058
skycell,"",1438,387,4191,85,0.089,0.402
skycell,"",1439,318,307,30,0.053,0.072
skycell,"",1440,274,269,34,0.07,0.065
skycell,"",1441,2557,2336,88,0.137,0.312
skycell,"",1442,2405,2435,89,0.148,0.324
skycell,"",1443,2460,2502,105,0.16,0.323
skycell,"",1444,28355,35019,605,0.471,3.651
skycell,"",1445,10679,11114,252,0.295,1.216
skycell,"",1446,2642,6517,141,0.158,0.66
skycell,"",1447,3427,2340,94,0.17,0.302
skycell,"",1448,138094,147516,1963,0.684,13.802
skycell,"",1449,3753,2525,97,0.175,0.319
skycell,"",1450,41757,43516,704,0.474,4.195
skycell,"",1451,2874,2330,102,0.193,0.3
skycell,"",1452,28763,26649,530,0.478,2.941
skycell,"",1453,2546,2324,103,0.148,0.309
skycell,"",1454,22462,22109,414,0.367,2.342
skycell,"",1455,3334,2386,110,0.171,0.295
skycell,"",1456,17604,18819,359,0.333,1.88
skycell,range_cost=10,1,1,0,3,0.025,0.011
skycell,range_cost=10,2,1,1,4,0.019,0.009
skycell,range_cost=10,3,1,0,3,0.018,0.007
skycell,range_cost=10,4,1,1,7,0.025,0.012
skycell,range_cost=10,5,1,0,3,0.02,0.006
skycell,range_cost=10,6,1,1,7,0.022,0.011
skycell,range_cost=10,7,1,0,3,0.016,0.006
skycell,range_cost=10,8,1,1,4,0.016,0.007
skycell,range_cost=10,9,1,0,3,0.015,0.005
skycell,range_cost=10,10,1,1,4,0.015,0.007
skycell,range_cost=10,11,1,0,3,0.015,0.005
skycell,range_cost=10,12,1,1,7,0.022,0.008
skycell,range_cost=10,13,1,0,3,0.015,0.006
skycell,range_cost=10,14,1,1,4,0.015,0.006
skycell,range_cost=10,15,1,0,3,0.019,0.005
skycell,range_cost=10,16,1,1,7,0.021,0.008
skycell,range_cost=10,17,1,0,6,0.021,0.007
skycell,range_cost=10,18,1,1,7,0.021,0.007
skycell,range_cost=10,19,1,0,3,0.015,0.006
skycell,range_cost=10,20,1,1,4,0.021,0.008
skycell,range_cost=10,21,1,0,3,0.02,0.006
skycell,range_cost=10,22,1,1,7,0.024,0.011
skycell,range_cost=10,23,1,0,3,0.018,0.007
skycell,range_cost=10,24,1,1,4,0.017,0.006
skycell,range_cost=10,25,1,0,3,0.014,0.005
skycell,range_cost=10,26,1,1,4,0.014,0.007
skycell,range_cost=10,27,1,0,3,0.015,0.005
skycell,range_cost=10,28,1,1,4,0.015,0.006
skycell,range_cost=10,29,1,0,3,0.015,0.005
skycell,range_cost=10,30,1,1,7,0.025,0.011
skycell,range_cost=10,31,1,0,3,0.02,0.007
skycell,range_cost=10,32,1,1,7,0.025,0.008
skycell,range_cost=10,33,1,0,3,0.019,0.005
skycell,range_cost=10,34,1,1,4,0.021,0.009
skycell,range_cost=10,35,1,0,3,0.019,0.005
skycell,range_cost=10,36,1,1,4,0.023,0.008
skycell,range_cost=10,37,1,0,6,0.033,0.013
skycell,range_cost=10,38,1,1,4,0.019,0.007
skycell,range_cost=10,39,1,0,3,0.017,0.005
skycell,range_cost=10,40,1,1,4,0.016,0.007
skycell,range_cost=10,41,1,0,3,0.016,0.006
skycell,range_cost=10,42,1,1,4,0.029,0.008
skycell,range_cost=10,43,1,0,6,0.022,0.007
skycell,range_cost=10,44,1,1,4,0.015,0.007
skycell,range_cost=10,45,1,0,6,0.022,0.007
skycell,range_cost=10,46,1,1,7,0.022,0.008
skycell,range_cost=10,47,1,0,6,0.022,0.006
skycell,range_cost=10,48,1,1,4,0.016,0.006
skycell,range_cost=10,49,1,0,3,0.015,0.005
skycell,range_cost=10,50,1,1,4,0.016,0.006
skycell,range_cost=10,51,1,0,6,0.025,0.007
skycell,range_cost=10,52,1,1,4,0.016,0.007
skycell,range_cost=10,53,1,0,3,0.015,0.006
skycell,range_cost=10,54,1,1,4,0.016,0.007
skycell,range_cost=10,55,1,0,6,0.023,0.007
skycell,range_cost=10,56,1,1,4,0.015,0.006
skycell,range_cost=10,57,1,0,3,0.016,0.006
skycell,range_cost=10,58,1,1,4,0.015,0.008
skycell,range_cost=10,59,1,0,3,0.015,0.007
skycell,range_cost=10,60,1,1,4,0.015,0.008
skycell,range_cost=10,61,1,0,6,0.022,0.006
skycell,range_cost=10,62,1,1,7,0.022,0.009
skycell,range_cost=10,63,1,0,3,0.017,0.005
skycell,range_cost=10,64,1,1,4,0.016,0.007
skycell,range_cost=10,65,1,0,3,0.015,0.005
skycell,range_cost=10,66,1,1,4,0.015,0.007
skycell,range_cost=10,67,1,0,3,0.015,0.005
skycell,range_cost=10,68,1,1,4,0.016,0.007
skycell,range_cost=10,69,1,0,3,0.016,0.007
skycell,range_cost=10,70,1,1,4,0.014,0.006
skycell,range_cost=10,71,1,0,3,0.015,0.006
skycell,range_cost=10,72,1,1,4,0.015,0.008
skycell,range_cost=10,73,1,0,3,0.016,0.005
skycell,range_cost=10,74,1,1,4,0.015,0.006
skycell,range_cost=10,75,1,0,3,0.016,0.004
skycell,range_cost=10,76,1,1,4,0.015,0.007
skycell,range_cost=10,77,1,0,3,0.025,0.004
skycell,range_cost=10,78,1,1,4,0.016,0.007
skycell,range_cost=10,79,1,0,3,0.016,0.004
skycell,range_cost=10,80,1,1,4,0.015,0.006
skycell,range_cost=10,81,1,0,3,0.016,0.004
skycell,range_cost=10,82,1,1,4,0.016,0.005
skycell,range_cost=10,83,1,0,12,0.032,0.008
skycell,range_cost=10,84,1,1,4,0.016,0.006
skycell,range_cost=10,85,1,0,3,0.016,0.005
skycell,range_cost=10,86,1,1,4,0.015,0.005
skycell,range_cost=10,87,1,0,3,0.016,0.006
skycell,range_cost=10,88,1,1,4,0.016,0.006
skycell,range_cost=10,89,1,0,6,0.021,0.006
skycell,range_cost=10,90,1,1,4,0.015,0.006
skycell,range_cost=10,91,1,0,3,0.016,0.004
skycell,range_cost=10,92,1,1,4,0.016,0.007
skycell,range_cost=10,93,1,0,3,0.015,0.005
skycell,range_cost=10,94,1,1,7,0.022,0.009
skycell,range_cost=10,95,1,0,3,0.018,0.005
skycell,range_cost=10,96,1,1,7,0.022,0.009
skycell,range_cost=10,97,1,0,3,0.016,0.005
skycell,range_cost=10,98,1,1,4,0.015,0.006
skycell,range_cost=10,99,1,0,3,0.016,0.004
skycell,range_cost=10,100,1,1,4,0.016,0.005
skycell,range_cost=10,101,1,0,3,0.015,0.004
skycell,range_cost=10,102,1,1,4,0.015,0.006
skycell,range_cost=10,103,1,0,3,0.015,0.006
skycell,range_cost=10,104,1,1,4,0.015,0.007
skycell,range_cost=10,105,1,0,3,0.015,0.005
skycell,range_cost=10,106,1,1,4,0.018,0.006
skycell,range_cost=10,107,1,0,3,0.014,0.005
skycell,range_cost=10,108,1,1,4,0.015,0.007
skycell,range_cost=10,109,1,0,6,0.022,0.006
skycell,range_cost=10,110,1,1,7,0.022,0.009
skycell,range_cost=10,111,1,0,12,0.032,0.008
skycell,range_cost=10,112,1,1,4,0.016,0.005
skycell,range_cost=10,113,1,0,3,0.015,0.006
skycell,range_cost=10,114,1,1,4,0.015,0.006
skycell,range_cost=10,115,1,0,3,0.021,0.004
skycell,range_cost=10,116,1,1,7,0.022,0.008
skycell,range_cost=10,117,1,0,3,0.015,0.004
skycell,range_cost=10,118,1,1,4,0.016,0.006
skycell,range_cost=10,119,1,0,3,0.017,0.005
skycell,range_cost=10,120,1,1,4,0.016,0.006
skycell,range_cost=10,121,1,0,3,0.015,0.005
skycell,range_cost=10,122,1,1,7,0.021,0.008
skycell,range_cost=10,123,1,0,3,0.015,0.004
skycell,range_cost=10,124,1,1,4,0.015,0.005
skycell,range_cost=10,125,1,0,6,0.022,0.006
skycell,range_cost=10,126,1,1,4,0.015,0.007
skycell,range_cost=10,127,1,0,3,0.015,0.005
skycell,range_cost=10,128,1,1,4,0.015,0.006
skycell,range_cost=10,129,1,0,3,0.015,0.005
skycell,range_cost=10,130,1,1,4,0.014,0.006
skycell,range_cost=10,131,1,0,3,0.015,0.004
skycell,range_cost=10,132,1,1,4,0.015,0.005
skycell,range_cost=10,133,1,0,3,0.015,0.004
skycell,range_cost=10,134,1,1,4,0.015,0.006
skycell,range_cost=10,135,1,0,3,0.015,0.004
skycell,range_cost=10,136,1,1,4,0.015,0.006
skycell,range_cost=10,137,1,0,3,0.014,0.004
skycell,range_cost=10,138,1,1,7,0.022,0.008
skycell,range_cost=10,139,1,0,3,0.016,0.005
skycell,range_cost=10,140,1,1,4,0.015,0.006
skycell,range_cost=10,141,1,0,6,0.022,0.006
skycell,range_cost=10,142,1,1,7,0.022,0.008
skycell,range_cost=10,143,1,0,3,0.016,0.005
skycell,range_cost=10,144,1,1,7,0.022,0.007
skycell,range_cost=10,145,1,0,3,0.015,0.004
skycell,range_cost=10,146,1,1,13,0.032,0.009
skycell,range_cost=10,147,1,0,3,0.015,0.005
skycell,range_cost=10,148,1,1,4,0.015,0.007
skycell,range_cost=10,149,1,0,3,0.015,0.004
skycell,range_cost=10,150,1,1,7,0.022,0.009
skycell,range_cost=10,151,1,0,3,0.016,0.005
skycell,range_cost=10,152,1,1,4,0.016,0.006
skycell,range_cost=10,153,1,0,3,0.016,0.005
skycell,range_cost=10,154,1,1,4,0.014,0.006
skycell,range_cost=10,155,1,0,3,0.015,0.005
skycell,range_cost=10,156,1,1,4,0.015,0.007
skycell,range_cost=10,157,1,0,3,0.015,0.004
skycell,range_cost=10,158,1,1,4,0.017,0.006
skycell,range_cost=10,159,1,0,3,0.015,0.005
skycell,range_cost=10,160,1,1,4,0.015,0.005
skycell,range_cost=10,161,1,0,3,0.015,0.004
skycell,range_cost=10,162,1,1,4,0.015,0.006
skycell,range_cost=10,163,1,0,3,0.016,0.004
skycell,range_cost=10,164,1,1,4,0.014,0.006
skycell,range_cost=10,165,1,0,3,0.015,0.005
skycell,range_cost=10,166,1,1,4,0.015,0.006
skycell,range_cost=10,167,1,0,3,0.015,0.005
skycell,range_cost=10,168,1,1,7,0.02,0.008
skycell,range_cost=10,169,1,0,6,0.021,0.012
skycell,range_cost=10,170,1,1,4,0.016,0.005
skycell,range_cost=10,171,1,0,3,0.015,0.005
skycell,range_cost=10,172,1,1,4,0.015,0.006
skycell,range_cost=10,173,1,0,6,0.021,0.006
skycell,range_cost=10,174,1,1,4,0.015,0.006
skycell,range_cost=10,175,1,0,3,0.015,0.004
skycell,range_cost=10,176,1,1,4,0.015,0.006
skycell,range_cost=10,177,1,0,3,0.014,0.005
skycell,range_cost=10,178,1,1,7,0.021,0.008
skycell,range_cost=10,179,1,0,6,0.021,0.006
skycell,range_cost=10,180,1,1,4,0.018,0.008
skycell,range_cost=10,181,1,0,3,0.015,0.005
skycell,range_cost=10,182,1,1,4,0.014,0.006
skycell,range_cost=10,183,1,0,3,0.015,0.005
skycell,range_cost=10,184,1,1,7,0.03,0.008
skycell,range_cost=10,185,1,0,3,0.015,0.004
skycell,range_cost=10,186,1,1,4,0.015,0.007
skycell,range_cost=10,187,1,0,3,0.015,0.005
skycell,range_cost=10,188,1,1,4,0.015,0.007
skycell,range_cost=10,189,1,0,6,0.022,0.006
skycell,range_cost=10,190,1,1,4,0.015,0.006
skycell,range_cost=10,191,1,0,3,0.015,0.005
skycell,range_cost=10,192,1,1,4,0.015,0.006
skycell,range_cost=10,193,1,0,3,0.015,0.005
skycell,range_cost=10,194,1,1,7,0.021,0.008
skycell,range_cost=10,195,1,0,3,0.014,0.005
skycell,range_cost=10,196,1,1,4,0.015,0.007
skycell,range_cost=10,197,1,0,12,0.032,0.009
skycell,range_cost=10,198,1,1,4,0.015,0.005
skycell,range_cost=10,199,1,0,3,0.015,0.004
skycell,range_cost=10,200,1,1,4,0.015,0.006
skycell,range_cost=10,201,1,0,3,0.015,0.005
skycell,range_cost=10,202,1,1,4,0.015,0.006
skycell,range_cost=10,203,1,0,3,0.015,0.004
skycell,range_cost=10,204,1,1,4,0.015,0.006
skycell,range_cost=10,205,1,0,3,0.016,0.005
skycell,range_cost=10,206,1,1,7,0.02,0.007
skycell,range_cost=10,207,1,0,3,0.015,0.005
skycell,range_cost=10,208,1,1,4,0.014,0.006
skycell,range_cost=10,209,1,0,3,0.015,0.004
skycell,range_cost=10,210,1,1,4,0.015,0.005
skycell,range_cost=10,211,1,0,3,0.028,0.006
skycell,range_cost=10,212,1,1,4,0.017,0.006
skycell,range_cost=10,213,1,0,3,0.015,0.004
skycell,range_cost=10,214,1,1,4,0.015,0.006
skycell,range_cost=10,215,1,0,3,0.015,0.005
skycell,range_cost=10,216,1,1,7,0.022,0.008
skycell,range_cost=10,217,1,0,3,0.015,0.005
skycell,range_cost=10,218,1,1,7,0.021,0.008
skycell,range_cost=10,219,1,0,6,0.022,0.006
skycell,range_cost=10,220,1,1,7,0.028,0.009
skycell,range_cost=10,221,1,0,3,0.015,0.004
skycell,range_cost=10,222,1,1,4,0.018,0.007
skycell,range_cost=10,223,1,0,6,0.021,0.007
skycell,range_cost=10,224,1,1,4,0.016,0.006
skycell,range_cost=10,225,1,0,3,0.015,0.005
skycell,range_cost=10,226,1,1,4,0.015,0.006
skycell,range_cost=10,227,1,0,6,0.022,0.006
skycell,range_cost=10,228,1,1,4,0.014,0.007
skycell,range_cost=10,229,1,0,3,0.015,0.004
skycell,range_cost=10,230,1,1,7,0.022,0.008
skycell,range_cost=10,231,1,0,3,0.015,0.006
skycell,range_cost=10,232,1,1,4,0.016,0.007
skycell,range_cost=10,233,1,0,3,0.014,0.006
skycell,range_cost=10,234,1,1,4,0.015,0.007
skycell,range_cost=10,235,1,0,3,0.015,0.005
skycell,range_cost=10,236,1,1,4,0.016,0.006
skycell,range_cost=10,237,1,0,6,0.022,0.007
skycell,range_cost=10,238,1,1,7,0.021,0.008
skycell,range_cost=10,239,1,0,3,0.015,0.004
skycell,range_cost=10,240,1,1,4,0.015,0.008
skycell,range_cost=10,241,1,0,3,0.015,0.005
skycell,range_cost=10,242,1,1,4,0.015,0.006
skycell,range_cost=10,243,1,0,3,0.015,0.006
skycell,range_cost=10,244,1,1,4,0.015,0.006
skycell,range_cost=10,245,1,0,6,0.021,0.006
skycell,range_cost=10,246,1,1,4,0.015,0.007
skycell,range_cost=10,247,1,0,3,0.015,0.007
skycell,range_cost=10,248,1,1,4,0.014,0.006
skycell,range_cost=10,249,1,0,3,0.015,0.005
skycell,range_cost=10,250,1,1,4,0.015,0.007
skycell,range_cost=10,251,1,0,3,0.015,0.005
skycell,range_cost=10,252,1,1,4,0.014,0.006
skycell,range_cost=10,253,1,0,3,0.016,0.004
skycell,range_cost=10,254,1,1,4,0.015,0.006
skycell,range_cost=10,255,1,0,3,0.015,0.004
skycell,range_cost=10,256,1,1,4,0.015,0.006
skycell,range_cost=10,257,1,0,3,0.015,0.004
skycell,range_cost=10,258,1,1,4,0.015,0.005
skycell,range_cost=10,259,1,0,3,0.015,0.004
skycell,range_cost=10,260,1,1,4,0.015,0.006
skycell,range_cost=10,261,1,0,6,0.021,0.006
skycell,range_cost=10,262,1,1,7,0.021,0.008
skycell,range_cost=10,263,1,0,6,0.021,0.006
skycell,range_cost=10,264,1,1,4,0.015,0.005
skycell,range_cost=10,265,1,0,6,0.022,0.006
skycell,range_cost=10,266,1,1,7,0.021,0.007
skycell,range_cost=10,267,1,0,3,0.014,0.004
skycell,range_cost=10,268,1,1,4,0.015,0.006
skycell,range_cost=10,269,1,0,6,0.021,0.006
skycell,range_cost=10,270,1,1,4,0.015,0.005
skycell,range_cost=10,271,1,0,6,0.021,0.006
skycell,range_cost=10,272,1,1,4,0.015,0.007
skycell,range_cost=10,273,1,0,3,0.014,0.004
skycell,range_cost=10,274,1,1,4,0.015,0.005
skycell,range_cost=10,275,1,0,3,0.015,0.005
skycell,range_cost=10,276,1,1,4,0.015,0.005
skycell,range_cost=10,277,1,0,6,0.021,0.006
skycell,range_cost=10,278,1,1,4,0.015,0.006
skycell,range_cost=10,279,1,0,6,0.022,0.006
skycell,range_cost=10,280,1,1,4,0.015,0.007
skycell,range_cost=10,281,1,0,3,0.015,0.005
skycell,range_cost=10,282,1,1,4,0.014,0.007
skycell,range_cost=10,283,1,0,3,0.015,0.005
skycell,range_cost=10,284,1,1,4,0.015,0.006
skycell,range_cost=10,285,1,0,12,0.031,0.008
skycell,range_cost=10,286,1,1,4,0.018,0.007
skycell,range_cost=10,287,1,0,6,0.021,0.008
skycell,range_cost=10,288,1,1,4,0.014,0.006
skycell,range_cost=10,289,1,0,3,0.015,0.004
skycell,range_cost=10,290,1,1,4,0.016,0.005
skycell,range_cost=10,291,1,0,6,0.021,0.006
skycell,range_cost=10,292,1,1,7,0.021,0.007
skycell,range_cost=10,293,1,0,3,0.015,0.004
skycell,range_cost=10,294,1,1,4,0.015,0.006
skycell,range_cost=10,295,1,0,3,0.015,0.005
skycell,range_cost=10,296,1,1,4,0.015,0.006
skycell,range_cost=10,297,1,0,3,0.014,0.004
skycell,range_cost=10,298,1,1,4,0.015,0.005
skycell,range_cost=10,299,1,0,3,0.015,0.005
skycell,range_cost=10,300,1,1,4,0.015,0.005
skycell,range_cost=10,301,1,0,3,0.015,0.005
skycell,range_cost=10,302,1,1,4,0.015,0.005
skycell,range_cost=10,303,1,0,3,0.015,0.004
skycell,range_cost=10,304,1,1,7,0.022,0.007
skycell,range_cost=10,305,1,0,6,0.021,0.006
skycell,range_cost=10,306,1,1,4,0.015,0.005
skycell,range_cost=10,307,1,0,3,0.015,0.004
skycell,range_cost=10,308,1,1,4,0.015,0.006
skycell,range_cost=10,309,1,0,3,0.015,0.005
skycell,range_cost=10,310,1,1,4,0.015,0.006
skycell,range_cost=10,311,1,0,9,0.027,0.008
skycell,range_cost=10,312,1,1,7,0.021,0.007
skycell,range_cost=10,313,1,0,3,0.015,0.004
skycell,range_cost=10,314,1,1,4,0.015,0.006
skycell,range_cost=10,315,1,0,6,0.021,0.006
skycell,range_cost=10,316,1,1,7,0.021,0.009
skycell,range_cost=10,317,1,0,6,0.022,0.006
skycell,range_cost=10,318,1,1,4,0.015,0.007
skycell,range_cost=10,319,1,0,3,0.015,0.006
skycell,range_cost=10,320,1,1,4,0.016,0.006
skycell,range_cost=10,321,1,0,3,0.015,0.005
skycell,range_cost=10,322,1,1,4,0.015,0.007
skycell,range_cost=10,323,1,0,3,0.015,0.005
skycell,range_cost=10,324,1,1,7,0.022,0.01
skycell,range_cost=10,325,1,0,6,0.033,0.006
skycell,range_cost=10,326,1,1,4,0.015,0.006
skycell,range_cost=10,327,1,0,3,0.015,0.004
skycell,range_cost=10,328,1,1,4,0.015,0.006
skycell,range_cost=10,329,1,0,6,0.021,0.005
skycell,range_cost=10,330,1,1,4,0.014,0.007
skycell,range_cost=10,331,1,0,3,0.015,0.005
skycell,range_cost=10,332,1,1,4,0.015,0.007
skycell,range_cost=10,333,1,0,3,0.016,0.005
skycell,range_cost=10,334,1,1,4,0.019,0.007
skycell,range_cost=10,335,1,0,3,0.015,0.004
skycell,range_cost=10,336,1,1,4,0.015,0.005
skycell,range_cost=10,337,1,0,3,0.015,0.004
skycell,range_cost=10,338,1,1,4,0.014,0.006
skycell,range_cost=10,339,1,0,3,0.014,0.004
skycell,range_cost=10,340,1,1,4,0.023,0.005
skycell,range_cost=10,341,1,0,3,0.015,0.004
skycell,range_cost=10,342,1,1,4,0.014,0.006
skycell,range_cost=10,343,1,0,3,0.014,0.005
skycell,range_cost=10,344,1,1,4,0.015,0.007
skycell,range_cost=10,345,1,0,3,0.014,0.003
skycell,range_cost=10,346,1,1,4,0.015,0.005
skycell,range_cost=10,347,1,0,3,0.015,0.007
skycell,range_cost=10,348,1,1,7,0.022,0.007
skycell,range_cost=10,349,1,0,6,0.021,0.006
skycell,range_cost=10,350,1,1,4,0.018,0.006
skycell,range_cost=10,351,1,0,3,0.016,0.006
skycell,range_cost=10,352,1,1,4,0.018,0.008
skycell,range_cost=10,353,1,0,6,0.024,0.007
skycell,range_cost=10,354,1,1,7,0.021,0.008
skycell,range_cost=10,355,1,0,3,0.028,0.006
skycell,range_cost=10,356,1,1,7,0.022,0.007
skycell,range_cost=10,357,1,0,3,0.016,0.005
skycell,range_cost=10,358,1,1,4,0.014,0.005
skycell,range_cost=10,359,1,0,3,0.015,0.005
skycell,range_cost=10,360,1,1,4,0.015,0.007
skycell,range_cost=10,361,1,0,3,0.015,0.004
skycell,range_cost=10,362,1,1,4,0.017,0.006
skycell,range_cost=10,363,1,0,3,0.015,0.004
skycell,range_cost=10,364,1,1,7,0.021,0.008
skycell,range_cost=10,365,1,0,3,0.014,0.005
skycell,range_cost=10,366,1,1,4,0.016,0.006
skycell,range_cost=10,367,1,0,6,0.022,0.007
skycell,range_cost=10,368,1,1,4,0.015,0.006
skycell,range_cost=10,369,1,0,3,0.015,0.004
skycell,range_cost=10,370,1,1,4,0.015,0.005
skycell,range_cost=10,371,1,0,3,0.015,0.004
skycell,range_cost=10,372,1,1,4,0.015,0.006
skycell,range_cost=10,373,1,0,3,0.015,0.004
skycell,range_cost=10,374,1,1,4,0.014,0.006
skycell,range_cost=10,375,1,0,6,0.022,0.007
skycell,range_cost=10,376,1,1,4,0.015,0.006
skycell,range_cost=10,377,1,0,3,0.015,0.004
skycell,range_cost=10,378,1,1,7,0.021,0.007
skycell,range_cost=10,379,1,0,3,0.015,0.004
skycell,range_cost=10,380,1,1,4,0.014,0.006
skycell,range_cost=10,381,1,0,3,0.015,0.004
skycell,range_cost=10,382,1,1,7,0.021,0.007
skycell,range_cost=10,383,1,0,9,0.027,0.007
skycell,range_cost=10,384,1,1,4,0.015,0.006
skycell,range_cost=10,385,1,0,6,0.021,0.006
skycell,range_cost=10,386,1,1,7,0.021,0.008
skycell,range_cost=10,387,1,0,3,0.015,0.004
skycell,range_cost=10,388,1,1,7,0.021,0.007
skycell,range_cost=10,389,1,0,6,0.021,0.006
skycell,range_cost=10,390,1,1,7,0.021,0.007
skycell,range_cost=10,391,1,0,3,0.015,0.006
skycell,range_cost=10,392,1,1,4,0.015,0.006
skycell,range_cost=10,393,1,0,3,0.014,0.004
skycell,range_cost=10,394,1,1,4,0.015,0.006
skycell,range_cost=10,395,1,0,3,0.02,0.005
skycell,range_cost=10,396,1,1,4,0.015,0.005
skycell,range_cost=10,397,1,0,3,0.015,0.004
skycell,range_cost=10,398,1,1,4,0.015,0.005
skycell,range_cost=10,399,1,0,3,0.015,0.005
skycell,range_cost=10,400,1,1,7,0.02,0.008
skycell,range_cost=10,401,1,0,3,0.015,0.004
skycell,range_cost=10,402,1,1,4,0.016,0.006
skycell,range_cost=10,403,1,0,3,0.016,0.004
skycell,range_cost=10,404,1,1,7,0.021,0.009
skycell,range_cost=10,405,1,0,3,0.015,0.004
skycell,range_cost=10,406,1,1,4,0.015,0.01
skycell,range_cost=10,407,1,0,6,0.022,0.006
skycell,range_cost=10,408,1,1,10,0.028,0.009
skycell,range_cost=10,409,1,0,3,0.015,0.005
skycell,range_cost=10,410,1,1,7,0.021,0.008
skycell,range_cost=10,411,1,0,3,0.015,0.004
skycell,range_cost=10,412,1,1,4,0.015,0.005
skycell,range_cost=10,413,1,0,3,0.015,0.005
skycell,range_cost=10,414,1,1,4,0.016,0.006
skycell,range_cost=10,415,1,0,3,0.015,0.004
skycell,range_cost=10,416,1,1,4,0.021,0.006
skycell,range_cost=10,417,1,0,4,0.015,0.006
skycell,range_cost=10,418,1,1,7,0.022,0.007
skycell,range_cost=10,419,1,0,3,0.015,0.005
skycell,range_cost=10,420,1,1,4,0.015,0.005
skycell,range_cost=10,421,1,0,3,0.016,0.005
skycell,range_cost=10,422,1,1,4,0.015,0.006
skycell,range_cost=10,423,1,0,3,0.015,0.004
skycell,range_cost=10,424,1,1,7,0.022,0.008
skycell,range_cost=10,425,1,1,7,0.021,0.008
skycell,range_cost=10,426,1,1,4,0.015,0.006
skycell,range_cost=10,427,1,0,6,0.022,0.006
skycell,range_cost=10,428,1,1,4,0.015,0.006
skycell,range_cost=10,429,1,0,4,0.015,0.005
skycell,range_cost=10,430,1,1,4,0.017,0.007
skycell,range_cost=10,431,1,0,3,0.02,0.006
skycell,range_cost=10,432,1,1,4,0.015,0.006
skycell,range_cost=10,433,1,0,3,0.015,0.004
skycell,range_cost=10,434,1,1,4,0.016,0.006
skycell,range_cost=10,435,1,0,4,0.015,0.005
skycell,range_cost=10,436,1,1,4,0.015,0.006
skycell,range_cost=10,437,1,0,3,0.015,0.004
skycell,range_cost=10,438,1,1,4,0.024,0.005
skycell,range_cost=10,439,1,0,6,0.023,0.007
skycell,range_cost=10,440,1,1,4,0.015,0.006
skycell,range_cost=10,441,1,0,3,0.015,0.004
skycell,range_cost=10,442,1,1,4,0.016,0.005
skycell,range_cost=10,443,1,0,6,0.023,0.007
skycell,range_cost=10,444,1,1,7,0.022,0.007
skycell,range_cost=10,445,1,0,3,0.015,0.005
skycell,range_cost=10,446,1,1,4,0.015,0.006
skycell,range_cost=10,447,1,0,6,0.021,0.007
skycell,range_cost=10,448,1,1,7,0.022,0.008
skycell,range_cost=10,449,1,0,12,0.032,0.008
skycell,range_cost=10,450,1,1,4,0.016,0.007
skycell,range_cost=10,451,1,0,6,0.022,0.007
skycell,range_cost=10,452,1,1,7,0.021,0.009
skycell,range_cost=10,453,1,0,3,0.015,0.004
skycell,range_cost=10,454,1,1,4,0.015,0.005
skycell,range_cost=10,455,1,0,3,0.015,0.004
skycell,range_cost=10,456,1,1,7,0.022,0.007
skycell,range_cost=10,457,1,0,6,0.022,0.006
skycell,range_cost=10,458,1,1,4,0.016,0.007
skycell,range_cost=10,459,1,0,6,0.021,0.005
skycell,range_cost=10,460,1,1,4,0.015,0.006
skycell,range_cost=10,461,1,0,3,0.016,0.005
skycell,range_cost=10,462,1,1,4,0.015,0.006
skycell,range_cost=10,463,1,0,6,0.021,0.006
skycell,range_cost=10,464,1,1,4,0.015,0.006
skycell,range_cost=10,465,1,0,6,0.022,0.006
skycell,range_cost=10,466,1,1,4,0.016,0.006
skycell,range_cost=10,467,1,0,6,0.021,0.006
skycell,range_cost=10,468,1,2,4,0.015,0.006
skycell,range_cost=10,469,1,0,3,0.015,0.005
skycell,range_cost=10,470,1,1,7,0.021,0.007
skycell,range_cost=10,471,1,0,3,0.015,0.004
skycell,range_cost=10,472,1,1,4,0.015,0.005
skycell,range_cost=10,473,1,0,3,0.015,0.003
skycell,range_cost=10,474,1,1,4,0.015,0.005
skycell,range_cost=10,475,1,0,3,0.015,0.004
skycell,range_cost=10,476,1,1,4,0.015,0.006
skycell,range_cost=10,477,1,0,3,0.015,0.004
skycell,range_cost=10,478,1,1,4,0.015,0.006
skycell,range_cost=10,479,1,0,3,0.015,0.005
skycell,range_cost=10,480,1,1,4,0.016,0.005
skycell,range_cost=10,481,1,0,7,0.021,0.007
skycell,range_cost=10,482,1,1,4,0.015,0.006
skycell,range_cost=10,483,1,0,6,0.021,0.006
skycell,range_cost=10,484,1,1,4,0.016,0.006
skycell,range_cost=10,485,1,0,3,0.015,0.004
skycell,range_cost=10,486,1,1,4,0.02,0.005
skycell,range_cost=10,487,1,0,3,0.015,0.004
skycell,range_cost=10,488,1,1,4,0.015,0.005
skycell,range_cost=10,489,1,0,6,0.021,0.006
skycell,range_cost=10,490,1,1,4,0.015,0.005
skycell,range_cost=10,491,1,0,4,0.015,0.005
skycell,range_cost=10,492,1,1,4,0.015,0.005
skycell,range_cost=10,493,1,0,3,0.015,0.004
skycell,range_cost=10,494,1,1,4,0.015,0.005
skycell,range_cost=10,495,1,0,3,0.015,0.004
skycell,range_cost=10,496,1,1,7,0.021,0.008
skycell,range_cost=10,497,1,0,3,0.015,0.004
skycell,range_cost=10,498,1,1,4,0.016,0.005
skycell,range_cost=10,499,1,0,3,0.016,0.005
skycell,range_cost=10,500,1,1,7,0.022,0.008
skycell,range_cost=10,501,1,0,3,0.015,0.005
skycell,range_cost=10,502,1,1,4,0.015,0.006
skycell,range_cost=10,503,1,0,3,0.015,0.004
skycell,range_cost=10,504,1,1,7,0.021,0.007
skycell,range_cost=10,505,1,0,3,0.015,0.004
skycell,range_cost=10,506,1,2,8,0.021,0.01
skycell,range_cost=10,507,1,0,3,0.015,0.004
skycell,range_cost=10,508,1,1,4,0.015,0.006
skycell,range_cost=10,509,1,0,3,0.016,0.004
skycell,range_cost=10,510,1,1,4,0.015,0.006
skycell,range_cost=10,511,1,0,3,0.015,0.005
skycell,range_cost=10,512,1,1,4,0.015,0.005
skycell,range_cost=10,513,1,0,6,0.021,0.006
skycell,range_cost=10,514,1,1,4,0.015,0.005
skycell,range_cost=10,515,1,0,6,0.021,0.006
skycell,range_cost=10,516,1,1,4,0.015,0.005
skycell,range_cost=10,517,1,0,3,0.016,0.004
skycell,range_cost=10,518,1,1,4,0.015,0.006
skycell,range_cost=10,519,1,0,3,0.015,0.004
skycell,range_cost=10,520,1,1,4,0.015,0.005
skycell,range_cost=10,521,1,0,3,0.016,0.004
skycell,range_cost=10,522,1,1,4,0.014,0.005
skycell,range_cost=10,523,1,0,6,0.022,0.006
skycell,range_cost=10,524,1,1,4,0.015,0.006
skycell,range_cost=10,525,1,0,4,0.015,0.006
skycell,range_cost=10,526,1,1,4,0.015,0.005
skycell,range_cost=10,527,1,0,3,0.015,0.004
skycell,range_cost=10,528,1,1,4,0.015,0.005
skycell,range_cost=10,529,1,0,3,0.015,0.004
skycell,range_cost=10,530,1,1,4,0.015,0.006
skycell,range_cost=10,531,1,0,3,0.015,0.004
skycell,range_cost=10,532,1,1,4,0.015,0.005
skycell,range_cost=10,533,1,0,3,0.015,0.004
skycell,range_cost=10,534,1,1,7,0.022,0.007
skycell,range_cost=10,535,1,0,4,0.015,0.006
skycell,range_cost=10,536,1,1,4,0.015,0.005
skycell,range_cost=10,537,1,0,3,0.015,0.004
skycell,range_cost=10,538,1,1,4,0.015,0.005
skycell,range_cost=10,539,1,0,3,0.015,0.004
skycell,range_cost=10,540,1,1,4,0.015,0.005
skycell,range_cost=10,541,1,0,6,0.024,0.007
skycell,range_cost=10,542,1,1,4,0.015,0.006
skycell,range_cost=10,543,1,0,3,0.015,0.005
skycell,range_cost=10,544,1,1,4,0.015,0.006
skycell,range_cost=10,545,1,0,3,0.016,0.004
skycell,range_cost=10,546,1,1,4,0.015,0.006
skycell,range_cost=10,547,1,0,3,0.015,0.004
skycell,range_cost=10,548,1,1,5,0.015,0.007
skycell,range_cost=10,549,1,0,3,0.015,0.004
skycell,range_cost=10,550,1,1,4,0.015,0.006
skycell,range_cost=10,551,1,0,3,0.015,0.004
skycell,range_cost=10,552,1,1,7,0.031,0.007
skycell,range_cost=10,553,1,0,7,0.021,0.007
skycell,range_cost=10,554,1,1,4,0.017,0.005
skycell,range_cost=10,555,1,0,3,0.015,0.004
skycell,range_cost=10,556,1,1,4,0.015,0.005
skycell,range_cost=10,557,1,0,3,0.015,0.004
skycell,range_cost=10,558,1,1,4,0.015,0.006
skycell,range_cost=10,559,1,0,6,0.021,0.006
skycell,range_cost=10,560,1,1,4,0.015,0.006
skycell,range_cost=10,561,1,0,6,0.022,0.006
skycell,range_cost=10,562,1,1,5,0.015,0.007
skycell,range_cost=10,563,1,0,6,0.021,0.006
skycell,range_cost=10,564,1,1,4,0.016,0.006
skycell,range_cost=10,565,1,0,3,0.015,0.005
skycell,range_cost=10,566,1,1,4,0.015,0.005
skycell,range_cost=10,567,1,0,3,0.016,0.005
skycell,range_cost=10,568,1,1,4,0.015,0.004
skycell,range_cost=10,569,1,0,6,0.021,0.006
skycell,range_cost=10,570,1,1,4,0.015,0.007
skycell,range_cost=10,571,1,0,3,0.015,0.004
skycell,range_cost=10,572,1,13,7,0.016,0.02
skycell,range_cost=10,573,1,0,3,0.016,0.005
skycell,range_cost=10,574,1,1,7,0.022,0.007
skycell,range_cost=10,575,1,0,3,0.015,0.004
skycell,range_cost=10,576,1,1,4,0.015,0.005
skycell,range_cost=10,577,1,0,4,0.015,0.005
skycell,range_cost=10,578,1,2,5,0.015,0.008
skycell,range_cost=10,579,1,0,3,0.016,0.005
skycell,range_cost=10,580,1,1,4,0.015,0.006
skycell,range_cost=10,581,1,0,6,0.021,0.006
skycell,range_cost=10,582,1,1,8,0.021,0.009
skycell,range_cost=10,583,1,0,6,0.021,0.006
skycell,range_cost=10,584,1,1,4,0.02,0.006
skycell,range_cost=10,585,1,0,3,0.015,0.004
skycell,range_cost=10,586,1,1,4,0.015,0.006
skycell,range_cost=10,587,1,0,3,0.015,0.004
skycell,range_cost=10,588,1,1,4,0.015,0.005
skycell,range_cost=10,589,1,0,3,0.015,0.004
skycell,range_cost=10,590,1,1,4,0.015,0.005
skycell,range_cost=10,591,1,0,3,0.015,0.004
skycell,range_cost=10,592,1,1,4,0.016,0.005
skycell,range_cost=10,593,1,0,3,0.015,0.004
skycell,range_cost=10,594,1,1,4,0.015,0.005
skycell,range_cost=10,595,1,0,3,0.015,0.004
skycell,range_cost=10,596,1,1,4,0.015,0.006
skycell,range_cost=10,597,1,0,6,0.026,0.007
skycell,range_cost=10,598,1,1,4,0.015,0.006
skycell,range_cost=10,599,1,0,3,0.016,0.004
skycell,range_cost=10,600,1,1,4,0.016,0.005
skycell,range_cost=10,601,1,0,3,0.016,0.004
skycell,range_cost=10,602,1,1,4,0.015,0.005
skycell,range_cost=10,603,1,0,4,0.015,0.006
skycell,range_cost=10,604,1,2,10,0.028,0.009
skycell,range_cost=10,605,1,0,3,0.018,0.005
skycell,range_cost=10,606,1,18,9,0.015,0.042
skycell,range_cost=10,607,1,0,6,0.028,0.006
skycell,range_cost=10,608,1,1,7,0.021,0.007
skycell,range_cost=10,609,1,0,3,0.015,0.005
skycell,range_cost=10,610,1,1,4,0.015,0.006
skycell,range_cost=10,611,1,0,6,0.022,0.006
skycell,range_cost=10,612,1,1,7,0.022,0.008
skycell,range_cost=10,613,1,0,3,0.015,0.004
skycell,range_cost=10,614,1,1,4,0.016,0.006
skycell,range_cost=10,615,1,0,3,0.015,0.004
skycell,range_cost=10,616,1,1,4,0.015,0.005
skycell,range_cost=10,617,1,0,3,0.015,0.004
skycell,range_cost=10,618,1,1,4,0.015,0.006
skycell,range_cost=10,619,1,0,3,0.015,0.004
skycell,range_cost=10,620,1,1,4,0.015,0.006
skycell,range_cost=10,621,1,0,3,0.015,0.004
skycell,range_cost=10,622,1,1,7,0.022,0.007
skycell,range_cost=10,623,1,0,6,0.022,0.006
skycell,range_cost=10,624,1,1,4,0.015,0.006
skycell,range_cost=10,625,1,0,3,0.015,0.004
skycell,range_cost=10,626,1,1,4,0.016,0.005
skycell,range_cost=10,627,1,0,6,0.021,0.005
skycell,range_cost=10,628,1,1,4,0.015,0.006
skycell,range_cost=10,629,1,0,3,0.015,0.004
skycell,range_cost=10,630,1,1,4,0.015,0.006
skycell,range_cost=10,631,1,0,6,0.022,0.006
skycell,range_cost=10,632,1,1,4,0.016,0.012
skycell,range_cost=10,633,1,0,3,0.015,0.004
skycell,range_cost=10,634,1,1,7,0.022,0.007
skycell,range_cost=10,635,1,0,6,0.021,0.006
skycell,range_cost=10,636,1,1,4,0.015,0.005
skycell,range_cost=10,637,1,1,7,0.022,0.007
skycell,range_cost=10,638,1,1,4,0.015,0.005
skycell,range_cost=10,639,1,0,6,0.022,0.006
skycell,range_cost=10,640,1,1,4,0.015,0.006
skycell,range_cost=10,641,1,0,6,0.022,0.006
skycell,range_cost=10,642,1,1,4,0.015,0.006
skycell,range_cost=10,643,1,0,6,0.021,0.005
skycell,range_cost=10,644,1,1,4,0.015,0.006
skycell,range_cost=10,645,1,0,3,0.015,0.004
skycell,range_cost=10,646,1,1,4,0.015,0.005
skycell,range_cost=10,647,1,0,7,0.021,0.007
skycell,range_cost=10,648,1,1,4,0.016,0.006
skycell,range_cost=10,649,1,0,3,0.014,0.004
skycell,range_cost=10,650,1,1,4,0.014,0.005
skycell,range_cost=10,651,1,0,6,0.021,0.006
skycell,range_cost=10,652,1,1,4,0.015,0.005
skycell,range_cost=10,653,1,0,3,0.015,0.004
skycell,range_cost=10,654,1,1,4,0.015,0.005
skycell,range_cost=10,655,1,0,4,0.015,0.005
skycell,range_cost=10,656,1,1,4,0.015,0.005
skycell,range_cost=10,657,1,0,3,0.015,0.004
skycell,range_cost=10,658,1,11,8,0.022,0.016
skycell,range_cost=10,659,1,0,6,0.021,0.006
skycell,range_cost=10,660,1,1,7,0.022,0.008
skycell,range_cost=10,661,1,0,3,0.015,0.004
skycell,range_cost=10,662,1,1,4,0.016,0.006
skycell,range_cost=10,663,1,0,3,0.015,0.004
skycell,range_cost=10,664,1,1,4,0.015,0.005
skycell,range_cost=10,665,1,0,3,0.015,0.004
skycell,range_cost=10,666,1,1,7,0.022,0.008
skycell,range_cost=10,667,1,0,4,0.016,0.005
skycell,range_cost=10,668,1,1,4,0.015,0.005
skycell,range_cost=10,669,1,0,3,0.017,0.005
skycell,range_cost=10,670,1,1,7,0.022,0.008
skycell,range_cost=10,671,1,0,3,0.015,0.004
skycell,range_cost=10,672,1,2,6,0.015,0.013
skycell,range_cost=10,673,1,0,4,0.016,0.005
skycell,range_cost=10,674,1,1,4,0.015,0.006
skycell,range_cost=10,675,1,0,6,0.022,0.006
skycell,range_cost=10,676,1,1,7,0.022,0.008
skycell,range_cost=10,677,1,0,3,0.015,0.004
skycell,range_cost=10,678,1,1,4,0.015,0.006
skycell,range_cost=10,679,1,0,4,0.02,0.005
skycell,range_cost=10,680,1,1,4,0.016,0.005
skycell,range_cost=10,681,1,0,3,0.015,0.005
skycell,range_cost=10,682,1,1,7,0.022,0.007
skycell,range_cost=10,683,1,0,3,0.015,0.005
skycell,range_cost=10,684,1,1,4,0.015,0.006
skycell,range_cost=10,685,1,0,3,0.015,0.004
skycell,range_cost=10,686,1,1,4,0.017,0.006
skycell,range_cost=10,687,1,0,3,0.015,0.004
skycell,range_cost=10,688,1,11,6,0.015,0.016
skycell,range_cost=10,689,1,0,4,0.015,0.005
skycell,range_cost=10,690,1,1,4,0.015,0.004
skycell,range_cost=10,691,1,0,3,0.015,0.004
skycell,range_cost=10,692,1,1,4,0.015,0.006
skycell,range_cost=10,693,1,0,6,0.021,0.006
skycell,range_cost=10,694,1,1,7,0.022,0.007
skycell,range_cost=10,695,1,0,3,0.015,0.004
skycell,range_cost=10,696,1,1,7,0.022,0.007
skycell,range_cost=10,697,1,0,6,0.022,0.006
skycell,range_cost=10,698,1,1,4,0.016,0.005
skycell,range_cost=10,699,1,0,6,0.021,0.006
skycell,range_cost=10,700,1,1,4,0.015,0.005
skycell,range_cost=10,701,1,0,3,0.016,0.005
skycell,range_cost=10,702,1,2,4,0.015,0.006
skycell,range_cost=10,703,1,0,3,0.015,0.004
skycell,range_cost=10,704,1,1,4,0.015,0.005
skycell,range_cost=10,705,1,0,6,0.021,0.006
skycell,range_cost=10,706,1,1,4,0.016,0.006
skycell,range_cost=10,707,1,0,4,0.015,0.005
skycell,range_cost=10,708,1,1,4,0.015,0.006
skycell,range_cost=10,709,1,0,4,0.015,0.005
skycell,range_cost=10,710,1,1,7,0.022,0.007
skycell,range_cost=10,711,1,0,3,0.016,0.004
skycell,range_cost=10,712,1,1,4,0.015,0.005
skycell,range_cost=10,713,1,0,6,0.021,0.006
skycell,range_cost=10,714,1,1,7,0.022,0.007
skycell,range_cost=10,715,1,0,3,0.015,0.004
skycell,range_cost=10,716,1,1,7,0.021,0.007
skycell,range_cost=10,717,1,0,3,0.016,0.004
skycell,range_cost=10,718,1,1,4,0.015,0.009
skycell,range_cost=10,719,1,0,3,0.015,0.004
skycell,range_cost=10,720,1,1,7,0.021,0.007
skycell,range_cost=10,721,1,0,6,0.021,0.005
skycell,range_cost=10,722,1,1,4,0.015,0.005
skycell,range_cost=10,723,1,0,3,0.015,0.004
skycell,range_cost=10,724,1,1,4,0.015,0.005
skycell,range_cost=10,725,1,0,3,0.016,0.004
skycell,range_cost=10,726,1,1,5,0.016,0.005
skycell,range_cost=10,727,1,0,4,0.015,0.006
skycell,range_cost=10,728,1,1,4,0.015,0.006
skycell,range_cost=10,729,1,0,3,0.02,0.004
skycell,range_cost=10,730,1,1,4,0.015,0.005
skycell,range_cost=10,731,1,0,6,0.021,0.006
skycell,range_cost=10,732,1,1,7,0.022,0.007
skycell,range_cost=10,733,1,0,7,0.024,0.008
skycell,range_cost=10,734,1,1,4,0.015,0.006
skycell,range_cost=10,735,1,0,3,0.015,0.004
skycell,range_cost=10,736,1,1,8,0.021,0.008
skycell,range_cost=10,737,1,0,3,0.015,0.005
skycell,range_cost=10,738,1,1,4,0.015,0.005
skycell,range_cost=10,739,1,0,6,0.021,0.006
skycell,range_cost=10,740,1,1,7,0.021,0.007
skycell,range_cost=10,741,1,0,4,0.016,0.006
skycell,range_cost=10,742,1,1,4,0.015,0.005
skycell,range_cost=10,743,1,0,3,0.015,0.005
skycell,range_cost=10,744,1,1,4,0.015,0.006
skycell,range_cost=10,745,1,0,3,0.015,0.004
skycell,range_cost=10,746,1,1,4,0.015,0.006
skycell,range_cost=10,747,1,0,4,0.015,0.005
skycell,range_cost=10,748,1,1,4,0.015,0.005
skycell,range_cost=10,749,1,0,6,0.022,0.007
skycell,range_cost=10,750,1,1,4,0.015,0.006
skycell,range_cost=10,751,1,0,3,0.017,0.005
skycell,range_cost=10,752,1,1,4,0.017,0.006
skycell,range_cost=10,753,1,0,3,0.016,0.004
skycell,range_cost=10,754,1,1,4,0.015,0.005
skycell,range_cost=10,755,1,0,3,0.015,0.005
skycell,range_cost=10,756,1,2,4,0.016,0.006
skycell,range_cost=10,757,1,0,3,0.015,0.005
skycell,range_cost=10,758,1,1,4,0.015,0.006
skycell,range_cost=10,759,1,0,6,0.021,0.006
skycell,range_cost=10,760,1,1,7,0.021,0.007
skycell,range_cost=10,761,1,0,3,0.015,0.004
skycell,range_cost=10,762,1,1,4,0.015,0.007
skycell,range_cost=10,763,1,0,3,0.015,0.005
skycell,range_cost=10,764,1,1,4,0.015,0.006
skycell,range_cost=10,765,1,0,6,0.022,0.006
skycell,range_cost=10,766,1,1,4,0.016,0.006
skycell,range_cost=10,767,1,0,3,0.017,0.005
skycell,range_cost=10,768,1,1,4,0.015,0.006
skycell,range_cost=10,769,1,0,3,0.015,0.004
skycell,range_cost=10,770,1,3,12,0.022,0.032
skycell,range_cost=10,771,1,0,3,0.015,0.005
skycell,range_cost=10,772,1,1,4,0.015,0.006
skycell,range_cost=10,773,1,0,3,0.015,0.004
skycell,range_cost=10,774,1,1,4,0.015,0.006
skycell,range_cost=10,775,1,0,3,0.016,0.005
skycell,range_cost=10,776,1,1,4,0.015,0.006
skycell,range_cost=10,777,1,0,3,0.015,0.004
skycell,range_cost=10,778,1,1,4,0.015,0.006
skycell,range_cost=10,779,1,0,6,0.022,0.006
skycell,range_cost=10,780,1,1,7,0.021,0.008
skycell,range_cost=10,781,1,0,3,0.015,0.004
skycell,range_cost=10,782,1,1,4,0.016,0.005
skycell,range_cost=10,783,1,0,7,0.022,0.007
skycell,range_cost=10,784,1,1,4,0.015,0.006
skycell,range_cost=10,785,1,0,3,0.015,0.004
skycell,range_cost=10,786,1,1,4,0.015,0.006
skycell,range_cost=10,787,1,0,3,0.015,0.004
skycell,range_cost=10,788,1,1,4,0.015,0.006
skycell,range_cost=10,789,1,0,3,0.015,0.004
skycell,range_cost=10,790,1,1,4,0.015,0.005
skycell,range_cost=10,791,1,0,6,0.022,0.006
skycell,range_cost=10,792,1,1,7,0.023,0.012
skycell,range_cost=10,793,1,0,6,0.022,0.005
skycell,range_cost=10,794,1,1,7,0.021,0.007
skycell,range_cost=10,795,1,0,3,0.015,0.004
skycell,range_cost=10,796,1,1,4,0.016,0.005
skycell,range_cost=10,797,1,0,3,0.018,0.005
skycell,range_cost=10,798,1,1,4,0.015,0.004
skycell,range_cost=10,799,1,0,6,0.022,0.006
skycell,range_cost=10,800,1,1,4,0.014,0.005
skycell,range_cost=10,801,1,0,4,0.014,0.005
skycell,range_cost=10,802,2,2,8,0.021,0.01
skycell,range_cost=10,803,1,0,3,0.016,0.005
skycell,range_cost=10,804,1,1,4,0.016,0.008
skycell,range_cost=10,805,1,0,3,0.015,0.004
skycell,range_cost=10,806,4,2,8,0.022,0.01
skycell,range_cost=10,807,1,0,4,0.015,0.006
skycell,range_cost=10,808,1,3,15,0.032,0.015
skycell,range_cost=10,809,1,0,7,0.021,0.008
skycell,range_cost=10,810,1,1,5,0.02,0.01
skycell,range_cost=10,811,1,1,4,0.015,0.006
skycell,range_cost=10,812,1,1,7,0.021,0.008
skycell,range_cost=10,813,1,0,4,0.015,0.006
skycell,range_cost=10,814,1,1,4,0.015,0.005
skycell,range_cost=10,815,1,0,7,0.021,0.007
skycell,range_cost=10,816,1,2,7,0.022,0.009
skycell,range_cost=10,817,1,0,6,0.02,0.006
skycell,range_cost=10,818,1,1,4,0.015,0.006
skycell,range_cost=10,819,1,0,4,0.02,0.006
skycell,range_cost=10,820,2,4,12,0.028,0.015
skycell,range_cost=10,821,1,0,4,0.015,0.006
skycell,range_cost=10,822,1,199,36,0.022,0.169
skycell,range_cost=10,823,1,0,7,0.021,0.007
skycell,range_cost=10,824,1,2,4,0.014,0.007
skycell,range_cost=10,825,1,0,4,0.014,0.005
skycell,range_cost=10,826,1,1,4,0.014,0.005
skycell,range_cost=10,827,1,0,8,0.021,0.011
skycell,range_cost=10,828,1,1,4,0.017,0.006
skycell,range_cost=10,829,1,1,8,0.022,0.011
skycell,range_cost=10,830,1,2,8,0.023,0.01
skycell,range_cost=10,831,1,1,4,0.014,0.005
skycell,range_cost=10,832,1,1,4,0.015,0.005
skycell,range_cost=10,833,1,0,4,0.015,0.005
skycell,range_cost=10,834,1,1,4,0.015,0.006
skycell,range_cost=10,835,1,0,3,0.015,0.004
skycell,range_cost=10,836,3,8,8,0.023,0.013
skycell,range_cost=10,837,1,0,4,0.015,0.005
skycell,range_cost=10,838,1,1,7,0.022,0.008
skycell,range_cost=10,839,1,0,4,0.015,0.005
skycell,range_cost=10,840,1,2,7,0.022,0.008
skycell,range_cost=10,841,1,0,6,0.021,0.006
skycell,range_cost=10,842,1,1,4,0.015,0.007
skycell,range_cost=10,843,1,0,4,0.016,0.005
skycell,range_cost=10,844,1,1,4,0.015,0.006
skycell,range_cost=10,845,1,0,4,0.016,0.007
skycell,range_cost=10,846,1,1,4,0.018,0.006
skycell,range_cost=10,847,1,0,4,0.014,0.005
skycell,range_cost=10,848,1,1,4,0.017,0.006
skycell,range_cost=10,849,1,0,4,0.015,0.005
skycell,range_cost=10,850,1,1,4,0.015,0.005
skycell,range_cost=10,851,1,0,4,0.015,0.005
skycell,range_cost=10,852,2,2,4,0.018,0.007
skycell,range_cost=10,853,1,0,4,0.015,0.007
skycell,range_cost=10,854,1,2,8,0.023,0.01
skycell,range_cost=10,855,1,0,4,0.015,0.006
skycell,range_cost=10,856,2,3,13,0.032,0.01
skycell,range_cost=10,857,1,0,4,0.015,0.005
skycell,range_cost=10,858,1,8,4,0.014,0.007
skycell,range_cost=10,859,1,0,4,0.015,0.005
skycell,range_cost=10,860,1,1,4,0.018,0.007
skycell,range_cost=10,861,1,0,4,0.014,0.005
skycell,range_cost=10,862,1,3,8,0.022,0.011
skycell,range_cost=10,863,1,0,4,0.015,0.005
skycell,range_cost=10,864,1,359,39,0.022,0.196
skycell,range_cost=10,865,1,0,3,0.015,0.004
skycell,range_cost=10,866,1,2,8,0.022,0.011
skycell,range_cost=10,867,1,0,4,0.015,0.005
skycell,range_cost=10,868,1,2,13,0.032,0.011
skycell,range_cost=10,869,1,0,4,0.015,0.005
skycell,range_cost=10,870,1,1,4,0.014,0.005
skycell,range_cost=10,871,1,0,3,0.015,0.004
skycell,range_cost=10,872,2,3,15,0.034,0.014
skycell,range_cost=10,873,1,0,4,0.015,0.004
skycell,range_cost=10,874,5,5,7,0.023,0.009
skycell,range_cost=10,875,1,0,3,0.015,0.004
skycell,range_cost=10,876,1,3,4,0.016,0.007
skycell,range_cost=10,877,1,0,3,0.015,0.004
skycell,range_cost=10,878,1,1,4,0.014,0.006
skycell,range_cost=10,879,1,0,4,0.015,0.005
skycell,range_cost=10,880,1,1,4,0.015,0.005
skycell,range_cost=10,881,1,0,3,0.014,0.005
skycell,range_cost=10,882,1,1,4,0.015,0.006
skycell,range_cost=10,883,1,0,7,0.021,0.007
skycell,range_cost=10,884,1,3,5,0.017,0.007
skycell,range_cost=10,885,1,1,8,0.022,0.012
skycell,range_cost=10,886,2,4,7,0.022,0.008
skycell,range_cost=10,887,1,0,4,0.015,0.006
skycell,range_cost=10,888,1,1,4,0.014,0.005
skycell,range_cost=10,889,1,0,4,0.015,0.005
skycell,range_cost=10,890,1,2,7,0.021,0.008
skycell,range_cost=10,891,1,3,7,0.022,0.008
skycell,range_cost=10,892,1,1,4,0.015,0.006
skycell,range_cost=10,893,3,3,12,0.029,0.013
skycell,range_cost=10,894,1,2,4,0.015,0.006
skycell,range_cost=10,895,1,0,4,0.015,0.005
skycell,range_cost=10,896,1,1,4,0.014,0.006
skycell,range_cost=10,897,1,0,4,0.014,0.005
skycell,range_cost=10,898,1,2,8,0.021,0.01
skycell,range_cost=10,899,1,0,4,0.015,0.005
skycell,range_cost=10,900,1,1,8,0.02,0.01
skycell,range_cost=10,901,1,0,4,0.015,0.005
skycell,range_cost=10,902,2,3,8,0.022,0.01
skycell,range_cost=10,903,1,0,11,0.028,0.01
skycell,range_cost=10,904,1,2,15,0.032,0.014
skycell,range_cost=10,905,1,0,3,0.015,0.004
skycell,range_cost=10,906,2,4,4,0.017,0.008
skycell,range_cost=10,907,1,1,4,0.015,0.005
skycell,range_cost=10,908,1,3,7,0.022,0.008
skycell,range_cost=10,909,1,0,4,0.015,0.005
skycell,range_cost=10,910,1,5,4,0.017,0.007
skycell,range_cost=10,911,1,0,6,0.022,0.006
skycell,range_cost=10,912,1,1,7,0.021,0.008
skycell,range_cost=10,913,1,0,4,0.015,0.005
skycell,range_cost=10,914,1,1,4,0.015,0.006
skycell,range_cost=10,915,1,0,4,0.016,0.005
skycell,range_cost=10,916,1,1,4,0.015,0.006
skycell,range_cost=10,917,1,0,3,0.015,0.005
skycell,range_cost=10,918,1,1,7,0.022,0.008
skycell,range_cost=10,919,1,0,4,0.015,0.005
skycell,range_cost=10,920,1,1,4,0.023,0.005
skycell,range_cost=10,921,1,0,6,0.022,0.007
skycell,range_cost=10,922,1,1,4,0.015,0.005
skycell,range_cost=10,923,1,0,13,0.031,0.009
skycell,range_cost=10,924,2,4,7,0.026,0.01
skycell,range_cost=10,925,1,0,6,0.021,0.007
skycell,range_cost=10,926,1,2,7,0.021,0.007
skycell,range_cost=10,927,1,0,4,0.014,0.006
skycell,range_cost=10,928,1,48,16,0.027,0.055
skycell,range_cost=10,929,1,0,4,0.015,0.006
skycell,range_cost=10,930,1,4,8,0.022,0.011
skycell,range_cost=10,931,1,0,3,0.014,0.004
skycell,range_cost=10,932,2,2,4,0.016,0.008
skycell,range_cost=10,933,1,2,7,0.021,0.008
skycell,range_cost=10,934,2,2,8,0.021,0.009
skycell,range_cost=10,935,1,0,4,0.015,0.005
skycell,range_cost=10,936,2,5,8,0.021,0.01
skycell,range_cost=10,937,1,2,4,0.016,0.008
skycell,range_cost=10,938,1,1,4,0.015,0.006
skycell,range_cost=10,939,1,0,7,0.021,0.007
skycell,range_cost=10,940,2,2,7,0.021,0.008
skycell,range_cost=10,941,1,0,3,0.014,0.004
skycell,range_cost=10,942,4,4,7,0.025,0.009
skycell,range_cost=10,943,1,0,7,0.021,0.007
skycell,range_cost=10,944,1,1,7,0.021,0.006
skycell,range_cost=10,945,1,0,4,0.015,0.006
skycell,range_cost=10,946,3,4,8,0.023,0.011
skycell,range_cost=10,947,1,0,4,0.015,0.005
skycell,range_cost=10,948,2,2,5,0.017,0.01
skycell,range_cost=10,949,1,0,8,0.021,0.008
skycell,range_cost=10,950,1,1,4,0.014,0.006
skycell,range_cost=10,951,1,0,4,0.015,0.005
skycell,range_cost=10,952,1,1,4,0.015,0.006
skycell,range_cost=10,953,1,0,8,0.021,0.008
skycell,range_cost=10,954,1,1,4,0.021,0.006
skycell,range_cost=10,955,1,0,4,0.015,0.005
skycell,range_cost=10,956,1,1,14,0.032,0.012
skycell,range_cost=10,957,1,0,4,0.015,0.006
skycell,range_cost=10,958,1,1,4,0.015,0.006
skycell,range_cost=10,959,1,0,8,0.021,0.01
skycell,range_cost=10,960,1,1,7,0.022,0.007
skycell,range_cost=10,961,1,0,7,0.021,0.006
skycell,range_cost=10,962,1,2,4,0.017,0.006
skycell,range_cost=10,963,1,0,8,0.022,0.01
skycell,range_cost=10,964,2,3,8,0.022,0.011
skycell,range_cost=10,965,1,0,3,0.015,0.004
skycell,range_cost=10,966,1,1,4,0.015,0.005
skycell,range_cost=10,967,1,0,6,0.021,0.006
skycell,range_cost=10,968,1,2,4,0.017,0.006
skycell,range_cost=10,969,1,0,4,0.015,0.005
skycell,range_cost=10,970,1,18,5,0.014,0.016
skycell,range_cost=10,971,2,2,8,0.022,0.01
skycell,range_cost=10,972,1,2,4,0.015,0.005
skycell,range_cost=10,973,1,0,7,0.021,0.006
skycell,range_cost=10,974,2,3,4,0.016,0.007
skycell,range_cost=10,975,1,0,6,0.021,0.006
skycell,range_cost=10,976,1,3,7,0.022,0.007
skycell,range_cost=10,977,1,1,4,0.015,0.004
skycell,range_cost=10,978,1,1,7,0.02,0.007
skycell,range_cost=10,979,1,0,4,0.015,0.006
skycell,range_cost=10,980,1,1,7,0.022,0.008
skycell,range_cost=10,981,1,0,3,0.014,0.004
skycell,range_cost=10,982,5,7,5,0.016,0.008
skycell,range_cost=10,983,1,0,8,0.022,0.008
skycell,range_cost=10,984,1,2,4,0.015,0.006
skycell,range_cost=10,985,1,0,4,0.015,0.005
skycell,range_cost=10,986,3,5,11,0.029,0.011
skycell,range_cost=10,987,1,0,6,0.021,0.006
skycell,range_cost=10,988,1,1,4,0.016,0.006
skycell,range_cost=10,989,1,0,3,0.014,0.004
skycell,range_cost=10,990,1,6,6,0.015,0.016
skycell,range_cost=10,991,1,0,8,0.022,0.008
skycell,range_cost=10,992,2,1,8,0.023,0.009
skycell,range_cost=10,993,1,0,3,0.015,0.005
skycell,range_cost=10,994,2,1,8,0.022,0.011
skycell,range_cost=10,995,1,0,4,0.015,0.006
skycell,range_cost=10,996,1,5,8,0.022,0.014
skycell,range_cost=10,997,1,0,3,0.015,0.004
skycell,range_cost=10,998,4,5,4,0.015,0.007
skycell,range_cost=10,999,1,0,4,0.015,0.005
skycell,range_cost=10,1000,1,1,4,0.014,0.006
skycell,range_cost=10,1001,1,0,4,0.015,0.006
skycell,range_cost=10,1002,1,1,4,0.015,0.005
skycell,range_cost=10,1003,1,0,7,0.021,0.007
skycell,range_cost=10,1004,1,1,4,0.015,0.006
skycell,range_cost=10,1005,1,0,8,0.022,0.009
skycell,range_cost=10,1006,2,3,7,0.021,0.01
skycell,range_cost=10,1007,1,1,7,0.021,0.007
skycell,range_cost=10,1008,1,2,7,0.022,0.009
skycell,range_cost=10,1009,1,0,4,0.015,0.006
skycell,range_cost=10,1010,1,2,4,0.016,0.007
skycell,range_cost=10,1011,1,0,6,0.021,0.006
skycell,range_cost=10,1012,1,1,4,0.015,0.006
skycell,range_cost=10,1013,1,1,5,0.016,0.009
skycell,range_cost=10,1014,2,2,8,0.021,0.01
skycell,range_cost=10,1015,1,0,4,0.015,0.005
skycell,range_cost=10,1016,1,1,4,0.015,0.006
skycell,range_cost=10,1017,1,0,7,0.022,0.007
skycell,range_cost=10,1018,2,3,4,0.015,0.007
skycell,range_cost=10,1019,1,0,3,0.015,0.005
skycell,range_cost=10,1020,1,1,4,0.014,0.006
skycell,range_cost=10,1021,1,0,4,0.015,0.007
skycell,range_cost=10,1022,1,1,7,0.022,0.007
skycell,range_cost=10,1023,1,0,3,0.015,0.004
skycell,range_cost=10,1024,1,1,4,0.016,0.006
skycell,range_cost=10,1025,1,0,4,0.014,0.005
skycell,range_cost=10,1026,1,1,4,0.015,0.006
skycell,range_cost=10,1027,2,0,13,0.033,0.009
skycell,range_cost=10,1028,1,4,8,0.023,0.01
skycell,range_cost=10,1029,1,0,4,0.015,0.005
skycell,range_cost=10,1030,1,1,4,0.015,0.005
skycell,range_cost=10,1031,1,0,7,0.021,0.007
skycell,range_cost=10,1032,1,1,7,0.021,0.008
skycell,range_cost=10,1033,1,0,4,0.015,0.005
skycell,range_cost=10,1034,1,2,4,0.015,0.006
skycell,range_cost=10,1035,1,0,3,0.015,0.005
skycell,range_cost=10,1036,2,1,5,0.016,0.008
skycell,range_cost=10,1037,1,0,4,0.015,0.005
skycell,range_cost=10,1038,2,1,7,0.021,0.007
skycell,range_cost=10,1039,1,0,7,0.021,0.007
skycell,range_cost=10,1040,1,1,4,0.016,0.007
skycell,range_cost=10,1041,1,0,7,0.022,0.007
skycell,range_cost=10,1042,1,1,4,0.016,0.007
skycell,range_cost=10,1043,1,0,3,0.014,0.004
skycell,range_cost=10,1044,1,1,4,0.015,0.007
skycell,range_cost=10,1045,1,1,7,0.021,0.009
skycell,range_cost=10,1046,1,3,4,0.014,0.007
skycell,range_cost=10,1047,1,0,4,0.015,0.005
skycell,range_cost=10,1048,1,1,7,0.022,0.008
skycell,range_cost=10,1049,1,0,4,0.015,0.006
skycell,range_cost=10,1050,1,3,4,0.014,0.006
skycell,range_cost=10,1051,1,0,4,0.015,0.005
skycell,range_cost=10,1052,1,1,8,0.024,0.01
skycell,range_cost=10,1053,1,0,7,0.021,0.008
skycell,range_cost=10,1054,1,1,7,0.022,0.007
skycell,range_cost=10,1055,1,0,4,0.016,0.006
skycell,range_cost=10,1056,1,1,4,0.021,0.006
skycell,range_cost=10,1057,1,0,4,0.015,0.004
skycell,range_cost=10,1058,1,64,16,0.021,0.057
skycell,range_cost=10,1059,1,0,4,0.015,0.006
skycell,range_cost=10,1060,1,1,8,0.021,0.009
skycell,range_cost=10,1061,1,0,7,0.021,0.007
skycell,range_cost=10,1062,1,1,4,0.015,0.006
skycell,range_cost=10,1063,1,0,4,0.015,0.005
skycell,range_cost=10,1064,4,6,11,0.03,0.012
skycell,range_cost=10,1065,1,2,4,0.016,0.006
skycell,range_cost=10,1066,1,2,5,0.014,0.007
skycell,range_cost=10,1067,1,0,7,0.021,0.008
skycell,range_cost=10,1068,1,2,4,0.017,0.007
skycell,range_cost=10,1069,1,0,4,0.015,0.005
skycell,range_cost=10,1070,2,4,7,0.02,0.008
skycell,range_cost=10,1071,1,0,4,0.015,0.005
skycell,range_cost=10,1072,1,3,8,0.022,0.01
skycell,range_cost=10,1073,1,0,7,0.021,0.007
skycell,range_cost=10,1074,1,1,4,0.015,0.007
skycell,range_cost=10,1075,1,0,4,0.016,0.006
skycell,range_cost=10,1076,1,1,4,0.014,0.006
skycell,range_cost=10,1077,1,0,4,0.015,0.005
skycell,range_cost=10,1078,1,1,13,0.032,0.01
skycell,range_cost=10,1079,1,1,4,0.014,0.006
skycell,range_cost=10,1080,1,2,4,0.015,0.006
skycell,range_cost=10,1081,1,0,4,0.015,0.005
skycell,range_cost=10,1082,1,2,8,0.022,0.01
skycell,range_cost=10,1083,1,0,4,0.015,0.006
skycell,range_cost=10,1084,1,1,4,0.016,0.014
skycell,range_cost=10,1085,1,0,3,0.017,0.005
skycell,range_cost=10,1086,1,2,4,0.015,0.006
skycell,range_cost=10,1087,1,0,10,0.028,0.009
skycell,range_cost=10,1088,1,2,4,0.014,0.005
skycell,range_cost=10,1089,1,0,4,0.015,0.005
skycell,range_cost=10,1090,4,5,4,0.016,0.008
skycell,range_cost=10,1091,1,0,7,0.022,0.007
skycell,range_cost=10,1092,1,2,5,0.016,0.009
skycell,range_cost=10,1093,1,0,6,0.021,0.006
skycell,range_cost=10,1094,2,2,7,0.022,0.008
skycell,range_cost=10,1095,1,0,4,0.017,0.005
skycell,range_cost=10,1096,2,1,10,0.029,0.008
skycell,range_cost=10,1097,1,0,4,0.015,0.006
skycell,range_cost=10,1098,1,1,4,0.016,0.006
skycell,range_cost=10,1099,1,1,4,0.014,0.005
skycell,range_cost=10,1100,4,7,4,0.017,0.008
skycell,range_cost=10,1101,3,1,4,0.016,0.006
skycell,range_cost=10,1102,4,3,14,0.033,0.011
skycell,range_cost=10,1103,6,11,15,0.034,0.014
skycell,range_cost=10,1104,4,2,12,0.029,0.011
skycell,range_cost=10,1105,4,1,7,0.023,0.009
skycell,range_cost=10,1106,51,59,17,0.042,0.023
skycell,range_cost=10,1107,3,3,4,0.016,0.007
skycell,range_cost=10,1108,17,36,9,0.028,0.016
skycell,range_cost=10,1109,3,3,4,0.016,0.008
skycell,range_cost=10,1110,16,27,9,0.026,0.016
skycell,range_cost=10,1111,7,3,13,0.034,0.01
skycell,range_cost=10,1112,3,5,8,0.024,0.01
skycell,range_cost=10,1113,3,2,4,0.017,0.007
skycell,range_cost=10,1114,147,123,34,0.072,0.044
skycell,range_cost=10,1115,3,4,7,0.024,0.009
skycell,range_cost=10,1116,120,137,29,0.066,0.043
skycell,range_cost=10,1117,10,11,4,0.016,0.009
skycell,range_cost=10,1118,123,107,20,0.049,0.03
skycell,range_cost=10,1119,14,14,12,0.034,0.016
skycell,range_cost=10,1120,154,158,34,0.073,0.044
skycell,range_cost=10,1121,7,2,14,0.032,0.012
skycell,range_cost=10,1122,39,21,22,0.047,0.019
skycell,range_cost=10,1123,3,2,4,0.018,0.008
skycell,range_cost=10,1124,3,4,9,0.022,0.012
skycell,range_cost=10,1125,4,3,13,0.033,0.012
skycell,range_cost=10,1126,10,18,8,0.023,0.014
skycell,range_cost=10,1127,3,3,8,0.022,0.012
skycell,range_cost=10,1128,4,6,7,0.023,0.009
skycell,range_cost=10,1129,8,21,9,0.024,0.019
skycell,range_cost=10,1130,5,8,7,0.022,0.009
skycell,range_cost=10,1131,3,2,7,0.022,0.011
skycell,range_cost=10,1132,58,88,20,0.05,0.029
skycell,range_cost=10,1133,20,15,12,0.032,0.017
skycell,range_cost=10,1134,4,1,13,0.028,0.012
skycell,range_cost=10,1135,4,3,4,0.017,0.007
skycell,range_cost=10,1136,18,29,11,0.034,0.014
skycell,range_cost=10,1137,3,0,9,0.022,0.01
skycell,range_cost=10,1138,8,2,4,0.017,0.005
skycell,range_cost=10,1139,3,1,4,0.017,0.006
skycell,range_cost=10,1140,3,6,4,0.015,0.006
skycell,range_cost=10,1141,6,8,4,0.018,0.009
skycell,range_cost=10,1142,3,2,4,0.016,0.005
skycell,range_cost=10,1143,12,4,11,0.03,0.012
skycell,range_cost=10,1144,26,75,12,0.034,0.025
skycell,range_cost=10,1145,4,4,13,0.034,0.009
skycell,range_cost=10,1146,23,22,12,0.032,0.017
skycell,range_cost=10,1147,5,2,4,0.027,0.006
skycell,range_cost=10,1148,3,6,7,0.023,0.008
skycell,range_cost=10,1149,5,9,8,0.022,0.012
skycell,range_cost=10,1150,50,66,20,0.048,0.025
skycell,range_cost=10,1151,3,1,4,0.018,0.008
skycell,range_cost=10,1152,5,34,14,0.022,0.046
skycell,range_cost=10,1153,4,4,14,0.033,0.01
skycell,range_cost=10,1154,28,45,15,0.036,0.018
skycell,range_cost=10,1155,13,3,7,0.024,0.009
skycell,range_cost=10,1156,11,466,32,0.038,0.155
skycell,range_cost=10,1157,8,1,15,0.032,0.011
skycell,range_cost=10,1158,52,49,18,0.043,0.023
skycell,range_cost=10,1159,3,2,8,0.023,0.01
skycell,range_cost=10,1160,48,42,24,0.047,0.025
skycell,range_cost=10,1161,5,4,7,0.036,0.009
skycell,range_cost=10,1162,3,3,7,0.024,0.008
skycell,range_cost=10,1163,3,6,8,0.023,0.013
skycell,range_cost=10,1164,3,3,5,0.017,0.008
skycell,range_cost=10,1165,11,12,8,0.022,0.012
skycell,range_cost=10,1166,15,20,9,0.026,0.015
skycell,range_cost=10,1167,3,4,4,0.016,0.007
skycell,range_cost=10,1168,4,930,31,0.017,0.175
skycell,range_cost=10,1169,30,46,12,0.033,0.021
skycell,range_cost=10,1170,5,5,8,0.023,0.009
skycell,range_cost=10,1171,4,1,4,0.017,0.008
skycell,range_cost=10,1172,7,6,5,0.017,0.008
skycell,range_cost=10,1173,3,3,8,0.023,0.012
skycell,range_cost=10,1174,4,4,10,0.03,0.009
skycell,range_cost=10,1175,3,1,7,0.023,0.01
skycell,range_cost=10,1176,16,16,8,0.027,0.014
skycell,range_cost=10,1177,3,2,5,0.017,0.01
skycell,range_cost=10,1178,9,10,5,0.017,0.009
skycell,range_cost=10,1179,2,4,4,0.018,0.008
skycell,range_cost=10,1180,24,13,7,0.029,0.009
skycell,range_cost=10,1181,4,2,15,0.033,0.014
skycell,range_cost=10,1182,48,52,15,0.039,0.023
skycell,range_cost=10,1183,8,7,14,0.033,0.013
skycell,range_cost=10,1184,3,4,8,0.023,0.01
skycell,range_cost=10,1185,10,1,4,0.019,0.006
skycell,range_cost=10,1186,35,48,17,0.036,0.024
skycell,range_cost=10,1187,3,3,8,0.023,0.01
skycell,range_cost=10,1188,6,3,12,0.03,0.011
skycell,range_cost=10,1189,3,3,4,0.018,0.007
skycell,range_cost=10,1190,5,2,8,0.022,0.009
skycell,range_cost=10,1191,3,1,4,0.016,0.007
skycell,range_cost=10,1192,5,137,13,0.016,0.065
skycell,range_cost=10,1193,3,2,5,0.016,0.007
skycell,range_cost=10,1194,3,3,12,0.028,0.011
skycell,range_cost=10,1195,4,2,15,0.034,0.015
skycell,range_cost=10,1196,7,8,8,0.023,0.01
skycell,range_cost=10,1197,3,1,7,0.024,0.01
skycell,range_cost=10,1198,24,49,17,0.043,0.026
skycell,range_cost=10,1199,3,4,5,0.017,0.009
skycell,range_cost=10,1200,49,55,18,0.044,0.025
skycell,range_cost=10,1201,3,2,11,0.029,0.015
skycell,range_cost=10,1202,6,6,4,0.023,0.006
skycell,range_cost=10,1203,47,48,10,0.03,0.022
skycell,range_cost=10,1204,7,8,8,0.025,0.011
skycell,range_cost=10,1205,3,0,4,0.025,0.006
skycell,range_cost=10,1206,47,63,20,0.045,0.024
skycell,range_cost=10,1207,5,8,14,0.033,0.014
skycell,range_cost=10,1208,4,10,4,0.017,0.01
skycell,range_cost=10,1209,3,2,7,0.022,0.01
skycell,range_cost=10,1210,7,8,4,0.017,0.008
skycell,range_cost=10,1211,3,0,11,0.028,0.013
skycell,range_cost=10,1212,70,72,18,0.05,0.022
skycell,range_cost=10,1213,3,2,8,0.023,0.01
skycell,range_cost=10,1214,25,26,19,0.041,0.019
skycell,range_cost=10,1215,4,1,11,0.029,0.01
skycell,range_cost=10,1216,25,33,9,0.024,0.02
skycell,range_cost=10,1217,3,2,7,0.022,0.008
skycell,range_cost=10,1218,4,4,11,0.026,0.009
skycell,range_cost=10,1219,3,5,7,0.024,0.011
skycell,range_cost=10,1220,43,70,11,0.029,0.024
skycell,range_cost=10,1221,3,0,8,0.023,0.009
skycell,range_cost=10,1222,11,3834,58,0.034,0.363
skycell,range_cost=10,1223,4,1,4,0.016,0.008
skycell,range_cost=10,1224,5,5,12,0.039,0.014
skycell,range_cost=10,1225,16,11,8,0.026,0.014
skycell,range_cost=10,1226,8,3,11,0.029,0.01
skycell,range_cost=10,1227,4,4,8,0.022,0.01
skycell,range_cost=10,1228,6,1616,56,0.034,0.293
skycell,range_cost=10,1229,7,11,9,0.022,0.015
skycell,range_cost=10,1230,3,1,7,0.023,0.009
skycell,range_cost=10,1231,5,1,5,0.017,0.009
skycell,range_cost=10,1232,163,170,30,0.067,0.047
skycell,range_cost=10,1233,4,2,7,0.031,0.01
skycell,range_cost=10,1234,3,3,8,0.023,0.009
skycell,range_cost=10,1235,3,2,4,0.016,0.007
skycell,range_cost=10,1236,29,32,18,0.042,0.019
skycell,range_cost=10,1237,3,2,4,0.017,0.007
skycell,range_cost=10,1238,4,4,12,0.029,0.01
skycell,range_cost=10,1239,3,6,6,0.017,0.01
skycell,range_cost=10,1240,46,40,15,0.043,0.023
skycell,range_cost=10,1241,5,3,8,0.023,0.01
skycell,range_cost=10,1242,18,11,11,0.031,0.012
skycell,range_cost=10,1243,52,51,23,0.054,0.026
skycell,range_cost=10,1244,40,66,12,0.031,0.022
skycell,range_cost=10,1245,3,1,8,0.023,0.015
skycell,range_cost=10,1246,3,3,4,0.016,0.006
skycell,range_cost=10,1247,5,0,8,0.023,0.009
skycell,range_cost=10,1248,129,106,24,0.055,0.031
skycell,range_cost=10,1249,17,11,14,0.038,0.013
skycell,range_cost=10,1250,37,29,13,0.031,0.017
skycell,range_cost=10,1251,3,2,7,0.023,0.008
skycell,range_cost=10,1252,103,79,27,0.06,0.028
skycell,range_cost=10,1253,3,4,10,0.029,0.01
skycell,range_cost=10,1254,125,118,35,0.066,0.037
skycell,range_cost=10,1255,36,47,18,0.037,0.025
skycell,range_cost=10,1256,6,4009,52,0.024,0.354
skycell,range_cost=10,1257,52,74,19,0.045,0.025
skycell,range_cost=10,1258,3,4,5,0.021,0.008
skycell,range_cost=10,1259,3,1,11,0.029,0.011
skycell,range_cost=10,1260,8,5,16,0.034,0.013
skycell,range_cost=10,1261,86,99,20,0.05,0.03
skycell,range_cost=10,1262,138,140,20,0.055,0.04
skycell,range_cost=10,1263,3,2,4,0.021,0.007
skycell,range_cost=10,1264,66,74,10,0.034,0.022
skycell,range_cost=10,1265,3,1,7,0.023,0.008
skycell,range_cost=10,1266,24,21,16,0.042,0.017
skycell,range_cost=10,1267,3,3,5,0.016,0.008
skycell,range_cost=10,1268,4,3,14,0.034,0.015
skycell,range_cost=10,1269,3,3,8,0.025,0.011
skycell,range_cost=10,1270,14,22,15,0.034,0.016
skycell,range_cost=10,1271,11,14,9,0.021,0.016
skycell,range_cost=10,1272,15,19,11,0.03,0.017
skycell,range_cost=10,1273,3,4,4,0.017,0.007
skycell,range_cost=10,1274,9,730,39,0.034,0.162
skycell,range_cost=10,1275,53,61,19,0.045,0.023
skycell,range_cost=10,1276,4,3,8,0.022,0.009
skycell,range_cost=10,1277,3,2,4,0.018,0.008
skycell,range_cost=10,1278,140,139,27,0.06,0.037
skycell,range_cost=10,1279,3,0,4,0.017,0.006
skycell,range_cost=10,1280,129,87,18,0.051,0.029
skycell,range_cost=10,1281,3,3,8,0.022,0.01
skycell,range_cost=10,1282,53,77,19,0.043,0.026
skycell,range_cost=10,1283,5,4,4,0.015,0.007
skycell,range_cost=10,1284,23,47,15,0.033,0.024
skycell,range_cost=10,1285,29,36,11,0.035,0.016
skycell,range_cost=10,1286,3,2,4,0.016,0.006
skycell,range_cost=10,1287,4,7,4,0.018,0.007
skycell,range_cost=10,1288,3,4,4,0.017,0.008
skycell,range_cost=10,1289,3,1,4,0.017,0.008
skycell,range_cost=10,1290,153,175,32,0.067,0.047
skycell,range_cost=10,1291,3,2,8,0.022,0.012
skycell,range_cost=10,1292,76,65,17,0.043,0.026
skycell,range_cost=10,1293,3,4,7,0.023,0.008
skycell,range_cost=10,1294,51,59,15,0.042,0.023
skycell,range_cost=10,1295,5,2,7,0.023,0.008
skycell,range_cost=10,1296,6,5,5,0.017,0.008
skycell,range_cost=10,1297,5,1,7,0.022,0.009
skycell,range_cost=10,1298,5,9,12,0.028,0.014
skycell,range_cost=10,1299,7,3,7,0.024,0.009
skycell,range_cost=10,1300,61,81,10,0.033,0.022
skycell,range_cost=10,1301,107,115,26,0.061,0.033
skycell,range_cost=10,1302,575,528,54,0.12,0.094
skycell,range_cost=10,1303,313,144,45,0.105,0.044
skycell,range_cost=10,1304,670,1562,78,0.12,0.237
skycell,range_cost=10,1305,65,53,16,0.042,0.022
skycell,range_cost=10,1306,1168,1632,102,0.18,0.238
skycell,range_cost=10,1307,144,103,24,0.065,0.035
skycell,range_cost=10,1308,129,85,30,0.079,0.033
skycell,range_cost=10,1309,74,72,23,0.053,0.029
skycell,range_cost=10,1310,89,68,24,0.059,0.027
skycell,range_cost=10,1311,72,63,12,0.041,0.023
skycell,range_cost=10,1312,70,66,20,0.047,0.024
skycell,range_cost=10,1313,94,51,16,0.045,0.02
skycell,range_cost=10,1314,91,69,28,0.065,0.025
skycell,range_cost=10,1315,413,475,49,0.102,0.082
skycell,range_cost=10,1316,745,397,55,0.117,0.075
skycell,range_cost=10,1317,70,71,22,0.057,0.028
skycell,range_cost=10,1318,758,800,66,0.121,0.135
skycell,range_cost=10,1319,63,64,26,0.055,0.033
skycell,range_cost=10,1320,85,73,30,0.065,0.033
skycell,range_cost=10,1321,182,75,32,0.076,0.029
skycell,range_cost=10,1322,132,69,22,0.058,0.029
skycell,range_cost=10,1323,90,77,22,0.056,0.026
skycell,range_cost=10,1324,2177,2294,99,0.182,0.297
skycell,range_cost=10,1325,78,84,24,0.056,0.031
skycell,range_cost=10,1326,562,752,51,0.104,0.123
skycell,range_cost=10,1327,87,72,24,0.057,0.026
skycell,range_cost=10,1328,619,879,60,0.117,0.132
skycell,range_cost=10,1329,88,81,24,0.058,0.03
skycell,range_cost=10,1330,1678,1598,93,0.183,0.218
skycell,range_cost=10,1331,73,61,28,0.057,0.031
skycell,range_cost=10,1332,69,69,22,0.045,0.028
skycell,range_cost=10,1333,70,67,15,0.04,0.024
skycell,range_cost=10,1334,680,736,66,0.142,0.121
skycell,range_cost=10,1335,275,311,42,0.087,0.072
skycell,range_cost=10,1336,654,1019,68,0.124,0.16
skycell,range_cost=10,1337,87,81,19,0.056,0.028
skycell,range_cost=10,1338,874,1099,87,0.163,0.17
skycell,range_cost=10,1339,123,122,16,0.049,0.031
skycell,range_cost=10,1340,675,1284,70,0.12,0.172
skycell,range_cost=10,1341,80,56,20,0.049,0.034
skycell,range_cost=10,1342,84,65,25,0.054,0.033
skycell,range_cost=10,1343,80,61,18,0.044,0.025
skycell,range_cost=10,1344,70,57,20,0.046,0.025
skycell,range_cost=10,1345,75,63,23,0.06,0.026
skycell,range_cost=10,1346,721,553,67,0.136,0.108
skycell,range_cost=10,1347,76,68,16,0.041,0.032
skycell,range_cost=10,1348,98,63,24,0.057,0.026
skycell,range_cost=10,1349,114,216,28,0.063,0.055
skycell,range_cost=10,1350,72,75,20,0.045,0.029
skycell,range_cost=10,1351,101,69,30,0.066,0.029
skycell,range_cost=10,1352,125,157,23,0.058,0.04
skycell,range_cost=10,1353,254,211,39,0.084,0.049
skycell,range_cost=10,1354,108,136,20,0.051,0.032
skycell,range_cost=10,1355,94,47,20,0.049,0.022
skycell,range_cost=10,1356,275,660,49,0.088,0.107
skycell,range_cost=10,1357,66,70,27,0.055,0.029
skycell,range_cost=10,1358,64,66,15,0.037,0.027
skycell,range_cost=10,1359,176,68,33,0.076,0.028
skycell,range_cost=10,1360,583,674,49,0.104,0.115
skycell,range_cost=10,1361,64,67,22,0.049,0.03
skycell,range_cost=10,1362,65,61,17,0.037,0.028
skycell,range_cost=10,1363,80,60,22,0.055,0.032
skycell,range_cost=10,1364,2647,2512,128,0.234,0.301
skycell,range_cost=10,1365,63,65,25,0.048,0.027
skycell,range_cost=10,1366,71,65,21,0.049,0.029
skycell,range_cost=10,1367,93,60,21,0.058,0.022
skycell,range_cost=10,1368,71,60,21,0.047,0.032
skycell,range_cost=10,1369,189,163,33,0.07,0.043
skycell,range_cost=10,1370,3880,4069,169,0.29,0.478
skycell,range_cost=10,1371,73,77,26,0.065,0.031
skycell,range_cost=10,1372,394,601,49,0.099,0.098
skycell,range_cost=10,1373,74,49,20,0.049,0.024
skycell,range_cost=10,1374,88,70,19,0.053,0.024
skycell,range_cost=10,1375,81,73,24,0.05,0.027
skycell,range_cost=10,1376,542,495,54,0.112,0.088
skycell,range_cost=10,1377,74,63,22,0.052,0.024
skycell,range_cost=10,1378,1289,1356,78,0.158,0.193
skycell,range_cost=10,1379,110,79,16,0.048,0.025
skycell,range_cost=10,1380,1275,1572,89,0.177,0.2
skycell,range_cost=10,1381,195,47,35,0.078,0.03
skycell,range_cost=10,1382,71,75,26,0.054,0.033
skycell,range_cost=10,1383,96,65,18,0.051,0.024
skycell,range_cost=10,1384,83,77,17,0.042,0.024
skycell,range_cost=10,1385,1143,1227,80,0.158,0.178
skycell,range_cost=10,1386,1240,1589,63,0.127,0.194
skycell,range_cost=10,1387,63,79,16,0.04,0.026
skycell,range_cost=10,1388,752,898,68,0.131,0.139
skycell,range_cost=10,1389,76,69,21,0.048,0.027
skycell,range_cost=10,1390,492,710,62,0.113,0.121
skycell,range_cost=10,1391,66,77,16,0.042,0.029
skycell,range_cost=10,1392,66,67,18,0.044,0.023
skycell,range_cost=10,1393,65,66,22,0.047,0.026
skycell,range_cost=10,1394,3583,3504,148,0.244,0.414
skycell,range_cost=10,1395,69,64,27,0.058,0.037
skycell,range_cost=10,1396,2915,3600,145,0.235,0.429
skycell,range_cost=10,1397,198,59,27,0.064,0.025
skycell,range_cost=10,1398,3035,2926,142,0.238,0.353
skycell,range_cost=10,1399,125,66,25,0.062,0.028
skycell,range_cost=10,1400,3818,4002,166,0.27,0.475
skycell,range_cost=10,1401,722,297,58,0.133,0.067
skycell,range_cost=10,1402,271,254,42,0.082,0.058
skycell,range_cost=10,1403,306,324,41,0.09,0.07
skycell,range_cost=10,1404,1137,1369,84,0.152,0.209
skycell,range_cost=10,1405,314,265,45,0.098,0.061
skycell,range_cost=10,1406,1132,1108,85,0.182,0.16
skycell,range_cost=10,1407,263,276,45,0.094,0.066
skycell,range_cost=10,1408,4442,4152,181,0.289,0.501
skycell,range_cost=10,1409,281,297,41,0.102,0.064
skycell,range_cost=10,1410,309,306,33,0.079,0.058
skycell,range_cost=10,1411,757,748,67,0.132,0.124
skycell,range_cost=10,1412,288,265,35,0.073,0.063
skycell,range_cost=10,1413,322,280,44,0.096,0.062
skycell,range_cost=10,1414,916,1101,87,0.159,0.189
skycell,range_cost=10,1415,260,251,32,0.068,0.056
skycell,range_cost=10,1416,8830,9129,283,0.418,0.952
skycell,range_cost=10,1417,311,272,36,0.089,0.053
skycell,range_cost=10,1418,4510,5071,188,0.288,0.602
skycell,range_cost=10,1419,323,271,40,0.094,0.066
skycell,range_cost=10,1420,4875,5690,197,0.307,0.62
skycell,range_cost=10,1421,346,233,28,0.082,0.065
skycell,range_cost=10,1422,3974,4433,164,0.248,0.507
skycell,range_cost=10,1423,289,260,37,0.081,0.056
skycell,range_cost=10,1424,1302,3126,116,0.187,0.385
skycell,range_cost=10,1425,2525,3145,137,0.237,0.381
skycell,range_cost=10,1426,527,302,43,0.113,0.072
skycell,range_cost=10,1427,348,255,47,0.103,0.059
skycell,range_cost=10,1428,4269,3905,170,0.292,0.47
skycell,range_cost=10,1429,1196,1284,82,0.167,0.2
skycell,range_cost=10,1430,820,1294,62,0.121,0.172
skycell,range_cost=10,1431,298,289,30,0.068,0.055
skycell,range_cost=10,1432,505,268,45,0.109,0.057
skycell,range_cost=10,1433,1566,901,87,0.176,0.133
skycell,range_cost=10,1434,415,277,42,0.094,0.06
skycell,range_cost=10,1435,1519,1243,92,0.202,0.173
skycell,range_cost=10,1436,494,1021,61,0.107,0.158
skycell,range_cost=10,1437,297,298,37,0.088,0.062
skycell,range_cost=10,1438,392,4191,94,0.11,0.404
skycell,range_cost=10,1439,320,307,38,0.078,0.066
skycell,range_cost=10,1440,277,269,45,0.093,0.059
skycell,range_cost=10,1441,2556,2336,120,0.212,0.307
skycell,range_cost=10,1442,2415,2435,125,0.222,0.308
skycell,range_cost=10,1443,2467,2502,129,0.221,0.325
skycell,range_cost=10,1444,28334,35019,640,0.645,3.523
skycell,range_cost=10,1445,10689,11114,324,0.463,1.19
skycell,range_cost=10,1446,2652,6517,172,0.224,0.639
skycell,range_cost=10,1447,3410,2340,122,0.241,0.293
skycell,range_cost=10,1448,137986,147516,1965,0.749,13.597
skycell,range_cost=10,1449,3731,2525,131,0.262,0.322
skycell,range_cost=10,1450,42176,43516,743,0.678,4.172
skycell,range_cost=10,1451,2807,2330,134,0.281,0.292
skycell,range_cost=10,1452,28889,26649,553,0.626,2.848
skycell,range_cost=10,1453,2522,2324,129,0.262,0.302
skycell,range_cost=10,1454,22838,22109,484,0.557,2.248
skycell,range_cost=10,1455,3354,2386,137,0.241,0.295
skycell,range_cost=10,1456,17758,18819,445,0.573,1.863
