method,variant,pass,qid,n,ms
skycell,"",1,1,0,2.06
skycell,"",1,2,1,0.171
skycell,"",1,3,0,0.118
skycell,"",1,4,1,0.209
skycell,"",1,5,0,0.085
skycell,"",1,6,1,0.437
skycell,"",1,7,0,0.081
skycell,"",1,8,1,0.146
skycell,"",1,9,0,0.095
skycell,"",1,10,1,0.14
skycell,"",1,11,0,0.071
skycell,"",1,12,1,0.124
skycell,"",1,13,0,0.057
skycell,"",1,14,1,0.1
skycell,"",1,15,0,0.071
skycell,"",1,16,1,0.106
skycell,"",1,17,0,0.076
skycell,"",1,18,1,0.433
skycell,"",1,19,0,0.068
skycell,"",1,20,1,0.048
skycell,"",1,21,0,0.052
skycell,"",1,22,1,0.103
skycell,"",1,23,0,0.099
skycell,"",1,24,1,0.072
skycell,"",1,25,0,0.058
skycell,"",1,26,1,0.115
skycell,"",1,27,0,0.072
skycell,"",1,28,1,0.082
skycell,"",1,29,0,0.052
skycell,"",1,30,1,0.142
skycell,"",1,31,0,0.101
skycell,"",1,32,1,0.135
skycell,"",1,33,0,0.036
skycell,"",1,34,1,0.074
skycell,"",1,35,0,0.055
skycell,"",1,36,1,0.085
skycell,"",1,37,0,0.086
skycell,"",1,38,1,0.06
skycell,"",1,39,0,0.046
skycell,"",1,40,1,0.133
skycell,"",1,41,0,0.063
skycell,"",1,42,1,0.091
skycell,"",1,43,0,0.066
skycell,"",1,44,1,0.097
skycell,"",1,45,0,0.084
skycell,"",1,46,1,0.085
skycell,"",1,47,0,0.08
skycell,"",1,48,1,0.069
skycell,"",1,49,0,0.073
skycell,"",1,50,1,0.1
skycell,"",1,51,0,0.058
skycell,"",1,52,1,0.068
skycell,"",1,53,0,0.08
skycell,"",1,54,1,0.073
skycell,"",1,55,0,0.08
skycell,"",1,56,1,0.115
skycell,"",1,57,0,0.061
skycell,"",1,58,1,0.111
skycell,"",1,59,0,0.078
skycell,"",1,60,1,0.084
skycell,"",1,61,0,0.07
skycell,"",1,62,1,0.138
skycell,"",1,63,0,0.051
skycell,"",1,64,1,0.068
skycell,"",1,65,0,0.419
skycell,"",1,66,1,0.102
skycell,"",1,67,0,0.074
skycell,"",1,68,1,0.133
skycell,"",1,69,0,0.085
skycell,"",1,70,1,0.384
skycell,"",1,71,0,0.044
skycell,"",1,72,1,0.071
skycell,"",1,73,0,0.062
skycell,"",1,74,1,0.086
skycell,"",1,75,0,0.374
skycell,"",1,76,1,0.354
skycell,"",1,77,0,0.112
skycell,"",1,78,1,0.089
skycell,"",1,79,0,0.045
skycell,"",1,80,1,0.08
skycell,"",1,81,0,0.046
skycell,"",1,82,1,0.034
skycell,"",1,83,0,0.078
skycell,"",1,84,1,0.089
skycell,"",1,85,0,0.044
skycell,"",1,86,1,0.056
skycell,"",1,87,0,0.08
skycell,"",1,88,1,0.382
skycell,"",1,89,0,0.069
skycell,"",1,90,1,0.065
skycell,"",1,91,0,0.046
skycell,"",1,92,1,0.092
skycell,"",1,93,0,0.058
skycell,"",1,94,1,0.123
skycell,"",1,95,0,0.045
skycell,"",1,96,1,0.129
skycell,"",1,97,0,0.046
skycell,"",1,98,1,0.398
skycell,"",1,99,0,0.1
skycell,"",1,100,1,0.068
skycell,"",1,101,0,0.057
skycell,"",1,102,1,0.059
skycell,"",1,103,0,0.085
skycell,"",1,104,1,0.094
skycell,"",1,105,0,0.094
skycell,"",1,106,1,0.425
skycell,"",1,107,0,0.059
skycell,"",1,108,1,0.07
skycell,"",1,109,0,0.08
skycell,"",1,110,1,0.606
skycell,"",1,111,0,0.101
skycell,"",1,112,1,0.054
skycell,"",1,113,0,0.108
skycell,"",1,114,1,0.079
skycell,"",1,115,0,0.062
skycell,"",1,116,1,0.4
skycell,"",1,117,0,0.076
skycell,"",1,118,1,0.132
skycell,"",1,119,0,0.057
skycell,"",1,120,1,0.121
skycell,"",1,121,0,0.072
skycell,"",1,122,1,0.192
skycell,"",1,123,0,0.056
skycell,"",1,124,1,0.074
skycell,"",1,125,0,0.096
skycell,"",1,126,1,0.114
skycell,"",1,127,0,0.05
skycell,"",1,128,1,0.133
skycell,"",1,129,0,0.042
skycell,"",1,130,1,0.094
skycell,"",1,131,0,0.357
skycell,"",1,132,1,0.054
skycell,"",1,133,0,0.051
skycell,"",1,134,1,0.073
skycell,"",1,135,0,0.05
skycell,"",1,136,1,0.072
skycell,"",1,137,0,0.034
skycell,"",1,138,1,0.095
skycell,"",1,139,0,0.063
skycell,"",1,140,1,0.095
skycell,"",1,141,0,0.081
skycell,"",1,142,1,0.087
skycell,"",1,143,0,0.055
skycell,"",1,144,1,0.109
skycell,"",1,145,0,0.044
skycell,"",1,146,1,0.159
skycell,"",1,147,0,0.038
skycell,"",1,148,1,0.113
skycell,"",1,149,0,0.062
skycell,"",1,150,1,0.421
skycell,"",1,151,0,0.054
skycell,"",1,152,1,0.064
skycell,"",1,153,0,0.036
skycell,"",1,154,1,0.045
skycell,"",1,155,0,0.054
skycell,"",1,156,1,0.091
skycell,"",1,157,0,0.042
skycell,"",1,158,1,0.046
skycell,"",1,159,0,0.063
skycell,"",1,160,1,0.087
skycell,"",1,161,0,0.047
skycell,"",1,162,1,0.063
skycell,"",1,163,0,0.058
skycell,"",1,164,1,0.11
skycell,"",1,165,0,0.063
skycell,"",1,166,1,0.079
skycell,"",1,167,0,0.058
skycell,"",1,168,1,0.13
skycell,"",1,169,0,0.083
skycell,"",1,170,1,0.053
skycell,"",1,171,0,0.057
skycell,"",1,172,1,0.073
skycell,"",1,173,0,0.102
skycell,"",1,174,1,0.074
skycell,"",1,175,0,0.068
skycell,"",1,176,1,0.05
skycell,"",1,177,0,0.075
skycell,"",1,178,1,0.08
skycell,"",1,179,0,0.054
skycell,"",1,180,1,0.094
skycell,"",1,181,0,0.044
skycell,"",1,182,1,0.059
skycell,"",1,183,0,0.041
skycell,"",1,184,1,0.081
skycell,"",1,185,0,0.056
skycell,"",1,186,1,0.083
skycell,"",1,187,0,0.044
skycell,"",1,188,1,0.122
skycell,"",1,189,0,0.05
skycell,"",1,190,1,0.053
skycell,"",1,191,0,0.062
skycell,"",1,192,1,0.07
skycell,"",1,193,0,0.049
skycell,"",1,194,1,0.091
skycell,"",1,195,0,0.045
skycell,"",1,196,1,0.061
skycell,"",1,197,0,0.061
skycell,"",1,198,1,0.062
skycell,"",1,199,0,0.04
skycell,"",1,200,1,0.074
skycell,"",1,201,0,0.057
skycell,"",1,202,1,0.066
skycell,"",1,203,0,0.031
skycell,"",1,204,1,0.042
skycell,"",1,205,0,0.039
skycell,"",1,206,1,0.059
skycell,"",1,207,0,0.031
skycell,"",1,208,1,0.087
skycell,"",1,209,0,0.042
skycell,"",1,210,1,0.06
skycell,"",1,211,0,0.047
skycell,"",1,212,1,0.074
skycell,"",1,213,0,0.058
skycell,"",1,214,1,0.057
skycell,"",1,215,0,0.388
skycell,"",1,216,1,0.381
skycell,"",1,217,0,0.075
skycell,"",1,218,1,0.112
skycell,"",1,219,0,0.07
skycell,"",1,220,1,0.103
skycell,"",1,221,0,0.041
skycell,"",1,222,1,0.092
skycell,"",1,223,0,0.075
skycell,"",1,224,1,0.066
skycell,"",1,225,0,0.061
skycell,"",1,226,1,0.079
skycell,"",1,227,0,0.064
skycell,"",1,228,1,0.067
skycell,"",1,229,0,0.348
skycell,"",1,230,1,0.141
skycell,"",1,231,0,0.058
skycell,"",1,232,1,0.059
skycell,"",1,233,0,0.053
skycell,"",1,234,1,0.082
skycell,"",1,235,0,0.38
skycell,"",1,236,1,0.038
skycell,"",1,237,0,0.067
skycell,"",1,238,1,0.095
skycell,"",1,239,0,0.046
skycell,"",1,240,1,0.076
skycell,"",1,241,0,0.042
skycell,"",1,242,1,0.047
skycell,"",1,243,0,0.051
skycell,"",1,244,1,0.051
skycell,"",1,245,0,0.064
skycell,"",1,246,1,0.072
skycell,"",1,247,0,0.096
skycell,"",1,248,1,0.097
skycell,"",1,249,0,0.036
skycell,"",1,250,1,0.054
skycell,"",1,251,0,0.068
skycell,"",1,252,1,0.066
skycell,"",1,253,0,0.05
skycell,"",1,254,1,0.077
skycell,"",1,255,0,0.039
skycell,"",1,256,1,0.084
skycell,"",1,257,0,0.036
skycell,"",1,258,1,0.059
skycell,"",1,259,0,0.042
skycell,"",1,260,1,0.802
skycell,"",1,261,0,0.112
skycell,"",1,262,1,0.106
skycell,"",1,263,0,0.073
skycell,"",1,264,1,0.067
skycell,"",1,265,0,0.364
skycell,"",1,266,1,0.076
skycell,"",1,267,0,0.038
skycell,"",1,268,1,0.091
skycell,"",1,269,0,0.071
skycell,"",1,270,1,0.094
skycell,"",1,271,0,0.053
skycell,"",1,272,1,0.084
skycell,"",1,273,0,0.042
skycell,"",1,274,1,0.07
skycell,"",1,275,0,0.051
skycell,"",1,276,1,0.08
skycell,"",1,277,0,0.067
skycell,"",1,278,1,0.066
skycell,"",1,279,0,0.075
skycell,"",1,280,1,0.056
skycell,"",1,281,0,0.049
skycell,"",1,282,1,0.068
skycell,"",1,283,0,0.049
skycell,"",1,284,1,0.086
skycell,"",1,285,0,0.089
skycell,"",1,286,1,0.06
skycell,"",1,287,0,0.077
skycell,"",1,288,1,0.059
skycell,"",1,289,0,0.037
skycell,"",1,290,1,0.061
skycell,"",1,291,0,0.079
skycell,"",1,292,1,0.08
skycell,"",1,293,0,0.044
skycell,"",1,294,1,0.07
skycell,"",1,295,0,0.057
skycell,"",1,296,1,0.07
skycell,"",1,297,0,0.053
skycell,"",1,298,1,0.066
skycell,"",1,299,0,0.04
skycell,"",1,300,1,0.036
skycell,"",1,301,0,0.05
skycell,"",1,302,1,0.08
skycell,"",1,303,0,0.05
skycell,"",1,304,1,0.115
skycell,"",1,305,0,0.072
skycell,"",1,306,1,0.044
skycell,"",1,307,0,0.034
skycell,"",1,308,1,0.065
skycell,"",1,309,0,0.044
skycell,"",1,310,1,0.092
skycell,"",1,311,0,0.07
skycell,"",1,312,1,0.061
skycell,"",1,313,0,0.047
skycell,"",1,314,1,0.078
skycell,"",1,315,0,0.056
skycell,"",1,316,1,0.088
skycell,"",1,317,0,0.078
skycell,"",1,318,1,0.091
skycell,"",1,319,0,0.051
skycell,"",1,320,1,0.078
skycell,"",1,321,0,0.05
skycell,"",1,322,1,0.051
skycell,"",1,323,0,0.036
skycell,"",1,324,1,0.113
skycell,"",1,325,0,0.102
skycell,"",1,326,1,0.082
skycell,"",1,327,0,0.036
skycell,"",1,328,1,0.039
skycell,"",1,329,0,0.053
skycell,"",1,330,1,0.078
skycell,"",1,331,0,0.05
skycell,"",1,332,1,0.083
skycell,"",1,333,0,0.049
skycell,"",1,334,1,0.08
skycell,"",1,335,0,0.049
skycell,"",1,336,1,0.072
skycell,"",1,337,0,0.054
skycell,"",1,338,1,0.088
skycell,"",1,339,0,0.047
skycell,"",1,340,1,0.063
skycell,"",1,341,0,0.066
skycell,"",1,342,1,0.06
skycell,"",1,343,0,0.046
skycell,"",1,344,1,0.107
skycell,"",1,345,0,0.028
skycell,"",1,346,1,0.055
skycell,"",1,347,0,0.05
skycell,"",1,348,1,0.118
skycell,"",1,349,0,0.07
skycell,"",1,350,1,0.07
skycell,"",1,351,0,0.052
skycell,"",1,352,1,0.065
skycell,"",1,353,0,0.061
skycell,"",1,354,1,0.12
skycell,"",1,355,0,0.041
skycell,"",1,356,1,0.417
skycell,"",1,357,0,0.068
skycell,"",1,358,1,0.325
skycell,"",1,359,0,0.051
skycell,"",1,360,1,0.103
skycell,"",1,361,0,0.049
skycell,"",1,362,1,0.05
skycell,"",1,363,0,0.035
skycell,"",1,364,1,0.124
skycell,"",1,365,0,0.038
skycell,"",1,366,1,0.079
skycell,"",1,367,0,0.065
skycell,"",1,368,1,0.052
skycell,"",1,369,0,0.046
skycell,"",1,370,1,0.067
skycell,"",1,371,0,0.033
skycell,"",1,372,1,0.076
skycell,"",1,373,0,0.048
skycell,"",1,374,1,0.062
skycell,"",1,375,0,0.074
skycell,"",1,376,1,0.063
skycell,"",1,377,0,0.044
skycell,"",1,378,1,0.082
skycell,"",1,379,0,0.031
skycell,"",1,380,1,0.07
skycell,"",1,381,0,0.034
skycell,"",1,382,1,0.081
skycell,"",1,383,0,0.443
skycell,"",1,384,1,0.07
skycell,"",1,385,0,0.059
skycell,"",1,386,1,0.083
skycell,"",1,387,0,0.044
skycell,"",1,388,1,0.084
skycell,"",1,389,0,0.06
skycell,"",1,390,1,0.074
skycell,"",1,391,0,0.093
skycell,"",1,392,1,0.071
skycell,"",1,393,0,0.045
skycell,"",1,394,1,0.062
skycell,"",1,395,0,0.074
skycell,"",1,396,1,0.071
skycell,"",1,397,0,0.038
skycell,"",1,398,1,0.047
skycell,"",1,399,0,0.045
skycell,"",1,400,1,0.105
skycell,"",1,401,0,0.047
skycell,"",1,402,1,0.064
skycell,"",1,403,0,0.034
skycell,"",1,404,1,0.105
skycell,"",1,405,0,0.047
skycell,"",1,406,1,0.056
skycell,"",1,407,0,0.389
skycell,"",1,408,1,0.085
skycell,"",1,409,0,0.063
skycell,"",1,410,1,0.112
skycell,"",1,411,0,0.043
skycell,"",1,412,1,0.05
skycell,"",1,413,0,0.056
skycell,"",1,414,1,0.059
skycell,"",1,415,0,0.061
skycell,"",1,416,1,0.074
skycell,"",1,417,0,0.055
skycell,"",1,418,1,0.119
skycell,"",1,419,0,0.049
skycell,"",1,420,1,0.061
skycell,"",1,421,0,0.046
skycell,"",1,422,1,0.069
skycell,"",1,423,0,0.039
skycell,"",1,424,1,0.105
skycell,"",1,425,1,0.101
skycell,"",1,426,1,0.062
skycell,"",1,427,0,0.065
skycell,"",1,428,1,0.063
skycell,"",1,429,0,0.069
skycell,"",1,430,1,0.059
skycell,"",1,431,0,0.053
skycell,"",1,432,1,0.069
skycell,"",1,433,0,0.04
skycell,"",1,434,1,0.063
skycell,"",1,435,0,0.098
skycell,"",1,436,1,0.071
skycell,"",1,437,0,0.038
skycell,"",1,438,1,0.045
skycell,"",1,439,0,0.097
skycell,"",1,440,1,0.077
skycell,"",1,441,0,0.036
skycell,"",1,442,1,0.057
skycell,"",1,443,0,0.056
skycell,"",1,444,1,0.078
skycell,"",1,445,0,0.05
skycell,"",1,446,1,0.071
skycell,"",1,447,0,0.081
skycell,"",1,448,1,0.072
skycell,"",1,449,0,0.08
skycell,"",1,450,1,0.054
skycell,"",1,451,0,0.077
skycell,"",1,452,1,0.067
skycell,"",1,453,0,0.031
skycell,"",1,454,1,0.037
skycell,"",1,455,0,0.029
skycell,"",1,456,1,0.066
skycell,"",1,457,0,0.055
skycell,"",1,458,1,0.079
skycell,"",1,459,0,0.049
skycell,"",1,460,1,0.072
skycell,"",1,461,0,0.036
skycell,"",1,462,1,0.062
skycell,"",1,463,0,0.059
skycell,"",1,464,1,0.039
skycell,"",1,465,0,0.076
skycell,"",1,466,1,0.074
skycell,"",1,467,0,0.076
skycell,"",1,468,2,0.085
skycell,"",1,469,0,0.043
skycell,"",1,470,1,0.087
skycell,"",1,471,0,0.067
skycell,"",1,472,1,0.088
skycell,"",1,473,0,0.031
skycell,"",1,474,1,0.057
skycell,"",1,475,0,0.056
skycell,"",1,476,1,0.08
skycell,"",1,477,0,0.038
skycell,"",1,478,1,0.048
skycell,"",1,479,0,0.044
skycell,"",1,480,1,0.04
skycell,"",1,481,0,0.081
skycell,"",1,482,1,0.082
skycell,"",1,483,0,0.061
skycell,"",1,484,1,0.056
skycell,"",1,485,0,0.051
skycell,"",1,486,1,0.044
skycell,"",1,487,0,0.044
skycell,"",1,488,1,0.078
skycell,"",1,489,0,0.049
skycell,"",1,490,1,0.041
skycell,"",1,491,0,0.056
skycell,"",1,492,1,0.042
skycell,"",1,493,0,0.056
skycell,"",1,494,1,0.038
skycell,"",1,495,0,0.044
skycell,"",1,496,1,0.134
skycell,"",1,497,0,0.048
skycell,"",1,498,1,0.036
skycell,"",1,499,0,0.064
skycell,"",1,500,1,0.088
skycell,"",1,501,0,0.049
skycell,"",1,502,1,0.065
skycell,"",1,503,0,0.047
skycell,"",1,504,1,0.133
skycell,"",1,505,0,0.051
skycell,"",1,506,2,0.09
skycell,"",1,507,0,0.05
skycell,"",1,508,1,0.079
skycell,"",1,509,0,0.048
skycell,"",1,510,1,0.416
skycell,"",1,511,0,0.065
skycell,"",1,512,1,0.058
skycell,"",1,513,0,0.077
skycell,"",1,514,1,0.05
skycell,"",1,515,0,0.065
skycell,"",1,516,1,0.048
skycell,"",1,517,0,0.048
skycell,"",1,518,1,0.049
skycell,"",1,519,0,0.036
skycell,"",1,520,1,0.059
skycell,"",1,521,0,0.046
skycell,"",1,522,1,0.053
skycell,"",1,523,0,0.075
skycell,"",1,524,1,0.064
skycell,"",1,525,0,0.064
skycell,"",1,526,1,0.056
skycell,"",1,527,0,0.053
skycell,"",1,528,1,0.055
skycell,"",1,529,0,0.358
skycell,"",1,530,1,0.064
skycell,"",1,531,0,0.049
skycell,"",1,532,1,0.081
skycell,"",1,533,0,0.038
skycell,"",1,534,1,0.108
skycell,"",1,535,0,0.086
skycell,"",1,536,1,0.072
skycell,"",1,537,0,0.044
skycell,"",1,538,1,0.063
skycell,"",1,539,0,0.049
skycell,"",1,540,1,0.062
skycell,"",1,541,0,0.047
skycell,"",1,542,1,0.067
skycell,"",1,543,0,0.042
skycell,"",1,544,1,0.069
skycell,"",1,545,0,0.041
skycell,"",1,546,1,0.067
skycell,"",1,547,0,0.336
skycell,"",1,548,1,0.343
skycell,"",1,549,0,0.042
skycell,"",1,550,1,0.081
skycell,"",1,551,0,0.044
skycell,"",1,552,1,0.105
skycell,"",1,553,0,0.076
skycell,"",1,554,1,0.06
skycell,"",1,555,0,0.057
skycell,"",1,556,1,0.322
skycell,"",1,557,0,0.04
skycell,"",1,558,1,0.066
skycell,"",1,559,0,0.072
skycell,"",1,560,1,0.073
skycell,"",1,561,0,0.067
skycell,"",1,562,1,0.072
skycell,"",1,563,0,0.063
skycell,"",1,564,1,0.064
skycell,"",1,565,0,0.049
skycell,"",1,566,1,0.046
skycell,"",1,567,0,0.046
skycell,"",1,568,1,0.039
skycell,"",1,569,0,0.086
skycell,"",1,570,1,0.406
skycell,"",1,571,0,0.053
skycell,"",1,572,13,0.113
skycell,"",1,573,0,0.035
skycell,"",1,574,1,0.073
skycell,"",1,575,0,0.049
skycell,"",1,576,1,0.05
skycell,"",1,577,0,0.048
skycell,"",1,578,2,0.051
skycell,"",1,579,0,0.052
skycell,"",1,580,1,0.077
skycell,"",1,581,0,0.076
skycell,"",1,582,1,0.106
skycell,"",1,583,0,0.058
skycell,"",1,584,1,0.057
skycell,"",1,585,0,0.035
skycell,"",1,586,1,0.081
skycell,"",1,587,0,0.032
skycell,"",1,588,1,0.048
skycell,"",1,589,0,0.364
skycell,"",1,590,1,0.086
skycell,"",1,591,0,0.041
skycell,"",1,592,1,0.056
skycell,"",1,593,0,0.036
skycell,"",1,594,1,0.043
skycell,"",1,595,0,0.03
skycell,"",1,596,1,0.054
skycell,"",1,597,0,0.059
skycell,"",1,598,1,0.081
skycell,"",1,599,0,0.075
skycell,"",1,600,1,0.065
skycell,"",1,601,0,0.036
skycell,"",1,602,1,0.114
skycell,"",1,603,0,0.111
skycell,"",1,604,2,0.126
skycell,"",1,605,0,0.092
skycell,"",1,606,18,0.146
skycell,"",1,607,0,0.051
skycell,"",1,608,1,0.385
skycell,"",1,609,0,0.045
skycell,"",1,610,1,0.055
skycell,"",1,611,0,0.081
skycell,"",1,612,1,0.144
skycell,"",1,613,0,0.05
skycell,"",1,614,1,0.062
skycell,"",1,615,0,0.037
skycell,"",1,616,1,0.07
skycell,"",1,617,0,0.396
skycell,"",1,618,1,0.061
skycell,"",1,619,0,0.033
skycell,"",1,620,1,0.058
skycell,"",1,621,0,0.034
skycell,"",1,622,1,0.114
skycell,"",1,623,0,0.084
skycell,"",1,624,1,0.401
skycell,"",1,625,0,0.051
skycell,"",1,626,1,0.086
skycell,"",1,627,0,0.056
skycell,"",1,628,1,0.065
skycell,"",1,629,0,0.035
skycell,"",1,630,1,0.072
skycell,"",1,631,0,0.061
skycell,"",1,632,1,0.058
skycell,"",1,633,0,0.34
skycell,"",1,634,1,0.068
skycell,"",1,635,0,0.068
skycell,"",1,636,1,0.043
skycell,"",1,637,1,0.067
skycell,"",1,638,1,0.054
skycell,"",1,639,0,0.089
skycell,"",1,640,1,0.089
skycell,"",1,641,0,0.079
skycell,"",1,642,1,0.084
skycell,"",1,643,0,0.057
skycell,"",1,644,1,0.046
skycell,"",1,645,0,0.036
skycell,"",1,646,1,0.066
skycell,"",1,647,0,0.354
skycell,"",1,648,1,0.048
skycell,"",1,649,0,0.041
skycell,"",1,650,1,0.059
skycell,"",1,651,0,0.063
skycell,"",1,652,1,0.058
skycell,"",1,653,0,0.049
skycell,"",1,654,1,0.055
skycell,"",1,655,0,0.066
skycell,"",1,656,1,0.093
skycell,"",1,657,0,0.046
skycell,"",1,658,11,0.102
skycell,"",1,659,0,0.061
skycell,"",1,660,1,0.099
skycell,"",1,661,0,0.054
skycell,"",1,662,1,0.067
skycell,"",1,663,0,0.059
skycell,"",1,664,1,0.045
skycell,"",1,665,0,0.044
skycell,"",1,666,1,0.091
skycell,"",1,667,0,0.045
skycell,"",1,668,1,0.05
skycell,"",1,669,0,0.048
skycell,"",1,670,1,0.078
skycell,"",1,671,0,0.043
skycell,"",1,672,2,0.074
skycell,"",1,673,0,0.062
skycell,"",1,674,1,0.057
skycell,"",1,675,0,0.069
skycell,"",1,676,1,0.499
skycell,"",1,677,0,0.045
skycell,"",1,678,1,0.351
skycell,"",1,679,0,0.063
skycell,"",1,680,1,0.393
skycell,"",1,681,0,0.039
skycell,"",1,682,1,0.14
skycell,"",1,683,0,0.067
skycell,"",1,684,1,0.075
skycell,"",1,685,0,0.046
skycell,"",1,686,1,0.049
skycell,"",1,687,0,0.061
skycell,"",1,688,11,0.09
skycell,"",1,689,0,0.072
skycell,"",1,690,1,0.056
skycell,"",1,691,0,0.037
skycell,"",1,692,1,0.049
skycell,"",1,693,0,0.064
skycell,"",1,694,1,0.072
skycell,"",1,695,0,0.036
skycell,"",1,696,1,0.12
skycell,"",1,697,0,0.052
skycell,"",1,698,1,0.066
skycell,"",1,699,0,0.06
skycell,"",1,700,1,0.06
skycell,"",1,701,0,0.058
skycell,"",1,702,2,0.069
skycell,"",1,703,0,0.035
skycell,"",1,704,1,0.037
skycell,"",1,705,0,0.049
skycell,"",1,706,1,0.054
skycell,"",1,707,0,0.052
skycell,"",1,708,1,0.067
skycell,"",1,709,0,0.041
skycell,"",1,710,1,0.133
skycell,"",1,711,0,0.035
skycell,"",1,712,1,0.042
skycell,"",1,713,0,0.053
skycell,"",1,714,1,0.075
skycell,"",1,715,0,0.033
skycell,"",1,716,1,0.104
skycell,"",1,717,0,0.055
skycell,"",1,718,1,0.048
skycell,"",1,719,0,0.03
skycell,"",1,720,1,0.11
skycell,"",1,721,0,0.064
skycell,"",1,722,1,0.063
skycell,"",1,723,0,0.038
skycell,"",1,724,1,0.061
skycell,"",1,725,0,0.044
skycell,"",1,726,1,0.389
skycell,"",1,727,0,0.079
skycell,"",1,728,1,0.071
skycell,"",1,729,0,0.037
skycell,"",1,730,1,0.315
skycell,"",1,731,0,0.083
skycell,"",1,732,1,0.079
skycell,"",1,733,0,0.091
skycell,"",1,734,1,0.062
skycell,"",1,735,0,0.032
skycell,"",1,736,1,0.409
skycell,"",1,737,0,0.043
skycell,"",1,738,1,0.051
skycell,"",1,739,0,0.054
skycell,"",1,740,1,0.075
skycell,"",1,741,0,0.068
skycell,"",1,742,1,0.058
skycell,"",1,743,0,0.054
skycell,"",1,744,1,0.053
skycell,"",1,745,0,0.052
skycell,"",1,746,1,0.061
skycell,"",1,747,0,0.055
skycell,"",1,748,1,0.052
skycell,"",1,749,0,0.081
skycell,"",1,750,1,0.088
skycell,"",1,751,0,0.04
skycell,"",1,752,1,0.051
skycell,"",1,753,0,0.042
skycell,"",1,754,1,0.054
skycell,"",1,755,0,0.044
skycell,"",1,756,2,0.053
skycell,"",1,757,0,0.056
skycell,"",1,758,1,0.06
skycell,"",1,759,0,0.078
skycell,"",1,760,1,0.129
skycell,"",1,761,0,0.041
skycell,"",1,762,1,0.069
skycell,"",1,763,0,0.051
skycell,"",1,764,1,0.068
skycell,"",1,765,0,0.075
skycell,"",1,766,1,0.068
skycell,"",1,767,0,0.036
skycell,"",1,768,1,0.377
skycell,"",1,769,0,0.053
skycell,"",1,770,3,0.179
skycell,"",1,771,0,0.052
skycell,"",1,772,1,0.064
skycell,"",1,773,0,0.05
skycell,"",1,774,1,0.061
skycell,"",1,775,0,0.055
skycell,"",1,776,1,0.059
skycell,"",1,777,0,0.036
skycell,"",1,778,1,0.062
skycell,"",1,779,0,0.071
skycell,"",1,780,1,0.084
skycell,"",1,781,0,0.031
skycell,"",1,782,1,0.038
skycell,"",1,783,0,0.086
skycell,"",1,784,1,0.093
skycell,"",1,785,0,0.036
skycell,"",1,786,1,0.068
skycell,"",1,787,0,0.043
skycell,"",1,788,1,0.055
skycell,"",1,789,0,0.035
skycell,"",1,790,1,0.058
skycell,"",1,791,0,0.064
skycell,"",1,792,1,0.082
skycell,"",1,793,0,0.067
skycell,"",1,794,1,0.078
skycell,"",1,795,0,0.041
skycell,"",1,796,1,0.038
skycell,"",1,797,0,0.039
skycell,"",1,798,1,0.029
skycell,"",1,799,0,0.061
skycell,"",1,800,1,0.056
skycell,"",1,801,0,0.035
skycell,"",1,802,2,0.1
skycell,"",1,803,0,0.044
skycell,"",1,804,1,0.05
skycell,"",1,805,0,0.042
skycell,"",1,806,2,0.142
skycell,"",1,807,0,0.041
skycell,"",1,808,3,0.102
skycell,"",1,809,0,0.073
skycell,"",1,810,1,0.078
skycell,"",1,811,1,0.073
skycell,"",1,812,1,0.1
skycell,"",1,813,0,0.075
skycell,"",1,814,1,0.059
skycell,"",1,815,0,0.107
skycell,"",1,816,2,0.053
skycell,"",1,817,0,0.053
skycell,"",1,818,1,0.05
skycell,"",1,819,0,0.067
skycell,"",1,820,4,0.179
skycell,"",1,821,0,0.052
skycell,"",1,822,199,0.497
skycell,"",1,823,0,0.073
skycell,"",1,824,2,0.072
skycell,"",1,825,0,0.051
skycell,"",1,826,1,0.087
skycell,"",1,827,0,0.114
skycell,"",1,828,1,0.057
skycell,"",1,829,1,0.171
skycell,"",1,830,2,0.145
skycell,"",1,831,1,0.056
skycell,"",1,832,1,0.055
skycell,"",1,833,0,0.051
skycell,"",1,834,1,0.07
skycell,"",1,835,0,0.05
skycell,"",1,836,8,0.471
skycell,"",1,837,0,0.072
skycell,"",1,838,1,0.056
skycell,"",1,839,0,0.049
skycell,"",1,840,2,0.075
skycell,"",1,841,0,0.062
skycell,"",1,842,1,0.053
skycell,"",1,843,0,0.034
skycell,"",1,844,1,0.377
skycell,"",1,845,0,0.072
skycell,"",1,846,1,0.053
skycell,"",1,847,0,0.045
skycell,"",1,848,1,0.07
skycell,"",1,849,0,0.068
skycell,"",1,850,1,0.04
skycell,"",1,851,0,0.051
skycell,"",1,852,2,0.082
skycell,"",1,853,0,0.079
skycell,"",1,854,2,0.102
skycell,"",1,855,0,0.053
skycell,"",1,856,3,0.163
skycell,"",1,857,0,0.354
skycell,"",1,858,8,0.06
skycell,"",1,859,0,0.089
skycell,"",1,860,1,0.047
skycell,"",1,861,0,0.038
skycell,"",1,862,3,0.119
skycell,"",1,863,0,0.042
skycell,"",1,864,359,0.59
skycell,"",1,865,0,0.037
skycell,"",1,866,2,0.384
skycell,"",1,867,0,0.041
skycell,"",1,868,2,0.067
skycell,"",1,869,0,0.037
skycell,"",1,870,1,0.036
skycell,"",1,871,0,0.032
skycell,"",1,872,3,0.16
skycell,"",1,873,0,0.072
skycell,"",1,874,5,0.071
skycell,"",1,875,0,0.037
skycell,"",1,876,3,0.047
skycell,"",1,877,0,0.036
skycell,"",1,878,1,0.056
skycell,"",1,879,0,0.061
skycell,"",1,880,1,0.05
skycell,"",1,881,0,0.047
skycell,"",1,882,1,0.038
skycell,"",1,883,0,0.053
skycell,"",1,884,3,0.071
skycell,"",1,885,1,0.098
skycell,"",1,886,4,0.06
skycell,"",1,887,0,0.061
skycell,"",1,888,1,0.035
skycell,"",1,889,0,0.045
skycell,"",1,890,2,0.039
skycell,"",1,891,3,0.053
skycell,"",1,892,1,0.062
skycell,"",1,893,3,0.153
skycell,"",1,894,2,0.075
skycell,"",1,895,0,0.058
skycell,"",1,896,1,0.06
skycell,"",1,897,0,0.047
skycell,"",1,898,2,0.091
skycell,"",1,899,0,0.042
skycell,"",1,900,1,0.093
skycell,"",1,901,0,0.048
skycell,"",1,902,3,0.112
skycell,"",1,903,0,0.106
skycell,"",1,904,2,0.156
skycell,"",1,905,0,0.053
skycell,"",1,906,4,0.056
skycell,"",1,907,1,0.06
skycell,"",1,908,3,0.387
skycell,"",1,909,0,0.04
skycell,"",1,910,5,0.046
skycell,"",1,911,0,0.047
skycell,"",1,912,1,0.541
skycell,"",1,913,0,0.042
skycell,"",1,914,1,0.057
skycell,"",1,915,0,0.04
skycell,"",1,916,1,0.047
skycell,"",1,917,0,0.034
skycell,"",1,918,1,0.053
skycell,"",1,919,0,0.048
skycell,"",1,920,1,0.05
skycell,"",1,921,0,0.072
skycell,"",1,922,1,0.079
skycell,"",1,923,0,0.115
skycell,"",1,924,4,0.065
skycell,"",1,925,0,0.059
skycell,"",1,926,2,0.079
skycell,"",1,927,0,0.056
skycell,"",1,928,48,0.576
skycell,"",1,929,0,0.064
skycell,"",1,930,4,0.12
skycell,"",1,931,0,0.037
skycell,"",1,932,2,0.069
skycell,"",1,933,2,0.085
skycell,"",1,934,2,0.103
skycell,"",1,935,0,0.051
skycell,"",1,936,5,0.082
skycell,"",1,937,2,0.041
skycell,"",1,938,1,0.045
skycell,"",1,939,0,0.062
skycell,"",1,940,2,0.05
skycell,"",1,941,0,0.031
skycell,"",1,942,4,0.126
skycell,"",1,943,0,0.121
skycell,"",1,944,1,0.41
skycell,"",1,945,0,0.068
skycell,"",1,946,4,0.142
skycell,"",1,947,0,0.051
skycell,"",1,948,2,0.092
skycell,"",1,949,0,0.426
skycell,"",1,950,1,0.039
skycell,"",1,951,0,0.039
skycell,"",1,952,1,0.082
skycell,"",1,953,0,0.32
skycell,"",1,954,1,0.065
skycell,"",1,955,0,0.044
skycell,"",1,956,1,0.09
skycell,"",1,957,0,0.051
skycell,"",1,958,1,0.043
skycell,"",1,959,0,0.124
skycell,"",1,960,1,0.099
skycell,"",1,961,0,0.053
skycell,"",1,962,2,0.053
skycell,"",1,963,0,0.076
skycell,"",1,964,3,0.107
skycell,"",1,965,0,0.035
skycell,"",1,966,1,0.04
skycell,"",1,967,0,0.046
skycell,"",1,968,2,0.047
skycell,"",1,969,0,0.046
skycell,"",1,970,18,0.353
skycell,"",1,971,2,0.07
skycell,"",1,972,2,0.049
skycell,"",1,973,0,0.056
skycell,"",1,974,3,0.068
skycell,"",1,975,0,0.056
skycell,"",1,976,3,0.035
skycell,"",1,977,1,0.031
skycell,"",1,978,1,0.078
skycell,"",1,979,0,0.115
skycell,"",1,980,1,0.093
skycell,"",1,981,0,0.025
skycell,"",1,982,7,0.267
skycell,"",1,983,0,0.077
skycell,"",1,984,2,0.047
skycell,"",1,985,0,0.048
skycell,"",1,986,5,0.073
skycell,"",1,987,0,0.062
skycell,"",1,988,1,0.047
skycell,"",1,989,0,0.029
skycell,"",1,990,6,0.054
skycell,"",1,991,0,0.06
skycell,"",1,992,1,0.104
skycell,"",1,993,0,0.038
skycell,"",1,994,1,0.057
skycell,"",1,995,0,0.047
skycell,"",1,996,5,0.117
skycell,"",1,997,0,0.033
skycell,"",1,998,5,0.061
skycell,"",1,999,0,0.036
skycell,"",1,1000,1,0.578
skycell,"",1,1001,0,0.072
skycell,"",1,1002,1,0.06
skycell,"",1,1003,0,0.067
skycell,"",1,1004,1,0.077
skycell,"",1,1005,0,0.131
skycell,"",1,1006,3,0.088
skycell,"",1,1007,1,0.086
skycell,"",1,1008,2,0.384
skycell,"",1,1009,0,0.061
skycell,"",1,1010,2,0.058
skycell,"",1,1011,0,0.047
skycell,"",1,1012,1,0.325
skycell,"",1,1013,1,0.072
skycell,"",1,1014,2,0.417
skycell,"",1,1015,0,0.058
skycell,"",1,1016,1,0.062
skycell,"",1,1017,0,0.064
skycell,"",1,1018,3,0.081
skycell,"",1,1019,0,0.037
skycell,"",1,1020,1,0.103
skycell,"",1,1021,0,0.055
skycell,"",1,1022,1,0.114
skycell,"",1,1023,0,0.047
skycell,"",1,1024,1,0.058
skycell,"",1,1025,0,0.06
skycell,"",1,1026,1,0.047
skycell,"",1,1027,0,0.141
skycell,"",1,1028,4,0.098
skycell,"",1,1029,0,0.042
skycell,"",1,1030,1,0.06
skycell,"",1,1031,0,0.07
skycell,"",1,1032,1,0.061
skycell,"",1,1033,0,0.041
skycell,"",1,1034,2,0.087
skycell,"",1,1035,0,0.058
skycell,"",1,1036,1,0.426
skycell,"",1,1037,0,0.056
skycell,"",1,1038,1,0.255
skycell,"",1,1039,0,0.074
skycell,"",1,1040,1,0.064
skycell,"",1,1041,0,0.088
skycell,"",1,1042,1,0.089
skycell,"",1,1043,0,0.038
skycell,"",1,1044,1,0.063
skycell,"",1,1045,1,0.132
skycell,"",1,1046,3,0.088
skycell,"",1,1047,0,0.366
skycell,"",1,1048,1,0.043
skycell,"",1,1049,0,0.059
skycell,"",1,1050,3,0.049
skycell,"",1,1051,0,0.056
skycell,"",1,1052,1,0.079
skycell,"",1,1053,0,0.079
skycell,"",1,1054,1,0.08
skycell,"",1,1055,0,0.072
skycell,"",1,1056,1,0.062
skycell,"",1,1057,0,0.032
skycell,"",1,1058,64,0.152
skycell,"",1,1059,0,0.389
skycell,"",1,1060,1,0.056
skycell,"",1,1061,0,0.058
skycell,"",1,1062,1,0.053
skycell,"",1,1063,0,0.327
skycell,"",1,1064,6,0.137
skycell,"",1,1065,2,0.041
skycell,"",1,1066,2,0.065
skycell,"",1,1067,0,0.091
skycell,"",1,1068,2,0.057
skycell,"",1,1069,0,0.055
skycell,"",1,1070,4,0.058
skycell,"",1,1071,0,0.047
skycell,"",1,1072,3,0.07
skycell,"",1,1073,0,0.069
skycell,"",1,1074,1,0.06
skycell,"",1,1075,0,0.065
skycell,"",1,1076,1,0.366
skycell,"",1,1077,0,0.041
skycell,"",1,1078,1,0.092
skycell,"",1,1079,1,0.064
skycell,"",1,1080,2,0.063
skycell,"",1,1081,0,0.043
skycell,"",1,1082,2,0.085
skycell,"",1,1083,0,0.059
skycell,"",1,1084,1,0.054
skycell,"",1,1085,0,0.047
skycell,"",1,1086,2,0.052
skycell,"",1,1087,0,0.081
skycell,"",1,1088,2,0.046
skycell,"",1,1089,0,0.042
skycell,"",1,1090,5,0.061
skycell,"",1,1091,0,0.087
skycell,"",1,1092,2,0.087
skycell,"",1,1093,0,0.053
skycell,"",1,1094,2,0.047
skycell,"",1,1095,0,0.062
skycell,"",1,1096,1,0.279
skycell,"",1,1097,0,0.059
skycell,"",1,1098,1,0.074
skycell,"",1,1099,1,0.345
skycell,"",1,1100,7,0.278
skycell,"",1,1101,1,0.062
skycell,"",1,1102,3,0.356
skycell,"",1,1103,11,0.199
skycell,"",1,1104,2,0.092
skycell,"",1,1105,1,0.142
skycell,"",1,1106,59,0.174
skycell,"",1,1107,3,0.062
skycell,"",1,1108,36,0.059
skycell,"",1,1109,3,0.056
skycell,"",1,1110,27,0.065
skycell,"",1,1111,3,0.091
skycell,"",1,1112,5,0.08
skycell,"",1,1113,2,0.043
skycell,"",1,1114,123,0.448
skycell,"",1,1115,4,0.063
skycell,"",1,1116,137,0.262
skycell,"",1,1117,11,0.066
skycell,"",1,1118,107,0.135
skycell,"",1,1119,14,0.072
skycell,"",1,1120,158,0.28
skycell,"",1,1121,2,0.151
skycell,"",1,1122,21,0.135
skycell,"",1,1123,2,0.049
skycell,"",1,1124,4,0.13
skycell,"",1,1125,3,0.076
skycell,"",1,1126,18,0.095
skycell,"",1,1127,3,0.093
skycell,"",1,1128,6,0.036
skycell,"",1,1129,21,0.156
skycell,"",1,1130,8,0.051
skycell,"",1,1131,2,0.339
skycell,"",1,1132,88,0.185
skycell,"",1,1133,15,0.123
skycell,"",1,1134,1,0.138
skycell,"",1,1135,3,0.04
skycell,"",1,1136,29,0.061
skycell,"",1,1137,0,0.087
skycell,"",1,1138,2,0.032
skycell,"",1,1139,1,0.054
skycell,"",1,1140,6,0.034
skycell,"",1,1141,8,0.054
skycell,"",1,1142,2,0.033
skycell,"",1,1143,4,0.085
skycell,"",1,1144,75,0.119
skycell,"",1,1145,4,0.041
skycell,"",1,1146,22,0.091
skycell,"",1,1147,2,0.05
skycell,"",1,1148,6,0.028
skycell,"",1,1149,9,0.124
skycell,"",1,1150,66,0.11
skycell,"",1,1151,1,0.458
skycell,"",1,1152,34,0.257
skycell,"",1,1153,4,0.068
skycell,"",1,1154,45,0.096
skycell,"",1,1155,3,0.075
skycell,"",1,1156,466,0.396
skycell,"",1,1157,1,0.124
skycell,"",1,1158,49,0.105
skycell,"",1,1159,2,0.074
skycell,"",1,1160,42,0.189
skycell,"",1,1161,4,0.07
skycell,"",1,1162,3,0.039
skycell,"",1,1163,6,0.106
skycell,"",1,1164,3,0.056
skycell,"",1,1165,12,0.102
skycell,"",1,1166,20,0.117
skycell,"",1,1167,4,0.04
skycell,"",1,1168,930,0.292
skycell,"",1,1169,46,0.121
skycell,"",1,1170,5,0.13
skycell,"",1,1171,1,0.045
skycell,"",1,1172,6,0.037
skycell,"",1,1173,3,0.127
skycell,"",1,1174,4,0.066
skycell,"",1,1175,1,0.065
skycell,"",1,1176,16,0.077
skycell,"",1,1177,2,0.068
skycell,"",1,1178,10,0.053
skycell,"",1,1179,4,0.058
skycell,"",1,1180,13,0.059
skycell,"",1,1181,2,0.065
skycell,"",1,1182,52,0.15
skycell,"",1,1183,7,0.105
skycell,"",1,1184,4,0.063
skycell,"",1,1185,1,0.071
skycell,"",1,1186,48,0.136
skycell,"",1,1187,3,0.094
skycell,"",1,1188,3,0.076
skycell,"",1,1189,3,0.04
skycell,"",1,1190,2,0.06
q3c,"",1,1,0,4.278
skycell,"",1,1191,1,0.06
skycell,"",1,1192,137,0.175
skycell,"",1,1193,2,0.339
skycell,"",1,1194,3,0.15
skycell,"",1,1195,2,0.084
skycell,"",1,1196,8,0.059
skycell,"",1,1197,1,0.071
skycell,"",1,1198,49,0.17
skycell,"",1,1199,4,0.067
skycell,"",1,1200,55,0.132
skycell,"",1,1201,2,0.101
skycell,"",1,1202,6,0.044
skycell,"",1,1203,48,0.146
skycell,"",1,1204,8,0.096
skycell,"",1,1205,0,0.051
skycell,"",1,1206,63,0.163
skycell,"",1,1207,8,0.398
skycell,"",1,1208,10,0.036
skycell,"",1,1209,2,0.072
skycell,"",1,1210,8,0.037
skycell,"",1,1211,0,0.103
skycell,"",1,1212,72,0.092
skycell,"",1,1213,2,0.132
skycell,"",1,1214,26,0.467
skycell,"",1,1215,1,0.067
skycell,"",1,1216,33,0.109
skycell,"",1,1217,2,0.068
skycell,"",1,1218,4,0.038
skycell,"",1,1219,5,0.039
skycell,"",1,1220,70,0.396
skycell,"",1,1221,0,0.06
skycell,"",1,1222,3834,1.021
skycell,"",1,1223,1,0.052
skycell,"",1,1224,5,0.123
skycell,"",1,1225,11,0.065
skycell,"",1,1226,3,0.103
skycell,"",1,1227,4,0.114
skycell,"",1,1228,1616,0.723
skycell,"",1,1229,11,0.081
skycell,"",1,1230,1,0.032
skycell,"",1,1231,1,0.072
skycell,"",1,1232,170,0.574
skycell,"",1,1233,2,0.077
skycell,"",1,1234,3,0.047
skycell,"",1,1235,2,0.053
skycell,"",1,1236,32,0.109
skycell,"",1,1237,2,0.072
skycell,"",1,1238,4,0.123
skycell,"",1,1239,6,0.082
skycell,"",1,1240,40,0.083
skycell,"",1,1241,3,0.106
skycell,"",1,1242,11,0.078
skycell,"",1,1243,51,0.148
skycell,"",1,1244,66,0.074
skycell,"",1,1245,1,0.092
skycell,"",1,1246,3,0.032
skycell,"",1,1247,0,0.084
skycell,"",1,1248,106,0.126
skycell,"",1,1249,11,0.076
skycell,"",1,1250,29,0.089
skycell,"",1,1251,2,0.086
skycell,"",1,1252,79,0.276
skycell,"",1,1253,4,0.072
skycell,"",1,1254,118,0.238
skycell,"",1,1255,47,0.166
skycell,"",1,1256,4009,0.592
skycell,"",1,1257,74,0.096
skycell,"",1,1258,4,0.052
skycell,"",1,1259,1,0.07
skycell,"",1,1260,5,0.078
skycell,"",1,1261,99,0.521
skycell,"",1,1262,140,0.49
skycell,"",1,1263,2,0.071
skycell,"",1,1264,74,0.144
skycell,"",1,1265,1,0.285
skycell,"",1,1266,21,0.188
skycell,"",1,1267,3,0.074
skycell,"",1,1268,3,0.059
skycell,"",1,1269,3,0.094
skycell,"",1,1270,22,0.395
skycell,"",1,1271,14,0.082
skycell,"",1,1272,19,0.095
skycell,"",1,1273,4,0.063
skycell,"",1,1274,730,0.7
skycell,"",1,1275,61,0.49
skycell,"",1,1276,3,0.074
skycell,"",1,1277,2,0.054
skycell,"",1,1278,139,0.224
skycell,"",1,1279,0,0.053
skycell,"",1,1280,87,0.433
skycell,"",1,1281,3,0.09
skycell,"",1,1282,77,0.093
skycell,"",1,1283,4,0.043
skycell,"",1,1284,47,0.144
skycell,"",1,1285,36,0.077
skycell,"",1,1286,2,0.046
skycell,"",1,1287,7,0.043
skycell,"",1,1288,4,0.034
skycell,"",1,1289,1,0.051
skycell,"",1,1290,175,0.212
skycell,"",1,1291,2,0.077
skycell,"",1,1292,65,0.104
skycell,"",1,1293,4,0.041
skycell,"",1,1294,59,0.095
skycell,"",1,1295,2,0.085
skycell,"",1,1296,5,0.032
skycell,"",1,1297,1,0.053
skycell,"",1,1298,9,0.412
skycell,"",1,1299,3,0.069
skycell,"",1,1300,81,0.159
skycell,"",1,1301,115,0.12
skycell,"",1,1302,528,0.325
skycell,"",1,1303,144,0.282
skycell,"",1,1304,1562,0.69
skycell,"",1,1305,53,0.178
skycell,"",1,1306,1632,0.814
skycell,"",1,1307,103,0.207
skycell,"",1,1308,85,0.216
skycell,"",1,1309,72,0.228
skycell,"",1,1310,68,0.119
skycell,"",1,1311,63,0.125
skycell,"",1,1312,66,0.149
skycell,"",1,1313,51,0.207
skycell,"",1,1314,69,0.203
skycell,"",1,1315,475,0.336
skycell,"",1,1316,397,0.445
skycell,"",1,1317,71,0.211
skycell,"",1,1318,800,0.829
skycell,"",1,1319,64,0.548
skycell,"",1,1320,73,0.236
skycell,"",1,1321,75,0.175
skycell,"",1,1322,69,0.153
skycell,"",1,1323,77,0.16
skycell,"",1,1324,2294,1.025
skycell,"",1,1325,84,0.204
skycell,"",1,1326,752,0.521
skycell,"",1,1327,72,0.131
skycell,"",1,1328,879,0.404
skycell,"",1,1329,81,0.142
skycell,"",1,1330,1598,1.304
skycell,"",1,1331,61,0.544
skycell,"",1,1332,69,0.117
skycell,"",1,1333,67,0.108
skycell,"",1,1334,736,0.42
skycell,"",1,1335,311,0.256
skycell,"",1,1336,1019,0.525
skycell,"",1,1337,81,0.169
skycell,"",1,1338,1099,0.651
skycell,"",1,1339,122,0.63
skycell,"",1,1340,1284,1.082
skycell,"",1,1341,56,0.151
skycell,"",1,1342,65,0.196
skycell,"",1,1343,61,0.114
skycell,"",1,1344,57,0.094
skycell,"",1,1345,63,0.621
skycell,"",1,1346,553,0.385
skycell,"",1,1347,68,0.486
skycell,"",1,1348,63,0.162
skycell,"",1,1349,216,0.247
skycell,"",1,1350,75,0.118
skycell,"",1,1351,69,0.239
skycell,"",1,1352,157,0.15
skycell,"",1,1353,211,0.252
skycell,"",1,1354,136,0.147
skycell,"",1,1355,47,0.124
skycell,"",1,1356,660,0.348
skycell,"",1,1357,70,0.128
skycell,"",1,1358,66,0.071
skycell,"",1,1359,68,0.186
skycell,"",1,1360,674,0.478
skycell,"",1,1361,67,0.276
skycell,"",1,1362,61,0.144
skycell,"",1,1363,60,0.147
skycell,"",1,1364,2512,1.365
skycell,"",1,1365,65,0.181
skycell,"",1,1366,65,0.169
skycell,"",1,1367,60,0.093
skycell,"",1,1368,60,0.484
skycell,"",1,1369,163,0.181
skycell,"",1,1370,4069,1.597
skycell,"",1,1371,77,0.424
skycell,"",1,1372,601,0.376
skycell,"",1,1373,49,0.459
skycell,"",1,1374,70,0.155
skycell,"",1,1375,73,0.209
skycell,"",1,1376,495,0.386
skycell,"",1,1377,63,0.421
skycell,"",1,1378,1356,0.84
skycell,"",1,1379,79,0.151
skycell,"",1,1380,1572,0.823
skycell,"",1,1381,47,0.177
skycell,"",1,1382,75,0.494
skycell,"",1,1383,65,0.159
skycell,"",1,1384,77,0.085
skycell,"",1,1385,1227,1.254
skycell,"",1,1386,1589,0.533
skycell,"",1,1387,79,0.122
skycell,"",1,1388,898,1.005
skycell,"",1,1389,69,0.118
skycell,"",1,1390,710,0.412
skycell,"",1,1391,77,0.115
skycell,"",1,1392,67,0.091
skycell,"",1,1393,66,0.171
skycell,"",1,1394,3504,1.522
skycell,"",1,1395,64,0.178
skycell,"",1,1396,3600,1.257
skycell,"",1,1397,59,0.119
skycell,"",1,1398,2926,1.183
skycell,"",1,1399,66,0.167
skycell,"",1,1400,4002,1.631
skycell,"",1,1401,297,0.274
skycell,"",1,1402,254,0.165
skycell,"",1,1403,324,0.399
skycell,"",1,1404,1369,1.028
skycell,"",1,1405,265,1.069
skycell,"",1,1406,1108,0.594
skycell,"",1,1407,276,0.72
skycell,"",1,1408,4152,2.103
skycell,"",1,1409,297,0.607
skycell,"",1,1410,306,0.297
skycell,"",1,1411,748,0.739
skycell,"",1,1412,265,0.259
skycell,"",1,1413,280,0.304
skycell,"",1,1414,1101,0.705
skycell,"",1,1415,251,0.216
skycell,"",1,1416,9129,3.116
skycell,"",1,1417,272,0.258
skycell,"",1,1418,5071,2.977
skycell,"",1,1419,271,0.274
skycell,"",1,1420,5690,2.174
skycell,"",1,1421,233,0.265
skycell,"",1,1422,4433,2.037
skycell,"",1,1423,260,0.289
skycell,"",1,1424,3126,1.374
skycell,"",1,1425,3145,1.524
skycell,"",1,1426,302,0.328
skycell,"",1,1427,255,0.302
skycell,"",1,1428,3905,1.316
skycell,"",1,1429,1284,0.723
skycell,"",1,1430,1294,0.462
skycell,"",1,1431,289,0.52
skycell,"",1,1432,268,0.694
skycell,"",1,1433,901,0.527
skycell,"",1,1434,277,0.555
skycell,"",1,1435,1243,0.612
skycell,"",1,1436,1021,0.491
skycell,"",1,1437,298,0.322
skycell,"",1,1438,4191,0.778
skycell,"",1,1439,307,0.264
skycell,"",1,1440,269,0.196
skycell,"",1,1441,2336,1.1
skycell,"",1,1442,2435,1.768
skycell,"",1,1443,2502,0.872
skycell,"",1,1444,35019,8.371
skycell,"",1,1445,11114,3.34
skycell,"",1,1446,6517,2.379
skycell,"",1,1447,2340,0.861
skycell,"",1,1448,147516,32.158
skycell,"",1,1449,2525,1.455
skycell,"",1,1450,43516,11.747
skycell,"",1,1451,2330,1.231
skycell,"",1,1452,26649,6.896
skycell,"",1,1453,2324,1.49
skycell,"",1,1454,22109,4.399
skycell,"",1,1455,2386,2.078
skycell,"",1,1456,18819,4.707
skycell,"",2,1,0,0.047
skycell,"",2,2,1,0.039
skycell,"",2,3,0,0.031
skycell,"",2,4,1,0.041
skycell,"",2,5,0,0.03
skycell,"",2,6,1,0.039
skycell,"",2,7,0,0.029
skycell,"",2,8,1,0.029
skycell,"",2,9,0,0.027
skycell,"",2,10,1,0.03
skycell,"",2,11,0,0.027
skycell,"",2,12,1,0.037
skycell,"",2,13,0,0.027
skycell,"",2,14,1,0.028
skycell,"",2,15,0,0.026
skycell,"",2,16,1,0.036
skycell,"",2,17,0,0.034
skycell,"",2,18,1,0.035
skycell,"",2,19,0,0.026
skycell,"",2,20,1,0.027
skycell,"",2,21,0,0.025
skycell,"",2,22,1,0.036
skycell,"",2,23,0,0.028
skycell,"",2,24,1,0.026
skycell,"",2,25,0,0.026
skycell,"",2,26,1,0.034
skycell,"",2,27,0,0.027
skycell,"",2,28,1,0.028
skycell,"",2,29,0,0.026
skycell,"",2,30,1,0.036
skycell,"",2,31,0,0.027
skycell,"",2,32,1,0.036
skycell,"",2,33,0,0.025
skycell,"",2,34,1,0.027
skycell,"",2,35,0,0.025
skycell,"",2,36,1,0.026
skycell,"",2,37,0,0.033
skycell,"",2,38,1,0.026
skycell,"",2,39,0,0.026
skycell,"",2,40,1,0.028
skycell,"",2,41,0,0.026
skycell,"",2,42,1,0.028
skycell,"",2,43,0,0.034
skycell,"",2,44,1,0.027
skycell,"",2,45,0,0.036
skycell,"",2,46,1,0.035
skycell,"",2,47,0,0.035
skycell,"",2,48,1,0.035
skycell,"",2,49,0,0.026
skycell,"",2,50,1,0.028
skycell,"",2,51,0,0.035
skycell,"",2,52,1,0.027
skycell,"",2,53,0,0.025
skycell,"",2,54,1,0.027
skycell,"",2,55,0,0.034
skycell,"",2,56,1,0.028
skycell,"",2,57,0,0.027
skycell,"",2,58,1,0.035
skycell,"",2,59,0,0.025
skycell,"",2,60,1,0.028
skycell,"",2,61,0,0.034
skycell,"",2,62,1,0.038
skycell,"",2,63,0,0.027
skycell,"",2,64,1,0.028
skycell,"",2,65,0,0.025
skycell,"",2,66,1,0.027
skycell,"",2,67,0,0.026
skycell,"",2,68,1,0.027
skycell,"",2,69,0,0.027
skycell,"",2,70,1,0.025
skycell,"",2,71,0,0.025
skycell,"",2,72,1,0.026
skycell,"",2,73,0,0.027
skycell,"",2,74,1,0.027
skycell,"",2,75,0,0.025
skycell,"",2,76,1,0.028
skycell,"",2,77,0,0.035
skycell,"",2,78,1,0.028
skycell,"",2,79,0,0.026
skycell,"",2,80,1,0.027
skycell,"",2,81,0,0.025
skycell,"",2,82,1,0.026
skycell,"",2,83,0,0.047
skycell,"",2,84,1,0.027
skycell,"",2,85,0,0.026
skycell,"",2,86,1,0.026
skycell,"",2,87,0,0.027
skycell,"",2,88,1,0.027
skycell,"",2,89,0,0.032
skycell,"",2,90,1,0.027
skycell,"",2,91,0,0.027
skycell,"",2,92,1,0.033
skycell,"",2,93,0,0.026
skycell,"",2,94,1,0.036
skycell,"",2,95,0,0.026
skycell,"",2,96,1,0.038
skycell,"",2,97,0,0.026
skycell,"",2,98,1,0.027
skycell,"",2,99,0,0.025
skycell,"",2,100,1,0.025
skycell,"",2,101,0,0.025
skycell,"",2,102,1,0.026
skycell,"",2,103,0,0.026
skycell,"",2,104,1,0.026
skycell,"",2,105,0,0.032
skycell,"",2,106,1,0.029
skycell,"",2,107,0,0.024
skycell,"",2,108,1,0.027
skycell,"",2,109,0,0.034
skycell,"",2,110,1,0.037
skycell,"",2,111,0,0.046
skycell,"",2,112,1,0.027
skycell,"",2,113,0,0.027
skycell,"",2,114,1,0.027
skycell,"",2,115,0,0.026
skycell,"",2,116,1,0.035
skycell,"",2,117,0,0.025
skycell,"",2,118,1,0.028
skycell,"",2,119,0,0.025
skycell,"",2,120,1,0.026
skycell,"",2,121,0,0.025
skycell,"",2,122,1,0.035
skycell,"",2,123,0,0.025
skycell,"",2,124,1,0.027
skycell,"",2,125,0,0.04
skycell,"",2,126,1,0.028
skycell,"",2,127,0,0.025
skycell,"",2,128,1,0.027
skycell,"",2,129,0,0.024
skycell,"",2,130,1,0.026
skycell,"",2,131,0,0.025
skycell,"",2,132,1,0.026
skycell,"",2,133,0,0.03
skycell,"",2,134,1,0.027
skycell,"",2,135,0,0.026
skycell,"",2,136,1,0.027
skycell,"",2,137,0,0.024
skycell,"",2,138,1,0.035
skycell,"",2,139,0,0.026
skycell,"",2,140,1,0.027
skycell,"",2,141,0,0.035
skycell,"",2,142,1,0.035
skycell,"",2,143,0,0.025
skycell,"",2,144,1,0.034
skycell,"",2,145,0,0.025
skycell,"",2,146,1,0.046
skycell,"",2,147,0,0.026
skycell,"",2,148,1,0.026
skycell,"",2,149,0,0.024
skycell,"",2,150,1,0.035
skycell,"",2,151,0,0.026
skycell,"",2,152,1,0.027
skycell,"",2,153,0,0.026
skycell,"",2,154,1,0.025
skycell,"",2,155,0,0.025
skycell,"",2,156,1,0.026
skycell,"",2,157,0,0.025
skycell,"",2,158,1,0.025
skycell,"",2,159,0,0.032
skycell,"",2,160,1,0.026
skycell,"",2,161,0,0.024
skycell,"",2,162,1,0.026
skycell,"",2,163,0,0.026
skycell,"",2,164,1,0.026
skycell,"",2,165,0,0.026
skycell,"",2,166,1,0.027
skycell,"",2,167,0,0.025
skycell,"",2,168,1,0.034
skycell,"",2,169,0,0.032
skycell,"",2,170,1,0.026
skycell,"",2,171,0,0.026
skycell,"",2,172,1,0.027
skycell,"",2,173,0,0.033
skycell,"",2,174,1,0.027
skycell,"",2,175,0,0.024
skycell,"",2,176,1,0.027
skycell,"",2,177,0,0.024
skycell,"",2,178,1,0.033
skycell,"",2,179,0,0.033
skycell,"",2,180,1,0.028
skycell,"",2,181,0,0.024
skycell,"",2,182,1,0.025
skycell,"",2,183,0,0.026
skycell,"",2,184,1,0.034
skycell,"",2,185,0,0.025
skycell,"",2,186,1,0.027
skycell,"",2,187,0,0.024
skycell,"",2,188,1,0.026
skycell,"",2,189,0,0.033
skycell,"",2,190,1,0.025
skycell,"",2,191,0,0.025
skycell,"",2,192,1,0.025
skycell,"",2,193,0,0.025
skycell,"",2,194,1,0.041
skycell,"",2,195,0,0.024
skycell,"",2,196,1,0.027
skycell,"",2,197,0,0.044
skycell,"",2,198,1,0.026
skycell,"",2,199,0,0.025
skycell,"",2,200,1,0.026
skycell,"",2,201,0,0.025
skycell,"",2,202,1,0.026
skycell,"",2,203,0,0.025
skycell,"",2,204,1,0.027
skycell,"",2,205,0,0.026
skycell,"",2,206,1,0.034
skycell,"",2,207,0,0.025
skycell,"",2,208,1,0.027
skycell,"",2,209,0,0.024
skycell,"",2,210,1,0.026
skycell,"",2,211,0,0.026
skycell,"",2,212,1,0.027
skycell,"",2,213,0,0.025
skycell,"",2,214,1,0.026
skycell,"",2,215,0,0.026
skycell,"",2,216,1,0.036
skycell,"",2,217,0,0.024
skycell,"",2,218,1,0.036
skycell,"",2,219,0,0.035
skycell,"",2,220,1,0.035
skycell,"",2,221,0,0.03
skycell,"",2,222,1,0.026
skycell,"",2,223,0,0.032
skycell,"",2,224,1,0.027
skycell,"",2,225,0,0.032
skycell,"",2,226,1,0.027
skycell,"",2,227,0,0.04
skycell,"",2,228,1,0.025
skycell,"",2,229,0,0.025
skycell,"",2,230,1,0.035
skycell,"",2,231,0,0.025
skycell,"",2,232,1,0.027
skycell,"",2,233,0,0.024
skycell,"",2,234,1,0.027
skycell,"",2,235,0,0.025
skycell,"",2,236,1,0.026
skycell,"",2,237,0,0.033
skycell,"",2,238,1,0.033
skycell,"",2,239,0,0.025
skycell,"",2,240,1,0.026
skycell,"",2,241,0,0.025
skycell,"",2,242,1,0.026
skycell,"",2,243,0,0.024
skycell,"",2,244,1,0.026
skycell,"",2,245,0,0.033
skycell,"",2,246,1,0.027
skycell,"",2,247,0,0.026
skycell,"",2,248,1,0.026
skycell,"",2,249,0,0.024
skycell,"",2,250,1,0.026
skycell,"",2,251,0,0.026
skycell,"",2,252,1,0.025
skycell,"",2,253,0,0.025
skycell,"",2,254,1,0.026
skycell,"",2,255,0,0.024
skycell,"",2,256,1,0.025
skycell,"",2,257,0,0.025
skycell,"",2,258,1,0.025
skycell,"",2,259,0,0.024
skycell,"",2,260,1,0.026
skycell,"",2,261,0,0.034
skycell,"",2,262,1,0.039
skycell,"",2,263,0,0.032
skycell,"",2,264,1,0.027
skycell,"",2,265,0,0.034
skycell,"",2,266,1,0.035
skycell,"",2,267,0,0.024
skycell,"",2,268,1,0.027
skycell,"",2,269,0,0.032
skycell,"",2,270,1,0.026
skycell,"",2,271,0,0.033
skycell,"",2,272,1,0.028
skycell,"",2,273,0,0.024
skycell,"",2,274,1,0.026
skycell,"",2,275,0,0.025
skycell,"",2,276,1,0.025
skycell,"",2,277,0,0.032
skycell,"",2,278,1,0.026
skycell,"",2,279,0,0.033
skycell,"",2,280,1,0.026
skycell,"",2,281,0,0.025
skycell,"",2,282,1,0.025
skycell,"",2,283,0,0.025
skycell,"",2,284,1,0.027
skycell,"",2,285,0,0.044
skycell,"",2,286,1,0.026
skycell,"",2,287,0,0.032
skycell,"",2,288,1,0.026
skycell,"",2,289,0,0.025
skycell,"",2,290,1,0.026
skycell,"",2,291,0,0.033
skycell,"",2,292,1,0.033
skycell,"",2,293,0,0.025
skycell,"",2,294,1,0.026
skycell,"",2,295,0,0.025
skycell,"",2,296,1,0.032
skycell,"",2,297,0,0.025
skycell,"",2,298,1,0.025
skycell,"",2,299,0,0.025
skycell,"",2,300,1,0.026
skycell,"",2,301,0,0.025
skycell,"",2,302,1,0.027
skycell,"",2,303,0,0.025
skycell,"",2,304,1,0.034
skycell,"",2,305,0,0.031
skycell,"",2,306,1,0.026
skycell,"",2,307,0,0.025
skycell,"",2,308,1,0.026
skycell,"",2,309,0,0.024
skycell,"",2,310,1,0.03
skycell,"",2,311,0,0.039
skycell,"",2,312,1,0.034
skycell,"",2,313,0,0.025
skycell,"",2,314,1,0.026
skycell,"",2,315,0,0.032
skycell,"",2,316,1,0.034
skycell,"",2,317,0,0.033
skycell,"",2,318,1,0.034
skycell,"",2,319,0,0.03
skycell,"",2,320,1,0.027
skycell,"",2,321,0,0.025
skycell,"",2,322,1,0.026
skycell,"",2,323,0,0.026
skycell,"",2,324,1,0.036
skycell,"",2,325,0,0.043
skycell,"",2,326,1,0.027
skycell,"",2,327,0,0.025
skycell,"",2,328,1,0.026
skycell,"",2,329,0,0.039
skycell,"",2,330,1,0.027
skycell,"",2,331,0,0.025
skycell,"",2,332,1,0.027
skycell,"",2,333,0,0.026
skycell,"",2,334,1,0.026
skycell,"",2,335,0,0.025
skycell,"",2,336,1,0.026
skycell,"",2,337,0,0.025
skycell,"",2,338,1,0.026
skycell,"",2,339,0,0.024
skycell,"",2,340,1,0.033
skycell,"",2,341,0,0.025
skycell,"",2,342,1,0.025
skycell,"",2,343,0,0.024
skycell,"",2,344,1,0.027
skycell,"",2,345,0,0.03
skycell,"",2,346,1,0.027
skycell,"",2,347,0,0.025
skycell,"",2,348,1,0.035
skycell,"",2,349,0,0.032
skycell,"",2,350,1,0.031
skycell,"",2,351,0,0.026
skycell,"",2,352,1,0.029
skycell,"",2,353,0,0.041
skycell,"",2,354,1,0.034
skycell,"",2,355,0,0.024
skycell,"",2,356,1,0.035
skycell,"",2,357,0,0.027
skycell,"",2,358,1,0.025
skycell,"",2,359,0,0.025
skycell,"",2,360,1,0.027
skycell,"",2,361,0,0.024
skycell,"",2,362,1,0.032
skycell,"",2,363,0,0.026
skycell,"",2,364,1,0.037
skycell,"",2,365,0,0.024
skycell,"",2,366,1,0.027
skycell,"",2,367,0,0.034
skycell,"",2,368,1,0.026
skycell,"",2,369,0,0.025
skycell,"",2,370,1,0.025
skycell,"",2,371,0,0.025
skycell,"",2,372,1,0.027
skycell,"",2,373,0,0.026
skycell,"",2,374,1,0.026
skycell,"",2,375,0,0.034
skycell,"",2,376,1,0.027
skycell,"",2,377,0,0.026
skycell,"",2,378,1,0.033
skycell,"",2,379,0,0.024
skycell,"",2,380,1,0.026
skycell,"",2,381,0,0.024
skycell,"",2,382,1,0.035
skycell,"",2,383,0,0.04
skycell,"",2,384,1,0.027
skycell,"",2,385,0,0.034
skycell,"",2,386,1,0.035
skycell,"",2,387,0,0.026
skycell,"",2,388,1,0.035
skycell,"",2,389,0,0.033
skycell,"",2,390,1,0.036
skycell,"",2,391,0,0.026
skycell,"",2,392,1,0.027
skycell,"",2,393,0,0.025
skycell,"",2,394,1,0.026
skycell,"",2,395,0,0.037
skycell,"",2,396,1,0.027
skycell,"",2,397,0,0.024
skycell,"",2,398,1,0.026
skycell,"",2,399,0,0.025
skycell,"",2,400,1,0.033
skycell,"",2,401,0,0.025
skycell,"",2,402,1,0.027
skycell,"",2,403,0,0.026
skycell,"",2,404,1,0.036
skycell,"",2,405,0,0.025
skycell,"",2,406,1,0.026
skycell,"",2,407,0,0.035
skycell,"",2,408,1,0.043
skycell,"",2,409,0,0.026
skycell,"",2,410,1,0.035
skycell,"",2,411,0,0.025
skycell,"",2,412,1,0.026
skycell,"",2,413,0,0.025
skycell,"",2,414,1,0.027
skycell,"",2,415,0,0.026
skycell,"",2,416,1,0.026
skycell,"",2,417,0,0.026
skycell,"",2,418,1,0.036
skycell,"",2,419,0,0.025
skycell,"",2,420,1,0.026
skycell,"",2,421,0,0.027
skycell,"",2,422,1,0.026
skycell,"",2,423,0,0.024
skycell,"",2,424,1,0.035
skycell,"",2,425,1,0.035
skycell,"",2,426,1,0.027
skycell,"",2,427,0,0.033
skycell,"",2,428,1,0.026
skycell,"",2,429,0,0.032
skycell,"",2,430,1,0.027
skycell,"",2,431,0,0.027
skycell,"",2,432,1,0.027
skycell,"",2,433,0,0.024
skycell,"",2,434,1,0.028
skycell,"",2,435,0,0.026
skycell,"",2,436,1,0.026
skycell,"",2,437,0,0.024
skycell,"",2,438,1,0.026
skycell,"",2,439,0,0.033
skycell,"",2,440,1,0.027
skycell,"",2,441,0,0.025
skycell,"",2,442,1,0.027
skycell,"",2,443,0,0.032
skycell,"",2,444,1,0.034
skycell,"",2,445,0,0.025
skycell,"",2,446,1,0.027
skycell,"",2,447,0,0.033
skycell,"",2,448,1,0.034
skycell,"",2,449,0,0.046
skycell,"",2,450,1,0.026
skycell,"",2,451,0,0.033
skycell,"",2,452,1,0.034
skycell,"",2,453,0,0.026
skycell,"",2,454,1,0.025
skycell,"",2,455,0,0.024
skycell,"",2,456,1,0.033
skycell,"",2,457,0,0.034
skycell,"",2,458,1,0.027
skycell,"",2,459,0,0.031
skycell,"",2,460,1,0.027
skycell,"",2,461,0,0.027
skycell,"",2,462,1,0.032
skycell,"",2,463,0,0.033
skycell,"",2,464,1,0.026
skycell,"",2,465,0,0.04
skycell,"",2,466,1,0.028
skycell,"",2,467,0,0.033
skycell,"",2,468,2,0.027
skycell,"",2,469,0,0.025
skycell,"",2,470,1,0.034
skycell,"",2,471,0,0.026
skycell,"",2,472,1,0.026
skycell,"",2,473,0,0.024
skycell,"",2,474,1,0.027
skycell,"",2,475,0,0.025
skycell,"",2,476,1,0.026
skycell,"",2,477,0,0.025
skycell,"",2,478,1,0.026
skycell,"",2,479,0,0.025
skycell,"",2,480,1,0.027
skycell,"",2,481,0,0.033
skycell,"",2,482,1,0.028
skycell,"",2,483,0,0.032
skycell,"",2,484,1,0.027
skycell,"",2,485,0,0.025
skycell,"",2,486,1,0.026
skycell,"",2,487,0,0.025
skycell,"",2,488,1,0.026
skycell,"",2,489,0,0.032
skycell,"",2,490,1,0.026
skycell,"",2,491,0,0.025
skycell,"",2,492,1,0.026
skycell,"",2,493,0,0.029
skycell,"",2,494,1,0.027
skycell,"",2,495,0,0.029
skycell,"",2,496,1,0.054
skycell,"",2,497,0,0.037
skycell,"",2,498,1,0.034
skycell,"",2,499,0,0.027
skycell,"",2,500,1,0.04
skycell,"",2,501,0,0.034
skycell,"",2,502,1,0.032
skycell,"",2,503,0,0.033
skycell,"",2,504,1,0.041
skycell,"",2,505,0,0.026
skycell,"",2,506,2,0.038
skycell,"",2,507,0,0.026
skycell,"",2,508,1,0.026
skycell,"",2,509,0,0.026
skycell,"",2,510,1,0.027
skycell,"",2,511,0,0.026
skycell,"",2,512,1,0.026
skycell,"",2,513,0,0.033
skycell,"",2,514,1,0.027
skycell,"",2,515,0,0.033
skycell,"",2,516,1,0.026
skycell,"",2,517,0,0.026
skycell,"",2,518,1,0.027
skycell,"",2,519,0,0.026
skycell,"",2,520,1,0.026
skycell,"",2,521,0,0.026
skycell,"",2,522,1,0.025
skycell,"",2,523,0,0.034
skycell,"",2,524,1,0.026
skycell,"",2,525,0,0.026
skycell,"",2,526,1,0.026
skycell,"",2,527,0,0.038
skycell,"",2,528,1,0.029
skycell,"",2,529,0,0.026
skycell,"",2,530,1,0.026
skycell,"",2,531,0,0.025
skycell,"",2,532,1,0.026
skycell,"",2,533,0,0.025
skycell,"",2,534,1,0.034
skycell,"",2,535,0,0.026
skycell,"",2,536,1,0.026
skycell,"",2,537,0,0.025
skycell,"",2,538,1,0.026
skycell,"",2,539,0,0.024
skycell,"",2,540,1,0.026
skycell,"",2,541,0,0.032
skycell,"",2,542,1,0.026
skycell,"",2,543,0,0.024
skycell,"",2,544,1,0.026
skycell,"",2,545,0,0.026
skycell,"",2,546,1,0.027
skycell,"",2,547,0,0.025
skycell,"",2,548,1,0.027
skycell,"",2,549,0,0.025
skycell,"",2,550,1,0.026
skycell,"",2,551,0,0.026
skycell,"",2,552,1,0.043
skycell,"",2,553,0,0.033
skycell,"",2,554,1,0.026
skycell,"",2,555,0,0.025
skycell,"",2,556,1,0.026
skycell,"",2,557,0,0.024
skycell,"",2,558,1,0.026
skycell,"",2,559,0,0.039
skycell,"",2,560,1,0.027
skycell,"",2,561,0,0.039
skycell,"",2,562,1,0.028
skycell,"",2,563,0,0.033
skycell,"",2,564,1,0.027
skycell,"",2,565,0,0.026
skycell,"",2,566,1,0.026
skycell,"",2,567,0,0.026
skycell,"",2,568,1,0.025
skycell,"",2,569,0,0.033
skycell,"",2,570,1,0.027
skycell,"",2,571,0,0.025
skycell,"",2,572,13,0.041
skycell,"",2,573,0,0.026
skycell,"",2,574,1,0.034
skycell,"",2,575,0,0.025
skycell,"",2,576,1,0.025
skycell,"",2,577,0,0.026
skycell,"",2,578,2,0.028
skycell,"",2,579,0,0.026
skycell,"",2,580,1,0.026
skycell,"",2,581,0,0.033
skycell,"",2,582,1,0.036
skycell,"",2,583,0,0.033
skycell,"",2,584,1,0.027
skycell,"",2,585,0,0.031
skycell,"",2,586,1,0.026
skycell,"",2,587,0,0.025
skycell,"",2,588,1,0.026
skycell,"",2,589,0,0.025
skycell,"",2,590,1,0.026
skycell,"",2,591,0,0.025
skycell,"",2,592,1,0.027
skycell,"",2,593,0,0.024
skycell,"",2,594,1,0.026
skycell,"",2,595,0,0.031
skycell,"",2,596,1,0.027
skycell,"",2,597,0,0.035
skycell,"",2,598,1,0.028
skycell,"",2,599,0,0.026
skycell,"",2,600,1,0.027
skycell,"",2,601,0,0.026
skycell,"",2,602,1,0.025
skycell,"",2,603,0,0.027
skycell,"",2,604,2,0.043
skycell,"",2,605,0,0.025
skycell,"",2,606,18,0.064
skycell,"",2,607,0,0.034
skycell,"",2,608,1,0.034
skycell,"",2,609,0,0.026
skycell,"",2,610,1,0.027
skycell,"",2,611,0,0.034
skycell,"",2,612,1,0.036
skycell,"",2,613,0,0.026
skycell,"",2,614,1,0.027
skycell,"",2,615,0,0.026
skycell,"",2,616,1,0.027
skycell,"",2,617,0,0.025
skycell,"",2,618,1,0.026
skycell,"",2,619,0,0.025
skycell,"",2,620,1,0.026
skycell,"",2,621,0,0.025
skycell,"",2,622,1,0.036
skycell,"",2,623,0,0.034
skycell,"",2,624,1,0.028
skycell,"",2,625,0,0.025
skycell,"",2,626,1,0.028
skycell,"",2,627,0,0.038
skycell,"",2,628,1,0.027
skycell,"",2,629,0,0.024
skycell,"",2,630,1,0.027
skycell,"",2,631,0,0.036
skycell,"",2,632,1,0.027
skycell,"",2,633,0,0.024
skycell,"",2,634,1,0.036
skycell,"",2,635,0,0.034
skycell,"",2,636,1,0.026
skycell,"",2,637,1,0.036
skycell,"",2,638,1,0.026
skycell,"",2,639,0,0.034
skycell,"",2,640,1,0.036
skycell,"",2,641,0,0.033
skycell,"",2,642,1,0.028
skycell,"",2,643,0,0.033
skycell,"",2,644,1,0.034
skycell,"",2,645,0,0.026
skycell,"",2,646,1,0.026
skycell,"",2,647,0,0.035
skycell,"",2,648,1,0.027
skycell,"",2,649,0,0.025
skycell,"",2,650,1,0.026
skycell,"",2,651,0,0.035
skycell,"",2,652,1,0.028
skycell,"",2,653,0,0.026
skycell,"",2,654,1,0.025
skycell,"",2,655,0,0.027
skycell,"",2,656,1,0.027
skycell,"",2,657,0,0.025
skycell,"",2,658,11,0.045
skycell,"",2,659,0,0.04
skycell,"",2,660,1,0.037
skycell,"",2,661,0,0.025
skycell,"",2,662,1,0.029
skycell,"",2,663,0,0.026
skycell,"",2,664,1,0.026
skycell,"",2,665,0,0.024
skycell,"",2,666,1,0.036
skycell,"",2,667,0,0.026
skycell,"",2,668,1,0.026
skycell,"",2,669,0,0.025
skycell,"",2,670,1,0.038
skycell,"",2,671,0,0.025
skycell,"",2,672,2,0.037
skycell,"",2,673,0,0.027
skycell,"",2,674,1,0.026
skycell,"",2,675,0,0.033
skycell,"",2,676,1,0.036
skycell,"",2,677,0,0.025
skycell,"",2,678,1,0.027
skycell,"",2,679,0,0.029
skycell,"",2,680,1,0.028
skycell,"",2,681,0,0.025
skycell,"",2,682,1,0.035
skycell,"",2,683,0,0.027
skycell,"",2,684,1,0.026
skycell,"",2,685,0,0.024
skycell,"",2,686,1,0.027
skycell,"",2,687,0,0.026
skycell,"",2,688,11,0.037
skycell,"",2,689,0,0.026
skycell,"",2,690,1,0.025
skycell,"",2,691,0,0.025
skycell,"",2,692,1,0.033
skycell,"",2,693,0,0.035
skycell,"",2,694,1,0.035
skycell,"",2,695,0,0.024
skycell,"",2,696,1,0.037
skycell,"",2,697,0,0.034
skycell,"",2,698,1,0.027
skycell,"",2,699,0,0.032
skycell,"",2,700,1,0.026
skycell,"",2,701,0,0.026
skycell,"",2,702,2,0.027
skycell,"",2,703,0,0.025
skycell,"",2,704,1,0.025
skycell,"",2,705,0,0.039
skycell,"",2,706,1,0.029
skycell,"",2,707,0,0.026
skycell,"",2,708,1,0.027
skycell,"",2,709,0,0.026
skycell,"",2,710,1,0.035
skycell,"",2,711,0,0.026
skycell,"",2,712,1,0.026
skycell,"",2,713,0,0.037
skycell,"",2,714,1,0.037
skycell,"",2,715,0,0.028
skycell,"",2,716,1,0.036
skycell,"",2,717,0,0.027
skycell,"",2,718,1,0.027
skycell,"",2,719,0,0.025
skycell,"",2,720,1,0.035
skycell,"",2,721,0,0.034
skycell,"",2,722,1,0.027
skycell,"",2,723,0,0.026
skycell,"",2,724,1,0.032
skycell,"",2,725,0,0.026
skycell,"",2,726,1,0.026
skycell,"",2,727,0,0.026
skycell,"",2,728,1,0.026
skycell,"",2,729,0,0.032
skycell,"",2,730,1,0.026
skycell,"",2,731,0,0.033
skycell,"",2,732,1,0.034
skycell,"",2,733,0,0.033
skycell,"",2,734,1,0.026
skycell,"",2,735,0,0.025
skycell,"",2,736,1,0.036
skycell,"",2,737,0,0.025
skycell,"",2,738,1,0.026
skycell,"",2,739,0,0.032
skycell,"",2,740,1,0.033
skycell,"",2,741,0,0.027
skycell,"",2,742,1,0.026
skycell,"",2,743,0,0.025
skycell,"",2,744,1,0.026
skycell,"",2,745,0,0.025
skycell,"",2,746,1,0.026
skycell,"",2,747,0,0.026
skycell,"",2,748,1,0.026
skycell,"",2,749,0,0.034
skycell,"",2,750,1,0.027
skycell,"",2,751,0,0.025
skycell,"",2,752,1,0.026
skycell,"",2,753,0,0.026
skycell,"",2,754,1,0.026
skycell,"",2,755,0,0.026
skycell,"",2,756,2,0.027
skycell,"",2,757,0,0.025
skycell,"",2,758,1,0.033
skycell,"",2,759,0,0.033
skycell,"",2,760,1,0.034
skycell,"",2,761,0,0.025
skycell,"",2,762,1,0.027
skycell,"",2,763,0,0.025
skycell,"",2,764,1,0.026
skycell,"",2,765,0,0.033
skycell,"",2,766,1,0.028
skycell,"",2,767,0,0.024
skycell,"",2,768,1,0.025
skycell,"",2,769,0,0.025
skycell,"",2,770,3,0.06
skycell,"",2,771,0,0.026
skycell,"",2,772,1,0.025
skycell,"",2,773,0,0.026
skycell,"",2,774,1,0.026
skycell,"",2,775,0,0.026
skycell,"",2,776,1,0.027
skycell,"",2,777,0,0.024
skycell,"",2,778,1,0.027
skycell,"",2,779,0,0.033
skycell,"",2,780,1,0.034
skycell,"",2,781,0,0.025
skycell,"",2,782,1,0.027
skycell,"",2,783,0,0.034
skycell,"",2,784,1,0.026
skycell,"",2,785,0,0.025
skycell,"",2,786,1,0.027
skycell,"",2,787,0,0.025
skycell,"",2,788,1,0.026
skycell,"",2,789,0,0.024
skycell,"",2,790,1,0.026
skycell,"",2,791,0,0.047
skycell,"",2,792,1,0.037
skycell,"",2,793,0,0.035
skycell,"",2,794,1,0.036
skycell,"",2,795,0,0.027
skycell,"",2,796,1,0.028
skycell,"",2,797,0,0.027
skycell,"",2,798,1,0.025
skycell,"",2,799,0,0.034
skycell,"",2,800,1,0.026
skycell,"",2,801,0,0.025
skycell,"",2,802,2,0.036
skycell,"",2,803,0,0.027
skycell,"",2,804,1,0.029
skycell,"",2,805,0,0.026
skycell,"",2,806,2,0.038
skycell,"",2,807,0,0.03
skycell,"",2,808,3,0.052
skycell,"",2,809,0,0.034
skycell,"",2,810,1,0.031
skycell,"",2,811,1,0.027
skycell,"",2,812,1,0.036
skycell,"",2,813,0,0.028
skycell,"",2,814,1,0.033
skycell,"",2,815,0,0.037
skycell,"",2,816,2,0.032
skycell,"",2,817,0,0.032
skycell,"",2,818,1,0.027
skycell,"",2,819,0,0.026
skycell,"",2,820,4,0.048
skycell,"",2,821,0,0.032
skycell,"",2,822,199,0.207
skycell,"",2,823,0,0.034
skycell,"",2,824,2,0.028
skycell,"",2,825,0,0.031
skycell,"",2,826,1,0.026
skycell,"",2,827,0,0.038
skycell,"",2,828,1,0.028
skycell,"",2,829,1,0.038
skycell,"",2,830,2,0.039
skycell,"",2,831,1,0.026
skycell,"",2,832,1,0.026
skycell,"",2,833,0,0.026
skycell,"",2,834,1,0.027
skycell,"",2,835,0,0.025
skycell,"",2,836,8,0.042
skycell,"",2,837,0,0.027
skycell,"",2,838,1,0.029
skycell,"",2,839,0,0.026
skycell,"",2,840,2,0.036
skycell,"",2,841,0,0.033
skycell,"",2,842,1,0.028
skycell,"",2,843,0,0.026
skycell,"",2,844,1,0.027
skycell,"",2,845,0,0.027
skycell,"",2,846,1,0.026
skycell,"",2,847,0,0.031
skycell,"",2,848,1,0.026
skycell,"",2,849,0,0.026
skycell,"",2,850,1,0.025
skycell,"",2,851,0,0.026
skycell,"",2,852,2,0.031
skycell,"",2,853,0,0.026
skycell,"",2,854,2,0.039
skycell,"",2,855,0,0.026
skycell,"",2,856,3,0.038
skycell,"",2,857,0,0.026
skycell,"",2,858,8,0.027
skycell,"",2,859,0,0.027
skycell,"",2,860,1,0.027
skycell,"",2,861,0,0.025
skycell,"",2,862,3,0.039
skycell,"",2,863,0,0.026
skycell,"",2,864,359,0.234
skycell,"",2,865,0,0.025
skycell,"",2,866,2,0.041
skycell,"",2,867,0,0.027
skycell,"",2,868,2,0.031
skycell,"",2,869,0,0.026
skycell,"",2,870,1,0.025
skycell,"",2,871,0,0.024
skycell,"",2,872,3,0.06
skycell,"",2,873,0,0.025
skycell,"",2,874,5,0.03
skycell,"",2,875,0,0.024
skycell,"",2,876,3,0.027
skycell,"",2,877,0,0.025
skycell,"",2,878,1,0.026
skycell,"",2,879,0,0.026
skycell,"",2,880,1,0.026
skycell,"",2,881,0,0.025
skycell,"",2,882,1,0.028
skycell,"",2,883,0,0.035
skycell,"",2,884,3,0.028
skycell,"",2,885,1,0.04
skycell,"",2,886,4,0.037
skycell,"",2,887,0,0.027
skycell,"",2,888,1,0.024
skycell,"",2,889,0,0.026
skycell,"",2,890,2,0.027
skycell,"",2,891,3,0.029
skycell,"",2,892,1,0.026
skycell,"",2,893,3,0.045
skycell,"",2,894,2,0.026
skycell,"",2,895,0,0.026
skycell,"",2,896,1,0.026
skycell,"",2,897,0,0.025
skycell,"",2,898,2,0.038
skycell,"",2,899,0,0.035
skycell,"",2,900,1,0.037
skycell,"",2,901,0,0.026
skycell,"",2,902,3,0.04
skycell,"",2,903,0,0.038
skycell,"",2,904,2,0.058
skycell,"",2,905,0,0.025
skycell,"",2,906,4,0.03
skycell,"",2,907,1,0.027
skycell,"",2,908,3,0.028
skycell,"",2,909,0,0.026
skycell,"",2,910,5,0.029
skycell,"",2,911,0,0.034
skycell,"",2,912,1,0.034
skycell,"",2,913,0,0.026
skycell,"",2,914,1,0.027
skycell,"",2,915,0,0.028
skycell,"",2,916,1,0.026
skycell,"",2,917,0,0.025
skycell,"",2,918,1,0.036
skycell,"",2,919,0,0.026
skycell,"",2,920,1,0.034
skycell,"",2,921,0,0.034
skycell,"",2,922,1,0.025
skycell,"",2,923,0,0.046
skycell,"",2,924,4,0.032
skycell,"",2,925,0,0.035
skycell,"",2,926,2,0.036
skycell,"",2,927,0,0.027
skycell,"",2,928,48,0.091
skycell,"",2,929,0,0.026
skycell,"",2,930,4,0.039
skycell,"",2,931,0,0.025
skycell,"",2,932,2,0.028
skycell,"",2,933,2,0.042
skycell,"",2,934,2,0.037
skycell,"",2,935,0,0.027
skycell,"",2,936,5,0.03
skycell,"",2,937,2,0.029
skycell,"",2,938,1,0.027
skycell,"",2,939,0,0.035
skycell,"",2,940,2,0.028
skycell,"",2,941,0,0.025
skycell,"",2,942,4,0.04
skycell,"",2,943,0,0.034
skycell,"",2,944,1,0.035
skycell,"",2,945,0,0.039
skycell,"",2,946,4,0.041
skycell,"",2,947,0,0.026
skycell,"",2,948,2,0.034
skycell,"",2,949,0,0.035
skycell,"",2,950,1,0.026
skycell,"",2,951,0,0.027
skycell,"",2,952,1,0.026
skycell,"",2,953,0,0.035
skycell,"",2,954,1,0.028
skycell,"",2,955,0,0.026
skycell,"",2,956,1,0.034
skycell,"",2,957,0,0.027
skycell,"",2,958,1,0.026
skycell,"",2,959,0,0.037
skycell,"",2,960,1,0.034
skycell,"",2,961,0,0.033
skycell,"",2,962,2,0.029
skycell,"",2,963,0,0.042
skycell,"",2,964,3,0.039
skycell,"",2,965,0,0.025
skycell,"",2,966,1,0.026
skycell,"",2,967,0,0.033
skycell,"",2,968,2,0.028
skycell,"",2,969,0,0.026
skycell,"",2,970,18,0.036
skycell,"",2,971,2,0.031
skycell,"",2,972,2,0.026
skycell,"",2,973,0,0.033
skycell,"",2,974,3,0.028
skycell,"",2,975,0,0.033
skycell,"",2,976,3,0.028
skycell,"",2,977,1,0.025
skycell,"",2,978,1,0.033
skycell,"",2,979,0,0.026
skycell,"",2,980,1,0.029
skycell,"",2,981,0,0.024
skycell,"",2,982,7,0.028
skycell,"",2,983,0,0.035
skycell,"",2,984,2,0.033
skycell,"",2,985,0,0.026
skycell,"",2,986,5,0.034
skycell,"",2,987,0,0.031
skycell,"",2,988,1,0.028
skycell,"",2,989,0,0.024
skycell,"",2,990,6,0.036
skycell,"",2,991,0,0.036
skycell,"",2,992,1,0.038
skycell,"",2,993,0,0.025
skycell,"",2,994,1,0.043
skycell,"",2,995,0,0.026
skycell,"",2,996,5,0.04
skycell,"",2,997,0,0.025
skycell,"",2,998,5,0.028
skycell,"",2,999,0,0.026
skycell,"",2,1000,1,0.026
skycell,"",2,1001,0,0.032
skycell,"",2,1002,1,0.026
skycell,"",2,1003,0,0.034
skycell,"",2,1004,1,0.027
skycell,"",2,1005,0,0.036
skycell,"",2,1006,3,0.036
skycell,"",2,1007,1,0.033
skycell,"",2,1008,2,0.031
skycell,"",2,1009,0,0.026
skycell,"",2,1010,2,0.028
skycell,"",2,1011,0,0.032
skycell,"",2,1012,1,0.034
skycell,"",2,1013,1,0.031
skycell,"",2,1014,2,0.035
skycell,"",2,1015,0,0.026
skycell,"",2,1016,1,0.026
skycell,"",2,1017,0,0.034
skycell,"",2,1018,3,0.027
skycell,"",2,1019,0,0.025
skycell,"",2,1020,1,0.025
skycell,"",2,1021,0,0.026
skycell,"",2,1022,1,0.034
skycell,"",2,1023,0,0.025
skycell,"",2,1024,1,0.028
skycell,"",2,1025,0,0.025
skycell,"",2,1026,1,0.033
skycell,"",2,1027,0,0.042
skycell,"",2,1028,4,0.038
skycell,"",2,1029,0,0.027
skycell,"",2,1030,1,0.026
skycell,"",2,1031,0,0.034
skycell,"",2,1032,1,0.035
skycell,"",2,1033,0,0.026
skycell,"",2,1034,2,0.026
skycell,"",2,1035,0,0.026
skycell,"",2,1036,1,0.03
skycell,"",2,1037,0,0.026
skycell,"",2,1038,1,0.027
skycell,"",2,1039,0,0.027
skycell,"",2,1040,1,0.028
skycell,"",2,1041,0,0.036
skycell,"",2,1042,1,0.029
skycell,"",2,1043,0,0.024
skycell,"",2,1044,1,0.028
skycell,"",2,1045,1,0.036
skycell,"",2,1046,3,0.027
skycell,"",2,1047,0,0.025
skycell,"",2,1048,1,0.032
skycell,"",2,1049,0,0.03
skycell,"",2,1050,3,0.028
skycell,"",2,1051,0,0.029
skycell,"",2,1052,1,0.035
skycell,"",2,1053,0,0.034
skycell,"",2,1054,1,0.034
skycell,"",2,1055,0,0.029
skycell,"",2,1056,1,0.026
skycell,"",2,1057,0,0.025
skycell,"",2,1058,64,0.094
skycell,"",2,1059,0,0.027
skycell,"",2,1060,1,0.037
skycell,"",2,1061,0,0.035
skycell,"",2,1062,1,0.026
skycell,"",2,1063,0,0.027
skycell,"",2,1064,6,0.04
skycell,"",2,1065,2,0.034
skycell,"",2,1066,2,0.027
skycell,"",2,1067,0,0.034
skycell,"",2,1068,2,0.029
skycell,"",2,1069,0,0.032
skycell,"",2,1070,4,0.031
skycell,"",2,1071,0,0.027
skycell,"",2,1072,3,0.038
skycell,"",2,1073,0,0.034
skycell,"",2,1074,1,0.027
skycell,"",2,1075,0,0.028
skycell,"",2,1076,1,0.026
skycell,"",2,1077,0,0.026
skycell,"",2,1078,1,0.048
skycell,"",2,1079,1,0.026
skycell,"",2,1080,2,0.026
skycell,"",2,1081,0,0.027
skycell,"",2,1082,2,0.037
skycell,"",2,1083,0,0.027
skycell,"",2,1084,1,0.026
skycell,"",2,1085,0,0.025
skycell,"",2,1086,2,0.026
skycell,"",2,1087,0,0.047
skycell,"",2,1088,2,0.025
skycell,"",2,1089,0,0.026
skycell,"",2,1090,5,0.03
skycell,"",2,1091,0,0.034
skycell,"",2,1092,2,0.03
skycell,"",2,1093,0,0.033
skycell,"",2,1094,2,0.029
skycell,"",2,1095,0,0.025
skycell,"",2,1096,1,0.029
skycell,"",2,1097,0,0.027
skycell,"",2,1098,1,0.027
skycell,"",2,1099,1,0.026
skycell,"",2,1100,7,0.028
skycell,"",2,1101,1,0.027
skycell,"",2,1102,3,0.039
skycell,"",2,1103,11,0.053
skycell,"",2,1104,2,0.044
skycell,"",2,1105,1,0.037
skycell,"",2,1106,59,0.067
skycell,"",2,1107,3,0.028
skycell,"",2,1108,36,0.043
skycell,"",2,1109,3,0.029
skycell,"",2,1110,27,0.038
skycell,"",2,1111,3,0.05
skycell,"",2,1112,5,0.039
skycell,"",2,1113,2,0.03
skycell,"",2,1114,123,0.107
skycell,"",2,1115,4,0.032
skycell,"",2,1116,137,0.098
skycell,"",2,1117,11,0.031
skycell,"",2,1118,107,0.07
skycell,"",2,1119,14,0.047
skycell,"",2,1120,158,0.103
skycell,"",2,1121,2,0.05
skycell,"",2,1122,21,0.065
skycell,"",2,1123,2,0.029
skycell,"",2,1124,4,0.039
skycell,"",2,1125,3,0.04
skycell,"",2,1126,18,0.04
skycell,"",2,1127,3,0.04
skycell,"",2,1128,6,0.031
skycell,"",2,1129,21,0.047
skycell,"",2,1130,8,0.036
skycell,"",2,1131,2,0.03
skycell,"",2,1132,88,0.079
skycell,"",2,1133,15,0.058
skycell,"",2,1134,1,0.046
skycell,"",2,1135,3,0.03
skycell,"",2,1136,29,0.042
skycell,"",2,1137,0,0.038
skycell,"",2,1138,2,0.029
skycell,"",2,1139,1,0.03
skycell,"",2,1140,6,0.026
skycell,"",2,1141,8,0.033
skycell,"",2,1142,2,0.026
skycell,"",2,1143,4,0.044
skycell,"",2,1144,75,0.078
skycell,"",2,1145,4,0.03
skycell,"",2,1146,22,0.051
skycell,"",2,1147,2,0.038
skycell,"",2,1148,6,0.029
skycell,"",2,1149,9,0.039
skycell,"",2,1150,66,0.074
skycell,"",2,1151,1,0.031
skycell,"",2,1152,34,0.076
skycell,"",2,1153,4,0.034
skycell,"",2,1154,45,0.058
skycell,"",2,1155,3,0.04
skycell,"",2,1156,466,0.288
skycell,"",2,1157,1,0.054
skycell,"",2,1158,49,0.058
skycell,"",2,1159,2,0.038
skycell,"",2,1160,42,0.067
skycell,"",2,1161,4,0.037
skycell,"",2,1162,3,0.031
skycell,"",2,1163,6,0.043
skycell,"",2,1164,3,0.031
skycell,"",2,1165,12,0.04
skycell,"",2,1166,20,0.046
skycell,"",2,1167,4,0.03
skycell,"",2,1168,930,0.191
skycell,"",2,1169,46,0.06
skycell,"",2,1170,5,0.038
skycell,"",2,1171,1,0.029
skycell,"",2,1172,6,0.029
skycell,"",2,1173,3,0.039
skycell,"",2,1174,4,0.033
skycell,"",2,1175,1,0.03
skycell,"",2,1176,16,0.042
skycell,"",2,1177,2,0.031
skycell,"",2,1178,10,0.03
skycell,"",2,1179,4,0.027
skycell,"",2,1180,13,0.039
skycell,"",2,1181,2,0.034
skycell,"",2,1182,52,0.057
skycell,"",2,1183,7,0.042
skycell,"",2,1184,4,0.038
skycell,"",2,1185,1,0.036
skycell,"",2,1186,48,0.066
skycell,"",2,1187,3,0.039
skycell,"",2,1188,3,0.047
skycell,"",2,1189,3,0.032
skycell,"",2,1190,2,0.037
skycell,"",2,1191,1,0.028
skycell,"",2,1192,137,0.086
skycell,"",2,1193,2,0.034
skycell,"",2,1194,3,0.044
skycell,"",2,1195,2,0.043
skycell,"",2,1196,8,0.043
skycell,"",2,1197,1,0.034
skycell,"",2,1198,49,0.063
skycell,"",2,1199,4,0.032
skycell,"",2,1200,55,0.063
skycell,"",2,1201,2,0.041
skycell,"",2,1202,6,0.037
skycell,"",2,1203,48,0.055
skycell,"",2,1204,8,0.049
skycell,"",2,1205,0,0.029
skycell,"",2,1206,63,0.062
skycell,"",2,1207,8,0.039
skycell,"",2,1208,10,0.032
skycell,"",2,1209,2,0.035
skycell,"",2,1210,8,0.03
skycell,"",2,1211,0,0.041
skycell,"",2,1212,72,0.057
skycell,"",2,1213,2,0.038
skycell,"",2,1214,26,0.054
skycell,"",2,1215,1,0.032
skycell,"",2,1216,33,0.055
skycell,"",2,1217,2,0.03
skycell,"",2,1218,4,0.029
skycell,"",2,1219,5,0.031
skycell,"",2,1220,70,0.057
skycell,"",2,1221,0,0.031
skycell,"",2,1222,3834,0.348
skycell,"",2,1223,1,0.028
skycell,"",2,1224,5,0.046
skycell,"",2,1225,11,0.037
skycell,"",2,1226,3,0.043
skycell,"",2,1227,4,0.037
skycell,"",2,1228,1616,0.321
skycell,"",2,1229,11,0.042
skycell,"",2,1230,1,0.029
skycell,"",2,1231,1,0.029
skycell,"",2,1232,170,0.109
skycell,"",2,1233,2,0.032
skycell,"",2,1234,3,0.032
skycell,"",2,1235,2,0.028
skycell,"",2,1236,32,0.058
skycell,"",2,1237,2,0.031
skycell,"",2,1238,4,0.044
skycell,"",2,1239,6,0.039
skycell,"",2,1240,40,0.057
skycell,"",2,1241,3,0.038
skycell,"",2,1242,11,0.039
skycell,"",2,1243,51,0.069
skycell,"",2,1244,66,0.051
skycell,"",2,1245,1,0.038
skycell,"",2,1246,3,0.027
skycell,"",2,1247,0,0.038
skycell,"",2,1248,106,0.082
skycell,"",2,1249,11,0.036
skycell,"",2,1250,29,0.048
skycell,"",2,1251,2,0.037
skycell,"",2,1252,79,0.074
skycell,"",2,1253,4,0.044
skycell,"",2,1254,118,0.089
skycell,"",2,1255,47,0.061
skycell,"",2,1256,4009,0.346
skycell,"",2,1257,74,0.056
skycell,"",2,1258,4,0.028
skycell,"",2,1259,1,0.042
skycell,"",2,1260,5,0.053
skycell,"",2,1261,99,0.085
skycell,"",2,1262,140,0.081
skycell,"",2,1263,2,0.029
skycell,"",2,1264,74,0.062
skycell,"",2,1265,1,0.031
skycell,"",2,1266,21,0.059
skycell,"",2,1267,3,0.03
skycell,"",2,1268,3,0.036
skycell,"",2,1269,3,0.041
skycell,"",2,1270,22,0.045
skycell,"",2,1271,14,0.045
skycell,"",2,1272,19,0.042
skycell,"",2,1273,4,0.03
skycell,"",2,1274,730,0.199
skycell,"",2,1275,61,0.057
skycell,"",2,1276,3,0.036
skycell,"",2,1277,2,0.031
skycell,"",2,1278,139,0.093
skycell,"",2,1279,0,0.03
skycell,"",2,1280,87,0.061
skycell,"",2,1281,3,0.038
skycell,"",2,1282,77,0.063
skycell,"",2,1283,4,0.029
skycell,"",2,1284,47,0.064
skycell,"",2,1285,36,0.043
skycell,"",2,1286,2,0.032
skycell,"",2,1287,7,0.03
skycell,"",2,1288,4,0.034
skycell,"",2,1289,1,0.032
skycell,"",2,1290,175,0.103
skycell,"",2,1291,2,0.038
skycell,"",2,1292,65,0.068
skycell,"",2,1293,4,0.031
skycell,"",2,1294,59,0.062
skycell,"",2,1295,2,0.035
skycell,"",2,1296,5,0.029
skycell,"",2,1297,1,0.037
skycell,"",2,1298,9,0.047
skycell,"",2,1299,3,0.042
skycell,"",2,1300,81,0.06
skycell,"",2,1301,115,0.062
skycell,"",2,1302,528,0.168
skycell,"",2,1303,144,0.117
skycell,"",2,1304,1562,0.329
skycell,"",2,1305,53,0.067
skycell,"",2,1306,1632,0.348
skycell,"",2,1307,103,0.09
skycell,"",2,1308,85,0.085
skycell,"",2,1309,72,0.072
skycell,"",2,1310,68,0.054
skycell,"",2,1311,63,0.074
skycell,"",2,1312,66,0.07
skycell,"",2,1313,51,0.069
skycell,"",2,1314,69,0.078
skycell,"",2,1315,475,0.146
skycell,"",2,1316,397,0.167
skycell,"",2,1317,71,0.074
skycell,"",2,1318,800,0.218
skycell,"",2,1319,64,0.075
skycell,"",2,1320,73,0.098
skycell,"",2,1321,75,0.089
skycell,"",2,1322,69,0.077
skycell,"",2,1323,77,0.064
skycell,"",2,1324,2294,0.438
skycell,"",2,1325,84,0.081
skycell,"",2,1326,752,0.206
skycell,"",2,1327,72,0.069
skycell,"",2,1328,879,0.211
skycell,"",2,1329,81,0.075
skycell,"",2,1330,1598,0.317
skycell,"",2,1331,61,0.078
skycell,"",2,1332,69,0.073
skycell,"",2,1333,67,0.057
skycell,"",2,1334,736,0.206
skycell,"",2,1335,311,0.13
skycell,"",2,1336,1019,0.221
skycell,"",2,1337,81,0.074
skycell,"",2,1338,1099,0.269
skycell,"",2,1339,122,0.072
skycell,"",2,1340,1284,0.26
skycell,"",2,1341,56,0.063
skycell,"",2,1342,65,0.076
skycell,"",2,1343,61,0.051
skycell,"",2,1344,57,0.065
skycell,"",2,1345,63,0.082
skycell,"",2,1346,553,0.194
skycell,"",2,1347,68,0.058
skycell,"",2,1348,63,0.078
skycell,"",2,1349,216,0.114
skycell,"",2,1350,75,0.072
skycell,"",2,1351,69,0.083
skycell,"",2,1352,157,0.083
skycell,"",2,1353,211,0.106
skycell,"",2,1354,136,0.072
skycell,"",2,1355,47,0.072
skycell,"",2,1356,660,0.183
skycell,"",2,1357,70,0.077
skycell,"",2,1358,66,0.054
skycell,"",2,1359,68,0.094
skycell,"",2,1360,674,0.197
skycell,"",2,1361,67,0.081
skycell,"",2,1362,61,0.071
skycell,"",2,1363,60,0.063
skycell,"",2,1364,2512,0.432
skycell,"",2,1365,65,0.068
skycell,"",2,1366,65,0.078
skycell,"",2,1367,60,0.051
skycell,"",2,1368,60,0.075
skycell,"",2,1369,163,0.089
skycell,"",2,1370,4069,0.643
skycell,"",2,1371,77,0.071
skycell,"",2,1372,601,0.167
skycell,"",2,1373,49,0.088
skycell,"",2,1374,70,0.07
skycell,"",2,1375,73,0.07
skycell,"",2,1376,495,0.18
skycell,"",2,1377,63,0.064
skycell,"",2,1378,1356,0.307
skycell,"",2,1379,79,0.067
skycell,"",2,1380,1572,0.286
skycell,"",2,1381,47,0.096
skycell,"",2,1382,75,0.09
skycell,"",2,1383,65,0.06
skycell,"",2,1384,77,0.062
skycell,"",2,1385,1227,0.29
skycell,"",2,1386,1589,0.276
skycell,"",2,1387,79,0.057
skycell,"",2,1388,898,0.218
skycell,"",2,1389,69,0.073
skycell,"",2,1390,710,0.18
skycell,"",2,1391,77,0.066
skycell,"",2,1392,67,0.048
skycell,"",2,1393,66,0.063
skycell,"",2,1394,3504,0.563
skycell,"",2,1395,64,0.066
skycell,"",2,1396,3600,0.553
skycell,"",2,1397,59,0.064
skycell,"",2,1398,2926,0.458
skycell,"",2,1399,66,0.085
skycell,"",2,1400,4002,0.644
skycell,"",2,1401,297,0.152
skycell,"",2,1402,254,0.11
skycell,"",2,1403,324,0.141
skycell,"",2,1404,1369,0.32
skycell,"",2,1405,265,0.136
skycell,"",2,1406,1108,0.284
skycell,"",2,1407,276,0.128
skycell,"",2,1408,4152,0.668
skycell,"",2,1409,297,0.14
skycell,"",2,1410,306,0.119
skycell,"",2,1411,748,0.208
skycell,"",2,1412,265,0.121
skycell,"",2,1413,280,0.143
skycell,"",2,1414,1101,0.297
skycell,"",2,1415,251,0.115
skycell,"",2,1416,9129,1.145
skycell,"",2,1417,272,0.132
skycell,"",2,1418,5071,0.747
skycell,"",2,1419,271,0.129
skycell,"",2,1420,5690,0.749
skycell,"",2,1421,233,0.111
skycell,"",2,1422,4433,0.656
skycell,"",2,1423,260,0.113
skycell,"",2,1424,3126,0.495
skycell,"",2,1425,3145,0.559
skycell,"",2,1426,302,0.15
skycell,"",2,1427,255,0.138
skycell,"",2,1428,3905,0.632
skycell,"",2,1429,1284,0.314
skycell,"",2,1430,1294,0.264
skycell,"",2,1431,289,0.115
skycell,"",2,1432,268,0.16
skycell,"",2,1433,901,0.234
skycell,"",2,1434,277,0.133
skycell,"",2,1435,1243,0.313
skycell,"",2,1436,1021,0.247
skycell,"",2,1437,298,0.117
skycell,"",2,1438,4191,0.448
skycell,"",2,1439,307,0.132
skycell,"",2,1440,269,0.133
skycell,"",2,1441,2336,0.426
skycell,"",2,1442,2435,0.441
skycell,"",2,1443,2502,0.454
skycell,"",2,1444,35019,3.756
skycell,"",2,1445,11114,1.416
skycell,"",2,1446,6517,0.766
skycell,"",2,1447,2340,0.448
skycell,"",2,1448,147516,12.931
skycell,"",2,1449,2525,0.473
skycell,"",2,1450,43516,4.28
skycell,"",2,1451,2330,0.481
skycell,"",2,1452,26649,3.121
skycell,"",2,1453,2324,0.441
skycell,"",2,1454,22109,2.471
skycell,"",2,1455,2386,0.451
skycell,"",2,1456,18819,2.024
skycell,range_cost=10,1,1,0,0.072
skycell,range_cost=10,1,2,1,0.041
skycell,range_cost=10,1,3,0,0.034
skycell,range_cost=10,1,4,1,0.045
skycell,range_cost=10,1,5,0,0.035
skycell,range_cost=10,1,6,1,0.037
skycell,range_cost=10,1,7,0,0.027
skycell,range_cost=10,1,8,1,0.029
skycell,range_cost=10,1,9,0,0.028
skycell,range_cost=10,1,10,1,0.029
skycell,range_cost=10,1,11,0,0.026
skycell,range_cost=10,1,12,1,0.035
skycell,range_cost=10,1,13,0,0.027
skycell,range_cost=10,1,14,1,0.028
skycell,range_cost=10,1,15,0,0.026
skycell,range_cost=10,1,16,1,0.037
skycell,range_cost=10,1,17,0,0.035
skycell,range_cost=10,1,18,1,0.035
skycell,range_cost=10,1,19,0,0.026
skycell,range_cost=10,1,20,1,0.027
skycell,range_cost=10,1,21,0,0.026
skycell,range_cost=10,1,22,1,0.037
skycell,range_cost=10,1,23,0,0.029
skycell,range_cost=10,1,24,1,0.026
skycell,range_cost=10,1,25,0,0.026
skycell,range_cost=10,1,26,1,0.027
skycell,range_cost=10,1,27,0,0.027
skycell,range_cost=10,1,28,1,0.028
skycell,range_cost=10,1,29,0,0.032
skycell,range_cost=10,1,30,1,0.036
skycell,range_cost=10,1,31,0,0.027
skycell,range_cost=10,1,32,1,0.033
skycell,range_cost=10,1,33,0,0.026
skycell,range_cost=10,1,34,1,0.031
skycell,range_cost=10,1,35,0,0.025
skycell,range_cost=10,1,36,1,0.027
skycell,range_cost=10,1,37,0,0.048
skycell,range_cost=10,1,38,1,0.047
skycell,range_cost=10,1,39,0,0.04
skycell,range_cost=10,1,40,1,0.045
skycell,range_cost=10,1,41,0,0.037
skycell,range_cost=10,1,42,1,0.039
skycell,range_cost=10,1,43,0,0.034
skycell,range_cost=10,1,44,1,0.027
skycell,range_cost=10,1,45,0,0.034
skycell,range_cost=10,1,46,1,0.035
skycell,range_cost=10,1,47,0,0.033
skycell,range_cost=10,1,48,1,0.027
skycell,range_cost=10,1,49,0,0.025
skycell,range_cost=10,1,50,1,0.028
skycell,range_cost=10,1,51,0,0.033
skycell,range_cost=10,1,52,1,0.028
skycell,range_cost=10,1,53,0,0.026
skycell,range_cost=10,1,54,1,0.028
skycell,range_cost=10,1,55,0,0.033
skycell,range_cost=10,1,56,1,0.027
skycell,range_cost=10,1,57,0,0.026
skycell,range_cost=10,1,58,1,0.039
skycell,range_cost=10,1,59,0,0.031
skycell,range_cost=10,1,60,1,0.027
skycell,range_cost=10,1,61,0,0.033
skycell,range_cost=10,1,62,1,0.036
skycell,range_cost=10,1,63,0,0.027
skycell,range_cost=10,1,64,1,0.027
skycell,range_cost=10,1,65,0,0.026
skycell,range_cost=10,1,66,1,0.026
skycell,range_cost=10,1,67,0,0.026
skycell,range_cost=10,1,68,1,0.027
skycell,range_cost=10,1,69,0,0.027
skycell,range_cost=10,1,70,1,0.025
skycell,range_cost=10,1,71,0,0.025
skycell,range_cost=10,1,72,1,0.033
skycell,range_cost=10,1,73,0,0.026
skycell,range_cost=10,1,74,1,0.026
skycell,range_cost=10,1,75,0,0.025
skycell,range_cost=10,1,76,1,0.027
skycell,range_cost=10,1,77,0,0.033
skycell,range_cost=10,1,78,1,0.028
skycell,range_cost=10,1,79,0,0.025
skycell,range_cost=10,1,80,1,0.027
skycell,range_cost=10,1,81,0,0.025
skycell,range_cost=10,1,82,1,0.027
skycell,range_cost=10,1,83,0,0.046
skycell,range_cost=10,1,84,1,0.027
skycell,range_cost=10,1,85,0,0.026
skycell,range_cost=10,1,86,1,0.025
skycell,range_cost=10,1,87,0,0.027
skycell,range_cost=10,1,88,1,0.027
skycell,range_cost=10,1,89,0,0.033
skycell,range_cost=10,1,90,1,0.027
skycell,range_cost=10,1,91,0,0.031
skycell,range_cost=10,1,92,1,0.029
skycell,range_cost=10,1,93,0,0.026
skycell,range_cost=10,1,94,1,0.035
skycell,range_cost=10,1,95,0,0.025
skycell,range_cost=10,1,96,1,0.035
skycell,range_cost=10,1,97,0,0.026
skycell,range_cost=10,1,98,1,0.027
skycell,range_cost=10,1,99,0,0.026
skycell,range_cost=10,1,100,1,0.026
skycell,range_cost=10,1,101,0,0.024
skycell,range_cost=10,1,102,1,0.026
skycell,range_cost=10,1,103,0,0.026
skycell,range_cost=10,1,104,1,0.026
skycell,range_cost=10,1,105,0,0.025
skycell,range_cost=10,1,106,1,0.028
skycell,range_cost=10,1,107,0,0.024
skycell,range_cost=10,1,108,1,0.026
skycell,range_cost=10,1,109,0,0.04
skycell,range_cost=10,1,110,1,0.036
skycell,range_cost=10,1,111,0,0.045
skycell,range_cost=10,1,112,1,0.027
q3c,"",1,2,1,2.914
q3c,"",1,3,0,5.498
q3c,"",1,4,1,2.162
q3c,"",1,5,0,1.911
q3c,"",1,6,1,1.835
q3c,"",1,7,0,1.743
q3c,"",1,8,1,1.801
q3c,"",1,9,0,1.754
q3c,"",1,10,1,1.956
q3c,"",1,11,0,1.849
q3c,"",1,12,1,1.901
q3c,"",1,13,0,1.635
q3c,"",1,14,1,1.903
q3c,"",1,15,0,1.654
q3c,"",1,16,1,2.285
q3c,"",1,17,0,2.314
q3c,"",1,18,1,1.758
q3c,"",1,19,0,1.867
q3c,"",1,20,1,2.219
q3c,"",1,21,0,1.652
q3c,"",1,22,1,1.695
q3c,"",1,23,0,1.832
q3c,"",1,24,1,1.874
q3c,"",1,25,0,1.915
q3c,"",1,26,1,1.83
q3c,"",1,27,0,1.666
q3c,"",1,28,1,2.072
q3c,"",1,29,0,2.905
q3c,"",1,30,1,1.621
q3c,"",1,31,0,1.58
q3c,"",1,32,1,1.756
q3c,"",1,33,0,1.445
q3c,"",1,34,1,1.677
q3c,"",1,35,0,1.668
q3c,"",1,36,1,1.728
q3c,"",1,37,0,1.766
q3c,"",1,38,1,1.536
q3c,"",1,39,0,1.538
q3c,"",1,40,1,1.803
q3c,"",1,41,0,1.701
q3c,"",1,42,1,1.765
q3c,"",1,43,0,1.653
q3c,"",1,44,1,1.769
q3c,"",1,45,0,1.606
q3c,"",1,46,1,1.696
q3c,"",1,47,0,1.5
q3c,"",1,48,1,1.7
q3c,"",1,49,0,1.607
q3c,"",1,50,1,1.836
q3c,"",1,51,0,1.493
q3c,"",1,52,1,1.811
q3c,"",1,53,0,1.532
q3c,"",1,54,1,1.555
q3c,"",1,55,0,1.514
q3c,"",1,56,1,1.513
q3c,"",1,57,0,1.608
q3c,"",1,58,1,1.75
q3c,"",1,59,0,1.895
q3c,"",1,60,1,1.741
q3c,"",1,61,0,1.827
q3c,"",1,62,1,1.604
q3c,"",1,63,0,1.707
q3c,"",1,64,1,1.66
q3c,"",1,65,0,1.842
q3c,"",1,66,1,1.692
q3c,"",1,67,0,1.797
q3c,"",1,68,1,1.653
q3c,"",1,69,0,1.758
q3c,"",1,70,1,3.554
q3c,"",1,71,0,1.705
q3c,"",1,72,1,1.91
q3c,"",1,73,0,1.574
q3c,"",1,74,1,1.681
q3c,"",1,75,0,1.599
q3c,"",1,76,1,1.837
q3c,"",1,77,0,1.659
q3c,"",1,78,1,1.618
q3c,"",1,79,0,1.549
q3c,"",1,80,1,1.943
q3c,"",1,81,0,1.555
q3c,"",1,82,1,1.671
q3c,"",1,83,0,1.533
q3c,"",1,84,1,1.724
q3c,"",1,85,0,1.657
q3c,"",1,86,1,1.802
q3c,"",1,87,0,1.681
q3c,"",1,88,1,1.757
q3c,"",1,89,0,1.559
q3c,"",1,90,1,1.554
q3c,"",1,91,0,1.56
q3c,"",1,92,1,1.857
q3c,"",1,93,0,1.467
q3c,"",1,94,1,1.546
q3c,"",1,95,0,1.522
q3c,"",1,96,1,1.668
q3c,"",1,97,0,1.383
q3c,"",1,98,1,1.595
q3c,"",1,99,0,1.692
q3c,"",1,100,1,1.549
q3c,"",1,101,0,1.545
q3c,"",1,102,1,1.744
q3c,"",1,103,0,1.483
q3c,"",1,104,1,1.708
q3c,"",1,105,0,1.602
q3c,"",1,106,1,1.847
q3c,"",1,107,0,1.678
q3c,"",1,108,1,1.537
q3c,"",1,109,0,1.644
q3c,"",1,110,1,1.589
q3c,"",1,111,0,1.461
q3c,"",1,112,1,1.473
q3c,"",1,113,0,1.7
q3c,"",1,114,1,1.616
q3c,"",1,115,0,1.442
q3c,"",1,116,1,1.837
q3c,"",1,117,0,1.617
q3c,"",1,118,1,1.655
q3c,"",1,119,0,1.7
q3c,"",1,120,1,1.566
q3c,"",1,121,0,1.519
q3c,"",1,122,1,1.686
q3c,"",1,123,0,2.526
q3c,"",1,124,1,2.97
q3c,"",1,125,0,1.966
q3c,"",1,126,1,1.966
q3c,"",1,127,0,1.831
q3c,"",1,128,1,1.682
q3c,"",1,129,0,1.514
q3c,"",1,130,1,1.872
q3c,"",1,131,0,1.597
q3c,"",1,132,1,1.735
q3c,"",1,133,0,1.638
q3c,"",1,134,1,1.924
q3c,"",1,135,0,1.69
q3c,"",1,136,1,1.583
q3c,"",1,137,0,1.644
q3c,"",1,138,1,1.747
q3c,"",1,139,0,1.82
q3c,"",1,140,1,1.71
q3c,"",1,141,0,1.898
q3c,"",1,142,1,1.663
q3c,"",1,143,0,1.571
q3c,"",1,144,1,1.789
q3c,"",1,145,0,1.603
q3c,"",1,146,1,1.533
q3c,"",1,147,0,1.616
q3c,"",1,148,1,1.555
q3c,"",1,149,0,1.663
q3c,"",1,150,1,1.656
q3c,"",1,151,0,1.587
q3c,"",1,152,1,1.732
q3c,"",1,153,0,1.51
q3c,"",1,154,1,1.59
q3c,"",1,155,0,1.607
q3c,"",1,156,1,1.726
q3c,"",1,157,0,1.445
q3c,"",1,158,1,1.501
q3c,"",1,159,0,1.518
q3c,"",1,160,1,1.587
q3c,"",1,161,0,1.724
q3c,"",1,162,1,1.552
q3c,"",1,163,0,1.479
q3c,"",1,164,1,1.724
q3c,"",1,165,0,1.493
q3c,"",1,166,1,1.904
q3c,"",1,167,0,2.583
q3c,"",1,168,1,1.896
q3c,"",1,169,0,1.566
q3c,"",1,170,1,1.736
q3c,"",1,171,0,1.692
q3c,"",1,172,1,1.648
q3c,"",1,173,0,1.62
q3c,"",1,174,1,1.676
q3c,"",1,175,0,1.631
q3c,"",1,176,1,1.639
q3c,"",1,177,0,1.526
q3c,"",1,178,1,1.62
q3c,"",1,179,0,1.713
q3c,"",1,180,1,1.608
q3c,"",1,181,0,1.61
q3c,"",1,182,1,1.532
q3c,"",1,183,0,1.609
q3c,"",1,184,1,1.744
q3c,"",1,185,0,1.547
q3c,"",1,186,1,1.61
q3c,"",1,187,0,1.553
q3c,"",1,188,1,1.577
q3c,"",1,189,0,1.482
q3c,"",1,190,1,1.654
q3c,"",1,191,0,1.54
q3c,"",1,192,1,2.64
q3c,"",1,193,0,1.471
q3c,"",1,194,1,1.626
q3c,"",1,195,0,1.427
q3c,"",1,196,1,1.525
q3c,"",1,197,0,1.476
q3c,"",1,198,1,1.578
q3c,"",1,199,0,1.81
q3c,"",1,200,1,1.521
q3c,"",1,201,0,1.523
q3c,"",1,202,1,1.586
q3c,"",1,203,0,1.511
q3c,"",1,204,1,1.578
q3c,"",1,205,0,1.633
q3c,"",1,206,1,2.949
q3c,"",1,207,0,1.561
q3c,"",1,208,1,1.638
q3c,"",1,209,0,1.499
q3c,"",1,210,1,1.589
q3c,"",1,211,0,1.545
q3c,"",1,212,1,1.745
q3c,"",1,213,0,1.572
q3c,"",1,214,1,1.582
q3c,"",1,215,0,1.705
q3c,"",1,216,1,1.738
q3c,"",1,217,0,1.572
q3c,"",1,218,1,1.605
q3c,"",1,219,0,1.622
q3c,"",1,220,1,1.566
q3c,"",1,221,0,1.541
q3c,"",1,222,1,1.712
q3c,"",1,223,0,1.399
q3c,"",1,224,1,1.53
q3c,"",1,225,0,1.814
q3c,"",1,226,1,1.543
q3c,"",1,227,0,1.622
q3c,"",1,228,1,1.527
q3c,"",1,229,0,1.497
q3c,"",1,230,1,1.543
q3c,"",1,231,0,1.521
q3c,"",1,232,1,1.61
q3c,"",1,233,0,1.511
q3c,"",1,234,1,1.591
q3c,"",1,235,0,1.452
q3c,"",1,236,1,1.529
q3c,"",1,237,0,2.857
q3c,"",1,238,1,1.66
q3c,"",1,239,0,1.451
q3c,"",1,240,1,1.541
q3c,"",1,241,0,1.622
q3c,"",1,242,1,1.522
q3c,"",1,243,0,1.505
q3c,"",1,244,1,1.812
q3c,"",1,245,0,1.761
q3c,"",1,246,1,1.525
q3c,"",1,247,0,1.489
q3c,"",1,248,1,1.597
q3c,"",1,249,0,1.53
q3c,"",1,250,1,1.485
q3c,"",1,251,0,1.549
q3c,"",1,252,1,1.737
q3c,"",1,253,0,1.515
q3c,"",1,254,1,1.567
q3c,"",1,255,0,1.496
q3c,"",1,256,1,1.539
q3c,"",1,257,0,1.598
q3c,"",1,258,1,1.575
q3c,"",1,259,0,1.472
q3c,"",1,260,1,1.608
q3c,"",1,261,0,1.555
q3c,"",1,262,1,1.643
q3c,"",1,263,0,1.606
q3c,"",1,264,1,1.732
q3c,"",1,265,0,2.158
q3c,"",1,266,1,1.783
q3c,"",1,267,0,2.74
q3c,"",1,268,1,1.698
q3c,"",1,269,0,1.816
q3c,"",1,270,1,1.626
q3c,"",1,271,0,1.637
q3c,"",1,272,1,1.652
q3c,"",1,273,0,1.754
q3c,"",1,274,1,1.647
q3c,"",1,275,0,1.533
q3c,"",1,276,1,1.619
q3c,"",1,277,0,1.573
q3c,"",1,278,1,1.513
q3c,"",1,279,0,1.6
q3c,"",1,280,1,1.822
q3c,"",1,281,0,1.588
q3c,"",1,282,1,1.877
q3c,"",1,283,0,1.734
q3c,"",1,284,1,1.65
q3c,"",1,285,0,1.611
q3c,"",1,286,1,1.579
q3c,"",1,287,0,1.706
q3c,"",1,288,1,1.648
q3c,"",1,289,0,1.794
q3c,"",1,290,1,1.597
q3c,"",1,291,0,1.471
q3c,"",1,292,1,1.637
q3c,"",1,293,0,1.65
q3c,"",1,294,1,1.578
q3c,"",1,295,0,1.585
q3c,"",1,296,1,1.645
q3c,"",1,297,0,2.315
q3c,"",1,298,1,1.728
q3c,"",1,299,0,1.691
q3c,"",1,300,1,1.669
q3c,"",1,301,0,1.617
q3c,"",1,302,1,1.571
q3c,"",1,303,0,1.552
q3c,"",1,304,1,1.545
q3c,"",1,305,0,1.558
q3c,"",1,306,1,1.561
q3c,"",1,307,0,1.583
q3c,"",1,308,1,1.574
q3c,"",1,309,0,1.494
q3c,"",1,310,1,1.6
q3c,"",1,311,0,1.546
q3c,"",1,312,1,1.363
q3c,"",1,313,0,1.71
q3c,"",1,314,1,1.767
q3c,"",1,315,0,1.439
q3c,"",1,316,1,1.535
q3c,"",1,317,0,1.575
q3c,"",1,318,1,1.593
q3c,"",1,319,0,1.557
q3c,"",1,320,1,1.773
q3c,"",1,321,0,1.543
q3c,"",1,322,1,1.595
q3c,"",1,323,0,1.564
q3c,"",1,324,1,1.575
q3c,"",1,325,0,1.576
q3c,"",1,326,1,1.542
q3c,"",1,327,0,1.589
q3c,"",1,328,1,2.317
q3c,"",1,329,0,1.347
q3c,"",1,330,1,1.648
q3c,"",1,331,0,1.567
q3c,"",1,332,1,1.673
q3c,"",1,333,0,1.534
q3c,"",1,334,1,1.616
q3c,"",1,335,0,1.485
q3c,"",1,336,1,1.638
q3c,"",1,337,0,1.517
q3c,"",1,338,1,1.53
q3c,"",1,339,0,1.609
q3c,"",1,340,1,1.659
q3c,"",1,341,0,1.652
q3c,"",1,342,1,1.52
q3c,"",1,343,0,1.479
q3c,"",1,344,1,1.512
q3c,"",1,345,0,1.475
q3c,"",1,346,1,1.547
q3c,"",1,347,0,1.531
q3c,"",1,348,1,1.577
q3c,"",1,349,0,1.656
q3c,"",1,350,1,1.586
q3c,"",1,351,0,1.627
q3c,"",1,352,1,1.731
q3c,"",1,353,0,1.65
q3c,"",1,354,1,1.789
q3c,"",1,355,0,1.617
q3c,"",1,356,1,1.558
q3c,"",1,357,0,1.542
q3c,"",1,358,1,1.634
q3c,"",1,359,0,2.332
q3c,"",1,360,1,1.726
q3c,"",1,361,0,1.518
q3c,"",1,362,1,1.552
q3c,"",1,363,0,1.422
q3c,"",1,364,1,2.014
q3c,"",1,365,0,1.605
q3c,"",1,366,1,1.716
q3c,"",1,367,0,1.695
q3c,"",1,368,1,1.706
q3c,"",1,369,0,1.482
q3c,"",1,370,1,1.515
q3c,"",1,371,0,1.337
q3c,"",1,372,1,1.608
q3c,"",1,373,0,1.425
q3c,"",1,374,1,1.57
q3c,"",1,375,0,1.503
q3c,"",1,376,1,1.506
q3c,"",1,377,0,1.571
q3c,"",1,378,1,1.6
q3c,"",1,379,0,1.788
q3c,"",1,380,1,1.489
q3c,"",1,381,0,1.443
q3c,"",1,382,1,1.473
q3c,"",1,383,0,1.446
q3c,"",1,384,1,1.548
q3c,"",1,385,0,1.627
q3c,"",1,386,1,1.544
q3c,"",1,387,0,1.709
q3c,"",1,388,1,1.498
q3c,"",1,389,0,1.57
q3c,"",1,390,1,2.819
q3c,"",1,391,0,1.566
q3c,"",1,392,1,1.577
q3c,"",1,393,0,1.499
q3c,"",1,394,1,1.564
q3c,"",1,395,0,1.569
q3c,"",1,396,1,1.808
q3c,"",1,397,0,1.53
q3c,"",1,398,1,1.557
q3c,"",1,399,0,1.509
q3c,"",1,400,1,1.544
q3c,"",1,401,0,1.481
q3c,"",1,402,1,1.616
q3c,"",1,403,0,1.491
q3c,"",1,404,1,1.614
q3c,"",1,405,0,1.459
q3c,"",1,406,1,1.676
q3c,"",1,407,0,1.479
q3c,"",1,408,1,1.595
q3c,"",1,409,0,1.557
q3c,"",1,410,1,1.675
q3c,"",1,411,0,1.486
q3c,"",1,412,1,1.489
q3c,"",1,413,0,1.566
q3c,"",1,414,1,1.548
q3c,"",1,415,0,1.497
q3c,"",1,416,1,1.654
q3c,"",1,417,0,1.672
q3c,"",1,418,1,1.609
q3c,"",1,419,0,1.585
q3c,"",1,420,1,1.643
q3c,"",1,421,0,2.589
q3c,"",1,422,1,1.593
q3c,"",1,423,0,1.494
q3c,"",1,424,1,1.617
q3c,"",1,425,1,1.759
q3c,"",1,426,1,1.524
q3c,"",1,427,0,1.582
q3c,"",1,428,1,1.629
q3c,"",1,429,0,1.587
q3c,"",1,430,1,1.549
q3c,"",1,431,0,1.479
q3c,"",1,432,1,1.513
q3c,"",1,433,0,1.484
q3c,"",1,434,1,1.732
q3c,"",1,435,0,1.517
q3c,"",1,436,1,1.695
q3c,"",1,437,0,1.4
q3c,"",1,438,1,1.62
q3c,"",1,439,0,1.535
q3c,"",1,440,1,1.613
q3c,"",1,441,0,1.478
q3c,"",1,442,1,1.623
q3c,"",1,443,0,1.594
q3c,"",1,444,1,1.622
q3c,"",1,445,0,1.584
q3c,"",1,446,1,1.692
q3c,"",1,447,0,1.557
q3c,"",1,448,1,1.571
q3c,"",1,449,0,1.508
q3c,"",1,450,1,1.691
q3c,"",1,451,0,1.628
q3c,"",1,452,1,1.453
q3c,"",1,453,0,1.574
q3c,"",1,454,1,1.451
q3c,"",1,455,0,1.593
q3c,"",1,456,1,1.608
q3c,"",1,457,0,1.52
q3c,"",1,458,1,1.662
q3c,"",1,459,0,1.613
q3c,"",1,460,1,1.503
q3c,"",1,461,0,1.551
q3c,"",1,462,1,1.632
q3c,"",1,463,0,1.628
q3c,"",1,464,1,1.454
q3c,"",1,465,0,1.726
q3c,"",1,466,1,1.63
q3c,"",1,467,0,1.552
q3c,"",1,468,2,1.68
q3c,"",1,469,0,1.656
q3c,"",1,470,1,1.654
q3c,"",1,471,0,1.593
q3c,"",1,472,1,1.758
q3c,"",1,473,0,1.508
q3c,"",1,474,1,1.473
q3c,"",1,475,0,1.469
q3c,"",1,476,1,1.661
q3c,"",1,477,0,1.45
q3c,"",1,478,1,1.442
q3c,"",1,479,0,1.456
q3c,"",1,480,1,1.69
q3c,"",1,481,0,1.56
q3c,"",1,482,1,1.634
q3c,"",1,483,0,1.442
q3c,"",1,484,1,2.206
q3c,"",1,485,0,1.453
q3c,"",1,486,1,1.8
q3c,"",1,487,0,1.511
q3c,"",1,488,1,1.527
q3c,"",1,489,0,1.558
q3c,"",1,490,1,1.544
q3c,"",1,491,0,1.618
q3c,"",1,492,1,1.617
q3c,"",1,493,0,1.505
q3c,"",1,494,1,1.54
q3c,"",1,495,0,1.611
q3c,"",1,496,1,1.696
q3c,"",1,497,0,1.576
q3c,"",1,498,1,1.571
q3c,"",1,499,0,1.496
q3c,"",1,500,1,1.667
q3c,"",1,501,0,1.595
q3c,"",1,502,1,1.711
q3c,"",1,503,0,1.588
q3c,"",1,504,1,1.496
q3c,"",1,505,0,1.444
q3c,"",1,506,2,1.619
q3c,"",1,507,0,1.518
q3c,"",1,508,1,1.544
q3c,"",1,509,0,1.707
q3c,"",1,510,1,1.54
q3c,"",1,511,0,1.459
q3c,"",1,512,1,1.538
q3c,"",1,513,0,1.418
q3c,"",1,514,1,1.621
q3c,"",1,515,0,1.45
q3c,"",1,516,1,1.566
q3c,"",1,517,0,1.488
q3c,"",1,518,1,1.5
q3c,"",1,519,0,1.542
q3c,"",1,520,1,1.563
q3c,"",1,521,0,1.534
q3c,"",1,522,1,1.583
q3c,"",1,523,0,1.513
q3c,"",1,524,1,1.655
q3c,"",1,525,0,1.514
q3c,"",1,526,1,1.644
q3c,"",1,527,0,1.665
q3c,"",1,528,1,1.726
q3c,"",1,529,0,1.641
q3c,"",1,530,1,1.652
q3c,"",1,531,0,1.632
q3c,"",1,532,1,1.732
q3c,"",1,533,0,1.462
q3c,"",1,534,1,1.572
q3c,"",1,535,0,1.521
q3c,"",1,536,1,1.697
q3c,"",1,537,0,1.601
q3c,"",1,538,1,1.442
q3c,"",1,539,0,1.619
q3c,"",1,540,1,1.685
q3c,"",1,541,0,1.604
q3c,"",1,542,1,1.624
q3c,"",1,543,0,1.599
q3c,"",1,544,1,1.563
q3c,"",1,545,0,1.619
q3c,"",1,546,1,1.645
q3c,"",1,547,0,1.737
q3c,"",1,548,1,1.599
q3c,"",1,549,0,1.56
q3c,"",1,550,1,1.638
q3c,"",1,551,0,1.642
q3c,"",1,552,1,1.639
q3c,"",1,553,0,1.515
q3c,"",1,554,1,1.512
q3c,"",1,555,0,1.769
q3c,"",1,556,1,1.643
q3c,"",1,557,0,1.623
q3c,"",1,558,1,1.695
q3c,"",1,559,0,1.461
q3c,"",1,560,1,1.625
q3c,"",1,561,0,1.577
q3c,"",1,562,1,1.61
q3c,"",1,563,0,1.542
q3c,"",1,564,1,1.662
q3c,"",1,565,0,1.46
q3c,"",1,566,1,1.695
q3c,"",1,567,0,1.563
q3c,"",1,568,1,1.553
q3c,"",1,569,0,1.555
q3c,"",1,570,1,1.622
q3c,"",1,571,0,1.505
q3c,"",1,572,13,1.484
q3c,"",1,573,0,1.493
q3c,"",1,574,1,1.58
q3c,"",1,575,0,1.558
q3c,"",1,576,1,1.67
q3c,"",1,577,0,1.6
q3c,"",1,578,2,2.478
q3c,"",1,579,0,1.432
q3c,"",1,580,1,1.694
q3c,"",1,581,0,1.575
q3c,"",1,582,1,1.677
q3c,"",1,583,0,1.512
q3c,"",1,584,1,1.657
q3c,"",1,585,0,1.578
q3c,"",1,586,1,1.716
q3c,"",1,587,0,1.553
q3c,"",1,588,1,1.697
q3c,"",1,589,0,1.58
q3c,"",1,590,1,1.555
q3c,"",1,591,0,1.581
q3c,"",1,592,1,1.538
q3c,"",1,593,0,1.672
q3c,"",1,594,1,1.422
q3c,"",1,595,0,1.564
q3c,"",1,596,1,1.623
q3c,"",1,597,0,1.635
q3c,"",1,598,1,1.775
q3c,"",1,599,0,2.733
q3c,"",1,600,1,2.323
q3c,"",1,601,0,1.684
q3c,"",1,602,1,1.891
q3c,"",1,603,0,2.118
q3c,"",1,604,2,2.16
q3c,"",1,605,0,2.191
q3c,"",1,606,18,2.807
q3c,"",1,607,0,2.015
q3c,"",1,608,1,2.581
q3c,"",1,609,0,2.384
q3c,"",1,610,1,2.627
q3c,"",1,611,0,1.724
q3c,"",1,612,1,7.33
q3c,"",1,613,0,5.282
q3c,"",1,614,1,6.204
q3c,"",1,615,0,4.956
q3c,"",1,616,1,4.213
q3c,"",1,617,0,5.751
q3c,"",1,618,1,2.726
q3c,"",1,619,0,1.87
q3c,"",1,620,1,2.033
q3c,"",1,621,0,1.65
q3c,"",1,622,1,2.235
q3c,"",1,623,0,1.789
q3c,"",1,624,1,1.771
q3c,"",1,625,0,3.035
q3c,"",1,626,1,4.825
q3c,"",1,627,0,2.408
q3c,"",1,628,1,2.837
q3c,"",1,629,0,2.82
q3c,"",1,630,1,2.439
q3c,"",1,631,0,3.609
q3c,"",1,632,1,2.519
q3c,"",1,633,0,2.284
q3c,"",1,634,1,2.616
q3c,"",1,635,0,3.412
q3c,"",1,636,1,2.671
q3c,"",1,637,1,2.38
q3c,"",1,638,1,3.131
q3c,"",1,639,0,1.921
q3c,"",1,640,1,2.786
q3c,"",1,641,0,2.808
q3c,"",1,642,1,4.32
q3c,"",1,643,0,2.064
q3c,"",1,644,1,1.946
q3c,"",1,645,0,1.93
q3c,"",1,646,1,1.898
q3c,"",1,647,0,1.619
q3c,"",1,648,1,1.857
q3c,"",1,649,0,1.888
q3c,"",1,650,1,1.726
q3c,"",1,651,0,1.505
q3c,"",1,652,1,1.617
q3c,"",1,653,0,2.123
q3c,"",1,654,1,3.351
q3c,"",1,655,0,2.031
q3c,"",1,656,1,2.14
q3c,"",1,657,0,1.698
q3c,"",1,658,11,1.967
q3c,"",1,659,0,1.826
q3c,"",1,660,1,3.48
q3c,"",1,661,0,1.68
q3c,"",1,662,1,1.629
q3c,"",1,663,0,2.04
q3c,"",1,664,1,2.789
q3c,"",1,665,0,1.829
q3c,"",1,666,1,1.985
q3c,"",1,667,0,1.805
q3c,"",1,668,1,3.052
q3c,"",1,669,0,2.485
q3c,"",1,670,1,1.73
q3c,"",1,671,0,1.969
q3c,"",1,672,2,2.345
q3c,"",1,673,0,1.785
q3c,"",1,674,1,1.678
q3c,"",1,675,0,1.797
q3c,"",1,676,1,2.101
q3c,"",1,677,0,1.825
q3c,"",1,678,1,1.544
q3c,"",1,679,0,1.653
q3c,"",1,680,1,1.72
q3c,"",1,681,0,1.689
q3c,"",1,682,1,1.62
q3c,"",1,683,0,1.659
q3c,"",1,684,1,1.661
q3c,"",1,685,0,1.552
q3c,"",1,686,1,2.041
q3c,"",1,687,0,1.593
q3c,"",1,688,11,1.68
q3c,"",1,689,0,1.597
q3c,"",1,690,1,1.862
q3c,"",1,691,0,1.524
q3c,"",1,692,1,1.717
q3c,"",1,693,0,1.494
q3c,"",1,694,1,1.58
q3c,"",1,695,0,1.519
q3c,"",1,696,1,1.816
q3c,"",1,697,0,1.609
q3c,"",1,698,1,1.536
q3c,"",1,699,0,1.553
q3c,"",1,700,1,1.67
q3c,"",1,701,0,1.632
q3c,"",1,702,2,1.654
q3c,"",1,703,0,1.592
q3c,"",1,704,1,1.669
q3c,"",1,705,0,1.567
q3c,"",1,706,1,1.802
q3c,"",1,707,0,1.709
q3c,"",1,708,1,1.639
q3c,"",1,709,0,1.557
q3c,"",1,710,1,1.648
q3c,"",1,711,0,1.606
q3c,"",1,712,1,1.769
q3c,"",1,713,0,2.006
q3c,"",1,714,1,2.059
q3c,"",1,715,0,3.159
q3c,"",1,716,1,1.627
q3c,"",1,717,0,1.547
q3c,"",1,718,1,1.547
q3c,"",1,719,0,1.845
q3c,"",1,720,1,1.816
q3c,"",1,721,0,1.711
q3c,"",1,722,1,1.67
q3c,"",1,723,0,1.668
q3c,"",1,724,1,1.793
q3c,"",1,725,0,1.546
q3c,"",1,726,1,1.632
q3c,"",1,727,0,1.685
q3c,"",1,728,1,1.551
q3c,"",1,729,0,1.557
q3c,"",1,730,1,1.41
q3c,"",1,731,0,1.696
q3c,"",1,732,1,1.723
q3c,"",1,733,0,1.716
q3c,"",1,734,1,1.784
q3c,"",1,735,0,1.667
q3c,"",1,736,1,1.54
q3c,"",1,737,0,1.563
q3c,"",1,738,1,1.596
q3c,"",1,739,0,1.657
q3c,"",1,740,1,1.648
q3c,"",1,741,0,1.489
q3c,"",1,742,1,1.503
q3c,"",1,743,0,1.544
q3c,"",1,744,1,1.701
q3c,"",1,745,0,2.487
q3c,"",1,746,1,1.751
q3c,"",1,747,0,1.677
q3c,"",1,748,1,1.574
q3c,"",1,749,0,1.656
q3c,"",1,750,1,1.567
q3c,"",1,751,0,1.463
q3c,"",1,752,1,1.58
q3c,"",1,753,0,1.588
q3c,"",1,754,1,1.675
q3c,"",1,755,0,1.464
q3c,"",1,756,2,1.512
q3c,"",1,757,0,1.618
q3c,"",1,758,1,1.561
q3c,"",1,759,0,1.686
q3c,"",1,760,1,1.73
q3c,"",1,761,0,1.562
q3c,"",1,762,1,1.649
q3c,"",1,763,0,1.605
q3c,"",1,764,1,1.677
q3c,"",1,765,0,1.533
q3c,"",1,766,1,1.661
q3c,"",1,767,0,1.584
q3c,"",1,768,1,1.545
q3c,"",1,769,0,1.648
q3c,"",1,770,3,1.673
q3c,"",1,771,0,1.449
q3c,"",1,772,1,1.399
q3c,"",1,773,0,1.425
q3c,"",1,774,1,1.62
q3c,"",1,775,0,1.615
q3c,"",1,776,1,2.174
q3c,"",1,777,0,1.649
q3c,"",1,778,1,1.696
q3c,"",1,779,0,1.487
q3c,"",1,780,1,1.847
q3c,"",1,781,0,1.554
q3c,"",1,782,1,1.557
q3c,"",1,783,0,1.493
q3c,"",1,784,1,1.513
q3c,"",1,785,0,1.605
q3c,"",1,786,1,1.645
q3c,"",1,787,0,1.63
q3c,"",1,788,1,1.652
q3c,"",1,789,0,1.282
q3c,"",1,790,1,1.584
q3c,"",1,791,0,1.584
q3c,"",1,792,1,1.808
q3c,"",1,793,0,1.47
q3c,"",1,794,1,1.568
q3c,"",1,795,0,1.523
q3c,"",1,796,1,1.819
q3c,"",1,797,0,1.559
q3c,"",1,798,1,1.685
q3c,"",1,799,0,1.528
q3c,"",1,800,1,1.552
q3c,"",1,801,0,1.484
q3c,"",1,802,2,1.641
q3c,"",1,803,0,1.613
q3c,"",1,804,1,1.849
q3c,"",1,805,0,2.043
q3c,"",1,806,2,1.833
q3c,"",1,807,0,1.493
q3c,"",1,808,3,1.848
q3c,"",1,809,0,1.614
q3c,"",1,810,1,1.661
q3c,"",1,811,1,1.677
q3c,"",1,812,1,1.659
q3c,"",1,813,0,1.533
q3c,"",1,814,1,1.503
q3c,"",1,815,0,1.718
q3c,"",1,816,2,2.175
q3c,"",1,817,0,1.964
q3c,"",1,818,1,1.951
q3c,"",1,819,0,1.653
q3c,"",1,820,4,1.84
q3c,"",1,821,0,1.459
q3c,"",1,822,199,1.909
q3c,"",1,823,0,1.543
q3c,"",1,824,2,1.611
q3c,"",1,825,0,1.674
q3c,"",1,826,1,1.73
q3c,"",1,827,0,1.584
q3c,"",1,828,1,1.521
q3c,"",1,829,1,1.601
q3c,"",1,830,2,1.653
q3c,"",1,831,1,1.679
q3c,"",1,832,1,1.765
q3c,"",1,833,0,1.618
q3c,"",1,834,1,1.717
q3c,"",1,835,0,1.663
q3c,"",1,836,8,2.159
q3c,"",1,837,0,1.736
q3c,"",1,838,1,1.566
q3c,"",1,839,0,1.59
q3c,"",1,840,2,1.81
q3c,"",1,841,0,1.726
q3c,"",1,842,1,1.353
q3c,"",1,843,0,1.326
q3c,"",1,844,1,1.632
q3c,"",1,845,0,1.648
q3c,"",1,846,1,1.517
q3c,"",1,847,0,1.545
q3c,"",1,848,1,1.512
q3c,"",1,849,0,1.74
q3c,"",1,850,1,1.665
q3c,"",1,851,0,1.579
q3c,"",1,852,2,1.603
q3c,"",1,853,0,1.473
q3c,"",1,854,2,1.567
q3c,"",1,855,0,1.583
q3c,"",1,856,3,1.806
q3c,"",1,857,0,1.592
q3c,"",1,858,8,1.627
q3c,"",1,859,0,1.655
q3c,"",1,860,1,1.726
q3c,"",1,861,0,1.609
q3c,"",1,862,3,1.583
q3c,"",1,863,0,1.582
q3c,"",1,864,359,2.226
q3c,"",1,865,0,1.671
q3c,"",1,866,2,2.576
q3c,"",1,867,0,1.536
q3c,"",1,868,2,1.597
q3c,"",1,869,0,1.553
q3c,"",1,870,1,1.589
q3c,"",1,871,0,1.49
q3c,"",1,872,3,1.639
q3c,"",1,873,0,1.505
q3c,"",1,874,5,1.596
q3c,"",1,875,0,1.625
q3c,"",1,876,3,1.858
q3c,"",1,877,0,1.522
q3c,"",1,878,1,1.602
q3c,"",1,879,0,1.555
q3c,"",1,880,1,1.55
q3c,"",1,881,0,1.619
q3c,"",1,882,1,1.988
q3c,"",1,883,0,1.653
q3c,"",1,884,3,1.763
q3c,"",1,885,1,1.758
q3c,"",1,886,4,1.572
q3c,"",1,887,0,1.519
q3c,"",1,888,1,1.701
q3c,"",1,889,0,1.568
q3c,"",1,890,2,1.598
q3c,"",1,891,3,1.461
q3c,"",1,892,1,1.588
q3c,"",1,893,3,1.812
q3c,"",1,894,2,1.575
q3c,"",1,895,0,1.509
q3c,"",1,896,1,2.976
q3c,"",1,897,0,1.614
q3c,"",1,898,2,1.677
q3c,"",1,899,0,1.563
q3c,"",1,900,1,1.677
q3c,"",1,901,0,1.602
q3c,"",1,902,3,1.85
q3c,"",1,903,0,1.611
q3c,"",1,904,2,1.705
q3c,"",1,905,0,1.682
q3c,"",1,906,4,1.639
q3c,"",1,907,1,1.544
q3c,"",1,908,3,1.599
q3c,"",1,909,0,1.627
q3c,"",1,910,5,1.531
q3c,"",1,911,0,1.581
q3c,"",1,912,1,1.644
q3c,"",1,913,0,1.709
q3c,"",1,914,1,1.569
q3c,"",1,915,0,1.644
q3c,"",1,916,1,1.34
q3c,"",1,917,0,1.504
q3c,"",1,918,1,1.523
q3c,"",1,919,0,1.375
q3c,"",1,920,1,1.67
q3c,"",1,921,0,1.578
q3c,"",1,922,1,1.688
q3c,"",1,923,0,1.382
q3c,"",1,924,4,1.676
q3c,"",1,925,0,1.573
q3c,"",1,926,2,1.641
q3c,"",1,927,0,1.678
q3c,"",1,928,48,1.827
q3c,"",1,929,0,1.556
q3c,"",1,930,4,1.554
q3c,"",1,931,0,1.578
q3c,"",1,932,2,1.575
q3c,"",1,933,2,1.506
q3c,"",1,934,2,1.508
q3c,"",1,935,0,1.584
q3c,"",1,936,5,1.6
q3c,"",1,937,2,1.961
q3c,"",1,938,1,1.481
q3c,"",1,939,0,1.653
q3c,"",1,940,2,1.544
q3c,"",1,941,0,1.54
q3c,"",1,942,4,1.858
q3c,"",1,943,0,1.646
q3c,"",1,944,1,1.599
q3c,"",1,945,0,1.614
q3c,"",1,946,4,1.594
q3c,"",1,947,0,1.318
q3c,"",1,948,2,1.533
q3c,"",1,949,0,1.51
q3c,"",1,950,1,1.636
q3c,"",1,951,0,1.628
q3c,"",1,952,1,1.792
q3c,"",1,953,0,1.43
q3c,"",1,954,1,1.381
q3c,"",1,955,0,1.277
q3c,"",1,956,1,1.618
q3c,"",1,957,0,1.64
q3c,"",1,958,1,1.377
q3c,"",1,959,0,1.436
q3c,"",1,960,1,1.533
q3c,"",1,961,0,1.37
q3c,"",1,962,2,1.531
q3c,"",1,963,0,1.553
q3c,"",1,964,3,1.531
q3c,"",1,965,0,1.579
q3c,"",1,966,1,1.492
q3c,"",1,967,0,1.523
q3c,"",1,968,2,1.678
q3c,"",1,969,0,1.467
q3c,"",1,970,18,1.839
q3c,"",1,971,2,1.639
q3c,"",1,972,2,1.434
q3c,"",1,973,0,1.482
q3c,"",1,974,3,1.797
q3c,"",1,975,0,1.48
q3c,"",1,976,3,1.56
q3c,"",1,977,1,1.512
q3c,"",1,978,1,1.626
q3c,"",1,979,0,1.598
q3c,"",1,980,1,1.575
q3c,"",1,981,0,1.468
q3c,"",1,982,7,1.445
q3c,"",1,983,0,1.419
q3c,"",1,984,2,1.613
q3c,"",1,985,0,1.472
q3c,"",1,986,5,1.566
q3c,"",1,987,0,1.578
q3c,"",1,988,1,1.554
q3c,"",1,989,0,1.468
q3c,"",1,990,6,3.052
q3c,"",1,991,0,1.463
q3c,"",1,992,1,1.583
q3c,"",1,993,0,1.673
q3c,"",1,994,1,1.567
q3c,"",1,995,0,1.396
q3c,"",1,996,5,1.565
q3c,"",1,997,0,1.536
q3c,"",1,998,5,1.576
q3c,"",1,999,0,1.549
q3c,"",1,1000,1,1.622
q3c,"",1,1001,0,1.556
q3c,"",1,1002,1,1.442
q3c,"",1,1003,0,1.332
q3c,"",1,1004,1,1.755
q3c,"",1,1005,0,1.501
q3c,"",1,1006,3,1.555
q3c,"",1,1007,1,1.581
q3c,"",1,1008,2,1.868
q3c,"",1,1009,0,1.643
q3c,"",1,1010,2,2.502
q3c,"",1,1011,0,2.106
q3c,"",1,1012,1,2.01
q3c,"",1,1013,1,2.164
q3c,"",1,1014,2,1.716
q3c,"",1,1015,0,1.396
q3c,"",1,1016,1,1.634
q3c,"",1,1017,0,1.846
q3c,"",1,1018,3,1.711
q3c,"",1,1019,0,1.625
q3c,"",1,1020,1,1.617
q3c,"",1,1021,0,1.549
q3c,"",1,1022,1,2.081
q3c,"",1,1023,0,1.699
q3c,"",1,1024,1,1.911
q3c,"",1,1025,0,1.605
q3c,"",1,1026,1,2.29
q3c,"",1,1027,0,2.071
q3c,"",1,1028,4,2.521
q3c,"",1,1029,0,1.76
q3c,"",1,1030,1,1.779
q3c,"",1,1031,0,1.686
q3c,"",1,1032,1,1.621
q3c,"",1,1033,0,1.435
q3c,"",1,1034,2,1.754
q3c,"",1,1035,0,1.698
q3c,"",1,1036,1,1.648
q3c,"",1,1037,0,1.706
q3c,"",1,1038,1,1.653
q3c,"",1,1039,0,1.817
q3c,"",1,1040,1,1.811
q3c,"",1,1041,0,1.835
q3c,"",1,1042,1,1.887
q3c,"",1,1043,0,1.83
q3c,"",1,1044,1,2.102
q3c,"",1,1045,1,1.969
q3c,"",1,1046,3,1.652
q3c,"",1,1047,0,2.496
q3c,"",1,1048,1,1.737
q3c,"",1,1049,0,1.668
q3c,"",1,1050,3,1.713
q3c,"",1,1051,0,1.694
q3c,"",1,1052,1,1.73
q3c,"",1,1053,0,1.721
q3c,"",1,1054,1,2.044
q3c,"",1,1055,0,1.808
q3c,"",1,1056,1,1.646
q3c,"",1,1057,0,1.651
q3c,"",1,1058,64,1.96
q3c,"",1,1059,0,1.844
q3c,"",1,1060,1,1.821
q3c,"",1,1061,0,1.868
q3c,"",1,1062,1,1.741
q3c,"",1,1063,0,1.615
q3c,"",1,1064,6,1.64
q3c,"",1,1065,2,1.538
q3c,"",1,1066,2,1.622
q3c,"",1,1067,0,1.309
q3c,"",1,1068,2,1.605
q3c,"",1,1069,0,1.739
q3c,"",1,1070,4,1.629
q3c,"",1,1071,0,1.349
q3c,"",1,1072,3,1.552
q3c,"",1,1073,0,1.384
q3c,"",1,1074,1,2.652
q3c,"",1,1075,0,1.807
q3c,"",1,1076,1,1.414
q3c,"",1,1077,0,1.479
q3c,"",1,1078,1,1.669
q3c,"",1,1079,1,1.654
q3c,"",1,1080,2,1.692
q3c,"",1,1081,0,1.571
q3c,"",1,1082,2,1.602
q3c,"",1,1083,0,1.478
q3c,"",1,1084,1,1.603
q3c,"",1,1085,0,1.498
q3c,"",1,1086,2,1.599
q3c,"",1,1087,0,1.548
q3c,"",1,1088,2,1.62
q3c,"",1,1089,0,1.398
q3c,"",1,1090,5,1.727
q3c,"",1,1091,0,1.606
q3c,"",1,1092,2,1.788
q3c,"",1,1093,0,1.558
q3c,"",1,1094,2,2.066
q3c,"",1,1095,0,1.672
q3c,"",1,1096,1,1.785
q3c,"",1,1097,0,1.77
q3c,"",1,1098,1,1.621
q3c,"",1,1099,1,1.537
q3c,"",1,1100,7,1.69
q3c,"",1,1101,1,1.571
q3c,"",1,1102,3,1.414
q3c,"",1,1103,11,1.822
q3c,"",1,1104,2,1.464
q3c,"",1,1105,1,1.776
q3c,"",1,1106,59,2.943
q3c,"",1,1107,3,1.711
q3c,"",1,1108,36,2.102
q3c,"",1,1109,3,1.609
q3c,"",1,1110,27,1.785
q3c,"",1,1111,3,1.714
q3c,"",1,1112,5,1.478
q3c,"",1,1113,2,1.781
q3c,"",1,1114,123,2.565
q3c,"",1,1115,4,1.645
q3c,"",1,1116,137,1.863
q3c,"",1,1117,11,1.639
q3c,"",1,1118,107,2.021
q3c,"",1,1119,14,1.683
q3c,"",1,1120,158,1.931
q3c,"",1,1121,2,1.651
q3c,"",1,1122,21,1.401
q3c,"",1,1123,2,1.62
q3c,"",1,1124,4,1.692
q3c,"",1,1125,3,1.728
q3c,"",1,1126,18,1.364
q3c,"",1,1127,3,1.562
q3c,"",1,1128,6,1.279
q3c,"",1,1129,21,1.672
q3c,"",1,1130,8,1.689
q3c,"",1,1131,2,1.527
q3c,"",1,1132,88,1.889
q3c,"",1,1133,15,1.671
q3c,"",1,1134,1,1.447
q3c,"",1,1135,3,2.211
q3c,"",1,1136,29,1.926
q3c,"",1,1137,0,1.563
q3c,"",1,1138,2,1.469
q3c,"",1,1139,1,1.649
q3c,"",1,1140,6,1.272
q3c,"",1,1141,8,1.577
q3c,"",1,1142,2,1.341
q3c,"",1,1143,4,1.825
q3c,"",1,1144,75,1.566
q3c,"",1,1145,4,1.677
q3c,"",1,1146,22,1.572
q3c,"",1,1147,2,1.483
q3c,"",1,1148,6,1.36
q3c,"",1,1149,9,1.564
q3c,"",1,1150,66,1.754
q3c,"",1,1151,1,1.673
q3c,"",1,1152,34,1.568
q3c,"",1,1153,4,1.699
q3c,"",1,1154,45,1.46
q3c,"",1,1155,3,1.623
q3c,"",1,1156,466,2.259
q3c,"",1,1157,1,1.625
q3c,"",1,1158,49,1.322
q3c,"",1,1159,2,1.821
q3c,"",1,1160,42,1.295
q3c,"",1,1161,4,1.628
q3c,"",1,1162,3,1.404
q3c,"",1,1163,6,1.49
q3c,"",1,1164,3,1.523
q3c,"",1,1165,12,1.429
q3c,"",1,1166,20,1.352
q3c,"",1,1167,4,1.646
q3c,"",1,1168,930,2.025
q3c,"",1,1169,46,1.745
q3c,"",1,1170,5,1.355
q3c,"",1,1171,1,1.623
q3c,"",1,1172,6,1.441
q3c,"",1,1173,3,1.68
q3c,"",1,1174,4,1.466
q3c,"",1,1175,1,1.805
q3c,"",1,1176,16,1.497
q3c,"",1,1177,2,1.693
q3c,"",1,1178,10,1.564
q3c,"",1,1179,4,1.778
q3c,"",1,1180,13,1.442
q3c,"",1,1181,2,1.457
q3c,"",1,1182,52,1.433
q3c,"",1,1183,7,1.53
q3c,"",1,1184,4,1.336
q3c,"",1,1185,1,1.901
q3c,"",1,1186,48,1.725
q3c,"",1,1187,3,1.795
q3c,"",1,1188,3,1.44
q3c,"",1,1189,3,1.756
q3c,"",1,1190,2,1.442
q3c,"",1,1191,1,1.659
q3c,"",1,1192,137,1.72
q3c,"",1,1193,2,1.662
q3c,"",1,1194,3,1.278
q3c,"",1,1195,2,1.634
q3c,"",1,1196,8,1.397
q3c,"",1,1197,1,2.922
q3c,"",1,1198,49,1.549
q3c,"",1,1199,4,1.7
q3c,"",1,1200,55,1.92
q3c,"",1,1201,2,1.65
q3c,"",1,1202,6,1.593
q3c,"",1,1203,48,1.74
q3c,"",1,1204,8,1.418
q3c,"",1,1205,0,1.466
q3c,"",1,1206,63,1.654
q3c,"",1,1207,8,1.615
q3c,"",1,1208,10,1.27
q3c,"",1,1209,2,1.455
q3c,"",1,1210,8,1.429
q3c,"",1,1211,0,1.681
q3c,"",1,1212,72,1.819
q3c,"",1,1213,2,1.718
q3c,"",1,1214,26,1.409
q3c,"",1,1215,1,1.779
q3c,"",1,1216,33,1.438
q3c,"",1,1217,2,1.513
q3c,"",1,1218,4,1.31
q3c,"",1,1219,5,1.682
q3c,"",1,1220,70,1.553
q3c,"",1,1221,0,1.538
q3c,"",1,1222,3834,4.142
q3c,"",1,1223,1,1.644
q3c,"",1,1224,5,1.415
q3c,"",1,1225,11,1.698
q3c,"",1,1226,3,1.454
q3c,"",1,1227,4,1.722
q3c,"",1,1228,1616,2.675
q3c,"",1,1229,11,1.999
q3c,"",1,1230,1,1.457
q3c,"",1,1231,1,1.537
q3c,"",1,1232,170,1.645
q3c,"",1,1233,2,1.604
q3c,"",1,1234,3,1.476
q3c,"",1,1235,2,1.903
q3c,"",1,1236,32,1.778
q3c,"",1,1237,2,1.846
q3c,"",1,1238,4,1.499
q3c,"",1,1239,6,1.699
q3c,"",1,1240,40,1.547
q3c,"",1,1241,3,1.572
q3c,"",1,1242,11,1.447
q3c,"",1,1243,51,1.653
q3c,"",1,1244,66,1.535
q3c,"",1,1245,1,1.59
q3c,"",1,1246,3,1.496
q3c,"",1,1247,0,1.731
q3c,"",1,1248,106,1.703
q3c,"",1,1249,11,1.97
q3c,"",1,1250,29,1.891
q3c,"",1,1251,2,3.055
q3c,"",1,1252,79,2.106
q3c,"",1,1253,4,1.757
q3c,"",1,1254,118,1.934
q3c,"",1,1255,47,1.797
q3c,"",1,1256,4009,3.999
q3c,"",1,1257,74,2.639
q3c,"",1,1258,4,2.091
q3c,"",1,1259,1,1.995
q3c,"",1,1260,5,1.44
q3c,"",1,1261,99,1.98
q3c,"",1,1262,140,2.248
q3c,"",1,1263,2,1.995
q3c,"",1,1264,74,1.915
q3c,"",1,1265,1,1.738
q3c,"",1,1266,21,1.451
q3c,"",1,1267,3,1.785
q3c,"",1,1268,3,1.413
q3c,"",1,1269,3,1.779
q3c,"",1,1270,22,1.6
q3c,"",1,1271,14,1.788
q3c,"",1,1272,19,1.442
q3c,"",1,1273,4,1.483
q3c,"",1,1274,730,2.365
q3c,"",1,1275,61,1.777
q3c,"",1,1276,3,1.357
q3c,"",1,1277,2,1.591
q3c,"",1,1278,139,1.852
q3c,"",1,1279,0,1.678
q3c,"",1,1280,87,1.989
q3c,"",1,1281,3,2.552
q3c,"",1,1282,77,1.475
q3c,"",1,1283,4,1.632
q3c,"",1,1284,47,1.682
q3c,"",1,1285,36,1.989
q3c,"",1,1286,2,1.667
q3c,"",1,1287,7,1.547
q3c,"",1,1288,4,1.415
q3c,"",1,1289,1,1.735
q3c,"",1,1290,175,2.01
q3c,"",1,1291,2,1.574
q3c,"",1,1292,65,1.668
q3c,"",1,1293,4,1.452
q3c,"",1,1294,59,1.482
q3c,"",1,1295,2,1.457
q3c,"",1,1296,5,1.417
q3c,"",1,1297,1,1.621
q3c,"",1,1298,9,1.381
q3c,"",1,1299,3,1.756
q3c,"",1,1300,81,1.747
q3c,"",1,1301,115,1.89
q3c,"",1,1302,528,2.273
q3c,"",1,1303,144,2.115
q3c,"",1,1304,1562,3.928
q3c,"",1,1305,53,1.562
q3c,"",1,1306,1632,4.064
q3c,"",1,1307,103,1.894
q3c,"",1,1308,85,1.827
q3c,"",1,1309,72,1.92
q3c,"",1,1310,68,1.893
q3c,"",1,1311,63,1.78
q3c,"",1,1312,66,2.279
q3c,"",1,1313,51,2.274
q3c,"",1,1314,69,1.919
q3c,"",1,1315,475,2.862
q3c,"",1,1316,397,2.466
q3c,"",1,1317,71,2.287
q3c,"",1,1318,800,3.943
q3c,"",1,1319,64,1.95
q3c,"",1,1320,73,1.923
q3c,"",1,1321,75,1.765
q3c,"",1,1322,69,2.053
q3c,"",1,1323,77,1.979
q3c,"",1,1324,2294,3.426
q3c,"",1,1325,84,1.841
q3c,"",1,1326,752,3.031
q3c,"",1,1327,72,1.798
q3c,"",1,1328,879,2.279
q3c,"",1,1329,81,1.785
q3c,"",1,1330,1598,3.232
q3c,"",1,1331,61,2.678
q3c,"",1,1332,69,1.961
q3c,"",1,1333,67,2.131
q3c,"",1,1334,736,3.057
q3c,"",1,1335,311,2.095
q3c,"",1,1336,1019,2.464
q3c,"",1,1337,81,1.885
q3c,"",1,1338,1099,2.993
q3c,"",1,1339,122,1.939
q3c,"",1,1340,1284,2.936
q3c,"",1,1341,56,2.135
q3c,"",1,1342,65,1.594
q3c,"",1,1343,61,1.953
q3c,"",1,1344,57,1.837
q3c,"",1,1345,63,2.02
q3c,"",1,1346,553,2.413
q3c,"",1,1347,68,1.541
q3c,"",1,1348,63,2.189
q3c,"",1,1349,216,2.248
q3c,"",1,1350,75,1.439
q3c,"",1,1351,69,1.791
q3c,"",1,1352,157,1.491
q3c,"",1,1353,211,2.488
q3c,"",1,1354,136,1.56
q3c,"",1,1355,47,1.875
q3c,"",1,1356,660,2.289
q3c,"",1,1357,70,1.877
q3c,"",1,1358,66,1.439
q3c,"",1,1359,68,1.8
q3c,"",1,1360,674,2.56
q3c,"",1,1361,67,1.731
q3c,"",1,1362,61,1.513
q3c,"",1,1363,60,1.699
q3c,"",1,1364,2512,3.834
q3c,"",1,1365,65,1.659
q3c,"",1,1366,65,1.766
q3c,"",1,1367,60,1.715
q3c,"",1,1368,60,1.648
q3c,"",1,1369,163,2.037
q3c,"",1,1370,4069,4.192
q3c,"",1,1371,77,1.666
q3c,"",1,1372,601,3.338
q3c,"",1,1373,49,1.976
q3c,"",1,1374,70,2.039
q3c,"",1,1375,73,2.024
q3c,"",1,1376,495,3.644
q3c,"",1,1377,63,2.939
q3c,"",1,1378,1356,3.27
q3c,"",1,1379,79,1.953
q3c,"",1,1380,1572,2.944
q3c,"",1,1381,47,2.001
q3c,"",1,1382,75,1.977
q3c,"",1,1383,65,1.908
q3c,"",1,1384,77,1.527
q3c,"",1,1385,1227,3.467
q3c,"",1,1386,1589,2.83
q3c,"",1,1387,79,2.345
q3c,"",1,1388,898,2.705
q3c,"",1,1389,69,1.406
q3c,"",1,1390,710,2.378
q3c,"",1,1391,77,1.551
q3c,"",1,1392,67,1.617
q3c,"",1,1393,66,1.848
q3c,"",1,1394,3504,4.073
q3c,"",1,1395,64,2.213
q3c,"",1,1396,3600,3.256
q3c,"",1,1397,59,1.859
q3c,"",1,1398,2926,3.272
q3c,"",1,1399,66,1.883
q3c,"",1,1400,4002,3.578
q3c,"",1,1401,297,2.129
q3c,"",1,1402,254,1.776
q3c,"",1,1403,324,2.256
q3c,"",1,1404,1369,2.751
q3c,"",1,1405,265,1.822
q3c,"",1,1406,1108,2.617
q3c,"",1,1407,276,2.441
q3c,"",1,1408,4152,3.19
q3c,"",1,1409,297,1.934
q3c,"",1,1410,306,1.704
q3c,"",1,1411,748,2.353
q3c,"",1,1412,265,2.084
q3c,"",1,1413,280,2.087
q3c,"",1,1414,1101,2.543
q3c,"",1,1415,251,1.905
q3c,"",1,1416,9129,8.652
q3c,"",1,1417,272,2.516
q3c,"",1,1418,5071,4.462
q3c,"",1,1419,271,2.293
q3c,"",1,1420,5690,4.639
q3c,"",1,1421,233,2.138
q3c,"",1,1422,4433,4.566
q3c,"",1,1423,260,2.225
q3c,"",1,1424,3126,3.157
q3c,"",1,1425,3145,3.848
q3c,"",1,1426,302,1.745
q3c,"",1,1427,255,2.078
q3c,"",1,1428,3905,3.867
q3c,"",1,1429,1284,2.761
q3c,"",1,1430,1294,2.52
q3c,"",1,1431,289,1.928
q3c,"",1,1432,268,1.926
q3c,"",1,1433,901,2.997
q3c,"",1,1434,277,2.174
q3c,"",1,1435,1243,4.275
q3c,"",1,1436,1021,3.491
q3c,"",1,1437,298,2.156
q3c,"",1,1438,4191,3.123
q3c,"",1,1439,307,2.4
q3c,"",1,1440,269,1.967
q3c,"",1,1441,2336,3.168
q3c,"",1,1442,2435,4.283
q3c,"",1,1443,2502,3.447
q3c,"",1,1444,35019,14.036
q3c,"",1,1445,11114,7.693
q3c,"",1,1446,6517,3.765
q3c,"",1,1447,2340,3.777
q3c,"",1,1448,147516,37.25
q3c,"",1,1449,2525,3.833
q3c,"",1,1450,43516,15.099
q3c,"",1,1451,2330,5.462
q3c,"",1,1452,26649,8.216
q3c,"",1,1453,2324,2.983
q3c,"",1,1454,22109,7.416
q3c,"",1,1455,2386,4.15
q3c,"",1,1456,18819,9.602
q3c,"",2,1,0,1.61
q3c,"",2,2,1,1.373
q3c,"",2,3,0,1.508
q3c,"",2,4,1,1.273
q3c,"",2,5,0,1.476
q3c,"",2,6,1,1.355
q3c,"",2,7,0,1.243
q3c,"",2,8,1,1.318
q3c,"",2,9,0,1.383
q3c,"",2,10,1,1.3
q3c,"",2,11,0,1.312
q3c,"",2,12,1,1.336
q3c,"",2,13,0,1.293
q3c,"",2,14,1,1.282
q3c,"",2,15,0,1.237
q3c,"",2,16,1,1.337
q3c,"",2,17,0,1.435
q3c,"",2,18,1,1.397
q3c,"",2,19,0,1.339
q3c,"",2,20,1,1.295
q3c,"",2,21,0,1.359
q3c,"",2,22,1,1.244
q3c,"",2,23,0,1.392
q3c,"",2,24,1,1.273
q3c,"",2,25,0,1.295
q3c,"",2,26,1,1.265
q3c,"",2,27,0,1.327
q3c,"",2,28,1,1.422
q3c,"",2,29,0,1.303
q3c,"",2,30,1,1.25
q3c,"",2,31,0,1.243
q3c,"",2,32,1,1.274
q3c,"",2,33,0,1.282
q3c,"",2,34,1,1.233
q3c,"",2,35,0,1.327
q3c,"",2,36,1,1.3
q3c,"",2,37,0,1.284
q3c,"",2,38,1,1.269
q3c,"",2,39,0,1.36
q3c,"",2,40,1,1.321
q3c,"",2,41,0,1.38
q3c,"",2,42,1,1.432
q3c,"",2,43,0,1.291
q3c,"",2,44,1,1.313
q3c,"",2,45,0,1.273
q3c,"",2,46,1,1.274
q3c,"",2,47,0,1.389
q3c,"",2,48,1,1.371
q3c,"",2,49,0,1.48
q3c,"",2,50,1,1.432
q3c,"",2,51,0,1.436
q3c,"",2,52,1,1.457
q3c,"",2,53,0,1.347
q3c,"",2,54,1,1.453
q3c,"",2,55,0,1.356
q3c,"",2,56,1,1.326
q3c,"",2,57,0,1.435
q3c,"",2,58,1,1.358
q3c,"",2,59,0,1.421
q3c,"",2,60,1,1.398
q3c,"",2,61,0,1.49
q3c,"",2,62,1,1.401
q3c,"",2,63,0,1.359
q3c,"",2,64,1,1.417
q3c,"",2,65,0,1.446
q3c,"",2,66,1,1.322
q3c,"",2,67,0,1.444
q3c,"",2,68,1,1.295
q3c,"",2,69,0,1.396
q3c,"",2,70,1,1.375
q3c,"",2,71,0,1.274
q3c,"",2,72,1,1.479
q3c,"",2,73,0,1.3
q3c,"",2,74,1,1.363
q3c,"",2,75,0,1.287
q3c,"",2,76,1,1.363
q3c,"",2,77,0,1.362
q3c,"",2,78,1,1.301
q3c,"",2,79,0,1.289
q3c,"",2,80,1,1.238
q3c,"",2,81,0,1.275
q3c,"",2,82,1,1.324
q3c,"",2,83,0,1.23
q3c,"",2,84,1,1.37
q3c,"",2,85,0,1.39
q3c,"",2,86,1,1.376
q3c,"",2,87,0,1.357
q3c,"",2,88,1,1.338
q3c,"",2,89,0,1.309
q3c,"",2,90,1,1.285
q3c,"",2,91,0,1.35
q3c,"",2,92,1,1.405
q3c,"",2,93,0,1.262
q3c,"",2,94,1,1.268
q3c,"",2,95,0,1.268
q3c,"",2,96,1,1.219
q3c,"",2,97,0,1.296
q3c,"",2,98,1,1.324
q3c,"",2,99,0,1.278
q3c,"",2,100,1,1.321
q3c,"",2,101,0,1.323
q3c,"",2,102,1,1.309
q3c,"",2,103,0,1.267
q3c,"",2,104,1,1.44
q3c,"",2,105,0,1.398
q3c,"",2,106,1,1.361
q3c,"",2,107,0,1.31
q3c,"",2,108,1,1.321
q3c,"",2,109,0,1.439
q3c,"",2,110,1,1.892
q3c,"",2,111,0,1.348
q3c,"",2,112,1,1.347
q3c,"",2,113,0,1.38
q3c,"",2,114,1,1.368
q3c,"",2,115,0,1.896
q3c,"",2,116,1,1.711
q3c,"",2,117,0,1.442
q3c,"",2,118,1,1.446
q3c,"",2,119,0,1.36
q3c,"",2,120,1,1.352
q3c,"",2,121,0,1.396
q3c,"",2,122,1,1.339
q3c,"",2,123,0,1.334
q3c,"",2,124,1,1.347
q3c,"",2,125,0,1.444
q3c,"",2,126,1,1.254
q3c,"",2,127,0,1.225
q3c,"",2,128,1,1.329
q3c,"",2,129,0,1.418
q3c,"",2,130,1,1.481
q3c,"",2,131,0,1.341
q3c,"",2,132,1,1.368
q3c,"",2,133,0,1.385
q3c,"",2,134,1,1.401
q3c,"",2,135,0,1.273
q3c,"",2,136,1,1.21
q3c,"",2,137,0,1.395
q3c,"",2,138,1,1.398
q3c,"",2,139,0,1.452
q3c,"",2,140,1,1.29
q3c,"",2,141,0,1.323
q3c,"",2,142,1,1.364
q3c,"",2,143,0,1.318
q3c,"",2,144,1,1.325
q3c,"",2,145,0,1.3
q3c,"",2,146,1,1.298
q3c,"",2,147,0,1.315
q3c,"",2,148,1,1.282
q3c,"",2,149,0,1.392
q3c,"",2,150,1,1.307
q3c,"",2,151,0,1.341
q3c,"",2,152,1,1.281
q3c,"",2,153,0,1.279
q3c,"",2,154,1,1.31
q3c,"",2,155,0,1.405
q3c,"",2,156,1,1.281
q3c,"",2,157,0,1.297
q3c,"",2,158,1,1.252
q3c,"",2,159,0,1.239
q3c,"",2,160,1,1.301
q3c,"",2,161,0,1.376
q3c,"",2,162,1,1.297
q3c,"",2,163,0,1.277
q3c,"",2,164,1,1.396
q3c,"",2,165,0,1.282
q3c,"",2,166,1,1.362
q3c,"",2,167,0,1.285
q3c,"",2,168,1,1.427
q3c,"",2,169,0,1.292
q3c,"",2,170,1,1.333
q3c,"",2,171,0,1.391
q3c,"",2,172,1,1.333
q3c,"",2,173,0,1.42
q3c,"",2,174,1,1.343
q3c,"",2,175,0,1.383
q3c,"",2,176,1,1.286
q3c,"",2,177,0,1.286
q3c,"",2,178,1,1.29
q3c,"",2,179,0,1.37
q3c,"",2,180,1,1.271
q3c,"",2,181,0,1.302
q3c,"",2,182,1,1.267
q3c,"",2,183,0,1.409
q3c,"",2,184,1,1.338
q3c,"",2,185,0,1.242
q3c,"",2,186,1,1.314
q3c,"",2,187,0,1.378
q3c,"",2,188,1,1.266
q3c,"",2,189,0,1.293
q3c,"",2,190,1,1.387
q3c,"",2,191,0,1.359
q3c,"",2,192,1,1.303
q3c,"",2,193,0,1.252
q3c,"",2,194,1,1.22
q3c,"",2,195,0,1.25
q3c,"",2,196,1,1.256
q3c,"",2,197,0,1.241
q3c,"",2,198,1,1.268
q3c,"",2,199,0,1.366
q3c,"",2,200,1,1.256
q3c,"",2,201,0,1.302
q3c,"",2,202,1,1.343
q3c,"",2,203,0,1.309
q3c,"",2,204,1,1.32
q3c,"",2,205,0,1.407
q3c,"",2,206,1,1.402
q3c,"",2,207,0,1.359
q3c,"",2,208,1,1.377
q3c,"",2,209,0,1.244
q3c,"",2,210,1,1.317
q3c,"",2,211,0,1.269
q3c,"",2,212,1,1.276
q3c,"",2,213,0,1.336
q3c,"",2,214,1,1.352
q3c,"",2,215,0,1.415
q3c,"",2,216,1,1.279
q3c,"",2,217,0,1.376
q3c,"",2,218,1,1.3
q3c,"",2,219,0,1.381
q3c,"",2,220,1,1.305
q3c,"",2,221,0,1.312
q3c,"",2,222,1,1.31
q3c,"",2,223,0,1.243
q3c,"",2,224,1,1.27
q3c,"",2,225,0,1.32
q3c,"",2,226,1,1.285
q3c,"",2,227,0,1.276
q3c,"",2,228,1,1.25
q3c,"",2,229,0,1.324
q3c,"",2,230,1,1.255
q3c,"",2,231,0,1.293
q3c,"",2,232,1,1.26
q3c,"",2,233,0,1.26
q3c,"",2,234,1,1.365
q3c,"",2,235,0,1.226
q3c,"",2,236,1,1.274
q3c,"",2,237,0,1.309
q3c,"",2,238,1,1.389
q3c,"",2,239,0,1.287
q3c,"",2,240,1,1.293
q3c,"",2,241,0,1.372
q3c,"",2,242,1,1.256
q3c,"",2,243,0,1.325
q3c,"",2,244,1,1.396
q3c,"",2,245,0,1.298
q3c,"",2,246,1,1.277
q3c,"",2,247,0,1.249
q3c,"",2,248,1,1.307
q3c,"",2,249,0,1.292
q3c,"",2,250,1,1.225
q3c,"",2,251,0,1.304
q3c,"",2,252,1,1.407
q3c,"",2,253,0,1.233
q3c,"",2,254,1,1.3
q3c,"",2,255,0,1.293
q3c,"",2,256,1,1.239
q3c,"",2,257,0,1.408
q3c,"",2,258,1,1.283
q3c,"",2,259,0,1.279
q3c,"",2,260,1,1.339
q3c,"",2,261,0,1.331
q3c,"",2,262,1,1.31
q3c,"",2,263,0,1.393
q3c,"",2,264,1,1.453
q3c,"",2,265,0,1.393
q3c,"",2,266,1,1.266
q3c,"",2,267,0,1.248
q3c,"",2,268,1,1.282
q3c,"",2,269,0,1.329
q3c,"",2,270,1,1.292
q3c,"",2,271,0,1.346
q3c,"",2,272,1,1.36
q3c,"",2,273,0,1.323
q3c,"",2,274,1,1.446
q3c,"",2,275,0,1.7
q3c,"",2,276,1,1.409
q3c,"",2,277,0,1.358
q3c,"",2,278,1,1.29
q3c,"",2,279,0,1.311
q3c,"",2,280,1,1.311
q3c,"",2,281,0,1.304
q3c,"",2,282,1,1.301
q3c,"",2,283,0,1.425
q3c,"",2,284,1,1.245
q3c,"",2,285,0,1.368
q3c,"",2,286,1,1.275
q3c,"",2,287,0,1.381
q3c,"",2,288,1,1.363
q3c,"",2,289,0,1.386
q3c,"",2,290,1,1.274
q3c,"",2,291,0,1.249
q3c,"",2,292,1,1.283
q3c,"",2,293,0,1.387
q3c,"",2,294,1,1.274
q3c,"",2,295,0,1.334
q3c,"",2,296,1,1.348
q3c,"",2,297,0,1.332
q3c,"",2,298,1,1.375
q3c,"",2,299,0,1.417
q3c,"",2,300,1,1.362
q3c,"",2,301,0,1.312
q3c,"",2,302,1,1.284
q3c,"",2,303,0,1.343
q3c,"",2,304,1,1.263
q3c,"",2,305,0,1.385
q3c,"",2,306,1,1.303
q3c,"",2,307,0,1.386
q3c,"",2,308,1,1.367
q3c,"",2,309,0,1.306
q3c,"",2,310,1,1.418
q3c,"",2,311,0,1.35
q3c,"",2,312,1,1.314
q3c,"",2,313,0,1.338
q3c,"",2,314,1,1.329
q3c,"",2,315,0,1.282
q3c,"",2,316,1,1.265
q3c,"",2,317,0,1.4
q3c,"",2,318,1,1.338
q3c,"",2,319,0,1.408
q3c,"",2,320,1,1.37
q3c,"",2,321,0,1.34
q3c,"",2,322,1,1.345
q3c,"",2,323,0,1.358
q3c,"",2,324,1,1.296
q3c,"",2,325,0,1.379
q3c,"",2,326,1,1.264
q3c,"",2,327,0,1.396
q3c,"",2,328,1,1.343
q3c,"",2,329,0,1.291
q3c,"",2,330,1,1.403
q3c,"",2,331,0,1.318
q3c,"",2,332,1,1.408
q3c,"",2,333,0,1.313
q3c,"",2,334,1,1.33
q3c,"",2,335,0,1.274
q3c,"",2,336,1,1.346
q3c,"",2,337,0,1.313
q3c,"",2,338,1,1.274
q3c,"",2,339,0,1.37
q3c,"",2,340,1,1.457
q3c,"",2,341,0,1.403
q3c,"",2,342,1,1.263
q3c,"",2,343,0,1.34
q3c,"",2,344,1,1.238
q3c,"",2,345,0,1.447
q3c,"",2,346,1,1.276
q3c,"",2,347,0,1.303
q3c,"",2,348,1,1.294
q3c,"",2,349,0,1.272
q3c,"",2,350,1,1.313
q3c,"",2,351,0,1.382
q3c,"",2,352,1,1.284
q3c,"",2,353,0,1.418
q3c,"",2,354,1,1.513
q3c,"",2,355,0,1.404
q3c,"",2,356,1,1.275
q3c,"",2,357,0,1.247
q3c,"",2,358,1,1.34
q3c,"",2,359,0,1.346
q3c,"",2,360,1,1.317
q3c,"",2,361,0,1.373
q3c,"",2,362,1,1.313
q3c,"",2,363,0,1.228
q3c,"",2,364,1,1.321
q3c,"",2,365,0,1.373
q3c,"",2,366,1,1.488
q3c,"",2,367,0,1.311
q3c,"",2,368,1,1.313
q3c,"",2,369,0,1.286
q3c,"",2,370,1,1.237
q3c,"",2,371,0,1.245
q3c,"",2,372,1,1.287
q3c,"",2,373,0,1.298
q3c,"",2,374,1,1.263
q3c,"",2,375,0,1.257
q3c,"",2,376,1,1.227
q3c,"",2,377,0,1.325
q3c,"",2,378,1,1.508
q3c,"",2,379,0,1.594
q3c,"",2,380,1,1.319
q3c,"",2,381,0,1.333
q3c,"",2,382,1,1.369
q3c,"",2,383,0,1.263
q3c,"",2,384,1,1.454
q3c,"",2,385,0,1.513
q3c,"",2,386,1,1.447
q3c,"",2,387,0,1.339
q3c,"",2,388,1,1.315
q3c,"",2,389,0,1.363
q3c,"",2,390,1,1.347
q3c,"",2,391,0,1.404
q3c,"",2,392,1,1.302
q3c,"",2,393,0,1.414
q3c,"",2,394,1,1.317
q3c,"",2,395,0,1.324
q3c,"",2,396,1,1.397
q3c,"",2,397,0,1.37
q3c,"",2,398,1,1.317
q3c,"",2,399,0,1.286
q3c,"",2,400,1,1.286
q3c,"",2,401,0,1.254
q3c,"",2,402,1,1.36
q3c,"",2,403,0,1.25
q3c,"",2,404,1,1.377
q3c,"",2,405,0,1.26
q3c,"",2,406,1,1.373
q3c,"",2,407,0,1.256
q3c,"",2,408,1,1.322
q3c,"",2,409,0,1.385
q3c,"",2,410,1,1.278
q3c,"",2,411,0,1.285
q3c,"",2,412,1,1.238
q3c,"",2,413,0,1.32
q3c,"",2,414,1,1.268
q3c,"",2,415,0,1.268
q3c,"",2,416,1,1.358
q3c,"",2,417,0,1.377
q3c,"",2,418,1,1.351
q3c,"",2,419,0,1.361
q3c,"",2,420,1,1.331
q3c,"",2,421,0,1.223
q3c,"",2,422,1,1.346
q3c,"",2,423,0,1.257
q3c,"",2,424,1,1.321
q3c,"",2,425,1,1.363
q3c,"",2,426,1,1.252
q3c,"",2,427,0,1.31
q3c,"",2,428,1,1.356
q3c,"",2,429,0,1.358
q3c,"",2,430,1,1.328
q3c,"",2,431,0,1.259
q3c,"",2,432,1,1.24
q3c,"",2,433,0,1.354
q3c,"",2,434,1,1.401
q3c,"",2,435,0,1.238
q3c,"",2,436,1,1.471
q3c,"",2,437,0,1.402
q3c,"",2,438,1,1.366
q3c,"",2,439,0,1.295
q3c,"",2,440,1,1.38
q3c,"",2,441,0,1.255
q3c,"",2,442,1,1.331
q3c,"",2,443,0,1.387
q3c,"",2,444,1,1.332
q3c,"",2,445,0,1.27
q3c,"",2,446,1,1.409
q3c,"",2,447,0,1.285
q3c,"",2,448,1,1.35
q3c,"",2,449,0,1.335
q3c,"",2,450,1,1.506
q3c,"",2,451,0,1.364
q3c,"",2,452,1,1.363
q3c,"",2,453,0,1.334
q3c,"",2,454,1,1.347
q3c,"",2,455,0,1.349
q3c,"",2,456,1,1.324
q3c,"",2,457,0,1.301
q3c,"",2,458,1,1.361
q3c,"",2,459,0,1.387
q3c,"",2,460,1,1.231
q3c,"",2,461,0,1.302
q3c,"",2,462,1,1.381
q3c,"",2,463,0,1.45
q3c,"",2,464,1,1.201
q3c,"",2,465,0,1.444
q3c,"",2,466,1,1.374
q3c,"",2,467,0,1.325
q3c,"",2,468,2,1.433
q3c,"",2,469,0,1.418
q3c,"",2,470,1,1.394
q3c,"",2,471,0,1.386
q3c,"",2,472,1,1.402
q3c,"",2,473,0,1.388
q3c,"",2,474,1,1.314
q3c,"",2,475,0,1.242
q3c,"",2,476,1,1.368
q3c,"",2,477,0,1.384
q3c,"",2,478,1,1.226
q3c,"",2,479,0,1.228
q3c,"",2,480,1,1.421
q3c,"",2,481,0,1.336
q3c,"",2,482,1,1.356
q3c,"",2,483,0,1.271
q3c,"",2,484,1,1.397
q3c,"",2,485,0,1.277
q3c,"",2,486,1,1.536
q3c,"",2,487,0,1.291
q3c,"",2,488,1,1.249
q3c,"",2,489,0,1.374
q3c,"",2,490,1,1.313
q3c,"",2,491,0,1.419
q3c,"",2,492,1,1.374
q3c,"",2,493,0,1.298
q3c,"",2,494,1,1.294
q3c,"",2,495,0,1.403
q3c,"",2,496,1,1.415
q3c,"",2,497,0,1.385
q3c,"",2,498,1,1.348
q3c,"",2,499,0,1.353
q3c,"",2,500,1,1.384
q3c,"",2,501,0,1.352
q3c,"",2,502,1,1.479
q3c,"",2,503,0,1.368
q3c,"",2,504,1,1.225
q3c,"",2,505,0,1.263
q3c,"",2,506,2,1.352
q3c,"",2,507,0,1.276
q3c,"",2,508,1,1.233
q3c,"",2,509,0,1.444
q3c,"",2,510,1,1.255
q3c,"",2,511,0,1.231
q3c,"",2,512,1,1.369
q3c,"",2,513,0,1.238
q3c,"",2,514,1,1.34
q3c,"",2,515,0,1.347
q3c,"",2,516,1,1.275
q3c,"",2,517,0,1.221
q3c,"",2,518,1,1.244
q3c,"",2,519,0,1.339
q3c,"",2,520,1,1.291
q3c,"",2,521,0,1.322
q3c,"",2,522,1,1.342
q3c,"",2,523,0,1.316
q3c,"",2,524,1,1.476
q3c,"",2,525,0,1.326
q3c,"",2,526,1,1.446
q3c,"",2,527,0,1.463
q3c,"",2,528,1,1.615
q3c,"",2,529,0,1.451
q3c,"",2,530,1,1.48
q3c,"",2,531,0,1.485
q3c,"",2,532,1,1.459
q3c,"",2,533,0,1.419
q3c,"",2,534,1,1.413
q3c,"",2,535,0,1.361
q3c,"",2,536,1,1.51
q3c,"",2,537,0,1.521
q3c,"",2,538,1,2.227
q3c,"",2,539,0,3.09
q3c,"",2,540,1,1.963
q3c,"",2,541,0,1.808
q3c,"",2,542,1,2.811
q3c,"",2,543,0,2.817
q3c,"",2,544,1,1.589
q3c,"",2,545,0,1.681
q3c,"",2,546,1,1.838
q3c,"",2,547,0,1.803
q3c,"",2,548,1,1.563
q3c,"",2,549,0,1.586
q3c,"",2,550,1,3.447
q3c,"",2,551,0,1.666
q3c,"",2,552,1,1.458
q3c,"",2,553,0,1.409
q3c,"",2,554,1,1.298
q3c,"",2,555,0,1.462
q3c,"",2,556,1,1.669
q3c,"",2,557,0,1.471
q3c,"",2,558,1,1.355
q3c,"",2,559,0,1.272
q3c,"",2,560,1,1.4
q3c,"",2,561,0,1.395
q3c,"",2,562,1,1.55
q3c,"",2,563,0,1.377
q3c,"",2,564,1,1.413
q3c,"",2,565,0,1.348
q3c,"",2,566,1,1.397
q3c,"",2,567,0,1.392
q3c,"",2,568,1,1.398
q3c,"",2,569,0,1.604
q3c,"",2,570,1,1.407
q3c,"",2,571,0,1.314
q3c,"",2,572,13,1.373
q3c,"",2,573,0,1.922
q3c,"",2,574,1,1.636
q3c,"",2,575,0,1.639
q3c,"",2,576,1,1.513
q3c,"",2,577,0,1.596
q3c,"",2,578,2,1.672
q3c,"",2,579,0,1.499
q3c,"",2,580,1,1.529
q3c,"",2,581,0,1.371
q3c,"",2,582,1,1.445
q3c,"",2,583,0,1.314
q3c,"",2,584,1,1.46
q3c,"",2,585,0,1.366
q3c,"",2,586,1,1.442
q3c,"",2,587,0,1.459
q3c,"",2,588,1,1.431
q3c,"",2,589,0,1.35
q3c,"",2,590,1,1.302
q3c,"",2,591,0,1.207
q3c,"",2,592,1,1.242
q3c,"",2,593,0,1.369
q3c,"",2,594,1,1.266
q3c,"",2,595,0,1.276
q3c,"",2,596,1,1.246
q3c,"",2,597,0,1.407
q3c,"",2,598,1,1.366
q3c,"",2,599,0,1.367
q3c,"",2,600,1,1.417
q3c,"",2,601,0,1.299
q3c,"",2,602,1,1.49
q3c,"",2,603,0,1.585
q3c,"",2,604,2,1.424
q3c,"",2,605,0,1.344
q3c,"",2,606,18,1.473
q3c,"",2,607,0,1.302
q3c,"",2,608,1,1.565
q3c,"",2,609,0,1.313
q3c,"",2,610,1,1.416
q3c,"",2,611,0,1.258
q3c,"",2,612,1,1.451
q3c,"",2,613,0,1.366
q3c,"",2,614,1,1.516
q3c,"",2,615,0,1.309
q3c,"",2,616,1,1.453
q3c,"",2,617,0,1.426
q3c,"",2,618,1,1.386
q3c,"",2,619,0,1.411
q3c,"",2,620,1,1.378
q3c,"",2,621,0,1.244
q3c,"",2,622,1,1.422
q3c,"",2,623,0,1.306
q3c,"",2,624,1,1.41
q3c,"",2,625,0,1.44
q3c,"",2,626,1,1.466
q3c,"",2,627,0,1.449
q3c,"",2,628,1,1.424
q3c,"",2,629,0,1.347
q3c,"",2,630,1,1.381
q3c,"",2,631,0,1.273
q3c,"",2,632,1,1.501
q3c,"",2,633,0,1.452
q3c,"",2,634,1,1.407
q3c,"",2,635,0,1.299
q3c,"",2,636,1,1.481
q3c,"",2,637,1,1.307
q3c,"",2,638,1,1.46
q3c,"",2,639,0,1.318
q3c,"",2,640,1,1.381
q3c,"",2,641,0,1.351
q3c,"",2,642,1,1.381
q3c,"",2,643,0,1.346
q3c,"",2,644,1,1.432
q3c,"",2,645,0,1.363
q3c,"",2,646,1,1.382
q3c,"",2,647,0,1.342
q3c,"",2,648,1,1.349
q3c,"",2,649,0,1.361
q3c,"",2,650,1,1.282
q3c,"",2,651,0,1.259
q3c,"",2,652,1,1.384
q3c,"",2,653,0,1.329
q3c,"",2,654,1,1.44
q3c,"",2,655,0,1.403
q3c,"",2,656,1,1.438
q3c,"",2,657,0,2.272
q3c,"",2,658,11,1.792
q3c,"",2,659,0,1.438
q3c,"",2,660,1,1.438
q3c,"",2,661,0,1.389
q3c,"",2,662,1,1.48
q3c,"",2,663,0,1.482
q3c,"",2,664,1,1.23
q3c,"",2,665,0,1.362
q3c,"",2,666,1,1.376
q3c,"",2,667,0,1.344
q3c,"",2,668,1,1.417
q3c,"",2,669,0,1.404
q3c,"",2,670,1,1.315
q3c,"",2,671,0,1.248
q3c,"",2,672,2,1.406
q3c,"",2,673,0,1.392
q3c,"",2,674,1,1.375
q3c,"",2,675,0,2.064
q3c,"",2,676,1,1.669
q3c,"",2,677,0,1.406
q3c,"",2,678,1,1.241
q3c,"",2,679,0,1.379
q3c,"",2,680,1,1.367
q3c,"",2,681,0,1.367
q3c,"",2,682,1,1.405
q3c,"",2,683,0,1.486
q3c,"",2,684,1,1.375
q3c,"",2,685,0,1.455
q3c,"",2,686,1,1.937
q3c,"",2,687,0,2.092
q3c,"",2,688,11,1.589
q3c,"",2,689,0,1.48
q3c,"",2,690,1,1.596
q3c,"",2,691,0,1.291
q3c,"",2,692,1,1.522
q3c,"",2,693,0,1.331
q3c,"",2,694,1,1.358
q3c,"",2,695,0,1.307
q3c,"",2,696,1,1.482
q3c,"",2,697,0,1.466
q3c,"",2,698,1,2.594
q3c,"",2,699,0,2.022
q3c,"",2,700,1,1.699
q3c,"",2,701,0,1.949
q3c,"",2,702,2,1.86
q3c,"",2,703,0,2.134
q3c,"",2,704,1,1.98
q3c,"",2,705,0,1.843
q3c,"",2,706,1,2.477
q3c,"",2,707,0,3.072
q3c,"",2,708,1,3.173
q3c,"",2,709,0,2.569
q3c,"",2,710,1,2.313
q3c,"",2,711,0,3.9
q3c,"",2,712,1,2.479
q3c,"",2,713,0,2.331
q3c,"",2,714,1,3.061
q3c,"",2,715,0,2.428
q3c,"",2,716,1,5.771
q3c,"",2,717,0,6.309
q3c,"",2,718,1,2.978
q3c,"",2,719,0,2.641
q3c,"",2,720,1,2.91
q3c,"",2,721,0,5.722
q3c,"",2,722,1,4.382
q3c,"",2,723,0,6.272
q3c,"",2,724,1,2.891
q3c,"",2,725,0,3.182
q3c,"",2,726,1,3.891
q3c,"",2,727,0,3.421
q3c,"",2,728,1,4.227
q3c,"",2,729,0,2.665
q3c,"",2,730,1,1.734
q3c,"",2,731,0,2.566
q3c,"",2,732,1,2.045
q3c,"",2,733,0,4.131
q3c,"",2,734,1,3.1
q3c,"",2,735,0,3.412
q3c,"",2,736,1,3.888
q3c,"",2,737,0,2.027
q3c,"",2,738,1,1.686
q3c,"",2,739,0,1.646
q3c,"",2,740,1,1.527
q3c,"",2,741,0,2.601
q3c,"",2,742,1,1.483
q3c,"",2,743,0,1.667
q3c,"",2,744,1,1.807
q3c,"",2,745,0,1.821
q3c,"",2,746,1,2.639
q3c,"",2,747,0,3.878
q3c,"",2,748,1,3.283
q3c,"",2,749,0,1.591
q3c,"",2,750,1,1.474
q3c,"",2,751,0,1.699
q3c,"",2,752,1,1.641
q3c,"",2,753,0,1.837
q3c,"",2,754,1,1.659
q3c,"",2,755,0,1.466
q3c,"",2,756,2,1.703
q3c,"",2,757,0,1.718
q3c,"",2,758,1,1.926
q3c,"",2,759,0,1.685
q3c,"",2,760,1,1.632
q3c,"",2,761,0,1.859
q3c,"",2,762,1,1.879
q3c,"",2,763,0,1.604
q3c,"",2,764,1,1.691
q3c,"",2,765,0,1.469
q3c,"",2,766,1,1.811
q3c,"",2,767,0,1.668
q3c,"",2,768,1,1.405
q3c,"",2,769,0,1.683
q3c,"",2,770,3,2.857
q3c,"",2,771,0,3.352
q3c,"",2,772,1,1.888
q3c,"",2,773,0,1.574
q3c,"",2,774,1,1.583
q3c,"",2,775,0,1.562
q3c,"",2,776,1,1.503
q3c,"",2,777,0,1.639
q3c,"",2,778,1,1.593
q3c,"",2,779,0,1.409
q3c,"",2,780,1,1.55
q3c,"",2,781,0,1.849
q3c,"",2,782,1,2.042
q3c,"",2,783,0,1.786
q3c,"",2,784,1,3.411
q3c,"",2,785,0,1.527
q3c,"",2,786,1,2.157
q3c,"",2,787,0,2.833
q3c,"",2,788,1,1.703
q3c,"",2,789,0,1.501
q3c,"",2,790,1,1.592
q3c,"",2,791,0,1.5
q3c,"",2,792,1,1.65
q3c,"",2,793,0,1.628
q3c,"",2,794,1,1.446
q3c,"",2,795,0,1.425
q3c,"",2,796,1,1.573
q3c,"",2,797,0,1.525
q3c,"",2,798,1,1.586
q3c,"",2,799,0,1.647
q3c,"",2,800,1,1.475
q3c,"",2,801,0,1.499
q3c,"",2,802,2,1.433
q3c,"",2,803,0,1.735
q3c,"",2,804,1,2.372
q3c,"",2,805,0,1.565
q3c,"",2,806,2,1.405
q3c,"",2,807,0,1.38
q3c,"",2,808,3,1.521
q3c,"",2,809,0,1.493
q3c,"",2,810,1,1.521
q3c,"",2,811,1,1.534
q3c,"",2,812,1,1.532
q3c,"",2,813,0,1.464
q3c,"",2,814,1,1.785
q3c,"",2,815,0,1.661
q3c,"",2,816,2,1.7
q3c,"",2,817,0,1.967
q3c,"",2,818,1,2.434
q3c,"",2,819,0,2.017
q3c,"",2,820,4,1.619
q3c,"",2,821,0,1.474
q3c,"",2,822,199,1.548
q3c,"",2,823,0,3.346
q3c,"",2,824,2,2.36
q3c,"",2,825,0,1.611
q3c,"",2,826,1,4.287
q3c,"",2,827,0,1.758
q3c,"",2,828,1,1.791
q3c,"",2,829,1,1.874
q3c,"",2,830,2,2.706
q3c,"",2,831,1,2.508
q3c,"",2,832,1,2.762
q3c,"",2,833,0,1.862
q3c,"",2,834,1,2.168
q3c,"",2,835,0,1.635
q3c,"",2,836,8,1.524
q3c,"",2,837,0,1.674
q3c,"",2,838,1,1.526
q3c,"",2,839,0,1.54
q3c,"",2,840,2,1.41
q3c,"",2,841,0,1.59
q3c,"",2,842,1,1.546
q3c,"",2,843,0,2.117
q3c,"",2,844,1,3.282
q3c,"",2,845,0,4.721
q3c,"",2,846,1,1.534
q3c,"",2,847,0,1.478
q3c,"",2,848,1,1.45
q3c,"",2,849,0,3.485
q3c,"",2,850,1,6.706
q3c,"",2,851,0,4.716
q3c,"",2,852,2,5.152
q3c,"",2,853,0,1.898
q3c,"",2,854,2,2.81
q3c,"",2,855,0,2.621
q3c,"",2,856,3,4.988
q3c,"",2,857,0,2.79
q3c,"",2,858,8,3.452
q3c,"",2,859,0,5.481
q3c,"",2,860,1,4.272
q3c,"",2,861,0,2.619
q3c,"",2,862,3,2.127
q3c,"",2,863,0,2.827
q3c,"",2,864,359,1.989
q3c,"",2,865,0,2.267
q3c,"",2,866,2,1.789
q3c,"",2,867,0,1.719
q3c,"",2,868,2,1.48
q3c,"",2,869,0,1.486
q3c,"",2,870,1,1.529
q3c,"",2,871,0,1.966
q3c,"",2,872,3,1.663
q3c,"",2,873,0,1.959
q3c,"",2,874,5,1.533
q3c,"",2,875,0,1.669
q3c,"",2,876,3,1.869
q3c,"",2,877,0,1.512
q3c,"",2,878,1,1.482
q3c,"",2,879,0,1.851
q3c,"",2,880,1,1.487
q3c,"",2,881,0,1.501
q3c,"",2,882,1,1.51
q3c,"",2,883,0,1.489
q3c,"",2,884,3,1.772
q3c,"",2,885,1,1.575
q3c,"",2,886,4,1.487
q3c,"",2,887,0,2.225
q3c,"",2,888,1,1.835
q3c,"",2,889,0,1.765
q3c,"",2,890,2,1.462
q3c,"",2,891,3,1.623
q3c,"",2,892,1,3.821
q3c,"",2,893,3,1.579
q3c,"",2,894,2,1.432
q3c,"",2,895,0,1.621
q3c,"",2,896,1,1.853
q3c,"",2,897,0,2.333
q3c,"",2,898,2,1.733
q3c,"",2,899,0,1.48
q3c,"",2,900,1,2.876
q3c,"",2,901,0,2.762
q3c,"",2,902,3,2.615
q3c,"",2,903,0,3.831
q3c,"",2,904,2,3.175
q3c,"",2,905,0,5.762
q3c,"",2,906,4,2.767
q3c,"",2,907,1,2.952
q3c,"",2,908,3,2.749
q3c,"",2,909,0,1.929
q3c,"",2,910,5,2.427
q3c,"",2,911,0,2.974
q3c,"",2,912,1,3.848
q3c,"",2,913,0,7.173
q3c,"",2,914,1,2.763
q3c,"",2,915,0,2.382
q3c,"",2,916,1,4.24
q3c,"",2,917,0,3.568
q3c,"",2,918,1,1.663
q3c,"",2,919,0,1.621
q3c,"",2,920,1,8.462
q3c,"",2,921,0,13.216
q3c,"",2,922,1,7.976
q3c,"",2,923,0,1.572
q3c,"",2,924,4,1.546
q3c,"",2,925,0,1.46
q3c,"",2,926,2,1.499
q3c,"",2,927,0,1.382
q3c,"",2,928,48,1.469
q3c,"",2,929,0,1.538
q3c,"",2,930,4,1.428
q3c,"",2,931,0,1.483
q3c,"",2,932,2,1.446
q3c,"",2,933,2,1.344
q3c,"",2,934,2,1.351
q3c,"",2,935,0,1.56
q3c,"",2,936,5,1.443
q3c,"",2,937,2,1.525
q3c,"",2,938,1,1.344
q3c,"",2,939,0,1.451
q3c,"",2,940,2,1.303
q3c,"",2,941,0,1.368
q3c,"",2,942,4,1.351
q3c,"",2,943,0,1.513
q3c,"",2,944,1,1.367
q3c,"",2,945,0,1.448
q3c,"",2,946,4,1.353
q3c,"",2,947,0,1.339
q3c,"",2,948,2,1.327
q3c,"",2,949,0,1.335
q3c,"",2,950,1,1.45
q3c,"",2,951,0,1.429
q3c,"",2,952,1,1.528
q3c,"",2,953,0,1.381
q3c,"",2,954,1,1.386
q3c,"",2,955,0,1.286
q3c,"",2,956,1,1.392
q3c,"",2,957,0,1.474
q3c,"",2,958,1,1.33
q3c,"",2,959,0,1.269
q3c,"",2,960,1,1.363
q3c,"",2,961,0,1.376
q3c,"",2,962,2,1.312
q3c,"",2,963,0,1.383
q3c,"",2,964,3,1.321
q3c,"",2,965,0,1.399
q3c,"",2,966,1,1.301
q3c,"",2,967,0,1.381
q3c,"",2,968,2,1.432
q3c,"",2,969,0,1.404
q3c,"",2,970,18,1.378
q3c,"",2,971,2,1.368
q3c,"",2,972,2,1.306
q3c,"",2,973,0,1.291
q3c,"",2,974,3,1.333
q3c,"",2,975,0,1.314
q3c,"",2,976,3,1.319
q3c,"",2,977,1,2.372
q3c,"",2,978,1,2.38
q3c,"",2,979,0,1.415
q3c,"",2,980,1,1.356
q3c,"",2,981,0,1.338
q3c,"",2,982,7,1.372
q3c,"",2,983,0,1.36
q3c,"",2,984,2,1.389
q3c,"",2,985,0,1.391
q3c,"",2,986,5,1.364
q3c,"",2,987,0,1.418
q3c,"",2,988,1,1.373
q3c,"",2,989,0,1.31
q3c,"",2,990,6,1.461
q3c,"",2,991,0,1.309
q3c,"",2,992,1,1.398
q3c,"",2,993,0,1.505
q3c,"",2,994,1,1.411
q3c,"",2,995,0,1.388
q3c,"",2,996,5,1.303
q3c,"",2,997,0,1.42
q3c,"",2,998,5,1.322
q3c,"",2,999,0,1.348
q3c,"",2,1000,1,1.385
q3c,"",2,1001,0,1.358
q3c,"",2,1002,1,1.352
q3c,"",2,1003,0,1.327
q3c,"",2,1004,1,1.472
q3c,"",2,1005,0,1.289
q3c,"",2,1006,3,1.306
q3c,"",2,1007,1,1.366
q3c,"",2,1008,2,1.365
q3c,"",2,1009,0,1.304
q3c,"",2,1010,2,1.438
q3c,"",2,1011,0,1.333
q3c,"",2,1012,1,1.453
q3c,"",2,1013,1,1.318
q3c,"",2,1014,2,1.548
q3c,"",2,1015,0,1.32
q3c,"",2,1016,1,1.427
q3c,"",2,1017,0,1.43
q3c,"",2,1018,3,1.312
q3c,"",2,1019,0,1.331
q3c,"",2,1020,1,1.417
q3c,"",2,1021,0,1.307
q3c,"",2,1022,1,1.374
q3c,"",2,1023,0,1.384
q3c,"",2,1024,1,1.317
q3c,"",2,1025,0,1.404
q3c,"",2,1026,1,1.453
q3c,"",2,1027,0,1.33
q3c,"",2,1028,4,1.357
q3c,"",2,1029,0,1.431
q3c,"",2,1030,1,1.337
q3c,"",2,1031,0,1.368
q3c,"",2,1032,1,1.339
q3c,"",2,1033,0,1.394
q3c,"",2,1034,2,1.324
q3c,"",2,1035,0,1.413
q3c,"",2,1036,1,1.337
q3c,"",2,1037,0,1.337
q3c,"",2,1038,1,1.384
q3c,"",2,1039,0,1.44
q3c,"",2,1040,1,1.335
q3c,"",2,1041,0,1.449
q3c,"",2,1042,1,1.381
q3c,"",2,1043,0,1.407
q3c,"",2,1044,1,1.422
q3c,"",2,1045,1,1.341
q3c,"",2,1046,3,1.361
q3c,"",2,1047,0,1.252
q3c,"",2,1048,1,1.341
q3c,"",2,1049,0,1.4
q3c,"",2,1050,3,1.508
q3c,"",2,1051,0,1.487
q3c,"",2,1052,1,1.311
q3c,"",2,1053,0,1.379
q3c,"",2,1054,1,1.439
q3c,"",2,1055,0,1.318
q3c,"",2,1056,1,1.32
q3c,"",2,1057,0,1.312
q3c,"",2,1058,64,1.438
q3c,"",2,1059,0,1.505
q3c,"",2,1060,1,1.416
q3c,"",2,1061,0,1.499
q3c,"",2,1062,1,1.439
q3c,"",2,1063,0,1.419
q3c,"",2,1064,6,1.326
q3c,"",2,1065,2,1.483
q3c,"",2,1066,2,1.372
q3c,"",2,1067,0,1.296
q3c,"",2,1068,2,1.352
q3c,"",2,1069,0,1.328
q3c,"",2,1070,4,1.574
q3c,"",2,1071,0,1.289
q3c,"",2,1072,3,1.313
q3c,"",2,1073,0,1.367
q3c,"",2,1074,1,1.342
q3c,"",2,1075,0,1.451
q3c,"",2,1076,1,1.367
q3c,"",2,1077,0,1.372
q3c,"",2,1078,1,1.45
q3c,"",2,1079,1,1.364
q3c,"",2,1080,2,1.38
q3c,"",2,1081,0,1.348
q3c,"",2,1082,2,1.368
q3c,"",2,1083,0,1.281
q3c,"",2,1084,1,1.297
q3c,"",2,1085,0,1.441
q3c,"",2,1086,2,1.341
q3c,"",2,1087,0,1.307
q3c,"",2,1088,2,1.365
q3c,"",2,1089,0,1.4
q3c,"",2,1090,5,1.329
q3c,"",2,1091,0,1.337
q3c,"",2,1092,2,1.366
q3c,"",2,1093,0,1.299
q3c,"",2,1094,2,1.3
q3c,"",2,1095,0,1.334
q3c,"",2,1096,1,1.325
q3c,"",2,1097,0,1.364
q3c,"",2,1098,1,1.332
q3c,"",2,1099,1,1.211
q3c,"",2,1100,7,1.352
q3c,"",2,1101,1,1.238
q3c,"",2,1102,3,1.384
q3c,"",2,1103,11,1.382
q3c,"",2,1104,2,1.392
q3c,"",2,1105,1,1.396
q3c,"",2,1106,59,1.351
q3c,"",2,1107,3,1.396
q3c,"",2,1108,36,1.408
q3c,"",2,1109,3,1.233
q3c,"",2,1110,27,1.422
q3c,"",2,1111,3,1.427
q3c,"",2,1112,5,1.392
q3c,"",2,1113,2,1.366
q3c,"",2,1114,123,1.434
q3c,"",2,1115,4,1.285
q3c,"",2,1116,137,1.428
q3c,"",2,1117,11,1.373
q3c,"",2,1118,107,1.472
q3c,"",2,1119,14,1.386
q3c,"",2,1120,158,1.418
q3c,"",2,1121,2,1.422
q3c,"",2,1122,21,1.363
q3c,"",2,1123,2,1.43
q3c,"",2,1124,4,1.24
q3c,"",2,1125,3,1.365
q3c,"",2,1126,18,1.314
q3c,"",2,1127,3,1.333
q3c,"",2,1128,6,1.22
q3c,"",2,1129,21,1.27
q3c,"",2,1130,8,1.378
q3c,"",2,1131,2,1.361
q3c,"",2,1132,88,1.367
q3c,"",2,1133,15,1.38
q3c,"",2,1134,1,1.383
q3c,"",2,1135,3,1.306
q3c,"",2,1136,29,1.55
q3c,"",2,1137,0,1.249
q3c,"",2,1138,2,1.412
q3c,"",2,1139,1,1.344
q3c,"",2,1140,6,1.256
q3c,"",2,1141,8,1.337
q3c,"",2,1142,2,1.414
q3c,"",2,1143,4,1.379
q3c,"",2,1144,75,1.265
q3c,"",2,1145,4,1.287
q3c,"",2,1146,22,1.386
q3c,"",2,1147,2,1.334
q3c,"",2,1148,6,1.319
q3c,"",2,1149,9,1.395
q3c,"",2,1150,66,1.402
q3c,"",2,1151,1,1.396
q3c,"",2,1152,34,1.478
q3c,"",2,1153,4,1.391
q3c,"",2,1154,45,1.392
q3c,"",2,1155,3,1.42
q3c,"",2,1156,466,1.44
q3c,"",2,1157,1,1.345
q3c,"",2,1158,49,1.274
q3c,"",2,1159,2,1.399
q3c,"",2,1160,42,1.266
q3c,"",2,1161,4,1.364
q3c,"",2,1162,3,1.339
q3c,"",2,1163,6,1.394
q3c,"",2,1164,3,1.494
q3c,"",2,1165,12,1.357
q3c,"",2,1166,20,1.316
q3c,"",2,1167,4,1.378
q3c,"",2,1168,930,1.569
q3c,"",2,1169,46,1.376
q3c,"",2,1170,5,1.301
q3c,"",2,1171,1,1.366
q3c,"",2,1172,6,1.524
q3c,"",2,1173,3,1.466
q3c,"",2,1174,4,1.526
q3c,"",2,1175,1,1.44
q3c,"",2,1176,16,1.418
q3c,"",2,1177,2,1.472
q3c,"",2,1178,10,1.588
q3c,"",2,1179,4,1.472
q3c,"",2,1180,13,1.499
q3c,"",2,1181,2,1.41
q3c,"",2,1182,52,1.4
q3c,"",2,1183,7,1.302
q3c,"",2,1184,4,1.287
q3c,"",2,1185,1,1.274
q3c,"",2,1186,48,1.433
q3c,"",2,1187,3,1.368
q3c,"",2,1188,3,1.423
q3c,"",2,1189,3,1.385
q3c,"",2,1190,2,1.398
q3c,"",2,1191,1,1.39
q3c,"",2,1192,137,1.44
q3c,"",2,1193,2,1.392
q3c,"",2,1194,3,1.273
q3c,"",2,1195,2,1.426
q3c,"",2,1196,8,1.4
q3c,"",2,1197,1,1.47
q3c,"",2,1198,49,1.378
q3c,"",2,1199,4,1.409
q3c,"",2,1200,55,1.499
q3c,"",2,1201,2,1.28
q3c,"",2,1202,6,1.413
q3c,"",2,1203,48,1.386
q3c,"",2,1204,8,1.432
q3c,"",2,1205,0,1.245
q3c,"",2,1206,63,1.373
q3c,"",2,1207,8,1.349
q3c,"",2,1208,10,1.261
q3c,"",2,1209,2,1.231
q3c,"",2,1210,8,1.381
q3c,"",2,1211,0,1.402
q3c,"",2,1212,72,1.383
q3c,"",2,1213,2,1.366
q3c,"",2,1214,26,1.382
q3c,"",2,1215,1,1.379
q3c,"",2,1216,33,1.364
q3c,"",2,1217,2,1.448
q3c,"",2,1218,4,1.307
q3c,"",2,1219,5,1.407
q3c,"",2,1220,70,1.447
q3c,"",2,1221,0,1.353
q3c,"",2,1222,3834,1.621
q3c,"",2,1223,1,1.38
q3c,"",2,1224,5,1.325
q3c,"",2,1225,11,1.254
q3c,"",2,1226,3,1.393
q3c,"",2,1227,4,1.269
q3c,"",2,1228,1616,1.597
q3c,"",2,1229,11,1.411
q3c,"",2,1230,1,1.392
q3c,"",2,1231,1,1.244
q3c,"",2,1232,170,1.425
q3c,"",2,1233,2,1.241
q3c,"",2,1234,3,1.538
q3c,"",2,1235,2,1.368
q3c,"",2,1236,32,1.368
q3c,"",2,1237,2,1.343
q3c,"",2,1238,4,1.361
q3c,"",2,1239,6,1.342
q3c,"",2,1240,40,1.414
q3c,"",2,1241,3,1.335
q3c,"",2,1242,11,1.404
q3c,"",2,1243,51,1.347
q3c,"",2,1244,66,1.431
q3c,"",2,1245,1,1.27
q3c,"",2,1246,3,1.401
q3c,"",2,1247,0,1.364
q3c,"",2,1248,106,1.393
q3c,"",2,1249,11,1.355
q3c,"",2,1250,29,1.4
q3c,"",2,1251,2,1.262
q3c,"",2,1252,79,1.343
q3c,"",2,1253,4,1.317
q3c,"",2,1254,118,1.427
q3c,"",2,1255,47,1.353
q3c,"",2,1256,4009,1.752
q3c,"",2,1257,74,1.389
q3c,"",2,1258,4,1.399
q3c,"",2,1259,1,1.393
q3c,"",2,1260,5,1.378
q3c,"",2,1261,99,1.414
q3c,"",2,1262,140,1.395
q3c,"",2,1263,2,1.251
q3c,"",2,1264,74,1.386
q3c,"",2,1265,1,1.336
q3c,"",2,1266,21,1.376
q3c,"",2,1267,3,1.312
q3c,"",2,1268,3,1.333
q3c,"",2,1269,3,1.481
q3c,"",2,1270,22,1.229
q3c,"",2,1271,14,1.285
q3c,"",2,1272,19,1.347
q3c,"",2,1273,4,1.18
q3c,"",2,1274,730,1.451
q3c,"",2,1275,61,1.231
q3c,"",2,1276,3,1.349
q3c,"",2,1277,2,1.359
q3c,"",2,1278,139,1.399
q3c,"",2,1279,0,1.252
q3c,"",2,1280,87,1.371
q3c,"",2,1281,3,1.296
q3c,"",2,1282,77,1.373
q3c,"",2,1283,4,1.349
q3c,"",2,1284,47,1.393
q3c,"",2,1285,36,1.342
q3c,"",2,1286,2,1.37
q3c,"",2,1287,7,1.243
q3c,"",2,1288,4,1.324
q3c,"",2,1289,1,1.303
q3c,"",2,1290,175,1.379
q3c,"",2,1291,2,1.294
q3c,"",2,1292,65,1.36
q3c,"",2,1293,4,1.388
q3c,"",2,1294,59,1.421
q3c,"",2,1295,2,1.342
q3c,"",2,1296,5,1.333
q3c,"",2,1297,1,1.331
q3c,"",2,1298,9,1.317
q3c,"",2,1299,3,1.337
q3c,"",2,1300,81,1.399
q3c,"",2,1301,115,1.36
q3c,"",2,1302,528,1.431
q3c,"",2,1303,144,1.377
q3c,"",2,1304,1562,1.506
q3c,"",2,1305,53,1.299
q3c,"",2,1306,1632,1.861
q3c,"",2,1307,103,1.686
q3c,"",2,1308,85,2.096
q3c,"",2,1309,72,1.496
q3c,"",2,1310,68,1.423
q3c,"",2,1311,63,1.454
q3c,"",2,1312,66,1.385
q3c,"",2,1313,51,1.498
q3c,"",2,1314,69,1.302
q3c,"",2,1315,475,1.398
q3c,"",2,1316,397,1.446
q3c,"",2,1317,71,1.516
q3c,"",2,1318,800,1.517
q3c,"",2,1319,64,1.344
q3c,"",2,1320,73,1.483
q3c,"",2,1321,75,1.343
q3c,"",2,1322,69,1.343
q3c,"",2,1323,77,1.468
q3c,"",2,1324,2294,1.655
q3c,"",2,1325,84,1.394
q3c,"",2,1326,752,1.469
q3c,"",2,1327,72,1.47
q3c,"",2,1328,879,1.468
q3c,"",2,1329,81,1.417
q3c,"",2,1330,1598,1.664
q3c,"",2,1331,61,1.409
q3c,"",2,1332,69,1.386
q3c,"",2,1333,67,1.373
q3c,"",2,1334,736,1.585
q3c,"",2,1335,311,1.317
q3c,"",2,1336,1019,1.556
q3c,"",2,1337,81,1.303
q3c,"",2,1338,1099,1.633
q3c,"",2,1339,122,1.369
q3c,"",2,1340,1284,1.597
q3c,"",2,1341,56,1.389
q3c,"",2,1342,65,1.417
q3c,"",2,1343,61,1.449
q3c,"",2,1344,57,1.406
q3c,"",2,1345,63,1.39
q3c,"",2,1346,553,1.375
q3c,"",2,1347,68,1.362
q3c,"",2,1348,63,1.445
q3c,"",2,1349,216,1.39
q3c,"",2,1350,75,1.283
q3c,"",2,1351,69,1.377
q3c,"",2,1352,157,1.303
q3c,"",2,1353,211,1.374
q3c,"",2,1354,136,1.312
q3c,"",2,1355,47,1.398
q3c,"",2,1356,660,1.46
q3c,"",2,1357,70,1.381
q3c,"",2,1358,66,1.287
q3c,"",2,1359,68,1.348
q3c,"",2,1360,674,1.376
q3c,"",2,1361,67,1.296
q3c,"",2,1362,61,1.355
q3c,"",2,1363,60,1.374
q3c,"",2,1364,2512,1.716
q3c,"",2,1365,65,1.356
q3c,"",2,1366,65,1.491
q3c,"",2,1367,60,1.357
q3c,"",2,1368,60,1.332
q3c,"",2,1369,163,1.358
q3c,"",2,1370,4069,2
q3c,"",2,1371,77,1.399
q3c,"",2,1372,601,1.531
q3c,"",2,1373,49,1.318
q3c,"",2,1374,70,1.314
q3c,"",2,1375,73,1.373
q3c,"",2,1376,495,1.659
q3c,"",2,1377,63,1.417
q3c,"",2,1378,1356,1.783
q3c,"",2,1379,79,1.33
q3c,"",2,1380,1572,1.786
q3c,"",2,1381,47,1.367
q3c,"",2,1382,75,1.347
q3c,"",2,1383,65,1.527
q3c,"",2,1384,77,1.36
q3c,"",2,1385,1227,1.628
q3c,"",2,1386,1589,1.652
q3c,"",2,1387,79,1.602
q3c,"",2,1388,898,1.62
q3c,"",2,1389,69,1.415
q3c,"",2,1390,710,1.574
q3c,"",2,1391,77,2.392
q3c,"",2,1392,67,1.492
q3c,"",2,1393,66,1.492
q3c,"",2,1394,3504,2.035
q3c,"",2,1395,64,1.62
q3c,"",2,1396,3600,3.269
q3c,"",2,1397,59,1.516
q3c,"",2,1398,2926,1.955
q3c,"",2,1399,66,1.424
q3c,"",2,1400,4002,2.036
q3c,"",2,1401,297,1.461
q3c,"",2,1402,254,1.414
q3c,"",2,1403,324,1.382
q3c,"",2,1404,1369,1.594
q3c,"",2,1405,265,1.449
q3c,"",2,1406,1108,1.661
q3c,"",2,1407,276,1.495
q3c,"",2,1408,4152,1.995
q3c,"",2,1409,297,1.557
q3c,"",2,1410,306,1.433
q3c,"",2,1411,748,1.696
q3c,"",2,1412,265,1.45
q3c,"",2,1413,280,1.571
q3c,"",2,1414,1101,1.52
q3c,"",2,1415,251,1.458
q3c,"",2,1416,9129,3.205
q3c,"",2,1417,272,1.491
q3c,"",2,1418,5071,2.681
q3c,"",2,1419,271,1.936
q3c,"",2,1420,5690,2.896
q3c,"",2,1421,233,2.285
q3c,"",2,1422,4433,2.585
q3c,"",2,1423,260,1.833
q3c,"",2,1424,3126,2.262
q3c,"",2,1425,3145,2.155
q3c,"",2,1426,302,1.735
q3c,"",2,1427,255,1.989
q3c,"",2,1428,3905,3.084
q3c,"",2,1429,1284,1.972
q3c,"",2,1430,1294,3
q3c,"",2,1431,289,3.047
q3c,"",2,1432,268,1.841
q3c,"",2,1433,901,2.378
q3c,"",2,1434,277,2.038
q3c,"",2,1435,1243,1.768
q3c,"",2,1436,1021,1.591
q3c,"",2,1437,298,1.49
q3c,"",2,1438,4191,1.96
q3c,"",2,1439,307,1.352
q3c,"",2,1440,269,1.459
q3c,"",2,1441,2336,1.749
q3c,"",2,1442,2435,1.771
q3c,"",2,1443,2502,1.823
q3c,"",2,1444,35019,6.629
q3c,"",2,1445,11114,3.28
q3c,"",2,1446,6517,2.17
q3c,"",2,1447,2340,2.099
q3c,"",2,1448,147516,20.186
q3c,"",2,1449,2525,1.733
q3c,"",2,1450,43516,6.58
q3c,"",2,1451,2330,1.743
q3c,"",2,1452,26649,4.775
q3c,"",2,1453,2324,1.964
q3c,"",2,1454,22109,4.095
q3c,"",2,1455,2386,1.833
q3c,"",2,1456,18819,4.141
pgsphere,"",1,1,0,8.013
pgsphere,"",1,2,1,0.667
pgsphere,"",1,3,0,0.161
pgsphere,"",1,4,1,0.141
pgsphere,"",1,5,0,0.1
pgsphere,"",1,6,1,0.124
pgsphere,"",1,7,0,0.086
pgsphere,"",1,8,1,0.087
pgsphere,"",1,9,0,0.128
pgsphere,"",1,10,1,0.089
pgsphere,"",1,11,0,0.072
pgsphere,"",1,12,1,0.115
pgsphere,"",1,13,0,0.07
pgsphere,"",1,14,1,0.098
pgsphere,"",1,15,0,0.072
pgsphere,"",1,16,1,0.11
pgsphere,"",1,17,0,0.06
pgsphere,"",1,18,1,0.089
pgsphere,"",1,19,0,0.082
pgsphere,"",1,20,1,0.09
pgsphere,"",1,21,0,0.062
pgsphere,"",1,22,1,0.152
pgsphere,"",1,23,0,0.069
pgsphere,"",1,24,1,0.155
pgsphere,"",1,25,0,0.055
pgsphere,"",1,26,1,0.108
pgsphere,"",1,27,0,0.083
pgsphere,"",1,28,1,0.143
pgsphere,"",1,29,0,0.092
pgsphere,"",1,30,1,0.47
pgsphere,"",1,31,0,0.089
pgsphere,"",1,32,1,0.154
pgsphere,"",1,33,0,0.046
pgsphere,"",1,34,1,0.131
pgsphere,"",1,35,0,0.049
pgsphere,"",1,36,1,0.179
pgsphere,"",1,37,0,0.079
pgsphere,"",1,38,1,0.089
pgsphere,"",1,39,0,0.085
pgsphere,"",1,40,1,0.205
pgsphere,"",1,41,0,0.102
pgsphere,"",1,42,1,0.146
pgsphere,"",1,43,0,0.102
pgsphere,"",1,44,1,0.119
pgsphere,"",1,45,0,0.078
pgsphere,"",1,46,1,0.144
pgsphere,"",1,47,0,0.072
pgsphere,"",1,48,1,0.126
pgsphere,"",1,49,0,0.107
pgsphere,"",1,50,1,0.097
pgsphere,"",1,51,0,0.04
pgsphere,"",1,52,1,0.101
pgsphere,"",1,53,0,1.398
pgsphere,"",1,54,1,0.081
pgsphere,"",1,55,0,0.054
pgsphere,"",1,56,1,0.151
pgsphere,"",1,57,0,0.096
pgsphere,"",1,58,1,0.138
pgsphere,"",1,59,0,0.073
pgsphere,"",1,60,1,0.116
pgsphere,"",1,61,0,0.085
pgsphere,"",1,62,1,0.187
pgsphere,"",1,63,0,0.073
pgsphere,"",1,64,1,0.097
pgsphere,"",1,65,0,0.11
pgsphere,"",1,66,1,0.137
pgsphere,"",1,67,0,0.115
pgsphere,"",1,68,1,0.11
pgsphere,"",1,69,0,0.048
pgsphere,"",1,70,1,0.094
pgsphere,"",1,71,0,0.062
pgsphere,"",1,72,1,0.136
pgsphere,"",1,73,0,0.054
pgsphere,"",1,74,1,0.085
pgsphere,"",1,75,0,0.05
pgsphere,"",1,76,1,0.154
pgsphere,"",1,77,0,0.05
pgsphere,"",1,78,1,0.118
pgsphere,"",1,79,0,0.052
pgsphere,"",1,80,1,0.129
pgsphere,"",1,81,0,0.103
pgsphere,"",1,82,1,0.084
pgsphere,"",1,83,0,0.056
pgsphere,"",1,84,1,0.109
pgsphere,"",1,85,0,0.095
pgsphere,"",1,86,1,0.11
pgsphere,"",1,87,0,0.096
pgsphere,"",1,88,1,0.116
pgsphere,"",1,89,0,0.41
pgsphere,"",1,90,1,0.126
pgsphere,"",1,91,0,0.052
pgsphere,"",1,92,1,0.135
pgsphere,"",1,93,0,0.056
pgsphere,"",1,94,1,0.074
pgsphere,"",1,95,0,0.112
pgsphere,"",1,96,1,0.131
pgsphere,"",1,97,0,0.089
pgsphere,"",1,98,1,0.074
pgsphere,"",1,99,0,0.07
pgsphere,"",1,100,1,0.073
pgsphere,"",1,101,0,0.039
pgsphere,"",1,102,1,0.096
pgsphere,"",1,103,0,0.089
pgsphere,"",1,104,1,0.111
pgsphere,"",1,105,0,0.077
pgsphere,"",1,106,1,0.128
pgsphere,"",1,107,0,0.09
pgsphere,"",1,108,1,0.094
pgsphere,"",1,109,0,0.037
pgsphere,"",1,110,1,0.1
pgsphere,"",1,111,0,0.036
pgsphere,"",1,112,1,0.11
pgsphere,"",1,113,0,0.047
pgsphere,"",1,114,1,0.121
pgsphere,"",1,115,0,0.086
pgsphere,"",1,116,1,0.104
pgsphere,"",1,117,0,0.077
pgsphere,"",1,118,1,0.193
pgsphere,"",1,119,0,0.063
pgsphere,"",1,120,1,0.105
pgsphere,"",1,121,0,0.105
pgsphere,"",1,122,1,0.099
pgsphere,"",1,123,0,0.048
pgsphere,"",1,124,1,0.176
pgsphere,"",1,125,0,0.088
pgsphere,"",1,126,1,0.101
pgsphere,"",1,127,0,0.074
pgsphere,"",1,128,1,0.076
pgsphere,"",1,129,0,0.042
pgsphere,"",1,130,1,0.187
pgsphere,"",1,131,0,0.076
pgsphere,"",1,132,1,0.1
pgsphere,"",1,133,0,0.082
pgsphere,"",1,134,1,0.066
pgsphere,"",1,135,0,0.058
pgsphere,"",1,136,1,0.143
pgsphere,"",1,137,0,0.04
pgsphere,"",1,138,1,0.111
pgsphere,"",1,139,0,0.055
pgsphere,"",1,140,1,0.093
pgsphere,"",1,141,0,0.048
pgsphere,"",1,142,1,0.252
pgsphere,"",1,143,0,0.047
pgsphere,"",1,144,1,0.166
pgsphere,"",1,145,0,0.129
pgsphere,"",1,146,1,0.095
pgsphere,"",1,147,0,0.04
pgsphere,"",1,148,1,0.122
pgsphere,"",1,149,0,0.049
pgsphere,"",1,150,1,0.105
pgsphere,"",1,151,0,0.064
pgsphere,"",1,152,1,0.086
pgsphere,"",1,153,0,0.099
pgsphere,"",1,154,1,0.126
pgsphere,"",1,155,0,0.068
pgsphere,"",1,156,1,0.101
pgsphere,"",1,157,0,0.058
pgsphere,"",1,158,1,0.153
pgsphere,"",1,159,0,0.049
pgsphere,"",1,160,1,0.097
pgsphere,"",1,161,0,0.062
pgsphere,"",1,162,1,0.149
pgsphere,"",1,163,0,0.075
pgsphere,"",1,164,1,0.089
pgsphere,"",1,165,0,0.047
pgsphere,"",1,166,1,0.087
pgsphere,"",1,167,0,0.052
pgsphere,"",1,168,1,0.068
pgsphere,"",1,169,0,0.046
pgsphere,"",1,170,1,0.073
pgsphere,"",1,171,0,0.045
pgsphere,"",1,172,1,0.105
pgsphere,"",1,173,0,0.066
pgsphere,"",1,174,1,0.106
pgsphere,"",1,175,0,0.064
pgsphere,"",1,176,1,0.086
pgsphere,"",1,177,0,0.059
pgsphere,"",1,178,1,0.05
pgsphere,"",1,179,0,0.046
pgsphere,"",1,180,1,0.121
pgsphere,"",1,181,0,0.056
pgsphere,"",1,182,1,0.078
pgsphere,"",1,183,0,0.058
pgsphere,"",1,184,1,0.157
pgsphere,"",1,185,0,0.051
pgsphere,"",1,186,1,0.099
pgsphere,"",1,187,0,0.063
pgsphere,"",1,188,1,0.092
pgsphere,"",1,189,0,0.086
pgsphere,"",1,190,1,0.074
pgsphere,"",1,191,0,0.044
pgsphere,"",1,192,1,0.096
pgsphere,"",1,193,0,0.079
pgsphere,"",1,194,1,0.087
pgsphere,"",1,195,0,0.072
pgsphere,"",1,196,1,0.063
pgsphere,"",1,197,0,0.035
pgsphere,"",1,198,1,0.082
pgsphere,"",1,199,0,0.03
pgsphere,"",1,200,1,0.075
pgsphere,"",1,201,0,0.058
pgsphere,"",1,202,1,0.103
pgsphere,"",1,203,0,0.053
pgsphere,"",1,204,1,0.103
pgsphere,"",1,205,0,0.059
pgsphere,"",1,206,1,0.115
pgsphere,"",1,207,0,0.039
pgsphere,"",1,208,1,0.064
pgsphere,"",1,209,0,0.068
pgsphere,"",1,210,1,0.116
pgsphere,"",1,211,0,0.056
pgsphere,"",1,212,1,0.093
pgsphere,"",1,213,0,0.069
pgsphere,"",1,214,1,0.079
pgsphere,"",1,215,0,0.067
pgsphere,"",1,216,1,0.084
pgsphere,"",1,217,0,0.036
pgsphere,"",1,218,1,0.069
pgsphere,"",1,219,0,0.066
pgsphere,"",1,220,1,0.114
pgsphere,"",1,221,0,0.053
pgsphere,"",1,222,1,0.094
pgsphere,"",1,223,0,0.132
pgsphere,"",1,224,1,0.066
pgsphere,"",1,225,0,0.099
pgsphere,"",1,226,1,0.065
pgsphere,"",1,227,0,0.049
pgsphere,"",1,228,1,0.093
pgsphere,"",1,229,0,0.046
pgsphere,"",1,230,1,0.085
pgsphere,"",1,231,0,0.049
pgsphere,"",1,232,1,0.077
pgsphere,"",1,233,0,0.055
pgsphere,"",1,234,1,0.082
pgsphere,"",1,235,0,0.066
pgsphere,"",1,236,1,0.051
pgsphere,"",1,237,0,0.068
pgsphere,"",1,238,1,0.081
pgsphere,"",1,239,0,0.041
pgsphere,"",1,240,1,0.092
pgsphere,"",1,241,0,0.048
pgsphere,"",1,242,1,0.068
pgsphere,"",1,243,0,0.053
pgsphere,"",1,244,1,0.094
pgsphere,"",1,245,0,0.035
pgsphere,"",1,246,1,0.062
pgsphere,"",1,247,0,0.057
pgsphere,"",1,248,1,0.106
pgsphere,"",1,249,0,0.064
pgsphere,"",1,250,1,0.112
pgsphere,"",1,251,0,0.058
pgsphere,"",1,252,1,0.084
pgsphere,"",1,253,0,0.085
pgsphere,"",1,254,1,0.067
pgsphere,"",1,255,0,0.036
pgsphere,"",1,256,1,0.071
pgsphere,"",1,257,0,0.048
pgsphere,"",1,258,1,0.081
pgsphere,"",1,259,0,0.035
pgsphere,"",1,260,1,0.11
pgsphere,"",1,261,0,0.049
pgsphere,"",1,262,1,0.068
pgsphere,"",1,263,0,0.046
pgsphere,"",1,264,1,0.079
pgsphere,"",1,265,0,0.062
pgsphere,"",1,266,1,0.083
pgsphere,"",1,267,0,0.057
pgsphere,"",1,268,1,0.086
pgsphere,"",1,269,0,0.057
pgsphere,"",1,270,1,0.061
pgsphere,"",1,271,0,0.036
pgsphere,"",1,272,1,0.077
pgsphere,"",1,273,0,0.049
pgsphere,"",1,274,1,0.117
pgsphere,"",1,275,0,0.066
pgsphere,"",1,276,1,0.086
pgsphere,"",1,277,0,0.071
pgsphere,"",1,278,1,0.1
pgsphere,"",1,279,0,0.053
pgsphere,"",1,280,1,0.132
pgsphere,"",1,281,0,0.046
pgsphere,"",1,282,1,0.106
pgsphere,"",1,283,0,0.067
pgsphere,"",1,284,1,0.06
pgsphere,"",1,285,0,0.042
pgsphere,"",1,286,1,0.098
pgsphere,"",1,287,0,0.056
pgsphere,"",1,288,1,0.083
pgsphere,"",1,289,0,0.073
pgsphere,"",1,290,1,0.108
pgsphere,"",1,291,0,0.054
pgsphere,"",1,292,1,0.06
pgsphere,"",1,293,0,0.036
pgsphere,"",1,294,1,0.084
pgsphere,"",1,295,0,0.064
pgsphere,"",1,296,1,0.066
pgsphere,"",1,297,0,0.05
pgsphere,"",1,298,1,0.074
pgsphere,"",1,299,0,0.051
pgsphere,"",1,300,1,0.048
pgsphere,"",1,301,0,0.07
pgsphere,"",1,302,1,0.078
pgsphere,"",1,303,0,0.091
pgsphere,"",1,304,1,0.059
pgsphere,"",1,305,0,0.075
pgsphere,"",1,306,1,0.078
pgsphere,"",1,307,0,0.037
pgsphere,"",1,308,1,0.095
pgsphere,"",1,309,0,0.04
pgsphere,"",1,310,1,0.086
pgsphere,"",1,311,0,0.098
pgsphere,"",1,312,1,0.095
pgsphere,"",1,313,0,0.064
pgsphere,"",1,314,1,0.177
pgsphere,"",1,315,0,0.078
pgsphere,"",1,316,1,0.094
pgsphere,"",1,317,0,0.069
pgsphere,"",1,318,1,0.101
pgsphere,"",1,319,0,0.039
pgsphere,"",1,320,1,0.093
pgsphere,"",1,321,0,0.046
pgsphere,"",1,322,1,0.087
pgsphere,"",1,323,0,0.036
pgsphere,"",1,324,1,0.084
pgsphere,"",1,325,0,0.034
pgsphere,"",1,326,1,0.057
pgsphere,"",1,327,0,0.05
pgsphere,"",1,328,1,0.063
pgsphere,"",1,329,0,0.057
pgsphere,"",1,330,1,0.084
pgsphere,"",1,331,0,0.055
pgsphere,"",1,332,1,0.059
pgsphere,"",1,333,0,0.058
pgsphere,"",1,334,1,0.089
pgsphere,"",1,335,0,0.044
pgsphere,"",1,336,1,0.059
pgsphere,"",1,337,0,0.03
pgsphere,"",1,338,1,0.085
pgsphere,"",1,339,0,0.044
pgsphere,"",1,340,1,0.085
pgsphere,"",1,341,0,0.041
pgsphere,"",1,342,1,0.046
pgsphere,"",1,343,0,0.03
pgsphere,"",1,344,1,0.083
pgsphere,"",1,345,0,0.041
pgsphere,"",1,346,1,0.053
pgsphere,"",1,347,0,0.037
pgsphere,"",1,348,1,0.043
pgsphere,"",1,349,0,0.05
pgsphere,"",1,350,1,0.067
pgsphere,"",1,351,0,0.034
pgsphere,"",1,352,1,0.085
pgsphere,"",1,353,0,0.06
pgsphere,"",1,354,1,0.05
pgsphere,"",1,355,0,0.044
pgsphere,"",1,356,1,0.077
pgsphere,"",1,357,0,0.056
pgsphere,"",1,358,1,0.072
pgsphere,"",1,359,0,0.054
pgsphere,"",1,360,1,0.094
pgsphere,"",1,361,0,0.06
pgsphere,"",1,362,1,0.082
pgsphere,"",1,363,0,0.064
pgsphere,"",1,364,1,0.067
pgsphere,"",1,365,0,0.045
pgsphere,"",1,366,1,0.06
pgsphere,"",1,367,0,0.037
pgsphere,"",1,368,1,0.082
pgsphere,"",1,369,0,0.045
pgsphere,"",1,370,1,0.06
pgsphere,"",1,371,0,0.026
pgsphere,"",1,372,1,0.086
pgsphere,"",1,373,0,0.031
pgsphere,"",1,374,1,0.058
pgsphere,"",1,375,0,0.045
pgsphere,"",1,376,1,0.049
pgsphere,"",1,377,0,0.03
pgsphere,"",1,378,1,0.045
pgsphere,"",1,379,0,0.039
pgsphere,"",1,380,1,0.074
pgsphere,"",1,381,0,0.054
pgsphere,"",1,382,1,0.067
pgsphere,"",1,383,0,0.028
pgsphere,"",1,384,1,0.07
pgsphere,"",1,385,0,0.036
pgsphere,"",1,386,1,0.089
pgsphere,"",1,387,0,0.036
pgsphere,"",1,388,1,0.087
pgsphere,"",1,389,0,0.023
pgsphere,"",1,390,1,0.077
pgsphere,"",1,391,0,0.077
pgsphere,"",1,392,1,0.093
pgsphere,"",1,393,0,0.024
pgsphere,"",1,394,1,0.071
pgsphere,"",1,395,0,0.041
pgsphere,"",1,396,1,0.085
pgsphere,"",1,397,0,0.036
pgsphere,"",1,398,1,0.101
pgsphere,"",1,399,0,0.05
pgsphere,"",1,400,1,0.056
pgsphere,"",1,401,0,0.021
pgsphere,"",1,402,1,0.06
pgsphere,"",1,403,0,0.053
pgsphere,"",1,404,1,0.101
pgsphere,"",1,405,0,0.043
pgsphere,"",1,406,1,0.069
pgsphere,"",1,407,0,0.085
pgsphere,"",1,408,1,0.063
pgsphere,"",1,409,0,0.08
pgsphere,"",1,410,1,0.095
pgsphere,"",1,411,0,0.034
pgsphere,"",1,412,1,0.044
pgsphere,"",1,413,0,0.055
pgsphere,"",1,414,1,0.069
pgsphere,"",1,415,0,0.062
pgsphere,"",1,416,1,0.056
pgsphere,"",1,417,0,0.103
pgsphere,"",1,418,1,0.074
pgsphere,"",1,419,0,0.056
pgsphere,"",1,420,1,0.048
pgsphere,"",1,421,0,0.097
pgsphere,"",1,422,1,0.061
pgsphere,"",1,423,0,0.06
pgsphere,"",1,424,1,0.067
pgsphere,"",1,425,1,0.079
pgsphere,"",1,426,1,0.084
pgsphere,"",1,427,0,0.049
pgsphere,"",1,428,1,0.067
pgsphere,"",1,429,0,0.048
pgsphere,"",1,430,1,0.06
pgsphere,"",1,431,0,0.049
pgsphere,"",1,432,1,0.22
pgsphere,"",1,433,0,0.027
pgsphere,"",1,434,1,0.072
pgsphere,"",1,435,0,0.058
pgsphere,"",1,436,1,0.066
pgsphere,"",1,437,0,0.04
pgsphere,"",1,438,1,0.06
pgsphere,"",1,439,0,0.052
pgsphere,"",1,440,1,0.087
pgsphere,"",1,441,0,0.046
pgsphere,"",1,442,1,0.07
pgsphere,"",1,443,0,0.025
pgsphere,"",1,444,1,0.073
pgsphere,"",1,445,0,0.08
pgsphere,"",1,446,1,0.09
pgsphere,"",1,447,0,0.045
pgsphere,"",1,448,1,0.081
pgsphere,"",1,449,0,0.034
pgsphere,"",1,450,1,0.039
pgsphere,"",1,451,0,0.04
pgsphere,"",1,452,1,0.048
pgsphere,"",1,453,0,0.041
pgsphere,"",1,454,1,0.038
pgsphere,"",1,455,0,0.039
pgsphere,"",1,456,1,0.065
pgsphere,"",1,457,0,0.046
pgsphere,"",1,458,1,0.068
pgsphere,"",1,459,0,0.037
pgsphere,"",1,460,1,0.063
pgsphere,"",1,461,0,0.048
pgsphere,"",1,462,1,0.05
pgsphere,"",1,463,0,0.047
pgsphere,"",1,464,1,0.103
pgsphere,"",1,465,0,0.04
pgsphere,"",1,466,1,0.087
pgsphere,"",1,467,0,0.053
pgsphere,"",1,468,2,0.083
pgsphere,"",1,469,0,0.058
pgsphere,"",1,470,1,0.089
pgsphere,"",1,471,0,0.067
pgsphere,"",1,472,1,0.106
pgsphere,"",1,473,0,0.04
pgsphere,"",1,474,1,0.066
pgsphere,"",1,475,0,0.045
pgsphere,"",1,476,1,0.096
pgsphere,"",1,477,0,0.036
pgsphere,"",1,478,1,0.064
pgsphere,"",1,479,0,0.043
pgsphere,"",1,480,1,0.066
pgsphere,"",1,481,0,0.041
pgsphere,"",1,482,1,0.09
pgsphere,"",1,483,0,0.032
pgsphere,"",1,484,1,0.066
pgsphere,"",1,485,0,0.033
pgsphere,"",1,486,1,0.07
pgsphere,"",1,487,0,0.053
pgsphere,"",1,488,1,0.072
pgsphere,"",1,489,0,0.039
pgsphere,"",1,490,1,0.053
pgsphere,"",1,491,0,0.049
pgsphere,"",1,492,1,0.057
pgsphere,"",1,493,0,0.035
pgsphere,"",1,494,1,0.06
pgsphere,"",1,495,0,0.044
pgsphere,"",1,496,1,0.061
pgsphere,"",1,497,0,0.038
pgsphere,"",1,498,1,0.057
pgsphere,"",1,499,0,0.058
pgsphere,"",1,500,1,0.052
pgsphere,"",1,501,0,0.036
pgsphere,"",1,502,1,0.072
pgsphere,"",1,503,0,0.07
pgsphere,"",1,504,1,0.074
pgsphere,"",1,505,0,0.034
pgsphere,"",1,506,2,0.073
pgsphere,"",1,507,0,0.06
pgsphere,"",1,508,1,0.075
pgsphere,"",1,509,0,0.052
pgsphere,"",1,510,1,0.108
pgsphere,"",1,511,0,0.047
pgsphere,"",1,512,1,0.052
pgsphere,"",1,513,0,0.026
pgsphere,"",1,514,1,0.041
pgsphere,"",1,515,0,0.034
pgsphere,"",1,516,1,0.068
pgsphere,"",1,517,0,0.032
pgsphere,"",1,518,1,0.057
pgsphere,"",1,519,0,0.031
pgsphere,"",1,520,1,0.049
pgsphere,"",1,521,0,0.028
pgsphere,"",1,522,1,0.07
pgsphere,"",1,523,0,0.066
pgsphere,"",1,524,1,0.081
pgsphere,"",1,525,0,0.055
pgsphere,"",1,526,1,0.123
pgsphere,"",1,527,0,0.033
pgsphere,"",1,528,1,0.071
pgsphere,"",1,529,0,0.045
pgsphere,"",1,530,1,0.089
pgsphere,"",1,531,0,0.048
pgsphere,"",1,532,1,0.106
pgsphere,"",1,533,0,0.084
pgsphere,"",1,534,1,0.064
pgsphere,"",1,535,0,0.071
pgsphere,"",1,536,1,0.073
pgsphere,"",1,537,0,0.043
pgsphere,"",1,538,1,0.059
pgsphere,"",1,539,0,0.044
pgsphere,"",1,540,1,0.076
pgsphere,"",1,541,0,0.036
pgsphere,"",1,542,1,0.085
pgsphere,"",1,543,0,0.045
pgsphere,"",1,544,1,0.064
pgsphere,"",1,545,0,0.046
pgsphere,"",1,546,1,0.091
pgsphere,"",1,547,0,0.043
pgsphere,"",1,548,1,0.083
pgsphere,"",1,549,0,0.045
pgsphere,"",1,550,1,0.058
pgsphere,"",1,551,0,0.057
pgsphere,"",1,552,1,0.059
pgsphere,"",1,553,0,0.034
pgsphere,"",1,554,1,0.063
pgsphere,"",1,555,0,0.09
pgsphere,"",1,556,1,0.171
pgsphere,"",1,557,0,0.074
pgsphere,"",1,558,1,0.16
pgsphere,"",1,559,0,0.036
pgsphere,"",1,560,1,0.084
pgsphere,"",1,561,0,0.032
pgsphere,"",1,562,1,0.065
pgsphere,"",1,563,0,0.035
pgsphere,"",1,564,1,0.065
pgsphere,"",1,565,0,0.068
pgsphere,"",1,566,1,0.062
pgsphere,"",1,567,0,0.06
pgsphere,"",1,568,1,0.045
pgsphere,"",1,569,0,0.045
pgsphere,"",1,570,1,0.095
pgsphere,"",1,571,0,0.066
pgsphere,"",1,572,13,0.134
pgsphere,"",1,573,0,0.048
pgsphere,"",1,574,1,0.066
pgsphere,"",1,575,0,0.055
pgsphere,"",1,576,1,0.071
pgsphere,"",1,577,0,0.049
pgsphere,"",1,578,2,0.082
pgsphere,"",1,579,0,0.028
pgsphere,"",1,580,1,0.053
pgsphere,"",1,581,0,0.059
pgsphere,"",1,582,1,0.104
pgsphere,"",1,583,0,0.05
pgsphere,"",1,584,1,0.065
pgsphere,"",1,585,0,0.038
pgsphere,"",1,586,1,0.059
pgsphere,"",1,587,0,0.041
pgsphere,"",1,588,1,0.051
pgsphere,"",1,589,0,0.033
pgsphere,"",1,590,1,0.078
pgsphere,"",1,591,0,0.049
pgsphere,"",1,592,1,0.105
pgsphere,"",1,593,0,0.049
pgsphere,"",1,594,1,0.049
pgsphere,"",1,595,0,0.042
pgsphere,"",1,596,1,0.066
pgsphere,"",1,597,0,0.055
pgsphere,"",1,598,1,0.107
pgsphere,"",1,599,0,0.033
pgsphere,"",1,600,1,0.084
pgsphere,"",1,601,0,0.038
pgsphere,"",1,602,1,0.077
pgsphere,"",1,603,0,0.059
pgsphere,"",1,604,2,0.063
pgsphere,"",1,605,0,0.043
pgsphere,"",1,606,18,0.094
pgsphere,"",1,607,0,0.032
pgsphere,"",1,608,1,0.054
pgsphere,"",1,609,0,0.028
pgsphere,"",1,610,1,0.053
pgsphere,"",1,611,0,0.041
pgsphere,"",1,612,1,0.074
pgsphere,"",1,613,0,0.051
pgsphere,"",1,614,1,0.077
pgsphere,"",1,615,0,0.104
pgsphere,"",1,616,1,0.048
pgsphere,"",1,617,0,0.066
pgsphere,"",1,618,1,0.078
pgsphere,"",1,619,0,0.04
pgsphere,"",1,620,1,0.049
pgsphere,"",1,621,0,0.031
pgsphere,"",1,622,1,0.061
pgsphere,"",1,623,0,0.042
pgsphere,"",1,624,1,0.074
pgsphere,"",1,625,0,0.026
pgsphere,"",1,626,1,0.043
pgsphere,"",1,627,0,0.033
pgsphere,"",1,628,1,0.071
pgsphere,"",1,629,0,0.049
pgsphere,"",1,630,1,0.062
pgsphere,"",1,631,0,0.041
pgsphere,"",1,632,1,0.078
pgsphere,"",1,633,0,0.052
pgsphere,"",1,634,1,0.096
pgsphere,"",1,635,0,0.044
pgsphere,"",1,636,1,0.045
pgsphere,"",1,637,1,0.09
pgsphere,"",1,638,1,0.077
pgsphere,"",1,639,0,0.056
pgsphere,"",1,640,1,0.062
pgsphere,"",1,641,0,0.036
pgsphere,"",1,642,1,0.073
pgsphere,"",1,643,0,0.038
pgsphere,"",1,644,1,0.082
pgsphere,"",1,645,0,0.05
pgsphere,"",1,646,1,0.061
pgsphere,"",1,647,0,0.042
pgsphere,"",1,648,1,0.064
pgsphere,"",1,649,0,0.085
pgsphere,"",1,650,1,0.079
pgsphere,"",1,651,0,0.052
pgsphere,"",1,652,1,0.058
pgsphere,"",1,653,0,0.044
pgsphere,"",1,654,1,0.07
pgsphere,"",1,655,0,0.036
pgsphere,"",1,656,1,0.063
pgsphere,"",1,657,0,0.063
pgsphere,"",1,658,11,0.079
pgsphere,"",1,659,0,0.033
pgsphere,"",1,660,1,0.042
pgsphere,"",1,661,0,0.033
pgsphere,"",1,662,1,0.073
pgsphere,"",1,663,0,0.047
pgsphere,"",1,664,1,0.067
pgsphere,"",1,665,0,0.063
pgsphere,"",1,666,1,0.046
pgsphere,"",1,667,0,0.03
pgsphere,"",1,668,1,0.052
pgsphere,"",1,669,0,0.048
pgsphere,"",1,670,1,0.081
pgsphere,"",1,671,0,0.045
pgsphere,"",1,672,2,0.086
pgsphere,"",1,673,0,0.055
pgsphere,"",1,674,1,0.048
pgsphere,"",1,675,0,0.035
pgsphere,"",1,676,1,0.103
pgsphere,"",1,677,0,0.039
pgsphere,"",1,678,1,0.074
pgsphere,"",1,679,0,0.038
pgsphere,"",1,680,1,0.072
pgsphere,"",1,681,0,0.048
pgsphere,"",1,682,1,0.088
pgsphere,"",1,683,0,0.026
pgsphere,"",1,684,1,0.058
pgsphere,"",1,685,0,0.04
pgsphere,"",1,686,1,0.063
pgsphere,"",1,687,0,0.042
pgsphere,"",1,688,11,0.072
pgsphere,"",1,689,0,0.042
pgsphere,"",1,690,1,0.058
pgsphere,"",1,691,0,0.036
pgsphere,"",1,692,1,0.058
pgsphere,"",1,693,0,0.035
pgsphere,"",1,694,1,0.063
pgsphere,"",1,695,0,0.03
pgsphere,"",1,696,1,0.045
pgsphere,"",1,697,0,0.041
pgsphere,"",1,698,1,0.06
pgsphere,"",1,699,0,0.044
pgsphere,"",1,700,1,0.082
pgsphere,"",1,701,0,0.061
pgsphere,"",1,702,2,0.101
pgsphere,"",1,703,0,0.037
pgsphere,"",1,704,1,0.044
pgsphere,"",1,705,0,0.036
pgsphere,"",1,706,1,0.063
pgsphere,"",1,707,0,0.039
pgsphere,"",1,708,1,0.05
pgsphere,"",1,709,0,0.034
pgsphere,"",1,710,1,0.048
pgsphere,"",1,711,0,0.044
pgsphere,"",1,712,1,0.058
pgsphere,"",1,713,0,0.031
pgsphere,"",1,714,1,0.053
pgsphere,"",1,715,0,0.044
pgsphere,"",1,716,1,0.09
pgsphere,"",1,717,0,0.065
pgsphere,"",1,718,1,0.074
pgsphere,"",1,719,0,0.043
pgsphere,"",1,720,1,0.056
pgsphere,"",1,721,0,0.04
pgsphere,"",1,722,1,0.087
pgsphere,"",1,723,0,0.038
pgsphere,"",1,724,1,0.047
pgsphere,"",1,725,0,0.031
pgsphere,"",1,726,1,0.057
pgsphere,"",1,727,0,0.055
pgsphere,"",1,728,1,0.082
pgsphere,"",1,729,0,0.037
pgsphere,"",1,730,1,0.05
pgsphere,"",1,731,0,0.038
pgsphere,"",1,732,1,0.066
pgsphere,"",1,733,0,0.042
pgsphere,"",1,734,1,0.063
pgsphere,"",1,735,0,0.032
pgsphere,"",1,736,1,0.048
pgsphere,"",1,737,0,0.047
pgsphere,"",1,738,1,0.077
pgsphere,"",1,739,0,0.034
pgsphere,"",1,740,1,0.067
pgsphere,"",1,741,0,0.036
pgsphere,"",1,742,1,0.066
pgsphere,"",1,743,0,0.042
pgsphere,"",1,744,1,0.051
pgsphere,"",1,745,0,0.035
pgsphere,"",1,746,1,0.093
pgsphere,"",1,747,0,0.047
pgsphere,"",1,748,1,0.062
pgsphere,"",1,749,0,0.037
pgsphere,"",1,750,1,0.085
pgsphere,"",1,751,0,0.025
pgsphere,"",1,752,1,0.064
pgsphere,"",1,753,0,0.036
pgsphere,"",1,754,1,0.067
pgsphere,"",1,755,0,0.034
pgsphere,"",1,756,2,0.07
pgsphere,"",1,757,0,0.046
pgsphere,"",1,758,1,0.076
pgsphere,"",1,759,0,0.038
pgsphere,"",1,760,1,0.085
pgsphere,"",1,761,0,0.03
pgsphere,"",1,762,1,0.055
pgsphere,"",1,763,0,0.053
pgsphere,"",1,764,1,0.067
pgsphere,"",1,765,0,0.042
pgsphere,"",1,766,1,0.053
pgsphere,"",1,767,0,0.035
pgsphere,"",1,768,1,0.082
pgsphere,"",1,769,0,0.073
pgsphere,"",1,770,3,0.083
pgsphere,"",1,771,0,0.036
pgsphere,"",1,772,1,0.046
pgsphere,"",1,773,0,0.024
pgsphere,"",1,774,1,0.039
pgsphere,"",1,775,0,0.048
pgsphere,"",1,776,1,0.059
pgsphere,"",1,777,0,0.029
pgsphere,"",1,778,1,0.064
pgsphere,"",1,779,0,0.029
pgsphere,"",1,780,1,0.05
pgsphere,"",1,781,0,0.048
pgsphere,"",1,782,1,0.064
pgsphere,"",1,783,0,0.043
pgsphere,"",1,784,1,0.076
pgsphere,"",1,785,0,0.04
pgsphere,"",1,786,1,0.07
pgsphere,"",1,787,0,0.042
pgsphere,"",1,788,1,0.077
pgsphere,"",1,789,0,0.062
pgsphere,"",1,790,1,0.091
pgsphere,"",1,791,0,0.047
pgsphere,"",1,792,1,0.087
pgsphere,"",1,793,0,0.042
pgsphere,"",1,794,1,0.041
pgsphere,"",1,795,0,0.028
pgsphere,"",1,796,1,0.04
pgsphere,"",1,797,0,0.037
pgsphere,"",1,798,1,0.058
pgsphere,"",1,799,0,0.031
pgsphere,"",1,800,1,0.044
pgsphere,"",1,801,0,0.038
pgsphere,"",1,802,2,0.064
pgsphere,"",1,803,0,0.05
pgsphere,"",1,804,1,0.049
pgsphere,"",1,805,0,0.046
pgsphere,"",1,806,2,0.104
pgsphere,"",1,807,0,0.046
pgsphere,"",1,808,3,0.137
pgsphere,"",1,809,0,0.057
pgsphere,"",1,810,1,0.065
pgsphere,"",1,811,1,0.081
pgsphere,"",1,812,1,0.07
pgsphere,"",1,813,0,0.05
pgsphere,"",1,814,1,0.089
pgsphere,"",1,815,0,0.035
pgsphere,"",1,816,2,0.162
pgsphere,"",1,817,0,0.047
pgsphere,"",1,818,1,0.079
pgsphere,"",1,819,0,0.045
pgsphere,"",1,820,4,0.085
pgsphere,"",1,821,0,0.041
pgsphere,"",1,822,199,0.252
pgsphere,"",1,823,0,0.038
pgsphere,"",1,824,2,0.089
pgsphere,"",1,825,0,0.048
pgsphere,"",1,826,1,0.058
pgsphere,"",1,827,0,0.049
pgsphere,"",1,828,1,0.081
pgsphere,"",1,829,1,0.065
pgsphere,"",1,830,2,0.076
pgsphere,"",1,831,1,0.053
pgsphere,"",1,832,1,0.042
pgsphere,"",1,833,0,0.029
pgsphere,"",1,834,1,0.071
pgsphere,"",1,835,0,0.051
pgsphere,"",1,836,8,0.109
pgsphere,"",1,837,0,0.039
pgsphere,"",1,838,1,0.069
pgsphere,"",1,839,0,0.036
pgsphere,"",1,840,2,0.052
pgsphere,"",1,841,0,0.028
pgsphere,"",1,842,1,0.049
pgsphere,"",1,843,0,0.029
pgsphere,"",1,844,1,0.053
pgsphere,"",1,845,0,0.039
pgsphere,"",1,846,1,0.06
pgsphere,"",1,847,0,0.041
pgsphere,"",1,848,1,0.062
pgsphere,"",1,849,0,0.032
pgsphere,"",1,850,1,0.067
pgsphere,"",1,851,0,0.034
pgsphere,"",1,852,2,0.093
pgsphere,"",1,853,0,0.059
pgsphere,"",1,854,2,0.087
pgsphere,"",1,855,0,0.068
pgsphere,"",1,856,3,0.083
pgsphere,"",1,857,0,0.04
pgsphere,"",1,858,8,0.086
pgsphere,"",1,859,0,0.054
pgsphere,"",1,860,1,0.049
pgsphere,"",1,861,0,0.071
pgsphere,"",1,862,3,0.087
pgsphere,"",1,863,0,0.053
pgsphere,"",1,864,359,0.429
pgsphere,"",1,865,0,0.036
pgsphere,"",1,866,2,0.09
pgsphere,"",1,867,0,0.037
pgsphere,"",1,868,2,0.065
pgsphere,"",1,869,0,0.051
pgsphere,"",1,870,1,0.053
pgsphere,"",1,871,0,0.032
pgsphere,"",1,872,3,0.104
pgsphere,"",1,873,0,0.029
pgsphere,"",1,874,5,0.064
pgsphere,"",1,875,0,0.048
pgsphere,"",1,876,3,0.075
pgsphere,"",1,877,0,0.043
pgsphere,"",1,878,1,0.06
pgsphere,"",1,879,0,0.036
pgsphere,"",1,880,1,0.07
pgsphere,"",1,881,0,0.023
pgsphere,"",1,882,1,0.099
pgsphere,"",1,883,0,0.047
pgsphere,"",1,884,3,0.079
pgsphere,"",1,885,1,0.109
pgsphere,"",1,886,4,0.084
pgsphere,"",1,887,0,0.062
pgsphere,"",1,888,1,0.052
pgsphere,"",1,889,0,0.048
pgsphere,"",1,890,2,0.058
pgsphere,"",1,891,3,0.071
pgsphere,"",1,892,1,0.053
pgsphere,"",1,893,3,0.13
pgsphere,"",1,894,2,0.074
pgsphere,"",1,895,0,0.056
pgsphere,"",1,896,1,0.059
pgsphere,"",1,897,0,0.031
pgsphere,"",1,898,2,0.063
pgsphere,"",1,899,0,0.035
pgsphere,"",1,900,1,0.065
pgsphere,"",1,901,0,0.037
pgsphere,"",1,902,3,0.106
pgsphere,"",1,903,0,0.042
pgsphere,"",1,904,2,0.095
pgsphere,"",1,905,0,0.056
pgsphere,"",1,906,4,0.066
pgsphere,"",1,907,1,0.064
pgsphere,"",1,908,3,0.086
pgsphere,"",1,909,0,0.033
pgsphere,"",1,910,5,0.065
pgsphere,"",1,911,0,0.037
pgsphere,"",1,912,1,0.055
pgsphere,"",1,913,0,0.037
pgsphere,"",1,914,1,0.063
pgsphere,"",1,915,0,0.033
pgsphere,"",1,916,1,0.037
pgsphere,"",1,917,0,0.02
pgsphere,"",1,918,1,0.051
pgsphere,"",1,919,0,0.037
pgsphere,"",1,920,1,0.044
pgsphere,"",1,921,0,0.036
pgsphere,"",1,922,1,0.042
pgsphere,"",1,923,0,0.032
pgsphere,"",1,924,4,0.074
pgsphere,"",1,925,0,0.032
pgsphere,"",1,926,2,0.052
pgsphere,"",1,927,0,0.036
pgsphere,"",1,928,48,0.159
pgsphere,"",1,929,0,0.032
pgsphere,"",1,930,4,0.117
pgsphere,"",1,931,0,0.048
pgsphere,"",1,932,2,0.084
pgsphere,"",1,933,2,0.067
pgsphere,"",1,934,2,0.064
pgsphere,"",1,935,0,0.027
pgsphere,"",1,936,5,0.085
pgsphere,"",1,937,2,0.069
pgsphere,"",1,938,1,0.064
pgsphere,"",1,939,0,0.036
pgsphere,"",1,940,2,0.05
pgsphere,"",1,941,0,0.032
pgsphere,"",1,942,4,0.071
pgsphere,"",1,943,0,0.039
pgsphere,"",1,944,1,0.068
pgsphere,"",1,945,0,0.039
pgsphere,"",1,946,4,0.057
pgsphere,"",1,947,0,0.056
pgsphere,"",1,948,2,0.059
pgsphere,"",1,949,0,0.035
pgsphere,"",1,950,1,0.052
pgsphere,"",1,951,0,0.048
pgsphere,"",1,952,1,0.061
pgsphere,"",1,953,0,0.033
pgsphere,"",1,954,1,0.056
pgsphere,"",1,955,0,0.044
pgsphere,"",1,956,1,0.074
pgsphere,"",1,957,0,0.041
pgsphere,"",1,958,1,0.052
pgsphere,"",1,959,0,0.065
pgsphere,"",1,960,1,0.061
pgsphere,"",1,961,0,0.04
pgsphere,"",1,962,2,0.077
pgsphere,"",1,963,0,0.037
pgsphere,"",1,964,3,0.071
pgsphere,"",1,965,0,0.033
pgsphere,"",1,966,1,0.043
pgsphere,"",1,967,0,0.03
pgsphere,"",1,968,2,0.043
pgsphere,"",1,969,0,0.03
pgsphere,"",1,970,18,0.069
pgsphere,"",1,971,2,0.067
pgsphere,"",1,972,2,0.056
pgsphere,"",1,973,0,0.043
pgsphere,"",1,974,3,0.082
pgsphere,"",1,975,0,0.049
pgsphere,"",1,976,3,0.057
pgsphere,"",1,977,1,0.04
pgsphere,"",1,978,1,0.036
pgsphere,"",1,979,0,0.029
pgsphere,"",1,980,1,0.045
pgsphere,"",1,981,0,0.031
pgsphere,"",1,982,7,0.047
pgsphere,"",1,983,0,0.045
pgsphere,"",1,984,2,0.099
pgsphere,"",1,985,0,0.056
pgsphere,"",1,986,5,0.07
pgsphere,"",1,987,0,0.029
pgsphere,"",1,988,1,0.059
pgsphere,"",1,989,0,0.03
pgsphere,"",1,990,6,0.067
pgsphere,"",1,991,0,0.072
pgsphere,"",1,992,1,0.065
pgsphere,"",1,993,0,0.036
pgsphere,"",1,994,1,0.077
pgsphere,"",1,995,0,0.033
pgsphere,"",1,996,5,0.098
pgsphere,"",1,997,0,0.033
pgsphere,"",1,998,5,0.094
pgsphere,"",1,999,0,0.029
pgsphere,"",1,1000,1,0.077
pgsphere,"",1,1001,0,0.037
pgsphere,"",1,1002,1,0.052
pgsphere,"",1,1003,0,0.052
pgsphere,"",1,1004,1,0.063
pgsphere,"",1,1005,0,0.039
pgsphere,"",1,1006,3,0.069
pgsphere,"",1,1007,1,0.051
pgsphere,"",1,1008,2,0.054
pgsphere,"",1,1009,0,0.035
pgsphere,"",1,1010,2,0.076
pgsphere,"",1,1011,0,0.035
pgsphere,"",1,1012,1,0.051
pgsphere,"",1,1013,1,0.082
pgsphere,"",1,1014,2,0.064
pgsphere,"",1,1015,0,0.05
pgsphere,"",1,1016,1,0.048
pgsphere,"",1,1017,0,0.03
pgsphere,"",1,1018,3,0.09
pgsphere,"",1,1019,0,0.043
pgsphere,"",1,1020,1,0.072
pgsphere,"",1,1021,0,0.032
pgsphere,"",1,1022,1,0.037
pgsphere,"",1,1023,0,0.029
pgsphere,"",1,1024,1,1.794
pgsphere,"",1,1025,0,0.075
pgsphere,"",1,1026,1,0.065
pgsphere,"",1,1027,0,0.078
pgsphere,"",1,1028,4,0.084
pgsphere,"",1,1029,0,0.057
pgsphere,"",1,1030,1,0.066
pgsphere,"",1,1031,0,0.037
pgsphere,"",1,1032,1,0.044
pgsphere,"",1,1033,0,0.026
pgsphere,"",1,1034,2,0.047
pgsphere,"",1,1035,0,0.031
pgsphere,"",1,1036,1,0.068
pgsphere,"",1,1037,0,0.036
pgsphere,"",1,1038,1,0.05
pgsphere,"",1,1039,0,0.035
pgsphere,"",1,1040,1,0.066
pgsphere,"",1,1041,0,0.034
pgsphere,"",1,1042,1,0.054
pgsphere,"",1,1043,0,0.035
pgsphere,"",1,1044,1,0.062
pgsphere,"",1,1045,1,0.049
pgsphere,"",1,1046,3,0.053
pgsphere,"",1,1047,0,0.043
pgsphere,"",1,1048,1,0.091
pgsphere,"",1,1049,0,0.07
pgsphere,"",1,1050,3,0.115
pgsphere,"",1,1051,0,0.024
pgsphere,"",1,1052,1,0.056
pgsphere,"",1,1053,0,0.03
pgsphere,"",1,1054,1,0.065
pgsphere,"",1,1055,0,0.033
pgsphere,"",1,1056,1,0.047
pgsphere,"",1,1057,0,0.027
pgsphere,"",1,1058,64,0.21
pgsphere,"",1,1059,0,0.047
pgsphere,"",1,1060,1,0.049
pgsphere,"",1,1061,0,0.046
pgsphere,"",1,1062,1,0.061
pgsphere,"",1,1063,0,0.043
pgsphere,"",1,1064,6,0.08
pgsphere,"",1,1065,2,0.054
pgsphere,"",1,1066,2,0.041
pgsphere,"",1,1067,0,0.028
pgsphere,"",1,1068,2,0.047
pgsphere,"",1,1069,0,0.022
pgsphere,"",1,1070,4,0.06
pgsphere,"",1,1071,0,0.031
pgsphere,"",1,1072,3,0.05
pgsphere,"",1,1073,0,0.033
pgsphere,"",1,1074,1,0.053
pgsphere,"",1,1075,0,0.042
pgsphere,"",1,1076,1,0.054
pgsphere,"",1,1077,0,0.051
pgsphere,"",1,1078,1,0.064
pgsphere,"",1,1079,1,0.073
pgsphere,"",1,1080,2,0.056
pgsphere,"",1,1081,0,0.033
pgsphere,"",1,1082,2,0.042
pgsphere,"",1,1083,0,0.033
pgsphere,"",1,1084,1,0.043
pgsphere,"",1,1085,0,0.04
pgsphere,"",1,1086,2,0.062
pgsphere,"",1,1087,0,0.056
pgsphere,"",1,1088,2,0.073
pgsphere,"",1,1089,0,0.03
pgsphere,"",1,1090,5,0.052
pgsphere,"",1,1091,0,0.031
pgsphere,"",1,1092,2,0.059
pgsphere,"",1,1093,0,0.048
pgsphere,"",1,1094,2,0.088
pgsphere,"",1,1095,0,0.036
pgsphere,"",1,1096,1,0.044
pgsphere,"",1,1097,0,0.035
pgsphere,"",1,1098,1,0.05
pgsphere,"",1,1099,1,0.047
pgsphere,"",1,1100,7,0.09
pgsphere,"",1,1101,1,0.06
pgsphere,"",1,1102,3,0.065
pgsphere,"",1,1103,11,0.066
pgsphere,"",1,1104,2,0.041
pgsphere,"",1,1105,1,0.054
pgsphere,"",1,1106,59,0.159
pgsphere,"",1,1107,3,0.058
pgsphere,"",1,1108,36,0.065
pgsphere,"",1,1109,3,0.042
pgsphere,"",1,1110,27,0.067
pgsphere,"",1,1111,3,0.072
pgsphere,"",1,1112,5,0.036
pgsphere,"",1,1113,2,0.052
pgsphere,"",1,1114,123,0.153
pgsphere,"",1,1115,4,0.051
pgsphere,"",1,1116,137,0.184
pgsphere,"",1,1117,11,0.066
pgsphere,"",1,1118,107,0.168
pgsphere,"",1,1119,14,0.072
pgsphere,"",1,1120,158,0.19
pgsphere,"",1,1121,2,0.081
pgsphere,"",1,1122,21,0.085
pgsphere,"",1,1123,2,0.072
pgsphere,"",1,1124,4,0.045
pgsphere,"",1,1125,3,0.08
pgsphere,"",1,1126,18,0.05
pgsphere,"",1,1127,3,0.064
pgsphere,"",1,1128,6,0.048
pgsphere,"",1,1129,21,0.072
pgsphere,"",1,1130,8,0.028
pgsphere,"",1,1131,2,0.049
pgsphere,"",1,1132,88,0.134
pgsphere,"",1,1133,15,0.082
pgsphere,"",1,1134,1,0.05
pgsphere,"",1,1135,3,0.061
pgsphere,"",1,1136,29,0.089
pgsphere,"",1,1137,0,0.063
pgsphere,"",1,1138,2,0.031
pgsphere,"",1,1139,1,0.057
pgsphere,"",1,1140,6,0.032
pgsphere,"",1,1141,8,0.072
pgsphere,"",1,1142,2,0.05
pgsphere,"",1,1143,4,0.093
pgsphere,"",1,1144,75,0.11
pgsphere,"",1,1145,4,0.051
pgsphere,"",1,1146,22,0.08
pgsphere,"",1,1147,2,0.05
pgsphere,"",1,1148,6,0.029
pgsphere,"",1,1149,9,0.066
pgsphere,"",1,1150,66,0.336
pgsphere,"",1,1151,1,0.049
pgsphere,"",1,1152,34,0.084
pgsphere,"",1,1153,4,0.049
pgsphere,"",1,1154,45,0.057
pgsphere,"",1,1155,3,0.067
pgsphere,"",1,1156,466,0.559
pgsphere,"",1,1157,1,0.087
pgsphere,"",1,1158,49,0.097
pgsphere,"",1,1159,2,0.073
pgsphere,"",1,1160,42,0.107
pgsphere,"",1,1161,4,0.055
pgsphere,"",1,1162,3,0.029
pgsphere,"",1,1163,6,0.053
pgsphere,"",1,1164,3,0.026
pgsphere,"",1,1165,12,0.08
pgsphere,"",1,1166,20,0.064
pgsphere,"",1,1167,4,0.062
pgsphere,"",1,1168,930,0.616
pgsphere,"",1,1169,46,0.105
pgsphere,"",1,1170,5,0.043
pgsphere,"",1,1171,1,0.053
pgsphere,"",1,1172,6,0.05
pgsphere,"",1,1173,3,0.072
pgsphere,"",1,1174,4,0.036
pgsphere,"",1,1175,1,0.054
pgsphere,"",1,1176,16,0.089
pgsphere,"",1,1177,2,0.071
pgsphere,"",1,1178,10,0.036
pgsphere,"",1,1179,4,0.053
pgsphere,"",1,1180,13,0.052
pgsphere,"",1,1181,2,0.044
pgsphere,"",1,1182,52,0.096
pgsphere,"",1,1183,7,0.049
pgsphere,"",1,1184,4,0.033
pgsphere,"",1,1185,1,0.062
pgsphere,"",1,1186,48,0.115
pgsphere,"",1,1187,3,0.05
pgsphere,"",1,1188,3,0.038
pgsphere,"",1,1189,3,0.048
pgsphere,"",1,1190,2,0.046
pgsphere,"",1,1191,1,0.057
pgsphere,"",1,1192,137,0.153
pgsphere,"",1,1193,2,0.055
pgsphere,"",1,1194,3,0.032
pgsphere,"",1,1195,2,0.07
pgsphere,"",1,1196,8,0.04
pgsphere,"",1,1197,1,0.05
pgsphere,"",1,1198,49,0.091
pgsphere,"",1,1199,4,0.046
pgsphere,"",1,1200,55,0.131
pgsphere,"",1,1201,2,0.095
pgsphere,"",1,1202,6,0.045
pgsphere,"",1,1203,48,0.131
pgsphere,"",1,1204,8,0.065
pgsphere,"",1,1205,0,0.042
pgsphere,"",1,1206,63,0.111
pgsphere,"",1,1207,8,0.077
pgsphere,"",1,1208,10,0.05
pgsphere,"",1,1209,2,0.064
pgsphere,"",1,1210,8,0.031
pgsphere,"",1,1211,0,0.047
pgsphere,"",1,1212,72,0.102
pgsphere,"",1,1213,2,0.07
pgsphere,"",1,1214,26,0.069
pgsphere,"",1,1215,1,0.068
pgsphere,"",1,1216,33,0.066
pgsphere,"",1,1217,2,0.044
pgsphere,"",1,1218,4,0.039
pgsphere,"",1,1219,5,0.042
pgsphere,"",1,1220,70,0.118
pgsphere,"",1,1221,0,0.054
pgsphere,"",1,1222,3834,1.095
pgsphere,"",1,1223,1,0.044
pgsphere,"",1,1224,5,0.029
pgsphere,"",1,1225,11,0.106
pgsphere,"",1,1226,3,0.039
pgsphere,"",1,1227,4,0.055
pgsphere,"",1,1228,1616,0.692
pgsphere,"",1,1229,11,0.079
pgsphere,"",1,1230,1,0.029
pgsphere,"",1,1231,1,0.056
pgsphere,"",1,1232,170,0.211
pgsphere,"",1,1233,2,0.079
pgsphere,"",1,1234,3,0.036
pgsphere,"",1,1235,2,0.052
pgsphere,"",1,1236,32,0.061
pgsphere,"",1,1237,2,0.081
pgsphere,"",1,1238,4,0.054
pgsphere,"",1,1239,6,0.081
pgsphere,"",1,1240,40,0.097
pgsphere,"",1,1241,3,0.066
pgsphere,"",1,1242,11,0.086
pgsphere,"",1,1243,51,0.131
pgsphere,"",1,1244,66,0.079
pgsphere,"",1,1245,1,0.074
pgsphere,"",1,1246,3,0.03
pgsphere,"",1,1247,0,0.058
pgsphere,"",1,1248,106,0.192
pgsphere,"",1,1249,11,0.087
pgsphere,"",1,1250,29,0.064
pgsphere,"",1,1251,2,0.064
pgsphere,"",1,1252,79,0.137
pgsphere,"",1,1253,4,0.052
pgsphere,"",1,1254,118,0.156
pgsphere,"",1,1255,47,0.111
pgsphere,"",1,1256,4009,1.084
pgsphere,"",1,1257,74,0.178
pgsphere,"",1,1258,4,0.042
pgsphere,"",1,1259,1,0.047
pgsphere,"",1,1260,5,0.061
pgsphere,"",1,1261,99,0.149
pgsphere,"",1,1262,140,0.167
pgsphere,"",1,1263,2,0.055
pgsphere,"",1,1264,74,0.137
pgsphere,"",1,1265,1,0.063
pgsphere,"",1,1266,21,0.106
pgsphere,"",1,1267,3,0.063
pgsphere,"",1,1268,3,0.041
pgsphere,"",1,1269,3,0.057
pgsphere,"",1,1270,22,0.057
pgsphere,"",1,1271,14,0.119
pgsphere,"",1,1272,19,0.083
pgsphere,"",1,1273,4,0.053
pgsphere,"",1,1274,730,0.439
pgsphere,"",1,1275,61,0.114
pgsphere,"",1,1276,3,0.042
pgsphere,"",1,1277,2,0.053
pgsphere,"",1,1278,139,0.162
pgsphere,"",1,1279,0,0.049
pgsphere,"",1,1280,87,0.154
pgsphere,"",1,1281,3,0.074
pgsphere,"",1,1282,77,0.094
pgsphere,"",1,1283,4,0.058
pgsphere,"",1,1284,47,0.126
pgsphere,"",1,1285,36,0.111
pgsphere,"",1,1286,2,0.044
pgsphere,"",1,1287,7,0.057
pgsphere,"",1,1288,4,0.038
pgsphere,"",1,1289,1,0.037
pgsphere,"",1,1290,175,0.298
pgsphere,"",1,1291,2,0.127
pgsphere,"",1,1292,65,0.135
pgsphere,"",1,1293,4,0.059
pgsphere,"",1,1294,59,0.108
pgsphere,"",1,1295,2,0.126
pgsphere,"",1,1296,5,0.051
pgsphere,"",1,1297,1,0.098
pgsphere,"",1,1298,9,0.101
pgsphere,"",1,1299,3,0.111
pgsphere,"",1,1300,81,0.094
pgsphere,"",1,1301,115,0.151
pgsphere,"",1,1302,528,0.419
pgsphere,"",1,1303,144,0.209
pgsphere,"",1,1304,1562,1.147
pgsphere,"",1,1305,53,0.153
pgsphere,"",1,1306,1632,0.931
pgsphere,"",1,1307,103,0.159
pgsphere,"",1,1308,85,0.169
pgsphere,"",1,1309,72,0.093
pgsphere,"",1,1310,68,0.097
pgsphere,"",1,1311,63,0.111
pgsphere,"",1,1312,66,0.139
pgsphere,"",1,1313,51,0.119
pgsphere,"",1,1314,69,0.149
pgsphere,"",1,1315,475,0.468
pgsphere,"",1,1316,397,0.269
pgsphere,"",1,1317,71,0.142
pgsphere,"",1,1318,800,0.472
pgsphere,"",1,1319,64,0.129
pgsphere,"",1,1320,73,0.144
pgsphere,"",1,1321,75,0.146
pgsphere,"",1,1322,69,0.147
pgsphere,"",1,1323,77,0.141
pgsphere,"",1,1324,2294,1.324
pgsphere,"",1,1325,84,0.162
pgsphere,"",1,1326,752,0.62
pgsphere,"",1,1327,72,0.131
pgsphere,"",1,1328,879,0.732
pgsphere,"",1,1329,81,0.141
pgsphere,"",1,1330,1598,0.881
pgsphere,"",1,1331,61,0.116
pgsphere,"",1,1332,69,0.13
pgsphere,"",1,1333,67,0.118
pgsphere,"",1,1334,736,0.459
pgsphere,"",1,1335,311,0.271
pgsphere,"",1,1336,1019,0.515
pgsphere,"",1,1337,81,0.171
pgsphere,"",1,1338,1099,0.714
pgsphere,"",1,1339,122,0.147
pgsphere,"",1,1340,1284,0.687
pgsphere,"",1,1341,56,0.096
pgsphere,"",1,1342,65,0.099
pgsphere,"",1,1343,61,0.089
pgsphere,"",1,1344,57,0.067
pgsphere,"",1,1345,63,0.133
pgsphere,"",1,1346,553,0.292
pgsphere,"",1,1347,68,0.136
pgsphere,"",1,1348,63,0.144
pgsphere,"",1,1349,216,0.322
pgsphere,"",1,1350,75,0.1
pgsphere,"",1,1351,69,0.139
pgsphere,"",1,1352,157,0.149
pgsphere,"",1,1353,211,0.179
pgsphere,"",1,1354,136,0.135
pgsphere,"",1,1355,47,0.113
pgsphere,"",1,1356,660,0.332
pgsphere,"",1,1357,70,0.127
pgsphere,"",1,1358,66,0.088
pgsphere,"",1,1359,68,0.111
pgsphere,"",1,1360,674,0.551
pgsphere,"",1,1361,67,0.155
pgsphere,"",1,1362,61,0.097
pgsphere,"",1,1363,60,0.112
pgsphere,"",1,1364,2512,0.992
pgsphere,"",1,1365,65,0.108
pgsphere,"",1,1366,65,0.085
pgsphere,"",1,1367,60,0.114
pgsphere,"",1,1368,60,0.115
pgsphere,"",1,1369,163,0.178
pgsphere,"",1,1370,4069,1.538
pgsphere,"",1,1371,77,0.118
pgsphere,"",1,1372,601,0.413
pgsphere,"",1,1373,49,0.105
pgsphere,"",1,1374,70,0.083
pgsphere,"",1,1375,73,0.097
pgsphere,"",1,1376,495,0.327
pgsphere,"",1,1377,63,0.121
pgsphere,"",1,1378,1356,1.223
pgsphere,"",1,1379,79,0.11
pgsphere,"",1,1380,1572,0.862
pgsphere,"",1,1381,47,0.123
pgsphere,"",1,1382,75,0.121
pgsphere,"",1,1383,65,0.131
pgsphere,"",1,1384,77,0.078
pgsphere,"",1,1385,1227,1.526
pgsphere,"",1,1386,1589,0.718
pgsphere,"",1,1387,79,0.129
pgsphere,"",1,1388,898,0.774
pgsphere,"",1,1389,69,0.065
pgsphere,"",1,1390,710,0.372
pgsphere,"",1,1391,77,0.109
pgsphere,"",1,1392,67,0.06
pgsphere,"",1,1393,66,0.134
pgsphere,"",1,1394,3504,1.107
pgsphere,"",1,1395,64,0.093
pgsphere,"",1,1396,3600,1.249
pgsphere,"",1,1397,59,0.148
pgsphere,"",1,1398,2926,0.832
pgsphere,"",1,1399,66,0.131
pgsphere,"",1,1400,4002,1.311
pgsphere,"",1,1401,297,0.231
pgsphere,"",1,1402,254,0.145
pgsphere,"",1,1403,324,0.225
pgsphere,"",1,1404,1369,0.661
pgsphere,"",1,1405,265,0.184
pgsphere,"",1,1406,1108,0.971
pgsphere,"",1,1407,276,0.189
pgsphere,"",1,1408,4152,2.066
pgsphere,"",1,1409,297,0.265
pgsphere,"",1,1410,306,0.531
pgsphere,"",1,1411,748,0.465
pgsphere,"",1,1412,265,0.218
pgsphere,"",1,1413,280,0.308
pgsphere,"",1,1414,1101,0.724
pgsphere,"",1,1415,251,0.219
pgsphere,"",1,1416,9129,3.885
pgsphere,"",1,1417,272,0.203
pgsphere,"",1,1418,5071,3.028
pgsphere,"",1,1419,271,0.443
pgsphere,"",1,1420,5690,2.793
pgsphere,"",1,1421,233,0.273
pgsphere,"",1,1422,4433,2.213
pgsphere,"",1,1423,260,0.212
pgsphere,"",1,1424,3126,1.469
pgsphere,"",1,1425,3145,5.13
pgsphere,"",1,1426,302,0.193
pgsphere,"",1,1427,255,0.205
pgsphere,"",1,1428,3905,1.813
pgsphere,"",1,1429,1284,0.692
pgsphere,"",1,1430,1294,0.753
pgsphere,"",1,1431,289,0.211
pgsphere,"",1,1432,268,0.179
pgsphere,"",1,1433,901,0.441
pgsphere,"",1,1434,277,0.206
pgsphere,"",1,1435,1243,0.612
pgsphere,"",1,1436,1021,0.618
pgsphere,"",1,1437,298,0.215
pgsphere,"",1,1438,4191,1.182
pgsphere,"",1,1439,307,0.295
pgsphere,"",1,1440,269,0.204
pgsphere,"",1,1441,2336,5.096
pgsphere,"",1,1442,2435,1.765
pgsphere,"",1,1443,2502,1.048
pgsphere,"",1,1444,35019,11.38
pgsphere,"",1,1445,11114,4.544
pgsphere,"",1,1446,6517,2.463
pgsphere,"",1,1447,2340,0.771
pgsphere,"",1,1448,147516,35.087
pgsphere,"",1,1449,2525,1.296
pgsphere,"",1,1450,43516,11.402
pgsphere,"",1,1451,2330,1.268
pgsphere,"",1,1452,26649,8.151
pgsphere,"",1,1453,2324,0.902
pgsphere,"",1,1454,22109,8.547
pgsphere,"",1,1455,2386,1.074
pgsphere,"",1,1456,18819,6.837
pgsphere,"",2,1,0,0.059
pgsphere,"",2,2,1,0.034
pgsphere,"",2,3,0,0.032
pgsphere,"",2,4,1,0.03
pgsphere,"",2,5,0,0.028
pgsphere,"",2,6,1,0.027
pgsphere,"",2,7,0,0.026
pgsphere,"",2,8,1,0.028
pgsphere,"",2,9,0,0.048
pgsphere,"",2,10,1,0.028
pgsphere,"",2,11,0,0.027
pgsphere,"",2,12,1,0.027
pgsphere,"",2,13,0,0.028
pgsphere,"",2,14,1,0.029
pgsphere,"",2,15,0,0.046
pgsphere,"",2,16,1,0.044
pgsphere,"",2,17,0,0.032
pgsphere,"",2,18,1,0.037
pgsphere,"",2,19,0,0.031
pgsphere,"",2,20,1,0.029
pgsphere,"",2,21,0,0.027
pgsphere,"",2,22,1,0.046
pgsphere,"",2,23,0,0.025
pgsphere,"",2,24,1,0.033
pgsphere,"",2,25,0,0.025
pgsphere,"",2,26,1,0.029
pgsphere,"",2,27,0,0.028
pgsphere,"",2,28,1,0.031
pgsphere,"",2,29,0,0.028
pgsphere,"",2,30,1,0.027
pgsphere,"",2,31,0,0.025
pgsphere,"",2,32,1,0.026
pgsphere,"",2,33,0,0.024
pgsphere,"",2,34,1,0.033
pgsphere,"",2,35,0,0.022
pgsphere,"",2,36,1,0.039
pgsphere,"",2,37,0,0.028
pgsphere,"",2,38,1,0.029
pgsphere,"",2,39,0,0.043
pgsphere,"",2,40,1,0.035
pgsphere,"",2,41,0,0.036
pgsphere,"",2,42,1,0.03
pgsphere,"",2,43,0,0.032
pgsphere,"",2,44,1,0.033
pgsphere,"",2,45,0,0.03
pgsphere,"",2,46,1,0.032
pgsphere,"",2,47,0,0.027
pgsphere,"",2,48,1,0.028
pgsphere,"",2,49,0,0.031
pgsphere,"",2,50,1,0.028
pgsphere,"",2,51,0,0.023
pgsphere,"",2,52,1,0.025
pgsphere,"",2,53,0,0.03
pgsphere,"",2,54,1,0.029
pgsphere,"",2,55,0,0.026
pgsphere,"",2,56,1,0.03
pgsphere,"",2,57,0,0.028
pgsphere,"",2,58,1,0.027
pgsphere,"",2,59,0,0.028
pgsphere,"",2,60,1,0.031
pgsphere,"",2,61,0,0.031
pgsphere,"",2,62,1,0.04
pgsphere,"",2,63,0,0.027
pgsphere,"",2,64,1,0.031
pgsphere,"",2,65,0,0.025
pgsphere,"",2,66,1,0.033
pgsphere,"",2,67,0,0.029
pgsphere,"",2,68,1,0.029
pgsphere,"",2,69,0,0.022
pgsphere,"",2,70,1,0.027
pgsphere,"",2,71,0,0.033
pgsphere,"",2,72,1,0.029
pgsphere,"",2,73,0,0.026
pgsphere,"",2,74,1,0.029
pgsphere,"",2,75,0,0.024
pgsphere,"",2,76,1,0.035
pgsphere,"",2,77,0,0.025
pgsphere,"",2,78,1,0.03
pgsphere,"",2,79,0,0.024
pgsphere,"",2,80,1,0.033
pgsphere,"",2,81,0,0.028
pgsphere,"",2,82,1,0.025
pgsphere,"",2,83,0,0.031
pgsphere,"",2,84,1,0.026
pgsphere,"",2,85,0,0.027
pgsphere,"",2,86,1,0.027
pgsphere,"",2,87,0,0.031
pgsphere,"",2,88,1,0.03
pgsphere,"",2,89,0,0.025
pgsphere,"",2,90,1,0.033
pgsphere,"",2,91,0,0.026
pgsphere,"",2,92,1,0.026
pgsphere,"",2,93,0,0.029
pgsphere,"",2,94,1,0.027
pgsphere,"",2,95,0,0.032
pgsphere,"",2,96,1,0.035
pgsphere,"",2,97,0,0.028
pgsphere,"",2,98,1,0.027
pgsphere,"",2,99,0,0.027
pgsphere,"",2,100,1,0.024
pgsphere,"",2,101,0,0.023
pgsphere,"",2,102,1,0.026
pgsphere,"",2,103,0,0.031
pgsphere,"",2,104,1,0.03
pgsphere,"",2,105,0,0.036
pgsphere,"",2,106,1,0.037
pgsphere,"",2,107,0,0.033
pgsphere,"",2,108,1,0.026
pgsphere,"",2,109,0,0.024
pgsphere,"",2,110,1,0.026
pgsphere,"",2,111,0,0.024
pgsphere,"",2,112,1,0.033
pgsphere,"",2,113,0,0.023
pgsphere,"",2,114,1,0.036
pgsphere,"",2,115,0,0.033
pgsphere,"",2,116,1,0.03
pgsphere,"",2,117,0,0.03
pgsphere,"",2,118,1,0.041
pgsphere,"",2,119,0,0.024
pgsphere,"",2,120,1,0.032
pgsphere,"",2,121,0,0.033
pgsphere,"",2,122,1,0.026
pgsphere,"",2,123,0,0.025
pgsphere,"",2,124,1,0.037
pgsphere,"",2,125,0,0.029
pgsphere,"",2,126,1,0.03
pgsphere,"",2,127,0,0.029
pgsphere,"",2,128,1,0.025
pgsphere,"",2,129,0,0.023
pgsphere,"",2,130,1,0.032
pgsphere,"",2,131,0,0.023
pgsphere,"",2,132,1,0.028
pgsphere,"",2,133,0,0.026
pgsphere,"",2,134,1,0.025
pgsphere,"",2,135,0,0.025
pgsphere,"",2,136,1,0.033
pgsphere,"",2,137,0,0.024
pgsphere,"",2,138,1,0.036
pgsphere,"",2,139,0,0.026
pgsphere,"",2,140,1,0.025
pgsphere,"",2,141,0,0.023
pgsphere,"",2,142,1,0.039
pgsphere,"",2,143,0,0.023
pgsphere,"",2,144,1,0.029
pgsphere,"",2,145,0,0.03
pgsphere,"",2,146,1,0.026
pgsphere,"",2,147,0,0.024
pgsphere,"",2,148,1,0.033
pgsphere,"",2,149,0,0.032
pgsphere,"",2,150,1,0.031
pgsphere,"",2,151,0,0.028
pgsphere,"",2,152,1,0.029
pgsphere,"",2,153,0,0.03
pgsphere,"",2,154,1,0.027
pgsphere,"",2,155,0,0.026
pgsphere,"",2,156,1,0.027
pgsphere,"",2,157,0,0.024
pgsphere,"",2,158,1,0.032
pgsphere,"",2,159,0,0.03
pgsphere,"",2,160,1,0.035
pgsphere,"",2,161,0,0.033
pgsphere,"",2,162,1,0.04
pgsphere,"",2,163,0,0.029
pgsphere,"",2,164,1,0.028
pgsphere,"",2,165,0,0.022
pgsphere,"",2,166,1,0.024
pgsphere,"",2,167,0,0.03
pgsphere,"",2,168,1,0.039
pgsphere,"",2,169,0,0.029
pgsphere,"",2,170,1,0.035
pgsphere,"",2,171,0,0.023
pgsphere,"",2,172,1,0.034
pgsphere,"",2,173,0,0.024
pgsphere,"",2,174,1,0.036
pgsphere,"",2,175,0,0.026
pgsphere,"",2,176,1,0.025
pgsphere,"",2,177,0,0.025
pgsphere,"",2,178,1,0.023
pgsphere,"",2,179,0,0.025
pgsphere,"",2,180,1,0.024
pgsphere,"",2,181,0,0.026
pgsphere,"",2,182,1,0.033
pgsphere,"",2,183,0,0.027
pgsphere,"",2,184,1,0.034
pgsphere,"",2,185,0,0.025
pgsphere,"",2,186,1,0.025
pgsphere,"",2,187,0,0.025
pgsphere,"",2,188,1,0.026
pgsphere,"",2,189,0,0.033
pgsphere,"",2,190,1,0.027
pgsphere,"",2,191,0,0.023
pgsphere,"",2,192,1,0.026
pgsphere,"",2,193,0,0.023
pgsphere,"",2,194,1,0.028
pgsphere,"",2,195,0,0.025
pgsphere,"",2,196,1,0.027
pgsphere,"",2,197,0,0.027
pgsphere,"",2,198,1,0.029
pgsphere,"",2,199,0,0.024
pgsphere,"",2,200,1,0.025
pgsphere,"",2,201,0,0.026
pgsphere,"",2,202,1,0.029
pgsphere,"",2,203,0,0.023
pgsphere,"",2,204,1,0.028
pgsphere,"",2,205,0,0.028
pgsphere,"",2,206,1,0.037
pgsphere,"",2,207,0,0.026
pgsphere,"",2,208,1,0.028
pgsphere,"",2,209,0,0.027
pgsphere,"",2,210,1,0.033
pgsphere,"",2,211,0,0.024
pgsphere,"",2,212,1,0.027
pgsphere,"",2,213,0,0.024
pgsphere,"",2,214,1,0.028
pgsphere,"",2,215,0,0.027
pgsphere,"",2,216,1,0.027
pgsphere,"",2,217,0,0.026
pgsphere,"",2,218,1,0.028
pgsphere,"",2,219,0,0.035
pgsphere,"",2,220,1,0.031
pgsphere,"",2,221,0,0.027
pgsphere,"",2,222,1,0.026
pgsphere,"",2,223,0,0.04
pgsphere,"",2,224,1,0.025
pgsphere,"",2,225,0,0.031
pgsphere,"",2,226,1,0.027
pgsphere,"",2,227,0,0.026
pgsphere,"",2,228,1,0.025
pgsphere,"",2,229,0,0.025
pgsphere,"",2,230,1,0.03
pgsphere,"",2,231,0,0.024
pgsphere,"",2,232,1,0.03
pgsphere,"",2,233,0,0.024
pgsphere,"",2,234,1,0.04
pgsphere,"",2,235,0,0.03
pgsphere,"",2,236,1,0.027
pgsphere,"",2,237,0,0.03
pgsphere,"",2,238,1,0.028
pgsphere,"",2,239,0,0.038
pgsphere,"",2,240,1,0.032
pgsphere,"",2,241,0,0.031
pgsphere,"",2,242,1,0.033
pgsphere,"",2,243,0,0.026
pgsphere,"",2,244,1,0.028
pgsphere,"",2,245,0,0.023
pgsphere,"",2,246,1,0.035
pgsphere,"",2,247,0,0.029
pgsphere,"",2,248,1,0.036
pgsphere,"",2,249,0,0.032
pgsphere,"",2,250,1,0.033
pgsphere,"",2,251,0,0.026
pgsphere,"",2,252,1,0.023
pgsphere,"",2,253,0,0.027
pgsphere,"",2,254,1,0.031
pgsphere,"",2,255,0,0.023
pgsphere,"",2,256,1,0.024
pgsphere,"",2,257,0,0.026
pgsphere,"",2,258,1,0.026
pgsphere,"",2,259,0,0.024
pgsphere,"",2,260,1,0.028
pgsphere,"",2,261,0,0.025
pgsphere,"",2,262,1,0.027
pgsphere,"",2,263,0,0.028
pgsphere,"",2,264,1,0.028
pgsphere,"",2,265,0,0.029
pgsphere,"",2,266,1,0.028
pgsphere,"",2,267,0,0.027
pgsphere,"",2,268,1,0.035
pgsphere,"",2,269,0,0.029
pgsphere,"",2,270,1,0.024
pgsphere,"",2,271,0,0.025
pgsphere,"",2,272,1,0.024
pgsphere,"",2,273,0,0.031
pgsphere,"",2,274,1,0.029
pgsphere,"",2,275,0,0.03
pgsphere,"",2,276,1,0.025
pgsphere,"",2,277,0,0.031
pgsphere,"",2,278,1,0.029
pgsphere,"",2,279,0,0.03
pgsphere,"",2,280,1,0.027
pgsphere,"",2,281,0,0.023
pgsphere,"",2,282,1,0.032
pgsphere,"",2,283,0,0.031
pgsphere,"",2,284,1,0.024
pgsphere,"",2,285,0,0.021
pgsphere,"",2,286,1,0.034
pgsphere,"",2,287,0,0.029
pgsphere,"",2,288,1,0.03
pgsphere,"",2,289,0,0.028
pgsphere,"",2,290,1,0.031
pgsphere,"",2,291,0,0.029
pgsphere,"",2,292,1,0.023
pgsphere,"",2,293,0,0.024
pgsphere,"",2,294,1,0.029
pgsphere,"",2,295,0,0.026
pgsphere,"",2,296,1,0.025
pgsphere,"",2,297,0,0.025
pgsphere,"",2,298,1,0.025
pgsphere,"",2,299,0,0.028
pgsphere,"",2,300,1,0.025
pgsphere,"",2,301,0,0.027
pgsphere,"",2,302,1,0.026
pgsphere,"",2,303,0,0.031
pgsphere,"",2,304,1,0.025
pgsphere,"",2,305,0,0.026
pgsphere,"",2,306,1,0.03
pgsphere,"",2,307,0,0.026
pgsphere,"",2,308,1,0.034
pgsphere,"",2,309,0,0.024
pgsphere,"",2,310,1,0.025
pgsphere,"",2,311,0,0.029
pgsphere,"",2,312,1,0.027
pgsphere,"",2,313,0,0.027
pgsphere,"",2,314,1,0.026
pgsphere,"",2,315,0,0.026
pgsphere,"",2,316,1,0.029
pgsphere,"",2,317,0,0.025
pgsphere,"",2,318,1,0.026
pgsphere,"",2,319,0,0.023
pgsphere,"",2,320,1,0.037
pgsphere,"",2,321,0,0.028
pgsphere,"",2,322,1,0.028
pgsphere,"",2,323,0,0.026
pgsphere,"",2,324,1,0.03
pgsphere,"",2,325,0,0.025
pgsphere,"",2,326,1,0.024
pgsphere,"",2,327,0,0.027
pgsphere,"",2,328,1,0.026
pgsphere,"",2,329,0,0.037
pgsphere,"",2,330,1,0.032
pgsphere,"",2,331,0,0.024
pgsphere,"",2,332,1,0.028
pgsphere,"",2,333,0,0.024
pgsphere,"",2,334,1,0.026
pgsphere,"",2,335,0,0.025
pgsphere,"",2,336,1,0.032
pgsphere,"",2,337,0,0.023
pgsphere,"",2,338,1,0.026
pgsphere,"",2,339,0,0.025
pgsphere,"",2,340,1,0.028
pgsphere,"",2,341,0,0.027
pgsphere,"",2,342,1,0.025
pgsphere,"",2,343,0,0.031
pgsphere,"",2,344,1,0.027
pgsphere,"",2,345,0,0.026
pgsphere,"",2,346,1,0.027
pgsphere,"",2,347,0,0.034
pgsphere,"",2,348,1,0.029
pgsphere,"",2,349,0,0.026
pgsphere,"",2,350,1,0.027
pgsphere,"",2,351,0,0.023
pgsphere,"",2,352,1,0.027
pgsphere,"",2,353,0,0.033
pgsphere,"",2,354,1,0.027
pgsphere,"",2,355,0,0.026
pgsphere,"",2,356,1,0.026
pgsphere,"",2,357,0,0.025
pgsphere,"",2,358,1,0.028
pgsphere,"",2,359,0,0.025
pgsphere,"",2,360,1,0.031
pgsphere,"",2,361,0,0.028
pgsphere,"",2,362,1,0.041
pgsphere,"",2,363,0,0.031
pgsphere,"",2,364,1,0.027
pgsphere,"",2,365,0,0.024
pgsphere,"",2,366,1,0.025
pgsphere,"",2,367,0,0.032
pgsphere,"",2,368,1,0.038
pgsphere,"",2,369,0,0.025
pgsphere,"",2,370,1,0.032
pgsphere,"",2,371,0,0.022
pgsphere,"",2,372,1,0.025
pgsphere,"",2,373,0,0.023
pgsphere,"",2,374,1,0.029
pgsphere,"",2,375,0,0.029
pgsphere,"",2,376,1,0.034
pgsphere,"",2,377,0,0.024
pgsphere,"",2,378,1,0.023
pgsphere,"",2,379,0,0.026
pgsphere,"",2,380,1,0.025
pgsphere,"",2,381,0,0.031
pgsphere,"",2,382,1,0.034
pgsphere,"",2,383,0,0.025
pgsphere,"",2,384,1,0.032
pgsphere,"",2,385,0,0.026
pgsphere,"",2,386,1,0.026
pgsphere,"",2,387,0,0.026
pgsphere,"",2,388,1,0.031
pgsphere,"",2,389,0,0.02
pgsphere,"",2,390,1,0.033
pgsphere,"",2,391,0,0.033
pgsphere,"",2,392,1,0.03
pgsphere,"",2,393,0,0.022
pgsphere,"",2,394,1,0.027
pgsphere,"",2,395,0,0.024
pgsphere,"",2,396,1,0.028
pgsphere,"",2,397,0,0.024
pgsphere,"",2,398,1,0.029
pgsphere,"",2,399,0,0.026
pgsphere,"",2,400,1,0.027
pgsphere,"",2,401,0,0.023
pgsphere,"",2,402,1,0.025
pgsphere,"",2,403,0,0.024
pgsphere,"",2,404,1,0.029
pgsphere,"",2,405,0,0.031
pgsphere,"",2,406,1,0.03
pgsphere,"",2,407,0,0.029
pgsphere,"",2,408,1,0.024
pgsphere,"",2,409,0,0.027
pgsphere,"",2,410,1,0.025
pgsphere,"",2,411,0,0.036
pgsphere,"",2,412,1,0.024
pgsphere,"",2,413,0,0.033
pgsphere,"",2,414,1,0.027
pgsphere,"",2,415,0,0.024
pgsphere,"",2,416,1,0.028
pgsphere,"",2,417,0,0.027
pgsphere,"",2,418,1,0.03
pgsphere,"",2,419,0,0.027
pgsphere,"",2,420,1,0.025
pgsphere,"",2,421,0,0.033
pgsphere,"",2,422,1,0.028
pgsphere,"",2,423,0,0.032
pgsphere,"",2,424,1,0.027
pgsphere,"",2,425,1,0.026
pgsphere,"",2,426,1,0.026
pgsphere,"",2,427,0,0.027
pgsphere,"",2,428,1,0.025
pgsphere,"",2,429,0,0.028
pgsphere,"",2,430,1,0.028
pgsphere,"",2,431,0,0.025
pgsphere,"",2,432,1,0.028
pgsphere,"",2,433,0,0.023
pgsphere,"",2,434,1,0.028
pgsphere,"",2,435,0,0.026
pgsphere,"",2,436,1,0.029
pgsphere,"",2,437,0,0.029
pgsphere,"",2,438,1,0.033
pgsphere,"",2,439,0,0.034
pgsphere,"",2,440,1,0.025
pgsphere,"",2,441,0,0.024
pgsphere,"",2,442,1,0.025
pgsphere,"",2,443,0,0.02
pgsphere,"",2,444,1,0.025
pgsphere,"",2,445,0,0.028
pgsphere,"",2,446,1,0.036
pgsphere,"",2,447,0,0.025
pgsphere,"",2,448,1,0.031
pgsphere,"",2,449,0,0.023
pgsphere,"",2,450,1,0.027
pgsphere,"",2,451,0,0.029
pgsphere,"",2,452,1,0.026
pgsphere,"",2,453,0,0.028
pgsphere,"",2,454,1,0.025
pgsphere,"",2,455,0,0.029
pgsphere,"",2,456,1,0.026
pgsphere,"",2,457,0,0.028
pgsphere,"",2,458,1,0.023
pgsphere,"",2,459,0,0.023
pgsphere,"",2,460,1,0.025
pgsphere,"",2,461,0,0.023
pgsphere,"",2,462,1,0.025
pgsphere,"",2,463,0,0.024
pgsphere,"",2,464,1,0.031
pgsphere,"",2,465,0,0.023
pgsphere,"",2,466,1,0.031
pgsphere,"",2,467,0,0.029
pgsphere,"",2,468,2,0.027
pgsphere,"",2,469,0,0.035
pgsphere,"",2,470,1,0.028
pgsphere,"",2,471,0,0.027
pgsphere,"",2,472,1,0.033
pgsphere,"",2,473,0,0.024
pgsphere,"",2,474,1,0.025
pgsphere,"",2,475,0,0.024
pgsphere,"",2,476,1,0.029
pgsphere,"",2,477,0,0.026
pgsphere,"",2,478,1,0.025
pgsphere,"",2,479,0,0.027
pgsphere,"",2,480,1,0.026
pgsphere,"",2,481,0,0.034
pgsphere,"",2,482,1,0.03
pgsphere,"",2,483,0,0.023
pgsphere,"",2,484,1,0.024
pgsphere,"",2,485,0,0.022
pgsphere,"",2,486,1,0.03
pgsphere,"",2,487,0,0.031
pgsphere,"",2,488,1,0.026
pgsphere,"",2,489,0,0.031
pgsphere,"",2,490,1,0.037
pgsphere,"",2,491,0,0.027
pgsphere,"",2,492,1,0.022
pgsphere,"",2,493,0,0.023
pgsphere,"",2,494,1,0.028
pgsphere,"",2,495,0,0.022
pgsphere,"",2,496,1,0.026
pgsphere,"",2,497,0,0.024
pgsphere,"",2,498,1,0.028
pgsphere,"",2,499,0,0.025
pgsphere,"",2,500,1,0.026
pgsphere,"",2,501,0,0.03
pgsphere,"",2,502,1,0.031
pgsphere,"",2,503,0,0.033
pgsphere,"",2,504,1,0.028
pgsphere,"",2,505,0,0.026
pgsphere,"",2,506,2,0.032
pgsphere,"",2,507,0,0.032
pgsphere,"",2,508,1,0.025
pgsphere,"",2,509,0,0.028
pgsphere,"",2,510,1,0.028
pgsphere,"",2,511,0,0.024
pgsphere,"",2,512,1,0.023
pgsphere,"",2,513,0,0.022
pgsphere,"",2,514,1,0.024
pgsphere,"",2,515,0,0.027
pgsphere,"",2,516,1,0.036
pgsphere,"",2,517,0,0.024
pgsphere,"",2,518,1,0.024
pgsphere,"",2,519,0,0.024
pgsphere,"",2,520,1,0.024
pgsphere,"",2,521,0,0.023
pgsphere,"",2,522,1,0.028
pgsphere,"",2,523,0,0.029
pgsphere,"",2,524,1,0.03
pgsphere,"",2,525,0,0.024
pgsphere,"",2,526,1,0.038
pgsphere,"",2,527,0,0.029
pgsphere,"",2,528,1,0.031
pgsphere,"",2,529,0,0.026
pgsphere,"",2,530,1,0.03
pgsphere,"",2,531,0,0.029
pgsphere,"",2,532,1,0.038
pgsphere,"",2,533,0,0.027
pgsphere,"",2,534,1,0.028
pgsphere,"",2,535,0,0.026
pgsphere,"",2,536,1,0.026
pgsphere,"",2,537,0,0.034
pgsphere,"",2,538,1,0.031
pgsphere,"",2,539,0,0.023
pgsphere,"",2,540,1,0.03
pgsphere,"",2,541,0,0.022
pgsphere,"",2,542,1,0.032
pgsphere,"",2,543,0,0.024
pgsphere,"",2,544,1,0.024
pgsphere,"",2,545,0,0.031
pgsphere,"",2,546,1,0.024
pgsphere,"",2,547,0,0.024
pgsphere,"",2,548,1,0.034
pgsphere,"",2,549,0,0.039
pgsphere,"",2,550,1,0.037
pgsphere,"",2,551,0,0.024
pgsphere,"",2,552,1,0.03
pgsphere,"",2,553,0,0.025
pgsphere,"",2,554,1,0.035
pgsphere,"",2,555,0,0.029
pgsphere,"",2,556,1,0.029
pgsphere,"",2,557,0,0.023
pgsphere,"",2,558,1,0.026
pgsphere,"",2,559,0,0.024
pgsphere,"",2,560,1,0.025
pgsphere,"",2,561,0,0.024
pgsphere,"",2,562,1,0.026
pgsphere,"",2,563,0,0.029
pgsphere,"",2,564,1,0.028
pgsphere,"",2,565,0,0.028
pgsphere,"",2,566,1,0.03
pgsphere,"",2,567,0,0.028
pgsphere,"",2,568,1,0.023
pgsphere,"",2,569,0,0.025
pgsphere,"",2,570,1,0.03
pgsphere,"",2,571,0,0.029
pgsphere,"",2,572,13,0.043
pgsphere,"",2,573,0,0.022
pgsphere,"",2,574,1,0.026
pgsphere,"",2,575,0,0.032
pgsphere,"",2,576,1,0.033
pgsphere,"",2,577,0,0.032
pgsphere,"",2,578,2,0.036
pgsphere,"",2,579,0,0.024
pgsphere,"",2,580,1,0.024
pgsphere,"",2,581,0,0.028
pgsphere,"",2,582,1,0.025
pgsphere,"",2,583,0,0.036
pgsphere,"",2,584,1,0.026
pgsphere,"",2,585,0,0.024
pgsphere,"",2,586,1,0.025
pgsphere,"",2,587,0,0.03
pgsphere,"",2,588,1,0.024
pgsphere,"",2,589,0,0.026
pgsphere,"",2,590,1,0.029
pgsphere,"",2,591,0,0.028
pgsphere,"",2,592,1,0.033
pgsphere,"",2,593,0,0.027
pgsphere,"",2,594,1,0.024
pgsphere,"",2,595,0,0.026
pgsphere,"",2,596,1,0.025
pgsphere,"",2,597,0,0.025
pgsphere,"",2,598,1,0.032
pgsphere,"",2,599,0,0.023
pgsphere,"",2,600,1,0.024
pgsphere,"",2,601,0,0.027
pgsphere,"",2,602,1,0.025
pgsphere,"",2,603,0,0.024
pgsphere,"",2,604,2,0.028
pgsphere,"",2,605,0,0.025
pgsphere,"",2,606,18,0.03
pgsphere,"",2,607,0,0.024
pgsphere,"",2,608,1,0.026
pgsphere,"",2,609,0,0.024
pgsphere,"",2,610,1,0.03
pgsphere,"",2,611,0,0.026
pgsphere,"",2,612,1,0.031
pgsphere,"",2,613,0,0.027
pgsphere,"",2,614,1,0.032
pgsphere,"",2,615,0,0.037
pgsphere,"",2,616,1,0.023
pgsphere,"",2,617,0,0.027
pgsphere,"",2,618,1,0.038
pgsphere,"",2,619,0,0.026
pgsphere,"",2,620,1,0.029
pgsphere,"",2,621,0,0.022
pgsphere,"",2,622,1,0.027
pgsphere,"",2,623,0,0.021
pgsphere,"",2,624,1,0.029
pgsphere,"",2,625,0,0.021
pgsphere,"",2,626,1,0.025
pgsphere,"",2,627,0,0.022
pgsphere,"",2,628,1,0.029
pgsphere,"",2,629,0,0.028
pgsphere,"",2,630,1,0.024
pgsphere,"",2,631,0,0.031
pgsphere,"",2,632,1,0.028
pgsphere,"",2,633,0,0.025
pgsphere,"",2,634,1,0.03
pgsphere,"",2,635,0,0.028
pgsphere,"",2,636,1,0.024
pgsphere,"",2,637,1,0.026
pgsphere,"",2,638,1,0.029
pgsphere,"",2,639,0,0.028
pgsphere,"",2,640,1,0.024
pgsphere,"",2,641,0,0.023
pgsphere,"",2,642,1,0.023
pgsphere,"",2,643,0,0.024
pgsphere,"",2,644,1,0.027
pgsphere,"",2,645,0,0.024
pgsphere,"",2,646,1,0.024
pgsphere,"",2,647,0,0.025
pgsphere,"",2,648,1,0.028
pgsphere,"",2,649,0,0.035
pgsphere,"",2,650,1,0.03
pgsphere,"",2,651,0,0.028
pgsphere,"",2,652,1,0.03
pgsphere,"",2,653,0,0.029
pgsphere,"",2,654,1,0.039
pgsphere,"",2,655,0,0.026
pgsphere,"",2,656,1,0.025
pgsphere,"",2,657,0,0.026
pgsphere,"",2,658,11,0.032
pgsphere,"",2,659,0,0.027
pgsphere,"",2,660,1,0.031
pgsphere,"",2,661,0,0.029
pgsphere,"",2,662,1,0.035
pgsphere,"",2,663,0,0.026
pgsphere,"",2,664,1,0.03
pgsphere,"",2,665,0,0.031
pgsphere,"",2,666,1,0.025
pgsphere,"",2,667,0,0.023
pgsphere,"",2,668,1,0.028
pgsphere,"",2,669,0,0.029
pgsphere,"",2,670,1,0.027
pgsphere,"",2,671,0,0.023
pgsphere,"",2,672,2,0.034
pgsphere,"",2,673,0,0.031
pgsphere,"",2,674,1,0.024
pgsphere,"",2,675,0,0.025
pgsphere,"",2,676,1,0.031
pgsphere,"",2,677,0,0.027
pgsphere,"",2,678,1,0.027
pgsphere,"",2,679,0,0.023
pgsphere,"",2,680,1,0.029
pgsphere,"",2,681,0,0.029
pgsphere,"",2,682,1,0.025
pgsphere,"",2,683,0,0.02
pgsphere,"",2,684,1,0.026
pgsphere,"",2,685,0,0.028
pgsphere,"",2,686,1,0.027
pgsphere,"",2,687,0,0.026
pgsphere,"",2,688,11,0.046
pgsphere,"",2,689,0,0.027
pgsphere,"",2,690,1,0.024
pgsphere,"",2,691,0,0.022
pgsphere,"",2,692,1,0.026
pgsphere,"",2,693,0,0.024
pgsphere,"",2,694,1,0.024
pgsphere,"",2,695,0,0.021
pgsphere,"",2,696,1,0.024
pgsphere,"",2,697,0,0.022
pgsphere,"",2,698,1,0.024
pgsphere,"",2,699,0,0.029
pgsphere,"",2,700,1,0.025
pgsphere,"",2,701,0,0.023
pgsphere,"",2,702,2,0.037
pgsphere,"",2,703,0,0.023
pgsphere,"",2,704,1,0.025
pgsphere,"",2,705,0,0.024
pgsphere,"",2,706,1,0.028
pgsphere,"",2,707,0,0.025
pgsphere,"",2,708,1,0.026
pgsphere,"",2,709,0,0.025
pgsphere,"",2,710,1,0.026
pgsphere,"",2,711,0,0.023
pgsphere,"",2,712,1,0.026
pgsphere,"",2,713,0,0.025
pgsphere,"",2,714,1,0.026
pgsphere,"",2,715,0,0.024
pgsphere,"",2,716,1,0.028
pgsphere,"",2,717,0,0.031
pgsphere,"",2,718,1,0.028
pgsphere,"",2,719,0,0.028
pgsphere,"",2,720,1,0.023
pgsphere,"",2,721,0,0.023
pgsphere,"",2,722,1,0.035
pgsphere,"",2,723,0,0.026
pgsphere,"",2,724,1,0.023
pgsphere,"",2,725,0,0.029
pgsphere,"",2,726,1,0.023
pgsphere,"",2,727,0,0.028
pgsphere,"",2,728,1,0.028
pgsphere,"",2,729,0,0.024
pgsphere,"",2,730,1,0.025
pgsphere,"",2,731,0,0.026
pgsphere,"",2,732,1,0.025
pgsphere,"",2,733,0,0.027
pgsphere,"",2,734,1,0.028
pgsphere,"",2,735,0,0.023
pgsphere,"",2,736,1,0.025
pgsphere,"",2,737,0,0.027
pgsphere,"",2,738,1,0.029
pgsphere,"",2,739,0,0.025
pgsphere,"",2,740,1,0.025
pgsphere,"",2,741,0,0.024
pgsphere,"",2,742,1,0.032
pgsphere,"",2,743,0,0.03
pgsphere,"",2,744,1,0.03
pgsphere,"",2,745,0,0.032
pgsphere,"",2,746,1,0.028
pgsphere,"",2,747,0,0.026
pgsphere,"",2,748,1,0.026
pgsphere,"",2,749,0,0.023
pgsphere,"",2,750,1,0.03
pgsphere,"",2,751,0,0.02
pgsphere,"",2,752,1,0.023
pgsphere,"",2,753,0,0.024
pgsphere,"",2,754,1,0.032
pgsphere,"",2,755,0,0.023
pgsphere,"",2,756,2,0.026
pgsphere,"",2,757,0,0.021
pgsphere,"",2,758,1,0.028
pgsphere,"",2,759,0,0.024
pgsphere,"",2,760,1,0.035
pgsphere,"",2,761,0,0.025
pgsphere,"",2,762,1,0.03
pgsphere,"",2,763,0,0.029
pgsphere,"",2,764,1,0.025
pgsphere,"",2,765,0,0.024
pgsphere,"",2,766,1,0.026
pgsphere,"",2,767,0,0.025
pgsphere,"",2,768,1,0.029
pgsphere,"",2,769,0,0.036
pgsphere,"",2,770,3,0.031
pgsphere,"",2,771,0,0.025
pgsphere,"",2,772,1,0.025
pgsphere,"",2,773,0,0.024
pgsphere,"",2,774,1,0.024
pgsphere,"",2,775,0,0.032
pgsphere,"",2,776,1,0.033
pgsphere,"",2,777,0,0.024
pgsphere,"",2,778,1,0.025
pgsphere,"",2,779,0,0.023
pgsphere,"",2,780,1,0.025
pgsphere,"",2,781,0,0.026
pgsphere,"",2,782,1,0.026
pgsphere,"",2,783,0,0.024
pgsphere,"",2,784,1,0.028
pgsphere,"",2,785,0,0.024
pgsphere,"",2,786,1,0.028
pgsphere,"",2,787,0,0.024
pgsphere,"",2,788,1,0.032
pgsphere,"",2,789,0,0.028
pgsphere,"",2,790,1,0.028
pgsphere,"",2,791,0,0.023
pgsphere,"",2,792,1,0.028
pgsphere,"",2,793,0,0.026
pgsphere,"",2,794,1,0.023
pgsphere,"",2,795,0,0.022
pgsphere,"",2,796,1,0.03
pgsphere,"",2,797,0,0.024
pgsphere,"",2,798,1,0.028
pgsphere,"",2,799,0,0.023
pgsphere,"",2,800,1,0.025
pgsphere,"",2,801,0,0.025
pgsphere,"",2,802,2,0.024
pgsphere,"",2,803,0,0.028
pgsphere,"",2,804,1,0.025
pgsphere,"",2,805,0,0.023
pgsphere,"",2,806,2,0.033
pgsphere,"",2,807,0,0.026
pgsphere,"",2,808,3,0.034
pgsphere,"",2,809,0,0.029
pgsphere,"",2,810,1,0.029
pgsphere,"",2,811,1,0.028
pgsphere,"",2,812,1,0.024
pgsphere,"",2,813,0,0.023
pgsphere,"",2,814,1,0.024
pgsphere,"",2,815,0,0.023
pgsphere,"",2,816,2,0.036
pgsphere,"",2,817,0,0.024
pgsphere,"",2,818,1,0.024
pgsphere,"",2,819,0,0.022
pgsphere,"",2,820,4,0.03
pgsphere,"",2,821,0,0.028
pgsphere,"",2,822,199,0.077
pgsphere,"",2,823,0,0.03
pgsphere,"",2,824,2,0.036
pgsphere,"",2,825,0,0.029
pgsphere,"",2,826,1,0.027
pgsphere,"",2,827,0,0.028
pgsphere,"",2,828,1,0.027
pgsphere,"",2,829,1,0.024
pgsphere,"",2,830,2,0.047
pgsphere,"",2,831,1,0.028
pgsphere,"",2,832,1,0.022
pgsphere,"",2,833,0,0.024
pgsphere,"",2,834,1,0.028
pgsphere,"",2,835,0,0.028
pgsphere,"",2,836,8,0.039
pgsphere,"",2,837,0,0.027
pgsphere,"",2,838,1,0.029
pgsphere,"",2,839,0,0.025
pgsphere,"",2,840,2,0.025
pgsphere,"",2,841,0,0.023
pgsphere,"",2,842,1,0.027
pgsphere,"",2,843,0,0.024
pgsphere,"",2,844,1,0.025
pgsphere,"",2,845,0,0.023
pgsphere,"",2,846,1,0.025
pgsphere,"",2,847,0,0.027
pgsphere,"",2,848,1,0.039
pgsphere,"",2,849,0,0.024
pgsphere,"",2,850,1,0.03
pgsphere,"",2,851,0,0.024
pgsphere,"",2,852,2,0.041
pgsphere,"",2,853,0,0.031
pgsphere,"",2,854,2,0.03
pgsphere,"",2,855,0,0.029
pgsphere,"",2,856,3,0.027
pgsphere,"",2,857,0,0.025
pgsphere,"",2,858,8,0.03
pgsphere,"",2,859,0,0.03
pgsphere,"",2,860,1,0.025
pgsphere,"",2,861,0,0.028
pgsphere,"",2,862,3,0.032
pgsphere,"",2,863,0,0.038
pgsphere,"",2,864,359,0.14
pgsphere,"",2,865,0,0.025
pgsphere,"",2,866,2,0.03
pgsphere,"",2,867,0,0.023
pgsphere,"",2,868,2,0.027
pgsphere,"",2,869,0,0.026
pgsphere,"",2,870,1,0.024
pgsphere,"",2,871,0,0.024
pgsphere,"",2,872,3,0.03
pgsphere,"",2,873,0,0.023
pgsphere,"",2,874,5,0.027
pgsphere,"",2,875,0,0.03
pgsphere,"",2,876,3,0.031
pgsphere,"",2,877,0,0.029
pgsphere,"",2,878,1,0.027
pgsphere,"",2,879,0,0.026
pgsphere,"",2,880,1,0.027
pgsphere,"",2,881,0,0.02
pgsphere,"",2,882,1,0.035
pgsphere,"",2,883,0,0.023
pgsphere,"",2,884,3,0.032
pgsphere,"",2,885,1,0.031
pgsphere,"",2,886,4,0.029
pgsphere,"",2,887,0,0.027
pgsphere,"",2,888,1,0.026
pgsphere,"",2,889,0,0.029
pgsphere,"",2,890,2,0.036
pgsphere,"",2,891,3,0.028
pgsphere,"",2,892,1,0.026
pgsphere,"",2,893,3,0.046
pgsphere,"",2,894,2,0.024
pgsphere,"",2,895,0,0.026
pgsphere,"",2,896,1,0.023
pgsphere,"",2,897,0,0.024
pgsphere,"",2,898,2,0.026
pgsphere,"",2,899,0,0.026
pgsphere,"",2,900,1,0.029
pgsphere,"",2,901,0,0.024
pgsphere,"",2,902,3,0.03
pgsphere,"",2,903,0,0.025
pgsphere,"",2,904,2,0.035
pgsphere,"",2,905,0,0.032
pgsphere,"",2,906,4,0.031
pgsphere,"",2,907,1,0.032
pgsphere,"",2,908,3,0.028
pgsphere,"",2,909,0,0.023
pgsphere,"",2,910,5,0.03
pgsphere,"",2,911,0,0.023
pgsphere,"",2,912,1,0.028
pgsphere,"",2,913,0,0.026
pgsphere,"",2,914,1,0.024
pgsphere,"",2,915,0,0.033
pgsphere,"",2,916,1,0.025
pgsphere,"",2,917,0,0.02
pgsphere,"",2,918,1,0.024
pgsphere,"",2,919,0,0.026
pgsphere,"",2,920,1,0.025
pgsphere,"",2,921,0,0.023
pgsphere,"",2,922,1,0.022
pgsphere,"",2,923,0,0.027
pgsphere,"",2,924,4,0.032
pgsphere,"",2,925,0,0.023
pgsphere,"",2,926,2,0.025
pgsphere,"",2,927,0,0.025
pgsphere,"",2,928,48,0.053
pgsphere,"",2,929,0,0.024
pgsphere,"",2,930,4,0.045
pgsphere,"",2,931,0,0.03
pgsphere,"",2,932,2,0.032
pgsphere,"",2,933,2,0.029
pgsphere,"",2,934,2,0.036
pgsphere,"",2,935,0,0.022
pgsphere,"",2,936,5,0.033
pgsphere,"",2,937,2,0.024
pgsphere,"",2,938,1,0.026
pgsphere,"",2,939,0,0.023
pgsphere,"",2,940,2,0.028
pgsphere,"",2,941,0,0.024
pgsphere,"",2,942,4,0.032
pgsphere,"",2,943,0,0.025
pgsphere,"",2,944,1,0.036
pgsphere,"",2,945,0,0.028
pgsphere,"",2,946,4,0.025
pgsphere,"",2,947,0,0.029
pgsphere,"",2,948,2,0.029
pgsphere,"",2,949,0,0.024
pgsphere,"",2,950,1,0.027
pgsphere,"",2,951,0,0.027
pgsphere,"",2,952,1,0.025
pgsphere,"",2,953,0,0.027
pgsphere,"",2,954,1,0.03
pgsphere,"",2,955,0,0.031
pgsphere,"",2,956,1,0.025
pgsphere,"",2,957,0,0.025
pgsphere,"",2,958,1,0.023
pgsphere,"",2,959,0,0.029
pgsphere,"",2,960,1,0.029
pgsphere,"",2,961,0,0.028
pgsphere,"",2,962,2,0.03
pgsphere,"",2,963,0,0.023
pgsphere,"",2,964,3,0.027
pgsphere,"",2,965,0,0.023
pgsphere,"",2,966,1,0.023
pgsphere,"",2,967,0,0.022
pgsphere,"",2,968,2,0.023
pgsphere,"",2,969,0,0.027
pgsphere,"",2,970,18,0.031
pgsphere,"",2,971,2,0.025
pgsphere,"",2,972,2,0.025
pgsphere,"",2,973,0,0.023
pgsphere,"",2,974,3,0.028
pgsphere,"",2,975,0,0.03
pgsphere,"",2,976,3,0.033
pgsphere,"",2,977,1,0.027
pgsphere,"",2,978,1,0.024
pgsphere,"",2,979,0,0.023
pgsphere,"",2,980,1,0.024
pgsphere,"",2,981,0,0.027
pgsphere,"",2,982,7,0.028
pgsphere,"",2,983,0,0.029
pgsphere,"",2,984,2,0.029
pgsphere,"",2,985,0,0.029
pgsphere,"",2,986,5,0.026
pgsphere,"",2,987,0,0.023
pgsphere,"",2,988,1,0.028
pgsphere,"",2,989,0,0.022
pgsphere,"",2,990,6,0.029
pgsphere,"",2,991,0,0.032
pgsphere,"",2,992,1,0.03
pgsphere,"",2,993,0,0.023
pgsphere,"",2,994,1,0.026
pgsphere,"",2,995,0,0.022
pgsphere,"",2,996,5,0.028
pgsphere,"",2,997,0,0.024
pgsphere,"",2,998,5,0.032
pgsphere,"",2,999,0,0.023
pgsphere,"",2,1000,1,0.032
pgsphere,"",2,1001,0,0.023
pgsphere,"",2,1002,1,0.025
pgsphere,"",2,1003,0,0.035
pgsphere,"",2,1004,1,0.029
pgsphere,"",2,1005,0,0.026
pgsphere,"",2,1006,3,0.027
pgsphere,"",2,1007,1,0.023
pgsphere,"",2,1008,2,0.026
pgsphere,"",2,1009,0,0.026
pgsphere,"",2,1010,2,0.029
pgsphere,"",2,1011,0,0.023
pgsphere,"",2,1012,1,0.024
pgsphere,"",2,1013,1,0.035
pgsphere,"",2,1014,2,0.031
pgsphere,"",2,1015,0,0.024
pgsphere,"",2,1016,1,0.023
pgsphere,"",2,1017,0,0.025
pgsphere,"",2,1018,3,0.026
pgsphere,"",2,1019,0,0.029
pgsphere,"",2,1020,1,0.026
pgsphere,"",2,1021,0,0.023
pgsphere,"",2,1022,1,0.023
pgsphere,"",2,1023,0,0.024
pgsphere,"",2,1024,1,0.023
pgsphere,"",2,1025,0,0.031
pgsphere,"",2,1026,1,0.024
pgsphere,"",2,1027,0,0.036
pgsphere,"",2,1028,4,0.032
pgsphere,"",2,1029,0,0.03
pgsphere,"",2,1030,1,0.023
pgsphere,"",2,1031,0,0.025
pgsphere,"",2,1032,1,0.024
pgsphere,"",2,1033,0,0.023
pgsphere,"",2,1034,2,0.03
pgsphere,"",2,1035,0,0.022
pgsphere,"",2,1036,1,0.035
pgsphere,"",2,1037,0,0.031
pgsphere,"",2,1038,1,0.036
pgsphere,"",2,1039,0,0.03
pgsphere,"",2,1040,1,0.033
pgsphere,"",2,1041,0,0.032
pgsphere,"",2,1042,1,0.031
pgsphere,"",2,1043,0,0.042
pgsphere,"",2,1044,1,0.036
pgsphere,"",2,1045,1,0.033
pgsphere,"",2,1046,3,0.023
pgsphere,"",2,1047,0,0.03
pgsphere,"",2,1048,1,0.034
pgsphere,"",2,1049,0,0.031
pgsphere,"",2,1050,3,0.03
pgsphere,"",2,1051,0,0.023
pgsphere,"",2,1052,1,0.026
pgsphere,"",2,1053,0,0.023
pgsphere,"",2,1054,1,0.025
pgsphere,"",2,1055,0,0.024
pgsphere,"",2,1056,1,0.026
pgsphere,"",2,1057,0,0.021
pgsphere,"",2,1058,64,0.06
pgsphere,"",2,1059,0,0.026
pgsphere,"",2,1060,1,0.026
pgsphere,"",2,1061,0,0.031
pgsphere,"",2,1062,1,0.036
pgsphere,"",2,1063,0,0.025
pgsphere,"",2,1064,6,0.028
pgsphere,"",2,1065,2,0.041
pgsphere,"",2,1066,2,0.024
pgsphere,"",2,1067,0,0.023
pgsphere,"",2,1068,2,0.027
pgsphere,"",2,1069,0,0.023
pgsphere,"",2,1070,4,0.027
pgsphere,"",2,1071,0,0.024
pgsphere,"",2,1072,3,0.029
pgsphere,"",2,1073,0,0.028
pgsphere,"",2,1074,1,0.024
pgsphere,"",2,1075,0,0.022
pgsphere,"",2,1076,1,0.022
pgsphere,"",2,1077,0,0.035
pgsphere,"",2,1078,1,0.029
pgsphere,"",2,1079,1,0.028
pgsphere,"",2,1080,2,0.027
pgsphere,"",2,1081,0,0.023
pgsphere,"",2,1082,2,0.023
pgsphere,"",2,1083,0,0.026
pgsphere,"",2,1084,1,0.027
pgsphere,"",2,1085,0,0.034
pgsphere,"",2,1086,2,0.026
pgsphere,"",2,1087,0,0.027
pgsphere,"",2,1088,2,0.03
pgsphere,"",2,1089,0,0.024
pgsphere,"",2,1090,5,0.033
pgsphere,"",2,1091,0,0.028
pgsphere,"",2,1092,2,0.027
pgsphere,"",2,1093,0,0.029
pgsphere,"",2,1094,2,0.028
pgsphere,"",2,1095,0,0.026
pgsphere,"",2,1096,1,0.027
pgsphere,"",2,1097,0,0.022
pgsphere,"",2,1098,1,0.024
pgsphere,"",2,1099,1,0.026
pgsphere,"",2,1100,7,0.037
pgsphere,"",2,1101,1,0.034
pgsphere,"",2,1102,3,0.032
pgsphere,"",2,1103,11,0.031
pgsphere,"",2,1104,2,0.028
pgsphere,"",2,1105,1,0.026
pgsphere,"",2,1106,59,0.046
pgsphere,"",2,1107,3,0.026
pgsphere,"",2,1108,36,0.034
pgsphere,"",2,1109,3,0.024
pgsphere,"",2,1110,27,0.041
pgsphere,"",2,1111,3,0.03
pgsphere,"",2,1112,5,0.025
pgsphere,"",2,1113,2,0.028
pgsphere,"",2,1114,123,0.054
pgsphere,"",2,1115,4,0.029
pgsphere,"",2,1116,137,0.078
pgsphere,"",2,1117,11,0.037
pgsphere,"",2,1118,107,0.055
pgsphere,"",2,1119,14,0.032
pgsphere,"",2,1120,158,0.061
pgsphere,"",2,1121,2,0.027
pgsphere,"",2,1122,21,0.041
pgsphere,"",2,1123,2,0.027
pgsphere,"",2,1124,4,0.025
pgsphere,"",2,1125,3,0.028
pgsphere,"",2,1126,18,0.03
pgsphere,"",2,1127,3,0.023
pgsphere,"",2,1128,6,0.035
pgsphere,"",2,1129,21,0.032
pgsphere,"",2,1130,8,0.025
pgsphere,"",2,1131,2,0.024
pgsphere,"",2,1132,88,0.052
pgsphere,"",2,1133,15,0.031
pgsphere,"",2,1134,1,0.026
pgsphere,"",2,1135,3,0.032
pgsphere,"",2,1136,29,0.045
pgsphere,"",2,1137,0,0.024
pgsphere,"",2,1138,2,0.025
pgsphere,"",2,1139,1,0.026
pgsphere,"",2,1140,6,0.03
pgsphere,"",2,1141,8,0.036
pgsphere,"",2,1142,2,0.029
pgsphere,"",2,1143,4,0.029
pgsphere,"",2,1144,75,0.041
pgsphere,"",2,1145,4,0.025
pgsphere,"",2,1146,22,0.041
pgsphere,"",2,1147,2,0.03
pgsphere,"",2,1148,6,0.035
pgsphere,"",2,1149,9,0.032
pgsphere,"",2,1150,66,0.069
pgsphere,"",2,1151,1,0.032
pgsphere,"",2,1152,34,0.04
pgsphere,"",2,1153,4,0.024
pgsphere,"",2,1154,45,0.037
pgsphere,"",2,1155,3,0.029
pgsphere,"",2,1156,466,0.138
pgsphere,"",2,1157,1,0.028
pgsphere,"",2,1158,49,0.036
pgsphere,"",2,1159,2,0.026
pgsphere,"",2,1160,42,0.038
pgsphere,"",2,1161,4,0.029
pgsphere,"",2,1162,3,0.025
pgsphere,"",2,1163,6,0.027
pgsphere,"",2,1164,3,0.023
pgsphere,"",2,1165,12,0.034
pgsphere,"",2,1166,20,0.036
pgsphere,"",2,1167,4,0.031
pgsphere,"",2,1168,930,0.221
pgsphere,"",2,1169,46,0.045
pgsphere,"",2,1170,5,0.033
pgsphere,"",2,1171,1,0.034
pgsphere,"",2,1172,6,0.037
pgsphere,"",2,1173,3,0.03
pgsphere,"",2,1174,4,0.029
pgsphere,"",2,1175,1,0.027
pgsphere,"",2,1176,16,0.04
pgsphere,"",2,1177,2,0.025
pgsphere,"",2,1178,10,0.035
pgsphere,"",2,1179,4,0.028
pgsphere,"",2,1180,13,0.035
pgsphere,"",2,1181,2,0.023
pgsphere,"",2,1182,52,0.051
pgsphere,"",2,1183,7,0.026
pgsphere,"",2,1184,4,0.028
pgsphere,"",2,1185,1,0.029
pgsphere,"",2,1186,48,0.042
pgsphere,"",2,1187,3,0.031
pgsphere,"",2,1188,3,0.031
pgsphere,"",2,1189,3,0.033
pgsphere,"",2,1190,2,0.037
pgsphere,"",2,1191,1,0.036
pgsphere,"",2,1192,137,0.07
pgsphere,"",2,1193,2,0.031
pgsphere,"",2,1194,3,0.027
pgsphere,"",2,1195,2,0.033
pgsphere,"",2,1196,8,0.024
pgsphere,"",2,1197,1,0.03
pgsphere,"",2,1198,49,0.039
pgsphere,"",2,1199,4,0.025
pgsphere,"",2,1200,55,0.051
pgsphere,"",2,1201,2,0.035
pgsphere,"",2,1202,6,0.033
pgsphere,"",2,1203,48,0.049
pgsphere,"",2,1204,8,0.031
pgsphere,"",2,1205,0,0.026
pgsphere,"",2,1206,63,0.051
pgsphere,"",2,1207,8,0.04
pgsphere,"",2,1208,10,0.031
pgsphere,"",2,1209,2,0.03
pgsphere,"",2,1210,8,0.028
pgsphere,"",2,1211,0,0.026
pgsphere,"",2,1212,72,0.047
pgsphere,"",2,1213,2,0.037
pgsphere,"",2,1214,26,0.043
pgsphere,"",2,1215,1,0.029
pgsphere,"",2,1216,33,0.042
pgsphere,"",2,1217,2,0.024
pgsphere,"",2,1218,4,0.029
pgsphere,"",2,1219,5,0.027
pgsphere,"",2,1220,70,0.047
pgsphere,"",2,1221,0,0.025
pgsphere,"",2,1222,3834,0.561
pgsphere,"",2,1223,1,0.028
pgsphere,"",2,1224,5,0.025
pgsphere,"",2,1225,11,0.041
pgsphere,"",2,1226,3,0.031
pgsphere,"",2,1227,4,0.026
pgsphere,"",2,1228,1616,0.314
pgsphere,"",2,1229,11,0.037
pgsphere,"",2,1230,1,0.025
pgsphere,"",2,1231,1,0.029
pgsphere,"",2,1232,170,0.073
pgsphere,"",2,1233,2,0.03
pgsphere,"",2,1234,3,0.025
pgsphere,"",2,1235,2,0.029
pgsphere,"",2,1236,32,0.031
pgsphere,"",2,1237,2,0.031
pgsphere,"",2,1238,4,0.028
pgsphere,"",2,1239,6,0.035
pgsphere,"",2,1240,40,0.059
pgsphere,"",2,1241,3,0.032
pgsphere,"",2,1242,11,0.044
pgsphere,"",2,1243,51,0.05
pgsphere,"",2,1244,66,0.049
pgsphere,"",2,1245,1,0.032
pgsphere,"",2,1246,3,0.024
pgsphere,"",2,1247,0,0.029
pgsphere,"",2,1248,106,0.064
pgsphere,"",2,1249,11,0.036
pgsphere,"",2,1250,29,0.033
pgsphere,"",2,1251,2,0.024
pgsphere,"",2,1252,79,0.047
pgsphere,"",2,1253,4,0.029
pgsphere,"",2,1254,118,0.058
pgsphere,"",2,1255,47,0.057
pgsphere,"",2,1256,4009,0.61
pgsphere,"",2,1257,74,0.067
pgsphere,"",2,1258,4,0.028
pgsphere,"",2,1259,1,0.026
pgsphere,"",2,1260,5,0.033
pgsphere,"",2,1261,99,0.05
pgsphere,"",2,1262,140,0.066
pgsphere,"",2,1263,2,0.025
pgsphere,"",2,1264,74,0.044
pgsphere,"",2,1265,1,0.031
pgsphere,"",2,1266,21,0.035
pgsphere,"",2,1267,3,0.027
pgsphere,"",2,1268,3,0.032
pgsphere,"",2,1269,3,0.028
pgsphere,"",2,1270,22,0.034
pgsphere,"",2,1271,14,0.041
pgsphere,"",2,1272,19,0.037
pgsphere,"",2,1273,4,0.026
pgsphere,"",2,1274,730,0.184
pgsphere,"",2,1275,61,0.047
pgsphere,"",2,1276,3,0.025
pgsphere,"",2,1277,2,0.027
pgsphere,"",2,1278,139,0.069
pgsphere,"",2,1279,0,0.029
pgsphere,"",2,1280,87,0.063
pgsphere,"",2,1281,3,0.038
pgsphere,"",2,1282,77,0.047
pgsphere,"",2,1283,4,0.032
pgsphere,"",2,1284,47,0.046
pgsphere,"",2,1285,36,0.044
pgsphere,"",2,1286,2,0.025
pgsphere,"",2,1287,7,0.025
pgsphere,"",2,1288,4,0.029
pgsphere,"",2,1289,1,0.023
pgsphere,"",2,1290,175,0.068
pgsphere,"",2,1291,2,0.029
pgsphere,"",2,1292,65,0.043
pgsphere,"",2,1293,4,0.027
pgsphere,"",2,1294,59,0.036
pgsphere,"",2,1295,2,0.031
pgsphere,"",2,1296,5,0.027
pgsphere,"",2,1297,1,0.042
pgsphere,"",2,1298,9,0.031
pgsphere,"",2,1299,3,0.026
pgsphere,"",2,1300,81,0.045
pgsphere,"",2,1301,115,0.059
pgsphere,"",2,1302,528,0.171
pgsphere,"",2,1303,144,0.072
pgsphere,"",2,1304,1562,0.375
pgsphere,"",2,1305,53,0.046
pgsphere,"",2,1306,1632,0.422
pgsphere,"",2,1307,103,0.063
pgsphere,"",2,1308,85,0.052
pgsphere,"",2,1309,72,0.04
pgsphere,"",2,1310,68,0.045
pgsphere,"",2,1311,63,0.042
pgsphere,"",2,1312,66,0.062
pgsphere,"",2,1313,51,0.047
pgsphere,"",2,1314,69,0.047
pgsphere,"",2,1315,475,0.164
pgsphere,"",2,1316,397,0.149
pgsphere,"",2,1317,71,0.068
pgsphere,"",2,1318,800,0.207
pgsphere,"",2,1319,64,0.055
pgsphere,"",2,1320,73,0.059
pgsphere,"",2,1321,75,0.065
pgsphere,"",2,1322,69,0.068
pgsphere,"",2,1323,77,0.059
pgsphere,"",2,1324,2294,0.509
pgsphere,"",2,1325,84,0.055
pgsphere,"",2,1326,752,0.231
pgsphere,"",2,1327,72,0.054
pgsphere,"",2,1328,879,0.279
pgsphere,"",2,1329,81,0.046
pgsphere,"",2,1330,1598,0.351
pgsphere,"",2,1331,61,0.044
pgsphere,"",2,1332,69,0.051
pgsphere,"",2,1333,67,0.046
pgsphere,"",2,1334,736,0.184
pgsphere,"",2,1335,311,0.126
pgsphere,"",2,1336,1019,0.238
pgsphere,"",2,1337,81,0.055
pgsphere,"",2,1338,1099,0.27
pgsphere,"",2,1339,122,0.058
pgsphere,"",2,1340,1284,0.306
pgsphere,"",2,1341,56,0.044
pgsphere,"",2,1342,65,0.049
pgsphere,"",2,1343,61,0.046
pgsphere,"",2,1344,57,0.042
pgsphere,"",2,1345,63,0.05
pgsphere,"",2,1346,553,0.148
pgsphere,"",2,1347,68,0.063
pgsphere,"",2,1348,63,0.058
pgsphere,"",2,1349,216,0.108
pgsphere,"",2,1350,75,0.046
pgsphere,"",2,1351,69,0.058
pgsphere,"",2,1352,157,0.078
pgsphere,"",2,1353,211,0.083
pgsphere,"",2,1354,136,0.064
pgsphere,"",2,1355,47,0.05
pgsphere,"",2,1356,660,0.155
pgsphere,"",2,1357,70,0.053
pgsphere,"",2,1358,66,0.045
pgsphere,"",2,1359,68,0.046
pgsphere,"",2,1360,674,0.198
pgsphere,"",2,1361,67,0.051
pgsphere,"",2,1362,61,0.04
pgsphere,"",2,1363,60,0.049
pgsphere,"",2,1364,2512,0.493
pgsphere,"",2,1365,65,0.043
pgsphere,"",2,1366,65,0.044
pgsphere,"",2,1367,60,0.051
pgsphere,"",2,1368,60,0.055
pgsphere,"",2,1369,163,0.075
pgsphere,"",2,1370,4069,0.782
pgsphere,"",2,1371,77,0.045
pgsphere,"",2,1372,601,0.16
pgsphere,"",2,1373,49,0.05
pgsphere,"",2,1374,70,0.047
pgsphere,"",2,1375,73,0.056
pgsphere,"",2,1376,495,0.17
pgsphere,"",2,1377,63,0.062
pgsphere,"",2,1378,1356,0.376
pgsphere,"",2,1379,79,0.044
pgsphere,"",2,1380,1572,0.391
pgsphere,"",2,1381,47,0.048
pgsphere,"",2,1382,75,0.05
pgsphere,"",2,1383,65,0.051
pgsphere,"",2,1384,77,0.043
pgsphere,"",2,1385,1227,0.285
pgsphere,"",2,1386,1589,0.418
pgsphere,"",2,1387,79,0.053
pgsphere,"",2,1388,898,0.211
pgsphere,"",2,1389,69,0.047
pgsphere,"",2,1390,710,0.2
pgsphere,"",2,1391,77,0.06
pgsphere,"",2,1392,67,0.045
pgsphere,"",2,1393,66,0.069
pgsphere,"",2,1394,3504,0.78
pgsphere,"",2,1395,64,0.052
pgsphere,"",2,1396,3600,0.696
pgsphere,"",2,1397,59,0.061
pgsphere,"",2,1398,2926,0.553
pgsphere,"",2,1399,66,0.05
pgsphere,"",2,1400,4002,0.801
pgsphere,"",2,1401,297,0.114
pgsphere,"",2,1402,254,0.084
pgsphere,"",2,1403,324,0.109
pgsphere,"",2,1404,1369,0.346
pgsphere,"",2,1405,265,0.089
pgsphere,"",2,1406,1108,0.305
pgsphere,"",2,1407,276,0.093
pgsphere,"",2,1408,4152,0.813
pgsphere,"",2,1409,297,0.117
pgsphere,"",2,1410,306,0.09
pgsphere,"",2,1411,748,0.177
pgsphere,"",2,1412,265,0.091
pgsphere,"",2,1413,280,0.103
pgsphere,"",2,1414,1101,0.317
pgsphere,"",2,1415,251,0.101
pgsphere,"",2,1416,9129,1.773
pgsphere,"",2,1417,272,0.103
pgsphere,"",2,1418,5071,1.195
pgsphere,"",2,1419,271,0.084
pgsphere,"",2,1420,5690,1.016
pgsphere,"",2,1421,233,0.116
pgsphere,"",2,1422,4433,0.854
pgsphere,"",2,1423,260,0.11
pgsphere,"",2,1424,3126,0.747
pgsphere,"",2,1425,3145,0.623
pgsphere,"",2,1426,302,0.097
pgsphere,"",2,1427,255,0.084
pgsphere,"",2,1428,3905,0.977
pgsphere,"",2,1429,1284,0.322
pgsphere,"",2,1430,1294,0.329
pgsphere,"",2,1431,289,0.109
pgsphere,"",2,1432,268,0.087
pgsphere,"",2,1433,901,0.214
pgsphere,"",2,1434,277,0.099
pgsphere,"",2,1435,1243,0.33
pgsphere,"",2,1436,1021,0.278
pgsphere,"",2,1437,298,0.087
pgsphere,"",2,1438,4191,0.593
pgsphere,"",2,1439,307,0.098
pgsphere,"",2,1440,269,0.105
pgsphere,"",2,1441,2336,0.489
pgsphere,"",2,1442,2435,0.591
pgsphere,"",2,1443,2502,0.472
pgsphere,"",2,1444,35019,6.509
pgsphere,"",2,1445,11114,2.236
pgsphere,"",2,1446,6517,0.945
pgsphere,"",2,1447,2340,0.433
pgsphere,"",2,1448,147516,21.131
pgsphere,"",2,1449,2525,0.577
pgsphere,"",2,1450,43516,6.718
pgsphere,"",2,1451,2330,0.424
pgsphere,"",2,1452,26649,4.941
pgsphere,"",2,1453,2324,0.424
pgsphere,"",2,1454,22109,4.638
pgsphere,"",2,1455,2386,0.456
pgsphere,"",2,1456,18819,3.729
skycell,use_stats=off,1,1,0,0.555
skycell,use_stats=off,1,2,1,0.071
skycell,use_stats=off,1,3,0,0.045
skycell,use_stats=off,1,4,1,0.085
skycell,use_stats=off,1,5,0,0.043
skycell,use_stats=off,1,6,1,0.047
skycell,use_stats=off,1,7,0,0.03
skycell,use_stats=off,1,8,1,0.03
skycell,use_stats=off,1,9,0,0.031
skycell,use_stats=off,1,10,1,0.031
skycell,use_stats=off,1,11,0,0.029
skycell,use_stats=off,1,12,1,0.052
skycell,use_stats=off,1,13,0,0.026
skycell,use_stats=off,1,14,1,0.03
skycell,use_stats=off,1,15,0,0.025
skycell,use_stats=off,1,16,1,0.04
skycell,use_stats=off,1,17,0,0.034
skycell,use_stats=off,1,18,1,0.034
skycell,use_stats=off,1,19,0,0.028
skycell,use_stats=off,1,20,1,0.027
skycell,use_stats=off,1,21,0,0.026
skycell,use_stats=off,1,22,1,0.035
skycell,use_stats=off,1,23,0,0.031
skycell,use_stats=off,1,24,1,0.03
skycell,use_stats=off,1,25,0,0.025
skycell,use_stats=off,1,26,1,0.03
skycell,use_stats=off,1,27,0,0.026
skycell,use_stats=off,1,28,1,0.03
skycell,use_stats=off,1,29,0,0.025
skycell,use_stats=off,1,30,1,0.036
skycell,use_stats=off,1,31,0,0.038
skycell,use_stats=off,1,32,1,0.036
skycell,use_stats=off,1,33,0,0.025
skycell,use_stats=off,1,34,1,0.028
skycell,use_stats=off,1,35,0,0.024
skycell,use_stats=off,1,36,1,0.029
skycell,use_stats=off,1,37,0,0.041
skycell,use_stats=off,1,38,1,0.027
skycell,use_stats=off,1,39,0,0.026
skycell,use_stats=off,1,40,1,0.029
skycell,use_stats=off,1,41,0,0.025
skycell,use_stats=off,1,42,1,0.027
skycell,use_stats=off,1,43,0,0.034
skycell,use_stats=off,1,44,1,0.031
skycell,use_stats=off,1,45,0,0.033
skycell,use_stats=off,1,46,1,0.036
skycell,use_stats=off,1,47,0,0.031
skycell,use_stats=off,1,48,1,0.028
skycell,use_stats=off,1,49,0,0.026
skycell,use_stats=off,1,50,1,0.042
skycell,use_stats=off,1,51,0,0.032
skycell,use_stats=off,1,52,1,0.026
skycell,use_stats=off,1,53,0,0.025
skycell,use_stats=off,1,54,1,0.032
skycell,use_stats=off,1,55,0,0.033
skycell,use_stats=off,1,56,1,0.026
skycell,use_stats=off,1,57,0,0.027
skycell,use_stats=off,1,58,1,0.033
skycell,use_stats=off,1,59,0,0.026
skycell,use_stats=off,1,60,1,0.03
skycell,use_stats=off,1,61,0,0.034
skycell,use_stats=off,1,62,1,0.052
skycell,use_stats=off,1,63,0,0.027
skycell,use_stats=off,1,64,1,0.032
skycell,use_stats=off,1,65,0,0.024
skycell,use_stats=off,1,66,1,0.028
skycell,use_stats=off,1,67,0,0.03
skycell,use_stats=off,1,68,1,0.027
skycell,use_stats=off,1,69,0,0.028
skycell,use_stats=off,1,70,1,0.026
skycell,use_stats=off,1,71,0,0.024
skycell,use_stats=off,1,72,1,0.027
skycell,use_stats=off,1,73,0,0.03
skycell,use_stats=off,1,74,1,0.036
skycell,use_stats=off,1,75,0,0.028
skycell,use_stats=off,1,76,1,0.035
skycell,use_stats=off,1,77,0,0.056
skycell,use_stats=off,1,78,1,0.028
skycell,use_stats=off,1,79,0,0.025
skycell,use_stats=off,1,80,1,0.027
skycell,use_stats=off,1,81,0,0.024
skycell,use_stats=off,1,82,1,0.025
skycell,use_stats=off,1,83,0,0.12
skycell,use_stats=off,1,84,1,0.034
skycell,use_stats=off,1,85,0,0.024
skycell,use_stats=off,1,86,1,0.024
skycell,use_stats=off,1,87,0,0.025
skycell,use_stats=off,1,88,1,0.026
skycell,use_stats=off,1,89,0,0.033
skycell,use_stats=off,1,90,1,0.026
skycell,use_stats=off,1,91,0,0.03
skycell,use_stats=off,1,92,1,0.028
skycell,use_stats=off,1,93,0,0.025
skycell,use_stats=off,1,94,1,0.034
skycell,use_stats=off,1,95,0,0.023
skycell,use_stats=off,1,96,1,0.042
skycell,use_stats=off,1,97,0,0.027
skycell,use_stats=off,1,98,1,0.028
skycell,use_stats=off,1,99,0,0.024
skycell,use_stats=off,1,100,1,0.026
skycell,use_stats=off,1,101,0,0.024
skycell,use_stats=off,1,102,1,0.025
skycell,use_stats=off,1,103,0,0.027
skycell,use_stats=off,1,104,1,0.024
skycell,use_stats=off,1,105,0,0.024
skycell,use_stats=off,1,106,1,0.027
skycell,use_stats=off,1,107,0,0.023
skycell,use_stats=off,1,108,1,0.027
skycell,use_stats=off,1,109,0,0.031
skycell,use_stats=off,1,110,1,0.036
skycell,use_stats=off,1,111,0,0.061
skycell,use_stats=off,1,112,1,0.033
skycell,use_stats=off,1,113,0,0.026
skycell,use_stats=off,1,114,1,0.026
skycell,use_stats=off,1,115,0,0.025
skycell,use_stats=off,1,116,1,0.034
skycell,use_stats=off,1,117,0,0.024
skycell,use_stats=off,1,118,1,0.025
skycell,use_stats=off,1,119,0,0.025
skycell,use_stats=off,1,120,1,0.026
skycell,use_stats=off,1,121,0,0.024
skycell,use_stats=off,1,122,1,0.035
skycell,use_stats=off,1,123,0,0.032
skycell,use_stats=off,1,124,1,0.032
skycell,use_stats=off,1,125,0,0.033
skycell,use_stats=off,1,126,1,0.03
skycell,use_stats=off,1,127,0,0.033
skycell,use_stats=off,1,128,1,0.026
skycell,use_stats=off,1,129,0,0.028
skycell,use_stats=off,1,130,1,0.025
skycell,use_stats=off,1,131,0,0.027
skycell,use_stats=off,1,132,1,0.032
skycell,use_stats=off,1,133,0,0.024
skycell,use_stats=off,1,134,1,0.025
skycell,use_stats=off,1,135,0,0.024
skycell,use_stats=off,1,136,1,0.026
skycell,use_stats=off,1,137,0,0.021
skycell,use_stats=off,1,138,1,0.034
skycell,use_stats=off,1,139,0,0.024
skycell,use_stats=off,1,140,1,0.026
skycell,use_stats=off,1,141,0,0.032
skycell,use_stats=off,1,142,1,0.034
skycell,use_stats=off,1,143,0,0.026
skycell,use_stats=off,1,144,1,0.032
skycell,use_stats=off,1,145,0,0.023
skycell,use_stats=off,1,146,1,0.062
skycell,use_stats=off,1,147,0,0.024
skycell,use_stats=off,1,148,1,0.025
skycell,use_stats=off,1,149,0,0.024
skycell,use_stats=off,1,150,1,0.033
skycell,use_stats=off,1,151,0,0.023
skycell,use_stats=off,1,152,1,0.025
skycell,use_stats=off,1,153,0,0.024
skycell,use_stats=off,1,154,1,0.024
skycell,use_stats=off,1,155,0,0.024
skycell,use_stats=off,1,156,1,0.036
skycell,use_stats=off,1,157,0,0.03
skycell,use_stats=off,1,158,1,0.024
skycell,use_stats=off,1,159,0,0.027
skycell,use_stats=off,1,160,1,0.026
skycell,use_stats=off,1,161,0,0.023
skycell,use_stats=off,1,162,1,0.026
skycell,use_stats=off,1,163,0,0.028
skycell,use_stats=off,1,164,1,0.025
skycell,use_stats=off,1,165,0,0.029
skycell,use_stats=off,1,166,1,0.026
skycell,use_stats=off,1,167,0,0.023
skycell,use_stats=off,1,168,1,0.032
skycell,use_stats=off,1,169,0,0.032
skycell,use_stats=off,1,170,1,0.026
skycell,use_stats=off,1,171,0,0.024
skycell,use_stats=off,1,172,1,0.026
skycell,use_stats=off,1,173,0,0.034
skycell,use_stats=off,1,174,1,0.024
skycell,use_stats=off,1,175,0,0.024
skycell,use_stats=off,1,176,1,0.025
skycell,use_stats=off,1,177,0,0.032
skycell,use_stats=off,1,178,1,0.036
skycell,use_stats=off,1,179,0,0.031
skycell,use_stats=off,1,180,1,0.026
skycell,use_stats=off,1,181,0,0.023
skycell,use_stats=off,1,182,1,0.024
skycell,use_stats=off,1,183,0,0.03
skycell,use_stats=off,1,184,1,0.044
skycell,use_stats=off,1,185,0,0.024
skycell,use_stats=off,1,186,1,0.026
skycell,use_stats=off,1,187,0,0.024
skycell,use_stats=off,1,188,1,0.025
skycell,use_stats=off,1,189,0,0.031
skycell,use_stats=off,1,190,1,0.032
skycell,use_stats=off,1,191,0,0.031
skycell,use_stats=off,1,192,1,0.034
skycell,use_stats=off,1,193,0,0.031
skycell,use_stats=off,1,194,1,0.039
skycell,use_stats=off,1,195,0,0.023
skycell,use_stats=off,1,196,1,0.025
skycell,use_stats=off,1,197,0,0.077
skycell,use_stats=off,1,198,1,0.025
skycell,use_stats=off,1,199,0,0.024
skycell,use_stats=off,1,200,1,0.034
skycell,use_stats=off,1,201,0,0.023
skycell,use_stats=off,1,202,1,0.041
skycell,use_stats=off,1,203,0,0.022
skycell,use_stats=off,1,204,1,0.03
skycell,use_stats=off,1,205,0,0.024
skycell,use_stats=off,1,206,1,0.032
skycell,use_stats=off,1,207,0,0.025
skycell,use_stats=off,1,208,1,0.028
skycell,use_stats=off,1,209,0,0.034
skycell,use_stats=off,1,210,1,0.026
skycell,use_stats=off,1,211,0,0.026
skycell,use_stats=off,1,212,1,0.025
skycell,use_stats=off,1,213,0,0.024
skycell,use_stats=off,1,214,1,0.031
skycell,use_stats=off,1,215,0,0.025
skycell,use_stats=off,1,216,1,0.033
skycell,use_stats=off,1,217,0,0.023
skycell,use_stats=off,1,218,1,0.033
skycell,use_stats=off,1,219,0,0.031
skycell,use_stats=off,1,220,1,0.032
skycell,use_stats=off,1,221,0,0.023
skycell,use_stats=off,1,222,1,0.033
skycell,use_stats=off,1,223,0,0.032
skycell,use_stats=off,1,224,1,0.025
skycell,use_stats=off,1,225,0,0.025
skycell,use_stats=off,1,226,1,0.024
skycell,use_stats=off,1,227,0,0.03
skycell,use_stats=off,1,228,1,0.024
skycell,use_stats=off,1,229,0,0.023
skycell,use_stats=off,1,230,1,0.032
skycell,use_stats=off,1,231,0,0.028
skycell,use_stats=off,1,232,1,0.026
skycell,use_stats=off,1,233,0,0.023
skycell,use_stats=off,1,234,1,0.025
skycell,use_stats=off,1,235,0,0.023
skycell,use_stats=off,1,236,1,0.023
skycell,use_stats=off,1,237,0,0.034
skycell,use_stats=off,1,238,1,0.033
skycell,use_stats=off,1,239,0,0.023
skycell,use_stats=off,1,240,1,0.028
skycell,use_stats=off,1,241,0,0.023
skycell,use_stats=off,1,242,1,0.024
skycell,use_stats=off,1,243,0,0.023
skycell,use_stats=off,1,244,1,0.029
skycell,use_stats=off,1,245,0,0.03
skycell,use_stats=off,1,246,1,0.025
skycell,use_stats=off,1,247,0,0.025
skycell,use_stats=off,1,248,1,0.026
skycell,use_stats=off,1,249,0,0.023
skycell,use_stats=off,1,250,1,0.023
skycell,use_stats=off,1,251,0,0.025
skycell,use_stats=off,1,252,1,0.023
skycell,use_stats=off,1,253,0,0.023
skycell,use_stats=off,1,254,1,0.025
skycell,use_stats=off,1,255,0,0.023
skycell,use_stats=off,1,256,1,0.029
skycell,use_stats=off,1,257,0,0.023
skycell,use_stats=off,1,258,1,0.023
skycell,use_stats=off,1,259,0,0.029
skycell,use_stats=off,1,260,1,0.024
skycell,use_stats=off,1,261,0,0.033
skycell,use_stats=off,1,262,1,0.032
skycell,use_stats=off,1,263,0,0.033
skycell,use_stats=off,1,264,1,0.027
skycell,use_stats=off,1,265,0,0.032
skycell,use_stats=off,1,266,1,0.033
skycell,use_stats=off,1,267,0,0.023
skycell,use_stats=off,1,268,1,0.024
skycell,use_stats=off,1,269,0,0.037
skycell,use_stats=off,1,270,1,0.025
skycell,use_stats=off,1,271,0,0.032
skycell,use_stats=off,1,272,1,0.027
skycell,use_stats=off,1,273,0,0.027
skycell,use_stats=off,1,274,1,0.026
skycell,use_stats=off,1,275,0,0.024
skycell,use_stats=off,1,276,1,0.025
skycell,use_stats=off,1,277,0,0.032
skycell,use_stats=off,1,278,1,0.024
skycell,use_stats=off,1,279,0,0.032
skycell,use_stats=off,1,280,1,0.025
skycell,use_stats=off,1,281,0,0.023
skycell,use_stats=off,1,282,1,0.024
skycell,use_stats=off,1,283,0,0.023
skycell,use_stats=off,1,284,1,0.029
skycell,use_stats=off,1,285,0,0.072
skycell,use_stats=off,1,286,1,0.026
skycell,use_stats=off,1,287,0,0.031
skycell,use_stats=off,1,288,1,0.026
skycell,use_stats=off,1,289,0,0.025
skycell,use_stats=off,1,290,1,0.025
skycell,use_stats=off,1,291,0,0.039
skycell,use_stats=off,1,292,1,0.03
skycell,use_stats=off,1,293,0,0.024
skycell,use_stats=off,1,294,1,0.025
skycell,use_stats=off,1,295,0,0.024
skycell,use_stats=off,1,296,1,0.024
skycell,use_stats=off,1,297,0,0.023
skycell,use_stats=off,1,298,1,0.024
skycell,use_stats=off,1,299,0,0.024
skycell,use_stats=off,1,300,1,0.024
skycell,use_stats=off,1,301,0,0.023
skycell,use_stats=off,1,302,1,0.025
skycell,use_stats=off,1,303,0,0.023
skycell,use_stats=off,1,304,1,0.032
skycell,use_stats=off,1,305,0,0.03
skycell,use_stats=off,1,306,1,0.025
skycell,use_stats=off,1,307,0,0.022
skycell,use_stats=off,1,308,1,0.024
skycell,use_stats=off,1,309,0,0.024
skycell,use_stats=off,1,310,1,0.024
skycell,use_stats=off,1,311,0,0.048
skycell,use_stats=off,1,312,1,0.033
skycell,use_stats=off,1,313,0,0.023
skycell,use_stats=off,1,314,1,0.025
skycell,use_stats=off,1,315,0,0.031
skycell,use_stats=off,1,316,1,0.032
skycell,use_stats=off,1,317,0,0.031
skycell,use_stats=off,1,318,1,0.025
skycell,use_stats=off,1,319,0,0.023
skycell,use_stats=off,1,320,1,0.025
skycell,use_stats=off,1,321,0,0.024
skycell,use_stats=off,1,322,1,0.022
skycell,use_stats=off,1,323,0,0.024
skycell,use_stats=off,1,324,1,0.034
skycell,use_stats=off,1,325,0,0.044
skycell,use_stats=off,1,326,1,0.035
skycell,use_stats=off,1,327,0,0.025
skycell,use_stats=off,1,328,1,0.024
skycell,use_stats=off,1,329,0,0.03
skycell,use_stats=off,1,330,1,0.024
skycell,use_stats=off,1,331,0,0.023
skycell,use_stats=off,1,332,1,0.025
skycell,use_stats=off,1,333,0,0.024
skycell,use_stats=off,1,334,1,0.025
skycell,use_stats=off,1,335,0,0.023
skycell,use_stats=off,1,336,1,0.025
skycell,use_stats=off,1,337,0,0.022
skycell,use_stats=off,1,338,1,0.024
skycell,use_stats=off,1,339,0,0.024
skycell,use_stats=off,1,340,1,0.031
skycell,use_stats=off,1,341,0,0.023
skycell,use_stats=off,1,342,1,0.026
skycell,use_stats=off,1,343,0,0.023
skycell,use_stats=off,1,344,1,0.026
skycell,use_stats=off,1,345,0,0.02
skycell,use_stats=off,1,346,1,0.03
skycell,use_stats=off,1,347,0,0.022
skycell,use_stats=off,1,348,1,0.034
skycell,use_stats=off,1,349,0,0.031
skycell,use_stats=off,1,350,1,0.025
skycell,use_stats=off,1,351,0,0.023
skycell,use_stats=off,1,352,1,0.026
skycell,use_stats=off,1,353,0,0.032
skycell,use_stats=off,1,354,1,0.032
skycell,use_stats=off,1,355,0,0.022
skycell,use_stats=off,1,356,1,0.034
skycell,use_stats=off,1,357,0,0.032
skycell,use_stats=off,1,358,1,0.028
skycell,use_stats=off,1,359,0,0.024
skycell,use_stats=off,1,360,1,0.025
skycell,use_stats=off,1,361,0,0.023
skycell,use_stats=off,1,362,1,0.024
skycell,use_stats=off,1,363,0,0.029
skycell,use_stats=off,1,364,1,0.033
skycell,use_stats=off,1,365,0,0.021
skycell,use_stats=off,1,366,1,0.023
skycell,use_stats=off,1,367,0,0.034
skycell,use_stats=off,1,368,1,0.022
skycell,use_stats=off,1,369,0,0.028
skycell,use_stats=off,1,370,1,0.03
skycell,use_stats=off,1,371,0,0.021
skycell,use_stats=off,1,372,1,0.026
skycell,use_stats=off,1,373,0,0.023
skycell,use_stats=off,1,374,1,0.024
skycell,use_stats=off,1,375,0,0.032
skycell,use_stats=off,1,376,1,0.023
skycell,use_stats=off,1,377,0,0.023
skycell,use_stats=off,1,378,1,0.033
skycell,use_stats=off,1,379,0,0.021
skycell,use_stats=off,1,380,1,0.023
skycell,use_stats=off,1,381,0,0.023
skycell,use_stats=off,1,382,1,0.031
skycell,use_stats=off,1,383,0,0.054
skycell,use_stats=off,1,384,1,0.029
skycell,use_stats=off,1,385,0,0.033
skycell,use_stats=off,1,386,1,0.035
skycell,use_stats=off,1,387,0,0.024
skycell,use_stats=off,1,388,1,0.033
skycell,use_stats=off,1,389,0,0.032
skycell,use_stats=off,1,390,1,0.032
skycell,use_stats=off,1,391,0,0.026
skycell,use_stats=off,1,392,1,0.025
skycell,use_stats=off,1,393,0,0.021
skycell,use_stats=off,1,394,1,0.027
skycell,use_stats=off,1,395,0,0.023
skycell,use_stats=off,1,396,1,0.025
skycell,use_stats=off,1,397,0,0.027
skycell,use_stats=off,1,398,1,0.026
skycell,use_stats=off,1,399,0,0.022
skycell,use_stats=off,1,400,1,0.033
skycell,use_stats=off,1,401,0,0.022
skycell,use_stats=off,1,402,1,0.025
skycell,use_stats=off,1,403,0,0.024
skycell,use_stats=off,1,404,1,0.038
skycell,use_stats=off,1,405,0,0.024
skycell,use_stats=off,1,406,1,0.025
skycell,use_stats=off,1,407,0,0.032
skycell,use_stats=off,1,408,1,0.056
skycell,use_stats=off,1,409,0,0.024
skycell,use_stats=off,1,410,1,0.034
skycell,use_stats=off,1,411,0,0.023
skycell,use_stats=off,1,412,1,0.024
skycell,use_stats=off,1,413,0,0.022
skycell,use_stats=off,1,414,1,0.024
skycell,use_stats=off,1,415,0,0.025
skycell,use_stats=off,1,416,1,0.026
skycell,use_stats=off,1,417,0,0.026
skycell,use_stats=off,1,418,1,0.031
skycell,use_stats=off,1,419,0,0.032
skycell,use_stats=off,1,420,1,0.022
skycell,use_stats=off,1,421,0,0.025
skycell,use_stats=off,1,422,1,0.025
skycell,use_stats=off,1,423,0,0.023
skycell,use_stats=off,1,424,1,0.037
skycell,use_stats=off,1,425,1,0.043
skycell,use_stats=off,1,426,1,0.024
skycell,use_stats=off,1,427,0,0.033
skycell,use_stats=off,1,428,1,0.027
skycell,use_stats=off,1,429,0,0.024
skycell,use_stats=off,1,430,1,0.024
skycell,use_stats=off,1,431,0,0.031
skycell,use_stats=off,1,432,1,0.026
skycell,use_stats=off,1,433,0,0.022
skycell,use_stats=off,1,434,1,0.026
skycell,use_stats=off,1,435,0,0.024
skycell,use_stats=off,1,436,1,0.026
skycell,use_stats=off,1,437,0,0.03
skycell,use_stats=off,1,438,1,0.03
skycell,use_stats=off,1,439,0,0.034
skycell,use_stats=off,1,440,1,0.028
skycell,use_stats=off,1,441,0,0.025
skycell,use_stats=off,1,442,1,0.025
skycell,use_stats=off,1,443,0,0.03
skycell,use_stats=off,1,444,1,0.033
skycell,use_stats=off,1,445,0,0.024
skycell,use_stats=off,1,446,1,0.025
skycell,use_stats=off,1,447,0,0.031
skycell,use_stats=off,1,448,1,0.033
skycell,use_stats=off,1,449,0,0.068
skycell,use_stats=off,1,450,1,0.026
skycell,use_stats=off,1,451,0,0.031
skycell,use_stats=off,1,452,1,0.032
skycell,use_stats=off,1,453,0,0.024
skycell,use_stats=off,1,454,1,0.024
skycell,use_stats=off,1,455,0,0.023
skycell,use_stats=off,1,456,1,0.032
skycell,use_stats=off,1,457,0,0.03
skycell,use_stats=off,1,458,1,0.026
skycell,use_stats=off,1,459,0,0.029
skycell,use_stats=off,1,460,1,0.034
skycell,use_stats=off,1,461,0,0.027
skycell,use_stats=off,1,462,1,0.025
skycell,use_stats=off,1,463,0,0.032
skycell,use_stats=off,1,464,1,0.032
skycell,use_stats=off,1,465,0,0.036
skycell,use_stats=off,1,466,1,0.026
skycell,use_stats=off,1,467,0,0.034
skycell,use_stats=off,1,468,2,0.025
skycell,use_stats=off,1,469,0,0.023
skycell,use_stats=off,1,470,1,0.033
skycell,use_stats=off,1,471,0,0.025
skycell,use_stats=off,1,472,1,0.024
skycell,use_stats=off,1,473,0,0.022
skycell,use_stats=off,1,474,1,0.03
skycell,use_stats=off,1,475,0,0.024
skycell,use_stats=off,1,476,1,0.025
skycell,use_stats=off,1,477,0,0.024
skycell,use_stats=off,1,478,1,0.024
skycell,use_stats=off,1,479,0,0.023
skycell,use_stats=off,1,480,1,0.031
skycell,use_stats=off,1,481,0,0.033
skycell,use_stats=off,1,482,1,0.026
skycell,use_stats=off,1,483,0,0.031
skycell,use_stats=off,1,484,1,0.025
skycell,use_stats=off,1,485,0,0.033
skycell,use_stats=off,1,486,1,0.025
skycell,use_stats=off,1,487,0,0.024
skycell,use_stats=off,1,488,1,0.023
skycell,use_stats=off,1,489,0,0.031
skycell,use_stats=off,1,490,1,0.023
skycell,use_stats=off,1,491,0,0.026
skycell,use_stats=off,1,492,1,0.031
skycell,use_stats=off,1,493,0,0.025
skycell,use_stats=off,1,494,1,0.024
skycell,use_stats=off,1,495,0,0.022
skycell,use_stats=off,1,496,1,0.032
skycell,use_stats=off,1,497,0,0.024
skycell,use_stats=off,1,498,1,0.03
skycell,use_stats=off,1,499,0,0.025
skycell,use_stats=off,1,500,1,0.034
skycell,use_stats=off,1,501,0,0.023
skycell,use_stats=off,1,502,1,0.027
skycell,use_stats=off,1,503,0,0.024
skycell,use_stats=off,1,504,1,0.035
skycell,use_stats=off,1,505,0,0.024
skycell,use_stats=off,1,506,2,0.037
skycell,use_stats=off,1,507,0,0.025
skycell,use_stats=off,1,508,1,0.025
skycell,use_stats=off,1,509,0,0.024
skycell,use_stats=off,1,510,1,0.03
skycell,use_stats=off,1,511,0,0.024
skycell,use_stats=off,1,512,1,0.025
skycell,use_stats=off,1,513,0,0.03
skycell,use_stats=off,1,514,1,0.025
skycell,use_stats=off,1,515,0,0.029
skycell,use_stats=off,1,516,1,0.025
skycell,use_stats=off,1,517,0,0.022
skycell,use_stats=off,1,518,1,0.026
skycell,use_stats=off,1,519,0,0.024
skycell,use_stats=off,1,520,1,0.024
skycell,use_stats=off,1,521,0,0.025
skycell,use_stats=off,1,522,1,0.023
skycell,use_stats=off,1,523,0,0.032
skycell,use_stats=off,1,524,1,0.023
skycell,use_stats=off,1,525,0,0.025
skycell,use_stats=off,1,526,1,0.025
skycell,use_stats=off,1,527,0,0.022
skycell,use_stats=off,1,528,1,0.031
skycell,use_stats=off,1,529,0,0.023
skycell,use_stats=off,1,530,1,0.025
skycell,use_stats=off,1,531,0,0.023
skycell,use_stats=off,1,532,1,0.026
skycell,use_stats=off,1,533,0,0.023
skycell,use_stats=off,1,534,1,0.042
skycell,use_stats=off,1,535,0,0.025
skycell,use_stats=off,1,536,1,0.025
skycell,use_stats=off,1,537,0,0.023
skycell,use_stats=off,1,538,1,0.024
skycell,use_stats=off,1,539,0,0.023
skycell,use_stats=off,1,540,1,0.025
skycell,use_stats=off,1,541,0,0.029
skycell,use_stats=off,1,542,1,0.024
skycell,use_stats=off,1,543,0,0.024
skycell,use_stats=off,1,544,1,0.023
skycell,use_stats=off,1,545,0,0.023
skycell,use_stats=off,1,546,1,0.025
skycell,use_stats=off,1,547,0,0.023
skycell,use_stats=off,1,548,1,0.028
skycell,use_stats=off,1,549,0,0.022
skycell,use_stats=off,1,550,1,0.025
skycell,use_stats=off,1,551,0,0.024
skycell,use_stats=off,1,552,1,0.044
skycell,use_stats=off,1,553,0,0.033
skycell,use_stats=off,1,554,1,0.024
skycell,use_stats=off,1,555,0,0.024
skycell,use_stats=off,1,556,1,0.024
skycell,use_stats=off,1,557,0,0.023
skycell,use_stats=off,1,558,1,0.025
skycell,use_stats=off,1,559,0,0.031
skycell,use_stats=off,1,560,1,0.025
skycell,use_stats=off,1,561,0,0.03
skycell,use_stats=off,1,562,1,0.026
skycell,use_stats=off,1,563,0,0.032
skycell,use_stats=off,1,564,1,0.025
skycell,use_stats=off,1,565,0,0.031
skycell,use_stats=off,1,566,1,0.022
skycell,use_stats=off,1,567,0,0.024
skycell,use_stats=off,1,568,1,0.023
skycell,use_stats=off,1,569,0,0.032
skycell,use_stats=off,1,570,1,0.033
skycell,use_stats=off,1,571,0,0.025
skycell,use_stats=off,1,572,13,0.041
skycell,use_stats=off,1,573,0,0.024
skycell,use_stats=off,1,574,1,0.031
skycell,use_stats=off,1,575,0,0.024
skycell,use_stats=off,1,576,1,0.023
skycell,use_stats=off,1,577,0,0.023
skycell,use_stats=off,1,578,2,0.024
skycell,use_stats=off,1,579,0,0.028
skycell,use_stats=off,1,580,1,0.024
skycell,use_stats=off,1,581,0,0.034
skycell,use_stats=off,1,582,1,0.034
skycell,use_stats=off,1,583,0,0.029
skycell,use_stats=off,1,584,1,0.025
skycell,use_stats=off,1,585,0,0.022
skycell,use_stats=off,1,586,1,0.025
skycell,use_stats=off,1,587,0,0.022
skycell,use_stats=off,1,588,1,0.022
skycell,use_stats=off,1,589,0,0.028
skycell,use_stats=off,1,590,1,0.025
skycell,use_stats=off,1,591,0,0.024
skycell,use_stats=off,1,592,1,0.025
skycell,use_stats=off,1,593,0,0.022
skycell,use_stats=off,1,594,1,0.023
skycell,use_stats=off,1,595,0,0.023
skycell,use_stats=off,1,596,1,0.025
skycell,use_stats=off,1,597,0,0.036
skycell,use_stats=off,1,598,1,0.024
skycell,use_stats=off,1,599,0,0.024
skycell,use_stats=off,1,600,1,0.025
skycell,use_stats=off,1,601,0,0.025
skycell,use_stats=off,1,602,1,0.024
skycell,use_stats=off,1,603,0,0.024
skycell,use_stats=off,1,604,2,0.103
skycell,use_stats=off,1,605,0,0.031
skycell,use_stats=off,1,606,18,0.063
skycell,use_stats=off,1,607,0,0.03
skycell,use_stats=off,1,608,1,0.032
skycell,use_stats=off,1,609,0,0.023
skycell,use_stats=off,1,610,1,0.025
skycell,use_stats=off,1,611,0,0.033
skycell,use_stats=off,1,612,1,0.033
skycell,use_stats=off,1,613,0,0.023
skycell,use_stats=off,1,614,1,0.027
skycell,use_stats=off,1,615,0,0.023
skycell,use_stats=off,1,616,1,0.023
skycell,use_stats=off,1,617,0,0.023
skycell,use_stats=off,1,618,1,0.023
skycell,use_stats=off,1,619,0,0.022
skycell,use_stats=off,1,620,1,0.024
skycell,use_stats=off,1,621,0,0.023
skycell,use_stats=off,1,622,1,0.031
skycell,use_stats=off,1,623,0,0.032
skycell,use_stats=off,1,624,1,0.025
skycell,use_stats=off,1,625,0,0.024
skycell,use_stats=off,1,626,1,0.023
skycell,use_stats=off,1,627,0,0.031
skycell,use_stats=off,1,628,1,0.025
skycell,use_stats=off,1,629,0,0.021
skycell,use_stats=off,1,630,1,0.025
skycell,use_stats=off,1,631,0,0.031
skycell,use_stats=off,1,632,1,0.026
skycell,use_stats=off,1,633,0,0.023
skycell,use_stats=off,1,634,1,0.032
skycell,use_stats=off,1,635,0,0.032
skycell,use_stats=off,1,636,1,0.023
skycell,use_stats=off,1,637,1,0.034
skycell,use_stats=off,1,638,1,0.044
skycell,use_stats=off,1,639,0,0.032
skycell,use_stats=off,1,640,1,0.025
skycell,use_stats=off,1,641,0,0.031
skycell,use_stats=off,1,642,1,0.025
skycell,use_stats=off,1,643,0,0.029
skycell,use_stats=off,1,644,1,0.026
skycell,use_stats=off,1,645,0,0.024
skycell,use_stats=off,1,646,1,0.026
skycell,use_stats=off,1,647,0,0.032
skycell,use_stats=off,1,648,1,0.024
skycell,use_stats=off,1,649,0,0.024
skycell,use_stats=off,1,650,1,0.024
skycell,use_stats=off,1,651,0,0.031
skycell,use_stats=off,1,652,1,0.023
skycell,use_stats=off,1,653,0,0.024
skycell,use_stats=off,1,654,1,0.024
skycell,use_stats=off,1,655,0,0.023
skycell,use_stats=off,1,656,1,0.024
skycell,use_stats=off,1,657,0,0.024
skycell,use_stats=off,1,658,11,0.043
skycell,use_stats=off,1,659,0,0.031
skycell,use_stats=off,1,660,1,0.032
skycell,use_stats=off,1,661,0,0.023
skycell,use_stats=off,1,662,1,0.026
skycell,use_stats=off,1,663,0,0.023
skycell,use_stats=off,1,664,1,0.024
skycell,use_stats=off,1,665,0,0.024
skycell,use_stats=off,1,666,1,0.032
skycell,use_stats=off,1,667,0,0.025
skycell,use_stats=off,1,668,1,0.023
skycell,use_stats=off,1,669,0,0.024
skycell,use_stats=off,1,670,1,0.032
skycell,use_stats=off,1,671,0,0.023
skycell,use_stats=off,1,672,2,0.032
skycell,use_stats=off,1,673,0,0.03
skycell,use_stats=off,1,674,1,0.024
skycell,use_stats=off,1,675,0,0.032
skycell,use_stats=off,1,676,1,0.035
skycell,use_stats=off,1,677,0,0.023
skycell,use_stats=off,1,678,1,0.025
skycell,use_stats=off,1,679,0,0.023
skycell,use_stats=off,1,680,1,0.026
skycell,use_stats=off,1,681,0,0.023
skycell,use_stats=off,1,682,1,0.033
skycell,use_stats=off,1,683,0,0.025
skycell,use_stats=off,1,684,1,0.023
skycell,use_stats=off,1,685,0,0.022
skycell,use_stats=off,1,686,1,0.024
skycell,use_stats=off,1,687,0,0.024
skycell,use_stats=off,1,688,11,0.035
skycell,use_stats=off,1,689,0,0.023
skycell,use_stats=off,1,690,1,0.021
skycell,use_stats=off,1,691,0,0.023
skycell,use_stats=off,1,692,1,0.023
skycell,use_stats=off,1,693,0,0.029
skycell,use_stats=off,1,694,1,0.033
skycell,use_stats=off,1,695,0,0.023
skycell,use_stats=off,1,696,1,0.033
skycell,use_stats=off,1,697,0,0.031
skycell,use_stats=off,1,698,1,0.024
skycell,use_stats=off,1,699,0,0.029
skycell,use_stats=off,1,700,1,0.025
skycell,use_stats=off,1,701,0,0.024
skycell,use_stats=off,1,702,2,0.027
skycell,use_stats=off,1,703,0,0.024
skycell,use_stats=off,1,704,1,0.023
skycell,use_stats=off,1,705,0,0.032
skycell,use_stats=off,1,706,1,0.026
skycell,use_stats=off,1,707,0,0.025
skycell,use_stats=off,1,708,1,0.023
skycell,use_stats=off,1,709,0,0.023
skycell,use_stats=off,1,710,1,0.037
skycell,use_stats=off,1,711,0,0.025
skycell,use_stats=off,1,712,1,0.024
skycell,use_stats=off,1,713,0,0.03
skycell,use_stats=off,1,714,1,0.034
skycell,use_stats=off,1,715,0,0.023
skycell,use_stats=off,1,716,1,0.032
skycell,use_stats=off,1,717,0,0.025
skycell,use_stats=off,1,718,1,0.024
skycell,use_stats=off,1,719,0,0.022
skycell,use_stats=off,1,720,1,0.032
skycell,use_stats=off,1,721,0,0.03
skycell,use_stats=off,1,722,1,0.025
skycell,use_stats=off,1,723,0,0.023
skycell,use_stats=off,1,724,1,0.028
skycell,use_stats=off,1,725,0,0.023
skycell,use_stats=off,1,726,1,0.024
skycell,use_stats=off,1,727,0,0.028
skycell,use_stats=off,1,728,1,0.025
skycell,use_stats=off,1,729,0,0.022
skycell,use_stats=off,1,730,1,0.023
skycell,use_stats=off,1,731,0,0.038
skycell,use_stats=off,1,732,1,0.036
skycell,use_stats=off,1,733,0,0.03
skycell,use_stats=off,1,734,1,0.025
skycell,use_stats=off,1,735,0,0.022
skycell,use_stats=off,1,736,1,0.035
skycell,use_stats=off,1,737,0,0.025
skycell,use_stats=off,1,738,1,0.024
skycell,use_stats=off,1,739,0,0.03
skycell,use_stats=off,1,740,1,0.031
skycell,use_stats=off,1,741,0,0.026
skycell,use_stats=off,1,742,1,0.023
skycell,use_stats=off,1,743,0,0.023
skycell,use_stats=off,1,744,1,0.024
skycell,use_stats=off,1,745,0,0.036
skycell,use_stats=off,1,746,1,0.031
skycell,use_stats=off,1,747,0,0.032
skycell,use_stats=off,1,748,1,0.026
skycell,use_stats=off,1,749,0,0.046
skycell,use_stats=off,1,750,1,0.025
skycell,use_stats=off,1,751,0,0.024
skycell,use_stats=off,1,752,1,0.024
skycell,use_stats=off,1,753,0,0.023
skycell,use_stats=off,1,754,1,0.024
skycell,use_stats=off,1,755,0,0.022
skycell,use_stats=off,1,756,2,0.025
skycell,use_stats=off,1,757,0,0.025
skycell,use_stats=off,1,758,1,0.025
skycell,use_stats=off,1,759,0,0.031
skycell,use_stats=off,1,760,1,0.033
skycell,use_stats=off,1,761,0,0.023
skycell,use_stats=off,1,762,1,0.028
skycell,use_stats=off,1,763,0,0.025
skycell,use_stats=off,1,764,1,0.025
skycell,use_stats=off,1,765,0,0.031
skycell,use_stats=off,1,766,1,0.024
skycell,use_stats=off,1,767,0,0.022
skycell,use_stats=off,1,768,1,0.025
skycell,use_stats=off,1,769,0,0.024
skycell,use_stats=off,1,770,3,0.059
skycell,use_stats=off,1,771,0,0.022
skycell,use_stats=off,1,772,1,0.023
skycell,use_stats=off,1,773,0,0.023
skycell,use_stats=off,1,774,1,0.027
skycell,use_stats=off,1,775,0,0.023
skycell,use_stats=off,1,776,1,0.025
skycell,use_stats=off,1,777,0,0.024
skycell,use_stats=off,1,778,1,0.026
skycell,use_stats=off,1,779,0,0.031
skycell,use_stats=off,1,780,1,0.038
skycell,use_stats=off,1,781,0,0.021
skycell,use_stats=off,1,782,1,0.023
skycell,use_stats=off,1,783,0,0.036
skycell,use_stats=off,1,784,1,0.026
skycell,use_stats=off,1,785,0,0.024
skycell,use_stats=off,1,786,1,0.024
skycell,use_stats=off,1,787,0,0.024
skycell,use_stats=off,1,788,1,0.026
skycell,use_stats=off,1,789,0,0.022
skycell,use_stats=off,1,790,1,0.025
skycell,use_stats=off,1,791,0,0.031
skycell,use_stats=off,1,792,1,0.033
skycell,use_stats=off,1,793,0,0.029
skycell,use_stats=off,1,794,1,0.035
skycell,use_stats=off,1,795,0,0.022
skycell,use_stats=off,1,796,1,0.024
skycell,use_stats=off,1,797,0,0.025
skycell,use_stats=off,1,798,1,0.022
skycell,use_stats=off,1,799,0,0.03
skycell,use_stats=off,1,800,1,0.024
skycell,use_stats=off,1,801,0,0.022
skycell,use_stats=off,1,802,2,0.028
skycell,use_stats=off,1,803,0,0.024
skycell,use_stats=off,1,804,1,0.028
skycell,use_stats=off,1,805,0,0.023
skycell,use_stats=off,1,806,2,0.031
skycell,use_stats=off,1,807,0,0.022
skycell,use_stats=off,1,808,3,0.055
skycell,use_stats=off,1,809,0,0.041
skycell,use_stats=off,1,810,1,0.029
skycell,use_stats=off,1,811,1,0.025
skycell,use_stats=off,1,812,1,0.033
skycell,use_stats=off,1,813,0,0.028
skycell,use_stats=off,1,814,1,0.029
skycell,use_stats=off,1,815,0,0.031
skycell,use_stats=off,1,816,2,0.033
skycell,use_stats=off,1,817,0,0.03
skycell,use_stats=off,1,818,1,0.027
skycell,use_stats=off,1,819,0,0.03
skycell,use_stats=off,1,820,4,0.107
skycell,use_stats=off,1,821,0,0.029
skycell,use_stats=off,1,822,199,0.214
skycell,use_stats=off,1,823,0,0.03
skycell,use_stats=off,1,824,2,0.024
skycell,use_stats=off,1,825,0,0.023
skycell,use_stats=off,1,826,1,0.024
skycell,use_stats=off,1,827,0,0.039
skycell,use_stats=off,1,828,1,0.026
skycell,use_stats=off,1,829,1,0.038
skycell,use_stats=off,1,830,2,0.033
skycell,use_stats=off,1,831,1,0.023
skycell,use_stats=off,1,832,1,0.024
skycell,use_stats=off,1,833,0,0.023
skycell,use_stats=off,1,834,1,0.033
skycell,use_stats=off,1,835,0,0.028
skycell,use_stats=off,1,836,8,0.039
skycell,use_stats=off,1,837,0,0.024
skycell,use_stats=off,1,838,1,0.041
skycell,use_stats=off,1,839,0,0.031
skycell,use_stats=off,1,840,2,0.144
skycell,use_stats=off,1,841,0,0.042
skycell,use_stats=off,1,842,1,0.025
skycell,use_stats=off,1,843,0,0.024
skycell,use_stats=off,1,844,1,0.029
skycell,use_stats=off,1,845,0,0.025
skycell,use_stats=off,1,846,1,0.024
skycell,use_stats=off,1,847,0,0.024
skycell,use_stats=off,1,848,1,0.027
skycell,use_stats=off,1,849,0,0.023
skycell,use_stats=off,1,850,1,0.025
skycell,use_stats=off,1,851,0,0.022
skycell,use_stats=off,1,852,2,0.036
skycell,use_stats=off,1,853,0,0.029
skycell,use_stats=off,1,854,2,0.035
skycell,use_stats=off,1,855,0,0.023
skycell,use_stats=off,1,856,3,0.11
skycell,use_stats=off,1,857,0,0.029
skycell,use_stats=off,1,858,8,0.027
skycell,use_stats=off,1,859,0,0.025
skycell,use_stats=off,1,860,1,0.025
skycell,use_stats=off,1,861,0,0.024
skycell,use_stats=off,1,862,3,0.037
skycell,use_stats=off,1,863,0,0.023
skycell,use_stats=off,1,864,359,0.276
skycell,use_stats=off,1,865,0,0.024
skycell,use_stats=off,1,866,2,0.037
skycell,use_stats=off,1,867,0,0.025
skycell,use_stats=off,1,868,2,0.034
skycell,use_stats=off,1,869,0,0.023
skycell,use_stats=off,1,870,1,0.024
skycell,use_stats=off,1,871,0,0.022
skycell,use_stats=off,1,872,3,0.042
skycell,use_stats=off,1,873,0,0.022
skycell,use_stats=off,1,874,5,0.028
skycell,use_stats=off,1,875,0,0.023
skycell,use_stats=off,1,876,3,0.025
skycell,use_stats=off,1,877,0,0.023
skycell,use_stats=off,1,878,1,0.029
skycell,use_stats=off,1,879,0,0.027
skycell,use_stats=off,1,880,1,0.024
skycell,use_stats=off,1,881,0,0.023
skycell,use_stats=off,1,882,1,0.027
skycell,use_stats=off,1,883,0,0.031
skycell,use_stats=off,1,884,3,0.027
skycell,use_stats=off,1,885,1,0.038
skycell,use_stats=off,1,886,4,0.03
skycell,use_stats=off,1,887,0,0.037
skycell,use_stats=off,1,888,1,0.024
skycell,use_stats=off,1,889,0,0.024
skycell,use_stats=off,1,890,2,0.031
skycell,use_stats=off,1,891,3,0.027
skycell,use_stats=off,1,892,1,0.024
skycell,use_stats=off,1,893,3,0.036
skycell,use_stats=off,1,894,2,0.025
skycell,use_stats=off,1,895,0,0.023
skycell,use_stats=off,1,896,1,0.024
skycell,use_stats=off,1,897,0,0.024
skycell,use_stats=off,1,898,2,0.037
skycell,use_stats=off,1,899,0,0.024
skycell,use_stats=off,1,900,1,0.034
skycell,use_stats=off,1,901,0,0.023
skycell,use_stats=off,1,902,3,0.036
skycell,use_stats=off,1,903,0,0.034
skycell,use_stats=off,1,904,2,0.168
skycell,use_stats=off,1,905,0,0.026
skycell,use_stats=off,1,906,4,0.033
skycell,use_stats=off,1,907,1,0.025
skycell,use_stats=off,1,908,3,0.026
skycell,use_stats=off,1,909,0,0.024
skycell,use_stats=off,1,910,5,0.027
skycell,use_stats=off,1,911,0,0.031
skycell,use_stats=off,1,912,1,0.031
skycell,use_stats=off,1,913,0,0.022
skycell,use_stats=off,1,914,1,0.026
skycell,use_stats=off,1,915,0,0.023
skycell,use_stats=off,1,916,1,0.025
skycell,use_stats=off,1,917,0,0.023
skycell,use_stats=off,1,918,1,0.033
skycell,use_stats=off,1,919,0,0.022
skycell,use_stats=off,1,920,1,0.044
skycell,use_stats=off,1,921,0,0.032
skycell,use_stats=off,1,922,1,0.024
skycell,use_stats=off,1,923,0,0.054
skycell,use_stats=off,1,924,4,0.03
skycell,use_stats=off,1,925,0,0.03
skycell,use_stats=off,1,926,2,0.032
skycell,use_stats=off,1,927,0,0.025
skycell,use_stats=off,1,928,48,0.081
skycell,use_stats=off,1,929,0,0.031
skycell,use_stats=off,1,930,4,0.032
skycell,use_stats=off,1,931,0,0.023
skycell,use_stats=off,1,932,2,0.102
skycell,use_stats=off,1,933,2,0.036
skycell,use_stats=off,1,934,2,0.035
skycell,use_stats=off,1,935,0,0.025
skycell,use_stats=off,1,936,5,0.028
skycell,use_stats=off,1,937,2,0.028
skycell,use_stats=off,1,938,1,0.024
skycell,use_stats=off,1,939,0,0.031
skycell,use_stats=off,1,940,2,0.026
skycell,use_stats=off,1,941,0,0.023
skycell,use_stats=off,1,942,4,0.038
skycell,use_stats=off,1,943,0,0.032
skycell,use_stats=off,1,944,1,0.031
skycell,use_stats=off,1,945,0,0.023
skycell,use_stats=off,1,946,4,0.032
skycell,use_stats=off,1,947,0,0.023
skycell,use_stats=off,1,948,2,0.045
skycell,use_stats=off,1,949,0,0.032
skycell,use_stats=off,1,950,1,0.024
skycell,use_stats=off,1,951,0,0.025
skycell,use_stats=off,1,952,1,0.026
skycell,use_stats=off,1,953,0,0.033
skycell,use_stats=off,1,954,1,0.023
skycell,use_stats=off,1,955,0,0.024
skycell,use_stats=off,1,956,1,0.032
skycell,use_stats=off,1,957,0,0.025
skycell,use_stats=off,1,958,1,0.025
skycell,use_stats=off,1,959,0,0.035
skycell,use_stats=off,1,960,1,0.032
skycell,use_stats=off,1,961,0,0.03
skycell,use_stats=off,1,962,2,0.025
skycell,use_stats=off,1,963,0,0.033
skycell,use_stats=off,1,964,3,0.037
skycell,use_stats=off,1,965,0,0.022
skycell,use_stats=off,1,966,1,0.023
skycell,use_stats=off,1,967,0,0.031
skycell,use_stats=off,1,968,2,0.023
skycell,use_stats=off,1,969,0,0.023
skycell,use_stats=off,1,970,18,0.035
skycell,use_stats=off,1,971,2,0.029
skycell,use_stats=off,1,972,2,0.023
skycell,use_stats=off,1,973,0,0.03
skycell,use_stats=off,1,974,3,0.026
skycell,use_stats=off,1,975,0,0.03
skycell,use_stats=off,1,976,3,0.025
skycell,use_stats=off,1,977,1,0.021
skycell,use_stats=off,1,978,1,0.032
skycell,use_stats=off,1,979,0,0.025
skycell,use_stats=off,1,980,1,0.027
skycell,use_stats=off,1,981,0,0.022
skycell,use_stats=off,1,982,7,0.042
skycell,use_stats=off,1,983,0,0.033
skycell,use_stats=off,1,984,2,0.026
skycell,use_stats=off,1,985,0,0.024
skycell,use_stats=off,1,986,5,0.032
skycell,use_stats=off,1,987,0,0.031
skycell,use_stats=off,1,988,1,0.025
skycell,use_stats=off,1,989,0,0.022
skycell,use_stats=off,1,990,6,0.035
skycell,use_stats=off,1,991,0,0.034
skycell,use_stats=off,1,992,1,0.039
skycell,use_stats=off,1,993,0,0.023
skycell,use_stats=off,1,994,1,0.038
skycell,use_stats=off,1,995,0,0.023
skycell,use_stats=off,1,996,5,0.037
skycell,use_stats=off,1,997,0,0.023
skycell,use_stats=off,1,998,5,0.104
skycell,use_stats=off,1,999,0,0.033
skycell,use_stats=off,1,1000,1,0.024
skycell,use_stats=off,1,1001,0,0.025
skycell,use_stats=off,1,1002,1,0.032
skycell,use_stats=off,1,1003,0,0.031
skycell,use_stats=off,1,1004,1,0.024
skycell,use_stats=off,1,1005,0,0.034
skycell,use_stats=off,1,1006,3,0.026
skycell,use_stats=off,1,1007,1,0.033
skycell,use_stats=off,1,1008,2,0.027
skycell,use_stats=off,1,1009,0,0.025
skycell,use_stats=off,1,1010,2,0.025
skycell,use_stats=off,1,1011,0,0.03
skycell,use_stats=off,1,1012,1,0.039
skycell,use_stats=off,1,1013,1,0.034
skycell,use_stats=off,1,1014,2,0.034
skycell,use_stats=off,1,1015,0,0.025
skycell,use_stats=off,1,1016,1,0.023
skycell,use_stats=off,1,1017,0,0.033
skycell,use_stats=off,1,1018,3,0.025
skycell,use_stats=off,1,1019,0,0.023
skycell,use_stats=off,1,1020,1,0.024
skycell,use_stats=off,1,1021,0,0.024
skycell,use_stats=off,1,1022,1,0.031
skycell,use_stats=off,1,1023,0,0.023
skycell,use_stats=off,1,1024,1,0.025
skycell,use_stats=off,1,1025,0,0.022
skycell,use_stats=off,1,1026,1,0.027
skycell,use_stats=off,1,1027,0,0.05
skycell,use_stats=off,1,1028,4,0.035
skycell,use_stats=off,1,1029,0,0.024
skycell,use_stats=off,1,1030,1,0.025
skycell,use_stats=off,1,1031,0,0.032
skycell,use_stats=off,1,1032,1,0.033
skycell,use_stats=off,1,1033,0,0.023
skycell,use_stats=off,1,1034,2,0.024
skycell,use_stats=off,1,1035,0,0.022
skycell,use_stats=off,1,1036,1,0.028
skycell,use_stats=off,1,1037,0,0.022
skycell,use_stats=off,1,1038,1,0.026
skycell,use_stats=off,1,1039,0,0.025
skycell,use_stats=off,1,1040,1,0.024
skycell,use_stats=off,1,1041,0,0.031
skycell,use_stats=off,1,1042,1,0.028
skycell,use_stats=off,1,1043,0,0.021
skycell,use_stats=off,1,1044,1,0.027
skycell,use_stats=off,1,1045,1,0.038
skycell,use_stats=off,1,1046,3,0.031
skycell,use_stats=off,1,1047,0,0.023
skycell,use_stats=off,1,1048,1,0.028
skycell,use_stats=off,1,1049,0,0.025
skycell,use_stats=off,1,1050,3,0.022
skycell,use_stats=off,1,1051,0,0.024
skycell,use_stats=off,1,1052,1,0.034
skycell,use_stats=off,1,1053,0,0.031
skycell,use_stats=off,1,1054,1,0.033
skycell,use_stats=off,1,1055,0,0.024
skycell,use_stats=off,1,1056,1,0.025
skycell,use_stats=off,1,1057,0,0.022
skycell,use_stats=off,1,1058,64,0.084
skycell,use_stats=off,1,1059,0,0.024
skycell,use_stats=off,1,1060,1,0.035
skycell,use_stats=off,1,1061,0,0.032
skycell,use_stats=off,1,1062,1,0.025
skycell,use_stats=off,1,1063,0,0.025
skycell,use_stats=off,1,1064,6,0.038
skycell,use_stats=off,1,1065,2,0.024
skycell,use_stats=off,1,1066,2,0.026
skycell,use_stats=off,1,1067,0,0.032
skycell,use_stats=off,1,1068,2,0.026
skycell,use_stats=off,1,1069,0,0.023
skycell,use_stats=off,1,1070,4,0.025
skycell,use_stats=off,1,1071,0,0.022
skycell,use_stats=off,1,1072,3,0.027
skycell,use_stats=off,1,1073,0,0.032
skycell,use_stats=off,1,1074,1,0.025
skycell,use_stats=off,1,1075,0,0.032
skycell,use_stats=off,1,1076,1,0.024
skycell,use_stats=off,1,1077,0,0.024
skycell,use_stats=off,1,1078,1,0.102
skycell,use_stats=off,1,1079,1,0.028
skycell,use_stats=off,1,1080,2,0.025
skycell,use_stats=off,1,1081,0,0.022
skycell,use_stats=off,1,1082,2,0.034
skycell,use_stats=off,1,1083,0,0.026
skycell,use_stats=off,1,1084,1,0.025
skycell,use_stats=off,1,1085,0,0.021
skycell,use_stats=off,1,1086,2,0.024
skycell,use_stats=off,1,1087,0,0.049
skycell,use_stats=off,1,1088,2,0.022
skycell,use_stats=off,1,1089,0,0.023
skycell,use_stats=off,1,1090,5,0.029
skycell,use_stats=off,1,1091,0,0.033
skycell,use_stats=off,1,1092,2,0.027
skycell,use_stats=off,1,1093,0,0.03
skycell,use_stats=off,1,1094,2,0.024
skycell,use_stats=off,1,1095,0,0.024
skycell,use_stats=off,1,1096,1,0.036
skycell,use_stats=off,1,1097,0,0.023
skycell,use_stats=off,1,1098,1,0.025
skycell,use_stats=off,1,1099,1,0.024
skycell,use_stats=off,1,1100,7,0.027
skycell,use_stats=off,1,1101,1,0.024
skycell,use_stats=off,1,1102,3,0.085
skycell,use_stats=off,1,1103,11,0.066
skycell,use_stats=off,1,1104,2,0.055
skycell,use_stats=off,1,1105,1,0.037
skycell,use_stats=off,1,1106,59,0.093
skycell,use_stats=off,1,1107,3,0.03
skycell,use_stats=off,1,1108,36,0.039
skycell,use_stats=off,1,1109,3,0.058
skycell,use_stats=off,1,1110,27,0.041
skycell,use_stats=off,1,1111,3,0.061
skycell,use_stats=off,1,1112,5,0.035
skycell,use_stats=off,1,1113,2,0.026
skycell,use_stats=off,1,1114,123,0.137
skycell,use_stats=off,1,1115,4,0.049
skycell,use_stats=off,1,1116,137,0.096
skycell,use_stats=off,1,1117,11,0.027
skycell,use_stats=off,1,1118,107,0.095
skycell,use_stats=off,1,1119,14,0.064
skycell,use_stats=off,1,1120,158,0.136
skycell,use_stats=off,1,1121,2,0.066
skycell,use_stats=off,1,1122,21,0.076
skycell,use_stats=off,1,1123,2,0.026
skycell,use_stats=off,1,1124,4,0.064
skycell,use_stats=off,1,1125,3,0.066
skycell,use_stats=off,1,1126,18,0.038
skycell,use_stats=off,1,1127,3,0.068
skycell,use_stats=off,1,1128,6,0.037
skycell,use_stats=off,1,1129,21,0.046
skycell,use_stats=off,1,1130,8,0.032
skycell,use_stats=off,1,1131,2,0.032
skycell,use_stats=off,1,1132,88,0.222
skycell,use_stats=off,1,1133,15,0.067
skycell,use_stats=off,1,1134,1,0.051
skycell,use_stats=off,1,1135,3,0.049
skycell,use_stats=off,1,1136,29,0.037
skycell,use_stats=off,1,1137,0,0.049
skycell,use_stats=off,1,1138,2,0.026
skycell,use_stats=off,1,1139,1,0.028
skycell,use_stats=off,1,1140,6,0.024
skycell,use_stats=off,1,1141,8,0.038
skycell,use_stats=off,1,1142,2,0.03
skycell,use_stats=off,1,1143,4,0.061
skycell,use_stats=off,1,1144,75,0.124
skycell,use_stats=off,1,1145,4,0.062
skycell,use_stats=off,1,1146,22,0.049
skycell,use_stats=off,1,1147,2,0.036
skycell,use_stats=off,1,1148,6,0.039
skycell,use_stats=off,1,1149,9,0.047
skycell,use_stats=off,1,1150,66,0.068
skycell,use_stats=off,1,1151,1,0.029
skycell,use_stats=off,1,1152,34,0.093
skycell,use_stats=off,1,1153,4,0.051
skycell,use_stats=off,1,1154,45,0.107
skycell,use_stats=off,1,1155,3,0.058
skycell,use_stats=off,1,1156,466,0.2
skycell,use_stats=off,1,1157,1,0.062
skycell,use_stats=off,1,1158,49,0.049
skycell,use_stats=off,1,1159,2,0.027
skycell,use_stats=off,1,1160,42,0.08
skycell,use_stats=off,1,1161,4,0.069
skycell,use_stats=off,1,1162,3,0.034
skycell,use_stats=off,1,1163,6,0.059
skycell,use_stats=off,1,1164,3,0.05
skycell,use_stats=off,1,1165,12,0.037
skycell,use_stats=off,1,1166,20,0.044
skycell,use_stats=off,1,1167,4,0.047
skycell,use_stats=off,1,1168,930,0.206
skycell,use_stats=off,1,1169,46,0.06
skycell,use_stats=off,1,1170,5,0.034
skycell,use_stats=off,1,1171,1,0.035
skycell,use_stats=off,1,1172,6,0.027
skycell,use_stats=off,1,1173,3,0.073
skycell,use_stats=off,1,1174,4,0.064
skycell,use_stats=off,1,1175,1,0.028
skycell,use_stats=off,1,1176,16,0.105
skycell,use_stats=off,1,1177,2,0.058
skycell,use_stats=off,1,1178,10,0.028
skycell,use_stats=off,1,1179,4,0.049
skycell,use_stats=off,1,1180,13,0.028
skycell,use_stats=off,1,1181,2,0.059
skycell,use_stats=off,1,1182,52,0.049
skycell,use_stats=off,1,1183,7,0.061
skycell,use_stats=off,1,1184,4,0.052
skycell,use_stats=off,1,1185,1,0.027
skycell,use_stats=off,1,1186,48,0.079
skycell,use_stats=off,1,1187,3,0.046
skycell,use_stats=off,1,1188,3,0.061
skycell,use_stats=off,1,1189,3,0.048
skycell,use_stats=off,1,1190,2,0.034
skycell,use_stats=off,1,1191,1,0.024
skycell,use_stats=off,1,1192,137,0.083
skycell,use_stats=off,1,1193,2,0.062
skycell,use_stats=off,1,1194,3,0.056
skycell,use_stats=off,1,1195,2,0.063
skycell,use_stats=off,1,1196,8,0.035
skycell,use_stats=off,1,1197,1,0.037
skycell,use_stats=off,1,1198,49,0.07
skycell,use_stats=off,1,1199,4,0.051
skycell,use_stats=off,1,1200,55,0.051
skycell,use_stats=off,1,1201,2,0.037
skycell,use_stats=off,1,1202,6,0.031
skycell,use_stats=off,1,1203,48,0.058
skycell,use_stats=off,1,1204,8,0.125
skycell,use_stats=off,1,1205,0,0.032
skycell,use_stats=off,1,1206,63,0.067
skycell,use_stats=off,1,1207,8,0.064
skycell,use_stats=off,1,1208,10,0.049
skycell,use_stats=off,1,1209,2,0.032
skycell,use_stats=off,1,1210,8,0.027
skycell,use_stats=off,1,1211,0,0.068
skycell,use_stats=off,1,1212,72,0.05
skycell,use_stats=off,1,1213,2,0.036
skycell,use_stats=off,1,1214,26,0.063
skycell,use_stats=off,1,1215,1,0.051
skycell,use_stats=off,1,1216,33,0.044
skycell,use_stats=off,1,1217,2,0.035
skycell,use_stats=off,1,1218,4,0.047
skycell,use_stats=off,1,1219,5,0.033
skycell,use_stats=off,1,1220,70,0.055
skycell,use_stats=off,1,1221,0,0.042
skycell,use_stats=off,1,1222,3834,0.408
skycell,use_stats=off,1,1223,1,0.029
skycell,use_stats=off,1,1224,5,0.055
skycell,use_stats=off,1,1225,11,0.041
skycell,use_stats=off,1,1226,3,0.051
skycell,use_stats=off,1,1227,4,0.033
skycell,use_stats=off,1,1228,1616,0.335
skycell,use_stats=off,1,1229,11,0.042
skycell,use_stats=off,1,1230,1,0.033
skycell,use_stats=off,1,1231,1,0.03
skycell,use_stats=off,1,1232,170,0.103
skycell,use_stats=off,1,1233,2,0.066
skycell,use_stats=off,1,1234,3,0.037
skycell,use_stats=off,1,1235,2,0.058
skycell,use_stats=off,1,1236,32,0.072
skycell,use_stats=off,1,1237,2,0.052
skycell,use_stats=off,1,1238,4,0.061
skycell,use_stats=off,1,1239,6,0.063
skycell,use_stats=off,1,1240,40,0.043
skycell,use_stats=off,1,1241,3,0.038
skycell,use_stats=off,1,1242,11,0.037
skycell,use_stats=off,1,1243,51,0.079
skycell,use_stats=off,1,1244,66,0.113
skycell,use_stats=off,1,1245,1,0.039
skycell,use_stats=off,1,1246,3,0.025
skycell,use_stats=off,1,1247,0,0.037
skycell,use_stats=off,1,1248,106,0.079
skycell,use_stats=off,1,1249,11,0.031
skycell,use_stats=off,1,1250,29,0.046
skycell,use_stats=off,1,1251,2,0.027
skycell,use_stats=off,1,1252,79,0.16
skycell,use_stats=off,1,1253,4,0.063
skycell,use_stats=off,1,1254,118,0.102
skycell,use_stats=off,1,1255,47,0.052
skycell,use_stats=off,1,1256,4009,0.36
skycell,use_stats=off,1,1257,74,0.116
skycell,use_stats=off,1,1258,4,0.062
skycell,use_stats=off,1,1259,1,0.053
skycell,use_stats=off,1,1260,5,0.077
skycell,use_stats=off,1,1261,99,0.13
skycell,use_stats=off,1,1262,140,0.44
skycell,use_stats=off,1,1263,2,0.062
skycell,use_stats=off,1,1264,74,0.266
skycell,use_stats=off,1,1265,1,0.078
skycell,use_stats=off,1,1266,21,0.073
skycell,use_stats=off,1,1267,3,0.032
skycell,use_stats=off,1,1268,3,0.06
skycell,use_stats=off,1,1269,3,0.04
skycell,use_stats=off,1,1270,22,0.07
skycell,use_stats=off,1,1271,14,0.046
skycell,use_stats=off,1,1272,19,0.039
skycell,use_stats=off,1,1273,4,0.028
skycell,use_stats=off,1,1274,730,0.219
skycell,use_stats=off,1,1275,61,0.061
skycell,use_stats=off,1,1276,3,0.035
skycell,use_stats=off,1,1277,2,0.04
skycell,use_stats=off,1,1278,139,0.094
skycell,use_stats=off,1,1279,0,0.035
skycell,use_stats=off,1,1280,87,0.124
skycell,use_stats=off,1,1281,3,0.042
skycell,use_stats=off,1,1282,77,0.051
skycell,use_stats=off,1,1283,4,0.026
skycell,use_stats=off,1,1284,47,0.081
skycell,use_stats=off,1,1285,36,0.045
skycell,use_stats=off,1,1286,2,0.052
skycell,use_stats=off,1,1287,7,0.035
skycell,use_stats=off,1,1288,4,0.05
skycell,use_stats=off,1,1289,1,0.056
skycell,use_stats=off,1,1290,175,0.26
skycell,use_stats=off,1,1291,2,0.04
skycell,use_stats=off,1,1292,65,0.056
skycell,use_stats=off,1,1293,4,0.029
skycell,use_stats=off,1,1294,59,0.056
skycell,use_stats=off,1,1295,2,0.042
skycell,use_stats=off,1,1296,5,0.025
skycell,use_stats=off,1,1297,1,0.031
skycell,use_stats=off,1,1298,9,0.054
skycell,use_stats=off,1,1299,3,0.034
skycell,use_stats=off,1,1300,81,0.066
skycell,use_stats=off,1,1301,115,0.208
skycell,use_stats=off,1,1302,528,0.226
skycell,use_stats=off,1,1303,144,0.167
skycell,use_stats=off,1,1304,1562,0.417
skycell,use_stats=off,1,1305,53,0.104
skycell,use_stats=off,1,1306,1632,0.38
skycell,use_stats=off,1,1307,103,0.111
skycell,use_stats=off,1,1308,85,0.11
skycell,use_stats=off,1,1309,72,0.096
skycell,use_stats=off,1,1310,68,0.12
skycell,use_stats=off,1,1311,63,0.099
skycell,use_stats=off,1,1312,66,0.101
skycell,use_stats=off,1,1313,51,0.092
skycell,use_stats=off,1,1314,69,0.116
skycell,use_stats=off,1,1315,475,0.169
skycell,use_stats=off,1,1316,397,0.15
skycell,use_stats=off,1,1317,71,0.12
skycell,use_stats=off,1,1318,800,0.206
skycell,use_stats=off,1,1319,64,0.127
skycell,use_stats=off,1,1320,73,0.123
skycell,use_stats=off,1,1321,75,0.131
skycell,use_stats=off,1,1322,69,0.108
skycell,use_stats=off,1,1323,77,0.126
skycell,use_stats=off,1,1324,2294,0.693
skycell,use_stats=off,1,1325,84,0.111
skycell,use_stats=off,1,1326,752,0.223
skycell,use_stats=off,1,1327,72,0.123
skycell,use_stats=off,1,1328,879,0.199
skycell,use_stats=off,1,1329,81,0.127
skycell,use_stats=off,1,1330,1598,0.485
skycell,use_stats=off,1,1331,61,0.134
skycell,use_stats=off,1,1332,69,0.127
skycell,use_stats=off,1,1333,67,0.138
skycell,use_stats=off,1,1334,736,0.193
skycell,use_stats=off,1,1335,311,0.153
skycell,use_stats=off,1,1336,1019,0.234
skycell,use_stats=off,1,1337,81,0.106
skycell,use_stats=off,1,1338,1099,0.31
skycell,use_stats=off,1,1339,122,0.105
skycell,use_stats=off,1,1340,1284,0.545
skycell,use_stats=off,1,1341,56,0.166
skycell,use_stats=off,1,1342,65,0.135
skycell,use_stats=off,1,1343,61,0.111
skycell,use_stats=off,1,1344,57,0.129
skycell,use_stats=off,1,1345,63,0.104
skycell,use_stats=off,1,1346,553,0.204
skycell,use_stats=off,1,1347,68,0.098
skycell,use_stats=off,1,1348,63,0.111
skycell,use_stats=off,1,1349,216,0.15
skycell,use_stats=off,1,1350,75,0.11
skycell,use_stats=off,1,1351,69,0.141
skycell,use_stats=off,1,1352,157,0.131
skycell,use_stats=off,1,1353,211,0.146
skycell,use_stats=off,1,1354,136,0.125
skycell,use_stats=off,1,1355,47,0.099
skycell,use_stats=off,1,1356,660,0.278
skycell,use_stats=off,1,1357,70,0.106
skycell,use_stats=off,1,1358,66,0.148
skycell,use_stats=off,1,1359,68,0.133
skycell,use_stats=off,1,1360,674,0.26
skycell,use_stats=off,1,1361,67,0.116
skycell,use_stats=off,1,1362,61,0.093
skycell,use_stats=off,1,1363,60,0.114
skycell,use_stats=off,1,1364,2512,0.638
skycell,use_stats=off,1,1365,65,0.136
skycell,use_stats=off,1,1366,65,0.142
skycell,use_stats=off,1,1367,60,0.126
skycell,use_stats=off,1,1368,60,0.111
skycell,use_stats=off,1,1369,163,0.556
skycell,use_stats=off,1,1370,4069,0.574
skycell,use_stats=off,1,1371,77,0.141
skycell,use_stats=off,1,1372,601,0.238
skycell,use_stats=off,1,1373,49,0.455
skycell,use_stats=off,1,1374,70,0.106
skycell,use_stats=off,1,1375,73,0.131
skycell,use_stats=off,1,1376,495,0.213
skycell,use_stats=off,1,1377,63,0.098
skycell,use_stats=off,1,1378,1356,0.376
skycell,use_stats=off,1,1379,79,0.129
skycell,use_stats=off,1,1380,1572,0.291
skycell,use_stats=off,1,1381,47,0.131
skycell,use_stats=off,1,1382,75,0.133
skycell,use_stats=off,1,1383,65,0.133
skycell,use_stats=off,1,1384,77,0.107
skycell,use_stats=off,1,1385,1227,0.308
skycell,use_stats=off,1,1386,1589,0.351
skycell,use_stats=off,1,1387,79,0.108
skycell,use_stats=off,1,1388,898,0.222
skycell,use_stats=off,1,1389,69,0.11
skycell,use_stats=off,1,1390,710,0.243
skycell,use_stats=off,1,1391,77,0.121
skycell,use_stats=off,1,1392,67,0.098
skycell,use_stats=off,1,1393,66,0.135
skycell,use_stats=off,1,1394,3504,1.22
skycell,use_stats=off,1,1395,64,0.177
skycell,use_stats=off,1,1396,3600,0.672
skycell,use_stats=off,1,1397,59,0.135
skycell,use_stats=off,1,1398,2926,0.596
skycell,use_stats=off,1,1399,66,0.142
skycell,use_stats=off,1,1400,4002,0.767
skycell,use_stats=off,1,1401,297,0.307
skycell,use_stats=off,1,1402,254,0.252
skycell,use_stats=off,1,1403,324,0.209
skycell,use_stats=off,1,1404,1369,0.353
skycell,use_stats=off,1,1405,265,0.243
skycell,use_stats=off,1,1406,1108,0.377
skycell,use_stats=off,1,1407,276,0.231
skycell,use_stats=off,1,1408,4152,0.72
skycell,use_stats=off,1,1409,297,0.23
skycell,use_stats=off,1,1410,306,0.204
skycell,use_stats=off,1,1411,748,0.309
skycell,use_stats=off,1,1412,265,0.234
skycell,use_stats=off,1,1413,280,0.21
skycell,use_stats=off,1,1414,1101,0.397
skycell,use_stats=off,1,1415,251,0.216
skycell,use_stats=off,1,1416,9129,1.371
skycell,use_stats=off,1,1417,272,0.206
skycell,use_stats=off,1,1418,5071,0.933
skycell,use_stats=off,1,1419,271,0.241
skycell,use_stats=off,1,1420,5690,0.86
skycell,use_stats=off,1,1421,233,0.186
skycell,use_stats=off,1,1422,4433,0.853
skycell,use_stats=off,1,1423,260,0.218
skycell,use_stats=off,1,1424,3126,0.511
skycell,use_stats=off,1,1425,3145,0.69
skycell,use_stats=off,1,1426,302,0.218
skycell,use_stats=off,1,1427,255,0.225
skycell,use_stats=off,1,1428,3905,0.723
skycell,use_stats=off,1,1429,1284,0.316
skycell,use_stats=off,1,1430,1294,0.36
skycell,use_stats=off,1,1431,289,0.212
skycell,use_stats=off,1,1432,268,0.253
skycell,use_stats=off,1,1433,901,0.342
skycell,use_stats=off,1,1434,277,0.219
skycell,use_stats=off,1,1435,1243,0.389
skycell,use_stats=off,1,1436,1021,0.315
skycell,use_stats=off,1,1437,298,0.22
skycell,use_stats=off,1,1438,4191,0.516
skycell,use_stats=off,1,1439,307,0.225
skycell,use_stats=off,1,1440,269,0.22
skycell,use_stats=off,1,1441,2336,0.841
skycell,use_stats=off,1,1442,2435,0.819
skycell,use_stats=off,1,1443,2502,0.749
skycell,use_stats=off,1,1444,35019,3.914
skycell,use_stats=off,1,1445,11114,1.499
skycell,use_stats=off,1,1446,6517,1.028
skycell,use_stats=off,1,1447,2340,0.659
skycell,use_stats=off,1,1448,147516,13.86
skycell,use_stats=off,1,1449,2525,0.726
skycell,use_stats=off,1,1450,43516,4.49
skycell,use_stats=off,1,1451,2330,0.761
skycell,use_stats=off,1,1452,26649,3.336
skycell,use_stats=off,1,1453,2324,0.745
skycell,use_stats=off,1,1454,22109,2.77
skycell,use_stats=off,1,1455,2386,0.786
skycell,use_stats=off,1,1456,18819,2.148
skycell,use_stats=off,2,1,0,0.049
skycell,use_stats=off,2,2,1,0.03
skycell,use_stats=off,2,3,0,0.026
skycell,use_stats=off,2,4,1,0.037
skycell,use_stats=off,2,5,0,0.025
skycell,use_stats=off,2,6,1,0.043
skycell,use_stats=off,2,7,0,0.029
skycell,use_stats=off,2,8,1,0.026
skycell,use_stats=off,2,9,0,0.025
skycell,use_stats=off,2,10,1,0.026
skycell,use_stats=off,2,11,0,0.024
skycell,use_stats=off,2,12,1,0.033
skycell,use_stats=off,2,13,0,0.034
skycell,use_stats=off,2,14,1,0.029
skycell,use_stats=off,2,15,0,0.024
skycell,use_stats=off,2,16,1,0.032
skycell,use_stats=off,2,17,0,0.039
skycell,use_stats=off,2,18,1,0.032
skycell,use_stats=off,2,19,0,0.029
skycell,use_stats=off,2,20,1,0.03
skycell,use_stats=off,2,21,0,0.023
skycell,use_stats=off,2,22,1,0.033
skycell,use_stats=off,2,23,0,0.029
skycell,use_stats=off,2,24,1,0.025
skycell,use_stats=off,2,25,0,0.023
skycell,use_stats=off,2,26,1,0.035
skycell,use_stats=off,2,27,0,0.03
skycell,use_stats=off,2,28,1,0.029
skycell,use_stats=off,2,29,0,0.025
skycell,use_stats=off,2,30,1,0.032
skycell,use_stats=off,2,31,0,0.026
skycell,use_stats=off,2,32,1,0.037
skycell,use_stats=off,2,33,0,0.023
skycell,use_stats=off,2,34,1,0.024
skycell,use_stats=off,2,35,0,0.022
skycell,use_stats=off,2,36,1,0.028
skycell,use_stats=off,2,37,0,0.031
skycell,use_stats=off,2,38,1,0.023
skycell,use_stats=off,2,39,0,0.023
skycell,use_stats=off,2,40,1,0.024
skycell,use_stats=off,2,41,0,0.023
skycell,use_stats=off,2,42,1,0.024
skycell,use_stats=off,2,43,0,0.03
skycell,use_stats=off,2,44,1,0.024
skycell,use_stats=off,2,45,0,0.031
skycell,use_stats=off,2,46,1,0.032
skycell,use_stats=off,2,47,0,0.031
skycell,use_stats=off,2,48,1,0.024
skycell,use_stats=off,2,49,0,0.023
skycell,use_stats=off,2,50,1,0.025
skycell,use_stats=off,2,51,0,0.031
skycell,use_stats=off,2,52,1,0.024
skycell,use_stats=off,2,53,0,0.023
skycell,use_stats=off,2,54,1,0.024
skycell,use_stats=off,2,55,0,0.034
skycell,use_stats=off,2,56,1,0.033
skycell,use_stats=off,2,57,0,0.026
skycell,use_stats=off,2,58,1,0.024
skycell,use_stats=off,2,59,0,0.022
skycell,use_stats=off,2,60,1,0.024
skycell,use_stats=off,2,61,0,0.036
skycell,use_stats=off,2,62,1,0.032
skycell,use_stats=off,2,63,0,0.024
skycell,use_stats=off,2,64,1,0.029
skycell,use_stats=off,2,65,0,0.022
skycell,use_stats=off,2,66,1,0.024
skycell,use_stats=off,2,67,0,0.022
skycell,use_stats=off,2,68,1,0.024
skycell,use_stats=off,2,69,0,0.023
skycell,use_stats=off,2,70,1,0.022
skycell,use_stats=off,2,71,0,0.03
skycell,use_stats=off,2,72,1,0.025
skycell,use_stats=off,2,73,0,0.023
skycell,use_stats=off,2,74,1,0.023
skycell,use_stats=off,2,75,0,0.023
skycell,use_stats=off,2,76,1,0.025
skycell,use_stats=off,2,77,0,0.045
skycell,use_stats=off,2,78,1,0.025
skycell,use_stats=off,2,79,0,0.027
skycell,use_stats=off,2,80,1,0.03
skycell,use_stats=off,2,81,0,0.022
skycell,use_stats=off,2,82,1,0.028
skycell,use_stats=off,2,83,0,0.049
skycell,use_stats=off,2,84,1,0.024
skycell,use_stats=off,2,85,0,0.022
skycell,use_stats=off,2,86,1,0.023
skycell,use_stats=off,2,87,0,0.023
skycell,use_stats=off,2,88,1,0.03
skycell,use_stats=off,2,89,0,0.037
skycell,use_stats=off,2,90,1,0.023
skycell,use_stats=off,2,91,0,0.023
skycell,use_stats=off,2,92,1,0.024
skycell,use_stats=off,2,93,0,0.022
skycell,use_stats=off,2,94,1,0.039
skycell,use_stats=off,2,95,0,0.023
skycell,use_stats=off,2,96,1,0.048
skycell,use_stats=off,2,97,0,0.023
skycell,use_stats=off,2,98,1,0.023
skycell,use_stats=off,2,99,0,0.022
skycell,use_stats=off,2,100,1,0.023
skycell,use_stats=off,2,101,0,0.023
skycell,use_stats=off,2,102,1,0.038
skycell,use_stats=off,2,103,0,0.028
skycell,use_stats=off,2,104,1,0.023
skycell,use_stats=off,2,105,0,0.022
skycell,use_stats=off,2,106,1,0.025
skycell,use_stats=off,2,107,0,0.022
skycell,use_stats=off,2,108,1,0.023
skycell,use_stats=off,2,109,0,0.031
skycell,use_stats=off,2,110,1,0.045
skycell,use_stats=off,2,111,0,0.042
skycell,use_stats=off,2,112,1,0.031
skycell,use_stats=off,2,113,0,0.023
skycell,use_stats=off,2,114,1,0.023
skycell,use_stats=off,2,115,0,0.023
skycell,use_stats=off,2,116,1,0.031
skycell,use_stats=off,2,117,0,0.026
skycell,use_stats=off,2,118,1,0.026
skycell,use_stats=off,2,119,0,0.022
skycell,use_stats=off,2,120,1,0.023
skycell,use_stats=off,2,121,0,0.023
skycell,use_stats=off,2,122,1,0.036
skycell,use_stats=off,2,123,0,0.023
skycell,use_stats=off,2,124,1,0.023
skycell,use_stats=off,2,125,0,0.031
skycell,use_stats=off,2,126,1,0.025
skycell,use_stats=off,2,127,0,0.023
skycell,use_stats=off,2,128,1,0.024
skycell,use_stats=off,2,129,0,0.027
skycell,use_stats=off,2,130,1,0.025
skycell,use_stats=off,2,131,0,0.026
skycell,use_stats=off,2,132,1,0.023
skycell,use_stats=off,2,133,0,0.022
skycell,use_stats=off,2,134,1,0.023
skycell,use_stats=off,2,135,0,0.023
skycell,use_stats=off,2,136,1,0.023
skycell,use_stats=off,2,137,0,0.021
skycell,use_stats=off,2,138,1,0.031
skycell,use_stats=off,2,139,0,0.023
skycell,use_stats=off,2,140,1,0.024
skycell,use_stats=off,2,141,0,0.03
skycell,use_stats=off,2,142,1,0.031
skycell,use_stats=off,2,143,0,0.023
skycell,use_stats=off,2,144,1,0.03
skycell,use_stats=off,2,145,0,0.023
skycell,use_stats=off,2,146,1,0.043
skycell,use_stats=off,2,147,0,0.027
skycell,use_stats=off,2,148,1,0.026
skycell,use_stats=off,2,149,0,0.023
skycell,use_stats=off,2,150,1,0.031
skycell,use_stats=off,2,151,0,0.023
skycell,use_stats=off,2,152,1,0.024
skycell,use_stats=off,2,153,0,0.024
skycell,use_stats=off,2,154,1,0.025
skycell,use_stats=off,2,155,0,0.025
skycell,use_stats=off,2,156,1,0.028
skycell,use_stats=off,2,157,0,0.03
skycell,use_stats=off,2,158,1,0.029
skycell,use_stats=off,2,159,0,0.028
skycell,use_stats=off,2,160,1,0.023
skycell,use_stats=off,2,161,0,0.023
skycell,use_stats=off,2,162,1,0.024
skycell,use_stats=off,2,163,0,0.029
skycell,use_stats=off,2,164,1,0.022
skycell,use_stats=off,2,165,0,0.024
skycell,use_stats=off,2,166,1,0.023
skycell,use_stats=off,2,167,0,0.034
skycell,use_stats=off,2,168,1,0.032
skycell,use_stats=off,2,169,0,0.031
skycell,use_stats=off,2,170,1,0.029
skycell,use_stats=off,2,171,0,0.022
skycell,use_stats=off,2,172,1,0.024
skycell,use_stats=off,2,173,0,0.035
skycell,use_stats=off,2,174,1,0.026
skycell,use_stats=off,2,175,0,0.03
skycell,use_stats=off,2,176,1,0.027
skycell,use_stats=off,2,177,0,0.024
skycell,use_stats=off,2,178,1,0.031
skycell,use_stats=off,2,179,0,0.031
skycell,use_stats=off,2,180,1,0.026
skycell,use_stats=off,2,181,0,0.025
skycell,use_stats=off,2,182,1,0.023
skycell,use_stats=off,2,183,0,0.023
skycell,use_stats=off,2,184,1,0.032
skycell,use_stats=off,2,185,0,0.022
skycell,use_stats=off,2,186,1,0.023
skycell,use_stats=off,2,187,0,0.021
skycell,use_stats=off,2,188,1,0.027
skycell,use_stats=off,2,189,0,0.031
skycell,use_stats=off,2,190,1,0.022
skycell,use_stats=off,2,191,0,0.022
skycell,use_stats=off,2,192,1,0.023
skycell,use_stats=off,2,193,0,0.023
skycell,use_stats=off,2,194,1,0.031
skycell,use_stats=off,2,195,0,0.022
skycell,use_stats=off,2,196,1,0.024
skycell,use_stats=off,2,197,0,0.042
skycell,use_stats=off,2,198,1,0.024
skycell,use_stats=off,2,199,0,0.022
skycell,use_stats=off,2,200,1,0.033
skycell,use_stats=off,2,201,0,0.024
skycell,use_stats=off,2,202,1,0.03
skycell,use_stats=off,2,203,0,0.022
skycell,use_stats=off,2,204,1,0.023
skycell,use_stats=off,2,205,0,0.033
skycell,use_stats=off,2,206,1,0.031
skycell,use_stats=off,2,207,0,0.022
skycell,use_stats=off,2,208,1,0.023
skycell,use_stats=off,2,209,0,0.022
skycell,use_stats=off,2,210,1,0.023
skycell,use_stats=off,2,211,0,0.023
skycell,use_stats=off,2,212,1,0.024
skycell,use_stats=off,2,213,0,0.022
skycell,use_stats=off,2,214,1,0.026
skycell,use_stats=off,2,215,0,0.027
skycell,use_stats=off,2,216,1,0.032
skycell,use_stats=off,2,217,0,0.023
skycell,use_stats=off,2,218,1,0.037
skycell,use_stats=off,2,219,0,0.03
skycell,use_stats=off,2,220,1,0.032
skycell,use_stats=off,2,221,0,0.023
skycell,use_stats=off,2,222,1,0.024
skycell,use_stats=off,2,223,0,0.03
skycell,use_stats=off,2,224,1,0.023
skycell,use_stats=off,2,225,0,0.023
skycell,use_stats=off,2,226,1,0.023
skycell,use_stats=off,2,227,0,0.03
skycell,use_stats=off,2,228,1,0.023
skycell,use_stats=off,2,229,0,0.022
skycell,use_stats=off,2,230,1,0.031
skycell,use_stats=off,2,231,0,0.023
skycell,use_stats=off,2,232,1,0.023
skycell,use_stats=off,2,233,0,0.022
skycell,use_stats=off,2,234,1,0.024
skycell,use_stats=off,2,235,0,0.022
skycell,use_stats=off,2,236,1,0.023
skycell,use_stats=off,2,237,0,0.03
skycell,use_stats=off,2,238,1,0.03
skycell,use_stats=off,2,239,0,0.029
skycell,use_stats=off,2,240,1,0.024
skycell,use_stats=off,2,241,0,0.025
skycell,use_stats=off,2,242,1,0.029
skycell,use_stats=off,2,243,0,0.027
skycell,use_stats=off,2,244,1,0.025
skycell,use_stats=off,2,245,0,0.03
skycell,use_stats=off,2,246,1,0.023
skycell,use_stats=off,2,247,0,0.023
skycell,use_stats=off,2,248,1,0.03
skycell,use_stats=off,2,249,0,0.022
skycell,use_stats=off,2,250,1,0.023
skycell,use_stats=off,2,251,0,0.023
skycell,use_stats=off,2,252,1,0.022
skycell,use_stats=off,2,253,0,0.023
skycell,use_stats=off,2,254,1,0.024
skycell,use_stats=off,2,255,0,0.021
skycell,use_stats=off,2,256,1,0.023
skycell,use_stats=off,2,257,0,0.022
skycell,use_stats=off,2,258,1,0.023
skycell,use_stats=off,2,259,0,0.022
skycell,use_stats=off,2,260,1,0.023
skycell,use_stats=off,2,261,0,0.031
skycell,use_stats=off,2,262,1,0.031
skycell,use_stats=off,2,263,0,0.03
skycell,use_stats=off,2,264,1,0.022
skycell,use_stats=off,2,265,0,0.03
skycell,use_stats=off,2,266,1,0.03
skycell,use_stats=off,2,267,0,0.022
skycell,use_stats=off,2,268,1,0.025
skycell,use_stats=off,2,269,0,0.036
skycell,use_stats=off,2,270,1,0.024
skycell,use_stats=off,2,271,0,0.03
skycell,use_stats=off,2,272,1,0.024
skycell,use_stats=off,2,273,0,0.021
skycell,use_stats=off,2,274,1,0.023
skycell,use_stats=off,2,275,0,0.022
skycell,use_stats=off,2,276,1,0.039
skycell,use_stats=off,2,277,0,0.031
skycell,use_stats=off,2,278,1,0.023
skycell,use_stats=off,2,279,0,0.031
skycell,use_stats=off,2,280,1,0.023
skycell,use_stats=off,2,281,0,0.023
skycell,use_stats=off,2,282,1,0.023
skycell,use_stats=off,2,283,0,0.022
skycell,use_stats=off,2,284,1,0.024
skycell,use_stats=off,2,285,0,0.042
skycell,use_stats=off,2,286,1,0.024
skycell,use_stats=off,2,287,0,0.03
skycell,use_stats=off,2,288,1,0.023
skycell,use_stats=off,2,289,0,0.023
skycell,use_stats=off,2,290,1,0.023
skycell,use_stats=off,2,291,0,0.03
skycell,use_stats=off,2,292,1,0.031
skycell,use_stats=off,2,293,0,0.022
skycell,use_stats=off,2,294,1,0.023
skycell,use_stats=off,2,295,0,0.023
skycell,use_stats=off,2,296,1,0.023
skycell,use_stats=off,2,297,0,0.022
skycell,use_stats=off,2,298,1,0.027
skycell,use_stats=off,2,299,0,0.022
skycell,use_stats=off,2,300,1,0.025
skycell,use_stats=off,2,301,0,0.025
skycell,use_stats=off,2,302,1,0.028
skycell,use_stats=off,2,303,0,0.022
skycell,use_stats=off,2,304,1,0.031
skycell,use_stats=off,2,305,0,0.029
skycell,use_stats=off,2,306,1,0.023
skycell,use_stats=off,2,307,0,0.022
skycell,use_stats=off,2,308,1,0.022
skycell,use_stats=off,2,309,0,0.022
skycell,use_stats=off,2,310,1,0.023
skycell,use_stats=off,2,311,0,0.04
skycell,use_stats=off,2,312,1,0.037
skycell,use_stats=off,2,313,0,0.023
skycell,use_stats=off,2,314,1,0.024
skycell,use_stats=off,2,315,0,0.03
skycell,use_stats=off,2,316,1,0.03
skycell,use_stats=off,2,317,0,0.03
skycell,use_stats=off,2,318,1,0.024
skycell,use_stats=off,2,319,0,0.021
skycell,use_stats=off,2,320,1,0.023
skycell,use_stats=off,2,321,0,0.028
skycell,use_stats=off,2,322,1,0.024
skycell,use_stats=off,2,323,0,0.021
skycell,use_stats=off,2,324,1,0.036
skycell,use_stats=off,2,325,0,0.039
skycell,use_stats=off,2,326,1,0.024
skycell,use_stats=off,2,327,0,0.022
skycell,use_stats=off,2,328,1,0.024
skycell,use_stats=off,2,329,0,0.029
skycell,use_stats=off,2,330,1,0.023
skycell,use_stats=off,2,331,0,0.022
skycell,use_stats=off,2,332,1,0.023
skycell,use_stats=off,2,333,0,0.023
skycell,use_stats=off,2,334,1,0.022
skycell,use_stats=off,2,335,0,0.022
skycell,use_stats=off,2,336,1,0.023
skycell,use_stats=off,2,337,0,0.022
skycell,use_stats=off,2,338,1,0.023
skycell,use_stats=off,2,339,0,0.022
skycell,use_stats=off,2,340,1,0.03
skycell,use_stats=off,2,341,0,0.022
skycell,use_stats=off,2,342,1,0.023
skycell,use_stats=off,2,343,0,0.021
skycell,use_stats=off,2,344,1,0.024
skycell,use_stats=off,2,345,0,0.021
skycell,use_stats=off,2,346,1,0.023
skycell,use_stats=off,2,347,0,0.023
skycell,use_stats=off,2,348,1,0.031
skycell,use_stats=off,2,349,0,0.029
skycell,use_stats=off,2,350,1,0.03
skycell,use_stats=off,2,351,0,0.023
skycell,use_stats=off,2,352,1,0.023
skycell,use_stats=off,2,353,0,0.03
skycell,use_stats=off,2,354,1,0.031
skycell,use_stats=off,2,355,0,0.022
skycell,use_stats=off,2,356,1,0.031
skycell,use_stats=off,2,357,0,0.024
skycell,use_stats=off,2,358,1,0.022
skycell,use_stats=off,2,359,0,0.022
skycell,use_stats=off,2,360,1,0.024
skycell,use_stats=off,2,361,0,0.021
skycell,use_stats=off,2,362,1,0.023
skycell,use_stats=off,2,363,0,0.021
skycell,use_stats=off,2,364,1,0.031
skycell,use_stats=off,2,365,0,0.022
skycell,use_stats=off,2,366,1,0.024
skycell,use_stats=off,2,367,0,0.035
skycell,use_stats=off,2,368,1,0.023
skycell,use_stats=off,2,369,0,0.022
skycell,use_stats=off,2,370,1,0.022
skycell,use_stats=off,2,371,0,0.021
skycell,use_stats=off,2,372,1,0.023
skycell,use_stats=off,2,373,0,0.023
skycell,use_stats=off,2,374,1,0.022
skycell,use_stats=off,2,375,0,0.031
skycell,use_stats=off,2,376,1,0.024
skycell,use_stats=off,2,377,0,0.026
skycell,use_stats=off,2,378,1,0.031
skycell,use_stats=off,2,379,0,0.021
skycell,use_stats=off,2,380,1,0.022
skycell,use_stats=off,2,381,0,0.021
skycell,use_stats=off,2,382,1,0.031
skycell,use_stats=off,2,383,0,0.036
skycell,use_stats=off,2,384,1,0.023
skycell,use_stats=off,2,385,0,0.03
skycell,use_stats=off,2,386,1,0.034
skycell,use_stats=off,2,387,0,0.029
skycell,use_stats=off,2,388,1,0.031
skycell,use_stats=off,2,389,0,0.03
skycell,use_stats=off,2,390,1,0.03
skycell,use_stats=off,2,391,0,0.025
skycell,use_stats=off,2,392,1,0.026
skycell,use_stats=off,2,393,0,0.023
skycell,use_stats=off,2,394,1,0.032
skycell,use_stats=off,2,395,0,0.028
skycell,use_stats=off,2,396,1,0.03
skycell,use_stats=off,2,397,0,0.025
skycell,use_stats=off,2,398,1,0.023
skycell,use_stats=off,2,399,0,0.027
skycell,use_stats=off,2,400,1,0.031
skycell,use_stats=off,2,401,0,0.023
skycell,use_stats=off,2,402,1,0.029
skycell,use_stats=off,2,403,0,0.026
skycell,use_stats=off,2,404,1,0.032
skycell,use_stats=off,2,405,0,0.022
skycell,use_stats=off,2,406,1,0.025
skycell,use_stats=off,2,407,0,0.034
skycell,use_stats=off,2,408,1,0.039
skycell,use_stats=off,2,409,0,0.022
skycell,use_stats=off,2,410,1,0.036
skycell,use_stats=off,2,411,0,0.022
skycell,use_stats=off,2,412,1,0.023
skycell,use_stats=off,2,413,0,0.023
skycell,use_stats=off,2,414,1,0.033
skycell,use_stats=off,2,415,0,0.025
skycell,use_stats=off,2,416,1,0.023
skycell,use_stats=off,2,417,0,0.028
skycell,use_stats=off,2,418,1,0.035
skycell,use_stats=off,2,419,0,0.022
skycell,use_stats=off,2,420,1,0.022
skycell,use_stats=off,2,421,0,0.022
skycell,use_stats=off,2,422,1,0.04
skycell,use_stats=off,2,423,0,0.028
skycell,use_stats=off,2,424,1,0.031
skycell,use_stats=off,2,425,1,0.031
skycell,use_stats=off,2,426,1,0.023
skycell,use_stats=off,2,427,0,0.03
skycell,use_stats=off,2,428,1,0.025
skycell,use_stats=off,2,429,0,0.023
skycell,use_stats=off,2,430,1,0.023
skycell,use_stats=off,2,431,0,0.027
skycell,use_stats=off,2,432,1,0.024
skycell,use_stats=off,2,433,0,0.022
skycell,use_stats=off,2,434,1,0.023
skycell,use_stats=off,2,435,0,0.022
skycell,use_stats=off,2,436,1,0.023
skycell,use_stats=off,2,437,0,0.022
skycell,use_stats=off,2,438,1,0.022
skycell,use_stats=off,2,439,0,0.031
skycell,use_stats=off,2,440,1,0.023
skycell,use_stats=off,2,441,0,0.022
skycell,use_stats=off,2,442,1,0.023
skycell,use_stats=off,2,443,0,0.032
skycell,use_stats=off,2,444,1,0.036
skycell,use_stats=off,2,445,0,0.021
skycell,use_stats=off,2,446,1,0.023
skycell,use_stats=off,2,447,0,0.03
skycell,use_stats=off,2,448,1,0.031
skycell,use_stats=off,2,449,0,0.047
skycell,use_stats=off,2,450,1,0.023
skycell,use_stats=off,2,451,0,0.03
skycell,use_stats=off,2,452,1,0.031
skycell,use_stats=off,2,453,0,0.026
skycell,use_stats=off,2,454,1,0.023
skycell,use_stats=off,2,455,0,0.022
skycell,use_stats=off,2,456,1,0.031
skycell,use_stats=off,2,457,0,0.039
skycell,use_stats=off,2,458,1,0.025
skycell,use_stats=off,2,459,0,0.029
skycell,use_stats=off,2,460,1,0.023
skycell,use_stats=off,2,461,0,0.024
skycell,use_stats=off,2,462,1,0.028
skycell,use_stats=off,2,463,0,0.036
skycell,use_stats=off,2,464,1,0.024
skycell,use_stats=off,2,465,0,0.041
skycell,use_stats=off,2,466,1,0.025
skycell,use_stats=off,2,467,0,0.036
skycell,use_stats=off,2,468,2,0.031
skycell,use_stats=off,2,469,0,0.026
skycell,use_stats=off,2,470,1,0.03
skycell,use_stats=off,2,471,0,0.022
skycell,use_stats=off,2,472,1,0.03
skycell,use_stats=off,2,473,0,0.027
skycell,use_stats=off,2,474,1,0.023
skycell,use_stats=off,2,475,0,0.022
skycell,use_stats=off,2,476,1,0.023
skycell,use_stats=off,2,477,0,0.03
skycell,use_stats=off,2,478,1,0.026
skycell,use_stats=off,2,479,0,0.023
skycell,use_stats=off,2,480,1,0.023
skycell,use_stats=off,2,481,0,0.04
skycell,use_stats=off,2,482,1,0.026
skycell,use_stats=off,2,483,0,0.03
skycell,use_stats=off,2,484,1,0.024
skycell,use_stats=off,2,485,0,0.031
skycell,use_stats=off,2,486,1,0.025
skycell,use_stats=off,2,487,0,0.023
skycell,use_stats=off,2,488,1,0.023
skycell,use_stats=off,2,489,0,0.039
skycell,use_stats=off,2,490,1,0.034
skycell,use_stats=off,2,491,0,0.026
skycell,use_stats=off,2,492,1,0.028
skycell,use_stats=off,2,493,0,0.029
skycell,use_stats=off,2,494,1,0.023
skycell,use_stats=off,2,495,0,0.022
skycell,use_stats=off,2,496,1,0.036
skycell,use_stats=off,2,497,0,0.028
skycell,use_stats=off,2,498,1,0.023
skycell,use_stats=off,2,499,0,0.023
skycell,use_stats=off,2,500,1,0.031
skycell,use_stats=off,2,501,0,0.03
skycell,use_stats=off,2,502,1,0.023
skycell,use_stats=off,2,503,0,0.028
skycell,use_stats=off,2,504,1,0.031
skycell,use_stats=off,2,505,0,0.023
skycell,use_stats=off,2,506,2,0.035
skycell,use_stats=off,2,507,0,0.023
skycell,use_stats=off,2,508,1,0.023
skycell,use_stats=off,2,509,0,0.036
skycell,use_stats=off,2,510,1,0.024
skycell,use_stats=off,2,511,0,0.023
skycell,use_stats=off,2,512,1,0.022
skycell,use_stats=off,2,513,0,0.03
skycell,use_stats=off,2,514,1,0.024
skycell,use_stats=off,2,515,0,0.031
skycell,use_stats=off,2,516,1,0.023
skycell,use_stats=off,2,517,0,0.021
skycell,use_stats=off,2,518,1,0.032
skycell,use_stats=off,2,519,0,0.028
skycell,use_stats=off,2,520,1,0.022
skycell,use_stats=off,2,521,0,0.022
skycell,use_stats=off,2,522,1,0.022
skycell,use_stats=off,2,523,0,0.031
skycell,use_stats=off,2,524,1,0.032
skycell,use_stats=off,2,525,0,0.035
skycell,use_stats=off,2,526,1,0.024
skycell,use_stats=off,2,527,0,0.022
skycell,use_stats=off,2,528,1,0.028
skycell,use_stats=off,2,529,0,0.027
skycell,use_stats=off,2,530,1,0.023
skycell,use_stats=off,2,531,0,0.023
skycell,use_stats=off,2,532,1,0.023
skycell,use_stats=off,2,533,0,0.03
skycell,use_stats=off,2,534,1,0.033
skycell,use_stats=off,2,535,0,0.024
skycell,use_stats=off,2,536,1,0.023
skycell,use_stats=off,2,537,0,0.03
skycell,use_stats=off,2,538,1,0.025
skycell,use_stats=off,2,539,0,0.023
skycell,use_stats=off,2,540,1,0.034
skycell,use_stats=off,2,541,0,0.033
skycell,use_stats=off,2,542,1,0.024
skycell,use_stats=off,2,543,0,0.023
skycell,use_stats=off,2,544,1,0.028
skycell,use_stats=off,2,545,0,0.029
skycell,use_stats=off,2,546,1,0.023
skycell,use_stats=off,2,547,0,0.023
skycell,use_stats=off,2,548,1,0.023
skycell,use_stats=off,2,549,0,0.03
skycell,use_stats=off,2,550,1,0.026
skycell,use_stats=off,2,551,0,0.022
skycell,use_stats=off,2,552,1,0.045
skycell,use_stats=off,2,553,0,0.036
skycell,use_stats=off,2,554,1,0.024
skycell,use_stats=off,2,555,0,0.022
skycell,use_stats=off,2,556,1,0.028
skycell,use_stats=off,2,557,0,0.028
skycell,use_stats=off,2,558,1,0.023
skycell,use_stats=off,2,559,0,0.03
skycell,use_stats=off,2,560,1,0.044
skycell,use_stats=off,2,561,0,0.037
skycell,use_stats=off,2,562,1,0.025
skycell,use_stats=off,2,563,0,0.039
skycell,use_stats=off,2,564,1,0.026
skycell,use_stats=off,2,565,0,0.023
skycell,use_stats=off,2,566,1,0.022
skycell,use_stats=off,2,567,0,0.032
skycell,use_stats=off,2,568,1,0.025
skycell,use_stats=off,2,569,0,0.03
skycell,use_stats=off,2,570,1,0.024
skycell,use_stats=off,2,571,0,0.03
skycell,use_stats=off,2,572,13,0.04
skycell,use_stats=off,2,573,0,0.023
skycell,use_stats=off,2,574,1,0.037
skycell,use_stats=off,2,575,0,0.027
skycell,use_stats=off,2,576,1,0.024
skycell,use_stats=off,2,577,0,0.023
skycell,use_stats=off,2,578,2,0.025
skycell,use_stats=off,2,579,0,0.023
skycell,use_stats=off,2,580,1,0.023
skycell,use_stats=off,2,581,0,0.035
skycell,use_stats=off,2,582,1,0.039
skycell,use_stats=off,2,583,0,0.03
skycell,use_stats=off,2,584,1,0.023
skycell,use_stats=off,2,585,0,0.022
skycell,use_stats=off,2,586,1,0.024
skycell,use_stats=off,2,587,0,0.022
skycell,use_stats=off,2,588,1,0.022
skycell,use_stats=off,2,589,0,0.022
skycell,use_stats=off,2,590,1,0.031
skycell,use_stats=off,2,591,0,0.027
skycell,use_stats=off,2,592,1,0.024
skycell,use_stats=off,2,593,0,0.022
skycell,use_stats=off,2,594,1,0.022
skycell,use_stats=off,2,595,0,0.033
skycell,use_stats=off,2,596,1,0.027
skycell,use_stats=off,2,597,0,0.03
skycell,use_stats=off,2,598,1,0.023
skycell,use_stats=off,2,599,0,0.023
skycell,use_stats=off,2,600,1,0.026
skycell,use_stats=off,2,601,0,0.024
skycell,use_stats=off,2,602,1,0.023
skycell,use_stats=off,2,603,0,0.023
skycell,use_stats=off,2,604,2,0.038
skycell,use_stats=off,2,605,0,0.024
skycell,use_stats=off,2,606,18,0.059
skycell,use_stats=off,2,607,0,0.03
skycell,use_stats=off,2,608,1,0.032
skycell,use_stats=off,2,609,0,0.025
skycell,use_stats=off,2,610,1,0.024
skycell,use_stats=off,2,611,0,0.031
skycell,use_stats=off,2,612,1,0.032
skycell,use_stats=off,2,613,0,0.034
skycell,use_stats=off,2,614,1,0.024
skycell,use_stats=off,2,615,0,0.022
skycell,use_stats=off,2,616,1,0.024
skycell,use_stats=off,2,617,0,0.027
skycell,use_stats=off,2,618,1,0.025
skycell,use_stats=off,2,619,0,0.022
skycell,use_stats=off,2,620,1,0.023
skycell,use_stats=off,2,621,0,0.022
skycell,use_stats=off,2,622,1,0.038
skycell,use_stats=off,2,623,0,0.03
skycell,use_stats=off,2,624,1,0.023
skycell,use_stats=off,2,625,0,0.022
skycell,use_stats=off,2,626,1,0.034
skycell,use_stats=off,2,627,0,0.032
skycell,use_stats=off,2,628,1,0.024
skycell,use_stats=off,2,629,0,0.029
skycell,use_stats=off,2,630,1,0.024
skycell,use_stats=off,2,631,0,0.03
skycell,use_stats=off,2,632,1,0.024
skycell,use_stats=off,2,633,0,0.022
skycell,use_stats=off,2,634,1,0.031
skycell,use_stats=off,2,635,0,0.03
skycell,use_stats=off,2,636,1,0.023
skycell,use_stats=off,2,637,1,0.032
skycell,use_stats=off,2,638,1,0.023
skycell,use_stats=off,2,639,0,0.03
skycell,use_stats=off,2,640,1,0.024
skycell,use_stats=off,2,641,0,0.029
skycell,use_stats=off,2,642,1,0.024
skycell,use_stats=off,2,643,0,0.029
skycell,use_stats=off,2,644,1,0.023
skycell,use_stats=off,2,645,0,0.022
skycell,use_stats=off,2,646,1,0.023
skycell,use_stats=off,2,647,0,0.03
skycell,use_stats=off,2,648,1,0.024
skycell,use_stats=off,2,649,0,0.022
skycell,use_stats=off,2,650,1,0.023
skycell,use_stats=off,2,651,0,0.029
skycell,use_stats=off,2,652,1,0.023
skycell,use_stats=off,2,653,0,0.023
skycell,use_stats=off,2,654,1,0.022
skycell,use_stats=off,2,655,0,0.024
skycell,use_stats=off,2,656,1,0.023
skycell,use_stats=off,2,657,0,0.028
skycell,use_stats=off,2,658,11,0.04
skycell,use_stats=off,2,659,0,0.031
skycell,use_stats=off,2,660,1,0.032
skycell,use_stats=off,2,661,0,0.022
skycell,use_stats=off,2,662,1,0.025
skycell,use_stats=off,2,663,0,0.022
skycell,use_stats=off,2,664,1,0.031
skycell,use_stats=off,2,665,0,0.023
skycell,use_stats=off,2,666,1,0.032
skycell,use_stats=off,2,667,0,0.023
skycell,use_stats=off,2,668,1,0.023
skycell,use_stats=off,2,669,0,0.021
skycell,use_stats=off,2,670,1,0.033
skycell,use_stats=off,2,671,0,0.022
skycell,use_stats=off,2,672,2,0.03
skycell,use_stats=off,2,673,0,0.024
skycell,use_stats=off,2,674,1,0.023
skycell,use_stats=off,2,675,0,0.031
skycell,use_stats=off,2,676,1,0.035
skycell,use_stats=off,2,677,0,0.023
skycell,use_stats=off,2,678,1,0.024
skycell,use_stats=off,2,679,0,0.023
skycell,use_stats=off,2,680,1,0.023
skycell,use_stats=off,2,681,0,0.022
skycell,use_stats=off,2,682,1,0.033
skycell,use_stats=off,2,683,0,0.022
skycell,use_stats=off,2,684,1,0.023
skycell,use_stats=off,2,685,0,0.022
skycell,use_stats=off,2,686,1,0.032
skycell,use_stats=off,2,687,0,0.023
skycell,use_stats=off,2,688,11,0.041
skycell,use_stats=off,2,689,0,0.025
skycell,use_stats=off,2,690,1,0.022
skycell,use_stats=off,2,691,0,0.023
skycell,use_stats=off,2,692,1,0.023
skycell,use_stats=off,2,693,0,0.04
skycell,use_stats=off,2,694,1,0.034
skycell,use_stats=off,2,695,0,0.023
skycell,use_stats=off,2,696,1,0.032
skycell,use_stats=off,2,697,0,0.03
skycell,use_stats=off,2,698,1,0.024
skycell,use_stats=off,2,699,0,0.03
skycell,use_stats=off,2,700,1,0.03
skycell,use_stats=off,2,701,0,0.033
skycell,use_stats=off,2,702,2,0.027
skycell,use_stats=off,2,703,0,0.022
skycell,use_stats=off,2,704,1,0.023
skycell,use_stats=off,2,705,0,0.032
skycell,use_stats=off,2,706,1,0.025
skycell,use_stats=off,2,707,0,0.028
skycell,use_stats=off,2,708,1,0.029
skycell,use_stats=off,2,709,0,0.023
skycell,use_stats=off,2,710,1,0.031
skycell,use_stats=off,2,711,0,0.022
skycell,use_stats=off,2,712,1,0.023
skycell,use_stats=off,2,713,0,0.029
skycell,use_stats=off,2,714,1,0.032
skycell,use_stats=off,2,715,0,0.025
skycell,use_stats=off,2,716,1,0.032
skycell,use_stats=off,2,717,0,0.022
skycell,use_stats=off,2,718,1,0.023
skycell,use_stats=off,2,719,0,0.022
skycell,use_stats=off,2,720,1,0.031
skycell,use_stats=off,2,721,0,0.029
skycell,use_stats=off,2,722,1,0.024
skycell,use_stats=off,2,723,0,0.024
skycell,use_stats=off,2,724,1,0.028
skycell,use_stats=off,2,725,0,0.022
skycell,use_stats=off,2,726,1,0.024
skycell,use_stats=off,2,727,0,0.024
skycell,use_stats=off,2,728,1,0.023
skycell,use_stats=off,2,729,0,0.027
skycell,use_stats=off,2,730,1,0.026
skycell,use_stats=off,2,731,0,0.029
skycell,use_stats=off,2,732,1,0.031
skycell,use_stats=off,2,733,0,0.031
skycell,use_stats=off,2,734,1,0.024
skycell,use_stats=off,2,735,0,0.023
skycell,use_stats=off,2,736,1,0.045
skycell,use_stats=off,2,737,0,0.025
skycell,use_stats=off,2,738,1,0.023
skycell,use_stats=off,2,739,0,0.029
skycell,use_stats=off,2,740,1,0.03
skycell,use_stats=off,2,741,0,0.023
skycell,use_stats=off,2,742,1,0.023
skycell,use_stats=off,2,743,0,0.027
skycell,use_stats=off,2,744,1,0.037
skycell,use_stats=off,2,745,0,0.022
skycell,use_stats=off,2,746,1,0.023
skycell,use_stats=off,2,747,0,0.022
skycell,use_stats=off,2,748,1,0.033
skycell,use_stats=off,2,749,0,0.035
skycell,use_stats=off,2,750,1,0.024
skycell,use_stats=off,2,751,0,0.023
skycell,use_stats=off,2,752,1,0.022
skycell,use_stats=off,2,753,0,0.024
skycell,use_stats=off,2,754,1,0.026
skycell,use_stats=off,2,755,0,0.023
skycell,use_stats=off,2,756,2,0.023
skycell,use_stats=off,2,757,0,0.028
skycell,use_stats=off,2,758,1,0.028
skycell,use_stats=off,2,759,0,0.037
skycell,use_stats=off,2,760,1,0.031
skycell,use_stats=off,2,761,0,0.022
skycell,use_stats=off,2,762,1,0.025
skycell,use_stats=off,2,763,0,0.022
skycell,use_stats=off,2,764,1,0.023
skycell,use_stats=off,2,765,0,0.029
skycell,use_stats=off,2,766,1,0.024
skycell,use_stats=off,2,767,0,0.022
skycell,use_stats=off,2,768,1,0.023
skycell,use_stats=off,2,769,0,0.022
skycell,use_stats=off,2,770,3,0.067
skycell,use_stats=off,2,771,0,0.023
skycell,use_stats=off,2,772,1,0.023
skycell,use_stats=off,2,773,0,0.022
skycell,use_stats=off,2,774,1,0.023
skycell,use_stats=off,2,775,0,0.022
skycell,use_stats=off,2,776,1,0.023
skycell,use_stats=off,2,777,0,0.022
skycell,use_stats=off,2,778,1,0.024
skycell,use_stats=off,2,779,0,0.03
skycell,use_stats=off,2,780,1,0.031
skycell,use_stats=off,2,781,0,0.021
skycell,use_stats=off,2,782,1,0.024
skycell,use_stats=off,2,783,0,0.03
skycell,use_stats=off,2,784,1,0.024
skycell,use_stats=off,2,785,0,0.022
skycell,use_stats=off,2,786,1,0.024
skycell,use_stats=off,2,787,0,0.022
skycell,use_stats=off,2,788,1,0.023
skycell,use_stats=off,2,789,0,0.022
skycell,use_stats=off,2,790,1,0.023
skycell,use_stats=off,2,791,0,0.038
skycell,use_stats=off,2,792,1,0.031
skycell,use_stats=off,2,793,0,0.03
skycell,use_stats=off,2,794,1,0.031
skycell,use_stats=off,2,795,0,0.028
skycell,use_stats=off,2,796,1,0.025
skycell,use_stats=off,2,797,0,0.023
skycell,use_stats=off,2,798,1,0.022
skycell,use_stats=off,2,799,0,0.031
skycell,use_stats=off,2,800,1,0.033
skycell,use_stats=off,2,801,0,0.023
skycell,use_stats=off,2,802,2,0.027
skycell,use_stats=off,2,803,0,0.023
skycell,use_stats=off,2,804,1,0.026
skycell,use_stats=off,2,805,0,0.023
skycell,use_stats=off,2,806,2,0.028
skycell,use_stats=off,2,807,0,0.029
skycell,use_stats=off,2,808,3,0.044
skycell,use_stats=off,2,809,0,0.031
skycell,use_stats=off,2,810,1,0.026
skycell,use_stats=off,2,811,1,0.025
skycell,use_stats=off,2,812,1,0.032
skycell,use_stats=off,2,813,0,0.025
skycell,use_stats=off,2,814,1,0.023
skycell,use_stats=off,2,815,0,0.032
skycell,use_stats=off,2,816,2,0.025
skycell,use_stats=off,2,817,0,0.029
skycell,use_stats=off,2,818,1,0.024
skycell,use_stats=off,2,819,0,0.023
skycell,use_stats=off,2,820,4,0.043
skycell,use_stats=off,2,821,0,0.022
skycell,use_stats=off,2,822,199,0.198
skycell,use_stats=off,2,823,0,0.03
skycell,use_stats=off,2,824,2,0.024
skycell,use_stats=off,2,825,0,0.023
skycell,use_stats=off,2,826,1,0.023
skycell,use_stats=off,2,827,0,0.034
skycell,use_stats=off,2,828,1,0.024
skycell,use_stats=off,2,829,1,0.034
skycell,use_stats=off,2,830,2,0.033
skycell,use_stats=off,2,831,1,0.023
skycell,use_stats=off,2,832,1,0.023
skycell,use_stats=off,2,833,0,0.022
skycell,use_stats=off,2,834,1,0.023
skycell,use_stats=off,2,835,0,0.023
skycell,use_stats=off,2,836,8,0.042
skycell,use_stats=off,2,837,0,0.023
skycell,use_stats=off,2,838,1,0.025
skycell,use_stats=off,2,839,0,0.023
skycell,use_stats=off,2,840,2,0.034
skycell,use_stats=off,2,841,0,0.03
skycell,use_stats=off,2,842,1,0.025
skycell,use_stats=off,2,843,0,0.022
skycell,use_stats=off,2,844,1,0.024
skycell,use_stats=off,2,845,0,0.023
skycell,use_stats=off,2,846,1,0.024
skycell,use_stats=off,2,847,0,0.022
skycell,use_stats=off,2,848,1,0.023
skycell,use_stats=off,2,849,0,0.023
skycell,use_stats=off,2,850,1,0.023
skycell,use_stats=off,2,851,0,0.023
skycell,use_stats=off,2,852,2,0.025
skycell,use_stats=off,2,853,0,0.023
skycell,use_stats=off,2,854,2,0.034
skycell,use_stats=off,2,855,0,0.022
skycell,use_stats=off,2,856,3,0.044
skycell,use_stats=off,2,857,0,0.023
skycell,use_stats=off,2,858,8,0.024
skycell,use_stats=off,2,859,0,0.023
skycell,use_stats=off,2,860,1,0.024
skycell,use_stats=off,2,861,0,0.022
skycell,use_stats=off,2,862,3,0.033
skycell,use_stats=off,2,863,0,0.023
skycell,use_stats=off,2,864,359,0.235
skycell,use_stats=off,2,865,0,0.032
skycell,use_stats=off,2,866,2,0.035
skycell,use_stats=off,2,867,0,0.024
skycell,use_stats=off,2,868,2,0.027
skycell,use_stats=off,2,869,0,0.023
skycell,use_stats=off,2,870,1,0.023
skycell,use_stats=off,2,871,0,0.021
skycell,use_stats=off,2,872,3,0.04
skycell,use_stats=off,2,873,0,0.022
skycell,use_stats=off,2,874,5,0.027
skycell,use_stats=off,2,875,0,0.022
skycell,use_stats=off,2,876,3,0.023
skycell,use_stats=off,2,877,0,0.022
skycell,use_stats=off,2,878,1,0.023
skycell,use_stats=off,2,879,0,0.022
skycell,use_stats=off,2,880,1,0.023
skycell,use_stats=off,2,881,0,0.022
skycell,use_stats=off,2,882,1,0.024
skycell,use_stats=off,2,883,0,0.031
skycell,use_stats=off,2,884,3,0.024
skycell,use_stats=off,2,885,1,0.034
skycell,use_stats=off,2,886,4,0.028
skycell,use_stats=off,2,887,0,0.023
skycell,use_stats=off,2,888,1,0.022
skycell,use_stats=off,2,889,0,0.024
skycell,use_stats=off,2,890,2,0.024
skycell,use_stats=off,2,891,3,0.025
skycell,use_stats=off,2,892,1,0.023
skycell,use_stats=off,2,893,3,0.033
skycell,use_stats=off,2,894,2,0.023
skycell,use_stats=off,2,895,0,0.022
skycell,use_stats=off,2,896,1,0.023
skycell,use_stats=off,2,897,0,0.023
skycell,use_stats=off,2,898,2,0.033
skycell,use_stats=off,2,899,0,0.023
skycell,use_stats=off,2,900,1,0.032
skycell,use_stats=off,2,901,0,0.023
skycell,use_stats=off,2,902,3,0.039
skycell,use_stats=off,2,903,0,0.033
skycell,use_stats=off,2,904,2,0.058
skycell,use_stats=off,2,905,0,0.022
skycell,use_stats=off,2,906,4,0.027
skycell,use_stats=off,2,907,1,0.023
skycell,use_stats=off,2,908,3,0.024
skycell,use_stats=off,2,909,0,0.023
skycell,use_stats=off,2,910,5,0.024
skycell,use_stats=off,2,911,0,0.03
skycell,use_stats=off,2,912,1,0.031
skycell,use_stats=off,2,913,0,0.023
skycell,use_stats=off,2,914,1,0.023
skycell,use_stats=off,2,915,0,0.023
skycell,use_stats=off,2,916,1,0.023
skycell,use_stats=off,2,917,0,0.022
skycell,use_stats=off,2,918,1,0.033
skycell,use_stats=off,2,919,0,0.023
skycell,use_stats=off,2,920,1,0.03
skycell,use_stats=off,2,921,0,0.03
skycell,use_stats=off,2,922,1,0.022
skycell,use_stats=off,2,923,0,0.043
skycell,use_stats=off,2,924,4,0.028
skycell,use_stats=off,2,925,0,0.03
skycell,use_stats=off,2,926,2,0.031
skycell,use_stats=off,2,927,0,0.023
skycell,use_stats=off,2,928,48,0.08
skycell,use_stats=off,2,929,0,0.023
skycell,use_stats=off,2,930,4,0.03
skycell,use_stats=off,2,931,0,0.022
skycell,use_stats=off,2,932,2,0.034
skycell,use_stats=off,2,933,2,0.032
skycell,use_stats=off,2,934,2,0.039
skycell,use_stats=off,2,935,0,0.023
skycell,use_stats=off,2,936,5,0.026
skycell,use_stats=off,2,937,2,0.026
skycell,use_stats=off,2,938,1,0.024
skycell,use_stats=off,2,939,0,0.031
skycell,use_stats=off,2,940,2,0.025
skycell,use_stats=off,2,941,0,0.022
skycell,use_stats=off,2,942,4,0.031
skycell,use_stats=off,2,943,0,0.03
skycell,use_stats=off,2,944,1,0.031
skycell,use_stats=off,2,945,0,0.023
skycell,use_stats=off,2,946,4,0.03
skycell,use_stats=off,2,947,0,0.023
skycell,use_stats=off,2,948,2,0.029
skycell,use_stats=off,2,949,0,0.031
skycell,use_stats=off,2,950,1,0.023
skycell,use_stats=off,2,951,0,0.023
skycell,use_stats=off,2,952,1,0.023
skycell,use_stats=off,2,953,0,0.032
skycell,use_stats=off,2,954,1,0.024
skycell,use_stats=off,2,955,0,0.023
skycell,use_stats=off,2,956,1,0.031
skycell,use_stats=off,2,957,0,0.022
skycell,use_stats=off,2,958,1,0.023
skycell,use_stats=off,2,959,0,0.033
skycell,use_stats=off,2,960,1,0.031
skycell,use_stats=off,2,961,0,0.03
skycell,use_stats=off,2,962,2,0.024
skycell,use_stats=off,2,963,0,0.032
skycell,use_stats=off,2,964,3,0.035
skycell,use_stats=off,2,965,0,0.021
skycell,use_stats=off,2,966,1,0.023
skycell,use_stats=off,2,967,0,0.029
skycell,use_stats=off,2,968,2,0.024
skycell,use_stats=off,2,969,0,0.029
skycell,use_stats=off,2,970,18,0.034
skycell,use_stats=off,2,971,2,0.026
skycell,use_stats=off,2,972,2,0.023
skycell,use_stats=off,2,973,0,0.031
skycell,use_stats=off,2,974,3,0.024
skycell,use_stats=off,2,975,0,0.03
skycell,use_stats=off,2,976,3,0.025
skycell,use_stats=off,2,977,1,0.028
skycell,use_stats=off,2,978,1,0.031
skycell,use_stats=off,2,979,0,0.023
skycell,use_stats=off,2,980,1,0.026
skycell,use_stats=off,2,981,0,0.022
skycell,use_stats=off,2,982,7,0.026
skycell,use_stats=off,2,983,0,0.031
skycell,use_stats=off,2,984,2,0.024
skycell,use_stats=off,2,985,0,0.024
skycell,use_stats=off,2,986,5,0.03
skycell,use_stats=off,2,987,0,0.029
skycell,use_stats=off,2,988,1,0.023
skycell,use_stats=off,2,989,0,0.022
skycell,use_stats=off,2,990,6,0.033
skycell,use_stats=off,2,991,0,0.032
skycell,use_stats=off,2,992,1,0.034
skycell,use_stats=off,2,993,0,0.022
skycell,use_stats=off,2,994,1,0.033
skycell,use_stats=off,2,995,0,0.023
skycell,use_stats=off,2,996,5,0.035
skycell,use_stats=off,2,997,0,0.022
skycell,use_stats=off,2,998,5,0.034
skycell,use_stats=off,2,999,0,0.023
skycell,use_stats=off,2,1000,1,0.024
skycell,use_stats=off,2,1001,0,0.023
skycell,use_stats=off,2,1002,1,0.023
skycell,use_stats=off,2,1003,0,0.03
skycell,use_stats=off,2,1004,1,0.03
skycell,use_stats=off,2,1005,0,0.032
skycell,use_stats=off,2,1006,3,0.026
skycell,use_stats=off,2,1007,1,0.03
skycell,use_stats=off,2,1008,2,0.026
skycell,use_stats=off,2,1009,0,0.022
skycell,use_stats=off,2,1010,2,0.024
skycell,use_stats=off,2,1011,0,0.029
skycell,use_stats=off,2,1012,1,0.023
skycell,use_stats=off,2,1013,1,0.027
skycell,use_stats=off,2,1014,2,0.033
skycell,use_stats=off,2,1015,0,0.027
skycell,use_stats=off,2,1016,1,0.023
skycell,use_stats=off,2,1017,0,0.03
skycell,use_stats=off,2,1018,3,0.024
skycell,use_stats=off,2,1019,0,0.022
skycell,use_stats=off,2,1020,1,0.022
skycell,use_stats=off,2,1021,0,0.024
skycell,use_stats=off,2,1022,1,0.031
skycell,use_stats=off,2,1023,0,0.022
skycell,use_stats=off,2,1024,1,0.024
skycell,use_stats=off,2,1025,0,0.022
skycell,use_stats=off,2,1026,1,0.024
skycell,use_stats=off,2,1027,0,0.04
skycell,use_stats=off,2,1028,4,0.032
skycell,use_stats=off,2,1029,0,0.023
skycell,use_stats=off,2,1030,1,0.023
skycell,use_stats=off,2,1031,0,0.031
skycell,use_stats=off,2,1032,1,0.03
skycell,use_stats=off,2,1033,0,0.023
skycell,use_stats=off,2,1034,2,0.023
skycell,use_stats=off,2,1035,0,0.023
skycell,use_stats=off,2,1036,1,0.025
skycell,use_stats=off,2,1037,0,0.022
skycell,use_stats=off,2,1038,1,0.025
skycell,use_stats=off,2,1039,0,0.023
skycell,use_stats=off,2,1040,1,0.03
skycell,use_stats=off,2,1041,0,0.03
skycell,use_stats=off,2,1042,1,0.026
skycell,use_stats=off,2,1043,0,0.021
skycell,use_stats=off,2,1044,1,0.024
skycell,use_stats=off,2,1045,1,0.034
skycell,use_stats=off,2,1046,3,0.024
skycell,use_stats=off,2,1047,0,0.022
skycell,use_stats=off,2,1048,1,0.026
skycell,use_stats=off,2,1049,0,0.023
skycell,use_stats=off,2,1050,3,0.03
skycell,use_stats=off,2,1051,0,0.023
skycell,use_stats=off,2,1052,1,0.032
skycell,use_stats=off,2,1053,0,0.032
skycell,use_stats=off,2,1054,1,0.03
skycell,use_stats=off,2,1055,0,0.023
skycell,use_stats=off,2,1056,1,0.023
skycell,use_stats=off,2,1057,0,0.022
skycell,use_stats=off,2,1058,64,0.084
skycell,use_stats=off,2,1059,0,0.024
skycell,use_stats=off,2,1060,1,0.036
skycell,use_stats=off,2,1061,0,0.032
skycell,use_stats=off,2,1062,1,0.028
skycell,use_stats=off,2,1063,0,0.024
skycell,use_stats=off,2,1064,6,0.037
skycell,use_stats=off,2,1065,2,0.023
skycell,use_stats=off,2,1066,2,0.024
skycell,use_stats=off,2,1067,0,0.031
skycell,use_stats=off,2,1068,2,0.025
skycell,use_stats=off,2,1069,0,0.022
skycell,use_stats=off,2,1070,4,0.025
skycell,use_stats=off,2,1071,0,0.022
skycell,use_stats=off,2,1072,3,0.027
skycell,use_stats=off,2,1073,0,0.03
skycell,use_stats=off,2,1074,1,0.03
skycell,use_stats=off,2,1075,0,0.023
skycell,use_stats=off,2,1076,1,0.023
skycell,use_stats=off,2,1077,0,0.023
skycell,use_stats=off,2,1078,1,0.044
skycell,use_stats=off,2,1079,1,0.023
skycell,use_stats=off,2,1080,2,0.028
skycell,use_stats=off,2,1081,0,0.027
skycell,use_stats=off,2,1082,2,0.037
skycell,use_stats=off,2,1083,0,0.024
skycell,use_stats=off,2,1084,1,0.022
skycell,use_stats=off,2,1085,0,0.034
skycell,use_stats=off,2,1086,2,0.026
skycell,use_stats=off,2,1087,0,0.039
skycell,use_stats=off,2,1088,2,0.024
skycell,use_stats=off,2,1089,0,0.025
skycell,use_stats=off,2,1090,5,0.025
skycell,use_stats=off,2,1091,0,0.035
skycell,use_stats=off,2,1092,2,0.026
skycell,use_stats=off,2,1093,0,0.03
skycell,use_stats=off,2,1094,2,0.028
skycell,use_stats=off,2,1095,0,0.022
skycell,use_stats=off,2,1096,1,0.028
skycell,use_stats=off,2,1097,0,0.022
skycell,use_stats=off,2,1098,1,0.023
skycell,use_stats=off,2,1099,1,0.024
skycell,use_stats=off,2,1100,7,0.035
skycell,use_stats=off,2,1101,1,0.024
skycell,use_stats=off,2,1102,3,0.05
skycell,use_stats=off,2,1103,11,0.064
skycell,use_stats=off,2,1104,2,0.046
skycell,use_stats=off,2,1105,1,0.041
skycell,use_stats=off,2,1106,59,0.067
skycell,use_stats=off,2,1107,3,0.026
skycell,use_stats=off,2,1108,36,0.039
skycell,use_stats=off,2,1109,3,0.038
skycell,use_stats=off,2,1110,27,0.035
skycell,use_stats=off,2,1111,3,0.045
skycell,use_stats=off,2,1112,5,0.034
skycell,use_stats=off,2,1113,2,0.026
skycell,use_stats=off,2,1114,123,0.105
skycell,use_stats=off,2,1115,4,0.039
skycell,use_stats=off,2,1116,137,0.081
skycell,use_stats=off,2,1117,11,0.027
skycell,use_stats=off,2,1118,107,0.079
skycell,use_stats=off,2,1119,14,0.048
skycell,use_stats=off,2,1120,158,0.122
skycell,use_stats=off,2,1121,2,0.046
skycell,use_stats=off,2,1122,21,0.058
skycell,use_stats=off,2,1123,2,0.032
skycell,use_stats=off,2,1124,4,0.052
skycell,use_stats=off,2,1125,3,0.045
skycell,use_stats=off,2,1126,18,0.037
skycell,use_stats=off,2,1127,3,0.051
skycell,use_stats=off,2,1128,6,0.033
skycell,use_stats=off,2,1129,21,0.042
skycell,use_stats=off,2,1130,8,0.032
skycell,use_stats=off,2,1131,2,0.032
skycell,use_stats=off,2,1132,88,0.079
skycell,use_stats=off,2,1133,15,0.048
skycell,use_stats=off,2,1134,1,0.042
skycell,use_stats=off,2,1135,3,0.038
skycell,use_stats=off,2,1136,29,0.035
skycell,use_stats=off,2,1137,0,0.034
skycell,use_stats=off,2,1138,2,0.025
skycell,use_stats=off,2,1139,1,0.026
skycell,use_stats=off,2,1140,6,0.023
skycell,use_stats=off,2,1141,8,0.028
skycell,use_stats=off,2,1142,2,0.024
skycell,use_stats=off,2,1143,4,0.042
skycell,use_stats=off,2,1144,75,0.062
skycell,use_stats=off,2,1145,4,0.044
skycell,use_stats=off,2,1146,22,0.044
skycell,use_stats=off,2,1147,2,0.033
skycell,use_stats=off,2,1148,6,0.037
skycell,use_stats=off,2,1149,9,0.035
skycell,use_stats=off,2,1150,66,0.063
skycell,use_stats=off,2,1151,1,0.026
skycell,use_stats=off,2,1152,34,0.074
skycell,use_stats=off,2,1153,4,0.04
skycell,use_stats=off,2,1154,45,0.047
skycell,use_stats=off,2,1155,3,0.034
skycell,use_stats=off,2,1156,466,0.175
skycell,use_stats=off,2,1157,1,0.047
skycell,use_stats=off,2,1158,49,0.048
skycell,use_stats=off,2,1159,2,0.026
skycell,use_stats=off,2,1160,42,0.062
skycell,use_stats=off,2,1161,4,0.058
skycell,use_stats=off,2,1162,3,0.034
skycell,use_stats=off,2,1163,6,0.049
skycell,use_stats=off,2,1164,3,0.039
skycell,use_stats=off,2,1165,12,0.037
skycell,use_stats=off,2,1166,20,0.042
skycell,use_stats=off,2,1167,4,0.045
skycell,use_stats=off,2,1168,930,0.185
skycell,use_stats=off,2,1169,46,0.045
skycell,use_stats=off,2,1170,5,0.034
skycell,use_stats=off,2,1171,1,0.032
skycell,use_stats=off,2,1172,6,0.026
skycell,use_stats=off,2,1173,3,0.046
skycell,use_stats=off,2,1174,4,0.045
skycell,use_stats=off,2,1175,1,0.026
skycell,use_stats=off,2,1176,16,0.037
skycell,use_stats=off,2,1177,2,0.041
skycell,use_stats=off,2,1178,10,0.026
skycell,use_stats=off,2,1179,4,0.038
skycell,use_stats=off,2,1180,13,0.028
skycell,use_stats=off,2,1181,2,0.047
skycell,use_stats=off,2,1182,52,0.046
skycell,use_stats=off,2,1183,7,0.047
skycell,use_stats=off,2,1184,4,0.04
skycell,use_stats=off,2,1185,1,0.026
skycell,use_stats=off,2,1186,48,0.063
skycell,use_stats=off,2,1187,3,0.034
skycell,use_stats=off,2,1188,3,0.042
skycell,use_stats=off,2,1189,3,0.044
skycell,use_stats=off,2,1190,2,0.034
skycell,use_stats=off,2,1191,1,0.025
skycell,use_stats=off,2,1192,137,0.078
skycell,use_stats=off,2,1193,2,0.041
skycell,use_stats=off,2,1194,3,0.042
skycell,use_stats=off,2,1195,2,0.048
skycell,use_stats=off,2,1196,8,0.04
skycell,use_stats=off,2,1197,1,0.035
skycell,use_stats=off,2,1198,49,0.058
skycell,use_stats=off,2,1199,4,0.04
skycell,use_stats=off,2,1200,55,0.051
skycell,use_stats=off,2,1201,2,0.034
skycell,use_stats=off,2,1202,6,0.031
skycell,use_stats=off,2,1203,48,0.058
skycell,use_stats=off,2,1204,8,0.043
skycell,use_stats=off,2,1205,0,0.026
skycell,use_stats=off,2,1206,63,0.05
skycell,use_stats=off,2,1207,8,0.048
skycell,use_stats=off,2,1208,10,0.041
skycell,use_stats=off,2,1209,2,0.031
skycell,use_stats=off,2,1210,8,0.027
skycell,use_stats=off,2,1211,0,0.056
skycell,use_stats=off,2,1212,72,0.046
skycell,use_stats=off,2,1213,2,0.035
skycell,use_stats=off,2,1214,26,0.049
skycell,use_stats=off,2,1215,1,0.039
skycell,use_stats=off,2,1216,33,0.042
skycell,use_stats=off,2,1217,2,0.033
skycell,use_stats=off,2,1218,4,0.036
skycell,use_stats=off,2,1219,5,0.033
skycell,use_stats=off,2,1220,70,0.052
skycell,use_stats=off,2,1221,0,0.033
skycell,use_stats=off,2,1222,3834,0.36
skycell,use_stats=off,2,1223,1,0.025
skycell,use_stats=off,2,1224,5,0.041
skycell,use_stats=off,2,1225,11,0.035
skycell,use_stats=off,2,1226,3,0.039
skycell,use_stats=off,2,1227,4,0.032
skycell,use_stats=off,2,1228,1616,0.316
skycell,use_stats=off,2,1229,11,0.038
skycell,use_stats=off,2,1230,1,0.031
skycell,use_stats=off,2,1231,1,0.026
skycell,use_stats=off,2,1232,170,0.098
skycell,use_stats=off,2,1233,2,0.04
skycell,use_stats=off,2,1234,3,0.033
skycell,use_stats=off,2,1235,2,0.037
skycell,use_stats=off,2,1236,32,0.051
skycell,use_stats=off,2,1237,2,0.038
skycell,use_stats=off,2,1238,4,0.039
skycell,use_stats=off,2,1239,6,0.042
skycell,use_stats=off,2,1240,40,0.04
skycell,use_stats=off,2,1241,3,0.035
skycell,use_stats=off,2,1242,11,0.036
skycell,use_stats=off,2,1243,51,0.064
skycell,use_stats=off,2,1244,66,0.057
skycell,use_stats=off,2,1245,1,0.035
skycell,use_stats=off,2,1246,3,0.024
skycell,use_stats=off,2,1247,0,0.034
skycell,use_stats=off,2,1248,106,0.062
skycell,use_stats=off,2,1249,11,0.03
skycell,use_stats=off,2,1250,29,0.044
skycell,use_stats=off,2,1251,2,0.025
skycell,use_stats=off,2,1252,79,0.07
skycell,use_stats=off,2,1253,4,0.04
skycell,use_stats=off,2,1254,118,0.083
skycell,use_stats=off,2,1255,47,0.051
skycell,use_stats=off,2,1256,4009,0.33
skycell,use_stats=off,2,1257,74,0.057
skycell,use_stats=off,2,1258,4,0.037
skycell,use_stats=off,2,1259,1,0.042
skycell,use_stats=off,2,1260,5,0.055
skycell,use_stats=off,2,1261,99,0.065
skycell,use_stats=off,2,1262,140,0.102
skycell,use_stats=off,2,1263,2,0.025
skycell,use_stats=off,2,1264,74,0.071
skycell,use_stats=off,2,1265,1,0.038
skycell,use_stats=off,2,1266,21,0.053
skycell,use_stats=off,2,1267,3,0.025
skycell,use_stats=off,2,1268,3,0.045
skycell,use_stats=off,2,1269,3,0.039
skycell,use_stats=off,2,1270,22,0.046
skycell,use_stats=off,2,1271,14,0.04
skycell,use_stats=off,2,1272,19,0.036
skycell,use_stats=off,2,1273,4,0.025
skycell,use_stats=off,2,1274,730,0.186
skycell,use_stats=off,2,1275,61,0.052
skycell,use_stats=off,2,1276,3,0.032
skycell,use_stats=off,2,1277,2,0.035
skycell,use_stats=off,2,1278,139,0.091
skycell,use_stats=off,2,1279,0,0.033
skycell,use_stats=off,2,1280,87,0.065
skycell,use_stats=off,2,1281,3,0.033
skycell,use_stats=off,2,1282,77,0.05
skycell,use_stats=off,2,1283,4,0.029
skycell,use_stats=off,2,1284,47,0.069
skycell,use_stats=off,2,1285,36,0.036
skycell,use_stats=off,2,1286,2,0.038
skycell,use_stats=off,2,1287,7,0.027
skycell,use_stats=off,2,1288,4,0.039
skycell,use_stats=off,2,1289,1,0.044
skycell,use_stats=off,2,1290,175,0.105
skycell,use_stats=off,2,1291,2,0.038
skycell,use_stats=off,2,1292,65,0.054
skycell,use_stats=off,2,1293,4,0.026
skycell,use_stats=off,2,1294,59,0.048
skycell,use_stats=off,2,1295,2,0.032
skycell,use_stats=off,2,1296,5,0.025
skycell,use_stats=off,2,1297,1,0.033
skycell,use_stats=off,2,1298,9,0.042
skycell,use_stats=off,2,1299,3,0.038
skycell,use_stats=off,2,1300,81,0.055
skycell,use_stats=off,2,1301,115,0.124
skycell,use_stats=off,2,1302,528,0.158
skycell,use_stats=off,2,1303,144,0.128
skycell,use_stats=off,2,1304,1562,0.306
skycell,use_stats=off,2,1305,53,0.08
skycell,use_stats=off,2,1306,1632,0.294
skycell,use_stats=off,2,1307,103,0.098
skycell,use_stats=off,2,1308,85,0.097
skycell,use_stats=off,2,1309,72,0.075
skycell,use_stats=off,2,1310,68,0.1
skycell,use_stats=off,2,1311,63,0.087
skycell,use_stats=off,2,1312,66,0.085
skycell,use_stats=off,2,1313,51,0.077
skycell,use_stats=off,2,1314,69,0.096
skycell,use_stats=off,2,1315,475,0.153
skycell,use_stats=off,2,1316,397,0.131
skycell,use_stats=off,2,1317,71,0.087
skycell,use_stats=off,2,1318,800,0.183
skycell,use_stats=off,2,1319,64,0.104
skycell,use_stats=off,2,1320,73,0.107
skycell,use_stats=off,2,1321,75,0.098
skycell,use_stats=off,2,1322,69,0.082
skycell,use_stats=off,2,1323,77,0.102
skycell,use_stats=off,2,1324,2294,0.37
skycell,use_stats=off,2,1325,84,0.087
skycell,use_stats=off,2,1326,752,0.186
skycell,use_stats=off,2,1327,72,0.094
skycell,use_stats=off,2,1328,879,0.188
skycell,use_stats=off,2,1329,81,0.104
skycell,use_stats=off,2,1330,1598,0.286
skycell,use_stats=off,2,1331,61,0.104
skycell,use_stats=off,2,1332,69,0.093
skycell,use_stats=off,2,1333,67,0.108
skycell,use_stats=off,2,1334,736,0.171
skycell,use_stats=off,2,1335,311,0.13
skycell,use_stats=off,2,1336,1019,0.213
skycell,use_stats=off,2,1337,81,0.073
skycell,use_stats=off,2,1338,1099,0.236
skycell,use_stats=off,2,1339,122,0.08
skycell,use_stats=off,2,1340,1284,0.252
skycell,use_stats=off,2,1341,56,0.108
skycell,use_stats=off,2,1342,65,0.118
skycell,use_stats=off,2,1343,61,0.104
skycell,use_stats=off,2,1344,57,0.102
skycell,use_stats=off,2,1345,63,0.087
skycell,use_stats=off,2,1346,553,0.173
skycell,use_stats=off,2,1347,68,0.088
skycell,use_stats=off,2,1348,63,0.092
skycell,use_stats=off,2,1349,216,0.118
skycell,use_stats=off,2,1350,75,0.091
skycell,use_stats=off,2,1351,69,0.103
skycell,use_stats=off,2,1352,157,0.103
skycell,use_stats=off,2,1353,211,0.118
skycell,use_stats=off,2,1354,136,0.101
skycell,use_stats=off,2,1355,47,0.085
skycell,use_stats=off,2,1356,660,0.181
skycell,use_stats=off,2,1357,70,0.083
skycell,use_stats=off,2,1358,66,0.101
skycell,use_stats=off,2,1359,68,0.101
skycell,use_stats=off,2,1360,674,0.176
skycell,use_stats=off,2,1361,67,0.091
skycell,use_stats=off,2,1362,61,0.063
skycell,use_stats=off,2,1363,60,0.094
skycell,use_stats=off,2,1364,2512,0.359
skycell,use_stats=off,2,1365,65,0.105
skycell,use_stats=off,2,1366,65,0.097
skycell,use_stats=off,2,1367,60,0.095
skycell,use_stats=off,2,1368,60,0.092
skycell,use_stats=off,2,1369,163,0.106
skycell,use_stats=off,2,1370,4069,0.527
skycell,use_stats=off,2,1371,77,0.104
skycell,use_stats=off,2,1372,601,0.158
skycell,use_stats=off,2,1373,49,0.106
skycell,use_stats=off,2,1374,70,0.078
skycell,use_stats=off,2,1375,73,0.102
skycell,use_stats=off,2,1376,495,0.165
skycell,use_stats=off,2,1377,63,0.078
skycell,use_stats=off,2,1378,1356,0.272
skycell,use_stats=off,2,1379,79,0.101
skycell,use_stats=off,2,1380,1572,0.281
skycell,use_stats=off,2,1381,47,0.102
skycell,use_stats=off,2,1382,75,0.108
skycell,use_stats=off,2,1383,65,0.096
skycell,use_stats=off,2,1384,77,0.088
skycell,use_stats=off,2,1385,1227,0.243
skycell,use_stats=off,2,1386,1589,0.257
skycell,use_stats=off,2,1387,79,0.085
skycell,use_stats=off,2,1388,898,0.192
skycell,use_stats=off,2,1389,69,0.087
skycell,use_stats=off,2,1390,710,0.173
skycell,use_stats=off,2,1391,77,0.095
skycell,use_stats=off,2,1392,67,0.079
skycell,use_stats=off,2,1393,66,0.101
skycell,use_stats=off,2,1394,3504,0.528
skycell,use_stats=off,2,1395,64,0.099
skycell,use_stats=off,2,1396,3600,0.483
skycell,use_stats=off,2,1397,59,0.091
skycell,use_stats=off,2,1398,2926,0.407
skycell,use_stats=off,2,1399,66,0.102
skycell,use_stats=off,2,1400,4002,0.578
skycell,use_stats=off,2,1401,297,0.246
skycell,use_stats=off,2,1402,254,0.21
skycell,use_stats=off,2,1403,324,0.209
skycell,use_stats=off,2,1404,1369,0.355
skycell,use_stats=off,2,1405,265,0.221
skycell,use_stats=off,2,1406,1108,0.3
skycell,use_stats=off,2,1407,276,0.215
skycell,use_stats=off,2,1408,4152,0.602
skycell,use_stats=off,2,1409,297,0.209
skycell,use_stats=off,2,1410,306,0.189
skycell,use_stats=off,2,1411,748,0.295
skycell,use_stats=off,2,1412,265,0.21
skycell,use_stats=off,2,1413,280,0.192
skycell,use_stats=off,2,1414,1101,0.324
skycell,use_stats=off,2,1415,251,0.674
skycell,use_stats=off,2,1416,9129,1.083
skycell,use_stats=off,2,1417,272,0.175
skycell,use_stats=off,2,1418,5071,0.739
skycell,use_stats=off,2,1419,271,0.223
skycell,use_stats=off,2,1420,5690,0.692
skycell,use_stats=off,2,1421,233,0.155
skycell,use_stats=off,2,1422,4433,0.65
skycell,use_stats=off,2,1423,260,0.198
skycell,use_stats=off,2,1424,3126,0.47
skycell,use_stats=off,2,1425,3145,0.525
skycell,use_stats=off,2,1426,302,0.208
skycell,use_stats=off,2,1427,255,0.214
skycell,use_stats=off,2,1428,3905,0.631
skycell,use_stats=off,2,1429,1284,0.297
skycell,use_stats=off,2,1430,1294,0.261
skycell,use_stats=off,2,1431,289,0.191
skycell,use_stats=off,2,1432,268,0.187
skycell,use_stats=off,2,1433,901,0.281
skycell,use_stats=off,2,1434,277,0.223
skycell,use_stats=off,2,1435,1243,0.328
skycell,use_stats=off,2,1436,1021,0.289
skycell,use_stats=off,2,1437,298,0.197
skycell,use_stats=off,2,1438,4191,0.522
skycell,use_stats=off,2,1439,307,0.202
skycell,use_stats=off,2,1440,269,0.186
skycell,use_stats=off,2,1441,2336,0.733
skycell,use_stats=off,2,1442,2435,0.817
skycell,use_stats=off,2,1443,2502,0.725
skycell,use_stats=off,2,1444,35019,3.586
skycell,use_stats=off,2,1445,11114,1.416
skycell,use_stats=off,2,1446,6517,1.007
skycell,use_stats=off,2,1447,2340,0.627
skycell,use_stats=off,2,1448,147516,12.338
skycell,use_stats=off,2,1449,2525,0.646
skycell,use_stats=off,2,1450,43516,4.023
skycell,use_stats=off,2,1451,2330,0.762
skycell,use_stats=off,2,1452,26649,2.903
skycell,use_stats=off,2,1453,2324,0.718
skycell,use_stats=off,2,1454,22109,2.413
skycell,use_stats=off,2,1455,2386,0.691
skycell,use_stats=off,2,1456,18819,1.998
skycell,max_area_ratio=0,1,1,0,0.567
skycell,max_area_ratio=0,1,2,1,0.076
skycell,max_area_ratio=0,1,3,0,0.046
skycell,max_area_ratio=0,1,4,1,0.046
skycell,max_area_ratio=0,1,5,0,0.051
skycell,max_area_ratio=0,1,6,1,0.042
skycell,max_area_ratio=0,1,7,0,0.031
skycell,max_area_ratio=0,1,8,1,0.038
skycell,max_area_ratio=0,1,9,0,0.033
skycell,max_area_ratio=0,1,10,1,0.038
skycell,max_area_ratio=0,1,11,0,0.043
skycell,max_area_ratio=0,1,12,1,0.038
skycell,max_area_ratio=0,1,13,0,0.029
skycell,max_area_ratio=0,1,14,1,0.038
skycell,max_area_ratio=0,1,15,0,0.034
skycell,max_area_ratio=0,1,16,1,0.035
skycell,max_area_ratio=0,1,17,0,0.029
skycell,max_area_ratio=0,1,18,1,0.028
skycell,max_area_ratio=0,1,19,0,0.034
skycell,max_area_ratio=0,1,20,1,0.029
skycell,max_area_ratio=0,1,21,0,0.028
skycell,max_area_ratio=0,1,22,1,0.03
skycell,max_area_ratio=0,1,23,0,0.038
skycell,max_area_ratio=0,1,24,1,0.04
skycell,max_area_ratio=0,1,25,0,0.028
skycell,max_area_ratio=0,1,26,1,0.035
skycell,max_area_ratio=0,1,27,0,0.028
skycell,max_area_ratio=0,1,28,1,0.04
skycell,max_area_ratio=0,1,29,0,0.027
skycell,max_area_ratio=0,1,30,1,0.034
skycell,max_area_ratio=0,1,31,0,0.034
skycell,max_area_ratio=0,1,32,1,0.038
skycell,max_area_ratio=0,1,33,0,0.027
skycell,max_area_ratio=0,1,34,1,0.378
skycell,max_area_ratio=0,1,35,0,0.037
skycell,max_area_ratio=0,1,36,1,0.04
skycell,max_area_ratio=0,1,37,0,0.038
skycell,max_area_ratio=0,1,38,1,0.03
skycell,max_area_ratio=0,1,39,0,0.031
skycell,max_area_ratio=0,1,40,1,0.033
skycell,max_area_ratio=0,1,41,0,0.034
skycell,max_area_ratio=0,1,42,1,0.032
skycell,max_area_ratio=0,1,43,0,0.034
skycell,max_area_ratio=0,1,44,1,0.04
skycell,max_area_ratio=0,1,45,0,0.034
skycell,max_area_ratio=0,1,46,1,0.037
skycell,max_area_ratio=0,1,47,0,0.028
skycell,max_area_ratio=0,1,48,1,0.036
skycell,max_area_ratio=0,1,49,0,0.031
skycell,max_area_ratio=0,1,50,1,0.04
skycell,max_area_ratio=0,1,51,0,0.027
skycell,max_area_ratio=0,1,52,1,0.029
skycell,max_area_ratio=0,1,53,0,0.029
skycell,max_area_ratio=0,1,54,1,0.027
skycell,max_area_ratio=0,1,55,0,0.028
skycell,max_area_ratio=0,1,56,1,0.034
skycell,max_area_ratio=0,1,57,0,0.03
skycell,max_area_ratio=0,1,58,1,0.034
skycell,max_area_ratio=0,1,59,0,0.029
skycell,max_area_ratio=0,1,60,1,0.033
skycell,max_area_ratio=0,1,61,0,0.038
skycell,max_area_ratio=0,1,62,1,0.046
skycell,max_area_ratio=0,1,63,0,0.033
skycell,max_area_ratio=0,1,64,1,0.04
skycell,max_area_ratio=0,1,65,0,0.033
skycell,max_area_ratio=0,1,66,1,0.032
skycell,max_area_ratio=0,1,67,0,0.032
skycell,max_area_ratio=0,1,68,1,0.031
skycell,max_area_ratio=0,1,69,0,0.028
skycell,max_area_ratio=0,1,70,1,0.026
skycell,max_area_ratio=0,1,71,0,0.032
skycell,max_area_ratio=0,1,72,1,0.039
skycell,max_area_ratio=0,1,73,0,0.034
skycell,max_area_ratio=0,1,74,1,0.046
skycell,max_area_ratio=0,1,75,0,0.028
skycell,max_area_ratio=0,1,76,1,0.029
skycell,max_area_ratio=0,1,77,0,0.055
skycell,max_area_ratio=0,1,78,1,0.031
skycell,max_area_ratio=0,1,79,0,0.028
skycell,max_area_ratio=0,1,80,1,0.035
skycell,max_area_ratio=0,1,81,0,0.027
skycell,max_area_ratio=0,1,82,1,0.037
skycell,max_area_ratio=0,1,83,0,0.028
skycell,max_area_ratio=0,1,84,1,0.035
skycell,max_area_ratio=0,1,85,0,0.029
skycell,max_area_ratio=0,1,86,1,0.027
skycell,max_area_ratio=0,1,87,0,0.032
skycell,max_area_ratio=0,1,88,1,0.033
skycell,max_area_ratio=0,1,89,0,0.033
skycell,max_area_ratio=0,1,90,1,0.035
skycell,max_area_ratio=0,1,91,0,0.027
skycell,max_area_ratio=0,1,92,1,0.031
skycell,max_area_ratio=0,1,93,0,0.028
skycell,max_area_ratio=0,1,94,1,0.029
skycell,max_area_ratio=0,1,95,0,0.027
skycell,max_area_ratio=0,1,96,1,0.031
skycell,max_area_ratio=0,1,97,0,0.027
skycell,max_area_ratio=0,1,98,1,0.03
skycell,max_area_ratio=0,1,99,0,0.028
skycell,max_area_ratio=0,1,100,1,0.029
skycell,max_area_ratio=0,1,101,0,0.027
skycell,max_area_ratio=0,1,102,1,0.028
skycell,max_area_ratio=0,1,103,0,0.029
skycell,max_area_ratio=0,1,104,1,0.027
skycell,max_area_ratio=0,1,105,0,0.028
skycell,max_area_ratio=0,1,106,1,0.03
skycell,max_area_ratio=0,1,107,0,0.028
skycell,max_area_ratio=0,1,108,1,0.039
skycell,max_area_ratio=0,1,109,0,0.028
skycell,max_area_ratio=0,1,110,1,0.031
skycell,max_area_ratio=0,1,111,0,0.027
skycell,max_area_ratio=0,1,112,1,0.029
skycell,max_area_ratio=0,1,113,0,0.029
skycell,max_area_ratio=0,1,114,1,0.028
skycell,max_area_ratio=0,1,115,0,0.029
skycell,max_area_ratio=0,1,116,1,0.029
skycell,max_area_ratio=0,1,117,0,0.027
skycell,max_area_ratio=0,1,118,1,0.029
skycell,max_area_ratio=0,1,119,0,0.028
skycell,max_area_ratio=0,1,120,1,0.036
skycell,max_area_ratio=0,1,121,0,0.032
skycell,max_area_ratio=0,1,122,1,0.038
skycell,max_area_ratio=0,1,123,0,0.029
skycell,max_area_ratio=0,1,124,1,0.031
skycell,max_area_ratio=0,1,125,0,0.028
skycell,max_area_ratio=0,1,126,1,0.038
skycell,max_area_ratio=0,1,127,0,0.036
skycell,max_area_ratio=0,1,128,1,0.035
skycell,max_area_ratio=0,1,129,0,0.03
skycell,max_area_ratio=0,1,130,1,0.028
skycell,max_area_ratio=0,1,131,0,0.026
skycell,max_area_ratio=0,1,132,1,0.03
skycell,max_area_ratio=0,1,133,0,0.026
skycell,max_area_ratio=0,1,134,1,0.028
skycell,max_area_ratio=0,1,135,0,0.028
skycell,max_area_ratio=0,1,136,1,0.028
skycell,max_area_ratio=0,1,137,0,0.024
skycell,max_area_ratio=0,1,138,1,0.036
skycell,max_area_ratio=0,1,139,0,0.027
skycell,max_area_ratio=0,1,140,1,0.029
skycell,max_area_ratio=0,1,141,0,0.027
skycell,max_area_ratio=0,1,142,1,0.029
skycell,max_area_ratio=0,1,143,0,0.028
skycell,max_area_ratio=0,1,144,1,0.028
skycell,max_area_ratio=0,1,145,0,0.026
skycell,max_area_ratio=0,1,146,1,0.029
skycell,max_area_ratio=0,1,147,0,0.026
skycell,max_area_ratio=0,1,148,1,0.027
skycell,max_area_ratio=0,1,149,0,0.026
skycell,max_area_ratio=0,1,150,1,0.029
skycell,max_area_ratio=0,1,151,0,0.027
skycell,max_area_ratio=0,1,152,1,0.028
skycell,max_area_ratio=0,1,153,0,0.026
skycell,max_area_ratio=0,1,154,1,0.027
skycell,max_area_ratio=0,1,155,0,0.043
skycell,max_area_ratio=0,1,156,1,0.03
skycell,max_area_ratio=0,1,157,0,0.028
skycell,max_area_ratio=0,1,158,1,0.027
skycell,max_area_ratio=0,1,159,0,0.034
skycell,max_area_ratio=0,1,160,1,0.03
skycell,max_area_ratio=0,1,161,0,0.026
skycell,max_area_ratio=0,1,162,1,0.029
skycell,max_area_ratio=0,1,163,0,0.031
skycell,max_area_ratio=0,1,164,1,0.028
skycell,max_area_ratio=0,1,165,0,0.033
skycell,max_area_ratio=0,1,166,1,0.035
skycell,max_area_ratio=0,1,167,0,0.03
skycell,max_area_ratio=0,1,168,1,0.028
skycell,max_area_ratio=0,1,169,0,0.028
skycell,max_area_ratio=0,1,170,1,0.029
skycell,max_area_ratio=0,1,171,0,0.028
skycell,max_area_ratio=0,1,172,1,0.028
skycell,max_area_ratio=0,1,173,0,0.03
skycell,max_area_ratio=0,1,174,1,0.027
skycell,max_area_ratio=0,1,175,0,0.026
skycell,max_area_ratio=0,1,176,1,0.028
skycell,max_area_ratio=0,1,177,0,0.026
skycell,max_area_ratio=0,1,178,1,0.027
skycell,max_area_ratio=0,1,179,0,0.026
skycell,max_area_ratio=0,1,180,1,0.033
skycell,max_area_ratio=0,1,181,0,0.03
skycell,max_area_ratio=0,1,182,1,0.026
skycell,max_area_ratio=0,1,183,0,0.027
skycell,max_area_ratio=0,1,184,1,0.03
skycell,max_area_ratio=0,1,185,0,0.026
skycell,max_area_ratio=0,1,186,1,0.028
skycell,max_area_ratio=0,1,187,0,0.033
skycell,max_area_ratio=0,1,188,1,0.027
skycell,max_area_ratio=0,1,189,0,0.026
skycell,max_area_ratio=0,1,190,1,0.025
skycell,max_area_ratio=0,1,191,0,0.027
skycell,max_area_ratio=0,1,192,1,0.341
skycell,max_area_ratio=0,1,193,0,0.029
skycell,max_area_ratio=0,1,194,1,0.028
skycell,max_area_ratio=0,1,195,0,0.026
skycell,max_area_ratio=0,1,196,1,0.028
skycell,max_area_ratio=0,1,197,0,0.026
skycell,max_area_ratio=0,1,198,1,0.027
skycell,max_area_ratio=0,1,199,0,0.027
skycell,max_area_ratio=0,1,200,1,0.029
skycell,max_area_ratio=0,1,201,0,0.026
skycell,max_area_ratio=0,1,202,1,0.03
skycell,max_area_ratio=0,1,203,0,0.026
skycell,max_area_ratio=0,1,204,1,0.029
skycell,max_area_ratio=0,1,205,0,0.028
skycell,max_area_ratio=0,1,206,1,0.027
skycell,max_area_ratio=0,1,207,0,0.029
skycell,max_area_ratio=0,1,208,1,0.027
skycell,max_area_ratio=0,1,209,0,0.026
skycell,max_area_ratio=0,1,210,1,0.029
skycell,max_area_ratio=0,1,211,0,0.041
skycell,max_area_ratio=0,1,212,1,0.028
skycell,max_area_ratio=0,1,213,0,0.026
skycell,max_area_ratio=0,1,214,1,0.028
skycell,max_area_ratio=0,1,215,0,0.028
skycell,max_area_ratio=0,1,216,1,0.028
skycell,max_area_ratio=0,1,217,0,0.026
skycell,max_area_ratio=0,1,218,1,0.028
skycell,max_area_ratio=0,1,219,0,0.027
skycell,max_area_ratio=0,1,220,1,0.027
skycell,max_area_ratio=0,1,221,0,0.026
skycell,max_area_ratio=0,1,222,1,0.028
skycell,max_area_ratio=0,1,223,0,0.026
skycell,max_area_ratio=0,1,224,1,0.027
skycell,max_area_ratio=0,1,225,0,0.028
skycell,max_area_ratio=0,1,226,1,0.028
skycell,max_area_ratio=0,1,227,0,0.025
skycell,max_area_ratio=0,1,228,1,0.026
skycell,max_area_ratio=0,1,229,0,0.026
skycell,max_area_ratio=0,1,230,1,0.027
skycell,max_area_ratio=0,1,231,0,0.027
skycell,max_area_ratio=0,1,232,1,0.028
skycell,max_area_ratio=0,1,233,0,0.025
skycell,max_area_ratio=0,1,234,1,0.028
skycell,max_area_ratio=0,1,235,0,0.027
skycell,max_area_ratio=0,1,236,1,0.026
skycell,max_area_ratio=0,1,237,0,0.039
skycell,max_area_ratio=0,1,238,1,0.029
skycell,max_area_ratio=0,1,239,0,0.028
skycell,max_area_ratio=0,1,240,1,0.032
skycell,max_area_ratio=0,1,241,0,0.028
skycell,max_area_ratio=0,1,242,1,0.028
skycell,max_area_ratio=0,1,243,0,0.026
skycell,max_area_ratio=0,1,244,1,0.034
skycell,max_area_ratio=0,1,245,0,0.032
skycell,max_area_ratio=0,1,246,1,0.029
skycell,max_area_ratio=0,1,247,0,0.031
skycell,max_area_ratio=0,1,248,1,0.03
skycell,max_area_ratio=0,1,249,0,0.026
skycell,max_area_ratio=0,1,250,1,0.028
skycell,max_area_ratio=0,1,251,0,0.03
skycell,max_area_ratio=0,1,252,1,0.026
skycell,max_area_ratio=0,1,253,0,0.028
skycell,max_area_ratio=0,1,254,1,0.029
skycell,max_area_ratio=0,1,255,0,0.026
skycell,max_area_ratio=0,1,256,1,0.029
skycell,max_area_ratio=0,1,257,0,0.026
skycell,max_area_ratio=0,1,258,1,0.028
skycell,max_area_ratio=0,1,259,0,0.026
skycell,max_area_ratio=0,1,260,1,0.028
skycell,max_area_ratio=0,1,261,0,0.028
skycell,max_area_ratio=0,1,262,1,0.028
skycell,max_area_ratio=0,1,263,0,0.028
skycell,max_area_ratio=0,1,264,1,0.03
skycell,max_area_ratio=0,1,265,0,0.028
skycell,max_area_ratio=0,1,266,1,0.034
skycell,max_area_ratio=0,1,267,0,0.03
skycell,max_area_ratio=0,1,268,1,0.029
skycell,max_area_ratio=0,1,269,0,0.027
skycell,max_area_ratio=0,1,270,1,0.028
skycell,max_area_ratio=0,1,271,0,0.059
skycell,max_area_ratio=0,1,272,1,0.033
skycell,max_area_ratio=0,1,273,0,0.025
skycell,max_area_ratio=0,1,274,1,0.028
skycell,max_area_ratio=0,1,275,0,0.027
skycell,max_area_ratio=0,1,276,1,0.028
skycell,max_area_ratio=0,1,277,0,0.041
skycell,max_area_ratio=0,1,278,1,0.032
skycell,max_area_ratio=0,1,279,0,0.028
skycell,max_area_ratio=0,1,280,1,0.029
skycell,max_area_ratio=0,1,281,0,0.027
skycell,max_area_ratio=0,1,282,1,0.028
skycell,max_area_ratio=0,1,283,0,0.028
skycell,max_area_ratio=0,1,284,1,0.045
skycell,max_area_ratio=0,1,285,0,0.028
skycell,max_area_ratio=0,1,286,1,0.03
skycell,max_area_ratio=0,1,287,0,0.028
skycell,max_area_ratio=0,1,288,1,0.03
skycell,max_area_ratio=0,1,289,0,0.029
skycell,max_area_ratio=0,1,290,1,0.029
skycell,max_area_ratio=0,1,291,0,0.029
skycell,max_area_ratio=0,1,292,1,0.027
skycell,max_area_ratio=0,1,293,0,0.029
skycell,max_area_ratio=0,1,294,1,0.029
skycell,max_area_ratio=0,1,295,0,0.029
skycell,max_area_ratio=0,1,296,1,0.028
skycell,max_area_ratio=0,1,297,0,0.026
skycell,max_area_ratio=0,1,298,1,0.029
skycell,max_area_ratio=0,1,299,0,0.027
skycell,max_area_ratio=0,1,300,1,0.031
skycell,max_area_ratio=0,1,301,0,0.027
skycell,max_area_ratio=0,1,302,1,0.029
skycell,max_area_ratio=0,1,303,0,0.027
skycell,max_area_ratio=0,1,304,1,0.027
skycell,max_area_ratio=0,1,305,0,0.027
skycell,max_area_ratio=0,1,306,1,0.028
skycell,max_area_ratio=0,1,307,0,0.027
skycell,max_area_ratio=0,1,308,1,0.028
skycell,max_area_ratio=0,1,309,0,0.027
skycell,max_area_ratio=0,1,310,1,0.038
skycell,max_area_ratio=0,1,311,0,0.041
skycell,max_area_ratio=0,1,312,1,0.03
skycell,max_area_ratio=0,1,313,0,0.027
skycell,max_area_ratio=0,1,314,1,0.029
skycell,max_area_ratio=0,1,315,0,0.028
skycell,max_area_ratio=0,1,316,1,0.028
skycell,max_area_ratio=0,1,317,0,0.027
skycell,max_area_ratio=0,1,318,1,0.029
skycell,max_area_ratio=0,1,319,0,0.027
skycell,max_area_ratio=0,1,320,1,0.03
skycell,max_area_ratio=0,1,321,0,0.028
skycell,max_area_ratio=0,1,322,1,0.026
skycell,max_area_ratio=0,1,323,0,0.027
skycell,max_area_ratio=0,1,324,1,0.03
skycell,max_area_ratio=0,1,325,0,0.037
skycell,max_area_ratio=0,1,326,1,0.027
skycell,max_area_ratio=0,1,327,0,0.025
skycell,max_area_ratio=0,1,328,1,0.027
skycell,max_area_ratio=0,1,329,0,0.024
skycell,max_area_ratio=0,1,330,1,0.027
skycell,max_area_ratio=0,1,331,0,0.026
skycell,max_area_ratio=0,1,332,1,0.028
skycell,max_area_ratio=0,1,333,0,0.027
skycell,max_area_ratio=0,1,334,1,0.027
skycell,max_area_ratio=0,1,335,0,0.026
skycell,max_area_ratio=0,1,336,1,0.029
skycell,max_area_ratio=0,1,337,0,0.025
skycell,max_area_ratio=0,1,338,1,0.026
skycell,max_area_ratio=0,1,339,0,0.026
skycell,max_area_ratio=0,1,340,1,0.034
skycell,max_area_ratio=0,1,341,0,0.026
skycell,max_area_ratio=0,1,342,1,0.028
skycell,max_area_ratio=0,1,343,0,0.032
skycell,max_area_ratio=0,1,344,1,0.029
skycell,max_area_ratio=0,1,345,0,0.024
skycell,max_area_ratio=0,1,346,1,0.026
skycell,max_area_ratio=0,1,347,0,0.025
skycell,max_area_ratio=0,1,348,1,0.027
skycell,max_area_ratio=0,1,349,0,0.026
skycell,max_area_ratio=0,1,350,1,0.028
skycell,max_area_ratio=0,1,351,0,0.026
skycell,max_area_ratio=0,1,352,1,0.029
skycell,max_area_ratio=0,1,353,0,0.027
skycell,max_area_ratio=0,1,354,1,0.026
skycell,max_area_ratio=0,1,355,0,0.025
skycell,max_area_ratio=0,1,356,1,0.028
skycell,max_area_ratio=0,1,357,0,0.039
skycell,max_area_ratio=0,1,358,1,0.027
skycell,max_area_ratio=0,1,359,0,0.027
skycell,max_area_ratio=0,1,360,1,0.033
skycell,max_area_ratio=0,1,361,0,0.025
skycell,max_area_ratio=0,1,362,1,0.028
skycell,max_area_ratio=0,1,363,0,0.026
skycell,max_area_ratio=0,1,364,1,0.027
skycell,max_area_ratio=0,1,365,0,0.024
skycell,max_area_ratio=0,1,366,1,0.026
skycell,max_area_ratio=0,1,367,0,0.032
skycell,max_area_ratio=0,1,368,1,0.026
skycell,max_area_ratio=0,1,369,0,0.028
skycell,max_area_ratio=0,1,370,1,0.029
skycell,max_area_ratio=0,1,371,0,0.024
skycell,max_area_ratio=0,1,372,1,0.029
skycell,max_area_ratio=0,1,373,0,0.026
skycell,max_area_ratio=0,1,374,1,0.027
skycell,max_area_ratio=0,1,375,0,0.027
skycell,max_area_ratio=0,1,376,1,0.027
skycell,max_area_ratio=0,1,377,0,0.026
skycell,max_area_ratio=0,1,378,1,0.034
skycell,max_area_ratio=0,1,379,0,0.025
skycell,max_area_ratio=0,1,380,1,0.025
skycell,max_area_ratio=0,1,381,0,0.025
skycell,max_area_ratio=0,1,382,1,0.025
skycell,max_area_ratio=0,1,383,0,0.025
skycell,max_area_ratio=0,1,384,1,0.027
skycell,max_area_ratio=0,1,385,0,0.028
skycell,max_area_ratio=0,1,386,1,0.03
skycell,max_area_ratio=0,1,387,0,0.026
skycell,max_area_ratio=0,1,388,1,0.028
skycell,max_area_ratio=0,1,389,0,0.027
skycell,max_area_ratio=0,1,390,1,0.028
skycell,max_area_ratio=0,1,391,0,0.032
skycell,max_area_ratio=0,1,392,1,0.028
skycell,max_area_ratio=0,1,393,0,0.024
skycell,max_area_ratio=0,1,394,1,0.043
skycell,max_area_ratio=0,1,395,0,0.03
skycell,max_area_ratio=0,1,396,1,0.028
skycell,max_area_ratio=0,1,397,0,0.025
skycell,max_area_ratio=0,1,398,1,0.029
skycell,max_area_ratio=0,1,399,0,0.027
skycell,max_area_ratio=0,1,400,1,0.027
skycell,max_area_ratio=0,1,401,0,0.025
skycell,max_area_ratio=0,1,402,1,0.029
skycell,max_area_ratio=0,1,403,0,0.028
skycell,max_area_ratio=0,1,404,1,0.034
skycell,max_area_ratio=0,1,405,0,0.027
skycell,max_area_ratio=0,1,406,1,0.029
skycell,max_area_ratio=0,1,407,0,0.048
skycell,max_area_ratio=0,1,408,1,0.036
skycell,max_area_ratio=0,1,409,0,0.027
skycell,max_area_ratio=0,1,410,1,0.029
skycell,max_area_ratio=0,1,411,0,0.035
skycell,max_area_ratio=0,1,412,1,0.028
skycell,max_area_ratio=0,1,413,0,0.025
skycell,max_area_ratio=0,1,414,1,0.028
skycell,max_area_ratio=0,1,415,0,0.028
skycell,max_area_ratio=0,1,416,1,0.034
skycell,max_area_ratio=0,1,417,0,0.029
skycell,max_area_ratio=0,1,418,1,0.028
skycell,max_area_ratio=0,1,419,0,0.029
skycell,max_area_ratio=0,1,420,1,0.025
skycell,max_area_ratio=0,1,421,0,0.028
skycell,max_area_ratio=0,1,422,1,0.028
skycell,max_area_ratio=0,1,423,0,0.026
skycell,max_area_ratio=0,1,424,1,0.067
skycell,max_area_ratio=0,1,425,1,0.039
skycell,max_area_ratio=0,1,426,1,0.032
skycell,max_area_ratio=0,1,427,0,0.048
skycell,max_area_ratio=0,1,428,1,0.034
skycell,max_area_ratio=0,1,429,0,0.028
skycell,max_area_ratio=0,1,430,1,0.034
skycell,max_area_ratio=0,1,431,0,0.029
skycell,max_area_ratio=0,1,432,1,0.029
skycell,max_area_ratio=0,1,433,0,0.025
skycell,max_area_ratio=0,1,434,1,0.03
skycell,max_area_ratio=0,1,435,0,0.027
skycell,max_area_ratio=0,1,436,1,0.028
skycell,max_area_ratio=0,1,437,0,0.025
skycell,max_area_ratio=0,1,438,1,0.026
skycell,max_area_ratio=0,1,439,0,0.047
skycell,max_area_ratio=0,1,440,1,0.029
skycell,max_area_ratio=0,1,441,0,0.033
skycell,max_area_ratio=0,1,442,1,0.028
skycell,max_area_ratio=0,1,443,0,0.025
skycell,max_area_ratio=0,1,444,1,0.028
skycell,max_area_ratio=0,1,445,0,0.026
skycell,max_area_ratio=0,1,446,1,0.028
skycell,max_area_ratio=0,1,447,0,0.036
skycell,max_area_ratio=0,1,448,1,0.048
skycell,max_area_ratio=0,1,449,0,0.039
skycell,max_area_ratio=0,1,450,1,0.026
skycell,max_area_ratio=0,1,451,0,0.032
skycell,max_area_ratio=0,1,452,1,0.052
skycell,max_area_ratio=0,1,453,0,0.03
skycell,max_area_ratio=0,1,454,1,0.027
skycell,max_area_ratio=0,1,455,0,0.026
skycell,max_area_ratio=0,1,456,1,0.046
skycell,max_area_ratio=0,1,457,0,0.038
skycell,max_area_ratio=0,1,458,1,0.029
skycell,max_area_ratio=0,1,459,0,0.024
skycell,max_area_ratio=0,1,460,1,0.027
skycell,max_area_ratio=0,1,461,0,0.027
skycell,max_area_ratio=0,1,462,1,0.029
skycell,max_area_ratio=0,1,463,0,0.038
skycell,max_area_ratio=0,1,464,1,0.027
skycell,max_area_ratio=0,1,465,0,0.032
skycell,max_area_ratio=0,1,466,1,0.029
skycell,max_area_ratio=0,1,467,0,0.059
skycell,max_area_ratio=0,1,468,2,0.032
skycell,max_area_ratio=0,1,469,0,0.026
skycell,max_area_ratio=0,1,470,1,0.036
skycell,max_area_ratio=0,1,471,0,0.032
skycell,max_area_ratio=0,1,472,1,0.029
skycell,max_area_ratio=0,1,473,0,0.024
skycell,max_area_ratio=0,1,474,1,0.03
skycell,max_area_ratio=0,1,475,0,0.028
skycell,max_area_ratio=0,1,476,1,0.028
skycell,max_area_ratio=0,1,477,0,0.026
skycell,max_area_ratio=0,1,478,1,0.027
skycell,max_area_ratio=0,1,479,0,0.026
skycell,max_area_ratio=0,1,480,1,0.028
skycell,max_area_ratio=0,1,481,0,0.027
skycell,max_area_ratio=0,1,482,1,0.029
skycell,max_area_ratio=0,1,483,0,0.037
skycell,max_area_ratio=0,1,484,1,0.03
skycell,max_area_ratio=0,1,485,0,0.026
skycell,max_area_ratio=0,1,486,1,0.027
skycell,max_area_ratio=0,1,487,0,0.027
skycell,max_area_ratio=0,1,488,1,0.026
skycell,max_area_ratio=0,1,489,0,0.026
skycell,max_area_ratio=0,1,490,1,0.031
skycell,max_area_ratio=0,1,491,0,0.032
skycell,max_area_ratio=0,1,492,1,0.029
skycell,max_area_ratio=0,1,493,0,0.028
skycell,max_area_ratio=0,1,494,1,0.027
skycell,max_area_ratio=0,1,495,0,0.025
skycell,max_area_ratio=0,1,496,1,0.03
skycell,max_area_ratio=0,1,497,0,0.027
skycell,max_area_ratio=0,1,498,1,0.027
skycell,max_area_ratio=0,1,499,0,0.028
skycell,max_area_ratio=0,1,500,1,0.029
skycell,max_area_ratio=0,1,501,0,0.026
skycell,max_area_ratio=0,1,502,1,0.028
skycell,max_area_ratio=0,1,503,0,0.028
skycell,max_area_ratio=0,1,504,1,0.041
skycell,max_area_ratio=0,1,505,0,0.027
skycell,max_area_ratio=0,1,506,2,0.05
skycell,max_area_ratio=0,1,507,0,0.027
skycell,max_area_ratio=0,1,508,1,0.032
skycell,max_area_ratio=0,1,509,0,0.032
skycell,max_area_ratio=0,1,510,1,0.038
skycell,max_area_ratio=0,1,511,0,0.028
skycell,max_area_ratio=0,1,512,1,0.027
skycell,max_area_ratio=0,1,513,0,0.04
skycell,max_area_ratio=0,1,514,1,0.03
skycell,max_area_ratio=0,1,515,0,0.036
skycell,max_area_ratio=0,1,516,1,0.035
skycell,max_area_ratio=0,1,517,0,0.026
skycell,max_area_ratio=0,1,518,1,0.029
skycell,max_area_ratio=0,1,519,0,0.026
skycell,max_area_ratio=0,1,520,1,0.027
skycell,max_area_ratio=0,1,521,0,0.028
skycell,max_area_ratio=0,1,522,1,0.026
skycell,max_area_ratio=0,1,523,0,0.043
skycell,max_area_ratio=0,1,524,1,0.026
skycell,max_area_ratio=0,1,525,0,0.028
skycell,max_area_ratio=0,1,526,1,0.028
skycell,max_area_ratio=0,1,527,0,0.024
skycell,max_area_ratio=0,1,528,1,0.028
skycell,max_area_ratio=0,1,529,0,0.026
skycell,max_area_ratio=0,1,530,1,0.028
skycell,max_area_ratio=0,1,531,0,0.026
skycell,max_area_ratio=0,1,532,1,0.035
skycell,max_area_ratio=0,1,533,0,0.027
skycell,max_area_ratio=0,1,534,1,0.03
skycell,max_area_ratio=0,1,535,0,0.04
skycell,max_area_ratio=0,1,536,1,0.036
skycell,max_area_ratio=0,1,537,0,0.027
skycell,max_area_ratio=0,1,538,1,0.028
skycell,max_area_ratio=0,1,539,0,0.033
skycell,max_area_ratio=0,1,540,1,0.028
skycell,max_area_ratio=0,1,541,0,0.035
skycell,max_area_ratio=0,1,542,1,0.028
skycell,max_area_ratio=0,1,543,0,0.027
skycell,max_area_ratio=0,1,544,1,0.026
skycell,max_area_ratio=0,1,545,0,0.025
skycell,max_area_ratio=0,1,546,1,0.029
skycell,max_area_ratio=0,1,547,0,0.026
skycell,max_area_ratio=0,1,548,1,0.029
skycell,max_area_ratio=0,1,549,0,0.025
skycell,max_area_ratio=0,1,550,1,0.028
skycell,max_area_ratio=0,1,551,0,0.028
skycell,max_area_ratio=0,1,552,1,0.036
skycell,max_area_ratio=0,1,553,0,0.029
skycell,max_area_ratio=0,1,554,1,0.027
skycell,max_area_ratio=0,1,555,0,0.028
skycell,max_area_ratio=0,1,556,1,0.027
skycell,max_area_ratio=0,1,557,0,0.026
skycell,max_area_ratio=0,1,558,1,0.028
skycell,max_area_ratio=0,1,559,0,0.027
skycell,max_area_ratio=0,1,560,1,0.027
skycell,max_area_ratio=0,1,561,0,0.025
skycell,max_area_ratio=0,1,562,1,0.03
skycell,max_area_ratio=0,1,563,0,0.045
skycell,max_area_ratio=0,1,564,1,0.032
skycell,max_area_ratio=0,1,565,0,0.028
skycell,max_area_ratio=0,1,566,1,0.026
skycell,max_area_ratio=0,1,567,0,0.026
skycell,max_area_ratio=0,1,568,1,0.032
skycell,max_area_ratio=0,1,569,0,0.068
skycell,max_area_ratio=0,1,570,1,0.03
skycell,max_area_ratio=0,1,571,0,0.028
skycell,max_area_ratio=0,1,572,13,0.045
skycell,max_area_ratio=0,1,573,0,0.027
skycell,max_area_ratio=0,1,574,1,0.026
skycell,max_area_ratio=0,1,575,0,0.033
skycell,max_area_ratio=0,1,576,1,0.027
skycell,max_area_ratio=0,1,577,0,0.026
skycell,max_area_ratio=0,1,578,2,0.027
skycell,max_area_ratio=0,1,579,0,0.028
skycell,max_area_ratio=0,1,580,1,0.026
skycell,max_area_ratio=0,1,581,0,0.067
skycell,max_area_ratio=0,1,582,1,0.078
skycell,max_area_ratio=0,1,583,0,0.029
skycell,max_area_ratio=0,1,584,1,0.03
skycell,max_area_ratio=0,1,585,0,0.024
skycell,max_area_ratio=0,1,586,1,0.03
skycell,max_area_ratio=0,1,587,0,0.025
skycell,max_area_ratio=0,1,588,1,0.026
skycell,max_area_ratio=0,1,589,0,0.026
skycell,max_area_ratio=0,1,590,1,0.028
skycell,max_area_ratio=0,1,591,0,0.029
skycell,max_area_ratio=0,1,592,1,0.03
skycell,max_area_ratio=0,1,593,0,0.026
skycell,max_area_ratio=0,1,594,1,0.03
skycell,max_area_ratio=0,1,595,0,0.027
skycell,max_area_ratio=0,1,596,1,0.033
skycell,max_area_ratio=0,1,597,0,0.082
skycell,max_area_ratio=0,1,598,1,0.032
skycell,max_area_ratio=0,1,599,0,0.027
skycell,max_area_ratio=0,1,600,1,0.029
skycell,max_area_ratio=0,1,601,0,0.028
skycell,max_area_ratio=0,1,602,1,0.028
skycell,max_area_ratio=0,1,603,0,0.033
skycell,max_area_ratio=0,1,604,2,0.028
skycell,max_area_ratio=0,1,605,0,0.027
skycell,max_area_ratio=0,1,606,18,0.065
skycell,max_area_ratio=0,1,607,0,0.057
skycell,max_area_ratio=0,1,608,1,0.028
skycell,max_area_ratio=0,1,609,0,0.025
skycell,max_area_ratio=0,1,610,1,0.027
skycell,max_area_ratio=0,1,611,0,0.044
skycell,max_area_ratio=0,1,612,1,0.048
skycell,max_area_ratio=0,1,613,0,0.027
skycell,max_area_ratio=0,1,614,1,0.029
skycell,max_area_ratio=0,1,615,0,0.027
skycell,max_area_ratio=0,1,616,1,0.026
skycell,max_area_ratio=0,1,617,0,0.026
skycell,max_area_ratio=0,1,618,1,0.026
skycell,max_area_ratio=0,1,619,0,0.025
skycell,max_area_ratio=0,1,620,1,0.027
skycell,max_area_ratio=0,1,621,0,0.027
skycell,max_area_ratio=0,1,622,1,0.026
skycell,max_area_ratio=0,1,623,0,0.046
skycell,max_area_ratio=0,1,624,1,0.043
skycell,max_area_ratio=0,1,625,0,0.036
skycell,max_area_ratio=0,1,626,1,0.031
skycell,max_area_ratio=0,1,627,0,0.027
skycell,max_area_ratio=0,1,628,1,0.028
skycell,max_area_ratio=0,1,629,0,0.025
skycell,max_area_ratio=0,1,630,1,0.029
skycell,max_area_ratio=0,1,631,0,0.026
skycell,max_area_ratio=0,1,632,1,0.029
skycell,max_area_ratio=0,1,633,0,0.026
skycell,max_area_ratio=0,1,634,1,0.028
skycell,max_area_ratio=0,1,635,0,0.028
skycell,max_area_ratio=0,1,636,1,0.025
skycell,max_area_ratio=0,1,637,1,0.029
skycell,max_area_ratio=0,1,638,1,0.03
skycell,max_area_ratio=0,1,639,0,0.037
skycell,max_area_ratio=0,1,640,1,0.027
skycell,max_area_ratio=0,1,641,0,0.049
skycell,max_area_ratio=0,1,642,1,0.029
skycell,max_area_ratio=0,1,643,0,0.039
skycell,max_area_ratio=0,1,644,1,0.03
skycell,max_area_ratio=0,1,645,0,0.027
skycell,max_area_ratio=0,1,646,1,0.03
skycell,max_area_ratio=0,1,647,0,0.028
skycell,max_area_ratio=0,1,648,1,0.035
skycell,max_area_ratio=0,1,649,0,0.026
skycell,max_area_ratio=0,1,650,1,0.027
skycell,max_area_ratio=0,1,651,0,0.026
skycell,max_area_ratio=0,1,652,1,0.026
skycell,max_area_ratio=0,1,653,0,0.027
skycell,max_area_ratio=0,1,654,1,0.027
skycell,max_area_ratio=0,1,655,0,0.026
skycell,max_area_ratio=0,1,656,1,0.045
skycell,max_area_ratio=0,1,657,0,0.029
skycell,max_area_ratio=0,1,658,11,0.302
skycell,max_area_ratio=0,1,659,0,0.04
skycell,max_area_ratio=0,1,660,1,0.03
skycell,max_area_ratio=0,1,661,0,0.026
skycell,max_area_ratio=0,1,662,1,0.028
skycell,max_area_ratio=0,1,663,0,0.027
skycell,max_area_ratio=0,1,664,1,0.027
skycell,max_area_ratio=0,1,665,0,0.027
skycell,max_area_ratio=0,1,666,1,0.028
skycell,max_area_ratio=0,1,667,0,0.028
skycell,max_area_ratio=0,1,668,1,0.027
skycell,max_area_ratio=0,1,669,0,0.026
skycell,max_area_ratio=0,1,670,1,0.028
skycell,max_area_ratio=0,1,671,0,0.026
skycell,max_area_ratio=0,1,672,2,0.035
skycell,max_area_ratio=0,1,673,0,0.028
skycell,max_area_ratio=0,1,674,1,0.026
skycell,max_area_ratio=0,1,675,0,0.028
skycell,max_area_ratio=0,1,676,1,0.031
skycell,max_area_ratio=0,1,677,0,0.026
skycell,max_area_ratio=0,1,678,1,0.028
skycell,max_area_ratio=0,1,679,0,0.026
skycell,max_area_ratio=0,1,680,1,0.035
skycell,max_area_ratio=0,1,681,0,0.027
skycell,max_area_ratio=0,1,682,1,0.047
skycell,max_area_ratio=0,1,683,0,0.027
skycell,max_area_ratio=0,1,684,1,0.028
skycell,max_area_ratio=0,1,685,0,0.026
skycell,max_area_ratio=0,1,686,1,0.027
skycell,max_area_ratio=0,1,687,0,0.027
skycell,max_area_ratio=0,1,688,11,0.037
skycell,max_area_ratio=0,1,689,0,0.027
skycell,max_area_ratio=0,1,690,1,0.025
skycell,max_area_ratio=0,1,691,0,0.026
skycell,max_area_ratio=0,1,692,1,0.026
skycell,max_area_ratio=0,1,693,0,0.025
skycell,max_area_ratio=0,1,694,1,0.029
skycell,max_area_ratio=0,1,695,0,0.025
skycell,max_area_ratio=0,1,696,1,0.029
skycell,max_area_ratio=0,1,697,0,0.035
skycell,max_area_ratio=0,1,698,1,0.028
skycell,max_area_ratio=0,1,699,0,0.025
skycell,max_area_ratio=0,1,700,1,0.028
skycell,max_area_ratio=0,1,701,0,0.027
skycell,max_area_ratio=0,1,702,2,0.031
skycell,max_area_ratio=0,1,703,0,0.027
skycell,max_area_ratio=0,1,704,1,0.025
skycell,max_area_ratio=0,1,705,0,0.041
skycell,max_area_ratio=0,1,706,1,0.029
skycell,max_area_ratio=0,1,707,0,0.034
skycell,max_area_ratio=0,1,708,1,0.03
skycell,max_area_ratio=0,1,709,0,0.026
skycell,max_area_ratio=0,1,710,1,0.027
skycell,max_area_ratio=0,1,711,0,0.028
skycell,max_area_ratio=0,1,712,1,0.027
skycell,max_area_ratio=0,1,713,0,0.039
skycell,max_area_ratio=0,1,714,1,0.029
skycell,max_area_ratio=0,1,715,0,0.027
skycell,max_area_ratio=0,1,716,1,0.033
skycell,max_area_ratio=0,1,717,0,0.027
skycell,max_area_ratio=0,1,718,1,0.027
skycell,max_area_ratio=0,1,719,0,0.024
skycell,max_area_ratio=0,1,720,1,0.028
skycell,max_area_ratio=0,1,721,0,0.048
skycell,max_area_ratio=0,1,722,1,0.029
skycell,max_area_ratio=0,1,723,0,0.027
skycell,max_area_ratio=0,1,724,1,0.029
skycell,max_area_ratio=0,1,725,0,0.028
skycell,max_area_ratio=0,1,726,1,0.027
skycell,max_area_ratio=0,1,727,0,0.031
skycell,max_area_ratio=0,1,728,1,0.028
skycell,max_area_ratio=0,1,729,0,0.031
skycell,max_area_ratio=0,1,730,1,0.03
skycell,max_area_ratio=0,1,731,0,0.025
skycell,max_area_ratio=0,1,732,1,0.049
skycell,max_area_ratio=0,1,733,0,0.026
skycell,max_area_ratio=0,1,734,1,0.029
skycell,max_area_ratio=0,1,735,0,0.025
skycell,max_area_ratio=0,1,736,1,0.059
skycell,max_area_ratio=0,1,737,0,0.03
skycell,max_area_ratio=0,1,738,1,0.028
skycell,max_area_ratio=0,1,739,0,0.025
skycell,max_area_ratio=0,1,740,1,0.044
skycell,max_area_ratio=0,1,741,0,0.029
skycell,max_area_ratio=0,1,742,1,0.025
skycell,max_area_ratio=0,1,743,0,0.027
skycell,max_area_ratio=0,1,744,1,0.033
skycell,max_area_ratio=0,1,745,0,0.025
skycell,max_area_ratio=0,1,746,1,0.027
skycell,max_area_ratio=0,1,747,0,0.027
skycell,max_area_ratio=0,1,748,1,0.028
skycell,max_area_ratio=0,1,749,0,0.044
skycell,max_area_ratio=0,1,750,1,0.029
skycell,max_area_ratio=0,1,751,0,0.027
skycell,max_area_ratio=0,1,752,1,0.028
skycell,max_area_ratio=0,1,753,0,0.026
skycell,max_area_ratio=0,1,754,1,0.028
skycell,max_area_ratio=0,1,755,0,0.025
skycell,max_area_ratio=0,1,756,2,0.028
skycell,max_area_ratio=0,1,757,0,0.028
skycell,max_area_ratio=0,1,758,1,0.029
skycell,max_area_ratio=0,1,759,0,0.039
skycell,max_area_ratio=0,1,760,1,0.048
skycell,max_area_ratio=0,1,761,0,0.027
skycell,max_area_ratio=0,1,762,1,0.036
skycell,max_area_ratio=0,1,763,0,0.032
skycell,max_area_ratio=0,1,764,1,0.028
skycell,max_area_ratio=0,1,765,0,0.037
skycell,max_area_ratio=0,1,766,1,0.029
skycell,max_area_ratio=0,1,767,0,0.024
skycell,max_area_ratio=0,1,768,1,0.029
skycell,max_area_ratio=0,1,769,0,0.026
skycell,max_area_ratio=0,1,770,3,0.199
skycell,max_area_ratio=0,1,771,0,0.033
skycell,max_area_ratio=0,1,772,1,0.027
skycell,max_area_ratio=0,1,773,0,0.033
skycell,max_area_ratio=0,1,774,1,0.035
skycell,max_area_ratio=0,1,775,0,0.028
skycell,max_area_ratio=0,1,776,1,0.028
skycell,max_area_ratio=0,1,777,0,0.027
skycell,max_area_ratio=0,1,778,1,0.029
skycell,max_area_ratio=0,1,779,0,0.029
skycell,max_area_ratio=0,1,780,1,0.028
skycell,max_area_ratio=0,1,781,0,0.024
skycell,max_area_ratio=0,1,782,1,0.027
skycell,max_area_ratio=0,1,783,0,0.026
skycell,max_area_ratio=0,1,784,1,0.028
skycell,max_area_ratio=0,1,785,0,0.026
skycell,max_area_ratio=0,1,786,1,0.028
skycell,max_area_ratio=0,1,787,0,0.027
skycell,max_area_ratio=0,1,788,1,0.029
skycell,max_area_ratio=0,1,789,0,0.025
skycell,max_area_ratio=0,1,790,1,0.03
skycell,max_area_ratio=0,1,791,0,0.025
skycell,max_area_ratio=0,1,792,1,0.029
skycell,max_area_ratio=0,1,793,0,0.027
skycell,max_area_ratio=0,1,794,1,0.058
skycell,max_area_ratio=0,1,795,0,0.026
skycell,max_area_ratio=0,1,796,1,0.028
skycell,max_area_ratio=0,1,797,0,0.028
skycell,max_area_ratio=0,1,798,1,0.025
skycell,max_area_ratio=0,1,799,0,0.026
skycell,max_area_ratio=0,1,800,1,0.026
skycell,max_area_ratio=0,1,801,0,0.026
skycell,max_area_ratio=0,1,802,2,0.054
skycell,max_area_ratio=0,1,803,0,0.028
skycell,max_area_ratio=0,1,804,1,0.032
skycell,max_area_ratio=0,1,805,0,0.025
skycell,max_area_ratio=0,1,806,2,0.051
skycell,max_area_ratio=0,1,807,0,0.027
skycell,max_area_ratio=0,1,808,3,0.072
skycell,max_area_ratio=0,1,809,0,0.045
skycell,max_area_ratio=0,1,810,1,0.033
skycell,max_area_ratio=0,1,811,1,0.029
skycell,max_area_ratio=0,1,812,1,0.043
skycell,max_area_ratio=0,1,813,0,0.032
skycell,max_area_ratio=0,1,814,1,0.026
skycell,max_area_ratio=0,1,815,0,0.045
skycell,max_area_ratio=0,1,816,2,0.046
skycell,max_area_ratio=0,1,817,0,0.042
skycell,max_area_ratio=0,1,818,1,0.029
skycell,max_area_ratio=0,1,819,0,0.028
skycell,max_area_ratio=0,1,820,4,0.059
skycell,max_area_ratio=0,1,821,0,0.027
skycell,max_area_ratio=0,1,822,199,0.217
skycell,max_area_ratio=0,1,823,0,0.026
skycell,max_area_ratio=0,1,824,2,0.033
skycell,max_area_ratio=0,1,825,0,0.024
skycell,max_area_ratio=0,1,826,1,0.027
skycell,max_area_ratio=0,1,827,0,0.062
skycell,max_area_ratio=0,1,828,1,0.032
skycell,max_area_ratio=0,1,829,1,0.051
skycell,max_area_ratio=0,1,830,2,0.049
skycell,max_area_ratio=0,1,831,1,0.026
skycell,max_area_ratio=0,1,832,1,0.027
skycell,max_area_ratio=0,1,833,0,0.026
skycell,max_area_ratio=0,1,834,1,0.026
skycell,max_area_ratio=0,1,835,0,0.026
skycell,max_area_ratio=0,1,836,8,0.053
skycell,max_area_ratio=0,1,837,0,0.026
skycell,max_area_ratio=0,1,838,1,0.049
skycell,max_area_ratio=0,1,839,0,0.027
skycell,max_area_ratio=0,1,840,2,0.057
skycell,max_area_ratio=0,1,841,0,0.038
skycell,max_area_ratio=0,1,842,1,0.028
skycell,max_area_ratio=0,1,843,0,0.027
skycell,max_area_ratio=0,1,844,1,0.027
skycell,max_area_ratio=0,1,845,0,0.026
skycell,max_area_ratio=0,1,846,1,0.027
skycell,max_area_ratio=0,1,847,0,0.027
skycell,max_area_ratio=0,1,848,1,0.026
skycell,max_area_ratio=0,1,849,0,0.025
skycell,max_area_ratio=0,1,850,1,0.027
skycell,max_area_ratio=0,1,851,0,0.025
skycell,max_area_ratio=0,1,852,2,0.033
skycell,max_area_ratio=0,1,853,0,0.047
skycell,max_area_ratio=0,1,854,2,0.051
skycell,max_area_ratio=0,1,855,0,0.026
skycell,max_area_ratio=0,1,856,3,0.059
skycell,max_area_ratio=0,1,857,0,0.028
skycell,max_area_ratio=0,1,858,8,0.028
skycell,max_area_ratio=0,1,859,0,0.028
skycell,max_area_ratio=0,1,860,1,0.027
skycell,max_area_ratio=0,1,861,0,0.026
skycell,max_area_ratio=0,1,862,3,0.048
skycell,max_area_ratio=0,1,863,0,0.026
skycell,max_area_ratio=0,1,864,359,0.333
skycell,max_area_ratio=0,1,865,0,0.03
skycell,max_area_ratio=0,1,866,2,0.053
skycell,max_area_ratio=0,1,867,0,0.033
skycell,max_area_ratio=0,1,868,2,0.063
skycell,max_area_ratio=0,1,869,0,0.026
skycell,max_area_ratio=0,1,870,1,0.027
skycell,max_area_ratio=0,1,871,0,0.064
skycell,max_area_ratio=0,1,872,3,0.072
skycell,max_area_ratio=0,1,873,0,0.025
skycell,max_area_ratio=0,1,874,5,0.049
skycell,max_area_ratio=0,1,875,0,0.026
skycell,max_area_ratio=0,1,876,3,0.029
skycell,max_area_ratio=0,1,877,0,0.026
skycell,max_area_ratio=0,1,878,1,0.027
skycell,max_area_ratio=0,1,879,0,0.025
skycell,max_area_ratio=0,1,880,1,0.027
skycell,max_area_ratio=0,1,881,0,0.026
skycell,max_area_ratio=0,1,882,1,0.03
skycell,max_area_ratio=0,1,883,0,0.043
skycell,max_area_ratio=0,1,884,3,0.029
skycell,max_area_ratio=0,1,885,1,0.048
skycell,max_area_ratio=0,1,886,4,0.047
skycell,max_area_ratio=0,1,887,0,0.029
skycell,max_area_ratio=0,1,888,1,0.024
skycell,max_area_ratio=0,1,889,0,0.028
skycell,max_area_ratio=0,1,890,2,0.045
skycell,max_area_ratio=0,1,891,3,0.046
skycell,max_area_ratio=0,1,892,1,0.027
skycell,max_area_ratio=0,1,893,3,0.059
skycell,max_area_ratio=0,1,894,2,0.031
skycell,max_area_ratio=0,1,895,0,0.027
skycell,max_area_ratio=0,1,896,1,0.029
skycell,max_area_ratio=0,1,897,0,0.03
skycell,max_area_ratio=0,1,898,2,0.057
skycell,max_area_ratio=0,1,899,0,0.028
skycell,max_area_ratio=0,1,900,1,0.046
skycell,max_area_ratio=0,1,901,0,0.026
skycell,max_area_ratio=0,1,902,3,0.051
skycell,max_area_ratio=0,1,903,0,0.054
skycell,max_area_ratio=0,1,904,2,0.067
skycell,max_area_ratio=0,1,905,0,0.025
skycell,max_area_ratio=0,1,906,4,0.03
skycell,max_area_ratio=0,1,907,1,0.027
skycell,max_area_ratio=0,1,908,3,0.044
skycell,max_area_ratio=0,1,909,0,0.028
skycell,max_area_ratio=0,1,910,5,0.031
skycell,max_area_ratio=0,1,911,0,0.042
skycell,max_area_ratio=0,1,912,1,0.044
skycell,max_area_ratio=0,1,913,0,0.026
skycell,max_area_ratio=0,1,914,1,0.029
skycell,max_area_ratio=0,1,915,0,0.027
skycell,max_area_ratio=0,1,916,1,0.028
skycell,max_area_ratio=0,1,917,0,0.026
skycell,max_area_ratio=0,1,918,1,0.046
skycell,max_area_ratio=0,1,919,0,0.026
skycell,max_area_ratio=0,1,920,1,0.034
skycell,max_area_ratio=0,1,921,0,0.043
skycell,max_area_ratio=0,1,922,1,0.027
skycell,max_area_ratio=0,1,923,0,0.142
skycell,max_area_ratio=0,1,924,4,0.058
skycell,max_area_ratio=0,1,925,0,0.043
skycell,max_area_ratio=0,1,926,2,0.029
skycell,max_area_ratio=0,1,927,0,0.028
skycell,max_area_ratio=0,1,928,48,0.096
skycell,max_area_ratio=0,1,929,0,0.028
skycell,max_area_ratio=0,1,930,4,0.051
skycell,max_area_ratio=0,1,931,0,0.026
skycell,max_area_ratio=0,1,932,2,0.03
skycell,max_area_ratio=0,1,933,2,0.042
skycell,max_area_ratio=0,1,934,2,0.048
skycell,max_area_ratio=0,1,935,0,0.028
skycell,max_area_ratio=0,1,936,5,0.046
skycell,max_area_ratio=0,1,937,2,0.032
skycell,max_area_ratio=0,1,938,1,0.027
skycell,max_area_ratio=0,1,939,0,0.043
skycell,max_area_ratio=0,1,940,2,0.052
skycell,max_area_ratio=0,1,941,0,0.026
skycell,max_area_ratio=0,1,942,4,0.051
skycell,max_area_ratio=0,1,943,0,0.043
skycell,max_area_ratio=0,1,944,1,0.029
skycell,max_area_ratio=0,1,945,0,0.027
skycell,max_area_ratio=0,1,946,4,0.064
skycell,max_area_ratio=0,1,947,0,0.032
skycell,max_area_ratio=0,1,948,2,0.035
skycell,max_area_ratio=0,1,949,0,0.046
skycell,max_area_ratio=0,1,950,1,0.031
skycell,max_area_ratio=0,1,951,0,0.038
skycell,max_area_ratio=0,1,952,1,0.041
skycell,max_area_ratio=0,1,953,0,0.049
skycell,max_area_ratio=0,1,954,1,0.028
skycell,max_area_ratio=0,1,955,0,0.026
skycell,max_area_ratio=0,1,956,1,0.064
skycell,max_area_ratio=0,1,957,0,0.029
skycell,max_area_ratio=0,1,958,1,0.029
skycell,max_area_ratio=0,1,959,0,0.048
skycell,max_area_ratio=0,1,960,1,0.037
skycell,max_area_ratio=0,1,961,0,0.026
skycell,max_area_ratio=0,1,962,2,0.03
skycell,max_area_ratio=0,1,963,0,0.047
skycell,max_area_ratio=0,1,964,3,0.052
skycell,max_area_ratio=0,1,965,0,0.027
skycell,max_area_ratio=0,1,966,1,0.026
skycell,max_area_ratio=0,1,967,0,0.043
skycell,max_area_ratio=0,1,968,2,0.028
skycell,max_area_ratio=0,1,969,0,0.027
skycell,max_area_ratio=0,1,970,18,0.037
skycell,max_area_ratio=0,1,971,2,0.071
skycell,max_area_ratio=0,1,972,2,0.028
skycell,max_area_ratio=0,1,973,0,0.042
skycell,max_area_ratio=0,1,974,3,0.03
skycell,max_area_ratio=0,1,975,0,0.044
skycell,max_area_ratio=0,1,976,3,0.045
skycell,max_area_ratio=0,1,977,1,0.026
skycell,max_area_ratio=0,1,978,1,0.044
skycell,max_area_ratio=0,1,979,0,0.028
skycell,max_area_ratio=0,1,980,1,0.046
skycell,max_area_ratio=0,1,981,0,0.025
skycell,max_area_ratio=0,1,982,7,0.03
skycell,max_area_ratio=0,1,983,0,0.044
skycell,max_area_ratio=0,1,984,2,0.029
skycell,max_area_ratio=0,1,985,0,0.028
skycell,max_area_ratio=0,1,986,5,0.065
skycell,max_area_ratio=0,1,987,0,0.039
skycell,max_area_ratio=0,1,988,1,0.031
skycell,max_area_ratio=0,1,989,0,0.024
skycell,max_area_ratio=0,1,990,6,0.039
skycell,max_area_ratio=0,1,991,0,0.05
skycell,max_area_ratio=0,1,992,1,0.048
skycell,max_area_ratio=0,1,993,0,0.026
skycell,max_area_ratio=0,1,994,1,0.052
skycell,max_area_ratio=0,1,995,0,0.026
skycell,max_area_ratio=0,1,996,5,0.058
skycell,max_area_ratio=0,1,997,0,0.027
skycell,max_area_ratio=0,1,998,5,0.029
skycell,max_area_ratio=0,1,999,0,0.026
skycell,max_area_ratio=0,1,1000,1,0.027
skycell,max_area_ratio=0,1,1001,0,0.028
skycell,max_area_ratio=0,1,1002,1,0.028
skycell,max_area_ratio=0,1,1003,0,0.041
skycell,max_area_ratio=0,1,1004,1,0.028
skycell,max_area_ratio=0,1,1005,0,0.046
skycell,max_area_ratio=0,1,1006,3,0.044
skycell,max_area_ratio=0,1,1007,1,0.043
skycell,max_area_ratio=0,1,1008,2,0.047
skycell,max_area_ratio=0,1,1009,0,0.029
skycell,max_area_ratio=0,1,1010,2,0.03
skycell,max_area_ratio=0,1,1011,0,0.029
skycell,max_area_ratio=0,1,1012,1,0.025
skycell,max_area_ratio=0,1,1013,1,0.039
skycell,max_area_ratio=0,1,1014,2,0.049
skycell,max_area_ratio=0,1,1015,0,0.028
skycell,max_area_ratio=0,1,1016,1,0.027
skycell,max_area_ratio=0,1,1017,0,0.046
skycell,max_area_ratio=0,1,1018,3,0.028
skycell,max_area_ratio=0,1,1019,0,0.027
skycell,max_area_ratio=0,1,1020,1,0.026
skycell,max_area_ratio=0,1,1021,0,0.027
skycell,max_area_ratio=0,1,1022,1,0.042
skycell,max_area_ratio=0,1,1023,0,0.027
skycell,max_area_ratio=0,1,1024,1,0.029
skycell,max_area_ratio=0,1,1025,0,0.031
skycell,max_area_ratio=0,1,1026,1,0.03
skycell,max_area_ratio=0,1,1027,0,0.059
skycell,max_area_ratio=0,1,1028,4,0.048
skycell,max_area_ratio=0,1,1029,0,0.027
skycell,max_area_ratio=0,1,1030,1,0.027
skycell,max_area_ratio=0,1,1031,0,0.043
skycell,max_area_ratio=0,1,1032,1,0.045
skycell,max_area_ratio=0,1,1033,0,0.027
skycell,max_area_ratio=0,1,1034,2,0.028
skycell,max_area_ratio=0,1,1035,0,0.025
skycell,max_area_ratio=0,1,1036,1,0.03
skycell,max_area_ratio=0,1,1037,0,0.026
skycell,max_area_ratio=0,1,1038,1,0.051
skycell,max_area_ratio=0,1,1039,0,0.048
skycell,max_area_ratio=0,1,1040,1,0.029
skycell,max_area_ratio=0,1,1041,0,0.029
skycell,max_area_ratio=0,1,1042,1,0.029
skycell,max_area_ratio=0,1,1043,0,0.024
skycell,max_area_ratio=0,1,1044,1,0.036
skycell,max_area_ratio=0,1,1045,1,0.052
skycell,max_area_ratio=0,1,1046,3,0.028
skycell,max_area_ratio=0,1,1047,0,0.026
skycell,max_area_ratio=0,1,1048,1,0.045
skycell,max_area_ratio=0,1,1049,0,0.029
skycell,max_area_ratio=0,1,1050,3,0.026
skycell,max_area_ratio=0,1,1051,0,0.027
skycell,max_area_ratio=0,1,1052,1,0.06
skycell,max_area_ratio=0,1,1053,0,0.044
skycell,max_area_ratio=0,1,1054,1,0.044
skycell,max_area_ratio=0,1,1055,0,0.029
skycell,max_area_ratio=0,1,1056,1,0.028
skycell,max_area_ratio=0,1,1057,0,0.025
skycell,max_area_ratio=0,1,1058,64,0.103
skycell,max_area_ratio=0,1,1059,0,0.028
skycell,max_area_ratio=0,1,1060,1,0.046
skycell,max_area_ratio=0,1,1061,0,0.044
skycell,max_area_ratio=0,1,1062,1,0.029
skycell,max_area_ratio=0,1,1063,0,0.028
skycell,max_area_ratio=0,1,1064,6,0.061
skycell,max_area_ratio=0,1,1065,2,0.028
skycell,max_area_ratio=0,1,1066,2,0.029
skycell,max_area_ratio=0,1,1067,0,0.043
skycell,max_area_ratio=0,1,1068,2,0.03
skycell,max_area_ratio=0,1,1069,0,0.028
skycell,max_area_ratio=0,1,1070,4,0.042
skycell,max_area_ratio=0,1,1071,0,0.026
skycell,max_area_ratio=0,1,1072,3,0.051
skycell,max_area_ratio=0,1,1073,0,0.028
skycell,max_area_ratio=0,1,1074,1,0.028
skycell,max_area_ratio=0,1,1075,0,0.029
skycell,max_area_ratio=0,1,1076,1,0.027
skycell,max_area_ratio=0,1,1077,0,0.028
skycell,max_area_ratio=0,1,1078,1,0.072
skycell,max_area_ratio=0,1,1079,1,0.029
skycell,max_area_ratio=0,1,1080,2,0.027
skycell,max_area_ratio=0,1,1081,0,0.025
skycell,max_area_ratio=0,1,1082,2,0.051
skycell,max_area_ratio=0,1,1083,0,0.029
skycell,max_area_ratio=0,1,1084,1,0.027
skycell,max_area_ratio=0,1,1085,0,0.024
skycell,max_area_ratio=0,1,1086,2,0.033
skycell,max_area_ratio=0,1,1087,0,0.054
skycell,max_area_ratio=0,1,1088,2,0.025
skycell,max_area_ratio=0,1,1089,0,0.026
skycell,max_area_ratio=0,1,1090,5,0.034
skycell,max_area_ratio=0,1,1091,0,0.027
skycell,max_area_ratio=0,1,1092,2,0.031
skycell,max_area_ratio=0,1,1093,0,0.046
skycell,max_area_ratio=0,1,1094,2,0.043
skycell,max_area_ratio=0,1,1095,0,0.028
skycell,max_area_ratio=0,1,1096,1,0.051
skycell,max_area_ratio=0,1,1097,0,0.026
skycell,max_area_ratio=0,1,1098,1,0.029
skycell,max_area_ratio=0,1,1099,1,0.027
skycell,max_area_ratio=0,1,1100,7,0.032
skycell,max_area_ratio=0,1,1101,1,0.029
skycell,max_area_ratio=0,1,1102,3,0.061
skycell,max_area_ratio=0,1,1103,11,0.075
skycell,max_area_ratio=0,1,1104,2,0.082
skycell,max_area_ratio=0,1,1105,1,0.052
skycell,max_area_ratio=0,1,1106,59,0.09
skycell,max_area_ratio=0,1,1107,3,0.033
skycell,max_area_ratio=0,1,1108,36,0.058
skycell,max_area_ratio=0,1,1109,3,0.031
skycell,max_area_ratio=0,1,1110,27,0.07
skycell,max_area_ratio=0,1,1111,3,0.065
skycell,max_area_ratio=0,1,1112,5,0.052
skycell,max_area_ratio=0,1,1113,2,0.029
skycell,max_area_ratio=0,1,1114,123,0.15
skycell,max_area_ratio=0,1,1115,4,0.05
skycell,max_area_ratio=0,1,1116,137,0.125
skycell,max_area_ratio=0,1,1117,11,0.03
skycell,max_area_ratio=0,1,1118,107,0.111
skycell,max_area_ratio=0,1,1119,14,0.068
skycell,max_area_ratio=0,1,1120,158,0.147
skycell,max_area_ratio=0,1,1121,2,0.061
skycell,max_area_ratio=0,1,1122,21,0.089
skycell,max_area_ratio=0,1,1123,2,0.03
skycell,max_area_ratio=0,1,1124,4,0.047
skycell,max_area_ratio=0,1,1125,3,0.058
skycell,max_area_ratio=0,1,1126,18,0.049
skycell,max_area_ratio=0,1,1127,3,0.054
skycell,max_area_ratio=0,1,1128,6,0.044
skycell,max_area_ratio=0,1,1129,21,0.061
skycell,max_area_ratio=0,1,1130,8,0.044
skycell,max_area_ratio=0,1,1131,2,0.044
skycell,max_area_ratio=0,1,1132,88,0.099
skycell,max_area_ratio=0,1,1133,15,0.074
skycell,max_area_ratio=0,1,1134,1,0.055
skycell,max_area_ratio=0,1,1135,3,0.032
skycell,max_area_ratio=0,1,1136,29,0.069
skycell,max_area_ratio=0,1,1137,0,0.048
skycell,max_area_ratio=0,1,1138,2,0.029
skycell,max_area_ratio=0,1,1139,1,0.032
skycell,max_area_ratio=0,1,1140,6,0.026
skycell,max_area_ratio=0,1,1141,8,0.034
skycell,max_area_ratio=0,1,1142,2,0.026
skycell,max_area_ratio=0,1,1143,4,0.061
skycell,max_area_ratio=0,1,1144,75,0.074
skycell,max_area_ratio=0,1,1145,4,0.058
skycell,max_area_ratio=0,1,1146,22,0.064
skycell,max_area_ratio=0,1,1147,2,0.04
skycell,max_area_ratio=0,1,1148,6,0.049
skycell,max_area_ratio=0,1,1149,9,0.048
skycell,max_area_ratio=0,1,1150,66,0.097
skycell,max_area_ratio=0,1,1151,1,0.037
skycell,max_area_ratio=0,1,1152,34,0.102
skycell,max_area_ratio=0,1,1153,4,0.065
skycell,max_area_ratio=0,1,1154,45,0.071
skycell,max_area_ratio=0,1,1155,3,0.056
skycell,max_area_ratio=0,1,1156,466,0.196
skycell,max_area_ratio=0,1,1157,1,0.064
skycell,max_area_ratio=0,1,1158,49,0.088
skycell,max_area_ratio=0,1,1159,2,0.057
skycell,max_area_ratio=0,1,1160,42,0.102
skycell,max_area_ratio=0,1,1161,4,0.059
skycell,max_area_ratio=0,1,1162,3,0.045
skycell,max_area_ratio=0,1,1163,6,0.05
skycell,max_area_ratio=0,1,1164,3,0.032
skycell,max_area_ratio=0,1,1165,12,0.049
skycell,max_area_ratio=0,1,1166,20,0.066
skycell,max_area_ratio=0,1,1167,4,0.032
skycell,max_area_ratio=0,1,1168,930,0.2
skycell,max_area_ratio=0,1,1169,46,0.07
skycell,max_area_ratio=0,1,1170,5,0.047
skycell,max_area_ratio=0,1,1171,1,0.032
skycell,max_area_ratio=0,1,1172,6,0.029
skycell,max_area_ratio=0,1,1173,3,0.048
skycell,max_area_ratio=0,1,1174,4,0.053
skycell,max_area_ratio=0,1,1175,1,0.046
skycell,max_area_ratio=0,1,1176,16,0.054
skycell,max_area_ratio=0,1,1177,2,0.034
skycell,max_area_ratio=0,1,1178,10,0.031
skycell,max_area_ratio=0,1,1179,4,0.029
skycell,max_area_ratio=0,1,1180,13,0.051
skycell,max_area_ratio=0,1,1181,2,0.061
skycell,max_area_ratio=0,1,1182,52,0.08
skycell,max_area_ratio=0,1,1183,7,0.069
skycell,max_area_ratio=0,1,1184,4,0.047
skycell,max_area_ratio=0,1,1185,1,0.032
skycell,max_area_ratio=0,1,1186,48,0.077
skycell,max_area_ratio=0,1,1187,3,0.047
skycell,max_area_ratio=0,1,1188,3,0.058
skycell,max_area_ratio=0,1,1189,3,0.031
skycell,max_area_ratio=0,1,1190,2,0.046
skycell,max_area_ratio=0,1,1191,1,0.028
skycell,max_area_ratio=0,1,1192,137,0.086
skycell,max_area_ratio=0,1,1193,2,0.031
skycell,max_area_ratio=0,1,1194,3,0.065
skycell,max_area_ratio=0,1,1195,2,0.071
skycell,max_area_ratio=0,1,1196,8,0.046
skycell,max_area_ratio=0,1,1197,1,0.05
skycell,max_area_ratio=0,1,1198,49,0.078
skycell,max_area_ratio=0,1,1199,4,0.033
skycell,max_area_ratio=0,1,1200,55,0.089
skycell,max_area_ratio=0,1,1201,2,0.072
skycell,max_area_ratio=0,1,1202,6,0.035
skycell,max_area_ratio=0,1,1203,48,0.068
skycell,max_area_ratio=0,1,1204,8,0.05
skycell,max_area_ratio=0,1,1205,0,0.031
skycell,max_area_ratio=0,1,1206,63,0.089
skycell,max_area_ratio=0,1,1207,8,0.065
skycell,max_area_ratio=0,1,1208,10,0.034
skycell,max_area_ratio=0,1,1209,2,0.043
skycell,max_area_ratio=0,1,1210,8,0.03
skycell,max_area_ratio=0,1,1211,0,0.053
skycell,max_area_ratio=0,1,1212,72,0.091
skycell,max_area_ratio=0,1,1213,2,0.056
skycell,max_area_ratio=0,1,1214,26,0.088
skycell,max_area_ratio=0,1,1215,1,0.056
skycell,max_area_ratio=0,1,1216,33,0.057
skycell,max_area_ratio=0,1,1217,2,0.045
skycell,max_area_ratio=0,1,1218,4,0.066
skycell,max_area_ratio=0,1,1219,5,0.046
skycell,max_area_ratio=0,1,1220,70,0.069
skycell,max_area_ratio=0,1,1221,0,0.047
skycell,max_area_ratio=0,1,1222,3834,0.378
skycell,max_area_ratio=0,1,1223,1,0.029
skycell,max_area_ratio=0,1,1224,5,0.058
skycell,max_area_ratio=0,1,1225,11,0.053
skycell,max_area_ratio=0,1,1226,3,0.057
skycell,max_area_ratio=0,1,1227,4,0.046
skycell,max_area_ratio=0,1,1228,1616,0.337
skycell,max_area_ratio=0,1,1229,11,0.052
skycell,max_area_ratio=0,1,1230,1,0.06
skycell,max_area_ratio=0,1,1231,1,0.041
skycell,max_area_ratio=0,1,1232,170,0.14
skycell,max_area_ratio=0,1,1233,2,0.052
skycell,max_area_ratio=0,1,1234,3,0.048
skycell,max_area_ratio=0,1,1235,2,0.029
skycell,max_area_ratio=0,1,1236,32,0.093
skycell,max_area_ratio=0,1,1237,2,0.037
skycell,max_area_ratio=0,1,1238,4,0.056
skycell,max_area_ratio=0,1,1239,6,0.038
skycell,max_area_ratio=0,1,1240,40,0.079
skycell,max_area_ratio=0,1,1241,3,0.05
skycell,max_area_ratio=0,1,1242,11,0.076
skycell,max_area_ratio=0,1,1243,51,0.11
skycell,max_area_ratio=0,1,1244,66,0.075
skycell,max_area_ratio=0,1,1245,1,0.056
skycell,max_area_ratio=0,1,1246,3,0.032
skycell,max_area_ratio=0,1,1247,0,0.05
skycell,max_area_ratio=0,1,1248,106,0.111
skycell,max_area_ratio=0,1,1249,11,0.067
skycell,max_area_ratio=0,1,1250,29,0.065
skycell,max_area_ratio=0,1,1251,2,0.047
skycell,max_area_ratio=0,1,1252,79,0.113
skycell,max_area_ratio=0,1,1253,4,0.053
skycell,max_area_ratio=0,1,1254,118,0.138
skycell,max_area_ratio=0,1,1255,47,0.086
skycell,max_area_ratio=0,1,1256,4009,0.362
skycell,max_area_ratio=0,1,1257,74,0.097
skycell,max_area_ratio=0,1,1258,4,0.03
skycell,max_area_ratio=0,1,1259,1,0.056
skycell,max_area_ratio=0,1,1260,5,0.064
skycell,max_area_ratio=0,1,1261,99,0.104
skycell,max_area_ratio=0,1,1262,140,0.108
skycell,max_area_ratio=0,1,1263,2,0.03
skycell,max_area_ratio=0,1,1264,74,0.089
skycell,max_area_ratio=0,1,1265,1,0.05
skycell,max_area_ratio=0,1,1266,21,0.074
skycell,max_area_ratio=0,1,1267,3,0.031
skycell,max_area_ratio=0,1,1268,3,0.061
skycell,max_area_ratio=0,1,1269,3,0.048
skycell,max_area_ratio=0,1,1270,22,0.074
skycell,max_area_ratio=0,1,1271,14,0.058
skycell,max_area_ratio=0,1,1272,19,0.058
skycell,max_area_ratio=0,1,1273,4,0.031
skycell,max_area_ratio=0,1,1274,730,0.211
skycell,max_area_ratio=0,1,1275,61,0.09
skycell,max_area_ratio=0,1,1276,3,0.046
skycell,max_area_ratio=0,1,1277,2,0.035
skycell,max_area_ratio=0,1,1278,139,0.126
skycell,max_area_ratio=0,1,1279,0,0.03
skycell,max_area_ratio=0,1,1280,87,0.095
skycell,max_area_ratio=0,1,1281,3,0.048
skycell,max_area_ratio=0,1,1282,77,0.09
skycell,max_area_ratio=0,1,1283,4,0.028
skycell,max_area_ratio=0,1,1284,47,0.075
skycell,max_area_ratio=0,1,1285,36,0.069
skycell,max_area_ratio=0,1,1286,2,0.028
skycell,max_area_ratio=0,1,1287,7,0.029
skycell,max_area_ratio=0,1,1288,4,0.029
skycell,max_area_ratio=0,1,1289,1,0.03
skycell,max_area_ratio=0,1,1290,175,0.135
skycell,max_area_ratio=0,1,1291,2,0.048
skycell,max_area_ratio=0,1,1292,65,0.083
skycell,max_area_ratio=0,1,1293,4,0.044
skycell,max_area_ratio=0,1,1294,59,0.085
skycell,max_area_ratio=0,1,1295,2,0.047
skycell,max_area_ratio=0,1,1296,5,0.03
skycell,max_area_ratio=0,1,1297,1,0.044
skycell,max_area_ratio=0,1,1298,9,0.058
skycell,max_area_ratio=0,1,1299,3,0.046
skycell,max_area_ratio=0,1,1300,81,0.07
skycell,max_area_ratio=0,1,1301,115,0.114
skycell,max_area_ratio=0,1,1302,528,0.255
skycell,max_area_ratio=0,1,1303,144,0.178
skycell,max_area_ratio=0,1,1304,1562,0.389
skycell,max_area_ratio=0,1,1305,53,0.087
skycell,max_area_ratio=0,1,1306,1632,0.444
skycell,max_area_ratio=0,1,1307,103,0.115
skycell,max_area_ratio=0,1,1308,85,0.139
skycell,max_area_ratio=0,1,1309,72,0.1
skycell,max_area_ratio=0,1,1310,68,0.101
skycell,max_area_ratio=0,1,1311,63,0.069
skycell,max_area_ratio=0,1,1312,66,0.091
skycell,max_area_ratio=0,1,1313,51,0.083
skycell,max_area_ratio=0,1,1314,69,0.109
skycell,max_area_ratio=0,1,1315,475,0.202
skycell,max_area_ratio=0,1,1316,397,0.25
skycell,max_area_ratio=0,1,1317,71,0.104
skycell,max_area_ratio=0,1,1318,800,0.291
skycell,max_area_ratio=0,1,1319,64,0.104
skycell,max_area_ratio=0,1,1320,73,0.116
skycell,max_area_ratio=0,1,1321,75,0.137
skycell,max_area_ratio=0,1,1322,69,0.096
skycell,max_area_ratio=0,1,1323,77,0.128
skycell,max_area_ratio=0,1,1324,2294,0.49
skycell,max_area_ratio=0,1,1325,84,0.101
skycell,max_area_ratio=0,1,1326,752,0.248
skycell,max_area_ratio=0,1,1327,72,0.111
skycell,max_area_ratio=0,1,1328,879,0.272
skycell,max_area_ratio=0,1,1329,81,0.111
skycell,max_area_ratio=0,1,1330,1598,0.451
skycell,max_area_ratio=0,1,1331,61,0.108
skycell,max_area_ratio=0,1,1332,69,0.102
skycell,max_area_ratio=0,1,1333,67,0.079
skycell,max_area_ratio=0,1,1334,736,0.288
skycell,max_area_ratio=0,1,1335,311,0.182
skycell,max_area_ratio=0,1,1336,1019,0.302
skycell,max_area_ratio=0,1,1337,81,0.097
skycell,max_area_ratio=0,1,1338,1099,0.359
skycell,max_area_ratio=0,1,1339,122,0.092
skycell,max_area_ratio=0,1,1340,1284,0.314
skycell,max_area_ratio=0,1,1341,56,0.089
skycell,max_area_ratio=0,1,1342,65,0.101
skycell,max_area_ratio=0,1,1343,61,0.086
skycell,max_area_ratio=0,1,1344,57,0.084
skycell,max_area_ratio=0,1,1345,63,0.096
skycell,max_area_ratio=0,1,1346,553,0.288
skycell,max_area_ratio=0,1,1347,68,0.082
skycell,max_area_ratio=0,1,1348,63,0.107
skycell,max_area_ratio=0,1,1349,216,0.136
skycell,max_area_ratio=0,1,1350,75,0.085
skycell,max_area_ratio=0,1,1351,69,0.121
skycell,max_area_ratio=0,1,1352,157,0.123
skycell,max_area_ratio=0,1,1353,211,0.167
skycell,max_area_ratio=0,1,1354,136,0.105
skycell,max_area_ratio=0,1,1355,47,0.09
skycell,max_area_ratio=0,1,1356,660,0.234
skycell,max_area_ratio=0,1,1357,70,0.103
skycell,max_area_ratio=0,1,1358,66,0.091
skycell,max_area_ratio=0,1,1359,68,0.139
skycell,max_area_ratio=0,1,1360,674,0.232
skycell,max_area_ratio=0,1,1361,67,0.1
skycell,max_area_ratio=0,1,1362,61,0.083
skycell,max_area_ratio=0,1,1363,60,0.107
skycell,max_area_ratio=0,1,1364,2512,0.583
skycell,max_area_ratio=0,1,1365,65,0.1
skycell,max_area_ratio=0,1,1366,65,0.095
skycell,max_area_ratio=0,1,1367,60,0.088
skycell,max_area_ratio=0,1,1368,60,0.089
skycell,max_area_ratio=0,1,1369,163,0.144
skycell,max_area_ratio=0,1,1370,4069,0.8
skycell,max_area_ratio=0,1,1371,77,0.108
skycell,max_area_ratio=0,1,1372,601,0.229
skycell,max_area_ratio=0,1,1373,49,0.093
skycell,max_area_ratio=0,1,1374,70,0.097
skycell,max_area_ratio=0,1,1375,73,0.101
skycell,max_area_ratio=0,1,1376,495,0.227
skycell,max_area_ratio=0,1,1377,63,0.095
skycell,max_area_ratio=0,1,1378,1356,0.399
skycell,max_area_ratio=0,1,1379,79,0.107
skycell,max_area_ratio=0,1,1380,1572,0.406
skycell,max_area_ratio=0,1,1381,47,0.137
skycell,max_area_ratio=0,1,1382,75,0.102
skycell,max_area_ratio=0,1,1383,65,0.087
skycell,max_area_ratio=0,1,1384,77,0.076
skycell,max_area_ratio=0,1,1385,1227,0.374
skycell,max_area_ratio=0,1,1386,1589,0.331
skycell,max_area_ratio=0,1,1387,79,0.08
skycell,max_area_ratio=0,1,1388,898,0.297
skycell,max_area_ratio=0,1,1389,69,0.101
skycell,max_area_ratio=0,1,1390,710,0.257
skycell,max_area_ratio=0,1,1391,77,0.083
skycell,max_area_ratio=0,1,1392,67,0.08
skycell,max_area_ratio=0,1,1393,66,0.091
skycell,max_area_ratio=0,1,1394,3504,0.696
skycell,max_area_ratio=0,1,1395,64,0.101
skycell,max_area_ratio=0,1,1396,3600,0.677
skycell,max_area_ratio=0,1,1397,59,0.111
skycell,max_area_ratio=0,1,1398,2926,0.618
skycell,max_area_ratio=0,1,1399,66,0.109
skycell,max_area_ratio=0,1,1400,4002,0.752
skycell,max_area_ratio=0,1,1401,297,0.238
skycell,max_area_ratio=0,1,1402,254,0.183
skycell,max_area_ratio=0,1,1403,324,0.18
skycell,max_area_ratio=0,1,1404,1369,0.38
skycell,max_area_ratio=0,1,1405,265,0.177
skycell,max_area_ratio=0,1,1406,1108,0.377
skycell,max_area_ratio=0,1,1407,276,0.182
skycell,max_area_ratio=0,1,1408,4152,0.815
skycell,max_area_ratio=0,1,1409,297,0.176
skycell,max_area_ratio=0,1,1410,306,0.15
skycell,max_area_ratio=0,1,1411,748,0.295
skycell,max_area_ratio=0,1,1412,265,0.151
skycell,max_area_ratio=0,1,1413,280,0.188
skycell,max_area_ratio=0,1,1414,1101,0.36
skycell,max_area_ratio=0,1,1415,251,0.14
skycell,max_area_ratio=0,1,1416,9129,1.381
skycell,max_area_ratio=0,1,1417,272,0.152
skycell,max_area_ratio=0,1,1418,5071,0.908
skycell,max_area_ratio=0,1,1419,271,0.18
skycell,max_area_ratio=0,1,1420,5690,0.931
skycell,max_area_ratio=0,1,1421,233,0.137
skycell,max_area_ratio=0,1,1422,4433,0.76
skycell,max_area_ratio=0,1,1423,260,0.157
skycell,max_area_ratio=0,1,1424,3126,0.566
skycell,max_area_ratio=0,1,1425,3145,0.662
skycell,max_area_ratio=0,1,1426,302,0.193
skycell,max_area_ratio=0,1,1427,255,0.17
skycell,max_area_ratio=0,1,1428,3905,0.811
skycell,max_area_ratio=0,1,1429,1284,0.38
skycell,max_area_ratio=0,1,1430,1294,0.297
skycell,max_area_ratio=0,1,1431,289,0.135
skycell,max_area_ratio=0,1,1432,268,0.186
skycell,max_area_ratio=0,1,1433,901,0.355
skycell,max_area_ratio=0,1,1434,277,0.166
skycell,max_area_ratio=0,1,1435,1243,0.38
skycell,max_area_ratio=0,1,1436,1021,0.277
skycell,max_area_ratio=0,1,1437,298,0.169
skycell,max_area_ratio=0,1,1438,4191,0.47
skycell,max_area_ratio=0,1,1439,307,0.167
skycell,max_area_ratio=0,1,1440,269,0.176
skycell,max_area_ratio=0,1,1441,2336,0.551
skycell,max_area_ratio=0,1,1442,2435,0.586
skycell,max_area_ratio=0,1,1443,2502,0.594
skycell,max_area_ratio=0,1,1444,35019,3.982
skycell,max_area_ratio=0,1,1445,11114,1.592
skycell,max_area_ratio=0,1,1446,6517,0.864
skycell,max_area_ratio=0,1,1447,2340,0.546
skycell,max_area_ratio=0,1,1448,147516,12.78
skycell,max_area_ratio=0,1,1449,2525,0.618
skycell,max_area_ratio=0,1,1450,43516,4.454
skycell,max_area_ratio=0,1,1451,2330,0.643
skycell,max_area_ratio=0,1,1452,26649,3.318
skycell,max_area_ratio=0,1,1453,2324,0.584
skycell,max_area_ratio=0,1,1454,22109,3.268
skycell,max_area_ratio=0,1,1455,2386,0.821
skycell,max_area_ratio=0,1,1456,18819,2.628
skycell,max_area_ratio=0,2,1,0,0.054
skycell,max_area_ratio=0,2,2,1,0.045
skycell,max_area_ratio=0,2,3,0,0.031
skycell,max_area_ratio=0,2,4,1,0.032
skycell,max_area_ratio=0,2,5,0,0.029
skycell,max_area_ratio=0,2,6,1,0.028
skycell,max_area_ratio=0,2,7,0,0.031
skycell,max_area_ratio=0,2,8,1,0.03
skycell,max_area_ratio=0,2,9,0,0.029
skycell,max_area_ratio=0,2,10,1,0.029
skycell,max_area_ratio=0,2,11,0,0.027
skycell,max_area_ratio=0,2,12,1,0.027
skycell,max_area_ratio=0,2,13,0,0.026
skycell,max_area_ratio=0,2,14,1,0.028
skycell,max_area_ratio=0,2,15,0,0.027
skycell,max_area_ratio=0,2,16,1,0.027
skycell,max_area_ratio=0,2,17,0,0.025
skycell,max_area_ratio=0,2,18,1,0.027
skycell,max_area_ratio=0,2,19,0,0.027
skycell,max_area_ratio=0,2,20,1,0.027
skycell,max_area_ratio=0,2,21,0,0.025
skycell,max_area_ratio=0,2,22,1,0.032
skycell,max_area_ratio=0,2,23,0,0.038
skycell,max_area_ratio=0,2,24,1,0.028
skycell,max_area_ratio=0,2,25,0,0.028
skycell,max_area_ratio=0,2,26,1,0.032
skycell,max_area_ratio=0,2,27,0,0.028
skycell,max_area_ratio=0,2,28,1,0.036
skycell,max_area_ratio=0,2,29,0,0.035
skycell,max_area_ratio=0,2,30,1,0.031
skycell,max_area_ratio=0,2,31,0,0.029
skycell,max_area_ratio=0,2,32,1,0.028
skycell,max_area_ratio=0,2,33,0,0.026
skycell,max_area_ratio=0,2,34,1,0.044
skycell,max_area_ratio=0,2,35,0,0.027
skycell,max_area_ratio=0,2,36,1,0.027
skycell,max_area_ratio=0,2,37,0,0.028
skycell,max_area_ratio=0,2,38,1,0.028
skycell,max_area_ratio=0,2,39,0,0.028
skycell,max_area_ratio=0,2,40,1,0.037
skycell,max_area_ratio=0,2,41,0,0.029
skycell,max_area_ratio=0,2,42,1,0.029
skycell,max_area_ratio=0,2,43,0,0.03
skycell,max_area_ratio=0,2,44,1,0.031
skycell,max_area_ratio=0,2,45,0,0.029
skycell,max_area_ratio=0,2,46,1,0.029
skycell,max_area_ratio=0,2,47,0,0.027
skycell,max_area_ratio=0,2,48,1,0.031
skycell,max_area_ratio=0,2,49,0,0.033
skycell,max_area_ratio=0,2,50,1,0.032
skycell,max_area_ratio=0,2,51,0,0.034
skycell,max_area_ratio=0,2,52,1,0.03
skycell,max_area_ratio=0,2,53,0,0.033
skycell,max_area_ratio=0,2,54,1,0.033
skycell,max_area_ratio=0,2,55,0,0.031
skycell,max_area_ratio=0,2,56,1,0.031
skycell,max_area_ratio=0,2,57,0,0.028
skycell,max_area_ratio=0,2,58,1,0.032
skycell,max_area_ratio=0,2,59,0,0.03
skycell,max_area_ratio=0,2,60,1,0.043
skycell,max_area_ratio=0,2,61,0,0.036
skycell,max_area_ratio=0,2,62,1,0.034
skycell,max_area_ratio=0,2,63,0,0.028
skycell,max_area_ratio=0,2,64,1,0.032
skycell,max_area_ratio=0,2,65,0,0.039
skycell,max_area_ratio=0,2,66,1,0.029
skycell,max_area_ratio=0,2,67,0,0.027
skycell,max_area_ratio=0,2,68,1,0.028
skycell,max_area_ratio=0,2,69,0,0.034
skycell,max_area_ratio=0,2,70,1,0.03
skycell,max_area_ratio=0,2,71,0,0.028
skycell,max_area_ratio=0,2,72,1,0.028
skycell,max_area_ratio=0,2,73,0,0.033
skycell,max_area_ratio=0,2,74,1,0.029
skycell,max_area_ratio=0,2,75,0,0.026
skycell,max_area_ratio=0,2,76,1,0.028
skycell,max_area_ratio=0,2,77,0,0.036
skycell,max_area_ratio=0,2,78,1,0.028
skycell,max_area_ratio=0,2,79,0,0.028
skycell,max_area_ratio=0,2,80,1,0.028
skycell,max_area_ratio=0,2,81,0,0.026
skycell,max_area_ratio=0,2,82,1,0.029
skycell,max_area_ratio=0,2,83,0,0.027
skycell,max_area_ratio=0,2,84,1,0.027
skycell,max_area_ratio=0,2,85,0,0.027
skycell,max_area_ratio=0,2,86,1,0.026
skycell,max_area_ratio=0,2,87,0,0.027
skycell,max_area_ratio=0,2,88,1,0.027
skycell,max_area_ratio=0,2,89,0,0.025
skycell,max_area_ratio=0,2,90,1,0.033
skycell,max_area_ratio=0,2,91,0,0.03
skycell,max_area_ratio=0,2,92,1,0.028
skycell,max_area_ratio=0,2,93,0,0.026
skycell,max_area_ratio=0,2,94,1,0.027
skycell,max_area_ratio=0,2,95,0,0.026
skycell,max_area_ratio=0,2,96,1,0.035
skycell,max_area_ratio=0,2,97,0,0.027
skycell,max_area_ratio=0,2,98,1,0.027
skycell,max_area_ratio=0,2,99,0,0.026
skycell,max_area_ratio=0,2,100,1,0.026
skycell,max_area_ratio=0,2,101,0,0.025
skycell,max_area_ratio=0,2,102,1,0.027
skycell,max_area_ratio=0,2,103,0,0.026
skycell,max_area_ratio=0,2,104,1,0.026
skycell,max_area_ratio=0,2,105,0,0.025
skycell,max_area_ratio=0,2,106,1,0.027
skycell,max_area_ratio=0,2,107,0,0.025
skycell,max_area_ratio=0,2,108,1,0.027
skycell,max_area_ratio=0,2,109,0,0.027
skycell,max_area_ratio=0,2,110,1,0.032
skycell,max_area_ratio=0,2,111,0,0.027
skycell,max_area_ratio=0,2,112,1,0.028
skycell,max_area_ratio=0,2,113,0,0.033
skycell,max_area_ratio=0,2,114,1,0.027
skycell,max_area_ratio=0,2,115,0,0.027
skycell,max_area_ratio=0,2,116,1,0.028
skycell,max_area_ratio=0,2,117,0,0.025
skycell,max_area_ratio=0,2,118,1,0.027
skycell,max_area_ratio=0,2,119,0,0.026
skycell,max_area_ratio=0,2,120,1,0.027
skycell,max_area_ratio=0,2,121,0,0.026
skycell,max_area_ratio=0,2,122,1,0.029
skycell,max_area_ratio=0,2,123,0,0.026
skycell,max_area_ratio=0,2,124,1,0.028
skycell,max_area_ratio=0,2,125,0,0.028
skycell,max_area_ratio=0,2,126,1,0.034
skycell,max_area_ratio=0,2,127,0,0.03
skycell,max_area_ratio=0,2,128,1,0.027
skycell,max_area_ratio=0,2,129,0,0.025
skycell,max_area_ratio=0,2,130,1,0.036
skycell,max_area_ratio=0,2,131,0,0.026
skycell,max_area_ratio=0,2,132,1,0.027
skycell,max_area_ratio=0,2,133,0,0.025
skycell,max_area_ratio=0,2,134,1,0.027
skycell,max_area_ratio=0,2,135,0,0.026
skycell,max_area_ratio=0,2,136,1,0.027
skycell,max_area_ratio=0,2,137,0,0.025
skycell,max_area_ratio=0,2,138,1,0.026
skycell,max_area_ratio=0,2,139,0,0.027
skycell,max_area_ratio=0,2,140,1,0.028
skycell,max_area_ratio=0,2,141,0,0.026
skycell,max_area_ratio=0,2,142,1,0.027
skycell,max_area_ratio=0,2,143,0,0.026
skycell,max_area_ratio=0,2,144,1,0.028
skycell,max_area_ratio=0,2,145,0,0.025
skycell,max_area_ratio=0,2,146,1,0.027
skycell,max_area_ratio=0,2,147,0,0.026
skycell,max_area_ratio=0,2,148,1,0.026
skycell,max_area_ratio=0,2,149,0,0.025
skycell,max_area_ratio=0,2,150,1,0.028
skycell,max_area_ratio=0,2,151,0,0.026
skycell,max_area_ratio=0,2,152,1,0.028
skycell,max_area_ratio=0,2,153,0,0.025
skycell,max_area_ratio=0,2,154,1,0.026
skycell,max_area_ratio=0,2,155,0,0.026
skycell,max_area_ratio=0,2,156,1,0.026
skycell,max_area_ratio=0,2,157,0,0.034
skycell,max_area_ratio=0,2,158,1,0.028
skycell,max_area_ratio=0,2,159,0,0.027
skycell,max_area_ratio=0,2,160,1,0.027
skycell,max_area_ratio=0,2,161,0,0.025
skycell,max_area_ratio=0,2,162,1,0.027
skycell,max_area_ratio=0,2,163,0,0.027
skycell,max_area_ratio=0,2,164,1,0.026
skycell,max_area_ratio=0,2,165,0,0.042
skycell,max_area_ratio=0,2,166,1,0.03
skycell,max_area_ratio=0,2,167,0,0.027
skycell,max_area_ratio=0,2,168,1,0.027
skycell,max_area_ratio=0,2,169,0,0.025
skycell,max_area_ratio=0,2,170,1,0.028
skycell,max_area_ratio=0,2,171,0,0.031
skycell,max_area_ratio=0,2,172,1,0.028
skycell,max_area_ratio=0,2,173,0,0.027
skycell,max_area_ratio=0,2,174,1,0.028
skycell,max_area_ratio=0,2,175,0,0.025
skycell,max_area_ratio=0,2,176,1,0.029
skycell,max_area_ratio=0,2,177,0,0.026
skycell,max_area_ratio=0,2,178,1,0.027
skycell,max_area_ratio=0,2,179,0,0.026
skycell,max_area_ratio=0,2,180,1,0.027
skycell,max_area_ratio=0,2,181,0,0.025
skycell,max_area_ratio=0,2,182,1,0.026
skycell,max_area_ratio=0,2,183,0,0.026
skycell,max_area_ratio=0,2,184,1,0.027
skycell,max_area_ratio=0,2,185,0,0.026
skycell,max_area_ratio=0,2,186,1,0.042
skycell,max_area_ratio=0,2,187,0,0.033
skycell,max_area_ratio=0,2,188,1,0.027
skycell,max_area_ratio=0,2,189,0,0.027
skycell,max_area_ratio=0,2,190,1,0.026
skycell,max_area_ratio=0,2,191,0,0.027
skycell,max_area_ratio=0,2,192,1,0.027
skycell,max_area_ratio=0,2,193,0,0.028
skycell,max_area_ratio=0,2,194,1,0.027
skycell,max_area_ratio=0,2,195,0,0.025
skycell,max_area_ratio=0,2,196,1,0.028
skycell,max_area_ratio=0,2,197,0,0.027
skycell,max_area_ratio=0,2,198,1,0.035
skycell,max_area_ratio=0,2,199,0,0.027
skycell,max_area_ratio=0,2,200,1,0.028
skycell,max_area_ratio=0,2,201,0,0.025
skycell,max_area_ratio=0,2,202,1,0.028
skycell,max_area_ratio=0,2,203,0,0.025
skycell,max_area_ratio=0,2,204,1,0.028
skycell,max_area_ratio=0,2,205,0,0.026
skycell,max_area_ratio=0,2,206,1,0.026
skycell,max_area_ratio=0,2,207,0,0.026
skycell,max_area_ratio=0,2,208,1,0.026
skycell,max_area_ratio=0,2,209,0,0.025
skycell,max_area_ratio=0,2,210,1,0.027
skycell,max_area_ratio=0,2,211,0,0.027
skycell,max_area_ratio=0,2,212,1,0.028
skycell,max_area_ratio=0,2,213,0,0.026
skycell,max_area_ratio=0,2,214,1,0.027
skycell,max_area_ratio=0,2,215,0,0.026
skycell,max_area_ratio=0,2,216,1,0.028
skycell,max_area_ratio=0,2,217,0,0.025
skycell,max_area_ratio=0,2,218,1,0.026
skycell,max_area_ratio=0,2,219,0,0.03
skycell,max_area_ratio=0,2,220,1,0.028
skycell,max_area_ratio=0,2,221,0,0.027
skycell,max_area_ratio=0,2,222,1,0.028
skycell,max_area_ratio=0,2,223,0,0.027
skycell,max_area_ratio=0,2,224,1,0.028
skycell,max_area_ratio=0,2,225,0,0.027
skycell,max_area_ratio=0,2,226,1,0.027
skycell,max_area_ratio=0,2,227,0,0.027
skycell,max_area_ratio=0,2,228,1,0.026
skycell,max_area_ratio=0,2,229,0,0.026
skycell,max_area_ratio=0,2,230,1,0.028
skycell,max_area_ratio=0,2,231,0,0.027
skycell,max_area_ratio=0,2,232,1,0.028
skycell,max_area_ratio=0,2,233,0,0.025
skycell,max_area_ratio=0,2,234,1,0.028
skycell,max_area_ratio=0,2,235,0,0.026
skycell,max_area_ratio=0,2,236,1,0.027
skycell,max_area_ratio=0,2,237,0,0.026
skycell,max_area_ratio=0,2,238,1,0.026
skycell,max_area_ratio=0,2,239,0,0.025
skycell,max_area_ratio=0,2,240,1,0.027
skycell,max_area_ratio=0,2,241,0,0.026
skycell,max_area_ratio=0,2,242,1,0.026
skycell,max_area_ratio=0,2,243,0,0.026
skycell,max_area_ratio=0,2,244,1,0.028
skycell,max_area_ratio=0,2,245,0,0.026
skycell,max_area_ratio=0,2,246,1,0.027
skycell,max_area_ratio=0,2,247,0,0.027
skycell,max_area_ratio=0,2,248,1,0.026
skycell,max_area_ratio=0,2,249,0,0.025
skycell,max_area_ratio=0,2,250,1,0.027
skycell,max_area_ratio=0,2,251,0,0.026
skycell,max_area_ratio=0,2,252,1,0.025
skycell,max_area_ratio=0,2,253,0,0.029
skycell,max_area_ratio=0,2,254,1,0.027
skycell,max_area_ratio=0,2,255,0,0.026
skycell,max_area_ratio=0,2,256,1,0.027
skycell,max_area_ratio=0,2,257,0,0.026
skycell,max_area_ratio=0,2,258,1,0.027
skycell,max_area_ratio=0,2,259,0,0.033
skycell,max_area_ratio=0,2,260,1,0.028
skycell,max_area_ratio=0,2,261,0,0.028
skycell,max_area_ratio=0,2,262,1,0.027
skycell,max_area_ratio=0,2,263,0,0.026
skycell,max_area_ratio=0,2,264,1,0.027
skycell,max_area_ratio=0,2,265,0,0.027
skycell,max_area_ratio=0,2,266,1,0.027
skycell,max_area_ratio=0,2,267,0,0.027
skycell,max_area_ratio=0,2,268,1,0.035
skycell,max_area_ratio=0,2,269,0,0.027
skycell,max_area_ratio=0,2,270,1,0.026
skycell,max_area_ratio=0,2,271,0,0.028
skycell,max_area_ratio=0,2,272,1,0.028
skycell,max_area_ratio=0,2,273,0,0.025
skycell,max_area_ratio=0,2,274,1,0.027
skycell,max_area_ratio=0,2,275,0,0.027
skycell,max_area_ratio=0,2,276,1,0.027
skycell,max_area_ratio=0,2,277,0,0.026
skycell,max_area_ratio=0,2,278,1,0.028
skycell,max_area_ratio=0,2,279,0,0.026
skycell,max_area_ratio=0,2,280,1,0.027
skycell,max_area_ratio=0,2,281,0,0.027
skycell,max_area_ratio=0,2,282,1,0.026
skycell,max_area_ratio=0,2,283,0,0.026
skycell,max_area_ratio=0,2,284,1,0.028
skycell,max_area_ratio=0,2,285,0,0.026
skycell,max_area_ratio=0,2,286,1,0.028
skycell,max_area_ratio=0,2,287,0,0.026
skycell,max_area_ratio=0,2,288,1,0.027
skycell,max_area_ratio=0,2,289,0,0.027
skycell,max_area_ratio=0,2,290,1,0.028
skycell,max_area_ratio=0,2,291,0,0.027
skycell,max_area_ratio=0,2,292,1,0.027
skycell,max_area_ratio=0,2,293,0,0.027
skycell,max_area_ratio=0,2,294,1,0.027
skycell,max_area_ratio=0,2,295,0,0.034
skycell,max_area_ratio=0,2,296,1,0.027
skycell,max_area_ratio=0,2,297,0,0.025
skycell,max_area_ratio=0,2,298,1,0.027
skycell,max_area_ratio=0,2,299,0,0.026
skycell,max_area_ratio=0,2,300,1,0.027
skycell,max_area_ratio=0,2,301,0,0.03
skycell,max_area_ratio=0,2,302,1,0.027
skycell,max_area_ratio=0,2,303,0,0.041
skycell,max_area_ratio=0,2,304,1,0.028
skycell,max_area_ratio=0,2,305,0,0.025
skycell,max_area_ratio=0,2,306,1,0.027
skycell,max_area_ratio=0,2,307,0,0.026
skycell,max_area_ratio=0,2,308,1,0.027
skycell,max_area_ratio=0,2,309,0,0.026
skycell,max_area_ratio=0,2,310,1,0.027
skycell,max_area_ratio=0,2,311,0,0.028
skycell,max_area_ratio=0,2,312,1,0.027
skycell,max_area_ratio=0,2,313,0,0.026
skycell,max_area_ratio=0,2,314,1,0.027
skycell,max_area_ratio=0,2,315,0,0.026
skycell,max_area_ratio=0,2,316,1,0.026
skycell,max_area_ratio=0,2,317,0,0.028
skycell,max_area_ratio=0,2,318,1,0.027
skycell,max_area_ratio=0,2,319,0,0.026
skycell,max_area_ratio=0,2,320,1,0.027
skycell,max_area_ratio=0,2,321,0,0.026
skycell,max_area_ratio=0,2,322,1,0.026
skycell,max_area_ratio=0,2,323,0,0.026
skycell,max_area_ratio=0,2,324,1,0.029
skycell,max_area_ratio=0,2,325,0,0.034
skycell,max_area_ratio=0,2,326,1,0.026
skycell,max_area_ratio=0,2,327,0,0.025
skycell,max_area_ratio=0,2,328,1,0.027
skycell,max_area_ratio=0,2,329,0,0.025
skycell,max_area_ratio=0,2,330,1,0.026
skycell,max_area_ratio=0,2,331,0,0.026
skycell,max_area_ratio=0,2,332,1,0.034
skycell,max_area_ratio=0,2,333,0,0.026
skycell,max_area_ratio=0,2,334,1,0.025
skycell,max_area_ratio=0,2,335,0,0.026
skycell,max_area_ratio=0,2,336,1,0.027
skycell,max_area_ratio=0,2,337,0,0.025
skycell,max_area_ratio=0,2,338,1,0.034
skycell,max_area_ratio=0,2,339,0,0.025
skycell,max_area_ratio=0,2,340,1,0.035
skycell,max_area_ratio=0,2,341,0,0.035
skycell,max_area_ratio=0,2,342,1,0.026
skycell,max_area_ratio=0,2,343,0,0.025
skycell,max_area_ratio=0,2,344,1,0.028
skycell,max_area_ratio=0,2,345,0,0.024
skycell,max_area_ratio=0,2,346,1,0.027
skycell,max_area_ratio=0,2,347,0,0.026
skycell,max_area_ratio=0,2,348,1,0.027
skycell,max_area_ratio=0,2,349,0,0.026
skycell,max_area_ratio=0,2,350,1,0.027
skycell,max_area_ratio=0,2,351,0,0.026
skycell,max_area_ratio=0,2,352,1,0.027
skycell,max_area_ratio=0,2,353,0,0.026
skycell,max_area_ratio=0,2,354,1,0.027
skycell,max_area_ratio=0,2,355,0,0.025
skycell,max_area_ratio=0,2,356,1,0.028
skycell,max_area_ratio=0,2,357,0,0.027
skycell,max_area_ratio=0,2,358,1,0.026
skycell,max_area_ratio=0,2,359,0,0.027
skycell,max_area_ratio=0,2,360,1,0.028
skycell,max_area_ratio=0,2,361,0,0.025
skycell,max_area_ratio=0,2,362,1,0.028
skycell,max_area_ratio=0,2,363,0,0.026
skycell,max_area_ratio=0,2,364,1,0.027
skycell,max_area_ratio=0,2,365,0,0.024
skycell,max_area_ratio=0,2,366,1,0.026
skycell,max_area_ratio=0,2,367,0,0.026
skycell,max_area_ratio=0,2,368,1,0.032
skycell,max_area_ratio=0,2,369,0,0.025
skycell,max_area_ratio=0,2,370,1,0.025
skycell,max_area_ratio=0,2,371,0,0.025
skycell,max_area_ratio=0,2,372,1,0.035
skycell,max_area_ratio=0,2,373,0,0.025
skycell,max_area_ratio=0,2,374,1,0.025
skycell,max_area_ratio=0,2,375,0,0.027
skycell,max_area_ratio=0,2,376,1,0.026
skycell,max_area_ratio=0,2,377,0,0.025
skycell,max_area_ratio=0,2,378,1,0.027
skycell,max_area_ratio=0,2,379,0,0.024
skycell,max_area_ratio=0,2,380,1,0.025
skycell,max_area_ratio=0,2,381,0,0.024
skycell,max_area_ratio=0,2,382,1,0.026
skycell,max_area_ratio=0,2,383,0,0.025
skycell,max_area_ratio=0,2,384,1,0.026
skycell,max_area_ratio=0,2,385,0,0.025
skycell,max_area_ratio=0,2,386,1,0.027
skycell,max_area_ratio=0,2,387,0,0.025
skycell,max_area_ratio=0,2,388,1,0.026
skycell,max_area_ratio=0,2,389,0,0.025
skycell,max_area_ratio=0,2,390,1,0.027
skycell,max_area_ratio=0,2,391,0,0.025
skycell,max_area_ratio=0,2,392,1,0.027
skycell,max_area_ratio=0,2,393,0,0.024
skycell,max_area_ratio=0,2,394,1,0.026
skycell,max_area_ratio=0,2,395,0,0.024
skycell,max_area_ratio=0,2,396,1,0.027
skycell,max_area_ratio=0,2,397,0,0.024
skycell,max_area_ratio=0,2,398,1,0.027
skycell,max_area_ratio=0,2,399,0,0.033
skycell,max_area_ratio=0,2,400,1,0.027
skycell,max_area_ratio=0,2,401,0,0.026
skycell,max_area_ratio=0,2,402,1,0.027
skycell,max_area_ratio=0,2,403,0,0.027
skycell,max_area_ratio=0,2,404,1,0.029
skycell,max_area_ratio=0,2,405,0,0.038
skycell,max_area_ratio=0,2,406,1,0.027
skycell,max_area_ratio=0,2,407,0,0.03
skycell,max_area_ratio=0,2,408,1,0.036
skycell,max_area_ratio=0,2,409,0,0.026
skycell,max_area_ratio=0,2,410,1,0.027
skycell,max_area_ratio=0,2,411,0,0.026
skycell,max_area_ratio=0,2,412,1,0.026
skycell,max_area_ratio=0,2,413,0,0.026
skycell,max_area_ratio=0,2,414,1,0.027
skycell,max_area_ratio=0,2,415,0,0.026
skycell,max_area_ratio=0,2,416,1,0.028
skycell,max_area_ratio=0,2,417,0,0.026
skycell,max_area_ratio=0,2,418,1,0.026
skycell,max_area_ratio=0,2,419,0,0.026
skycell,max_area_ratio=0,2,420,1,0.025
skycell,max_area_ratio=0,2,421,0,0.025
skycell,max_area_ratio=0,2,422,1,0.026
skycell,max_area_ratio=0,2,423,0,0.025
skycell,max_area_ratio=0,2,424,1,0.041
skycell,max_area_ratio=0,2,425,1,0.028
skycell,max_area_ratio=0,2,426,1,0.026
skycell,max_area_ratio=0,2,427,0,0.027
skycell,max_area_ratio=0,2,428,1,0.026
skycell,max_area_ratio=0,2,429,0,0.027
skycell,max_area_ratio=0,2,430,1,0.026
skycell,max_area_ratio=0,2,431,0,0.026
skycell,max_area_ratio=0,2,432,1,0.026
skycell,max_area_ratio=0,2,433,0,0.025
skycell,max_area_ratio=0,2,434,1,0.027
skycell,max_area_ratio=0,2,435,0,0.025
skycell,max_area_ratio=0,2,436,1,0.035
skycell,max_area_ratio=0,2,437,0,0.025
skycell,max_area_ratio=0,2,438,1,0.026
skycell,max_area_ratio=0,2,439,0,0.035
skycell,max_area_ratio=0,2,440,1,0.027
skycell,max_area_ratio=0,2,441,0,0.027
skycell,max_area_ratio=0,2,442,1,0.026
skycell,max_area_ratio=0,2,443,0,0.037
skycell,max_area_ratio=0,2,444,1,0.027
skycell,max_area_ratio=0,2,445,0,0.026
skycell,max_area_ratio=0,2,446,1,0.027
skycell,max_area_ratio=0,2,447,0,0.027
skycell,max_area_ratio=0,2,448,1,0.037
skycell,max_area_ratio=0,2,449,0,0.029
skycell,max_area_ratio=0,2,450,1,0.027
skycell,max_area_ratio=0,2,451,0,0.026
skycell,max_area_ratio=0,2,452,1,0.036
skycell,max_area_ratio=0,2,453,0,0.027
skycell,max_area_ratio=0,2,454,1,0.026
skycell,max_area_ratio=0,2,455,0,0.026
skycell,max_area_ratio=0,2,456,1,0.037
skycell,max_area_ratio=0,2,457,0,0.028
skycell,max_area_ratio=0,2,458,1,0.028
skycell,max_area_ratio=0,2,459,0,0.025
skycell,max_area_ratio=0,2,460,1,0.028
skycell,max_area_ratio=0,2,461,0,0.028
skycell,max_area_ratio=0,2,462,1,0.027
skycell,max_area_ratio=0,2,463,0,0.027
skycell,max_area_ratio=0,2,464,1,0.026
skycell,max_area_ratio=0,2,465,0,0.028
skycell,max_area_ratio=0,2,466,1,0.028
skycell,max_area_ratio=0,2,467,0,0.035
skycell,max_area_ratio=0,2,468,2,0.028
skycell,max_area_ratio=0,2,469,0,0.026
skycell,max_area_ratio=0,2,470,1,0.028
skycell,max_area_ratio=0,2,471,0,0.025
skycell,max_area_ratio=0,2,472,1,0.026
skycell,max_area_ratio=0,2,473,0,0.024
skycell,max_area_ratio=0,2,474,1,0.026
skycell,max_area_ratio=0,2,475,0,0.025
skycell,max_area_ratio=0,2,476,1,0.031
skycell,max_area_ratio=0,2,477,0,0.026
skycell,max_area_ratio=0,2,478,1,0.031
skycell,max_area_ratio=0,2,479,0,0.025
skycell,max_area_ratio=0,2,480,1,0.026
skycell,max_area_ratio=0,2,481,0,0.026
skycell,max_area_ratio=0,2,482,1,0.027
skycell,max_area_ratio=0,2,483,0,0.027
skycell,max_area_ratio=0,2,484,1,0.031
skycell,max_area_ratio=0,2,485,0,0.028
skycell,max_area_ratio=0,2,486,1,0.027
skycell,max_area_ratio=0,2,487,0,0.025
skycell,max_area_ratio=0,2,488,1,0.027
skycell,max_area_ratio=0,2,489,0,0.027
skycell,max_area_ratio=0,2,490,1,0.026
skycell,max_area_ratio=0,2,491,0,0.027
skycell,max_area_ratio=0,2,492,1,0.027
skycell,max_area_ratio=0,2,493,0,0.027
skycell,max_area_ratio=0,2,494,1,0.028
skycell,max_area_ratio=0,2,495,0,0.026
skycell,max_area_ratio=0,2,496,1,0.028
skycell,max_area_ratio=0,2,497,0,0.026
skycell,max_area_ratio=0,2,498,1,0.028
skycell,max_area_ratio=0,2,499,0,0.027
skycell,max_area_ratio=0,2,500,1,0.027
skycell,max_area_ratio=0,2,501,0,0.027
skycell,max_area_ratio=0,2,502,1,0.027
skycell,max_area_ratio=0,2,503,0,0.026
skycell,max_area_ratio=0,2,504,1,0.028
skycell,max_area_ratio=0,2,505,0,0.03
skycell,max_area_ratio=0,2,506,2,0.038
skycell,max_area_ratio=0,2,507,0,0.027
skycell,max_area_ratio=0,2,508,1,0.027
skycell,max_area_ratio=0,2,509,0,0.025
skycell,max_area_ratio=0,2,510,1,0.034
skycell,max_area_ratio=0,2,511,0,0.033
skycell,max_area_ratio=0,2,512,1,0.026
skycell,max_area_ratio=0,2,513,0,0.026
skycell,max_area_ratio=0,2,514,1,0.028
skycell,max_area_ratio=0,2,515,0,0.026
skycell,max_area_ratio=0,2,516,1,0.026
skycell,max_area_ratio=0,2,517,0,0.026
skycell,max_area_ratio=0,2,518,1,0.027
skycell,max_area_ratio=0,2,519,0,0.026
skycell,max_area_ratio=0,2,520,1,0.026
skycell,max_area_ratio=0,2,521,0,0.026
skycell,max_area_ratio=0,2,522,1,0.025
skycell,max_area_ratio=0,2,523,0,0.028
skycell,max_area_ratio=0,2,524,1,0.026
skycell,max_area_ratio=0,2,525,0,0.027
skycell,max_area_ratio=0,2,526,1,0.026
skycell,max_area_ratio=0,2,527,0,0.025
skycell,max_area_ratio=0,2,528,1,0.026
skycell,max_area_ratio=0,2,529,0,0.025
skycell,max_area_ratio=0,2,530,1,0.026
skycell,max_area_ratio=0,2,531,0,0.025
skycell,max_area_ratio=0,2,532,1,0.026
skycell,max_area_ratio=0,2,533,0,0.024
skycell,max_area_ratio=0,2,534,1,0.028
skycell,max_area_ratio=0,2,535,0,0.025
skycell,max_area_ratio=0,2,536,1,0.027
skycell,max_area_ratio=0,2,537,0,0.024
skycell,max_area_ratio=0,2,538,1,0.026
skycell,max_area_ratio=0,2,539,0,0.025
skycell,max_area_ratio=0,2,540,1,0.025
skycell,max_area_ratio=0,2,541,0,0.026
skycell,max_area_ratio=0,2,542,1,0.025
skycell,max_area_ratio=0,2,543,0,0.025
skycell,max_area_ratio=0,2,544,1,0.026
skycell,max_area_ratio=0,2,545,0,0.025
skycell,max_area_ratio=0,2,546,1,0.026
skycell,max_area_ratio=0,2,547,0,0.025
skycell,max_area_ratio=0,2,548,1,0.032
skycell,max_area_ratio=0,2,549,0,0.024
skycell,max_area_ratio=0,2,550,1,0.025
skycell,max_area_ratio=0,2,551,0,0.032
skycell,max_area_ratio=0,2,552,1,0.032
skycell,max_area_ratio=0,2,553,0,0.026
skycell,max_area_ratio=0,2,554,1,0.025
skycell,max_area_ratio=0,2,555,0,0.025
skycell,max_area_ratio=0,2,556,1,0.027
skycell,max_area_ratio=0,2,557,0,0.025
skycell,max_area_ratio=0,2,558,1,0.027
skycell,max_area_ratio=0,2,559,0,0.025
skycell,max_area_ratio=0,2,560,1,0.025
skycell,max_area_ratio=0,2,561,0,0.025
skycell,max_area_ratio=0,2,562,1,0.027
skycell,max_area_ratio=0,2,563,0,0.026
skycell,max_area_ratio=0,2,564,1,0.026
skycell,max_area_ratio=0,2,565,0,0.025
skycell,max_area_ratio=0,2,566,1,0.025
skycell,max_area_ratio=0,2,567,0,0.026
skycell,max_area_ratio=0,2,568,1,0.025
skycell,max_area_ratio=0,2,569,0,0.025
skycell,max_area_ratio=0,2,570,1,0.027
skycell,max_area_ratio=0,2,571,0,0.024
skycell,max_area_ratio=0,2,572,13,0.041
skycell,max_area_ratio=0,2,573,0,0.025
skycell,max_area_ratio=0,2,574,1,0.026
skycell,max_area_ratio=0,2,575,0,0.025
skycell,max_area_ratio=0,2,576,1,0.025
skycell,max_area_ratio=0,2,577,0,0.025
skycell,max_area_ratio=0,2,578,2,0.028
skycell,max_area_ratio=0,2,579,0,0.025
skycell,max_area_ratio=0,2,580,1,0.025
skycell,max_area_ratio=0,2,581,0,0.027
skycell,max_area_ratio=0,2,582,1,0.035
skycell,max_area_ratio=0,2,583,0,0.04
skycell,max_area_ratio=0,2,584,1,0.026
skycell,max_area_ratio=0,2,585,0,0.025
skycell,max_area_ratio=0,2,586,1,0.027
skycell,max_area_ratio=0,2,587,0,0.026
skycell,max_area_ratio=0,2,588,1,0.026
skycell,max_area_ratio=0,2,589,0,0.025
skycell,max_area_ratio=0,2,590,1,0.026
skycell,max_area_ratio=0,2,591,0,0.025
skycell,max_area_ratio=0,2,592,1,0.027
skycell,max_area_ratio=0,2,593,0,0.025
skycell,max_area_ratio=0,2,594,1,0.026
skycell,max_area_ratio=0,2,595,0,0.025
skycell,max_area_ratio=0,2,596,1,0.026
skycell,max_area_ratio=0,2,597,0,0.028
skycell,max_area_ratio=0,2,598,1,0.026
skycell,max_area_ratio=0,2,599,0,0.026
skycell,max_area_ratio=0,2,600,1,0.026
skycell,max_area_ratio=0,2,601,0,0.026
skycell,max_area_ratio=0,2,602,1,0.025
skycell,max_area_ratio=0,2,603,0,0.026
skycell,max_area_ratio=0,2,604,2,0.028
skycell,max_area_ratio=0,2,605,0,0.024
skycell,max_area_ratio=0,2,606,18,0.061
skycell,max_area_ratio=0,2,607,0,0.026
skycell,max_area_ratio=0,2,608,1,0.025
skycell,max_area_ratio=0,2,609,0,0.025
skycell,max_area_ratio=0,2,610,1,0.026
skycell,max_area_ratio=0,2,611,0,0.027
skycell,max_area_ratio=0,2,612,1,0.034
skycell,max_area_ratio=0,2,613,0,0.025
skycell,max_area_ratio=0,2,614,1,0.027
skycell,max_area_ratio=0,2,615,0,0.025
skycell,max_area_ratio=0,2,616,1,0.026
skycell,max_area_ratio=0,2,617,0,0.03
skycell,max_area_ratio=0,2,618,1,0.026
skycell,max_area_ratio=0,2,619,0,0.024
skycell,max_area_ratio=0,2,620,1,0.026
skycell,max_area_ratio=0,2,621,0,0.025
skycell,max_area_ratio=0,2,622,1,0.027
skycell,max_area_ratio=0,2,623,0,0.033
skycell,max_area_ratio=0,2,624,1,0.033
skycell,max_area_ratio=0,2,625,0,0.026
skycell,max_area_ratio=0,2,626,1,0.026
skycell,max_area_ratio=0,2,627,0,0.025
skycell,max_area_ratio=0,2,628,1,0.027
skycell,max_area_ratio=0,2,629,0,0.024
skycell,max_area_ratio=0,2,630,1,0.026
skycell,max_area_ratio=0,2,631,0,0.025
skycell,max_area_ratio=0,2,632,1,0.027
skycell,max_area_ratio=0,2,633,0,0.024
skycell,max_area_ratio=0,2,634,1,0.027
skycell,max_area_ratio=0,2,635,0,0.025
skycell,max_area_ratio=0,2,636,1,0.025
skycell,max_area_ratio=0,2,637,1,0.027
skycell,max_area_ratio=0,2,638,1,0.026
skycell,max_area_ratio=0,2,639,0,0.026
skycell,max_area_ratio=0,2,640,1,0.025
skycell,max_area_ratio=0,2,641,0,0.027
skycell,max_area_ratio=0,2,642,1,0.025
skycell,max_area_ratio=0,2,643,0,0.025
skycell,max_area_ratio=0,2,644,1,0.025
skycell,max_area_ratio=0,2,645,0,0.025
skycell,max_area_ratio=0,2,646,1,0.026
skycell,max_area_ratio=0,2,647,0,0.026
skycell,max_area_ratio=0,2,648,1,0.027
skycell,max_area_ratio=0,2,649,0,0.024
skycell,max_area_ratio=0,2,650,1,0.024
skycell,max_area_ratio=0,2,651,0,0.029
skycell,max_area_ratio=0,2,652,1,0.025
skycell,max_area_ratio=0,2,653,0,0.025
skycell,max_area_ratio=0,2,654,1,0.032
skycell,max_area_ratio=0,2,655,0,0.027
skycell,max_area_ratio=0,2,656,1,0.025
skycell,max_area_ratio=0,2,657,0,0.025
skycell,max_area_ratio=0,2,658,11,0.181
skycell,max_area_ratio=0,2,659,0,0.025
skycell,max_area_ratio=0,2,660,1,0.027
skycell,max_area_ratio=0,2,661,0,0.025
skycell,max_area_ratio=0,2,662,1,0.027
skycell,max_area_ratio=0,2,663,0,0.025
skycell,max_area_ratio=0,2,664,1,0.026
skycell,max_area_ratio=0,2,665,0,0.025
skycell,max_area_ratio=0,2,666,1,0.026
skycell,max_area_ratio=0,2,667,0,0.026
skycell,max_area_ratio=0,2,668,1,0.026
skycell,max_area_ratio=0,2,669,0,0.023
skycell,max_area_ratio=0,2,670,1,0.027
skycell,max_area_ratio=0,2,671,0,0.024
skycell,max_area_ratio=0,2,672,2,0.033
skycell,max_area_ratio=0,2,673,0,0.026
skycell,max_area_ratio=0,2,674,1,0.026
skycell,max_area_ratio=0,2,675,0,0.025
skycell,max_area_ratio=0,2,676,1,0.029
skycell,max_area_ratio=0,2,677,0,0.024
skycell,max_area_ratio=0,2,678,1,0.026
skycell,max_area_ratio=0,2,679,0,0.026
skycell,max_area_ratio=0,2,680,1,0.026
skycell,max_area_ratio=0,2,681,0,0.025
skycell,max_area_ratio=0,2,682,1,0.034
skycell,max_area_ratio=0,2,683,0,0.026
skycell,max_area_ratio=0,2,684,1,0.031
skycell,max_area_ratio=0,2,685,0,0.025
skycell,max_area_ratio=0,2,686,1,0.025
skycell,max_area_ratio=0,2,687,0,0.025
skycell,max_area_ratio=0,2,688,11,0.035
skycell,max_area_ratio=0,2,689,0,0.025
skycell,max_area_ratio=0,2,690,1,0.025
skycell,max_area_ratio=0,2,691,0,0.026
skycell,max_area_ratio=0,2,692,1,0.031
skycell,max_area_ratio=0,2,693,0,0.024
skycell,max_area_ratio=0,2,694,1,0.026
skycell,max_area_ratio=0,2,695,0,0.024
skycell,max_area_ratio=0,2,696,1,0.027
skycell,max_area_ratio=0,2,697,0,0.028
skycell,max_area_ratio=0,2,698,1,0.026
skycell,max_area_ratio=0,2,699,0,0.029
skycell,max_area_ratio=0,2,700,1,0.027
skycell,max_area_ratio=0,2,701,0,0.025
skycell,max_area_ratio=0,2,702,2,0.027
skycell,max_area_ratio=0,2,703,0,0.025
skycell,max_area_ratio=0,2,704,1,0.024
skycell,max_area_ratio=0,2,705,0,0.026
skycell,max_area_ratio=0,2,706,1,0.027
skycell,max_area_ratio=0,2,707,0,0.026
skycell,max_area_ratio=0,2,708,1,0.026
skycell,max_area_ratio=0,2,709,0,0.025
skycell,max_area_ratio=0,2,710,1,0.026
skycell,max_area_ratio=0,2,711,0,0.025
skycell,max_area_ratio=0,2,712,1,0.025
skycell,max_area_ratio=0,2,713,0,0.025
skycell,max_area_ratio=0,2,714,1,0.029
skycell,max_area_ratio=0,2,715,0,0.03
skycell,max_area_ratio=0,2,716,1,0.027
skycell,max_area_ratio=0,2,717,0,0.025
skycell,max_area_ratio=0,2,718,1,0.025
skycell,max_area_ratio=0,2,719,0,0.025
skycell,max_area_ratio=0,2,720,1,0.038
skycell,max_area_ratio=0,2,721,0,0.031
skycell,max_area_ratio=0,2,722,1,0.026
skycell,max_area_ratio=0,2,723,0,0.025
skycell,max_area_ratio=0,2,724,1,0.026
skycell,max_area_ratio=0,2,725,0,0.026
skycell,max_area_ratio=0,2,726,1,0.026
skycell,max_area_ratio=0,2,727,0,0.027
skycell,max_area_ratio=0,2,728,1,0.026
skycell,max_area_ratio=0,2,729,0,0.025
skycell,max_area_ratio=0,2,730,1,0.025
skycell,max_area_ratio=0,2,731,0,0.024
skycell,max_area_ratio=0,2,732,1,0.035
skycell,max_area_ratio=0,2,733,0,0.026
skycell,max_area_ratio=0,2,734,1,0.027
skycell,max_area_ratio=0,2,735,0,0.024
skycell,max_area_ratio=0,2,736,1,0.036
skycell,max_area_ratio=0,2,737,0,0.026
skycell,max_area_ratio=0,2,738,1,0.029
skycell,max_area_ratio=0,2,739,0,0.025
skycell,max_area_ratio=0,2,740,1,0.04
skycell,max_area_ratio=0,2,741,0,0.034
skycell,max_area_ratio=0,2,742,1,0.027
skycell,max_area_ratio=0,2,743,0,0.025
skycell,max_area_ratio=0,2,744,1,0.026
skycell,max_area_ratio=0,2,745,0,0.024
skycell,max_area_ratio=0,2,746,1,0.026
skycell,max_area_ratio=0,2,747,0,0.025
skycell,max_area_ratio=0,2,748,1,0.026
skycell,max_area_ratio=0,2,749,0,0.034
skycell,max_area_ratio=0,2,750,1,0.03
skycell,max_area_ratio=0,2,751,0,0.031
skycell,max_area_ratio=0,2,752,1,0.027
skycell,max_area_ratio=0,2,753,0,0.027
skycell,max_area_ratio=0,2,754,1,0.032
skycell,max_area_ratio=0,2,755,0,0.025
skycell,max_area_ratio=0,2,756,2,0.027
skycell,max_area_ratio=0,2,757,0,0.025
skycell,max_area_ratio=0,2,758,1,0.027
skycell,max_area_ratio=0,2,759,0,0.026
skycell,max_area_ratio=0,2,760,1,0.033
skycell,max_area_ratio=0,2,761,0,0.026
skycell,max_area_ratio=0,2,762,1,0.027
skycell,max_area_ratio=0,2,763,0,0.025
skycell,max_area_ratio=0,2,764,1,0.026
skycell,max_area_ratio=0,2,765,0,0.027
skycell,max_area_ratio=0,2,766,1,0.027
skycell,max_area_ratio=0,2,767,0,0.024
skycell,max_area_ratio=0,2,768,1,0.026
skycell,max_area_ratio=0,2,769,0,0.032
skycell,max_area_ratio=0,2,770,3,0.138
skycell,max_area_ratio=0,2,771,0,0.025
skycell,max_area_ratio=0,2,772,1,0.026
skycell,max_area_ratio=0,2,773,0,0.03
skycell,max_area_ratio=0,2,774,1,0.027
skycell,max_area_ratio=0,2,775,0,0.03
skycell,max_area_ratio=0,2,776,1,0.027
skycell,max_area_ratio=0,2,777,0,0.026
skycell,max_area_ratio=0,2,778,1,0.025
skycell,max_area_ratio=0,2,779,0,0.027
skycell,max_area_ratio=0,2,780,1,0.026
skycell,max_area_ratio=0,2,781,0,0.024
skycell,max_area_ratio=0,2,782,1,0.027
skycell,max_area_ratio=0,2,783,0,0.026
skycell,max_area_ratio=0,2,784,1,0.026
skycell,max_area_ratio=0,2,785,0,0.031
skycell,max_area_ratio=0,2,786,1,0.027
skycell,max_area_ratio=0,2,787,0,0.025
skycell,max_area_ratio=0,2,788,1,0.026
skycell,max_area_ratio=0,2,789,0,0.025
skycell,max_area_ratio=0,2,790,1,0.026
skycell,max_area_ratio=0,2,791,0,0.027
skycell,max_area_ratio=0,2,792,1,0.032
skycell,max_area_ratio=0,2,793,0,0.027
skycell,max_area_ratio=0,2,794,1,0.045
skycell,max_area_ratio=0,2,795,0,0.027
skycell,max_area_ratio=0,2,796,1,0.027
skycell,max_area_ratio=0,2,797,0,0.027
skycell,max_area_ratio=0,2,798,1,0.024
skycell,max_area_ratio=0,2,799,0,0.025
skycell,max_area_ratio=0,2,800,1,0.034
skycell,max_area_ratio=0,2,801,0,0.027
skycell,max_area_ratio=0,2,802,2,0.035
skycell,max_area_ratio=0,2,803,0,0.026
skycell,max_area_ratio=0,2,804,1,0.029
skycell,max_area_ratio=0,2,805,0,0.025
skycell,max_area_ratio=0,2,806,2,0.037
skycell,max_area_ratio=0,2,807,0,0.026
skycell,max_area_ratio=0,2,808,3,0.06
skycell,max_area_ratio=0,2,809,0,0.033
skycell,max_area_ratio=0,2,810,1,0.03
skycell,max_area_ratio=0,2,811,1,0.027
skycell,max_area_ratio=0,2,812,1,0.036
skycell,max_area_ratio=0,2,813,0,0.027
skycell,max_area_ratio=0,2,814,1,0.025
skycell,max_area_ratio=0,2,815,0,0.045
skycell,max_area_ratio=0,2,816,2,0.04
skycell,max_area_ratio=0,2,817,0,0.038
skycell,max_area_ratio=0,2,818,1,0.027
skycell,max_area_ratio=0,2,819,0,0.026
skycell,max_area_ratio=0,2,820,4,0.047
skycell,max_area_ratio=0,2,821,0,0.025
skycell,max_area_ratio=0,2,822,199,0.216
skycell,max_area_ratio=0,2,823,0,0.026
skycell,max_area_ratio=0,2,824,2,0.026
skycell,max_area_ratio=0,2,825,0,0.024
skycell,max_area_ratio=0,2,826,1,0.025
skycell,max_area_ratio=0,2,827,0,0.038
skycell,max_area_ratio=0,2,828,1,0.027
skycell,max_area_ratio=0,2,829,1,0.041
skycell,max_area_ratio=0,2,830,2,0.044
skycell,max_area_ratio=0,2,831,1,0.027
skycell,max_area_ratio=0,2,832,1,0.026
skycell,max_area_ratio=0,2,833,0,0.026
skycell,max_area_ratio=0,2,834,1,0.026
skycell,max_area_ratio=0,2,835,0,0.026
skycell,max_area_ratio=0,2,836,8,0.041
skycell,max_area_ratio=0,2,837,0,0.026
skycell,max_area_ratio=0,2,838,1,0.037
skycell,max_area_ratio=0,2,839,0,0.025
skycell,max_area_ratio=0,2,840,2,0.036
skycell,max_area_ratio=0,2,841,0,0.027
skycell,max_area_ratio=0,2,842,1,0.039
skycell,max_area_ratio=0,2,843,0,0.026
skycell,max_area_ratio=0,2,844,1,0.027
skycell,max_area_ratio=0,2,845,0,0.026
skycell,max_area_ratio=0,2,846,1,0.026
skycell,max_area_ratio=0,2,847,0,0.025
skycell,max_area_ratio=0,2,848,1,0.025
skycell,max_area_ratio=0,2,849,0,0.026
skycell,max_area_ratio=0,2,850,1,0.025
skycell,max_area_ratio=0,2,851,0,0.026
skycell,max_area_ratio=0,2,852,2,0.031
skycell,max_area_ratio=0,2,853,0,0.026
skycell,max_area_ratio=0,2,854,2,0.039
skycell,max_area_ratio=0,2,855,0,0.025
skycell,max_area_ratio=0,2,856,3,0.047
skycell,max_area_ratio=0,2,857,0,0.026
skycell,max_area_ratio=0,2,858,8,0.026
skycell,max_area_ratio=0,2,859,0,0.027
skycell,max_area_ratio=0,2,860,1,0.026
skycell,max_area_ratio=0,2,861,0,0.025
skycell,max_area_ratio=0,2,862,3,0.037
skycell,max_area_ratio=0,2,863,0,0.025
skycell,max_area_ratio=0,2,864,359,0.273
skycell,max_area_ratio=0,2,865,0,0.024
skycell,max_area_ratio=0,2,866,2,0.038
skycell,max_area_ratio=0,2,867,0,0.031
skycell,max_area_ratio=0,2,868,2,0.048
skycell,max_area_ratio=0,2,869,0,0.026
skycell,max_area_ratio=0,2,870,1,0.025
skycell,max_area_ratio=0,2,871,0,0.024
skycell,max_area_ratio=0,2,872,3,0.053
skycell,max_area_ratio=0,2,873,0,0.028
skycell,max_area_ratio=0,2,874,5,0.038
skycell,max_area_ratio=0,2,875,0,0.031
skycell,max_area_ratio=0,2,876,3,0.037
skycell,max_area_ratio=0,2,877,0,0.031
skycell,max_area_ratio=0,2,878,1,0.033
skycell,max_area_ratio=0,2,879,0,0.026
skycell,max_area_ratio=0,2,880,1,0.026
skycell,max_area_ratio=0,2,881,0,0.024
skycell,max_area_ratio=0,2,882,1,0.028
skycell,max_area_ratio=0,2,883,0,0.033
skycell,max_area_ratio=0,2,884,3,0.027
skycell,max_area_ratio=0,2,885,1,0.037
skycell,max_area_ratio=0,2,886,4,0.037
skycell,max_area_ratio=0,2,887,0,0.027
skycell,max_area_ratio=0,2,888,1,0.024
skycell,max_area_ratio=0,2,889,0,0.026
skycell,max_area_ratio=0,2,890,2,0.034
skycell,max_area_ratio=0,2,891,3,0.035
skycell,max_area_ratio=0,2,892,1,0.026
skycell,max_area_ratio=0,2,893,3,0.046
skycell,max_area_ratio=0,2,894,2,0.026
skycell,max_area_ratio=0,2,895,0,0.026
skycell,max_area_ratio=0,2,896,1,0.025
skycell,max_area_ratio=0,2,897,0,0.025
skycell,max_area_ratio=0,2,898,2,0.041
skycell,max_area_ratio=0,2,899,0,0.026
skycell,max_area_ratio=0,2,900,1,0.036
skycell,max_area_ratio=0,2,901,0,0.025
skycell,max_area_ratio=0,2,902,3,0.038
skycell,max_area_ratio=0,2,903,0,0.042
skycell,max_area_ratio=0,2,904,2,0.051
skycell,max_area_ratio=0,2,905,0,0.024
skycell,max_area_ratio=0,2,906,4,0.03
skycell,max_area_ratio=0,2,907,1,0.026
skycell,max_area_ratio=0,2,908,3,0.035
skycell,max_area_ratio=0,2,909,0,0.026
skycell,max_area_ratio=0,2,910,5,0.028
skycell,max_area_ratio=0,2,911,0,0.034
skycell,max_area_ratio=0,2,912,1,0.034
skycell,max_area_ratio=0,2,913,0,0.026
skycell,max_area_ratio=0,2,914,1,0.027
skycell,max_area_ratio=0,2,915,0,0.032
skycell,max_area_ratio=0,2,916,1,0.027
skycell,max_area_ratio=0,2,917,0,0.025
skycell,max_area_ratio=0,2,918,1,0.035
skycell,max_area_ratio=0,2,919,0,0.026
skycell,max_area_ratio=0,2,920,1,0.033
skycell,max_area_ratio=0,2,921,0,0.034
skycell,max_area_ratio=0,2,922,1,0.025
skycell,max_area_ratio=0,2,923,0,0.036
skycell,max_area_ratio=0,2,924,4,0.038
skycell,max_area_ratio=0,2,925,0,0.034
skycell,max_area_ratio=0,2,926,2,0.026
skycell,max_area_ratio=0,2,927,0,0.026
skycell,max_area_ratio=0,2,928,48,0.087
skycell,max_area_ratio=0,2,929,0,0.026
skycell,max_area_ratio=0,2,930,4,0.038
skycell,max_area_ratio=0,2,931,0,0.024
skycell,max_area_ratio=0,2,932,2,0.028
skycell,max_area_ratio=0,2,933,2,0.033
skycell,max_area_ratio=0,2,934,2,0.035
skycell,max_area_ratio=0,2,935,0,0.026
skycell,max_area_ratio=0,2,936,5,0.035
skycell,max_area_ratio=0,2,937,2,0.029
skycell,max_area_ratio=0,2,938,1,0.026
skycell,max_area_ratio=0,2,939,0,0.041
skycell,max_area_ratio=0,2,940,2,0.035
skycell,max_area_ratio=0,2,941,0,0.025
skycell,max_area_ratio=0,2,942,4,0.04
skycell,max_area_ratio=0,2,943,0,0.034
skycell,max_area_ratio=0,2,944,1,0.027
skycell,max_area_ratio=0,2,945,0,0.026
skycell,max_area_ratio=0,2,946,4,0.039
skycell,max_area_ratio=0,2,947,0,0.026
skycell,max_area_ratio=0,2,948,2,0.034
skycell,max_area_ratio=0,2,949,0,0.035
skycell,max_area_ratio=0,2,950,1,0.025
skycell,max_area_ratio=0,2,951,0,0.026
skycell,max_area_ratio=0,2,952,1,0.027
skycell,max_area_ratio=0,2,953,0,0.035
skycell,max_area_ratio=0,2,954,1,0.027
skycell,max_area_ratio=0,2,955,0,0.026
skycell,max_area_ratio=0,2,956,1,0.052
skycell,max_area_ratio=0,2,957,0,0.031
skycell,max_area_ratio=0,2,958,1,0.027
skycell,max_area_ratio=0,2,959,0,0.036
skycell,max_area_ratio=0,2,960,1,0.028
skycell,max_area_ratio=0,2,961,0,0.025
skycell,max_area_ratio=0,2,962,2,0.028
skycell,max_area_ratio=0,2,963,0,0.037
skycell,max_area_ratio=0,2,964,3,0.038
skycell,max_area_ratio=0,2,965,0,0.025
skycell,max_area_ratio=0,2,966,1,0.025
skycell,max_area_ratio=0,2,967,0,0.033
skycell,max_area_ratio=0,2,968,2,0.027
skycell,max_area_ratio=0,2,969,0,0.025
skycell,max_area_ratio=0,2,970,18,0.036
skycell,max_area_ratio=0,2,971,2,0.038
skycell,max_area_ratio=0,2,972,2,0.025
skycell,max_area_ratio=0,2,973,0,0.033
skycell,max_area_ratio=0,2,974,3,0.028
skycell,max_area_ratio=0,2,975,0,0.033
skycell,max_area_ratio=0,2,976,3,0.035
skycell,max_area_ratio=0,2,977,1,0.024
skycell,max_area_ratio=0,2,978,1,0.033
skycell,max_area_ratio=0,2,979,0,0.026
skycell,max_area_ratio=0,2,980,1,0.035
skycell,max_area_ratio=0,2,981,0,0.027
skycell,max_area_ratio=0,2,982,7,0.03
skycell,max_area_ratio=0,2,983,0,0.044
skycell,max_area_ratio=0,2,984,2,0.034
skycell,max_area_ratio=0,2,985,0,0.028
skycell,max_area_ratio=0,2,986,5,0.045
skycell,max_area_ratio=0,2,987,0,0.025
skycell,max_area_ratio=0,2,988,1,0.039
skycell,max_area_ratio=0,2,989,0,0.025
skycell,max_area_ratio=0,2,990,6,0.037
skycell,max_area_ratio=0,2,991,0,0.036
skycell,max_area_ratio=0,2,992,1,0.036
skycell,max_area_ratio=0,2,993,0,0.025
skycell,max_area_ratio=0,2,994,1,0.037
skycell,max_area_ratio=0,2,995,0,0.026
skycell,max_area_ratio=0,2,996,5,0.039
skycell,max_area_ratio=0,2,997,0,0.025
skycell,max_area_ratio=0,2,998,5,0.028
skycell,max_area_ratio=0,2,999,0,0.026
skycell,max_area_ratio=0,2,1000,1,0.025
skycell,max_area_ratio=0,2,1001,0,0.026
skycell,max_area_ratio=0,2,1002,1,0.026
skycell,max_area_ratio=0,2,1003,0,0.033
skycell,max_area_ratio=0,2,1004,1,0.027
skycell,max_area_ratio=0,2,1005,0,0.036
skycell,max_area_ratio=0,2,1006,3,0.034
skycell,max_area_ratio=0,2,1007,1,0.035
skycell,max_area_ratio=0,2,1008,2,0.035
skycell,max_area_ratio=0,2,1009,0,0.026
skycell,max_area_ratio=0,2,1010,2,0.028
skycell,max_area_ratio=0,2,1011,0,0.026
skycell,max_area_ratio=0,2,1012,1,0.025
skycell,max_area_ratio=0,2,1013,1,0.03
skycell,max_area_ratio=0,2,1014,2,0.035
skycell,max_area_ratio=0,2,1015,0,0.026
skycell,max_area_ratio=0,2,1016,1,0.026
skycell,max_area_ratio=0,2,1017,0,0.034
skycell,max_area_ratio=0,2,1018,3,0.027
skycell,max_area_ratio=0,2,1019,0,0.028
skycell,max_area_ratio=0,2,1020,1,0.031
skycell,max_area_ratio=0,2,1021,0,0.027
skycell,max_area_ratio=0,2,1022,1,0.036
skycell,max_area_ratio=0,2,1023,0,0.027
skycell,max_area_ratio=0,2,1024,1,0.028
skycell,max_area_ratio=0,2,1025,0,0.026
skycell,max_area_ratio=0,2,1026,1,0.027
skycell,max_area_ratio=0,2,1027,0,0.053
skycell,max_area_ratio=0,2,1028,4,0.038
skycell,max_area_ratio=0,2,1029,0,0.026
skycell,max_area_ratio=0,2,1030,1,0.027
skycell,max_area_ratio=0,2,1031,0,0.034
skycell,max_area_ratio=0,2,1032,1,0.035
skycell,max_area_ratio=0,2,1033,0,0.027
skycell,max_area_ratio=0,2,1034,2,0.027
skycell,max_area_ratio=0,2,1035,0,0.025
skycell,max_area_ratio=0,2,1036,1,0.028
skycell,max_area_ratio=0,2,1037,0,0.026
skycell,max_area_ratio=0,2,1038,1,0.033
skycell,max_area_ratio=0,2,1039,0,0.033
skycell,max_area_ratio=0,2,1040,1,0.028
skycell,max_area_ratio=0,2,1041,0,0.026
skycell,max_area_ratio=0,2,1042,1,0.028
skycell,max_area_ratio=0,2,1043,0,0.023
skycell,max_area_ratio=0,2,1044,1,0.028
skycell,max_area_ratio=0,2,1045,1,0.036
skycell,max_area_ratio=0,2,1046,3,0.026
skycell,max_area_ratio=0,2,1047,0,0.026
skycell,max_area_ratio=0,2,1048,1,0.036
skycell,max_area_ratio=0,2,1049,0,0.026
skycell,max_area_ratio=0,2,1050,3,0.026
skycell,max_area_ratio=0,2,1051,0,0.025
skycell,max_area_ratio=0,2,1052,1,0.052
skycell,max_area_ratio=0,2,1053,0,0.036
skycell,max_area_ratio=0,2,1054,1,0.033
skycell,max_area_ratio=0,2,1055,0,0.027
skycell,max_area_ratio=0,2,1056,1,0.027
skycell,max_area_ratio=0,2,1057,0,0.024
skycell,max_area_ratio=0,2,1058,64,0.084
skycell,max_area_ratio=0,2,1059,0,0.026
skycell,max_area_ratio=0,2,1060,1,0.035
skycell,max_area_ratio=0,2,1061,0,0.041
skycell,max_area_ratio=0,2,1062,1,0.027
skycell,max_area_ratio=0,2,1063,0,0.026
skycell,max_area_ratio=0,2,1064,6,0.046
skycell,max_area_ratio=0,2,1065,2,0.028
skycell,max_area_ratio=0,2,1066,2,0.027
skycell,max_area_ratio=0,2,1067,0,0.035
skycell,max_area_ratio=0,2,1068,2,0.028
skycell,max_area_ratio=0,2,1069,0,0.026
skycell,max_area_ratio=0,2,1070,4,0.034
skycell,max_area_ratio=0,2,1071,0,0.025
skycell,max_area_ratio=0,2,1072,3,0.037
skycell,max_area_ratio=0,2,1073,0,0.027
skycell,max_area_ratio=0,2,1074,1,0.026
skycell,max_area_ratio=0,2,1075,0,0.027
skycell,max_area_ratio=0,2,1076,1,0.025
skycell,max_area_ratio=0,2,1077,0,0.026
skycell,max_area_ratio=0,2,1078,1,0.048
skycell,max_area_ratio=0,2,1079,1,0.026
skycell,max_area_ratio=0,2,1080,2,0.027
skycell,max_area_ratio=0,2,1081,0,0.032
skycell,max_area_ratio=0,2,1082,2,0.037
skycell,max_area_ratio=0,2,1083,0,0.027
skycell,max_area_ratio=0,2,1084,1,0.026
skycell,max_area_ratio=0,2,1085,0,0.025
skycell,max_area_ratio=0,2,1086,2,0.026
skycell,max_area_ratio=0,2,1087,0,0.041
skycell,max_area_ratio=0,2,1088,2,0.025
skycell,max_area_ratio=0,2,1089,0,0.026
skycell,max_area_ratio=0,2,1090,5,0.029
skycell,max_area_ratio=0,2,1091,0,0.026
skycell,max_area_ratio=0,2,1092,2,0.029
skycell,max_area_ratio=0,2,1093,0,0.033
skycell,max_area_ratio=0,2,1094,2,0.035
skycell,max_area_ratio=0,2,1095,0,0.024
skycell,max_area_ratio=0,2,1096,1,0.042
skycell,max_area_ratio=0,2,1097,0,0.025
skycell,max_area_ratio=0,2,1098,1,0.028
skycell,max_area_ratio=0,2,1099,1,0.025
skycell,max_area_ratio=0,2,1100,7,0.03
skycell,max_area_ratio=0,2,1101,1,0.027
skycell,max_area_ratio=0,2,1102,3,0.048
skycell,max_area_ratio=0,2,1103,11,0.053
skycell,max_area_ratio=0,2,1104,2,0.045
skycell,max_area_ratio=0,2,1105,1,0.037
skycell,max_area_ratio=0,2,1106,59,0.069
skycell,max_area_ratio=0,2,1107,3,0.033
skycell,max_area_ratio=0,2,1108,36,0.049
skycell,max_area_ratio=0,2,1109,3,0.028
skycell,max_area_ratio=0,2,1110,27,0.047
skycell,max_area_ratio=0,2,1111,3,0.05
skycell,max_area_ratio=0,2,1112,5,0.037
skycell,max_area_ratio=0,2,1113,2,0.029
skycell,max_area_ratio=0,2,1114,123,0.134
skycell,max_area_ratio=0,2,1115,4,0.037
skycell,max_area_ratio=0,2,1116,137,0.108
skycell,max_area_ratio=0,2,1117,11,0.03
skycell,max_area_ratio=0,2,1118,107,0.085
skycell,max_area_ratio=0,2,1119,14,0.056
skycell,max_area_ratio=0,2,1120,158,0.116
skycell,max_area_ratio=0,2,1121,2,0.049
skycell,max_area_ratio=0,2,1122,21,0.071
skycell,max_area_ratio=0,2,1123,2,0.03
skycell,max_area_ratio=0,2,1124,4,0.037
skycell,max_area_ratio=0,2,1125,3,0.048
skycell,max_area_ratio=0,2,1126,18,0.045
skycell,max_area_ratio=0,2,1127,3,0.039
skycell,max_area_ratio=0,2,1128,6,0.036
skycell,max_area_ratio=0,2,1129,21,0.047
skycell,max_area_ratio=0,2,1130,8,0.035
skycell,max_area_ratio=0,2,1131,2,0.036
skycell,max_area_ratio=0,2,1132,88,0.081
skycell,max_area_ratio=0,2,1133,15,0.057
skycell,max_area_ratio=0,2,1134,1,0.056
skycell,max_area_ratio=0,2,1135,3,0.029
skycell,max_area_ratio=0,2,1136,29,0.053
skycell,max_area_ratio=0,2,1137,0,0.037
skycell,max_area_ratio=0,2,1138,2,0.029
skycell,max_area_ratio=0,2,1139,1,0.029
skycell,max_area_ratio=0,2,1140,6,0.026
skycell,max_area_ratio=0,2,1141,8,0.032
skycell,max_area_ratio=0,2,1142,2,0.026
skycell,max_area_ratio=0,2,1143,4,0.047
skycell,max_area_ratio=0,2,1144,75,0.063
skycell,max_area_ratio=0,2,1145,4,0.047
skycell,max_area_ratio=0,2,1146,22,0.055
skycell,max_area_ratio=0,2,1147,2,0.038
skycell,max_area_ratio=0,2,1148,6,0.041
skycell,max_area_ratio=0,2,1149,9,0.039
skycell,max_area_ratio=0,2,1150,66,0.082
skycell,max_area_ratio=0,2,1151,1,0.031
skycell,max_area_ratio=0,2,1152,34,0.077
skycell,max_area_ratio=0,2,1153,4,0.049
skycell,max_area_ratio=0,2,1154,45,0.061
skycell,max_area_ratio=0,2,1155,3,0.04
skycell,max_area_ratio=0,2,1156,466,0.181
skycell,max_area_ratio=0,2,1157,1,0.05
skycell,max_area_ratio=0,2,1158,49,0.072
skycell,max_area_ratio=0,2,1159,2,0.038
skycell,max_area_ratio=0,2,1160,42,0.08
skycell,max_area_ratio=0,2,1161,4,0.051
skycell,max_area_ratio=0,2,1162,3,0.037
skycell,max_area_ratio=0,2,1163,6,0.04
skycell,max_area_ratio=0,2,1164,3,0.03
skycell,max_area_ratio=0,2,1165,12,0.046
skycell,max_area_ratio=0,2,1166,20,0.048
skycell,max_area_ratio=0,2,1167,4,0.029
skycell,max_area_ratio=0,2,1168,930,0.19
skycell,max_area_ratio=0,2,1169,46,0.058
skycell,max_area_ratio=0,2,1170,5,0.038
skycell,max_area_ratio=0,2,1171,1,0.029
skycell,max_area_ratio=0,2,1172,6,0.03
skycell,max_area_ratio=0,2,1173,3,0.039
skycell,max_area_ratio=0,2,1174,4,0.043
skycell,max_area_ratio=0,2,1175,1,0.036
skycell,max_area_ratio=0,2,1176,16,0.044
skycell,max_area_ratio=0,2,1177,2,0.031
skycell,max_area_ratio=0,2,1178,10,0.03
skycell,max_area_ratio=0,2,1179,4,0.031
skycell,max_area_ratio=0,2,1180,13,0.043
skycell,max_area_ratio=0,2,1181,2,0.051
skycell,max_area_ratio=0,2,1182,52,0.068
skycell,max_area_ratio=0,2,1183,7,0.05
skycell,max_area_ratio=0,2,1184,4,0.047
skycell,max_area_ratio=0,2,1185,1,0.032
skycell,max_area_ratio=0,2,1186,48,0.078
skycell,max_area_ratio=0,2,1187,3,0.038
skycell,max_area_ratio=0,2,1188,3,0.046
skycell,max_area_ratio=0,2,1189,3,0.031
skycell,max_area_ratio=0,2,1190,2,0.037
skycell,max_area_ratio=0,2,1191,1,0.028
skycell,max_area_ratio=0,2,1192,137,0.085
skycell,max_area_ratio=0,2,1193,2,0.03
skycell,max_area_ratio=0,2,1194,3,0.043
skycell,max_area_ratio=0,2,1195,2,0.051
skycell,max_area_ratio=0,2,1196,8,0.037
skycell,max_area_ratio=0,2,1197,1,0.039
skycell,max_area_ratio=0,2,1198,49,0.065
skycell,max_area_ratio=0,2,1199,4,0.031
skycell,max_area_ratio=0,2,1200,55,0.072
skycell,max_area_ratio=0,2,1201,2,0.047
skycell,max_area_ratio=0,2,1202,6,0.034
skycell,max_area_ratio=0,2,1203,48,0.057
skycell,max_area_ratio=0,2,1204,8,0.044
skycell,max_area_ratio=0,2,1205,0,0.03
skycell,max_area_ratio=0,2,1206,63,0.079
skycell,max_area_ratio=0,2,1207,8,0.058
skycell,max_area_ratio=0,2,1208,10,0.033
skycell,max_area_ratio=0,2,1209,2,0.035
skycell,max_area_ratio=0,2,1210,8,0.03
skycell,max_area_ratio=0,2,1211,0,0.043
skycell,max_area_ratio=0,2,1212,72,0.075
skycell,max_area_ratio=0,2,1213,2,0.038
skycell,max_area_ratio=0,2,1214,26,0.063
skycell,max_area_ratio=0,2,1215,1,0.043
skycell,max_area_ratio=0,2,1216,33,0.046
skycell,max_area_ratio=0,2,1217,2,0.037
skycell,max_area_ratio=0,2,1218,4,0.041
skycell,max_area_ratio=0,2,1219,5,0.037
skycell,max_area_ratio=0,2,1220,70,0.07
skycell,max_area_ratio=0,2,1221,0,0.036
skycell,max_area_ratio=0,2,1222,3834,0.374
skycell,max_area_ratio=0,2,1223,1,0.028
skycell,max_area_ratio=0,2,1224,5,0.051
skycell,max_area_ratio=0,2,1225,11,0.046
skycell,max_area_ratio=0,2,1226,3,0.044
skycell,max_area_ratio=0,2,1227,4,0.039
skycell,max_area_ratio=0,2,1228,1616,0.314
skycell,max_area_ratio=0,2,1229,11,0.041
skycell,max_area_ratio=0,2,1230,1,0.035
skycell,max_area_ratio=0,2,1231,1,0.029
skycell,max_area_ratio=0,2,1232,170,0.115
skycell,max_area_ratio=0,2,1233,2,0.037
skycell,max_area_ratio=0,2,1234,3,0.036
skycell,max_area_ratio=0,2,1235,2,0.033
skycell,max_area_ratio=0,2,1236,32,0.065
skycell,max_area_ratio=0,2,1237,2,0.03
skycell,max_area_ratio=0,2,1238,4,0.044
skycell,max_area_ratio=0,2,1239,6,0.034
skycell,max_area_ratio=0,2,1240,40,0.067
skycell,max_area_ratio=0,2,1241,3,0.039
skycell,max_area_ratio=0,2,1242,11,0.049
skycell,max_area_ratio=0,2,1243,51,0.08
skycell,max_area_ratio=0,2,1244,66,0.057
skycell,max_area_ratio=0,2,1245,1,0.037
skycell,max_area_ratio=0,2,1246,3,0.027
skycell,max_area_ratio=0,2,1247,0,0.038
skycell,max_area_ratio=0,2,1248,106,0.092
skycell,max_area_ratio=0,2,1249,11,0.056
skycell,max_area_ratio=0,2,1250,29,0.055
skycell,max_area_ratio=0,2,1251,2,0.037
skycell,max_area_ratio=0,2,1252,79,0.094
skycell,max_area_ratio=0,2,1253,4,0.044
skycell,max_area_ratio=0,2,1254,118,0.11
skycell,max_area_ratio=0,2,1255,47,0.063
skycell,max_area_ratio=0,2,1256,4009,0.331
skycell,max_area_ratio=0,2,1257,74,0.074
skycell,max_area_ratio=0,2,1258,4,0.028
skycell,max_area_ratio=0,2,1259,1,0.045
skycell,max_area_ratio=0,2,1260,5,0.052
skycell,max_area_ratio=0,2,1261,99,0.082
skycell,max_area_ratio=0,2,1262,140,0.091
skycell,max_area_ratio=0,2,1263,2,0.029
skycell,max_area_ratio=0,2,1264,74,0.058
skycell,max_area_ratio=0,2,1265,1,0.036
skycell,max_area_ratio=0,2,1266,21,0.064
skycell,max_area_ratio=0,2,1267,3,0.029
skycell,max_area_ratio=0,2,1268,3,0.049
skycell,max_area_ratio=0,2,1269,3,0.035
skycell,max_area_ratio=0,2,1270,22,0.054
skycell,max_area_ratio=0,2,1271,14,0.043
skycell,max_area_ratio=0,2,1272,19,0.047
skycell,max_area_ratio=0,2,1273,4,0.028
skycell,max_area_ratio=0,2,1274,730,0.192
skycell,max_area_ratio=0,2,1275,61,0.071
skycell,max_area_ratio=0,2,1276,3,0.035
skycell,max_area_ratio=0,2,1277,2,0.03
skycell,max_area_ratio=0,2,1278,139,0.108
skycell,max_area_ratio=0,2,1279,0,0.032
skycell,max_area_ratio=0,2,1280,87,0.078
skycell,max_area_ratio=0,2,1281,3,0.038
skycell,max_area_ratio=0,2,1282,77,0.092
skycell,max_area_ratio=0,2,1283,4,0.028
skycell,max_area_ratio=0,2,1284,47,0.062
skycell,max_area_ratio=0,2,1285,36,0.07
skycell,max_area_ratio=0,2,1286,2,0.028
skycell,max_area_ratio=0,2,1287,7,0.04
skycell,max_area_ratio=0,2,1288,4,0.031
skycell,max_area_ratio=0,2,1289,1,0.034
skycell,max_area_ratio=0,2,1290,175,0.133
skycell,max_area_ratio=0,2,1291,2,0.038
skycell,max_area_ratio=0,2,1292,65,0.088
skycell,max_area_ratio=0,2,1293,4,0.041
skycell,max_area_ratio=0,2,1294,59,0.068
skycell,max_area_ratio=0,2,1295,2,0.035
skycell,max_area_ratio=0,2,1296,5,0.029
skycell,max_area_ratio=0,2,1297,1,0.036
skycell,max_area_ratio=0,2,1298,9,0.047
skycell,max_area_ratio=0,2,1299,3,0.038
skycell,max_area_ratio=0,2,1300,81,0.059
skycell,max_area_ratio=0,2,1301,115,0.108
skycell,max_area_ratio=0,2,1302,528,0.272
skycell,max_area_ratio=0,2,1303,144,0.183
skycell,max_area_ratio=0,2,1304,1562,0.398
skycell,max_area_ratio=0,2,1305,53,0.081
skycell,max_area_ratio=0,2,1306,1632,0.454
skycell,max_area_ratio=0,2,1307,103,0.106
skycell,max_area_ratio=0,2,1308,85,0.113
skycell,max_area_ratio=0,2,1309,72,0.083
skycell,max_area_ratio=0,2,1310,68,0.09
skycell,max_area_ratio=0,2,1311,63,0.07
skycell,max_area_ratio=0,2,1312,66,0.092
skycell,max_area_ratio=0,2,1313,51,0.073
skycell,max_area_ratio=0,2,1314,69,0.108
skycell,max_area_ratio=0,2,1315,475,0.192
skycell,max_area_ratio=0,2,1316,397,0.234
skycell,max_area_ratio=0,2,1317,71,0.095
skycell,max_area_ratio=0,2,1318,800,0.293
skycell,max_area_ratio=0,2,1319,64,0.092
skycell,max_area_ratio=0,2,1320,73,0.106
skycell,max_area_ratio=0,2,1321,75,0.115
skycell,max_area_ratio=0,2,1322,69,0.088
skycell,max_area_ratio=0,2,1323,77,0.088
skycell,max_area_ratio=0,2,1324,2294,0.492
skycell,max_area_ratio=0,2,1325,84,0.094
skycell,max_area_ratio=0,2,1326,752,0.229
skycell,max_area_ratio=0,2,1327,72,0.097
skycell,max_area_ratio=0,2,1328,879,0.263
skycell,max_area_ratio=0,2,1329,81,0.114
skycell,max_area_ratio=0,2,1330,1598,0.421
skycell,max_area_ratio=0,2,1331,61,0.097
skycell,max_area_ratio=0,2,1332,69,0.08
skycell,max_area_ratio=0,2,1333,67,0.072
skycell,max_area_ratio=0,2,1334,736,0.27
skycell,max_area_ratio=0,2,1335,311,0.165
skycell,max_area_ratio=0,2,1336,1019,0.307
skycell,max_area_ratio=0,2,1337,81,0.092
skycell,max_area_ratio=0,2,1338,1099,0.352
skycell,max_area_ratio=0,2,1339,122,0.089
skycell,max_area_ratio=0,2,1340,1284,0.314
skycell,max_area_ratio=0,2,1341,56,0.1
skycell,max_area_ratio=0,2,1342,65,0.092
skycell,max_area_ratio=0,2,1343,61,0.072
skycell,max_area_ratio=0,2,1344,57,0.082
skycell,max_area_ratio=0,2,1345,63,0.086
skycell,max_area_ratio=0,2,1346,553,0.264
skycell,max_area_ratio=0,2,1347,68,0.07
skycell,max_area_ratio=0,2,1348,63,0.089
skycell,max_area_ratio=0,2,1349,216,0.142
skycell,max_area_ratio=0,2,1350,75,0.076
skycell,max_area_ratio=0,2,1351,69,0.099
skycell,max_area_ratio=0,2,1352,157,0.103
skycell,max_area_ratio=0,2,1353,211,0.161
skycell,max_area_ratio=0,2,1354,136,0.102
skycell,max_area_ratio=0,2,1355,47,0.077
skycell,max_area_ratio=0,2,1356,660,0.226
skycell,max_area_ratio=0,2,1357,70,0.116
skycell,max_area_ratio=0,2,1358,66,0.068
skycell,max_area_ratio=0,2,1359,68,0.113
skycell,max_area_ratio=0,2,1360,674,0.203
skycell,max_area_ratio=0,2,1361,67,0.084
skycell,max_area_ratio=0,2,1362,61,0.07
skycell,max_area_ratio=0,2,1363,60,0.086
skycell,max_area_ratio=0,2,1364,2512,0.564
skycell,max_area_ratio=0,2,1365,65,0.087
skycell,max_area_ratio=0,2,1366,65,0.082
skycell,max_area_ratio=0,2,1367,60,0.079
skycell,max_area_ratio=0,2,1368,60,0.076
skycell,max_area_ratio=0,2,1369,163,0.122
skycell,max_area_ratio=0,2,1370,4069,0.763
skycell,max_area_ratio=0,2,1371,77,0.094
skycell,max_area_ratio=0,2,1372,601,0.219
skycell,max_area_ratio=0,2,1373,49,0.084
skycell,max_area_ratio=0,2,1374,70,0.099
skycell,max_area_ratio=0,2,1375,73,0.087
skycell,max_area_ratio=0,2,1376,495,0.217
skycell,max_area_ratio=0,2,1377,63,0.099
skycell,max_area_ratio=0,2,1378,1356,0.381
skycell,max_area_ratio=0,2,1379,79,0.083
skycell,max_area_ratio=0,2,1380,1572,0.39
skycell,max_area_ratio=0,2,1381,47,0.122
skycell,max_area_ratio=0,2,1382,75,0.093
skycell,max_area_ratio=0,2,1383,65,0.081
skycell,max_area_ratio=0,2,1384,77,0.073
skycell,max_area_ratio=0,2,1385,1227,0.365
skycell,max_area_ratio=0,2,1386,1589,0.315
skycell,max_area_ratio=0,2,1387,79,0.074
skycell,max_area_ratio=0,2,1388,898,0.288
skycell,max_area_ratio=0,2,1389,69,0.081
skycell,max_area_ratio=0,2,1390,710,0.253
skycell,max_area_ratio=0,2,1391,77,0.075
skycell,max_area_ratio=0,2,1392,67,0.074
skycell,max_area_ratio=0,2,1393,66,0.079
skycell,max_area_ratio=0,2,1394,3504,0.692
skycell,max_area_ratio=0,2,1395,64,0.119
skycell,max_area_ratio=0,2,1396,3600,0.665
skycell,max_area_ratio=0,2,1397,59,0.101
skycell,max_area_ratio=0,2,1398,2926,0.596
skycell,max_area_ratio=0,2,1399,66,0.094
skycell,max_area_ratio=0,2,1400,4002,0.725
skycell,max_area_ratio=0,2,1401,297,0.231
skycell,max_area_ratio=0,2,1402,254,0.16
skycell,max_area_ratio=0,2,1403,324,0.167
skycell,max_area_ratio=0,2,1404,1369,0.382
skycell,max_area_ratio=0,2,1405,265,0.17
skycell,max_area_ratio=0,2,1406,1108,0.365
skycell,max_area_ratio=0,2,1407,276,0.179
skycell,max_area_ratio=0,2,1408,4152,0.798
skycell,max_area_ratio=0,2,1409,297,0.16
skycell,max_area_ratio=0,2,1410,306,0.151
skycell,max_area_ratio=0,2,1411,748,0.272
skycell,max_area_ratio=0,2,1412,265,0.136
skycell,max_area_ratio=0,2,1413,280,0.169
skycell,max_area_ratio=0,2,1414,1101,0.344
skycell,max_area_ratio=0,2,1415,251,0.141
skycell,max_area_ratio=0,2,1416,9129,1.342
skycell,max_area_ratio=0,2,1417,272,0.162
skycell,max_area_ratio=0,2,1418,5071,0.919
skycell,max_area_ratio=0,2,1419,271,0.175
skycell,max_area_ratio=0,2,1420,5690,0.929
skycell,max_area_ratio=0,2,1421,233,0.136
skycell,max_area_ratio=0,2,1422,4433,0.734
skycell,max_area_ratio=0,2,1423,260,0.154
skycell,max_area_ratio=0,2,1424,3126,0.563
skycell,max_area_ratio=0,2,1425,3145,0.636
skycell,max_area_ratio=0,2,1426,302,0.207
skycell,max_area_ratio=0,2,1427,255,0.177
skycell,max_area_ratio=0,2,1428,3905,0.773
skycell,max_area_ratio=0,2,1429,1284,0.353
skycell,max_area_ratio=0,2,1430,1294,0.293
skycell,max_area_ratio=0,2,1431,289,0.138
skycell,max_area_ratio=0,2,1432,268,0.21
skycell,max_area_ratio=0,2,1433,901,0.344
skycell,max_area_ratio=0,2,1434,277,0.169
skycell,max_area_ratio=0,2,1435,1243,0.388
skycell,max_area_ratio=0,2,1436,1021,0.285
skycell,max_area_ratio=0,2,1437,298,0.159
skycell,max_area_ratio=0,2,1438,4191,0.47
skycell,max_area_ratio=0,2,1439,307,0.18
skycell,max_area_ratio=0,2,1440,269,0.168
skycell,max_area_ratio=0,2,1441,2336,0.531
skycell,max_area_ratio=0,2,1442,2435,0.546
skycell,max_area_ratio=0,2,1443,2502,0.564
skycell,max_area_ratio=0,2,1444,35019,3.932
skycell,max_area_ratio=0,2,1445,11114,1.569
skycell,max_area_ratio=0,2,1446,6517,0.849
skycell,max_area_ratio=0,2,1447,2340,0.548
skycell,max_area_ratio=0,2,1448,147516,12.451
skycell,max_area_ratio=0,2,1449,2525,0.607
skycell,max_area_ratio=0,2,1450,43516,4.425
skycell,max_area_ratio=0,2,1451,2330,0.601
skycell,max_area_ratio=0,2,1452,26649,3.139
skycell,max_area_ratio=0,2,1453,2324,0.547
skycell,max_area_ratio=0,2,1454,22109,2.656
skycell,max_area_ratio=0,2,1455,2386,0.556
skycell,max_area_ratio=0,2,1456,18819,2.327
skycell,range_cost=3,1,1,0,4.232
skycell,range_cost=3,1,2,1,0.307
skycell,range_cost=3,1,3,0,0.15
skycell,range_cost=3,1,4,1,0.494
skycell,range_cost=3,1,5,0,0.28
skycell,range_cost=3,1,6,1,0.466
skycell,range_cost=3,1,7,0,0.17
skycell,range_cost=3,1,8,1,0.262
skycell,range_cost=3,1,9,0,0.117
skycell,range_cost=3,1,10,1,0.144
skycell,range_cost=3,1,11,0,0.234
skycell,range_cost=3,1,12,1,0.502
skycell,range_cost=3,1,13,0,0.125
skycell,range_cost=3,1,14,1,0.109
skycell,range_cost=3,1,15,0,0.089
skycell,range_cost=3,1,16,1,0.167
skycell,range_cost=3,1,17,0,0.088
skycell,range_cost=3,1,18,1,0.09
skycell,range_cost=3,1,19,0,0.057
skycell,range_cost=3,1,20,1,0.074
skycell,range_cost=3,1,21,0,0.065
skycell,range_cost=3,1,22,1,0.097
skycell,range_cost=3,1,23,0,0.079
skycell,range_cost=3,1,24,1,0.892
skycell,range_cost=3,1,25,0,0.17
skycell,range_cost=3,1,26,1,0.079
skycell,range_cost=3,1,27,0,0.066
skycell,range_cost=3,1,28,1,0.094
skycell,range_cost=3,1,29,0,0.06
skycell,range_cost=3,1,30,1,0.142
skycell,range_cost=3,1,31,0,0.073
skycell,range_cost=3,1,32,1,0.118
skycell,range_cost=3,1,33,0,0.082
skycell,range_cost=3,1,34,1,0.09
skycell,range_cost=3,1,35,0,0.062
skycell,range_cost=3,1,36,1,0.098
skycell,range_cost=3,1,37,0,0.114
skycell,range_cost=3,1,38,1,0.06
skycell,range_cost=3,1,39,0,0.06
skycell,range_cost=3,1,40,1,0.072
skycell,range_cost=3,1,41,0,0.064
skycell,range_cost=3,1,42,1,0.081
skycell,range_cost=3,1,43,0,0.12
skycell,range_cost=3,1,44,1,0.086
skycell,range_cost=3,1,45,0,0.079
skycell,range_cost=3,1,46,1,0.097
skycell,range_cost=3,1,47,0,0.092
skycell,range_cost=3,1,48,1,0.059
skycell,range_cost=3,1,49,0,0.043
skycell,range_cost=3,1,50,1,0.072
skycell,range_cost=3,1,51,0,0.073
skycell,range_cost=3,1,52,1,0.046
skycell,range_cost=3,1,53,0,0.056
skycell,range_cost=3,1,54,1,0.057
skycell,range_cost=3,1,55,0,0.092
skycell,range_cost=3,1,56,1,0.064
skycell,range_cost=3,1,57,0,0.058
skycell,range_cost=3,1,58,1,0.056
skycell,range_cost=3,1,59,0,0.048
skycell,range_cost=3,1,60,1,0.072
skycell,range_cost=3,1,61,0,0.095
skycell,range_cost=3,1,62,1,0.109
skycell,range_cost=3,1,63,0,0.064
skycell,range_cost=3,1,64,1,0.391
skycell,range_cost=3,1,65,0,0.082
skycell,range_cost=3,1,66,1,0.083
skycell,range_cost=3,1,67,0,0.063
skycell,range_cost=3,1,68,1,0.078
skycell,range_cost=3,1,69,0,0.063
skycell,range_cost=3,1,70,1,0.071
skycell,range_cost=3,1,71,0,0.169
skycell,range_cost=3,1,72,1,0.121
skycell,range_cost=3,1,73,0,0.119
skycell,range_cost=3,1,74,1,0.103
skycell,range_cost=3,1,75,0,0.187
skycell,range_cost=3,1,76,1,0.175
skycell,range_cost=3,1,77,0,0.523
skycell,range_cost=3,1,78,1,0.402
skycell,range_cost=3,1,79,0,0.12
skycell,range_cost=3,1,80,1,0.136
skycell,range_cost=3,1,81,0,0.061
skycell,range_cost=3,1,82,1,0.052
skycell,range_cost=3,1,83,0,0.177
skycell,range_cost=3,1,84,1,0.07
skycell,range_cost=3,1,85,0,0.056
skycell,range_cost=3,1,86,1,0.055
skycell,range_cost=3,1,87,0,0.058
skycell,range_cost=3,1,88,1,0.119
skycell,range_cost=3,1,89,0,0.415
skycell,range_cost=3,1,90,1,0.236
skycell,range_cost=3,1,91,0,0.306
skycell,range_cost=3,1,92,1,0.255
skycell,range_cost=3,1,93,0,0.161
skycell,range_cost=3,1,94,1,0.844
skycell,range_cost=3,1,95,0,0.229
skycell,range_cost=3,1,96,1,0.415
skycell,range_cost=3,1,97,0,0.15
skycell,range_cost=3,1,98,1,0.247
skycell,range_cost=3,1,99,0,0.171
skycell,range_cost=3,1,100,1,0.081
skycell,range_cost=3,1,101,0,0.157
skycell,range_cost=3,1,102,1,0.092
skycell,range_cost=3,1,103,0,0.23
skycell,range_cost=3,1,104,1,0.222
skycell,range_cost=3,1,105,0,0.208
skycell,range_cost=3,1,106,1,0.37
skycell,range_cost=3,1,107,0,0.149
skycell,range_cost=3,1,108,1,0.242
skycell,range_cost=3,1,109,0,0.409
skycell,range_cost=3,1,110,1,0.259
skycell,range_cost=3,1,111,0,0.16
skycell,range_cost=3,1,112,1,0.088
skycell,range_cost=3,1,113,0,0.056
skycell,range_cost=3,1,114,1,0.063
skycell,range_cost=3,1,115,0,0.064
skycell,range_cost=3,1,116,1,0.248
skycell,range_cost=3,1,117,0,0.169
skycell,range_cost=3,1,118,1,0.274
skycell,range_cost=3,1,119,0,0.297
skycell,range_cost=3,1,120,1,0.102
skycell,range_cost=3,1,121,0,0.082
skycell,range_cost=3,1,122,1,0.374
skycell,range_cost=3,1,123,0,0.232
skycell,range_cost=3,1,124,1,0.776
skycell,range_cost=3,1,125,0,0.367
skycell,range_cost=3,1,126,1,0.342
skycell,range_cost=3,1,127,0,0.349
skycell,range_cost=3,1,128,1,0.244
skycell,range_cost=3,1,129,0,0.252
skycell,range_cost=3,1,130,1,0.242
skycell,range_cost=3,1,131,0,0.227
skycell,range_cost=3,1,132,1,0.103
skycell,range_cost=3,1,133,0,0.051
skycell,range_cost=3,1,134,1,0.05
skycell,range_cost=3,1,135,0,0.048
skycell,range_cost=3,1,136,1,0.045
skycell,range_cost=3,1,137,0,0.036
skycell,range_cost=3,1,138,1,0.105
skycell,range_cost=3,1,139,0,0.046
skycell,range_cost=3,1,140,1,0.054
skycell,range_cost=3,1,141,0,0.057
skycell,range_cost=3,1,142,1,0.085
skycell,range_cost=3,1,143,0,0.055
skycell,range_cost=3,1,144,1,0.085
skycell,range_cost=3,1,145,0,0.066
skycell,range_cost=3,1,146,1,0.139
skycell,range_cost=3,1,147,0,0.067
skycell,range_cost=3,1,148,1,0.072
skycell,range_cost=3,1,149,0,0.075
skycell,range_cost=3,1,150,1,0.113
skycell,range_cost=3,1,151,0,0.07
skycell,range_cost=3,1,152,1,0.063
skycell,range_cost=3,1,153,0,0.058
skycell,range_cost=3,1,154,1,0.071
skycell,range_cost=3,1,155,0,0.061
skycell,range_cost=3,1,156,1,0.087
skycell,range_cost=3,1,157,0,0.062
skycell,range_cost=3,1,158,1,0.082
skycell,range_cost=3,1,159,0,0.074
skycell,range_cost=3,1,160,1,0.081
skycell,range_cost=3,1,161,0,0.066
skycell,range_cost=3,1,162,1,0.076
skycell,range_cost=3,1,163,0,0.073
skycell,range_cost=3,1,164,1,0.073
skycell,range_cost=3,1,165,0,0.08
skycell,range_cost=3,1,166,1,0.065
skycell,range_cost=3,1,167,0,0.061
skycell,range_cost=3,1,168,1,0.069
skycell,range_cost=3,1,169,0,0.069
skycell,range_cost=3,1,170,1,0.14
skycell,range_cost=3,1,171,0,0.058
skycell,range_cost=3,1,172,1,0.052
skycell,range_cost=3,1,173,0,0.087
skycell,range_cost=3,1,174,1,0.045
skycell,range_cost=3,1,175,0,0.06
skycell,range_cost=3,1,176,1,0.057
skycell,range_cost=3,1,177,0,0.056
skycell,range_cost=3,1,178,1,0.085
skycell,range_cost=3,1,179,0,0.092
skycell,range_cost=3,1,180,1,0.064
skycell,range_cost=3,1,181,0,0.049
skycell,range_cost=3,1,182,1,0.048
skycell,range_cost=3,1,183,0,0.059
skycell,range_cost=3,1,184,1,0.131
skycell,range_cost=3,1,185,0,0.087
skycell,range_cost=3,1,186,1,0.051
skycell,range_cost=3,1,187,0,0.041
skycell,range_cost=3,1,188,1,0.064
skycell,range_cost=3,1,189,0,0.103
skycell,range_cost=3,1,190,1,0.076
skycell,range_cost=3,1,191,0,0.069
skycell,range_cost=3,1,192,1,0.1
skycell,range_cost=3,1,193,0,0.046
skycell,range_cost=3,1,194,1,0.104
skycell,range_cost=3,1,195,0,0.052
skycell,range_cost=3,1,196,1,0.246
skycell,range_cost=3,1,197,0,0.225
skycell,range_cost=3,1,198,1,0.069
skycell,range_cost=3,1,199,0,0.054
skycell,range_cost=3,1,200,1,0.046
skycell,range_cost=3,1,201,0,0.047
skycell,range_cost=3,1,202,1,0.057
skycell,range_cost=3,1,203,0,0.035
skycell,range_cost=3,1,204,1,0.043
skycell,range_cost=3,1,205,0,0.036
skycell,range_cost=3,1,206,1,0.071
skycell,range_cost=3,1,207,0,0.05
skycell,range_cost=3,1,208,1,0.043
skycell,range_cost=3,1,209,0,0.047
skycell,range_cost=3,1,210,1,0.048
skycell,range_cost=3,1,211,0,0.052
skycell,range_cost=3,1,212,1,0.047
skycell,range_cost=3,1,213,0,0.042
skycell,range_cost=3,1,214,1,0.052
skycell,range_cost=3,1,215,0,0.037
skycell,range_cost=3,1,216,1,0.076
skycell,range_cost=3,1,217,0,0.042
skycell,range_cost=3,1,218,1,0.062
skycell,range_cost=3,1,219,0,0.061
skycell,range_cost=3,1,220,1,0.075
skycell,range_cost=3,1,221,0,0.039
skycell,range_cost=3,1,222,1,0.051
skycell,range_cost=3,1,223,0,0.058
skycell,range_cost=3,1,224,1,0.041
skycell,range_cost=3,1,225,0,0.06
skycell,range_cost=3,1,226,1,0.054
skycell,range_cost=3,1,227,0,0.082
skycell,range_cost=3,1,228,1,0.048
skycell,range_cost=3,1,229,0,0.038
skycell,range_cost=3,1,230,1,0.063
skycell,range_cost=3,1,231,0,0.033
skycell,range_cost=3,1,232,1,0.038
skycell,range_cost=3,1,233,0,0.037
skycell,range_cost=3,1,234,1,0.039
skycell,range_cost=3,1,235,0,0.035
skycell,range_cost=3,1,236,1,0.05
skycell,range_cost=3,1,237,0,0.074
skycell,range_cost=3,1,238,1,0.067
skycell,range_cost=3,1,239,0,0.061
skycell,range_cost=3,1,240,1,0.046
skycell,range_cost=3,1,241,0,0.045
skycell,range_cost=3,1,242,1,0.038
skycell,range_cost=3,1,243,0,0.041
skycell,range_cost=3,1,244,1,0.061
skycell,range_cost=3,1,245,0,0.057
skycell,range_cost=3,1,246,1,0.049
skycell,range_cost=3,1,247,0,0.053
skycell,range_cost=3,1,248,1,0.056
skycell,range_cost=3,1,249,0,0.039
skycell,range_cost=3,1,250,1,0.037
skycell,range_cost=3,1,251,0,0.044
skycell,range_cost=3,1,252,1,0.046
skycell,range_cost=3,1,253,0,0.033
skycell,range_cost=3,1,254,1,0.031
skycell,range_cost=3,1,255,0,0.036
skycell,range_cost=3,1,256,1,0.045
skycell,range_cost=3,1,257,0,0.037
skycell,range_cost=3,1,258,1,0.047
skycell,range_cost=3,1,259,0,0.043
skycell,range_cost=3,1,260,1,0.043
skycell,range_cost=3,1,261,0,0.085
skycell,range_cost=3,1,262,1,0.079
skycell,range_cost=3,1,263,0,0.086
skycell,range_cost=3,1,264,1,0.058
skycell,range_cost=3,1,265,0,0.075
skycell,range_cost=3,1,266,1,0.081
skycell,range_cost=3,1,267,0,0.049
skycell,range_cost=3,1,268,1,0.046
skycell,range_cost=3,1,269,0,0.059
skycell,range_cost=3,1,270,1,0.047
skycell,range_cost=3,1,271,0,0.059
skycell,range_cost=3,1,272,1,0.044
skycell,range_cost=3,1,273,0,0.036
skycell,range_cost=3,1,274,1,0.034
skycell,range_cost=3,1,275,0,0.038
skycell,range_cost=3,1,276,1,0.053
skycell,range_cost=3,1,277,0,0.079
skycell,range_cost=3,1,278,1,0.046
skycell,range_cost=3,1,279,0,0.085
skycell,range_cost=3,1,280,1,0.046
skycell,range_cost=3,1,281,0,0.043
skycell,range_cost=3,1,282,1,0.055
skycell,range_cost=3,1,283,0,0.044
skycell,range_cost=3,1,284,1,0.069
skycell,range_cost=3,1,285,0,0.096
skycell,range_cost=3,1,286,1,0.057
skycell,range_cost=3,1,287,0,0.06
skycell,range_cost=3,1,288,1,0.038
skycell,range_cost=3,1,289,0,0.043
skycell,range_cost=3,1,290,1,0.057
skycell,range_cost=3,1,291,0,0.058
skycell,range_cost=3,1,292,1,0.079
skycell,range_cost=3,1,293,0,0.043
skycell,range_cost=3,1,294,1,0.046
skycell,range_cost=3,1,295,0,0.044
skycell,range_cost=3,1,296,1,0.175
skycell,range_cost=3,1,297,0,0.068
skycell,range_cost=3,1,298,1,0.058
skycell,range_cost=3,1,299,0,0.064
skycell,range_cost=3,1,300,1,0.059
skycell,range_cost=3,1,301,0,0.063
skycell,range_cost=3,1,302,1,0.063
skycell,range_cost=3,1,303,0,0.055
skycell,range_cost=3,1,304,1,0.105
skycell,range_cost=3,1,305,0,0.092
skycell,range_cost=3,1,306,1,0.093
skycell,range_cost=3,1,307,0,0.051
skycell,range_cost=3,1,308,1,0.048
skycell,range_cost=3,1,309,0,0.042
skycell,range_cost=3,1,310,1,0.05
skycell,range_cost=3,1,311,0,0.12
skycell,range_cost=3,1,312,1,0.141
skycell,range_cost=3,1,313,0,0.082
skycell,range_cost=3,1,314,1,0.073
skycell,range_cost=3,1,315,0,0.081
skycell,range_cost=3,1,316,1,0.143
skycell,range_cost=3,1,317,0,0.104
skycell,range_cost=3,1,318,1,0.081
skycell,range_cost=3,1,319,0,0.055
skycell,range_cost=3,1,320,1,0.072
skycell,range_cost=3,1,321,0,0.068
skycell,range_cost=3,1,322,1,0.078
skycell,range_cost=3,1,323,0,0.054
skycell,range_cost=3,1,324,1,0.115
skycell,range_cost=3,1,325,0,0.158
skycell,range_cost=3,1,326,1,0.04
skycell,range_cost=3,1,327,0,0.032
skycell,range_cost=3,1,328,1,0.04
skycell,range_cost=3,1,329,0,0.101
skycell,range_cost=3,1,330,1,0.065
skycell,range_cost=3,1,331,0,0.077
skycell,range_cost=3,1,332,1,0.066
skycell,range_cost=3,1,333,0,0.066
skycell,range_cost=3,1,334,1,0.065
skycell,range_cost=3,1,335,0,0.068
skycell,range_cost=3,1,336,1,0.11
skycell,range_cost=3,1,337,0,0.069
skycell,range_cost=3,1,338,1,0.068
skycell,range_cost=3,1,339,0,0.06
skycell,range_cost=3,1,340,1,0.075
skycell,range_cost=3,1,341,0,0.082
skycell,range_cost=3,1,342,1,0.105
skycell,range_cost=3,1,343,0,0.069
skycell,range_cost=3,1,344,1,0.121
skycell,range_cost=3,1,345,0,0.052
skycell,range_cost=3,1,346,1,0.043
skycell,range_cost=3,1,347,0,0.042
skycell,range_cost=3,1,348,1,0.119
skycell,range_cost=3,1,349,0,0.097
skycell,range_cost=3,1,350,1,0.08
skycell,range_cost=3,1,351,0,0.067
skycell,range_cost=3,1,352,1,0.11
skycell,range_cost=3,1,353,0,0.074
skycell,range_cost=3,1,354,1,0.075
skycell,range_cost=3,1,355,0,0.06
skycell,range_cost=3,1,356,1,0.108
skycell,range_cost=3,1,357,0,0.221
skycell,range_cost=3,1,358,1,0.089
skycell,range_cost=3,1,359,0,0.068
skycell,range_cost=3,1,360,1,0.082
skycell,range_cost=3,1,361,0,0.066
skycell,range_cost=3,1,362,1,0.104
skycell,range_cost=3,1,363,0,0.093
skycell,range_cost=3,1,364,1,0.098
skycell,range_cost=3,1,365,0,0.05
skycell,range_cost=3,1,366,1,0.047
skycell,range_cost=3,1,367,0,0.097
skycell,range_cost=3,1,368,1,0.057
skycell,range_cost=3,1,369,0,0.065
skycell,range_cost=3,1,370,1,0.085
skycell,range_cost=3,1,371,0,0.072
skycell,range_cost=3,1,372,1,0.091
skycell,range_cost=3,1,373,0,0.08
skycell,range_cost=3,1,374,1,0.08
skycell,range_cost=3,1,375,0,0.065
skycell,range_cost=3,1,376,1,0.056
skycell,range_cost=3,1,377,0,0.035
skycell,range_cost=3,1,378,1,0.064
skycell,range_cost=3,1,379,0,0.041
skycell,range_cost=3,1,380,1,0.076
skycell,range_cost=3,1,381,0,0.06
skycell,range_cost=3,1,382,1,0.189
skycell,range_cost=3,1,383,0,0.109
skycell,range_cost=3,1,384,1,0.058
skycell,range_cost=3,1,385,0,0.08
skycell,range_cost=3,1,386,1,0.083
skycell,range_cost=3,1,387,0,0.057
skycell,range_cost=3,1,388,1,0.09
skycell,range_cost=3,1,389,0,0.283
skycell,range_cost=3,1,390,1,0.071
skycell,range_cost=3,1,391,0,0.051
skycell,range_cost=3,1,392,1,0.058
skycell,range_cost=3,1,393,0,0.039
skycell,range_cost=3,1,394,1,0.048
skycell,range_cost=3,1,395,0,0.052
skycell,range_cost=3,1,396,1,0.052
skycell,range_cost=3,1,397,0,0.05
skycell,range_cost=3,1,398,1,0.062
skycell,range_cost=3,1,399,0,0.044
skycell,range_cost=3,1,400,1,0.089
skycell,range_cost=3,1,401,0,0.039
skycell,range_cost=3,1,402,1,0.039
skycell,range_cost=3,1,403,0,0.04
skycell,range_cost=3,1,404,1,0.11
skycell,range_cost=3,1,405,0,0.051
skycell,range_cost=3,1,406,1,0.069
skycell,range_cost=3,1,407,0,0.106
skycell,range_cost=3,1,408,1,0.126
skycell,range_cost=3,1,409,0,0.046
skycell,range_cost=3,1,410,1,0.109
skycell,range_cost=3,1,411,0,0.044
skycell,range_cost=3,1,412,1,0.044
skycell,range_cost=3,1,413,0,0.067
skycell,range_cost=3,1,414,1,0.048
skycell,range_cost=3,1,415,0,0.045
skycell,range_cost=3,1,416,1,0.15
skycell,range_cost=3,1,417,0,0.215
skycell,range_cost=3,1,418,1,0.093
skycell,range_cost=3,1,419,0,0.051
skycell,range_cost=3,1,420,1,0.038
skycell,range_cost=3,1,421,0,0.038
skycell,range_cost=3,1,422,1,0.048
skycell,range_cost=3,1,423,0,0.124
skycell,range_cost=3,1,424,1,0.172
skycell,range_cost=3,1,425,1,0.14
skycell,range_cost=3,1,426,1,0.081
skycell,range_cost=3,1,427,0,0.255
skycell,range_cost=3,1,428,1,0.096
skycell,range_cost=3,1,429,0,0.082
skycell,range_cost=3,1,430,1,0.07
skycell,range_cost=3,1,431,0,0.064
skycell,range_cost=3,1,432,1,0.067
skycell,range_cost=3,1,433,0,0.037
skycell,range_cost=3,1,434,1,0.124
skycell,range_cost=3,1,435,0,0.078
skycell,range_cost=3,1,436,1,0.102
skycell,range_cost=3,1,437,0,0.045
skycell,range_cost=3,1,438,1,0.038
skycell,range_cost=3,1,439,0,0.073
skycell,range_cost=3,1,440,1,0.047
skycell,range_cost=3,1,441,0,0.034
skycell,range_cost=3,1,442,1,0.041
skycell,range_cost=3,1,443,0,0.058
skycell,range_cost=3,1,444,1,0.069
skycell,range_cost=3,1,445,0,0.036
skycell,range_cost=3,1,446,1,0.042
skycell,range_cost=3,1,447,0,0.061
skycell,range_cost=3,1,448,1,0.103
skycell,range_cost=3,1,449,0,0.107
skycell,range_cost=3,1,450,1,0.057
skycell,range_cost=3,1,451,0,0.098
skycell,range_cost=3,1,452,1,0.148
skycell,range_cost=3,1,453,0,0.073
skycell,range_cost=3,1,454,1,0.089
skycell,range_cost=3,1,455,0,0.073
skycell,range_cost=3,1,456,1,0.121
skycell,range_cost=3,1,457,0,0.128
skycell,range_cost=3,1,458,1,0.273
skycell,range_cost=3,1,459,0,0.104
skycell,range_cost=3,1,460,1,0.072
skycell,range_cost=3,1,461,0,0.082
skycell,range_cost=3,1,462,1,0.091
skycell,range_cost=3,1,463,0,0.19
skycell,range_cost=3,1,464,1,0.078
skycell,range_cost=3,1,465,0,0.123
skycell,range_cost=3,1,466,1,0.074
skycell,range_cost=3,1,467,0,0.101
skycell,range_cost=3,1,468,2,0.071
skycell,range_cost=3,1,469,0,0.074
skycell,range_cost=3,1,470,1,0.1
skycell,range_cost=3,1,471,0,0.078
skycell,range_cost=3,1,472,1,0.07
skycell,range_cost=3,1,473,0,0.061
skycell,range_cost=3,1,474,1,0.333
skycell,range_cost=3,1,475,0,0.068
skycell,range_cost=3,1,476,1,0.092
skycell,range_cost=3,1,477,0,0.086
skycell,range_cost=3,1,478,1,0.252
skycell,range_cost=3,1,479,0,0.116
skycell,range_cost=3,1,480,1,0.058
skycell,range_cost=3,1,481,0,0.098
skycell,range_cost=3,1,482,1,0.111
skycell,range_cost=3,1,483,0,0.628
skycell,range_cost=3,1,484,1,0.248
skycell,range_cost=3,1,485,0,0.152
skycell,range_cost=3,1,486,1,0.131
skycell,range_cost=3,1,487,0,0.107
skycell,range_cost=3,1,488,1,0.087
skycell,range_cost=3,1,489,0,0.152
skycell,range_cost=3,1,490,1,0.066
skycell,range_cost=3,1,491,0,0.043
skycell,range_cost=3,1,492,1,0.039
skycell,range_cost=3,1,493,0,0.049
skycell,range_cost=3,1,494,1,0.052
skycell,range_cost=3,1,495,0,0.039
skycell,range_cost=3,1,496,1,0.067
skycell,range_cost=3,1,497,0,0.036
skycell,range_cost=3,1,498,1,0.045
skycell,range_cost=3,1,499,0,0.051
skycell,range_cost=3,1,500,1,0.065
skycell,range_cost=3,1,501,0,0.042
skycell,range_cost=3,1,502,1,0.055
skycell,range_cost=3,1,503,0,0.042
skycell,range_cost=3,1,504,1,0.07
skycell,range_cost=3,1,505,0,0.035
skycell,range_cost=3,1,506,2,0.077
skycell,range_cost=3,1,507,0,0.035
skycell,range_cost=3,1,508,1,0.048
skycell,range_cost=3,1,509,0,0.041
skycell,range_cost=3,1,510,1,0.047
skycell,range_cost=3,1,511,0,0.04
skycell,range_cost=3,1,512,1,0.033
skycell,range_cost=3,1,513,0,0.054
skycell,range_cost=3,1,514,1,0.06
skycell,range_cost=3,1,515,0,0.121
skycell,range_cost=3,1,516,1,0.208
skycell,range_cost=3,1,517,0,0.108
skycell,range_cost=3,1,518,1,0.12
skycell,range_cost=3,1,519,0,0.127
skycell,range_cost=3,1,520,1,0.113
skycell,range_cost=3,1,521,0,0.118
skycell,range_cost=3,1,522,1,0.152
skycell,range_cost=3,1,523,0,0.123
skycell,range_cost=3,1,524,1,0.064
skycell,range_cost=3,1,525,0,0.081
skycell,range_cost=3,1,526,1,0.087
skycell,range_cost=3,1,527,0,0.08
skycell,range_cost=3,1,528,1,0.077
skycell,range_cost=3,1,529,0,0.09
skycell,range_cost=3,1,530,1,0.081
skycell,range_cost=3,1,531,0,0.093
skycell,range_cost=3,1,532,1,0.106
skycell,range_cost=3,1,533,0,0.075
skycell,range_cost=3,1,534,1,0.176
skycell,range_cost=3,1,535,0,0.094
skycell,range_cost=3,1,536,1,0.077
skycell,range_cost=3,1,537,0,0.207
skycell,range_cost=3,1,538,1,0.083
skycell,range_cost=3,1,539,0,0.064
skycell,range_cost=3,1,540,1,0.066
skycell,range_cost=3,1,541,0,0.097
skycell,range_cost=3,1,542,1,0.072
skycell,range_cost=3,1,543,0,0.066
skycell,range_cost=3,1,544,1,0.089
skycell,range_cost=3,1,545,0,0.064
skycell,range_cost=3,1,546,1,0.08
skycell,range_cost=3,1,547,0,0.083
skycell,range_cost=3,1,548,1,0.077
skycell,range_cost=3,1,549,0,0.035
skycell,range_cost=3,1,550,1,0.034
skycell,range_cost=3,1,551,0,0.044
skycell,range_cost=3,1,552,1,0.094
skycell,range_cost=3,1,553,0,0.065
skycell,range_cost=3,1,554,1,0.062
skycell,range_cost=3,1,555,0,0.049
skycell,range_cost=3,1,556,1,0.037
skycell,range_cost=3,1,557,0,0.043
skycell,range_cost=3,1,558,1,0.041
skycell,range_cost=3,1,559,0,0.079
skycell,range_cost=3,1,560,1,0.042
skycell,range_cost=3,1,561,0,0.065
skycell,range_cost=3,1,562,1,0.057
skycell,range_cost=3,1,563,0,0.059
skycell,range_cost=3,1,564,1,0.038
skycell,range_cost=3,1,565,0,0.03
skycell,range_cost=3,1,566,1,0.039
skycell,range_cost=3,1,567,0,0.051
skycell,range_cost=3,1,568,1,0.044
skycell,range_cost=3,1,569,0,0.06
skycell,range_cost=3,1,570,1,0.047
skycell,range_cost=3,1,571,0,0.046
skycell,range_cost=3,1,572,13,0.085
skycell,range_cost=3,1,573,0,0.038
skycell,range_cost=3,1,574,1,0.057
skycell,range_cost=3,1,575,0,0.044
skycell,range_cost=3,1,576,1,0.037
skycell,range_cost=3,1,577,0,0.056
skycell,range_cost=3,1,578,2,0.053
skycell,range_cost=3,1,579,0,0.048
skycell,range_cost=3,1,580,1,0.037
skycell,range_cost=3,1,581,0,0.121
skycell,range_cost=3,1,582,1,0.075
skycell,range_cost=3,1,583,0,0.068
skycell,range_cost=3,1,584,1,0.053
skycell,range_cost=3,1,585,0,0.036
skycell,range_cost=3,1,586,1,0.037
skycell,range_cost=3,1,587,0,0.03
skycell,range_cost=3,1,588,1,0.045
skycell,range_cost=3,1,589,0,0.045
skycell,range_cost=3,1,590,1,0.052
skycell,range_cost=3,1,591,0,0.037
skycell,range_cost=3,1,592,1,0.042
skycell,range_cost=3,1,593,0,0.041
skycell,range_cost=3,1,594,1,0.034
skycell,range_cost=3,1,595,0,0.03
skycell,range_cost=3,1,596,1,0.032
skycell,range_cost=3,1,597,0,0.05
skycell,range_cost=3,1,598,1,0.031
skycell,range_cost=3,1,599,0,0.038
skycell,range_cost=3,1,600,1,0.05
skycell,range_cost=3,1,601,0,0.041
skycell,range_cost=3,1,602,1,0.045
skycell,range_cost=3,1,603,0,0.046
skycell,range_cost=3,1,604,2,0.079
skycell,range_cost=3,1,605,0,0.046
skycell,range_cost=3,1,606,18,0.097
skycell,range_cost=3,1,607,0,0.066
skycell,range_cost=3,1,608,1,0.073
skycell,range_cost=3,1,609,0,0.054
skycell,range_cost=3,1,610,1,0.053
skycell,range_cost=3,1,611,0,0.057
skycell,range_cost=3,1,612,1,0.06
skycell,range_cost=3,1,613,0,0.043
skycell,range_cost=3,1,614,1,0.066
skycell,range_cost=3,1,615,0,0.046
skycell,range_cost=3,1,616,1,0.05
skycell,range_cost=3,1,617,0,0.046
skycell,range_cost=3,1,618,1,0.047
skycell,range_cost=3,1,619,0,0.032
skycell,range_cost=3,1,620,1,0.041
skycell,range_cost=3,1,621,0,0.042
skycell,range_cost=3,1,622,1,0.077
skycell,range_cost=3,1,623,0,0.072
skycell,range_cost=3,1,624,1,0.038
skycell,range_cost=3,1,625,0,0.049
skycell,range_cost=3,1,626,1,0.042
skycell,range_cost=3,1,627,0,0.063
skycell,range_cost=3,1,628,1,0.078
skycell,range_cost=3,1,629,0,0.037
skycell,range_cost=3,1,630,1,0.036
skycell,range_cost=3,1,631,0,0.06
skycell,range_cost=3,1,632,1,0.055
skycell,range_cost=3,1,633,0,0.034
skycell,range_cost=3,1,634,1,0.063
skycell,range_cost=3,1,635,0,0.086
skycell,range_cost=3,1,636,1,0.038
skycell,range_cost=3,1,637,1,0.076
skycell,range_cost=3,1,638,1,0.041
skycell,range_cost=3,1,639,0,0.07
skycell,range_cost=3,1,640,1,0.033
skycell,range_cost=3,1,641,0,0.049
skycell,range_cost=3,1,642,1,0.039
skycell,range_cost=3,1,643,0,0.065
skycell,range_cost=3,1,644,1,0.042
skycell,range_cost=3,1,645,0,0.04
skycell,range_cost=3,1,646,1,0.059
skycell,range_cost=3,1,647,0,0.057
skycell,range_cost=3,1,648,1,0.032
skycell,range_cost=3,1,649,0,0.04
skycell,range_cost=3,1,650,1,0.041
skycell,range_cost=3,1,651,0,0.059
skycell,range_cost=3,1,652,1,0.034
skycell,range_cost=3,1,653,0,0.047
skycell,range_cost=3,1,654,1,0.043
skycell,range_cost=3,1,655,0,0.05
skycell,range_cost=3,1,656,1,0.049
skycell,range_cost=3,1,657,0,0.044
skycell,range_cost=3,1,658,11,0.094
skycell,range_cost=3,1,659,0,0.059
skycell,range_cost=3,1,660,1,0.069
skycell,range_cost=3,1,661,0,0.034
skycell,range_cost=3,1,662,1,0.048
skycell,range_cost=3,1,663,0,0.038
skycell,range_cost=3,1,664,1,0.055
skycell,range_cost=3,1,665,0,0.042
skycell,range_cost=3,1,666,1,0.073
skycell,range_cost=3,1,667,0,0.037
skycell,range_cost=3,1,668,1,0.153
skycell,range_cost=3,1,669,0,0.101
skycell,range_cost=3,1,670,1,0.152
skycell,range_cost=3,1,671,0,0.087
skycell,range_cost=3,1,672,2,0.372
skycell,range_cost=3,1,673,0,0.097
skycell,range_cost=3,1,674,1,0.323
skycell,range_cost=3,1,675,0,0.1
skycell,range_cost=3,1,676,1,0.138
skycell,range_cost=3,1,677,0,0.109
skycell,range_cost=3,1,678,1,0.101
skycell,range_cost=3,1,679,0,0.098
skycell,range_cost=3,1,680,1,0.31
skycell,range_cost=3,1,681,0,0.296
skycell,range_cost=3,1,682,1,0.147
skycell,range_cost=3,1,683,0,0.078
skycell,range_cost=3,1,684,1,0.097
skycell,range_cost=3,1,685,0,0.067
skycell,range_cost=3,1,686,1,0.073
skycell,range_cost=3,1,687,0,0.04
skycell,range_cost=3,1,688,11,0.132
skycell,range_cost=3,1,689,0,0.039
skycell,range_cost=3,1,690,1,0.034
skycell,range_cost=3,1,691,0,0.042
skycell,range_cost=3,1,692,1,0.033
skycell,range_cost=3,1,693,0,0.069
skycell,range_cost=3,1,694,1,0.073
skycell,range_cost=3,1,695,0,0.038
skycell,range_cost=3,1,696,1,0.069
skycell,range_cost=3,1,697,0,0.115
skycell,range_cost=3,1,698,1,0.045
skycell,range_cost=3,1,699,0,0.088
skycell,range_cost=3,1,700,1,0.057
skycell,range_cost=3,1,701,0,0.05
skycell,range_cost=3,1,702,2,0.051
skycell,range_cost=3,1,703,0,0.042
skycell,range_cost=3,1,704,1,0.031
skycell,range_cost=3,1,705,0,0.091
skycell,range_cost=3,1,706,1,0.048
skycell,range_cost=3,1,707,0,0.045
skycell,range_cost=3,1,708,1,0.033
skycell,range_cost=3,1,709,0,0.037
skycell,range_cost=3,1,710,1,0.068
skycell,range_cost=3,1,711,0,0.037
skycell,range_cost=3,1,712,1,0.031
skycell,range_cost=3,1,713,0,0.074
skycell,range_cost=3,1,714,1,0.063
skycell,range_cost=3,1,715,0,0.039
skycell,range_cost=3,1,716,1,0.071
skycell,range_cost=3,1,717,0,0.051
skycell,range_cost=3,1,718,1,0.047
skycell,range_cost=3,1,719,0,0.032
skycell,range_cost=3,1,720,1,0.06
skycell,range_cost=3,1,721,0,0.151
skycell,range_cost=3,1,722,1,0.067
skycell,range_cost=3,1,723,0,0.053
skycell,range_cost=3,1,724,1,0.058
skycell,range_cost=3,1,725,0,0.049
skycell,range_cost=3,1,726,1,0.043
skycell,range_cost=3,1,727,0,0.054
skycell,range_cost=3,1,728,1,0.042
skycell,range_cost=3,1,729,0,0.042
skycell,range_cost=3,1,730,1,0.043
skycell,range_cost=3,1,731,0,0.068
skycell,range_cost=3,1,732,1,0.064
skycell,range_cost=3,1,733,0,0.078
skycell,range_cost=3,1,734,1,0.042
skycell,range_cost=3,1,735,0,0.031
skycell,range_cost=3,1,736,1,0.073
skycell,range_cost=3,1,737,0,0.041
skycell,range_cost=3,1,738,1,0.041
skycell,range_cost=3,1,739,0,0.048
skycell,range_cost=3,1,740,1,0.074
skycell,range_cost=3,1,741,0,0.05
skycell,range_cost=3,1,742,1,0.039
skycell,range_cost=3,1,743,0,0.032
skycell,range_cost=3,1,744,1,0.031
skycell,range_cost=3,1,745,0,0.034
skycell,range_cost=3,1,746,1,0.032
skycell,range_cost=3,1,747,0,0.03
skycell,range_cost=3,1,748,1,0.033
skycell,range_cost=3,1,749,0,0.055
skycell,range_cost=3,1,750,1,0.049
skycell,range_cost=3,1,751,0,0.037
skycell,range_cost=3,1,752,1,0.03
skycell,range_cost=3,1,753,0,0.029
skycell,range_cost=3,1,754,1,0.031
skycell,range_cost=3,1,755,0,0.041
skycell,range_cost=3,1,756,2,0.051
skycell,range_cost=3,1,757,0,0.039
skycell,range_cost=3,1,758,1,0.055
skycell,range_cost=3,1,759,0,0.071
skycell,range_cost=3,1,760,1,0.068
skycell,range_cost=3,1,761,0,0.033
skycell,range_cost=3,1,762,1,0.037
skycell,range_cost=3,1,763,0,0.048
skycell,range_cost=3,1,764,1,0.041
skycell,range_cost=3,1,765,0,0.055
skycell,range_cost=3,1,766,1,0.046
skycell,range_cost=3,1,767,0,0.034
skycell,range_cost=3,1,768,1,0.047
skycell,range_cost=3,1,769,0,0.033
skycell,range_cost=3,1,770,3,0.105
skycell,range_cost=3,1,771,0,0.033
skycell,range_cost=3,1,772,1,0.034
skycell,range_cost=3,1,773,0,0.048
skycell,range_cost=3,1,774,1,0.059
skycell,range_cost=3,1,775,0,0.046
skycell,range_cost=3,1,776,1,0.046
skycell,range_cost=3,1,777,0,0.04
skycell,range_cost=3,1,778,1,0.038
skycell,range_cost=3,1,779,0,0.05
skycell,range_cost=3,1,780,1,0.051
skycell,range_cost=3,1,781,0,0.034
skycell,range_cost=3,1,782,1,0.035
skycell,range_cost=3,1,783,0,0.059
skycell,range_cost=3,1,784,1,0.048
skycell,range_cost=3,1,785,0,0.032
skycell,range_cost=3,1,786,1,0.038
skycell,range_cost=3,1,787,0,0.041
skycell,range_cost=3,1,788,1,0.036
skycell,range_cost=3,1,789,0,0.028
skycell,range_cost=3,1,790,1,0.031
skycell,range_cost=3,1,791,0,0.062
skycell,range_cost=3,1,792,1,0.072
skycell,range_cost=3,1,793,0,0.059
skycell,range_cost=3,1,794,1,0.065
skycell,range_cost=3,1,795,0,0.043
skycell,range_cost=3,1,796,1,0.032
skycell,range_cost=3,1,797,0,0.041
skycell,range_cost=3,1,798,1,0.033
skycell,range_cost=3,1,799,0,0.062
skycell,range_cost=3,1,800,1,0.043
skycell,range_cost=3,1,801,0,0.037
skycell,range_cost=3,1,802,2,0.08
skycell,range_cost=3,1,803,0,0.044
skycell,range_cost=3,1,804,1,0.044
skycell,range_cost=3,1,805,0,0.033
skycell,range_cost=3,1,806,2,0.065
skycell,range_cost=3,1,807,0,0.036
skycell,range_cost=3,1,808,3,0.113
skycell,range_cost=3,1,809,0,0.064
skycell,range_cost=3,1,810,1,0.044
skycell,range_cost=3,1,811,1,0.036
skycell,range_cost=3,1,812,1,0.064
skycell,range_cost=3,1,813,0,0.036
skycell,range_cost=3,1,814,1,0.037
skycell,range_cost=3,1,815,0,0.065
skycell,range_cost=3,1,816,2,0.065
skycell,range_cost=3,1,817,0,0.059
skycell,range_cost=3,1,818,1,0.048
skycell,range_cost=3,1,819,0,0.06
skycell,range_cost=3,1,820,4,0.082
skycell,range_cost=3,1,821,0,0.035
skycell,range_cost=3,1,822,199,0.244
skycell,range_cost=3,1,823,0,0.053
skycell,range_cost=3,1,824,2,0.034
skycell,range_cost=3,1,825,0,0.04
skycell,range_cost=3,1,826,1,0.039
skycell,range_cost=3,1,827,0,0.078
skycell,range_cost=3,1,828,1,0.036
skycell,range_cost=3,1,829,1,0.069
skycell,range_cost=3,1,830,2,0.081
skycell,range_cost=3,1,831,1,0.059
skycell,range_cost=3,1,832,1,0.044
skycell,range_cost=3,1,833,0,0.03
skycell,range_cost=3,1,834,1,0.068
skycell,range_cost=3,1,835,0,0.035
skycell,range_cost=3,1,836,8,0.084
skycell,range_cost=3,1,837,0,0.04
skycell,range_cost=3,1,838,1,0.06
skycell,range_cost=3,1,839,0,0.029
skycell,range_cost=3,1,840,2,0.056
skycell,range_cost=3,1,841,0,0.045
skycell,range_cost=3,1,842,1,0.03
skycell,range_cost=3,1,843,0,0.037
skycell,range_cost=3,1,844,1,0.04
skycell,range_cost=3,1,845,0,0.041
skycell,range_cost=3,1,846,1,0.043
skycell,range_cost=3,1,847,0,0.035
skycell,range_cost=3,1,848,1,0.051
skycell,range_cost=3,1,849,0,0.035
skycell,range_cost=3,1,850,1,0.036
skycell,range_cost=3,1,851,0,0.038
skycell,range_cost=3,1,852,2,0.053
skycell,range_cost=3,1,853,0,0.035
skycell,range_cost=3,1,854,2,0.065
skycell,range_cost=3,1,855,0,0.033
skycell,range_cost=3,1,856,3,0.269
skycell,range_cost=3,1,857,0,0.051
skycell,range_cost=3,1,858,8,0.043
skycell,range_cost=3,1,859,0,0.05
skycell,range_cost=3,1,860,1,0.05
skycell,range_cost=3,1,861,0,0.044
skycell,range_cost=3,1,862,3,0.072
skycell,range_cost=3,1,863,0,0.032
skycell,range_cost=3,1,864,359,0.345
skycell,range_cost=3,1,865,0,0.046
skycell,range_cost=3,1,866,2,0.089
skycell,range_cost=3,1,867,0,0.045
skycell,range_cost=3,1,868,2,0.096
skycell,range_cost=3,1,869,0,0.034
skycell,range_cost=3,1,870,1,0.04
skycell,range_cost=3,1,871,0,0.034
skycell,range_cost=3,1,872,3,0.101
skycell,range_cost=3,1,873,0,0.032
skycell,range_cost=3,1,874,5,0.052
skycell,range_cost=3,1,875,0,0.036
skycell,range_cost=3,1,876,3,0.063
skycell,range_cost=3,1,877,0,0.049
skycell,range_cost=3,1,878,1,0.038
skycell,range_cost=3,1,879,0,0.033
skycell,range_cost=3,1,880,1,0.041
skycell,range_cost=3,1,881,0,0.042
skycell,range_cost=3,1,882,1,0.048
skycell,range_cost=3,1,883,0,0.064
skycell,range_cost=3,1,884,3,0.065
skycell,range_cost=3,1,885,1,0.076
skycell,range_cost=3,1,886,4,0.093
skycell,range_cost=3,1,887,0,0.056
skycell,range_cost=3,1,888,1,0.038
skycell,range_cost=3,1,889,0,0.051
skycell,range_cost=3,1,890,2,0.058
skycell,range_cost=3,1,891,3,0.058
skycell,range_cost=3,1,892,1,0.044
skycell,range_cost=3,1,893,3,0.108
skycell,range_cost=3,1,894,2,0.04
skycell,range_cost=3,1,895,0,0.029
skycell,range_cost=3,1,896,1,0.036
skycell,range_cost=3,1,897,0,0.037
skycell,range_cost=3,1,898,2,0.078
skycell,range_cost=3,1,899,0,0.24
skycell,range_cost=3,1,900,1,0.136
skycell,range_cost=3,1,901,0,0.077
skycell,range_cost=3,1,902,3,0.126
skycell,range_cost=3,1,903,0,0.155
skycell,range_cost=3,1,904,2,0.185
skycell,range_cost=3,1,905,0,0.065
skycell,range_cost=3,1,906,4,0.146
skycell,range_cost=3,1,907,1,0.088
skycell,range_cost=3,1,908,3,0.15
skycell,range_cost=3,1,909,0,0.051
skycell,range_cost=3,1,910,5,0.059
skycell,range_cost=3,1,911,0,0.114
skycell,range_cost=3,1,912,1,0.422
skycell,range_cost=3,1,913,0,0.175
skycell,range_cost=3,1,914,1,0.078
skycell,range_cost=3,1,915,0,0.056
skycell,range_cost=3,1,916,1,0.076
skycell,range_cost=3,1,917,0,0.065
skycell,range_cost=3,1,918,1,0.073
skycell,range_cost=3,1,919,0,0.042
skycell,range_cost=3,1,920,1,0.048
skycell,range_cost=3,1,921,0,0.068
skycell,range_cost=3,1,922,1,0.035
skycell,range_cost=3,1,923,0,0.064
skycell,range_cost=3,1,924,4,0.066
skycell,range_cost=3,1,925,0,0.05
skycell,range_cost=3,1,926,2,0.058
skycell,range_cost=3,1,927,0,0.048
skycell,range_cost=3,1,928,48,0.124
skycell,range_cost=3,1,929,0,0.036
skycell,range_cost=3,1,930,4,0.073
skycell,range_cost=3,1,931,0,0.03
skycell,range_cost=3,1,932,2,0.035
skycell,range_cost=3,1,933,2,0.057
skycell,range_cost=3,1,934,2,0.066
skycell,range_cost=3,1,935,0,0.062
skycell,range_cost=3,1,936,5,0.055
skycell,range_cost=3,1,937,2,0.068
skycell,range_cost=3,1,938,1,0.278
skycell,range_cost=3,1,939,0,0.25
skycell,range_cost=3,1,940,2,0.166
skycell,range_cost=3,1,941,0,0.062
skycell,range_cost=3,1,942,4,0.119
skycell,range_cost=3,1,943,0,0.071
skycell,range_cost=3,1,944,1,0.076
skycell,range_cost=3,1,945,0,0.051
skycell,range_cost=3,1,946,4,0.091
skycell,range_cost=3,1,947,0,0.076
skycell,range_cost=3,1,948,2,0.086
skycell,range_cost=3,1,949,0,0.053
skycell,range_cost=3,1,950,1,0.04
skycell,range_cost=3,1,951,0,0.042
skycell,range_cost=3,1,952,1,0.078
skycell,range_cost=3,1,953,0,0.067
skycell,range_cost=3,1,954,1,0.037
skycell,range_cost=3,1,955,0,0.037
skycell,range_cost=3,1,956,1,0.087
skycell,range_cost=3,1,957,0,0.035
skycell,range_cost=3,1,958,1,0.036
skycell,range_cost=3,1,959,0,0.073
skycell,range_cost=3,1,960,1,0.059
skycell,range_cost=3,1,961,0,0.05
skycell,range_cost=3,1,962,2,0.035
skycell,range_cost=3,1,963,0,0.055
skycell,range_cost=3,1,964,3,0.071
skycell,range_cost=3,1,965,0,0.042
skycell,range_cost=3,1,966,1,0.039
skycell,range_cost=3,1,967,0,0.063
skycell,range_cost=3,1,968,2,0.069
skycell,range_cost=3,1,969,0,0.039
skycell,range_cost=3,1,970,18,0.06
skycell,range_cost=3,1,971,2,0.077
skycell,range_cost=3,1,972,2,0.035
skycell,range_cost=3,1,973,0,0.048
skycell,range_cost=3,1,974,3,0.063
skycell,range_cost=3,1,975,0,0.048
skycell,range_cost=3,1,976,3,0.053
skycell,range_cost=3,1,977,1,0.039
skycell,range_cost=3,1,978,1,0.05
skycell,range_cost=3,1,979,0,0.036
skycell,range_cost=3,1,980,1,0.063
skycell,range_cost=3,1,981,0,0.029
skycell,range_cost=3,1,982,7,0.073
skycell,range_cost=3,1,983,0,0.074
skycell,range_cost=3,1,984,2,0.056
skycell,range_cost=3,1,985,0,0.041
skycell,range_cost=3,1,986,5,0.082
skycell,range_cost=3,1,987,0,0.057
skycell,range_cost=3,1,988,1,0.046
skycell,range_cost=3,1,989,0,0.037
skycell,range_cost=3,1,990,6,0.046
skycell,range_cost=3,1,991,0,0.06
skycell,range_cost=3,1,992,1,0.079
skycell,range_cost=3,1,993,0,0.03
skycell,range_cost=3,1,994,1,0.064
skycell,range_cost=3,1,995,0,0.035
skycell,range_cost=3,1,996,5,0.082
skycell,range_cost=3,1,997,0,0.037
skycell,range_cost=3,1,998,5,0.054
skycell,range_cost=3,1,999,0,0.052
skycell,range_cost=3,1,1000,1,0.051
skycell,range_cost=3,1,1001,0,0.059
skycell,range_cost=3,1,1002,1,0.048
skycell,range_cost=3,1,1003,0,0.058
skycell,range_cost=3,1,1004,1,0.053
skycell,range_cost=3,1,1005,0,0.076
skycell,range_cost=3,1,1006,3,0.067
skycell,range_cost=3,1,1007,1,0.078
skycell,range_cost=3,1,1008,2,0.092
skycell,range_cost=3,1,1009,0,0.046
skycell,range_cost=3,1,1010,2,0.049
skycell,range_cost=3,1,1011,0,0.061
skycell,range_cost=3,1,1012,1,0.044
skycell,range_cost=3,1,1013,1,0.079
skycell,range_cost=3,1,1014,2,0.083
skycell,range_cost=3,1,1015,0,0.038
skycell,range_cost=3,1,1016,1,0.031
skycell,range_cost=3,1,1017,0,0.07
skycell,range_cost=3,1,1018,3,0.065
skycell,range_cost=3,1,1019,0,0.04
skycell,range_cost=3,1,1020,1,0.034
skycell,range_cost=3,1,1021,0,0.059
skycell,range_cost=3,1,1022,1,0.056
skycell,range_cost=3,1,1023,0,0.033
skycell,range_cost=3,1,1024,1,0.039
skycell,range_cost=3,1,1025,0,0.029
skycell,range_cost=3,1,1026,1,0.034
skycell,range_cost=3,1,1027,0,0.085
skycell,range_cost=3,1,1028,4,0.056
skycell,range_cost=3,1,1029,0,0.038
skycell,range_cost=3,1,1030,1,0.031
skycell,range_cost=3,1,1031,0,0.054
skycell,range_cost=3,1,1032,1,0.055
skycell,range_cost=3,1,1033,0,0.029
skycell,range_cost=3,1,1034,2,0.037
skycell,range_cost=3,1,1035,0,0.043
skycell,range_cost=3,1,1036,1,0.045
skycell,range_cost=3,1,1037,0,0.05
skycell,range_cost=3,1,1038,1,0.057
skycell,range_cost=3,1,1039,0,0.06
skycell,range_cost=3,1,1040,1,0.062
skycell,range_cost=3,1,1041,0,0.063
skycell,range_cost=3,1,1042,1,0.084
skycell,range_cost=3,1,1043,0,0.03
skycell,range_cost=3,1,1044,1,0.059
skycell,range_cost=3,1,1045,1,0.086
skycell,range_cost=3,1,1046,3,0.066
skycell,range_cost=3,1,1047,0,0.039
skycell,range_cost=3,1,1048,1,0.072
skycell,range_cost=3,1,1049,0,0.06
skycell,range_cost=3,1,1050,3,0.041
skycell,range_cost=3,1,1051,0,0.043
skycell,range_cost=3,1,1052,1,0.078
skycell,range_cost=3,1,1053,0,0.085
skycell,range_cost=3,1,1054,1,0.061
skycell,range_cost=3,1,1055,0,0.033
skycell,range_cost=3,1,1056,1,0.032
skycell,range_cost=3,1,1057,0,0.029
skycell,range_cost=3,1,1058,64,0.115
skycell,range_cost=3,1,1059,0,0.056
skycell,range_cost=3,1,1060,1,0.068
skycell,range_cost=3,1,1061,0,0.076
skycell,range_cost=3,1,1062,1,0.035
skycell,range_cost=3,1,1063,0,0.032
skycell,range_cost=3,1,1064,6,0.088
skycell,range_cost=3,1,1065,2,0.042
skycell,range_cost=3,1,1066,2,0.036
skycell,range_cost=3,1,1067,0,0.057
skycell,range_cost=3,1,1068,2,0.058
skycell,range_cost=3,1,1069,0,0.034
skycell,range_cost=3,1,1070,4,0.06
skycell,range_cost=3,1,1071,0,0.044
skycell,range_cost=3,1,1072,3,0.084
skycell,range_cost=3,1,1073,0,0.055
skycell,range_cost=3,1,1074,1,0.031
skycell,range_cost=3,1,1075,0,0.031
skycell,range_cost=3,1,1076,1,0.028
skycell,range_cost=3,1,1077,0,0.029
skycell,range_cost=3,1,1078,1,0.061
skycell,range_cost=3,1,1079,1,0.047
skycell,range_cost=3,1,1080,2,0.045
skycell,range_cost=3,1,1081,0,0.044
skycell,range_cost=3,1,1082,2,0.071
skycell,range_cost=3,1,1083,0,0.037
skycell,range_cost=3,1,1084,1,0.034
skycell,range_cost=3,1,1085,0,0.038
skycell,range_cost=3,1,1086,2,0.034
skycell,range_cost=3,1,1087,0,0.059
skycell,range_cost=3,1,1088,2,0.029
skycell,range_cost=3,1,1089,0,0.033
skycell,range_cost=3,1,1090,5,0.077
skycell,range_cost=3,1,1091,0,0.048
skycell,range_cost=3,1,1092,2,0.035
skycell,range_cost=3,1,1093,0,0.045
skycell,range_cost=3,1,1094,2,0.064
skycell,range_cost=3,1,1095,0,0.037
skycell,range_cost=3,1,1096,1,0.072
skycell,range_cost=3,1,1097,0,0.065
skycell,range_cost=3,1,1098,1,0.041
skycell,range_cost=3,1,1099,1,0.039
skycell,range_cost=3,1,1100,7,0.064
skycell,range_cost=3,1,1101,1,0.033
skycell,range_cost=3,1,1102,3,0.078
skycell,range_cost=3,1,1103,11,0.089
skycell,range_cost=3,1,1104,2,0.095
skycell,range_cost=3,1,1105,1,0.077
skycell,range_cost=3,1,1106,59,0.144
skycell,range_cost=3,1,1107,3,0.048
skycell,range_cost=3,1,1108,36,0.091
skycell,range_cost=3,1,1109,3,0.069
skycell,range_cost=3,1,1110,27,0.135
skycell,range_cost=3,1,1111,3,0.077
skycell,range_cost=3,1,1112,5,0.069
skycell,range_cost=3,1,1113,2,0.039
skycell,range_cost=3,1,1114,123,0.36
skycell,range_cost=3,1,1115,4,0.077
skycell,range_cost=3,1,1116,137,0.168
skycell,range_cost=3,1,1117,11,0.063
skycell,range_cost=3,1,1118,107,0.207
skycell,range_cost=3,1,1119,14,0.133
skycell,range_cost=3,1,1120,158,0.218
skycell,range_cost=3,1,1121,2,0.072
skycell,range_cost=3,1,1122,21,0.097
skycell,range_cost=3,1,1123,2,0.041
skycell,range_cost=3,1,1124,4,0.121
skycell,range_cost=3,1,1125,3,0.102
skycell,range_cost=3,1,1126,18,0.081
skycell,range_cost=3,1,1127,3,0.092
skycell,range_cost=3,1,1128,6,0.064
skycell,range_cost=3,1,1129,21,0.087
skycell,range_cost=3,1,1130,8,0.048
skycell,range_cost=3,1,1131,2,0.07
skycell,range_cost=3,1,1132,88,1.138
skycell,range_cost=3,1,1133,15,0.851
skycell,range_cost=3,1,1134,1,0.317
skycell,range_cost=3,1,1135,3,0.749
skycell,range_cost=3,1,1136,29,0.219
skycell,range_cost=3,1,1137,0,0.129
skycell,range_cost=3,1,1138,2,0.141
skycell,range_cost=3,1,1139,1,0.103
skycell,range_cost=3,1,1140,6,0.068
skycell,range_cost=3,1,1141,8,0.116
skycell,range_cost=3,1,1142,2,0.199
skycell,range_cost=3,1,1143,4,0.165
skycell,range_cost=3,1,1144,75,0.132
skycell,range_cost=3,1,1145,4,0.082
skycell,range_cost=3,1,1146,22,0.17
skycell,range_cost=3,1,1147,2,0.258
skycell,range_cost=3,1,1148,6,0.256
skycell,range_cost=3,1,1149,9,0.196
skycell,range_cost=3,1,1150,66,0.221
skycell,range_cost=3,1,1151,1,0.075
skycell,range_cost=3,1,1152,34,0.1
skycell,range_cost=3,1,1153,4,0.077
skycell,range_cost=3,1,1154,45,0.079
skycell,range_cost=3,1,1155,3,0.082
skycell,range_cost=3,1,1156,466,0.262
skycell,range_cost=3,1,1157,1,0.098
skycell,range_cost=3,1,1158,49,0.158
skycell,range_cost=3,1,1159,2,0.068
skycell,range_cost=3,1,1160,42,0.15
skycell,range_cost=3,1,1161,4,0.129
skycell,range_cost=3,1,1162,3,0.073
skycell,range_cost=3,1,1163,6,0.068
skycell,range_cost=3,1,1164,3,0.064
skycell,range_cost=3,1,1165,12,0.083
skycell,range_cost=3,1,1166,20,0.13
skycell,range_cost=3,1,1167,4,0.079
skycell,range_cost=3,1,1168,930,0.284
skycell,range_cost=3,1,1169,46,0.126
skycell,range_cost=3,1,1170,5,0.058
skycell,range_cost=3,1,1171,1,0.063
skycell,range_cost=3,1,1172,6,0.06
skycell,range_cost=3,1,1173,3,0.081
skycell,range_cost=3,1,1174,4,0.079
skycell,range_cost=3,1,1175,1,0.059
skycell,range_cost=3,1,1176,16,0.071
skycell,range_cost=3,1,1177,2,0.082
skycell,range_cost=3,1,1178,10,0.048
skycell,range_cost=3,1,1179,4,0.083
skycell,range_cost=3,1,1180,13,0.07
skycell,range_cost=3,1,1181,2,0.088
skycell,range_cost=3,1,1182,52,0.119
skycell,range_cost=3,1,1183,7,0.076
skycell,range_cost=3,1,1184,4,0.072
skycell,range_cost=3,1,1185,1,0.058
skycell,range_cost=3,1,1186,48,0.109
skycell,range_cost=3,1,1187,3,0.053
skycell,range_cost=3,1,1188,3,0.066
skycell,range_cost=3,1,1189,3,0.054
skycell,range_cost=3,1,1190,2,0.059
skycell,range_cost=3,1,1191,1,0.033
skycell,range_cost=3,1,1192,137,0.137
skycell,range_cost=3,1,1193,2,0.074
skycell,range_cost=3,1,1194,3,0.063
skycell,range_cost=3,1,1195,2,0.085
skycell,range_cost=3,1,1196,8,0.084
skycell,range_cost=3,1,1197,1,0.067
skycell,range_cost=3,1,1198,49,0.122
skycell,range_cost=3,1,1199,4,0.061
skycell,range_cost=3,1,1200,55,0.125
skycell,range_cost=3,1,1201,2,0.069
skycell,range_cost=3,1,1202,6,0.084
skycell,range_cost=3,1,1203,48,0.12
skycell,range_cost=3,1,1204,8,0.073
skycell,range_cost=3,1,1205,0,0.046
skycell,range_cost=3,1,1206,63,0.155
skycell,range_cost=3,1,1207,8,0.09
skycell,range_cost=3,1,1208,10,0.066
skycell,range_cost=3,1,1209,2,0.057
skycell,range_cost=3,1,1210,8,0.037
skycell,range_cost=3,1,1211,0,0.093
skycell,range_cost=3,1,1212,72,0.135
skycell,range_cost=3,1,1213,2,0.061
skycell,range_cost=3,1,1214,26,0.132
skycell,range_cost=3,1,1215,1,0.068
skycell,range_cost=3,1,1216,33,0.101
skycell,range_cost=3,1,1217,2,0.047
skycell,range_cost=3,1,1218,4,0.047
skycell,range_cost=3,1,1219,5,0.043
skycell,range_cost=3,1,1220,70,0.129
skycell,range_cost=3,1,1221,0,0.065
skycell,range_cost=3,1,1222,3834,0.563
skycell,range_cost=3,1,1223,1,0.058
skycell,range_cost=3,1,1224,5,0.067
skycell,range_cost=3,1,1225,11,0.09
skycell,range_cost=3,1,1226,3,0.07
skycell,range_cost=3,1,1227,4,0.051
skycell,range_cost=3,1,1228,1616,0.496
skycell,range_cost=3,1,1229,11,0.14
skycell,range_cost=3,1,1230,1,0.081
skycell,range_cost=3,1,1231,1,0.058
skycell,range_cost=3,1,1232,170,0.22
skycell,range_cost=3,1,1233,2,0.069
skycell,range_cost=3,1,1234,3,0.081
skycell,range_cost=3,1,1235,2,0.08
skycell,range_cost=3,1,1236,32,0.13
skycell,range_cost=3,1,1237,2,0.06
skycell,range_cost=3,1,1238,4,0.067
skycell,range_cost=3,1,1239,6,0.071
skycell,range_cost=3,1,1240,40,0.148
skycell,range_cost=3,1,1241,3,0.086
skycell,range_cost=3,1,1242,11,0.099
skycell,range_cost=3,1,1243,51,0.157
skycell,range_cost=3,1,1244,66,0.141
skycell,range_cost=3,1,1245,1,0.067
skycell,range_cost=3,1,1246,3,0.042
skycell,range_cost=3,1,1247,0,0.069
skycell,range_cost=3,1,1248,106,0.249
skycell,range_cost=3,1,1249,11,0.101
skycell,range_cost=3,1,1250,29,0.116
skycell,range_cost=3,1,1251,2,0.067
skycell,range_cost=3,1,1252,79,0.195
skycell,range_cost=3,1,1253,4,0.082
skycell,range_cost=3,1,1254,118,0.173
skycell,range_cost=3,1,1255,47,0.144
skycell,range_cost=3,1,1256,4009,0.442
skycell,range_cost=3,1,1257,74,0.133
skycell,range_cost=3,1,1258,4,0.078
skycell,range_cost=3,1,1259,1,0.065
skycell,range_cost=3,1,1260,5,0.093
skycell,range_cost=3,1,1261,99,0.312
skycell,range_cost=3,1,1262,140,0.249
skycell,range_cost=3,1,1263,2,0.074
skycell,range_cost=3,1,1264,74,0.151
skycell,range_cost=3,1,1265,1,0.095
skycell,range_cost=3,1,1266,21,0.184
skycell,range_cost=3,1,1267,3,0.067
skycell,range_cost=3,1,1268,3,0.098
skycell,range_cost=3,1,1269,3,0.081
skycell,range_cost=3,1,1270,22,0.118
skycell,range_cost=3,1,1271,14,0.121
skycell,range_cost=3,1,1272,19,0.108
skycell,range_cost=3,1,1273,4,0.051
skycell,range_cost=3,1,1274,730,0.281
skycell,range_cost=3,1,1275,61,0.179
skycell,range_cost=3,1,1276,3,0.096
skycell,range_cost=3,1,1277,2,0.097
skycell,range_cost=3,1,1278,139,0.288
skycell,range_cost=3,1,1279,0,0.096
skycell,range_cost=3,1,1280,87,0.276
skycell,range_cost=3,1,1281,3,0.119
skycell,range_cost=3,1,1282,77,0.171
skycell,range_cost=3,1,1283,4,0.057
skycell,range_cost=3,1,1284,47,0.197
skycell,range_cost=3,1,1285,36,0.168
skycell,range_cost=3,1,1286,2,0.3
skycell,range_cost=3,1,1287,7,0.193
skycell,range_cost=3,1,1288,4,0.111
skycell,range_cost=3,1,1289,1,0.102
skycell,range_cost=3,1,1290,175,0.44
skycell,range_cost=3,1,1291,2,0.158
skycell,range_cost=3,1,1292,65,0.283
skycell,range_cost=3,1,1293,4,0.091
skycell,range_cost=3,1,1294,59,0.164
skycell,range_cost=3,1,1295,2,0.107
skycell,range_cost=3,1,1296,5,0.1
skycell,range_cost=3,1,1297,1,0.101
skycell,range_cost=3,1,1298,9,0.099
skycell,range_cost=3,1,1299,3,0.06
skycell,range_cost=3,1,1300,81,0.14
skycell,range_cost=3,1,1301,115,0.261
skycell,range_cost=3,1,1302,528,0.565
skycell,range_cost=3,1,1303,144,0.36
skycell,range_cost=3,1,1304,1562,1.354
skycell,range_cost=3,1,1305,53,0.238
skycell,range_cost=3,1,1306,1632,1.801
skycell,range_cost=3,1,1307,103,0.704
skycell,range_cost=3,1,1308,85,0.645
skycell,range_cost=3,1,1309,72,0.446
skycell,range_cost=3,1,1310,68,0.484
skycell,range_cost=3,1,1311,63,0.346
skycell,range_cost=3,1,1312,66,0.383
skycell,range_cost=3,1,1313,51,0.463
skycell,range_cost=3,1,1314,69,0.226
skycell,range_cost=3,1,1315,475,0.433
skycell,range_cost=3,1,1316,397,1.256
skycell,range_cost=3,1,1317,71,0.479
skycell,range_cost=3,1,1318,800,1.234
skycell,range_cost=3,1,1319,64,0.546
skycell,range_cost=3,1,1320,73,0.391
skycell,range_cost=3,1,1321,75,0.333
skycell,range_cost=3,1,1322,69,0.2
skycell,range_cost=3,1,1323,77,0.19
skycell,range_cost=3,1,1324,2294,3.185
skycell,range_cost=3,1,1325,84,0.52
skycell,range_cost=3,1,1326,752,1.009
skycell,range_cost=3,1,1327,72,0.209
skycell,range_cost=3,1,1328,879,0.49
skycell,range_cost=3,1,1329,81,0.177
skycell,range_cost=3,1,1330,1598,0.767
skycell,range_cost=3,1,1331,61,0.226
skycell,range_cost=3,1,1332,69,0.899
skycell,range_cost=3,1,1333,67,0.377
skycell,range_cost=3,1,1334,736,1.18
skycell,range_cost=3,1,1335,311,0.32
skycell,range_cost=3,1,1336,1019,0.51
skycell,range_cost=3,1,1337,81,0.147
skycell,range_cost=3,1,1338,1099,0.617
skycell,range_cost=3,1,1339,122,0.187
skycell,range_cost=3,1,1340,1284,0.472
skycell,range_cost=3,1,1341,56,0.559
skycell,range_cost=3,1,1342,65,0.773
skycell,range_cost=3,1,1343,61,0.57
skycell,range_cost=3,1,1344,57,0.255
skycell,range_cost=3,1,1345,63,0.476
skycell,range_cost=3,1,1346,553,0.554
skycell,range_cost=3,1,1347,68,0.17
skycell,range_cost=3,1,1348,63,0.17
skycell,range_cost=3,1,1349,216,0.226
skycell,range_cost=3,1,1350,75,0.139
skycell,range_cost=3,1,1351,69,0.148
skycell,range_cost=3,1,1352,157,0.166
skycell,range_cost=3,1,1353,211,0.278
skycell,range_cost=3,1,1354,136,0.159
skycell,range_cost=3,1,1355,47,0.127
skycell,range_cost=3,1,1356,660,0.307
skycell,range_cost=3,1,1357,70,0.119
skycell,range_cost=3,1,1358,66,0.159
skycell,range_cost=3,1,1359,68,0.367
skycell,range_cost=3,1,1360,674,0.956
skycell,range_cost=3,1,1361,67,0.46
skycell,range_cost=3,1,1362,61,0.326
skycell,range_cost=3,1,1363,60,0.371
skycell,range_cost=3,1,1364,2512,2.238
skycell,range_cost=3,1,1365,65,0.586
skycell,range_cost=3,1,1366,65,0.187
skycell,range_cost=3,1,1367,60,0.146
skycell,range_cost=3,1,1368,60,0.147
skycell,range_cost=3,1,1369,163,0.291
skycell,range_cost=3,1,1370,4069,1.459
skycell,range_cost=3,1,1371,77,0.296
skycell,range_cost=3,1,1372,601,0.489
skycell,range_cost=3,1,1373,49,0.475
skycell,range_cost=3,1,1374,70,0.22
skycell,range_cost=3,1,1375,73,0.222
skycell,range_cost=3,1,1376,495,0.491
skycell,range_cost=3,1,1377,63,0.19
skycell,range_cost=3,1,1378,1356,0.833
skycell,range_cost=3,1,1379,79,0.272
skycell,range_cost=3,1,1380,1572,0.947
skycell,range_cost=3,1,1381,47,0.835
skycell,range_cost=3,1,1382,75,0.656
skycell,range_cost=3,1,1383,65,0.533
skycell,range_cost=3,1,1384,77,0.205
skycell,range_cost=3,1,1385,1227,0.815
skycell,range_cost=3,1,1386,1589,0.765
skycell,range_cost=3,1,1387,79,0.184
skycell,range_cost=3,1,1388,898,0.661
skycell,range_cost=3,1,1389,69,0.743
skycell,range_cost=3,1,1390,710,1.253
skycell,range_cost=3,1,1391,77,0.475
skycell,range_cost=3,1,1392,67,0.339
skycell,range_cost=3,1,1393,66,0.443
skycell,range_cost=3,1,1394,3504,1.486
skycell,range_cost=3,1,1395,64,0.215
skycell,range_cost=3,1,1396,3600,1.107
skycell,range_cost=3,1,1397,59,0.189
skycell,range_cost=3,1,1398,2926,1.039
skycell,range_cost=3,1,1399,66,0.214
skycell,range_cost=3,1,1400,4002,1.893
skycell,range_cost=3,1,1401,297,0.992
skycell,range_cost=3,1,1402,254,0.463
skycell,range_cost=3,1,1403,324,0.44
skycell,range_cost=3,1,1404,1369,0.817
skycell,range_cost=3,1,1405,265,0.457
skycell,range_cost=3,1,1406,1108,0.831
skycell,range_cost=3,1,1407,276,0.273
skycell,range_cost=3,1,1408,4152,1.424
skycell,range_cost=3,1,1409,297,0.526
skycell,range_cost=3,1,1410,306,0.328
skycell,range_cost=3,1,1411,748,0.977
skycell,range_cost=3,1,1412,265,0.33
skycell,range_cost=3,1,1413,280,0.29
skycell,range_cost=3,1,1414,1101,0.555
skycell,range_cost=3,1,1415,251,0.277
skycell,range_cost=3,1,1416,9129,1.97
skycell,range_cost=3,1,1417,272,0.399
skycell,range_cost=3,1,1418,5071,1.473
skycell,range_cost=3,1,1419,271,0.327
skycell,range_cost=3,1,1420,5690,1.642
skycell,range_cost=3,1,1421,233,0.42
skycell,range_cost=3,1,1422,4433,1.321
skycell,range_cost=3,1,1423,260,0.332
skycell,range_cost=3,1,1424,3126,0.82
skycell,range_cost=3,1,1425,3145,0.937
skycell,range_cost=3,1,1426,302,0.407
skycell,range_cost=3,1,1427,255,0.332
skycell,range_cost=3,1,1428,3905,1.238
skycell,range_cost=3,1,1429,1284,0.563
skycell,range_cost=3,1,1430,1294,0.471
skycell,range_cost=3,1,1431,289,0.249
skycell,range_cost=3,1,1432,268,0.268
skycell,range_cost=3,1,1433,901,0.498
skycell,range_cost=3,1,1434,277,0.331
skycell,range_cost=3,1,1435,1243,0.784
skycell,range_cost=3,1,1436,1021,0.467
skycell,range_cost=3,1,1437,298,0.323
skycell,range_cost=3,1,1438,4191,0.697
skycell,range_cost=3,1,1439,307,0.281
skycell,range_cost=3,1,1440,269,0.243
skycell,range_cost=3,1,1441,2336,0.94
skycell,range_cost=3,1,1442,2435,0.892
skycell,range_cost=3,1,1443,2502,0.936
skycell,range_cost=3,1,1444,35019,4.891
skycell,range_cost=3,1,1445,11114,2.226
skycell,range_cost=3,1,1446,6517,1.274
skycell,range_cost=3,1,1447,2340,0.917
skycell,range_cost=3,1,1448,147516,16.94
skycell,range_cost=3,1,1449,2525,1.073
skycell,range_cost=3,1,1450,43516,5.215
skycell,range_cost=3,1,1451,2330,1.082
skycell,range_cost=3,1,1452,26649,4.591
skycell,range_cost=3,1,1453,2324,1.135
skycell,range_cost=3,1,1454,22109,3.286
skycell,range_cost=3,1,1455,2386,1.012
skycell,range_cost=3,1,1456,18819,2.888
skycell,range_cost=3,2,1,0,0.093
skycell,range_cost=3,2,2,1,0.041
skycell,range_cost=3,2,3,0,0.034
skycell,range_cost=3,2,4,1,0.047
skycell,range_cost=3,2,5,0,0.031
skycell,range_cost=3,2,6,1,0.04
skycell,range_cost=3,2,7,0,0.029
skycell,range_cost=3,2,8,1,0.03
skycell,range_cost=3,2,9,0,0.03
skycell,range_cost=3,2,10,1,0.029
skycell,range_cost=3,2,11,0,0.028
skycell,range_cost=3,2,12,1,0.038
skycell,range_cost=3,2,13,0,0.029
skycell,range_cost=3,2,14,1,0.029
skycell,range_cost=3,2,15,0,0.028
skycell,range_cost=3,2,16,1,0.037
skycell,range_cost=3,2,17,0,0.035
skycell,range_cost=3,2,18,1,0.036
skycell,range_cost=3,2,19,0,0.035
skycell,range_cost=3,2,20,1,0.028
skycell,range_cost=3,2,21,0,0.027
skycell,range_cost=3,2,22,1,0.037
skycell,range_cost=3,2,23,0,0.028
skycell,range_cost=3,2,24,1,0.028
skycell,range_cost=3,2,25,0,0.042
skycell,range_cost=3,2,26,1,0.027
skycell,range_cost=3,2,27,0,0.029
skycell,range_cost=3,2,28,1,0.028
skycell,range_cost=3,2,29,0,0.028
skycell,range_cost=3,2,30,1,0.039
skycell,range_cost=3,2,31,0,0.027
skycell,range_cost=3,2,32,1,0.036
skycell,range_cost=3,2,33,0,0.027
skycell,range_cost=3,2,34,1,0.029
skycell,range_cost=3,2,35,0,0.027
skycell,range_cost=3,2,36,1,0.029
skycell,range_cost=3,2,37,0,0.04
skycell,range_cost=3,2,38,1,0.028
skycell,range_cost=3,2,39,0,0.028
skycell,range_cost=3,2,40,1,0.029
skycell,range_cost=3,2,41,0,0.029
skycell,range_cost=3,2,42,1,0.034
skycell,range_cost=3,2,43,0,0.047
skycell,range_cost=3,2,44,1,0.035
skycell,range_cost=3,2,45,0,0.039
skycell,range_cost=3,2,46,1,0.042
skycell,range_cost=3,2,47,0,0.037
skycell,range_cost=3,2,48,1,0.034
skycell,range_cost=3,2,49,0,0.039
skycell,range_cost=3,2,50,1,0.039
skycell,range_cost=3,2,51,0,0.038
skycell,range_cost=3,2,52,1,0.028
skycell,range_cost=3,2,53,0,0.035
skycell,range_cost=3,2,54,1,0.029
skycell,range_cost=3,2,55,0,0.036
skycell,range_cost=3,2,56,1,0.035
skycell,range_cost=3,2,57,0,0.03
skycell,range_cost=3,2,58,1,0.032
skycell,range_cost=3,2,59,0,0.027
skycell,range_cost=3,2,60,1,0.029
skycell,range_cost=3,2,61,0,0.036
skycell,range_cost=3,2,62,1,0.037
skycell,range_cost=3,2,63,0,0.028
skycell,range_cost=3,2,64,1,0.029
skycell,range_cost=3,2,65,0,0.027
skycell,range_cost=3,2,66,1,0.028
skycell,range_cost=3,2,67,0,0.027
skycell,range_cost=3,2,68,1,0.037
skycell,range_cost=3,2,69,0,0.031
skycell,range_cost=3,2,70,1,0.026
skycell,range_cost=3,2,71,0,0.031
skycell,range_cost=3,2,72,1,0.027
skycell,range_cost=3,2,73,0,0.026
skycell,range_cost=3,2,74,1,0.027
skycell,range_cost=3,2,75,0,0.026
skycell,range_cost=3,2,76,1,0.027
skycell,range_cost=3,2,77,0,0.035
skycell,range_cost=3,2,78,1,0.028
skycell,range_cost=3,2,79,0,0.026
skycell,range_cost=3,2,80,1,0.026
skycell,range_cost=3,2,81,0,0.025
skycell,range_cost=3,2,82,1,0.026
skycell,range_cost=3,2,83,0,0.064
skycell,range_cost=3,2,84,1,0.035
skycell,range_cost=3,2,85,0,0.033
skycell,range_cost=3,2,86,1,0.032
skycell,range_cost=3,2,87,0,0.034
skycell,range_cost=3,2,88,1,0.034
skycell,range_cost=3,2,89,0,0.04
skycell,range_cost=3,2,90,1,0.032
skycell,range_cost=3,2,91,0,0.03
skycell,range_cost=3,2,92,1,0.036
skycell,range_cost=3,2,93,0,0.029
skycell,range_cost=3,2,94,1,0.037
skycell,range_cost=3,2,95,0,0.027
skycell,range_cost=3,2,96,1,0.037
skycell,range_cost=3,2,97,0,0.027
skycell,range_cost=3,2,98,1,0.028
skycell,range_cost=3,2,99,0,0.027
skycell,range_cost=3,2,100,1,0.027
skycell,range_cost=3,2,101,0,0.026
skycell,range_cost=3,2,102,1,0.027
skycell,range_cost=3,2,103,0,0.026
skycell,range_cost=3,2,104,1,0.027
skycell,range_cost=3,2,105,0,0.026
skycell,range_cost=3,2,106,1,0.035
skycell,range_cost=3,2,107,0,0.028
skycell,range_cost=3,2,108,1,0.028
skycell,range_cost=3,2,109,0,0.035
skycell,range_cost=3,2,110,1,0.037
skycell,range_cost=3,2,111,0,0.05
skycell,range_cost=3,2,112,1,0.034
skycell,range_cost=3,2,113,0,0.037
skycell,range_cost=3,2,114,1,0.029
skycell,range_cost=3,2,115,0,0.027
skycell,range_cost=3,2,116,1,0.037
skycell,range_cost=3,2,117,0,0.027
skycell,range_cost=3,2,118,1,0.029
skycell,range_cost=3,2,119,0,0.027
skycell,range_cost=3,2,120,1,0.028
skycell,range_cost=3,2,121,0,0.028
skycell,range_cost=3,2,122,1,0.035
skycell,range_cost=3,2,123,0,0.026
skycell,range_cost=3,2,124,1,0.028
skycell,range_cost=3,2,125,0,0.035
skycell,range_cost=3,2,126,1,0.029
skycell,range_cost=3,2,127,0,0.027
skycell,range_cost=3,2,128,1,0.028
skycell,range_cost=3,2,129,0,0.027
skycell,range_cost=3,2,130,1,0.027
skycell,range_cost=3,2,131,0,0.027
skycell,range_cost=3,2,132,1,0.027
skycell,range_cost=3,2,133,0,0.029
skycell,range_cost=3,2,134,1,0.033
skycell,range_cost=3,2,135,0,0.032
skycell,range_cost=3,2,136,1,0.03
skycell,range_cost=3,2,137,0,0.026
skycell,range_cost=3,2,138,1,0.042
skycell,range_cost=3,2,139,0,0.038
skycell,range_cost=3,2,140,1,0.031
skycell,range_cost=3,2,141,0,0.036
skycell,range_cost=3,2,142,1,0.037
skycell,range_cost=3,2,143,0,0.032
skycell,range_cost=3,2,144,1,0.051
skycell,range_cost=3,2,145,0,0.028
skycell,range_cost=3,2,146,1,0.05
skycell,range_cost=3,2,147,0,0.027
skycell,range_cost=3,2,148,1,0.028
skycell,range_cost=3,2,149,0,0.027
skycell,range_cost=3,2,150,1,0.044
skycell,range_cost=3,2,151,0,0.034
skycell,range_cost=3,2,152,1,0.033
skycell,range_cost=3,2,153,0,0.027
skycell,range_cost=3,2,154,1,0.028
skycell,range_cost=3,2,155,0,0.033
skycell,range_cost=3,2,156,1,0.034
skycell,range_cost=3,2,157,0,0.029
skycell,range_cost=3,2,158,1,0.029
skycell,range_cost=3,2,159,0,0.028
skycell,range_cost=3,2,160,1,0.029
skycell,range_cost=3,2,161,0,0.028
skycell,range_cost=3,2,162,1,0.029
skycell,range_cost=3,2,163,0,0.029
skycell,range_cost=3,2,164,1,0.027
skycell,range_cost=3,2,165,0,0.028
skycell,range_cost=3,2,166,1,0.03
skycell,range_cost=3,2,167,0,0.027
skycell,range_cost=3,2,168,1,0.047
skycell,range_cost=3,2,169,0,0.037
skycell,range_cost=3,2,170,1,0.03
skycell,range_cost=3,2,171,0,0.028
skycell,range_cost=3,2,172,1,0.028
skycell,range_cost=3,2,173,0,0.045
skycell,range_cost=3,2,174,1,0.029
skycell,range_cost=3,2,175,0,0.027
skycell,range_cost=3,2,176,1,0.03
skycell,range_cost=3,2,177,0,0.028
skycell,range_cost=3,2,178,1,0.037
skycell,range_cost=3,2,179,0,0.042
skycell,range_cost=3,2,180,1,0.033
skycell,range_cost=3,2,181,0,0.027
skycell,range_cost=3,2,182,1,0.027
skycell,range_cost=3,2,183,0,0.028
skycell,range_cost=3,2,184,1,0.039
skycell,range_cost=3,2,185,0,0.028
skycell,range_cost=3,2,186,1,0.031
skycell,range_cost=3,2,187,0,0.029
skycell,range_cost=3,2,188,1,0.028
skycell,range_cost=3,2,189,0,0.036
skycell,range_cost=3,2,190,1,0.034
skycell,range_cost=3,2,191,0,0.032
skycell,range_cost=3,2,192,1,0.028
skycell,range_cost=3,2,193,0,0.029
skycell,range_cost=3,2,194,1,0.038
skycell,range_cost=3,2,195,0,0.027
skycell,range_cost=3,2,196,1,0.036
skycell,range_cost=3,2,197,0,0.054
skycell,range_cost=3,2,198,1,0.038
skycell,range_cost=3,2,199,0,0.03
skycell,range_cost=3,2,200,1,0.028
skycell,range_cost=3,2,201,0,0.025
skycell,range_cost=3,2,202,1,0.039
skycell,range_cost=3,2,203,0,0.027
skycell,range_cost=3,2,204,1,0.029
skycell,range_cost=3,2,205,0,0.028
skycell,range_cost=3,2,206,1,0.036
skycell,range_cost=3,2,207,0,0.027
skycell,range_cost=3,2,208,1,0.028
skycell,range_cost=3,2,209,0,0.026
skycell,range_cost=3,2,210,1,0.029
skycell,range_cost=3,2,211,0,0.028
skycell,range_cost=3,2,212,1,0.028
skycell,range_cost=3,2,213,0,0.027
skycell,range_cost=3,2,214,1,0.029
skycell,range_cost=3,2,215,0,0.028
skycell,range_cost=3,2,216,1,0.038
skycell,range_cost=3,2,217,0,0.027
skycell,range_cost=3,2,218,1,0.037
skycell,range_cost=3,2,219,0,0.036
skycell,range_cost=3,2,220,1,0.037
skycell,range_cost=3,2,221,0,0.028
skycell,range_cost=3,2,222,1,0.029
skycell,range_cost=3,2,223,0,0.034
skycell,range_cost=3,2,224,1,0.028
skycell,range_cost=3,2,225,0,0.029
skycell,range_cost=3,2,226,1,0.029
skycell,range_cost=3,2,227,0,0.036
skycell,range_cost=3,2,228,1,0.028
skycell,range_cost=3,2,229,0,0.027
skycell,range_cost=3,2,230,1,0.037
skycell,range_cost=3,2,231,0,0.027
skycell,range_cost=3,2,232,1,0.029
skycell,range_cost=3,2,233,0,0.026
skycell,range_cost=3,2,234,1,0.037
skycell,range_cost=3,2,235,0,0.028
skycell,range_cost=3,2,236,1,0.027
skycell,range_cost=3,2,237,0,0.036
skycell,range_cost=3,2,238,1,0.036
skycell,range_cost=3,2,239,0,0.036
skycell,range_cost=3,2,240,1,0.033
skycell,range_cost=3,2,241,0,0.027
skycell,range_cost=3,2,242,1,0.028
skycell,range_cost=3,2,243,0,0.027
skycell,range_cost=3,2,244,1,0.028
skycell,range_cost=3,2,245,0,0.034
skycell,range_cost=3,2,246,1,0.031
skycell,range_cost=3,2,247,0,0.04
skycell,range_cost=3,2,248,1,0.031
skycell,range_cost=3,2,249,0,0.028
skycell,range_cost=3,2,250,1,0.028
skycell,range_cost=3,2,251,0,0.027
skycell,range_cost=3,2,252,1,0.027
skycell,range_cost=3,2,253,0,0.028
skycell,range_cost=3,2,254,1,0.028
skycell,range_cost=3,2,255,0,0.026
skycell,range_cost=3,2,256,1,0.028
skycell,range_cost=3,2,257,0,0.027
skycell,range_cost=3,2,258,1,0.027
skycell,range_cost=3,2,259,0,0.026
skycell,range_cost=3,2,260,1,0.027
skycell,range_cost=3,2,261,0,0.036
skycell,range_cost=3,2,262,1,0.035
skycell,range_cost=3,2,263,0,0.033
skycell,range_cost=3,2,264,1,0.028
skycell,range_cost=3,2,265,0,0.043
skycell,range_cost=3,2,266,1,0.037
skycell,range_cost=3,2,267,0,0.027
skycell,range_cost=3,2,268,1,0.03
skycell,range_cost=3,2,269,0,0.035
skycell,range_cost=3,2,270,1,0.027
skycell,range_cost=3,2,271,0,0.034
skycell,range_cost=3,2,272,1,0.029
skycell,range_cost=3,2,273,0,0.026
skycell,range_cost=3,2,274,1,0.029
skycell,range_cost=3,2,275,0,0.026
skycell,range_cost=3,2,276,1,0.028
skycell,range_cost=3,2,277,0,0.035
skycell,range_cost=3,2,278,1,0.028
skycell,range_cost=3,2,279,0,0.034
skycell,range_cost=3,2,280,1,0.028
skycell,range_cost=3,2,281,0,0.032
skycell,range_cost=3,2,282,1,0.028
skycell,range_cost=3,2,283,0,0.027
skycell,range_cost=3,2,284,1,0.029
skycell,range_cost=3,2,285,0,0.048
skycell,range_cost=3,2,286,1,0.028
skycell,range_cost=3,2,287,0,0.035
skycell,range_cost=3,2,288,1,0.028
skycell,range_cost=3,2,289,0,0.027
skycell,range_cost=3,2,290,1,0.027
skycell,range_cost=3,2,291,0,0.036
skycell,range_cost=3,2,292,1,0.036
skycell,range_cost=3,2,293,0,0.028
skycell,range_cost=3,2,294,1,0.028
skycell,range_cost=3,2,295,0,0.036
skycell,range_cost=3,2,296,1,0.028
skycell,range_cost=3,2,297,0,0.026
skycell,range_cost=3,2,298,1,0.027
skycell,range_cost=3,2,299,0,0.027
skycell,range_cost=3,2,300,1,0.028
skycell,range_cost=3,2,301,0,0.026
skycell,range_cost=3,2,302,1,0.027
skycell,range_cost=3,2,303,0,0.027
skycell,range_cost=3,2,304,1,0.036
skycell,range_cost=3,2,305,0,0.035
skycell,range_cost=3,2,306,1,0.027
skycell,range_cost=3,2,307,0,0.026
skycell,range_cost=3,2,308,1,0.028
skycell,range_cost=3,2,309,0,0.027
skycell,range_cost=3,2,310,1,0.028
skycell,range_cost=3,2,311,0,0.051
skycell,range_cost=3,2,312,1,0.036
skycell,range_cost=3,2,313,0,0.027
skycell,range_cost=3,2,314,1,0.029
skycell,range_cost=3,2,315,0,0.034
skycell,range_cost=3,2,316,1,0.035
skycell,range_cost=3,2,317,0,0.042
skycell,range_cost=3,2,318,1,0.029
skycell,range_cost=3,2,319,0,0.026
skycell,range_cost=3,2,320,1,0.029
skycell,range_cost=3,2,321,0,0.029
skycell,range_cost=3,2,322,1,0.032
skycell,range_cost=3,2,323,0,0.032
skycell,range_cost=3,2,324,1,0.042
skycell,range_cost=3,2,325,0,0.062
skycell,range_cost=3,2,326,1,0.029
skycell,range_cost=3,2,327,0,0.027
skycell,range_cost=3,2,328,1,0.029
skycell,range_cost=3,2,329,0,0.04
skycell,range_cost=3,2,330,1,0.03
skycell,range_cost=3,2,331,0,0.027
skycell,range_cost=3,2,332,1,0.029
skycell,range_cost=3,2,333,0,0.027
skycell,range_cost=3,2,334,1,0.026
skycell,range_cost=3,2,335,0,0.027
skycell,range_cost=3,2,336,1,0.029
skycell,range_cost=3,2,337,0,0.026
skycell,range_cost=3,2,338,1,0.027
skycell,range_cost=3,2,339,0,0.025
skycell,range_cost=3,2,340,1,0.045
skycell,range_cost=3,2,341,0,0.028
skycell,range_cost=3,2,342,1,0.028
skycell,range_cost=3,2,343,0,0.037
skycell,range_cost=3,2,344,1,0.03
skycell,range_cost=3,2,345,0,0.026
skycell,range_cost=3,2,346,1,0.028
skycell,range_cost=3,2,347,0,0.028
skycell,range_cost=3,2,348,1,0.036
skycell,range_cost=3,2,349,0,0.035
skycell,range_cost=3,2,350,1,0.028
skycell,range_cost=3,2,351,0,0.027
skycell,range_cost=3,2,352,1,0.028
skycell,range_cost=3,2,353,0,0.034
skycell,range_cost=3,2,354,1,0.036
skycell,range_cost=3,2,355,0,0.027
skycell,range_cost=3,2,356,1,0.047
skycell,range_cost=3,2,357,0,0.029
skycell,range_cost=3,2,358,1,0.027
skycell,range_cost=3,2,359,0,0.03
skycell,range_cost=3,2,360,1,0.033
skycell,range_cost=3,2,361,0,0.03
skycell,range_cost=3,2,362,1,0.035
skycell,range_cost=3,2,363,0,0.027
skycell,range_cost=3,2,364,1,0.037
skycell,range_cost=3,2,365,0,0.026
skycell,range_cost=3,2,366,1,0.035
skycell,range_cost=3,2,367,0,0.039
skycell,range_cost=3,2,368,1,0.028
skycell,range_cost=3,2,369,0,0.027
skycell,range_cost=3,2,370,1,0.033
skycell,range_cost=3,2,371,0,0.028
skycell,range_cost=3,2,372,1,0.029
skycell,range_cost=3,2,373,0,0.026
skycell,range_cost=3,2,374,1,0.027
skycell,range_cost=3,2,375,0,0.041
skycell,range_cost=3,2,376,1,0.034
skycell,range_cost=3,2,377,0,0.035
skycell,range_cost=3,2,378,1,0.037
skycell,range_cost=3,2,379,0,0.027
skycell,range_cost=3,2,380,1,0.027
skycell,range_cost=3,2,381,0,0.026
skycell,range_cost=3,2,382,1,0.042
skycell,range_cost=3,2,383,0,0.049
skycell,range_cost=3,2,384,1,0.043
skycell,range_cost=3,2,385,0,0.035
skycell,range_cost=3,2,386,1,0.037
skycell,range_cost=3,2,387,0,0.027
skycell,range_cost=3,2,388,1,0.036
skycell,range_cost=3,2,389,0,0.044
skycell,range_cost=3,2,390,1,0.039
skycell,range_cost=3,2,391,0,0.033
skycell,range_cost=3,2,392,1,0.037
skycell,range_cost=3,2,393,0,0.037
skycell,range_cost=3,2,394,1,0.03
skycell,range_cost=3,2,395,0,0.026
skycell,range_cost=3,2,396,1,0.028
skycell,range_cost=3,2,397,0,0.033
skycell,range_cost=3,2,398,1,0.03
skycell,range_cost=3,2,399,0,0.027
skycell,range_cost=3,2,400,1,0.036
skycell,range_cost=3,2,401,0,0.028
skycell,range_cost=3,2,402,1,0.03
skycell,range_cost=3,2,403,0,0.029
skycell,range_cost=3,2,404,1,0.037
skycell,range_cost=3,2,405,0,0.027
skycell,range_cost=3,2,406,1,0.029
skycell,range_cost=3,2,407,0,0.037
skycell,range_cost=3,2,408,1,0.05
skycell,range_cost=3,2,409,0,0.035
skycell,range_cost=3,2,410,1,0.038
skycell,range_cost=3,2,411,0,0.027
skycell,range_cost=3,2,412,1,0.027
skycell,range_cost=3,2,413,0,0.035
skycell,range_cost=3,2,414,1,0.028
skycell,range_cost=3,2,415,0,0.028
skycell,range_cost=3,2,416,1,0.028
skycell,range_cost=3,2,417,0,0.029
skycell,range_cost=3,2,418,1,0.036
skycell,range_cost=3,2,419,0,0.028
skycell,range_cost=3,2,420,1,0.029
skycell,range_cost=3,2,421,0,0.028
skycell,range_cost=3,2,422,1,0.028
skycell,range_cost=3,2,423,0,0.033
skycell,range_cost=3,2,424,1,0.043
skycell,range_cost=3,2,425,1,0.049
skycell,range_cost=3,2,426,1,0.03
skycell,range_cost=3,2,427,0,0.035
skycell,range_cost=3,2,428,1,0.029
skycell,range_cost=3,2,429,0,0.029
skycell,range_cost=3,2,430,1,0.029
skycell,range_cost=3,2,431,0,0.033
skycell,range_cost=3,2,432,1,0.03
skycell,range_cost=3,2,433,0,0.027
skycell,range_cost=3,2,434,1,0.037
skycell,range_cost=3,2,435,0,0.028
skycell,range_cost=3,2,436,1,0.028
skycell,range_cost=3,2,437,0,0.026
skycell,range_cost=3,2,438,1,0.027
skycell,range_cost=3,2,439,0,0.043
skycell,range_cost=3,2,440,1,0.033
skycell,range_cost=3,2,441,0,0.027
skycell,range_cost=3,2,442,1,0.028
skycell,range_cost=3,2,443,0,0.044
skycell,range_cost=3,2,444,1,0.036
skycell,range_cost=3,2,445,0,0.027
skycell,range_cost=3,2,446,1,0.035
skycell,range_cost=3,2,447,0,0.042
skycell,range_cost=3,2,448,1,0.045
skycell,range_cost=3,2,449,0,0.052
skycell,range_cost=3,2,450,1,0.028
skycell,range_cost=3,2,451,0,0.035
skycell,range_cost=3,2,452,1,0.037
skycell,range_cost=3,2,453,0,0.027
skycell,range_cost=3,2,454,1,0.028
skycell,range_cost=3,2,455,0,0.027
skycell,range_cost=3,2,456,1,0.037
skycell,range_cost=3,2,457,0,0.042
skycell,range_cost=3,2,458,1,0.028
skycell,range_cost=3,2,459,0,0.036
skycell,range_cost=3,2,460,1,0.029
skycell,range_cost=3,2,461,0,0.029
skycell,range_cost=3,2,462,1,0.027
skycell,range_cost=3,2,463,0,0.035
skycell,range_cost=3,2,464,1,0.028
skycell,range_cost=3,2,465,0,0.036
skycell,range_cost=3,2,466,1,0.031
skycell,range_cost=3,2,467,0,0.035
skycell,range_cost=3,2,468,2,0.033
skycell,range_cost=3,2,469,0,0.03
skycell,range_cost=3,2,470,1,0.05
skycell,range_cost=3,2,471,0,0.03
skycell,range_cost=3,2,472,1,0.028
skycell,range_cost=3,2,473,0,0.033
skycell,range_cost=3,2,474,1,0.031
skycell,range_cost=3,2,475,0,0.032
skycell,range_cost=3,2,476,1,0.031
skycell,range_cost=3,2,477,0,0.026
skycell,range_cost=3,2,478,1,0.028
skycell,range_cost=3,2,479,0,0.028
skycell,range_cost=3,2,480,1,0.028
skycell,range_cost=3,2,481,0,0.036
skycell,range_cost=3,2,482,1,0.028
skycell,range_cost=3,2,483,0,0.034
skycell,range_cost=3,2,484,1,0.03
skycell,range_cost=3,2,485,0,0.026
skycell,range_cost=3,2,486,1,0.028
skycell,range_cost=3,2,487,0,0.034
skycell,range_cost=3,2,488,1,0.029
skycell,range_cost=3,2,489,0,0.035
skycell,range_cost=3,2,490,1,0.029
skycell,range_cost=3,2,491,0,0.028
skycell,range_cost=3,2,492,1,0.028
skycell,range_cost=3,2,493,0,0.028
skycell,range_cost=3,2,494,1,0.029
skycell,range_cost=3,2,495,0,0.027
skycell,range_cost=3,2,496,1,0.035
skycell,range_cost=3,2,497,0,0.027
skycell,range_cost=3,2,498,1,0.034
skycell,range_cost=3,2,499,0,0.03
skycell,range_cost=3,2,500,1,0.045
skycell,range_cost=3,2,501,0,0.039
skycell,range_cost=3,2,502,1,0.032
skycell,range_cost=3,2,503,0,0.031
skycell,range_cost=3,2,504,1,0.037
skycell,range_cost=3,2,505,0,0.028
skycell,range_cost=3,2,506,2,0.039
skycell,range_cost=3,2,507,0,0.032
skycell,range_cost=3,2,508,1,0.033
skycell,range_cost=3,2,509,0,0.031
skycell,range_cost=3,2,510,1,0.028
skycell,range_cost=3,2,511,0,0.026
skycell,range_cost=3,2,512,1,0.029
skycell,range_cost=3,2,513,0,0.035
skycell,range_cost=3,2,514,1,0.029
skycell,range_cost=3,2,515,0,0.034
skycell,range_cost=3,2,516,1,0.028
skycell,range_cost=3,2,517,0,0.027
skycell,range_cost=3,2,518,1,0.029
skycell,range_cost=3,2,519,0,0.027
skycell,range_cost=3,2,520,1,0.028
skycell,range_cost=3,2,521,0,0.028
skycell,range_cost=3,2,522,1,0.027
skycell,range_cost=3,2,523,0,0.035
skycell,range_cost=3,2,524,1,0.028
skycell,range_cost=3,2,525,0,0.028
skycell,range_cost=3,2,526,1,0.028
skycell,range_cost=3,2,527,0,0.033
skycell,range_cost=3,2,528,1,0.031
skycell,range_cost=3,2,529,0,0.027
skycell,range_cost=3,2,530,1,0.034
skycell,range_cost=3,2,531,0,0.027
skycell,range_cost=3,2,532,1,0.036
skycell,range_cost=3,2,533,0,0.027
skycell,range_cost=3,2,534,1,0.045
skycell,range_cost=3,2,535,0,0.03
skycell,range_cost=3,2,536,1,0.028
skycell,range_cost=3,2,537,0,0.026
skycell,range_cost=3,2,538,1,0.031
skycell,range_cost=3,2,539,0,0.031
skycell,range_cost=3,2,540,1,0.027
skycell,range_cost=3,2,541,0,0.036
skycell,range_cost=3,2,542,1,0.027
skycell,range_cost=3,2,543,0,0.027
skycell,range_cost=3,2,544,1,0.027
skycell,range_cost=3,2,545,0,0.027
skycell,range_cost=3,2,546,1,0.028
skycell,range_cost=3,2,547,0,0.028
skycell,range_cost=3,2,548,1,0.028
skycell,range_cost=3,2,549,0,0.027
skycell,range_cost=3,2,550,1,0.027
skycell,range_cost=3,2,551,0,0.028
skycell,range_cost=3,2,552,1,0.048
skycell,range_cost=3,2,553,0,0.036
skycell,range_cost=3,2,554,1,0.028
skycell,range_cost=3,2,555,0,0.027
skycell,range_cost=3,2,556,1,0.034
skycell,range_cost=3,2,557,0,0.027
skycell,range_cost=3,2,558,1,0.027
skycell,range_cost=3,2,559,0,0.035
skycell,range_cost=3,2,560,1,0.028
skycell,range_cost=3,2,561,0,0.039
skycell,range_cost=3,2,562,1,0.045
skycell,range_cost=3,2,563,0,0.041
skycell,range_cost=3,2,564,1,0.029
skycell,range_cost=3,2,565,0,0.027
skycell,range_cost=3,2,566,1,0.028
skycell,range_cost=3,2,567,0,0.028
skycell,range_cost=3,2,568,1,0.027
skycell,range_cost=3,2,569,0,0.035
skycell,range_cost=3,2,570,1,0.031
skycell,range_cost=3,2,571,0,0.031
skycell,range_cost=3,2,572,13,0.042
skycell,range_cost=3,2,573,0,0.026
skycell,range_cost=3,2,574,1,0.034
skycell,range_cost=3,2,575,0,0.026
skycell,range_cost=3,2,576,1,0.025
skycell,range_cost=3,2,577,0,0.026
skycell,range_cost=3,2,578,2,0.029
skycell,range_cost=3,2,579,0,0.025
skycell,range_cost=3,2,580,1,0.031
skycell,range_cost=3,2,581,0,0.034
skycell,range_cost=3,2,582,1,0.036
skycell,range_cost=3,2,583,0,0.034
skycell,range_cost=3,2,584,1,0.027
skycell,range_cost=3,2,585,0,0.025
skycell,range_cost=3,2,586,1,0.028
skycell,range_cost=3,2,587,0,0.026
skycell,range_cost=3,2,588,1,0.025
skycell,range_cost=3,2,589,0,0.026
skycell,range_cost=3,2,590,1,0.026
skycell,range_cost=3,2,591,0,0.025
skycell,range_cost=3,2,592,1,0.028
skycell,range_cost=3,2,593,0,0.025
skycell,range_cost=3,2,594,1,0.027
skycell,range_cost=3,2,595,0,0.038
skycell,range_cost=3,2,596,1,0.032
skycell,range_cost=3,2,597,0,0.034
skycell,range_cost=3,2,598,1,0.027
skycell,range_cost=3,2,599,0,0.03
skycell,range_cost=3,2,600,1,0.033
skycell,range_cost=3,2,601,0,0.029
skycell,range_cost=3,2,602,1,0.029
skycell,range_cost=3,2,603,0,0.038
skycell,range_cost=3,2,604,2,0.047
skycell,range_cost=3,2,605,0,0.027
skycell,range_cost=3,2,606,18,0.074
skycell,range_cost=3,2,607,0,0.034
skycell,range_cost=3,2,608,1,0.042
skycell,range_cost=3,2,609,0,0.026
skycell,range_cost=3,2,610,1,0.028
skycell,range_cost=3,2,611,0,0.034
skycell,range_cost=3,2,612,1,0.036
skycell,range_cost=3,2,613,0,0.026
skycell,range_cost=3,2,614,1,0.028
skycell,range_cost=3,2,615,0,0.025
skycell,range_cost=3,2,616,1,0.032
skycell,range_cost=3,2,617,0,0.027
skycell,range_cost=3,2,618,1,0.027
skycell,range_cost=3,2,619,0,0.026
skycell,range_cost=3,2,620,1,0.027
skycell,range_cost=3,2,621,0,0.026
skycell,range_cost=3,2,622,1,0.036
skycell,range_cost=3,2,623,0,0.034
skycell,range_cost=3,2,624,1,0.034
skycell,range_cost=3,2,625,0,0.026
skycell,range_cost=3,2,626,1,0.027
skycell,range_cost=3,2,627,0,0.033
skycell,range_cost=3,2,628,1,0.039
skycell,range_cost=3,2,629,0,0.03
skycell,range_cost=3,2,630,1,0.03
skycell,range_cost=3,2,631,0,0.036
skycell,range_cost=3,2,632,1,0.029
skycell,range_cost=3,2,633,0,0.027
skycell,range_cost=3,2,634,1,0.036
skycell,range_cost=3,2,635,0,0.035
skycell,range_cost=3,2,636,1,0.028
skycell,range_cost=3,2,637,1,0.036
skycell,range_cost=3,2,638,1,0.029
skycell,range_cost=3,2,639,0,0.043
skycell,range_cost=3,2,640,1,0.028
skycell,range_cost=3,2,641,0,0.035
skycell,range_cost=3,2,642,1,0.029
skycell,range_cost=3,2,643,0,0.035
skycell,range_cost=3,2,644,1,0.029
skycell,range_cost=3,2,645,0,0.027
skycell,range_cost=3,2,646,1,0.027
skycell,range_cost=3,2,647,0,0.035
skycell,range_cost=3,2,648,1,0.029
skycell,range_cost=3,2,649,0,0.03
skycell,range_cost=3,2,650,1,0.029
skycell,range_cost=3,2,651,0,0.034
skycell,range_cost=3,2,652,1,0.027
skycell,range_cost=3,2,653,0,0.027
skycell,range_cost=3,2,654,1,0.039
skycell,range_cost=3,2,655,0,0.029
skycell,range_cost=3,2,656,1,0.027
skycell,range_cost=3,2,657,0,0.027
skycell,range_cost=3,2,658,11,0.045
skycell,range_cost=3,2,659,0,0.036
skycell,range_cost=3,2,660,1,0.036
skycell,range_cost=3,2,661,0,0.027
skycell,range_cost=3,2,662,1,0.029
skycell,range_cost=3,2,663,0,0.027
skycell,range_cost=3,2,664,1,0.028
skycell,range_cost=3,2,665,0,0.027
skycell,range_cost=3,2,666,1,0.036
skycell,range_cost=3,2,667,0,0.029
skycell,range_cost=3,2,668,1,0.027
skycell,range_cost=3,2,669,0,0.026
skycell,range_cost=3,2,670,1,0.037
skycell,range_cost=3,2,671,0,0.027
skycell,range_cost=3,2,672,2,0.034
skycell,range_cost=3,2,673,0,0.028
skycell,range_cost=3,2,674,1,0.034
skycell,range_cost=3,2,675,0,0.046
skycell,range_cost=3,2,676,1,0.045
skycell,range_cost=3,2,677,0,0.03
skycell,range_cost=3,2,678,1,0.029
skycell,range_cost=3,2,679,0,0.028
skycell,range_cost=3,2,680,1,0.035
skycell,range_cost=3,2,681,0,0.032
skycell,range_cost=3,2,682,1,0.037
skycell,range_cost=3,2,683,0,0.032
skycell,range_cost=3,2,684,1,0.037
skycell,range_cost=3,2,685,0,0.027
skycell,range_cost=3,2,686,1,0.027
skycell,range_cost=3,2,687,0,0.027
skycell,range_cost=3,2,688,11,0.037
skycell,range_cost=3,2,689,0,0.027
skycell,range_cost=3,2,690,1,0.035
skycell,range_cost=3,2,691,0,0.028
skycell,range_cost=3,2,692,1,0.028
skycell,range_cost=3,2,693,0,0.035
skycell,range_cost=3,2,694,1,0.036
skycell,range_cost=3,2,695,0,0.032
skycell,range_cost=3,2,696,1,0.044
skycell,range_cost=3,2,697,0,0.043
skycell,range_cost=3,2,698,1,0.036
skycell,range_cost=3,2,699,0,0.038
skycell,range_cost=3,2,700,1,0.031
skycell,range_cost=3,2,701,0,0.028
skycell,range_cost=3,2,702,2,0.027
skycell,range_cost=3,2,703,0,0.025
skycell,range_cost=3,2,704,1,0.025
skycell,range_cost=3,2,705,0,0.033
skycell,range_cost=3,2,706,1,0.027
skycell,range_cost=3,2,707,0,0.027
skycell,range_cost=3,2,708,1,0.027
skycell,range_cost=3,2,709,0,0.026
skycell,range_cost=3,2,710,1,0.035
skycell,range_cost=3,2,711,0,0.026
skycell,range_cost=3,2,712,1,0.026
skycell,range_cost=3,2,713,0,0.032
skycell,range_cost=3,2,714,1,0.047
skycell,range_cost=3,2,715,0,0.028
skycell,range_cost=3,2,716,1,0.041
skycell,range_cost=3,2,717,0,0.028
skycell,range_cost=3,2,718,1,0.027
skycell,range_cost=3,2,719,0,0.026
skycell,range_cost=3,2,720,1,0.038
skycell,range_cost=3,2,721,0,0.042
skycell,range_cost=3,2,722,1,0.031
skycell,range_cost=3,2,723,0,0.028
skycell,range_cost=3,2,724,1,0.029
skycell,range_cost=3,2,725,0,0.028
skycell,range_cost=3,2,726,1,0.029
skycell,range_cost=3,2,727,0,0.028
skycell,range_cost=3,2,728,1,0.029
skycell,range_cost=3,2,729,0,0.028
skycell,range_cost=3,2,730,1,0.028
skycell,range_cost=3,2,731,0,0.035
skycell,range_cost=3,2,732,1,0.036
skycell,range_cost=3,2,733,0,0.037
skycell,range_cost=3,2,734,1,0.029
skycell,range_cost=3,2,735,0,0.028
skycell,range_cost=3,2,736,1,0.038
skycell,range_cost=3,2,737,0,0.028
skycell,range_cost=3,2,738,1,0.028
skycell,range_cost=3,2,739,0,0.034
skycell,range_cost=3,2,740,1,0.036
skycell,range_cost=3,2,741,0,0.029
skycell,range_cost=3,2,742,1,0.028
skycell,range_cost=3,2,743,0,0.027
skycell,range_cost=3,2,744,1,0.028
skycell,range_cost=3,2,745,0,0.036
skycell,range_cost=3,2,746,1,0.028
skycell,range_cost=3,2,747,0,0.028
skycell,range_cost=3,2,748,1,0.027
skycell,range_cost=3,2,749,0,0.048
skycell,range_cost=3,2,750,1,0.032
skycell,range_cost=3,2,751,0,0.028
skycell,range_cost=3,2,752,1,0.034
skycell,range_cost=3,2,753,0,0.031
skycell,range_cost=3,2,754,1,0.029
skycell,range_cost=3,2,755,0,0.027
skycell,range_cost=3,2,756,2,0.029
skycell,range_cost=3,2,757,0,0.027
skycell,range_cost=3,2,758,1,0.029
skycell,range_cost=3,2,759,0,0.034
skycell,range_cost=3,2,760,1,0.036
skycell,range_cost=3,2,761,0,0.027
skycell,range_cost=3,2,762,1,0.03
skycell,range_cost=3,2,763,0,0.028
skycell,range_cost=3,2,764,1,0.027
skycell,range_cost=3,2,765,0,0.036
skycell,range_cost=3,2,766,1,0.03
skycell,range_cost=3,2,767,0,0.027
skycell,range_cost=3,2,768,1,0.029
skycell,range_cost=3,2,769,0,0.027
skycell,range_cost=3,2,770,3,0.068
skycell,range_cost=3,2,771,0,0.035
skycell,range_cost=3,2,772,1,0.031
skycell,range_cost=3,2,773,0,0.027
skycell,range_cost=3,2,774,1,0.039
skycell,range_cost=3,2,775,0,0.029
skycell,range_cost=3,2,776,1,0.028
skycell,range_cost=3,2,777,0,0.026
skycell,range_cost=3,2,778,1,0.028
skycell,range_cost=3,2,779,0,0.047
skycell,range_cost=3,2,780,1,0.039
skycell,range_cost=3,2,781,0,0.038
skycell,range_cost=3,2,782,1,0.034
skycell,range_cost=3,2,783,0,0.051
skycell,range_cost=3,2,784,1,0.031
skycell,range_cost=3,2,785,0,0.029
skycell,range_cost=3,2,786,1,0.03
skycell,range_cost=3,2,787,0,0.028
skycell,range_cost=3,2,788,1,0.029
skycell,range_cost=3,2,789,0,0.026
skycell,range_cost=3,2,790,1,0.027
skycell,range_cost=3,2,791,0,0.035
skycell,range_cost=3,2,792,1,0.037
skycell,range_cost=3,2,793,0,0.04
skycell,range_cost=3,2,794,1,0.039
skycell,range_cost=3,2,795,0,0.028
skycell,range_cost=3,2,796,1,0.029
skycell,range_cost=3,2,797,0,0.029
skycell,range_cost=3,2,798,1,0.03
skycell,range_cost=3,2,799,0,0.041
skycell,range_cost=3,2,800,1,0.03
skycell,range_cost=3,2,801,0,0.027
skycell,range_cost=3,2,802,2,0.05
skycell,range_cost=3,2,803,0,0.038
skycell,range_cost=3,2,804,1,0.032
skycell,range_cost=3,2,805,0,0.028
skycell,range_cost=3,2,806,2,0.04
skycell,range_cost=3,2,807,0,0.029
skycell,range_cost=3,2,808,3,0.061
skycell,range_cost=3,2,809,0,0.037
skycell,range_cost=3,2,810,1,0.033
skycell,range_cost=3,2,811,1,0.03
skycell,range_cost=3,2,812,1,0.038
skycell,range_cost=3,2,813,0,0.029
skycell,range_cost=3,2,814,1,0.028
skycell,range_cost=3,2,815,0,0.036
skycell,range_cost=3,2,816,2,0.042
skycell,range_cost=3,2,817,0,0.034
skycell,range_cost=3,2,818,1,0.036
skycell,range_cost=3,2,819,0,0.043
skycell,range_cost=3,2,820,4,0.057
skycell,range_cost=3,2,821,0,0.028
skycell,range_cost=3,2,822,199,0.199
skycell,range_cost=3,2,823,0,0.037
skycell,range_cost=3,2,824,2,0.029
skycell,range_cost=3,2,825,0,0.039
skycell,range_cost=3,2,826,1,0.031
skycell,range_cost=3,2,827,0,0.045
skycell,range_cost=3,2,828,1,0.037
skycell,range_cost=3,2,829,1,0.043
skycell,range_cost=3,2,830,2,0.044
skycell,range_cost=3,2,831,1,0.035
skycell,range_cost=3,2,832,1,0.029
skycell,range_cost=3,2,833,0,0.027
skycell,range_cost=3,2,834,1,0.037
skycell,range_cost=3,2,835,0,0.027
skycell,range_cost=3,2,836,8,0.051
skycell,range_cost=3,2,837,0,0.029
skycell,range_cost=3,2,838,1,0.039
skycell,range_cost=3,2,839,0,0.027
skycell,range_cost=3,2,840,2,0.038
skycell,range_cost=3,2,841,0,0.037
skycell,range_cost=3,2,842,1,0.037
skycell,range_cost=3,2,843,0,0.028
skycell,range_cost=3,2,844,1,0.03
skycell,range_cost=3,2,845,0,0.028
skycell,range_cost=3,2,846,1,0.027
skycell,range_cost=3,2,847,0,0.028
skycell,range_cost=3,2,848,1,0.027
skycell,range_cost=3,2,849,0,0.027
skycell,range_cost=3,2,850,1,0.027
skycell,range_cost=3,2,851,0,0.038
skycell,range_cost=3,2,852,2,0.041
skycell,range_cost=3,2,853,0,0.029
skycell,range_cost=3,2,854,2,0.046
skycell,range_cost=3,2,855,0,0.031
skycell,range_cost=3,2,856,3,0.052
skycell,range_cost=3,2,857,0,0.028
skycell,range_cost=3,2,858,8,0.03
skycell,range_cost=3,2,859,0,0.027
skycell,range_cost=3,2,860,1,0.03
skycell,range_cost=3,2,861,0,0.027
skycell,range_cost=3,2,862,3,0.04
skycell,range_cost=3,2,863,0,0.029
skycell,range_cost=3,2,864,359,0.261
skycell,range_cost=3,2,865,0,0.028
skycell,range_cost=3,2,866,2,0.042
skycell,range_cost=3,2,867,0,0.028
skycell,range_cost=3,2,868,2,0.052
skycell,range_cost=3,2,869,0,0.027
skycell,range_cost=3,2,870,1,0.028
skycell,range_cost=3,2,871,0,0.026
skycell,range_cost=3,2,872,3,0.056
skycell,range_cost=3,2,873,0,0.027
skycell,range_cost=3,2,874,5,0.052
skycell,range_cost=3,2,875,0,0.03
skycell,range_cost=3,2,876,3,0.042
skycell,range_cost=3,2,877,0,0.027
skycell,range_cost=3,2,878,1,0.037
skycell,range_cost=3,2,879,0,0.03
skycell,range_cost=3,2,880,1,0.033
skycell,range_cost=3,2,881,0,0.039
skycell,range_cost=3,2,882,1,0.035
skycell,range_cost=3,2,883,0,0.036
skycell,range_cost=3,2,884,3,0.039
skycell,range_cost=3,2,885,1,0.04
skycell,range_cost=3,2,886,4,0.04
skycell,range_cost=3,2,887,0,0.035
skycell,range_cost=3,2,888,1,0.028
skycell,range_cost=3,2,889,0,0.037
skycell,range_cost=3,2,890,2,0.037
skycell,range_cost=3,2,891,3,0.04
skycell,range_cost=3,2,892,1,0.029
skycell,range_cost=3,2,893,3,0.055
skycell,range_cost=3,2,894,2,0.036
skycell,range_cost=3,2,895,0,0.028
skycell,range_cost=3,2,896,1,0.028
skycell,range_cost=3,2,897,0,0.028
skycell,range_cost=3,2,898,2,0.039
skycell,range_cost=3,2,899,0,0.028
skycell,range_cost=3,2,900,1,0.048
skycell,range_cost=3,2,901,0,0.028
skycell,range_cost=3,2,902,3,0.041
skycell,range_cost=3,2,903,0,0.045
skycell,range_cost=3,2,904,2,0.055
skycell,range_cost=3,2,905,0,0.026
skycell,range_cost=3,2,906,4,0.046
skycell,range_cost=3,2,907,1,0.028
skycell,range_cost=3,2,908,3,0.037
skycell,range_cost=3,2,909,0,0.028
skycell,range_cost=3,2,910,5,0.033
skycell,range_cost=3,2,911,0,0.036
skycell,range_cost=3,2,912,1,0.037
skycell,range_cost=3,2,913,0,0.035
skycell,range_cost=3,2,914,1,0.03
skycell,range_cost=3,2,915,0,0.029
skycell,range_cost=3,2,916,1,0.029
skycell,range_cost=3,2,917,0,0.027
skycell,range_cost=3,2,918,1,0.039
skycell,range_cost=3,2,919,0,0.027
skycell,range_cost=3,2,920,1,0.037
skycell,range_cost=3,2,921,0,0.036
skycell,range_cost=3,2,922,1,0.027
skycell,range_cost=3,2,923,0,0.05
skycell,range_cost=3,2,924,4,0.04
skycell,range_cost=3,2,925,0,0.036
skycell,range_cost=3,2,926,2,0.037
skycell,range_cost=3,2,927,0,0.028
skycell,range_cost=3,2,928,48,0.097
skycell,range_cost=3,2,929,0,0.029
skycell,range_cost=3,2,930,4,0.057
skycell,range_cost=3,2,931,0,0.034
skycell,range_cost=3,2,932,2,0.031
skycell,range_cost=3,2,933,2,0.037
skycell,range_cost=3,2,934,2,0.039
skycell,range_cost=3,2,935,0,0.035
skycell,range_cost=3,2,936,5,0.039
skycell,range_cost=3,2,937,2,0.046
skycell,range_cost=3,2,938,1,0.034
skycell,range_cost=3,2,939,0,0.035
skycell,range_cost=3,2,940,2,0.037
skycell,range_cost=3,2,941,0,0.026
skycell,range_cost=3,2,942,4,0.055
skycell,range_cost=3,2,943,0,0.036
skycell,range_cost=3,2,944,1,0.037
skycell,range_cost=3,2,945,0,0.029
skycell,range_cost=3,2,946,4,0.045
skycell,range_cost=3,2,947,0,0.042
skycell,range_cost=3,2,948,2,0.054
skycell,range_cost=3,2,949,0,0.037
skycell,range_cost=3,2,950,1,0.027
skycell,range_cost=3,2,951,0,0.04
skycell,range_cost=3,2,952,1,0.028
skycell,range_cost=3,2,953,0,0.038
skycell,range_cost=3,2,954,1,0.03
skycell,range_cost=3,2,955,0,0.027
skycell,range_cost=3,2,956,1,0.052
skycell,range_cost=3,2,957,0,0.029
skycell,range_cost=3,2,958,1,0.029
skycell,range_cost=3,2,959,0,0.038
skycell,range_cost=3,2,960,1,0.036
skycell,range_cost=3,2,961,0,0.035
skycell,range_cost=3,2,962,2,0.031
skycell,range_cost=3,2,963,0,0.037
skycell,range_cost=3,2,964,3,0.041
skycell,range_cost=3,2,965,0,0.028
skycell,range_cost=3,2,966,1,0.027
skycell,range_cost=3,2,967,0,0.046
skycell,range_cost=3,2,968,2,0.039
skycell,range_cost=3,2,969,0,0.034
skycell,range_cost=3,2,970,18,0.042
skycell,range_cost=3,2,971,2,0.047
skycell,range_cost=3,2,972,2,0.029
skycell,range_cost=3,2,973,0,0.035
skycell,range_cost=3,2,974,3,0.049
skycell,range_cost=3,2,975,0,0.04
skycell,range_cost=3,2,976,3,0.037
skycell,range_cost=3,2,977,1,0.039
skycell,range_cost=3,2,978,1,0.035
skycell,range_cost=3,2,979,0,0.028
skycell,range_cost=3,2,980,1,0.048
skycell,range_cost=3,2,981,0,0.031
skycell,range_cost=3,2,982,7,0.047
skycell,range_cost=3,2,983,0,0.04
skycell,range_cost=3,2,984,2,0.03
skycell,range_cost=3,2,985,0,0.03
skycell,range_cost=3,2,986,5,0.055
skycell,range_cost=3,2,987,0,0.035
skycell,range_cost=3,2,988,1,0.031
skycell,range_cost=3,2,989,0,0.028
skycell,range_cost=3,2,990,6,0.045
skycell,range_cost=3,2,991,0,0.043
skycell,range_cost=3,2,992,1,0.048
skycell,range_cost=3,2,993,0,0.027
skycell,range_cost=3,2,994,1,0.05
skycell,range_cost=3,2,995,0,0.029
skycell,range_cost=3,2,996,5,0.058
skycell,range_cost=3,2,997,0,0.039
skycell,range_cost=3,2,998,5,0.085
skycell,range_cost=3,2,999,0,0.062
skycell,range_cost=3,2,1000,1,0.057
skycell,range_cost=3,2,1001,0,0.043
skycell,range_cost=3,2,1002,1,0.035
skycell,range_cost=3,2,1003,0,0.066
skycell,range_cost=3,2,1004,1,0.065
skycell,range_cost=3,2,1005,0,0.06
skycell,range_cost=3,2,1006,3,0.06
skycell,range_cost=3,2,1007,1,0.041
skycell,range_cost=3,2,1008,2,0.06
skycell,range_cost=3,2,1009,0,0.041
skycell,range_cost=3,2,1010,2,0.044
skycell,range_cost=3,2,1011,0,0.055
skycell,range_cost=3,2,1012,1,0.042
skycell,range_cost=3,2,1013,1,0.066
skycell,range_cost=3,2,1014,2,0.058
skycell,range_cost=3,2,1015,0,0.058
skycell,range_cost=3,2,1016,1,0.033
skycell,range_cost=3,2,1017,0,0.048
skycell,range_cost=3,2,1018,3,0.045
skycell,range_cost=3,2,1019,0,0.03
skycell,range_cost=3,2,1020,1,0.029
skycell,range_cost=3,2,1021,0,0.038
skycell,range_cost=3,2,1022,1,0.037
skycell,range_cost=3,2,1023,0,0.029
skycell,range_cost=3,2,1024,1,0.036
skycell,range_cost=3,2,1025,0,0.033
skycell,range_cost=3,2,1026,1,0.05
skycell,range_cost=3,2,1027,0,0.069
skycell,range_cost=3,2,1028,4,0.072
skycell,range_cost=3,2,1029,0,0.048
skycell,range_cost=3,2,1030,1,0.034
skycell,range_cost=3,2,1031,0,0.049
skycell,range_cost=3,2,1032,1,0.042
skycell,range_cost=3,2,1033,0,0.038
skycell,range_cost=3,2,1034,2,0.037
skycell,range_cost=3,2,1035,0,0.038
skycell,range_cost=3,2,1036,1,0.039
skycell,range_cost=3,2,1037,0,0.055
skycell,range_cost=3,2,1038,1,0.047
skycell,range_cost=3,2,1039,0,0.041
skycell,range_cost=3,2,1040,1,0.062
skycell,range_cost=3,2,1041,0,0.041
skycell,range_cost=3,2,1042,1,0.047
skycell,range_cost=3,2,1043,0,0.027
skycell,range_cost=3,2,1044,1,0.063
skycell,range_cost=3,2,1045,1,0.089
skycell,range_cost=3,2,1046,3,0.048
skycell,range_cost=3,2,1047,0,0.037
skycell,range_cost=3,2,1048,1,0.044
skycell,range_cost=3,2,1049,0,0.034
skycell,range_cost=3,2,1050,3,0.032
skycell,range_cost=3,2,1051,0,0.039
skycell,range_cost=3,2,1052,1,0.053
skycell,range_cost=3,2,1053,0,0.043
skycell,range_cost=3,2,1054,1,0.038
skycell,range_cost=3,2,1055,0,0.032
skycell,range_cost=3,2,1056,1,0.037
skycell,range_cost=3,2,1057,0,0.033
skycell,range_cost=3,2,1058,64,0.094
skycell,range_cost=3,2,1059,0,0.05
skycell,range_cost=3,2,1060,1,0.039
skycell,range_cost=3,2,1061,0,0.048
skycell,range_cost=3,2,1062,1,0.033
skycell,range_cost=3,2,1063,0,0.037
skycell,range_cost=3,2,1064,6,0.061
skycell,range_cost=3,2,1065,2,0.035
skycell,range_cost=3,2,1066,2,0.043
skycell,range_cost=3,2,1067,0,0.04
skycell,range_cost=3,2,1068,2,0.041
skycell,range_cost=3,2,1069,0,0.031
skycell,range_cost=3,2,1070,4,0.048
skycell,range_cost=3,2,1071,0,0.033
skycell,range_cost=3,2,1072,3,0.054
skycell,range_cost=3,2,1073,0,0.038
skycell,range_cost=3,2,1074,1,0.03
skycell,range_cost=3,2,1075,0,0.03
skycell,range_cost=3,2,1076,1,0.029
skycell,range_cost=3,2,1077,0,0.031
skycell,range_cost=3,2,1078,1,0.059
skycell,range_cost=3,2,1079,1,0.047
skycell,range_cost=3,2,1080,2,0.048
skycell,range_cost=3,2,1081,0,0.041
skycell,range_cost=3,2,1082,2,0.054
skycell,range_cost=3,2,1083,0,0.032
skycell,range_cost=3,2,1084,1,0.03
skycell,range_cost=3,2,1085,0,0.028
skycell,range_cost=3,2,1086,2,0.031
skycell,range_cost=3,2,1087,0,0.045
skycell,range_cost=3,2,1088,2,0.029
skycell,range_cost=3,2,1089,0,0.03
skycell,range_cost=3,2,1090,5,0.057
skycell,range_cost=3,2,1091,0,0.037
skycell,range_cost=3,2,1092,2,0.034
skycell,range_cost=3,2,1093,0,0.04
skycell,range_cost=3,2,1094,2,0.051
skycell,range_cost=3,2,1095,0,0.034
skycell,range_cost=3,2,1096,1,0.055
skycell,range_cost=3,2,1097,0,0.047
skycell,range_cost=3,2,1098,1,0.039
skycell,range_cost=3,2,1099,1,0.029
skycell,range_cost=3,2,1100,7,0.048
skycell,range_cost=3,2,1101,1,0.032
skycell,range_cost=3,2,1102,3,0.067
skycell,range_cost=3,2,1103,11,0.091
skycell,range_cost=3,2,1104,2,0.069
skycell,range_cost=3,2,1105,1,0.054
skycell,range_cost=3,2,1106,59,0.104
skycell,range_cost=3,2,1107,3,0.033
skycell,range_cost=3,2,1108,36,0.06
skycell,range_cost=3,2,1109,3,0.046
skycell,range_cost=3,2,1110,27,0.099
skycell,range_cost=3,2,1111,3,0.064
skycell,range_cost=3,2,1112,5,0.047
skycell,range_cost=3,2,1113,2,0.041
skycell,range_cost=3,2,1114,123,0.264
skycell,range_cost=3,2,1115,4,0.081
skycell,range_cost=3,2,1116,137,0.167
skycell,range_cost=3,2,1117,11,0.064
skycell,range_cost=3,2,1118,107,0.279
skycell,range_cost=3,2,1119,14,0.111
skycell,range_cost=3,2,1120,158,0.328
skycell,range_cost=3,2,1121,2,0.087
skycell,range_cost=3,2,1122,21,0.091
skycell,range_cost=3,2,1123,2,0.036
skycell,range_cost=3,2,1124,4,0.056
skycell,range_cost=3,2,1125,3,0.057
skycell,range_cost=3,2,1126,18,0.055
skycell,range_cost=3,2,1127,3,0.053
skycell,range_cost=3,2,1128,6,0.048
skycell,range_cost=3,2,1129,21,0.058
skycell,range_cost=3,2,1130,8,0.04
skycell,range_cost=3,2,1131,2,0.041
skycell,range_cost=3,2,1132,88,0.117
skycell,range_cost=3,2,1133,15,0.081
skycell,range_cost=3,2,1134,1,0.053
skycell,range_cost=3,2,1135,3,0.049
skycell,range_cost=3,2,1136,29,0.079
skycell,range_cost=3,2,1137,0,0.044
skycell,range_cost=3,2,1138,2,0.081
skycell,range_cost=3,2,1139,1,0.069
skycell,range_cost=3,2,1140,6,0.036
skycell,range_cost=3,2,1141,8,0.085
skycell,range_cost=3,2,1142,2,0.058
skycell,range_cost=3,2,1143,4,0.1
skycell,range_cost=3,2,1144,75,0.09
skycell,range_cost=3,2,1145,4,0.054
skycell,range_cost=3,2,1146,22,0.076
skycell,range_cost=3,2,1147,2,0.062
skycell,range_cost=3,2,1148,6,0.04
skycell,range_cost=3,2,1149,9,0.043
skycell,range_cost=3,2,1150,66,0.111
skycell,range_cost=3,2,1151,1,0.042
skycell,range_cost=3,2,1152,34,0.086
skycell,range_cost=3,2,1153,4,0.057
skycell,range_cost=3,2,1154,45,0.054
skycell,range_cost=3,2,1155,3,0.047
skycell,range_cost=3,2,1156,466,0.201
skycell,range_cost=3,2,1157,1,0.067
skycell,range_cost=3,2,1158,49,0.098
skycell,range_cost=3,2,1159,2,0.041
skycell,range_cost=3,2,1160,42,0.108
skycell,range_cost=3,2,1161,4,0.098
skycell,range_cost=3,2,1162,3,0.063
skycell,range_cost=3,2,1163,6,0.059
skycell,range_cost=3,2,1164,3,0.055
skycell,range_cost=3,2,1165,12,0.053
skycell,range_cost=3,2,1166,20,0.087
skycell,range_cost=3,2,1167,4,0.054
skycell,range_cost=3,2,1168,930,0.236
skycell,range_cost=3,2,1169,46,0.1
skycell,range_cost=3,2,1170,5,0.058
skycell,range_cost=3,2,1171,1,0.056
skycell,range_cost=3,2,1172,6,0.051
skycell,range_cost=3,2,1173,3,0.056
skycell,range_cost=3,2,1174,4,0.068
skycell,range_cost=3,2,1175,1,0.044
skycell,range_cost=3,2,1176,16,0.049
skycell,range_cost=3,2,1177,2,0.054
skycell,range_cost=3,2,1178,10,0.043
skycell,range_cost=3,2,1179,4,0.052
skycell,range_cost=3,2,1180,13,0.062
skycell,range_cost=3,2,1181,2,0.066
skycell,range_cost=3,2,1182,52,0.087
skycell,range_cost=3,2,1183,7,0.056
skycell,range_cost=3,2,1184,4,0.048
skycell,range_cost=3,2,1185,1,0.043
skycell,range_cost=3,2,1186,48,0.088
skycell,range_cost=3,2,1187,3,0.047
skycell,range_cost=3,2,1188,3,0.054
skycell,range_cost=3,2,1189,3,0.047
skycell,range_cost=3,2,1190,2,0.049
skycell,range_cost=3,2,1191,1,0.031
skycell,range_cost=3,2,1192,137,0.106
skycell,range_cost=3,2,1193,2,0.046
skycell,range_cost=3,2,1194,3,0.049
skycell,range_cost=3,2,1195,2,0.057
skycell,range_cost=3,2,1196,8,0.064
skycell,range_cost=3,2,1197,1,0.044
skycell,range_cost=3,2,1198,49,0.096
skycell,range_cost=3,2,1199,4,0.056
skycell,range_cost=3,2,1200,55,0.118
skycell,range_cost=3,2,1201,2,0.058
skycell,range_cost=3,2,1202,6,0.07
skycell,range_cost=3,2,1203,48,0.078
skycell,range_cost=3,2,1204,8,0.05
skycell,range_cost=3,2,1205,0,0.038
skycell,range_cost=3,2,1206,63,0.132
skycell,range_cost=3,2,1207,8,0.059
skycell,range_cost=3,2,1208,10,0.049
skycell,range_cost=3,2,1209,2,0.038
skycell,range_cost=3,2,1210,8,0.037
skycell,range_cost=3,2,1211,0,0.063
skycell,range_cost=3,2,1212,72,0.122
skycell,range_cost=3,2,1213,2,0.05
skycell,range_cost=3,2,1214,26,0.089
skycell,range_cost=3,2,1215,1,0.055
skycell,range_cost=3,2,1216,33,0.079
skycell,range_cost=3,2,1217,2,0.041
skycell,range_cost=3,2,1218,4,0.046
skycell,range_cost=3,2,1219,5,0.038
skycell,range_cost=3,2,1220,70,0.093
skycell,range_cost=3,2,1221,0,0.043
skycell,range_cost=3,2,1222,3834,0.48
skycell,range_cost=3,2,1223,1,0.046
skycell,range_cost=3,2,1224,5,0.051
skycell,range_cost=3,2,1225,11,0.075
skycell,range_cost=3,2,1226,3,0.058
skycell,range_cost=3,2,1227,4,0.042
skycell,range_cost=3,2,1228,1616,0.297
skycell,range_cost=3,2,1229,11,0.055
skycell,range_cost=3,2,1230,1,0.052
skycell,range_cost=3,2,1231,1,0.036
skycell,range_cost=3,2,1232,170,0.165
skycell,range_cost=3,2,1233,2,0.049
skycell,range_cost=3,2,1234,3,0.048
skycell,range_cost=3,2,1235,2,0.051
skycell,range_cost=3,2,1236,32,0.089
skycell,range_cost=3,2,1237,2,0.047
skycell,range_cost=3,2,1238,4,0.049
skycell,range_cost=3,2,1239,6,0.062
skycell,range_cost=3,2,1240,40,0.104
skycell,range_cost=3,2,1241,3,0.045
skycell,range_cost=3,2,1242,11,0.084
skycell,range_cost=3,2,1243,51,0.11
skycell,range_cost=3,2,1244,66,0.099
skycell,range_cost=3,2,1245,1,0.042
skycell,range_cost=3,2,1246,3,0.032
skycell,range_cost=3,2,1247,0,0.049
skycell,range_cost=3,2,1248,106,0.21
skycell,range_cost=3,2,1249,11,0.068
skycell,range_cost=3,2,1250,29,0.078
skycell,range_cost=3,2,1251,2,0.041
skycell,range_cost=3,2,1252,79,0.15
skycell,range_cost=3,2,1253,4,0.078
skycell,range_cost=3,2,1254,118,0.159
skycell,range_cost=3,2,1255,47,0.094
skycell,range_cost=3,2,1256,4009,0.395
skycell,range_cost=3,2,1257,74,0.109
skycell,range_cost=3,2,1258,4,0.059
skycell,range_cost=3,2,1259,1,0.057
skycell,range_cost=3,2,1260,5,0.064
skycell,range_cost=3,2,1261,99,0.163
skycell,range_cost=3,2,1262,140,0.125
skycell,range_cost=3,2,1263,2,0.033
skycell,range_cost=3,2,1264,74,0.093
skycell,range_cost=3,2,1265,1,0.051
skycell,range_cost=3,2,1266,21,0.092
skycell,range_cost=3,2,1267,3,0.034
skycell,range_cost=3,2,1268,3,0.058
skycell,range_cost=3,2,1269,3,0.04
skycell,range_cost=3,2,1270,22,0.074
skycell,range_cost=3,2,1271,14,0.064
skycell,range_cost=3,2,1272,19,0.073
skycell,range_cost=3,2,1273,4,0.035
skycell,range_cost=3,2,1274,730,0.227
skycell,range_cost=3,2,1275,61,0.101
skycell,range_cost=3,2,1276,3,0.056
skycell,range_cost=3,2,1277,2,0.049
skycell,range_cost=3,2,1278,139,0.211
skycell,range_cost=3,2,1279,0,0.043
skycell,range_cost=3,2,1280,87,0.125
skycell,range_cost=3,2,1281,3,0.041
skycell,range_cost=3,2,1282,77,0.111
skycell,range_cost=3,2,1283,4,0.041
skycell,range_cost=3,2,1284,47,0.094
skycell,range_cost=3,2,1285,36,0.089
skycell,range_cost=3,2,1286,2,0.049
skycell,range_cost=3,2,1287,7,0.052
skycell,range_cost=3,2,1288,4,0.048
skycell,range_cost=3,2,1289,1,0.059
skycell,range_cost=3,2,1290,175,0.208
skycell,range_cost=3,2,1291,2,0.059
skycell,range_cost=3,2,1292,65,0.138
skycell,range_cost=3,2,1293,4,0.041
skycell,range_cost=3,2,1294,59,0.097
skycell,range_cost=3,2,1295,2,0.057
skycell,range_cost=3,2,1296,5,0.065
skycell,range_cost=3,2,1297,1,0.062
skycell,range_cost=3,2,1298,9,0.069
skycell,range_cost=3,2,1299,3,0.048
skycell,range_cost=3,2,1300,81,0.112
skycell,range_cost=3,2,1301,115,0.172
skycell,range_cost=3,2,1302,528,0.337
skycell,range_cost=3,2,1303,144,0.25
skycell,range_cost=3,2,1304,1562,0.564
skycell,range_cost=3,2,1305,53,0.118
skycell,range_cost=3,2,1306,1632,0.579
skycell,range_cost=3,2,1307,103,0.146
skycell,range_cost=3,2,1308,85,0.17
skycell,range_cost=3,2,1309,72,0.123
skycell,range_cost=3,2,1310,68,0.144
skycell,range_cost=3,2,1311,63,0.123
skycell,range_cost=3,2,1312,66,0.125
skycell,range_cost=3,2,1313,51,0.136
skycell,range_cost=3,2,1314,69,0.123
skycell,range_cost=3,2,1315,475,0.298
skycell,range_cost=3,2,1316,397,0.348
skycell,range_cost=3,2,1317,71,0.123
skycell,range_cost=3,2,1318,800,0.384
skycell,range_cost=3,2,1319,64,0.153
skycell,range_cost=3,2,1320,73,0.154
skycell,range_cost=3,2,1321,75,0.213
skycell,range_cost=3,2,1322,69,0.149
skycell,range_cost=3,2,1323,77,0.141
skycell,range_cost=3,2,1324,2294,0.82
skycell,range_cost=3,2,1325,84,0.131
skycell,range_cost=3,2,1326,752,0.37
skycell,range_cost=3,2,1327,72,0.139
skycell,range_cost=3,2,1328,879,0.401
skycell,range_cost=3,2,1329,81,0.159
skycell,range_cost=3,2,1330,1598,0.623
skycell,range_cost=3,2,1331,61,0.148
skycell,range_cost=3,2,1332,69,0.143
skycell,range_cost=3,2,1333,67,0.141
skycell,range_cost=3,2,1334,736,0.397
skycell,range_cost=3,2,1335,311,0.253
skycell,range_cost=3,2,1336,1019,0.412
skycell,range_cost=3,2,1337,81,0.12
skycell,range_cost=3,2,1338,1099,0.693
skycell,range_cost=3,2,1339,122,0.152
skycell,range_cost=3,2,1340,1284,0.419
skycell,range_cost=3,2,1341,56,0.169
skycell,range_cost=3,2,1342,65,0.157
skycell,range_cost=3,2,1343,61,0.118
skycell,range_cost=3,2,1344,57,0.122
skycell,range_cost=3,2,1345,63,0.102
skycell,range_cost=3,2,1346,553,0.405
skycell,range_cost=3,2,1347,68,0.107
skycell,range_cost=3,2,1348,63,0.118
skycell,range_cost=3,2,1349,216,0.164
skycell,range_cost=3,2,1350,75,0.105
skycell,range_cost=3,2,1351,69,0.128
skycell,range_cost=3,2,1352,157,0.135
skycell,range_cost=3,2,1353,211,0.22
skycell,range_cost=3,2,1354,136,0.14
skycell,range_cost=3,2,1355,47,0.116
skycell,range_cost=3,2,1356,660,0.315
skycell,range_cost=3,2,1357,70,0.112
skycell,range_cost=3,2,1358,66,0.116
skycell,range_cost=3,2,1359,68,0.218
skycell,range_cost=3,2,1360,674,0.353
skycell,range_cost=3,2,1361,67,0.145
skycell,range_cost=3,2,1362,61,0.082
skycell,range_cost=3,2,1363,60,0.112
skycell,range_cost=3,2,1364,2512,0.829
skycell,range_cost=3,2,1365,65,0.141
skycell,range_cost=3,2,1366,65,0.124
skycell,range_cost=3,2,1367,60,0.125
skycell,range_cost=3,2,1368,60,0.118
skycell,range_cost=3,2,1369,163,0.208
skycell,range_cost=3,2,1370,4069,1.119
skycell,range_cost=3,2,1371,77,0.159
skycell,range_cost=3,2,1372,601,0.341
skycell,range_cost=3,2,1373,49,0.159
skycell,range_cost=3,2,1374,70,0.143
skycell,range_cost=3,2,1375,73,0.151
skycell,range_cost=3,2,1376,495,0.353
skycell,range_cost=3,2,1377,63,0.139
skycell,range_cost=3,2,1378,1356,0.556
skycell,range_cost=3,2,1379,79,0.16
skycell,range_cost=3,2,1380,1572,0.579
skycell,range_cost=3,2,1381,47,0.203
skycell,range_cost=3,2,1382,75,0.156
skycell,range_cost=3,2,1383,65,0.141
skycell,range_cost=3,2,1384,77,0.131
skycell,range_cost=3,2,1385,1227,0.55
skycell,range_cost=3,2,1386,1589,0.57
skycell,range_cost=3,2,1387,79,0.127
skycell,range_cost=3,2,1388,898,0.468
skycell,range_cost=3,2,1389,69,0.141
skycell,range_cost=3,2,1390,710,0.399
skycell,range_cost=3,2,1391,77,0.124
skycell,range_cost=3,2,1392,67,0.099
skycell,range_cost=3,2,1393,66,0.125
skycell,range_cost=3,2,1394,3504,0.977
skycell,range_cost=3,2,1395,64,0.141
skycell,range_cost=3,2,1396,3600,0.925
skycell,range_cost=3,2,1397,59,0.159
skycell,range_cost=3,2,1398,2926,0.877
skycell,range_cost=3,2,1399,66,0.156
skycell,range_cost=3,2,1400,4002,1.014
skycell,range_cost=3,2,1401,297,0.424
skycell,range_cost=3,2,1402,254,0.276
skycell,range_cost=3,2,1403,324,0.269
skycell,range_cost=3,2,1404,1369,0.534
skycell,range_cost=3,2,1405,265,0.806
skycell,range_cost=3,2,1406,1108,1.412
skycell,range_cost=3,2,1407,276,0.758
skycell,range_cost=3,2,1408,4152,2.387
skycell,range_cost=3,2,1409,297,1.005
skycell,range_cost=3,2,1410,306,0.3
skycell,range_cost=3,2,1411,748,0.99
skycell,range_cost=3,2,1412,265,0.69
skycell,range_cost=3,2,1413,280,0.305
skycell,range_cost=3,2,1414,1101,0.539
skycell,range_cost=3,2,1415,251,0.286
skycell,range_cost=3,2,1416,9129,1.819
skycell,range_cost=3,2,1417,272,0.285
skycell,range_cost=3,2,1418,5071,1.304
skycell,range_cost=3,2,1419,271,0.275
skycell,range_cost=3,2,1420,5690,1.282
skycell,range_cost=3,2,1421,233,0.244
skycell,range_cost=3,2,1422,4433,1.049
skycell,range_cost=3,2,1423,260,0.25
skycell,range_cost=3,2,1424,3126,0.743
skycell,range_cost=3,2,1425,3145,0.875
skycell,range_cost=3,2,1426,302,0.363
skycell,range_cost=3,2,1427,255,1.16
skycell,range_cost=3,2,1428,3905,3.828
skycell,range_cost=3,2,1429,1284,0.917
skycell,range_cost=3,2,1430,1294,0.688
skycell,range_cost=3,2,1431,289,0.259
skycell,range_cost=3,2,1432,268,0.292
skycell,range_cost=3,2,1433,901,0.524
skycell,range_cost=3,2,1434,277,0.329
skycell,range_cost=3,2,1435,1243,0.641
skycell,range_cost=3,2,1436,1021,0.416
skycell,range_cost=3,2,1437,298,0.276
skycell,range_cost=3,2,1438,4191,0.68
skycell,range_cost=3,2,1439,307,0.338
skycell,range_cost=3,2,1440,269,0.322
skycell,range_cost=3,2,1441,2336,0.961
skycell,range_cost=3,2,1442,2435,0.968
skycell,range_cost=3,2,1443,2502,0.931
skycell,range_cost=3,2,1444,35019,11.591
skycell,range_cost=3,2,1445,11114,2.244
skycell,range_cost=3,2,1446,6517,1.294
skycell,range_cost=3,2,1447,2340,0.963
skycell,range_cost=3,2,1448,147516,14.533
skycell,range_cost=3,2,1449,2525,1.044
skycell,range_cost=3,2,1450,43516,14.172
skycell,range_cost=3,2,1451,2330,0.963
skycell,range_cost=3,2,1452,26649,3.323
skycell,range_cost=3,2,1453,2324,0.804
skycell,range_cost=3,2,1454,22109,2.83
skycell,range_cost=3,2,1455,2386,0.781
skycell,range_cost=3,2,1456,18819,2.446
skycell,range_cost=10,1,113,0,0.027
skycell,range_cost=10,1,114,1,0.027
skycell,range_cost=10,1,115,0,0.026
skycell,range_cost=10,1,116,1,0.034
skycell,range_cost=10,1,117,0,0.025
skycell,range_cost=10,1,118,1,0.028
skycell,range_cost=10,1,119,0,0.026
skycell,range_cost=10,1,120,1,0.027
skycell,range_cost=10,1,121,0,0.025
skycell,range_cost=10,1,122,1,0.034
skycell,range_cost=10,1,123,0,0.025
skycell,range_cost=10,1,124,1,0.026
skycell,range_cost=10,1,125,0,0.04
skycell,range_cost=10,1,126,1,0.028
skycell,range_cost=10,1,127,0,0.025
skycell,range_cost=10,1,128,1,0.027
skycell,range_cost=10,1,129,0,0.025
skycell,range_cost=10,1,130,1,0.027
skycell,range_cost=10,1,131,0,0.025
skycell,range_cost=10,1,132,1,0.026
skycell,range_cost=10,1,133,0,0.024
skycell,range_cost=10,1,134,1,0.026
skycell,range_cost=10,1,135,0,0.026
skycell,range_cost=10,1,136,1,0.027
skycell,range_cost=10,1,137,0,0.024
skycell,range_cost=10,1,138,1,0.035
skycell,range_cost=10,1,139,0,0.025
skycell,range_cost=10,1,140,1,0.027
skycell,range_cost=10,1,141,0,0.033
skycell,range_cost=10,1,142,1,0.034
skycell,range_cost=10,1,143,0,0.026
skycell,range_cost=10,1,144,1,0.034
skycell,range_cost=10,1,145,0,0.026
skycell,range_cost=10,1,146,1,0.046
skycell,range_cost=10,1,147,0,0.025
skycell,range_cost=10,1,148,1,0.027
skycell,range_cost=10,1,149,0,0.025
skycell,range_cost=10,1,150,1,0.034
skycell,range_cost=10,1,151,0,0.026
skycell,range_cost=10,1,152,1,0.027
skycell,range_cost=10,1,153,0,0.026
skycell,range_cost=10,1,154,1,0.025
skycell,range_cost=10,1,155,0,0.025
skycell,range_cost=10,1,156,1,0.026
skycell,range_cost=10,1,157,0,0.025
skycell,range_cost=10,1,158,1,0.024
skycell,range_cost=10,1,159,0,0.032
skycell,range_cost=10,1,160,1,0.026
skycell,range_cost=10,1,161,0,0.025
skycell,range_cost=10,1,162,1,0.027
skycell,range_cost=10,1,163,0,0.026
skycell,range_cost=10,1,164,1,0.025
skycell,range_cost=10,1,165,0,0.026
skycell,range_cost=10,1,166,1,0.027
skycell,range_cost=10,1,167,0,0.026
skycell,range_cost=10,1,168,1,0.034
skycell,range_cost=10,1,169,0,0.033
skycell,range_cost=10,1,170,1,0.027
skycell,range_cost=10,1,171,0,0.026
skycell,range_cost=10,1,172,1,0.026
skycell,range_cost=10,1,173,0,0.033
skycell,range_cost=10,1,174,1,0.027
skycell,range_cost=10,1,175,0,0.025
skycell,range_cost=10,1,176,1,0.026
skycell,range_cost=10,1,177,0,0.025
skycell,range_cost=10,1,178,1,0.033
skycell,range_cost=10,1,179,0,0.033
skycell,range_cost=10,1,180,1,0.036
skycell,range_cost=10,1,181,0,0.025
skycell,range_cost=10,1,182,1,0.026
skycell,range_cost=10,1,183,0,0.025
skycell,range_cost=10,1,184,1,0.034
skycell,range_cost=10,1,185,0,0.026
skycell,range_cost=10,1,186,1,0.027
skycell,range_cost=10,1,187,0,0.025
skycell,range_cost=10,1,188,1,0.027
skycell,range_cost=10,1,189,0,0.04
skycell,range_cost=10,1,190,1,0.025
skycell,range_cost=10,1,191,0,0.024
skycell,range_cost=10,1,192,1,0.026
skycell,range_cost=10,1,193,0,0.026
skycell,range_cost=10,1,194,1,0.034
skycell,range_cost=10,1,195,0,0.025
skycell,range_cost=10,1,196,1,0.027
skycell,range_cost=10,1,197,0,0.045
skycell,range_cost=10,1,198,1,0.026
skycell,range_cost=10,1,199,0,0.025
skycell,range_cost=10,1,200,1,0.026
skycell,range_cost=10,1,201,0,0.024
skycell,range_cost=10,1,202,1,0.027
skycell,range_cost=10,1,203,0,0.025
skycell,range_cost=10,1,204,1,0.026
skycell,range_cost=10,1,205,0,0.025
skycell,range_cost=10,1,206,1,0.033
skycell,range_cost=10,1,207,0,0.025
skycell,range_cost=10,1,208,1,0.026
skycell,range_cost=10,1,209,0,0.025
skycell,range_cost=10,1,210,1,0.027
skycell,range_cost=10,1,211,0,0.026
skycell,range_cost=10,1,212,1,0.027
skycell,range_cost=10,1,213,0,0.025
skycell,range_cost=10,1,214,1,0.026
skycell,range_cost=10,1,215,0,0.025
skycell,range_cost=10,1,216,1,0.035
skycell,range_cost=10,1,217,0,0.024
skycell,range_cost=10,1,218,1,0.035
skycell,range_cost=10,1,219,0,0.033
skycell,range_cost=10,1,220,1,0.035
skycell,range_cost=10,1,221,0,0.025
skycell,range_cost=10,1,222,1,0.027
skycell,range_cost=10,1,223,0,0.033
skycell,range_cost=10,1,224,1,0.027
skycell,range_cost=10,1,225,0,0.026
skycell,range_cost=10,1,226,1,0.026
skycell,range_cost=10,1,227,0,0.033
skycell,range_cost=10,1,228,1,0.025
skycell,range_cost=10,1,229,0,0.025
skycell,range_cost=10,1,230,1,0.035
skycell,range_cost=10,1,231,0,0.025
skycell,range_cost=10,1,232,1,0.027
skycell,range_cost=10,1,233,0,0.024
skycell,range_cost=10,1,234,1,0.027
skycell,range_cost=10,1,235,0,0.026
skycell,range_cost=10,1,236,1,0.026
skycell,range_cost=10,1,237,0,0.033
skycell,range_cost=10,1,238,1,0.034
skycell,range_cost=10,1,239,0,0.026
skycell,range_cost=10,1,240,1,0.027
skycell,range_cost=10,1,241,0,0.025
skycell,range_cost=10,1,242,1,0.026
skycell,range_cost=10,1,243,0,0.024
skycell,range_cost=10,1,244,1,0.027
skycell,range_cost=10,1,245,0,0.033
skycell,range_cost=10,1,246,1,0.027
skycell,range_cost=10,1,247,0,0.026
skycell,range_cost=10,1,248,1,0.026
skycell,range_cost=10,1,249,0,0.024
skycell,range_cost=10,1,250,1,0.026
skycell,range_cost=10,1,251,0,0.025
skycell,range_cost=10,1,252,1,0.026
skycell,range_cost=10,1,253,0,0.032
skycell,range_cost=10,1,254,1,0.026
skycell,range_cost=10,1,255,0,0.025
skycell,range_cost=10,1,256,1,0.026
skycell,range_cost=10,1,257,0,0.031
skycell,range_cost=10,1,258,1,0.026
skycell,range_cost=10,1,259,0,0.025
skycell,range_cost=10,1,260,1,0.028
skycell,range_cost=10,1,261,0,0.037
skycell,range_cost=10,1,262,1,0.039
skycell,range_cost=10,1,263,0,0.033
skycell,range_cost=10,1,264,1,0.026
skycell,range_cost=10,1,265,0,0.033
skycell,range_cost=10,1,266,1,0.034
skycell,range_cost=10,1,267,0,0.025
skycell,range_cost=10,1,268,1,0.027
skycell,range_cost=10,1,269,0,0.033
skycell,range_cost=10,1,270,1,0.026
skycell,range_cost=10,1,271,0,0.033
skycell,range_cost=10,1,272,1,0.028
skycell,range_cost=10,1,273,0,0.024
skycell,range_cost=10,1,274,1,0.026
skycell,range_cost=10,1,275,0,0.025
skycell,range_cost=10,1,276,1,0.026
skycell,range_cost=10,1,277,0,0.034
skycell,range_cost=10,1,278,1,0.027
skycell,range_cost=10,1,279,0,0.033
skycell,range_cost=10,1,280,1,0.025
skycell,range_cost=10,1,281,0,0.025
skycell,range_cost=10,1,282,1,0.025
skycell,range_cost=10,1,283,0,0.025
skycell,range_cost=10,1,284,1,0.026
skycell,range_cost=10,1,285,0,0.045
skycell,range_cost=10,1,286,1,0.027
skycell,range_cost=10,1,287,0,0.035
skycell,range_cost=10,1,288,1,0.026
skycell,range_cost=10,1,289,0,0.038
skycell,range_cost=10,1,290,1,0.027
skycell,range_cost=10,1,291,0,0.034
skycell,range_cost=10,1,292,1,0.034
skycell,range_cost=10,1,293,0,0.026
skycell,range_cost=10,1,294,1,0.026
skycell,range_cost=10,1,295,0,0.025
skycell,range_cost=10,1,296,1,0.027
skycell,range_cost=10,1,297,0,0.024
skycell,range_cost=10,1,298,1,0.026
skycell,range_cost=10,1,299,0,0.025
skycell,range_cost=10,1,300,1,0.025
skycell,range_cost=10,1,301,0,0.026
skycell,range_cost=10,1,302,1,0.027
skycell,range_cost=10,1,303,0,0.026
skycell,range_cost=10,1,304,1,0.034
skycell,range_cost=10,1,305,0,0.032
skycell,range_cost=10,1,306,1,0.026
skycell,range_cost=10,1,307,0,0.025
skycell,range_cost=10,1,308,1,0.027
skycell,range_cost=10,1,309,0,0.026
skycell,range_cost=10,1,310,1,0.026
skycell,range_cost=10,1,311,0,0.039
skycell,range_cost=10,1,312,1,0.035
skycell,range_cost=10,1,313,0,0.026
skycell,range_cost=10,1,314,1,0.027
skycell,range_cost=10,1,315,0,0.034
skycell,range_cost=10,1,316,1,0.034
skycell,range_cost=10,1,317,0,0.033
skycell,range_cost=10,1,318,1,0.029
skycell,range_cost=10,1,319,0,0.025
skycell,range_cost=10,1,320,1,0.027
skycell,range_cost=10,1,321,0,0.026
skycell,range_cost=10,1,322,1,0.026
skycell,range_cost=10,1,323,0,0.032
skycell,range_cost=10,1,324,1,0.035
skycell,range_cost=10,1,325,0,0.043
skycell,range_cost=10,1,326,1,0.035
skycell,range_cost=10,1,327,0,0.025
skycell,range_cost=10,1,328,1,0.027
skycell,range_cost=10,1,329,0,0.033
skycell,range_cost=10,1,330,1,0.026
skycell,range_cost=10,1,331,0,0.026
skycell,range_cost=10,1,332,1,0.027
skycell,range_cost=10,1,333,0,0.026
skycell,range_cost=10,1,334,1,0.026
skycell,range_cost=10,1,335,0,0.026
skycell,range_cost=10,1,336,1,0.026
skycell,range_cost=10,1,337,0,0.026
skycell,range_cost=10,1,338,1,0.026
skycell,range_cost=10,1,339,0,0.024
skycell,range_cost=10,1,340,1,0.033
skycell,range_cost=10,1,341,0,0.025
skycell,range_cost=10,1,342,1,0.025
skycell,range_cost=10,1,343,0,0.024
skycell,range_cost=10,1,344,1,0.027
skycell,range_cost=10,1,345,0,0.023
skycell,range_cost=10,1,346,1,0.027
skycell,range_cost=10,1,347,0,0.025
skycell,range_cost=10,1,348,1,0.034
skycell,range_cost=10,1,349,0,0.032
skycell,range_cost=10,1,350,1,0.026
skycell,range_cost=10,1,351,0,0.025
skycell,range_cost=10,1,352,1,0.026
skycell,range_cost=10,1,353,0,0.033
skycell,range_cost=10,1,354,1,0.034
skycell,range_cost=10,1,355,0,0.025
skycell,range_cost=10,1,356,1,0.041
skycell,range_cost=10,1,357,0,0.026
skycell,range_cost=10,1,358,1,0.025
skycell,range_cost=10,1,359,0,0.025
skycell,range_cost=10,1,360,1,0.027
skycell,range_cost=10,1,361,0,0.024
skycell,range_cost=10,1,362,1,0.034
skycell,range_cost=10,1,363,0,0.025
skycell,range_cost=10,1,364,1,0.034
skycell,range_cost=10,1,365,0,0.025
skycell,range_cost=10,1,366,1,0.026
skycell,range_cost=10,1,367,0,0.035
skycell,range_cost=10,1,368,1,0.026
skycell,range_cost=10,1,369,0,0.026
skycell,range_cost=10,1,370,1,0.025
skycell,range_cost=10,1,371,0,0.025
skycell,range_cost=10,1,372,1,0.027
skycell,range_cost=10,1,373,0,0.026
skycell,range_cost=10,1,374,1,0.032
skycell,range_cost=10,1,375,0,0.034
skycell,range_cost=10,1,376,1,0.027
skycell,range_cost=10,1,377,0,0.026
skycell,range_cost=10,1,378,1,0.034
skycell,range_cost=10,1,379,0,0.024
skycell,range_cost=10,1,380,1,0.025
skycell,range_cost=10,1,381,0,0.025
skycell,range_cost=10,1,382,1,0.039
skycell,range_cost=10,1,383,0,0.04
skycell,range_cost=10,1,384,1,0.027
skycell,range_cost=10,1,385,0,0.032
skycell,range_cost=10,1,386,1,0.035
skycell,range_cost=10,1,387,0,0.026
skycell,range_cost=10,1,388,1,0.04
skycell,range_cost=10,1,389,0,0.033
skycell,range_cost=10,1,390,1,0.035
skycell,range_cost=10,1,391,0,0.026
skycell,range_cost=10,1,392,1,0.028
skycell,range_cost=10,1,393,0,0.025
skycell,range_cost=10,1,394,1,0.027
skycell,range_cost=10,1,395,0,0.025
skycell,range_cost=10,1,396,1,0.027
skycell,range_cost=10,1,397,0,0.024
skycell,range_cost=10,1,398,1,0.026
skycell,range_cost=10,1,399,0,0.032
skycell,range_cost=10,1,400,1,0.034
skycell,range_cost=10,1,401,0,0.026
skycell,range_cost=10,1,402,1,0.028
skycell,range_cost=10,1,403,0,0.026
skycell,range_cost=10,1,404,1,0.035
skycell,range_cost=10,1,405,0,0.025
skycell,range_cost=10,1,406,1,0.026
skycell,range_cost=10,1,407,0,0.034
skycell,range_cost=10,1,408,1,0.041
skycell,range_cost=10,1,409,0,0.026
skycell,range_cost=10,1,410,1,0.035
skycell,range_cost=10,1,411,0,0.025
skycell,range_cost=10,1,412,1,0.026
skycell,range_cost=10,1,413,0,0.026
skycell,range_cost=10,1,414,1,0.027
skycell,range_cost=10,1,415,0,0.025
skycell,range_cost=10,1,416,1,0.027
skycell,range_cost=10,1,417,0,0.027
skycell,range_cost=10,1,418,1,0.034
skycell,range_cost=10,1,419,0,0.026
skycell,range_cost=10,1,420,1,0.026
skycell,range_cost=10,1,421,0,0.025
skycell,range_cost=10,1,422,1,0.032
skycell,range_cost=10,1,423,0,0.025
skycell,range_cost=10,1,424,1,0.035
skycell,range_cost=10,1,425,1,0.037
skycell,range_cost=10,1,426,1,0.027
skycell,range_cost=10,1,427,0,0.035
skycell,range_cost=10,1,428,1,0.027
skycell,range_cost=10,1,429,0,0.027
skycell,range_cost=10,1,430,1,0.027
skycell,range_cost=10,1,431,0,0.027
skycell,range_cost=10,1,432,1,0.027
skycell,range_cost=10,1,433,0,0.025
skycell,range_cost=10,1,434,1,0.029
skycell,range_cost=10,1,435,0,0.027
skycell,range_cost=10,1,436,1,0.026
skycell,range_cost=10,1,437,0,0.025
skycell,range_cost=10,1,438,1,0.026
skycell,range_cost=10,1,439,0,0.034
skycell,range_cost=10,1,440,1,0.037
skycell,range_cost=10,1,441,0,0.025
skycell,range_cost=10,1,442,1,0.026
skycell,range_cost=10,1,443,0,0.032
skycell,range_cost=10,1,444,1,0.035
skycell,range_cost=10,1,445,0,0.025
skycell,range_cost=10,1,446,1,0.027
skycell,range_cost=10,1,447,0,0.034
skycell,range_cost=10,1,448,1,0.037
skycell,range_cost=10,1,449,0,0.046
skycell,range_cost=10,1,450,1,0.027
skycell,range_cost=10,1,451,0,0.033
skycell,range_cost=10,1,452,1,0.034
skycell,range_cost=10,1,453,0,0.031
skycell,range_cost=10,1,454,1,0.026
skycell,range_cost=10,1,455,0,0.025
skycell,range_cost=10,1,456,1,0.035
skycell,range_cost=10,1,457,0,0.033
skycell,range_cost=10,1,458,1,0.027
skycell,range_cost=10,1,459,0,0.032
skycell,range_cost=10,1,460,1,0.026
skycell,range_cost=10,1,461,0,0.027
skycell,range_cost=10,1,462,1,0.026
skycell,range_cost=10,1,463,0,0.034
skycell,range_cost=10,1,464,1,0.026
skycell,range_cost=10,1,465,0,0.034
skycell,range_cost=10,1,466,1,0.028
skycell,range_cost=10,1,467,0,0.033
skycell,range_cost=10,1,468,2,0.027
skycell,range_cost=10,1,469,0,0.026
skycell,range_cost=10,1,470,1,0.034
skycell,range_cost=10,1,471,0,0.031
skycell,range_cost=10,1,472,1,0.027
skycell,range_cost=10,1,473,0,0.024
skycell,range_cost=10,1,474,1,0.026
skycell,range_cost=10,1,475,0,0.025
skycell,range_cost=10,1,476,1,0.026
skycell,range_cost=10,1,477,0,0.025
skycell,range_cost=10,1,478,1,0.026
skycell,range_cost=10,1,479,0,0.026
skycell,range_cost=10,1,480,1,0.027
skycell,range_cost=10,1,481,0,0.034
skycell,range_cost=10,1,482,1,0.027
skycell,range_cost=10,1,483,0,0.033
skycell,range_cost=10,1,484,1,0.028
skycell,range_cost=10,1,485,0,0.025
skycell,range_cost=10,1,486,1,0.032
skycell,range_cost=10,1,487,0,0.025
skycell,range_cost=10,1,488,1,0.025
skycell,range_cost=10,1,489,0,0.033
skycell,range_cost=10,1,490,1,0.026
skycell,range_cost=10,1,491,0,0.026
skycell,range_cost=10,1,492,1,0.027
skycell,range_cost=10,1,493,0,0.025
skycell,range_cost=10,1,494,1,0.026
skycell,range_cost=10,1,495,0,0.025
skycell,range_cost=10,1,496,1,0.034
skycell,range_cost=10,1,497,0,0.026
skycell,range_cost=10,1,498,1,0.026
skycell,range_cost=10,1,499,0,0.026
skycell,range_cost=10,1,500,1,0.034
skycell,range_cost=10,1,501,0,0.026
skycell,range_cost=10,1,502,1,0.027
skycell,range_cost=10,1,503,0,0.025
skycell,range_cost=10,1,504,1,0.035
skycell,range_cost=10,1,505,0,0.026
skycell,range_cost=10,1,506,2,0.036
skycell,range_cost=10,1,507,0,0.026
skycell,range_cost=10,1,508,1,0.033
skycell,range_cost=10,1,509,0,0.026
skycell,range_cost=10,1,510,1,0.027
skycell,range_cost=10,1,511,0,0.026
skycell,range_cost=10,1,512,1,0.026
skycell,range_cost=10,1,513,0,0.033
skycell,range_cost=10,1,514,1,0.027
skycell,range_cost=10,1,515,0,0.033
skycell,range_cost=10,1,516,1,0.026
skycell,range_cost=10,1,517,0,0.026
skycell,range_cost=10,1,518,1,0.027
skycell,range_cost=10,1,519,0,0.025
skycell,range_cost=10,1,520,1,0.026
skycell,range_cost=10,1,521,0,0.032
skycell,range_cost=10,1,522,1,0.025
skycell,range_cost=10,1,523,0,0.033
skycell,range_cost=10,1,524,1,0.036
skycell,range_cost=10,1,525,0,0.026
skycell,range_cost=10,1,526,1,0.026
skycell,range_cost=10,1,527,0,0.025
skycell,range_cost=10,1,528,1,0.026
skycell,range_cost=10,1,529,0,0.025
skycell,range_cost=10,1,530,1,0.031
skycell,range_cost=10,1,531,0,0.025
skycell,range_cost=10,1,532,1,0.026
skycell,range_cost=10,1,533,0,0.025
skycell,range_cost=10,1,534,1,0.034
skycell,range_cost=10,1,535,0,0.028
skycell,range_cost=10,1,536,1,0.026
skycell,range_cost=10,1,537,0,0.025
skycell,range_cost=10,1,538,1,0.026
skycell,range_cost=10,1,539,0,0.025
skycell,range_cost=10,1,540,1,0.027
skycell,range_cost=10,1,541,0,0.033
skycell,range_cost=10,1,542,1,0.026
skycell,range_cost=10,1,543,0,0.025
skycell,range_cost=10,1,544,1,0.031
skycell,range_cost=10,1,545,0,0.033
skycell,range_cost=10,1,546,1,0.026
skycell,range_cost=10,1,547,0,0.026
skycell,range_cost=10,1,548,1,0.026
skycell,range_cost=10,1,549,0,0.025
skycell,range_cost=10,1,550,1,0.026
skycell,range_cost=10,1,551,0,0.025
skycell,range_cost=10,1,552,1,0.044
skycell,range_cost=10,1,553,0,0.033
skycell,range_cost=10,1,554,1,0.032
skycell,range_cost=10,1,555,0,0.026
skycell,range_cost=10,1,556,1,0.026
skycell,range_cost=10,1,557,0,0.025
skycell,range_cost=10,1,558,1,0.027
skycell,range_cost=10,1,559,0,0.034
skycell,range_cost=10,1,560,1,0.027
skycell,range_cost=10,1,561,0,0.033
skycell,range_cost=10,1,562,1,0.028
skycell,range_cost=10,1,563,0,0.033
skycell,range_cost=10,1,564,1,0.028
skycell,range_cost=10,1,565,0,0.026
skycell,range_cost=10,1,566,1,0.027
skycell,range_cost=10,1,567,0,0.027
skycell,range_cost=10,1,568,1,0.032
skycell,range_cost=10,1,569,0,0.033
skycell,range_cost=10,1,570,1,0.028
skycell,range_cost=10,1,571,0,0.026
skycell,range_cost=10,1,572,13,0.042
skycell,range_cost=10,1,573,0,0.026
skycell,range_cost=10,1,574,1,0.035
skycell,range_cost=10,1,575,0,0.025
skycell,range_cost=10,1,576,1,0.026
skycell,range_cost=10,1,577,0,0.026
skycell,range_cost=10,1,578,2,0.029
skycell,range_cost=10,1,579,0,0.026
skycell,range_cost=10,1,580,1,0.027
skycell,range_cost=10,1,581,0,0.034
skycell,range_cost=10,1,582,1,0.036
skycell,range_cost=10,1,583,0,0.033
skycell,range_cost=10,1,584,1,0.027
skycell,range_cost=10,1,585,0,0.026
skycell,range_cost=10,1,586,1,0.032
skycell,range_cost=10,1,587,0,0.025
skycell,range_cost=10,1,588,1,0.027
skycell,range_cost=10,1,589,0,0.025
skycell,range_cost=10,1,590,1,0.026
skycell,range_cost=10,1,591,0,0.025
skycell,range_cost=10,1,592,1,0.026
skycell,range_cost=10,1,593,0,0.025
skycell,range_cost=10,1,594,1,0.026
skycell,range_cost=10,1,595,0,0.025
skycell,range_cost=10,1,596,1,0.026
skycell,range_cost=10,1,597,0,0.034
skycell,range_cost=10,1,598,1,0.028
skycell,range_cost=10,1,599,0,0.025
skycell,range_cost=10,1,600,1,0.027
skycell,range_cost=10,1,601,0,0.026
skycell,range_cost=10,1,602,1,0.026
skycell,range_cost=10,1,603,0,0.027
skycell,range_cost=10,1,604,2,0.042
skycell,range_cost=10,1,605,0,0.026
skycell,range_cost=10,1,606,18,0.061
skycell,range_cost=10,1,607,0,0.034
skycell,range_cost=10,1,608,1,0.034
skycell,range_cost=10,1,609,0,0.025
skycell,range_cost=10,1,610,1,0.027
skycell,range_cost=10,1,611,0,0.034
skycell,range_cost=10,1,612,1,0.035
skycell,range_cost=10,1,613,0,0.025
skycell,range_cost=10,1,614,1,0.028
skycell,range_cost=10,1,615,0,0.025
skycell,range_cost=10,1,616,1,0.026
skycell,range_cost=10,1,617,0,0.028
skycell,range_cost=10,1,618,1,0.034
skycell,range_cost=10,1,619,0,0.031
skycell,range_cost=10,1,620,1,0.027
skycell,range_cost=10,1,621,0,0.025
skycell,range_cost=10,1,622,1,0.035
skycell,range_cost=10,1,623,0,0.038
skycell,range_cost=10,1,624,1,0.028
skycell,range_cost=10,1,625,0,0.03
skycell,range_cost=10,1,626,1,0.028
skycell,range_cost=10,1,627,0,0.033
skycell,range_cost=10,1,628,1,0.027
skycell,range_cost=10,1,629,0,0.024
skycell,range_cost=10,1,630,1,0.027
skycell,range_cost=10,1,631,0,0.034
skycell,range_cost=10,1,632,1,0.028
skycell,range_cost=10,1,633,0,0.026
skycell,range_cost=10,1,634,1,0.034
skycell,range_cost=10,1,635,0,0.033
skycell,range_cost=10,1,636,1,0.026
skycell,range_cost=10,1,637,1,0.035
skycell,range_cost=10,1,638,1,0.026
skycell,range_cost=10,1,639,0,0.033
skycell,range_cost=10,1,640,1,0.027
skycell,range_cost=10,1,641,0,0.036
skycell,range_cost=10,1,642,1,0.028
skycell,range_cost=10,1,643,0,0.033
skycell,range_cost=10,1,644,1,0.027
skycell,range_cost=10,1,645,0,0.025
skycell,range_cost=10,1,646,1,0.027
skycell,range_cost=10,1,647,0,0.034
skycell,range_cost=10,1,648,1,0.028
skycell,range_cost=10,1,649,0,0.024
skycell,range_cost=10,1,650,1,0.026
skycell,range_cost=10,1,651,0,0.038
skycell,range_cost=10,1,652,1,0.026
skycell,range_cost=10,1,653,0,0.026
skycell,range_cost=10,1,654,1,0.026
skycell,range_cost=10,1,655,0,0.027
skycell,range_cost=10,1,656,1,0.025
skycell,range_cost=10,1,657,0,0.025
skycell,range_cost=10,1,658,11,0.043
skycell,range_cost=10,1,659,0,0.033
skycell,range_cost=10,1,660,1,0.041
skycell,range_cost=10,1,661,0,0.025
skycell,range_cost=10,1,662,1,0.028
skycell,range_cost=10,1,663,0,0.025
skycell,range_cost=10,1,664,1,0.026
skycell,range_cost=10,1,665,0,0.031
skycell,range_cost=10,1,666,1,0.035
skycell,range_cost=10,1,667,0,0.027
skycell,range_cost=10,1,668,1,0.027
skycell,range_cost=10,1,669,0,0.025
skycell,range_cost=10,1,670,1,0.035
skycell,range_cost=10,1,671,0,0.025
skycell,range_cost=10,1,672,2,0.034
skycell,range_cost=10,1,673,0,0.027
skycell,range_cost=10,1,674,1,0.027
skycell,range_cost=10,1,675,0,0.034
skycell,range_cost=10,1,676,1,0.035
skycell,range_cost=10,1,677,0,0.025
skycell,range_cost=10,1,678,1,0.028
skycell,range_cost=10,1,679,0,0.027
skycell,range_cost=10,1,680,1,0.026
skycell,range_cost=10,1,681,0,0.026
skycell,range_cost=10,1,682,1,0.036
skycell,range_cost=10,1,683,0,0.032
skycell,range_cost=10,1,684,1,0.027
skycell,range_cost=10,1,685,0,0.025
skycell,range_cost=10,1,686,1,0.026
skycell,range_cost=10,1,687,0,0.026
skycell,range_cost=10,1,688,11,0.037
skycell,range_cost=10,1,689,0,0.027
skycell,range_cost=10,1,690,1,0.025
skycell,range_cost=10,1,691,0,0.032
skycell,range_cost=10,1,692,1,0.028
skycell,range_cost=10,1,693,0,0.033
skycell,range_cost=10,1,694,1,0.034
skycell,range_cost=10,1,695,0,0.026
skycell,range_cost=10,1,696,1,0.035
skycell,range_cost=10,1,697,0,0.035
skycell,range_cost=10,1,698,1,0.027
skycell,range_cost=10,1,699,0,0.033
skycell,range_cost=10,1,700,1,0.027
skycell,range_cost=10,1,701,0,0.026
skycell,range_cost=10,1,702,2,0.027
skycell,range_cost=10,1,703,0,0.026
skycell,range_cost=10,1,704,1,0.026
skycell,range_cost=10,1,705,0,0.035
skycell,range_cost=10,1,706,1,0.029
skycell,range_cost=10,1,707,0,0.027
skycell,range_cost=10,1,708,1,0.026
skycell,range_cost=10,1,709,0,0.026
skycell,range_cost=10,1,710,1,0.035
skycell,range_cost=10,1,711,0,0.026
skycell,range_cost=10,1,712,1,0.032
skycell,range_cost=10,1,713,0,0.037
skycell,range_cost=10,1,714,1,0.035
skycell,range_cost=10,1,715,0,0.032
skycell,range_cost=10,1,716,1,0.035
skycell,range_cost=10,1,717,0,0.026
skycell,range_cost=10,1,718,1,0.026
skycell,range_cost=10,1,719,0,0.025
skycell,range_cost=10,1,720,1,0.034
skycell,range_cost=10,1,721,0,0.034
skycell,range_cost=10,1,722,1,0.026
skycell,range_cost=10,1,723,0,0.026
skycell,range_cost=10,1,724,1,0.027
skycell,range_cost=10,1,725,0,0.026
skycell,range_cost=10,1,726,1,0.027
skycell,range_cost=10,1,727,0,0.027
skycell,range_cost=10,1,728,1,0.027
skycell,range_cost=10,1,729,0,0.025
skycell,range_cost=10,1,730,1,0.026
skycell,range_cost=10,1,731,0,0.033
skycell,range_cost=10,1,732,1,0.034
skycell,range_cost=10,1,733,0,0.035
skycell,range_cost=10,1,734,1,0.026
skycell,range_cost=10,1,735,0,0.025
skycell,range_cost=10,1,736,1,0.035
skycell,range_cost=10,1,737,0,0.026
skycell,range_cost=10,1,738,1,0.025
skycell,range_cost=10,1,739,0,0.032
skycell,range_cost=10,1,740,1,0.033
skycell,range_cost=10,1,741,0,0.027
skycell,range_cost=10,1,742,1,0.026
skycell,range_cost=10,1,743,0,0.025
skycell,range_cost=10,1,744,1,0.026
skycell,range_cost=10,1,745,0,0.026
skycell,range_cost=10,1,746,1,0.025
skycell,range_cost=10,1,747,0,0.026
skycell,range_cost=10,1,748,1,0.026
skycell,range_cost=10,1,749,0,0.043
skycell,range_cost=10,1,750,1,0.028
skycell,range_cost=10,1,751,0,0.026
skycell,range_cost=10,1,752,1,0.026
skycell,range_cost=10,1,753,0,0.026
skycell,range_cost=10,1,754,1,0.026
skycell,range_cost=10,1,755,0,0.026
skycell,range_cost=10,1,756,2,0.027
skycell,range_cost=10,1,757,0,0.026
skycell,range_cost=10,1,758,1,0.027
skycell,range_cost=10,1,759,0,0.033
skycell,range_cost=10,1,760,1,0.034
skycell,range_cost=10,1,761,0,0.025
skycell,range_cost=10,1,762,1,0.036
skycell,range_cost=10,1,763,0,0.027
skycell,range_cost=10,1,764,1,0.027
skycell,range_cost=10,1,765,0,0.035
skycell,range_cost=10,1,766,1,0.028
skycell,range_cost=10,1,767,0,0.026
skycell,range_cost=10,1,768,1,0.027
skycell,range_cost=10,1,769,0,0.026
skycell,range_cost=10,1,770,3,0.062
skycell,range_cost=10,1,771,0,0.027
skycell,range_cost=10,1,772,1,0.027
skycell,range_cost=10,1,773,0,0.026
skycell,range_cost=10,1,774,1,0.027
skycell,range_cost=10,1,775,0,0.027
skycell,range_cost=10,1,776,1,0.027
skycell,range_cost=10,1,777,0,0.025
skycell,range_cost=10,1,778,1,0.027
skycell,range_cost=10,1,779,0,0.034
skycell,range_cost=10,1,780,1,0.041
skycell,range_cost=10,1,781,0,0.026
skycell,range_cost=10,1,782,1,0.027
skycell,range_cost=10,1,783,0,0.035
skycell,range_cost=10,1,784,1,0.027
skycell,range_cost=10,1,785,0,0.026
skycell,range_cost=10,1,786,1,0.027
skycell,range_cost=10,1,787,0,0.025
skycell,range_cost=10,1,788,1,0.025
skycell,range_cost=10,1,789,0,0.024
skycell,range_cost=10,1,790,1,0.026
skycell,range_cost=10,1,791,0,0.033
skycell,range_cost=10,1,792,1,0.039
skycell,range_cost=10,1,793,0,0.034
skycell,range_cost=10,1,794,1,0.036
skycell,range_cost=10,1,795,0,0.026
skycell,range_cost=10,1,796,1,0.027
skycell,range_cost=10,1,797,0,0.027
skycell,range_cost=10,1,798,1,0.025
skycell,range_cost=10,1,799,0,0.034
skycell,range_cost=10,1,800,1,0.027
skycell,range_cost=10,1,801,0,0.025
skycell,range_cost=10,1,802,2,0.037
skycell,range_cost=10,1,803,0,0.026
skycell,range_cost=10,1,804,1,0.029
skycell,range_cost=10,1,805,0,0.027
skycell,range_cost=10,1,806,2,0.041
skycell,range_cost=10,1,807,0,0.027
skycell,range_cost=10,1,808,3,0.052
skycell,range_cost=10,1,809,0,0.035
skycell,range_cost=10,1,810,1,0.031
skycell,range_cost=10,1,811,1,0.027
skycell,range_cost=10,1,812,1,0.042
skycell,range_cost=10,1,813,0,0.027
skycell,range_cost=10,1,814,1,0.026
skycell,range_cost=10,1,815,0,0.035
skycell,range_cost=10,1,816,2,0.039
skycell,range_cost=10,1,817,0,0.034
skycell,range_cost=10,1,818,1,0.027
skycell,range_cost=10,1,819,0,0.027
skycell,range_cost=10,1,820,4,0.048
skycell,range_cost=10,1,821,0,0.026
skycell,range_cost=10,1,822,199,0.216
skycell,range_cost=10,1,823,0,0.035
skycell,range_cost=10,1,824,2,0.027
skycell,range_cost=10,1,825,0,0.026
skycell,range_cost=10,1,826,1,0.027
skycell,range_cost=10,1,827,0,0.039
skycell,range_cost=10,1,828,1,0.029
skycell,range_cost=10,1,829,1,0.038
skycell,range_cost=10,1,830,2,0.04
skycell,range_cost=10,1,831,1,0.026
skycell,range_cost=10,1,832,1,0.026
skycell,range_cost=10,1,833,0,0.027
skycell,range_cost=10,1,834,1,0.027
skycell,range_cost=10,1,835,0,0.026
skycell,range_cost=10,1,836,8,0.054
skycell,range_cost=10,1,837,0,0.027
skycell,range_cost=10,1,838,1,0.036
skycell,range_cost=10,1,839,0,0.026
skycell,range_cost=10,1,840,2,0.037
skycell,range_cost=10,1,841,0,0.033
skycell,range_cost=10,1,842,1,0.029
skycell,range_cost=10,1,843,0,0.026
skycell,range_cost=10,1,844,1,0.026
skycell,range_cost=10,1,845,0,0.026
skycell,range_cost=10,1,846,1,0.026
skycell,range_cost=10,1,847,0,0.025
skycell,range_cost=10,1,848,1,0.026
skycell,range_cost=10,1,849,0,0.025
skycell,range_cost=10,1,850,1,0.026
skycell,range_cost=10,1,851,0,0.026
skycell,range_cost=10,1,852,2,0.03
skycell,range_cost=10,1,853,0,0.027
skycell,range_cost=10,1,854,2,0.039
skycell,range_cost=10,1,855,0,0.027
skycell,range_cost=10,1,856,3,0.047
skycell,range_cost=10,1,857,0,0.026
skycell,range_cost=10,1,858,8,0.028
skycell,range_cost=10,1,859,0,0.032
skycell,range_cost=10,1,860,1,0.027
skycell,range_cost=10,1,861,0,0.026
skycell,range_cost=10,1,862,3,0.037
skycell,range_cost=10,1,863,0,0.026
skycell,range_cost=10,1,864,359,0.248
skycell,range_cost=10,1,865,0,0.025
skycell,range_cost=10,1,866,2,0.04
skycell,range_cost=10,1,867,0,0.027
skycell,range_cost=10,1,868,2,0.048
skycell,range_cost=10,1,869,0,0.026
skycell,range_cost=10,1,870,1,0.026
skycell,range_cost=10,1,871,0,0.025
skycell,range_cost=10,1,872,3,0.053
skycell,range_cost=10,1,873,0,0.026
skycell,range_cost=10,1,874,5,0.037
skycell,range_cost=10,1,875,0,0.025
skycell,range_cost=10,1,876,3,0.027
skycell,range_cost=10,1,877,0,0.026
skycell,range_cost=10,1,878,1,0.026
skycell,range_cost=10,1,879,0,0.026
skycell,range_cost=10,1,880,1,0.026
skycell,range_cost=10,1,881,0,0.024
skycell,range_cost=10,1,882,1,0.028
skycell,range_cost=10,1,883,0,0.032
skycell,range_cost=10,1,884,3,0.027
skycell,range_cost=10,1,885,1,0.038
skycell,range_cost=10,1,886,4,0.036
skycell,range_cost=10,1,887,0,0.027
skycell,range_cost=10,1,888,1,0.025
skycell,range_cost=10,1,889,0,0.026
skycell,range_cost=10,1,890,2,0.035
skycell,range_cost=10,1,891,3,0.035
skycell,range_cost=10,1,892,1,0.026
skycell,range_cost=10,1,893,3,0.053
skycell,range_cost=10,1,894,2,0.026
skycell,range_cost=10,1,895,0,0.027
skycell,range_cost=10,1,896,1,0.026
skycell,range_cost=10,1,897,0,0.026
skycell,range_cost=10,1,898,2,0.036
skycell,range_cost=10,1,899,0,0.026
skycell,range_cost=10,1,900,1,0.036
skycell,range_cost=10,1,901,0,0.027
skycell,range_cost=10,1,902,3,0.038
skycell,range_cost=10,1,903,0,0.043
skycell,range_cost=10,1,904,2,0.053
skycell,range_cost=10,1,905,0,0.025
skycell,range_cost=10,1,906,4,0.031
skycell,range_cost=10,1,907,1,0.028
skycell,range_cost=10,1,908,3,0.038
skycell,range_cost=10,1,909,0,0.035
skycell,range_cost=10,1,910,5,0.03
skycell,range_cost=10,1,911,0,0.036
skycell,range_cost=10,1,912,1,0.036
skycell,range_cost=10,1,913,0,0.027
skycell,range_cost=10,1,914,1,0.027
skycell,range_cost=10,1,915,0,0.027
skycell,range_cost=10,1,916,1,0.027
skycell,range_cost=10,1,917,0,0.025
skycell,range_cost=10,1,918,1,0.038
skycell,range_cost=10,1,919,0,0.027
skycell,range_cost=10,1,920,1,0.04
skycell,range_cost=10,1,921,0,0.035
skycell,range_cost=10,1,922,1,0.032
skycell,range_cost=10,1,923,0,0.046
skycell,range_cost=10,1,924,4,0.04
skycell,range_cost=10,1,925,0,0.034
skycell,range_cost=10,1,926,2,0.035
skycell,range_cost=10,1,927,0,0.027
skycell,range_cost=10,1,928,48,0.088
skycell,range_cost=10,1,929,0,0.026
skycell,range_cost=10,1,930,4,0.039
skycell,range_cost=10,1,931,0,0.025
skycell,range_cost=10,1,932,2,0.03
skycell,range_cost=10,1,933,2,0.035
skycell,range_cost=10,1,934,2,0.038
skycell,range_cost=10,1,935,0,0.026
skycell,range_cost=10,1,936,5,0.037
skycell,range_cost=10,1,937,2,0.03
skycell,range_cost=10,1,938,1,0.028
skycell,range_cost=10,1,939,0,0.036
skycell,range_cost=10,1,940,2,0.035
skycell,range_cost=10,1,941,0,0.025
skycell,range_cost=10,1,942,4,0.042
skycell,range_cost=10,1,943,0,0.035
skycell,range_cost=10,1,944,1,0.034
skycell,range_cost=10,1,945,0,0.027
skycell,range_cost=10,1,946,4,0.041
skycell,range_cost=10,1,947,0,0.027
skycell,range_cost=10,1,948,2,0.035
skycell,range_cost=10,1,949,0,0.041
skycell,range_cost=10,1,950,1,0.026
skycell,range_cost=10,1,951,0,0.027
skycell,range_cost=10,1,952,1,0.028
skycell,range_cost=10,1,953,0,0.035
skycell,range_cost=10,1,954,1,0.032
skycell,range_cost=10,1,955,0,0.027
skycell,range_cost=10,1,956,1,0.059
skycell,range_cost=10,1,957,0,0.027
skycell,range_cost=10,1,958,1,0.027
skycell,range_cost=10,1,959,0,0.037
skycell,range_cost=10,1,960,1,0.034
skycell,range_cost=10,1,961,0,0.033
skycell,range_cost=10,1,962,2,0.03
skycell,range_cost=10,1,963,0,0.038
skycell,range_cost=10,1,964,3,0.04
skycell,range_cost=10,1,965,0,0.025
skycell,range_cost=10,1,966,1,0.027
skycell,range_cost=10,1,967,0,0.032
skycell,range_cost=10,1,968,2,0.028
skycell,range_cost=10,1,969,0,0.027
skycell,range_cost=10,1,970,18,0.036
skycell,range_cost=10,1,971,2,0.038
skycell,range_cost=10,1,972,2,0.026
skycell,range_cost=10,1,973,0,0.034
skycell,range_cost=10,1,974,3,0.028
skycell,range_cost=10,1,975,0,0.034
skycell,range_cost=10,1,976,3,0.035
skycell,range_cost=10,1,977,1,0.026
skycell,range_cost=10,1,978,1,0.04
skycell,range_cost=10,1,979,0,0.027
skycell,range_cost=10,1,980,1,0.036
skycell,range_cost=10,1,981,0,0.024
skycell,range_cost=10,1,982,7,0.036
skycell,range_cost=10,1,983,0,0.036
skycell,range_cost=10,1,984,2,0.027
skycell,range_cost=10,1,985,0,0.027
skycell,range_cost=10,1,986,5,0.046
skycell,range_cost=10,1,987,0,0.032
skycell,range_cost=10,1,988,1,0.028
skycell,range_cost=10,1,989,0,0.024
skycell,range_cost=10,1,990,6,0.036
skycell,range_cost=10,1,991,0,0.035
skycell,range_cost=10,1,992,1,0.038
skycell,range_cost=10,1,993,0,0.025
skycell,range_cost=10,1,994,1,0.037
skycell,range_cost=10,1,995,0,0.028
skycell,range_cost=10,1,996,5,0.04
skycell,range_cost=10,1,997,0,0.025
skycell,range_cost=10,1,998,5,0.028
skycell,range_cost=10,1,999,0,0.026
skycell,range_cost=10,1,1000,1,0.026
skycell,range_cost=10,1,1001,0,0.027
skycell,range_cost=10,1,1002,1,0.026
skycell,range_cost=10,1,1003,0,0.034
skycell,range_cost=10,1,1004,1,0.027
skycell,range_cost=10,1,1005,0,0.037
skycell,range_cost=10,1,1006,3,0.035
skycell,range_cost=10,1,1007,1,0.034
skycell,range_cost=10,1,1008,2,0.048
skycell,range_cost=10,1,1009,0,0.03
skycell,range_cost=10,1,1010,2,0.029
skycell,range_cost=10,1,1011,0,0.033
skycell,range_cost=10,1,1012,1,0.026
skycell,range_cost=10,1,1013,1,0.031
skycell,range_cost=10,1,1014,2,0.037
skycell,range_cost=10,1,1015,0,0.028
skycell,range_cost=10,1,1016,1,0.027
skycell,range_cost=10,1,1017,0,0.035
skycell,range_cost=10,1,1018,3,0.028
skycell,range_cost=10,1,1019,0,0.027
skycell,range_cost=10,1,1020,1,0.026
skycell,range_cost=10,1,1021,0,0.028
skycell,range_cost=10,1,1022,1,0.036
skycell,range_cost=10,1,1023,0,0.026
skycell,range_cost=10,1,1024,1,0.03
skycell,range_cost=10,1,1025,0,0.025
skycell,range_cost=10,1,1026,1,0.027
skycell,range_cost=10,1,1027,0,0.048
skycell,range_cost=10,1,1028,4,0.038
skycell,range_cost=10,1,1029,0,0.027
skycell,range_cost=10,1,1030,1,0.026
skycell,range_cost=10,1,1031,0,0.036
skycell,range_cost=10,1,1032,1,0.034
skycell,range_cost=10,1,1033,0,0.026
skycell,range_cost=10,1,1034,2,0.026
skycell,range_cost=10,1,1035,0,0.027
skycell,range_cost=10,1,1036,1,0.03
skycell,range_cost=10,1,1037,0,0.026
skycell,range_cost=10,1,1038,1,0.033
skycell,range_cost=10,1,1039,0,0.041
skycell,range_cost=10,1,1040,1,0.029
skycell,range_cost=10,1,1041,0,0.035
skycell,range_cost=10,1,1042,1,0.028
skycell,range_cost=10,1,1043,0,0.023
skycell,range_cost=10,1,1044,1,0.028
skycell,range_cost=10,1,1045,1,0.036
skycell,range_cost=10,1,1046,3,0.027
skycell,range_cost=10,1,1047,0,0.026
skycell,range_cost=10,1,1048,1,0.036
skycell,range_cost=10,1,1049,0,0.028
skycell,range_cost=10,1,1050,3,0.027
skycell,range_cost=10,1,1051,0,0.026
skycell,range_cost=10,1,1052,1,0.035
skycell,range_cost=10,1,1053,0,0.041
skycell,range_cost=10,1,1054,1,0.037
skycell,range_cost=10,1,1055,0,0.036
skycell,range_cost=10,1,1056,1,0.027
skycell,range_cost=10,1,1057,0,0.026
skycell,range_cost=10,1,1058,64,0.091
skycell,range_cost=10,1,1059,0,0.027
skycell,range_cost=10,1,1060,1,0.037
skycell,range_cost=10,1,1061,0,0.036
skycell,range_cost=10,1,1062,1,0.026
skycell,range_cost=10,1,1063,0,0.028
skycell,range_cost=10,1,1064,6,0.046
skycell,range_cost=10,1,1065,2,0.028
skycell,range_cost=10,1,1066,2,0.027
skycell,range_cost=10,1,1067,0,0.042
skycell,range_cost=10,1,1068,2,0.03
skycell,range_cost=10,1,1069,0,0.027
skycell,range_cost=10,1,1070,4,0.034
skycell,range_cost=10,1,1071,0,0.027
skycell,range_cost=10,1,1072,3,0.037
skycell,range_cost=10,1,1073,0,0.034
skycell,range_cost=10,1,1074,1,0.028
skycell,range_cost=10,1,1075,0,0.027
skycell,range_cost=10,1,1076,1,0.026
skycell,range_cost=10,1,1077,0,0.026
skycell,range_cost=10,1,1078,1,0.048
skycell,range_cost=10,1,1079,1,0.027
skycell,range_cost=10,1,1080,2,0.026
skycell,range_cost=10,1,1081,0,0.027
skycell,range_cost=10,1,1082,2,0.039
skycell,range_cost=10,1,1083,0,0.027
skycell,range_cost=10,1,1084,1,0.027
skycell,range_cost=10,1,1085,0,0.025
skycell,range_cost=10,1,1086,2,0.027
skycell,range_cost=10,1,1087,0,0.041
skycell,range_cost=10,1,1088,2,0.025
skycell,range_cost=10,1,1089,0,0.026
skycell,range_cost=10,1,1090,5,0.03
skycell,range_cost=10,1,1091,0,0.034
skycell,range_cost=10,1,1092,2,0.031
skycell,range_cost=10,1,1093,0,0.033
skycell,range_cost=10,1,1094,2,0.036
skycell,range_cost=10,1,1095,0,0.026
skycell,range_cost=10,1,1096,1,0.043
skycell,range_cost=10,1,1097,0,0.027
skycell,range_cost=10,1,1098,1,0.027
skycell,range_cost=10,1,1099,1,0.032
skycell,range_cost=10,1,1100,7,0.03
skycell,range_cost=10,1,1101,1,0.028
skycell,range_cost=10,1,1102,3,0.048
skycell,range_cost=10,1,1103,11,0.054
skycell,range_cost=10,1,1104,2,0.045
skycell,range_cost=10,1,1105,1,0.037
skycell,range_cost=10,1,1106,59,0.07
skycell,range_cost=10,1,1107,3,0.028
skycell,range_cost=10,1,1108,36,0.049
skycell,range_cost=10,1,1109,3,0.029
skycell,range_cost=10,1,1110,27,0.047
skycell,range_cost=10,1,1111,3,0.05
skycell,range_cost=10,1,1112,5,0.039
skycell,range_cost=10,1,1113,2,0.029
skycell,range_cost=10,1,1114,123,0.119
skycell,range_cost=10,1,1115,4,0.038
skycell,range_cost=10,1,1116,137,0.109
skycell,range_cost=10,1,1117,11,0.03
skycell,range_cost=10,1,1118,107,0.098
skycell,range_cost=10,1,1119,14,0.058
skycell,range_cost=10,1,1120,158,0.12
skycell,range_cost=10,1,1121,2,0.05
skycell,range_cost=10,1,1122,21,0.068
skycell,range_cost=10,1,1123,2,0.03
skycell,range_cost=10,1,1124,4,0.038
skycell,range_cost=10,1,1125,3,0.048
skycell,range_cost=10,1,1126,18,0.04
skycell,range_cost=10,1,1127,3,0.039
skycell,range_cost=10,1,1128,6,0.043
skycell,range_cost=10,1,1129,21,0.046
skycell,range_cost=10,1,1130,8,0.035
skycell,range_cost=10,1,1131,2,0.036
skycell,range_cost=10,1,1132,88,0.084
skycell,range_cost=10,1,1133,15,0.055
skycell,range_cost=10,1,1134,1,0.045
skycell,range_cost=10,1,1135,3,0.029
skycell,range_cost=10,1,1136,29,0.053
skycell,range_cost=10,1,1137,0,0.052
skycell,range_cost=10,1,1138,2,0.03
skycell,range_cost=10,1,1139,1,0.03
skycell,range_cost=10,1,1140,6,0.026
skycell,range_cost=10,1,1141,8,0.033
skycell,range_cost=10,1,1142,2,0.027
skycell,range_cost=10,1,1143,4,0.046
skycell,range_cost=10,1,1144,75,0.064
skycell,range_cost=10,1,1145,4,0.048
skycell,range_cost=10,1,1146,22,0.055
skycell,range_cost=10,1,1147,2,0.038
skycell,range_cost=10,1,1148,6,0.036
skycell,range_cost=10,1,1149,9,0.039
skycell,range_cost=10,1,1150,66,0.084
skycell,range_cost=10,1,1151,1,0.032
skycell,range_cost=10,1,1152,34,0.078
skycell,range_cost=10,1,1153,4,0.049
skycell,range_cost=10,1,1154,45,0.059
skycell,range_cost=10,1,1155,3,0.041
skycell,range_cost=10,1,1156,466,0.192
skycell,range_cost=10,1,1157,1,0.049
skycell,range_cost=10,1,1158,49,0.072
skycell,range_cost=10,1,1159,2,0.039
skycell,range_cost=10,1,1160,42,0.08
skycell,range_cost=10,1,1161,4,0.053
skycell,range_cost=10,1,1162,3,0.037
skycell,range_cost=10,1,1163,6,0.042
skycell,range_cost=10,1,1164,3,0.032
skycell,range_cost=10,1,1165,12,0.039
skycell,range_cost=10,1,1166,20,0.047
skycell,range_cost=10,1,1167,4,0.03
skycell,range_cost=10,1,1168,930,0.195
skycell,range_cost=10,1,1169,46,0.06
skycell,range_cost=10,1,1170,5,0.038
skycell,range_cost=10,1,1171,1,0.032
skycell,range_cost=10,1,1172,6,0.03
skycell,range_cost=10,1,1173,3,0.045
skycell,range_cost=10,1,1174,4,0.043
skycell,range_cost=10,1,1175,1,0.037
skycell,range_cost=10,1,1176,16,0.044
skycell,range_cost=10,1,1177,2,0.031
skycell,range_cost=10,1,1178,10,0.031
skycell,range_cost=10,1,1179,4,0.028
skycell,range_cost=10,1,1180,13,0.043
skycell,range_cost=10,1,1181,2,0.051
skycell,range_cost=10,1,1182,52,0.066
skycell,range_cost=10,1,1183,7,0.051
skycell,range_cost=10,1,1184,4,0.038
skycell,range_cost=10,1,1185,1,0.031
skycell,range_cost=10,1,1186,48,0.066
skycell,range_cost=10,1,1187,3,0.038
skycell,range_cost=10,1,1188,3,0.046
skycell,range_cost=10,1,1189,3,0.031
skycell,range_cost=10,1,1190,2,0.038
skycell,range_cost=10,1,1191,1,0.028
skycell,range_cost=10,1,1192,137,0.086
skycell,range_cost=10,1,1193,2,0.029
skycell,range_cost=10,1,1194,3,0.044
skycell,range_cost=10,1,1195,2,0.056
skycell,range_cost=10,1,1196,8,0.038
skycell,range_cost=10,1,1197,1,0.04
skycell,range_cost=10,1,1198,49,0.064
skycell,range_cost=10,1,1199,4,0.031
skycell,range_cost=10,1,1200,55,0.073
skycell,range_cost=10,1,1201,2,0.047
skycell,range_cost=10,1,1202,6,0.033
skycell,range_cost=10,1,1203,48,0.056
skycell,range_cost=10,1,1204,8,0.041
skycell,range_cost=10,1,1205,0,0.029
skycell,range_cost=10,1,1206,63,0.074
skycell,range_cost=10,1,1207,8,0.054
skycell,range_cost=10,1,1208,10,0.034
skycell,range_cost=10,1,1209,2,0.036
skycell,range_cost=10,1,1210,8,0.03
skycell,range_cost=10,1,1211,0,0.046
skycell,range_cost=10,1,1212,72,0.076
skycell,range_cost=10,1,1213,2,0.04
skycell,range_cost=10,1,1214,26,0.066
skycell,range_cost=10,1,1215,1,0.046
skycell,range_cost=10,1,1216,33,0.056
skycell,range_cost=10,1,1217,2,0.036
skycell,range_cost=10,1,1218,4,0.04
skycell,range_cost=10,1,1219,5,0.038
skycell,range_cost=10,1,1220,70,0.062
skycell,range_cost=10,1,1221,0,0.042
skycell,range_cost=10,1,1222,3834,0.374
skycell,range_cost=10,1,1223,1,0.028
skycell,range_cost=10,1,1224,5,0.046
skycell,range_cost=10,1,1225,11,0.044
skycell,range_cost=10,1,1226,3,0.045
skycell,range_cost=10,1,1227,4,0.038
skycell,range_cost=10,1,1228,1616,0.334
skycell,range_cost=10,1,1229,11,0.043
skycell,range_cost=10,1,1230,1,0.037
skycell,range_cost=10,1,1231,1,0.03
skycell,range_cost=10,1,1232,170,0.117
skycell,range_cost=10,1,1233,2,0.038
skycell,range_cost=10,1,1234,3,0.037
skycell,range_cost=10,1,1235,2,0.03
skycell,range_cost=10,1,1236,32,0.067
skycell,range_cost=10,1,1237,2,0.031
skycell,range_cost=10,1,1238,4,0.044
skycell,range_cost=10,1,1239,6,0.033
skycell,range_cost=10,1,1240,40,0.067
skycell,range_cost=10,1,1241,3,0.038
skycell,range_cost=10,1,1242,11,0.049
skycell,range_cost=10,1,1243,51,0.082
skycell,range_cost=10,1,1244,66,0.062
skycell,range_cost=10,1,1245,1,0.038
skycell,range_cost=10,1,1246,3,0.027
skycell,range_cost=10,1,1247,0,0.039
skycell,range_cost=10,1,1248,106,0.091
skycell,range_cost=10,1,1249,11,0.056
skycell,range_cost=10,1,1250,29,0.054
skycell,range_cost=10,1,1251,2,0.037
skycell,range_cost=10,1,1252,79,0.093
skycell,range_cost=10,1,1253,4,0.044
skycell,range_cost=10,1,1254,118,0.107
skycell,range_cost=10,1,1255,47,0.065
skycell,range_cost=10,1,1256,4009,0.353
skycell,range_cost=10,1,1257,74,0.077
skycell,range_cost=10,1,1258,4,0.029
skycell,range_cost=10,1,1259,1,0.045
skycell,range_cost=10,1,1260,5,0.052
skycell,range_cost=10,1,1261,99,0.085
skycell,range_cost=10,1,1262,140,0.102
skycell,range_cost=10,1,1263,2,0.029
skycell,range_cost=10,1,1264,74,0.059
skycell,range_cost=10,1,1265,1,0.037
skycell,range_cost=10,1,1266,21,0.059
skycell,range_cost=10,1,1267,3,0.03
skycell,range_cost=10,1,1268,3,0.051
skycell,range_cost=10,1,1269,3,0.038
skycell,range_cost=10,1,1270,22,0.056
skycell,range_cost=10,1,1271,14,0.043
skycell,range_cost=10,1,1272,19,0.05
skycell,range_cost=10,1,1273,4,0.03
skycell,range_cost=10,1,1274,730,0.212
skycell,range_cost=10,1,1275,61,0.074
skycell,range_cost=10,1,1276,3,0.038
skycell,range_cost=10,1,1277,2,0.031
skycell,range_cost=10,1,1278,139,0.104
skycell,range_cost=10,1,1279,0,0.031
skycell,range_cost=10,1,1280,87,0.081
skycell,range_cost=10,1,1281,3,0.039
skycell,range_cost=10,1,1282,77,0.076
skycell,range_cost=10,1,1283,4,0.028
skycell,range_cost=10,1,1284,47,0.064
skycell,range_cost=10,1,1285,36,0.056
skycell,range_cost=10,1,1286,2,0.028
skycell,range_cost=10,1,1287,7,0.029
skycell,range_cost=10,1,1288,4,0.029
skycell,range_cost=10,1,1289,1,0.032
skycell,range_cost=10,1,1290,175,0.123
skycell,range_cost=10,1,1291,2,0.038
skycell,range_cost=10,1,1292,65,0.074
skycell,range_cost=10,1,1293,4,0.038
skycell,range_cost=10,1,1294,59,0.068
skycell,range_cost=10,1,1295,2,0.036
skycell,range_cost=10,1,1296,5,0.03
skycell,range_cost=10,1,1297,1,0.038
skycell,range_cost=10,1,1298,9,0.047
skycell,range_cost=10,1,1299,3,0.04
skycell,range_cost=10,1,1300,81,0.059
skycell,range_cost=10,1,1301,115,0.098
skycell,range_cost=10,1,1302,528,0.211
skycell,range_cost=10,1,1303,144,0.162
skycell,range_cost=10,1,1304,1562,0.349
skycell,range_cost=10,1,1305,53,0.067
skycell,range_cost=10,1,1306,1632,0.394
skycell,range_cost=10,1,1307,103,0.098
skycell,range_cost=10,1,1308,85,0.114
skycell,range_cost=10,1,1309,72,0.084
skycell,range_cost=10,1,1310,68,0.088
skycell,range_cost=10,1,1311,63,0.067
skycell,range_cost=10,1,1312,66,0.075
skycell,range_cost=10,1,1313,51,0.071
skycell,range_cost=10,1,1314,69,0.094
skycell,range_cost=10,1,1315,475,0.183
skycell,range_cost=10,1,1316,397,0.195
skycell,range_cost=10,1,1317,71,0.099
skycell,range_cost=10,1,1318,800,0.256
skycell,range_cost=10,1,1319,64,0.092
skycell,range_cost=10,1,1320,73,0.105
skycell,range_cost=10,1,1321,75,0.11
skycell,range_cost=10,1,1322,69,0.088
skycell,range_cost=10,1,1323,77,0.088
skycell,range_cost=10,1,1324,2294,0.473
skycell,range_cost=10,1,1325,84,0.093
skycell,range_cost=10,1,1326,752,0.227
skycell,range_cost=10,1,1327,72,0.092
skycell,range_cost=10,1,1328,879,0.245
skycell,range_cost=10,1,1329,81,0.092
skycell,range_cost=10,1,1330,1598,0.388
skycell,range_cost=10,1,1331,61,0.095
skycell,range_cost=10,1,1332,69,0.077
skycell,range_cost=10,1,1333,67,0.069
skycell,range_cost=10,1,1334,736,0.257
skycell,range_cost=10,1,1335,311,0.16
skycell,range_cost=10,1,1336,1019,0.282
skycell,range_cost=10,1,1337,81,0.084
skycell,range_cost=10,1,1338,1099,0.327
skycell,range_cost=10,1,1339,122,0.084
skycell,range_cost=10,1,1340,1284,0.324
skycell,range_cost=10,1,1341,56,0.088
skycell,range_cost=10,1,1342,65,0.092
skycell,range_cost=10,1,1343,61,0.076
skycell,range_cost=10,1,1344,57,0.08
skycell,range_cost=10,1,1345,63,0.087
skycell,range_cost=10,1,1346,553,0.244
skycell,range_cost=10,1,1347,68,0.076
skycell,range_cost=10,1,1348,63,0.1
skycell,range_cost=10,1,1349,216,0.123
skycell,range_cost=10,1,1350,75,0.077
skycell,range_cost=10,1,1351,69,0.099
skycell,range_cost=10,1,1352,157,0.103
skycell,range_cost=10,1,1353,211,0.138
skycell,range_cost=10,1,1354,136,0.089
skycell,range_cost=10,1,1355,47,0.081
skycell,range_cost=10,1,1356,660,0.197
skycell,range_cost=10,1,1357,70,0.095
skycell,range_cost=10,1,1358,66,0.067
skycell,range_cost=10,1,1359,68,0.107
skycell,range_cost=10,1,1360,674,0.207
skycell,range_cost=10,1,1361,67,0.083
skycell,range_cost=10,1,1362,61,0.071
skycell,range_cost=10,1,1363,60,0.084
skycell,range_cost=10,1,1364,2512,0.524
skycell,range_cost=10,1,1365,65,0.078
skycell,range_cost=10,1,1366,65,0.081
skycell,range_cost=10,1,1367,60,0.079
skycell,range_cost=10,1,1368,60,0.08
skycell,range_cost=10,1,1369,163,0.116
skycell,range_cost=10,1,1370,4069,0.739
skycell,range_cost=10,1,1371,77,0.096
skycell,range_cost=10,1,1372,601,0.201
skycell,range_cost=10,1,1373,49,0.082
skycell,range_cost=10,1,1374,70,0.091
skycell,range_cost=10,1,1375,73,0.101
skycell,range_cost=10,1,1376,495,0.232
skycell,range_cost=10,1,1377,63,0.083
skycell,range_cost=10,1,1378,1356,0.356
skycell,range_cost=10,1,1379,79,0.075
skycell,range_cost=10,1,1380,1572,0.367
skycell,range_cost=10,1,1381,47,0.115
skycell,range_cost=10,1,1382,75,0.091
skycell,range_cost=10,1,1383,65,0.081
skycell,range_cost=10,1,1384,77,0.072
skycell,range_cost=10,1,1385,1227,0.327
skycell,range_cost=10,1,1386,1589,0.32
skycell,range_cost=10,1,1387,79,0.071
skycell,range_cost=10,1,1388,898,0.264
skycell,range_cost=10,1,1389,69,0.079
skycell,range_cost=10,1,1390,710,0.23
skycell,range_cost=10,1,1391,77,0.074
skycell,range_cost=10,1,1392,67,0.072
skycell,range_cost=10,1,1393,66,0.077
skycell,range_cost=10,1,1394,3504,0.647
skycell,range_cost=10,1,1395,64,0.091
skycell,range_cost=10,1,1396,3600,0.642
skycell,range_cost=10,1,1397,59,0.095
skycell,range_cost=10,1,1398,2926,0.584
skycell,range_cost=10,1,1399,66,0.097
skycell,range_cost=10,1,1400,4002,0.714
skycell,range_cost=10,1,1401,297,0.205
skycell,range_cost=10,1,1402,254,0.148
skycell,range_cost=10,1,1403,324,0.157
skycell,range_cost=10,1,1404,1369,0.35
skycell,range_cost=10,1,1405,265,0.161
skycell,range_cost=10,1,1406,1108,0.347
skycell,range_cost=10,1,1407,276,0.161
skycell,range_cost=10,1,1408,4152,0.741
skycell,range_cost=10,1,1409,297,0.155
skycell,range_cost=10,1,1410,306,0.142
skycell,range_cost=10,1,1411,748,0.256
skycell,range_cost=10,1,1412,265,0.138
skycell,range_cost=10,1,1413,280,0.16
skycell,range_cost=10,1,1414,1101,0.334
skycell,range_cost=10,1,1415,251,0.127
skycell,range_cost=10,1,1416,9129,1.302
skycell,range_cost=10,1,1417,272,0.141
skycell,range_cost=10,1,1418,5071,0.865
skycell,range_cost=10,1,1419,271,0.162
skycell,range_cost=10,1,1420,5690,0.891
skycell,range_cost=10,1,1421,233,0.137
skycell,range_cost=10,1,1422,4433,0.742
skycell,range_cost=10,1,1423,260,0.141
skycell,range_cost=10,1,1424,3126,0.576
skycell,range_cost=10,1,1425,3145,0.612
skycell,range_cost=10,1,1426,302,0.182
skycell,range_cost=10,1,1427,255,0.163
skycell,range_cost=10,1,1428,3905,0.741
skycell,range_cost=10,1,1429,1284,0.363
skycell,range_cost=10,1,1430,1294,0.286
skycell,range_cost=10,1,1431,289,0.126
skycell,range_cost=10,1,1432,268,0.173
skycell,range_cost=10,1,1433,901,0.315
skycell,range_cost=10,1,1434,277,0.158
skycell,range_cost=10,1,1435,1243,0.354
skycell,range_cost=10,1,1436,1021,0.271
skycell,range_cost=10,1,1437,298,0.145
skycell,range_cost=10,1,1438,4191,0.479
skycell,range_cost=10,1,1439,307,0.148
skycell,range_cost=10,1,1440,269,0.159
skycell,range_cost=10,1,1441,2336,0.491
skycell,range_cost=10,1,1442,2435,0.514
skycell,range_cost=10,1,1443,2502,0.527
skycell,range_cost=10,1,1444,35019,3.901
skycell,range_cost=10,1,1445,11114,1.579
skycell,range_cost=10,1,1446,6517,0.83
skycell,range_cost=10,1,1447,2340,0.531
skycell,range_cost=10,1,1448,147516,13.192
skycell,range_cost=10,1,1449,2525,0.583
skycell,range_cost=10,1,1450,43516,4.368
skycell,range_cost=10,1,1451,2330,0.573
skycell,range_cost=10,1,1452,26649,3.231
skycell,range_cost=10,1,1453,2324,0.537
skycell,range_cost=10,1,1454,22109,2.637
skycell,range_cost=10,1,1455,2386,0.529
skycell,range_cost=10,1,1456,18819,2.284
skycell,range_cost=10,2,1,0,0.038
skycell,range_cost=10,2,2,1,0.029
skycell,range_cost=10,2,3,0,0.028
skycell,range_cost=10,2,4,1,0.037
skycell,range_cost=10,2,5,0,0.027
skycell,range_cost=10,2,6,1,0.035
skycell,range_cost=10,2,7,0,0.026
skycell,range_cost=10,2,8,1,0.029
skycell,range_cost=10,2,9,0,0.026
skycell,range_cost=10,2,10,1,0.029
skycell,range_cost=10,2,11,0,0.026
skycell,range_cost=10,2,12,1,0.035
skycell,range_cost=10,2,13,0,0.027
skycell,range_cost=10,2,14,1,0.027
skycell,range_cost=10,2,15,0,0.034
skycell,range_cost=10,2,16,1,0.04
skycell,range_cost=10,2,17,0,0.033
skycell,range_cost=10,2,18,1,0.034
skycell,range_cost=10,2,19,0,0.026
skycell,range_cost=10,2,20,1,0.026
skycell,range_cost=10,2,21,0,0.025
skycell,range_cost=10,2,22,1,0.035
skycell,range_cost=10,2,23,0,0.027
skycell,range_cost=10,2,24,1,0.026
skycell,range_cost=10,2,25,0,0.026
skycell,range_cost=10,2,26,1,0.027
skycell,range_cost=10,2,27,0,0.026
skycell,range_cost=10,2,28,1,0.027
skycell,range_cost=10,2,29,0,0.025
skycell,range_cost=10,2,30,1,0.036
skycell,range_cost=10,2,31,0,0.027
skycell,range_cost=10,2,32,1,0.033
skycell,range_cost=10,2,33,0,0.025
skycell,range_cost=10,2,34,1,0.027
skycell,range_cost=10,2,35,0,0.025
skycell,range_cost=10,2,36,1,0.026
skycell,range_cost=10,2,37,0,0.033
skycell,range_cost=10,2,38,1,0.026
skycell,range_cost=10,2,39,0,0.027
skycell,range_cost=10,2,40,1,0.027
skycell,range_cost=10,2,41,0,0.026
skycell,range_cost=10,2,42,1,0.028
skycell,range_cost=10,2,43,0,0.033
skycell,range_cost=10,2,44,1,0.027
skycell,range_cost=10,2,45,0,0.035
skycell,range_cost=10,2,46,1,0.035
skycell,range_cost=10,2,47,0,0.034
skycell,range_cost=10,2,48,1,0.032
skycell,range_cost=10,2,49,0,0.025
skycell,range_cost=10,2,50,1,0.027
skycell,range_cost=10,2,51,0,0.033
skycell,range_cost=10,2,52,1,0.027
skycell,range_cost=10,2,53,0,0.024
skycell,range_cost=10,2,54,1,0.027
skycell,range_cost=10,2,55,0,0.034
skycell,range_cost=10,2,56,1,0.026
skycell,range_cost=10,2,57,0,0.026
skycell,range_cost=10,2,58,1,0.028
skycell,range_cost=10,2,59,0,0.025
skycell,range_cost=10,2,60,1,0.027
skycell,range_cost=10,2,61,0,0.034
skycell,range_cost=10,2,62,1,0.037
skycell,range_cost=10,2,63,0,0.027
skycell,range_cost=10,2,64,1,0.027
skycell,range_cost=10,2,65,0,0.025
skycell,range_cost=10,2,66,1,0.025
skycell,range_cost=10,2,67,0,0.026
skycell,range_cost=10,2,68,1,0.027
skycell,range_cost=10,2,69,0,0.026
skycell,range_cost=10,2,70,1,0.025
skycell,range_cost=10,2,71,0,0.025
skycell,range_cost=10,2,72,1,0.026
skycell,range_cost=10,2,73,0,0.026
skycell,range_cost=10,2,74,1,0.025
skycell,range_cost=10,2,75,0,0.024
skycell,range_cost=10,2,76,1,0.027
skycell,range_cost=10,2,77,0,0.036
skycell,range_cost=10,2,78,1,0.029
skycell,range_cost=10,2,79,0,0.028
skycell,range_cost=10,2,80,1,0.033
skycell,range_cost=10,2,81,0,0.028
skycell,range_cost=10,2,82,1,0.027
skycell,range_cost=10,2,83,0,0.047
skycell,range_cost=10,2,84,1,0.027
skycell,range_cost=10,2,85,0,0.026
skycell,range_cost=10,2,86,1,0.025
skycell,range_cost=10,2,87,0,0.026
skycell,range_cost=10,2,88,1,0.026
skycell,range_cost=10,2,89,0,0.032
skycell,range_cost=10,2,90,1,0.027
skycell,range_cost=10,2,91,0,0.025
skycell,range_cost=10,2,92,1,0.028
skycell,range_cost=10,2,93,0,0.025
skycell,range_cost=10,2,94,1,0.035
skycell,range_cost=10,2,95,0,0.025
skycell,range_cost=10,2,96,1,0.035
skycell,range_cost=10,2,97,0,0.025
skycell,range_cost=10,2,98,1,0.027
skycell,range_cost=10,2,99,0,0.025
skycell,range_cost=10,2,100,1,0.025
skycell,range_cost=10,2,101,0,0.023
skycell,range_cost=10,2,102,1,0.025
skycell,range_cost=10,2,103,0,0.025
skycell,range_cost=10,2,104,1,0.025
skycell,range_cost=10,2,105,0,0.025
skycell,range_cost=10,2,106,1,0.027
skycell,range_cost=10,2,107,0,0.024
skycell,range_cost=10,2,108,1,0.032
skycell,range_cost=10,2,109,0,0.033
skycell,range_cost=10,2,110,1,0.035
skycell,range_cost=10,2,111,0,0.044
skycell,range_cost=10,2,112,1,0.028
skycell,range_cost=10,2,113,0,0.026
skycell,range_cost=10,2,114,1,0.027
skycell,range_cost=10,2,115,0,0.035
skycell,range_cost=10,2,116,1,0.034
skycell,range_cost=10,2,117,0,0.026
skycell,range_cost=10,2,118,1,0.027
skycell,range_cost=10,2,119,0,0.025
skycell,range_cost=10,2,120,1,0.026
skycell,range_cost=10,2,121,0,0.025
skycell,range_cost=10,2,122,1,0.035
skycell,range_cost=10,2,123,0,0.024
skycell,range_cost=10,2,124,1,0.026
skycell,range_cost=10,2,125,0,0.035
skycell,range_cost=10,2,126,1,0.027
skycell,range_cost=10,2,127,0,0.025
skycell,range_cost=10,2,128,1,0.027
skycell,range_cost=10,2,129,0,0.025
skycell,range_cost=10,2,130,1,0.026
skycell,range_cost=10,2,131,0,0.025
skycell,range_cost=10,2,132,1,0.026
skycell,range_cost=10,2,133,0,0.025
skycell,range_cost=10,2,134,1,0.026
skycell,range_cost=10,2,135,0,0.025
skycell,range_cost=10,2,136,1,0.026
skycell,range_cost=10,2,137,0,0.024
skycell,range_cost=10,2,138,1,0.034
skycell,range_cost=10,2,139,0,0.025
skycell,range_cost=10,2,140,1,0.026
skycell,range_cost=10,2,141,0,0.033
skycell,range_cost=10,2,142,1,0.034
skycell,range_cost=10,2,143,0,0.026
skycell,range_cost=10,2,144,1,0.034
skycell,range_cost=10,2,145,0,0.025
skycell,range_cost=10,2,146,1,0.045
skycell,range_cost=10,2,147,0,0.026
skycell,range_cost=10,2,148,1,0.027
skycell,range_cost=10,2,149,0,0.03
skycell,range_cost=10,2,150,1,0.035
skycell,range_cost=10,2,151,0,0.025
skycell,range_cost=10,2,152,1,0.027
skycell,range_cost=10,2,153,0,0.025
skycell,range_cost=10,2,154,1,0.025
skycell,range_cost=10,2,155,0,0.025
skycell,range_cost=10,2,156,1,0.026
skycell,range_cost=10,2,157,0,0.025
skycell,range_cost=10,2,158,1,0.024
skycell,range_cost=10,2,159,0,0.026
skycell,range_cost=10,2,160,1,0.025
skycell,range_cost=10,2,161,0,0.025
skycell,range_cost=10,2,162,1,0.026
skycell,range_cost=10,2,163,0,0.026
skycell,range_cost=10,2,164,1,0.025
skycell,range_cost=10,2,165,0,0.025
skycell,range_cost=10,2,166,1,0.027
skycell,range_cost=10,2,167,0,0.025
skycell,range_cost=10,2,168,1,0.034
skycell,range_cost=10,2,169,0,0.032
skycell,range_cost=10,2,170,1,0.026
skycell,range_cost=10,2,171,0,0.026
skycell,range_cost=10,2,172,1,0.026
skycell,range_cost=10,2,173,0,0.033
skycell,range_cost=10,2,174,1,0.027
skycell,range_cost=10,2,175,0,0.024
skycell,range_cost=10,2,176,1,0.025
skycell,range_cost=10,2,177,0,0.024
skycell,range_cost=10,2,178,1,0.034
skycell,range_cost=10,2,179,0,0.04
skycell,range_cost=10,2,180,1,0.028
skycell,range_cost=10,2,181,0,0.031
skycell,range_cost=10,2,182,1,0.032
skycell,range_cost=10,2,183,0,0.026
skycell,range_cost=10,2,184,1,0.034
skycell,range_cost=10,2,185,0,0.025
skycell,range_cost=10,2,186,1,0.027
skycell,range_cost=10,2,187,0,0.024
skycell,range_cost=10,2,188,1,0.027
skycell,range_cost=10,2,189,0,0.032
skycell,range_cost=10,2,190,1,0.025
skycell,range_cost=10,2,191,0,0.024
skycell,range_cost=10,2,192,1,0.026
skycell,range_cost=10,2,193,0,0.025
skycell,range_cost=10,2,194,1,0.034
skycell,range_cost=10,2,195,0,0.024
skycell,range_cost=10,2,196,1,0.027
skycell,range_cost=10,2,197,0,0.044
skycell,range_cost=10,2,198,1,0.026
skycell,range_cost=10,2,199,0,0.026
skycell,range_cost=10,2,200,1,0.026
skycell,range_cost=10,2,201,0,0.025
skycell,range_cost=10,2,202,1,0.026
skycell,range_cost=10,2,203,0,0.025
skycell,range_cost=10,2,204,1,0.026
skycell,range_cost=10,2,205,0,0.025
skycell,range_cost=10,2,206,1,0.032
skycell,range_cost=10,2,207,0,0.025
skycell,range_cost=10,2,208,1,0.026
skycell,range_cost=10,2,209,0,0.024
skycell,range_cost=10,2,210,1,0.026
skycell,range_cost=10,2,211,0,0.026
skycell,range_cost=10,2,212,1,0.026
skycell,range_cost=10,2,213,0,0.026
skycell,range_cost=10,2,214,1,0.026
skycell,range_cost=10,2,215,0,0.025
skycell,range_cost=10,2,216,1,0.035
skycell,range_cost=10,2,217,0,0.03
skycell,range_cost=10,2,218,1,0.036
skycell,range_cost=10,2,219,0,0.033
skycell,range_cost=10,2,220,1,0.034
skycell,range_cost=10,2,221,0,0.025
skycell,range_cost=10,2,222,1,0.027
skycell,range_cost=10,2,223,0,0.034
skycell,range_cost=10,2,224,1,0.026
skycell,range_cost=10,2,225,0,0.026
skycell,range_cost=10,2,226,1,0.027
skycell,range_cost=10,2,227,0,0.034
skycell,range_cost=10,2,228,1,0.025
skycell,range_cost=10,2,229,0,0.024
skycell,range_cost=10,2,230,1,0.034
skycell,range_cost=10,2,231,0,0.026
skycell,range_cost=10,2,232,1,0.026
skycell,range_cost=10,2,233,0,0.025
skycell,range_cost=10,2,234,1,0.027
skycell,range_cost=10,2,235,0,0.026
skycell,range_cost=10,2,236,1,0.026
skycell,range_cost=10,2,237,0,0.035
skycell,range_cost=10,2,238,1,0.034
skycell,range_cost=10,2,239,0,0.025
skycell,range_cost=10,2,240,1,0.027
skycell,range_cost=10,2,241,0,0.026
skycell,range_cost=10,2,242,1,0.025
skycell,range_cost=10,2,243,0,0.025
skycell,range_cost=10,2,244,1,0.026
skycell,range_cost=10,2,245,0,0.033
skycell,range_cost=10,2,246,1,0.026
skycell,range_cost=10,2,247,0,0.027
skycell,range_cost=10,2,248,1,0.026
skycell,range_cost=10,2,249,0,0.025
skycell,range_cost=10,2,250,1,0.026
skycell,range_cost=10,2,251,0,0.031
skycell,range_cost=10,2,252,1,0.026
skycell,range_cost=10,2,253,0,0.025
skycell,range_cost=10,2,254,1,0.035
skycell,range_cost=10,2,255,0,0.025
skycell,range_cost=10,2,256,1,0.026
skycell,range_cost=10,2,257,0,0.025
skycell,range_cost=10,2,258,1,0.027
skycell,range_cost=10,2,259,0,0.024
skycell,range_cost=10,2,260,1,0.026
skycell,range_cost=10,2,261,0,0.034
skycell,range_cost=10,2,262,1,0.034
skycell,range_cost=10,2,263,0,0.031
skycell,range_cost=10,2,264,1,0.026
skycell,range_cost=10,2,265,0,0.032
skycell,range_cost=10,2,266,1,0.034
skycell,range_cost=10,2,267,0,0.024
skycell,range_cost=10,2,268,1,0.027
skycell,range_cost=10,2,269,0,0.033
skycell,range_cost=10,2,270,1,0.026
skycell,range_cost=10,2,271,0,0.033
skycell,range_cost=10,2,272,1,0.028
skycell,range_cost=10,2,273,0,0.025
skycell,range_cost=10,2,274,1,0.025
skycell,range_cost=10,2,275,0,0.025
skycell,range_cost=10,2,276,1,0.027
skycell,range_cost=10,2,277,0,0.033
skycell,range_cost=10,2,278,1,0.027
skycell,range_cost=10,2,279,0,0.033
skycell,range_cost=10,2,280,1,0.025
skycell,range_cost=10,2,281,0,0.025
skycell,range_cost=10,2,282,1,0.026
skycell,range_cost=10,2,283,0,0.025
skycell,range_cost=10,2,284,1,0.031
skycell,range_cost=10,2,285,0,0.045
skycell,range_cost=10,2,286,1,0.027
skycell,range_cost=10,2,287,0,0.032
skycell,range_cost=10,2,288,1,0.026
skycell,range_cost=10,2,289,0,0.026
skycell,range_cost=10,2,290,1,0.026
skycell,range_cost=10,2,291,0,0.033
skycell,range_cost=10,2,292,1,0.033
skycell,range_cost=10,2,293,0,0.025
skycell,range_cost=10,2,294,1,0.027
skycell,range_cost=10,2,295,0,0.026
skycell,range_cost=10,2,296,1,0.026
skycell,range_cost=10,2,297,0,0.024
skycell,range_cost=10,2,298,1,0.026
skycell,range_cost=10,2,299,0,0.026
skycell,range_cost=10,2,300,1,0.025
skycell,range_cost=10,2,301,0,0.025
skycell,range_cost=10,2,302,1,0.026
skycell,range_cost=10,2,303,0,0.026
skycell,range_cost=10,2,304,1,0.04
skycell,range_cost=10,2,305,0,0.034
skycell,range_cost=10,2,306,1,0.025
skycell,range_cost=10,2,307,0,0.026
skycell,range_cost=10,2,308,1,0.026
skycell,range_cost=10,2,309,0,0.026
skycell,range_cost=10,2,310,1,0.026
skycell,range_cost=10,2,311,0,0.039
skycell,range_cost=10,2,312,1,0.035
skycell,range_cost=10,2,313,0,0.026
skycell,range_cost=10,2,314,1,0.026
skycell,range_cost=10,2,315,0,0.034
skycell,range_cost=10,2,316,1,0.033
skycell,range_cost=10,2,317,0,0.039
skycell,range_cost=10,2,318,1,0.029
skycell,range_cost=10,2,319,0,0.025
skycell,range_cost=10,2,320,1,0.027
skycell,range_cost=10,2,321,0,0.025
skycell,range_cost=10,2,322,1,0.027
skycell,range_cost=10,2,323,0,0.025
skycell,range_cost=10,2,324,1,0.034
skycell,range_cost=10,2,325,0,0.042
skycell,range_cost=10,2,326,1,0.027
skycell,range_cost=10,2,327,0,0.031
skycell,range_cost=10,2,328,1,0.026
skycell,range_cost=10,2,329,0,0.032
skycell,range_cost=10,2,330,1,0.026
skycell,range_cost=10,2,331,0,0.025
skycell,range_cost=10,2,332,1,0.027
skycell,range_cost=10,2,333,0,0.027
skycell,range_cost=10,2,334,1,0.025
skycell,range_cost=10,2,335,0,0.025
skycell,range_cost=10,2,336,1,0.027
skycell,range_cost=10,2,337,0,0.025
skycell,range_cost=10,2,338,1,0.025
skycell,range_cost=10,2,339,0,0.025
skycell,range_cost=10,2,340,1,0.033
skycell,range_cost=10,2,341,0,0.025
skycell,range_cost=10,2,342,1,0.026
skycell,range_cost=10,2,343,0,0.024
skycell,range_cost=10,2,344,1,0.027
skycell,range_cost=10,2,345,0,0.023
skycell,range_cost=10,2,346,1,0.027
skycell,range_cost=10,2,347,0,0.025
skycell,range_cost=10,2,348,1,0.036
skycell,range_cost=10,2,349,0,0.034
skycell,range_cost=10,2,350,1,0.027
skycell,range_cost=10,2,351,0,0.025
skycell,range_cost=10,2,352,1,0.028
skycell,range_cost=10,2,353,0,0.033
skycell,range_cost=10,2,354,1,0.034
skycell,range_cost=10,2,355,0,0.025
skycell,range_cost=10,2,356,1,0.034
skycell,range_cost=10,2,357,0,0.026
skycell,range_cost=10,2,358,1,0.025
skycell,range_cost=10,2,359,0,0.025
skycell,range_cost=10,2,360,1,0.027
skycell,range_cost=10,2,361,0,0.025
skycell,range_cost=10,2,362,1,0.026
skycell,range_cost=10,2,363,0,0.026
skycell,range_cost=10,2,364,1,0.036
skycell,range_cost=10,2,365,0,0.025
skycell,range_cost=10,2,366,1,0.026
skycell,range_cost=10,2,367,0,0.034
skycell,range_cost=10,2,368,1,0.026
skycell,range_cost=10,2,369,0,0.026
skycell,range_cost=10,2,370,1,0.025
skycell,range_cost=10,2,371,0,0.024
skycell,range_cost=10,2,372,1,0.028
skycell,range_cost=10,2,373,0,0.025
skycell,range_cost=10,2,374,1,0.026
skycell,range_cost=10,2,375,0,0.034
skycell,range_cost=10,2,376,1,0.035
skycell,range_cost=10,2,377,0,0.026
skycell,range_cost=10,2,378,1,0.034
skycell,range_cost=10,2,379,0,0.024
skycell,range_cost=10,2,380,1,0.025
skycell,range_cost=10,2,381,0,0.024
skycell,range_cost=10,2,382,1,0.034
skycell,range_cost=10,2,383,0,0.039
skycell,range_cost=10,2,384,1,0.026
skycell,range_cost=10,2,385,0,0.039
skycell,range_cost=10,2,386,1,0.034
skycell,range_cost=10,2,387,0,0.026
skycell,range_cost=10,2,388,1,0.034
skycell,range_cost=10,2,389,0,0.034
skycell,range_cost=10,2,390,1,0.035
skycell,range_cost=10,2,391,0,0.027
skycell,range_cost=10,2,392,1,0.027
skycell,range_cost=10,2,393,0,0.025
skycell,range_cost=10,2,394,1,0.026
skycell,range_cost=10,2,395,0,0.025
skycell,range_cost=10,2,396,1,0.027
skycell,range_cost=10,2,397,0,0.024
skycell,range_cost=10,2,398,1,0.026
skycell,range_cost=10,2,399,0,0.025
skycell,range_cost=10,2,400,1,0.04
skycell,range_cost=10,2,401,0,0.025
skycell,range_cost=10,2,402,1,0.027
skycell,range_cost=10,2,403,0,0.026
skycell,range_cost=10,2,404,1,0.036
skycell,range_cost=10,2,405,0,0.025
skycell,range_cost=10,2,406,1,0.026
skycell,range_cost=10,2,407,0,0.036
skycell,range_cost=10,2,408,1,0.041
skycell,range_cost=10,2,409,0,0.026
skycell,range_cost=10,2,410,1,0.035
skycell,range_cost=10,2,411,0,0.025
skycell,range_cost=10,2,412,1,0.026
skycell,range_cost=10,2,413,0,0.026
skycell,range_cost=10,2,414,1,0.026
skycell,range_cost=10,2,415,0,0.025
skycell,range_cost=10,2,416,1,0.027
skycell,range_cost=10,2,417,0,0.033
skycell,range_cost=10,2,418,1,0.034
skycell,range_cost=10,2,419,0,0.026
skycell,range_cost=10,2,420,1,0.025
skycell,range_cost=10,2,421,0,0.025
skycell,range_cost=10,2,422,1,0.025
skycell,range_cost=10,2,423,0,0.024
skycell,range_cost=10,2,424,1,0.035
skycell,range_cost=10,2,425,1,0.034
skycell,range_cost=10,2,426,1,0.026
skycell,range_cost=10,2,427,0,0.033
skycell,range_cost=10,2,428,1,0.026
skycell,range_cost=10,2,429,0,0.026
skycell,range_cost=10,2,430,1,0.027
skycell,range_cost=10,2,431,0,0.026
skycell,range_cost=10,2,432,1,0.026
skycell,range_cost=10,2,433,0,0.024
skycell,range_cost=10,2,434,1,0.028
skycell,range_cost=10,2,435,0,0.026
skycell,range_cost=10,2,436,1,0.026
skycell,range_cost=10,2,437,0,0.025
skycell,range_cost=10,2,438,1,0.026
skycell,range_cost=10,2,439,0,0.033
skycell,range_cost=10,2,440,1,0.026
skycell,range_cost=10,2,441,0,0.025
skycell,range_cost=10,2,442,1,0.027
skycell,range_cost=10,2,443,0,0.032
skycell,range_cost=10,2,444,1,0.034
skycell,range_cost=10,2,445,0,0.025
skycell,range_cost=10,2,446,1,0.027
skycell,range_cost=10,2,447,0,0.034
skycell,range_cost=10,2,448,1,0.038
skycell,range_cost=10,2,449,0,0.053
skycell,range_cost=10,2,450,1,0.037
skycell,range_cost=10,2,451,0,0.033
skycell,range_cost=10,2,452,1,0.034
skycell,range_cost=10,2,453,0,0.026
skycell,range_cost=10,2,454,1,0.025
skycell,range_cost=10,2,455,0,0.024
skycell,range_cost=10,2,456,1,0.034
skycell,range_cost=10,2,457,0,0.034
skycell,range_cost=10,2,458,1,0.027
skycell,range_cost=10,2,459,0,0.032
skycell,range_cost=10,2,460,1,0.027
skycell,range_cost=10,2,461,0,0.026
skycell,range_cost=10,2,462,1,0.026
skycell,range_cost=10,2,463,0,0.033
skycell,range_cost=10,2,464,1,0.026
skycell,range_cost=10,2,465,0,0.034
skycell,range_cost=10,2,466,1,0.027
skycell,range_cost=10,2,467,0,0.033
skycell,range_cost=10,2,468,2,0.027
skycell,range_cost=10,2,469,0,0.025
skycell,range_cost=10,2,470,1,0.039
skycell,range_cost=10,2,471,0,0.025
skycell,range_cost=10,2,472,1,0.026
skycell,range_cost=10,2,473,0,0.031
skycell,range_cost=10,2,474,1,0.027
skycell,range_cost=10,2,475,0,0.025
skycell,range_cost=10,2,476,1,0.027
skycell,range_cost=10,2,477,0,0.025
skycell,range_cost=10,2,478,1,0.027
skycell,range_cost=10,2,479,0,0.025
skycell,range_cost=10,2,480,1,0.026
skycell,range_cost=10,2,481,0,0.034
skycell,range_cost=10,2,482,1,0.027
skycell,range_cost=10,2,483,0,0.033
skycell,range_cost=10,2,484,1,0.027
skycell,range_cost=10,2,485,0,0.025
skycell,range_cost=10,2,486,1,0.026
skycell,range_cost=10,2,487,0,0.026
skycell,range_cost=10,2,488,1,0.025
skycell,range_cost=10,2,489,0,0.033
skycell,range_cost=10,2,490,1,0.026
skycell,range_cost=10,2,491,0,0.026
skycell,range_cost=10,2,492,1,0.026
skycell,range_cost=10,2,493,0,0.026
skycell,range_cost=10,2,494,1,0.026
skycell,range_cost=10,2,495,0,0.027
skycell,range_cost=10,2,496,1,0.037
skycell,range_cost=10,2,497,0,0.026
skycell,range_cost=10,2,498,1,0.027
skycell,range_cost=10,2,499,0,0.027
skycell,range_cost=10,2,500,1,0.036
skycell,range_cost=10,2,501,0,0.026
skycell,range_cost=10,2,502,1,0.026
skycell,range_cost=10,2,503,0,0.025
skycell,range_cost=10,2,504,1,0.035
skycell,range_cost=10,2,505,0,0.026
skycell,range_cost=10,2,506,2,0.037
skycell,range_cost=10,2,507,0,0.026
skycell,range_cost=10,2,508,1,0.026
skycell,range_cost=10,2,509,0,0.026
skycell,range_cost=10,2,510,1,0.027
skycell,range_cost=10,2,511,0,0.026
skycell,range_cost=10,2,512,1,0.026
skycell,range_cost=10,2,513,0,0.034
skycell,range_cost=10,2,514,1,0.028
skycell,range_cost=10,2,515,0,0.034
skycell,range_cost=10,2,516,1,0.033
skycell,range_cost=10,2,517,0,0.026
skycell,range_cost=10,2,518,1,0.027
skycell,range_cost=10,2,519,0,0.025
skycell,range_cost=10,2,520,1,0.026
skycell,range_cost=10,2,521,0,0.026
skycell,range_cost=10,2,522,1,0.024
skycell,range_cost=10,2,523,0,0.034
skycell,range_cost=10,2,524,1,0.026
skycell,range_cost=10,2,525,0,0.027
skycell,range_cost=10,2,526,1,0.026
skycell,range_cost=10,2,527,0,0.025
skycell,range_cost=10,2,528,1,0.026
skycell,range_cost=10,2,529,0,0.025
skycell,range_cost=10,2,530,1,0.026
skycell,range_cost=10,2,531,0,0.037
skycell,range_cost=10,2,532,1,0.026
skycell,range_cost=10,2,533,0,0.025
skycell,range_cost=10,2,534,1,0.034
skycell,range_cost=10,2,535,0,0.027
skycell,range_cost=10,2,536,1,0.026
skycell,range_cost=10,2,537,0,0.025
skycell,range_cost=10,2,538,1,0.025
skycell,range_cost=10,2,539,0,0.024
skycell,range_cost=10,2,540,1,0.027
skycell,range_cost=10,2,541,0,0.032
skycell,range_cost=10,2,542,1,0.026
skycell,range_cost=10,2,543,0,0.024
skycell,range_cost=10,2,544,1,0.027
skycell,range_cost=10,2,545,0,0.025
skycell,range_cost=10,2,546,1,0.032
skycell,range_cost=10,2,547,0,0.026
skycell,range_cost=10,2,548,1,0.027
skycell,range_cost=10,2,549,0,0.025
skycell,range_cost=10,2,550,1,0.026
skycell,range_cost=10,2,551,0,0.031
skycell,range_cost=10,2,552,1,0.044
skycell,range_cost=10,2,553,0,0.034
skycell,range_cost=10,2,554,1,0.026
skycell,range_cost=10,2,555,0,0.025
skycell,range_cost=10,2,556,1,0.026
skycell,range_cost=10,2,557,0,0.024
skycell,range_cost=10,2,558,1,0.026
skycell,range_cost=10,2,559,0,0.033
skycell,range_cost=10,2,560,1,0.026
skycell,range_cost=10,2,561,0,0.034
skycell,range_cost=10,2,562,1,0.028
skycell,range_cost=10,2,563,0,0.033
skycell,range_cost=10,2,564,1,0.027
skycell,range_cost=10,2,565,0,0.026
skycell,range_cost=10,2,566,1,0.026
skycell,range_cost=10,2,567,0,0.026
skycell,range_cost=10,2,568,1,0.026
skycell,range_cost=10,2,569,0,0.033
skycell,range_cost=10,2,570,1,0.028
skycell,range_cost=10,2,571,0,0.025
skycell,range_cost=10,2,572,13,0.04
skycell,range_cost=10,2,573,0,0.025
skycell,range_cost=10,2,574,1,0.033
skycell,range_cost=10,2,575,0,0.024
skycell,range_cost=10,2,576,1,0.026
skycell,range_cost=10,2,577,0,0.025
skycell,range_cost=10,2,578,2,0.028
skycell,range_cost=10,2,579,0,0.025
skycell,range_cost=10,2,580,1,0.026
skycell,range_cost=10,2,581,0,0.032
skycell,range_cost=10,2,582,1,0.036
skycell,range_cost=10,2,583,0,0.033
skycell,range_cost=10,2,584,1,0.032
skycell,range_cost=10,2,585,0,0.026
skycell,range_cost=10,2,586,1,0.026
skycell,range_cost=10,2,587,0,0.025
skycell,range_cost=10,2,588,1,0.026
skycell,range_cost=10,2,589,0,0.025
skycell,range_cost=10,2,590,1,0.027
skycell,range_cost=10,2,591,0,0.025
skycell,range_cost=10,2,592,1,0.026
skycell,range_cost=10,2,593,0,0.024
skycell,range_cost=10,2,594,1,0.026
skycell,range_cost=10,2,595,0,0.025
skycell,range_cost=10,2,596,1,0.026
skycell,range_cost=10,2,597,0,0.035
skycell,range_cost=10,2,598,1,0.028
skycell,range_cost=10,2,599,0,0.026
skycell,range_cost=10,2,600,1,0.027
skycell,range_cost=10,2,601,0,0.026
skycell,range_cost=10,2,602,1,0.026
skycell,range_cost=10,2,603,0,0.027
skycell,range_cost=10,2,604,2,0.041
skycell,range_cost=10,2,605,0,0.026
skycell,range_cost=10,2,606,18,0.063
skycell,range_cost=10,2,607,0,0.034
skycell,range_cost=10,2,608,1,0.036
skycell,range_cost=10,2,609,0,0.026
skycell,range_cost=10,2,610,1,0.027
skycell,range_cost=10,2,611,0,0.033
skycell,range_cost=10,2,612,1,0.035
skycell,range_cost=10,2,613,0,0.025
skycell,range_cost=10,2,614,1,0.026
skycell,range_cost=10,2,615,0,0.026
skycell,range_cost=10,2,616,1,0.026
skycell,range_cost=10,2,617,0,0.034
skycell,range_cost=10,2,618,1,0.027
skycell,range_cost=10,2,619,0,0.033
skycell,range_cost=10,2,620,1,0.027
skycell,range_cost=10,2,621,0,0.025
skycell,range_cost=10,2,622,1,0.036
skycell,range_cost=10,2,623,0,0.035
skycell,range_cost=10,2,624,1,0.027
skycell,range_cost=10,2,625,0,0.025
skycell,range_cost=10,2,626,1,0.027
skycell,range_cost=10,2,627,0,0.034
skycell,range_cost=10,2,628,1,0.027
skycell,range_cost=10,2,629,0,0.024
skycell,range_cost=10,2,630,1,0.027
skycell,range_cost=10,2,631,0,0.034
skycell,range_cost=10,2,632,1,0.028
skycell,range_cost=10,2,633,0,0.025
skycell,range_cost=10,2,634,1,0.036
skycell,range_cost=10,2,635,0,0.034
skycell,range_cost=10,2,636,1,0.032
skycell,range_cost=10,2,637,1,0.036
skycell,range_cost=10,2,638,1,0.026
skycell,range_cost=10,2,639,0,0.033
skycell,range_cost=10,2,640,1,0.028
skycell,range_cost=10,2,641,0,0.034
skycell,range_cost=10,2,642,1,0.028
skycell,range_cost=10,2,643,0,0.033
skycell,range_cost=10,2,644,1,0.027
skycell,range_cost=10,2,645,0,0.031
skycell,range_cost=10,2,646,1,0.027
skycell,range_cost=10,2,647,0,0.033
skycell,range_cost=10,2,648,1,0.027
skycell,range_cost=10,2,649,0,0.03
skycell,range_cost=10,2,650,1,0.025
skycell,range_cost=10,2,651,0,0.033
skycell,range_cost=10,2,652,1,0.026
skycell,range_cost=10,2,653,0,0.025
skycell,range_cost=10,2,654,1,0.026
skycell,range_cost=10,2,655,0,0.026
skycell,range_cost=10,2,656,1,0.026
skycell,range_cost=10,2,657,0,0.025
skycell,range_cost=10,2,658,11,0.044
skycell,range_cost=10,2,659,0,0.035
skycell,range_cost=10,2,660,1,0.036
skycell,range_cost=10,2,661,0,0.026
skycell,range_cost=10,2,662,1,0.028
skycell,range_cost=10,2,663,0,0.025
skycell,range_cost=10,2,664,1,0.033
skycell,range_cost=10,2,665,0,0.027
skycell,range_cost=10,2,666,1,0.036
skycell,range_cost=10,2,667,0,0.027
skycell,range_cost=10,2,668,1,0.027
skycell,range_cost=10,2,669,0,0.025
skycell,range_cost=10,2,670,1,0.037
skycell,range_cost=10,2,671,0,0.025
skycell,range_cost=10,2,672,2,0.034
skycell,range_cost=10,2,673,0,0.028
skycell,range_cost=10,2,674,1,0.027
skycell,range_cost=10,2,675,0,0.034
skycell,range_cost=10,2,676,1,0.036
skycell,range_cost=10,2,677,0,0.025
skycell,range_cost=10,2,678,1,0.027
skycell,range_cost=10,2,679,0,0.028
skycell,range_cost=10,2,680,1,0.027
skycell,range_cost=10,2,681,0,0.032
skycell,range_cost=10,2,682,1,0.036
skycell,range_cost=10,2,683,0,0.026
skycell,range_cost=10,2,684,1,0.026
skycell,range_cost=10,2,685,0,0.025
skycell,range_cost=10,2,686,1,0.026
skycell,range_cost=10,2,687,0,0.026
skycell,range_cost=10,2,688,11,0.037
skycell,range_cost=10,2,689,0,0.026
skycell,range_cost=10,2,690,1,0.025
skycell,range_cost=10,2,691,0,0.025
skycell,range_cost=10,2,692,1,0.033
skycell,range_cost=10,2,693,0,0.033
skycell,range_cost=10,2,694,1,0.034
skycell,range_cost=10,2,695,0,0.026
skycell,range_cost=10,2,696,1,0.035
skycell,range_cost=10,2,697,0,0.034
skycell,range_cost=10,2,698,1,0.027
skycell,range_cost=10,2,699,0,0.032
skycell,range_cost=10,2,700,1,0.027
skycell,range_cost=10,2,701,0,0.026
skycell,range_cost=10,2,702,2,0.027
skycell,range_cost=10,2,703,0,0.025
skycell,range_cost=10,2,704,1,0.025
skycell,range_cost=10,2,705,0,0.033
skycell,range_cost=10,2,706,1,0.028
skycell,range_cost=10,2,707,0,0.026
skycell,range_cost=10,2,708,1,0.027
skycell,range_cost=10,2,709,0,0.026
skycell,range_cost=10,2,710,1,0.034
skycell,range_cost=10,2,711,0,0.026
skycell,range_cost=10,2,712,1,0.025
skycell,range_cost=10,2,713,0,0.033
skycell,range_cost=10,2,714,1,0.041
skycell,range_cost=10,2,715,0,0.025
skycell,range_cost=10,2,716,1,0.035
skycell,range_cost=10,2,717,0,0.025
skycell,range_cost=10,2,718,1,0.026
skycell,range_cost=10,2,719,0,0.025
skycell,range_cost=10,2,720,1,0.034
skycell,range_cost=10,2,721,0,0.032
skycell,range_cost=10,2,722,1,0.026
skycell,range_cost=10,2,723,0,0.025
skycell,range_cost=10,2,724,1,0.026
skycell,range_cost=10,2,725,0,0.026
skycell,range_cost=10,2,726,1,0.027
skycell,range_cost=10,2,727,0,0.026
skycell,range_cost=10,2,728,1,0.026
skycell,range_cost=10,2,729,0,0.024
skycell,range_cost=10,2,730,1,0.026
skycell,range_cost=10,2,731,0,0.033
skycell,range_cost=10,2,732,1,0.034
skycell,range_cost=10,2,733,0,0.034
skycell,range_cost=10,2,734,1,0.026
skycell,range_cost=10,2,735,0,0.025
skycell,range_cost=10,2,736,1,0.035
skycell,range_cost=10,2,737,0,0.026
skycell,range_cost=10,2,738,1,0.026
skycell,range_cost=10,2,739,0,0.032
skycell,range_cost=10,2,740,1,0.033
skycell,range_cost=10,2,741,0,0.027
skycell,range_cost=10,2,742,1,0.026
skycell,range_cost=10,2,743,0,0.025
skycell,range_cost=10,2,744,1,0.027
skycell,range_cost=10,2,745,0,0.025
skycell,range_cost=10,2,746,1,0.025
skycell,range_cost=10,2,747,0,0.025
skycell,range_cost=10,2,748,1,0.032
skycell,range_cost=10,2,749,0,0.034
skycell,range_cost=10,2,750,1,0.027
skycell,range_cost=10,2,751,0,0.026
skycell,range_cost=10,2,752,1,0.026
skycell,range_cost=10,2,753,0,0.026
skycell,range_cost=10,2,754,1,0.026
skycell,range_cost=10,2,755,0,0.026
skycell,range_cost=10,2,756,2,0.027
skycell,range_cost=10,2,757,0,0.026
skycell,range_cost=10,2,758,1,0.027
skycell,range_cost=10,2,759,0,0.034
skycell,range_cost=10,2,760,1,0.035
skycell,range_cost=10,2,761,0,0.032
skycell,range_cost=10,2,762,1,0.027
skycell,range_cost=10,2,763,0,0.025
skycell,range_cost=10,2,764,1,0.026
skycell,range_cost=10,2,765,0,0.04
skycell,range_cost=10,2,766,1,0.028
skycell,range_cost=10,2,767,0,0.025
skycell,range_cost=10,2,768,1,0.026
skycell,range_cost=10,2,769,0,0.025
skycell,range_cost=10,2,770,3,0.06
skycell,range_cost=10,2,771,0,0.025
skycell,range_cost=10,2,772,1,0.026
skycell,range_cost=10,2,773,0,0.025
skycell,range_cost=10,2,774,1,0.027
skycell,range_cost=10,2,775,0,0.026
skycell,range_cost=10,2,776,1,0.026
skycell,range_cost=10,2,777,0,0.024
skycell,range_cost=10,2,778,1,0.027
skycell,range_cost=10,2,779,0,0.033
skycell,range_cost=10,2,780,1,0.041
skycell,range_cost=10,2,781,0,0.025
skycell,range_cost=10,2,782,1,0.027
skycell,range_cost=10,2,783,0,0.034
skycell,range_cost=10,2,784,1,0.027
skycell,range_cost=10,2,785,0,0.025
skycell,range_cost=10,2,786,1,0.027
skycell,range_cost=10,2,787,0,0.024
skycell,range_cost=10,2,788,1,0.027
skycell,range_cost=10,2,789,0,0.024
skycell,range_cost=10,2,790,1,0.026
skycell,range_cost=10,2,791,0,0.033
skycell,range_cost=10,2,792,1,0.034
skycell,range_cost=10,2,793,0,0.033
skycell,range_cost=10,2,794,1,0.034
skycell,range_cost=10,2,795,0,0.026
skycell,range_cost=10,2,796,1,0.026
skycell,range_cost=10,2,797,0,0.026
skycell,range_cost=10,2,798,1,0.025
skycell,range_cost=10,2,799,0,0.032
skycell,range_cost=10,2,800,1,0.026
skycell,range_cost=10,2,801,0,0.025
skycell,range_cost=10,2,802,2,0.035
skycell,range_cost=10,2,803,0,0.026
skycell,range_cost=10,2,804,1,0.03
skycell,range_cost=10,2,805,0,0.025
skycell,range_cost=10,2,806,2,0.037
skycell,range_cost=10,2,807,0,0.027
skycell,range_cost=10,2,808,3,0.051
skycell,range_cost=10,2,809,0,0.033
skycell,range_cost=10,2,810,1,0.035
skycell,range_cost=10,2,811,1,0.028
skycell,range_cost=10,2,812,1,0.049
skycell,range_cost=10,2,813,0,0.029
skycell,range_cost=10,2,814,1,0.025
skycell,range_cost=10,2,815,0,0.034
skycell,range_cost=10,2,816,2,0.036
skycell,range_cost=10,2,817,0,0.031
skycell,range_cost=10,2,818,1,0.027
skycell,range_cost=10,2,819,0,0.027
skycell,range_cost=10,2,820,4,0.048
skycell,range_cost=10,2,821,0,0.025
skycell,range_cost=10,2,822,199,0.206
skycell,range_cost=10,2,823,0,0.034
skycell,range_cost=10,2,824,2,0.027
skycell,range_cost=10,2,825,0,0.026
skycell,range_cost=10,2,826,1,0.026
skycell,range_cost=10,2,827,0,0.037
skycell,range_cost=10,2,828,1,0.029
skycell,range_cost=10,2,829,1,0.038
skycell,range_cost=10,2,830,2,0.038
skycell,range_cost=10,2,831,1,0.026
skycell,range_cost=10,2,832,1,0.026
skycell,range_cost=10,2,833,0,0.026
skycell,range_cost=10,2,834,1,0.026
skycell,range_cost=10,2,835,0,0.025
skycell,range_cost=10,2,836,8,0.04
skycell,range_cost=10,2,837,0,0.026
skycell,range_cost=10,2,838,1,0.053
skycell,range_cost=10,2,839,0,0.027
skycell,range_cost=10,2,840,2,0.037
skycell,range_cost=10,2,841,0,0.033
skycell,range_cost=10,2,842,1,0.028
skycell,range_cost=10,2,843,0,0.026
skycell,range_cost=10,2,844,1,0.027
skycell,range_cost=10,2,845,0,0.027
skycell,range_cost=10,2,846,1,0.026
skycell,range_cost=10,2,847,0,0.025
skycell,range_cost=10,2,848,1,0.027
skycell,range_cost=10,2,849,0,0.025
skycell,range_cost=10,2,850,1,0.025
skycell,range_cost=10,2,851,0,0.027
skycell,range_cost=10,2,852,2,0.031
skycell,range_cost=10,2,853,0,0.027
skycell,range_cost=10,2,854,2,0.04
skycell,range_cost=10,2,855,0,0.027
skycell,range_cost=10,2,856,3,0.048
skycell,range_cost=10,2,857,0,0.027
skycell,range_cost=10,2,858,8,0.034
skycell,range_cost=10,2,859,0,0.026
skycell,range_cost=10,2,860,1,0.027
skycell,range_cost=10,2,861,0,0.026
skycell,range_cost=10,2,862,3,0.038
skycell,range_cost=10,2,863,0,0.026
skycell,range_cost=10,2,864,359,0.261
skycell,range_cost=10,2,865,0,0.025
skycell,range_cost=10,2,866,2,0.04
skycell,range_cost=10,2,867,0,0.026
skycell,range_cost=10,2,868,2,0.048
skycell,range_cost=10,2,869,0,0.026
skycell,range_cost=10,2,870,1,0.026
skycell,range_cost=10,2,871,0,0.024
skycell,range_cost=10,2,872,3,0.055
skycell,range_cost=10,2,873,0,0.025
skycell,range_cost=10,2,874,5,0.039
skycell,range_cost=10,2,875,0,0.025
skycell,range_cost=10,2,876,3,0.028
skycell,range_cost=10,2,877,0,0.025
skycell,range_cost=10,2,878,1,0.026
skycell,range_cost=10,2,879,0,0.026
skycell,range_cost=10,2,880,1,0.026
skycell,range_cost=10,2,881,0,0.024
skycell,range_cost=10,2,882,1,0.027
skycell,range_cost=10,2,883,0,0.035
skycell,range_cost=10,2,884,3,0.029
skycell,range_cost=10,2,885,1,0.04
skycell,range_cost=10,2,886,4,0.037
skycell,range_cost=10,2,887,0,0.027
skycell,range_cost=10,2,888,1,0.024
skycell,range_cost=10,2,889,0,0.026
skycell,range_cost=10,2,890,2,0.036
skycell,range_cost=10,2,891,3,0.036
skycell,range_cost=10,2,892,1,0.027
skycell,range_cost=10,2,893,3,0.062
skycell,range_cost=10,2,894,2,0.026
skycell,range_cost=10,2,895,0,0.026
skycell,range_cost=10,2,896,1,0.026
skycell,range_cost=10,2,897,0,0.025
skycell,range_cost=10,2,898,2,0.037
skycell,range_cost=10,2,899,0,0.025
skycell,range_cost=10,2,900,1,0.035
skycell,range_cost=10,2,901,0,0.026
skycell,range_cost=10,2,902,3,0.038
skycell,range_cost=10,2,903,0,0.042
skycell,range_cost=10,2,904,2,0.051
skycell,range_cost=10,2,905,0,0.025
skycell,range_cost=10,2,906,4,0.03
skycell,range_cost=10,2,907,1,0.026
skycell,range_cost=10,2,908,3,0.034
skycell,range_cost=10,2,909,0,0.026
skycell,range_cost=10,2,910,5,0.029
skycell,range_cost=10,2,911,0,0.034
skycell,range_cost=10,2,912,1,0.034
skycell,range_cost=10,2,913,0,0.026
skycell,range_cost=10,2,914,1,0.027
skycell,range_cost=10,2,915,0,0.027
skycell,range_cost=10,2,916,1,0.027
skycell,range_cost=10,2,917,0,0.025
skycell,range_cost=10,2,918,1,0.035
skycell,range_cost=10,2,919,0,0.027
skycell,range_cost=10,2,920,1,0.032
skycell,range_cost=10,2,921,0,0.034
skycell,range_cost=10,2,922,1,0.025
skycell,range_cost=10,2,923,0,0.051
skycell,range_cost=10,2,924,4,0.038
skycell,range_cost=10,2,925,0,0.035
skycell,range_cost=10,2,926,2,0.035
skycell,range_cost=10,2,927,0,0.026
skycell,range_cost=10,2,928,48,0.089
skycell,range_cost=10,2,929,0,0.027
skycell,range_cost=10,2,930,4,0.038
skycell,range_cost=10,2,931,0,0.024
skycell,range_cost=10,2,932,2,0.029
skycell,range_cost=10,2,933,2,0.034
skycell,range_cost=10,2,934,2,0.037
skycell,range_cost=10,2,935,0,0.026
skycell,range_cost=10,2,936,5,0.037
skycell,range_cost=10,2,937,2,0.029
skycell,range_cost=10,2,938,1,0.026
skycell,range_cost=10,2,939,0,0.037
skycell,range_cost=10,2,940,2,0.034
skycell,range_cost=10,2,941,0,0.024
skycell,range_cost=10,2,942,4,0.039
skycell,range_cost=10,2,943,0,0.033
skycell,range_cost=10,2,944,1,0.033
skycell,range_cost=10,2,945,0,0.026
skycell,range_cost=10,2,946,4,0.04
skycell,range_cost=10,2,947,0,0.027
skycell,range_cost=10,2,948,2,0.033
skycell,range_cost=10,2,949,0,0.035
skycell,range_cost=10,2,950,1,0.026
skycell,range_cost=10,2,951,0,0.032
skycell,range_cost=10,2,952,1,0.027
skycell,range_cost=10,2,953,0,0.035
skycell,range_cost=10,2,954,1,0.027
skycell,range_cost=10,2,955,0,0.027
skycell,range_cost=10,2,956,1,0.05
skycell,range_cost=10,2,957,0,0.027
skycell,range_cost=10,2,958,1,0.027
skycell,range_cost=10,2,959,0,0.037
skycell,range_cost=10,2,960,1,0.034
skycell,range_cost=10,2,961,0,0.033
skycell,range_cost=10,2,962,2,0.029
skycell,range_cost=10,2,963,0,0.037
skycell,range_cost=10,2,964,3,0.045
skycell,range_cost=10,2,965,0,0.025
skycell,range_cost=10,2,966,1,0.026
skycell,range_cost=10,2,967,0,0.033
skycell,range_cost=10,2,968,2,0.029
skycell,range_cost=10,2,969,0,0.027
skycell,range_cost=10,2,970,18,0.035
skycell,range_cost=10,2,971,2,0.037
skycell,range_cost=10,2,972,2,0.026
skycell,range_cost=10,2,973,0,0.033
skycell,range_cost=10,2,974,3,0.028
skycell,range_cost=10,2,975,0,0.032
skycell,range_cost=10,2,976,3,0.035
skycell,range_cost=10,2,977,1,0.026
skycell,range_cost=10,2,978,1,0.033
skycell,range_cost=10,2,979,0,0.027
skycell,range_cost=10,2,980,1,0.036
skycell,range_cost=10,2,981,0,0.03
skycell,range_cost=10,2,982,7,0.029
skycell,range_cost=10,2,983,0,0.036
skycell,range_cost=10,2,984,2,0.027
skycell,range_cost=10,2,985,0,0.026
skycell,range_cost=10,2,986,5,0.046
skycell,range_cost=10,2,987,0,0.032
skycell,range_cost=10,2,988,1,0.028
skycell,range_cost=10,2,989,0,0.024
skycell,range_cost=10,2,990,6,0.037
skycell,range_cost=10,2,991,0,0.035
skycell,range_cost=10,2,992,1,0.037
skycell,range_cost=10,2,993,0,0.025
skycell,range_cost=10,2,994,1,0.037
skycell,range_cost=10,2,995,0,0.025
skycell,range_cost=10,2,996,5,0.04
skycell,range_cost=10,2,997,0,0.026
skycell,range_cost=10,2,998,5,0.028
skycell,range_cost=10,2,999,0,0.027
skycell,range_cost=10,2,1000,1,0.025
skycell,range_cost=10,2,1001,0,0.026
skycell,range_cost=10,2,1002,1,0.025
skycell,range_cost=10,2,1003,0,0.033
skycell,range_cost=10,2,1004,1,0.026
skycell,range_cost=10,2,1005,0,0.036
skycell,range_cost=10,2,1006,3,0.035
skycell,range_cost=10,2,1007,1,0.034
skycell,range_cost=10,2,1008,2,0.037
skycell,range_cost=10,2,1009,0,0.027
skycell,range_cost=10,2,1010,2,0.028
skycell,range_cost=10,2,1011,0,0.032
skycell,range_cost=10,2,1012,1,0.031
skycell,range_cost=10,2,1013,1,0.031
skycell,range_cost=10,2,1014,2,0.036
skycell,range_cost=10,2,1015,0,0.026
skycell,range_cost=10,2,1016,1,0.026
skycell,range_cost=10,2,1017,0,0.035
skycell,range_cost=10,2,1018,3,0.028
skycell,range_cost=10,2,1019,0,0.025
skycell,range_cost=10,2,1020,1,0.026
skycell,range_cost=10,2,1021,0,0.028
skycell,range_cost=10,2,1022,1,0.035
skycell,range_cost=10,2,1023,0,0.026
skycell,range_cost=10,2,1024,1,0.028
skycell,range_cost=10,2,1025,0,0.026
skycell,range_cost=10,2,1026,1,0.027
skycell,range_cost=10,2,1027,0,0.048
skycell,range_cost=10,2,1028,4,0.039
skycell,range_cost=10,2,1029,0,0.027
skycell,range_cost=10,2,1030,1,0.026
skycell,range_cost=10,2,1031,0,0.034
skycell,range_cost=10,2,1032,1,0.033
skycell,range_cost=10,2,1033,0,0.026
skycell,range_cost=10,2,1034,2,0.027
skycell,range_cost=10,2,1035,0,0.025
skycell,range_cost=10,2,1036,1,0.03
skycell,range_cost=10,2,1037,0,0.027
skycell,range_cost=10,2,1038,1,0.034
skycell,range_cost=10,2,1039,0,0.033
skycell,range_cost=10,2,1040,1,0.029
skycell,range_cost=10,2,1041,0,0.034
skycell,range_cost=10,2,1042,1,0.029
skycell,range_cost=10,2,1043,0,0.024
skycell,range_cost=10,2,1044,1,0.045
skycell,range_cost=10,2,1045,1,0.037
skycell,range_cost=10,2,1046,3,0.027
skycell,range_cost=10,2,1047,0,0.025
skycell,range_cost=10,2,1048,1,0.036
skycell,range_cost=10,2,1049,0,0.026
skycell,range_cost=10,2,1050,3,0.027
skycell,range_cost=10,2,1051,0,0.025
skycell,range_cost=10,2,1052,1,0.042
skycell,range_cost=10,2,1053,0,0.035
skycell,range_cost=10,2,1054,1,0.035
skycell,range_cost=10,2,1055,0,0.028
skycell,range_cost=10,2,1056,1,0.033
skycell,range_cost=10,2,1057,0,0.025
skycell,range_cost=10,2,1058,64,0.091
skycell,range_cost=10,2,1059,0,0.027
skycell,range_cost=10,2,1060,1,0.035
skycell,range_cost=10,2,1061,0,0.034
skycell,range_cost=10,2,1062,1,0.026
skycell,range_cost=10,2,1063,0,0.026
skycell,range_cost=10,2,1064,6,0.046
skycell,range_cost=10,2,1065,2,0.028
skycell,range_cost=10,2,1066,2,0.027
skycell,range_cost=10,2,1067,0,0.034
skycell,range_cost=10,2,1068,2,0.029
skycell,range_cost=10,2,1069,0,0.026
skycell,range_cost=10,2,1070,4,0.034
skycell,range_cost=10,2,1071,0,0.027
skycell,range_cost=10,2,1072,3,0.044
skycell,range_cost=10,2,1073,0,0.034
skycell,range_cost=10,2,1074,1,0.027
skycell,range_cost=10,2,1075,0,0.028
skycell,range_cost=10,2,1076,1,0.026
skycell,range_cost=10,2,1077,0,0.026
skycell,range_cost=10,2,1078,1,0.047
skycell,range_cost=10,2,1079,1,0.026
skycell,range_cost=10,2,1080,2,0.027
skycell,range_cost=10,2,1081,0,0.025
skycell,range_cost=10,2,1082,2,0.038
skycell,range_cost=10,2,1083,0,0.027
skycell,range_cost=10,2,1084,1,0.027
skycell,range_cost=10,2,1085,0,0.024
skycell,range_cost=10,2,1086,2,0.027
skycell,range_cost=10,2,1087,0,0.041
skycell,range_cost=10,2,1088,2,0.025
skycell,range_cost=10,2,1089,0,0.025
skycell,range_cost=10,2,1090,5,0.03
skycell,range_cost=10,2,1091,0,0.034
skycell,range_cost=10,2,1092,2,0.031
skycell,range_cost=10,2,1093,0,0.033
skycell,range_cost=10,2,1094,2,0.036
skycell,range_cost=10,2,1095,0,0.026
skycell,range_cost=10,2,1096,1,0.042
skycell,range_cost=10,2,1097,0,0.027
skycell,range_cost=10,2,1098,1,0.028
skycell,range_cost=10,2,1099,1,0.026
skycell,range_cost=10,2,1100,7,0.03
skycell,range_cost=10,2,1101,1,0.028
skycell,range_cost=10,2,1102,3,0.049
skycell,range_cost=10,2,1103,11,0.06
skycell,range_cost=10,2,1104,2,0.045
skycell,range_cost=10,2,1105,1,0.037
skycell,range_cost=10,2,1106,59,0.07
skycell,range_cost=10,2,1107,3,0.03
skycell,range_cost=10,2,1108,36,0.049
skycell,range_cost=10,2,1109,3,0.03
skycell,range_cost=10,2,1110,27,0.047
skycell,range_cost=10,2,1111,3,0.05
skycell,range_cost=10,2,1112,5,0.039
skycell,range_cost=10,2,1113,2,0.029
skycell,range_cost=10,2,1114,123,0.12
skycell,range_cost=10,2,1115,4,0.039
skycell,range_cost=10,2,1116,137,0.11
skycell,range_cost=10,2,1117,11,0.031
skycell,range_cost=10,2,1118,107,0.084
skycell,range_cost=10,2,1119,14,0.057
skycell,range_cost=10,2,1120,158,0.136
skycell,range_cost=10,2,1121,2,0.05
skycell,range_cost=10,2,1122,21,0.077
skycell,range_cost=10,2,1123,2,0.03
skycell,range_cost=10,2,1124,4,0.038
skycell,range_cost=10,2,1125,3,0.048
skycell,range_cost=10,2,1126,18,0.04
skycell,range_cost=10,2,1127,3,0.039
skycell,range_cost=10,2,1128,6,0.036
skycell,range_cost=10,2,1129,21,0.046
skycell,range_cost=10,2,1130,8,0.036
skycell,range_cost=10,2,1131,2,0.036
skycell,range_cost=10,2,1132,88,0.082
skycell,range_cost=10,2,1133,15,0.056
skycell,range_cost=10,2,1134,1,0.046
skycell,range_cost=10,2,1135,3,0.031
skycell,range_cost=10,2,1136,29,0.054
skycell,range_cost=10,2,1137,0,0.038
skycell,range_cost=10,2,1138,2,0.03
skycell,range_cost=10,2,1139,1,0.029
skycell,range_cost=10,2,1140,6,0.027
skycell,range_cost=10,2,1141,8,0.038
skycell,range_cost=10,2,1142,2,0.026
skycell,range_cost=10,2,1143,4,0.049
skycell,range_cost=10,2,1144,75,0.067
skycell,range_cost=10,2,1145,4,0.052
skycell,range_cost=10,2,1146,22,0.069
skycell,range_cost=10,2,1147,2,0.038
skycell,range_cost=10,2,1148,6,0.035
skycell,range_cost=10,2,1149,9,0.046
skycell,range_cost=10,2,1150,66,0.079
skycell,range_cost=10,2,1151,1,0.031
skycell,range_cost=10,2,1152,34,0.078
skycell,range_cost=10,2,1153,4,0.051
skycell,range_cost=10,2,1154,45,0.06
skycell,range_cost=10,2,1155,3,0.041
skycell,range_cost=10,2,1156,466,0.185
skycell,range_cost=10,2,1157,1,0.06
skycell,range_cost=10,2,1158,49,0.073
skycell,range_cost=10,2,1159,2,0.038
skycell,range_cost=10,2,1160,42,0.081
skycell,range_cost=10,2,1161,4,0.051
skycell,range_cost=10,2,1162,3,0.037
skycell,range_cost=10,2,1163,6,0.042
skycell,range_cost=10,2,1164,3,0.031
skycell,range_cost=10,2,1165,12,0.039
skycell,range_cost=10,2,1166,20,0.047
skycell,range_cost=10,2,1167,4,0.029
skycell,range_cost=10,2,1168,930,0.189
skycell,range_cost=10,2,1169,46,0.06
skycell,range_cost=10,2,1170,5,0.037
skycell,range_cost=10,2,1171,1,0.029
skycell,range_cost=10,2,1172,6,0.03
skycell,range_cost=10,2,1173,3,0.039
skycell,range_cost=10,2,1174,4,0.043
skycell,range_cost=10,2,1175,1,0.036
skycell,range_cost=10,2,1176,16,0.059
skycell,range_cost=10,2,1177,2,0.031
skycell,range_cost=10,2,1178,10,0.031
skycell,range_cost=10,2,1179,4,0.028
skycell,range_cost=10,2,1180,13,0.043
skycell,range_cost=10,2,1181,2,0.051
skycell,range_cost=10,2,1182,52,0.066
skycell,range_cost=10,2,1183,7,0.051
skycell,range_cost=10,2,1184,4,0.038
skycell,range_cost=10,2,1185,1,0.031
skycell,range_cost=10,2,1186,48,0.067
skycell,range_cost=10,2,1187,3,0.038
skycell,range_cost=10,2,1188,3,0.046
skycell,range_cost=10,2,1189,3,0.034
skycell,range_cost=10,2,1190,2,0.037
skycell,range_cost=10,2,1191,1,0.029
skycell,range_cost=10,2,1192,137,0.086
skycell,range_cost=10,2,1193,2,0.029
skycell,range_cost=10,2,1194,3,0.044
skycell,range_cost=10,2,1195,2,0.058
skycell,range_cost=10,2,1196,8,0.037
skycell,range_cost=10,2,1197,1,0.039
skycell,range_cost=10,2,1198,49,0.071
skycell,range_cost=10,2,1199,4,0.032
skycell,range_cost=10,2,1200,55,0.073
skycell,range_cost=10,2,1201,2,0.047
skycell,range_cost=10,2,1202,6,0.04
skycell,range_cost=10,2,1203,48,0.057
skycell,range_cost=10,2,1204,8,0.041
skycell,range_cost=10,2,1205,0,0.029
skycell,range_cost=10,2,1206,63,0.074
skycell,range_cost=10,2,1207,8,0.053
skycell,range_cost=10,2,1208,10,0.032
skycell,range_cost=10,2,1209,2,0.036
skycell,range_cost=10,2,1210,8,0.03
skycell,range_cost=10,2,1211,0,0.044
skycell,range_cost=10,2,1212,72,0.075
skycell,range_cost=10,2,1213,2,0.038
skycell,range_cost=10,2,1214,26,0.065
skycell,range_cost=10,2,1215,1,0.044
skycell,range_cost=10,2,1216,33,0.049
skycell,range_cost=10,2,1217,2,0.036
skycell,range_cost=10,2,1218,4,0.046
skycell,range_cost=10,2,1219,5,0.036
skycell,range_cost=10,2,1220,70,0.057
skycell,range_cost=10,2,1221,0,0.036
skycell,range_cost=10,2,1222,3834,0.368
skycell,range_cost=10,2,1223,1,0.028
skycell,range_cost=10,2,1224,5,0.045
skycell,range_cost=10,2,1225,11,0.045
skycell,range_cost=10,2,1226,3,0.043
skycell,range_cost=10,2,1227,4,0.036
skycell,range_cost=10,2,1228,1616,0.32
skycell,range_cost=10,2,1229,11,0.042
skycell,range_cost=10,2,1230,1,0.036
skycell,range_cost=10,2,1231,1,0.03
skycell,range_cost=10,2,1232,170,0.116
skycell,range_cost=10,2,1233,2,0.038
skycell,range_cost=10,2,1234,3,0.037
skycell,range_cost=10,2,1235,2,0.029
skycell,range_cost=10,2,1236,32,0.066
skycell,range_cost=10,2,1237,2,0.03
skycell,range_cost=10,2,1238,4,0.044
skycell,range_cost=10,2,1239,6,0.033
skycell,range_cost=10,2,1240,40,0.067
skycell,range_cost=10,2,1241,3,0.038
skycell,range_cost=10,2,1242,11,0.049
skycell,range_cost=10,2,1243,51,0.081
skycell,range_cost=10,2,1244,66,0.056
skycell,range_cost=10,2,1245,1,0.038
skycell,range_cost=10,2,1246,3,0.033
skycell,range_cost=10,2,1247,0,0.044
skycell,range_cost=10,2,1248,106,0.092
skycell,range_cost=10,2,1249,11,0.056
skycell,range_cost=10,2,1250,29,0.054
skycell,range_cost=10,2,1251,2,0.037
skycell,range_cost=10,2,1252,79,0.092
skycell,range_cost=10,2,1253,4,0.044
skycell,range_cost=10,2,1254,118,0.106
skycell,range_cost=10,2,1255,47,0.067
skycell,range_cost=10,2,1256,4009,0.354
skycell,range_cost=10,2,1257,74,0.077
skycell,range_cost=10,2,1258,4,0.035
skycell,range_cost=10,2,1259,1,0.046
skycell,range_cost=10,2,1260,5,0.053
skycell,range_cost=10,2,1261,99,0.088
skycell,range_cost=10,2,1262,140,0.1
skycell,range_cost=10,2,1263,2,0.029
skycell,range_cost=10,2,1264,74,0.058
skycell,range_cost=10,2,1265,1,0.037
skycell,range_cost=10,2,1266,21,0.06
skycell,range_cost=10,2,1267,3,0.03
skycell,range_cost=10,2,1268,3,0.049
skycell,range_cost=10,2,1269,3,0.036
skycell,range_cost=10,2,1270,22,0.056
skycell,range_cost=10,2,1271,14,0.043
skycell,range_cost=10,2,1272,19,0.047
skycell,range_cost=10,2,1273,4,0.03
skycell,range_cost=10,2,1274,730,0.2
skycell,range_cost=10,2,1275,61,0.08
skycell,range_cost=10,2,1276,3,0.037
skycell,range_cost=10,2,1277,2,0.031
skycell,range_cost=10,2,1278,139,0.104
skycell,range_cost=10,2,1279,0,0.03
skycell,range_cost=10,2,1280,87,0.08
skycell,range_cost=10,2,1281,3,0.04
skycell,range_cost=10,2,1282,77,0.076
skycell,range_cost=10,2,1283,4,0.029
skycell,range_cost=10,2,1284,47,0.063
skycell,range_cost=10,2,1285,36,0.056
skycell,range_cost=10,2,1286,2,0.027
skycell,range_cost=10,2,1287,7,0.031
skycell,range_cost=10,2,1288,4,0.03
skycell,range_cost=10,2,1289,1,0.032
skycell,range_cost=10,2,1290,175,0.118
skycell,range_cost=10,2,1291,2,0.038
skycell,range_cost=10,2,1292,65,0.08
skycell,range_cost=10,2,1293,4,0.037
skycell,range_cost=10,2,1294,59,0.067
skycell,range_cost=10,2,1295,2,0.036
skycell,range_cost=10,2,1296,5,0.029
skycell,range_cost=10,2,1297,1,0.036
skycell,range_cost=10,2,1298,9,0.046
skycell,range_cost=10,2,1299,3,0.038
skycell,range_cost=10,2,1300,81,0.059
skycell,range_cost=10,2,1301,115,0.096
skycell,range_cost=10,2,1302,528,0.211
skycell,range_cost=10,2,1303,144,0.152
skycell,range_cost=10,2,1304,1562,0.364
skycell,range_cost=10,2,1305,53,0.068
skycell,range_cost=10,2,1306,1632,0.389
skycell,range_cost=10,2,1307,103,0.097
skycell,range_cost=10,2,1308,85,0.108
skycell,range_cost=10,2,1309,72,0.083
skycell,range_cost=10,2,1310,68,0.093
skycell,range_cost=10,2,1311,63,0.069
skycell,range_cost=10,2,1312,66,0.083
skycell,range_cost=10,2,1313,51,0.072
skycell,range_cost=10,2,1314,69,0.094
skycell,range_cost=10,2,1315,475,0.178
skycell,range_cost=10,2,1316,397,0.192
skycell,range_cost=10,2,1317,71,0.085
skycell,range_cost=10,2,1318,800,0.262
skycell,range_cost=10,2,1319,64,0.09
skycell,range_cost=10,2,1320,73,0.105
skycell,range_cost=10,2,1321,75,0.11
skycell,range_cost=10,2,1322,69,0.087
skycell,range_cost=10,2,1323,77,0.091
skycell,range_cost=10,2,1324,2294,0.47
skycell,range_cost=10,2,1325,84,0.091
skycell,range_cost=10,2,1326,752,0.224
skycell,range_cost=10,2,1327,72,0.088
skycell,range_cost=10,2,1328,879,0.242
skycell,range_cost=10,2,1329,81,0.092
skycell,range_cost=10,2,1330,1598,0.388
skycell,range_cost=10,2,1331,61,0.093
skycell,range_cost=10,2,1332,69,0.077
skycell,range_cost=10,2,1333,67,0.07
skycell,range_cost=10,2,1334,736,0.261
skycell,range_cost=10,2,1335,311,0.157
skycell,range_cost=10,2,1336,1019,0.278
skycell,range_cost=10,2,1337,81,0.083
skycell,range_cost=10,2,1338,1099,0.329
skycell,range_cost=10,2,1339,122,0.083
skycell,range_cost=10,2,1340,1284,0.285
skycell,range_cost=10,2,1341,56,0.088
skycell,range_cost=10,2,1342,65,0.092
skycell,range_cost=10,2,1343,61,0.077
skycell,range_cost=10,2,1344,57,0.079
skycell,range_cost=10,2,1345,63,0.088
skycell,range_cost=10,2,1346,553,0.243
skycell,range_cost=10,2,1347,68,0.072
skycell,range_cost=10,2,1348,63,0.089
skycell,range_cost=10,2,1349,216,0.122
skycell,range_cost=10,2,1350,75,0.079
skycell,range_cost=10,2,1351,69,0.105
skycell,range_cost=10,2,1352,157,0.103
skycell,range_cost=10,2,1353,211,0.137
skycell,range_cost=10,2,1354,136,0.089
skycell,range_cost=10,2,1355,47,0.077
skycell,range_cost=10,2,1356,660,0.196
skycell,range_cost=10,2,1357,70,0.089
skycell,range_cost=10,2,1358,66,0.068
skycell,range_cost=10,2,1359,68,0.107
skycell,range_cost=10,2,1360,674,0.212
skycell,range_cost=10,2,1361,67,0.083
skycell,range_cost=10,2,1362,61,0.07
skycell,range_cost=10,2,1363,60,0.084
skycell,range_cost=10,2,1364,2512,0.52
skycell,range_cost=10,2,1365,65,0.084
skycell,range_cost=10,2,1366,65,0.082
skycell,range_cost=10,2,1367,60,0.079
skycell,range_cost=10,2,1368,60,0.078
skycell,range_cost=10,2,1369,163,0.117
skycell,range_cost=10,2,1370,4069,0.738
skycell,range_cost=10,2,1371,77,0.096
skycell,range_cost=10,2,1372,601,0.199
skycell,range_cost=10,2,1373,49,0.077
skycell,range_cost=10,2,1374,70,0.083
skycell,range_cost=10,2,1375,73,0.083
skycell,range_cost=10,2,1376,495,0.198
skycell,range_cost=10,2,1377,63,0.082
skycell,range_cost=10,2,1378,1356,0.352
skycell,range_cost=10,2,1379,79,0.074
skycell,range_cost=10,2,1380,1572,0.355
skycell,range_cost=10,2,1381,47,0.112
skycell,range_cost=10,2,1382,75,0.089
skycell,range_cost=10,2,1383,65,0.086
skycell,range_cost=10,2,1384,77,0.07
skycell,range_cost=10,2,1385,1227,0.325
skycell,range_cost=10,2,1386,1589,0.311
skycell,range_cost=10,2,1387,79,0.069
skycell,range_cost=10,2,1388,898,0.269
skycell,range_cost=10,2,1389,69,0.079
skycell,range_cost=10,2,1390,710,0.233
skycell,range_cost=10,2,1391,77,0.075
skycell,range_cost=10,2,1392,67,0.071
skycell,range_cost=10,2,1393,66,0.084
skycell,range_cost=10,2,1394,3504,0.643
skycell,range_cost=10,2,1395,64,0.093
skycell,range_cost=10,2,1396,3600,0.638
skycell,range_cost=10,2,1397,59,0.093
skycell,range_cost=10,2,1398,2926,0.564
skycell,range_cost=10,2,1399,66,0.095
skycell,range_cost=10,2,1400,4002,0.699
skycell,range_cost=10,2,1401,297,0.2
skycell,range_cost=10,2,1402,254,0.142
skycell,range_cost=10,2,1403,324,0.154
skycell,range_cost=10,2,1404,1369,0.353
skycell,range_cost=10,2,1405,265,0.16
skycell,range_cost=10,2,1406,1108,0.332
skycell,range_cost=10,2,1407,276,0.158
skycell,range_cost=10,2,1408,4152,0.744
skycell,range_cost=10,2,1409,297,0.151
skycell,range_cost=10,2,1410,306,0.145
skycell,range_cost=10,2,1411,748,0.25
skycell,range_cost=10,2,1412,265,0.135
skycell,range_cost=10,2,1413,280,0.159
skycell,range_cost=10,2,1414,1101,0.326
skycell,range_cost=10,2,1415,251,0.128
skycell,range_cost=10,2,1416,9129,1.299
skycell,range_cost=10,2,1417,272,0.141
skycell,range_cost=10,2,1418,5071,0.87
skycell,range_cost=10,2,1419,271,0.163
skycell,range_cost=10,2,1420,5690,0.91
skycell,range_cost=10,2,1421,233,0.144
skycell,range_cost=10,2,1422,4433,0.726
skycell,range_cost=10,2,1423,260,0.142
skycell,range_cost=10,2,1424,3126,0.549
skycell,range_cost=10,2,1425,3145,0.596
skycell,range_cost=10,2,1426,302,0.178
skycell,range_cost=10,2,1427,255,0.162
skycell,range_cost=10,2,1428,3905,0.738
skycell,range_cost=10,2,1429,1284,0.42
skycell,range_cost=10,2,1430,1294,0.311
skycell,range_cost=10,2,1431,289,0.127
skycell,range_cost=10,2,1432,268,0.178
skycell,range_cost=10,2,1433,901,0.312
skycell,range_cost=10,2,1434,277,0.155
skycell,range_cost=10,2,1435,1243,0.351
skycell,range_cost=10,2,1436,1021,0.256
skycell,range_cost=10,2,1437,298,0.143
skycell,range_cost=10,2,1438,4191,0.49
skycell,range_cost=10,2,1439,307,0.147
skycell,range_cost=10,2,1440,269,0.161
skycell,range_cost=10,2,1441,2336,0.511
skycell,range_cost=10,2,1442,2435,0.519
skycell,range_cost=10,2,1443,2502,0.533
skycell,range_cost=10,2,1444,35019,3.889
skycell,range_cost=10,2,1445,11114,1.564
skycell,range_cost=10,2,1446,6517,0.824
skycell,range_cost=10,2,1447,2340,0.531
skycell,range_cost=10,2,1448,147516,12.937
skycell,range_cost=10,2,1449,2525,0.564
skycell,range_cost=10,2,1450,43516,4.449
skycell,range_cost=10,2,1451,2330,0.568
skycell,range_cost=10,2,1452,26649,3.195
skycell,range_cost=10,2,1453,2324,0.535
skycell,range_cost=10,2,1454,22109,2.648
skycell,range_cost=10,2,1455,2386,0.529
skycell,range_cost=10,2,1456,18819,2.319
