qid,label,r,kind,ra0,dec0
1,"1""",0.00027777777777777778,uniform,250.72875564882213,-36.027544369565874
2,"1""",0.00027777777777777778,data,165.261491861194,-58.84104143304211
3,"1""",0.00027777777777777778,uniform,5.886030685223993,-73.10603938681624
4,"1""",0.00027777777777777778,data,51.65751157929705,51.507911509972175
5,"1""",0.00027777777777777778,uniform,94.27461799593996,-49.7761098138002
6,"1""",0.00027777777777777778,data,101.866382351827,-1.5427275062202392
7,"1""",0.00027777777777777778,uniform,84.72882308181661,52.94154919871125
8,"1""",0.00027777777777777778,data,242.449619400995,-15.985698920188375
9,"1""",0.00027777777777777778,uniform,135.1053060662161,41.38409370136305
10,"1""",0.00027777777777777778,data,156.55824923816,-60.625093142235706
11,"1""",0.00027777777777777778,uniform,187.18389372821605,60.47292726638168
12,"1""",0.00027777777777777778,data,263.859287268495,-27.57358293985794
13,"1""",0.00027777777777777778,uniform,265.1734333051024,62.46472672596681
14,"1""",0.00027777777777777778,data,118.51197902911,-22.08025169007881
15,"1""",0.00027777777777777778,uniform,208.36063391568996,21.47967527073819
16,"1""",0.00027777777777777778,data,356.486944292974,69.03011773253054
17,"1""",0.00027777777777777778,uniform,239.0506671487654,35.678795537268115
18,"1""",0.00027777777777777778,data,130.0185522396312,-20.349449056200218
19,"1""",0.00027777777777777778,uniform,80.56126314827512,-23.15358045126381
20,"1""",0.00027777777777777778,data,270.000333400785,-29.798330100947837
21,"1""",0.00027777777777777778,uniform,274.4571177491529,79.04016391022378
22,"1""",0.00027777777777777778,data,316.592981667014,50.71515270019502
23,"1""",0.00027777777777777778,uniform,254.47206715059488,-49.42084805977602
24,"1""",0.00027777777777777778,data,7.430674451965471,25.78628085781975
25,"1""",0.00027777777777777778,uniform,23.012791483034228,-17.134467920860608
26,"1""",0.00027777777777777778,data,156.628205839924,-54.43501016055683
27,"1""",0.00027777777777777778,uniform,106.54116412911195,68.03123939552522
28,"1""",0.00027777777777777778,data,81.09436076978781,-38.53789324982495
29,"1""",0.00027777777777777778,uniform,0.9313632006015382,-26.928891147931285
30,"1""",0.00027777777777777778,data,268.484479246263,-35.68625518252788
31,"1""",0.00027777777777777778,uniform,345.50410593639134,-35.3285380346436
32,"1""",0.00027777777777777778,data,210.58738809175958,-3.7995684796543996
33,"1""",0.00027777777777777778,uniform,356.29459687814455,-30.503611777517158
34,"1""",0.00027777777777777778,data,85.556987831835,35.17230226377947
35,"1""",0.00027777777777777778,uniform,337.1454298494236,2.5128384915554873
36,"1""",0.00027777777777777778,data,94.44911334253788,35.621209122751566
37,"1""",0.00027777777777777778,uniform,157.2845263151243,55.88028062019642
38,"1""",0.00027777777777777778,data,194.9806185542546,34.04623868170867
39,"1""",0.00027777777777777778,uniform,287.91255449951404,70.67394109166744
40,"1""",0.00027777777777777778,data,136.990839999446,-36.87311821246847
41,"1""",0.00027777777777777778,uniform,145.84258948491342,-33.17280260737871
42,"1""",0.00027777777777777778,data,213.856063700117,-22.95211509206837
43,"1""",0.00027777777777777778,uniform,28.285804895134554,13.163591223976796
44,"1""",0.00027777777777777778,data,197.610621407709,-69.42163645924595
45,"1""",0.00027777777777777778,uniform,161.4887440541335,-30.886263256382126
46,"1""",0.00027777777777777778,data,79.70300445183,31.8014860070438
47,"1""",0.00027777777777777778,uniform,154.14827775233604,-37.448931537372154
48,"1""",0.00027777777777777778,data,259.106436371897,-25.414415823326514
49,"1""",0.00027777777777777778,uniform,319.60425855759865,-7.4819264062976565
50,"1""",0.00027777777777777778,data,283.88198180107327,-42.46490041801845
51,"1""",0.00027777777777777778,uniform,94.23333661909635,-51.66472677861245
52,"1""",0.00027777777777777778,data,63.619782388838,51.074829403264395
53,"1""",0.00027777777777777778,uniform,186.6656935410518,26.60001495079331
54,"1""",0.00027777777777777778,data,311.036216712615,48.2026945320259
55,"1""",0.00027777777777777778,uniform,99.43934748216732,-61.192519084238995
56,"1""",0.00027777777777777778,data,250.697991881112,-23.53690520230306
57,"1""",0.00027777777777777778,uniform,27.769850615458054,44.82013309696871
58,"1""",0.00027777777777777778,data,284.02357887559197,24.802642717406595
59,"1""",0.00027777777777777778,uniform,102.09133543839066,-43.49277470971436
60,"1""",0.00027777777777777778,data,9.973546058861,65.7326365069305
61,"1""",0.00027777777777777778,uniform,83.24010533617346,40.56291521353138
62,"1""",0.00027777777777777778,data,41.25567455957884,-30.743431890225285
63,"1""",0.00027777777777777778,uniform,171.5358137651031,-63.687550735637224
64,"1""",0.00027777777777777778,data,353.302303116008,44.01755529425476
65,"1""",0.00027777777777777778,uniform,59.743888589357155,-56.23274577803532
66,"1""",0.00027777777777777778,data,152.61168494810315,14.742397183921335
67,"1""",0.00027777777777777778,uniform,282.16525245768355,41.41185769684764
68,"1""",0.00027777777777777778,data,263.542570992813,-32.852910828414856
69,"1""",0.00027777777777777778,uniform,305.92082704258655,-19.293761444930112
70,"1""",0.00027777777777777778,data,148.99384895436296,36.081671401594924
71,"1""",0.00027777777777777778,uniform,108.68002689881821,60.996699046140606
72,"1""",0.00027777777777777778,data,10.554053026429644,-52.25288051189192
73,"1""",0.00027777777777777778,uniform,148.2140996793893,-56.4245779232889
74,"1""",0.00027777777777777778,data,210.0285459885641,-34.0811833580543
75,"1""",0.00027777777777777778,uniform,348.16459153686685,-28.494117532171305
76,"1""",0.00027777777777777778,data,275.340931651129,-13.850172698694763
77,"1""",0.00027777777777777778,uniform,44.283928632038005,5.037679145595744
78,"1""",0.00027777777777777778,data,275.757471342168,-29.690456055886685
79,"1""",0.00027777777777777778,uniform,207.3274421093821,-8.010383034456048
80,"1""",0.00027777777777777778,data,115.953718167114,-31.213980816233576
81,"1""",0.00027777777777777778,uniform,199.6198643156612,-25.35824790660736
82,"1""",0.00027777777777777778,data,5.160782980174,23.286538840054835
83,"1""",0.00027777777777777778,uniform,244.63230730447577,54.03773758966554
84,"1""",0.00027777777777777778,data,78.576497635162,44.62082070970901
85,"1""",0.00027777777777777778,uniform,53.29489013580417,43.50439227865133
86,"1""",0.00027777777777777778,data,244.58635303472676,33.97945599635597
87,"1""",0.00027777777777777778,uniform,137.34164775292777,-5.317502336317818
88,"1""",0.00027777777777777778,data,265.65953872576,-20.070095963542247
89,"1""",0.00027777777777777778,uniform,162.34896828225848,-19.532284821138383
90,"1""",0.00027777777777777778,data,9.997105573995,63.083677285594874
91,"1""",0.00027777777777777778,uniform,278.66006054470813,76.70012732864117
92,"1""",0.00027777777777777778,data,250.886460742299,-51.20792658673919
93,"1""",0.00027777777777777778,uniform,134.19110214222266,52.86537061152791
94,"1""",0.00027777777777777778,data,248.641945673966,-22.523324348259194
95,"1""",0.00027777777777777778,uniform,333.10048746808576,14.355646465727181
96,"1""",0.00027777777777777778,data,228.997840910537,-53.677957538619786
97,"1""",0.00027777777777777778,uniform,76.66845573484468,-20.11675329536675
98,"1""",0.00027777777777777778,data,160.1814990625547,-7.6401024447165495
99,"1""",0.00027777777777777778,uniform,263.87428562117134,33.35684829740746
100,"1""",0.00027777777777777778,data,160.63484804756138,61.91226544439489
101,"1""",0.00027777777777777778,uniform,19.986746204395793,-13.034257839695792
102,"1""",0.00027777777777777778,data,240.15573618125515,-69.85181294776127
103,"1""",0.00027777777777777778,uniform,242.78159919559323,12.670726407556575
104,"1""",0.00027777777777777778,data,34.41382691715542,-71.20925361121584
105,"1""",0.00027777777777777778,uniform,157.76028104635367,-39.776506033945225
106,"1""",0.00027777777777777778,data,262.545146922395,-10.35853100137755
107,"1""",0.00027777777777777778,uniform,281.09019096562577,-30.29815267702683
108,"1""",0.00027777777777777778,data,270.16143165878,-26.829202644365846
109,"1""",0.00027777777777777778,uniform,267.6346355211858,40.41560882320264
110,"1""",0.00027777777777777778,data,288.323851124871,13.352709529935339
111,"1""",0.00027777777777777778,uniform,213.192800632296,-7.596768293069291
112,"1""",0.00027777777777777778,data,199.04425341330202,59.96364370901343
113,"1""",0.00027777777777777778,uniform,350.5847422172505,-71.72306163762914
114,"1""",0.00027777777777777778,data,271.407516832713,-27.982075058441712
115,"1""",0.00027777777777777778,uniform,65.93644692711283,-24.328195225958822
116,"1""",0.00027777777777777778,data,311.305781471772,41.87551229245054
117,"1""",0.00027777777777777778,uniform,180.2484557784845,-85.9806979018275
118,"1""",0.00027777777777777778,data,243.414089315049,-47.79465448436683
119,"1""",0.00027777777777777778,uniform,356.882144870234,16.869485093102323
120,"1""",0.00027777777777777778,data,39.972563501252,34.57573866736694
121,"1""",0.00027777777777777778,uniform,281.3070018587625,-11.69037882268083
122,"1""",0.00027777777777777778,data,86.948130310518,25.156644054362445
123,"1""",0.00027777777777777778,uniform,185.8050138341374,16.268710616492054
124,"1""",0.00027777777777777778,data,97.259523939415,8.10870717948356
125,"1""",0.00027777777777777778,uniform,353.51276848474356,-58.737260866246345
126,"1""",0.00027777777777777778,data,337.123645756419,-20.344976685077334
127,"1""",0.00027777777777777778,uniform,304.43720433236865,18.25887063481624
128,"1""",0.00027777777777777778,data,71.638954737038,65.01981698355243
129,"1""",0.00027777777777777778,uniform,82.4631649945837,50.938322348130896
130,"1""",0.00027777777777777778,data,45.11118321170941,-47.9205233828009
131,"1""",0.00027777777777777778,uniform,79.85600976760301,-11.664094768676897
132,"1""",0.00027777777777777778,data,314.54106915624413,6.172124048516812
133,"1""",0.00027777777777777778,uniform,73.36881671490178,40.59418808484489
134,"1""",0.00027777777777777778,data,245.146081399283,-38.52694362673834
135,"1""",0.00027777777777777778,uniform,107.29883057428988,29.620262914092606
136,"1""",0.00027777777777777778,data,55.218227724157,52.18486973263783
137,"1""",0.00027777777777777778,uniform,189.85592653509661,50.96930898111666
138,"1""",0.00027777777777777778,data,254.543665933398,-36.445723555068135
139,"1""",0.00027777777777777778,uniform,327.2694510055446,-47.368173216437974
140,"1""",0.00027777777777777778,data,146.22787905243757,-9.006956660590387
141,"1""",0.00027777777777777778,uniform,216.99661375773735,-39.26470363413239
142,"1""",0.00027777777777777778,data,53.50047775164909,-24.125168463659843
143,"1""",0.00027777777777777778,uniform,139.68880153667314,-38.863166294422086
144,"1""",0.00027777777777777778,data,126.38610516238457,-32.88549399088572
145,"1""",0.00027777777777777778,uniform,226.7023906840908,35.20049436066185
146,"1""",0.00027777777777777778,data,269.552784609613,-31.609527125402927
147,"1""",0.00027777777777777778,uniform,318.1251772492173,75.58867247070178
148,"1""",0.00027777777777777778,data,88.889757004565,-22.771891951861193
149,"1""",0.00027777777777777778,uniform,345.6932258657775,-36.48031372067393
150,"1""",0.00027777777777777778,data,267.4651549879461,-15.827747249979128
151,"1""",0.00027777777777777778,uniform,47.452712755572875,21.205050126958632
152,"1""",0.00027777777777777778,data,8.438787188845,61.392120505175754
153,"1""",0.00027777777777777778,uniform,290.863348485324,65.38843413473458
154,"1""",0.00027777777777777778,data,20.66676421649758,19.23589914246265
155,"1""",0.00027777777777777778,uniform,323.06879192758174,35.55711897099722
156,"1""",0.00027777777777777778,data,293.217713072382,22.264799465023007
157,"1""",0.00027777777777777778,uniform,174.4601443330217,61.045961232050715
158,"1""",0.00027777777777777778,data,261.888611654218,-32.68629755321879
159,"1""",0.00027777777777777778,uniform,146.74782169252416,12.119107149210851
160,"1""",0.00027777777777777778,data,168.89042930852,-26.676059685980093
161,"1""",0.00027777777777777778,uniform,227.42744095168626,27.333504613947976
162,"1""",0.00027777777777777778,data,240.094869042734,5.663453035757466
163,"1""",0.00027777777777777778,uniform,293.36680791970855,-54.82684402455873
164,"1""",0.00027777777777777778,data,237.2816788371422,-34.97334241235613
165,"1""",0.00027777777777777778,uniform,339.39531067691996,27.66835141547932
166,"1""",0.00027777777777777778,data,100.207452801318,0.4035976689202977
167,"1""",0.00027777777777777778,uniform,164.65186309667735,-32.54545602677272
168,"1""",0.00027777777777777778,data,143.048980079016,6.029122826718729
169,"1""",0.00027777777777777778,uniform,340.7208527092239,-25.449691708748972
170,"1""",0.00027777777777777778,data,201.135805452666,-68.4323169387406
171,"1""",0.00027777777777777778,uniform,225.58038413032767,-5.129786308476686
172,"1""",0.00027777777777777778,data,265.344172240204,-10.446295235320946
173,"1""",0.00027777777777777778,uniform,84.90750018461705,-44.39733834368814
174,"1""",0.00027777777777777778,data,218.589473957409,-68.32997412608931
175,"1""",0.00027777777777777778,uniform,151.6412896107126,-40.20936217418111
176,"1""",0.00027777777777777778,data,162.4263300716313,-56.240437536154666
177,"1""",0.00027777777777777778,uniform,151.87616314732574,-18.573186615195596
178,"1""",0.00027777777777777778,data,98.49847291509816,59.817793636922495
179,"1""",0.00027777777777777778,uniform,249.3105412182042,40.536801656601625
180,"1""",0.00027777777777777778,data,261.63956927338,-30.765168730498665
181,"1""",0.00027777777777777778,uniform,62.742211451425014,61.986719333133806
182,"1""",0.00027777777777777778,data,235.262026749754,-13.137755404269642
183,"1""",0.00027777777777777778,uniform,152.35973371328635,46.13402402563504
184,"1""",0.00027777777777777778,data,69.75531691463141,13.618968729196364
185,"1""",0.00027777777777777778,uniform,341.883068818037,-30.347330512624556
186,"1""",0.00027777777777777778,data,109.313502013799,-11.55011998880196
187,"1""",0.00027777777777777778,uniform,347.6121297566424,3.0299564710098843
188,"1""",0.00027777777777777778,data,263.606383392173,-35.72580948469479
189,"1""",0.00027777777777777778,uniform,57.60481402936463,14.769924951482103
190,"1""",0.00027777777777777778,data,144.144451474949,-34.101731584178346
191,"1""",0.00027777777777777778,uniform,178.98757408595878,12.996353078862786
192,"1""",0.00027777777777777778,data,274.0358030050551,-63.030459497422854
193,"1""",0.00027777777777777778,uniform,121.88426058245474,-3.0691592438523116
194,"1""",0.00027777777777777778,data,257.855753854181,-34.190078397410716
195,"1""",0.00027777777777777778,uniform,145.55431153714312,-11.177346099203627
196,"1""",0.00027777777777777778,data,263.168995812127,-32.44824368894356
197,"1""",0.00027777777777777778,uniform,239.32306236496973,27.177436404898202
198,"1""",0.00027777777777777778,data,211.234680497548,-64.88829617842664
199,"1""",0.00027777777777777778,uniform,308.4258162017486,27.48629001505169
200,"1""",0.00027777777777777778,data,5.534708734017997,34.96448604024446
201,"1""",0.00027777777777777778,uniform,195.3423776854654,15.784647367838357
202,"1""",0.00027777777777777778,data,303.96074653581445,-43.14522886785734
203,"1""",0.00027777777777777778,uniform,24.818244578318797,9.485244129993134
204,"1""",0.00027777777777777778,data,83.14371448822523,15.252379896807478
205,"1""",0.00027777777777777778,uniform,143.23528003254066,18.48399388324883
206,"1""",0.00027777777777777778,data,307.7432907793394,15.50527026376723
207,"1""",0.00027777777777777778,uniform,88.09662135855605,45.83210222819588
208,"1""",0.00027777777777777778,data,149.957382921237,49.34605720553119
209,"1""",0.00027777777777777778,uniform,23.464866401420448,54.62952211167203
210,"1""",0.00027777777777777778,data,178.729928974172,-24.093565872842905
211,"1""",0.00027777777777777778,uniform,324.4921226854979,-60.52778003255481
212,"1""",0.00027777777777777778,data,109.98634597843375,-8.900083543719703
213,"1""",0.00027777777777777778,uniform,297.30522197647576,-64.11810160334477
214,"1""",0.00027777777777777778,data,124.956527736776,-32.269298093878604
215,"1""",0.00027777777777777778,uniform,72.41640323422584,-79.07327051368985
216,"1""",0.00027777777777777778,data,273.802526046162,-24.246639509553592
217,"1""",0.00027777777777777778,uniform,7.791013259602657,-55.84961874993187
218,"1""",0.00027777777777777778,data,158.83072153982988,11.451769709870316
219,"1""",0.00027777777777777778,uniform,49.77183301962416,12.450571237634952
220,"1""",0.00027777777777777778,data,197.23968434395,-19.430197797418618
221,"1""",0.00027777777777777778,uniform,81.7929907678828,-14.94896540711233
222,"1""",0.00027777777777777778,data,280.503215297304,-5.408437140211027
223,"1""",0.00027777777777777778,uniform,125.33281058131652,5.853601174303503
224,"1""",0.00027777777777777778,data,328.2220135535414,1.8593664638649512
225,"1""",0.00027777777777777778,uniform,127.71156622294937,-40.56240876721979
226,"1""",0.00027777777777777778,data,329.6127879881706,-58.41964040953029
227,"1""",0.00027777777777777778,uniform,246.66621833740174,13.707105990957976
228,"1""",0.00027777777777777778,data,47.994893441761,54.04989629445405
229,"1""",0.00027777777777777778,uniform,98.87937199658279,-8.277076276263978
230,"1""",0.00027777777777777778,data,231.880452632377,-54.543217415191805
231,"1""",0.00027777777777777778,uniform,179.3719019324387,-63.333883435760015
232,"1""",0.00027777777777777778,data,224.093645411931,-55.92492873351262
233,"1""",0.00027777777777777778,uniform,333.2841798130867,-26.63432852242686
234,"1""",0.00027777777777777778,data,242.437389939177,-44.78224020212983
235,"1""",0.00027777777777777778,uniform,123.36512552636509,53.239753604377896
236,"1""",0.00027777777777777778,data,98.81598822108188,58.31911225467817
237,"1""",0.00027777777777777778,uniform,342.892249166462,-7.487724918848053
238,"1""",0.00027777777777777778,data,121.50583246795202,-41.85602100532396
239,"1""",0.00027777777777777778,uniform,169.77979852471557,59.54383867014325
240,"1""",0.00027777777777777778,data,42.092800016497,64.74368821958855
241,"1""",0.00027777777777777778,uniform,56.041595229012785,47.31745900522081
242,"1""",0.00027777777777777778,data,28.508831382575,54.183119860392615
243,"1""",0.00027777777777777778,uniform,265.4838382944757,17.957498965423508
244,"1""",0.00027777777777777778,data,357.813853982328,-40.398018676383856
245,"1""",0.00027777777777777778,uniform,300.12627087095876,-62.22156098190942
246,"1""",0.00027777777777777778,data,258.387484242494,-30.37243695466571
247,"1""",0.00027777777777777778,uniform,35.85269888226744,-10.80593607803546
248,"1""",0.00027777777777777778,data,45.89016818995508,-31.31411230449221
249,"1""",0.00027777777777777778,uniform,121.4470683363526,5.181658980665687
250,"1""",0.00027777777777777778,data,45.57586244415,49.405735630913746
251,"1""",0.00027777777777777778,uniform,133.25082299154735,-63.744978301467796
252,"1""",0.00027777777777777778,data,66.45662555589465,-62.6484055323036
253,"1""",0.00027777777777777778,uniform,225.92378185722046,54.33907632914108
254,"1""",0.00027777777777777778,data,338.573878504482,16.253280575846627
255,"1""",0.00027777777777777778,uniform,354.99053717416405,70.10342026740284
256,"1""",0.00027777777777777778,data,221.478579061445,-56.51070356902248
257,"1""",0.00027777777777777778,uniform,309.93713723259367,16.42276270049016
258,"1""",0.00027777777777777778,data,55.997830201893,55.55487343962572
259,"1""",0.00027777777777777778,uniform,323.9203250757193,1.022706949422787
260,"1""",0.00027777777777777778,data,10.343135278618,3.477568996364662
261,"1""",0.00027777777777777778,uniform,37.39055149241824,-36.03456783280361
262,"1""",0.00027777777777777778,data,190.917401393892,-63.17769799117438
263,"1""",0.00027777777777777778,uniform,48.66090507687488,47.28063264285615
264,"1""",0.00027777777777777778,data,1.0444111080749074,-45.22990385682666
265,"1""",0.00027777777777777778,uniform,291.82833686102174,48.78994709306144
266,"1""",0.00027777777777777778,data,170.10706884697183,-56.796497635316044
267,"1""",0.00027777777777777778,uniform,118.99252774430002,-3.2923032274469253
268,"1""",0.00027777777777777778,data,210.70241265512712,10.856762244463777
269,"1""",0.00027777777777777778,uniform,235.98409259434052,40.342160320427695
270,"1""",0.00027777777777777778,data,101.518992504401,-6.072366901066138
271,"1""",0.00027777777777777778,uniform,244.6139076901155,46.65986075496127
272,"1""",0.00027777777777777778,data,84.850352178607,6.085882636422537
273,"1""",0.00027777777777777778,uniform,173.5506269308837,13.5442764645404
274,"1""",0.00027777777777777778,data,96.660436710949,11.748049214397867
275,"1""",0.00027777777777777778,uniform,157.93951452221114,-53.49660809692795
276,"1""",0.00027777777777777778,data,268.614007400732,-32.49554272491437
277,"1""",0.00027777777777777778,uniform,169.565039710986,36.067859453154846
278,"1""",0.00027777777777777778,data,65.77549686034659,52.77767113677592
279,"1""",0.00027777777777777778,uniform,211.79391182516423,6.391267408531763
280,"1""",0.00027777777777777778,data,107.231391646671,-17.321360107685177
281,"1""",0.00027777777777777778,uniform,180.53335457335538,-14.433038640317177
282,"1""",0.00027777777777777778,data,114.3057603979458,-7.093327697459118
283,"1""",0.00027777777777777778,uniform,63.01858472771758,-72.74595672836605
284,"1""",0.00027777777777777778,data,334.38020751639743,-21.84075714051351
285,"1""",0.00027777777777777778,uniform,173.02613641499613,4.029560868456032
286,"1""",0.00027777777777777778,data,14.543925104549995,62.97944548450572
287,"1""",0.00027777777777777778,uniform,282.9806761280907,-49.048037816385836
288,"1""",0.00027777777777777778,data,269.29504340394,-13.65777829961633
289,"1""",0.00027777777777777778,uniform,15.865726710065982,35.722942310332286
290,"1""",0.00027777777777777778,data,257.314005190697,-28.912949790631902
291,"1""",0.00027777777777777778,uniform,175.01993928511095,32.945241729992794
292,"1""",0.00027777777777777778,data,341.1962646958842,3.7097571296781227
293,"1""",0.00027777777777777778,uniform,123.36634518590517,47.840636202928586
294,"1""",0.00027777777777777778,data,43.662542736391,54.87288034187399
295,"1""",0.00027777777777777778,uniform,250.2797526489704,-11.838613012744043
296,"1""",0.00027777777777777778,data,189.8444582408757,-23.558253258666895
297,"1""",0.00027777777777777778,uniform,252.51633700788096,-11.85998990111971
298,"1""",0.00027777777777777778,data,103.793484237222,-2.6783812417741086
299,"1""",0.00027777777777777778,uniform,138.216591172828,-14.154382375695135
300,"1""",0.00027777777777777778,data,274.208567431339,-23.784415302309707
301,"1""",0.00027777777777777778,uniform,209.10116129094604,-14.878199963186235
302,"1""",0.00027777777777777778,data,273.112882342872,-26.650462703596126
303,"1""",0.00027777777777777778,uniform,281.3757775779248,18.112333469055255
304,"1""",0.00027777777777777778,data,230.04523867208,-52.95398744928957
305,"1""",0.00027777777777777778,uniform,78.7992230739828,17.06064739822148
306,"1""",0.00027777777777777778,data,10.074927206257,61.56180966102776
307,"1""",0.00027777777777777778,uniform,134.35133560235852,44.35271875938981
308,"1""",0.00027777777777777778,data,100.119359183099,10.008656931695802
309,"1""",0.00027777777777777778,uniform,346.0329384175644,32.26178088308839
310,"1""",0.00027777777777777778,data,182.497539084754,-62.96248172815568
311,"1""",0.00027777777777777778,uniform,331.15589361534893,7.617962443511591
312,"1""",0.00027777777777777778,data,158.300935340689,-53.57120659249891
313,"1""",0.00027777777777777778,uniform,282.3616208749777,-69.8705764780097
314,"1""",0.00027777777777777778,data,93.853838102201,14.276600578161057
315,"1""",0.00027777777777777778,uniform,325.7190342085437,-8.307484221238969
316,"1""",0.00027777777777777778,data,158.984345188581,-60.3991601806375
317,"1""",0.00027777777777777778,uniform,106.62695879523133,-37.6867154403874
318,"1""",0.00027777777777777778,data,205.826531600394,-63.52621776567275
319,"1""",0.00027777777777777778,uniform,141.48534403488733,-7.774412204956405
320,"1""",0.00027777777777777778,data,74.260957610809,45.04180082103547
321,"1""",0.00027777777777777778,uniform,196.1698872162571,1.554439935955607
322,"1""",0.00027777777777777778,data,203.00097577113198,-83.34252367922876
323,"1""",0.00027777777777777778,uniform,42.69096793177902,35.6240067708125
324,"1""",0.00027777777777777778,data,333.63698345304,-3.589593893213873
325,"1""",0.00027777777777777778,uniform,316.1745766275057,-7.509534039978379
326,"1""",0.00027777777777777778,data,262.587059634164,-34.09372769226405
327,"1""",0.00027777777777777778,uniform,244.5503665634106,38.138762898814385
328,"1""",0.00027777777777777778,data,268.764827150212,-11.252090579000633
329,"1""",0.00027777777777777778,uniform,86.29157926894122,35.00999846581389
330,"1""",0.00027777777777777778,data,60.95464698047428,-32.4396026348415
331,"1""",0.00027777777777777778,uniform,273.8744134985617,-11.153192210819624
332,"1""",0.00027777777777777778,data,235.679556446828,-49.71869727506385
333,"1""",0.00027777777777777778,uniform,314.78584346810555,32.509214998044946
334,"1""",0.00027777777777777778,data,243.92316485817582,-7.38415025902377
335,"1""",0.00027777777777777778,uniform,346.18247021373855,34.8980587511381
336,"1""",0.00027777777777777778,data,136.784637903338,28.1866630104627
337,"1""",0.00027777777777777778,uniform,191.33724689886202,-1.4967507990133708
338,"1""",0.00027777777777777778,data,268.714762735325,-28.056960627639935
339,"1""",0.00027777777777777778,uniform,1.0582599080901467,45.37546984896468
340,"1""",0.00027777777777777778,data,48.47746422516543,5.547786041921385
341,"1""",0.00027777777777777778,uniform,41.150724854862574,-52.06159064081356
342,"1""",0.00027777777777777778,data,336.31983615852306,-28.66406140884852
343,"1""",0.00027777777777777778,uniform,53.26783211074091,-3.9384425817715263
344,"1""",0.00027777777777777778,data,136.738418213933,-50.20696520138836
345,"1""",0.00027777777777777778,uniform,67.76502005393465,-63.51342739635583
346,"1""",0.00027777777777777778,data,154.711967280178,-54.960952226251955
347,"1""",0.00027777777777777778,uniform,209.15610127543832,10.793901810392267
348,"1""",0.00027777777777777778,data,169.21892147000736,-22.68261550687408
349,"1""",0.00027777777777777778,uniform,99.34578335082452,-24.402507830892816
350,"1""",0.00027777777777777778,data,80.9967115808293,9.546575361851671
351,"1""",0.00027777777777777778,uniform,344.0208709906787,-38.26378221793357
352,"1""",0.00027777777777777778,data,44.654191657261,56.69445123601329
353,"1""",0.00027777777777777778,uniform,90.47885577116331,37.78662923947628
354,"1""",0.00027777777777777778,data,310.465321072992,42.19577853786736
355,"1""",0.00027777777777777778,uniform,209.58408967732154,50.628326926323446
356,"1""",0.00027777777777777778,data,240.65408029224102,63.114843501007314
357,"1""",0.00027777777777777778,uniform,281.1674796671071,-27.993888157231257
358,"1""",0.00027777777777777778,data,269.526689596225,-15.157374609710375
359,"1""",0.00027777777777777778,uniform,17.762179765706136,-7.616397570386604
360,"1""",0.00027777777777777778,data,276.511269125713,-21.88416321722501
361,"1""",0.00027777777777777778,uniform,179.6245487040407,6.335391656454018
362,"1""",0.00027777777777777778,data,0.777117465722,61.86360303718793
363,"1""",0.00027777777777777778,uniform,113.84049762419392,31.627089567818818
364,"1""",0.00027777777777777778,data,217.517043064578,-66.07378843126357
365,"1""",0.00027777777777777778,uniform,185.30801985156856,-2.342168986093613
366,"1""",0.00027777777777777778,data,67.50322290167793,-79.7779859760895
367,"1""",0.00027777777777777778,uniform,311.4812758116766,60.600642219837525
368,"1""",0.00027777777777777778,data,32.93258501086407,-39.02697434953511
369,"1""",0.00027777777777777778,uniform,34.34716666050675,6.436179161091744
370,"1""",0.00027777777777777778,data,117.25822625858738,26.35520474747749
371,"1""",0.00027777777777777778,uniform,336.97928127088755,26.535849272345782
372,"1""",0.00027777777777777778,data,219.571016994815,-59.136436903958895
373,"1""",0.00027777777777777778,uniform,177.19143953758902,-18.49278326478264
374,"1""",0.00027777777777777778,data,161.260816200837,-57.72679541134594
375,"1""",0.00027777777777777778,uniform,207.05855242024478,-29.731427664083885
376,"1""",0.00027777777777777778,data,327.6197272132075,-21.979798244001625
377,"1""",0.00027777777777777778,uniform,143.80777579634602,-39.48867453132897
378,"1""",0.00027777777777777778,data,77.68211950408875,19.32098474910785
379,"1""",0.00027777777777777778,uniform,228.59452728210746,35.85182663022166
380,"1""",0.00027777777777777778,data,188.45122308813578,27.65865027971183
381,"1""",0.00027777777777777778,uniform,217.28275208647267,56.578175361698754
382,"1""",0.00027777777777777778,data,45.09094112535056,44.63904355442326
383,"1""",0.00027777777777777778,uniform,143.692442973686,-4.829340019337564
384,"1""",0.00027777777777777778,data,286.082610829429,19.439556945877147
385,"1""",0.00027777777777777778,uniform,55.3115940259852,-44.9396389318763
386,"1""",0.00027777777777777778,data,170.59231943856273,-40.81495710975134
387,"1""",0.00027777777777777778,uniform,208.35838804845113,61.642705969811864
388,"1""",0.00027777777777777778,data,135.706622283034,-59.52813039568178
389,"1""",0.00027777777777777778,uniform,359.88668764930395,-19.289927849769906
390,"1""",0.00027777777777777778,data,343.205437944422,-13.28362896367108
391,"1""",0.00027777777777777778,uniform,251.8631657743682,-41.59233836611162
392,"1""",0.00027777777777777778,data,254.418312155938,-21.6671049373847
393,"1""",0.00027777777777777778,uniform,140.71864973900114,-9.45257505746317
394,"1""",0.00027777777777777778,data,351.06537979439224,-67.7283992028249
395,"1""",0.00027777777777777778,uniform,316.84915508213453,-61.86810224212669
396,"1""",0.00027777777777777778,data,267.481066893768,-38.247212354948445
397,"1""",0.00027777777777777778,uniform,46.96772662316165,18.558390528667566
398,"1""",0.00027777777777777778,data,103.267796432212,-0.2708085791948034
399,"1""",0.00027777777777777778,uniform,255.51871813623,-21.374600571913064
400,"1""",0.00027777777777777778,data,337.1960922408269,19.56670075159171
401,"10""",0.00277777777777777778,uniform,193.19376742145258,-6.082219498371548
402,"10""",0.00277777777777777778,data,146.64501432960665,-20.0807424849703
403,"10""",0.00277777777777777778,uniform,345.4167131816229,69.80947773778202
404,"10""",0.00277777777777777778,data,267.667555774447,-41.99056620617634
405,"10""",0.00277777777777777778,uniform,195.8864414188369,-7.0237136591261375
406,"10""",0.00277777777777777778,data,253.749167095909,-28.352695453685747
407,"10""",0.00277777777777777778,uniform,287.8188374711224,-8.287583191716292
408,"10""",0.00277777777777777778,data,72.815651048456,42.21567636016626
409,"10""",0.00277777777777777778,uniform,195.64927204166236,-36.688917593130874
410,"10""",0.00277777777777777778,data,285.43900286397,3.0373325094327286
411,"10""",0.00277777777777777778,uniform,190.6733708660074,-6.592518218759335
412,"10""",0.00277777777777777778,data,11.380304798641978,9.457595811293286
413,"10""",0.00277777777777777778,uniform,283.4920781121189,-40.59364100376071
414,"10""",0.00277777777777777778,data,265.8041914599224,79.6597068045623
415,"10""",0.00277777777777777778,uniform,152.18179006050934,-82.74000016977743
416,"10""",0.00277777777777777778,data,280.72802196273,-35.070209542873386
417,"10""",0.00277777777777777778,uniform,210.3911316301123,-60.52344181297632
418,"10""",0.00277777777777777778,data,193.53196831852816,40.53035557866243
419,"10""",0.00277777777777777778,uniform,72.07293578629466,57.807818288279435
420,"10""",0.00277777777777777778,data,123.3599203564739,47.37324296517851
421,"10""",0.00277777777777777778,uniform,327.80766594691136,62.30884032227335
422,"10""",0.00277777777777777778,data,286.47307518505,-39.355728370758186
423,"10""",0.00277777777777777778,uniform,217.5865681273313,76.54727925483877
424,"10""",0.00277777777777777778,data,67.2422163024896,34.498154792076875
425,"10""",0.00277777777777777778,uniform,336.1569974361481,51.51610846775749
426,"10""",0.00277777777777777778,data,108.511229140447,-3.9361719129926462
427,"10""",0.00277777777777777778,uniform,281.80202479636785,-45.45757123942885
428,"10""",0.00277777777777777778,data,218.10258017576356,-14.700060920940613
429,"10""",0.00277777777777777778,uniform,238.12494388411474,17.35289115825124
430,"10""",0.00277777777777777778,data,241.11007869553,-48.277655886981734
431,"10""",0.00277777777777777778,uniform,105.74983666176568,8.990199466652179
432,"10""",0.00277777777777777778,data,276.3354991929063,-74.62642481742562
433,"10""",0.00277777777777777778,uniform,350.0599533029753,37.00517076320988
434,"10""",0.00277777777777777778,data,272.141116876666,-32.28166378581627
435,"10""",0.00277777777777777778,uniform,272.6171163994909,-24.782522214109644
436,"10""",0.00277777777777777778,data,6.891167934400286,-59.916799061009975
437,"10""",0.00277777777777777778,uniform,211.6248496099208,7.0815869050739035
438,"10""",0.00277777777777777778,data,206.04041598021308,15.567507327808917
439,"10""",0.00277777777777777778,uniform,46.14608105397401,-26.856191311995822
440,"10""",0.00277777777777777778,data,267.800863839087,-30.23193062832498
441,"10""",0.00277777777777777778,uniform,333.24527615465865,71.64628953090383
442,"10""",0.00277777777777777778,data,80.655219902986,42.220153208684856
443,"10""",0.00277777777777777778,uniform,241.1214817835529,-9.86355830282759
444,"10""",0.00277777777777777778,data,18.182525878325855,-35.15262877540812
445,"10""",0.00277777777777777778,uniform,253.47989866029323,-69.30906630916829
446,"10""",0.00277777777777777778,data,146.283825756509,-58.74134932078893
447,"10""",0.00277777777777777778,uniform,137.6314537017758,-27.53318511658849
448,"10""",0.00277777777777777778,data,54.877539836652,54.366487727168526
449,"10""",0.00277777777777777778,uniform,40.69617400486638,11.48863069488525
450,"10""",0.00277777777777777778,data,310.61496792753,42.39713582331524
451,"10""",0.00277777777777777778,uniform,282.022324858846,-57.05073805903277
452,"10""",0.00277777777777777778,data,107.1911403564674,29.686222141270164
453,"10""",0.00277777777777777778,uniform,121.96923674934678,34.77023972804593
454,"10""",0.00277777777777777778,data,143.99568254254018,-4.1910128172971595
455,"10""",0.00277777777777777778,uniform,319.57048808078054,-1.669910850081154
456,"10""",0.00277777777777777778,data,316.756025058499,47.340508373342225
457,"10""",0.00277777777777777778,uniform,240.73010764752811,-44.534380399682576
458,"10""",0.00277777777777777778,data,90.095087008803,27.547041066501322
459,"10""",0.00277777777777777778,uniform,327.07338683076836,-58.7742920271762
460,"10""",0.00277777777777777778,data,288.651880065491,17.527059687754907
461,"10""",0.00277777777777777778,uniform,0.025676147553870265,-4.4048039087656825
462,"10""",0.00277777777777777778,data,208.0482990562495,5.7879996962011955
463,"10""",0.00277777777777777778,uniform,261.4511537293395,53.38860343626979
464,"10""",0.00277777777777777778,data,270.351431152823,-25.56562516564124
465,"10""",0.00277777777777777778,uniform,80.88407079399842,-49.5097670114456
466,"10""",0.00277777777777777778,data,261.817889126699,-34.52563087400551
467,"10""",0.00277777777777777778,uniform,307.3945452268372,-32.92559063764376
468,"10""",0.00277777777777777778,data,271.302733176969,-30.63067809904048
469,"10""",0.00277777777777777778,uniform,149.64455213322634,9.573741100143938
470,"10""",0.00277777777777777778,data,265.19469900646,-32.29444919101455
471,"10""",0.00277777777777777778,uniform,75.36482899835752,33.99346155556179
472,"10""",0.00277777777777777778,data,332.600335293693,59.65255456300191
473,"10""",0.00277777777777777778,uniform,13.251361989064643,34.801354917566336
474,"10""",0.00277777777777777778,data,251.87075737415813,1.003282542956892
475,"10""",0.00277777777777777778,uniform,165.8026779427093,16.55834679119464
476,"10""",0.00277777777777777778,data,126.531661106863,-47.90567104216788
477,"10""",0.00277777777777777778,uniform,335.9258634888694,18.092365650335427
478,"10""",0.00277777777777777778,data,240.95374985524,69.85058718855153
479,"10""",0.00277777777777777778,uniform,198.7271878300164,-20.385383788771374
480,"10""",0.00277777777777777778,data,94.99545244973899,54.74241026534631
481,"10""",0.00277777777777777778,uniform,55.87326367043893,27.55784357303384
482,"10""",0.00277777777777777778,data,258.000230658258,-40.31860737471503
483,"10""",0.00277777777777777778,uniform,174.04005466107907,-14.488960334184371
484,"10""",0.00277777777777777778,data,51.45727501272604,1.7979789198426965
485,"10""",0.00277777777777777778,uniform,163.16857749099515,0.49610527154992745
486,"10""",0.00277777777777777778,data,313.676053757126,39.77872464590866
487,"10""",0.00277777777777777778,uniform,304.971637187969,-36.82325280992364
488,"10""",0.00277777777777777778,data,177.18646920028314,22.45497637396858
489,"10""",0.00277777777777777778,uniform,330.72925056025935,-5.9854210853050365
490,"10""",0.00277777777777777778,data,129.7273071084924,28.564104687947665
491,"10""",0.00277777777777777778,uniform,273.4390652511811,-29.788240721435592
492,"10""",0.00277777777777777778,data,359.36753841751613,33.80887935074244
493,"10""",0.00277777777777777778,uniform,259.808519503738,-10.546075842986177
494,"10""",0.00277777777777777778,data,97.026971476366,11.239390480686884
495,"10""",0.00277777777777777778,uniform,76.95759270876519,-25.441591202660636
496,"10""",0.00277777777777777778,data,226.547402879349,-54.52274684357554
497,"10""",0.00277777777777777778,uniform,125.45180140375619,-22.659321095406597
498,"10""",0.00277777777777777778,data,45.6121491937034,16.84843494718056
499,"10""",0.00277777777777777778,uniform,280.5009734688657,-8.285149063043274
500,"10""",0.00277777777777777778,data,158.278131623472,-58.36790121820344
501,"10""",0.00277777777777777778,uniform,181.79970257218687,-41.634491970621504
502,"10""",0.00277777777777777778,data,20.101515404037,-46.37825330711966
503,"10""",0.00277777777777777778,uniform,300.72881047602,22.837647502608366
504,"10""",0.00277777777777777778,data,113.152050927988,-14.278916109913439
505,"10""",0.00277777777777777778,uniform,153.20444519208343,-3.017468873601465
506,"10""",0.00277777777777777778,data,249.266763472267,52.78541292691376
507,"10""",0.00277777777777777778,uniform,56.89233148775793,-35.39682043047065
508,"10""",0.00277777777777777778,data,285.170784297504,5.358256492537446
509,"10""",0.00277777777777777778,uniform,29.37505051981325,-52.63826392564604
510,"10""",0.00277777777777777778,data,285.533097924427,8.374910354246776
511,"10""",0.00277777777777777778,uniform,184.89423558939393,22.81270716153763
512,"10""",0.00277777777777777778,data,308.36510300746863,-47.48045770161995
513,"10""",0.00277777777777777778,uniform,199.14606969301184,12.797925249261425
514,"10""",0.00277777777777777778,data,93.50369415838175,-34.08412236388443
515,"10""",0.00277777777777777778,uniform,281.13393775850267,-50.54041240388569
516,"10""",0.00277777777777777778,data,274.80302594044,-5.528449349937688
517,"10""",0.00277777777777777778,uniform,193.64436800513687,24.087099131782676
518,"10""",0.00277777777777777778,data,22.374636109318,17.24739800083413
519,"10""",0.00277777777777777778,uniform,261.7867217647467,36.731795085295495
520,"10""",0.00277777777777777778,data,141.781314523266,-31.569465786824452
521,"10""",0.00277777777777777778,uniform,265.39184034958026,1.7807004582691766
522,"10""",0.00277777777777777778,data,66.03280491530383,65.68266520252381
523,"10""",0.00277777777777777778,uniform,21.593814236405393,62.633681539757184
524,"10""",0.00277777777777777778,data,28.04494517317184,-50.58306983073749
525,"10""",0.00277777777777777778,uniform,284.9673844072457,-1.2058988334512675
526,"10""",0.00277777777777777778,data,236.028994444337,-59.40981213355373
527,"10""",0.00277777777777777778,uniform,261.2606871830418,31.242430952662325
528,"10""",0.00277777777777777778,data,323.743068605637,40.20645090119867
529,"10""",0.00277777777777777778,uniform,135.46453997979873,58.89480851747083
530,"10""",0.00277777777777777778,data,108.39537284918029,-23.6801869335779
531,"10""",0.00277777777777777778,uniform,303.40767844433736,-0.6737508778069793
532,"10""",0.00277777777777777778,data,302.266580376031,32.49510785478807
533,"10""",0.00277777777777777778,uniform,103.60768797070378,-17.778268976702154
534,"10""",0.00277777777777777778,data,50.365624897596206,32.891304274205304
535,"10""",0.00277777777777777778,uniform,118.2212287397114,-69.21968893214643
536,"10""",0.00277777777777777778,data,156.442057478152,-58.88915948797604
537,"10""",0.00277777777777777778,uniform,59.54295456990966,25.763628639162427
538,"10""",0.00277777777777777778,data,97.73949475368627,-19.974810702128437
539,"10""",0.00277777777777777778,uniform,356.33895786836325,-54.871874601671436
540,"10""",0.00277777777777777778,data,62.37881657820563,-16.424351389348104
541,"10""",0.00277777777777777778,uniform,83.81544120428072,53.012757160171546
542,"10""",0.00277777777777777778,data,73.584252623745,25.95283098317787
543,"10""",0.00277777777777777778,uniform,162.73644161007667,-51.35899028625057
544,"10""",0.00277777777777777778,data,190.40442861332056,2.9233392495797834
545,"10""",0.00277777777777777778,uniform,13.735428692353508,-56.56138773257825
546,"10""",0.00277777777777777778,data,35.2629803701696,-17.494068059970598
547,"10""",0.00277777777777777778,uniform,289.3436594665583,57.32803469888755
548,"10""",0.00277777777777777778,data,114.093794906661,-22.90713397266024
549,"10""",0.00277777777777777778,uniform,135.64502915480904,-4.764189729280599
550,"10""",0.00277777777777777778,data,231.089308251315,-55.717154602223644
551,"10""",0.00277777777777777778,uniform,265.33472475291643,-27.53184291600526
552,"10""",0.00277777777777777778,data,306.8057578449243,-8.372651633745129
553,"10""",0.00277777777777777778,uniform,299.2511723912773,36.037330558190575
554,"10""",0.00277777777777777778,data,102.63386962775344,-20.894053467383376
555,"10""",0.00277777777777777778,uniform,187.53586188430214,-58.84620668897155
556,"10""",0.00277777777777777778,data,297.583663881505,24.867933213655558
557,"10""",0.00277777777777777778,uniform,298.248186730869,59.06939397514758
558,"10""",0.00277777777777777778,data,272.3057179944748,-2.5358022590876685
559,"10""",0.00277777777777777778,uniform,157.94642035665433,9.588876380680157
560,"10""",0.00277777777777777778,data,199.914933381041,-55.370422216993504
561,"10""",0.00277777777777777778,uniform,256.3449921109856,39.32486035132813
562,"10""",0.00277777777777777778,data,255.928045050722,-39.9974305230879
563,"10""",0.00277777777777777778,uniform,232.29104587924988,22.744721858015744
564,"10""",0.00277777777777777778,data,252.946314089114,-23.900942046025303
565,"10""",0.00277777777777777778,uniform,341.17300993313773,-75.50370888882287
566,"10""",0.00277777777777777778,data,252.9568033995568,-28.784532624030977
567,"10""",0.00277777777777777778,uniform,102.25447996884013,-54.82020345953468
568,"10""",0.00277777777777777778,data,256.93921915423465,43.90453208842863
569,"10""",0.00277777777777777778,uniform,36.26964828878245,-17.765354531103036
570,"10""",0.00277777777777777778,data,259.742539340209,-21.186615371142043
571,"10""",0.00277777777777777778,uniform,219.12251373659913,-33.846471281755804
572,"10""",0.00277777777777777778,data,92.077312176988,4.77660069055887
573,"10""",0.00277777777777777778,uniform,9.385673389744218,-23.750215694900056
574,"10""",0.00277777777777777778,data,158.18754858464757,-36.62073713198263
575,"10""",0.00277777777777777778,uniform,342.6765944544149,-32.73065373144547
576,"10""",0.00277777777777777778,data,64.32629665102125,14.908556859682387
577,"10""",0.00277777777777777778,uniform,214.77011039470102,54.64964361576002
578,"10""",0.00277777777777777778,data,240.045060425494,5.603126762095673
579,"10""",0.00277777777777777778,uniform,102.39992063614429,-66.02602306567013
580,"10""",0.00277777777777777778,data,28.740063771147597,5.889119256624029
581,"10""",0.00277777777777777778,uniform,291.1515381168764,30.577122638049655
582,"10""",0.00277777777777777778,data,266.985938341108,-30.142725847314594
583,"10""",0.00277777777777777778,uniform,80.37447035989233,14.21287023644492
584,"10""",0.00277777777777777778,data,23.746660448854016,36.367641933148214
585,"10""",0.00277777777777777778,uniform,48.33089424595496,13.727986403354471
586,"10""",0.00277777777777777778,data,133.115149403594,-48.726928642877596
587,"10""",0.00277777777777777778,uniform,56.27791862801887,23.64000589478226
588,"10""",0.00277777777777777778,data,158.25551375043963,-33.40446583899035
589,"10""",0.00277777777777777778,uniform,124.1192220345745,25.05908473078342
590,"10""",0.00277777777777777778,data,20.855284421238,63.87919869285239
591,"10""",0.00277777777777777778,uniform,113.3916235882205,17.236675175177865
592,"10""",0.00277777777777777778,data,36.250607281302514,68.0509189891642
593,"10""",0.00277777777777777778,uniform,275.83707734443135,53.03120316252756
594,"10""",0.00277777777777777778,data,109.223482909926,-11.42651636427582
595,"10""",0.00277777777777777778,uniform,86.00589712884046,-17.73790364138789
596,"10""",0.00277777777777777778,data,262.2627784853555,26.163539908678374
597,"10""",0.00277777777777777778,uniform,348.25301595170447,-40.394548456565275
598,"10""",0.00277777777777777778,data,261.615364273397,-36.71362573292331
599,"10""",0.00277777777777777778,uniform,270.92516779613703,49.91368063056516
600,"10""",0.00277777777777777778,data,202.171154739697,-59.533053164640954
601,"10""",0.00277777777777777778,uniform,159.76773763750307,64.64866584144713
602,"10""",0.00277777777777777778,data,256.226087060322,-38.2486729844597
603,"10""",0.00277777777777777778,uniform,267.8277124207846,-27.904238681861813
604,"10""",0.00277777777777777778,data,271.493205455373,-30.167959660044083
605,"10""",0.00277777777777777778,uniform,311.04668099857577,20.72656094513026
606,"10""",0.00277777777777777778,data,26.032169752236,-21.569532245765416
607,"10""",0.00277777777777777778,uniform,289.5556064037632,63.27465142482061
608,"10""",0.00277777777777777778,data,96.86140172067259,-31.835945230419437
609,"10""",0.00277777777777777778,uniform,195.05302863435662,-0.27081905240703796
610,"10""",0.00277777777777777778,data,307.579244328399,58.10344233530685
611,"10""",0.00277777777777777778,uniform,180.4169148445151,-70.29937986804723
612,"10""",0.00277777777777777778,data,266.206767581966,-33.76641229618814
613,"10""",0.00277777777777777778,uniform,42.134874544636,20.224719783315113
614,"10""",0.00277777777777777778,data,238.087220933288,-54.143967063066235
615,"10""",0.00277777777777777778,uniform,270.51203234204246,25.192138868788913
616,"10""",0.00277777777777777778,data,147.718953579042,-59.9689968618636
617,"10""",0.00277777777777777778,uniform,346.75404107379677,26.649277068146898
618,"10""",0.00277777777777777778,data,37.361847827592285,47.76741544731729
619,"10""",0.00277777777777777778,uniform,26.74209111761998,40.08005317080292
620,"10""",0.00277777777777777778,data,106.36363820416,2.141751545629974
621,"10""",0.00277777777777777778,uniform,148.5154842310239,66.1776920866554
622,"10""",0.00277777777777777778,data,38.729347645581,54.50463467598634
623,"10""",0.00277777777777777778,uniform,293.847199447791,15.812861618765478
624,"10""",0.00277777777777777778,data,129.309993488502,11.951079832867388
625,"10""",0.00277777777777777778,uniform,222.21809319743642,-12.49685398926253
626,"10""",0.00277777777777777778,data,147.04770451322483,-0.467267072759641
627,"10""",0.00277777777777777778,uniform,31.86321811523574,-1.5354167935535492
628,"10""",0.00277777777777777778,data,266.888198476193,-32.261866936291206
629,"10""",0.00277777777777777778,uniform,35.18363022391717,44.05210955581027
630,"10""",0.00277777777777777778,data,262.050696126705,-37.20250782953308
631,"10""",0.00277777777777777778,uniform,42.65477881266338,-31.7162142009394
632,"10""",0.00277777777777777778,data,140.040636155162,-49.26928621105271
633,"10""",0.00277777777777777778,uniform,160.22014923619795,30.59114457002733
634,"10""",0.00277777777777777778,data,51.301382861374,58.03573089399588
635,"10""",0.00277777777777777778,uniform,178.01170728957243,-11.158387790284769
636,"10""",0.00277777777777777778,data,149.24923560849078,-4.346553147956025
637,"10""",0.00277777777777777778,uniform,154.56269722357416,-67.50686914623716
638,"10""",0.00277777777777777778,data,318.4905034489862,-9.729993124339847
639,"10""",0.00277777777777777778,uniform,87.74668540705753,-6.156336553249357
640,"10""",0.00277777777777777778,data,262.401855803416,-36.532618016570225
641,"10""",0.00277777777777777778,uniform,81.38744359550171,-41.10594863498975
642,"10""",0.00277777777777777778,data,256.601107436722,-31.643787053353037
643,"10""",0.00277777777777777778,uniform,172.5120690880382,-39.272667033816646
644,"10""",0.00277777777777777778,data,79.86415216732037,36.33258812871286
645,"10""",0.00277777777777777778,uniform,318.2757353984134,18.86858817334002
646,"10""",0.00277777777777777778,data,237.7316383594896,-29.02583789972754
647,"10""",0.00277777777777777778,uniform,127.2070449585095,-39.41409503530035
648,"10""",0.00277777777777777778,data,287.57021848548027,36.53715075155581
649,"10""",0.00277777777777777778,uniform,173.59438416651605,-45.86695899399754
650,"10""",0.00277777777777777778,data,190.734618827816,-62.911889670651306
651,"10""",0.00277777777777777778,uniform,322.1501045669726,-79.0268275775637
652,"10""",0.00277777777777777778,data,19.203273076263024,-34.67328965908616
653,"10""",0.00277777777777777778,uniform,264.7659853074474,12.642282590985799
654,"10""",0.00277777777777777778,data,115.983738311265,-18.678596328697402
655,"10""",0.00277777777777777778,uniform,25.270876233671864,55.8510734567219
656,"10""",0.00277777777777777778,data,128.69064945993,-36.83104896444629
657,"10""",0.00277777777777777778,uniform,33.530676562529834,26.312036792263783
658,"10""",0.00277777777777777778,data,245.049008703286,47.86876486378931
659,"10""",0.00277777777777777778,uniform,157.0881594004168,-23.129355679236788
660,"10""",0.00277777777777777778,data,335.140381483528,56.11938869187899
661,"10""",0.00277777777777777778,uniform,188.2980494811814,5.327467641622217
662,"10""",0.00277777777777777778,data,293.559373456058,58.494888424633906
663,"10""",0.00277777777777777778,uniform,351.98968347253333,-48.49742645414706
664,"10""",0.00277777777777777778,data,314.150830354213,60.323131247403445
665,"10""",0.00277777777777777778,uniform,299.1748522338318,-32.21586386705728
666,"10""",0.00277777777777777778,data,77.663709683605,50.518221517571064
667,"10""",0.00277777777777777778,uniform,110.22040343459415,-9.395095689694335
668,"10""",0.00277777777777777778,data,28.683518908522927,50.28402942075582
669,"10""",0.00277777777777777778,uniform,119.93042156367372,-55.417389410900455
670,"10""",0.00277777777777777778,data,222.30204712646128,-42.633787108761716
671,"10""",0.00277777777777777778,uniform,98.33093939753174,-16.032610449756522
672,"10""",0.00277777777777777778,data,298.932073524566,59.587294619688215
673,"10""",0.00277777777777777778,uniform,295.56018119366877,29.795468447578497
674,"10""",0.00277777777777777778,data,272.451307080465,-26.42796024537091
675,"10""",0.00277777777777777778,uniform,287.95798834449573,-50.106869497129786
676,"10""",0.00277777777777777778,data,259.691456689756,-26.466466359233618
677,"10""",0.00277777777777777778,uniform,330.80217689747843,5.647597512391397
678,"10""",0.00277777777777777778,data,257.737829880849,-17.033325853080985
679,"10""",0.00277777777777777778,uniform,209.3680793154598,-25.72355756920477
680,"10""",0.00277777777777777778,data,313.7214727119635,0.9674535372118293
681,"10""",0.00277777777777777778,uniform,146.37112915441028,27.996974149879282
682,"10""",0.00277777777777777778,data,123.30040467449,-35.9734186999891
683,"10""",0.00277777777777777778,uniform,28.51704925278562,-63.36324804377963
684,"10""",0.00277777777777777778,data,212.81544454395384,-41.33708855136805
685,"10""",0.00277777777777777778,uniform,134.4204438360562,38.57479659089505
686,"10""",0.00277777777777777778,data,204.14219496734376,-27.152702081390686
687,"10""",0.00277777777777777778,uniform,40.8462858961261,-60.1942505196932
688,"10""",0.00277777777777777778,data,49.50962318936,-31.128863872813906
689,"10""",0.00277777777777777778,uniform,207.11935396323102,-21.789887247406597
690,"10""",0.00277777777777777778,data,267.69828541936,-27.903648235221468
691,"10""",0.00277777777777777778,uniform,73.05715784454404,6.249177435393873
692,"10""",0.00277777777777777778,data,273.022142598867,-27.540675991777118
693,"10""",0.00277777777777777778,uniform,198.86697292424086,-2.5645090129037906
694,"10""",0.00277777777777777778,data,71.905000884179,-0.38260602117965015
695,"10""",0.00277777777777777778,uniform,14.359295788405273,-10.615897309591404
696,"10""",0.00277777777777777778,data,226.98208675709202,58.05159431887252
697,"10""",0.00277777777777777778,uniform,4.694456264496081,-36.5492604152947
698,"10""",0.00277777777777777778,data,207.5742735180092,-12.851666720863435
699,"10""",0.00277777777777777778,uniform,48.703485474647,37.158329653335684
700,"10""",0.00277777777777777778,data,307.835139351681,46.65756878871164
701,"10""",0.00277777777777777778,uniform,75.57421186499465,44.10442209511822
702,"10""",0.00277777777777777778,data,345.140230412164,-40.74918112209637
703,"10""",0.00277777777777777778,uniform,272.1316184404711,40.42156607466368
704,"10""",0.00277777777777777778,data,195.27505250559986,-27.559670003067513
705,"10""",0.00277777777777777778,uniform,176.2510008938242,44.62972414513962
706,"10""",0.00277777777777777778,data,153.100316149357,-55.47923984014704
707,"10""",0.00277777777777777778,uniform,333.3569961869631,-47.652988497811684
708,"10""",0.00277777777777777778,data,144.616382510461,-22.42050080514811
709,"10""",0.00277777777777777778,uniform,332.8683324709331,19.563351219365455
710,"10""",0.00277777777777777778,data,266.224046158963,-41.91905442460564
711,"10""",0.00277777777777777778,uniform,97.93170518682685,75.68752150936245
712,"10""",0.00277777777777777778,data,208.418968544767,-27.158591837500335
713,"10""",0.00277777777777777778,uniform,160.35189743845967,39.78033299860048
714,"10""",0.00277777777777777778,data,57.99305143663294,-10.141165743147754
715,"10""",0.00277777777777777778,uniform,144.79010698612765,48.62271920377241
716,"10""",0.00277777777777777778,data,92.94791872947,15.745725745874045
717,"10""",0.00277777777777777778,uniform,298.14217676669915,-85.57677052986914
718,"10""",0.00277777777777777778,data,97.946528909911,-9.91554196220854
719,"10""",0.00277777777777777778,uniform,276.02342520211135,57.8202409876775
720,"10""",0.00277777777777777778,data,285.42976302366,-2.0489924269185833
721,"10""",0.00277777777777777778,uniform,175.63767509027213,50.72878715831129
722,"10""",0.00277777777777777778,data,142.652809762439,7.211013137180023
723,"10""",0.00277777777777777778,uniform,233.76696932931316,11.614213108114518
724,"10""",0.00277777777777777778,data,331.409832263498,-62.59875637422045
725,"10""",0.00277777777777777778,uniform,271.3614845091377,63.73742651968786
726,"10""",0.00277777777777777778,data,284.772504231702,-1.4448865546265877
727,"10""",0.00277777777777777778,uniform,286.44690317474743,-30.28970337581882
728,"10""",0.00277777777777777778,data,224.992894643899,-63.86471488993791
729,"10""",0.00277777777777777778,uniform,17.38667214757143,14.859265308337253
730,"10""",0.00277777777777777778,data,269.850724238018,-15.476231250873065
731,"10""",0.00277777777777777778,uniform,45.496528406552,-61.81785526904536
732,"10""",0.00277777777777777778,data,274.314922272881,-32.01207227690263
733,"10""",0.00277777777777777778,uniform,321.087993731625,40.54662575732352
734,"10""",0.00277777777777777778,data,22.17470739174,66.6437079298133
735,"10""",0.00277777777777777778,uniform,85.839545551913,-36.464819873507594
736,"10""",0.00277777777777777778,data,274.634181486507,-24.974545248186026
737,"10""",0.00277777777777777778,uniform,108.93236897178086,43.71679998086338
738,"10""",0.00277777777777777778,data,134.06070255254158,-23.682617054320993
739,"10""",0.00277777777777777778,uniform,319.6185729014232,-3.852634540683113
740,"10""",0.00277777777777777778,data,347.147287129599,-1.9540400857993279
741,"10""",0.00277777777777777778,uniform,99.31761133147653,-11.83051361671871
742,"10""",0.00277777777777777778,data,286.750440050229,14.636058021091378
743,"10""",0.00277777777777777778,uniform,236.84290915657758,-19.41920332825432
744,"10""",0.00277777777777777778,data,112.737760056109,-23.467944939605427
745,"10""",0.00277777777777777778,uniform,48.89699849211566,-62.086132322331665
746,"10""",0.00277777777777777778,data,252.688353021041,-48.56596726494315
747,"10""",0.00277777777777777778,uniform,213.57698610764584,-22.364789191273825
748,"10""",0.00277777777777777778,data,181.16672051225655,0.328547098291824
749,"10""",0.00277777777777777778,uniform,265.0998674130698,-76.55999287373434
750,"10""",0.00277777777777777778,data,189.613496366193,-63.49860000947586
751,"10""",0.00277777777777777778,uniform,347.37412125965335,11.72220860823639
752,"10""",0.00277777777777777778,data,8.970203066476685,11.2045541211753
753,"10""",0.00277777777777777778,uniform,242.5298140341024,-8.97882195666415
754,"10""",0.00277777777777777778,data,25.584742245477,58.403083701258396
755,"10""",0.00277777777777777778,uniform,163.12168233756475,-22.315541297205094
756,"10""",0.00277777777777777778,data,168.930170849416,-13.687895194287869
757,"10""",0.00277777777777777778,uniform,20.99146317703947,-27.331687879450605
758,"10""",0.00277777777777777778,data,336.376396380273,48.59909202192093
759,"10""",0.00277777777777777778,uniform,195.91458826875285,-30.090748009118144
760,"10""",0.00277777777777777778,data,277.259380115813,-31.6889533864562
761,"10""",0.00277777777777777778,uniform,154.52559073468686,21.14185838499935
762,"10""",0.00277777777777777778,data,303.656731582188,-17.215336585214285
763,"10""",0.00277777777777777778,uniform,237.591982045756,-52.46591729466492
764,"10""",0.00277777777777777778,data,191.069880715613,-59.31037013197976
765,"10""",0.00277777777777777778,uniform,310.52526899919076,28.53815157493142
766,"10""",0.00277777777777777778,data,265.46178529731,-36.616405052693025
767,"10""",0.00277777777777777778,uniform,19.39716332377496,35.421588396296606
768,"10""",0.00277777777777777778,data,282.401859608605,-2.345379049546084
769,"10""",0.00277777777777777778,uniform,300.4943640470732,-13.202063744716792
770,"10""",0.00277777777777777778,data,144.081631026443,-19.738088883516383
771,"10""",0.00277777777777777778,uniform,130.32718498133016,-64.12747613214253
772,"10""",0.00277777777777777778,data,194.27936857589015,-2.168350939560144
773,"10""",0.00277777777777777778,uniform,77.24633937419897,23.590016059080142
774,"10""",0.00277777777777777778,data,267.814946230874,-25.961809318194813
775,"10""",0.00277777777777777778,uniform,140.6601952173481,1.80287416331635
776,"10""",0.00277777777777777778,data,247.686966511096,-39.64104702934998
777,"10""",0.00277777777777777778,uniform,27.96237398865258,-9.047261507168686
778,"10""",0.00277777777777777778,data,139.359835191936,-54.061567550970054
779,"10""",0.00277777777777777778,uniform,183.72503657699787,24.92655065641874
780,"10""",0.00277777777777777778,data,301.035344237313,35.126760717247144
781,"10""",0.00277777777777777778,uniform,257.0273167343262,-8.597391756281768
782,"10""",0.00277777777777777778,data,282.859982095842,3.817442978353273
783,"10""",0.00277777777777777778,uniform,221.13755004893514,-44.433788083432866
784,"10""",0.00277777777777777778,data,276.990507784401,-18.764302352866125
785,"10""",0.00277777777777777778,uniform,70.78593839539796,-10.141542690949304
786,"10""",0.00277777777777777778,data,288.055142966913,7.164952463964332
787,"10""",0.00277777777777777778,uniform,118.60568099175573,-9.1481521895233
788,"10""",0.00277777777777777778,data,298.353184241993,17.726425560870542
789,"10""",0.00277777777777777778,uniform,23.580835809354006,17.81972386129421
790,"10""",0.00277777777777777778,data,281.106765746411,4.371354566752535
791,"10""",0.00277777777777777778,uniform,185.16082562992938,2.222159893011735
792,"10""",0.00277777777777777778,data,275.016274210471,-14.951219122950722
793,"10""",0.00277777777777777778,uniform,46.00598559448717,-47.23869605931444
794,"10""",0.00277777777777777778,data,273.461002035511,-67.81332061511806
795,"10""",0.00277777777777777778,uniform,172.1146490428744,11.224985477013576
796,"10""",0.00277777777777777778,data,16.047391495772,63.99733026864453
797,"10""",0.00277777777777777778,uniform,314.77950378768844,19.931340255627646
798,"10""",0.00277777777777777778,data,56.121798315624204,27.35921569388821
799,"10""",0.00277777777777777778,uniform,178.2776429961758,7.661085823025384
800,"10""",0.00277777777777777778,data,287.206728111805,16.130609696934542
801,1',0.01666666666666666667,uniform,71.57253114425136,56.83809300470286
802,1',0.01666666666666666667,data,274.235635571488,-17.40849427572496
803,1',0.01666666666666666667,uniform,209.27201819824523,35.89147125719177
804,1',0.01666666666666666667,data,347.370125137084,-53.54522198891438
805,1',0.01666666666666666667,uniform,271.9842821827146,29.610859474763416
806,1',0.01666666666666666667,data,259.871098004336,-35.79923529198489
807,1',0.01666666666666666667,uniform,130.42226530516703,47.74363125776746
808,1',0.01666666666666666667,data,352.031304424476,62.86940335396286
809,1',0.01666666666666666667,uniform,358.73532924405947,58.67669085573067
810,1',0.01666666666666666667,data,106.777010876373,-16.579791740886627
811,1',0.01666666666666666667,uniform,104.00489855643067,7.303133679317242
812,1',0.01666666666666666667,data,69.64536848602519,6.631344301136386
813,1',0.01666666666666666667,uniform,211.7486053772772,-18.652499633307677
814,1',0.01666666666666666667,data,165.2743374607656,-84.02965961441592
815,1',0.01666666666666666667,uniform,353.5465962743142,6.71548771809275
816,1',0.01666666666666666667,data,130.401313517411,-38.17375120452592
817,1',0.01666666666666666667,uniform,41.585862516429884,1.2930485257485693
818,1',0.01666666666666666667,data,156.77785816864235,-45.48402085018174
819,1',0.01666666666666666667,uniform,240.03513391045794,-63.77297584206656
820,1',0.01666666666666666667,data,251.99233824205527,-43.982324343636954
821,1',0.01666666666666666667,uniform,329.5282321304986,30.501907936433483
822,1',0.01666666666666666667,data,7.979677699818,26.37433042771458
823,1',0.01666666666666666667,uniform,335.31711269880685,23.608091269425806
824,1',0.01666666666666666667,data,289.534520962561,18.110162177093482
825,1',0.01666666666666666667,uniform,139.42735760737114,-29.989111464623353
826,1',0.01666666666666666667,data,230.778561710811,-45.76939912704283
827,1',0.01666666666666666667,uniform,310.54926120617085,-70.43500185671778
828,1',0.01666666666666666667,data,151.404828741839,-49.60607038668558
829,1',0.01666666666666666667,uniform,105.26356796303668,-2.8763420715174295
830,1',0.01666666666666666667,data,20.491331169006,63.31494586371392
831,1',0.01666666666666666667,uniform,313.4455881151655,29.327628993813644
832,1',0.01666666666666666667,data,345.94723070122933,19.618958440206203
833,1',0.01666666666666666667,uniform,336.1034839173082,35.20665421166372
834,1',0.01666666666666666667,data,267.594607818937,-43.60014849976003
835,1',0.01666666666666666667,uniform,38.00553249904404,-49.466689214001086
836,1',0.01666666666666666667,data,268.893095919814,-22.084443931691062
837,1',0.01666666666666666667,uniform,54.501146339399455,-46.23340624125108
838,1',0.01666666666666666667,data,255.460485675444,-24.270889642838686
839,1',0.01666666666666666667,uniform,168.59766697199174,-12.070629232170788
840,1',0.01666666666666666667,data,152.948656610195,-51.69666066018177
841,1',0.01666666666666666667,uniform,7.788594455865674,-40.578403866410255
842,1',0.01666666666666666667,data,213.165744345236,-23.05052864074796
843,1',0.01666666666666666667,uniform,18.054785365607398,33.533108859266925
844,1',0.01666666666666666667,data,283.762351466188,-7.9655514347358904
845,1',0.01666666666666666667,uniform,276.1831100759444,65.17715027480598
846,1',0.01666666666666666667,data,125.029668437682,-9.538853527343154
847,1',0.01666666666666666667,uniform,250.4951866555218,34.18462874523551
848,1',0.01666666666666666667,data,64.77784342579359,-32.2637687142896
849,1',0.01666666666666666667,uniform,16.27876016107833,-48.58421452314121
850,1',0.01666666666666666667,data,298.3234585219322,41.38993184787009
851,1',0.01666666666666666667,uniform,262.52041613031884,16.33440999330487
852,1',0.01666666666666666667,data,91.578141596876,20.333188601683293
853,1',0.01666666666666666667,uniform,130.073043139592,-49.17026290493056
854,1',0.01666666666666666667,data,8.521898027172,59.33036383461804
855,1',0.01666666666666666667,uniform,136.1089022102839,40.08111627239113
856,1',0.01666666666666666667,data,122.284094900423,-37.82915670323355
857,1',0.01666666666666666667,uniform,124.84847490034761,79.49914857448866
858,1',0.01666666666666666667,data,270.602479746424,-18.07390818103919
859,1',0.01666666666666666667,uniform,89.07880180365031,-63.001851283219196
860,1',0.01666666666666666667,data,94.485581736037,25.775708049305432
861,1',0.01666666666666666667,uniform,72.70921992613361,85.63690667026303
862,1',0.01666666666666666667,data,191.607628731473,-61.59218907081163
863,1',0.01666666666666666667,uniform,213.4510531836919,37.37427049537245
864,1',0.01666666666666666667,data,330.909008027354,-37.85000822260638
865,1',0.01666666666666666667,uniform,266.05442861985324,43.13508527689198
866,1',0.01666666666666666667,data,245.457768610874,-52.43628453570926
867,1',0.01666666666666666667,uniform,357.9359210803329,-6.772192537829278
868,1',0.01666666666666666667,data,282.405596441444,-32.16851068142295
869,1',0.01666666666666666667,uniform,348.7956093212948,12.798988104311965
870,1',0.01666666666666666667,data,28.85284555718456,1.025927094897979
871,1',0.01666666666666666667,uniform,253.89625898011224,57.81774929663962
872,1',0.01666666666666666667,data,119.795972899916,-29.55803641009036
873,1',0.01666666666666666667,uniform,80.58044972160731,-49.41288167666383
874,1',0.01666666666666666667,data,265.410446858448,-26.547585854643145
875,1',0.01666666666666666667,uniform,139.8117899715822,43.789313449773104
876,1',0.01666666666666666667,data,302.393855599565,35.48115150798084
877,1',0.01666666666666666667,uniform,120.55991296814344,1.7231146022209773
878,1',0.01666666666666666667,data,17.777335113758,65.87143368880136
879,1',0.01666666666666666667,uniform,189.45728737564977,-6.672684351043532
880,1',0.01666666666666666667,data,202.78800834012793,26.10547438904705
881,1',0.01666666666666666667,uniform,176.78424579380223,18.05778952234934
882,1',0.01666666666666666667,data,350.78104676656,58.82757897845232
883,1',0.01666666666666666667,uniform,198.23944601519852,66.92119533626324
884,1',0.01666666666666666667,data,85.547034955957,29.154628891096134
885,1',0.01666666666666666667,uniform,69.92732385519281,-13.569104824900132
886,1',0.01666666666666666667,data,172.943720146072,-58.89873847060049
887,1',0.01666666666666666667,uniform,256.8707523957704,-59.90045521996391
888,1',0.01666666666666666667,data,173.14707440416007,-22.22739173602128
889,1',0.01666666666666666667,uniform,292.16746861253284,-1.8346386361317024
890,1',0.01666666666666666667,data,328.0006996385647,57.38727424667758
891,1',0.01666666666666666667,uniform,75.48818137444863,44.26086752546441
892,1',0.01666666666666666667,data,129.3769845796458,74.6116697622803
893,1',0.01666666666666666667,uniform,264.8446172911615,-22.786533453482225
894,1',0.01666666666666666667,data,269.8135677624527,-52.66498528081996
895,1',0.01666666666666666667,uniform,208.65995354911925,27.58857997554859
896,1',0.01666666666666666667,data,324.64079738284937,-62.46442549309378
897,1',0.01666666666666666667,uniform,73.79692024699237,-42.86489395784756
898,1',0.01666666666666666667,data,166.787996833839,-62.76464754475466
899,1',0.01666666666666666667,uniform,108.30674140754043,34.71817570043261
900,1',0.01666666666666666667,data,112.37535681272,-28.720371440691146
901,1',0.01666666666666666667,uniform,59.710261410207444,-3.9853275855725054
902,1',0.01666666666666666667,data,33.853565869019,60.98006299371206
903,1',0.01666666666666666667,uniform,83.71082860985453,44.43228668647299
904,1',0.01666666666666666667,data,336.879774530927,58.345054361715725
905,1',0.01666666666666666667,uniform,48.713291810742554,-37.85035962243878
906,1',0.01666666666666666667,data,274.759791351575,-33.43474839349617
907,1',0.01666666666666666667,uniform,180.4005095728002,30.222758983622303
908,1',0.01666666666666666667,data,277.976668418899,-4.748132255169976
909,1',0.01666666666666666667,uniform,65.45646655608253,76.06167851437291
910,1',0.01666666666666666667,data,81.578440407869,38.21279437250814
911,1',0.01666666666666666667,uniform,314.10867995253477,77.0465554617006
912,1',0.01666666666666666667,data,119.25009719367961,35.210996836497785
913,1',0.01666666666666666667,uniform,321.3681756425329,33.76679485384906
914,1',0.01666666666666666667,data,171.8257824898159,-36.317873267558724
915,1',0.01666666666666666667,uniform,278.94593902054515,43.62304052969964
916,1',0.01666666666666666667,data,305.59332565120246,-18.89404343334467
917,1',0.01666666666666666667,uniform,25.116427402523644,-2.4542984890468156
918,1',0.01666666666666666667,data,48.885508402135,54.08209024125319
919,1',0.01666666666666666667,uniform,96.13137132259703,55.81914232274874
920,1',0.01666666666666666667,data,45.96405785997817,4.438929352504074
921,1',0.01666666666666666667,uniform,267.5807161826791,30.40194651917535
922,1',0.01666666666666666667,data,352.9523573187977,39.514164911110214
923,1',0.01666666666666666667,uniform,186.16692797792126,16.474949725645708
924,1',0.01666666666666666667,data,262.569110177402,-40.45738253638691
925,1',0.01666666666666666667,uniform,180.2705494853362,-13.000685599457055
926,1',0.01666666666666666667,data,315.2811618320633,13.168897952786612
927,1',0.01666666666666666667,uniform,236.54279626849026,-11.329003906470879
928,1',0.01666666666666666667,data,22.192017279307,17.28701580624947
929,1',0.01666666666666666667,uniform,254.13604434179408,1.2587807160244693
930,1',0.01666666666666666667,data,322.668463661954,50.91200496774556
931,1',0.01666666666666666667,uniform,138.83466525710062,25.372497228144024
932,1',0.01666666666666666667,data,288.869239490064,13.11827235951351
933,1',0.01666666666666666667,uniform,337.1333413038841,51.83348579833029
934,1',0.01666666666666666667,data,317.989528121192,49.780286228320904
935,1',0.01666666666666666667,uniform,339.71731502265953,46.11298318250161
936,1',0.01666666666666666667,data,91.531287289684,22.271923878694345
937,1',0.01666666666666666667,uniform,71.29689628630311,44.36170483415528
938,1',0.01666666666666666667,data,126.50626114771416,-6.225181315373296
939,1',0.01666666666666666667,uniform,218.71056106221002,-16.92114562231184
940,1',0.01666666666666666667,data,253.343218835245,-31.731494890437894
941,1',0.01666666666666666667,uniform,65.28229121510022,10.630387647551649
942,1',0.01666666666666666667,data,263.649622640484,-33.74118380800933
943,1',0.01666666666666666667,uniform,29.929317105141173,-54.97702251707255
944,1',0.01666666666666666667,data,152.67096001508048,16.749811969202877
945,1',0.01666666666666666667,uniform,136.15432885322238,15.40869666830628
946,1',0.01666666666666666667,data,260.880905247756,-27.06912902260026
947,1',0.01666666666666666667,uniform,11.244622897441348,26.918042429722465
948,1',0.01666666666666666667,data,264.176646310194,-37.114417171533205
949,1',0.01666666666666666667,uniform,342.16988839121257,29.55813272253464
950,1',0.01666666666666666667,data,338.6976019805454,41.1059153284205
951,1',0.01666666666666666667,uniform,302.43064688743254,-47.678801701357195
952,1',0.01666666666666666667,data,66.95888017731323,-47.315634882909194
953,1',0.01666666666666666667,uniform,158.04126002280148,22.50418306330199
954,1',0.01666666666666666667,data,150.160274333724,-49.6044238663507
955,1',0.01666666666666666667,uniform,55.5298338560295,14.367431042270262
956,1',0.01666666666666666667,data,92.54196262371,17.495359403605395
957,1',0.01666666666666666667,uniform,3.867673694739988,-39.54939679389575
958,1',0.01666666666666666667,data,352.63409567551815,33.432263481039584
959,1',0.01666666666666666667,uniform,248.40268290564012,-33.299049625732486
960,1',0.01666666666666666667,data,201.42403572513675,64.48748568133232
961,1',0.01666666666666666667,uniform,49.273870814240254,32.50449435526162
962,1',0.01666666666666666667,data,243.442627607591,-54.92952756397144
963,1',0.01666666666666666667,uniform,6.960892871826827,3.6545649472560147
964,1',0.01666666666666666667,data,274.531055751033,-34.97127787059668
965,1',0.01666666666666666667,uniform,52.22199819717754,78.58085683803932
966,1',0.01666666666666666667,data,328.2043625657133,19.247685456979177
967,1',0.01666666666666666667,uniform,31.051864451453525,18.72709813523808
968,1',0.01666666666666666667,data,71.696492691015,44.37104333775662
969,1',0.01666666666666666667,uniform,130.50134527771405,-19.31836470235691
970,1',0.01666666666666666667,data,22.868029769751,-8.284127694217432
971,1',0.01666666666666666667,uniform,278.8536397878111,-28.085330112869713
972,1',0.01666666666666666667,data,156.54417477497566,-23.96866302030143
973,1',0.01666666666666666667,uniform,32.2147249886106,12.521491767472039
974,1',0.01666666666666666667,data,205.651574108584,-61.76619044874009
975,1',0.01666666666666666667,uniform,342.27111441583816,21.25482662491245
976,1',0.01666666666666666667,data,36.536781859001,67.41745494740695
977,1',0.01666666666666666667,uniform,203.9040637868681,26.019802415381434
978,1',0.01666666666666666667,data,283.936898912339,36.31842246351086
979,1',0.01666666666666666667,uniform,222.91951792229605,-39.12245722322675
980,1',0.01666666666666666667,data,207.757676456213,-59.68768529653122
981,1',0.01666666666666666667,uniform,286.9153240765229,28.11941827643786
982,1',0.01666666666666666667,data,268.092295853457,-25.88057848842426
983,1',0.01666666666666666667,uniform,113.25677003112182,-14.145861730684834
984,1',0.01666666666666666667,data,284.965617958557,-19.713700182630056
985,1',0.01666666666666666667,uniform,357.2413544874869,-11.306168866935192
986,1',0.01666666666666666667,data,258.411085949228,-32.637269605352216
987,1',0.01666666666666666667,uniform,182.123726180974,-2.6637438665083217
988,1',0.01666666666666666667,data,106.882434811174,0.22774124285946024
989,1',0.01666666666666666667,uniform,326.9278122291128,17.803993567058257
990,1',0.01666666666666666667,data,170.88371163274,1.9828821150968814
991,1',0.01666666666666666667,uniform,109.7871506182907,-36.32912944746028
992,1',0.01666666666666666667,data,230.081410433644,-56.98368780950413
993,1',0.01666666666666666667,uniform,26.703618477183024,-62.12415087605812
994,1',0.01666666666666666667,data,110.258855210434,-16.862341938161254
995,1',0.01666666666666666667,uniform,183.8738105005953,-1.2562525308744275
996,1',0.01666666666666666667,data,56.580715965014,53.9902246671291
997,1',0.01666666666666666667,uniform,316.90506107398164,7.854026920456006
998,1',0.01666666666666666667,data,261.949776769479,-27.276122764830493
999,1',0.01666666666666666667,uniform,340.54817002104113,16.17454825744537
1000,1',0.01666666666666666667,data,277.937681599317,-3.3686867720961184
1001,1',0.01666666666666666667,uniform,120.7483467414322,-66.8804922041778
1002,1',0.01666666666666666667,data,245.56880206624692,6.510550133140092
1003,1',0.01666666666666666667,uniform,122.62063876728973,8.343699787986916
1004,1',0.01666666666666666667,data,9.87571166384484,-68.19296549632995
1005,1',0.01666666666666666667,uniform,219.20302886704204,-55.05004441828709
1006,1',0.01666666666666666667,data,258.1856459006244,-23.32952034789957
1007,1',0.01666666666666666667,uniform,101.72253045537424,-29.792967569381805
1008,1',0.01666666666666666667,data,256.23994319827,-19.41484131398444
1009,1',0.01666666666666666667,uniform,247.9276750293067,-24.771139226833576
1010,1',0.01666666666666666667,data,126.62770783533992,-44.00198058847242
1011,1',0.01666666666666666667,uniform,141.46341726437038,59.28643904016187
1012,1',0.01666666666666666667,data,45.24087618918622,-64.60550512811503
1013,1',0.01666666666666666667,uniform,86.48970257050243,27.763725488000215
1014,1',0.01666666666666666667,data,275.391218452305,-34.692500563562234
1015,1',0.01666666666666666667,uniform,0.6862187654371432,-34.86790241153811
1016,1',0.01666666666666666667,data,14.986467563685704,12.044122620624353
1017,1',0.01666666666666666667,uniform,160.77646773966535,37.41903012654964
1018,1',0.01666666666666666667,data,271.618887106123,-38.199700800462246
1019,1',0.01666666666666666667,uniform,196.164372360318,27.377592596139287
1020,1',0.01666666666666666667,data,94.077288949324,-5.4639758997402685
1021,1',0.01666666666666666667,uniform,354.2594334962786,52.516743666575735
1022,1',0.01666666666666666667,data,176.72634159850793,59.53935442877485
1023,1',0.01666666666666666667,uniform,205.81029289701596,5.306947171081857
1024,1',0.01666666666666666667,data,199.17552412246667,-57.346370490253385
1025,1',0.01666666666666666667,uniform,61.090118518924086,8.794481585916401
1026,1',0.01666666666666666667,data,166.36162149773648,-53.53284476938673
1027,1',0.01666666666666666667,uniform,338.62290915885626,57.302677600756624
1028,1',0.01666666666666666667,data,258.19256591987,-20.928964018877675
1029,1',0.01666666666666666667,uniform,27.750571750638855,34.31920959010223
1030,1',0.01666666666666666667,data,185.0581559978653,-30.330443508875145
1031,1',0.01666666666666666667,uniform,226.0996714556949,62.61107958867625
1032,1',0.01666666666666666667,data,348.87002844171377,-30.791185442754994
1033,1',0.01666666666666666667,uniform,26.183057170456514,6.893407103860213
1034,1',0.01666666666666666667,data,223.983457193235,-52.02359097049306
1035,1',0.01666666666666666667,uniform,344.0315961877675,-70.02986112132706
1036,1',0.01666666666666666667,data,259.167635697802,-27.770958323169232
1037,1',0.01666666666666666667,uniform,183.4098855524414,13.672310573821544
1038,1',0.01666666666666666667,data,338.472343640483,57.013306342792646
1039,1',0.01666666666666666667,uniform,192.33949840248124,-66.63549040151854
1040,1',0.01666666666666666667,data,286.634342393943,8.386463496833391
1041,1',0.01666666666666666667,uniform,224.54564619502418,44.90385150038977
1042,1',0.01666666666666666667,data,97.867678682808,12.655331304455126
1043,1',0.01666666666666666667,uniform,310.16613739328335,18.637535618778543
1044,1',0.01666666666666666667,data,248.076998676842,-44.178983422656415
1045,1',0.01666666666666666667,uniform,165.29307148167408,-62.177490541535434
1046,1',0.01666666666666666667,data,262.9285340084765,-64.9919764972536
1047,1',0.01666666666666666667,uniform,150.99779466626663,22.02549756769147
1048,1',0.01666666666666666667,data,330.840732272036,57.533713348717995
1049,1',0.01666666666666666667,uniform,311.5019157367614,-32.229424683024924
1050,1',0.01666666666666666667,data,78.604946214413,48.4394102402124
1051,1',0.01666666666666666667,uniform,167.84410106727324,39.38180154598397
1052,1',0.01666666666666666667,data,213.65865962342113,20.64156179034594
1053,1',0.01666666666666666667,uniform,268.49198871548623,-13.148504025762307
1054,1',0.01666666666666666667,data,126.31004151513564,26.845243826567824
1055,1',0.01666666666666666667,uniform,248.0984731638362,-18.058089864201435
1056,1',0.01666666666666666667,data,240.4657553445129,-15.262286963041308
1057,1',0.01666666666666666667,uniform,17.34439817679221,33.18683346028375
1058,1',0.01666666666666666667,data,343.107895315325,-13.211241548525171
1059,1',0.01666666666666666667,uniform,290.8298057293462,44.85644701530775
1060,1',0.01666666666666666667,data,228.99552853216798,71.12400014871048
1061,1',0.01666666666666666667,uniform,111.4223659612097,39.78034834157395
1062,1',0.01666666666666666667,data,47.83841479052917,-20.504170941637785
1063,1',0.01666666666666666667,uniform,115.3086066181709,13.172817837685246
1064,1',0.01666666666666666667,data,268.117022526688,-34.47546659711425
1065,1',0.01666666666666666667,uniform,243.33100801422324,-47.93364005339411
1066,1',0.01666666666666666667,data,89.411668693149,25.921515474219945
1067,1',0.01666666666666666667,uniform,112.9517473040659,-28.532659325971597
1068,1',0.01666666666666666667,data,10.108365756224,59.07259831689544
1069,1',0.01666666666666666667,uniform,7.146061476804579,38.92776434640718
1070,1',0.01666666666666666667,data,310.051918983894,42.397718407085044
1071,1',0.01666666666666666667,uniform,217.81582155649733,-16.097644630130706
1072,1',0.01666666666666666667,data,333.7450411605082,58.96428609946946
1073,1',0.01666666666666666667,uniform,170.40881867758836,11.969808406692907
1074,1',0.01666666666666666667,data,191.65157786652486,-54.669413818908104
1075,1',0.01666666666666666667,uniform,114.96622176039565,-40.819812379853126
1076,1',0.01666666666666666667,data,249.503151286734,-11.741178839050844
1077,1',0.01666666666666666667,uniform,121.52695914636679,10.855710955310231
1078,1',0.01666666666666666667,data,86.300464731992,40.40933626994681
1079,1',0.01666666666666666667,uniform,295.2007590127217,3.0377835614647646
1080,1',0.01666666666666666667,data,126.443893223514,-40.24056697855915
1081,1',0.01666666666666666667,uniform,265.83716829916995,12.229382303468158
1082,1',0.01666666666666666667,data,284.848031994472,-0.8327426486864278
1083,1',0.01666666666666666667,uniform,332.8740572398697,-20.920424610414514
1084,1',0.01666666666666666667,data,189.71016469636174,37.95394559707926
1085,1',0.01666666666666666667,uniform,47.80633212820597,-50.5840964519833
1086,1',0.01666666666666666667,data,103.55082371594,15.173072848504228
1087,1',0.01666666666666666667,uniform,95.6868189159795,-54.747330639593315
1088,1',0.01666666666666666667,data,177.79537638307144,19.914138348511283
1089,1',0.01666666666666666667,uniform,0.1917074319601042,45.47404386428046
1090,1',0.01666666666666666667,data,260.178622477365,-33.24604605082277
1091,1',0.01666666666666666667,uniform,169.1799259192668,22.257432827123683
1092,1',0.01666666666666666667,data,105.220987343532,-3.5852482293997614
1093,1',0.01666666666666666667,uniform,165.37496556820167,-29.851265008034815
1094,1',0.01666666666666666667,data,345.888385598043,57.84818021817674
1095,1',0.01666666666666666667,uniform,107.0958289607128,-70.5485708370383
1096,1',0.01666666666666666667,data,8.492875539705,61.5392039006219
1097,1',0.01666666666666666667,uniform,164.19582145756962,4.139249450924533
1098,1',0.01666666666666666667,data,104.43270633918897,-21.270845739185557
1099,1',0.01666666666666666667,uniform,213.23278352272771,26.889485658004165
1100,1',0.01666666666666666667,data,270.242066275013,-23.296491586359373
1101,6',0.1,uniform,189.13752317253767,9.889738195375202
1102,6',0.1,data,107.1911403564674,29.686222141270164
1103,6',0.1,uniform,258.2225757442348,-59.254274571192134
1104,6',0.1,data,143.99568254254018,-4.1910128172971595
1105,6',0.1,uniform,109.13777549678522,-61.055668409662744
1106,6',0.1,data,316.756025058499,47.340508373342225
1107,6',0.1,uniform,303.64996255825594,-65.04240005666442
1108,6',0.1,data,90.095087008803,27.547041066501322
1109,6',0.1,uniform,176.78743184835656,16.79658211662938
1110,6',0.1,data,288.651880065491,17.527059687754907
1111,6',0.1,uniform,72.51932551932073,21.315399589421485
1112,6',0.1,data,208.0482990562495,5.7879996962011955
1113,6',0.1,uniform,330.08088694641657,22.653771228217483
1114,6',0.1,data,270.351431152823,-25.56562516564124
1115,6',0.1,uniform,178.51044979624433,1.8791560346258254
1116,6',0.1,data,261.817889126699,-34.52563087400551
1117,6',0.1,uniform,246.12055727550893,-24.86326745369309
1118,6',0.1,data,271.302733176969,-30.63067809904048
1119,6',0.1,uniform,2.5942612942159915,59.038750780659754
1120,6',0.1,data,265.19469900646,-32.29444919101455
1121,6',0.1,uniform,135.34646973293752,-28.918346376045097
1122,6',0.1,data,332.600335293693,59.65255456300191
1123,6',0.1,uniform,55.042783270088066,-45.076806570228584
1124,6',0.1,data,251.87075737415813,1.003282542956892
1125,6',0.1,uniform,183.12546320036313,28.346877712579168
1126,6',0.1,data,126.531661106863,-47.90567104216788
1127,6',0.1,uniform,279.33710703732316,-76.86133781925614
1128,6',0.1,data,240.95374985524,69.85058718855153
1129,6',0.1,uniform,283.7978254401312,-8.59144262156091
1130,6',0.1,data,94.99545244973899,54.74241026534631
1131,6',0.1,uniform,350.25765997588894,-29.174215089774666
1132,6',0.1,data,258.000230658258,-40.31860737471503
1133,6',0.1,uniform,137.7737466737136,-56.29715595515118
1134,6',0.1,data,51.45727501272604,1.7979789198426965
1135,6',0.1,uniform,299.6862624053807,-32.242153675020745
1136,6',0.1,data,313.676053757126,39.77872464590866
1137,6',0.1,uniform,353.2069988405575,8.566790771955668
1138,6',0.1,data,177.18646920028314,22.45497637396858
1139,6',0.1,uniform,213.09822742424475,48.98662705525277
1140,6',0.1,data,129.7273071084924,28.564104687947665
1141,6',0.1,uniform,301.641234275117,48.06018330709331
1142,6',0.1,data,359.36753841751613,33.80887935074244
1143,6',0.1,uniform,107.61098316394028,-30.845184156391547
1144,6',0.1,data,97.026971476366,11.239390480686884
1145,6',0.1,uniform,179.93509766899183,7.8483824705762295
1146,6',0.1,data,226.547402879349,-54.52274684357554
1147,6',0.1,uniform,43.68855705487323,3.2501117683562892
1148,6',0.1,data,45.6121491937034,16.84843494718056
1149,6',0.1,uniform,291.9956180161216,-1.052569079781267
1150,6',0.1,data,158.278131623472,-58.36790121820344
1151,6',0.1,uniform,13.632114485220521,-26.033157137896737
1152,6',0.1,data,20.101515404037,-46.37825330711966
1153,6',0.1,uniform,67.96254318378314,0.924499917828177
1154,6',0.1,data,113.152050927988,-14.278916109913439
1155,6',0.1,uniform,155.02178513483656,-69.1844878856355
1156,6',0.1,data,249.266763472267,52.78541292691376
1157,6',0.1,uniform,125.53136702350335,20.48487318022093
1158,6',0.1,data,285.170784297504,5.358256492537446
1159,6',0.1,uniform,157.69262739128482,69.65867415689542
1160,6',0.1,data,285.533097924427,8.374910354246776
1161,6',0.1,uniform,49.33263564169984,6.368880436186896
1162,6',0.1,data,308.36510300746863,-47.48045770161995
1163,6',0.1,uniform,168.4020964389372,22.999171910431592
1164,6',0.1,data,93.50369415838175,-34.08412236388443
1165,6',0.1,uniform,44.743693043674284,50.27582658617076
1166,6',0.1,data,274.80302594044,-5.528449349937688
1167,6',0.1,uniform,329.2434063708144,25.0130150830524
1168,6',0.1,data,22.374636109318,17.24739800083413
1169,6',0.1,uniform,120.83741336969018,-29.01479688540825
1170,6',0.1,data,141.781314523266,-31.569465786824452
1171,6',0.1,uniform,206.4487898353422,51.548561002055735
1172,6',0.1,data,66.03280491530383,65.68266520252381
1173,6',0.1,uniform,264.23006937930086,30.19273368974878
1174,6',0.1,data,28.04494517317184,-50.58306983073749
1175,6',0.1,uniform,163.06899064803284,12.858322510004996
1176,6',0.1,data,236.028994444337,-59.40981213355373
1177,6',0.1,uniform,85.03106899709793,-52.61377083655459
1178,6',0.1,data,323.743068605637,40.20645090119867
1179,6',0.1,uniform,45.574173097127996,-73.30833400698708
1180,6',0.1,data,108.39537284918029,-23.6801869335779
1181,6',0.1,uniform,161.326508310821,-32.48886977740331
1182,6',0.1,data,302.266580376031,32.49510785478807
1183,6',0.1,uniform,267.08667431100537,-7.791368912933481
1184,6',0.1,data,50.365624897596206,32.891304274205304
1185,6',0.1,uniform,149.2974600458134,-71.98343855982385
1186,6',0.1,data,156.442057478152,-58.88915948797604
1187,6',0.1,uniform,277.14099355003947,35.842977473000985
1188,6',0.1,data,97.73949475368627,-19.974810702128437
1189,6',0.1,uniform,125.23835079969784,49.06352986213979
1190,6',0.1,data,62.37881657820563,-16.424351389348104
1191,6',0.1,uniform,341.4488428089028,20.150742842629025
1192,6',0.1,data,73.584252623745,25.95283098317787
1193,6',0.1,uniform,131.9351132349813,65.81165387578518
1194,6',0.1,data,190.40442861332056,2.9233392495797834
1195,6',0.1,uniform,297.49074222874333,62.36380159833129
1196,6',0.1,data,35.2629803701696,-17.494068059970598
1197,6',0.1,uniform,27.45440193347762,-45.07217340479618
1198,6',0.1,data,114.093794906661,-22.90713397266024
1199,6',0.1,uniform,108.8699459766975,-56.475672626712466
1200,6',0.1,data,231.089308251315,-55.717154602223644
1201,6',0.1,uniform,53.20124841502728,-35.983339745096025
1202,6',0.1,data,306.8057578449243,-8.372651633745129
1203,6',0.1,uniform,318.19178836951346,50.0676816295663
1204,6',0.1,data,102.63386962775344,-20.894053467383376
1205,6',0.1,uniform,254.4643787347107,12.337023533233774
1206,6',0.1,data,297.583663881505,24.867933213655558
1207,6',0.1,uniform,140.61618189764096,6.473160244962738
1208,6',0.1,data,272.3057179944748,-2.5358022590876685
1209,6',0.1,uniform,169.90094119077565,16.77104950270752
1210,6',0.1,data,199.914933381041,-55.370422216993504
1211,6',0.1,uniform,25.965702279583684,-73.57065228201567
1212,6',0.1,data,255.928045050722,-39.9974305230879
1213,6',0.1,uniform,253.8515427848102,33.30223533443619
1214,6',0.1,data,252.946314089114,-23.900942046025303
1215,6',0.1,uniform,183.53826983716766,-32.918795550511355
1216,6',0.1,data,252.9568033995568,-28.784532624030977
1217,6',0.1,uniform,328.9941057445163,0.4437998375889881
1218,6',0.1,data,256.93921915423465,43.90453208842863
1219,6',0.1,uniform,143.68376156174955,58.236803753391214
1220,6',0.1,data,259.742539340209,-21.186615371142043
1221,6',0.1,uniform,190.41076081832284,-34.404440616097595
1222,6',0.1,data,92.077312176988,4.77660069055887
1223,6',0.1,uniform,20.3964779343029,13.479437291850225
1224,6',0.1,data,158.18754858464757,-36.62073713198263
1225,6',0.1,uniform,261.62276978992014,-15.366746958254515
1226,6',0.1,data,64.32629665102125,14.908556859682387
1227,6',0.1,uniform,46.54539770293152,18.30564777054894
1228,6',0.1,data,240.045060425494,5.603126762095673
1229,6',0.1,uniform,72.63765808397747,65.81139448791193
1230,6',0.1,data,28.740063771147597,5.889119256624029
1231,6',0.1,uniform,126.0222468620931,-73.12244109487861
1232,6',0.1,data,266.985938341108,-30.142725847314594
1233,6',0.1,uniform,173.73955673810514,5.871025304639245
1234,6',0.1,data,23.746660448854016,36.367641933148214
1235,6',0.1,uniform,156.617495894692,-20.530457086690337
1236,6',0.1,data,133.115149403594,-48.726928642877596
1237,6',0.1,uniform,76.81153960830285,-30.19242957542109
1238,6',0.1,data,158.25551375043963,-33.40446583899035
1239,6',0.1,uniform,338.83693262212324,-39.57407314539879
1240,6',0.1,data,20.855284421238,63.87919869285239
1241,6',0.1,uniform,253.54854156977171,47.90024438182296
1242,6',0.1,data,36.250607281302514,68.0509189891642
1243,6',0.1,uniform,320.0393057638701,47.86231025904786
1244,6',0.1,data,109.223482909926,-11.42651636427582
1245,6',0.1,uniform,147.14822268248426,41.11812180504384
1246,6',0.1,data,262.2627784853555,26.163539908678374
1247,6',0.1,uniform,83.43239596088733,-30.870738551222104
1248,6',0.1,data,261.615364273397,-36.71362573292331
1249,6',0.1,uniform,32.507303254584095,53.49574884195126
1250,6',0.1,data,202.171154739697,-59.533053164640954
1251,6',0.1,uniform,351.5296880853494,84.50789870106621
1252,6',0.1,data,256.226087060322,-38.2486729844597
1253,6',0.1,uniform,230.66768228820933,28.48216628496545
1254,6',0.1,data,271.493205455373,-30.167959660044083
1255,6',0.1,uniform,243.79939261356796,-52.96025349013184
1256,6',0.1,data,26.032169752236,-21.569532245765416
1257,6',0.1,uniform,240.4354164307479,-53.05818623318577
1258,6',0.1,data,96.86140172067259,-31.835945230419437
1259,6',0.1,uniform,191.47958313750874,57.68428896933579
1260,6',0.1,data,307.579244328399,58.10344233530685
1261,6',0.1,uniform,259.27519430804927,-26.318150789328712
1262,6',0.1,data,266.206767581966,-33.76641229618814
1263,6',0.1,uniform,173.00310719905104,-5.65076167081341
1264,6',0.1,data,238.087220933288,-54.143967063066235
1265,6',0.1,uniform,110.94807729287616,29.325480993298992
1266,6',0.1,data,147.718953579042,-59.9689968618636
1267,6',0.1,uniform,145.5749692063892,-26.98642479027672
1268,6',0.1,data,37.361847827592285,47.76741544731729
1269,6',0.1,uniform,80.01871134747476,-60.922996580642895
1270,6',0.1,data,106.36363820416,2.141751545629974
1271,6',0.1,uniform,101.10797105155414,14.991616548562062
1272,6',0.1,data,38.729347645581,54.50463467598634
1273,6',0.1,uniform,345.1853423768607,14.704410120596398
1274,6',0.1,data,129.309993488502,11.951079832867388
1275,6',0.1,uniform,287.86762910912245,8.356051078119245
1276,6',0.1,data,147.04770451322483,-0.467267072759641
1277,6',0.1,uniform,0.4876259343604161,49.17322535262171
1278,6',0.1,data,266.888198476193,-32.261866936291206
1279,6',0.1,uniform,169.68433198502296,-9.574637307772328
1280,6',0.1,data,262.050696126705,-37.20250782953308
1281,6',0.1,uniform,34.29689265293171,40.83295237620695
1282,6',0.1,data,140.040636155162,-49.26928621105271
1283,6',0.1,uniform,117.12491572540678,27.326069646196736
1284,6',0.1,data,51.301382861374,58.03573089399588
1285,6',0.1,uniform,328.7340033958715,49.80894486446598
1286,6',0.1,data,149.24923560849078,-4.346553147956025
1287,6',0.1,uniform,261.1197042265889,-76.51097852019431
1288,6',0.1,data,318.4905034489862,-9.729993124339847
1289,6',0.1,uniform,352.0453452660346,42.586633399733735
1290,6',0.1,data,262.401855803416,-36.532618016570225
1291,6',0.1,uniform,308.5729493240893,-17.72110646773683
1292,6',0.1,data,256.601107436722,-31.643787053353037
1293,6',0.1,uniform,326.3283795663738,-8.749293432836492
1294,6',0.1,data,79.86415216732037,36.33258812871286
1295,6',0.1,uniform,231.92557889854058,11.243822073202669
1296,6',0.1,data,237.7316383594896,-29.02583789972754
1297,6',0.1,uniform,51.06885924503955,-23.488617315045552
1298,6',0.1,data,287.57021848548027,36.53715075155581
1299,6',0.1,uniform,126.69437461228401,-12.316600150657491
1300,6',0.1,data,190.734618827816,-62.911889670651306
1301,30',0.5,uniform,112.4376553621447,5.894186088789812
1302,30',0.5,data,148.154853385738,-59.2052716251956
1303,30',0.5,uniform,141.9739379979376,-63.757009642549086
1304,30',0.5,data,70.848648895895,51.16838935152704
1305,30',0.5,uniform,162.5263550734221,31.562719837280557
1306,30',0.5,data,252.324310025398,-44.58067449937333
1307,30',0.5,uniform,10.002992763462055,49.89058968010925
1308,30',0.5,data,95.4594250923495,44.23725341177389
1309,30',0.5,uniform,184.93834867391445,56.64855123114103
1310,30',0.5,data,188.51090166942484,13.271953096762102
1311,30',0.5,uniform,183.71659831320997,59.95828049656956
1312,30',0.5,data,346.46079046770365,3.4681338158766635
1313,30',0.5,uniform,181.67498397195786,-17.62667496249934
1314,30',0.5,data,183.9601298019071,-36.098390907654036
1315,30',0.5,uniform,86.2319178732188,36.70113732574076
1316,30',0.5,data,117.800904228723,-17.95676863899136
1317,30',0.5,uniform,75.82330287458247,-68.68374707128807
1318,30',0.5,data,107.944306948602,-15.141218988686587
1319,30',0.5,uniform,159.53639872222507,50.53338575795497
1320,30',0.5,data,17.30625307862992,-75.0216848480383
1321,30',0.5,uniform,109.97728486080864,17.81156161444175
1322,30',0.5,data,145.49398331493285,3.440126495337064
1323,30',0.5,uniform,38.295986863152756,-45.48675088446964
1324,30',0.5,data,258.480200760334,-31.600103819266312
1325,30',0.5,uniform,309.610843689985,69.29955140579094
1326,30',0.5,data,129.860499623964,-45.53962282640041
1327,30',0.5,uniform,258.8296588767004,13.738176176376394
1328,30',0.5,data,326.57480302742,50.697809637938825
1329,30',0.5,uniform,276.00525130407755,-61.28054896250659
1330,30',0.5,data,274.918951243216,-20.993502437626105
1331,30',0.5,uniform,27.434969536858187,-8.321777592132772
1332,30',0.5,data,146.64501432960665,-20.0807424849703
1333,30',0.5,uniform,156.8017201047853,59.01476037658631
1334,30',0.5,data,267.667555774447,-41.99056620617634
1335,30',0.5,uniform,304.7541608478,45.92324604708215
1336,30',0.5,data,253.749167095909,-28.352695453685747
1337,30',0.5,uniform,31.36311823226329,47.25929704058022
1338,30',0.5,data,72.815651048456,42.21567636016626
1339,30',0.5,uniform,177.46559754406258,-50.232686690542685
1340,30',0.5,data,285.43900286397,3.0373325094327286
1341,30',0.5,uniform,170.90316357675002,-17.569681873377508
1342,30',0.5,data,11.380304798641978,9.457595811293286
1343,30',0.5,uniform,317.87820434279445,13.140907651254627
1344,30',0.5,data,265.8041914599224,79.6597068045623
1345,30',0.5,uniform,116.64171923545554,70.90572399169504
1346,30',0.5,data,280.72802196273,-35.070209542873386
1347,30',0.5,uniform,238.29206546251368,8.802317920742635
1348,30',0.5,data,193.53196831852816,40.53035557866243
1349,30',0.5,uniform,51.84667283058901,64.77861649809735
1350,30',0.5,data,123.3599203564739,47.37324296517851
1351,30',0.5,uniform,341.9709231090196,-11.238221259253626
1352,30',0.5,data,286.47307518505,-39.355728370758186
1353,30',0.5,uniform,287.24967278986054,25.60455271681093
1354,30',0.5,data,67.2422163024896,34.498154792076875
1355,30',0.5,uniform,84.80566862075062,-23.513603081580065
1356,30',0.5,data,108.511229140447,-3.9361719129926462
1357,30',0.5,uniform,40.625679023974925,39.39291145502285
1358,30',0.5,data,218.10258017576356,-14.700060920940613
1359,30',0.5,uniform,67.51846541527108,15.052537427161708
1360,30',0.5,data,241.11007869553,-48.277655886981734
1361,30',0.5,uniform,65.7092275614545,-28.419234768603022
1362,30',0.5,data,276.3354991929063,-74.62642481742562
1363,30',0.5,uniform,187.9996636434472,21.408205470977588
1364,30',0.5,data,272.141116876666,-32.28166378581627
1365,30',0.5,uniform,70.45007502922537,9.365885998402643
1366,30',0.5,data,6.891167934400286,-59.916799061009975
1367,30',0.5,uniform,77.0952209451271,-22.048768952772182
1368,30',0.5,data,206.04041598021308,15.567507327808917
1369,30',0.5,uniform,298.2298785707878,10.721945863453872
1370,30',0.5,data,267.800863839087,-30.23193062832498
1371,30',0.5,uniform,153.48831494094853,84.7515708045601
1372,30',0.5,data,80.655219902986,42.220153208684856
1373,30',0.5,uniform,150.21128372686837,53.637637270308986
1374,30',0.5,data,18.182525878325855,-35.15262877540812
1375,30',0.5,uniform,156.56171211347484,7.343968456795431
1376,30',0.5,data,146.283825756509,-58.74134932078893
1377,30',0.5,uniform,41.63508022171017,-34.03615895072988
1378,30',0.5,data,54.877539836652,54.366487727168526
1379,30',0.5,uniform,92.1482281962786,-28.066995762043884
1380,30',0.5,data,310.61496792753,42.39713582331524
1381,30',0.5,uniform,98.6381130399996,-74.3453266825757
1382,30',0.5,data,107.1911403564674,29.686222141270164
1383,30',0.5,uniform,12.950744419958582,-52.79529162073321
1384,30',0.5,data,143.99568254254018,-4.1910128172971595
1385,30',0.5,uniform,257.3230159219716,-23.049347115839733
1386,30',0.5,data,316.756025058499,47.340508373342225
1387,30',0.5,uniform,307.4289907394798,81.54434875171805
1388,30',0.5,data,90.095087008803,27.547041066501322
1389,30',0.5,uniform,146.20629230066092,-19.978227913597106
1390,30',0.5,data,288.651880065491,17.527059687754907
1391,30',0.5,uniform,350.82187302012215,32.93741360510451
1392,30',0.5,data,208.0482990562495,5.7879996962011955
1393,30',0.5,uniform,345.12475588847076,-4.035666090096598
1394,30',0.5,data,270.351431152823,-25.56562516564124
1395,30',0.5,uniform,82.50047619799803,-48.12007518147774
1396,30',0.5,data,261.817889126699,-34.52563087400551
1397,30',0.5,uniform,229.59006217553576,-22.212376245327658
1398,30',0.5,data,271.302733176969,-30.63067809904048
1399,30',0.5,uniform,260.5764834873019,-2.116956834318439
1400,30',0.5,data,265.19469900646,-32.29444919101455
1401,1deg,1.0,uniform,68.28908839475173,18.401094309590125
1402,1deg,1.0,data,176.72634159850793,59.53935442877485
1403,1deg,1.0,uniform,354.1404144630043,44.860317021082956
1404,1deg,1.0,data,199.17552412246667,-57.346370490253385
1405,1deg,1.0,uniform,358.36617819542266,-12.312956802067042
1406,1deg,1.0,data,166.36162149773648,-53.53284476938673
1407,1deg,1.0,uniform,254.89209161730116,22.896638604911438
1408,1deg,1.0,data,258.19256591987,-20.928964018877675
1409,1deg,1.0,uniform,52.68132562764976,-47.93560869451403
1410,1deg,1.0,data,185.0581559978653,-30.330443508875145
1411,1deg,1.0,uniform,290.97219724055117,-1.661328167599618
1412,1deg,1.0,data,348.87002844171377,-30.791185442754994
1413,1deg,1.0,uniform,17.976797116663814,-44.45269426908503
1414,1deg,1.0,data,223.983457193235,-52.02359097049306
1415,1deg,1.0,uniform,169.0239007591218,27.809334418113174
1416,1deg,1.0,data,259.167635697802,-27.770958323169232
1417,1deg,1.0,uniform,140.77258656874812,15.948044331502768
1418,1deg,1.0,data,338.472343640483,57.013306342792646
1419,1deg,1.0,uniform,0.5554810912393648,-77.12742206117369
1420,1deg,1.0,data,286.634342393943,8.386463496833391
1421,1deg,1.0,uniform,26.914348917720616,-48.01072306787227
1422,1deg,1.0,data,97.867678682808,12.655331304455126
1423,1deg,1.0,uniform,334.7881097314211,28.518124145412404
1424,1deg,1.0,data,248.076998676842,-44.178983422656415
1425,1deg,1.0,uniform,6.105083688780972,65.24594739574069
1426,1deg,1.0,data,262.9285340084765,-64.9919764972536
1427,1deg,1.0,uniform,88.64560235103016,-31.37591499992549
1428,1deg,1.0,data,330.840732272036,57.533713348717995
1429,1deg,1.0,uniform,246.4879731705097,-57.24979088686007
1430,1deg,1.0,data,78.604946214413,48.4394102402124
1431,1deg,1.0,uniform,129.51059040459393,45.00634282695622
1432,1deg,1.0,data,213.65865962342113,20.64156179034594
1433,1deg,1.0,uniform,301.4241022347254,18.54024678264482
1434,1deg,1.0,data,126.31004151513564,26.845243826567824
1435,1deg,1.0,uniform,331.30568397150336,48.571443596161004
1436,1deg,1.0,data,240.4657553445129,-15.262286963041308
1437,1deg,1.0,uniform,197.6495083940433,14.675345443969697
1438,1deg,1.0,data,343.107895315325,-13.211241548525171
1439,1deg,1.0,uniform,237.0350894374893,-26.782875546258
1440,1deg,1.0,data,228.99552853216798,71.12400014871048
1441,3deg,3.0,uniform,338.9388012730228,-29.639772633464712
1442,3deg,3.0,data,136.51149899201138,56.52847773468175
1443,3deg,3.0,uniform,223.6797162058327,-9.298602483533083
1444,3deg,3.0,data,159.230816522923,-60.68438068019075
1445,3deg,3.0,uniform,134.1684246537169,-57.96670188462092
1446,3deg,3.0,data,153.982626091741,16.68323068028828
1447,3deg,3.0,uniform,186.0025148444434,23.605870812630272
1448,3deg,3.0,data,266.092688003798,-29.42161154121615
1449,3deg,3.0,uniform,49.359602323566406,36.28929942075473
1450,3deg,3.0,data,79.347048038567,36.881055040306485
1451,3deg,3.0,uniform,320.62458445053534,-1.9682048366828286
1452,3deg,3.0,data,189.3247885449241,-59.79643908397901
1453,3deg,3.0,uniform,209.98489059766123,-4.485888356603354
1454,3deg,3.0,data,330.044514460717,60.54963818969565
1455,3deg,3.0,uniform,335.76671702438904,-0.15667488309695402
1456,3deg,3.0,data,298.573564792231,35.99181196393741
