method,variant,qid,est_rows,act_rows,buffers,plan_ms,exec_ms
q3c,"",1,1,0,300,1.35,0.264
q3c,"",2,1,1,301,1.194,0.177
q3c,"",3,1,0,300,1.338,0.186
q3c,"",4,1,1,301,1.125,0.183
q3c,"",5,1,0,300,1.282,0.176
q3c,"",6,1,1,301,1.198,0.171
q3c,"",7,1,0,300,1.107,0.154
q3c,"",8,1,1,301,1.312,0.159
q3c,"",9,1,0,300,1.24,0.153
q3c,"",10,1,1,301,1.146,0.181
q3c,"",11,1,0,300,1.153,0.168
q3c,"",12,1,1,301,1.188,0.182
q3c,"",13,1,0,300,1.169,0.166
q3c,"",14,1,1,301,1.194,0.181
q3c,"",15,1,0,300,1.132,0.173
q3c,"",16,1,1,301,1.241,0.15
q3c,"",17,1,0,300,1.288,0.162
q3c,"",18,1,1,301,1.294,0.155
q3c,"",19,1,0,300,1.197,0.177
q3c,"",20,1,1,301,1.181,0.158
q3c,"",21,1,0,300,1.271,0.148
q3c,"",22,1,1,301,1.099,0.165
q3c,"",23,1,0,300,1.301,0.146
q3c,"",24,1,1,301,1.154,0.15
q3c,"",25,1,0,300,1.154,0.168
q3c,"",26,1,1,301,1.143,0.164
q3c,"",27,1,0,300,1.207,0.15
q3c,"",28,1,1,301,1.297,0.148
q3c,"",29,1,0,300,1.161,0.132
q3c,"",30,1,1,301,1.115,0.16
q3c,"",31,1,0,300,1.123,0.151
q3c,"",32,1,1,301,1.181,0.154
q3c,"",33,1,0,300,1.213,0.164
q3c,"",34,1,1,301,1.136,0.157
q3c,"",35,1,0,300,1.21,0.153
q3c,"",36,1,1,301,1.152,0.167
q3c,"",37,1,0,300,1.14,0.167
q3c,"",38,1,1,301,1.142,0.152
q3c,"",39,1,0,300,1.219,0.163
q3c,"",40,1,1,301,1.2,0.172
q3c,"",41,1,0,300,1.253,0.158
q3c,"",42,1,1,301,2.02,0.334
q3c,"",43,1,0,300,1.213,0.15
q3c,"",44,1,1,301,1.223,0.151
q3c,"",45,1,0,300,1.12,0.178
q3c,"",46,1,1,301,1.156,0.149
q3c,"",47,1,0,300,1.307,0.154
q3c,"",48,1,1,301,1.189,0.153
q3c,"",49,1,0,300,1.29,0.163
q3c,"",50,1,1,301,1.244,0.185
q3c,"",51,1,0,300,1.283,0.153
q3c,"",52,1,1,301,1.3,0.157
q3c,"",53,1,0,300,1.2,0.149
q3c,"",54,1,1,301,1.261,0.153
q3c,"",55,1,0,300,1.172,0.151
q3c,"",56,1,1,301,1.178,0.165
q3c,"",57,1,0,300,1.292,0.169
q3c,"",58,1,1,301,1.193,0.159
q3c,"",59,1,0,300,1.276,0.151
q3c,"",60,1,1,301,1.238,0.151
q3c,"",61,1,0,300,1.289,0.161
q3c,"",62,1,1,301,1.246,0.15
q3c,"",63,1,0,300,1.207,0.151
q3c,"",64,1,1,301,1.267,0.146
q3c,"",65,1,0,300,1.299,0.169
q3c,"",66,1,1,301,1.147,0.18
q3c,"",67,1,0,300,1.288,0.154
q3c,"",68,1,1,301,1.137,0.148
q3c,"",69,1,0,300,1.287,0.157
q3c,"",70,1,1,301,1.259,0.153
q3c,"",71,1,0,300,1.177,0.163
q3c,"",72,1,1,301,1.359,0.151
q3c,"",73,1,0,300,1.156,0.164
q3c,"",74,1,1,301,1.266,0.145
q3c,"",75,1,0,300,1.147,0.148
q3c,"",76,1,1,301,1.214,0.149
q3c,"",77,1,0,300,1.242,0.145
q3c,"",78,1,1,301,1.199,0.157
q3c,"",79,1,0,300,1.196,0.147
q3c,"",80,1,1,301,1.156,0.158
q3c,"",81,1,0,300,1.17,0.147
q3c,"",82,1,1,301,1.209,0.151
q3c,"",83,1,0,300,1.128,0.182
q3c,"",84,1,1,301,1.275,0.174
q3c,"",85,1,0,300,1.269,0.15
q3c,"",86,1,1,301,1.289,0.15
q3c,"",87,1,0,300,1.247,0.15
q3c,"",88,1,1,301,1.239,0.148
q3c,"",89,1,0,300,1.204,0.152
q3c,"",90,1,1,301,1.16,0.149
q3c,"",91,1,0,300,1.257,0.149
q3c,"",92,1,1,301,1.317,0.154
q3c,"",93,1,0,300,1.158,0.154
q3c,"",94,1,1,301,1.161,0.151
q3c,"",95,1,0,300,1.157,0.153
q3c,"",96,1,1,301,1.132,0.15
q3c,"",97,1,0,300,1.197,0.152
q3c,"",98,1,1,301,1.226,0.152
q3c,"",99,1,0,300,1.175,0.148
q3c,"",100,1,1,301,1.233,0.157
q3c,"",101,1,0,300,1.208,0.164
q3c,"",102,1,1,301,1.219,0.153
q3c,"",103,1,0,300,1.17,0.155
q3c,"",104,1,1,301,1.324,0.154
q3c,"",105,1,0,300,1.296,0.15
q3c,"",106,1,1,301,1.199,0.153
q3c,"",107,1,0,300,1.19,0.16
q3c,"",108,1,1,301,1.19,0.152
q3c,"",109,1,0,300,1.316,0.15
q3c,"",110,1,1,301,1.235,0.149
q3c,"",111,1,0,300,1.107,0.153
q3c,"",112,1,1,301,1.164,0.16
q3c,"",113,1,0,300,1.205,0.153
q3c,"",114,1,1,301,1.185,0.152
q3c,"",115,1,0,300,1.165,0.165
q3c,"",116,1,1,301,1.408,0.156
q3c,"",117,1,0,300,1.262,0.153
q3c,"",118,1,1,301,1.309,0.148
q3c,"",119,1,0,300,1.213,0.151
q3c,"",120,1,1,301,1.223,0.149
q3c,"",121,1,0,300,1.234,0.176
q3c,"",122,1,1,301,1.181,0.156
q3c,"",123,1,0,300,1.198,0.147
q3c,"",124,1,1,301,1.228,0.153
q3c,"",125,1,0,300,1.295,0.148
q3c,"",126,1,1,301,1.158,0.159
q3c,"",127,1,0,300,1.124,0.148
q3c,"",128,1,1,301,1.182,0.157
q3c,"",129,1,0,300,1.288,0.149
q3c,"",130,1,1,301,1.344,0.151
q3c,"",131,1,0,300,1.2,0.151
q3c,"",132,1,1,301,1.25,0.149
q3c,"",133,1,0,300,1.267,0.145
q3c,"",134,1,1,301,1.295,0.147
q3c,"",135,1,0,300,1.176,0.151
q3c,"",136,1,1,301,1.115,0.146
q3c,"",137,1,0,300,1.31,0.149
q3c,"",138,1,1,301,1.292,0.151
q3c,"",139,1,0,300,1.352,0.151
q3c,"",140,1,1,301,1.178,0.155
q3c,"",141,1,0,300,1.208,0.15
q3c,"",142,1,1,301,1.25,0.153
q3c,"",143,1,0,300,1.211,0.15
q3c,"",144,1,1,301,1.236,0.148
q3c,"",145,1,0,300,1.178,0.168
q3c,"",146,1,1,301,1.199,0.153
q3c,"",147,1,0,300,1.212,0.156
q3c,"",148,1,1,301,1.181,0.168
q3c,"",149,1,0,300,1.292,0.144
q3c,"",150,1,1,301,1.202,0.156
q3c,"",151,1,0,300,1.222,0.143
q3c,"",152,1,1,301,1.17,0.164
q3c,"",153,1,0,300,1.174,0.147
q3c,"",154,1,1,301,1.201,0.149
q3c,"",155,1,0,300,1.234,0.15
q3c,"",156,1,1,301,1.168,0.158
q3c,"",157,1,0,300,1.369,0.198
q3c,"",158,1,1,301,1.167,0.156
q3c,"",159,1,0,300,1.165,0.16
q3c,"",160,1,1,301,1.201,0.175
q3c,"",161,1,0,300,1.234,0.155
q3c,"",162,1,1,301,1.167,0.157
q3c,"",163,1,0,300,1.138,0.153
q3c,"",164,1,1,302,1.232,0.17
q3c,"",165,1,0,300,1.155,0.15
q3c,"",166,1,1,301,1.217,0.152
q3c,"",167,1,0,300,1.142,0.151
q3c,"",168,1,1,301,1.31,0.151
q3c,"",169,1,0,300,1.158,0.152
q3c,"",170,1,1,301,1.221,0.159
q3c,"",171,1,0,300,1.274,0.152
q3c,"",172,1,1,301,1.222,0.15
q3c,"",173,1,0,300,1.274,0.158
q3c,"",174,1,1,301,1.231,0.147
q3c,"",175,1,0,300,1.259,0.153
q3c,"",176,1,1,301,1.161,0.167
q3c,"",177,1,0,300,1.142,0.161
q3c,"",178,1,1,301,1.146,0.157
q3c,"",179,1,0,300,1.296,0.155
q3c,"",180,1,1,301,1.14,0.149
q3c,"",181,1,0,300,1.195,0.16
q3c,"",182,1,1,301,1.154,0.151
q3c,"",183,1,0,300,1.243,0.15
q3c,"",184,1,1,301,1.2,0.151
q3c,"",185,1,0,300,1.157,0.151
q3c,"",186,1,1,301,1.189,0.15
q3c,"",187,1,0,300,1.224,0.152
q3c,"",188,1,1,301,1.149,0.15
q3c,"",189,1,0,300,1.185,0.159
q3c,"",190,1,1,301,1.264,0.15
q3c,"",191,1,0,300,1.248,0.152
q3c,"",192,1,1,301,1.196,0.152
q3c,"",193,1,0,300,1.14,0.167
q3c,"",194,1,1,301,1.108,0.151
q3c,"",195,1,0,300,1.142,0.144
q3c,"",196,1,1,301,1.148,0.153
q3c,"",197,1,0,300,1.134,0.143
q3c,"",198,1,1,301,1.156,0.152
q3c,"",199,1,0,300,1.269,0.146
q3c,"",200,1,1,301,1.162,0.164
q3c,"",201,1,0,300,1.192,0.159
q3c,"",202,1,1,301,1.214,0.151
q3c,"",203,1,0,300,1.195,0.145
q3c,"",204,1,1,301,1.223,0.152
q3c,"",205,1,0,300,1.286,0.142
q3c,"",206,1,1,301,1.285,0.146
q3c,"",207,1,0,300,1.266,0.143
q3c,"",208,1,1,301,1.289,0.149
q3c,"",209,1,0,300,1.134,0.156
q3c,"",210,1,1,301,1.192,0.148
q3c,"",211,1,0,300,1.163,0.147
q3c,"",212,1,1,301,1.2,0.159
q3c,"",213,1,0,300,1.213,0.164
q3c,"",214,1,1,301,1.231,0.152
q3c,"",215,1,0,300,1.32,0.15
q3c,"",216,1,1,301,1.191,0.154
q3c,"",217,1,0,300,1.286,0.154
q3c,"",218,1,1,301,1.19,0.158
q3c,"",219,1,0,300,1.269,0.149
q3c,"",220,1,1,301,1.207,0.147
q3c,"",221,1,0,300,1.196,0.151
q3c,"",222,1,1,301,1.207,0.15
q3c,"",223,1,0,300,1.147,0.149
q3c,"",224,1,1,301,1.16,0.151
q3c,"",225,1,0,300,1.236,0.152
q3c,"",226,1,1,301,1.204,1.835
q3c,"",227,1,0,300,1.167,0.158
q3c,"",228,1,1,301,1.136,0.163
q3c,"",229,1,0,300,1.22,0.157
q3c,"",230,1,1,301,1.137,0.156
q3c,"",231,1,0,300,1.184,0.152
q3c,"",232,1,1,301,1.156,0.163
q3c,"",233,1,0,300,1.146,0.181
q3c,"",234,1,1,301,1.281,0.16
q3c,"",235,1,0,300,1.113,0.154
q3c,"",236,1,1,301,1.18,0.171
q3c,"",237,1,0,300,1.187,0.165
q3c,"",238,1,1,301,1.247,0.179
q3c,"",239,1,0,300,1.17,0.15
q3c,"",240,1,1,301,1.178,0.15
q3c,"",241,1,0,300,1.269,0.154
q3c,"",242,1,1,301,1.16,0.149
q3c,"",243,1,0,300,1.259,0.159
q3c,"",244,1,1,301,1.287,0.161
q3c,"",245,1,0,300,1.19,0.154
q3c,"",246,1,1,301,1.156,0.155
q3c,"",247,1,0,300,1.144,0.168
q3c,"",248,1,1,301,1.217,0.162
q3c,"",249,1,0,300,1.207,0.151
q3c,"",250,1,1,301,1.127,0.159
q3c,"",251,1,0,300,1.204,0.155
q3c,"",252,1,1,301,1.315,0.161
q3c,"",253,1,0,300,1.121,0.155
q3c,"",254,1,1,301,1.21,0.158
q3c,"",255,1,0,300,1.188,0.163
q3c,"",256,1,1,301,1.128,0.141
q3c,"",257,1,0,300,1.272,0.158
q3c,"",258,1,1,301,1.252,0.184
q3c,"",259,1,0,300,1.172,0.168
q3c,"",260,1,1,301,1.238,0.153
q3c,"",261,1,0,300,1.238,0.172
q3c,"",262,1,1,301,1.181,0.164
q3c,"",263,1,0,300,1.274,0.168
q3c,"",264,1,1,301,1.335,0.158
q3c,"",265,1,0,300,1.278,0.163
q3c,"",266,1,1,301,1.179,0.161
q3c,"",267,1,0,300,1.223,0.212
q3c,"",268,1,1,301,1.219,0.197
q3c,"",269,1,0,300,1.41,0.236
q3c,"",270,1,1,301,1.304,0.225
q3c,"",271,1,0,300,1.302,0.195
q3c,"",272,1,1,301,1.538,0.267
q3c,"",273,1,0,300,1.338,0.209
q3c,"",274,1,1,301,1.223,0.152
q3c,"",275,1,0,300,1.111,0.204
q3c,"",276,1,1,301,1.159,0.175
q3c,"",277,1,0,300,1.149,0.168
q3c,"",278,1,1,301,1.146,0.203
q3c,"",279,1,0,300,1.215,0.178
q3c,"",280,1,1,301,1.216,0.201
q3c,"",281,1,0,300,1.225,0.16
q3c,"",282,1,1,301,1.226,0.186
q3c,"",283,1,0,300,1.357,0.173
q3c,"",284,1,1,301,1.161,0.178
q3c,"",285,1,0,300,1.241,0.162
q3c,"",286,1,1,301,1.25,0.172
q3c,"",287,1,0,300,1.321,0.177
q3c,"",288,1,1,301,1.347,0.182
q3c,"",289,1,0,300,1.304,0.161
q3c,"",290,1,1,301,1.228,0.186
q3c,"",291,1,0,300,1.173,0.175
q3c,"",292,1,1,301,1.199,0.182
q3c,"",293,1,0,300,1.317,0.198
q3c,"",294,1,1,301,1.201,0.173
q3c,"",295,1,0,300,1.212,0.169
q3c,"",296,1,1,301,1.276,0.184
q3c,"",297,1,0,300,1.238,0.18
q3c,"",298,1,1,301,1.262,0.178
q3c,"",299,1,0,300,1.309,0.174
q3c,"",300,1,1,301,1.21,0.163
q3c,"",301,1,0,300,1.191,0.17
q3c,"",302,1,1,301,1.161,0.18
q3c,"",303,1,0,300,1.288,0.167
q3c,"",304,1,1,301,1.136,0.165
q3c,"",305,1,0,300,1.227,0.165
q3c,"",306,1,1,301,1.173,0.16
q3c,"",307,1,0,300,1.258,0.154
q3c,"",308,1,1,301,1.236,0.157
q3c,"",309,1,0,300,1.163,0.157
q3c,"",310,1,1,301,1.541,0.222
q3c,"",311,1,0,300,1.228,0.17
q3c,"",312,1,1,301,1.73,0.2
q3c,"",313,1,0,300,1.208,0.173
q3c,"",314,1,1,301,1.255,0.201
q3c,"",315,1,0,300,1.218,0.148
q3c,"",316,1,1,301,1.172,0.187
q3c,"",317,1,0,300,1.355,0.2
q3c,"",318,1,1,301,1.268,0.215
q3c,"",319,1,0,300,1.319,0.176
q3c,"",320,1,1,301,1.285,0.202
q3c,"",321,1,0,300,1.211,0.177
q3c,"",322,1,1,301,1.201,0.161
q3c,"",323,1,0,300,1.213,0.174
q3c,"",324,1,1,301,1.189,0.166
q3c,"",325,1,0,300,1.266,0.16
q3c,"",326,1,1,301,1.145,0.178
q3c,"",327,1,0,300,1.279,0.161
q3c,"",328,1,1,301,1.198,0.157
q3c,"",329,1,0,300,1.13,0.156
q3c,"",330,1,1,301,1.292,0.172
q3c,"",331,1,0,300,1.198,0.159
q3c,"",332,1,1,301,1.288,0.159
q3c,"",333,1,0,300,1.166,0.163
q3c,"",334,1,1,301,1.177,0.155
q3c,"",335,1,0,300,1.128,0.161
q3c,"",336,1,1,301,1.255,0.155
q3c,"",337,1,0,300,1.201,0.156
q3c,"",338,1,1,301,1.18,0.162
q3c,"",339,1,0,300,1.266,0.16
q3c,"",340,1,1,301,1.303,0.156
q3c,"",341,1,0,300,1.298,0.161
q3c,"",342,1,1,301,1.112,0.181
q3c,"",343,1,0,300,1.158,0.158
q3c,"",344,1,1,301,1.109,0.16
q3c,"",345,1,0,300,1.302,0.156
q3c,"",346,1,1,301,1.104,0.158
q3c,"",347,1,0,300,1.185,0.155
q3c,"",348,1,1,301,1.185,0.155
q3c,"",349,1,0,300,1.176,0.152
q3c,"",350,1,1,301,1.21,0.15
q3c,"",351,1,0,300,1.261,0.149
q3c,"",352,1,1,301,1.163,0.16
q3c,"",353,1,0,300,1.301,0.155
q3c,"",354,1,1,301,1.425,0.158
q3c,"",355,1,0,300,1.278,0.158
q3c,"",356,1,1,301,1.18,0.152
q3c,"",357,1,0,300,1.154,0.166
q3c,"",358,1,1,301,1.244,0.163
q3c,"",359,1,0,300,1.208,0.161
q3c,"",360,1,1,301,1.176,0.154
q3c,"",361,1,0,300,1.244,0.155
q3c,"",362,1,1,301,1.146,0.17
q3c,"",363,1,0,300,1.079,0.162
q3c,"",364,1,1,301,1.188,0.183
q3c,"",365,1,0,300,1.236,0.154
q3c,"",366,1,1,301,1.322,0.164
q3c,"",367,1,0,300,1.158,0.163
q3c,"",368,1,1,301,1.208,0.154
q3c,"",369,1,0,300,1.169,0.153
q3c,"",370,1,1,301,1.113,0.171
q3c,"",371,1,0,300,1.11,0.171
q3c,"",372,1,1,301,1.142,0.161
q3c,"",373,1,0,300,1.198,0.152
q3c,"",374,1,1,301,1.138,0.16
q3c,"",375,1,0,300,1.144,0.158
q3c,"",376,1,1,301,1.167,0.159
q3c,"",377,1,0,300,1.228,0.157
q3c,"",378,1,1,301,1.225,0.156
q3c,"",379,1,0,300,1.169,0.154
q3c,"",380,1,1,301,1.148,0.168
q3c,"",381,1,0,300,1.161,0.152
q3c,"",382,1,1,301,1.213,0.159
q3c,"",383,1,0,300,1.115,0.156
q3c,"",384,1,1,301,1.202,0.155
q3c,"",385,1,0,300,1.312,0.167
q3c,"",386,1,1,301,1.261,0.15
q3c,"",387,1,0,300,1.18,0.153
q3c,"",388,1,1,301,1.163,0.172
q3c,"",389,1,0,300,1.221,0.16
q3c,"",390,1,1,301,1.184,0.165
q3c,"",391,1,0,300,1.25,0.161
q3c,"",392,1,1,301,1.151,0.157
q3c,"",393,1,0,300,1.261,0.153
q3c,"",394,1,1,301,1.203,0.162
q3c,"",395,1,0,300,1.213,0.154
q3c,"",396,1,1,301,1.301,0.157
q3c,"",397,1,0,300,1.26,0.157
q3c,"",398,1,1,301,1.218,0.158
q3c,"",399,1,0,300,1.184,0.145
q3c,"",400,1,1,301,1.179,0.174
q3c,"",401,1,0,300,1.138,0.158
q3c,"",402,1,1,301,1.251,0.152
q3c,"",403,1,0,300,1.111,0.15
q3c,"",404,1,1,301,1.219,0.169
q3c,"",405,1,0,300,1.123,0.156
q3c,"",406,1,1,301,1.241,0.152
q3c,"",407,1,0,300,1.147,0.156
q3c,"",408,1,1,301,1.221,0.163
q3c,"",409,1,0,300,1.226,0.154
q3c,"",410,1,1,301,1.155,0.164
q3c,"",411,1,0,300,1.19,0.15
q3c,"",412,1,1,301,1.111,0.166
q3c,"",413,1,0,300,1.212,0.153
q3c,"",414,1,1,301,1.23,0.164
q3c,"",415,1,0,300,1.258,0.186
q3c,"",416,1,1,301,1.264,0.175
q3c,"",417,1,0,301,1.285,0.161
q3c,"",418,1,1,301,1.231,0.164
q3c,"",419,1,0,300,1.257,0.165
q3c,"",420,1,1,301,1.224,0.181
q3c,"",421,1,0,300,1.09,0.161
q3c,"",422,1,1,301,1.284,0.165
q3c,"",423,1,0,300,1.161,0.165
q3c,"",424,1,1,301,1.28,0.167
q3c,"",425,1,1,301,1.245,0.161
q3c,"",426,1,1,301,1.133,0.16
q3c,"",427,1,0,300,1.178,0.161
q3c,"",428,1,1,301,1.244,0.157
q3c,"",429,1,0,300,1.246,0.151
q3c,"",430,1,1,301,1.208,0.169
q3c,"",431,1,0,300,1.583,0.24
q3c,"",432,1,1,301,1.215,0.189
q3c,"",433,1,0,300,1.306,0.178
q3c,"",434,1,1,301,1.353,0.181
q3c,"",435,1,0,300,1.159,0.173
q3c,"",436,1,1,301,1.413,0.186
q3c,"",437,1,0,300,1.27,0.166
q3c,"",438,1,1,301,1.251,0.163
q3c,"",439,1,0,300,1.179,0.156
q3c,"",440,1,1,301,1.238,0.161
q3c,"",441,1,0,300,1.127,0.167
q3c,"",442,1,1,301,1.232,0.154
q3c,"",443,1,0,300,1.277,0.152
q3c,"",444,1,1,301,1.212,0.154
q3c,"",445,1,0,300,1.147,0.167
q3c,"",446,1,1,301,1.293,0.163
q3c,"",447,1,0,300,1.183,0.154
q3c,"",448,1,1,301,1.24,0.152
q3c,"",449,1,0,300,1.231,0.156
q3c,"",450,1,1,301,1.431,0.171
q3c,"",451,1,0,300,1.264,0.161
q3c,"",452,1,1,301,1.266,0.16
q3c,"",453,1,0,300,1.233,0.149
q3c,"",454,1,1,301,1.226,0.154
q3c,"",455,1,0,300,1.239,0.154
q3c,"",456,1,1,301,1.222,0.161
q3c,"",457,1,0,300,1.183,0.154
q3c,"",458,1,1,301,1.253,0.145
q3c,"",459,1,0,300,1.267,0.155
q3c,"",460,1,1,301,1.091,0.163
q3c,"",461,1,0,300,1.163,0.157
q3c,"",462,1,1,301,1.257,0.155
q3c,"",463,1,0,300,1.264,0.152
q3c,"",464,1,1,301,1.086,0.153
q3c,"",465,1,0,300,1.429,0.167
q3c,"",466,1,1,301,1.351,0.163
q3c,"",467,1,0,300,1.202,0.154
q3c,"",468,1,2,301,1.29,0.178
q3c,"",469,1,0,300,1.302,0.156
q3c,"",470,1,1,301,1.275,0.156
q3c,"",471,1,0,300,1.244,0.153
q3c,"",472,1,1,301,1.256,0.158
q3c,"",473,1,0,300,1.268,0.157
q3c,"",474,1,1,301,1.16,0.152
q3c,"",475,1,0,300,1.118,0.154
q3c,"",476,1,1,301,1.278,0.155
q3c,"",477,1,0,300,1.325,0.163
q3c,"",478,1,1,301,1.132,0.17
q3c,"",479,1,0,300,1.194,0.155
q3c,"",480,1,1,301,1.279,0.16
q3c,"",481,1,0,300,1.255,0.159
q3c,"",482,1,1,301,1.256,0.16
q3c,"",483,1,0,300,1.138,0.152
q3c,"",484,1,1,301,1.241,0.144
q3c,"",485,1,0,300,1.128,0.159
q3c,"",486,1,1,301,1.402,0.157
q3c,"",487,1,0,300,1.198,0.151
q3c,"",488,1,1,301,1.145,0.16
q3c,"",489,1,0,300,1.298,0.174
q3c,"",490,1,1,301,1.203,0.168
q3c,"",491,1,0,300,1.312,0.17
q3c,"",492,1,1,301,1.234,0.158
q3c,"",493,1,0,300,1.157,0.158
q3c,"",494,1,1,301,1.188,0.154
q3c,"",495,1,0,300,1.267,0.147
q3c,"",496,1,1,301,1.276,0.165
q3c,"",497,1,0,300,1.224,0.153
q3c,"",498,1,1,301,1.182,0.157
q3c,"",499,1,0,300,1.17,0.152
q3c,"",500,1,1,301,1.269,0.169
q3c,"",501,1,0,300,1.246,0.154
q3c,"",502,1,1,301,1.346,0.159
q3c,"",503,1,0,300,1.26,0.151
q3c,"",504,1,1,301,1.092,0.175
q3c,"",505,1,0,300,1.151,0.16
q3c,"",506,1,2,301,1.222,0.172
q3c,"",507,1,0,300,1.159,0.153
q3c,"",508,1,1,301,1.137,0.151
q3c,"",509,1,0,300,1.315,0.157
q3c,"",510,1,1,301,1.161,0.153
q3c,"",511,1,0,300,1.127,0.148
q3c,"",512,1,1,301,1.213,0.151
q3c,"",513,1,0,300,1.123,0.146
q3c,"",514,1,1,301,1.235,0.148
q3c,"",515,1,0,300,1.251,0.15
q3c,"",516,1,1,301,1.161,0.148
q3c,"",517,1,0,300,1.101,0.146
q3c,"",518,1,1,301,1.127,0.155
q3c,"",519,1,0,300,1.225,0.148
q3c,"",520,1,1,301,1.206,0.143
q3c,"",521,1,0,300,1.195,0.148
q3c,"",522,1,1,301,1.161,0.172
q3c,"",523,1,0,300,1.14,0.151
q3c,"",524,1,1,301,1.349,0.162
q3c,"",525,1,0,300,1.169,0.153
q3c,"",526,1,1,301,1.253,0.143
q3c,"",527,1,0,300,1.281,0.161
q3c,"",528,1,1,301,1.405,0.16
q3c,"",529,1,0,300,1.251,0.159
q3c,"",530,1,1,301,1.28,0.145
q3c,"",531,1,0,300,1.256,0.155
q3c,"",532,1,1,301,1.209,0.152
q3c,"",533,1,0,300,1.116,0.152
q3c,"",534,1,1,301,1.134,0.154
q3c,"",535,1,0,300,1.102,0.148
q3c,"",536,1,1,301,1.285,0.152
q3c,"",537,1,0,300,1.284,0.155
q3c,"",538,1,1,301,1.115,0.147
q3c,"",539,1,0,300,1.343,0.158
q3c,"",540,1,1,301,1.275,0.154
q3c,"",541,1,0,300,1.285,0.15
q3c,"",542,1,1,301,1.269,0.154
q3c,"",543,1,0,300,1.265,0.148
q3c,"",544,1,1,301,1.16,0.165
q3c,"",545,1,0,300,1.339,0.154
q3c,"",546,1,1,301,1.229,0.159
q3c,"",547,1,0,300,1.257,0.151
q3c,"",548,1,1,301,1.261,0.154
q3c,"",549,1,0,300,1.229,0.149
q3c,"",550,1,1,301,1.254,0.164
q3c,"",551,1,0,300,1.294,0.153
q3c,"",552,1,1,301,1.236,0.152
q3c,"",553,1,0,300,1.238,0.161
q3c,"",554,1,1,301,1.103,0.145
q3c,"",555,1,0,300,1.263,0.155
q3c,"",556,1,1,301,1.224,0.147
q3c,"",557,1,0,300,1.283,0.149
q3c,"",558,1,1,302,1.173,0.169
q3c,"",559,1,0,300,1.133,0.144
q3c,"",560,1,1,301,1.26,0.152
q3c,"",561,1,0,300,1.231,0.16
q3c,"",562,1,1,301,1.236,0.15
q3c,"",563,1,0,300,1.228,0.145
q3c,"",564,1,1,301,1.3,0.157
q3c,"",565,1,0,300,1.153,0.147
q3c,"",566,1,1,301,1.292,0.156
q3c,"",567,1,0,300,1.241,0.149
q3c,"",568,1,1,301,1.18,0.15
q3c,"",569,1,0,300,1.226,0.175
q3c,"",570,1,1,301,1.119,0.152
q3c,"",571,1,0,300,1.144,0.136
q3c,"",572,1,13,301,1.13,0.146
q3c,"",573,1,0,300,1.107,0.151
q3c,"",574,1,1,301,1.232,0.145
q3c,"",575,1,0,300,1.265,0.154
q3c,"",576,1,1,301,1.276,0.151
q3c,"",577,1,0,300,1.267,0.151
q3c,"",578,1,2,301,1.273,0.153
q3c,"",579,1,0,300,1.15,0.155
q3c,"",580,1,1,301,1.292,0.151
q3c,"",581,1,0,300,1.227,0.147
q3c,"",582,1,1,301,1.271,0.16
q3c,"",583,1,0,300,1.149,0.149
q3c,"",584,1,1,301,1.223,0.158
q3c,"",585,1,0,300,1.221,0.15
q3c,"",586,1,1,301,1.278,0.154
q3c,"",587,1,0,300,1.221,0.153
q3c,"",588,1,1,301,1.239,0.161
q3c,"",589,1,0,300,1.22,0.148
q3c,"",590,1,1,301,1.084,0.149
q3c,"",591,1,0,300,1.073,0.15
q3c,"",592,1,1,301,1.127,0.149
q3c,"",593,1,0,300,1.233,0.151
q3c,"",594,1,1,301,1.121,0.161
q3c,"",595,1,0,300,1.144,0.148
q3c,"",596,1,1,301,1.085,0.155
q3c,"",597,1,0,300,1.205,0.144
q3c,"",598,1,1,301,1.263,0.152
q3c,"",599,1,0,300,1.249,0.148
q3c,"",600,1,1,301,1.276,0.153
q3c,"",601,1,0,300,1.133,0.146
q3c,"",602,1,1,301,1.251,0.16
q3c,"",603,1,0,300,1.29,0.163
q3c,"",604,1,2,301,1.265,0.148
q3c,"",605,1,0,300,1.209,0.151
q3c,"",606,1,18,302,1.249,0.166
q3c,"",607,1,0,300,1.107,0.153
q3c,"",608,1,1,301,1.284,0.153
q3c,"",609,1,0,300,1.119,0.171
q3c,"",610,1,1,301,1.255,0.156
q3c,"",611,1,0,300,1.125,0.192
q3c,"",612,1,1,301,1.319,0.212
q3c,"",613,1,0,300,1.247,0.216
q3c,"",614,1,1,301,1.325,0.214
q3c,"",615,1,0,300,1.196,0.206
q3c,"",616,1,1,301,1.332,0.186
q3c,"",617,1,0,300,1.264,0.165
q3c,"",618,1,1,301,1.243,0.174
q3c,"",619,1,0,300,1.195,0.165
q3c,"",620,1,1,301,1.131,0.167
q3c,"",621,1,0,300,1.096,0.162
q3c,"",622,1,1,301,1.262,0.16
q3c,"",623,1,0,300,1.143,0.157
q3c,"",624,1,1,301,1.227,0.156
q3c,"",625,1,0,300,1.231,0.154
q3c,"",626,1,1,301,1.248,0.165
q3c,"",627,1,0,300,1.272,0.161
q3c,"",628,1,1,301,1.269,0.154
q3c,"",629,1,0,300,1.199,0.166
q3c,"",630,1,1,301,1.232,0.158
q3c,"",631,1,0,300,1.153,0.161
q3c,"",632,1,1,301,1.245,0.165
q3c,"",633,1,0,300,1.252,0.164
q3c,"",634,1,1,301,1.26,0.157
q3c,"",635,1,0,300,1.132,0.155
q3c,"",636,1,1,301,1.277,0.154
q3c,"",637,1,1,301,1.137,0.163
q3c,"",638,1,1,301,1.235,0.15
q3c,"",639,1,0,300,1.182,0.156
q3c,"",640,1,1,301,1.271,0.178
q3c,"",641,1,0,300,1.21,0.157
q3c,"",642,1,1,301,1.279,0.161
q3c,"",643,1,0,300,1.225,0.148
q3c,"",644,1,1,301,1.213,0.166
q3c,"",645,1,0,300,1.215,0.154
q3c,"",646,1,1,301,1.246,0.183
q3c,"",647,1,0,300,1.157,0.161
q3c,"",648,1,1,301,1.236,0.175
q3c,"",649,1,0,300,1.285,0.279
q3c,"",650,1,1,301,1.117,0.188
q3c,"",651,1,0,300,1.139,0.158
q3c,"",652,1,1,301,1.234,0.162
q3c,"",653,1,0,300,1.166,0.16
q3c,"",654,1,1,301,1.271,0.158
q3c,"",655,1,0,300,1.268,0.159
q3c,"",656,1,1,301,1.179,0.2
q3c,"",657,1,0,300,1.247,0.17
q3c,"",658,1,11,301,1.229,0.181
q3c,"",659,1,0,300,1.297,0.161
q3c,"",660,1,1,301,1.259,0.164
q3c,"",661,1,0,300,1.175,0.166
q3c,"",662,1,1,301,1.242,0.162
q3c,"",663,1,0,300,1.323,0.171
q3c,"",664,1,1,301,1.071,0.162
q3c,"",665,1,0,300,1.221,0.16
q3c,"",666,1,1,301,1.252,0.158
q3c,"",667,1,0,300,1.134,0.155
q3c,"",668,1,1,301,1.26,0.164
q3c,"",669,1,0,300,1.29,0.196
q3c,"",670,1,1,301,1.186,0.167
q3c,"",671,1,0,300,1.123,0.159
q3c,"",672,1,2,301,1.258,0.169
q3c,"",673,1,0,300,1.229,0.159
q3c,"",674,1,1,301,1.128,0.162
q3c,"",675,1,0,300,1.247,0.151
q3c,"",676,1,1,301,1.277,0.159
q3c,"",677,1,0,300,1.302,0.154
q3c,"",678,1,1,301,1.112,0.158
q3c,"",679,1,0,300,1.319,0.194
q3c,"",680,1,1,301,1.455,0.326
q3c,"",681,1,0,300,1.331,0.215
q3c,"",682,1,1,301,1.273,0.219
q3c,"",683,1,0,300,1.472,0.285
q3c,"",684,1,1,301,1.331,0.27
q3c,"",685,1,0,300,1.304,0.316
q3c,"",686,1,1,301,1.454,0.256
q3c,"",687,1,0,300,1.464,0.27
q3c,"",688,1,11,303,1.278,0.304
q3c,"",689,1,0,300,1.357,0.234
q3c,"",690,1,1,301,1.532,0.278
q3c,"",691,1,0,300,1.248,0.302
q3c,"",692,1,1,301,1.696,0.292
q3c,"",693,1,0,300,1.24,0.191
q3c,"",694,1,1,301,1.314,0.223
q3c,"",695,1,0,300,1.155,0.179
q3c,"",696,1,1,301,1.345,0.197
q3c,"",697,1,0,300,1.299,0.172
q3c,"",698,1,1,301,1.276,0.197
q3c,"",699,1,0,300,1.158,0.177
q3c,"",700,1,1,301,1.404,0.203
q3c,"",701,1,0,300,1.354,0.348
q3c,"",702,1,2,301,1.636,0.253
q3c,"",703,1,0,300,1.698,0.269
q3c,"",704,1,1,301,1.387,0.201
q3c,"",705,1,0,300,1.45,0.245
q3c,"",706,1,1,301,1.348,0.231
q3c,"",707,1,0,300,1.539,0.24
q3c,"",708,1,1,301,1.394,0.234
q3c,"",709,1,0,300,1.343,0.184
q3c,"",710,1,1,301,1.291,0.193
q3c,"",711,1,0,300,1.171,0.194
q3c,"",712,1,1,301,1.284,0.175
q3c,"",713,1,0,300,1.266,0.2
q3c,"",714,1,1,301,1.296,0.179
q3c,"",715,1,0,300,1.298,0.188
q3c,"",716,1,1,301,1.132,0.18
q3c,"",717,1,0,300,1.173,0.19
q3c,"",718,1,1,301,1.167,0.164
q3c,"",719,1,0,300,1.317,0.21
q3c,"",720,1,1,301,1.274,0.191
q3c,"",721,1,0,300,1.376,0.198
q3c,"",722,1,1,301,1.384,0.183
q3c,"",723,1,0,300,2.64,0.227
q3c,"",724,1,1,301,1.363,0.243
q3c,"",725,1,0,300,1.19,0.24
q3c,"",726,1,1,301,1.3,0.23
q3c,"",727,1,0,300,1.309,0.201
q3c,"",728,1,1,301,1.205,0.214
q3c,"",729,1,0,300,1.18,0.172
q3c,"",730,1,1,301,1.256,0.205
q3c,"",731,1,0,300,1.307,0.156
q3c,"",732,1,1,301,1.363,0.191
q3c,"",733,1,0,300,1.526,0.177
q3c,"",734,1,1,302,1.968,0.446
q3c,"",735,1,0,300,1.736,0.277
q3c,"",736,1,1,301,1.236,0.222
q3c,"",737,1,0,300,1.339,0.236
q3c,"",738,1,1,301,1.241,0.19
q3c,"",739,1,0,300,1.329,0.218
q3c,"",740,1,1,301,1.186,0.162
q3c,"",741,1,0,300,1.201,0.168
q3c,"",742,1,1,301,1.126,0.174
q3c,"",743,1,0,300,1.243,0.163
q3c,"",744,1,1,301,1.317,0.166
q3c,"",745,1,0,300,1.273,0.16
q3c,"",746,1,1,301,2.288,0.547
q3c,"",747,1,0,300,1.311,0.189
q3c,"",748,1,1,301,1.173,0.177
q3c,"",749,1,0,300,1.174,0.169
q3c,"",750,1,1,301,1.152,0.173
q3c,"",751,1,0,300,1.123,0.164
q3c,"",752,1,1,301,1.171,0.177
q3c,"",753,1,0,300,1.322,0.164
q3c,"",754,1,1,301,1.304,0.185
q3c,"",755,1,0,300,1.151,0.169
q3c,"",756,1,2,301,1.155,0.194
q3c,"",757,1,0,300,1.335,0.175
q3c,"",758,1,1,301,1.228,0.169
q3c,"",759,1,0,300,1.303,0.16
q3c,"",760,1,1,301,1.273,0.163
q3c,"",761,1,0,300,1.267,0.165
q3c,"",762,1,1,301,1.259,0.157
q3c,"",763,1,0,300,1.265,0.158
q3c,"",764,1,1,301,1.285,0.17
q3c,"",765,1,0,300,1.161,0.183
q3c,"",766,1,1,301,1.271,0.148
q3c,"",767,1,0,300,1.237,0.149
q3c,"",768,1,1,301,1.146,0.162
q3c,"",769,1,0,300,1.326,0.158
q3c,"",770,1,3,301,1.237,0.165
q3c,"",771,1,0,300,1.11,0.159
q3c,"",772,1,1,301,1.188,0.167
q3c,"",773,1,0,300,1.098,0.166
q3c,"",774,1,1,301,1.089,0.168
q3c,"",775,1,0,300,1.232,0.16
q3c,"",776,1,1,301,1.263,0.169
q3c,"",777,1,0,300,1.35,0.204
q3c,"",778,1,1,301,1.265,0.169
q3c,"",779,1,0,300,1.126,0.162
q3c,"",780,1,1,301,1.195,0.164
q3c,"",781,1,0,300,1.126,0.162
q3c,"",782,1,1,301,1.178,0.164
q3c,"",783,1,0,300,1.186,0.164
q3c,"",784,1,1,301,1.125,0.165
q3c,"",785,1,0,300,1.375,0.228
q3c,"",786,1,1,301,1.296,0.24
q3c,"",787,1,0,300,1.425,0.225
q3c,"",788,1,1,301,2.067,0.317
q3c,"",789,1,0,300,2.428,0.657
q3c,"",790,1,1,301,3.764,0.362
q3c,"",791,1,0,300,2.754,0.475
q3c,"",792,1,1,301,1.929,0.314
q3c,"",793,1,0,300,3.276,0.495
q3c,"",794,1,1,301,2.936,1.387
q3c,"",795,1,0,300,3.222,0.409
q3c,"",796,1,1,301,2.103,0.484
q3c,"",797,1,0,300,4.135,0.33
q3c,"",798,1,1,301,1.774,0.296
q3c,"",799,1,0,300,3.622,0.98
q3c,"",800,1,1,301,1.744,0.295
q3c,"",801,1,0,300,4.534,0.67
q3c,"",802,1,2,301,1.982,0.394
q3c,"",803,1,0,300,1.482,0.293
q3c,"",804,1,1,301,2.353,0.352
q3c,"",805,1,0,300,1.911,0.281
q3c,"",806,2,2,301,1.382,0.287
q3c,"",807,1,0,300,1.786,0.304
q3c,"",808,1,3,301,3.613,0.49
q3c,"",809,1,0,300,1.461,0.284
q3c,"",810,1,1,301,1.451,0.276
q3c,"",811,1,1,301,3.809,0.336
q3c,"",812,1,1,301,1.734,0.256
q3c,"",813,1,0,300,2.5,0.273
q3c,"",814,1,1,301,5.396,0.755
q3c,"",815,1,0,300,5.973,1.064
q3c,"",816,1,2,302,4.36,1.285
q3c,"",817,1,0,300,2.695,0.838
q3c,"",818,1,1,301,2.366,0.359
q3c,"",819,1,0,300,2.392,0.35
q3c,"",820,1,4,302,1.574,0.271
q3c,"",821,1,0,300,1.602,0.391
q3c,"",822,1,199,308,1.731,0.345
q3c,"",823,1,0,300,1.412,0.286
q3c,"",824,1,2,301,1.384,0.284
q3c,"",825,1,0,301,1.613,0.261
q3c,"",826,1,1,301,1.501,0.267
q3c,"",827,1,0,300,1.466,0.446
q3c,"",828,1,1,301,2.103,0.588
q3c,"",829,1,1,301,1.624,0.294
q3c,"",830,1,2,302,1.408,0.263
q3c,"",831,1,1,301,1.468,0.269
q3c,"",832,1,1,301,1.493,0.233
q3c,"",833,1,0,300,1.652,0.248
q3c,"",834,1,1,302,1.471,0.237
q3c,"",835,1,0,300,1.433,0.244
q3c,"",836,1,8,302,1.51,0.253
q3c,"",837,1,0,300,1.608,0.265
q3c,"",838,1,1,301,1.76,0.378
q3c,"",839,1,0,300,2.323,0.335
q3c,"",840,1,2,302,1.586,0.298
q3c,"",841,1,0,300,2.04,0.308
q3c,"",842,1,1,301,2.799,0.327
q3c,"",843,1,0,300,1.519,0.221
q3c,"",844,1,1,301,1.541,0.266
q3c,"",845,1,0,300,1.975,0.416
q3c,"",846,1,1,301,3.544,0.32
q3c,"",847,1,0,300,1.61,0.6
q3c,"",848,1,1,301,1.298,0.245
q3c,"",849,1,0,300,2.732,0.289
q3c,"",850,1,1,301,1.605,0.276
q3c,"",851,1,0,300,1.546,0.316
q3c,"",852,1,2,301,1.524,0.274
q3c,"",853,1,0,300,1.324,0.259
q3c,"",854,1,2,301,2.2,0.34
q3c,"",855,1,0,300,1.469,0.269
q3c,"",856,1,3,301,1.492,0.26
q3c,"",857,1,0,300,1.474,0.259
q3c,"",858,1,8,301,1.373,0.32
q3c,"",859,1,0,300,1.516,0.275
q3c,"",860,1,1,302,3.011,0.268
q3c,"",861,1,0,300,1.437,0.249
q3c,"",862,1,3,301,1.349,0.26
q3c,"",863,1,0,300,1.691,0.267
q3c,"",864,1,359,310,1.427,0.31
q3c,"",865,1,0,300,1.425,0.264
q3c,"",866,1,2,301,1.22,0.219
q3c,"",867,1,0,300,1.436,0.249
q3c,"",868,1,2,301,1.577,0.335
q3c,"",869,1,0,300,1.515,0.287
q3c,"",870,1,1,301,1.397,0.272
q3c,"",871,1,0,300,1.413,0.262
q3c,"",872,1,3,301,2.134,0.267
q3c,"",873,1,0,300,2.008,0.472
q3c,"",874,1,5,301,1.437,0.279
q3c,"",875,1,0,300,1.445,0.262
q3c,"",876,1,3,301,2.512,0.385
q3c,"",877,1,0,300,1.693,0.265
q3c,"",878,1,1,301,1.458,0.28
q3c,"",879,1,0,300,1.416,0.257
q3c,"",880,1,1,301,1.29,0.264
q3c,"",881,1,0,300,1.356,0.222
q3c,"",882,1,1,301,1.407,0.255
q3c,"",883,1,0,300,2.187,0.574
q3c,"",884,1,3,301,1.521,0.275
q3c,"",885,1,1,302,1.333,0.264
q3c,"",886,1,4,301,2.175,0.296
q3c,"",887,1,0,300,2.324,0.275
q3c,"",888,1,1,301,1.359,0.254
q3c,"",889,1,0,300,1.418,0.254
q3c,"",890,1,2,301,1.285,0.255
q3c,"",891,1,3,301,1.661,0.288
q3c,"",892,1,1,301,1.72,0.269
q3c,"",893,1,3,302,1.492,0.974
q3c,"",894,1,2,301,1.32,0.288
q3c,"",895,1,0,300,1.324,0.238
q3c,"",896,1,1,301,1.42,0.285
q3c,"",897,1,0,300,2.309,0.311
q3c,"",898,1,2,301,1.636,0.314
q3c,"",899,1,0,300,1.321,0.248
q3c,"",900,1,1,301,3.672,0.362
q3c,"",901,1,0,300,1.648,0.37
q3c,"",902,1,3,302,1.373,0.264
q3c,"",903,1,0,300,1.885,0.288
q3c,"",904,1,2,302,1.462,0.334
q3c,"",905,1,0,300,1.505,0.249
q3c,"",906,1,4,301,1.33,0.25
q3c,"",907,1,1,301,1.454,0.276
q3c,"",908,1,3,301,1.39,0.222
q3c,"",909,1,0,300,1.368,0.224
q3c,"",910,1,5,301,1.277,0.241
q3c,"",911,1,0,300,1.382,0.24
q3c,"",912,1,1,301,1.412,0.233
q3c,"",913,1,0,300,1.418,0.246
q3c,"",914,1,1,301,1.261,0.265
q3c,"",915,1,0,300,1.741,0.314
q3c,"",916,1,1,301,1.27,0.326
q3c,"",917,1,0,300,1.351,0.243
q3c,"",918,1,1,301,1.319,0.276
q3c,"",919,1,0,300,2.304,0.258
q3c,"",920,1,1,301,2.141,0.294
q3c,"",921,1,0,300,1.361,0.431
q3c,"",922,1,1,301,1.464,0.226
q3c,"",923,1,0,300,1.405,0.224
q3c,"",924,1,4,301,1.471,0.266
q3c,"",925,1,0,300,1.516,0.239
q3c,"",926,1,2,301,1.403,0.235
q3c,"",927,1,0,300,1.306,0.279
q3c,"",928,1,48,304,1.347,0.335
q3c,"",929,1,0,300,1.419,0.238
q3c,"",930,1,4,301,1.461,0.881
q3c,"",931,1,0,300,1.657,0.259
q3c,"",932,1,2,301,2.459,0.349
q3c,"",933,1,2,301,1.741,1.08
q3c,"",934,1,2,301,1.706,0.764
q3c,"",935,1,0,300,5.664,1.103
q3c,"",936,1,5,301,3.16,0.454
q3c,"",937,1,2,301,3.635,0.791
q3c,"",938,1,1,301,1.512,0.316
q3c,"",939,1,0,300,1.711,0.326
q3c,"",940,1,2,301,2.305,0.932
q3c,"",941,1,0,300,1.529,0.299
q3c,"",942,1,4,301,3.472,0.41
q3c,"",943,1,0,300,1.674,0.35
q3c,"",944,1,1,301,1.399,0.339
q3c,"",945,1,0,300,1.644,0.418
q3c,"",946,1,4,301,2.017,0.294
q3c,"",947,1,0,300,1.522,0.281
q3c,"",948,1,2,301,2.469,0.82
q3c,"",949,1,0,300,1.885,0.332
q3c,"",950,1,1,301,2.271,2.658
q3c,"",951,1,0,300,1.625,0.244
q3c,"",952,1,1,301,1.49,0.241
q3c,"",953,1,0,300,1.333,0.247
q3c,"",954,1,1,301,1.262,0.219
q3c,"",955,1,0,300,1.243,0.208
q3c,"",956,1,1,301,1.535,0.253
q3c,"",957,1,0,301,1.647,0.291
q3c,"",958,1,1,301,1.784,0.297
q3c,"",959,1,0,300,1.325,0.261
q3c,"",960,1,1,301,1.301,0.251
q3c,"",961,1,0,300,1.357,0.231
q3c,"",962,1,2,301,1.257,0.23
q3c,"",963,1,0,300,1.358,0.231
q3c,"",964,1,3,301,1.242,0.234
q3c,"",965,1,0,300,1.323,0.22
q3c,"",966,1,1,301,1.269,0.216
q3c,"",967,1,0,300,1.205,0.183
q3c,"",968,1,2,301,1.333,0.19
q3c,"",969,1,0,300,1.278,0.169
q3c,"",970,1,18,303,1.314,0.253
q3c,"",971,1,2,301,1.251,0.195
q3c,"",972,1,2,301,1.22,0.19
q3c,"",973,1,0,300,1.168,0.178
q3c,"",974,1,3,301,1.22,0.179
q3c,"",975,1,0,300,1.191,0.167
q3c,"",976,1,3,301,1.272,0.185
q3c,"",977,1,1,301,1.152,0.174
q3c,"",978,1,1,301,1.112,0.171
q3c,"",979,1,0,300,1.258,0.17
q3c,"",980,1,1,301,1.219,0.214
q3c,"",981,1,0,300,1.248,0.214
q3c,"",982,2,7,301,1.213,0.187
q3c,"",983,1,0,300,1.182,0.176
q3c,"",984,1,2,301,1.207,0.169
q3c,"",985,1,0,300,1.223,0.179
q3c,"",986,1,5,301,1.18,0.18
q3c,"",987,1,0,300,1.258,0.165
q3c,"",988,1,1,301,1.201,0.189
q3c,"",989,1,0,300,1.129,0.172
q3c,"",990,1,6,302,1.244,0.181
q3c,"",991,1,0,300,1.121,0.173
q3c,"",992,1,1,301,1.187,0.166
q3c,"",993,1,0,300,1.31,0.162
q3c,"",994,1,1,301,1.225,0.291
q3c,"",995,1,0,300,1.243,0.152
q3c,"",996,1,5,302,1.154,0.181
q3c,"",997,1,0,300,1.353,0.184
q3c,"",998,2,5,302,1.263,0.191
q3c,"",999,1,0,300,1.304,0.184
q3c,"",1000,1,1,301,1.476,0.264
q3c,"",1001,1,0,300,1.349,0.254
q3c,"",1002,1,1,301,1.338,0.241
q3c,"",1003,1,0,300,1.29,0.21
q3c,"",1004,1,1,301,1.694,0.258
q3c,"",1005,1,0,300,1.226,0.213
q3c,"",1006,1,3,301,1.265,0.233
q3c,"",1007,1,1,301,1.243,0.212
q3c,"",1008,1,2,301,1.252,0.197
q3c,"",1009,1,0,300,1.225,0.185
q3c,"",1010,1,2,301,1.307,0.199
q3c,"",1011,1,0,300,1.266,0.194
q3c,"",1012,1,1,301,1.377,0.186
q3c,"",1013,1,1,302,1.193,0.222
q3c,"",1014,1,2,302,1.181,0.181
q3c,"",1015,1,0,300,1.211,0.173
q3c,"",1016,1,1,301,1.228,0.176
q3c,"",1017,1,0,300,1.308,0.165
q3c,"",1018,1,3,302,1.174,0.192
q3c,"",1019,1,0,300,1.174,0.17
q3c,"",1020,1,1,301,1.247,0.181
q3c,"",1021,1,0,300,1.145,0.169
q3c,"",1022,1,1,301,1.195,0.189
q3c,"",1023,1,0,300,1.224,0.173
q3c,"",1024,1,1,301,1.167,0.173
q3c,"",1025,1,0,300,1.206,0.168
q3c,"",1026,1,1,301,1.192,0.176
q3c,"",1027,1,0,301,1.169,0.199
q3c,"",1028,1,4,302,1.215,0.188
q3c,"",1029,1,0,300,1.297,0.177
q3c,"",1030,1,1,301,1.183,0.178
q3c,"",1031,1,0,300,1.233,0.168
q3c,"",1032,1,1,301,1.182,0.18
q3c,"",1033,1,0,300,1.195,0.162
q3c,"",1034,1,2,301,1.147,0.179
q3c,"",1035,1,0,300,1.236,0.167
q3c,"",1036,2,1,301,1.172,0.179
q3c,"",1037,1,0,300,1.218,0.163
q3c,"",1038,1,1,301,1.147,0.185
q3c,"",1039,1,0,300,1.247,0.184
q3c,"",1040,1,1,301,1.199,0.216
q3c,"",1041,1,0,300,1.301,0.173
q3c,"",1042,1,1,301,1.25,0.196
q3c,"",1043,1,0,300,1.316,0.169
q3c,"",1044,1,1,301,1.276,0.189
q3c,"",1045,1,1,301,1.185,0.177
q3c,"",1046,1,3,301,1.207,0.179
q3c,"",1047,1,0,300,1.147,0.169
q3c,"",1048,1,1,301,1.182,0.183
q3c,"",1049,1,0,300,1.292,0.165
q3c,"",1050,1,3,301,1.255,0.172
q3c,"",1051,1,0,300,1.288,0.159
q3c,"",1052,1,1,301,1.148,0.167
q3c,"",1053,1,0,300,1.23,0.169
q3c,"",1054,1,1,301,1.269,0.176
q3c,"",1055,1,0,300,1.184,0.165
q3c,"",1056,1,1,301,1.168,0.19
q3c,"",1057,1,0,300,1.135,0.173
q3c,"",1058,1,64,305,1.244,0.229
q3c,"",1059,1,0,301,1.294,0.18
q3c,"",1060,1,1,301,1.256,0.198
q3c,"",1061,1,0,301,2.8,0.302
q3c,"",1062,1,1,301,1.337,0.197
q3c,"",1063,1,0,300,1.309,0.197
q3c,"",1064,1,6,301,1.204,0.24
q3c,"",1065,1,2,301,1.473,0.246
q3c,"",1066,1,2,301,1.253,0.215
q3c,"",1067,1,0,300,1.222,0.185
q3c,"",1068,1,2,302,1.157,0.191
q3c,"",1069,1,0,300,1.216,0.228
q3c,"",1070,1,4,301,1.431,0.173
q3c,"",1071,1,0,300,1.176,0.192
q3c,"",1072,1,3,301,1.189,0.177
q3c,"",1073,1,0,300,1.276,0.184
q3c,"",1074,1,1,301,1.179,0.185
q3c,"",1075,1,0,300,1.282,0.182
q3c,"",1076,1,1,301,1.225,0.183
q3c,"",1077,1,0,300,1.2,0.168
q3c,"",1078,1,1,301,1.306,0.175
q3c,"",1079,1,1,301,1.208,0.217
q3c,"",1080,1,2,301,1.255,0.176
q3c,"",1081,1,0,300,1.218,0.172
q3c,"",1082,1,2,301,1.236,0.183
q3c,"",1083,1,0,300,1.155,0.165
q3c,"",1084,1,1,301,1.122,0.183
q3c,"",1085,1,0,300,1.307,0.171
q3c,"",1086,1,2,301,1.238,0.178
q3c,"",1087,1,0,300,1.177,0.173
q3c,"",1088,1,2,301,1.255,0.178
q3c,"",1089,1,0,300,1.28,0.158
q3c,"",1090,1,5,302,1.232,0.182
q3c,"",1091,1,0,300,1.216,0.16
q3c,"",1092,1,2,301,1.243,0.176
q3c,"",1093,1,0,300,1.192,0.189
q3c,"",1094,1,2,301,1.166,0.183
q3c,"",1095,1,0,300,1.219,0.165
q3c,"",1096,1,1,301,1.198,0.185
q3c,"",1097,1,0,300,1.229,0.162
q3c,"",1098,1,1,301,1.218,0.175
q3c,"",1099,1,1,301,1.099,0.171
q3c,"",1100,1,7,301,1.205,0.179
q3c,"",1101,1,1,301,1.121,0.17
q3c,"",1102,3,3,301,1.231,0.169
q3c,"",1103,6,11,301,1.241,0.205
q3c,"",1104,2,2,301,1.257,0.179
q3c,"",1105,1,1,301,1.252,0.188
q3c,"",1106,17,59,304,1.187,0.221
q3c,"",1107,1,3,301,1.286,0.182
q3c,"",1108,5,36,306,1.236,0.206
q3c,"",1109,1,3,301,1.111,0.158
q3c,"",1110,8,27,304,1.292,0.228
q3c,"",1111,5,3,301,1.284,0.17
q3c,"",1112,1,5,301,1.261,0.169
q3c,"",1113,2,2,301,1.239,0.175
q3c,"",1114,2,123,307,1.289,0.285
q3c,"",1115,1,4,302,1.163,0.168
q3c,"",1116,52,137,306,1.308,0.238
q3c,"",1117,13,11,301,1.257,0.178
q3c,"",1118,22,107,305,1.312,0.229
q3c,"",1119,8,14,302,1.258,0.194
q3c,"",1120,54,158,306,1.233,0.269
q3c,"",1121,3,2,301,1.283,0.177
q3c,"",1122,14,21,301,1.231,0.178
q3c,"",1123,2,2,301,1.3,0.169
q3c,"",1124,1,4,302,1.103,0.18
q3c,"",1125,1,3,301,1.246,0.173
q3c,"",1126,13,18,301,1.19,0.175
q3c,"",1127,1,3,301,1.065,0.199
q3c,"",1128,1,6,301,1.1,0.174
q3c,"",1129,13,21,303,1.13,0.212
q3c,"",1130,2,8,302,1.241,0.184
q3c,"",1131,2,2,301,1.258,0.172
q3c,"",1132,36,88,305,1.211,0.235
q3c,"",1133,5,15,302,1.239,0.178
q3c,"",1134,2,1,301,1.226,0.172
q3c,"",1135,4,3,301,1.167,0.176
q3c,"",1136,11,29,305,1.405,0.205
q3c,"",1137,1,0,301,1.119,0.171
q3c,"",1138,1,2,301,1.255,0.177
q3c,"",1139,2,1,301,1.231,0.174
q3c,"",1140,2,6,301,1.118,0.17
q3c,"",1141,21,8,302,1.201,0.19
q3c,"",1142,2,2,301,1.276,0.171
q3c,"",1143,3,4,302,1.247,0.189
q3c,"",1144,14,75,304,1.13,0.222
q3c,"",1145,1,4,302,1.151,0.188
q3c,"",1146,20,22,304,1.228,0.196
q3c,"",1147,2,2,301,1.191,0.163
q3c,"",1148,3,6,301,1.192,0.163
q3c,"",1149,2,9,302,1.255,0.181
q3c,"",1150,16,66,304,1.253,0.204
q3c,"",1151,2,1,301,1.285,0.163
q3c,"",1152,2,34,302,1.327,0.226
q3c,"",1153,1,4,302,1.254,0.172
q3c,"",1154,11,45,302,1.251,0.183
q3c,"",1155,4,3,302,1.291,0.19
q3c,"",1156,3,466,316,1.209,0.353
q3c,"",1157,4,1,301,1.234,0.174
q3c,"",1158,9,49,303,1.107,0.198
q3c,"",1159,1,2,302,1.284,0.195
q3c,"",1160,9,42,302,1.103,0.197
q3c,"",1161,2,4,302,1.211,0.185
q3c,"",1162,2,3,302,1.205,0.192
q3c,"",1163,1,6,302,1.244,0.169
q3c,"",1164,3,3,302,1.296,0.197
q3c,"",1165,4,12,301,1.208,0.171
q3c,"",1166,13,20,302,1.178,0.18
q3c,"",1167,2,4,302,1.228,0.17
q3c,"",1168,2,930,319,1.246,0.388
q3c,"",1169,9,46,303,1.19,0.2
q3c,"",1170,2,5,302,1.139,0.182
q3c,"",1171,2,1,301,1.242,0.169
q3c,"",1172,4,6,301,1.298,0.179
q3c,"",1173,2,3,301,1.262,0.182
q3c,"",1174,2,4,302,1.362,0.19
q3c,"",1175,2,1,302,1.266,0.201
q3c,"",1176,17,16,303,1.788,0.284
q3c,"",1177,2,2,301,1.952,0.282
q3c,"",1178,10,10,301,1.452,0.195
q3c,"",1179,1,4,302,1.365,0.196
q3c,"",1180,9,13,301,1.285,0.179
q3c,"",1181,2,2,301,1.253,0.177
q3c,"",1182,7,52,303,1.192,0.215
q3c,"",1183,3,7,302,1.127,0.185
q3c,"",1184,5,4,302,1.158,0.197
q3c,"",1185,3,1,302,1.399,0.259
q3c,"",1186,18,48,303,1.311,0.207
q3c,"",1187,4,3,302,1.229,0.199
q3c,"",1188,8,3,301,1.334,0.174
q3c,"",1189,2,3,302,1.193,0.189
q3c,"",1190,1,2,301,1.251,0.184
q3c,"",1191,1,1,301,1.271,0.178
q3c,"",1192,2,137,305,1.337,0.249
q3c,"",1193,2,2,301,1.321,0.207
q3c,"",1194,1,3,301,1.204,0.242
q3c,"",1195,2,2,301,1.273,0.188
q3c,"",1196,2,8,301,1.234,0.184
q3c,"",1197,2,1,301,1.298,0.178
q3c,"",1198,10,49,303,1.219,0.208
q3c,"",1199,1,4,302,1.28,0.184
q3c,"",1200,18,55,305,1.242,0.21
q3c,"",1201,2,2,303,1.125,0.196
q3c,"",1202,3,6,302,1.27,0.193
q3c,"",1203,14,48,304,1.201,0.193
q3c,"",1204,8,8,302,1.251,0.171
q3c,"",1205,1,0,300,1.104,0.169
q3c,"",1206,6,63,303,1.243,0.191
q3c,"",1207,3,8,302,1.221,0.174
q3c,"",1208,13,10,302,1.107,0.172
q3c,"",1209,1,2,301,1.077,0.175
q3c,"",1210,11,8,302,1.233,0.183
q3c,"",1211,1,0,301,1.296,0.177
q3c,"",1212,23,72,307,1.233,0.224
q3c,"",1213,2,2,302,1.227,0.183
q3c,"",1214,13,26,302,1.256,0.188
q3c,"",1215,1,1,301,1.244,0.172
q3c,"",1216,13,33,302,1.244,0.185
q3c,"",1217,1,2,301,1.281,0.163
q3c,"",1218,2,4,301,1.187,0.171
q3c,"",1219,2,5,302,1.247,0.204
q3c,"",1220,12,70,303,1.307,0.231
q3c,"",1221,1,0,301,1.355,0.201
q3c,"",1222,8,3834,341,1.135,0.734
q3c,"",1223,2,1,301,1.269,0.181
q3c,"",1224,2,5,301,1.192,0.185
q3c,"",1225,21,11,302,1.129,0.169
q3c,"",1226,5,3,301,1.256,0.181
q3c,"",1227,3,4,301,1.156,0.171
q3c,"",1228,2,1616,332,1.226,0.538
q3c,"",1229,5,11,302,1.286,0.197
q3c,"",1230,2,1,301,1.248,0.171
q3c,"",1231,3,1,301,1.115,0.212
q3c,"",1232,82,170,306,1.264,0.234
q3c,"",1233,1,2,302,1.143,0.177
q3c,"",1234,2,3,301,1.212,0.181
q3c,"",1235,2,2,301,1.257,0.188
q3c,"",1236,12,32,305,1.246,0.212
q3c,"",1237,1,2,301,1.241,0.172
q3c,"",1238,2,4,301,1.22,0.18
q3c,"",1239,2,6,301,1.21,0.174
q3c,"",1240,14,40,303,1.271,0.194
q3c,"",1241,3,3,301,1.204,0.168
q3c,"",1242,11,11,301,1.271,0.161
q3c,"",1243,15,51,302,1.226,0.181
q3c,"",1244,23,66,303,1.294,0.207
q3c,"",1245,2,1,301,1.167,0.158
q3c,"",1246,1,3,301,1.271,0.174
q3c,"",1247,1,0,301,1.234,0.183
q3c,"",1248,32,106,305,1.235,0.223
q3c,"",1249,6,11,303,1.226,0.212
q3c,"",1250,10,29,304,1.277,0.192
q3c,"",1251,1,2,301,1.131,0.196
q3c,"",1252,36,79,302,1.205,0.205
q3c,"",1253,3,4,302,1.179,0.171
q3c,"",1254,22,118,304,1.275,0.206
q3c,"",1255,21,47,302,1.208,0.181
q3c,"",1256,2,4009,341,1.264,0.665
q3c,"",1257,20,74,305,1.213,0.202
q3c,"",1258,3,4,302,1.265,0.182
q3c,"",1259,1,1,301,1.232,0.175
q3c,"",1260,3,5,301,1.249,0.167
q3c,"",1261,60,99,304,1.25,0.229
q3c,"",1262,58,140,306,1.207,0.232
q3c,"",1263,1,2,301,1.129,0.162
q3c,"",1264,21,74,303,1.235,0.195
q3c,"",1265,3,1,301,1.244,0.175
q3c,"",1266,4,21,301,1.24,0.181
q3c,"",1267,2,3,301,1.194,0.173
q3c,"",1268,4,3,301,1.204,0.181
q3c,"",1269,2,3,301,1.328,0.177
q3c,"",1270,7,22,302,1.095,0.211
q3c,"",1271,3,14,302,1.153,0.172
q3c,"",1272,3,19,302,1.289,0.241
q3c,"",1273,1,4,301,1.179,0.227
q3c,"",1274,4,730,318,1.41,0.402
q3c,"",1275,10,61,302,1.189,0.273
q3c,"",1276,2,3,301,1.372,0.239
q3c,"",1277,3,2,301,1.39,0.255
q3c,"",1278,52,139,307,1.698,0.448
q3c,"",1279,1,0,301,1.226,0.233
q3c,"",1280,32,87,306,1.573,0.327
q3c,"",1281,6,3,301,1.31,0.244
q3c,"",1282,19,77,303,1.402,0.313
q3c,"",1283,1,4,301,1.377,0.272
q3c,"",1284,18,47,303,1.327,0.252
q3c,"",1285,6,36,305,1.38,0.248
q3c,"",1286,2,2,302,1.285,0.196
q3c,"",1287,2,7,302,1.125,0.195
q3c,"",1288,2,4,302,1.229,0.17
q3c,"",1289,3,1,301,1.208,0.203
q3c,"",1290,56,175,308,1.263,0.265
q3c,"",1291,3,2,301,1.211,0.196
q3c,"",1292,54,65,305,1.271,0.225
q3c,"",1293,2,4,301,1.292,0.174
q3c,"",1294,23,59,303,1.273,0.243
q3c,"",1295,2,2,301,1.275,0.18
q3c,"",1296,2,5,302,1.241,0.22
q3c,"",1297,2,1,301,1.221,0.178
q3c,"",1298,7,9,301,1.278,0.194
q3c,"",1299,9,3,301,1.22,0.194
q3c,"",1300,8,81,304,1.306,0.252
q3c,"",1301,202,115,306,1.226,0.242
q3c,"",1302,141,528,313,1.384,0.376
q3c,"",1303,95,144,306,1.218,0.278
q3c,"",1304,158,1562,331,1.334,0.582
q3c,"",1305,34,53,303,1.193,0.219
q3c,"",1306,789,1632,337,1.368,0.672
q3c,"",1307,82,103,305,1.155,0.222
q3c,"",1308,50,85,305,1.418,0.307
q3c,"",1309,36,72,304,1.237,0.271
q3c,"",1310,24,68,303,1.295,0.223
q3c,"",1311,30,63,303,1.249,0.221
q3c,"",1312,25,66,308,1.279,0.332
q3c,"",1313,21,51,306,1.252,0.235
q3c,"",1314,33,69,307,1.273,0.239
q3c,"",1315,333,475,315,1.209,0.344
q3c,"",1316,154,397,314,1.212,0.301
q3c,"",1317,28,71,307,1.378,0.244
q3c,"",1318,205,800,318,1.215,0.373
q3c,"",1319,34,64,304,1.172,0.227
q3c,"",1320,25,73,303,1.357,0.222
q3c,"",1321,119,75,304,1.247,0.232
q3c,"",1322,53,69,305,1.234,0.257
q3c,"",1323,47,77,303,1.289,0.224
q3c,"",1324,1206,2294,344,1.233,0.729
q3c,"",1325,48,84,303,1.272,0.235
q3c,"",1326,375,752,319,1.168,0.43
q3c,"",1327,36,72,304,1.255,0.207
q3c,"",1328,143,879,321,1.173,0.45
q3c,"",1329,29,81,304,1.245,0.228
q3c,"",1330,579,1598,338,1.259,0.565
q3c,"",1331,29,61,303,1.264,0.211
q3c,"",1332,46,69,305,1.177,0.22
q3c,"",1333,25,67,303,1.213,0.199
q3c,"",1334,689,736,322,1.3,0.352
q3c,"",1335,378,311,309,1.095,0.288
q3c,"",1336,303,1019,323,1.202,0.409
q3c,"",1337,87,81,305,1.122,0.21
q3c,"",1338,441,1099,327,1.296,0.45
q3c,"",1339,98,122,306,1.175,0.21
q3c,"",1340,227,1284,328,1.254,0.521
q3c,"",1341,33,56,306,1.281,0.218
q3c,"",1342,30,65,302,1.679,0.374
q3c,"",1343,60,61,304,1.297,0.21
q3c,"",1344,31,57,305,1.3,0.209
q3c,"",1345,33,63,306,1.244,0.235
q3c,"",1346,718,553,315,1.176,0.356
q3c,"",1347,48,68,305,1.215,0.217
q3c,"",1348,62,63,307,1.314,0.229
q3c,"",1349,300,216,308,1.211,0.261
q3c,"",1350,41,75,304,1.16,0.217
q3c,"",1351,34,69,303,1.248,0.189
q3c,"",1352,149,157,305,1.162,0.237
q3c,"",1353,89,211,309,1.225,0.305
q3c,"",1354,138,136,304,1.15,0.222
q3c,"",1355,52,47,304,1.254,0.192
q3c,"",1356,120,660,318,1.241,0.337
q3c,"",1357,179,70,303,1.242,0.197
q3c,"",1358,57,66,304,1.141,0.19
q3c,"",1359,113,68,304,1.254,0.208
q3c,"",1360,470,674,317,1.162,0.348
q3c,"",1361,34,67,304,1.327,0.239
q3c,"",1362,25,61,306,1.247,0.228
q3c,"",1363,25,60,302,1.251,0.192
q3c,"",1364,609,2512,349,1.191,0.732
q3c,"",1365,32,65,302,1.218,0.2
q3c,"",1366,28,65,304,1.333,0.24
q3c,"",1367,55,60,304,1.213,0.21
q3c,"",1368,30,60,303,1.186,0.191
q3c,"",1369,103,163,308,1.199,0.23
q3c,"",1370,2104,4069,372,1.197,0.943
q3c,"",1371,22,77,302,1.384,0.22
q3c,"",1372,616,601,316,1.422,0.405
q3c,"",1373,29,49,303,1.211,0.206
q3c,"",1374,56,70,305,1.182,0.222
q3c,"",1375,41,73,304,1.262,0.212
q3c,"",1376,133,495,315,1.21,0.322
q3c,"",1377,120,63,306,1.269,0.224
q3c,"",1378,136,1356,333,1.197,0.531
q3c,"",1379,59,79,305,1.205,0.201
q3c,"",1380,276,1572,332,1.428,0.554
q3c,"",1381,24,47,303,1.253,0.191
q3c,"",1382,68,75,306,1.192,0.212
q3c,"",1383,36,65,305,1.301,0.211
q3c,"",1384,45,77,304,1.176,0.189
q3c,"",1385,295,1227,333,1.269,0.448
q3c,"",1386,364,1589,327,1.169,0.479
q3c,"",1387,44,79,306,1.265,0.218
q3c,"",1388,209,898,320,1.247,0.35
q3c,"",1389,49,69,305,1.161,0.184
q3c,"",1390,172,710,318,1.25,0.317
q3c,"",1391,41,77,305,1.167,0.207
q3c,"",1392,30,67,303,1.229,0.184
q3c,"",1393,35,66,303,1.248,0.184
q3c,"",1394,344,3504,368,1.217,0.851
q3c,"",1395,68,64,304,1.385,0.206
q3c,"",1396,1306,3600,359,1.202,0.8
q3c,"",1397,71,59,303,1.258,0.192
q3c,"",1398,578,2926,357,1.182,0.709
q3c,"",1399,73,66,303,1.256,0.191
q3c,"",1400,1275,4002,368,1.18,0.861
q3c,"",1401,427,297,309,1.25,0.252
q3c,"",1402,161,254,305,1.203,0.23
q3c,"",1403,531,324,311,1.107,0.296
q3c,"",1404,896,1369,329,1.217,0.456
q3c,"",1405,127,265,308,1.231,0.237
q3c,"",1406,1822,1108,327,1.175,0.435
q3c,"",1407,176,276,308,1.218,0.256
q3c,"",1408,1298,4152,371,1.238,0.861
q3c,"",1409,171,297,308,1.296,0.245
q3c,"",1410,110,306,306,1.205,0.226
q3c,"",1411,176,748,317,1.303,0.351
q3c,"",1412,137,265,309,1.213,0.242
q3c,"",1413,247,280,310,1.336,0.266
q3c,"",1414,244,1101,325,1.156,0.44
q3c,"",1415,110,251,309,1.201,0.24
q3c,"",1416,5951,9129,452,1.177,1.771
q3c,"",1417,268,272,307,1.119,0.237
q3c,"",1418,1396,5071,394,1.206,1.187
q3c,"",1419,104,271,308,1.308,0.27
q3c,"",1420,1190,5690,405,1.235,1.148
q3c,"",1421,171,233,308,1.298,0.185
q3c,"",1422,1730,4433,383,1.272,0.826
q3c,"",1423,179,260,306,1.17,0.205
q3c,"",1424,2582,3126,370,1.288,0.668
q3c,"",1425,229,3145,360,1.238,0.611
q3c,"",1426,255,302,307,1.243,0.207
q3c,"",1427,103,255,307,1.211,0.216
q3c,"",1428,1340,3905,372,1.652,1.057
q3c,"",1429,1266,1284,323,1.492,0.414
q3c,"",1430,595,1294,327,1.214,0.361
q3c,"",1431,168,289,308,1.097,0.225
q3c,"",1432,162,268,311,1.174,0.219
q3c,"",1433,338,901,323,1.182,0.288
q3c,"",1434,155,277,311,1.198,0.224
q3c,"",1435,609,1243,330,1.263,0.39
q3c,"",1436,290,1021,326,1.266,0.373
q3c,"",1437,101,298,309,1.288,0.224
q3c,"",1438,128,4191,348,1.266,0.595
q3c,"",1439,172,307,309,1.107,0.218
q3c,"",1440,145,269,306,1.267,0.227
q3c,"",1441,1460,2336,345,1.326,0.533
q3c,"",1442,1427,2435,347,1.254,0.608
q3c,"",1443,3095,2502,347,1.266,0.528
q3c,"",1444,11458,35019,906,1.258,5.179
q3c,"",1445,4165,11114,480,1.242,1.694
q3c,"",1446,1546,6517,391,1.277,0.906
q3c,"",1447,1189,2340,393,1.255,0.806
q3c,"",1448,60041,147516,2805,1.249,19.866
q3c,"",1449,5518,2525,345,1.343,0.52
q3c,"",1450,14801,43516,978,1.217,5.575
q3c,"",1451,1743,2330,345,1.544,0.55
q3c,"",1452,7542,26649,720,1.343,3.723
q3c,"",1453,1650,2324,344,1.348,0.552
q3c,"",1454,6376,22109,646,1.368,3.053
q3c,"",1455,1304,2386,351,1.441,0.582
q3c,"",1456,6659,18819,645,1.306,2.893
pgsphere,"",1,1,0,5,0.017,0.038
pgsphere,"",2,1,1,6,0.011,0.022
pgsphere,"",3,1,0,5,0.008,0.017
pgsphere,"",4,1,1,6,0.007,0.017
pgsphere,"",5,1,0,4,0.009,0.013
pgsphere,"",6,1,1,5,0.007,0.02
pgsphere,"",7,1,0,5,0.008,0.014
pgsphere,"",8,1,1,6,0.006,0.016
pgsphere,"",9,1,0,7,0.006,0.021
pgsphere,"",10,1,1,7,0.006,0.018
pgsphere,"",11,1,0,4,0.006,0.014
pgsphere,"",12,1,1,5,0.006,0.012
pgsphere,"",13,1,0,6,0.006,0.017
pgsphere,"",14,1,1,7,0.006,0.03
pgsphere,"",15,1,0,5,0.008,0.015
pgsphere,"",16,1,1,9,0.006,0.028
pgsphere,"",17,1,0,5,0.008,0.013
pgsphere,"",18,1,1,7,0.006,0.02
pgsphere,"",19,1,0,6,0.008,0.017
pgsphere,"",20,1,1,6,0.006,0.02
pgsphere,"",21,1,0,4,0.008,0.012
pgsphere,"",22,1,1,8,0.006,0.028
pgsphere,"",23,1,0,4,0.008,0.011
pgsphere,"",24,1,1,8,0.006,0.024
pgsphere,"",25,1,0,5,0.006,0.014
pgsphere,"",26,1,1,5,0.006,0.012
pgsphere,"",27,1,0,5,0.006,0.014
pgsphere,"",28,1,1,5,0.006,0.011
pgsphere,"",29,1,0,4,0.006,0.01
pgsphere,"",30,1,1,6,0.006,0.015
pgsphere,"",31,1,0,5,0.006,0.016
pgsphere,"",32,1,1,5,0.006,0.013
pgsphere,"",33,1,0,4,0.006,0.01
pgsphere,"",34,1,1,12,0.006,0.036
pgsphere,"",35,1,0,4,0.008,0.011
pgsphere,"",36,1,1,5,0.006,0.011
pgsphere,"",37,1,0,6,0.006,0.017
pgsphere,"",38,1,1,6,0.006,0.015
pgsphere,"",39,1,0,5,0.006,0.016
pgsphere,"",40,1,1,10,0.006,0.028
pgsphere,"",41,1,0,9,0.006,0.029
pgsphere,"",42,1,1,6,0.008,0.017
pgsphere,"",43,1,0,9,0.006,0.024
pgsphere,"",44,1,1,5,0.006,0.012
pgsphere,"",45,1,0,4,0.006,0.011
pgsphere,"",46,1,1,7,0.006,0.015
pgsphere,"",47,1,0,9,0.006,0.026
pgsphere,"",48,1,1,6,0.006,0.027
pgsphere,"",49,1,0,4,0.006,0.011
pgsphere,"",50,1,1,5,0.006,0.013
pgsphere,"",51,1,0,5,0.006,0.013
pgsphere,"",52,1,1,6,0.006,0.014
pgsphere,"",53,1,0,5,0.006,0.015
pgsphere,"",54,1,1,8,0.006,0.02
pgsphere,"",55,1,0,6,0.006,0.016
pgsphere,"",56,1,1,6,0.006,0.016
pgsphere,"",57,1,0,5,0.006,0.013
pgsphere,"",58,1,1,6,0.006,0.017
pgsphere,"",59,1,0,4,0.006,0.011
pgsphere,"",60,1,1,7,0.006,0.019
pgsphere,"",61,1,0,4,0.006,0.009
pgsphere,"",62,1,1,6,0.006,0.017
pgsphere,"",63,1,0,4,0.006,0.012
pgsphere,"",64,1,1,5,0.006,0.012
pgsphere,"",65,1,0,4,0.006,0.013
pgsphere,"",66,1,1,10,0.006,0.027
pgsphere,"",67,1,0,5,0.006,0.017
pgsphere,"",68,1,1,6,0.006,0.014
pgsphere,"",69,1,0,4,0.006,0.012
pgsphere,"",70,1,1,8,0.006,0.02
pgsphere,"",71,1,0,5,0.006,0.012
pgsphere,"",72,1,1,5,0.006,0.016
pgsphere,"",73,1,0,6,0.016,0.024
pgsphere,"",74,1,1,8,0.008,0.023
pgsphere,"",75,1,0,5,0.015,0.034
pgsphere,"",76,1,1,5,0.011,0.015
pgsphere,"",77,1,0,7,0.008,0.02
pgsphere,"",78,1,1,7,0.007,0.018
pgsphere,"",79,1,0,4,0.009,0.015
pgsphere,"",80,1,1,5,0.007,0.013
pgsphere,"",81,1,0,5,0.007,0.015
pgsphere,"",82,1,1,7,0.007,0.02
pgsphere,"",83,1,0,4,0.008,0.011
pgsphere,"",84,1,1,7,0.006,0.016
pgsphere,"",85,1,0,5,0.008,0.014
pgsphere,"",86,1,1,5,0.006,0.019
pgsphere,"",87,1,0,7,0.026,0.022
pgsphere,"",88,1,1,5,0.006,0.014
pgsphere,"",89,1,0,5,0.006,0.015
pgsphere,"",90,1,1,6,0.008,0.017
pgsphere,"",91,1,0,6,0.006,0.019
pgsphere,"",92,1,1,5,0.006,0.012
pgsphere,"",93,1,0,5,0.006,0.012
pgsphere,"",94,1,1,5,0.006,0.013
pgsphere,"",95,1,0,6,0.006,0.019
pgsphere,"",96,1,1,7,0.006,0.02
pgsphere,"",97,1,0,5,0.006,0.013
pgsphere,"",98,1,1,5,0.006,0.011
pgsphere,"",99,1,0,5,0.006,0.015
pgsphere,"",100,1,1,8,0.006,0.02
pgsphere,"",101,1,0,4,0.006,0.011
pgsphere,"",102,1,1,5,0.006,0.016
pgsphere,"",103,1,0,4,0.008,0.018
pgsphere,"",104,1,1,5,0.006,0.012
pgsphere,"",105,1,0,9,0.006,0.023
pgsphere,"",106,1,1,5,0.006,0.015
pgsphere,"",107,1,0,9,0.006,0.027
pgsphere,"",108,1,1,6,0.006,0.014
pgsphere,"",109,1,0,5,0.006,0.013
pgsphere,"",110,1,1,7,0.006,0.017
pgsphere,"",111,1,0,4,0.006,0.01
pgsphere,"",112,1,1,5,0.008,0.013
pgsphere,"",113,1,0,4,0.006,0.012
pgsphere,"",114,1,1,6,0.006,0.012
pgsphere,"",115,1,0,5,0.011,0.013
pgsphere,"",116,1,1,6,0.006,0.016
pgsphere,"",117,1,0,5,0.006,0.015
pgsphere,"",118,1,1,7,0.006,0.018
pgsphere,"",119,1,0,5,0.006,0.014
pgsphere,"",120,1,1,7,0.006,0.018
pgsphere,"",121,1,0,4,0.006,0.011
pgsphere,"",122,1,1,5,0.006,0.011
pgsphere,"",123,1,0,6,0.006,0.018
pgsphere,"",124,1,1,6,0.006,0.015
pgsphere,"",125,1,0,4,0.006,0.015
pgsphere,"",126,1,1,7,0.006,0.019
pgsphere,"",127,1,0,4,0.006,0.01
pgsphere,"",128,1,1,6,0.006,0.016
pgsphere,"",129,1,0,6,0.006,0.016
pgsphere,"",130,1,1,6,0.006,0.016
pgsphere,"",131,1,0,4,0.006,0.011
pgsphere,"",132,1,1,5,0.006,0.012
pgsphere,"",133,1,0,5,0.006,0.012
pgsphere,"",134,1,1,9,0.006,0.023
pgsphere,"",135,1,0,6,0.006,0.015
pgsphere,"",136,1,1,7,0.006,0.023
pgsphere,"",137,1,0,4,0.008,0.012
pgsphere,"",138,1,1,7,0.006,0.03
pgsphere,"",139,1,0,4,0.01,0.014
pgsphere,"",140,1,1,5,0.006,0.015
pgsphere,"",141,1,0,9,0.009,0.024
pgsphere,"",142,1,1,9,0.006,0.022
pgsphere,"",143,1,0,9,0.006,0.023
pgsphere,"",144,1,1,9,0.006,0.052
pgsphere,"",145,1,0,4,0.008,0.012
pgsphere,"",146,1,1,7,0.006,0.019
pgsphere,"",147,1,0,5,0.006,0.015
pgsphere,"",148,1,1,6,0.006,0.019
pgsphere,"",149,1,0,6,0.008,0.019
pgsphere,"",150,1,1,7,0.006,0.024
pgsphere,"",151,1,0,5,0.008,0.014
pgsphere,"",152,1,1,7,0.006,0.017
pgsphere,"",153,1,0,5,0.006,0.015
pgsphere,"",154,1,1,6,0.006,0.018
pgsphere,"",155,1,0,5,0.008,0.016
pgsphere,"",156,1,1,7,0.006,0.017
pgsphere,"",157,1,0,5,0.006,0.016
pgsphere,"",158,1,1,6,0.008,0.017
pgsphere,"",159,1,0,5,0.006,0.013
pgsphere,"",160,1,1,6,0.006,0.018
pgsphere,"",161,1,0,6,0.006,0.017
pgsphere,"",162,1,1,7,0.006,0.023
pgsphere,"",163,1,0,5,0.006,0.016
pgsphere,"",164,1,1,9,0.006,0.025
pgsphere,"",165,1,0,4,0.006,0.011
pgsphere,"",166,1,1,5,0.006,0.022
pgsphere,"",167,1,0,7,0.008,0.02
pgsphere,"",168,1,1,8,0.006,0.018
pgsphere,"",169,1,0,4,0.006,0.012
pgsphere,"",170,1,1,5,0.006,0.012
pgsphere,"",171,1,0,7,0.006,0.018
pgsphere,"",172,1,1,6,0.006,0.016
pgsphere,"",173,1,0,5,0.006,0.018
pgsphere,"",174,1,1,5,0.008,0.015
pgsphere,"",175,1,0,8,0.008,0.042
pgsphere,"",176,1,1,5,0.029,0.035
pgsphere,"",177,1,0,4,0.009,0.012
pgsphere,"",178,1,1,8,0.008,0.025
pgsphere,"",179,1,0,4,0.006,0.011
pgsphere,"",180,1,1,5,0.006,0.014
pgsphere,"",181,1,0,7,0.006,0.021
pgsphere,"",182,1,1,5,0.008,0.016
pgsphere,"",183,1,0,5,0.008,0.014
pgsphere,"",184,1,1,6,0.008,0.021
pgsphere,"",185,1,0,5,0.007,0.015
pgsphere,"",186,1,1,5,0.006,0.012
pgsphere,"",187,1,0,4,0.006,0.011
pgsphere,"",188,1,1,10,0.006,0.028
pgsphere,"",189,1,0,5,0.006,0.012
pgsphere,"",190,1,1,10,0.006,0.032
pgsphere,"",191,1,0,6,0.009,0.019
pgsphere,"",192,1,1,6,0.006,0.017
pgsphere,"",193,1,0,5,0.006,0.013
pgsphere,"",194,1,1,6,0.006,0.016
pgsphere,"",195,1,0,4,0.006,0.012
pgsphere,"",196,1,1,6,0.006,0.015
pgsphere,"",197,1,0,5,0.006,0.012
pgsphere,"",198,1,1,7,0.007,0.022
pgsphere,"",199,1,0,4,0.008,0.012
pgsphere,"",200,1,1,8,0.006,0.02
pgsphere,"",201,1,0,5,0.006,0.013
pgsphere,"",202,1,1,6,0.006,0.017
pgsphere,"",203,1,0,4,0.006,0.011
pgsphere,"",204,1,1,5,0.006,0.012
pgsphere,"",205,1,0,5,0.006,0.011
pgsphere,"",206,1,1,5,0.006,0.011
pgsphere,"",207,1,0,8,0.006,0.019
pgsphere,"",208,1,1,8,0.006,0.023
pgsphere,"",209,1,0,7,0.007,0.02
pgsphere,"",210,1,1,7,0.006,0.018
pgsphere,"",211,1,0,4,0.006,0.012
pgsphere,"",212,1,1,5,0.006,0.011
pgsphere,"",213,1,0,5,0.006,0.013
pgsphere,"",214,1,1,9,0.006,0.022
pgsphere,"",215,1,0,4,0.006,0.01
pgsphere,"",216,1,1,7,0.006,0.016
pgsphere,"",217,1,0,4,0.006,0.012
pgsphere,"",218,1,1,6,0.006,0.016
pgsphere,"",219,1,0,5,0.006,0.012
pgsphere,"",220,1,1,7,0.006,0.017
pgsphere,"",221,1,0,4,0.006,0.01
pgsphere,"",222,1,1,5,0.006,0.011
pgsphere,"",223,1,0,8,0.006,0.019
pgsphere,"",224,1,1,5,0.006,0.011
pgsphere,"",225,1,0,7,0.006,0.018
pgsphere,"",226,1,1,5,0.006,0.012
pgsphere,"",227,1,0,4,0.006,0.011
pgsphere,"",228,1,1,6,0.006,0.013
pgsphere,"",229,1,0,6,0.006,0.015
pgsphere,"",230,1,1,7,0.006,0.017
pgsphere,"",231,1,0,4,0.006,0.009
pgsphere,"",232,1,1,7,0.006,0.019
pgsphere,"",233,1,0,5,0.006,0.013
pgsphere,"",234,1,1,6,0.006,0.013
pgsphere,"",235,1,0,6,0.006,0.013
pgsphere,"",236,1,1,8,0.006,0.018
pgsphere,"",237,1,0,4,0.006,0.011
pgsphere,"",238,1,1,6,0.006,0.018
pgsphere,"",239,1,0,6,0.008,0.017
pgsphere,"",240,1,1,9,0.006,0.024
pgsphere,"",241,1,0,5,0.006,0.013
pgsphere,"",242,1,1,6,0.006,0.012
pgsphere,"",243,1,0,4,0.006,0.012
pgsphere,"",244,1,1,7,0.006,0.017
pgsphere,"",245,1,0,5,0.006,0.012
pgsphere,"",246,1,1,6,0.006,0.021
pgsphere,"",247,1,0,4,0.008,0.012
pgsphere,"",248,1,1,5,0.008,0.013
pgsphere,"",249,1,0,7,0.006,0.016
pgsphere,"",250,1,1,6,0.013,0.014
pgsphere,"",251,1,0,5,0.006,0.012
pgsphere,"",252,1,1,5,0.009,0.016
pgsphere,"",253,1,0,4,0.008,0.013
pgsphere,"",254,1,1,5,0.006,0.012
pgsphere,"",255,1,0,7,0.006,0.02
pgsphere,"",256,1,1,8,0.006,0.02
pgsphere,"",257,1,0,4,0.006,0.011
pgsphere,"",258,1,1,6,0.008,0.015
pgsphere,"",259,1,0,4,0.006,0.01
pgsphere,"",260,1,1,5,0.006,0.013
pgsphere,"",261,1,0,6,0.006,0.018
pgsphere,"",262,1,1,5,0.006,0.013
pgsphere,"",263,1,0,6,0.007,0.021
pgsphere,"",264,1,1,6,0.006,0.015
pgsphere,"",265,1,0,4,0.006,0.012
pgsphere,"",266,1,1,7,0.008,0.018
pgsphere,"",267,1,0,4,0.006,0.01
pgsphere,"",268,1,1,6,0.008,0.021
pgsphere,"",269,1,0,6,0.008,0.018
pgsphere,"",270,1,1,6,0.006,0.016
pgsphere,"",271,1,0,6,0.008,0.018
pgsphere,"",272,1,1,5,0.006,0.012
pgsphere,"",273,1,0,5,0.006,0.013
pgsphere,"",274,1,1,5,0.006,0.011
pgsphere,"",275,1,0,5,0.006,0.017
pgsphere,"",276,1,1,6,0.007,0.015
pgsphere,"",277,1,0,8,0.009,0.059
pgsphere,"",278,1,1,6,0.018,0.021
pgsphere,"",279,1,0,5,0.009,0.021
pgsphere,"",280,1,1,5,0.013,0.017
pgsphere,"",281,1,0,5,0.007,0.015
pgsphere,"",282,1,1,5,0.007,0.012
pgsphere,"",283,1,0,5,0.008,0.019
pgsphere,"",284,1,1,7,0.008,0.022
pgsphere,"",285,1,0,7,0.007,0.021
pgsphere,"",286,1,1,7,0.007,0.017
pgsphere,"",287,1,0,4,0.006,0.012
pgsphere,"",288,1,1,8,0.007,0.025
pgsphere,"",289,1,0,8,0.006,0.024
pgsphere,"",290,1,1,6,0.007,0.018
pgsphere,"",291,1,0,7,0.006,0.02
pgsphere,"",292,1,1,5,0.006,0.014
pgsphere,"",293,1,0,5,0.006,0.014
pgsphere,"",294,1,1,7,0.006,0.02
pgsphere,"",295,1,0,5,0.007,0.016
pgsphere,"",296,1,1,5,0.006,0.012
pgsphere,"",297,1,0,4,0.006,0.01
pgsphere,"",298,1,1,5,0.006,0.013
pgsphere,"",299,1,0,8,0.006,0.026
pgsphere,"",300,1,1,7,0.006,0.019
pgsphere,"",301,1,0,6,0.006,0.019
pgsphere,"",302,1,1,5,0.006,0.009
pgsphere,"",303,1,0,8,0.006,0.024
pgsphere,"",304,1,1,8,0.006,0.023
pgsphere,"",305,1,0,5,0.006,0.014
pgsphere,"",306,1,1,6,0.006,0.016
pgsphere,"",307,1,0,6,0.006,0.016
pgsphere,"",308,1,1,8,0.006,0.022
pgsphere,"",309,1,0,4,0.006,0.012
pgsphere,"",310,1,1,5,0.006,0.014
pgsphere,"",311,1,0,4,0.007,0.013
pgsphere,"",312,1,1,6,0.006,0.017
pgsphere,"",313,1,0,4,0.006,0.011
pgsphere,"",314,1,1,7,0.006,0.02
pgsphere,"",315,1,0,4,0.006,0.011
pgsphere,"",316,1,1,6,0.006,0.015
pgsphere,"",317,1,0,4,0.006,0.012
pgsphere,"",318,1,1,6,0.006,0.016
pgsphere,"",319,1,0,4,0.006,0.012
pgsphere,"",320,1,1,6,0.006,0.015
pgsphere,"",321,1,0,4,0.006,0.011
pgsphere,"",322,1,1,6,0.006,0.015
pgsphere,"",323,1,0,7,0.006,0.019
pgsphere,"",324,1,1,5,0.006,0.011
pgsphere,"",325,1,0,4,0.006,0.01
pgsphere,"",326,1,1,6,0.007,0.018
pgsphere,"",327,1,0,6,0.006,0.019
pgsphere,"",328,1,1,7,0.006,0.019
pgsphere,"",329,1,0,11,0.006,0.04
pgsphere,"",330,1,1,7,0.014,0.024
pgsphere,"",331,1,0,4,0.006,0.012
pgsphere,"",332,1,1,6,0.006,0.016
pgsphere,"",333,1,0,6,0.006,0.023
pgsphere,"",334,1,1,6,0.006,0.016
pgsphere,"",335,1,0,4,0.008,0.013
pgsphere,"",336,1,1,8,0.008,0.024
pgsphere,"",337,1,0,4,0.007,0.012
pgsphere,"",338,1,1,5,0.007,0.013
pgsphere,"",339,1,0,6,0.006,0.016
pgsphere,"",340,1,1,7,0.006,0.017
pgsphere,"",341,1,0,4,0.006,0.014
pgsphere,"",342,1,1,8,0.006,0.023
pgsphere,"",343,1,0,4,0.006,0.009
pgsphere,"",344,1,1,7,0.006,0.019
pgsphere,"",345,1,0,4,0.009,0.011
pgsphere,"",346,1,1,6,0.006,0.015
pgsphere,"",347,1,0,7,0.006,0.023
pgsphere,"",348,1,1,5,0.006,0.014
pgsphere,"",349,1,0,6,0.006,0.018
pgsphere,"",350,1,1,6,0.006,0.016
pgsphere,"",351,1,0,5,0.006,0.013
pgsphere,"",352,1,1,7,0.007,0.018
pgsphere,"",353,1,0,4,0.006,0.015
pgsphere,"",354,1,1,7,0.008,0.023
pgsphere,"",355,1,0,4,0.006,0.012
pgsphere,"",356,1,1,8,0.006,0.023
pgsphere,"",357,1,0,7,0.006,0.025
pgsphere,"",358,1,1,6,0.006,0.017
pgsphere,"",359,1,0,4,0.008,0.013
pgsphere,"",360,1,1,5,0.006,0.012
pgsphere,"",361,1,0,4,0.006,0.01
pgsphere,"",362,1,1,6,0.006,0.017
pgsphere,"",363,1,0,7,0.006,0.019
pgsphere,"",364,1,1,5,0.006,0.013
pgsphere,"",365,1,0,4,0.006,0.01
pgsphere,"",366,1,1,5,0.006,0.016
pgsphere,"",367,1,0,5,0.006,0.017
pgsphere,"",368,1,1,6,0.006,0.014
pgsphere,"",369,1,0,9,0.006,0.026
pgsphere,"",370,1,1,7,0.006,0.021
pgsphere,"",371,1,0,4,0.017,0.011
pgsphere,"",372,1,1,5,0.008,0.013
pgsphere,"",373,1,0,5,0.007,0.015
pgsphere,"",374,1,1,5,0.006,0.015
pgsphere,"",375,1,0,5,0.039,0.022
pgsphere,"",376,1,1,5,0.018,0.027
pgsphere,"",377,1,0,10,0.011,0.037
pgsphere,"",378,1,1,5,0.01,0.016
pgsphere,"",379,1,0,4,0.017,0.022
pgsphere,"",380,1,1,7,0.011,0.023
pgsphere,"",381,1,0,5,0.009,0.019
pgsphere,"",382,1,1,7,0.011,0.023
pgsphere,"",383,1,0,4,0.008,0.014
pgsphere,"",384,1,1,9,0.008,0.03
pgsphere,"",385,1,0,6,0.008,0.02
pgsphere,"",386,1,1,5,0.008,0.014
pgsphere,"",387,1,0,5,0.008,0.016
pgsphere,"",388,1,1,10,0.008,0.028
pgsphere,"",389,1,0,4,0.008,0.013
pgsphere,"",390,1,1,5,0.008,0.017
pgsphere,"",391,1,0,9,0.008,0.028
pgsphere,"",392,1,1,7,0.007,0.021
pgsphere,"",393,1,0,4,0.008,0.012
pgsphere,"",394,1,1,5,0.008,0.015
pgsphere,"",395,1,0,6,0.008,0.02
pgsphere,"",396,1,1,7,0.008,0.02
pgsphere,"",397,1,0,5,0.008,0.014
pgsphere,"",398,1,1,5,0.007,0.014
pgsphere,"",399,1,0,7,0.007,0.02
pgsphere,"",400,1,1,6,0.007,0.015
pgsphere,"",401,1,0,4,0.007,0.011
pgsphere,"",402,1,1,5,0.008,0.02
pgsphere,"",403,1,0,4,0.011,0.013
pgsphere,"",404,1,1,6,0.008,0.015
pgsphere,"",405,1,0,5,0.007,0.015
pgsphere,"",406,1,1,6,0.007,0.018
pgsphere,"",407,1,0,4,0.007,0.012
pgsphere,"",408,1,1,6,0.007,0.014
pgsphere,"",409,1,0,3,0.007,0.009
pgsphere,"",410,1,1,5,0.007,0.011
pgsphere,"",411,1,0,4,0.007,0.01
pgsphere,"",412,1,1,6,0.007,0.017
pgsphere,"",413,1,0,4,0.01,0.013
pgsphere,"",414,1,1,7,0.007,0.02
pgsphere,"",415,1,0,4,0.007,0.012
pgsphere,"",416,1,1,5,0.007,0.014
pgsphere,"",417,1,0,9,0.007,0.029
pgsphere,"",418,1,1,6,0.007,0.016
pgsphere,"",419,1,0,6,0.007,0.018
pgsphere,"",420,1,1,7,0.007,0.019
pgsphere,"",421,1,0,5,0.007,0.016
pgsphere,"",422,1,1,6,0.007,0.019
pgsphere,"",423,1,0,4,0.007,0.01
pgsphere,"",424,1,1,6,0.007,0.014
pgsphere,"",425,1,1,6,0.007,0.016
pgsphere,"",426,1,1,5,0.007,0.021
pgsphere,"",427,1,0,5,0.007,0.015
pgsphere,"",428,1,1,5,0.007,0.013
pgsphere,"",429,1,0,4,0.007,0.012
pgsphere,"",430,1,1,6,0.007,0.017
pgsphere,"",431,1,0,5,0.007,0.015
pgsphere,"",432,1,1,5,0.007,0.012
pgsphere,"",433,1,0,4,0.007,0.013
pgsphere,"",434,1,1,7,0.007,0.019
pgsphere,"",435,1,0,6,0.007,0.018
pgsphere,"",436,1,1,5,0.007,0.011
pgsphere,"",437,1,0,5,0.008,0.015
pgsphere,"",438,1,1,7,0.007,0.02
pgsphere,"",439,1,0,4,0.016,0.012
pgsphere,"",440,1,1,6,0.007,0.016
pgsphere,"",441,1,0,4,0.007,0.012
pgsphere,"",442,1,1,9,0.007,0.025
pgsphere,"",443,1,0,5,0.007,0.015
pgsphere,"",444,1,1,6,0.007,0.016
pgsphere,"",445,1,0,4,0.007,0.015
pgsphere,"",446,1,1,6,0.009,0.02
pgsphere,"",447,1,0,9,0.009,0.034
pgsphere,"",448,1,1,6,0.009,0.018
pgsphere,"",449,1,0,7,0.007,0.02
pgsphere,"",450,1,1,7,0.007,0.022
pgsphere,"",451,1,0,5,0.009,0.017
pgsphere,"",452,1,1,7,0.007,0.017
pgsphere,"",453,1,0,5,0.007,0.014
pgsphere,"",454,1,1,5,0.007,0.013
pgsphere,"",455,1,0,4,0.007,0.011
pgsphere,"",456,1,1,6,0.007,0.016
pgsphere,"",457,1,0,5,0.007,0.015
pgsphere,"",458,1,1,7,0.007,0.02
pgsphere,"",459,1,0,4,0.007,0.012
pgsphere,"",460,1,1,6,0.007,0.017
pgsphere,"",461,1,0,5,0.007,0.015
pgsphere,"",462,1,1,5,0.007,0.013
pgsphere,"",463,1,0,5,0.007,0.014
pgsphere,"",464,1,1,7,0.007,0.018
pgsphere,"",465,1,0,8,0.007,0.026
pgsphere,"",466,1,1,5,0.007,0.013
pgsphere,"",467,1,0,6,0.007,0.024
pgsphere,"",468,1,2,8,0.009,0.02
pgsphere,"",469,1,0,6,0.007,0.016
pgsphere,"",470,1,1,6,0.007,0.015
pgsphere,"",471,1,0,5,0.007,0.012
pgsphere,"",472,1,1,6,0.007,0.015
pgsphere,"",473,1,0,6,0.007,0.016
pgsphere,"",474,1,1,6,0.007,0.014
pgsphere,"",475,1,0,4,0.009,0.014
pgsphere,"",476,1,1,6,0.017,0.021
pgsphere,"",477,1,0,5,0.054,0.018
pgsphere,"",478,1,1,5,0.011,0.016
pgsphere,"",479,1,0,5,0.01,0.019
pgsphere,"",480,1,1,7,0.009,0.02
pgsphere,"",481,1,0,6,0.013,0.019
pgsphere,"",482,1,1,6,0.009,0.018
pgsphere,"",483,1,0,5,0.009,0.026
pgsphere,"",484,1,1,8,0.009,0.023
pgsphere,"",485,1,0,4,0.009,0.012
pgsphere,"",486,1,1,7,0.008,0.019
pgsphere,"",487,1,0,6,0.008,0.019
pgsphere,"",488,1,1,5,0.008,0.016
pgsphere,"",489,1,0,5,0.008,0.018
pgsphere,"",490,1,1,6,0.009,0.022
pgsphere,"",491,1,0,5,0.012,0.016
pgsphere,"",492,1,1,9,0.008,0.031
pgsphere,"",493,1,0,7,0.011,0.025
pgsphere,"",494,1,1,6,0.009,0.016
pgsphere,"",495,1,0,4,0.008,0.012
pgsphere,"",496,1,1,9,0.008,0.032
pgsphere,"",497,1,0,4,0.008,0.013
pgsphere,"",498,1,1,7,0.008,0.018
pgsphere,"",499,1,0,5,0.008,0.013
pgsphere,"",500,1,1,6,0.008,0.016
pgsphere,"",501,1,0,4,0.008,0.013
pgsphere,"",502,1,1,6,0.008,0.018
pgsphere,"",503,1,0,5,0.008,0.014
pgsphere,"",504,1,1,5,0.008,0.013
pgsphere,"",505,1,0,4,0.008,0.012
pgsphere,"",506,1,2,7,0.008,0.02
pgsphere,"",507,1,0,5,0.007,0.015
pgsphere,"",508,1,1,6,0.008,0.015
pgsphere,"",509,1,0,4,0.007,0.011
pgsphere,"",510,1,1,5,0.008,0.015
pgsphere,"",511,1,0,4,0.011,0.014
pgsphere,"",512,1,1,5,0.008,0.015
pgsphere,"",513,1,0,3,0.008,0.01
pgsphere,"",514,1,1,5,0.008,0.012
pgsphere,"",515,1,0,5,0.008,0.014
pgsphere,"",516,1,1,7,0.008,0.019
pgsphere,"",517,1,0,5,0.008,0.015
pgsphere,"",518,1,1,6,0.007,0.017
pgsphere,"",519,1,0,4,0.008,0.012
pgsphere,"",520,1,1,11,0.007,0.033
pgsphere,"",521,1,0,4,0.011,0.015
pgsphere,"",522,1,1,8,0.008,0.024
pgsphere,"",523,1,0,5,0.008,0.014
pgsphere,"",524,1,1,5,0.007,0.013
pgsphere,"",525,1,0,4,0.007,0.011
pgsphere,"",526,1,1,5,0.007,0.014
pgsphere,"",527,1,0,5,0.007,0.014
pgsphere,"",528,1,1,5,0.007,0.013
pgsphere,"",529,1,0,5,0.007,0.013
pgsphere,"",530,1,1,6,0.011,0.018
pgsphere,"",531,1,0,4,0.01,0.014
pgsphere,"",532,1,1,6,0.008,0.017
pgsphere,"",533,1,0,7,0.007,0.021
pgsphere,"",534,1,1,7,0.007,0.017
pgsphere,"",535,1,0,4,0.007,0.013
pgsphere,"",536,1,1,7,0.007,0.017
pgsphere,"",537,1,0,5,0.007,0.011
pgsphere,"",538,1,1,6,0.007,0.014
pgsphere,"",539,1,0,5,0.007,0.014
pgsphere,"",540,1,1,7,0.007,0.019
pgsphere,"",541,1,0,5,0.007,0.012
pgsphere,"",542,1,1,8,0.017,0.023
pgsphere,"",543,1,0,5,0.008,0.014
pgsphere,"",544,1,1,5,0.007,0.014
pgsphere,"",545,1,0,4,0.007,0.012
pgsphere,"",546,1,1,5,0.008,0.013
pgsphere,"",547,1,0,7,0.007,0.022
pgsphere,"",548,1,1,5,0.008,0.011
pgsphere,"",549,1,0,7,0.011,0.02
pgsphere,"",550,1,1,6,0.007,0.015
pgsphere,"",551,1,0,4,0.007,0.012
pgsphere,"",552,1,1,5,0.008,0.014
pgsphere,"",553,1,0,4,0.007,0.013
pgsphere,"",554,1,1,7,0.007,0.018
pgsphere,"",555,1,0,4,0.007,0.013
pgsphere,"",556,1,1,5,0.007,0.014
pgsphere,"",557,1,0,4,0.007,0.012
pgsphere,"",558,1,1,7,0.007,0.019
pgsphere,"",559,1,0,5,0.007,0.016
pgsphere,"",560,1,1,7,0.007,0.02
pgsphere,"",561,1,0,4,0.007,0.011
pgsphere,"",562,1,1,5,0.007,0.014
pgsphere,"",563,1,0,5,0.007,0.015
pgsphere,"",564,1,1,5,0.007,0.013
pgsphere,"",565,1,0,5,0.007,0.016
pgsphere,"",566,1,1,6,0.007,0.019
pgsphere,"",567,1,0,5,0.017,0.016
pgsphere,"",568,1,1,5,0.009,0.017
pgsphere,"",569,1,0,5,0.008,0.013
pgsphere,"",570,1,1,5,0.007,0.016
pgsphere,"",571,1,0,9,0.007,0.031
pgsphere,"",572,1,13,8,0.074,0.037
pgsphere,"",573,1,0,4,0.019,0.019
pgsphere,"",574,1,1,6,0.011,0.019
pgsphere,"",575,1,0,4,0.01,0.018
pgsphere,"",576,1,1,8,0.009,0.025
pgsphere,"",577,1,0,4,0.009,0.014
pgsphere,"",578,1,2,6,0.009,0.017
pgsphere,"",579,1,0,5,0.009,0.014
pgsphere,"",580,1,1,8,0.008,0.021
pgsphere,"",581,1,0,5,0.008,0.016
pgsphere,"",582,1,1,8,0.008,0.025
pgsphere,"",583,1,0,4,0.009,0.013
pgsphere,"",584,1,1,6,0.008,0.015
pgsphere,"",585,1,0,5,0.008,0.013
pgsphere,"",586,1,1,5,0.008,0.013
pgsphere,"",587,1,0,6,0.008,0.02
pgsphere,"",588,1,1,6,0.008,0.016
pgsphere,"",589,1,0,6,0.008,0.016
pgsphere,"",590,1,1,9,0.008,0.025
pgsphere,"",591,1,0,4,0.008,0.013
pgsphere,"",592,1,1,8,0.008,0.022
pgsphere,"",593,1,0,6,0.007,0.019
pgsphere,"",594,1,1,5,0.008,0.012
pgsphere,"",595,1,0,5,0.007,0.014
pgsphere,"",596,1,1,5,0.007,0.015
pgsphere,"",597,1,0,6,0.007,0.017
pgsphere,"",598,1,1,6,0.007,0.017
pgsphere,"",599,1,0,6,0.007,0.017
pgsphere,"",600,1,1,5,0.008,0.013
pgsphere,"",601,1,0,7,0.007,0.02
pgsphere,"",602,1,1,6,0.007,0.016
pgsphere,"",603,1,0,6,0.007,0.018
pgsphere,"",604,1,2,9,0.007,0.02
pgsphere,"",605,1,0,4,0.007,0.01
pgsphere,"",606,1,18,8,0.007,0.023
pgsphere,"",607,1,0,5,0.008,0.016
pgsphere,"",608,1,1,6,0.007,0.016
pgsphere,"",609,1,0,4,0.007,0.011
pgsphere,"",610,1,1,5,0.007,0.012
pgsphere,"",611,1,0,4,0.007,0.011
pgsphere,"",612,1,1,6,0.007,0.017
pgsphere,"",613,1,0,6,0.008,0.016
pgsphere,"",614,1,1,7,0.007,0.019
pgsphere,"",615,1,0,6,0.007,0.017
pgsphere,"",616,1,1,7,0.007,0.018
pgsphere,"",617,1,0,4,0.014,0.014
pgsphere,"",618,1,1,8,0.013,0.026
pgsphere,"",619,1,0,6,0.008,0.015
pgsphere,"",620,1,1,5,0.007,0.014
pgsphere,"",621,1,0,6,0.007,0.016
pgsphere,"",622,1,1,6,0.007,0.014
pgsphere,"",623,1,0,3,0.007,0.009
pgsphere,"",624,1,1,7,0.007,0.017
pgsphere,"",625,1,0,7,0.007,0.022
pgsphere,"",626,1,1,5,0.007,0.013
pgsphere,"",627,1,0,4,0.007,0.011
pgsphere,"",628,1,1,8,0.007,0.021
pgsphere,"",629,1,0,6,0.007,0.016
pgsphere,"",630,1,1,6,0.007,0.014
pgsphere,"",631,1,0,5,0.026,0.027
pgsphere,"",632,1,1,5,0.009,0.013
pgsphere,"",633,1,0,6,0.007,0.016
pgsphere,"",634,1,1,8,0.007,0.028
pgsphere,"",635,1,0,5,0.009,0.017
pgsphere,"",636,1,1,5,0.013,0.022
pgsphere,"",637,1,1,7,0.014,0.033
pgsphere,"",638,1,1,5,0.053,0.077
pgsphere,"",639,1,0,4,0.036,0.018
pgsphere,"",640,1,1,6,0.011,0.036
pgsphere,"",641,1,0,5,0.013,0.079
pgsphere,"",642,1,1,5,0.014,0.019
pgsphere,"",643,1,0,4,0.007,0.016
pgsphere,"",644,1,1,6,0.009,0.018
pgsphere,"",645,1,0,5,0.007,0.019
pgsphere,"",646,1,1,6,0.007,0.017
pgsphere,"",647,1,0,10,0.007,0.036
pgsphere,"",648,1,1,5,0.069,0.021
pgsphere,"",649,1,0,4,0.012,0.014
pgsphere,"",650,1,1,5,0.013,0.016
pgsphere,"",651,1,0,4,0.01,0.014
pgsphere,"",652,1,1,6,0.01,0.019
pgsphere,"",653,1,0,4,0.009,0.016
pgsphere,"",654,1,1,5,0.009,0.015
pgsphere,"",655,1,0,5,0.009,0.014
pgsphere,"",656,1,1,12,0.009,0.037
pgsphere,"",657,1,0,5,0.009,0.016
pgsphere,"",658,1,11,8,0.008,0.022
pgsphere,"",659,1,0,4,0.008,0.012
pgsphere,"",660,1,1,5,0.008,0.013
pgsphere,"",661,1,0,7,0.008,0.026
pgsphere,"",662,1,1,6,0.008,0.019
pgsphere,"",663,1,0,4,0.008,0.013
pgsphere,"",664,1,1,8,0.008,0.027
pgsphere,"",665,1,0,4,0.009,0.014
pgsphere,"",666,1,1,6,0.008,0.016
pgsphere,"",667,1,0,4,0.008,0.019
pgsphere,"",668,1,1,8,0.008,0.022
pgsphere,"",669,1,0,4,0.008,0.013
pgsphere,"",670,1,1,7,0.008,0.022
pgsphere,"",671,1,0,4,0.008,0.011
pgsphere,"",672,1,2,6,0.008,0.017
pgsphere,"",673,1,0,6,0.008,0.021
pgsphere,"",674,1,1,5,0.008,0.016
pgsphere,"",675,1,0,4,0.008,0.015
pgsphere,"",676,1,1,7,0.008,0.023
pgsphere,"",677,1,0,5,0.008,0.017
pgsphere,"",678,1,1,5,0.008,0.015
pgsphere,"",679,1,0,4,0.03,0.032
pgsphere,"",680,1,1,6,0.013,0.019
pgsphere,"",681,1,0,5,0.008,0.015
pgsphere,"",682,1,1,13,0.008,0.038
pgsphere,"",683,1,0,4,0.008,0.012
pgsphere,"",684,1,1,8,0.008,0.022
pgsphere,"",685,1,0,7,0.011,0.021
pgsphere,"",686,1,1,5,0.008,0.014
pgsphere,"",687,1,0,3,0.008,0.009
pgsphere,"",688,1,11,8,0.008,0.025
pgsphere,"",689,1,0,5,0.008,0.015
pgsphere,"",690,1,1,5,0.008,0.021
pgsphere,"",691,1,0,6,0.008,0.018
pgsphere,"",692,1,1,5,0.008,0.018
pgsphere,"",693,1,0,4,0.01,0.014
pgsphere,"",694,1,1,5,0.008,0.011
pgsphere,"",695,1,0,5,0.008,0.019
pgsphere,"",696,1,1,5,0.01,0.015
pgsphere,"",697,1,0,5,0.008,0.018
pgsphere,"",698,1,1,5,0.008,0.013
pgsphere,"",699,1,0,7,0.008,0.021
pgsphere,"",700,1,1,8,0.008,0.023
pgsphere,"",701,1,0,5,0.008,0.014
pgsphere,"",702,1,2,5,0.007,0.013
pgsphere,"",703,1,0,6,0.008,0.018
pgsphere,"",704,1,1,8,0.008,0.025
pgsphere,"",705,1,0,5,0.008,0.014
pgsphere,"",706,1,1,8,0.011,0.027
pgsphere,"",707,1,0,4,0.008,0.014
pgsphere,"",708,1,1,6,0.008,0.018
pgsphere,"",709,1,0,4,0.008,0.011
pgsphere,"",710,1,1,6,0.007,0.018
pgsphere,"",711,1,0,6,0.007,0.017
pgsphere,"",712,1,1,6,0.007,0.02
pgsphere,"",713,1,0,7,0.01,0.024
pgsphere,"",714,1,1,5,0.01,0.013
pgsphere,"",715,1,0,5,0.008,0.014
pgsphere,"",716,1,1,6,0.008,0.017
pgsphere,"",717,1,0,4,0.008,0.011
pgsphere,"",718,1,1,5,0.008,0.013
pgsphere,"",719,1,0,4,0.007,0.014
pgsphere,"",720,1,1,6,0.008,0.016
pgsphere,"",721,1,0,5,0.007,0.013
pgsphere,"",722,1,1,7,0.008,0.02
pgsphere,"",723,1,0,5,0.008,0.018
pgsphere,"",724,1,1,5,0.008,0.015
pgsphere,"",725,1,0,5,0.008,0.017
pgsphere,"",726,1,1,5,0.008,0.013
pgsphere,"",727,1,0,4,0.008,0.019
pgsphere,"",728,1,1,6,0.01,0.026
pgsphere,"",729,1,0,5,0.011,0.018
pgsphere,"",730,1,1,5,0.008,0.015
pgsphere,"",731,1,0,5,0.008,0.014
pgsphere,"",732,1,1,9,0.008,0.025
pgsphere,"",733,1,0,7,0.008,0.023
pgsphere,"",734,1,1,7,0.008,0.025
pgsphere,"",735,1,0,4,0.011,0.012
pgsphere,"",736,1,1,5,0.008,0.013
pgsphere,"",737,1,0,5,0.008,0.015
pgsphere,"",738,1,1,10,0.012,0.041
pgsphere,"",739,1,0,5,0.072,0.021
pgsphere,"",740,1,1,5,0.013,0.023
pgsphere,"",741,1,0,4,0.014,0.015
pgsphere,"",742,1,1,8,0.008,0.034
pgsphere,"",743,1,0,4,0.011,0.013
pgsphere,"",744,1,1,5,0.008,0.014
pgsphere,"",745,1,0,5,0.008,0.016
pgsphere,"",746,1,1,5,0.008,0.02
pgsphere,"",747,1,0,5,0.01,0.019
pgsphere,"",748,1,1,5,0.008,0.013
pgsphere,"",749,1,0,4,0.008,0.014
pgsphere,"",750,1,1,9,0.01,0.035
pgsphere,"",751,1,0,6,0.01,0.019
pgsphere,"",752,1,1,6,0.008,0.024
pgsphere,"",753,1,0,4,0.011,0.013
pgsphere,"",754,1,1,7,0.008,0.028
pgsphere,"",755,1,0,5,0.01,0.018
pgsphere,"",756,1,2,7,0.008,0.025
pgsphere,"",757,1,0,4,0.01,0.013
pgsphere,"",758,1,1,6,0.007,0.018
pgsphere,"",759,1,0,7,0.007,0.023
pgsphere,"",760,1,1,7,0.008,0.024
pgsphere,"",761,1,0,6,0.01,0.019
pgsphere,"",762,1,1,5,0.008,0.016
pgsphere,"",763,1,0,4,0.008,0.012
pgsphere,"",764,1,1,6,0.007,0.017
pgsphere,"",765,1,0,5,0.008,0.016
pgsphere,"",766,1,1,7,0.008,0.024
pgsphere,"",767,1,0,7,0.01,0.023
pgsphere,"",768,1,1,6,0.007,0.017
pgsphere,"",769,1,0,7,0.007,0.019
pgsphere,"",770,1,3,9,0.008,0.027
pgsphere,"",771,1,0,4,0.007,0.011
pgsphere,"",772,1,1,5,0.008,0.013
pgsphere,"",773,1,0,4,0.007,0.012
pgsphere,"",774,1,1,7,0.008,0.022
pgsphere,"",775,1,0,7,0.008,0.023
pgsphere,"",776,1,1,9,0.008,0.025
pgsphere,"",777,1,0,4,0.008,0.013
pgsphere,"",778,1,1,6,0.008,0.017
pgsphere,"",779,1,0,3,0.007,0.011
pgsphere,"",780,1,1,6,0.008,0.018
pgsphere,"",781,1,0,4,0.007,0.013
pgsphere,"",782,1,1,5,0.008,0.014
pgsphere,"",783,1,0,6,0.008,0.019
pgsphere,"",784,1,1,5,0.007,0.012
pgsphere,"",785,1,0,5,0.007,0.016
pgsphere,"",786,1,1,6,0.007,0.014
pgsphere,"",787,1,0,5,0.008,0.015
pgsphere,"",788,1,1,6,0.007,0.016
pgsphere,"",789,1,0,6,0.007,0.018
pgsphere,"",790,1,1,5,0.008,0.013
pgsphere,"",791,1,0,4,0.007,0.015
pgsphere,"",792,1,1,7,0.011,0.019
pgsphere,"",793,1,0,4,0.007,0.015
pgsphere,"",794,1,1,5,0.011,0.015
pgsphere,"",795,1,0,5,0.008,0.016
pgsphere,"",796,1,1,7,0.007,0.021
pgsphere,"",797,1,0,4,0.007,0.012
pgsphere,"",798,1,1,7,0.007,0.017
pgsphere,"",799,1,0,6,0.008,0.021
pgsphere,"",800,1,1,6,0.01,0.017
pgsphere,"",801,1,0,7,0.008,0.031
pgsphere,"",802,1,2,7,0.008,0.026
pgsphere,"",803,1,0,4,0.01,0.018
pgsphere,"",804,1,1,6,0.01,0.018
pgsphere,"",805,1,0,11,0.007,0.034
pgsphere,"",806,1,2,7,0.007,0.02
pgsphere,"",807,1,0,7,0.008,0.021
pgsphere,"",808,1,3,8,0.008,0.019
pgsphere,"",809,1,0,7,0.007,0.027
pgsphere,"",810,1,1,6,0.01,0.017
pgsphere,"",811,1,1,7,0.007,0.022
pgsphere,"",812,1,1,7,0.008,0.026
pgsphere,"",813,1,0,4,0.007,0.015
pgsphere,"",814,1,1,5,0.007,0.015
pgsphere,"",815,1,0,4,0.008,0.015
pgsphere,"",816,1,2,13,0.007,0.053
pgsphere,"",817,1,0,8,0.007,0.025
pgsphere,"",818,1,1,5,0.007,0.014
pgsphere,"",819,1,0,6,0.008,0.019
pgsphere,"",820,1,4,7,0.007,0.021
pgsphere,"",821,1,0,4,0.011,0.015
pgsphere,"",822,1,199,33,0.007,0.112
pgsphere,"",823,1,0,5,0.009,0.013
pgsphere,"",824,1,2,5,0.007,0.013
pgsphere,"",825,1,0,10,0.007,0.038
pgsphere,"",826,1,1,6,0.01,0.025
pgsphere,"",827,1,0,5,0.014,0.047
pgsphere,"",828,1,1,5,0.011,0.028
pgsphere,"",829,1,1,5,0.01,0.062
pgsphere,"",830,1,2,6,0.011,0.02
pgsphere,"",831,1,1,6,0.009,0.026
pgsphere,"",832,1,1,5,0.01,0.014
pgsphere,"",833,1,0,4,0.008,0.012
pgsphere,"",834,1,1,6,0.007,0.018
pgsphere,"",835,1,0,4,0.008,0.015
pgsphere,"",836,1,8,8,0.01,0.029
pgsphere,"",837,1,0,7,0.008,0.023
pgsphere,"",838,1,1,7,0.007,0.023
pgsphere,"",839,1,0,6,0.008,0.019
pgsphere,"",840,1,2,6,0.008,0.017
pgsphere,"",841,1,0,5,0.007,0.019
pgsphere,"",842,1,1,8,0.008,0.026
pgsphere,"",843,1,0,6,0.007,0.019
pgsphere,"",844,1,1,5,0.008,0.014
pgsphere,"",845,1,0,4,0.008,0.015
pgsphere,"",846,1,1,5,0.007,0.015
pgsphere,"",847,1,0,4,0.007,0.013
pgsphere,"",848,1,1,6,0.007,0.017
pgsphere,"",849,1,0,6,0.007,0.018
pgsphere,"",850,1,1,6,0.007,0.019
pgsphere,"",851,1,0,4,0.007,0.034
pgsphere,"",852,1,2,8,0.015,0.024
pgsphere,"",853,1,0,5,0.007,0.015
pgsphere,"",854,1,2,6,0.007,0.017
pgsphere,"",855,1,0,9,0.008,0.027
pgsphere,"",856,1,3,12,0.007,0.03
pgsphere,"",857,1,0,6,0.008,0.019
pgsphere,"",858,1,8,9,0.007,0.035
pgsphere,"",859,1,0,5,0.01,0.017
pgsphere,"",860,1,1,7,0.007,0.02
pgsphere,"",861,1,0,6,0.008,0.017
pgsphere,"",862,1,3,6,0.007,0.015
pgsphere,"",863,1,0,5,0.007,0.017
pgsphere,"",864,1,359,49,0.008,0.137
pgsphere,"",865,1,0,5,0.01,0.018
pgsphere,"",866,1,2,7,0.007,0.019
pgsphere,"",867,1,0,4,0.007,0.014
pgsphere,"",868,1,2,5,0.007,0.014
pgsphere,"",869,1,0,4,0.007,0.01
pgsphere,"",870,1,1,5,0.007,0.014
pgsphere,"",871,1,0,4,0.008,0.011
pgsphere,"",872,1,3,8,0.007,0.019
pgsphere,"",873,1,0,9,0.007,0.028
pgsphere,"",874,1,5,6,0.007,0.015
pgsphere,"",875,1,0,8,0.007,0.022
pgsphere,"",876,1,3,6,0.007,0.017
pgsphere,"",877,1,0,7,0.007,0.027
pgsphere,"",878,1,1,6,0.007,0.017
pgsphere,"",879,1,0,4,0.007,0.012
pgsphere,"",880,1,1,6,0.007,0.022
pgsphere,"",881,1,0,5,0.011,0.016
pgsphere,"",882,1,1,7,0.01,0.022
pgsphere,"",883,1,0,4,0.007,0.013
pgsphere,"",884,1,3,10,0.008,0.028
pgsphere,"",885,1,1,10,0.007,0.021
pgsphere,"",886,1,4,6,0.007,0.017
pgsphere,"",887,1,0,4,0.007,0.012
pgsphere,"",888,1,1,5,0.007,0.013
pgsphere,"",889,1,0,4,0.011,0.013
pgsphere,"",890,1,2,7,0.007,0.025
pgsphere,"",891,1,3,6,0.007,0.016
pgsphere,"",892,1,1,8,0.007,0.022
pgsphere,"",893,1,3,10,0.007,0.029
pgsphere,"",894,1,2,7,0.007,0.022
pgsphere,"",895,1,0,5,0.008,0.014
pgsphere,"",896,1,1,6,0.007,0.018
pgsphere,"",897,1,0,5,0.009,0.017
pgsphere,"",898,1,2,7,0.007,0.024
pgsphere,"",899,1,0,7,0.008,0.019
pgsphere,"",900,1,1,8,0.007,0.029
pgsphere,"",901,1,0,4,0.007,0.011
pgsphere,"",902,1,3,9,0.008,0.023
pgsphere,"",903,1,0,7,0.007,0.019
pgsphere,"",904,1,2,7,0.007,0.02
pgsphere,"",905,1,0,6,0.007,0.018
pgsphere,"",906,1,4,7,0.007,0.02
pgsphere,"",907,1,1,10,0.007,0.032
pgsphere,"",908,1,3,5,0.007,0.013
pgsphere,"",909,1,0,7,0.008,0.02
pgsphere,"",910,1,5,7,0.007,0.018
pgsphere,"",911,1,0,6,0.009,0.021
pgsphere,"",912,1,1,6,0.007,0.018
pgsphere,"",913,1,0,4,0.021,0.02
pgsphere,"",914,1,1,9,0.014,0.031
pgsphere,"",915,1,0,5,0.008,0.019
pgsphere,"",916,1,1,5,0.007,0.017
pgsphere,"",917,1,0,4,0.007,0.014
pgsphere,"",918,1,1,6,0.008,0.019
pgsphere,"",919,1,0,6,0.007,0.018
pgsphere,"",920,1,1,8,0.007,0.022
pgsphere,"",921,1,0,6,0.008,0.018
pgsphere,"",922,1,1,5,0.007,0.014
pgsphere,"",923,1,0,5,0.008,0.017
pgsphere,"",924,1,4,8,0.007,0.046
pgsphere,"",925,1,0,4,0.011,0.016
pgsphere,"",926,1,2,6,0.01,0.018
pgsphere,"",927,1,0,5,0.007,0.021
pgsphere,"",928,1,48,17,0.007,0.045
pgsphere,"",929,1,0,5,0.007,0.014
pgsphere,"",930,1,4,8,0.007,0.03
pgsphere,"",931,1,0,6,0.01,0.02
pgsphere,"",932,1,2,5,0.007,0.017
pgsphere,"",933,1,2,6,0.007,0.013
pgsphere,"",934,1,2,7,0.007,0.03
pgsphere,"",935,1,0,4,0.007,0.012
pgsphere,"",936,1,5,7,0.007,0.019
pgsphere,"",937,1,2,7,0.007,0.019
pgsphere,"",938,1,1,6,0.007,0.016
pgsphere,"",939,1,0,4,0.007,0.012
pgsphere,"",940,1,2,7,0.007,0.02
pgsphere,"",941,1,0,5,0.007,0.015
pgsphere,"",942,1,4,8,0.007,0.021
pgsphere,"",943,1,0,5,0.007,0.02
pgsphere,"",944,1,1,9,0.007,0.026
pgsphere,"",945,1,0,6,0.007,0.014
pgsphere,"",946,1,4,6,0.007,0.021
pgsphere,"",947,1,0,6,0.007,0.017
pgsphere,"",948,1,2,12,0.007,0.033
pgsphere,"",949,1,0,4,0.007,0.015
pgsphere,"",950,1,1,5,0.011,0.015
pgsphere,"",951,1,0,5,0.007,0.014
pgsphere,"",952,1,1,6,0.007,0.017
pgsphere,"",953,1,0,7,0.007,0.019
pgsphere,"",954,1,1,7,0.007,0.023
pgsphere,"",955,1,0,5,0.007,0.012
pgsphere,"",956,1,1,6,0.007,0.015
pgsphere,"",957,1,0,7,0.01,0.023
pgsphere,"",958,1,1,7,0.014,0.018
pgsphere,"",959,1,0,4,0.007,0.012
pgsphere,"",960,1,1,5,0.007,0.012
pgsphere,"",961,1,0,5,0.007,0.013
pgsphere,"",962,1,2,6,0.007,0.013
pgsphere,"",963,1,0,4,0.007,0.012
pgsphere,"",964,1,3,6,0.007,0.015
pgsphere,"",965,1,0,7,0.007,0.021
pgsphere,"",966,1,1,5,0.007,0.013
pgsphere,"",967,1,0,5,0.007,0.013
pgsphere,"",968,1,2,6,0.007,0.015
pgsphere,"",969,1,0,9,0.007,0.027
pgsphere,"",970,1,18,10,0.01,0.023
pgsphere,"",971,1,2,9,0.007,0.023
pgsphere,"",972,1,2,5,0.007,0.013
pgsphere,"",973,1,0,6,0.007,0.016
pgsphere,"",974,1,3,6,0.007,0.016
pgsphere,"",975,1,0,5,0.007,0.013
pgsphere,"",976,1,3,8,0.007,0.021
pgsphere,"",977,1,1,6,0.007,0.016
pgsphere,"",978,1,1,7,0.007,0.018
pgsphere,"",979,1,0,9,0.007,0.026
pgsphere,"",980,1,1,7,0.007,0.018
pgsphere,"",981,1,0,7,0.008,0.027
pgsphere,"",982,1,7,9,0.009,0.034
pgsphere,"",983,1,0,4,0.007,0.011
pgsphere,"",984,1,2,7,0.007,0.017
pgsphere,"",985,1,0,6,0.007,0.019
pgsphere,"",986,1,5,7,0.007,0.018
pgsphere,"",987,1,0,4,0.008,0.013
pgsphere,"",988,1,1,5,0.007,0.013
pgsphere,"",989,1,0,4,0.007,0.013
pgsphere,"",990,1,6,9,0.007,0.022
pgsphere,"",991,1,0,4,0.007,0.012
pgsphere,"",992,1,1,6,0.007,0.016
pgsphere,"",993,1,0,4,0.007,0.014
pgsphere,"",994,1,1,6,0.007,0.023
pgsphere,"",995,1,0,5,0.007,0.012
pgsphere,"",996,1,5,11,0.007,0.026
pgsphere,"",997,1,0,4,0.007,0.012
pgsphere,"",998,1,5,7,0.007,0.019
pgsphere,"",999,1,0,4,0.007,0.011
pgsphere,"",1000,1,1,5,0.007,0.012
pgsphere,"",1001,1,0,4,0.008,0.012
pgsphere,"",1002,1,1,5,0.007,0.015
pgsphere,"",1003,1,0,7,0.007,0.019
pgsphere,"",1004,1,1,6,0.007,0.016
pgsphere,"",1005,1,0,6,0.009,0.021
pgsphere,"",1006,1,3,6,0.007,0.019
pgsphere,"",1007,1,1,7,0.009,0.019
pgsphere,"",1008,1,2,6,0.018,0.024
pgsphere,"",1009,1,0,6,0.012,0.02
pgsphere,"",1010,1,2,8,0.008,0.023
pgsphere,"",1011,1,0,5,0.008,0.014
pgsphere,"",1012,1,1,5,0.009,0.013
pgsphere,"",1013,1,1,5,0.008,0.017
pgsphere,"",1014,1,2,5,0.008,0.015
pgsphere,"",1015,1,0,6,0.008,0.021
pgsphere,"",1016,1,1,5,0.017,0.014
pgsphere,"",1017,1,0,5,0.007,0.014
pgsphere,"",1018,1,3,8,0.008,0.023
pgsphere,"",1019,1,0,4,0.007,0.011
pgsphere,"",1020,1,1,5,0.007,0.012
pgsphere,"",1021,1,0,4,0.007,0.012
pgsphere,"",1022,1,1,6,0.007,0.015
pgsphere,"",1023,1,0,4,0.007,0.012
pgsphere,"",1024,1,1,5,0.007,0.013
pgsphere,"",1025,1,0,7,0.011,0.019
pgsphere,"",1026,1,1,7,0.007,0.018
pgsphere,"",1027,1,0,7,0.007,0.026
pgsphere,"",1028,1,4,7,0.016,0.018
pgsphere,"",1029,1,0,6,0.007,0.018
pgsphere,"",1030,1,1,5,0.007,0.013
pgsphere,"",1031,1,0,6,0.007,0.019
pgsphere,"",1032,1,1,5,0.007,0.013
pgsphere,"",1033,1,0,4,0.007,0.012
pgsphere,"",1034,1,2,6,0.007,0.015
pgsphere,"",1035,1,0,5,0.007,0.017
pgsphere,"",1036,1,1,6,0.007,0.016
pgsphere,"",1037,1,0,5,0.007,0.015
pgsphere,"",1038,1,1,7,0.007,0.017
pgsphere,"",1039,1,0,5,0.007,0.014
pgsphere,"",1040,1,1,5,0.007,0.012
pgsphere,"",1041,1,0,6,0.007,0.019
pgsphere,"",1042,1,1,8,0.007,0.026
pgsphere,"",1043,1,0,4,0.007,0.011
pgsphere,"",1044,1,1,6,0.007,0.014
pgsphere,"",1045,1,1,7,0.009,0.019
pgsphere,"",1046,1,3,5,0.007,0.014
pgsphere,"",1047,1,0,7,0.007,0.018
pgsphere,"",1048,1,1,6,0.007,0.016
pgsphere,"",1049,1,0,4,0.007,0.013
pgsphere,"",1050,1,3,7,0.007,0.016
pgsphere,"",1051,1,0,4,0.007,0.01
pgsphere,"",1052,1,1,6,0.007,0.016
pgsphere,"",1053,1,0,7,0.007,0.024
pgsphere,"",1054,1,1,8,0.007,0.019
pgsphere,"",1055,1,0,5,0.007,0.017
pgsphere,"",1056,1,1,5,0.007,0.013
pgsphere,"",1057,1,0,7,0.007,0.017
pgsphere,"",1058,1,64,16,0.01,0.046
pgsphere,"",1059,1,0,5,0.009,0.014
pgsphere,"",1060,1,1,5,0.007,0.013
pgsphere,"",1061,1,0,7,0.007,0.018
pgsphere,"",1062,1,1,5,0.007,0.013
pgsphere,"",1063,1,0,5,0.007,0.016
pgsphere,"",1064,1,6,7,0.007,0.015
pgsphere,"",1065,1,2,8,0.007,0.023
pgsphere,"",1066,1,2,5,0.007,0.014
pgsphere,"",1067,1,0,8,0.007,0.024
pgsphere,"",1068,1,2,6,0.007,0.015
pgsphere,"",1069,1,0,6,0.007,0.016
pgsphere,"",1070,1,4,7,0.007,0.021
pgsphere,"",1071,1,0,4,0.007,0.012
pgsphere,"",1072,1,3,7,0.007,0.018
pgsphere,"",1073,1,0,7,0.007,0.021
pgsphere,"",1074,1,1,5,0.007,0.013
pgsphere,"",1075,1,0,8,0.007,0.029
pgsphere,"",1076,1,1,5,0.009,0.011
pgsphere,"",1077,1,0,9,0.007,0.025
pgsphere,"",1078,1,1,7,0.007,0.016
pgsphere,"",1079,1,1,5,0.007,0.011
pgsphere,"",1080,1,2,9,0.007,0.025
pgsphere,"",1081,1,0,4,0.007,0.011
pgsphere,"",1082,1,2,5,0.007,0.011
pgsphere,"",1083,1,0,5,0.007,0.015
pgsphere,"",1084,1,1,5,0.007,0.013
pgsphere,"",1085,1,0,5,0.007,0.017
pgsphere,"",1086,1,2,10,0.007,0.031
pgsphere,"",1087,1,0,6,0.007,0.027
pgsphere,"",1088,1,2,5,0.007,0.012
pgsphere,"",1089,1,0,8,0.007,0.021
pgsphere,"",1090,1,5,6,0.012,0.019
pgsphere,"",1091,1,0,4,0.007,0.014
pgsphere,"",1092,1,2,5,0.007,0.012
pgsphere,"",1093,1,0,6,0.01,0.02
pgsphere,"",1094,1,2,6,0.007,0.014
pgsphere,"",1095,1,0,5,0.007,0.013
pgsphere,"",1096,1,1,6,0.007,0.014
pgsphere,"",1097,1,0,3,0.007,0.007
pgsphere,"",1098,1,1,5,0.007,0.012
pgsphere,"",1099,1,1,7,0.007,0.017
pgsphere,"",1100,1,7,11,0.007,0.024
pgsphere,"",1101,8,1,5,0.007,0.013
pgsphere,"",1102,8,3,9,0.007,0.019
pgsphere,"",1103,8,11,6,0.008,0.017
pgsphere,"",1104,8,2,7,0.007,0.018
pgsphere,"",1105,8,1,5,0.007,0.012
pgsphere,"",1106,8,59,22,0.007,0.047
pgsphere,"",1107,8,3,7,0.008,0.056
pgsphere,"",1108,8,36,15,0.007,0.034
pgsphere,"",1109,8,3,6,0.007,0.016
pgsphere,"",1110,8,27,14,0.014,0.039
pgsphere,"",1111,8,3,7,0.008,0.017
pgsphere,"",1112,8,5,5,0.016,0.017
pgsphere,"",1113,8,2,6,0.007,0.016
pgsphere,"",1114,8,123,26,0.009,0.058
pgsphere,"",1115,8,4,5,0.007,0.014
pgsphere,"",1116,8,137,25,0.007,0.058
pgsphere,"",1117,8,11,7,0.007,0.02
pgsphere,"",1118,8,107,21,0.007,0.044
pgsphere,"",1119,8,14,7,0.007,0.023
pgsphere,"",1120,8,158,30,0.007,0.058
pgsphere,"",1121,8,2,11,0.007,0.03
pgsphere,"",1122,8,21,15,0.017,0.032
pgsphere,"",1123,8,2,8,0.007,0.024
pgsphere,"",1124,8,4,8,0.007,0.019
pgsphere,"",1125,8,3,8,0.007,0.021
pgsphere,"",1126,8,18,10,0.007,0.026
pgsphere,"",1127,8,3,6,0.007,0.016
pgsphere,"",1128,8,6,7,0.007,0.016
pgsphere,"",1129,8,21,6,0.007,0.015
pgsphere,"",1130,8,8,7,0.007,0.018
pgsphere,"",1131,8,2,7,0.007,0.018
pgsphere,"",1132,8,88,14,0.007,0.041
pgsphere,"",1133,8,15,10,0.007,0.026
pgsphere,"",1134,8,1,10,0.007,0.026
pgsphere,"",1135,8,3,5,0.007,0.014
pgsphere,"",1136,8,29,8,0.007,0.022
pgsphere,"",1137,8,0,8,0.007,0.026
pgsphere,"",1138,8,2,6,0.007,0.015
pgsphere,"",1139,8,1,5,0.007,0.012
pgsphere,"",1140,8,6,6,0.007,0.014
pgsphere,"",1141,8,8,8,0.007,0.023
pgsphere,"",1142,8,2,9,0.007,0.023
pgsphere,"",1143,8,4,8,0.007,0.021
pgsphere,"",1144,8,75,16,0.007,0.036
pgsphere,"",1145,8,4,6,0.007,0.014
pgsphere,"",1146,8,22,13,0.01,0.036
pgsphere,"",1147,8,2,8,0.007,0.019
pgsphere,"",1148,8,6,7,0.007,0.017
pgsphere,"",1149,8,9,6,0.007,0.013
pgsphere,"",1150,8,66,17,0.007,0.039
pgsphere,"",1151,8,1,6,0.007,0.016
pgsphere,"",1152,8,34,10,0.007,0.029
pgsphere,"",1153,8,4,5,0.007,0.013
pgsphere,"",1154,8,45,10,0.007,0.025
pgsphere,"",1155,8,3,9,0.007,0.03
pgsphere,"",1156,8,466,52,0.009,0.129
pgsphere,"",1157,8,1,8,0.007,0.016
pgsphere,"",1158,8,49,11,0.007,0.029
pgsphere,"",1159,8,2,6,0.007,0.015
pgsphere,"",1160,8,42,10,0.007,0.023
pgsphere,"",1161,8,4,8,0.012,0.026
pgsphere,"",1162,8,3,6,0.009,0.018
pgsphere,"",1163,8,6,7,0.007,0.016
pgsphere,"",1164,8,3,5,0.007,0.011
pgsphere,"",1165,8,12,10,0.007,0.02
pgsphere,"",1166,8,20,12,0.007,0.025
pgsphere,"",1167,8,4,5,0.007,0.012
pgsphere,"",1168,8,930,91,0.007,0.207
pgsphere,"",1169,8,46,11,0.007,0.03
pgsphere,"",1170,8,5,12,0.007,0.031
pgsphere,"",1171,8,1,5,0.007,0.013
pgsphere,"",1172,8,6,8,0.007,0.024
pgsphere,"",1173,8,3,7,0.007,0.015
pgsphere,"",1174,8,4,6,0.007,0.015
pgsphere,"",1175,8,1,6,0.007,0.014
pgsphere,"",1176,8,16,9,0.007,0.025
pgsphere,"",1177,8,2,7,0.007,0.023
pgsphere,"",1178,8,10,5,0.007,0.013
pgsphere,"",1179,8,4,6,0.007,0.015
pgsphere,"",1180,8,13,7,0.007,0.021
pgsphere,"",1181,8,2,5,0.007,0.014
pgsphere,"",1182,8,52,15,0.007,0.032
pgsphere,"",1183,8,7,7,0.007,0.021
pgsphere,"",1184,8,4,7,0.007,0.017
pgsphere,"",1185,8,1,5,0.007,0.011
pgsphere,"",1186,8,48,14,0.007,0.03
pgsphere,"",1187,8,3,6,0.007,0.015
pgsphere,"",1188,8,3,6,0.007,0.014
pgsphere,"",1189,8,3,9,0.007,0.025
pgsphere,"",1190,8,2,8,0.007,0.021
pgsphere,"",1191,8,1,5,0.007,0.012
pgsphere,"",1192,8,137,26,0.006,0.058
pgsphere,"",1193,8,2,8,0.007,0.021
pgsphere,"",1194,8,3,6,0.007,0.019
pgsphere,"",1195,8,2,6,0.007,0.015
pgsphere,"",1196,8,8,6,0.007,0.016
pgsphere,"",1197,8,1,6,0.008,0.016
pgsphere,"",1198,8,49,11,0.013,0.058
pgsphere,"",1199,8,4,5,0.008,0.016
pgsphere,"",1200,8,55,14,0.007,0.05
pgsphere,"",1201,8,2,9,0.009,0.027
pgsphere,"",1202,8,6,5,0.012,0.016
pgsphere,"",1203,8,48,15,0.007,0.033
pgsphere,"",1204,8,8,9,0.007,0.024
pgsphere,"",1205,8,0,5,0.009,0.016
pgsphere,"",1206,8,63,15,0.007,0.043
pgsphere,"",1207,8,8,9,0.007,0.025
pgsphere,"",1208,8,10,8,0.007,0.025
pgsphere,"",1209,8,2,8,0.007,0.019
pgsphere,"",1210,8,8,8,0.007,0.025
pgsphere,"",1211,8,0,6,0.007,0.015
pgsphere,"",1212,8,72,16,0.007,0.037
pgsphere,"",1213,8,2,8,0.007,0.02
pgsphere,"",1214,8,26,6,0.007,0.019
pgsphere,"",1215,8,1,6,0.007,0.024
pgsphere,"",1216,8,33,13,0.009,0.036
pgsphere,"",1217,8,2,6,0.007,0.014
pgsphere,"",1218,8,4,7,0.007,0.027
pgsphere,"",1219,8,5,8,0.009,0.021
pgsphere,"",1220,8,70,16,0.007,0.035
pgsphere,"",1221,8,0,5,0.007,0.019
pgsphere,"",1222,8,3834,234,0.009,0.574
pgsphere,"",1223,8,1,6,0.009,0.017
pgsphere,"",1224,8,5,10,0.007,0.026
pgsphere,"",1225,8,11,9,0.007,0.02
pgsphere,"",1226,8,3,8,0.007,0.02
pgsphere,"",1227,8,4,7,0.007,0.015
pgsphere,"",1228,8,1616,142,0.007,0.306
pgsphere,"",1229,8,11,9,0.012,0.027
pgsphere,"",1230,8,1,9,0.007,0.021
pgsphere,"",1231,8,1,5,0.007,0.013
pgsphere,"",1232,8,170,31,0.007,0.072
pgsphere,"",1233,8,2,9,0.009,0.025
pgsphere,"",1234,8,3,6,0.007,0.015
pgsphere,"",1235,8,2,6,0.007,0.017
pgsphere,"",1236,8,32,9,0.007,0.024
pgsphere,"",1237,8,2,7,0.007,0.018
pgsphere,"",1238,8,4,8,0.007,0.018
pgsphere,"",1239,8,6,7,0.007,0.019
pgsphere,"",1240,8,40,12,0.007,0.034
pgsphere,"",1241,8,3,6,0.007,0.012
pgsphere,"",1242,8,11,12,0.007,0.029
pgsphere,"",1243,8,51,22,0.007,0.042
pgsphere,"",1244,8,66,14,0.007,0.032
pgsphere,"",1245,8,1,10,0.007,0.024
pgsphere,"",1246,8,3,6,0.007,0.017
pgsphere,"",1247,8,0,5,0.007,0.013
pgsphere,"",1248,8,106,24,0.007,0.047
pgsphere,"",1249,8,11,10,0.007,0.031
pgsphere,"",1250,8,29,11,0.007,0.027
pgsphere,"",1251,8,2,8,0.007,0.021
pgsphere,"",1252,8,79,19,0.007,0.036
pgsphere,"",1253,8,4,7,0.007,0.02
pgsphere,"",1254,8,118,21,0.007,0.053
pgsphere,"",1255,8,47,12,0.009,0.034
pgsphere,"",1256,8,4009,219,0.007,0.59
pgsphere,"",1257,8,74,20,0.009,0.048
pgsphere,"",1258,8,4,7,0.007,0.017
pgsphere,"",1259,8,1,6,0.007,0.017
pgsphere,"",1260,8,5,8,0.007,0.019
pgsphere,"",1261,8,99,18,0.007,0.062
pgsphere,"",1262,8,140,24,0.009,0.055
pgsphere,"",1263,8,2,5,0.007,0.012
pgsphere,"",1264,8,74,21,0.007,0.045
pgsphere,"",1265,8,1,7,0.006,0.019
pgsphere,"",1266,8,21,12,0.007,0.027
pgsphere,"",1267,8,3,10,0.007,0.024
pgsphere,"",1268,8,3,8,0.007,0.021
pgsphere,"",1269,8,3,5,0.007,0.014
pgsphere,"",1270,8,22,6,0.007,0.017
pgsphere,"",1271,8,14,11,0.007,0.036
pgsphere,"",1272,8,19,11,0.009,0.027
pgsphere,"",1273,8,4,6,0.012,0.019
pgsphere,"",1274,8,730,79,0.06,0.187
pgsphere,"",1275,8,61,17,0.01,0.04
pgsphere,"",1276,8,3,7,0.01,0.02
pgsphere,"",1277,8,2,8,0.008,0.023
pgsphere,"",1278,8,139,25,0.008,0.06
pgsphere,"",1279,8,0,6,0.007,0.016
pgsphere,"",1280,8,87,19,0.007,0.043
pgsphere,"",1281,8,3,8,0.007,0.02
pgsphere,"",1282,8,77,18,0.007,0.047
pgsphere,"",1283,8,4,7,0.006,0.017
pgsphere,"",1284,8,47,17,0.007,0.043
pgsphere,"",1285,8,36,12,0.006,0.03
pgsphere,"",1286,8,2,7,0.006,0.017
pgsphere,"",1287,8,7,7,0.007,0.021
pgsphere,"",1288,8,4,5,0.006,0.013
pgsphere,"",1289,8,1,5,0.006,0.013
pgsphere,"",1290,8,175,34,0.006,0.072
pgsphere,"",1291,8,2,8,0.006,0.02
pgsphere,"",1292,8,65,16,0.006,0.04
pgsphere,"",1293,8,4,6,0.006,0.014
pgsphere,"",1294,8,59,15,0.006,0.031
pgsphere,"",1295,8,2,7,0.007,0.016
pgsphere,"",1296,8,5,10,0.006,0.027
pgsphere,"",1297,8,1,9,0.01,0.025
pgsphere,"",1298,8,9,6,0.006,0.015
pgsphere,"",1299,8,3,5,0.006,0.013
pgsphere,"",1300,8,81,13,0.006,0.036
pgsphere,"",1301,190,115,15,0.007,0.042
pgsphere,"",1302,190,528,65,0.006,0.167
pgsphere,"",1303,190,144,26,0.008,0.066
pgsphere,"",1304,190,1562,182,0.008,0.376
pgsphere,"",1305,190,53,18,0.009,0.037
pgsphere,"",1306,190,1632,162,0.006,0.395
pgsphere,"",1307,190,103,17,0.008,0.04
pgsphere,"",1308,190,85,19,0.006,0.041
pgsphere,"",1309,190,72,13,0.006,0.042
pgsphere,"",1310,190,68,17,0.008,0.041
pgsphere,"",1311,190,63,14,0.006,0.03
pgsphere,"",1312,190,66,18,0.006,0.041
pgsphere,"",1313,190,51,15,0.007,0.033
pgsphere,"",1314,190,69,15,0.006,0.035
pgsphere,"",1315,190,475,64,0.006,0.127
pgsphere,"",1316,190,397,58,0.006,0.126
pgsphere,"",1317,190,71,19,0.007,0.042
pgsphere,"",1318,190,800,86,0.006,0.189
pgsphere,"",1319,190,64,21,0.006,0.052
pgsphere,"",1320,190,73,18,0.008,0.045
pgsphere,"",1321,190,75,22,0.008,0.043
pgsphere,"",1322,190,69,26,0.008,0.051
pgsphere,"",1323,190,77,14,0.006,0.042
pgsphere,"",1324,190,2294,236,0.009,0.512
pgsphere,"",1325,190,84,20,0.007,0.047
pgsphere,"",1326,190,752,110,0.006,0.235
pgsphere,"",1327,190,72,16,0.008,0.045
pgsphere,"",1328,190,879,135,0.008,0.268
pgsphere,"",1329,190,81,15,0.006,0.048
pgsphere,"",1330,190,1598,177,0.008,0.493
pgsphere,"",1331,190,61,14,0.01,0.042
pgsphere,"",1332,190,69,19,0.007,0.045
pgsphere,"",1333,190,67,18,0.009,0.053
pgsphere,"",1334,190,736,88,0.008,0.187
pgsphere,"",1335,190,311,49,0.006,0.127
pgsphere,"",1336,190,1019,97,0.008,0.233
pgsphere,"",1337,190,81,22,0.006,0.045
pgsphere,"",1338,190,1099,115,0.006,0.288
pgsphere,"",1339,190,122,15,0.006,0.042
pgsphere,"",1340,190,1284,119,0.006,0.259
pgsphere,"",1341,190,56,21,0.006,0.035
pgsphere,"",1342,190,65,20,0.006,0.04
pgsphere,"",1343,190,61,17,0.006,0.039
pgsphere,"",1344,190,57,17,0.006,0.036
pgsphere,"",1345,190,63,21,0.006,0.048
pgsphere,"",1346,190,553,66,0.006,0.141
pgsphere,"",1347,190,68,22,0.006,0.044
pgsphere,"",1348,190,63,26,0.006,0.048
pgsphere,"",1349,190,216,44,0.006,0.093
pgsphere,"",1350,190,75,23,0.006,0.045
pgsphere,"",1351,190,69,27,0.006,0.042
pgsphere,"",1352,190,157,24,0.006,0.06
pgsphere,"",1353,190,211,41,0.006,0.078
pgsphere,"",1354,190,136,25,0.006,0.051
pgsphere,"",1355,190,47,24,0.006,0.042
pgsphere,"",1356,190,660,65,0.007,0.146
pgsphere,"",1357,190,70,19,0.006,0.038
pgsphere,"",1358,190,66,12,0.006,0.03
pgsphere,"",1359,190,68,18,0.006,0.035
pgsphere,"",1360,190,674,90,0.006,0.198
pgsphere,"",1361,190,67,14,0.006,0.035
pgsphere,"",1362,190,61,12,0.008,0.028
pgsphere,"",1363,190,60,15,0.006,0.038
pgsphere,"",1364,190,2512,231,0.006,0.508
pgsphere,"",1365,190,65,18,0.009,0.041
pgsphere,"",1366,190,65,15,0.008,0.034
pgsphere,"",1367,190,60,19,0.008,0.041
pgsphere,"",1368,190,60,16,0.006,0.035
pgsphere,"",1369,190,163,27,0.006,0.076
pgsphere,"",1370,190,4069,359,0.008,0.814
pgsphere,"",1371,190,77,21,0.008,0.05
pgsphere,"",1372,190,601,77,0.006,0.16
pgsphere,"",1373,190,49,16,0.006,0.034
pgsphere,"",1374,190,70,16,0.006,0.038
pgsphere,"",1375,190,73,20,0.006,0.038
pgsphere,"",1376,190,495,73,0.006,0.159
pgsphere,"",1377,190,63,21,0.006,0.045
pgsphere,"",1378,190,1356,166,0.006,0.372
pgsphere,"",1379,190,79,14,0.006,0.028
pgsphere,"",1380,190,1572,169,0.006,0.39
pgsphere,"",1381,190,47,16,0.006,0.038
pgsphere,"",1382,190,75,21,0.008,0.038
pgsphere,"",1383,190,65,12,0.006,0.041
pgsphere,"",1384,190,77,15,0.008,0.034
pgsphere,"",1385,190,1227,142,0.006,0.295
pgsphere,"",1386,190,1589,175,0.008,0.4
pgsphere,"",1387,190,79,19,0.008,0.045
pgsphere,"",1388,190,898,96,0.006,0.195
pgsphere,"",1389,190,69,16,0.007,0.04
pgsphere,"",1390,190,710,84,0.006,0.185
pgsphere,"",1391,190,77,19,0.008,0.038
pgsphere,"",1392,190,67,11,0.006,0.028
pgsphere,"",1393,190,66,20,0.006,0.038
pgsphere,"",1394,190,3504,317,0.006,0.721
pgsphere,"",1395,190,64,13,0.006,0.032
pgsphere,"",1396,190,3600,334,0.006,0.738
pgsphere,"",1397,190,59,27,0.008,0.052
pgsphere,"",1398,190,2926,273,0.006,0.573
pgsphere,"",1399,190,66,19,0.008,0.033
pgsphere,"",1400,190,4002,384,0.006,0.782
pgsphere,"",1401,762,297,46,0.006,0.104
pgsphere,"",1402,762,254,38,0.006,0.086
pgsphere,"",1403,762,324,47,0.006,0.092
pgsphere,"",1404,762,1369,160,0.006,0.357
pgsphere,"",1405,762,265,40,0.007,0.107
pgsphere,"",1406,762,1108,127,0.006,0.288
pgsphere,"",1407,762,276,38,0.006,0.092
pgsphere,"",1408,762,4152,393,0.006,0.844
pgsphere,"",1409,762,297,49,0.008,0.106
pgsphere,"",1410,762,306,30,0.008,0.077
pgsphere,"",1411,762,748,72,0.006,0.162
pgsphere,"",1412,762,265,31,0.006,0.074
pgsphere,"",1413,762,280,54,0.006,0.101
pgsphere,"",1414,762,1101,149,0.006,0.334
pgsphere,"",1415,762,251,48,0.008,0.094
pgsphere,"",1416,762,9129,821,0.006,1.756
pgsphere,"",1417,762,272,47,0.008,0.087
pgsphere,"",1418,762,5071,554,0.006,1.188
pgsphere,"",1419,762,271,35,0.008,0.084
pgsphere,"",1420,762,5690,507,0.006,1.058
pgsphere,"",1421,762,233,42,0.008,0.096
pgsphere,"",1422,762,4433,408,0.008,0.857
pgsphere,"",1423,762,260,47,0.008,0.087
pgsphere,"",1424,762,3126,326,0.006,0.717
pgsphere,"",1425,762,3145,282,0.006,0.652
pgsphere,"",1426,762,302,36,0.006,0.091
pgsphere,"",1427,762,255,36,0.006,0.072
pgsphere,"",1428,762,3905,444,0.006,0.971
pgsphere,"",1429,762,1284,148,0.008,0.37
pgsphere,"",1430,762,1294,156,0.006,0.335
pgsphere,"",1431,762,289,40,0.008,0.102
pgsphere,"",1432,762,268,43,0.006,0.086
pgsphere,"",1433,762,901,94,0.008,0.21
pgsphere,"",1434,762,277,43,0.006,0.092
pgsphere,"",1435,762,1243,165,0.006,0.335
pgsphere,"",1436,762,1021,129,0.006,0.276
pgsphere,"",1437,762,298,41,0.008,0.083
pgsphere,"",1438,762,4191,277,0.006,0.616
pgsphere,"",1439,762,307,52,0.008,0.101
pgsphere,"",1440,762,269,47,0.006,0.101
pgsphere,"",1441,6852,2336,98,0.007,0.504
pgsphere,"",1442,6852,2435,124,0.007,0.627
pgsphere,"",1443,6852,2502,114,0.007,0.538
pgsphere,"",1444,6852,35019,1092,0.007,6.827
pgsphere,"",1445,6852,11114,395,0.008,2.298
pgsphere,"",1446,6852,6517,184,0.007,0.997
pgsphere,"",1447,6852,2340,86,0.008,0.411
pgsphere,"",1448,6852,147516,3708,0.006,22.755
pgsphere,"",1449,6852,2525,121,0.015,0.567
pgsphere,"",1450,6852,43516,1227,0.007,7.094
pgsphere,"",1451,6852,2330,99,0.009,0.425
pgsphere,"",1452,6852,26649,872,0.007,5.126
pgsphere,"",1453,6852,2324,98,0.008,0.418
pgsphere,"",1454,6852,22109,836,0.006,4.885
pgsphere,"",1455,6852,2386,107,0.008,0.46
pgsphere,"",1456,6852,18819,706,0.008,3.949
skycell,"",1,1,0,3,0.02,0.008
skycell,"",2,1,1,4,0.019,0.009
skycell,"",3,1,0,3,0.013,0.016
skycell,"",4,1,1,4,0.013,0.007
skycell,"",5,1,0,3,0.012,0.004
skycell,"",6,1,1,4,0.012,0.007
skycell,"",7,1,0,3,0.012,0.005
skycell,"",8,1,1,4,0.012,0.005
skycell,"",9,1,0,3,0.012,0.005
skycell,"",10,1,1,4,0.012,0.005
skycell,"",11,1,0,3,0.013,0.005
skycell,"",12,1,1,7,0.02,0.012
skycell,"",13,1,0,3,0.012,0.005
skycell,"",14,1,1,4,0.012,0.006
skycell,"",15,1,0,3,0.012,0.005
skycell,"",16,1,1,4,0.012,0.005
skycell,"",17,1,0,3,0.011,0.004
skycell,"",18,1,1,7,0.019,0.011
skycell,"",19,1,0,3,0.012,0.005
skycell,"",20,1,1,4,0.012,0.005
skycell,"",21,1,0,3,0.011,0.004
skycell,"",22,1,1,7,0.018,0.011
skycell,"",23,1,0,3,0.012,0.004
skycell,"",24,1,1,4,0.012,0.006
skycell,"",25,1,0,3,0.012,0.004
skycell,"",26,1,1,4,0.012,0.005
skycell,"",27,1,0,3,0.014,0.005
skycell,"",28,1,1,4,0.014,0.005
skycell,"",29,1,0,3,0.015,0.005
skycell,"",30,1,1,7,0.019,0.011
skycell,"",31,1,0,3,0.012,0.004
skycell,"",32,1,1,7,0.018,0.01
skycell,"",33,1,0,3,0.012,0.004
skycell,"",34,1,1,4,0.012,0.006
skycell,"",35,1,0,3,0.014,0.004
skycell,"",36,1,1,4,0.011,0.005
skycell,"",37,1,0,7,0.019,0.01
skycell,"",38,1,1,4,0.013,0.007
skycell,"",39,1,0,3,0.012,0.004
skycell,"",40,1,1,4,0.014,0.006
skycell,"",41,1,0,3,0.012,0.005
skycell,"",42,1,1,4,0.011,0.005
skycell,"",43,1,0,3,0.011,0.004
skycell,"",44,1,1,4,0.012,0.005
skycell,"",45,1,0,6,0.023,0.013
skycell,"",46,1,1,7,0.02,0.011
skycell,"",47,1,0,6,0.018,0.009
skycell,"",48,1,1,4,0.011,0.006
skycell,"",49,1,0,3,0.011,0.004
skycell,"",50,1,1,4,0.011,0.006
skycell,"",51,1,0,3,0.011,0.004
skycell,"",52,1,1,4,0.011,0.005
skycell,"",53,1,0,3,0.011,0.004
skycell,"",54,1,1,4,0.011,0.006
skycell,"",55,1,0,6,0.018,0.006
skycell,"",56,1,1,4,0.011,0.005
skycell,"",57,1,0,3,0.011,0.013
skycell,"",58,1,1,4,0.011,0.005
skycell,"",59,1,0,4,0.011,0.005
skycell,"",60,1,1,4,0.011,0.005
skycell,"",61,1,0,6,0.018,0.006
skycell,"",62,1,1,7,0.017,0.008
skycell,"",63,1,0,3,0.011,0.004
skycell,"",64,1,1,4,0.011,0.005
skycell,"",65,1,0,3,0.011,0.004
skycell,"",66,1,1,4,0.011,0.005
skycell,"",67,1,0,3,0.011,0.004
skycell,"",68,1,1,4,0.011,0.005
skycell,"",69,1,0,3,0.017,0.005
skycell,"",70,1,1,4,0.012,0.004
skycell,"",71,1,0,3,0.011,0.004
skycell,"",72,1,1,4,0.011,0.005
skycell,"",73,1,0,3,0.011,0.004
skycell,"",74,1,1,4,0.011,0.005
skycell,"",75,1,0,3,0.011,0.004
skycell,"",76,1,1,4,0.011,0.005
skycell,"",77,1,0,3,0.022,0.004
skycell,"",78,1,1,4,0.011,0.006
skycell,"",79,1,0,3,0.011,0.003
skycell,"",80,1,1,4,0.011,0.005
skycell,"",81,1,0,3,0.011,0.004
skycell,"",82,1,1,4,0.011,0.005
skycell,"",83,1,0,6,0.031,0.007
skycell,"",84,1,1,4,0.012,0.005
skycell,"",85,1,0,3,0.011,0.004
skycell,"",86,1,1,4,0.011,0.005
skycell,"",87,1,0,3,0.011,0.004
skycell,"",88,1,1,4,0.011,0.005
skycell,"",89,1,0,3,0.011,0.004
skycell,"",90,1,1,4,0.014,0.006
skycell,"",91,1,0,3,0.011,0.004
skycell,"",92,1,1,4,0.011,0.005
skycell,"",93,1,0,3,0.011,0.004
skycell,"",94,1,1,4,0.011,0.005
skycell,"",95,1,0,3,0.02,0.005
skycell,"",96,1,1,7,0.018,0.007
skycell,"",97,1,0,3,0.011,0.004
skycell,"",98,1,1,4,0.011,0.005
skycell,"",99,1,0,3,0.011,0.004
skycell,"",100,1,1,4,0.012,0.005
skycell,"",101,1,0,3,0.011,0.004
skycell,"",102,1,1,4,0.011,0.005
skycell,"",103,1,0,3,0.012,0.005
skycell,"",104,1,1,4,0.012,0.004
skycell,"",105,1,0,3,0.011,0.004
skycell,"",106,1,1,4,0.011,0.006
skycell,"",107,1,0,3,0.011,0.004
skycell,"",108,1,1,4,0.011,0.005
skycell,"",109,1,0,6,0.018,0.006
skycell,"",110,1,1,4,0.011,0.005
skycell,"",111,1,0,3,0.011,0.004
skycell,"",112,1,1,4,0.011,0.005
skycell,"",113,1,0,3,0.011,0.004
skycell,"",114,1,1,4,0.011,0.005
skycell,"",115,1,0,3,0.011,0.004
skycell,"",116,1,1,4,0.012,0.006
skycell,"",117,1,0,3,0.011,0.004
skycell,"",118,1,1,4,0.011,0.006
skycell,"",119,1,0,3,0.011,0.004
skycell,"",120,1,1,4,0.011,0.004
skycell,"",121,1,0,3,0.011,0.004
skycell,"",122,1,1,7,0.018,0.008
skycell,"",123,1,0,3,0.012,0.004
skycell,"",124,1,1,4,0.011,0.006
skycell,"",125,1,0,3,0.011,0.004
skycell,"",126,1,1,4,0.011,0.006
skycell,"",127,1,0,3,0.011,0.004
skycell,"",128,1,1,4,0.011,0.005
skycell,"",129,1,0,3,0.011,0.004
skycell,"",130,1,1,4,0.011,0.005
skycell,"",131,1,0,3,0.011,0.004
skycell,"",132,1,1,4,0.011,0.005
skycell,"",133,1,0,3,0.011,0.004
skycell,"",134,1,1,4,0.011,0.005
skycell,"",135,1,0,3,0.011,0.004
skycell,"",136,1,1,4,0.011,0.005
skycell,"",137,1,0,3,0.011,0.004
skycell,"",138,1,1,4,0.011,0.004
skycell,"",139,1,0,3,0.011,0.004
skycell,"",140,1,1,4,0.011,0.005
skycell,"",141,1,0,3,0.011,0.003
skycell,"",142,1,1,7,0.017,0.006
skycell,"",143,1,0,3,0.011,0.004
skycell,"",144,1,1,7,0.017,0.006
skycell,"",145,1,0,3,0.011,0.004
skycell,"",146,1,1,4,0.011,0.005
skycell,"",147,1,0,3,0.011,0.004
skycell,"",148,1,1,4,0.012,0.006
skycell,"",149,1,0,3,0.011,0.004
skycell,"",150,1,1,7,0.017,0.008
skycell,"",151,1,0,3,0.011,0.004
skycell,"",152,1,1,4,0.011,0.005
skycell,"",153,1,0,3,0.012,0.004
skycell,"",154,1,1,4,0.011,0.005
skycell,"",155,1,0,3,0.011,0.004
skycell,"",156,1,1,4,0.011,0.006
skycell,"",157,1,0,3,0.011,0.004
skycell,"",158,1,1,4,0.011,0.005
skycell,"",159,1,0,3,0.011,0.005
skycell,"",160,1,1,4,0.011,0.005
skycell,"",161,1,0,3,0.011,0.004
skycell,"",162,1,1,4,0.011,0.004
skycell,"",163,1,0,3,0.014,0.005
skycell,"",164,1,1,4,0.011,0.005
skycell,"",165,1,0,3,0.011,0.005
skycell,"",166,1,1,4,0.011,0.006
skycell,"",167,1,0,3,0.011,0.004
skycell,"",168,1,1,7,0.018,0.007
skycell,"",169,1,0,6,0.017,0.005
skycell,"",170,1,1,4,0.011,0.004
skycell,"",171,1,0,3,0.011,0.004
skycell,"",172,1,1,4,0.011,0.004
skycell,"",173,1,0,6,0.017,0.006
skycell,"",174,1,1,4,0.011,0.006
skycell,"",175,1,0,3,0.011,0.004
skycell,"",176,1,1,4,0.011,0.005
skycell,"",177,1,0,3,0.011,0.004
skycell,"",178,1,1,7,0.018,0.008
skycell,"",179,1,0,6,0.017,0.006
skycell,"",180,1,1,4,0.011,0.006
skycell,"",181,1,0,3,0.011,0.004
skycell,"",182,1,1,4,0.011,0.005
skycell,"",183,1,0,3,0.011,0.004
skycell,"",184,1,1,7,0.017,0.007
skycell,"",185,1,0,3,0.011,0.003
skycell,"",186,1,1,4,0.011,0.007
skycell,"",187,1,0,3,0.011,0.004
skycell,"",188,1,1,4,0.011,0.005
skycell,"",189,1,0,6,0.017,0.006
skycell,"",190,1,1,4,0.011,0.004
skycell,"",191,1,0,3,0.011,0.004
skycell,"",192,1,1,4,0.011,0.005
skycell,"",193,1,0,3,0.017,0.004
skycell,"",194,1,1,4,0.011,0.005
skycell,"",195,1,0,3,0.011,0.004
skycell,"",196,1,1,4,0.011,0.01
skycell,"",197,1,0,6,0.017,0.006
skycell,"",198,1,1,4,0.011,0.005
skycell,"",199,1,0,3,0.011,0.004
skycell,"",200,1,1,4,0.011,0.005
skycell,"",201,1,0,3,0.011,0.005
skycell,"",202,1,1,4,0.011,0.005
skycell,"",203,1,0,3,0.011,0.004
skycell,"",204,1,1,4,0.011,0.006
skycell,"",205,1,0,3,0.011,0.004
skycell,"",206,1,1,7,0.017,0.008
skycell,"",207,1,0,3,0.011,0.005
skycell,"",208,1,1,4,0.011,0.006
skycell,"",209,1,0,3,0.011,0.004
skycell,"",210,1,1,4,0.011,0.006
skycell,"",211,1,0,3,0.011,0.004
skycell,"",212,1,1,4,0.011,0.005
skycell,"",213,1,0,3,0.011,0.004
skycell,"",214,1,1,4,0.011,0.005
skycell,"",215,1,0,3,0.011,0.004
skycell,"",216,1,1,7,0.017,0.007
skycell,"",217,1,0,3,0.011,0.004
skycell,"",218,1,1,7,0.022,0.007
skycell,"",219,1,0,6,0.017,0.005
skycell,"",220,1,1,4,0.011,0.005
skycell,"",221,1,0,3,0.011,0.004
skycell,"",222,1,1,4,0.011,0.005
skycell,"",223,1,0,3,0.011,0.004
skycell,"",224,1,1,4,0.011,0.005
skycell,"",225,1,0,3,0.011,0.004
skycell,"",226,1,1,4,0.011,0.005
skycell,"",227,1,0,6,0.017,0.005
skycell,"",228,1,1,4,0.011,0.005
skycell,"",229,1,0,3,0.016,0.004
skycell,"",230,1,1,7,0.017,0.007
skycell,"",231,1,0,3,0.014,0.005
skycell,"",232,1,1,4,0.011,0.005
skycell,"",233,1,0,3,0.011,0.004
skycell,"",234,1,1,4,0.011,0.005
skycell,"",235,1,0,3,0.011,0.004
skycell,"",236,1,1,4,0.011,0.005
skycell,"",237,1,0,3,0.011,0.004
skycell,"",238,1,1,4,0.011,0.004
skycell,"",239,1,0,3,0.011,0.004
skycell,"",240,1,1,4,0.011,0.005
skycell,"",241,1,0,3,0.011,0.004
skycell,"",242,1,1,4,0.011,0.005
skycell,"",243,1,0,3,0.011,0.004
skycell,"",244,1,1,4,0.011,0.006
skycell,"",245,1,0,3,0.011,0.004
skycell,"",246,1,1,4,0.016,0.007
skycell,"",247,1,0,3,0.014,0.005
skycell,"",248,1,1,4,0.019,0.008
skycell,"",249,1,0,3,0.014,0.006
skycell,"",250,1,1,4,0.016,0.006
skycell,"",251,1,0,3,0.015,0.008
skycell,"",252,1,1,4,0.022,0.008
skycell,"",253,1,0,3,0.014,0.004
skycell,"",254,1,1,4,0.018,0.009
skycell,"",255,1,0,3,0.015,0.005
skycell,"",256,1,1,4,0.012,0.006
skycell,"",257,1,0,3,0.018,0.008
skycell,"",258,1,1,4,0.018,0.007
skycell,"",259,1,0,3,0.021,0.005
skycell,"",260,1,1,4,0.026,0.011
skycell,"",261,1,0,6,0.027,0.009
skycell,"",262,1,1,4,0.017,0.011
skycell,"",263,1,0,6,0.021,0.01
skycell,"",264,1,1,4,0.014,0.006
skycell,"",265,1,0,6,0.025,0.008
skycell,"",266,1,1,4,0.015,0.006
skycell,"",267,1,0,3,0.015,0.005
skycell,"",268,1,1,4,0.014,0.007
skycell,"",269,1,0,3,0.012,0.004
skycell,"",270,1,1,4,0.011,0.006
skycell,"",271,1,0,6,0.018,0.005
skycell,"",272,1,1,4,0.011,0.006
skycell,"",273,1,0,3,0.011,0.004
skycell,"",274,1,1,4,0.011,0.005
skycell,"",275,1,0,3,0.011,0.004
skycell,"",276,1,1,4,0.011,0.005
skycell,"",277,1,0,3,0.011,0.004
skycell,"",278,1,1,4,0.011,0.005
skycell,"",279,1,0,6,0.017,0.006
skycell,"",280,1,1,4,0.011,0.005
skycell,"",281,1,0,3,0.011,0.004
skycell,"",282,1,1,4,0.011,0.005
skycell,"",283,1,0,3,0.011,0.004
skycell,"",284,1,1,4,0.011,0.006
skycell,"",285,1,0,6,0.017,0.005
skycell,"",286,1,1,4,0.011,0.005
skycell,"",287,1,0,6,0.017,0.006
skycell,"",288,1,1,4,0.011,0.005
skycell,"",289,1,0,3,0.012,0.004
skycell,"",290,1,1,4,0.011,0.005
skycell,"",291,1,0,3,0.011,0.004
skycell,"",292,1,1,7,0.017,0.017
skycell,"",293,1,0,3,0.011,0.004
skycell,"",294,1,1,4,0.011,0.005
skycell,"",295,1,0,3,0.012,0.004
skycell,"",296,1,1,4,0.011,0.006
skycell,"",297,1,0,3,0.011,0.004
skycell,"",298,1,1,4,0.011,0.005
skycell,"",299,1,0,3,0.014,0.005
skycell,"",300,1,1,4,0.012,0.006
skycell,"",301,1,0,3,0.011,0.004
skycell,"",302,1,1,4,0.011,0.005
skycell,"",303,1,0,3,0.011,0.004
skycell,"",304,1,1,7,0.018,0.007
skycell,"",305,1,0,6,0.017,0.006
skycell,"",306,1,1,4,0.011,0.005
skycell,"",307,1,0,3,0.012,0.004
skycell,"",308,1,1,4,0.012,0.006
skycell,"",309,1,0,3,0.011,0.004
skycell,"",310,1,1,4,0.011,0.005
skycell,"",311,1,0,6,0.018,0.006
skycell,"",312,1,1,4,0.011,0.005
skycell,"",313,1,0,3,0.011,0.004
skycell,"",314,1,1,4,0.011,0.005
skycell,"",315,1,0,3,0.011,0.004
skycell,"",316,1,1,7,0.018,0.007
skycell,"",317,1,0,3,0.011,0.004
skycell,"",318,1,1,4,0.011,0.005
skycell,"",319,1,0,3,0.011,0.003
skycell,"",320,1,1,4,0.011,0.005
skycell,"",321,1,0,3,0.011,0.004
skycell,"",322,1,1,4,0.011,0.005
skycell,"",323,1,0,3,0.011,0.004
skycell,"",324,1,1,4,0.011,0.006
skycell,"",325,1,0,3,0.018,0.003
skycell,"",326,1,1,4,0.011,0.005
skycell,"",327,1,0,3,0.011,0.004
skycell,"",328,1,1,4,0.011,0.004
skycell,"",329,1,0,3,0.011,0.003
skycell,"",330,1,1,4,0.011,0.005
skycell,"",331,1,0,3,0.011,0.004
skycell,"",332,1,1,4,0.011,0.005
skycell,"",333,1,0,3,0.011,0.004
skycell,"",334,1,1,4,0.011,0.005
skycell,"",335,1,0,3,0.011,0.004
skycell,"",336,1,1,4,0.011,0.005
skycell,"",337,1,0,3,0.011,0.004
skycell,"",338,1,1,4,0.011,0.005
skycell,"",339,1,0,3,0.011,0.004
skycell,"",340,1,1,4,0.019,0.004
skycell,"",341,1,0,3,0.011,0.003
skycell,"",342,1,1,4,0.011,0.005
skycell,"",343,1,0,3,0.011,0.005
skycell,"",344,1,1,4,0.018,0.006
skycell,"",345,1,0,3,0.011,0.003
skycell,"",346,1,1,4,0.023,0.006
skycell,"",347,1,0,3,0.012,0.004
skycell,"",348,1,1,7,0.017,0.008
skycell,"",349,1,0,6,0.017,0.006
skycell,"",350,1,1,4,0.011,0.005
skycell,"",351,1,0,3,0.011,0.004
skycell,"",352,1,1,4,0.011,0.005
skycell,"",353,1,0,6,0.017,0.005
skycell,"",354,1,1,4,0.014,0.007
skycell,"",355,1,0,3,0.011,0.004
skycell,"",356,1,1,7,0.017,0.007
skycell,"",357,1,0,3,0.013,0.005
skycell,"",358,1,1,4,0.012,0.005
skycell,"",359,1,0,3,0.011,0.004
skycell,"",360,1,1,4,0.011,0.006
skycell,"",361,1,0,3,0.011,0.004
skycell,"",362,1,1,4,0.011,0.005
skycell,"",363,1,0,3,0.011,0.004
skycell,"",364,1,1,4,0.011,0.005
skycell,"",365,1,0,3,0.011,0.004
skycell,"",366,1,1,4,0.011,0.005
skycell,"",367,1,0,6,0.02,0.007
skycell,"",368,1,1,4,0.011,0.004
skycell,"",369,1,0,3,0.011,0.005
skycell,"",370,1,1,4,0.011,0.006
skycell,"",371,1,0,3,0.011,0.003
skycell,"",372,1,1,4,0.011,0.005
skycell,"",373,1,0,3,0.011,0.004
skycell,"",374,1,1,4,0.011,0.004
skycell,"",375,1,0,3,0.011,0.004
skycell,"",376,1,1,4,0.011,0.005
skycell,"",377,1,0,3,0.011,0.004
skycell,"",378,1,1,7,0.017,0.008
skycell,"",379,1,0,3,0.011,0.004
skycell,"",380,1,1,4,0.011,0.005
skycell,"",381,1,0,3,0.011,0.004
skycell,"",382,1,1,4,0.011,0.005
skycell,"",383,1,0,3,0.011,0.004
skycell,"",384,1,1,4,0.011,0.005
skycell,"",385,1,0,3,0.011,0.004
skycell,"",386,1,1,4,0.011,0.005
skycell,"",387,1,0,3,0.011,0.004
skycell,"",388,1,1,4,0.011,0.005
skycell,"",389,1,0,6,0.018,0.005
skycell,"",390,1,1,7,0.017,0.008
skycell,"",391,1,0,4,0.011,0.005
skycell,"",392,1,1,4,0.011,0.005
skycell,"",393,1,0,3,0.011,0.004
skycell,"",394,1,1,4,0.011,0.005
skycell,"",395,1,0,3,0.011,0.003
skycell,"",396,1,1,4,0.011,0.005
skycell,"",397,1,0,3,0.011,0.004
skycell,"",398,1,1,4,0.011,0.005
skycell,"",399,1,0,3,0.011,0.004
skycell,"",400,1,1,7,0.017,0.008
skycell,"",401,1,0,3,0.011,0.004
skycell,"",402,1,1,4,0.011,0.005
skycell,"",403,1,0,3,0.011,0.004
skycell,"",404,1,1,7,0.018,0.007
skycell,"",405,1,0,3,0.011,0.004
skycell,"",406,1,1,4,0.011,0.005
skycell,"",407,1,0,6,0.018,0.006
skycell,"",408,1,1,7,0.017,0.006
skycell,"",409,1,0,3,0.011,0.004
skycell,"",410,1,1,7,0.017,0.007
skycell,"",411,1,0,3,0.011,0.004
skycell,"",412,1,1,4,0.013,0.006
skycell,"",413,1,0,3,0.012,0.004
skycell,"",414,1,1,4,0.011,0.007
skycell,"",415,1,0,3,0.012,0.005
skycell,"",416,1,1,4,0.011,0.006
skycell,"",417,1,0,4,0.011,0.005
skycell,"",418,1,1,7,0.017,0.007
skycell,"",419,1,0,3,0.012,0.004
skycell,"",420,1,1,4,0.011,0.004
skycell,"",421,1,0,3,0.011,0.004
skycell,"",422,1,1,4,0.011,0.005
skycell,"",423,1,0,3,0.011,0.004
skycell,"",424,1,1,7,0.017,0.007
skycell,"",425,1,1,7,0.023,0.008
skycell,"",426,1,1,4,0.011,0.005
skycell,"",427,1,0,6,0.017,0.005
skycell,"",428,1,1,4,0.011,0.006
skycell,"",429,1,0,4,0.011,0.005
skycell,"",430,1,1,4,0.011,0.005
skycell,"",431,1,0,3,0.011,0.005
skycell,"",432,1,1,4,0.012,0.006
skycell,"",433,1,0,3,0.011,0.004
skycell,"",434,1,1,4,0.011,0.006
skycell,"",435,1,0,4,0.014,0.006
skycell,"",436,1,1,4,0.011,0.005
skycell,"",437,1,0,3,0.011,0.006
skycell,"",438,1,1,4,0.011,0.006
skycell,"",439,1,0,6,0.018,0.007
skycell,"",440,1,1,4,0.015,0.007
skycell,"",441,1,0,3,0.011,0.004
skycell,"",442,1,1,4,0.014,0.006
skycell,"",443,1,0,6,0.018,0.006
skycell,"",444,1,1,4,0.011,0.005
skycell,"",445,1,0,3,0.011,0.004
skycell,"",446,1,1,4,0.011,0.005
skycell,"",447,1,0,6,0.017,0.006
skycell,"",448,1,1,8,0.017,0.013
skycell,"",449,1,0,6,0.017,0.006
skycell,"",450,1,1,4,0.012,0.005
skycell,"",451,1,0,6,0.017,0.006
skycell,"",452,1,1,4,0.011,0.005
skycell,"",453,1,0,3,0.011,0.004
skycell,"",454,1,1,4,0.011,0.005
skycell,"",455,1,0,3,0.011,0.004
skycell,"",456,1,1,7,0.017,0.008
skycell,"",457,1,0,7,0.017,0.006
skycell,"",458,1,1,4,0.011,0.006
skycell,"",459,1,0,6,0.017,0.005
skycell,"",460,1,1,4,0.011,0.006
skycell,"",461,1,0,4,0.011,0.005
skycell,"",462,1,1,4,0.011,0.005
skycell,"",463,1,0,6,0.017,0.005
skycell,"",464,1,1,4,0.011,0.006
skycell,"",465,1,0,6,0.017,0.005
skycell,"",466,1,1,4,0.011,0.005
skycell,"",467,1,0,6,0.017,0.006
skycell,"",468,1,2,4,0.011,0.006
skycell,"",469,1,0,3,0.011,0.004
skycell,"",470,1,1,7,0.023,0.008
skycell,"",471,1,0,3,0.011,0.004
skycell,"",472,1,1,4,0.011,0.006
skycell,"",473,1,0,3,0.011,0.003
skycell,"",474,1,1,4,0.011,0.005
skycell,"",475,1,0,3,0.011,0.004
skycell,"",476,1,1,4,0.011,0.005
skycell,"",477,1,0,3,0.011,0.004
skycell,"",478,1,1,4,0.011,0.005
skycell,"",479,1,0,3,0.011,0.003
skycell,"",480,1,1,4,0.011,0.004
skycell,"",481,1,0,7,0.017,0.007
skycell,"",482,1,1,4,0.02,0.007
skycell,"",483,1,0,6,0.018,0.006
skycell,"",484,1,1,4,0.011,0.005
skycell,"",485,1,0,3,0.011,0.004
skycell,"",486,1,1,4,0.011,0.005
skycell,"",487,1,0,3,0.011,0.004
skycell,"",488,1,1,4,0.011,0.006
skycell,"",489,1,0,6,0.017,0.006
skycell,"",490,1,1,4,0.011,0.005
skycell,"",491,1,0,4,0.011,0.006
skycell,"",492,1,1,4,0.011,0.005
skycell,"",493,1,0,3,0.011,0.004
skycell,"",494,1,1,4,0.011,0.01
skycell,"",495,1,0,3,0.011,0.004
skycell,"",496,1,1,7,0.017,0.007
skycell,"",497,1,0,3,0.011,0.004
skycell,"",498,1,1,4,0.011,0.005
skycell,"",499,1,0,4,0.011,0.005
skycell,"",500,1,1,7,0.017,0.007
skycell,"",501,1,0,3,0.011,0.004
skycell,"",502,1,1,4,0.011,0.005
skycell,"",503,1,0,4,0.014,0.007
skycell,"",504,1,1,7,0.017,0.008
skycell,"",505,1,0,3,0.018,0.005
skycell,"",506,1,2,9,0.017,0.011
skycell,"",507,1,0,4,0.011,0.005
skycell,"",508,1,1,4,0.011,0.005
skycell,"",509,1,0,3,0.011,0.004
skycell,"",510,1,1,4,0.011,0.005
skycell,"",511,1,0,3,0.011,0.004
skycell,"",512,1,1,4,0.011,0.005
skycell,"",513,1,0,6,0.017,0.006
skycell,"",514,1,1,4,0.011,0.005
skycell,"",515,1,0,6,0.017,0.005
skycell,"",516,1,1,4,0.011,0.005
skycell,"",517,1,0,3,0.011,0.004
skycell,"",518,1,1,4,0.011,0.006
skycell,"",519,1,0,3,0.011,0.004
skycell,"",520,1,1,4,0.011,0.005
skycell,"",521,1,0,3,0.011,0.004
skycell,"",522,1,1,4,0.011,0.004
skycell,"",523,1,0,7,0.017,0.006
skycell,"",524,1,1,4,0.011,0.005
skycell,"",525,1,0,4,0.011,0.005
skycell,"",526,1,1,4,0.011,0.005
skycell,"",527,1,0,3,0.011,0.004
skycell,"",528,1,1,4,0.011,0.006
skycell,"",529,1,0,3,0.011,0.004
skycell,"",530,1,1,4,0.014,0.005
skycell,"",531,1,0,3,0.011,0.004
skycell,"",532,1,1,4,0.011,0.006
skycell,"",533,1,0,3,0.011,0.004
skycell,"",534,1,1,7,0.017,0.007
skycell,"",535,1,0,4,0.011,0.005
skycell,"",536,1,1,4,0.011,0.005
skycell,"",537,1,0,3,0.011,0.004
skycell,"",538,1,1,4,0.011,0.005
skycell,"",539,1,0,3,0.011,0.004
skycell,"",540,1,1,4,0.011,0.005
skycell,"",541,1,0,6,0.017,0.005
skycell,"",542,1,1,4,0.011,0.005
skycell,"",543,1,0,3,0.011,0.004
skycell,"",544,1,1,4,0.011,0.005
skycell,"",545,1,0,3,0.011,0.004
skycell,"",546,1,1,4,0.011,0.006
skycell,"",547,1,0,3,0.011,0.005
skycell,"",548,1,1,5,0.011,0.006
skycell,"",549,1,0,3,0.011,0.004
skycell,"",550,1,1,4,0.011,0.005
skycell,"",551,1,0,3,0.011,0.004
skycell,"",552,1,1,4,0.016,0.005
skycell,"",553,1,0,7,0.017,0.007
skycell,"",554,1,1,4,0.016,0.005
skycell,"",555,1,0,3,0.011,0.004
skycell,"",556,1,1,4,0.011,0.006
skycell,"",557,1,0,3,0.011,0.004
skycell,"",558,1,1,4,0.011,0.005
skycell,"",559,1,0,6,0.017,0.007
skycell,"",560,1,1,4,0.011,0.005
skycell,"",561,1,0,3,0.011,0.004
skycell,"",562,1,1,5,0.011,0.007
skycell,"",563,1,0,7,0.017,0.007
skycell,"",564,1,1,4,0.011,0.004
skycell,"",565,1,0,3,0.011,0.004
skycell,"",566,1,1,4,0.016,0.005
skycell,"",567,1,0,3,0.011,0.004
skycell,"",568,1,1,4,0.011,0.005
skycell,"",569,1,0,6,0.018,0.006
skycell,"",570,1,1,4,0.014,0.008
skycell,"",571,1,0,3,0.017,0.007
skycell,"",572,1,13,7,0.013,0.025
skycell,"",573,1,0,3,0.011,0.004
skycell,"",574,1,1,4,0.011,0.005
skycell,"",575,1,0,3,0.011,0.004
skycell,"",576,1,1,4,0.011,0.005
skycell,"",577,1,0,4,0.011,0.005
skycell,"",578,1,2,5,0.012,0.009
skycell,"",579,1,0,3,0.011,0.004
skycell,"",580,1,1,4,0.011,0.005
skycell,"",581,1,0,6,0.018,0.006
skycell,"",582,1,1,4,0.011,0.006
skycell,"",583,1,0,7,0.017,0.007
skycell,"",584,1,1,4,0.011,0.004
skycell,"",585,1,0,3,0.02,0.004
skycell,"",586,1,1,4,0.011,0.005
skycell,"",587,1,0,3,0.011,0.003
skycell,"",588,1,1,4,0.011,0.004
skycell,"",589,1,0,3,0.011,0.004
skycell,"",590,1,1,4,0.011,0.005
skycell,"",591,1,0,3,0.011,0.004
skycell,"",592,1,1,4,0.011,0.005
skycell,"",593,1,0,3,0.012,0.004
skycell,"",594,1,1,4,0.011,0.005
skycell,"",595,1,0,3,0.011,0.004
skycell,"",596,1,1,4,0.011,0.004
skycell,"",597,1,0,7,0.017,0.007
skycell,"",598,1,1,4,0.011,0.005
skycell,"",599,1,0,3,0.011,0.005
skycell,"",600,1,1,4,0.011,0.005
skycell,"",601,1,0,3,0.011,0.005
skycell,"",602,1,1,4,0.011,0.004
skycell,"",603,1,0,4,0.011,0.005
skycell,"",604,1,2,7,0.017,0.009
skycell,"",605,1,0,3,0.011,0.004
skycell,"",606,1,18,17,0.011,0.083
skycell,"",607,1,0,6,0.017,0.005
skycell,"",608,1,1,7,0.017,0.008
skycell,"",609,1,0,3,0.011,0.004
skycell,"",610,1,1,4,0.011,0.006
skycell,"",611,1,0,7,0.017,0.007
skycell,"",612,1,1,7,0.017,0.008
skycell,"",613,1,0,3,0.011,0.003
skycell,"",614,1,1,4,0.011,0.005
skycell,"",615,1,0,3,0.011,0.004
skycell,"",616,1,1,4,0.011,0.005
skycell,"",617,1,0,3,0.011,0.004
skycell,"",618,1,1,4,0.014,0.005
skycell,"",619,1,0,3,0.011,0.004
skycell,"",620,1,1,4,0.011,0.006
skycell,"",621,1,0,3,0.011,0.004
skycell,"",622,1,1,7,0.017,0.007
skycell,"",623,1,0,3,0.011,0.014
skycell,"",624,1,1,4,0.014,0.007
skycell,"",625,1,0,3,0.011,0.004
skycell,"",626,1,1,4,0.011,0.005
skycell,"",627,1,0,6,0.017,0.005
skycell,"",628,1,1,4,0.011,0.006
skycell,"",629,1,0,3,0.011,0.003
skycell,"",630,1,1,4,0.011,0.005
skycell,"",631,1,0,3,0.011,0.004
skycell,"",632,1,1,4,0.011,0.004
skycell,"",633,1,0,3,0.011,0.004
skycell,"",634,1,1,7,0.017,0.007
skycell,"",635,1,0,7,0.017,0.013
skycell,"",636,1,1,4,0.011,0.005
skycell,"",637,1,1,4,0.012,0.005
skycell,"",638,1,1,4,0.011,0.005
skycell,"",639,1,0,6,0.02,0.006
skycell,"",640,1,1,4,0.011,0.005
skycell,"",641,1,0,3,0.011,0.004
skycell,"",642,1,1,4,0.011,0.005
skycell,"",643,1,0,6,0.017,0.005
skycell,"",644,1,1,4,0.011,0.005
skycell,"",645,1,0,3,0.011,0.004
skycell,"",646,1,1,4,0.011,0.005
skycell,"",647,1,0,7,0.017,0.007
skycell,"",648,1,1,4,0.011,0.006
skycell,"",649,1,0,3,0.011,0.003
skycell,"",650,1,1,4,0.011,0.004
skycell,"",651,1,0,6,0.017,0.006
skycell,"",652,1,1,4,0.011,0.004
skycell,"",653,1,0,3,0.011,0.004
skycell,"",654,1,1,4,0.011,0.004
skycell,"",655,1,0,4,0.011,0.005
skycell,"",656,1,1,4,0.011,0.005
skycell,"",657,1,0,3,0.011,0.004
skycell,"",658,1,11,7,0.011,0.02
skycell,"",659,1,0,6,0.017,0.005
skycell,"",660,1,1,7,0.017,0.007
skycell,"",661,1,0,3,0.011,0.004
skycell,"",662,1,1,4,0.011,0.006
skycell,"",663,1,0,3,0.011,0.004
skycell,"",664,1,1,4,0.011,0.005
skycell,"",665,1,0,3,0.011,0.004
skycell,"",666,1,1,4,0.011,0.005
skycell,"",667,1,0,3,0.011,0.004
skycell,"",668,1,1,4,0.011,0.004
skycell,"",669,1,0,3,0.011,0.004
skycell,"",670,1,1,7,0.017,0.007
skycell,"",671,1,0,3,0.011,0.004
skycell,"",672,1,2,6,0.011,0.017
skycell,"",673,1,0,4,0.011,0.006
skycell,"",674,1,1,4,0.011,0.005
skycell,"",675,1,0,6,0.017,0.006
skycell,"",676,1,1,7,0.017,0.008
skycell,"",677,1,0,3,0.011,0.004
skycell,"",678,1,1,4,0.011,0.005
skycell,"",679,1,0,4,0.011,0.005
skycell,"",680,1,1,4,0.011,0.005
skycell,"",681,1,0,3,0.011,0.004
skycell,"",682,1,1,7,0.017,0.006
skycell,"",683,1,0,3,0.011,0.004
skycell,"",684,1,1,4,0.011,0.005
skycell,"",685,1,0,3,0.011,0.004
skycell,"",686,1,1,4,0.014,0.005
skycell,"",687,1,0,3,0.015,0.005
skycell,"",688,1,11,8,0.011,0.029
skycell,"",689,1,0,4,0.011,0.005
skycell,"",690,1,1,4,0.011,0.005
skycell,"",691,1,0,3,0.011,0.004
skycell,"",692,1,1,4,0.011,0.006
skycell,"",693,1,0,6,0.017,0.005
skycell,"",694,1,1,7,0.017,0.007
skycell,"",695,1,0,3,0.011,0.004
skycell,"",696,1,1,4,0.011,0.005
skycell,"",697,1,0,3,0.011,0.004
skycell,"",698,1,1,4,0.011,0.005
skycell,"",699,1,0,6,0.017,0.006
skycell,"",700,1,1,4,0.011,0.005
skycell,"",701,1,0,3,0.011,0.004
skycell,"",702,1,2,4,0.011,0.005
skycell,"",703,1,0,3,0.011,0.004
skycell,"",704,1,1,4,0.011,0.004
skycell,"",705,1,0,6,0.017,0.006
skycell,"",706,1,1,4,0.014,0.007
skycell,"",707,1,0,4,0.014,0.006
skycell,"",708,1,1,4,0.011,0.005
skycell,"",709,1,0,4,0.011,0.005
skycell,"",710,1,1,7,0.017,0.007
skycell,"",711,1,0,3,0.011,0.004
skycell,"",712,1,1,4,0.011,0.005
skycell,"",713,1,0,6,0.017,0.006
skycell,"",714,1,1,4,0.011,0.006
skycell,"",715,1,0,3,0.011,0.004
skycell,"",716,1,1,8,0.018,0.009
skycell,"",717,1,0,3,0.011,0.004
skycell,"",718,1,1,4,0.011,0.005
skycell,"",719,1,0,3,0.011,0.004
skycell,"",720,1,1,7,0.017,0.007
skycell,"",721,1,0,6,0.017,0.005
skycell,"",722,1,1,4,0.011,0.005
skycell,"",723,1,0,3,0.011,0.004
skycell,"",724,1,1,4,0.011,0.006
skycell,"",725,1,0,3,0.011,0.004
skycell,"",726,1,1,5,0.011,0.005
skycell,"",727,1,0,4,0.011,0.005
skycell,"",728,1,1,4,0.011,0.005
skycell,"",729,1,0,3,0.011,0.004
skycell,"",730,1,1,4,0.011,0.005
skycell,"",731,1,0,6,0.017,0.005
skycell,"",732,1,1,7,0.017,0.007
skycell,"",733,1,0,7,0.017,0.007
skycell,"",734,1,1,4,0.011,0.005
skycell,"",735,1,0,3,0.011,0.004
skycell,"",736,1,1,8,0.017,0.009
skycell,"",737,1,0,3,0.011,0.004
skycell,"",738,1,1,4,0.011,0.004
skycell,"",739,1,0,3,0.011,0.004
skycell,"",740,1,1,7,0.017,0.007
skycell,"",741,1,0,4,0.011,0.005
skycell,"",742,1,1,4,0.011,0.005
skycell,"",743,1,0,3,0.011,0.004
skycell,"",744,1,1,4,0.011,0.005
skycell,"",745,1,0,3,0.011,0.004
skycell,"",746,1,1,4,0.011,0.005
skycell,"",747,1,0,4,0.011,0.005
skycell,"",748,1,1,4,0.011,0.006
skycell,"",749,1,0,6,0.017,0.006
skycell,"",750,1,1,4,0.011,0.005
skycell,"",751,1,0,3,0.011,0.004
skycell,"",752,1,1,4,0.011,0.005
skycell,"",753,1,0,3,0.011,0.004
skycell,"",754,1,1,4,0.011,0.005
skycell,"",755,1,0,3,0.011,0.004
skycell,"",756,1,2,4,0.011,0.006
skycell,"",757,1,0,3,0.011,0.004
skycell,"",758,1,1,5,0.011,0.006
skycell,"",759,1,0,6,0.017,0.005
skycell,"",760,1,1,7,0.017,0.008
skycell,"",761,1,0,3,0.011,0.004
skycell,"",762,1,1,4,0.011,0.007
skycell,"",763,1,0,4,0.011,0.005
skycell,"",764,1,1,4,0.011,0.005
skycell,"",765,1,0,6,0.017,0.006
skycell,"",766,1,1,4,0.011,0.005
skycell,"",767,1,0,4,0.011,0.005
skycell,"",768,1,1,4,0.011,0.005
skycell,"",769,1,0,3,0.011,0.004
skycell,"",770,1,3,17,0.017,0.053
skycell,"",771,1,0,3,0.011,0.003
skycell,"",772,1,1,4,0.011,0.005
skycell,"",773,1,0,3,0.011,0.004
skycell,"",774,1,1,4,0.011,0.006
skycell,"",775,1,0,3,0.014,0.005
skycell,"",776,1,1,4,0.011,0.005
skycell,"",777,1,0,3,0.011,0.004
skycell,"",778,1,1,4,0.011,0.005
skycell,"",779,1,0,3,0.011,0.004
skycell,"",780,1,1,7,0.017,0.007
skycell,"",781,1,0,3,0.011,0.004
skycell,"",782,1,1,4,0.011,0.005
skycell,"",783,1,0,7,0.017,0.006
skycell,"",784,1,1,4,0.011,0.006
skycell,"",785,1,0,3,0.011,0.004
skycell,"",786,1,1,4,0.011,0.005
skycell,"",787,1,0,3,0.011,0.004
skycell,"",788,1,1,4,0.011,0.005
skycell,"",789,1,0,3,0.011,0.004
skycell,"",790,1,1,4,0.012,0.005
skycell,"",791,1,0,3,0.011,0.004
skycell,"",792,1,1,4,0.011,0.005
skycell,"",793,1,0,6,0.017,0.006
skycell,"",794,1,1,7,0.02,0.008
skycell,"",795,1,0,3,0.011,0.004
skycell,"",796,1,1,4,0.011,0.005
skycell,"",797,1,0,3,0.011,0.004
skycell,"",798,1,1,4,0.011,0.004
skycell,"",799,1,0,6,0.017,0.005
skycell,"",800,1,1,4,0.011,0.005
skycell,"",801,1,0,4,0.011,0.005
skycell,"",802,4,2,8,0.017,0.01
skycell,"",803,1,0,3,0.011,0.004
skycell,"",804,1,1,5,0.011,0.011
skycell,"",805,1,0,3,0.011,0.004
skycell,"",806,4,2,8,0.017,0.008
skycell,"",807,1,0,4,0.011,0.005
skycell,"",808,1,3,15,0.028,0.025
skycell,"",809,1,0,7,0.017,0.011
skycell,"",810,1,1,5,0.011,0.01
skycell,"",811,1,1,4,0.012,0.007
skycell,"",812,1,1,7,0.017,0.012
skycell,"",813,1,0,4,0.011,0.005
skycell,"",814,1,1,4,0.011,0.005
skycell,"",815,1,0,4,0.011,0.005
skycell,"",816,1,2,4,0.011,0.005
skycell,"",817,1,0,7,0.017,0.012
skycell,"",818,1,1,4,0.012,0.005
skycell,"",819,1,0,4,0.011,0.005
skycell,"",820,2,4,12,0.023,0.02
skycell,"",821,1,0,4,0.013,0.006
skycell,"",822,1,199,34,0.017,0.155
skycell,"",823,1,0,4,0.011,0.005
skycell,"",824,1,2,4,0.012,0.007
skycell,"",825,1,0,4,0.011,0.005
skycell,"",826,1,1,4,0.014,0.006
skycell,"",827,1,0,8,0.017,0.016
skycell,"",828,1,1,4,0.011,0.005
skycell,"",829,1,1,8,0.017,0.015
skycell,"",830,1,2,8,0.017,0.015
skycell,"",831,1,1,4,0.011,0.005
skycell,"",832,1,1,4,0.011,0.006
skycell,"",833,1,0,4,0.011,0.005
skycell,"",834,1,1,4,0.011,0.005
skycell,"",835,1,0,4,0.011,0.005
skycell,"",836,4,8,8,0.017,0.016
skycell,"",837,1,0,4,0.011,0.005
skycell,"",838,1,1,4,0.011,0.007
skycell,"",839,1,0,4,0.011,0.005
skycell,"",840,1,2,4,0.011,0.005
skycell,"",841,1,0,7,0.019,0.011
skycell,"",842,1,1,4,0.011,0.007
skycell,"",843,1,0,4,0.014,0.005
skycell,"",844,1,1,4,0.011,0.007
skycell,"",845,1,0,4,0.011,0.005
skycell,"",846,1,1,4,0.011,0.005
skycell,"",847,1,0,3,0.011,0.004
skycell,"",848,1,1,4,0.011,0.005
skycell,"",849,1,0,3,0.011,0.004
skycell,"",850,1,1,4,0.011,0.006
skycell,"",851,1,0,4,0.011,0.005
skycell,"",852,1,2,4,0.011,0.007
skycell,"",853,1,0,4,0.011,0.005
skycell,"",854,1,2,4,0.011,0.006
skycell,"",855,1,0,5,0.013,0.006
skycell,"",856,2,3,4,0.011,0.005
skycell,"",857,1,0,4,0.011,0.005
skycell,"",858,1,8,4,0.011,0.007
skycell,"",859,1,0,4,0.011,0.005
skycell,"",860,1,1,4,0.011,0.007
skycell,"",861,1,0,4,0.011,0.005
skycell,"",862,1,3,8,0.017,0.014
skycell,"",863,1,0,4,0.011,0.006
skycell,"",864,1,359,49,0.011,0.274
skycell,"",865,1,0,3,0.012,0.004
skycell,"",866,1,2,8,0.017,0.014
skycell,"",867,1,0,4,0.011,0.006
skycell,"",868,1,2,5,0.011,0.01
skycell,"",869,1,0,4,0.011,0.005
skycell,"",870,1,1,4,0.011,0.006
skycell,"",871,1,0,4,0.011,0.005
skycell,"",872,1,3,10,0.018,0.02
skycell,"",873,1,0,4,0.011,0.004
skycell,"",874,5,5,4,0.011,0.009
skycell,"",875,1,0,3,0.011,0.004
skycell,"",876,1,3,4,0.011,0.007
skycell,"",877,1,0,3,0.013,0.005
skycell,"",878,1,1,4,0.022,0.006
skycell,"",879,1,0,3,0.011,0.004
skycell,"",880,1,1,4,0.011,0.005
skycell,"",881,1,0,4,0.011,0.005
skycell,"",882,2,1,4,0.013,0.008
skycell,"",883,1,0,8,0.017,0.014
skycell,"",884,1,3,5,0.011,0.007
skycell,"",885,1,1,8,0.019,0.019
skycell,"",886,2,4,7,0.019,0.015
skycell,"",887,1,0,4,0.027,0.012
skycell,"",888,1,1,4,0.018,0.009
skycell,"",889,1,0,4,0.015,0.007
skycell,"",890,1,2,4,0.015,0.01
skycell,"",891,1,3,4,0.014,0.01
skycell,"",892,1,1,4,0.014,0.007
skycell,"",893,3,3,8,0.022,0.02
skycell,"",894,1,2,4,0.015,0.007
skycell,"",895,1,0,4,0.014,0.007
skycell,"",896,1,1,4,0.018,0.008
skycell,"",897,1,0,4,0.014,0.006
skycell,"",898,1,2,8,0.021,0.017
skycell,"",899,1,0,4,0.014,0.006
skycell,"",900,1,1,4,0.017,0.007
skycell,"",901,1,0,4,0.017,0.008
skycell,"",902,1,3,8,0.021,0.017
skycell,"",903,1,0,4,0.014,0.007
skycell,"",904,1,2,8,0.02,0.017
skycell,"",905,1,0,3,0.014,0.006
skycell,"",906,2,4,4,0.013,0.008
skycell,"",907,1,1,4,0.014,0.007
skycell,"",908,1,3,4,0.014,0.007
skycell,"",909,1,0,4,0.014,0.006
skycell,"",910,1,5,4,0.013,0.009
skycell,"",911,1,0,7,0.024,0.016
skycell,"",912,1,1,4,0.014,0.006
skycell,"",913,1,0,4,0.013,0.007
skycell,"",914,1,1,4,0.013,0.014
skycell,"",915,1,0,4,0.013,0.007
skycell,"",916,1,1,4,0.013,0.007
skycell,"",917,1,0,3,0.013,0.005
skycell,"",918,1,1,7,0.02,0.013
skycell,"",919,1,0,4,0.013,0.005
skycell,"",920,1,1,4,0.025,0.006
skycell,"",921,1,0,7,0.02,0.013
skycell,"",922,1,1,4,0.014,0.008
skycell,"",923,1,0,7,0.02,0.013
skycell,"",924,2,4,4,0.014,0.01
skycell,"",925,1,0,6,0.02,0.011
skycell,"",926,1,2,7,0.02,0.013
skycell,"",927,1,0,4,0.013,0.006
skycell,"",928,1,48,23,0.02,0.103
skycell,"",929,1,0,4,0.014,0.006
skycell,"",930,2,4,8,0.02,0.018
skycell,"",931,1,0,4,0.017,0.007
skycell,"",932,2,2,4,0.013,0.008
skycell,"",933,1,2,7,0.02,0.014
skycell,"",934,2,2,8,0.02,0.015
skycell,"",935,1,0,4,0.013,0.007
skycell,"",936,2,5,4,0.013,0.008
skycell,"",937,1,2,4,0.013,0.007
skycell,"",938,1,1,4,0.013,0.008
skycell,"",939,1,0,7,0.019,0.01
skycell,"",940,1,2,4,0.014,0.007
skycell,"",941,1,0,3,0.013,0.005
skycell,"",942,4,4,4,0.013,0.01
skycell,"",943,1,0,7,0.02,0.012
skycell,"",944,1,1,7,0.019,0.011
skycell,"",945,1,0,4,0.013,0.006
skycell,"",946,3,4,8,0.019,0.018
skycell,"",947,1,0,7,0.019,0.012
skycell,"",948,2,2,4,0.013,0.008
skycell,"",949,1,0,8,0.019,0.015
skycell,"",950,1,1,4,0.013,0.006
skycell,"",951,1,0,4,0.013,0.007
skycell,"",952,1,1,4,0.013,0.006
skycell,"",953,1,0,8,0.019,0.015
skycell,"",954,1,1,4,0.013,0.007
skycell,"",955,1,0,4,0.013,0.005
skycell,"",956,1,1,5,0.016,0.017
skycell,"",957,1,0,4,0.013,0.007
skycell,"",958,1,1,4,0.013,0.054
skycell,"",959,1,0,8,0.039,0.025
skycell,"",960,1,1,5,0.019,0.011
skycell,"",961,1,0,7,0.023,0.014
skycell,"",962,1,2,4,0.016,0.009
skycell,"",963,1,0,8,0.022,0.019
skycell,"",964,2,3,8,0.021,0.018
skycell,"",965,1,0,3,0.015,0.006
skycell,"",966,1,1,4,0.014,0.008
skycell,"",967,1,0,6,0.02,0.01
skycell,"",968,1,2,4,0.014,0.008
skycell,"",969,1,0,4,0.013,0.007
skycell,"",970,1,18,6,0.016,0.023
skycell,"",971,2,2,5,0.013,0.014
skycell,"",972,1,2,4,0.015,0.009
skycell,"",973,1,0,7,0.02,0.012
skycell,"",974,2,3,4,0.013,0.008
skycell,"",975,1,0,6,0.02,0.011
skycell,"",976,1,3,4,0.013,0.007
skycell,"",977,1,1,4,0.013,0.008
skycell,"",978,1,1,7,0.019,0.013
skycell,"",979,1,0,4,0.016,0.007
skycell,"",980,1,1,4,0.013,0.007
skycell,"",981,1,0,4,0.013,0.007
skycell,"",982,5,7,4,0.013,0.01
skycell,"",983,1,0,4,0.013,0.008
skycell,"",984,1,2,4,0.013,0.008
skycell,"",985,1,0,4,0.015,0.007
skycell,"",986,3,5,5,0.015,0.01
skycell,"",987,1,0,7,0.019,0.013
skycell,"",988,1,1,4,0.013,0.008
skycell,"",989,1,0,3,0.012,0.005
skycell,"",990,1,6,6,0.013,0.015
skycell,"",991,1,0,8,0.019,0.015
skycell,"",992,2,1,8,0.021,0.016
skycell,"",993,1,0,3,0.013,0.005
skycell,"",994,1,1,8,0.019,0.016
skycell,"",995,1,0,4,0.013,0.007
skycell,"",996,2,5,8,0.019,0.016
skycell,"",997,1,0,3,0.013,0.005
skycell,"",998,4,5,4,0.012,0.008
skycell,"",999,1,0,4,0.013,0.006
skycell,"",1000,1,1,4,0.013,0.007
skycell,"",1001,1,0,4,0.013,0.006
skycell,"",1002,1,1,4,0.013,0.006
skycell,"",1003,1,0,4,0.013,0.006
skycell,"",1004,1,1,4,0.013,0.006
skycell,"",1005,1,0,8,0.023,0.016
skycell,"",1006,2,3,4,0.013,0.009
skycell,"",1007,1,1,7,0.019,0.012
skycell,"",1008,1,2,4,0.016,0.009
skycell,"",1009,1,0,4,0.013,0.007
skycell,"",1010,1,2,4,0.013,0.007
skycell,"",1011,1,0,7,0.02,0.012
skycell,"",1012,1,1,4,0.013,0.006
skycell,"",1013,1,1,4,0.013,0.01
skycell,"",1014,3,2,8,0.019,0.016
skycell,"",1015,1,0,4,0.013,0.007
skycell,"",1016,1,1,4,0.014,0.008
skycell,"",1017,1,0,7,0.019,0.012
skycell,"",1018,1,3,4,0.013,0.007
skycell,"",1019,1,0,3,0.013,0.005
skycell,"",1020,1,1,4,0.012,0.015
skycell,"",1021,1,0,4,0.013,0.008
skycell,"",1022,1,1,7,0.019,0.011
skycell,"",1023,1,0,3,0.013,0.005
skycell,"",1024,1,1,4,0.015,0.008
skycell,"",1025,1,0,3,0.013,0.006
skycell,"",1026,1,1,4,0.012,0.008
skycell,"",1027,2,0,8,0.019,0.016
skycell,"",1028,2,4,8,0.019,0.014
skycell,"",1029,1,0,4,0.013,0.006
skycell,"",1030,1,1,4,0.013,0.007
skycell,"",1031,1,0,7,0.022,0.013
skycell,"",1032,1,1,7,0.02,0.013
skycell,"",1033,1,0,4,0.021,0.01
skycell,"",1034,1,2,4,0.014,0.008
skycell,"",1035,1,0,3,0.013,0.006
skycell,"",1036,3,1,5,0.013,0.01
skycell,"",1037,1,0,4,0.013,0.006
skycell,"",1038,2,1,7,0.025,0.015
skycell,"",1039,1,0,4,0.013,0.008
skycell,"",1040,2,1,4,0.013,0.009
skycell,"",1041,1,0,4,0.015,0.007
skycell,"",1042,1,1,4,0.012,0.008
skycell,"",1043,1,0,4,0.012,0.006
skycell,"",1044,1,1,4,0.012,0.008
skycell,"",1045,1,1,4,0.012,0.007
skycell,"",1046,1,3,4,0.012,0.007
skycell,"",1047,1,0,4,0.018,0.007
skycell,"",1048,1,1,4,0.012,0.01
skycell,"",1049,1,0,4,0.012,0.007
skycell,"",1050,1,3,4,0.012,0.006
skycell,"",1051,1,0,3,0.012,0.005
skycell,"",1052,1,1,8,0.018,0.015
skycell,"",1053,1,0,7,0.018,0.012
skycell,"",1054,1,1,7,0.018,0.01
skycell,"",1055,1,0,4,0.012,0.006
skycell,"",1056,1,1,4,0.012,0.006
skycell,"",1057,1,0,4,0.014,0.007
skycell,"",1058,1,64,17,0.027,0.072
skycell,"",1059,1,0,4,0.012,0.008
skycell,"",1060,1,1,8,0.017,0.015
skycell,"",1061,1,0,4,0.012,0.005
skycell,"",1062,1,1,4,0.012,0.006
skycell,"",1063,1,0,4,0.012,0.007
skycell,"",1064,3,6,8,0.018,0.016
skycell,"",1065,1,2,4,0.012,0.007
skycell,"",1066,1,2,5,0.011,0.008
skycell,"",1067,1,0,7,0.018,0.012
skycell,"",1068,1,2,4,0.012,0.008
skycell,"",1069,1,0,4,0.012,0.005
skycell,"",1070,2,4,4,0.012,0.009
skycell,"",1071,1,0,4,0.011,0.004
skycell,"",1072,1,3,8,0.018,0.015
skycell,"",1073,1,0,4,0.012,0.006
skycell,"",1074,1,1,4,0.012,0.005
skycell,"",1075,1,0,5,0.011,0.008
skycell,"",1076,1,1,4,0.012,0.005
skycell,"",1077,1,0,4,0.012,0.006
skycell,"",1078,1,1,13,0.029,0.021
skycell,"",1079,1,1,4,0.012,0.007
skycell,"",1080,1,2,4,0.012,0.007
skycell,"",1081,1,0,4,0.015,0.005
skycell,"",1082,1,2,8,0.018,0.013
skycell,"",1083,1,0,3,0.011,0.005
skycell,"",1084,1,1,4,0.012,0.006
skycell,"",1085,1,0,4,0.011,0.005
skycell,"",1086,1,2,4,0.011,0.006
skycell,"",1087,1,0,7,0.018,0.006
skycell,"",1088,1,2,4,0.011,0.006
skycell,"",1089,1,0,4,0.012,0.007
skycell,"",1090,3,5,4,0.012,0.006
skycell,"",1091,1,0,7,0.017,0.007
skycell,"",1092,1,2,5,0.014,0.009
skycell,"",1093,1,0,7,0.018,0.007
skycell,"",1094,1,2,4,0.011,0.007
skycell,"",1095,1,0,4,0.011,0.005
skycell,"",1096,2,1,5,0.012,0.009
skycell,"",1097,1,0,3,0.011,0.004
skycell,"",1098,1,1,4,0.022,0.008
skycell,"",1099,1,1,4,0.011,0.006
skycell,"",1100,3,7,4,0.011,0.009
skycell,"",1101,3,1,5,0.011,0.007
skycell,"",1102,3,3,8,0.017,0.014
skycell,"",1103,4,11,12,0.022,0.024
skycell,"",1104,4,2,8,0.018,0.012
skycell,"",1105,5,1,4,0.011,0.006
skycell,"",1106,55,59,10,0.018,0.024
skycell,"",1107,3,3,4,0.013,0.007
skycell,"",1108,48,36,6,0.012,0.016
skycell,"",1109,3,3,4,0.012,0.008
skycell,"",1110,16,27,6,0.011,0.017
skycell,"",1111,5,3,7,0.017,0.008
skycell,"",1112,3,5,8,0.018,0.014
skycell,"",1113,3,2,4,0.012,0.007
skycell,"",1114,147,123,25,0.039,0.058
skycell,"",1115,3,4,4,0.015,0.008
skycell,"",1116,136,137,15,0.024,0.038
skycell,"",1117,9,11,4,0.012,0.008
skycell,"",1118,110,107,14,0.026,0.033
skycell,"",1119,14,14,6,0.012,0.021
skycell,"",1120,165,158,22,0.032,0.05
skycell,"",1121,12,2,14,0.029,0.015
skycell,"",1122,38,21,16,0.027,0.024
skycell,"",1123,3,2,4,0.012,0.008
skycell,"",1124,3,4,9,0.018,0.018
skycell,"",1125,5,3,13,0.031,0.021
skycell,"",1126,7,18,8,0.018,0.02
skycell,"",1127,3,3,8,0.018,0.011
skycell,"",1128,5,6,7,0.018,0.009
skycell,"",1129,13,21,8,0.018,0.013
skycell,"",1130,4,8,4,0.015,0.007
skycell,"",1131,4,2,4,0.012,0.009
skycell,"",1132,83,88,17,0.027,0.031
skycell,"",1133,38,15,8,0.023,0.018
skycell,"",1134,3,1,13,0.026,0.021
skycell,"",1135,3,3,4,0.014,0.009
skycell,"",1136,15,29,6,0.012,0.018
skycell,"",1137,3,0,9,0.018,0.017
skycell,"",1138,5,2,4,0.012,0.007
skycell,"",1139,3,1,4,0.011,0.007
skycell,"",1140,3,6,4,0.012,0.007
skycell,"",1141,6,8,4,0.012,0.023
skycell,"",1142,3,2,4,0.013,0.008
skycell,"",1143,10,4,8,0.023,0.017
skycell,"",1144,53,75,9,0.018,0.03
skycell,"",1145,3,4,4,0.012,0.009
skycell,"",1146,27,22,9,0.02,0.026
skycell,"",1147,4,2,4,0.024,0.006
skycell,"",1148,3,6,4,0.012,0.008
skycell,"",1149,6,9,8,0.018,0.022
skycell,"",1150,50,66,19,0.028,0.036
skycell,"",1151,3,1,4,0.012,0.006
skycell,"",1152,4,34,14,0.018,0.048
skycell,"",1153,3,4,8,0.018,0.01
skycell,"",1154,23,45,9,0.018,0.017
skycell,"",1155,11,3,7,0.017,0.009
skycell,"",1156,10,466,37,0.028,0.165
skycell,"",1157,4,1,15,0.03,0.033
skycell,"",1158,30,49,7,0.014,0.029
skycell,"",1159,3,2,4,0.012,0.006
skycell,"",1160,39,42,18,0.028,0.031
skycell,"",1161,4,4,4,0.021,0.008
skycell,"",1162,3,3,5,0.015,0.011
skycell,"",1163,3,6,8,0.018,0.018
skycell,"",1164,3,3,5,0.012,0.009
skycell,"",1165,9,12,8,0.018,0.018
skycell,"",1166,19,20,9,0.018,0.02
skycell,"",1167,3,4,4,0.014,0.008
skycell,"",1168,4,930,31,0.012,0.236
skycell,"",1169,49,46,8,0.025,0.028
skycell,"",1170,5,5,8,0.021,0.017
skycell,"",1171,3,1,4,0.014,0.008
skycell,"",1172,6,6,5,0.013,0.01
skycell,"",1173,3,3,8,0.019,0.017
skycell,"",1174,3,4,4,0.013,0.008
skycell,"",1175,4,1,4,0.013,0.007
skycell,"",1176,12,16,5,0.012,0.011
skycell,"",1177,3,2,5,0.013,0.009
skycell,"",1178,8,10,5,0.013,0.012
skycell,"",1179,3,4,4,0.013,0.007
skycell,"",1180,24,13,4,0.012,0.009
skycell,"",1181,3,2,6,0.012,0.013
skycell,"",1182,45,52,13,0.025,0.033
skycell,"",1183,11,7,11,0.027,0.019
skycell,"",1184,3,4,4,0.013,0.008
skycell,"",1185,10,1,4,0.016,0.006
skycell,"",1186,25,48,17,0.03,0.037
skycell,"",1187,3,3,8,0.019,0.014
skycell,"",1188,5,3,12,0.025,0.02
skycell,"",1189,3,3,4,0.013,0.008
skycell,"",1190,3,2,8,0.019,0.011
skycell,"",1191,3,1,4,0.014,0.008
skycell,"",1192,5,137,15,0.013,0.077
skycell,"",1193,3,2,5,0.013,0.008
skycell,"",1194,3,3,8,0.019,0.012
skycell,"",1195,5,2,15,0.029,0.019
skycell,"",1196,6,8,8,0.021,0.016
skycell,"",1197,4,1,5,0.013,0.009
skycell,"",1198,25,49,14,0.024,0.049
skycell,"",1199,3,4,5,0.014,0.01
skycell,"",1200,51,55,12,0.023,0.03
skycell,"",1201,3,2,8,0.021,0.016
skycell,"",1202,6,6,4,0.022,0.009
skycell,"",1203,57,48,10,0.018,0.027
skycell,"",1204,8,8,8,0.024,0.02
skycell,"",1205,3,0,5,0.013,0.008
skycell,"",1206,54,63,14,0.024,0.034
skycell,"",1207,6,8,5,0.015,0.017
skycell,"",1208,4,10,5,0.015,0.013
skycell,"",1209,3,2,7,0.018,0.014
skycell,"",1210,8,8,4,0.012,0.009
skycell,"",1211,3,0,8,0.018,0.017
skycell,"",1212,58,72,9,0.024,0.033
skycell,"",1213,3,2,4,0.013,0.008
skycell,"",1214,23,26,13,0.023,0.028
skycell,"",1215,3,1,5,0.015,0.01
skycell,"",1216,32,33,9,0.018,0.025
skycell,"",1217,3,2,4,0.012,0.009
skycell,"",1218,4,4,8,0.018,0.017
skycell,"",1219,3,5,4,0.016,0.01
skycell,"",1220,56,70,11,0.018,0.033
skycell,"",1221,3,0,5,0.012,0.008
skycell,"",1222,9,3834,52,0.019,0.368
skycell,"",1223,3,1,4,0.013,0.008
skycell,"",1224,6,5,4,0.012,0.007
skycell,"",1225,13,11,5,0.012,0.013
skycell,"",1226,7,3,11,0.023,0.022
skycell,"",1227,5,4,8,0.028,0.022
skycell,"",1228,6,1616,45,0.024,0.276
skycell,"",1229,9,11,9,0.019,0.021
skycell,"",1230,3,1,4,0.012,0.008
skycell,"",1231,3,1,5,0.012,0.007
skycell,"",1232,187,170,28,0.038,0.061
skycell,"",1233,3,2,5,0.013,0.009
skycell,"",1234,3,3,5,0.014,0.01
skycell,"",1235,3,2,4,0.012,0.007
skycell,"",1236,38,32,15,0.028,0.025
skycell,"",1237,3,2,4,0.016,0.009
skycell,"",1238,4,4,8,0.019,0.011
skycell,"",1239,3,6,6,0.012,0.012
skycell,"",1240,39,40,9,0.018,0.023
skycell,"",1241,5,3,8,0.019,0.013
skycell,"",1242,16,11,8,0.018,0.013
skycell,"",1243,55,51,17,0.028,0.04
skycell,"",1244,45,66,9,0.018,0.029
skycell,"",1245,3,1,8,0.018,0.014
skycell,"",1246,3,3,4,0.013,0.006
skycell,"",1247,4,0,8,0.018,0.015
skycell,"",1248,158,106,18,0.029,0.049
skycell,"",1249,16,11,5,0.016,0.011
skycell,"",1250,35,29,9,0.018,0.019
skycell,"",1251,3,2,4,0.012,0.008
skycell,"",1252,83,79,25,0.038,0.035
skycell,"",1253,3,4,7,0.02,0.01
skycell,"",1254,110,118,23,0.034,0.045
skycell,"",1255,38,47,18,0.028,0.028
skycell,"",1256,4,4009,49,0.012,0.373
skycell,"",1257,84,74,13,0.023,0.029
skycell,"",1258,3,4,5,0.014,0.01
skycell,"",1259,3,1,8,0.032,0.018
skycell,"",1260,7,5,16,0.036,0.03
skycell,"",1261,76,99,17,0.028,0.036
skycell,"",1262,126,140,10,0.021,0.046
skycell,"",1263,3,2,4,0.012,0.007
skycell,"",1264,48,74,7,0.012,0.022
skycell,"",1265,3,1,4,0.012,0.007
skycell,"",1266,28,21,17,0.028,0.027
skycell,"",1267,3,3,5,0.012,0.01
skycell,"",1268,3,3,5,0.012,0.014
skycell,"",1269,3,3,8,0.026,0.013
skycell,"",1270,17,22,12,0.023,0.026
skycell,"",1271,22,14,9,0.018,0.016
skycell,"",1272,13,19,8,0.018,0.023
skycell,"",1273,3,4,4,0.012,0.008
skycell,"",1274,7,730,40,0.029,0.171
skycell,"",1275,55,61,13,0.025,0.031
skycell,"",1276,4,3,8,0.019,0.015
skycell,"",1277,4,2,4,0.013,0.008
skycell,"",1278,142,139,15,0.027,0.049
skycell,"",1279,3,0,4,0.014,0.009
skycell,"",1280,92,87,9,0.018,0.029
skycell,"",1281,3,3,8,0.018,0.015
skycell,"",1282,47,77,10,0.018,0.032
skycell,"",1283,5,4,4,0.013,0.007
skycell,"",1284,40,47,15,0.025,0.044
skycell,"",1285,27,36,6,0.012,0.017
skycell,"",1286,3,2,4,0.013,0.007
skycell,"",1287,4,7,4,0.012,0.008
skycell,"",1288,3,4,4,0.012,0.009
skycell,"",1289,3,1,4,0.012,0.009
skycell,"",1290,132,175,23,0.034,0.057
skycell,"",1291,3,2,8,0.019,0.013
skycell,"",1292,94,65,13,0.023,0.025
skycell,"",1293,3,4,4,0.012,0.008
skycell,"",1294,51,59,8,0.018,0.023
skycell,"",1295,5,2,7,0.018,0.009
skycell,"",1296,8,5,5,0.015,0.009
skycell,"",1297,3,1,4,0.012,0.008
skycell,"",1298,5,9,12,0.024,0.017
skycell,"",1299,7,3,4,0.012,0.007
skycell,"",1300,55,81,10,0.019,0.022
skycell,"",1301,110,115,17,0.029,0.042
skycell,"",1302,872,528,40,0.054,0.105
skycell,"",1303,331,144,27,0.045,0.056
skycell,"",1304,637,1562,66,0.061,0.247
skycell,"",1305,76,53,10,0.02,0.021
skycell,"",1306,1281,1632,77,0.073,0.253
skycell,"",1307,148,103,17,0.03,0.033
skycell,"",1308,107,85,21,0.05,0.046
skycell,"",1309,70,72,10,0.019,0.024
skycell,"",1310,66,68,11,0.018,0.029
skycell,"",1311,71,63,12,0.023,0.025
skycell,"",1312,71,66,14,0.027,0.028
skycell,"",1313,72,51,13,0.03,0.076
skycell,"",1314,130,69,22,0.052,0.036
skycell,"",1315,195,475,29,0.029,0.116
skycell,"",1316,179,397,21,0.023,0.079
skycell,"",1317,69,71,17,0.029,0.036
skycell,"",1318,888,800,47,0.052,0.14
skycell,"",1319,64,64,18,0.028,0.149
skycell,"",1320,79,73,25,0.041,0.043
skycell,"",1321,133,75,23,0.038,0.036
skycell,"",1322,133,69,19,0.034,0.033
skycell,"",1323,80,77,13,0.023,0.033
skycell,"",1324,2152,2294,85,0.084,0.335
skycell,"",1325,87,84,21,0.036,0.041
skycell,"",1326,552,752,43,0.05,0.141
skycell,"",1327,97,72,19,0.034,0.029
skycell,"",1328,800,879,42,0.046,0.144
skycell,"",1329,83,81,18,0.032,0.038
skycell,"",1330,1530,1598,61,0.06,0.25
skycell,"",1331,65,61,14,0.027,0.038
skycell,"",1332,90,69,19,0.029,0.037
skycell,"",1333,70,67,6,0.014,0.03
skycell,"",1334,815,736,43,0.05,0.129
skycell,"",1335,269,311,27,0.034,0.079
skycell,"",1336,804,1019,43,0.049,0.209
skycell,"",1337,77,81,13,0.03,0.033
skycell,"",1338,896,1099,63,0.081,0.192
skycell,"",1339,111,122,10,0.02,0.03
skycell,"",1340,902,1284,55,0.055,0.186
skycell,"",1341,86,56,11,0.019,0.035
skycell,"",1342,75,65,18,0.029,0.041
skycell,"",1343,69,61,9,0.018,0.03
skycell,"",1344,62,57,14,0.023,0.038
skycell,"",1345,70,63,18,0.029,0.036
skycell,"",1346,717,553,42,0.054,0.114
skycell,"",1347,74,68,13,0.027,0.032
skycell,"",1348,71,63,11,0.021,0.031
skycell,"",1349,137,216,26,0.034,0.068
skycell,"",1350,73,75,17,0.03,0.03
skycell,"",1351,78,69,25,0.039,0.04
skycell,"",1352,128,157,18,0.029,0.043
skycell,"",1353,267,211,27,0.046,0.061
skycell,"",1354,181,136,14,0.023,0.04
skycell,"",1355,75,47,14,0.023,0.031
skycell,"",1356,554,660,42,0.055,0.124
skycell,"",1357,78,70,12,0.024,0.031
skycell,"",1358,71,66,9,0.018,0.03
skycell,"",1359,158,68,21,0.035,0.038
skycell,"",1360,590,674,44,0.056,0.125
skycell,"",1361,71,67,18,0.03,0.037
skycell,"",1362,67,61,13,0.023,0.031
skycell,"",1363,91,60,14,0.023,0.032
skycell,"",1364,2049,2512,79,0.064,0.432
skycell,"",1365,64,65,19,0.051,0.05
skycell,"",1366,69,65,15,0.028,0.038
skycell,"",1367,69,60,9,0.021,0.03
skycell,"",1368,72,60,14,0.026,0.034
skycell,"",1369,435,163,33,0.055,0.053
skycell,"",1370,3917,4069,122,0.098,0.536
skycell,"",1371,73,77,14,0.029,0.029
skycell,"",1372,324,601,29,0.033,0.125
skycell,"",1373,62,49,18,0.031,0.038
skycell,"",1374,70,70,6,0.015,0.025
skycell,"",1375,111,73,24,0.041,0.036
skycell,"",1376,701,495,41,0.056,0.114
skycell,"",1377,86,63,16,0.029,0.027
skycell,"",1378,1164,1356,57,0.06,0.216
skycell,"",1379,78,79,14,0.025,0.034
skycell,"",1380,1336,1572,62,0.064,0.228
skycell,"",1381,91,47,24,0.048,0.043
skycell,"",1382,70,75,23,0.038,0.049
skycell,"",1383,88,65,7,0.014,0.027
skycell,"",1384,85,77,14,0.025,0.038
skycell,"",1385,1401,1227,68,0.091,0.283
skycell,"",1386,1370,1589,52,0.052,0.23
skycell,"",1387,68,79,10,0.022,0.033
skycell,"",1388,1152,898,50,0.061,0.165
skycell,"",1389,89,69,16,0.031,0.037
skycell,"",1390,517,710,42,0.046,0.14
skycell,"",1391,72,77,13,0.027,0.043
skycell,"",1392,67,67,10,0.027,0.148
skycell,"",1393,103,66,16,0.049,0.063
skycell,"",1394,3565,3504,118,0.125,0.528
skycell,"",1395,80,64,15,0.055,0.061
skycell,"",1396,3192,3600,108,0.109,0.491
skycell,"",1397,153,59,15,0.037,0.051
skycell,"",1398,2736,2926,94,0.088,0.421
skycell,"",1399,115,66,19,0.044,0.04
skycell,"",1400,3986,4002,119,0.101,0.574
skycell,"",1401,588,297,37,0.071,0.099
skycell,"",1402,232,254,24,0.066,0.108
skycell,"",1403,353,324,38,0.06,0.1
skycell,"",1404,1206,1369,67,0.078,0.231
skycell,"",1405,323,265,31,0.052,0.083
skycell,"",1406,1455,1108,50,0.061,0.205
skycell,"",1407,284,276,24,0.059,0.097
skycell,"",1408,4801,4152,124,0.109,0.847
skycell,"",1409,284,297,31,0.075,0.088
skycell,"",1410,275,306,24,0.048,0.091
skycell,"",1411,913,748,44,0.063,0.168
skycell,"",1412,316,265,29,0.054,0.095
skycell,"",1413,299,280,25,0.054,0.097
skycell,"",1414,786,1101,59,0.077,0.218
skycell,"",1415,451,251,25,0.082,0.204
skycell,"",1416,8677,9129,188,0.146,1.254
skycell,"",1417,416,272,24,0.058,0.089
skycell,"",1418,4862,5071,139,0.113,0.831
skycell,"",1419,313,271,27,0.055,0.087
skycell,"",1420,4521,5690,129,0.093,0.797
skycell,"",1421,351,233,19,0.041,0.067
skycell,"",1422,3112,4433,121,0.127,0.666
skycell,"",1423,320,260,28,0.064,0.096
skycell,"",1424,1558,3126,90,0.141,0.446
skycell,"",1425,2450,3145,105,0.105,0.467
skycell,"",1426,512,302,36,0.054,0.092
skycell,"",1427,328,255,38,0.057,0.076
skycell,"",1428,4182,3905,119,0.09,0.558
skycell,"",1429,1704,1284,53,0.064,0.199
skycell,"",1430,1356,1294,41,0.036,0.168
skycell,"",1431,289,289,27,0.041,0.071
skycell,"",1432,967,268,40,0.062,0.071
skycell,"",1433,1565,901,50,0.062,0.141
skycell,"",1434,625,277,36,0.061,0.072
skycell,"",1435,1354,1243,62,0.065,0.187
skycell,"",1436,580,1021,51,0.064,0.172
skycell,"",1437,279,298,27,0.041,0.071
skycell,"",1438,385,4191,82,0.056,0.448
skycell,"",1439,317,307,28,0.049,0.068
skycell,"",1440,248,269,29,0.042,0.074
skycell,"",1441,2599,2336,82,0.075,0.342
skycell,"",1442,2380,2435,83,0.077,0.362
skycell,"",1443,2376,2502,93,0.1,0.334
skycell,"",1444,29034,35019,557,0.118,3.83
skycell,"",1445,11949,11114,228,0.143,1.246
skycell,"",1446,3440,6517,142,0.097,0.657
skycell,"",1447,3236,2340,91,0.091,0.324
skycell,"",1448,139769,147516,1985,0.107,15.109
skycell,"",1449,3366,2525,98,0.151,0.389
skycell,"",1450,39859,43516,654,0.124,4.63
skycell,"",1451,2947,2330,94,0.139,0.349
skycell,"",1452,26962,26649,458,0.159,3.158
skycell,"",1453,2569,2324,103,0.122,0.365
skycell,"",1454,22198,22109,385,0.131,2.812
skycell,"",1455,2964,2386,104,0.157,0.39
skycell,"",1456,18720,18819,330,0.138,2.056
skycell,use_stats=off,1,1,0,3,0.017,0.008
skycell,use_stats=off,2,1,1,4,0.016,0.009
skycell,use_stats=off,3,1,0,3,0.013,0.006
skycell,use_stats=off,4,1,1,4,0.012,0.006
skycell,use_stats=off,5,1,0,3,0.012,0.005
skycell,use_stats=off,6,1,1,4,0.012,0.007
skycell,use_stats=off,7,1,0,3,0.012,0.006
skycell,use_stats=off,8,1,1,4,0.012,0.006
skycell,use_stats=off,9,1,0,3,0.011,0.005
skycell,use_stats=off,10,1,1,4,0.012,0.005
skycell,use_stats=off,11,1,0,3,0.011,0.006
skycell,use_stats=off,12,1,1,7,0.019,0.013
skycell,use_stats=off,13,1,0,3,0.012,0.004
skycell,use_stats=off,14,1,1,4,0.012,0.006
skycell,use_stats=off,15,1,0,3,0.011,0.005
skycell,use_stats=off,16,1,1,4,0.011,0.005
skycell,use_stats=off,17,1,0,3,0.011,0.004
skycell,use_stats=off,18,1,1,7,0.024,0.009
skycell,use_stats=off,19,1,0,3,0.011,0.004
skycell,use_stats=off,20,1,1,4,0.011,0.006
skycell,use_stats=off,21,1,0,3,0.011,0.004
skycell,use_stats=off,22,1,1,7,0.018,0.008
skycell,use_stats=off,23,1,0,3,0.011,0.004
skycell,use_stats=off,24,1,1,4,0.011,0.006
skycell,use_stats=off,25,1,0,3,0.025,0.005
skycell,use_stats=off,26,1,1,4,0.012,0.006
skycell,use_stats=off,27,1,0,3,0.011,0.005
skycell,use_stats=off,28,1,1,4,0.011,0.005
skycell,use_stats=off,29,1,0,3,0.011,0.004
skycell,use_stats=off,30,1,1,7,0.018,0.007
skycell,use_stats=off,31,1,0,3,0.011,0.005
skycell,use_stats=off,32,1,1,7,0.017,0.007
skycell,use_stats=off,33,1,0,3,0.011,0.004
skycell,use_stats=off,34,1,1,4,0.011,0.006
skycell,use_stats=off,35,1,0,3,0.012,0.003
skycell,use_stats=off,36,1,1,4,0.015,0.017
skycell,use_stats=off,37,1,0,7,0.02,0.009
skycell,use_stats=off,38,1,1,4,0.011,0.006
skycell,use_stats=off,39,1,0,3,0.012,0.004
skycell,use_stats=off,40,1,1,4,0.011,0.005
skycell,use_stats=off,41,1,0,3,0.011,0.005
skycell,use_stats=off,42,1,1,4,0.014,0.005
skycell,use_stats=off,43,1,0,3,0.011,0.004
skycell,use_stats=off,44,1,1,4,0.011,0.006
skycell,use_stats=off,45,1,0,6,0.017,0.006
skycell,use_stats=off,46,1,1,7,0.018,0.007
skycell,use_stats=off,47,1,0,6,0.017,0.008
skycell,use_stats=off,48,1,1,4,0.012,0.006
skycell,use_stats=off,49,1,0,3,0.011,0.005
skycell,use_stats=off,50,1,1,4,0.011,0.006
skycell,use_stats=off,51,1,0,3,0.011,0.004
skycell,use_stats=off,52,1,1,4,0.011,0.005
skycell,use_stats=off,53,1,0,3,0.011,0.005
skycell,use_stats=off,54,1,1,4,0.012,0.005
skycell,use_stats=off,55,1,0,6,0.021,0.006
skycell,use_stats=off,56,1,1,4,0.011,0.005
skycell,use_stats=off,57,1,0,3,0.011,0.005
skycell,use_stats=off,58,1,1,4,0.011,0.005
skycell,use_stats=off,59,1,0,4,0.011,0.005
skycell,use_stats=off,60,1,1,4,0.011,0.006
skycell,use_stats=off,61,1,0,6,0.017,0.006
skycell,use_stats=off,62,1,1,7,0.017,0.007
skycell,use_stats=off,63,1,0,3,0.011,0.004
skycell,use_stats=off,64,1,1,4,0.011,0.006
skycell,use_stats=off,65,1,0,3,0.014,0.005
skycell,use_stats=off,66,1,1,4,0.011,0.006
skycell,use_stats=off,67,1,0,3,0.012,0.004
skycell,use_stats=off,68,1,1,4,0.011,0.006
skycell,use_stats=off,69,1,0,3,0.011,0.005
skycell,use_stats=off,70,1,1,4,0.011,0.004
skycell,use_stats=off,71,1,0,3,0.011,0.004
skycell,use_stats=off,72,1,1,4,0.011,0.005
skycell,use_stats=off,73,1,0,3,0.011,0.004
skycell,use_stats=off,74,1,1,4,0.011,0.005
skycell,use_stats=off,75,1,0,3,0.011,0.004
skycell,use_stats=off,76,1,1,4,0.011,0.005
skycell,use_stats=off,77,1,0,3,0.024,0.004
skycell,use_stats=off,78,1,1,4,0.011,0.006
skycell,use_stats=off,79,1,0,3,0.011,0.005
skycell,use_stats=off,80,1,1,4,0.011,0.005
skycell,use_stats=off,81,1,0,3,0.011,0.004
skycell,use_stats=off,82,1,1,4,0.011,0.006
skycell,use_stats=off,83,1,0,6,0.02,0.007
skycell,use_stats=off,84,1,1,4,0.011,0.005
skycell,use_stats=off,85,1,0,3,0.011,0.005
skycell,use_stats=off,86,1,1,4,0.011,0.005
skycell,use_stats=off,87,1,0,3,0.011,0.004
skycell,use_stats=off,88,1,1,4,0.011,0.004
skycell,use_stats=off,89,1,0,3,0.011,0.004
skycell,use_stats=off,90,1,1,4,0.011,0.005
skycell,use_stats=off,91,1,0,3,0.011,0.004
skycell,use_stats=off,92,1,1,4,0.011,0.006
skycell,use_stats=off,93,1,0,3,0.011,0.004
skycell,use_stats=off,94,1,1,4,0.011,0.004
skycell,use_stats=off,95,1,0,3,0.011,0.004
skycell,use_stats=off,96,1,1,7,0.017,0.007
skycell,use_stats=off,97,1,0,3,0.011,0.004
skycell,use_stats=off,98,1,1,4,0.011,0.005
skycell,use_stats=off,99,1,0,3,0.011,0.004
skycell,use_stats=off,100,1,1,4,0.011,0.005
skycell,use_stats=off,101,1,0,3,0.011,0.004
skycell,use_stats=off,102,1,1,4,0.011,0.004
skycell,use_stats=off,103,1,0,3,0.011,0.01
skycell,use_stats=off,104,1,1,4,0.011,0.004
skycell,use_stats=off,105,1,0,3,0.011,0.004
skycell,use_stats=off,106,1,1,4,0.011,0.005
skycell,use_stats=off,107,1,0,3,0.011,0.004
skycell,use_stats=off,108,1,1,4,0.011,0.006
skycell,use_stats=off,109,1,0,6,0.017,0.006
skycell,use_stats=off,110,1,1,4,0.011,0.006
skycell,use_stats=off,111,1,0,3,0.011,0.004
skycell,use_stats=off,112,1,1,4,0.011,0.006
skycell,use_stats=off,113,1,0,3,0.011,0.005
skycell,use_stats=off,114,1,1,4,0.011,0.005
skycell,use_stats=off,115,1,0,3,0.011,0.004
skycell,use_stats=off,116,1,1,4,0.011,0.005
skycell,use_stats=off,117,1,0,3,0.011,0.004
skycell,use_stats=off,118,1,1,4,0.011,0.005
skycell,use_stats=off,119,1,0,3,0.011,0.004
skycell,use_stats=off,120,1,1,4,0.011,0.009
skycell,use_stats=off,121,1,0,3,0.011,0.004
skycell,use_stats=off,122,1,1,7,0.017,0.008
skycell,use_stats=off,123,1,0,3,0.011,0.004
skycell,use_stats=off,124,1,1,4,0.011,0.006
skycell,use_stats=off,125,1,0,3,0.012,0.004
skycell,use_stats=off,126,1,1,4,0.011,0.007
skycell,use_stats=off,127,1,0,3,0.011,0.005
skycell,use_stats=off,128,1,1,4,0.014,0.006
skycell,use_stats=off,129,1,0,3,0.011,0.004
skycell,use_stats=off,130,1,1,4,0.011,0.005
skycell,use_stats=off,131,1,0,3,0.011,0.004
skycell,use_stats=off,132,1,1,4,0.011,0.006
skycell,use_stats=off,133,1,0,3,0.011,0.004
skycell,use_stats=off,134,1,1,4,0.011,0.006
skycell,use_stats=off,135,1,0,3,0.014,0.006
skycell,use_stats=off,136,1,1,4,0.011,0.005
skycell,use_stats=off,137,1,0,3,0.011,0.004
skycell,use_stats=off,138,1,1,4,0.011,0.005
skycell,use_stats=off,139,1,0,3,0.011,0.004
skycell,use_stats=off,140,1,1,4,0.011,0.006
skycell,use_stats=off,141,1,0,3,0.011,0.004
skycell,use_stats=off,142,1,1,7,0.018,0.007
skycell,use_stats=off,143,1,0,3,0.011,0.004
skycell,use_stats=off,144,1,1,7,0.017,0.006
skycell,use_stats=off,145,1,0,3,0.014,0.005
skycell,use_stats=off,146,1,1,4,0.011,0.006
skycell,use_stats=off,147,1,0,3,0.011,0.004
skycell,use_stats=off,148,1,1,4,0.011,0.006
skycell,use_stats=off,149,1,0,3,0.011,0.004
skycell,use_stats=off,150,1,1,7,0.018,0.007
skycell,use_stats=off,151,1,0,3,0.011,0.004
skycell,use_stats=off,152,1,1,4,0.011,0.005
skycell,use_stats=off,153,1,0,3,0.011,0.004
skycell,use_stats=off,154,1,1,4,0.011,0.005
skycell,use_stats=off,155,1,0,3,0.011,0.004
skycell,use_stats=off,156,1,1,4,0.011,0.006
skycell,use_stats=off,157,1,0,3,0.011,0.004
skycell,use_stats=off,158,1,1,4,0.013,0.005
skycell,use_stats=off,159,1,0,3,0.011,0.004
skycell,use_stats=off,160,1,1,4,0.011,0.006
skycell,use_stats=off,161,1,0,3,0.011,0.004
skycell,use_stats=off,162,1,1,4,0.011,0.005
skycell,use_stats=off,163,1,0,3,0.011,0.004
skycell,use_stats=off,164,1,1,4,0.014,0.006
skycell,use_stats=off,165,1,0,3,0.011,0.005
skycell,use_stats=off,166,1,1,4,0.011,0.007
skycell,use_stats=off,167,1,0,3,0.011,0.004
skycell,use_stats=off,168,1,1,7,0.017,0.008
skycell,use_stats=off,169,1,0,6,0.017,0.006
skycell,use_stats=off,170,1,1,4,0.011,0.005
skycell,use_stats=off,171,1,0,3,0.011,0.005
skycell,use_stats=off,172,1,1,4,0.011,0.005
skycell,use_stats=off,173,1,0,6,0.017,0.007
skycell,use_stats=off,174,1,1,4,0.011,0.005
skycell,use_stats=off,175,1,0,3,0.011,0.004
skycell,use_stats=off,176,1,1,4,0.011,0.009
skycell,use_stats=off,177,1,0,3,0.013,0.005
skycell,use_stats=off,178,1,1,7,0.017,0.007
skycell,use_stats=off,179,1,0,6,0.017,0.006
skycell,use_stats=off,180,1,1,4,0.012,0.006
skycell,use_stats=off,181,1,0,3,0.011,0.004
skycell,use_stats=off,182,1,1,4,0.011,0.005
skycell,use_stats=off,183,1,0,3,0.011,0.004
skycell,use_stats=off,184,1,1,7,0.017,0.007
skycell,use_stats=off,185,1,0,3,0.011,0.004
skycell,use_stats=off,186,1,1,4,0.011,0.007
skycell,use_stats=off,187,1,0,3,0.011,0.004
skycell,use_stats=off,188,1,1,4,0.011,0.005
skycell,use_stats=off,189,1,0,6,0.017,0.006
skycell,use_stats=off,190,1,1,4,0.011,0.004
skycell,use_stats=off,191,1,0,3,0.017,0.004
skycell,use_stats=off,192,1,1,4,0.014,0.006
skycell,use_stats=off,193,1,0,3,0.011,0.005
skycell,use_stats=off,194,1,1,4,0.011,0.005
skycell,use_stats=off,195,1,0,3,0.011,0.004
skycell,use_stats=off,196,1,1,4,0.011,0.005
skycell,use_stats=off,197,1,0,6,0.017,0.006
skycell,use_stats=off,198,1,1,4,0.011,0.005
skycell,use_stats=off,199,1,0,3,0.011,0.005
skycell,use_stats=off,200,1,1,4,0.011,0.005
skycell,use_stats=off,201,1,0,3,0.011,0.007
skycell,use_stats=off,202,1,1,4,0.013,0.007
skycell,use_stats=off,203,1,0,3,0.011,0.004
skycell,use_stats=off,204,1,1,4,0.011,0.006
skycell,use_stats=off,205,1,0,3,0.011,0.007
skycell,use_stats=off,206,1,1,7,0.019,0.008
skycell,use_stats=off,207,1,0,3,0.011,0.004
skycell,use_stats=off,208,1,1,4,0.011,0.005
skycell,use_stats=off,209,1,0,3,0.011,0.004
skycell,use_stats=off,210,1,1,4,0.011,0.005
skycell,use_stats=off,211,1,0,3,0.011,0.004
skycell,use_stats=off,212,1,1,4,0.011,0.005
skycell,use_stats=off,213,1,0,3,0.011,0.004
skycell,use_stats=off,214,1,1,4,0.011,0.005
skycell,use_stats=off,215,1,0,3,0.011,0.004
skycell,use_stats=off,216,1,1,7,0.017,0.008
skycell,use_stats=off,217,1,0,3,0.011,0.004
skycell,use_stats=off,218,1,1,7,0.017,0.007
skycell,use_stats=off,219,1,0,6,0.017,0.006
skycell,use_stats=off,220,1,1,4,0.012,0.005
skycell,use_stats=off,221,1,0,3,0.011,0.004
skycell,use_stats=off,222,1,1,4,0.011,0.006
skycell,use_stats=off,223,1,0,3,0.011,0.005
skycell,use_stats=off,224,1,1,4,0.011,0.006
skycell,use_stats=off,225,1,0,3,0.011,0.004
skycell,use_stats=off,226,1,1,4,0.011,0.005
skycell,use_stats=off,227,1,0,6,0.017,0.006
skycell,use_stats=off,228,1,1,4,0.011,0.005
skycell,use_stats=off,229,1,0,3,0.011,0.004
skycell,use_stats=off,230,1,1,7,0.017,0.007
skycell,use_stats=off,231,1,0,3,0.011,0.004
skycell,use_stats=off,232,1,1,4,0.011,0.005
skycell,use_stats=off,233,1,0,3,0.011,0.004
skycell,use_stats=off,234,1,1,4,0.011,0.005
skycell,use_stats=off,235,1,0,3,0.011,0.004
skycell,use_stats=off,236,1,1,4,0.011,0.005
skycell,use_stats=off,237,1,0,3,0.011,0.007
skycell,use_stats=off,238,1,1,4,0.013,0.005
skycell,use_stats=off,239,1,0,3,0.011,0.004
skycell,use_stats=off,240,1,1,4,0.011,0.005
skycell,use_stats=off,241,1,0,3,0.011,0.004
skycell,use_stats=off,242,1,1,4,0.011,0.005
skycell,use_stats=off,243,1,0,3,0.011,0.004
skycell,use_stats=off,244,1,1,4,0.011,0.007
skycell,use_stats=off,245,1,0,3,0.011,0.004
skycell,use_stats=off,246,1,1,4,0.011,0.005
skycell,use_stats=off,247,1,0,3,0.011,0.005
skycell,use_stats=off,248,1,1,4,0.011,0.004
skycell,use_stats=off,249,1,0,3,0.011,0.005
skycell,use_stats=off,250,1,1,4,0.011,0.005
skycell,use_stats=off,251,1,0,3,0.011,0.004
skycell,use_stats=off,252,1,1,4,0.011,0.005
skycell,use_stats=off,253,1,0,3,0.011,0.004
skycell,use_stats=off,254,1,1,4,0.011,0.007
skycell,use_stats=off,255,1,0,3,0.011,0.005
skycell,use_stats=off,256,1,1,4,0.014,0.006
skycell,use_stats=off,257,1,0,3,0.011,0.005
skycell,use_stats=off,258,1,1,4,0.011,0.006
skycell,use_stats=off,259,1,0,3,0.011,0.005
skycell,use_stats=off,260,1,1,4,0.012,0.006
skycell,use_stats=off,261,1,0,6,0.017,0.006
skycell,use_stats=off,262,1,1,4,0.011,0.005
skycell,use_stats=off,263,1,0,6,0.017,0.006
skycell,use_stats=off,264,1,1,4,0.012,0.006
skycell,use_stats=off,265,1,0,6,0.017,0.006
skycell,use_stats=off,266,1,1,4,0.011,0.005
skycell,use_stats=off,267,1,0,3,0.011,0.004
skycell,use_stats=off,268,1,1,4,0.011,0.006
skycell,use_stats=off,269,1,0,3,0.019,0.005
skycell,use_stats=off,270,1,1,4,0.011,0.005
skycell,use_stats=off,271,1,0,6,0.018,0.005
skycell,use_stats=off,272,1,1,4,0.011,0.007
skycell,use_stats=off,273,1,0,3,0.011,0.003
skycell,use_stats=off,274,1,1,4,0.011,0.005
skycell,use_stats=off,275,1,0,3,0.011,0.004
skycell,use_stats=off,276,1,1,4,0.011,0.005
skycell,use_stats=off,277,1,0,3,0.011,0.005
skycell,use_stats=off,278,1,1,4,0.011,0.005
skycell,use_stats=off,279,1,0,6,0.017,0.006
skycell,use_stats=off,280,1,1,4,0.011,0.005
skycell,use_stats=off,281,1,0,3,0.011,0.007
skycell,use_stats=off,282,1,1,4,0.013,0.006
skycell,use_stats=off,283,1,0,3,0.011,0.004
skycell,use_stats=off,284,1,1,4,0.011,0.005
skycell,use_stats=off,285,1,0,6,0.017,0.006
skycell,use_stats=off,286,1,1,4,0.011,0.005
skycell,use_stats=off,287,1,0,6,0.017,0.006
skycell,use_stats=off,288,1,1,4,0.013,0.006
skycell,use_stats=off,289,1,0,3,0.011,0.004
skycell,use_stats=off,290,1,1,4,0.011,0.005
skycell,use_stats=off,291,1,0,3,0.011,0.004
skycell,use_stats=off,292,1,1,7,0.017,0.007
skycell,use_stats=off,293,1,0,3,0.011,0.004
skycell,use_stats=off,294,1,1,4,0.011,0.005
skycell,use_stats=off,295,1,0,3,0.011,0.004
skycell,use_stats=off,296,1,1,4,0.011,0.005
skycell,use_stats=off,297,1,0,3,0.011,0.004
skycell,use_stats=off,298,1,1,4,0.011,0.005
skycell,use_stats=off,299,1,0,3,0.011,0.004
skycell,use_stats=off,300,1,1,4,0.011,0.005
skycell,use_stats=off,301,1,0,3,0.011,0.004
skycell,use_stats=off,302,1,1,4,0.011,0.005
skycell,use_stats=off,303,1,0,3,0.011,0.004
skycell,use_stats=off,304,1,1,7,0.017,0.007
skycell,use_stats=off,305,1,0,6,0.017,0.006
skycell,use_stats=off,306,1,1,4,0.011,0.005
skycell,use_stats=off,307,1,0,3,0.011,0.004
skycell,use_stats=off,308,1,1,4,0.011,0.006
skycell,use_stats=off,309,1,0,3,0.011,0.004
skycell,use_stats=off,310,1,1,4,0.011,0.005
skycell,use_stats=off,311,1,0,6,0.017,0.006
skycell,use_stats=off,312,1,1,4,0.011,0.005
skycell,use_stats=off,313,1,0,3,0.011,0.004
skycell,use_stats=off,314,1,1,4,0.011,0.005
skycell,use_stats=off,315,1,0,3,0.011,0.004
skycell,use_stats=off,316,1,1,7,0.017,0.009
skycell,use_stats=off,317,1,0,3,0.011,0.004
skycell,use_stats=off,318,1,1,4,0.011,0.005
skycell,use_stats=off,319,1,0,3,0.011,0.004
skycell,use_stats=off,320,1,1,4,0.014,0.006
skycell,use_stats=off,321,1,0,3,0.011,0.004
skycell,use_stats=off,322,1,1,4,0.011,0.007
skycell,use_stats=off,323,1,0,3,0.011,0.005
skycell,use_stats=off,324,1,1,4,0.011,0.005
skycell,use_stats=off,325,1,0,3,0.018,0.004
skycell,use_stats=off,326,1,1,4,0.013,0.006
skycell,use_stats=off,327,1,0,3,0.011,0.004
skycell,use_stats=off,328,1,1,4,0.011,0.005
skycell,use_stats=off,329,1,0,3,0.011,0.004
skycell,use_stats=off,330,1,1,4,0.011,0.007
skycell,use_stats=off,331,1,0,3,0.011,0.005
skycell,use_stats=off,332,1,1,4,0.011,0.005
skycell,use_stats=off,333,1,0,3,0.011,0.004
skycell,use_stats=off,334,1,1,4,0.011,0.005
skycell,use_stats=off,335,1,0,3,0.011,0.004
skycell,use_stats=off,336,1,1,4,0.011,0.008
skycell,use_stats=off,337,1,0,3,0.019,0.005
skycell,use_stats=off,338,1,1,4,0.011,0.006
skycell,use_stats=off,339,1,0,3,0.011,0.004
skycell,use_stats=off,340,1,1,4,0.019,0.008
skycell,use_stats=off,341,1,0,3,0.013,0.004
skycell,use_stats=off,342,1,1,4,0.011,0.005
skycell,use_stats=off,343,1,0,3,0.011,0.004
skycell,use_stats=off,344,1,1,4,0.011,0.006
skycell,use_stats=off,345,1,0,3,0.011,0.003
skycell,use_stats=off,346,1,1,4,0.011,0.005
skycell,use_stats=off,347,1,0,3,0.011,0.004
skycell,use_stats=off,348,1,1,7,0.02,0.008
skycell,use_stats=off,349,1,0,6,0.017,0.006
skycell,use_stats=off,350,1,1,4,0.011,0.006
skycell,use_stats=off,351,1,0,3,0.011,0.004
skycell,use_stats=off,352,1,1,4,0.011,0.005
skycell,use_stats=off,353,1,0,6,0.017,0.005
skycell,use_stats=off,354,1,1,4,0.011,0.006
skycell,use_stats=off,355,1,0,3,0.011,0.004
skycell,use_stats=off,356,1,1,7,0.017,0.007
skycell,use_stats=off,357,1,0,3,0.011,0.005
skycell,use_stats=off,358,1,1,4,0.011,0.005
skycell,use_stats=off,359,1,0,3,0.011,0.011
skycell,use_stats=off,360,1,1,4,0.013,0.006
skycell,use_stats=off,361,1,0,3,0.012,0.004
skycell,use_stats=off,362,1,1,4,0.011,0.007
skycell,use_stats=off,363,1,0,3,0.011,0.005
skycell,use_stats=off,364,1,1,4,0.011,0.005
skycell,use_stats=off,365,1,0,3,0.011,0.004
skycell,use_stats=off,366,1,1,4,0.011,0.005
skycell,use_stats=off,367,1,0,6,0.017,0.006
skycell,use_stats=off,368,1,1,4,0.012,0.006
skycell,use_stats=off,369,1,0,3,0.014,0.005
skycell,use_stats=off,370,1,1,4,0.011,0.005
skycell,use_stats=off,371,1,0,3,0.011,0.004
skycell,use_stats=off,372,1,1,4,0.011,0.005
skycell,use_stats=off,373,1,0,3,0.011,0.011
skycell,use_stats=off,374,1,1,4,0.013,0.005
skycell,use_stats=off,375,1,0,3,0.011,0.008
skycell,use_stats=off,376,1,1,4,0.013,0.011
skycell,use_stats=off,377,1,0,3,0.013,0.005
skycell,use_stats=off,378,1,1,7,0.017,0.008
skycell,use_stats=off,379,1,0,3,0.011,0.004
skycell,use_stats=off,380,1,1,4,0.011,0.005
skycell,use_stats=off,381,1,0,3,0.011,0.004
skycell,use_stats=off,382,1,1,4,0.011,0.005
skycell,use_stats=off,383,1,0,3,0.013,0.005
skycell,use_stats=off,384,1,1,4,0.011,0.005
skycell,use_stats=off,385,1,0,3,0.011,0.004
skycell,use_stats=off,386,1,1,4,0.017,0.008
skycell,use_stats=off,387,1,0,3,0.013,0.005
skycell,use_stats=off,388,1,1,4,0.011,0.005
skycell,use_stats=off,389,1,0,6,0.017,0.006
skycell,use_stats=off,390,1,1,7,0.017,0.008
skycell,use_stats=off,391,1,0,4,0.011,0.018
skycell,use_stats=off,392,1,1,4,0.013,0.009
skycell,use_stats=off,393,1,0,3,0.013,0.008
skycell,use_stats=off,394,1,1,4,0.013,0.009
skycell,use_stats=off,395,1,0,3,0.013,0.004
skycell,use_stats=off,396,1,1,4,0.011,0.011
skycell,use_stats=off,397,1,0,3,0.013,0.016
skycell,use_stats=off,398,1,1,4,0.013,0.006
skycell,use_stats=off,399,1,0,3,0.011,0.004
skycell,use_stats=off,400,1,1,7,0.017,0.008
skycell,use_stats=off,401,1,0,3,0.011,0.003
skycell,use_stats=off,402,1,1,4,0.011,0.005
skycell,use_stats=off,403,1,0,3,0.011,0.004
skycell,use_stats=off,404,1,1,7,0.017,0.008
skycell,use_stats=off,405,1,0,3,0.011,0.004
skycell,use_stats=off,406,1,1,4,0.011,0.005
skycell,use_stats=off,407,1,0,6,0.019,0.007
skycell,use_stats=off,408,1,1,7,0.02,0.008
skycell,use_stats=off,409,1,0,3,0.011,0.008
skycell,use_stats=off,410,1,1,7,0.019,0.008
skycell,use_stats=off,411,1,0,3,0.011,0.004
skycell,use_stats=off,412,1,1,4,0.013,0.005
skycell,use_stats=off,413,1,0,3,0.012,0.004
skycell,use_stats=off,414,1,1,4,0.011,0.005
skycell,use_stats=off,415,1,0,3,0.011,0.005
skycell,use_stats=off,416,1,1,4,0.011,0.006
skycell,use_stats=off,417,1,0,4,0.011,0.006
skycell,use_stats=off,418,1,1,7,0.017,0.008
skycell,use_stats=off,419,1,0,3,0.011,0.004
skycell,use_stats=off,420,1,1,4,0.011,0.004
skycell,use_stats=off,421,1,0,3,0.011,0.004
skycell,use_stats=off,422,1,1,4,0.011,0.005
skycell,use_stats=off,423,1,0,3,0.011,0.005
skycell,use_stats=off,424,1,1,7,0.017,0.006
skycell,use_stats=off,425,1,1,7,0.017,0.008
skycell,use_stats=off,426,1,1,4,0.011,0.005
skycell,use_stats=off,427,1,0,6,0.017,0.005
skycell,use_stats=off,428,1,1,4,0.011,0.006
skycell,use_stats=off,429,1,0,4,0.011,0.004
skycell,use_stats=off,430,1,1,4,0.011,0.005
skycell,use_stats=off,431,1,0,3,0.011,0.005
skycell,use_stats=off,432,1,1,4,0.011,0.005
skycell,use_stats=off,433,1,0,3,0.011,0.004
skycell,use_stats=off,434,1,1,4,0.011,0.01
skycell,use_stats=off,435,1,0,4,0.013,0.006
skycell,use_stats=off,436,1,1,4,0.011,0.005
skycell,use_stats=off,437,1,0,3,0.011,0.004
skycell,use_stats=off,438,1,1,4,0.011,0.005
skycell,use_stats=off,439,1,0,6,0.017,0.007
skycell,use_stats=off,440,1,1,4,0.011,0.006
skycell,use_stats=off,441,1,0,3,0.011,0.004
skycell,use_stats=off,442,1,1,4,0.011,0.005
skycell,use_stats=off,443,1,0,6,0.017,0.006
skycell,use_stats=off,444,1,1,4,0.011,0.004
skycell,use_stats=off,445,1,0,3,0.011,0.004
skycell,use_stats=off,446,1,1,4,0.011,0.005
skycell,use_stats=off,447,1,0,6,0.02,0.013
skycell,use_stats=off,448,1,1,8,0.019,0.014
skycell,use_stats=off,449,1,0,6,0.018,0.012
skycell,use_stats=off,450,1,1,4,0.012,0.015
skycell,use_stats=off,451,1,0,6,0.017,0.011
skycell,use_stats=off,452,1,1,4,0.012,0.016
skycell,use_stats=off,453,1,0,3,0.013,0.004
skycell,use_stats=off,454,1,1,4,0.011,0.005
skycell,use_stats=off,455,1,0,3,0.011,0.004
skycell,use_stats=off,456,1,1,7,0.017,0.015
skycell,use_stats=off,457,1,0,7,0.018,0.007
skycell,use_stats=off,458,1,1,4,0.011,0.012
skycell,use_stats=off,459,1,0,6,0.019,0.006
skycell,use_stats=off,460,1,1,4,0.011,0.006
skycell,use_stats=off,461,1,0,4,0.019,0.006
skycell,use_stats=off,462,1,1,4,0.011,0.005
skycell,use_stats=off,463,1,0,6,0.017,0.006
skycell,use_stats=off,464,1,1,4,0.011,0.006
skycell,use_stats=off,465,1,0,6,0.017,0.013
skycell,use_stats=off,466,1,1,4,0.012,0.006
skycell,use_stats=off,467,1,0,6,0.017,0.006
skycell,use_stats=off,468,1,2,4,0.011,0.006
skycell,use_stats=off,469,1,0,3,0.011,0.004
skycell,use_stats=off,470,1,1,7,0.017,0.014
skycell,use_stats=off,471,1,0,3,0.011,0.004
skycell,use_stats=off,472,1,1,4,0.011,0.006
skycell,use_stats=off,473,1,0,3,0.011,0.003
skycell,use_stats=off,474,1,1,4,0.011,0.005
skycell,use_stats=off,475,1,0,3,0.011,0.004
skycell,use_stats=off,476,1,1,4,0.011,0.005
skycell,use_stats=off,477,1,0,3,0.011,0.005
skycell,use_stats=off,478,1,1,4,0.011,0.006
skycell,use_stats=off,479,1,0,3,0.011,0.004
skycell,use_stats=off,480,1,1,4,0.011,0.004
skycell,use_stats=off,481,1,0,7,0.017,0.007
skycell,use_stats=off,482,1,1,4,0.011,0.006
skycell,use_stats=off,483,1,0,6,0.017,0.006
skycell,use_stats=off,484,1,1,4,0.011,0.006
skycell,use_stats=off,485,1,0,3,0.011,0.004
skycell,use_stats=off,486,1,1,4,0.011,0.006
skycell,use_stats=off,487,1,0,3,0.011,0.004
skycell,use_stats=off,488,1,1,4,0.014,0.006
skycell,use_stats=off,489,1,0,6,0.017,0.006
skycell,use_stats=off,490,1,1,4,0.011,0.005
skycell,use_stats=off,491,1,0,4,0.011,0.006
skycell,use_stats=off,492,1,1,4,0.011,0.006
skycell,use_stats=off,493,1,0,3,0.011,0.004
skycell,use_stats=off,494,1,1,4,0.011,0.005
skycell,use_stats=off,495,1,0,3,0.012,0.004
skycell,use_stats=off,496,1,1,7,0.017,0.007
skycell,use_stats=off,497,1,0,3,0.011,0.004
skycell,use_stats=off,498,1,1,4,0.011,0.005
skycell,use_stats=off,499,1,0,4,0.011,0.005
skycell,use_stats=off,500,1,1,7,0.017,0.008
skycell,use_stats=off,501,1,0,3,0.011,0.004
skycell,use_stats=off,502,1,1,4,0.011,0.005
skycell,use_stats=off,503,1,0,4,0.011,0.006
skycell,use_stats=off,504,1,1,7,0.017,0.007
skycell,use_stats=off,505,1,0,3,0.011,0.004
skycell,use_stats=off,506,1,2,9,0.017,0.011
skycell,use_stats=off,507,1,0,4,0.011,0.005
skycell,use_stats=off,508,1,1,4,0.011,0.005
skycell,use_stats=off,509,1,0,3,0.011,0.004
skycell,use_stats=off,510,1,1,4,0.011,0.005
skycell,use_stats=off,511,1,0,3,0.014,0.006
skycell,use_stats=off,512,1,1,4,0.012,0.005
skycell,use_stats=off,513,1,0,6,0.017,0.006
skycell,use_stats=off,514,1,1,4,0.011,0.005
skycell,use_stats=off,515,1,0,6,0.017,0.007
skycell,use_stats=off,516,1,1,4,0.011,0.011
skycell,use_stats=off,517,1,0,3,0.011,0.004
skycell,use_stats=off,518,1,1,4,0.011,0.007
skycell,use_stats=off,519,1,0,3,0.011,0.005
skycell,use_stats=off,520,1,1,4,0.011,0.005
skycell,use_stats=off,521,1,0,3,0.011,0.004
skycell,use_stats=off,522,1,1,4,0.011,0.004
skycell,use_stats=off,523,1,0,7,0.017,0.006
skycell,use_stats=off,524,1,1,4,0.011,0.005
skycell,use_stats=off,525,1,0,4,0.011,0.005
skycell,use_stats=off,526,1,1,4,0.011,0.005
skycell,use_stats=off,527,1,0,3,0.011,0.004
skycell,use_stats=off,528,1,1,4,0.011,0.006
skycell,use_stats=off,529,1,0,3,0.011,0.004
skycell,use_stats=off,530,1,1,4,0.011,0.005
skycell,use_stats=off,531,1,0,3,0.011,0.004
skycell,use_stats=off,532,1,1,4,0.011,0.006
skycell,use_stats=off,533,1,0,3,0.011,0.004
skycell,use_stats=off,534,1,1,7,0.017,0.007
skycell,use_stats=off,535,1,0,4,0.011,0.005
skycell,use_stats=off,536,1,1,4,0.011,0.005
skycell,use_stats=off,537,1,0,3,0.011,0.004
skycell,use_stats=off,538,1,1,4,0.011,0.005
skycell,use_stats=off,539,1,0,3,0.011,0.004
skycell,use_stats=off,540,1,1,4,0.011,0.005
skycell,use_stats=off,541,1,0,6,0.017,0.005
skycell,use_stats=off,542,1,1,4,0.011,0.005
skycell,use_stats=off,543,1,0,3,0.011,0.004
skycell,use_stats=off,544,1,1,4,0.011,0.005
skycell,use_stats=off,545,1,0,3,0.011,0.004
skycell,use_stats=off,546,1,1,4,0.011,0.005
skycell,use_stats=off,547,1,0,3,0.011,0.004
skycell,use_stats=off,548,1,1,5,0.011,0.006
skycell,use_stats=off,549,1,0,3,0.011,0.004
skycell,use_stats=off,550,1,1,4,0.011,0.005
skycell,use_stats=off,551,1,0,4,0.011,0.006
skycell,use_stats=off,552,1,1,4,0.016,0.005
skycell,use_stats=off,553,1,0,7,0.017,0.008
skycell,use_stats=off,554,1,1,4,0.011,0.005
skycell,use_stats=off,555,1,0,3,0.012,0.004
skycell,use_stats=off,556,1,1,4,0.011,0.006
skycell,use_stats=off,557,1,0,3,0.011,0.005
skycell,use_stats=off,558,1,1,4,0.011,0.006
skycell,use_stats=off,559,1,0,6,0.018,0.006
skycell,use_stats=off,560,1,1,4,0.011,0.005
skycell,use_stats=off,561,1,0,3,0.011,0.004
skycell,use_stats=off,562,1,1,5,0.011,0.007
skycell,use_stats=off,563,1,0,7,0.017,0.008
skycell,use_stats=off,564,1,1,4,0.011,0.005
skycell,use_stats=off,565,1,0,3,0.011,0.008
skycell,use_stats=off,566,1,1,4,0.011,0.005
skycell,use_stats=off,567,1,0,3,0.011,0.004
skycell,use_stats=off,568,1,1,4,0.011,0.004
skycell,use_stats=off,569,1,0,6,0.019,0.007
skycell,use_stats=off,570,1,1,4,0.013,0.007
skycell,use_stats=off,571,1,0,3,0.011,0.004
skycell,use_stats=off,572,1,13,7,0.011,0.025
skycell,use_stats=off,573,1,0,3,0.011,0.004
skycell,use_stats=off,574,1,1,4,0.011,0.005
skycell,use_stats=off,575,1,0,3,0.014,0.005
skycell,use_stats=off,576,1,1,4,0.011,0.006
skycell,use_stats=off,577,1,0,4,0.011,0.005
skycell,use_stats=off,578,1,2,5,0.011,0.008
skycell,use_stats=off,579,1,0,3,0.011,0.004
skycell,use_stats=off,580,1,1,4,0.011,0.005
skycell,use_stats=off,581,1,0,6,0.017,0.006
skycell,use_stats=off,582,1,1,5,0.011,0.007
skycell,use_stats=off,583,1,0,7,0.017,0.006
skycell,use_stats=off,584,1,1,4,0.011,0.004
skycell,use_stats=off,585,1,0,3,0.011,0.004
skycell,use_stats=off,586,1,1,4,0.011,0.005
skycell,use_stats=off,587,1,0,3,0.011,0.004
skycell,use_stats=off,588,1,1,4,0.011,0.005
skycell,use_stats=off,589,1,0,3,0.011,0.004
skycell,use_stats=off,590,1,1,4,0.011,0.005
skycell,use_stats=off,591,1,0,3,0.021,0.005
skycell,use_stats=off,592,1,1,4,0.011,0.005
skycell,use_stats=off,593,1,0,3,0.011,0.004
skycell,use_stats=off,594,1,1,4,0.011,0.005
skycell,use_stats=off,595,1,0,3,0.011,0.003
skycell,use_stats=off,596,1,1,4,0.011,0.004
skycell,use_stats=off,597,1,0,7,0.017,0.007
skycell,use_stats=off,598,1,1,4,0.011,0.005
skycell,use_stats=off,599,1,0,3,0.011,0.004
skycell,use_stats=off,600,1,1,4,0.011,0.005
skycell,use_stats=off,601,1,0,3,0.011,0.004
skycell,use_stats=off,602,1,1,4,0.011,0.004
skycell,use_stats=off,603,1,0,4,0.011,0.006
skycell,use_stats=off,604,1,2,7,0.017,0.009
skycell,use_stats=off,605,1,0,3,0.011,0.004
skycell,use_stats=off,606,1,18,17,0.011,0.079
skycell,use_stats=off,607,1,0,6,0.017,0.005
skycell,use_stats=off,608,1,1,7,0.017,0.008
skycell,use_stats=off,609,1,0,3,0.011,0.004
skycell,use_stats=off,610,1,1,4,0.011,0.006
skycell,use_stats=off,611,1,0,7,0.017,0.007
skycell,use_stats=off,612,1,1,7,0.017,0.007
skycell,use_stats=off,613,1,0,3,0.011,0.004
skycell,use_stats=off,614,1,1,4,0.011,0.005
skycell,use_stats=off,615,1,0,3,0.011,0.004
skycell,use_stats=off,616,1,1,4,0.011,0.005
skycell,use_stats=off,617,1,0,3,0.011,0.004
skycell,use_stats=off,618,1,1,4,0.017,0.006
skycell,use_stats=off,619,1,0,3,0.011,0.004
skycell,use_stats=off,620,1,1,4,0.011,0.005
skycell,use_stats=off,621,1,0,3,0.011,0.004
skycell,use_stats=off,622,1,1,7,0.017,0.007
skycell,use_stats=off,623,1,0,3,0.011,0.004
skycell,use_stats=off,624,1,1,4,0.011,0.006
skycell,use_stats=off,625,1,0,3,0.011,0.004
skycell,use_stats=off,626,1,1,4,0.011,0.005
skycell,use_stats=off,627,1,0,6,0.017,0.006
skycell,use_stats=off,628,1,1,4,0.011,0.006
skycell,use_stats=off,629,1,0,3,0.011,0.003
skycell,use_stats=off,630,1,1,4,0.011,0.005
skycell,use_stats=off,631,1,0,3,0.011,0.004
skycell,use_stats=off,632,1,1,4,0.011,0.005
skycell,use_stats=off,633,1,0,3,0.011,0.004
skycell,use_stats=off,634,1,1,7,0.017,0.007
skycell,use_stats=off,635,1,0,7,0.017,0.007
skycell,use_stats=off,636,1,1,4,0.011,0.005
skycell,use_stats=off,637,1,1,4,0.011,0.005
skycell,use_stats=off,638,1,1,4,0.013,0.006
skycell,use_stats=off,639,1,0,6,0.017,0.006
skycell,use_stats=off,640,1,1,4,0.011,0.005
skycell,use_stats=off,641,1,0,3,0.011,0.004
skycell,use_stats=off,642,1,1,4,0.011,0.005
skycell,use_stats=off,643,1,0,6,0.017,0.006
skycell,use_stats=off,644,1,1,4,0.011,0.005
skycell,use_stats=off,645,1,0,3,0.011,0.004
skycell,use_stats=off,646,1,1,4,0.011,0.005
skycell,use_stats=off,647,1,0,7,0.017,0.007
skycell,use_stats=off,648,1,1,4,0.011,0.006
skycell,use_stats=off,649,1,0,3,0.011,0.004
skycell,use_stats=off,650,1,1,4,0.014,0.006
skycell,use_stats=off,651,1,0,6,0.017,0.007
skycell,use_stats=off,652,1,1,4,0.011,0.005
skycell,use_stats=off,653,1,0,3,0.012,0.004
skycell,use_stats=off,654,1,1,4,0.011,0.005
skycell,use_stats=off,655,1,0,4,0.011,0.005
skycell,use_stats=off,656,1,1,4,0.011,0.005
skycell,use_stats=off,657,1,0,3,0.013,0.005
skycell,use_stats=off,658,1,11,7,0.011,0.02
skycell,use_stats=off,659,1,0,6,0.017,0.006
skycell,use_stats=off,660,1,1,7,0.017,0.008
skycell,use_stats=off,661,1,0,3,0.011,0.004
skycell,use_stats=off,662,1,1,4,0.011,0.006
skycell,use_stats=off,663,1,0,3,0.011,0.005
skycell,use_stats=off,664,1,1,4,0.011,0.005
skycell,use_stats=off,665,1,0,3,0.011,0.004
skycell,use_stats=off,666,1,1,4,0.011,0.005
skycell,use_stats=off,667,1,0,3,0.013,0.005
skycell,use_stats=off,668,1,1,4,0.014,0.005
skycell,use_stats=off,669,1,0,3,0.011,0.004
skycell,use_stats=off,670,1,1,7,0.017,0.007
skycell,use_stats=off,671,1,0,3,0.011,0.004
skycell,use_stats=off,672,1,2,6,0.011,0.017
skycell,use_stats=off,673,1,0,4,0.011,0.006
skycell,use_stats=off,674,1,1,4,0.011,0.006
skycell,use_stats=off,675,1,0,6,0.017,0.006
skycell,use_stats=off,676,1,1,7,0.017,0.008
skycell,use_stats=off,677,1,0,3,0.011,0.004
skycell,use_stats=off,678,1,1,4,0.011,0.005
skycell,use_stats=off,679,1,0,4,0.011,0.005
skycell,use_stats=off,680,1,1,4,0.012,0.005
skycell,use_stats=off,681,1,0,3,0.011,0.004
skycell,use_stats=off,682,1,1,7,0.017,0.007
skycell,use_stats=off,683,1,0,3,0.011,0.004
skycell,use_stats=off,684,1,1,4,0.011,0.005
skycell,use_stats=off,685,1,0,3,0.011,0.004
skycell,use_stats=off,686,1,1,4,0.011,0.005
skycell,use_stats=off,687,1,0,3,0.011,0.004
skycell,use_stats=off,688,1,11,8,0.011,0.028
skycell,use_stats=off,689,1,0,4,0.011,0.004
skycell,use_stats=off,690,1,1,4,0.011,0.005
skycell,use_stats=off,691,1,0,3,0.011,0.004
skycell,use_stats=off,692,1,1,4,0.011,0.006
skycell,use_stats=off,693,1,0,6,0.017,0.006
skycell,use_stats=off,694,1,1,7,0.017,0.007
skycell,use_stats=off,695,1,0,3,0.011,0.004
skycell,use_stats=off,696,1,1,4,0.011,0.005
skycell,use_stats=off,697,1,0,3,0.011,0.004
skycell,use_stats=off,698,1,1,4,0.011,0.005
skycell,use_stats=off,699,1,0,6,0.017,0.005
skycell,use_stats=off,700,1,1,4,0.011,0.005
skycell,use_stats=off,701,1,0,3,0.011,0.004
skycell,use_stats=off,702,1,2,4,0.014,0.007
skycell,use_stats=off,703,1,0,3,0.011,0.004
skycell,use_stats=off,704,1,1,4,0.011,0.005
skycell,use_stats=off,705,1,0,6,0.017,0.007
skycell,use_stats=off,706,1,1,4,0.011,0.005
skycell,use_stats=off,707,1,0,4,0.011,0.005
skycell,use_stats=off,708,1,1,4,0.011,0.005
skycell,use_stats=off,709,1,0,4,0.011,0.005
skycell,use_stats=off,710,1,1,7,0.017,0.007
skycell,use_stats=off,711,1,0,3,0.011,0.004
skycell,use_stats=off,712,1,1,4,0.011,0.005
skycell,use_stats=off,713,1,0,6,0.017,0.006
skycell,use_stats=off,714,1,1,4,0.011,0.006
skycell,use_stats=off,715,1,0,3,0.011,0.004
skycell,use_stats=off,716,1,1,8,0.017,0.008
skycell,use_stats=off,717,1,0,3,0.016,0.004
skycell,use_stats=off,718,1,1,4,0.011,0.005
skycell,use_stats=off,719,1,0,3,0.011,0.004
skycell,use_stats=off,720,1,1,7,0.017,0.006
skycell,use_stats=off,721,1,0,6,0.017,0.005
skycell,use_stats=off,722,1,1,4,0.011,0.011
skycell,use_stats=off,723,1,0,3,0.013,0.004
skycell,use_stats=off,724,1,1,4,0.011,0.009
skycell,use_stats=off,725,1,0,3,0.013,0.004
skycell,use_stats=off,726,1,1,5,0.011,0.006
skycell,use_stats=off,727,1,0,4,0.011,0.005
skycell,use_stats=off,728,1,1,4,0.011,0.006
skycell,use_stats=off,729,1,0,3,0.011,0.005
skycell,use_stats=off,730,1,1,4,0.011,0.005
skycell,use_stats=off,731,1,0,6,0.02,0.006
skycell,use_stats=off,732,1,1,7,0.017,0.007
skycell,use_stats=off,733,1,0,7,0.017,0.007
skycell,use_stats=off,734,1,1,4,0.011,0.005
skycell,use_stats=off,735,1,0,3,0.011,0.005
skycell,use_stats=off,736,1,1,8,0.017,0.009
skycell,use_stats=off,737,1,0,3,0.011,0.004
skycell,use_stats=off,738,1,1,4,0.011,0.005
skycell,use_stats=off,739,1,0,3,0.011,0.004
skycell,use_stats=off,740,1,1,7,0.017,0.007
skycell,use_stats=off,741,1,0,4,0.011,0.005
skycell,use_stats=off,742,1,1,4,0.011,0.005
skycell,use_stats=off,743,1,0,3,0.011,0.004
skycell,use_stats=off,744,1,1,4,0.011,0.005
skycell,use_stats=off,745,1,0,3,0.011,0.004
skycell,use_stats=off,746,1,1,4,0.011,0.005
skycell,use_stats=off,747,1,0,4,0.011,0.005
skycell,use_stats=off,748,1,1,4,0.011,0.006
skycell,use_stats=off,749,1,0,6,0.017,0.006
skycell,use_stats=off,750,1,1,4,0.011,0.005
skycell,use_stats=off,751,1,0,3,0.016,0.004
skycell,use_stats=off,752,1,1,4,0.011,0.005
skycell,use_stats=off,753,1,0,3,0.011,0.004
skycell,use_stats=off,754,1,1,4,0.011,0.005
skycell,use_stats=off,755,1,0,3,0.011,0.004
skycell,use_stats=off,756,1,2,4,0.011,0.006
skycell,use_stats=off,757,1,0,3,0.011,0.004
skycell,use_stats=off,758,1,1,5,0.011,0.006
skycell,use_stats=off,759,1,0,6,0.017,0.005
skycell,use_stats=off,760,1,1,7,0.017,0.008
skycell,use_stats=off,761,1,0,3,0.011,0.004
skycell,use_stats=off,762,1,1,4,0.011,0.007
skycell,use_stats=off,763,1,0,4,0.011,0.004
skycell,use_stats=off,764,1,1,4,0.011,0.005
skycell,use_stats=off,765,1,0,6,0.017,0.006
skycell,use_stats=off,766,1,1,4,0.014,0.007
skycell,use_stats=off,767,1,0,4,0.011,0.005
skycell,use_stats=off,768,1,1,4,0.011,0.005
skycell,use_stats=off,769,1,0,3,0.011,0.004
skycell,use_stats=off,770,1,3,17,0.017,0.051
skycell,use_stats=off,771,1,0,3,0.011,0.003
skycell,use_stats=off,772,1,1,4,0.011,0.005
skycell,use_stats=off,773,1,0,3,0.011,0.004
skycell,use_stats=off,774,1,1,4,0.011,0.006
skycell,use_stats=off,775,1,0,3,0.011,0.004
skycell,use_stats=off,776,1,1,4,0.011,0.005
skycell,use_stats=off,777,1,0,3,0.011,0.004
skycell,use_stats=off,778,1,1,4,0.011,0.005
skycell,use_stats=off,779,1,0,3,0.011,0.004
skycell,use_stats=off,780,1,1,7,0.017,0.007
skycell,use_stats=off,781,1,0,3,0.011,0.004
skycell,use_stats=off,782,1,1,4,0.011,0.005
skycell,use_stats=off,783,1,0,7,0.017,0.007
skycell,use_stats=off,784,1,1,4,0.011,0.006
skycell,use_stats=off,785,1,0,3,0.011,0.004
skycell,use_stats=off,786,1,1,4,0.011,0.005
skycell,use_stats=off,787,1,0,3,0.011,0.005
skycell,use_stats=off,788,1,1,4,0.011,0.005
skycell,use_stats=off,789,1,0,3,0.011,0.004
skycell,use_stats=off,790,1,1,4,0.011,0.005
skycell,use_stats=off,791,1,0,3,0.011,0.004
skycell,use_stats=off,792,1,1,4,0.011,0.005
skycell,use_stats=off,793,1,0,6,0.017,0.006
skycell,use_stats=off,794,1,1,7,0.017,0.007
skycell,use_stats=off,795,1,0,3,0.012,0.004
skycell,use_stats=off,796,1,1,4,0.011,0.005
skycell,use_stats=off,797,1,0,3,0.011,0.004
skycell,use_stats=off,798,1,1,4,0.011,0.004
skycell,use_stats=off,799,1,0,6,0.017,0.005
skycell,use_stats=off,800,1,1,4,0.011,0.005
skycell,use_stats=off,801,1,0,4,0.011,0.005
skycell,use_stats=off,802,3,2,5,0.011,0.012
skycell,use_stats=off,803,1,0,3,0.011,0.004
skycell,use_stats=off,804,1,1,5,0.011,0.011
skycell,use_stats=off,805,1,0,3,0.011,0.004
skycell,use_stats=off,806,3,2,5,0.011,0.013
skycell,use_stats=off,807,1,0,4,0.011,0.005
skycell,use_stats=off,808,1,3,10,0.018,0.023
skycell,use_stats=off,809,1,0,7,0.019,0.008
skycell,use_stats=off,810,1,1,5,0.011,0.009
skycell,use_stats=off,811,1,1,4,0.011,0.007
skycell,use_stats=off,812,1,1,7,0.017,0.009
skycell,use_stats=off,813,1,0,4,0.011,0.005
skycell,use_stats=off,814,1,1,4,0.011,0.005
skycell,use_stats=off,815,1,0,4,0.011,0.006
skycell,use_stats=off,816,1,2,4,0.011,0.006
skycell,use_stats=off,817,1,0,7,0.017,0.008
skycell,use_stats=off,818,1,1,4,0.011,0.006
skycell,use_stats=off,819,1,0,4,0.011,0.005
skycell,use_stats=off,820,2,4,13,0.023,0.043
skycell,use_stats=off,821,1,0,4,0.012,0.006
skycell,use_stats=off,822,1,199,34,0.017,0.156
skycell,use_stats=off,823,1,0,4,0.012,0.005
skycell,use_stats=off,824,1,2,4,0.011,0.007
skycell,use_stats=off,825,1,0,4,0.011,0.005
skycell,use_stats=off,826,1,1,4,0.011,0.005
skycell,use_stats=off,827,1,0,8,0.017,0.01
skycell,use_stats=off,828,1,1,4,0.011,0.005
skycell,use_stats=off,829,1,1,9,0.024,0.013
skycell,use_stats=off,830,1,2,8,0.02,0.013
skycell,use_stats=off,831,1,1,4,0.011,0.006
skycell,use_stats=off,832,1,1,4,0.011,0.006
skycell,use_stats=off,833,1,0,4,0.011,0.005
skycell,use_stats=off,834,1,1,4,0.011,0.006
skycell,use_stats=off,835,1,0,4,0.011,0.005
skycell,use_stats=off,836,3,8,8,0.017,0.015
skycell,use_stats=off,837,1,0,4,0.011,0.005
skycell,use_stats=off,838,1,1,4,0.011,0.008
skycell,use_stats=off,839,1,0,4,0.011,0.005
skycell,use_stats=off,840,1,2,4,0.011,0.006
skycell,use_stats=off,841,1,0,7,0.017,0.006
skycell,use_stats=off,842,1,1,4,0.011,0.007
skycell,use_stats=off,843,1,0,4,0.011,0.004
skycell,use_stats=off,844,1,1,4,0.011,0.006
skycell,use_stats=off,845,1,0,4,0.011,0.005
skycell,use_stats=off,846,1,1,4,0.011,0.005
skycell,use_stats=off,847,1,0,3,0.011,0.004
skycell,use_stats=off,848,1,1,4,0.011,0.005
skycell,use_stats=off,849,1,0,3,0.011,0.004
skycell,use_stats=off,850,1,1,4,0.011,0.005
skycell,use_stats=off,851,1,0,4,0.011,0.004
skycell,use_stats=off,852,1,2,4,0.011,0.007
skycell,use_stats=off,853,1,0,4,0.011,0.006
skycell,use_stats=off,854,1,2,4,0.011,0.005
skycell,use_stats=off,855,1,0,5,0.011,0.006
skycell,use_stats=off,856,1,3,8,0.017,0.01
skycell,use_stats=off,857,1,0,4,0.011,0.005
skycell,use_stats=off,858,1,8,4,0.011,0.007
skycell,use_stats=off,859,1,0,4,0.011,0.005
skycell,use_stats=off,860,1,1,4,0.011,0.007
skycell,use_stats=off,861,1,0,4,0.011,0.005
skycell,use_stats=off,862,1,3,8,0.017,0.012
skycell,use_stats=off,863,1,0,4,0.011,0.005
skycell,use_stats=off,864,1,359,49,0.011,0.288
skycell,use_stats=off,865,1,0,3,0.011,0.004
skycell,use_stats=off,866,1,2,8,0.017,0.011
skycell,use_stats=off,867,1,0,4,0.011,0.005
skycell,use_stats=off,868,1,2,5,0.011,0.01
skycell,use_stats=off,869,1,0,4,0.011,0.005
skycell,use_stats=off,870,1,1,4,0.011,0.006
skycell,use_stats=off,871,1,0,4,0.011,0.005
skycell,use_stats=off,872,1,3,11,0.017,0.021
skycell,use_stats=off,873,1,0,4,0.011,0.004
skycell,use_stats=off,874,4,5,4,0.011,0.01
skycell,use_stats=off,875,1,0,3,0.011,0.004
skycell,use_stats=off,876,1,3,4,0.011,0.007
skycell,use_stats=off,877,1,0,3,0.011,0.004
skycell,use_stats=off,878,1,1,4,0.011,0.005
skycell,use_stats=off,879,1,0,3,0.011,0.004
skycell,use_stats=off,880,1,1,4,0.011,0.004
skycell,use_stats=off,881,1,0,4,0.011,0.005
skycell,use_stats=off,882,2,1,4,0.011,0.007
skycell,use_stats=off,883,1,0,8,0.017,0.008
skycell,use_stats=off,884,1,3,5,0.011,0.008
skycell,use_stats=off,885,1,1,9,0.017,0.015
skycell,use_stats=off,886,2,4,4,0.011,0.012
skycell,use_stats=off,887,1,0,4,0.011,0.005
skycell,use_stats=off,888,1,1,4,0.011,0.005
skycell,use_stats=off,889,1,0,4,0.011,0.004
skycell,use_stats=off,890,1,2,4,0.011,0.008
skycell,use_stats=off,891,1,3,4,0.011,0.008
skycell,use_stats=off,892,1,1,4,0.011,0.005
skycell,use_stats=off,893,3,3,7,0.014,0.019
skycell,use_stats=off,894,1,2,4,0.011,0.005
skycell,use_stats=off,895,1,0,4,0.011,0.006
skycell,use_stats=off,896,1,1,4,0.011,0.005
skycell,use_stats=off,897,1,0,4,0.011,0.005
skycell,use_stats=off,898,1,2,8,0.023,0.011
skycell,use_stats=off,899,1,0,4,0.011,0.005
skycell,use_stats=off,900,1,1,4,0.011,0.005
skycell,use_stats=off,901,1,0,4,0.011,0.006
skycell,use_stats=off,902,1,3,9,0.017,0.012
skycell,use_stats=off,903,1,0,4,0.011,0.006
skycell,use_stats=off,904,1,2,9,0.017,0.013
skycell,use_stats=off,905,1,0,3,0.011,0.004
skycell,use_stats=off,906,2,4,5,0.011,0.009
skycell,use_stats=off,907,1,1,4,0.011,0.005
skycell,use_stats=off,908,1,3,4,0.011,0.006
skycell,use_stats=off,909,1,0,4,0.015,0.006
skycell,use_stats=off,910,1,5,4,0.011,0.007
skycell,use_stats=off,911,1,0,7,0.017,0.008
skycell,use_stats=off,912,1,1,4,0.011,0.005
skycell,use_stats=off,913,1,0,4,0.011,0.006
skycell,use_stats=off,914,1,1,4,0.011,0.005
skycell,use_stats=off,915,1,0,4,0.011,0.006
skycell,use_stats=off,916,1,1,4,0.011,0.005
skycell,use_stats=off,917,1,0,3,0.011,0.004
skycell,use_stats=off,918,1,1,8,0.018,0.01
skycell,use_stats=off,919,1,0,4,0.011,0.005
skycell,use_stats=off,920,1,1,4,0.019,0.004
skycell,use_stats=off,921,1,0,7,0.017,0.007
skycell,use_stats=off,922,1,1,4,0.011,0.006
skycell,use_stats=off,923,1,0,7,0.017,0.008
skycell,use_stats=off,924,2,4,4,0.011,0.009
skycell,use_stats=off,925,1,0,6,0.017,0.006
skycell,use_stats=off,926,1,2,7,0.017,0.007
skycell,use_stats=off,927,1,0,4,0.011,0.005
skycell,use_stats=off,928,1,48,23,0.017,0.093
skycell,use_stats=off,929,1,0,4,0.011,0.005
skycell,use_stats=off,930,1,4,5,0.011,0.012
skycell,use_stats=off,931,1,0,4,0.011,0.004
skycell,use_stats=off,932,2,2,4,0.011,0.007
skycell,use_stats=off,933,1,2,7,0.017,0.008
skycell,use_stats=off,934,2,2,8,0.017,0.01
skycell,use_stats=off,935,1,0,4,0.011,0.006
skycell,use_stats=off,936,1,5,5,0.011,0.008
skycell,use_stats=off,937,1,2,4,0.011,0.008
skycell,use_stats=off,938,1,1,4,0.011,0.005
skycell,use_stats=off,939,1,0,7,0.017,0.006
skycell,use_stats=off,940,1,2,4,0.011,0.006
skycell,use_stats=off,941,1,0,3,0.011,0.004
skycell,use_stats=off,942,4,4,5,0.011,0.01
skycell,use_stats=off,943,1,0,7,0.017,0.006
skycell,use_stats=off,944,1,1,7,0.017,0.007
skycell,use_stats=off,945,1,0,4,0.011,0.005
skycell,use_stats=off,946,2,4,5,0.018,0.016
skycell,use_stats=off,947,1,0,7,0.017,0.007
skycell,use_stats=off,948,2,2,4,0.011,0.008
skycell,use_stats=off,949,1,0,8,0.017,0.009
skycell,use_stats=off,950,1,1,4,0.017,0.007
skycell,use_stats=off,951,1,0,4,0.011,0.005
skycell,use_stats=off,952,1,1,4,0.011,0.005
skycell,use_stats=off,953,1,0,8,0.017,0.009
skycell,use_stats=off,954,1,1,4,0.011,0.006
skycell,use_stats=off,955,1,0,4,0.011,0.005
skycell,use_stats=off,956,1,1,6,0.011,0.016
skycell,use_stats=off,957,1,0,4,0.013,0.006
skycell,use_stats=off,958,1,1,4,0.011,0.006
skycell,use_stats=off,959,1,0,8,0.017,0.01
skycell,use_stats=off,960,1,1,5,0.011,0.006
skycell,use_stats=off,961,1,0,7,0.017,0.006
skycell,use_stats=off,962,1,2,4,0.011,0.006
skycell,use_stats=off,963,1,0,8,0.017,0.01
skycell,use_stats=off,964,2,3,9,0.017,0.014
skycell,use_stats=off,965,1,0,3,0.011,0.004
skycell,use_stats=off,966,1,1,4,0.011,0.005
skycell,use_stats=off,967,1,0,6,0.017,0.005
skycell,use_stats=off,968,1,2,4,0.011,0.007
skycell,use_stats=off,969,1,0,4,0.011,0.005
skycell,use_stats=off,970,1,18,6,0.011,0.019
skycell,use_stats=off,971,2,2,6,0.011,0.008
skycell,use_stats=off,972,1,2,4,0.011,0.005
skycell,use_stats=off,973,1,0,7,0.017,0.006
skycell,use_stats=off,974,2,3,4,0.014,0.008
skycell,use_stats=off,975,1,0,6,0.017,0.007
skycell,use_stats=off,976,1,3,4,0.011,0.007
skycell,use_stats=off,977,1,1,4,0.011,0.005
skycell,use_stats=off,978,1,1,7,0.017,0.008
skycell,use_stats=off,979,1,0,4,0.011,0.005
skycell,use_stats=off,980,1,1,4,0.011,0.007
skycell,use_stats=off,981,1,0,4,0.011,0.005
skycell,use_stats=off,982,5,7,5,0.011,0.011
skycell,use_stats=off,983,1,0,4,0.011,0.005
skycell,use_stats=off,984,1,2,4,0.011,0.006
skycell,use_stats=off,985,1,0,4,0.011,0.005
skycell,use_stats=off,986,3,5,5,0.011,0.01
skycell,use_stats=off,987,1,0,7,0.017,0.007
skycell,use_stats=off,988,1,1,4,0.011,0.006
skycell,use_stats=off,989,1,0,3,0.011,0.005
skycell,use_stats=off,990,1,6,6,0.011,0.012
skycell,use_stats=off,991,1,0,8,0.017,0.008
skycell,use_stats=off,992,2,1,8,0.017,0.011
skycell,use_stats=off,993,1,0,3,0.011,0.004
skycell,use_stats=off,994,1,1,8,0.017,0.012
skycell,use_stats=off,995,1,0,4,0.011,0.006
skycell,use_stats=off,996,1,5,8,0.017,0.011
skycell,use_stats=off,997,1,0,3,0.011,0.004
skycell,use_stats=off,998,3,5,4,0.011,0.009
skycell,use_stats=off,999,1,0,4,0.011,0.005
skycell,use_stats=off,1000,1,1,4,0.011,0.005
skycell,use_stats=off,1001,1,0,4,0.011,0.005
skycell,use_stats=off,1002,1,1,4,0.011,0.005
skycell,use_stats=off,1003,1,0,4,0.011,0.005
skycell,use_stats=off,1004,1,1,4,0.011,0.006
skycell,use_stats=off,1005,1,0,8,0.017,0.008
skycell,use_stats=off,1006,2,3,4,0.011,0.009
skycell,use_stats=off,1007,1,1,7,0.017,0.007
skycell,use_stats=off,1008,1,2,4,0.011,0.008
skycell,use_stats=off,1009,1,0,4,0.011,0.005
skycell,use_stats=off,1010,1,2,4,0.011,0.005
skycell,use_stats=off,1011,1,0,7,0.017,0.007
skycell,use_stats=off,1012,1,1,4,0.011,0.005
skycell,use_stats=off,1013,1,1,4,0.011,0.008
skycell,use_stats=off,1014,2,2,9,0.017,0.013
skycell,use_stats=off,1015,1,0,4,0.011,0.005
skycell,use_stats=off,1016,1,1,4,0.011,0.005
skycell,use_stats=off,1017,1,0,7,0.017,0.007
skycell,use_stats=off,1018,1,3,4,0.011,0.007
skycell,use_stats=off,1019,1,0,3,0.011,0.004
skycell,use_stats=off,1020,1,1,4,0.018,0.007
skycell,use_stats=off,1021,1,0,4,0.012,0.006
skycell,use_stats=off,1022,1,1,7,0.017,0.007
skycell,use_stats=off,1023,1,0,3,0.011,0.008
skycell,use_stats=off,1024,1,1,4,0.011,0.007
skycell,use_stats=off,1025,1,0,3,0.011,0.005
skycell,use_stats=off,1026,1,1,4,0.017,0.006
skycell,use_stats=off,1027,2,0,5,0.011,0.011
skycell,use_stats=off,1028,1,4,8,0.017,0.011
skycell,use_stats=off,1029,1,0,4,0.011,0.005
skycell,use_stats=off,1030,1,1,4,0.011,0.005
skycell,use_stats=off,1031,1,0,7,0.017,0.007
skycell,use_stats=off,1032,1,1,7,0.017,0.007
skycell,use_stats=off,1033,1,0,4,0.011,0.005
skycell,use_stats=off,1034,1,2,4,0.011,0.005
skycell,use_stats=off,1035,1,0,3,0.011,0.004
skycell,use_stats=off,1036,3,1,5,0.011,0.008
skycell,use_stats=off,1037,1,0,4,0.016,0.005
skycell,use_stats=off,1038,2,1,4,0.011,0.009
skycell,use_stats=off,1039,1,0,4,0.011,0.006
skycell,use_stats=off,1040,2,1,4,0.011,0.006
skycell,use_stats=off,1041,1,0,4,0.011,0.005
skycell,use_stats=off,1042,1,1,5,0.011,0.008
skycell,use_stats=off,1043,1,0,4,0.011,0.005
skycell,use_stats=off,1044,1,1,4,0.011,0.007
skycell,use_stats=off,1045,1,1,4,0.011,0.005
skycell,use_stats=off,1046,1,3,4,0.011,0.006
skycell,use_stats=off,1047,1,0,4,0.011,0.005
skycell,use_stats=off,1048,1,1,4,0.011,0.009
skycell,use_stats=off,1049,1,0,4,0.011,0.005
skycell,use_stats=off,1050,1,3,4,0.013,0.007
skycell,use_stats=off,1051,1,0,3,0.011,0.004
skycell,use_stats=off,1052,1,1,8,0.017,0.008
skycell,use_stats=off,1053,1,0,8,0.017,0.009
skycell,use_stats=off,1054,1,1,7,0.017,0.007
skycell,use_stats=off,1055,1,0,4,0.014,0.006
skycell,use_stats=off,1056,1,1,4,0.011,0.005
skycell,use_stats=off,1057,1,0,4,0.011,0.004
skycell,use_stats=off,1058,1,64,17,0.017,0.062
skycell,use_stats=off,1059,1,0,4,0.011,0.006
skycell,use_stats=off,1060,1,1,8,0.017,0.01
skycell,use_stats=off,1061,1,0,4,0.011,0.005
skycell,use_stats=off,1062,1,1,4,0.011,0.005
skycell,use_stats=off,1063,1,0,4,0.011,0.006
skycell,use_stats=off,1064,3,6,8,0.017,0.015
skycell,use_stats=off,1065,1,2,4,0.011,0.006
skycell,use_stats=off,1066,1,2,5,0.011,0.008
skycell,use_stats=off,1067,1,0,7,0.017,0.007
skycell,use_stats=off,1068,1,2,4,0.011,0.007
skycell,use_stats=off,1069,1,0,4,0.011,0.005
skycell,use_stats=off,1070,2,4,5,0.011,0.01
skycell,use_stats=off,1071,1,0,4,0.011,0.004
skycell,use_stats=off,1072,1,3,5,0.011,0.01
skycell,use_stats=off,1073,1,0,4,0.011,0.005
skycell,use_stats=off,1074,1,1,4,0.011,0.005
skycell,use_stats=off,1075,1,0,5,0.011,0.007
skycell,use_stats=off,1076,1,1,4,0.011,0.005
skycell,use_stats=off,1077,1,0,4,0.011,0.005
skycell,use_stats=off,1078,1,1,10,0.022,0.012
skycell,use_stats=off,1079,1,1,4,0.011,0.006
skycell,use_stats=off,1080,1,2,4,0.011,0.006
skycell,use_stats=off,1081,1,0,4,0.011,0.004
skycell,use_stats=off,1082,1,2,5,0.011,0.013
skycell,use_stats=off,1083,1,0,3,0.011,0.004
skycell,use_stats=off,1084,1,1,4,0.011,0.005
skycell,use_stats=off,1085,1,0,4,0.014,0.005
skycell,use_stats=off,1086,1,2,4,0.011,0.005
skycell,use_stats=off,1087,1,0,7,0.017,0.007
skycell,use_stats=off,1088,1,2,4,0.011,0.005
skycell,use_stats=off,1089,1,0,4,0.011,0.005
skycell,use_stats=off,1090,3,5,4,0.011,0.007
skycell,use_stats=off,1091,1,0,7,0.017,0.007
skycell,use_stats=off,1092,1,2,5,0.011,0.008
skycell,use_stats=off,1093,1,0,7,0.017,0.006
skycell,use_stats=off,1094,1,2,5,0.011,0.009
skycell,use_stats=off,1095,1,0,4,0.011,0.004
skycell,use_stats=off,1096,2,1,5,0.011,0.01
skycell,use_stats=off,1097,1,0,3,0.011,0.004
skycell,use_stats=off,1098,1,1,4,0.011,0.005
skycell,use_stats=off,1099,1,1,4,0.011,0.005
skycell,use_stats=off,1100,3,7,4,0.011,0.011
skycell,use_stats=off,1101,3,1,4,0.011,0.005
skycell,use_stats=off,1102,4,3,14,0.028,0.024
skycell,use_stats=off,1103,5,11,15,0.028,0.017
skycell,use_stats=off,1104,4,2,8,0.023,0.008
skycell,use_stats=off,1105,5,1,4,0.011,0.006
skycell,use_stats=off,1106,54,59,8,0.011,0.033
skycell,use_stats=off,1107,3,3,4,0.011,0.006
skycell,use_stats=off,1108,48,36,6,0.011,0.014
skycell,use_stats=off,1109,3,3,4,0.011,0.007
skycell,use_stats=off,1110,16,27,6,0.011,0.015
skycell,use_stats=off,1111,5,3,7,0.017,0.008
skycell,use_stats=off,1112,3,5,8,0.017,0.009
skycell,use_stats=off,1113,3,2,4,0.011,0.006
skycell,use_stats=off,1114,145,123,23,0.022,0.086
skycell,use_stats=off,1115,3,4,4,0.011,0.006
skycell,use_stats=off,1116,136,137,12,0.017,0.038
skycell,use_stats=off,1117,9,11,4,0.011,0.008
skycell,use_stats=off,1118,108,107,11,0.011,0.056
skycell,use_stats=off,1119,14,14,6,0.011,0.02
skycell,use_stats=off,1120,163,158,21,0.017,0.083
skycell,use_stats=off,1121,12,2,14,0.027,0.015
skycell,use_stats=off,1122,37,21,13,0.023,0.025
skycell,use_stats=off,1123,3,2,4,0.011,0.005
skycell,use_stats=off,1124,4,4,9,0.017,0.01
skycell,use_stats=off,1125,6,3,13,0.027,0.014
skycell,use_stats=off,1126,7,18,8,0.017,0.011
skycell,use_stats=off,1127,3,3,8,0.017,0.009
skycell,use_stats=off,1128,5,6,7,0.018,0.007
skycell,use_stats=off,1129,13,21,8,0.017,0.012
skycell,use_stats=off,1130,4,8,4,0.011,0.006
skycell,use_stats=off,1131,5,2,7,0.017,0.008
skycell,use_stats=off,1132,82,88,17,0.022,0.048
skycell,use_stats=off,1133,37,15,5,0.011,0.01
skycell,use_stats=off,1134,4,1,13,0.022,0.014
skycell,use_stats=off,1135,3,3,4,0.011,0.006
skycell,use_stats=off,1136,15,29,6,0.013,0.016
skycell,use_stats=off,1137,3,0,8,0.017,0.01
skycell,use_stats=off,1138,5,2,4,0.011,0.005
skycell,use_stats=off,1139,3,1,4,0.011,0.006
skycell,use_stats=off,1140,3,6,4,0.011,0.005
skycell,use_stats=off,1141,6,8,4,0.011,0.008
skycell,use_stats=off,1142,3,2,4,0.011,0.005
skycell,use_stats=off,1143,10,4,8,0.017,0.009
skycell,use_stats=off,1144,53,75,6,0.014,0.027
skycell,use_stats=off,1145,3,4,10,0.023,0.009
skycell,use_stats=off,1146,27,22,9,0.017,0.017
skycell,use_stats=off,1147,4,2,4,0.019,0.005
skycell,use_stats=off,1148,3,6,7,0.017,0.007
skycell,use_stats=off,1149,6,9,8,0.017,0.01
skycell,use_stats=off,1150,48,66,10,0.011,0.044
skycell,use_stats=off,1151,3,1,4,0.011,0.006
skycell,use_stats=off,1152,4,34,11,0.017,0.031
skycell,use_stats=off,1153,4,4,11,0.023,0.01
skycell,use_stats=off,1154,23,45,6,0.011,0.016
skycell,use_stats=off,1155,11,3,4,0.011,0.007
skycell,use_stats=off,1156,10,466,35,0.018,0.178
skycell,use_stats=off,1157,5,1,15,0.03,0.019
skycell,use_stats=off,1158,30,49,7,0.012,0.028
skycell,use_stats=off,1159,3,2,4,0.012,0.006
skycell,use_stats=off,1160,39,42,18,0.048,0.037
skycell,use_stats=off,1161,4,4,4,0.019,0.007
skycell,use_stats=off,1162,3,3,7,0.017,0.008
skycell,use_stats=off,1163,5,6,14,0.03,0.016
skycell,use_stats=off,1164,3,3,5,0.015,0.011
skycell,use_stats=off,1165,9,12,8,0.017,0.012
skycell,use_stats=off,1166,19,20,9,0.017,0.015
skycell,use_stats=off,1167,3,4,4,0.011,0.007
skycell,use_stats=off,1168,4,930,30,0.011,0.173
skycell,use_stats=off,1169,49,46,6,0.012,0.023
skycell,use_stats=off,1170,5,5,8,0.017,0.01
skycell,use_stats=off,1171,3,1,4,0.012,0.007
skycell,use_stats=off,1172,6,6,4,0.011,0.006
skycell,use_stats=off,1173,3,3,8,0.017,0.01
skycell,use_stats=off,1174,3,4,7,0.017,0.008
skycell,use_stats=off,1175,4,1,4,0.012,0.007
skycell,use_stats=off,1176,12,16,5,0.011,0.01
skycell,use_stats=off,1177,3,2,5,0.011,0.007
skycell,use_stats=off,1178,8,10,5,0.011,0.009
skycell,use_stats=off,1179,3,4,4,0.011,0.007
skycell,use_stats=off,1180,24,13,4,0.011,0.008
skycell,use_stats=off,1181,5,2,15,0.028,0.016
skycell,use_stats=off,1182,44,52,7,0.011,0.028
skycell,use_stats=off,1183,11,7,8,0.017,0.01
skycell,use_stats=off,1184,3,4,4,0.011,0.006
skycell,use_stats=off,1185,10,1,4,0.011,0.005
skycell,use_stats=off,1186,25,48,17,0.027,0.028
skycell,use_stats=off,1187,3,3,8,0.017,0.009
skycell,use_stats=off,1188,6,3,12,0.022,0.014
skycell,use_stats=off,1189,3,3,7,0.017,0.008
skycell,use_stats=off,1190,3,2,8,0.017,0.009
skycell,use_stats=off,1191,3,1,4,0.011,0.007
skycell,use_stats=off,1192,5,137,13,0.011,0.061
skycell,use_stats=off,1193,3,2,5,0.011,0.007
skycell,use_stats=off,1194,3,3,8,0.017,0.01
skycell,use_stats=off,1195,6,2,15,0.028,0.018
skycell,use_stats=off,1196,6,8,8,0.018,0.009
skycell,use_stats=off,1197,4,1,7,0.017,0.009
skycell,use_stats=off,1198,24,49,8,0.011,0.037
skycell,use_stats=off,1199,3,4,5,0.011,0.009
skycell,use_stats=off,1200,49,55,9,0.017,0.025
skycell,use_stats=off,1201,3,2,8,0.017,0.009
skycell,use_stats=off,1202,6,6,4,0.018,0.006
skycell,use_stats=off,1203,56,48,7,0.011,0.025
skycell,use_stats=off,1204,8,8,8,0.017,0.011
skycell,use_stats=off,1205,3,0,4,0.011,0.006
skycell,use_stats=off,1206,54,63,11,0.017,0.028
skycell,use_stats=off,1207,6,8,8,0.02,0.013
skycell,use_stats=off,1208,4,10,4,0.011,0.01
skycell,use_stats=off,1209,3,2,7,0.017,0.008
skycell,use_stats=off,1210,8,8,4,0.011,0.008
skycell,use_stats=off,1211,3,0,11,0.022,0.013
skycell,use_stats=off,1212,57,72,6,0.019,0.03
skycell,use_stats=off,1213,3,2,4,0.011,0.007
skycell,use_stats=off,1214,22,26,7,0.014,0.022
skycell,use_stats=off,1215,3,1,5,0.012,0.009
skycell,use_stats=off,1216,32,33,9,0.018,0.019
skycell,use_stats=off,1217,3,2,7,0.019,0.009
skycell,use_stats=off,1218,5,4,11,0.023,0.014
skycell,use_stats=off,1219,3,5,7,0.017,0.009
skycell,use_stats=off,1220,55,70,11,0.017,0.025
skycell,use_stats=off,1221,3,0,8,0.017,0.008
skycell,use_stats=off,1222,13,3834,52,0.018,0.394
skycell,use_stats=off,1223,3,1,4,0.012,0.007
skycell,use_stats=off,1224,6,5,4,0.012,0.006
skycell,use_stats=off,1225,13,11,5,0.012,0.013
skycell,use_stats=off,1226,8,3,11,0.023,0.015
skycell,use_stats=off,1227,5,4,8,0.017,0.01
skycell,use_stats=off,1228,6,1616,35,0.019,0.204
skycell,use_stats=off,1229,9,11,9,0.017,0.013
skycell,use_stats=off,1230,4,1,7,0.017,0.007
skycell,use_stats=off,1231,3,1,5,0.011,0.007
skycell,use_stats=off,1232,184,170,17,0.017,0.068
skycell,use_stats=off,1233,3,2,5,0.011,0.008
skycell,use_stats=off,1234,3,3,8,0.017,0.009
skycell,use_stats=off,1235,3,2,4,0.012,0.007
skycell,use_stats=off,1236,37,32,7,0.012,0.026
skycell,use_stats=off,1237,3,2,4,0.011,0.007
skycell,use_stats=off,1238,4,4,8,0.017,0.009
skycell,use_stats=off,1239,4,6,8,0.017,0.011
skycell,use_stats=off,1240,39,40,6,0.011,0.024
skycell,use_stats=off,1241,5,3,8,0.017,0.011
skycell,use_stats=off,1242,16,11,8,0.017,0.012
skycell,use_stats=off,1243,54,51,11,0.017,0.035
skycell,use_stats=off,1244,44,66,7,0.014,0.032
skycell,use_stats=off,1245,3,1,8,0.017,0.009
skycell,use_stats=off,1246,3,3,4,0.011,0.006
skycell,use_stats=off,1247,4,0,8,0.018,0.011
skycell,use_stats=off,1248,157,106,11,0.011,0.047
skycell,use_stats=off,1249,16,11,5,0.011,0.01
skycell,use_stats=off,1250,35,29,9,0.017,0.016
skycell,use_stats=off,1251,3,2,4,0.012,0.006
skycell,use_stats=off,1252,80,79,17,0.023,0.045
skycell,use_stats=off,1253,3,4,7,0.017,0.008
skycell,use_stats=off,1254,109,118,19,0.017,0.071
skycell,use_stats=off,1255,37,47,12,0.017,0.025
skycell,use_stats=off,1256,4,4009,49,0.011,0.365
skycell,use_stats=off,1257,83,74,7,0.011,0.029
skycell,use_stats=off,1258,3,4,5,0.011,0.008
skycell,use_stats=off,1259,4,1,11,0.022,0.013
skycell,use_stats=off,1260,8,5,16,0.028,0.019
skycell,use_stats=off,1261,75,99,14,0.017,0.044
skycell,use_stats=off,1262,126,140,11,0.017,0.036
skycell,use_stats=off,1263,3,2,4,0.011,0.006
skycell,use_stats=off,1264,48,74,7,0.011,0.028
skycell,use_stats=off,1265,3,1,4,0.011,0.006
skycell,use_stats=off,1266,28,21,17,0.027,0.028
skycell,use_stats=off,1267,3,3,5,0.011,0.008
skycell,use_stats=off,1268,4,3,14,0.027,0.015
skycell,use_stats=off,1269,3,3,8,0.017,0.01
skycell,use_stats=off,1270,16,22,6,0.011,0.021
skycell,use_stats=off,1271,22,14,9,0.017,0.015
skycell,use_stats=off,1272,13,19,8,0.017,0.012
skycell,use_stats=off,1273,3,4,4,0.011,0.006
skycell,use_stats=off,1274,8,730,33,0.028,0.122
skycell,use_stats=off,1275,54,61,7,0.011,0.025
skycell,use_stats=off,1276,4,3,7,0.02,0.009
skycell,use_stats=off,1277,4,2,4,0.018,0.007
skycell,use_stats=off,1278,141,139,14,0.017,0.049
skycell,use_stats=off,1279,3,0,4,0.012,0.008
skycell,use_stats=off,1280,91,87,7,0.011,0.027
skycell,use_stats=off,1281,4,3,8,0.017,0.008
skycell,use_stats=off,1282,47,77,7,0.011,0.031
skycell,use_stats=off,1283,5,4,4,0.012,0.006
skycell,use_stats=off,1284,39,47,10,0.012,0.047
skycell,use_stats=off,1285,27,36,6,0.011,0.015
skycell,use_stats=off,1286,3,2,4,0.011,0.007
skycell,use_stats=off,1287,4,7,4,0.011,0.008
skycell,use_stats=off,1288,4,4,7,0.017,0.008
skycell,use_stats=off,1289,3,1,7,0.017,0.01
skycell,use_stats=off,1290,124,175,28,0.017,0.121
skycell,use_stats=off,1291,3,2,8,0.017,0.009
skycell,use_stats=off,1292,93,65,7,0.011,0.03
skycell,use_stats=off,1293,3,4,4,0.011,0.007
skycell,use_stats=off,1294,51,59,5,0.011,0.023
skycell,use_stats=off,1295,5,2,7,0.018,0.008
skycell,use_stats=off,1296,8,5,5,0.012,0.007
skycell,use_stats=off,1297,3,1,7,0.017,0.007
skycell,use_stats=off,1298,5,9,12,0.025,0.019
skycell,use_stats=off,1299,7,3,4,0.012,0.006
skycell,use_stats=off,1300,54,81,7,0.011,0.028
skycell,use_stats=off,1301,110,115,20,0.033,0.041
skycell,use_stats=off,1302,862,528,24,0.023,0.104
skycell,use_stats=off,1303,341,144,21,0.033,0.05
skycell,use_stats=off,1304,632,1562,61,0.032,0.298
skycell,use_stats=off,1305,77,53,13,0.038,0.021
skycell,use_stats=off,1306,1264,1632,60,0.038,0.259
skycell,use_stats=off,1307,148,103,17,0.028,0.03
skycell,use_stats=off,1308,108,85,24,0.038,0.032
skycell,use_stats=off,1309,71,72,15,0.028,0.026
skycell,use_stats=off,1310,68,68,19,0.032,0.029
skycell,use_stats=off,1311,71,63,12,0.022,0.025
skycell,use_stats=off,1312,71,66,17,0.027,0.027
skycell,use_stats=off,1313,73,51,16,0.028,0.025
skycell,use_stats=off,1314,130,69,22,0.038,0.031
skycell,use_stats=off,1315,195,475,29,0.027,0.099
skycell,use_stats=off,1316,179,397,21,0.022,0.079
skycell,use_stats=off,1317,70,71,22,0.043,0.032
skycell,use_stats=off,1318,942,800,37,0.033,0.144
skycell,use_stats=off,1319,66,64,26,0.043,0.035
skycell,use_stats=off,1320,79,73,28,0.042,0.036
skycell,use_stats=off,1321,133,75,23,0.038,0.034
skycell,use_stats=off,1322,133,69,19,0.032,0.029
skycell,use_stats=off,1323,81,77,16,0.027,0.027
skycell,use_stats=off,1324,2134,2294,64,0.022,0.355
skycell,use_stats=off,1325,87,84,21,0.032,0.035
skycell,use_stats=off,1326,558,752,37,0.033,0.148
skycell,use_stats=off,1327,97,72,19,0.032,0.027
skycell,use_stats=off,1328,782,879,33,0.028,0.145
skycell,use_stats=off,1329,83,81,18,0.027,0.035
skycell,use_stats=off,1330,1520,1598,51,0.033,0.261
skycell,use_stats=off,1331,66,61,17,0.027,0.029
skycell,use_stats=off,1332,88,69,22,0.032,0.032
skycell,use_stats=off,1333,71,67,15,0.028,0.028
skycell,use_stats=off,1334,807,736,34,0.041,0.13
skycell,use_stats=off,1335,269,311,27,0.033,0.068
skycell,use_stats=off,1336,803,1019,41,0.032,0.16
skycell,use_stats=off,1337,77,81,13,0.023,0.031
skycell,use_stats=off,1338,870,1099,50,0.043,0.194
skycell,use_stats=off,1339,111,122,10,0.017,0.026
skycell,use_stats=off,1340,934,1284,49,0.035,0.214
skycell,use_stats=off,1341,88,56,20,0.032,0.029
skycell,use_stats=off,1342,74,65,21,0.035,0.038
skycell,use_stats=off,1343,70,61,12,0.028,0.031
skycell,use_stats=off,1344,64,57,20,0.04,0.083
skycell,use_stats=off,1345,71,63,21,0.033,0.029
skycell,use_stats=off,1346,695,553,33,0.033,0.11
skycell,use_stats=off,1347,75,68,16,0.027,0.027
skycell,use_stats=off,1348,72,63,14,0.024,0.025
skycell,use_stats=off,1349,137,216,26,0.033,0.059
skycell,use_stats=off,1350,74,75,20,0.033,0.029
skycell,use_stats=off,1351,79,69,28,0.043,0.035
skycell,use_stats=off,1352,128,157,18,0.028,0.044
skycell,use_stats=off,1353,265,211,24,0.032,0.054
skycell,use_stats=off,1354,181,136,14,0.022,0.035
skycell,use_stats=off,1355,73,47,20,0.032,0.028
skycell,use_stats=off,1356,561,660,38,0.043,0.126
skycell,use_stats=off,1357,79,70,15,0.027,0.027
skycell,use_stats=off,1358,73,66,15,0.028,0.03
skycell,use_stats=off,1359,158,68,21,0.033,0.032
skycell,use_stats=off,1360,611,674,36,0.033,0.124
skycell,use_stats=off,1361,72,67,21,0.034,0.031
skycell,use_stats=off,1362,68,61,13,0.022,0.026
skycell,use_stats=off,1363,92,60,17,0.031,0.029
skycell,use_stats=off,1364,2080,2512,70,0.036,0.369
skycell,use_stats=off,1365,65,65,21,0.032,0.03
skycell,use_stats=off,1366,70,65,21,0.033,0.03
skycell,use_stats=off,1367,70,60,15,0.029,0.027
skycell,use_stats=off,1368,72,60,17,0.027,0.029
skycell,use_stats=off,1369,431,163,16,0.023,0.042
skycell,use_stats=off,1370,3912,4069,102,0.033,0.555
skycell,use_stats=off,1371,75,77,23,0.038,0.031
skycell,use_stats=off,1372,323,601,28,0.023,0.109
skycell,use_stats=off,1373,64,49,20,0.033,0.037
skycell,use_stats=off,1374,72,70,12,0.022,0.02
skycell,use_stats=off,1375,111,73,24,0.037,0.032
skycell,use_stats=off,1376,697,495,31,0.032,0.101
skycell,use_stats=off,1377,88,63,19,0.034,0.027
skycell,use_stats=off,1378,1169,1356,44,0.027,0.219
skycell,use_stats=off,1379,80,79,17,0.03,0.033
skycell,use_stats=off,1380,1324,1572,50,0.028,0.242
skycell,use_stats=off,1381,93,47,30,0.048,0.034
skycell,use_stats=off,1382,71,75,23,0.032,0.035
skycell,use_stats=off,1383,90,65,18,0.033,0.038
skycell,use_stats=off,1384,86,77,20,0.032,0.031
skycell,use_stats=off,1385,1389,1227,49,0.033,0.203
skycell,use_stats=off,1386,1368,1589,45,0.027,0.228
skycell,use_stats=off,1387,69,79,16,0.027,0.03
skycell,use_stats=off,1388,1147,898,37,0.033,0.157
skycell,use_stats=off,1389,89,69,16,0.028,0.025
skycell,use_stats=off,1390,541,710,38,0.032,0.127
skycell,use_stats=off,1391,73,77,16,0.027,0.029
skycell,use_stats=off,1392,69,67,15,0.028,0.03
skycell,use_stats=off,1393,104,66,19,0.032,0.028
skycell,use_stats=off,1394,3471,3504,115,0.037,0.647
skycell,use_stats=off,1395,82,64,24,0.045,0.033
skycell,use_stats=off,1396,3188,3600,89,0.023,0.513
skycell,use_stats=off,1397,153,59,15,0.027,0.024
skycell,use_stats=off,1398,2748,2926,83,0.032,0.435
skycell,use_stats=off,1399,115,66,19,0.032,0.03
skycell,use_stats=off,1400,3953,4002,104,0.038,0.582
skycell,use_stats=off,1401,588,297,37,0.054,0.07
skycell,use_stats=off,1402,237,254,41,0.064,0.067
skycell,use_stats=off,1403,348,324,40,0.053,0.071
skycell,use_stats=off,1404,1216,1369,62,0.061,0.206
skycell,use_stats=off,1405,326,265,36,0.053,0.064
skycell,use_stats=off,1406,1457,1108,47,0.048,0.163
skycell,use_stats=off,1407,289,276,38,0.057,0.064
skycell,use_stats=off,1408,4846,4152,97,0.038,0.528
skycell,use_stats=off,1409,285,297,34,0.048,0.06
skycell,use_stats=off,1410,277,306,32,0.049,0.066
skycell,use_stats=off,1411,927,748,41,0.043,0.128
skycell,use_stats=off,1412,310,265,35,0.049,0.065
skycell,use_stats=off,1413,298,280,37,0.053,0.062
skycell,use_stats=off,1414,786,1101,59,0.057,0.171
skycell,use_stats=off,1415,455,251,37,0.058,0.066
skycell,use_stats=off,1416,8687,9129,173,0.044,1.073
skycell,use_stats=off,1417,426,272,30,0.044,0.053
skycell,use_stats=off,1418,4842,5071,122,0.058,0.64
skycell,use_stats=off,1419,314,271,27,0.039,0.062
skycell,use_stats=off,1420,4479,5690,111,0.038,0.642
skycell,use_stats=off,1421,348,233,25,0.038,0.05
skycell,use_stats=off,1422,3116,4433,108,0.053,0.551
skycell,use_stats=off,1423,321,260,37,0.053,0.063
skycell,use_stats=off,1424,1555,3126,81,0.048,0.389
skycell,use_stats=off,1425,2439,3145,89,0.053,0.43
skycell,use_stats=off,1426,512,302,36,0.048,0.068
skycell,use_stats=off,1427,334,255,41,0.057,0.063
skycell,use_stats=off,1428,4152,3905,96,0.043,0.499
skycell,use_stats=off,1429,1710,1284,50,0.048,0.207
skycell,use_stats=off,1430,1346,1294,38,0.028,0.16
skycell,use_stats=off,1431,291,289,33,0.048,0.057
skycell,use_stats=off,1432,992,268,37,0.061,0.068
skycell,use_stats=off,1433,1567,901,48,0.053,0.132
skycell,use_stats=off,1434,637,277,39,0.053,0.068
skycell,use_stats=off,1435,1353,1243,59,0.058,0.184
skycell,use_stats=off,1436,580,1021,51,0.053,0.173
skycell,use_stats=off,1437,280,298,29,0.043,0.061
skycell,use_stats=off,1438,399,4191,85,0.064,0.424
skycell,use_stats=off,1439,318,307,31,0.043,0.06
skycell,use_stats=off,1440,252,269,39,0.057,0.066
skycell,use_stats=off,1441,2604,2336,106,0.113,0.383
skycell,use_stats=off,1442,2391,2435,116,0.13,0.336
skycell,use_stats=off,1443,2380,2502,101,0.104,0.309
skycell,use_stats=off,1444,29034,35019,557,0.113,3.651
skycell,use_stats=off,1445,11949,11114,228,0.125,1.204
skycell,use_stats=off,1446,3445,6517,157,0.119,0.642
skycell,use_stats=off,1447,3236,2340,103,0.108,0.325
skycell,use_stats=off,1448,139769,147516,1985,0.104,13.781
skycell,use_stats=off,1449,3372,2525,104,0.108,0.312
skycell,use_stats=off,1450,39859,43516,654,0.128,4.165
skycell,use_stats=off,1451,2967,2330,112,0.139,0.309
skycell,use_stats=off,1452,26962,26649,458,0.123,2.821
skycell,use_stats=off,1453,2563,2324,122,0.134,0.32
skycell,use_stats=off,1454,22198,22109,385,0.123,2.303
skycell,use_stats=off,1455,2980,2386,116,0.126,0.301
skycell,use_stats=off,1456,18720,18819,330,0.108,1.865
skycell,max_area_ratio=0,1,1,0,3,0.017,0.009
skycell,max_area_ratio=0,2,1,1,4,0.021,0.011
skycell,max_area_ratio=0,3,1,0,3,0.014,0.006
skycell,max_area_ratio=0,4,1,1,4,0.012,0.006
skycell,max_area_ratio=0,5,1,0,3,0.012,0.004
skycell,max_area_ratio=0,6,1,1,4,0.012,0.007
skycell,max_area_ratio=0,7,1,0,3,0.012,0.006
skycell,max_area_ratio=0,8,1,1,4,0.012,0.007
skycell,max_area_ratio=0,9,1,0,3,0.012,0.005
skycell,max_area_ratio=0,10,1,1,4,0.012,0.006
skycell,max_area_ratio=0,11,1,0,3,0.012,0.005
skycell,max_area_ratio=0,12,1,1,4,0.015,0.007
skycell,max_area_ratio=0,13,1,0,3,0.012,0.004
skycell,max_area_ratio=0,14,1,1,4,0.012,0.006
skycell,max_area_ratio=0,15,1,0,3,0.012,0.005
skycell,max_area_ratio=0,16,1,1,4,0.012,0.006
skycell,max_area_ratio=0,17,1,0,3,0.011,0.004
skycell,max_area_ratio=0,18,1,1,4,0.014,0.005
skycell,max_area_ratio=0,19,1,0,3,0.012,0.004
skycell,max_area_ratio=0,20,1,1,4,0.012,0.006
skycell,max_area_ratio=0,21,1,0,3,0.012,0.004
skycell,max_area_ratio=0,22,1,1,4,0.013,0.007
skycell,max_area_ratio=0,23,1,0,3,0.012,0.004
skycell,max_area_ratio=0,24,1,1,4,0.012,0.006
skycell,max_area_ratio=0,25,1,0,3,0.012,0.004
skycell,max_area_ratio=0,26,1,1,4,0.012,0.006
skycell,max_area_ratio=0,27,1,0,3,0.012,0.006
skycell,max_area_ratio=0,28,1,1,4,0.011,0.005
skycell,max_area_ratio=0,29,1,0,3,0.011,0.004
skycell,max_area_ratio=0,30,1,1,4,0.011,0.006
skycell,max_area_ratio=0,31,1,0,3,0.011,0.005
skycell,max_area_ratio=0,32,1,1,4,0.011,0.006
skycell,max_area_ratio=0,33,1,0,3,0.011,0.005
skycell,max_area_ratio=0,34,1,1,4,0.012,0.006
skycell,max_area_ratio=0,35,1,0,3,0.011,0.003
skycell,max_area_ratio=0,36,1,1,4,0.014,0.006
skycell,max_area_ratio=0,37,1,0,4,0.012,0.005
skycell,max_area_ratio=0,38,1,1,4,0.012,0.006
skycell,max_area_ratio=0,39,1,0,3,0.012,0.004
skycell,max_area_ratio=0,40,1,1,4,0.011,0.005
skycell,max_area_ratio=0,41,1,0,3,0.011,0.005
skycell,max_area_ratio=0,42,1,1,4,0.014,0.006
skycell,max_area_ratio=0,43,1,0,3,0.012,0.005
skycell,max_area_ratio=0,44,1,1,4,0.012,0.006
skycell,max_area_ratio=0,45,1,0,3,0.011,0.004
skycell,max_area_ratio=0,46,1,1,4,0.011,0.005
skycell,max_area_ratio=0,47,1,0,3,0.023,0.005
skycell,max_area_ratio=0,48,1,1,4,0.013,0.007
skycell,max_area_ratio=0,49,1,0,3,0.013,0.004
skycell,max_area_ratio=0,50,1,1,4,0.011,0.006
skycell,max_area_ratio=0,51,1,0,3,0.011,0.004
skycell,max_area_ratio=0,52,1,1,4,0.011,0.005
skycell,max_area_ratio=0,53,1,0,3,0.011,0.005
skycell,max_area_ratio=0,54,1,1,4,0.011,0.005
skycell,max_area_ratio=0,55,1,0,3,0.011,0.004
skycell,max_area_ratio=0,56,1,1,4,0.011,0.005
skycell,max_area_ratio=0,57,1,0,3,0.011,0.005
skycell,max_area_ratio=0,58,1,1,4,0.011,0.005
skycell,max_area_ratio=0,59,1,0,4,0.011,0.005
skycell,max_area_ratio=0,60,1,1,4,0.011,0.006
skycell,max_area_ratio=0,61,1,0,3,0.012,0.004
skycell,max_area_ratio=0,62,1,1,4,0.011,0.005
skycell,max_area_ratio=0,63,1,0,4,0.014,0.007
skycell,max_area_ratio=0,64,1,1,4,0.012,0.008
skycell,max_area_ratio=0,65,1,0,3,0.021,0.005
skycell,max_area_ratio=0,66,1,1,4,0.016,0.008
skycell,max_area_ratio=0,67,1,0,3,0.015,0.004
skycell,max_area_ratio=0,68,1,1,4,0.013,0.006
skycell,max_area_ratio=0,69,1,0,3,0.011,0.005
skycell,max_area_ratio=0,70,1,1,4,0.011,0.004
skycell,max_area_ratio=0,71,1,0,4,0.011,0.005
skycell,max_area_ratio=0,72,1,1,4,0.014,0.006
skycell,max_area_ratio=0,73,1,0,3,0.012,0.004
skycell,max_area_ratio=0,74,1,1,4,0.011,0.005
skycell,max_area_ratio=0,75,1,0,3,0.012,0.004
skycell,max_area_ratio=0,76,1,1,4,0.011,0.006
skycell,max_area_ratio=0,77,1,0,3,0.025,0.004
skycell,max_area_ratio=0,78,1,1,4,0.011,0.007
skycell,max_area_ratio=0,79,1,0,3,0.011,0.004
skycell,max_area_ratio=0,80,1,1,4,0.011,0.005
skycell,max_area_ratio=0,81,1,0,4,0.011,0.005
skycell,max_area_ratio=0,82,1,1,4,0.011,0.006
skycell,max_area_ratio=0,83,1,0,3,0.011,0.004
skycell,max_area_ratio=0,84,1,1,4,0.011,0.005
skycell,max_area_ratio=0,85,1,0,3,0.011,0.004
skycell,max_area_ratio=0,86,1,1,4,0.015,0.007
skycell,max_area_ratio=0,87,1,0,3,0.026,0.005
skycell,max_area_ratio=0,88,1,1,4,0.011,0.005
skycell,max_area_ratio=0,89,1,0,3,0.011,0.004
skycell,max_area_ratio=0,90,1,1,4,0.011,0.004
skycell,max_area_ratio=0,91,1,0,3,0.011,0.004
skycell,max_area_ratio=0,92,1,1,4,0.011,0.006
skycell,max_area_ratio=0,93,1,0,3,0.011,0.004
skycell,max_area_ratio=0,94,1,1,4,0.011,0.005
skycell,max_area_ratio=0,95,1,0,3,0.011,0.004
skycell,max_area_ratio=0,96,1,1,4,0.011,0.005
skycell,max_area_ratio=0,97,1,0,3,0.011,0.004
skycell,max_area_ratio=0,98,1,1,4,0.012,0.006
skycell,max_area_ratio=0,99,1,0,3,0.011,0.004
skycell,max_area_ratio=0,100,1,1,4,0.015,0.006
skycell,max_area_ratio=0,101,1,0,3,0.011,0.005
skycell,max_area_ratio=0,102,1,1,4,0.013,0.005
skycell,max_area_ratio=0,103,1,0,3,0.011,0.005
skycell,max_area_ratio=0,104,1,1,4,0.011,0.004
skycell,max_area_ratio=0,105,1,0,3,0.011,0.005
skycell,max_area_ratio=0,106,1,1,4,0.011,0.006
skycell,max_area_ratio=0,107,1,0,3,0.011,0.004
skycell,max_area_ratio=0,108,1,1,4,0.011,0.006
skycell,max_area_ratio=0,109,1,0,3,0.012,0.004
skycell,max_area_ratio=0,110,1,1,4,0.011,0.006
skycell,max_area_ratio=0,111,1,0,3,0.011,0.004
skycell,max_area_ratio=0,112,1,1,4,0.011,0.006
skycell,max_area_ratio=0,113,1,0,3,0.021,0.005
skycell,max_area_ratio=0,114,1,1,4,0.011,0.005
skycell,max_area_ratio=0,115,1,0,3,0.011,0.003
skycell,max_area_ratio=0,116,1,1,4,0.011,0.006
skycell,max_area_ratio=0,117,1,0,3,0.011,0.004
skycell,max_area_ratio=0,118,1,1,4,0.011,0.005
skycell,max_area_ratio=0,119,1,0,3,0.014,0.004
skycell,max_area_ratio=0,120,1,1,4,0.011,0.005
skycell,max_area_ratio=0,121,1,0,3,0.011,0.004
skycell,max_area_ratio=0,122,1,1,4,0.011,0.006
skycell,max_area_ratio=0,123,1,0,3,0.011,0.004
skycell,max_area_ratio=0,124,1,1,4,0.011,0.006
skycell,max_area_ratio=0,125,1,0,3,0.011,0.004
skycell,max_area_ratio=0,126,1,1,8,0.011,0.027
skycell,max_area_ratio=0,127,1,0,4,0.011,0.006
skycell,max_area_ratio=0,128,1,1,4,0.011,0.005
skycell,max_area_ratio=0,129,1,0,3,0.011,0.004
skycell,max_area_ratio=0,130,1,1,4,0.011,0.005
skycell,max_area_ratio=0,131,1,0,3,0.011,0.004
skycell,max_area_ratio=0,132,1,1,4,0.014,0.007
skycell,max_area_ratio=0,133,1,0,3,0.011,0.004
skycell,max_area_ratio=0,134,1,1,4,0.011,0.005
skycell,max_area_ratio=0,135,1,0,3,0.011,0.005
skycell,max_area_ratio=0,136,1,1,4,0.011,0.005
skycell,max_area_ratio=0,137,1,0,3,0.011,0.004
skycell,max_area_ratio=0,138,1,1,4,0.011,0.005
skycell,max_area_ratio=0,139,1,0,3,0.011,0.005
skycell,max_area_ratio=0,140,1,1,4,0.011,0.007
skycell,max_area_ratio=0,141,1,0,3,0.011,0.004
skycell,max_area_ratio=0,142,1,1,4,0.011,0.005
skycell,max_area_ratio=0,143,1,0,3,0.011,0.004
skycell,max_area_ratio=0,144,1,1,4,0.011,0.005
skycell,max_area_ratio=0,145,1,0,3,0.011,0.004
skycell,max_area_ratio=0,146,1,1,4,0.011,0.006
skycell,max_area_ratio=0,147,1,0,3,0.012,0.004
skycell,max_area_ratio=0,148,1,1,4,0.011,0.007
skycell,max_area_ratio=0,149,1,0,3,0.011,0.004
skycell,max_area_ratio=0,150,1,1,4,0.011,0.005
skycell,max_area_ratio=0,151,1,0,3,0.011,0.004
skycell,max_area_ratio=0,152,1,1,4,0.014,0.006
skycell,max_area_ratio=0,153,1,0,3,0.011,0.004
skycell,max_area_ratio=0,154,1,1,4,0.011,0.006
skycell,max_area_ratio=0,155,1,0,3,0.012,0.004
skycell,max_area_ratio=0,156,1,1,4,0.011,0.006
skycell,max_area_ratio=0,157,1,0,3,0.011,0.003
skycell,max_area_ratio=0,158,1,1,4,0.011,0.005
skycell,max_area_ratio=0,159,1,0,3,0.011,0.004
skycell,max_area_ratio=0,160,1,1,4,0.011,0.006
skycell,max_area_ratio=0,161,1,0,3,0.011,0.004
skycell,max_area_ratio=0,162,1,1,5,0.011,0.009
skycell,max_area_ratio=0,163,1,0,3,0.023,0.004
skycell,max_area_ratio=0,164,1,1,4,0.011,0.005
skycell,max_area_ratio=0,165,1,0,3,0.011,0.006
skycell,max_area_ratio=0,166,1,1,4,0.014,0.007
skycell,max_area_ratio=0,167,1,0,3,0.011,0.004
skycell,max_area_ratio=0,168,1,1,4,0.011,0.006
skycell,max_area_ratio=0,169,1,0,3,0.011,0.004
skycell,max_area_ratio=0,170,1,1,4,0.011,0.005
skycell,max_area_ratio=0,171,1,0,3,0.011,0.004
skycell,max_area_ratio=0,172,1,1,4,0.011,0.005
skycell,max_area_ratio=0,173,1,0,3,0.011,0.004
skycell,max_area_ratio=0,174,1,1,5,0.011,0.005
skycell,max_area_ratio=0,175,1,0,3,0.011,0.004
skycell,max_area_ratio=0,176,1,1,4,0.011,0.005
skycell,max_area_ratio=0,177,1,0,3,0.011,0.004
skycell,max_area_ratio=0,178,1,1,4,0.011,0.005
skycell,max_area_ratio=0,179,1,0,3,0.011,0.004
skycell,max_area_ratio=0,180,1,1,4,0.011,0.006
skycell,max_area_ratio=0,181,1,0,3,0.011,0.004
skycell,max_area_ratio=0,182,1,1,4,0.011,0.005
skycell,max_area_ratio=0,183,1,0,3,0.011,0.004
skycell,max_area_ratio=0,184,1,1,4,0.011,0.005
skycell,max_area_ratio=0,185,1,0,3,0.011,0.004
skycell,max_area_ratio=0,186,1,1,4,0.011,0.007
skycell,max_area_ratio=0,187,1,0,3,0.011,0.004
skycell,max_area_ratio=0,188,1,1,4,0.011,0.005
skycell,max_area_ratio=0,189,1,0,4,0.011,0.005
skycell,max_area_ratio=0,190,1,1,4,0.011,0.008
skycell,max_area_ratio=0,191,1,0,3,0.013,0.005
skycell,max_area_ratio=0,192,1,1,4,0.014,0.006
skycell,max_area_ratio=0,193,1,0,3,0.011,0.004
skycell,max_area_ratio=0,194,1,1,4,0.011,0.005
skycell,max_area_ratio=0,195,1,0,3,0.011,0.004
skycell,max_area_ratio=0,196,1,1,4,0.011,0.005
skycell,max_area_ratio=0,197,1,0,3,0.011,0.004
skycell,max_area_ratio=0,198,1,1,4,0.011,0.005
skycell,max_area_ratio=0,199,1,0,3,0.011,0.005
skycell,max_area_ratio=0,200,1,1,4,0.011,0.005
skycell,max_area_ratio=0,201,1,0,3,0.011,0.004
skycell,max_area_ratio=0,202,1,1,4,0.011,0.005
skycell,max_area_ratio=0,203,1,0,3,0.011,0.004
skycell,max_area_ratio=0,204,1,1,4,0.011,0.006
skycell,max_area_ratio=0,205,1,0,3,0.011,0.004
skycell,max_area_ratio=0,206,1,1,4,0.011,0.005
skycell,max_area_ratio=0,207,1,0,4,0.011,0.005
skycell,max_area_ratio=0,208,1,1,4,0.011,0.008
skycell,max_area_ratio=0,209,1,0,3,0.011,0.004
skycell,max_area_ratio=0,210,1,1,4,0.012,0.006
skycell,max_area_ratio=0,211,1,0,3,0.011,0.004
skycell,max_area_ratio=0,212,1,1,4,0.011,0.005
skycell,max_area_ratio=0,213,1,0,3,0.011,0.004
skycell,max_area_ratio=0,214,1,1,4,0.011,0.005
skycell,max_area_ratio=0,215,1,0,3,0.011,0.004
skycell,max_area_ratio=0,216,1,1,4,0.011,0.006
skycell,max_area_ratio=0,217,1,0,3,0.011,0.004
skycell,max_area_ratio=0,218,1,1,4,0.011,0.006
skycell,max_area_ratio=0,219,1,0,3,0.011,0.005
skycell,max_area_ratio=0,220,1,1,5,0.011,0.012
skycell,max_area_ratio=0,221,1,0,3,0.011,0.004
skycell,max_area_ratio=0,222,1,1,4,0.011,0.005
skycell,max_area_ratio=0,223,1,0,3,0.011,0.004
skycell,max_area_ratio=0,224,1,1,4,0.011,0.005
skycell,max_area_ratio=0,225,1,0,3,0.012,0.004
skycell,max_area_ratio=0,226,1,1,4,0.011,0.005
skycell,max_area_ratio=0,227,1,0,3,0.014,0.005
skycell,max_area_ratio=0,228,1,1,4,0.011,0.005
skycell,max_area_ratio=0,229,1,0,3,0.011,0.004
skycell,max_area_ratio=0,230,1,1,4,0.011,0.005
skycell,max_area_ratio=0,231,1,0,3,0.011,0.004
skycell,max_area_ratio=0,232,1,1,4,0.011,0.005
skycell,max_area_ratio=0,233,1,0,3,0.011,0.004
skycell,max_area_ratio=0,234,1,1,4,0.011,0.005
skycell,max_area_ratio=0,235,1,0,3,0.011,0.004
skycell,max_area_ratio=0,236,1,1,4,0.011,0.005
skycell,max_area_ratio=0,237,1,0,3,0.011,0.004
skycell,max_area_ratio=0,238,1,1,4,0.011,0.012
skycell,max_area_ratio=0,239,1,0,3,0.013,0.004
skycell,max_area_ratio=0,240,1,1,4,0.011,0.009
skycell,max_area_ratio=0,241,1,0,3,0.013,0.005
skycell,max_area_ratio=0,242,1,1,4,0.011,0.005
skycell,max_area_ratio=0,243,1,0,3,0.011,0.004
skycell,max_area_ratio=0,244,1,1,7,0.011,0.021
skycell,max_area_ratio=0,245,1,0,3,0.011,0.005
skycell,max_area_ratio=0,246,1,1,4,0.011,0.005
skycell,max_area_ratio=0,247,1,0,3,0.011,0.005
skycell,max_area_ratio=0,248,1,1,4,0.011,0.004
skycell,max_area_ratio=0,249,1,0,3,0.011,0.005
skycell,max_area_ratio=0,250,1,1,4,0.011,0.005
skycell,max_area_ratio=0,251,1,0,3,0.011,0.004
skycell,max_area_ratio=0,252,1,1,4,0.014,0.006
skycell,max_area_ratio=0,253,1,0,3,0.011,0.004
skycell,max_area_ratio=0,254,1,1,4,0.011,0.005
skycell,max_area_ratio=0,255,1,0,3,0.011,0.005
skycell,max_area_ratio=0,256,1,1,4,0.018,0.005
skycell,max_area_ratio=0,257,1,0,3,0.011,0.004
skycell,max_area_ratio=0,258,1,1,4,0.011,0.005
skycell,max_area_ratio=0,259,1,0,3,0.011,0.005
skycell,max_area_ratio=0,260,1,1,6,0.011,0.019
skycell,max_area_ratio=0,261,1,0,3,0.011,0.004
skycell,max_area_ratio=0,262,1,1,4,0.011,0.009
skycell,max_area_ratio=0,263,1,0,3,0.013,0.004
skycell,max_area_ratio=0,264,1,1,4,0.012,0.005
skycell,max_area_ratio=0,265,1,0,3,0.011,0.004
skycell,max_area_ratio=0,266,1,1,4,0.011,0.005
skycell,max_area_ratio=0,267,1,0,4,0.011,0.005
skycell,max_area_ratio=0,268,1,1,4,0.011,0.006
skycell,max_area_ratio=0,269,1,0,4,0.011,0.011
skycell,max_area_ratio=0,270,1,1,4,0.013,0.009
skycell,max_area_ratio=0,271,1,0,4,0.013,0.009
skycell,max_area_ratio=0,272,1,1,4,0.013,0.013
skycell,max_area_ratio=0,273,1,0,3,0.013,0.004
skycell,max_area_ratio=0,274,1,1,4,0.011,0.005
skycell,max_area_ratio=0,275,1,0,4,0.011,0.012
skycell,max_area_ratio=0,276,1,1,4,0.013,0.009
skycell,max_area_ratio=0,277,1,0,3,0.013,0.01
skycell,max_area_ratio=0,278,1,1,4,0.013,0.014
skycell,max_area_ratio=0,279,1,0,3,0.013,0.005
skycell,max_area_ratio=0,280,1,1,4,0.011,0.011
skycell,max_area_ratio=0,281,1,0,3,0.013,0.007
skycell,max_area_ratio=0,282,1,1,4,0.013,0.009
skycell,max_area_ratio=0,283,1,0,3,0.013,0.004
skycell,max_area_ratio=0,284,1,1,4,0.011,0.006
skycell,max_area_ratio=0,285,1,0,3,0.011,0.004
skycell,max_area_ratio=0,286,1,1,4,0.011,0.005
skycell,max_area_ratio=0,287,1,0,3,0.011,0.004
skycell,max_area_ratio=0,288,1,1,4,0.011,0.004
skycell,max_area_ratio=0,289,1,0,3,0.011,0.004
skycell,max_area_ratio=0,290,1,1,4,0.011,0.004
skycell,max_area_ratio=0,291,1,0,3,0.011,0.004
skycell,max_area_ratio=0,292,1,1,4,0.011,0.005
skycell,max_area_ratio=0,293,1,0,3,0.011,0.004
skycell,max_area_ratio=0,294,1,1,4,0.011,0.005
skycell,max_area_ratio=0,295,1,0,3,0.011,0.004
skycell,max_area_ratio=0,296,1,1,4,0.011,0.005
skycell,max_area_ratio=0,297,1,0,3,0.011,0.004
skycell,max_area_ratio=0,298,1,1,4,0.011,0.005
skycell,max_area_ratio=0,299,1,0,3,0.011,0.004
skycell,max_area_ratio=0,300,1,1,4,0.011,0.006
skycell,max_area_ratio=0,301,1,0,3,0.011,0.004
skycell,max_area_ratio=0,302,1,1,4,0.014,0.006
skycell,max_area_ratio=0,303,1,0,3,0.011,0.004
skycell,max_area_ratio=0,304,1,1,4,0.011,0.005
skycell,max_area_ratio=0,305,1,0,4,0.011,0.005
skycell,max_area_ratio=0,306,1,1,4,0.011,0.004
skycell,max_area_ratio=0,307,1,0,3,0.011,0.004
skycell,max_area_ratio=0,308,1,1,4,0.011,0.006
skycell,max_area_ratio=0,309,1,0,3,0.011,0.004
skycell,max_area_ratio=0,310,1,1,4,0.011,0.005
skycell,max_area_ratio=0,311,1,0,4,0.011,0.005
skycell,max_area_ratio=0,312,1,1,4,0.014,0.006
skycell,max_area_ratio=0,313,1,0,3,0.011,0.004
skycell,max_area_ratio=0,314,1,1,4,0.011,0.005
skycell,max_area_ratio=0,315,1,0,3,0.013,0.004
skycell,max_area_ratio=0,316,1,1,4,0.012,0.005
skycell,max_area_ratio=0,317,1,0,3,0.015,0.005
skycell,max_area_ratio=0,318,1,1,4,0.011,0.005
skycell,max_area_ratio=0,319,1,0,3,0.011,0.004
skycell,max_area_ratio=0,320,1,1,4,0.011,0.011
skycell,max_area_ratio=0,321,1,0,3,0.013,0.008
skycell,max_area_ratio=0,322,1,1,4,0.013,0.01
skycell,max_area_ratio=0,323,1,0,4,0.013,0.006
skycell,max_area_ratio=0,324,1,1,5,0.011,0.016
skycell,max_area_ratio=0,325,1,0,3,0.028,0.01
skycell,max_area_ratio=0,326,1,1,4,0.013,0.009
skycell,max_area_ratio=0,327,1,0,3,0.013,0.004
skycell,max_area_ratio=0,328,1,1,4,0.011,0.005
skycell,max_area_ratio=0,329,1,0,3,0.012,0.004
skycell,max_area_ratio=0,330,1,1,4,0.011,0.008
skycell,max_area_ratio=0,331,1,0,3,0.013,0.004
skycell,max_area_ratio=0,332,1,1,4,0.011,0.006
skycell,max_area_ratio=0,333,1,0,3,0.011,0.005
skycell,max_area_ratio=0,334,1,1,4,0.012,0.006
skycell,max_area_ratio=0,335,1,0,3,0.011,0.004
skycell,max_area_ratio=0,336,1,1,4,0.011,0.005
skycell,max_area_ratio=0,337,1,0,3,0.011,0.004
skycell,max_area_ratio=0,338,1,1,4,0.011,0.005
skycell,max_area_ratio=0,339,1,0,4,0.011,0.005
skycell,max_area_ratio=0,340,1,1,4,0.019,0.004
skycell,max_area_ratio=0,341,1,0,3,0.011,0.004
skycell,max_area_ratio=0,342,1,1,4,0.011,0.005
skycell,max_area_ratio=0,343,1,0,3,0.011,0.004
skycell,max_area_ratio=0,344,1,1,4,0.011,0.005
skycell,max_area_ratio=0,345,1,0,3,0.011,0.003
skycell,max_area_ratio=0,346,1,1,4,0.011,0.005
skycell,max_area_ratio=0,347,1,0,3,0.011,0.004
skycell,max_area_ratio=0,348,1,1,4,0.011,0.005
skycell,max_area_ratio=0,349,1,0,3,0.011,0.004
skycell,max_area_ratio=0,350,1,1,4,0.011,0.005
skycell,max_area_ratio=0,351,1,0,3,0.011,0.004
skycell,max_area_ratio=0,352,1,1,4,0.011,0.005
skycell,max_area_ratio=0,353,1,0,3,0.011,0.004
skycell,max_area_ratio=0,354,1,1,4,0.011,0.006
skycell,max_area_ratio=0,355,1,0,3,0.011,0.004
skycell,max_area_ratio=0,356,1,1,4,0.011,0.005
skycell,max_area_ratio=0,357,1,0,3,0.011,0.006
skycell,max_area_ratio=0,358,1,1,4,0.011,0.004
skycell,max_area_ratio=0,359,1,0,4,0.011,0.006
skycell,max_area_ratio=0,360,1,1,4,0.011,0.006
skycell,max_area_ratio=0,361,1,0,3,0.011,0.004
skycell,max_area_ratio=0,362,1,1,4,0.011,0.005
skycell,max_area_ratio=0,363,1,0,4,0.011,0.005
skycell,max_area_ratio=0,364,1,1,4,0.011,0.005
skycell,max_area_ratio=0,365,1,0,3,0.011,0.005
skycell,max_area_ratio=0,366,1,1,4,0.011,0.005
skycell,max_area_ratio=0,367,1,0,3,0.011,0.005
skycell,max_area_ratio=0,368,1,1,4,0.011,0.004
skycell,max_area_ratio=0,369,1,0,3,0.011,0.006
skycell,max_area_ratio=0,370,1,1,4,0.011,0.006
skycell,max_area_ratio=0,371,1,0,3,0.013,0.003
skycell,max_area_ratio=0,372,1,1,4,0.014,0.006
skycell,max_area_ratio=0,373,1,0,3,0.011,0.004
skycell,max_area_ratio=0,374,1,1,4,0.011,0.004
skycell,max_area_ratio=0,375,1,0,3,0.011,0.004
skycell,max_area_ratio=0,376,1,1,4,0.011,0.005
skycell,max_area_ratio=0,377,1,0,3,0.014,0.005
skycell,max_area_ratio=0,378,1,1,4,0.011,0.006
skycell,max_area_ratio=0,379,1,0,4,0.011,0.005
skycell,max_area_ratio=0,380,1,1,4,0.012,0.006
skycell,max_area_ratio=0,381,1,0,3,0.011,0.004
skycell,max_area_ratio=0,382,1,1,4,0.011,0.005
skycell,max_area_ratio=0,383,1,0,3,0.011,0.004
skycell,max_area_ratio=0,384,1,1,4,0.022,0.006
skycell,max_area_ratio=0,385,1,0,3,0.011,0.004
skycell,max_area_ratio=0,386,1,1,4,0.011,0.005
skycell,max_area_ratio=0,387,1,0,3,0.011,0.004
skycell,max_area_ratio=0,388,1,1,5,0.011,0.012
skycell,max_area_ratio=0,389,1,0,3,0.011,0.004
skycell,max_area_ratio=0,390,1,1,6,0.011,0.017
skycell,max_area_ratio=0,391,1,0,4,0.011,0.005
skycell,max_area_ratio=0,392,1,1,4,0.011,0.005
skycell,max_area_ratio=0,393,1,0,3,0.011,0.004
skycell,max_area_ratio=0,394,1,1,4,0.011,0.005
skycell,max_area_ratio=0,395,1,0,3,0.011,0.004
skycell,max_area_ratio=0,396,1,1,4,0.011,0.005
skycell,max_area_ratio=0,397,1,0,3,0.011,0.004
skycell,max_area_ratio=0,398,1,1,4,0.011,0.005
skycell,max_area_ratio=0,399,1,0,3,0.011,0.004
skycell,max_area_ratio=0,400,1,1,4,0.011,0.005
skycell,max_area_ratio=0,401,1,0,3,0.011,0.004
skycell,max_area_ratio=0,402,1,1,4,0.011,0.005
skycell,max_area_ratio=0,403,1,0,3,0.011,0.004
skycell,max_area_ratio=0,404,1,1,4,0.011,0.006
skycell,max_area_ratio=0,405,1,0,3,0.011,0.012
skycell,max_area_ratio=0,406,1,1,4,0.013,0.012
skycell,max_area_ratio=0,407,1,0,4,0.013,0.006
skycell,max_area_ratio=0,408,1,1,4,0.011,0.006
skycell,max_area_ratio=0,409,1,0,3,0.011,0.004
skycell,max_area_ratio=0,410,1,1,4,0.011,0.005
skycell,max_area_ratio=0,411,1,0,3,0.011,0.005
skycell,max_area_ratio=0,412,1,1,4,0.011,0.005
skycell,max_area_ratio=0,413,1,0,4,0.011,0.005
skycell,max_area_ratio=0,414,1,1,4,0.011,0.005
skycell,max_area_ratio=0,415,1,0,3,0.011,0.004
skycell,max_area_ratio=0,416,1,1,4,0.011,0.005
skycell,max_area_ratio=0,417,1,0,4,0.011,0.005
skycell,max_area_ratio=0,418,1,1,4,0.012,0.006
skycell,max_area_ratio=0,419,1,0,3,0.011,0.005
skycell,max_area_ratio=0,420,1,1,4,0.014,0.005
skycell,max_area_ratio=0,421,1,0,3,0.011,0.004
skycell,max_area_ratio=0,422,1,1,4,0.023,0.005
skycell,max_area_ratio=0,423,1,0,4,0.011,0.005
skycell,max_area_ratio=0,424,1,1,7,0.02,0.017
skycell,max_area_ratio=0,425,1,1,4,0.012,0.007
skycell,max_area_ratio=0,426,1,1,4,0.011,0.006
skycell,max_area_ratio=0,427,1,0,4,0.011,0.005
skycell,max_area_ratio=0,428,1,1,4,0.011,0.005
skycell,max_area_ratio=0,429,1,0,4,0.011,0.005
skycell,max_area_ratio=0,430,1,1,4,0.011,0.005
skycell,max_area_ratio=0,431,1,0,4,0.011,0.006
skycell,max_area_ratio=0,432,1,1,4,0.011,0.005
skycell,max_area_ratio=0,433,1,0,3,0.011,0.004
skycell,max_area_ratio=0,434,1,1,4,0.011,0.006
skycell,max_area_ratio=0,435,1,0,4,0.011,0.006
skycell,max_area_ratio=0,436,1,1,4,0.011,0.005
skycell,max_area_ratio=0,437,1,0,4,0.011,0.014
skycell,max_area_ratio=0,438,1,1,4,0.011,0.005
skycell,max_area_ratio=0,439,1,0,6,0.018,0.013
skycell,max_area_ratio=0,440,1,1,4,0.012,0.006
skycell,max_area_ratio=0,441,1,0,3,0.011,0.004
skycell,max_area_ratio=0,442,1,1,4,0.011,0.005
skycell,max_area_ratio=0,443,1,0,4,0.011,0.005
skycell,max_area_ratio=0,444,1,1,4,0.011,0.005
skycell,max_area_ratio=0,445,1,0,3,0.011,0.004
skycell,max_area_ratio=0,446,1,1,4,0.011,0.005
skycell,max_area_ratio=0,447,1,0,4,0.011,0.005
skycell,max_area_ratio=0,448,1,1,8,0.018,0.014
skycell,max_area_ratio=0,449,1,0,4,0.011,0.006
skycell,max_area_ratio=0,450,1,1,4,0.011,0.004
skycell,max_area_ratio=0,451,1,0,3,0.011,0.004
skycell,max_area_ratio=0,452,1,1,4,0.014,0.006
skycell,max_area_ratio=0,453,1,0,4,0.011,0.005
skycell,max_area_ratio=0,454,1,1,4,0.011,0.005
skycell,max_area_ratio=0,455,1,0,3,0.011,0.004
skycell,max_area_ratio=0,456,1,1,4,0.011,0.008
skycell,max_area_ratio=0,457,1,0,4,0.011,0.005
skycell,max_area_ratio=0,458,1,1,4,0.011,0.005
skycell,max_area_ratio=0,459,1,0,3,0.011,0.003
skycell,max_area_ratio=0,460,1,1,4,0.011,0.006
skycell,max_area_ratio=0,461,1,0,4,0.012,0.011
skycell,max_area_ratio=0,462,1,1,4,0.011,0.005
skycell,max_area_ratio=0,463,1,0,4,0.011,0.005
skycell,max_area_ratio=0,464,1,1,4,0.011,0.006
skycell,max_area_ratio=0,465,1,0,4,0.011,0.005
skycell,max_area_ratio=0,466,1,1,4,0.011,0.005
skycell,max_area_ratio=0,467,1,0,4,0.011,0.006
skycell,max_area_ratio=0,468,1,2,4,0.011,0.006
skycell,max_area_ratio=0,469,1,0,3,0.011,0.004
skycell,max_area_ratio=0,470,1,1,4,0.011,0.007
skycell,max_area_ratio=0,471,1,0,3,0.011,0.004
skycell,max_area_ratio=0,472,1,1,4,0.011,0.006
skycell,max_area_ratio=0,473,1,0,3,0.011,0.003
skycell,max_area_ratio=0,474,1,1,4,0.011,0.005
skycell,max_area_ratio=0,475,1,0,4,0.011,0.007
skycell,max_area_ratio=0,476,1,1,4,0.011,0.005
skycell,max_area_ratio=0,477,1,0,3,0.011,0.004
skycell,max_area_ratio=0,478,1,1,4,0.011,0.005
skycell,max_area_ratio=0,479,1,0,3,0.011,0.004
skycell,max_area_ratio=0,480,1,1,4,0.011,0.004
skycell,max_area_ratio=0,481,1,0,4,0.011,0.005
skycell,max_area_ratio=0,482,1,1,4,0.011,0.005
skycell,max_area_ratio=0,483,1,0,4,0.011,0.006
skycell,max_area_ratio=0,484,1,1,4,0.011,0.005
skycell,max_area_ratio=0,485,1,0,3,0.011,0.004
skycell,max_area_ratio=0,486,1,1,4,0.011,0.005
skycell,max_area_ratio=0,487,1,0,3,0.011,0.004
skycell,max_area_ratio=0,488,1,1,4,0.022,0.007
skycell,max_area_ratio=0,489,1,0,3,0.011,0.004
skycell,max_area_ratio=0,490,1,1,4,0.011,0.005
skycell,max_area_ratio=0,491,1,0,4,0.011,0.005
skycell,max_area_ratio=0,492,1,1,4,0.014,0.006
skycell,max_area_ratio=0,493,1,0,4,0.011,0.005
skycell,max_area_ratio=0,494,1,1,4,0.011,0.005
skycell,max_area_ratio=0,495,1,0,3,0.011,0.004
skycell,max_area_ratio=0,496,1,1,5,0.011,0.006
skycell,max_area_ratio=0,497,1,0,3,0.011,0.004
skycell,max_area_ratio=0,498,1,1,4,0.011,0.005
skycell,max_area_ratio=0,499,1,0,4,0.011,0.005
skycell,max_area_ratio=0,500,1,1,4,0.011,0.006
skycell,max_area_ratio=0,501,1,0,4,0.011,0.005
skycell,max_area_ratio=0,502,1,1,4,0.013,0.005
skycell,max_area_ratio=0,503,1,0,4,0.011,0.005
skycell,max_area_ratio=0,504,1,1,4,0.011,0.007
skycell,max_area_ratio=0,505,1,0,3,0.011,0.004
skycell,max_area_ratio=0,506,1,2,9,0.018,0.022
skycell,max_area_ratio=0,507,1,0,4,0.011,0.005
skycell,max_area_ratio=0,508,1,1,4,0.011,0.005
skycell,max_area_ratio=0,509,1,0,4,0.011,0.005
skycell,max_area_ratio=0,510,1,1,4,0.011,0.005
skycell,max_area_ratio=0,511,1,0,3,0.011,0.005
skycell,max_area_ratio=0,512,1,1,4,0.011,0.004
skycell,max_area_ratio=0,513,1,0,4,0.011,0.005
skycell,max_area_ratio=0,514,1,1,4,0.011,0.005
skycell,max_area_ratio=0,515,1,0,4,0.011,0.005
skycell,max_area_ratio=0,516,1,1,4,0.011,0.005
skycell,max_area_ratio=0,517,1,0,4,0.011,0.005
skycell,max_area_ratio=0,518,1,1,5,0.011,0.012
skycell,max_area_ratio=0,519,1,0,4,0.014,0.005
skycell,max_area_ratio=0,520,1,1,4,0.011,0.005
skycell,max_area_ratio=0,521,1,0,4,0.011,0.005
skycell,max_area_ratio=0,522,1,1,4,0.011,0.005
skycell,max_area_ratio=0,523,1,0,4,0.011,0.005
skycell,max_area_ratio=0,524,1,1,4,0.011,0.005
skycell,max_area_ratio=0,525,1,0,4,0.011,0.005
skycell,max_area_ratio=0,526,1,1,4,0.011,0.005
skycell,max_area_ratio=0,527,1,0,4,0.014,0.006
skycell,max_area_ratio=0,528,1,1,4,0.011,0.006
skycell,max_area_ratio=0,529,1,0,3,0.011,0.004
skycell,max_area_ratio=0,530,1,1,4,0.011,0.005
skycell,max_area_ratio=0,531,1,0,3,0.011,0.004
skycell,max_area_ratio=0,532,1,1,4,0.011,0.006
skycell,max_area_ratio=0,533,1,0,3,0.011,0.004
skycell,max_area_ratio=0,534,1,1,4,0.011,0.005
skycell,max_area_ratio=0,535,1,0,4,0.011,0.004
skycell,max_area_ratio=0,536,1,1,4,0.011,0.005
skycell,max_area_ratio=0,537,1,0,3,0.011,0.004
skycell,max_area_ratio=0,538,1,1,4,0.011,0.005
skycell,max_area_ratio=0,539,1,0,3,0.011,0.007
skycell,max_area_ratio=0,540,1,1,4,0.017,0.006
skycell,max_area_ratio=0,541,1,0,4,0.011,0.005
skycell,max_area_ratio=0,542,1,1,4,0.011,0.005
skycell,max_area_ratio=0,543,1,0,3,0.011,0.004
skycell,max_area_ratio=0,544,1,1,4,0.011,0.005
skycell,max_area_ratio=0,545,1,0,3,0.011,0.004
skycell,max_area_ratio=0,546,1,1,4,0.011,0.005
skycell,max_area_ratio=0,547,1,0,3,0.011,0.004
skycell,max_area_ratio=0,548,1,1,5,0.011,0.006
skycell,max_area_ratio=0,549,1,0,3,0.011,0.004
skycell,max_area_ratio=0,550,1,1,4,0.011,0.008
skycell,max_area_ratio=0,551,1,0,3,0.013,0.005
skycell,max_area_ratio=0,552,1,1,4,0.021,0.005
skycell,max_area_ratio=0,553,1,0,4,0.011,0.005
skycell,max_area_ratio=0,554,1,1,4,0.011,0.006
skycell,max_area_ratio=0,555,1,0,3,0.011,0.004
skycell,max_area_ratio=0,556,1,1,4,0.011,0.006
skycell,max_area_ratio=0,557,1,0,3,0.011,0.004
skycell,max_area_ratio=0,558,1,1,4,0.011,0.005
skycell,max_area_ratio=0,559,1,0,4,0.011,0.005
skycell,max_area_ratio=0,560,1,1,4,0.011,0.005
skycell,max_area_ratio=0,561,1,0,3,0.011,0.004
skycell,max_area_ratio=0,562,1,1,5,0.013,0.008
skycell,max_area_ratio=0,563,1,0,4,0.011,0.006
skycell,max_area_ratio=0,564,1,1,4,0.011,0.005
skycell,max_area_ratio=0,565,1,0,4,0.011,0.006
skycell,max_area_ratio=0,566,1,1,4,0.012,0.005
skycell,max_area_ratio=0,567,1,0,4,0.011,0.005
skycell,max_area_ratio=0,568,1,1,4,0.011,0.005
skycell,max_area_ratio=0,569,1,0,4,0.011,0.005
skycell,max_area_ratio=0,570,1,1,4,0.011,0.006
skycell,max_area_ratio=0,571,1,0,4,0.011,0.005
skycell,max_area_ratio=0,572,1,13,16,0.011,0.076
skycell,max_area_ratio=0,573,1,0,4,0.011,0.005
skycell,max_area_ratio=0,574,1,1,4,0.011,0.004
skycell,max_area_ratio=0,575,1,0,4,0.011,0.005
skycell,max_area_ratio=0,576,1,1,4,0.011,0.005
skycell,max_area_ratio=0,577,1,0,4,0.011,0.005
skycell,max_area_ratio=0,578,1,2,6,0.011,0.016
skycell,max_area_ratio=0,579,1,0,3,0.011,0.004
skycell,max_area_ratio=0,580,1,1,4,0.011,0.005
skycell,max_area_ratio=0,581,1,0,4,0.011,0.005
skycell,max_area_ratio=0,582,1,1,4,0.012,0.006
skycell,max_area_ratio=0,583,1,0,4,0.011,0.004
skycell,max_area_ratio=0,584,1,1,4,0.011,0.004
skycell,max_area_ratio=0,585,1,0,3,0.011,0.004
skycell,max_area_ratio=0,586,1,1,4,0.011,0.004
skycell,max_area_ratio=0,587,1,0,4,0.011,0.004
skycell,max_area_ratio=0,588,1,1,4,0.011,0.004
skycell,max_area_ratio=0,589,1,0,3,0.011,0.004
skycell,max_area_ratio=0,590,1,1,4,0.011,0.005
skycell,max_area_ratio=0,591,1,0,3,0.011,0.004
skycell,max_area_ratio=0,592,1,1,4,0.012,0.005
skycell,max_area_ratio=0,593,1,0,3,0.011,0.004
skycell,max_area_ratio=0,594,1,1,4,0.011,0.004
skycell,max_area_ratio=0,595,1,0,3,0.011,0.004
skycell,max_area_ratio=0,596,1,1,4,0.011,0.004
skycell,max_area_ratio=0,597,1,0,4,0.011,0.006
skycell,max_area_ratio=0,598,1,1,4,0.011,0.004
skycell,max_area_ratio=0,599,1,0,3,0.013,0.004
skycell,max_area_ratio=0,600,1,1,4,0.011,0.005
skycell,max_area_ratio=0,601,1,0,4,0.011,0.011
skycell,max_area_ratio=0,602,1,1,4,0.013,0.005
skycell,max_area_ratio=0,603,1,0,4,0.011,0.006
skycell,max_area_ratio=0,604,1,2,5,0.012,0.009
skycell,max_area_ratio=0,605,1,0,3,0.011,0.004
skycell,max_area_ratio=0,606,1,18,18,0.011,0.09
skycell,max_area_ratio=0,607,1,0,4,0.011,0.005
skycell,max_area_ratio=0,608,1,1,4,0.011,0.006
skycell,max_area_ratio=0,609,1,0,3,0.011,0.004
skycell,max_area_ratio=0,610,1,1,4,0.011,0.005
skycell,max_area_ratio=0,611,1,0,4,0.011,0.005
skycell,max_area_ratio=0,612,1,1,7,0.017,0.012
skycell,max_area_ratio=0,613,1,0,3,0.011,0.004
skycell,max_area_ratio=0,614,1,1,4,0.013,0.006
skycell,max_area_ratio=0,615,1,0,3,0.011,0.004
skycell,max_area_ratio=0,616,1,1,4,0.011,0.005
skycell,max_area_ratio=0,617,1,0,3,0.014,0.005
skycell,max_area_ratio=0,618,1,1,4,0.012,0.005
skycell,max_area_ratio=0,619,1,0,3,0.011,0.004
skycell,max_area_ratio=0,620,1,1,4,0.011,0.006
skycell,max_area_ratio=0,621,1,0,4,0.013,0.011
skycell,max_area_ratio=0,622,1,1,4,0.013,0.006
skycell,max_area_ratio=0,623,1,0,3,0.011,0.004
skycell,max_area_ratio=0,624,1,1,5,0.011,0.011
skycell,max_area_ratio=0,625,1,0,4,0.011,0.005
skycell,max_area_ratio=0,626,1,1,4,0.011,0.005
skycell,max_area_ratio=0,627,1,0,3,0.011,0.004
skycell,max_area_ratio=0,628,1,1,4,0.011,0.006
skycell,max_area_ratio=0,629,1,0,3,0.011,0.004
skycell,max_area_ratio=0,630,1,1,4,0.011,0.005
skycell,max_area_ratio=0,631,1,0,3,0.011,0.004
skycell,max_area_ratio=0,632,1,1,4,0.011,0.005
skycell,max_area_ratio=0,633,1,0,3,0.011,0.004
skycell,max_area_ratio=0,634,1,1,4,0.011,0.005
skycell,max_area_ratio=0,635,1,0,4,0.011,0.005
skycell,max_area_ratio=0,636,1,1,4,0.011,0.005
skycell,max_area_ratio=0,637,1,1,4,0.011,0.005
skycell,max_area_ratio=0,638,1,1,4,0.011,0.005
skycell,max_area_ratio=0,639,1,0,4,0.011,0.005
skycell,max_area_ratio=0,640,1,1,4,0.019,0.007
skycell,max_area_ratio=0,641,1,0,3,0.012,0.004
skycell,max_area_ratio=0,642,1,1,4,0.015,0.007
skycell,max_area_ratio=0,643,1,0,4,0.011,0.01
skycell,max_area_ratio=0,644,1,1,4,0.013,0.005
skycell,max_area_ratio=0,645,1,0,3,0.011,0.004
skycell,max_area_ratio=0,646,1,1,4,0.011,0.005
skycell,max_area_ratio=0,647,1,0,4,0.022,0.007
skycell,max_area_ratio=0,648,1,1,4,0.012,0.006
skycell,max_area_ratio=0,649,1,0,4,0.011,0.008
skycell,max_area_ratio=0,650,1,1,4,0.013,0.005
skycell,max_area_ratio=0,651,1,0,3,0.011,0.004
skycell,max_area_ratio=0,652,1,1,4,0.011,0.005
skycell,max_area_ratio=0,653,1,0,3,0.011,0.004
skycell,max_area_ratio=0,654,1,1,4,0.012,0.011
skycell,max_area_ratio=0,655,1,0,4,0.011,0.005
skycell,max_area_ratio=0,656,1,1,4,0.011,0.005
skycell,max_area_ratio=0,657,1,0,4,0.011,0.01
skycell,max_area_ratio=0,658,1,11,10,0.014,0.042
skycell,max_area_ratio=0,659,1,0,4,0.011,0.009
skycell,max_area_ratio=0,660,1,1,4,0.013,0.006
skycell,max_area_ratio=0,661,1,0,4,0.011,0.005
skycell,max_area_ratio=0,662,1,1,4,0.011,0.007
skycell,max_area_ratio=0,663,1,0,4,0.011,0.005
skycell,max_area_ratio=0,664,1,1,4,0.011,0.005
skycell,max_area_ratio=0,665,1,0,3,0.011,0.004
skycell,max_area_ratio=0,666,1,1,4,0.011,0.005
skycell,max_area_ratio=0,667,1,0,3,0.011,0.004
skycell,max_area_ratio=0,668,1,1,4,0.017,0.006
skycell,max_area_ratio=0,669,1,0,3,0.012,0.004
skycell,max_area_ratio=0,670,1,1,4,0.011,0.005
skycell,max_area_ratio=0,671,1,0,4,0.011,0.005
skycell,max_area_ratio=0,672,1,2,7,0.014,0.024
skycell,max_area_ratio=0,673,1,0,4,0.011,0.005
skycell,max_area_ratio=0,674,1,1,4,0.011,0.006
skycell,max_area_ratio=0,675,1,0,4,0.018,0.007
skycell,max_area_ratio=0,676,1,1,4,0.012,0.006
skycell,max_area_ratio=0,677,1,0,4,0.014,0.006
skycell,max_area_ratio=0,678,1,1,4,0.017,0.007
skycell,max_area_ratio=0,679,1,0,4,0.015,0.005
skycell,max_area_ratio=0,680,1,1,4,0.011,0.005
skycell,max_area_ratio=0,681,1,0,3,0.011,0.004
skycell,max_area_ratio=0,682,1,1,4,0.017,0.008
skycell,max_area_ratio=0,683,1,0,3,0.013,0.005
skycell,max_area_ratio=0,684,1,1,4,0.011,0.005
skycell,max_area_ratio=0,685,1,0,4,0.017,0.006
skycell,max_area_ratio=0,686,1,1,4,0.012,0.005
skycell,max_area_ratio=0,687,1,0,4,0.011,0.009
skycell,max_area_ratio=0,688,1,11,15,0.013,0.097
skycell,max_area_ratio=0,689,1,0,4,0.018,0.006
skycell,max_area_ratio=0,690,1,1,4,0.012,0.014
skycell,max_area_ratio=0,691,1,0,4,0.011,0.005
skycell,max_area_ratio=0,692,1,1,4,0.013,0.007
skycell,max_area_ratio=0,693,1,0,3,0.013,0.004
skycell,max_area_ratio=0,694,1,1,4,0.011,0.005
skycell,max_area_ratio=0,695,1,0,4,0.011,0.005
skycell,max_area_ratio=0,696,1,1,4,0.018,0.006
skycell,max_area_ratio=0,697,1,0,3,0.012,0.004
skycell,max_area_ratio=0,698,1,1,4,0.011,0.005
skycell,max_area_ratio=0,699,1,0,3,0.017,0.005
skycell,max_area_ratio=0,700,1,1,4,0.012,0.005
skycell,max_area_ratio=0,701,1,0,3,0.011,0.004
skycell,max_area_ratio=0,702,1,2,4,0.011,0.007
skycell,max_area_ratio=0,703,1,0,3,0.017,0.005
skycell,max_area_ratio=0,704,1,1,4,0.012,0.005
skycell,max_area_ratio=0,705,1,0,4,0.011,0.011
skycell,max_area_ratio=0,706,1,1,4,0.018,0.006
skycell,max_area_ratio=0,707,1,0,4,0.012,0.006
skycell,max_area_ratio=0,708,1,1,4,0.011,0.004
skycell,max_area_ratio=0,709,1,0,4,0.011,0.005
skycell,max_area_ratio=0,710,1,1,4,0.011,0.005
skycell,max_area_ratio=0,711,1,0,4,0.011,0.008
skycell,max_area_ratio=0,712,1,1,4,0.013,0.005
skycell,max_area_ratio=0,713,1,0,3,0.011,0.004
skycell,max_area_ratio=0,714,1,1,4,0.011,0.006
skycell,max_area_ratio=0,715,1,0,3,0.011,0.004
skycell,max_area_ratio=0,716,1,1,5,0.011,0.007
skycell,max_area_ratio=0,717,1,0,4,0.017,0.006
skycell,max_area_ratio=0,718,1,1,4,0.012,0.005
skycell,max_area_ratio=0,719,1,0,3,0.011,0.004
skycell,max_area_ratio=0,720,1,1,4,0.017,0.006
skycell,max_area_ratio=0,721,1,0,4,0.012,0.009
skycell,max_area_ratio=0,722,1,1,4,0.013,0.006
skycell,max_area_ratio=0,723,1,0,4,0.011,0.009
skycell,max_area_ratio=0,724,1,1,4,0.018,0.007
skycell,max_area_ratio=0,725,1,0,4,0.012,0.005
skycell,max_area_ratio=0,726,1,1,5,0.011,0.006
skycell,max_area_ratio=0,727,1,0,4,0.018,0.006
skycell,max_area_ratio=0,728,1,1,4,0.012,0.006
skycell,max_area_ratio=0,729,1,0,3,0.011,0.004
skycell,max_area_ratio=0,730,1,1,4,0.011,0.005
skycell,max_area_ratio=0,731,1,0,4,0.017,0.009
skycell,max_area_ratio=0,732,1,1,4,0.014,0.007
skycell,max_area_ratio=0,733,1,0,4,0.011,0.006
skycell,max_area_ratio=0,734,1,1,4,0.018,0.006
skycell,max_area_ratio=0,735,1,0,3,0.012,0.004
skycell,max_area_ratio=0,736,1,1,5,0.011,0.008
skycell,max_area_ratio=0,737,1,0,3,0.011,0.005
skycell,max_area_ratio=0,738,1,1,4,0.019,0.006
skycell,max_area_ratio=0,739,1,0,4,0.012,0.005
skycell,max_area_ratio=0,740,1,1,7,0.032,0.013
skycell,max_area_ratio=0,741,1,0,4,0.016,0.007
skycell,max_area_ratio=0,742,1,1,4,0.017,0.007
skycell,max_area_ratio=0,743,1,0,3,0.016,0.008
skycell,max_area_ratio=0,744,1,1,4,0.013,0.006
skycell,max_area_ratio=0,745,1,0,4,0.019,0.007
skycell,max_area_ratio=0,746,1,1,4,0.012,0.005
skycell,max_area_ratio=0,747,1,0,4,0.011,0.005
skycell,max_area_ratio=0,748,1,1,4,0.018,0.007
skycell,max_area_ratio=0,749,1,0,6,0.018,0.01
skycell,max_area_ratio=0,750,1,1,4,0.023,0.014
skycell,max_area_ratio=0,751,1,0,3,0.016,0.006
skycell,max_area_ratio=0,752,1,1,4,0.02,0.008
skycell,max_area_ratio=0,753,1,0,3,0.012,0.005
skycell,max_area_ratio=0,754,1,1,4,0.012,0.006
skycell,max_area_ratio=0,755,1,0,4,0.018,0.007
skycell,max_area_ratio=0,756,1,2,5,0.012,0.009
skycell,max_area_ratio=0,757,1,0,3,0.012,0.004
skycell,max_area_ratio=0,758,1,1,5,0.012,0.008
skycell,max_area_ratio=0,759,1,0,4,0.018,0.006
skycell,max_area_ratio=0,760,1,1,7,0.02,0.016
skycell,max_area_ratio=0,761,1,0,4,0.012,0.005
skycell,max_area_ratio=0,762,1,1,6,0.018,0.012
skycell,max_area_ratio=0,763,1,0,4,0.012,0.005
skycell,max_area_ratio=0,764,1,1,4,0.011,0.005
skycell,max_area_ratio=0,765,1,0,4,0.012,0.006
skycell,max_area_ratio=0,766,1,1,4,0.018,0.006
skycell,max_area_ratio=0,767,1,0,4,0.012,0.005
skycell,max_area_ratio=0,768,1,1,4,0.012,0.006
skycell,max_area_ratio=0,769,1,0,3,0.017,0.006
skycell,max_area_ratio=0,770,1,3,41,0.013,0.262
skycell,max_area_ratio=0,771,1,0,3,0.024,0.006
skycell,max_area_ratio=0,772,1,1,4,0.012,0.007
skycell,max_area_ratio=0,773,1,0,3,0.018,0.006
skycell,max_area_ratio=0,774,1,1,4,0.012,0.006
skycell,max_area_ratio=0,775,1,0,4,0.011,0.005
skycell,max_area_ratio=0,776,1,1,4,0.018,0.006
skycell,max_area_ratio=0,777,1,0,4,0.012,0.006
skycell,max_area_ratio=0,778,1,1,4,0.011,0.005
skycell,max_area_ratio=0,779,1,0,3,0.011,0.004
skycell,max_area_ratio=0,780,1,1,4,0.011,0.005
skycell,max_area_ratio=0,781,1,0,3,0.011,0.004
skycell,max_area_ratio=0,782,1,1,4,0.011,0.005
skycell,max_area_ratio=0,783,1,0,4,0.018,0.006
skycell,max_area_ratio=0,784,1,1,4,0.012,0.006
skycell,max_area_ratio=0,785,1,0,3,0.011,0.004
skycell,max_area_ratio=0,786,1,1,4,0.011,0.005
skycell,max_area_ratio=0,787,1,0,3,0.011,0.005
skycell,max_area_ratio=0,788,1,1,4,0.011,0.006
skycell,max_area_ratio=0,789,1,0,4,0.011,0.005
skycell,max_area_ratio=0,790,1,1,4,0.017,0.007
skycell,max_area_ratio=0,791,1,0,3,0.012,0.004
skycell,max_area_ratio=0,792,1,1,4,0.014,0.006
skycell,max_area_ratio=0,793,1,0,4,0.018,0.009
skycell,max_area_ratio=0,794,1,1,8,0.02,0.016
skycell,max_area_ratio=0,795,1,0,3,0.012,0.004
skycell,max_area_ratio=0,796,1,1,4,0.011,0.005
skycell,max_area_ratio=0,797,1,0,4,0.011,0.005
skycell,max_area_ratio=0,798,1,1,4,0.011,0.004
skycell,max_area_ratio=0,799,1,0,4,0.011,0.005
skycell,max_area_ratio=0,800,1,1,4,0.011,0.005
skycell,max_area_ratio=0,801,1,0,4,0.011,0.005
skycell,max_area_ratio=0,802,4,2,8,0.018,0.015
skycell,max_area_ratio=0,803,1,0,3,0.011,0.004
skycell,max_area_ratio=0,804,1,1,5,0.011,0.011
skycell,max_area_ratio=0,805,1,0,3,0.011,0.004
skycell,max_area_ratio=0,806,4,2,8,0.018,0.013
skycell,max_area_ratio=0,807,1,0,4,0.011,0.006
skycell,max_area_ratio=0,808,1,3,15,0.028,0.028
skycell,max_area_ratio=0,809,1,0,7,0.018,0.009
skycell,max_area_ratio=0,810,1,1,5,0.011,0.011
skycell,max_area_ratio=0,811,1,1,4,0.011,0.007
skycell,max_area_ratio=0,812,1,1,7,0.017,0.011
skycell,max_area_ratio=0,813,1,0,4,0.011,0.005
skycell,max_area_ratio=0,814,1,1,4,0.011,0.005
skycell,max_area_ratio=0,815,1,0,4,0.011,0.006
skycell,max_area_ratio=0,816,1,2,4,0.011,0.006
skycell,max_area_ratio=0,817,1,0,4,0.011,0.007
skycell,max_area_ratio=0,818,1,1,4,0.011,0.005
skycell,max_area_ratio=0,819,1,0,4,0.011,0.004
skycell,max_area_ratio=0,820,2,4,12,0.022,0.022
skycell,max_area_ratio=0,821,1,0,4,0.011,0.005
skycell,max_area_ratio=0,822,1,199,34,0.017,0.164
skycell,max_area_ratio=0,823,1,0,4,0.012,0.006
skycell,max_area_ratio=0,824,1,2,4,0.017,0.007
skycell,max_area_ratio=0,825,1,0,4,0.011,0.006
skycell,max_area_ratio=0,826,1,1,4,0.011,0.006
skycell,max_area_ratio=0,827,1,0,8,0.02,0.017
skycell,max_area_ratio=0,828,1,1,4,0.011,0.006
skycell,max_area_ratio=0,829,1,1,8,0.017,0.015
skycell,max_area_ratio=0,830,1,2,8,0.017,0.015
skycell,max_area_ratio=0,831,1,1,4,0.011,0.006
skycell,max_area_ratio=0,832,1,1,4,0.011,0.005
skycell,max_area_ratio=0,833,1,0,4,0.011,0.005
skycell,max_area_ratio=0,834,1,1,4,0.011,0.006
skycell,max_area_ratio=0,835,1,0,4,0.012,0.005
skycell,max_area_ratio=0,836,4,8,8,0.018,0.016
skycell,max_area_ratio=0,837,1,0,4,0.012,0.005
skycell,max_area_ratio=0,838,1,1,4,0.011,0.007
skycell,max_area_ratio=0,839,1,0,4,0.011,0.005
skycell,max_area_ratio=0,840,1,2,4,0.011,0.005
skycell,max_area_ratio=0,841,1,0,4,0.011,0.005
skycell,max_area_ratio=0,842,1,1,4,0.011,0.007
skycell,max_area_ratio=0,843,1,0,4,0.012,0.005
skycell,max_area_ratio=0,844,1,1,4,0.011,0.007
skycell,max_area_ratio=0,845,1,0,4,0.011,0.005
skycell,max_area_ratio=0,846,1,1,4,0.017,0.008
skycell,max_area_ratio=0,847,1,0,3,0.012,0.004
skycell,max_area_ratio=0,848,1,1,4,0.011,0.006
skycell,max_area_ratio=0,849,1,0,3,0.02,0.006
skycell,max_area_ratio=0,850,1,1,4,0.012,0.006
skycell,max_area_ratio=0,851,1,0,4,0.011,0.005
skycell,max_area_ratio=0,852,1,2,4,0.014,0.009
skycell,max_area_ratio=0,853,1,0,4,0.011,0.006
skycell,max_area_ratio=0,854,1,2,4,0.018,0.006
skycell,max_area_ratio=0,855,1,0,5,0.011,0.006
skycell,max_area_ratio=0,856,2,3,4,0.011,0.006
skycell,max_area_ratio=0,857,1,0,4,0.011,0.005
skycell,max_area_ratio=0,858,1,8,4,0.011,0.007
skycell,max_area_ratio=0,859,1,0,4,0.011,0.005
skycell,max_area_ratio=0,860,1,1,4,0.011,0.007
skycell,max_area_ratio=0,861,1,0,4,0.011,0.005
skycell,max_area_ratio=0,862,1,3,8,0.017,0.015
skycell,max_area_ratio=0,863,1,0,4,0.011,0.005
skycell,max_area_ratio=0,864,1,359,49,0.021,0.281
skycell,max_area_ratio=0,865,1,0,3,0.018,0.005
skycell,max_area_ratio=0,866,1,2,8,0.026,0.017
skycell,max_area_ratio=0,867,1,0,4,0.012,0.009
skycell,max_area_ratio=0,868,1,2,5,0.013,0.01
skycell,max_area_ratio=0,869,1,0,4,0.011,0.005
skycell,max_area_ratio=0,870,1,1,4,0.011,0.006
skycell,max_area_ratio=0,871,1,0,4,0.011,0.005
skycell,max_area_ratio=0,872,1,3,10,0.018,0.021
skycell,max_area_ratio=0,873,1,0,4,0.018,0.006
skycell,max_area_ratio=0,874,5,5,4,0.012,0.009
skycell,max_area_ratio=0,875,1,0,3,0.011,0.004
skycell,max_area_ratio=0,876,1,3,4,0.011,0.007
skycell,max_area_ratio=0,877,1,0,3,0.018,0.005
skycell,max_area_ratio=0,878,1,1,4,0.012,0.005
skycell,max_area_ratio=0,879,1,0,3,0.011,0.004
skycell,max_area_ratio=0,880,1,1,4,0.011,0.005
skycell,max_area_ratio=0,881,1,0,4,0.011,0.005
skycell,max_area_ratio=0,882,2,1,4,0.011,0.007
skycell,max_area_ratio=0,883,1,0,8,0.017,0.013
skycell,max_area_ratio=0,884,1,3,5,0.018,0.008
skycell,max_area_ratio=0,885,1,1,8,0.018,0.016
skycell,max_area_ratio=0,886,2,4,7,0.017,0.012
skycell,max_area_ratio=0,887,1,0,4,0.018,0.007
skycell,max_area_ratio=0,888,1,1,4,0.012,0.006
skycell,max_area_ratio=0,889,1,0,4,0.011,0.005
skycell,max_area_ratio=0,890,1,2,4,0.011,0.007
skycell,max_area_ratio=0,891,1,3,4,0.011,0.007
skycell,max_area_ratio=0,892,1,1,4,0.011,0.005
skycell,max_area_ratio=0,893,3,3,8,0.017,0.015
skycell,max_area_ratio=0,894,1,2,4,0.011,0.005
skycell,max_area_ratio=0,895,1,0,4,0.011,0.006
skycell,max_area_ratio=0,896,1,1,4,0.019,0.005
skycell,max_area_ratio=0,897,1,0,4,0.011,0.004
skycell,max_area_ratio=0,898,1,2,8,0.023,0.017
skycell,max_area_ratio=0,899,1,0,4,0.012,0.005
skycell,max_area_ratio=0,900,1,1,4,0.011,0.005
skycell,max_area_ratio=0,901,1,0,4,0.018,0.007
skycell,max_area_ratio=0,902,1,3,8,0.02,0.016
skycell,max_area_ratio=0,903,1,0,4,0.012,0.006
skycell,max_area_ratio=0,904,1,2,8,0.017,0.015
skycell,max_area_ratio=0,905,1,0,3,0.011,0.004
skycell,max_area_ratio=0,906,2,4,4,0.011,0.007
skycell,max_area_ratio=0,907,1,1,4,0.012,0.005
skycell,max_area_ratio=0,908,1,3,4,0.011,0.006
skycell,max_area_ratio=0,909,1,0,4,0.011,0.005
skycell,max_area_ratio=0,910,1,5,4,0.011,0.007
skycell,max_area_ratio=0,911,1,0,7,0.017,0.012
skycell,max_area_ratio=0,912,1,1,4,0.018,0.006
skycell,max_area_ratio=0,913,1,0,4,0.011,0.006
skycell,max_area_ratio=0,914,1,1,4,0.011,0.005
skycell,max_area_ratio=0,915,1,0,4,0.011,0.005
skycell,max_area_ratio=0,916,1,1,4,0.011,0.005
skycell,max_area_ratio=0,917,1,0,3,0.013,0.004
skycell,max_area_ratio=0,918,1,1,7,0.017,0.018
skycell,max_area_ratio=0,919,1,0,4,0.011,0.005
skycell,max_area_ratio=0,920,1,1,4,0.02,0.005
skycell,max_area_ratio=0,921,1,0,7,0.017,0.011
skycell,max_area_ratio=0,922,1,1,4,0.011,0.006
skycell,max_area_ratio=0,923,1,0,7,0.017,0.011
skycell,max_area_ratio=0,924,2,4,4,0.011,0.008
skycell,max_area_ratio=0,925,1,0,6,0.017,0.01
skycell,max_area_ratio=0,926,1,2,4,0.011,0.007
skycell,max_area_ratio=0,927,1,0,4,0.011,0.005
skycell,max_area_ratio=0,928,1,48,23,0.018,0.098
skycell,max_area_ratio=0,929,1,0,4,0.017,0.006
skycell,max_area_ratio=0,930,2,4,8,0.018,0.017
skycell,max_area_ratio=0,931,1,0,4,0.011,0.004
skycell,max_area_ratio=0,932,2,2,4,0.013,0.007
skycell,max_area_ratio=0,933,1,2,7,0.017,0.011
skycell,max_area_ratio=0,934,2,2,8,0.017,0.015
skycell,max_area_ratio=0,935,1,0,4,0.012,0.006
skycell,max_area_ratio=0,936,2,5,4,0.011,0.007
skycell,max_area_ratio=0,937,1,2,4,0.012,0.006
skycell,max_area_ratio=0,938,1,1,4,0.012,0.005
skycell,max_area_ratio=0,939,1,0,4,0.011,0.006
skycell,max_area_ratio=0,940,1,2,4,0.011,0.005
skycell,max_area_ratio=0,941,1,0,3,0.011,0.005
skycell,max_area_ratio=0,942,4,4,4,0.011,0.008
skycell,max_area_ratio=0,943,1,0,4,0.012,0.007
skycell,max_area_ratio=0,944,1,1,4,0.011,0.006
skycell,max_area_ratio=0,945,1,0,4,0.011,0.005
skycell,max_area_ratio=0,946,3,4,8,0.018,0.016
skycell,max_area_ratio=0,947,1,0,4,0.012,0.005
skycell,max_area_ratio=0,948,2,2,4,0.012,0.007
skycell,max_area_ratio=0,949,1,0,8,0.017,0.013
skycell,max_area_ratio=0,950,1,1,4,0.017,0.007
skycell,max_area_ratio=0,951,1,0,4,0.012,0.006
skycell,max_area_ratio=0,952,1,1,4,0.011,0.005
skycell,max_area_ratio=0,953,1,0,8,0.017,0.014
skycell,max_area_ratio=0,954,1,1,4,0.011,0.006
skycell,max_area_ratio=0,955,1,0,4,0.011,0.004
skycell,max_area_ratio=0,956,1,1,5,0.011,0.013
skycell,max_area_ratio=0,957,1,0,4,0.011,0.005
skycell,max_area_ratio=0,958,1,1,4,0.012,0.006
skycell,max_area_ratio=0,959,1,0,8,0.017,0.014
skycell,max_area_ratio=0,960,1,1,5,0.012,0.007
skycell,max_area_ratio=0,961,1,0,4,0.011,0.005
skycell,max_area_ratio=0,962,1,2,4,0.012,0.006
skycell,max_area_ratio=0,963,1,0,8,0.018,0.014
skycell,max_area_ratio=0,964,2,3,8,0.018,0.015
skycell,max_area_ratio=0,965,1,0,3,0.011,0.004
skycell,max_area_ratio=0,966,1,1,4,0.011,0.005
skycell,max_area_ratio=0,967,1,0,4,0.011,0.006
skycell,max_area_ratio=0,968,1,2,4,0.019,0.007
skycell,max_area_ratio=0,969,1,0,4,0.012,0.005
skycell,max_area_ratio=0,970,1,18,6,0.011,0.02
skycell,max_area_ratio=0,971,2,2,5,0.011,0.007
skycell,max_area_ratio=0,972,1,2,4,0.011,0.005
skycell,max_area_ratio=0,973,1,0,4,0.011,0.007
skycell,max_area_ratio=0,974,2,3,4,0.011,0.006
skycell,max_area_ratio=0,975,1,0,6,0.023,0.013
skycell,max_area_ratio=0,976,1,3,4,0.012,0.006
skycell,max_area_ratio=0,977,1,1,4,0.011,0.005
skycell,max_area_ratio=0,978,1,1,4,0.011,0.008
skycell,max_area_ratio=0,979,1,0,4,0.011,0.005
skycell,max_area_ratio=0,980,1,1,4,0.011,0.006
skycell,max_area_ratio=0,981,1,0,4,0.011,0.006
skycell,max_area_ratio=0,982,5,7,4,0.017,0.009
skycell,max_area_ratio=0,983,1,0,4,0.011,0.005
skycell,max_area_ratio=0,984,1,2,4,0.011,0.006
skycell,max_area_ratio=0,985,1,0,4,0.011,0.006
skycell,max_area_ratio=0,986,3,5,5,0.012,0.009
skycell,max_area_ratio=0,987,1,0,4,0.011,0.005
skycell,max_area_ratio=0,988,1,1,4,0.011,0.006
skycell,max_area_ratio=0,989,1,0,3,0.011,0.006
skycell,max_area_ratio=0,990,1,6,6,0.012,0.013
skycell,max_area_ratio=0,991,1,0,8,0.018,0.014
skycell,max_area_ratio=0,992,2,1,8,0.024,0.016
skycell,max_area_ratio=0,993,1,0,3,0.012,0.004
skycell,max_area_ratio=0,994,1,1,8,0.018,0.015
skycell,max_area_ratio=0,995,1,0,4,0.011,0.006
skycell,max_area_ratio=0,996,2,5,8,0.017,0.014
skycell,max_area_ratio=0,997,1,0,3,0.011,0.004
skycell,max_area_ratio=0,998,4,5,4,0.011,0.007
skycell,max_area_ratio=0,999,1,0,4,0.011,0.005
skycell,max_area_ratio=0,1000,1,1,4,0.011,0.005
skycell,max_area_ratio=0,1001,1,0,4,0.011,0.005
skycell,max_area_ratio=0,1002,1,1,4,0.011,0.005
skycell,max_area_ratio=0,1003,1,0,4,0.017,0.006
skycell,max_area_ratio=0,1004,1,1,4,0.012,0.006
skycell,max_area_ratio=0,1005,1,0,8,0.018,0.013
skycell,max_area_ratio=0,1006,2,3,4,0.011,0.007
skycell,max_area_ratio=0,1007,1,1,7,0.017,0.01
skycell,max_area_ratio=0,1008,1,2,4,0.011,0.007
skycell,max_area_ratio=0,1009,1,0,4,0.012,0.006
skycell,max_area_ratio=0,1010,1,2,4,0.018,0.008
skycell,max_area_ratio=0,1011,1,0,4,0.012,0.015
skycell,max_area_ratio=0,1012,1,1,4,0.012,0.005
skycell,max_area_ratio=0,1013,1,1,4,0.018,0.008
skycell,max_area_ratio=0,1014,3,2,8,0.018,0.015
skycell,max_area_ratio=0,1015,1,0,4,0.011,0.006
skycell,max_area_ratio=0,1016,1,1,4,0.014,0.006
skycell,max_area_ratio=0,1017,1,0,4,0.011,0.006
skycell,max_area_ratio=0,1018,1,3,4,0.011,0.006
skycell,max_area_ratio=0,1019,1,0,3,0.011,0.005
skycell,max_area_ratio=0,1020,1,1,4,0.012,0.006
skycell,max_area_ratio=0,1021,1,0,4,0.012,0.006
skycell,max_area_ratio=0,1022,1,1,4,0.011,0.005
skycell,max_area_ratio=0,1023,1,0,3,0.011,0.005
skycell,max_area_ratio=0,1024,1,1,4,0.012,0.006
skycell,max_area_ratio=0,1025,1,0,3,0.011,0.004
skycell,max_area_ratio=0,1026,1,1,4,0.011,0.005
skycell,max_area_ratio=0,1027,2,0,8,0.018,0.014
skycell,max_area_ratio=0,1028,2,4,8,0.017,0.014
skycell,max_area_ratio=0,1029,1,0,4,0.011,0.005
skycell,max_area_ratio=0,1030,1,1,4,0.011,0.005
skycell,max_area_ratio=0,1031,1,0,7,0.023,0.012
skycell,max_area_ratio=0,1032,1,1,4,0.012,0.006
skycell,max_area_ratio=0,1033,1,0,4,0.012,0.005
skycell,max_area_ratio=0,1034,1,2,4,0.012,0.005
skycell,max_area_ratio=0,1035,1,0,3,0.011,0.004
skycell,max_area_ratio=0,1036,3,1,5,0.011,0.007
skycell,max_area_ratio=0,1037,1,0,4,0.011,0.005
skycell,max_area_ratio=0,1038,2,1,7,0.018,0.012
skycell,max_area_ratio=0,1039,1,0,4,0.011,0.006
skycell,max_area_ratio=0,1040,2,1,4,0.011,0.006
skycell,max_area_ratio=0,1041,1,0,4,0.011,0.006
skycell,max_area_ratio=0,1042,1,1,4,0.011,0.007
skycell,max_area_ratio=0,1043,1,0,4,0.011,0.005
skycell,max_area_ratio=0,1044,1,1,4,0.011,0.006
skycell,max_area_ratio=0,1045,1,1,4,0.029,0.008
skycell,max_area_ratio=0,1046,1,3,4,0.012,0.006
skycell,max_area_ratio=0,1047,1,0,4,0.011,0.005
skycell,max_area_ratio=0,1048,1,1,4,0.012,0.008
skycell,max_area_ratio=0,1049,1,0,4,0.011,0.006
skycell,max_area_ratio=0,1050,1,3,4,0.011,0.006
skycell,max_area_ratio=0,1051,1,0,3,0.011,0.004
skycell,max_area_ratio=0,1052,1,1,8,0.02,0.015
skycell,max_area_ratio=0,1053,1,0,7,0.017,0.01
skycell,max_area_ratio=0,1054,1,1,7,0.017,0.01
skycell,max_area_ratio=0,1055,1,0,4,0.014,0.005
skycell,max_area_ratio=0,1056,1,1,4,0.011,0.005
skycell,max_area_ratio=0,1057,1,0,4,0.014,0.006
skycell,max_area_ratio=0,1058,1,64,17,0.017,0.066
skycell,max_area_ratio=0,1059,1,0,4,0.011,0.006
skycell,max_area_ratio=0,1060,1,1,8,0.017,0.014
skycell,max_area_ratio=0,1061,1,0,4,0.011,0.005
skycell,max_area_ratio=0,1062,1,1,4,0.011,0.005
skycell,max_area_ratio=0,1063,1,0,4,0.011,0.006
skycell,max_area_ratio=0,1064,3,6,8,0.017,0.015
skycell,max_area_ratio=0,1065,1,2,4,0.022,0.012
skycell,max_area_ratio=0,1066,1,2,5,0.012,0.007
skycell,max_area_ratio=0,1067,1,0,4,0.011,0.007
skycell,max_area_ratio=0,1068,1,2,4,0.011,0.006
skycell,max_area_ratio=0,1069,1,0,4,0.011,0.005
skycell,max_area_ratio=0,1070,2,4,4,0.011,0.008
skycell,max_area_ratio=0,1071,1,0,4,0.012,0.006
skycell,max_area_ratio=0,1072,1,3,8,0.018,0.014
skycell,max_area_ratio=0,1073,1,0,4,0.012,0.006
skycell,max_area_ratio=0,1074,1,1,4,0.011,0.005
skycell,max_area_ratio=0,1075,1,0,5,0.012,0.007
skycell,max_area_ratio=0,1076,1,1,4,0.012,0.005
skycell,max_area_ratio=0,1077,1,0,4,0.011,0.006
skycell,max_area_ratio=0,1078,1,1,13,0.028,0.018
skycell,max_area_ratio=0,1079,1,1,4,0.011,0.005
skycell,max_area_ratio=0,1080,1,2,4,0.011,0.006
skycell,max_area_ratio=0,1081,1,0,4,0.011,0.005
skycell,max_area_ratio=0,1082,1,2,5,0.011,0.013
skycell,max_area_ratio=0,1083,1,0,3,0.012,0.004
skycell,max_area_ratio=0,1084,1,1,4,0.011,0.006
skycell,max_area_ratio=0,1085,1,0,4,0.011,0.005
skycell,max_area_ratio=0,1086,1,2,4,0.011,0.006
skycell,max_area_ratio=0,1087,1,0,7,0.019,0.007
skycell,max_area_ratio=0,1088,1,2,4,0.011,0.005
skycell,max_area_ratio=0,1089,1,0,4,0.011,0.005
skycell,max_area_ratio=0,1090,3,5,4,0.011,0.006
skycell,max_area_ratio=0,1091,1,0,4,0.011,0.006
skycell,max_area_ratio=0,1092,1,2,5,0.011,0.008
skycell,max_area_ratio=0,1093,1,0,7,0.017,0.006
skycell,max_area_ratio=0,1094,1,2,4,0.011,0.008
skycell,max_area_ratio=0,1095,1,0,4,0.011,0.004
skycell,max_area_ratio=0,1096,2,1,5,0.011,0.008
skycell,max_area_ratio=0,1097,1,0,3,0.011,0.004
skycell,max_area_ratio=0,1098,1,1,4,0.011,0.005
skycell,max_area_ratio=0,1099,1,1,4,0.011,0.005
skycell,max_area_ratio=0,1100,3,7,4,0.011,0.008
skycell,max_area_ratio=0,1101,3,1,5,0.017,0.008
skycell,max_area_ratio=0,1102,3,3,8,0.018,0.015
skycell,max_area_ratio=0,1103,4,11,12,0.023,0.023
skycell,max_area_ratio=0,1104,4,2,8,0.018,0.009
skycell,max_area_ratio=0,1105,5,1,4,0.011,0.006
skycell,max_area_ratio=0,1106,55,59,10,0.017,0.021
skycell,max_area_ratio=0,1107,3,3,4,0.011,0.006
skycell,max_area_ratio=0,1108,48,36,6,0.011,0.014
skycell,max_area_ratio=0,1109,3,3,4,0.011,0.007
skycell,max_area_ratio=0,1110,16,27,6,0.011,0.016
skycell,max_area_ratio=0,1111,5,3,7,0.017,0.008
skycell,max_area_ratio=0,1112,3,5,8,0.017,0.01
skycell,max_area_ratio=0,1113,3,2,4,0.011,0.007
skycell,max_area_ratio=0,1114,147,123,25,0.038,0.053
skycell,max_area_ratio=0,1115,3,4,4,0.011,0.006
skycell,max_area_ratio=0,1116,136,137,15,0.023,0.034
skycell,max_area_ratio=0,1117,9,11,4,0.011,0.008
skycell,max_area_ratio=0,1118,110,107,14,0.023,0.03
skycell,max_area_ratio=0,1119,14,14,6,0.011,0.021
skycell,max_area_ratio=0,1120,165,158,22,0.032,0.045
skycell,max_area_ratio=0,1121,12,2,14,0.028,0.015
skycell,max_area_ratio=0,1122,38,21,16,0.027,0.023
skycell,max_area_ratio=0,1123,3,2,4,0.011,0.006
skycell,max_area_ratio=0,1124,3,4,9,0.017,0.016
skycell,max_area_ratio=0,1125,5,3,13,0.043,0.044
skycell,max_area_ratio=0,1126,7,18,8,0.026,0.031
skycell,max_area_ratio=0,1127,3,3,8,0.035,0.02
skycell,max_area_ratio=0,1128,5,6,7,0.029,0.013
skycell,max_area_ratio=0,1129,13,21,8,0.027,0.019
skycell,max_area_ratio=0,1130,4,8,4,0.02,0.009
skycell,max_area_ratio=0,1131,4,2,4,0.014,0.009
skycell,max_area_ratio=0,1132,83,88,17,0.053,0.074
skycell,max_area_ratio=0,1133,38,15,8,0.023,0.019
skycell,max_area_ratio=0,1134,3,1,13,0.025,0.027
skycell,max_area_ratio=0,1135,3,3,4,0.017,0.012
skycell,max_area_ratio=0,1136,15,29,6,0.014,0.016
skycell,max_area_ratio=0,1137,3,0,9,0.018,0.017
skycell,max_area_ratio=0,1138,5,2,4,0.016,0.008
skycell,max_area_ratio=0,1139,3,1,4,0.016,0.01
skycell,max_area_ratio=0,1140,3,6,4,0.019,0.009
skycell,max_area_ratio=0,1141,6,8,4,0.012,0.009
skycell,max_area_ratio=0,1142,3,2,4,0.015,0.008
skycell,max_area_ratio=0,1143,10,4,8,0.029,0.021
skycell,max_area_ratio=0,1144,53,75,9,0.021,0.033
skycell,max_area_ratio=0,1145,3,4,4,0.015,0.008
skycell,max_area_ratio=0,1146,27,22,9,0.023,0.029
skycell,max_area_ratio=0,1147,4,2,4,0.02,0.006
skycell,max_area_ratio=0,1148,3,6,4,0.012,0.008
skycell,max_area_ratio=0,1149,6,9,8,0.018,0.016
skycell,max_area_ratio=0,1150,50,66,19,0.028,0.039
skycell,max_area_ratio=0,1151,3,1,4,0.012,0.007
skycell,max_area_ratio=0,1152,4,34,14,0.018,0.046
skycell,max_area_ratio=0,1153,3,4,8,0.021,0.01
skycell,max_area_ratio=0,1154,23,45,9,0.022,0.018
skycell,max_area_ratio=0,1155,11,3,7,0.023,0.01
skycell,max_area_ratio=0,1156,10,466,37,0.028,0.163
skycell,max_area_ratio=0,1157,4,1,15,0.027,0.021
skycell,max_area_ratio=0,1158,30,49,7,0.012,0.029
skycell,max_area_ratio=0,1159,3,2,4,0.012,0.006
skycell,max_area_ratio=0,1160,39,42,18,0.034,0.032
skycell,max_area_ratio=0,1161,4,4,4,0.02,0.007
skycell,max_area_ratio=0,1162,3,3,5,0.012,0.009
skycell,max_area_ratio=0,1163,3,6,8,0.018,0.017
skycell,max_area_ratio=0,1164,3,3,5,0.012,0.009
skycell,max_area_ratio=0,1165,9,12,8,0.017,0.016
skycell,max_area_ratio=0,1166,19,20,9,0.018,0.019
skycell,max_area_ratio=0,1167,3,4,4,0.012,0.007
skycell,max_area_ratio=0,1168,4,930,31,0.011,0.177
skycell,max_area_ratio=0,1169,49,46,8,0.017,0.022
skycell,max_area_ratio=0,1170,5,5,8,0.018,0.014
skycell,max_area_ratio=0,1171,3,1,4,0.012,0.007
skycell,max_area_ratio=0,1172,6,6,5,0.011,0.008
skycell,max_area_ratio=0,1173,3,3,8,0.029,0.017
skycell,max_area_ratio=0,1174,3,4,4,0.012,0.007
skycell,max_area_ratio=0,1175,4,1,4,0.011,0.007
skycell,max_area_ratio=0,1176,12,16,5,0.011,0.01
skycell,max_area_ratio=0,1177,3,2,5,0.011,0.007
skycell,max_area_ratio=0,1178,8,10,5,0.011,0.01
skycell,max_area_ratio=0,1179,3,4,4,0.011,0.007
skycell,max_area_ratio=0,1180,24,13,4,0.011,0.007
skycell,max_area_ratio=0,1181,3,2,6,0.011,0.011
skycell,max_area_ratio=0,1182,45,52,13,0.023,0.03
skycell,max_area_ratio=0,1183,11,7,11,0.023,0.029
skycell,max_area_ratio=0,1184,3,4,4,0.012,0.006
skycell,max_area_ratio=0,1185,10,1,4,0.011,0.005
skycell,max_area_ratio=0,1186,25,48,17,0.027,0.032
skycell,max_area_ratio=0,1187,3,3,8,0.017,0.012
skycell,max_area_ratio=0,1188,5,3,12,0.022,0.016
skycell,max_area_ratio=0,1189,3,3,4,0.012,0.008
skycell,max_area_ratio=0,1190,3,2,8,0.017,0.009
skycell,max_area_ratio=0,1191,3,1,4,0.011,0.007
skycell,max_area_ratio=0,1192,5,137,15,0.017,0.074
skycell,max_area_ratio=0,1193,3,2,5,0.012,0.008
skycell,max_area_ratio=0,1194,3,3,8,0.017,0.01
skycell,max_area_ratio=0,1195,5,2,15,0.028,0.017
skycell,max_area_ratio=0,1196,6,8,8,0.017,0.014
skycell,max_area_ratio=0,1197,4,1,5,0.012,0.008
skycell,max_area_ratio=0,1198,25,49,14,0.033,0.043
skycell,max_area_ratio=0,1199,3,4,5,0.013,0.009
skycell,max_area_ratio=0,1200,51,55,12,0.023,0.029
skycell,max_area_ratio=0,1201,3,2,8,0.019,0.015
skycell,max_area_ratio=0,1202,6,6,4,0.021,0.008
skycell,max_area_ratio=0,1203,57,48,10,0.018,0.026
skycell,max_area_ratio=0,1204,8,8,8,0.017,0.017
skycell,max_area_ratio=0,1205,3,0,5,0.011,0.007
skycell,max_area_ratio=0,1206,54,63,14,0.023,0.033
skycell,max_area_ratio=0,1207,6,8,5,0.011,0.015
skycell,max_area_ratio=0,1208,4,10,5,0.011,0.011
skycell,max_area_ratio=0,1209,3,2,7,0.017,0.011
skycell,max_area_ratio=0,1210,8,8,4,0.011,0.009
skycell,max_area_ratio=0,1211,3,0,8,0.017,0.016
skycell,max_area_ratio=0,1212,58,72,9,0.019,0.028
skycell,max_area_ratio=0,1213,3,2,4,0.012,0.007
skycell,max_area_ratio=0,1214,23,26,13,0.023,0.026
skycell,max_area_ratio=0,1215,3,1,5,0.011,0.009
skycell,max_area_ratio=0,1216,32,33,9,0.024,0.025
skycell,max_area_ratio=0,1217,3,2,4,0.012,0.008
skycell,max_area_ratio=0,1218,4,4,8,0.017,0.015
skycell,max_area_ratio=0,1219,3,5,4,0.011,0.007
skycell,max_area_ratio=0,1220,56,70,11,0.017,0.033
skycell,max_area_ratio=0,1221,3,0,5,0.012,0.008
skycell,max_area_ratio=0,1222,9,3834,52,0.017,0.357
skycell,max_area_ratio=0,1223,3,1,4,0.013,0.007
skycell,max_area_ratio=0,1224,6,5,4,0.015,0.008
skycell,max_area_ratio=0,1225,13,11,5,0.011,0.013
skycell,max_area_ratio=0,1226,7,3,11,0.023,0.024
skycell,max_area_ratio=0,1227,5,4,8,0.018,0.015
skycell,max_area_ratio=0,1228,6,1616,45,0.017,0.249
skycell,max_area_ratio=0,1229,9,11,9,0.017,0.016
skycell,max_area_ratio=0,1230,3,1,4,0.012,0.007
skycell,max_area_ratio=0,1231,3,1,5,0.011,0.007
skycell,max_area_ratio=0,1232,187,170,28,0.051,0.058
skycell,max_area_ratio=0,1233,3,2,5,0.012,0.007
skycell,max_area_ratio=0,1234,3,3,5,0.012,0.009
skycell,max_area_ratio=0,1235,3,2,4,0.012,0.006
skycell,max_area_ratio=0,1236,38,32,15,0.027,0.022
skycell,max_area_ratio=0,1237,3,2,4,0.012,0.007
skycell,max_area_ratio=0,1238,4,4,8,0.017,0.01
skycell,max_area_ratio=0,1239,3,6,6,0.011,0.01
skycell,max_area_ratio=0,1240,39,40,9,0.017,0.022
skycell,max_area_ratio=0,1241,5,3,8,0.018,0.009
skycell,max_area_ratio=0,1242,16,11,8,0.017,0.012
skycell,max_area_ratio=0,1243,55,51,17,0.027,0.026
skycell,max_area_ratio=0,1244,45,66,9,0.017,0.027
skycell,max_area_ratio=0,1245,3,1,8,0.017,0.013
skycell,max_area_ratio=0,1246,3,3,4,0.011,0.006
skycell,max_area_ratio=0,1247,4,0,8,0.017,0.014
skycell,max_area_ratio=0,1248,158,106,18,0.028,0.04
skycell,max_area_ratio=0,1249,16,11,5,0.011,0.009
skycell,max_area_ratio=0,1250,35,29,9,0.017,0.017
skycell,max_area_ratio=0,1251,3,2,4,0.011,0.006
skycell,max_area_ratio=0,1252,83,79,25,0.037,0.033
skycell,max_area_ratio=0,1253,3,4,7,0.018,0.012
skycell,max_area_ratio=0,1254,110,118,23,0.032,0.041
skycell,max_area_ratio=0,1255,38,47,18,0.027,0.027
skycell,max_area_ratio=0,1256,4,4009,49,0.011,0.378
skycell,max_area_ratio=0,1257,84,74,13,0.022,0.029
skycell,max_area_ratio=0,1258,3,4,5,0.012,0.009
skycell,max_area_ratio=0,1259,3,1,8,0.017,0.016
skycell,max_area_ratio=0,1260,7,5,16,0.027,0.025
skycell,max_area_ratio=0,1261,76,99,17,0.028,0.034
skycell,max_area_ratio=0,1262,126,140,10,0.022,0.044
skycell,max_area_ratio=0,1263,3,2,4,0.011,0.007
skycell,max_area_ratio=0,1264,48,74,7,0.011,0.022
skycell,max_area_ratio=0,1265,3,1,4,0.011,0.006
skycell,max_area_ratio=0,1266,28,21,17,0.027,0.026
skycell,max_area_ratio=0,1267,3,3,5,0.012,0.008
skycell,max_area_ratio=0,1268,3,3,5,0.011,0.013
skycell,max_area_ratio=0,1269,3,3,8,0.018,0.01
skycell,max_area_ratio=0,1270,17,22,12,0.022,0.028
skycell,max_area_ratio=0,1271,22,14,9,0.018,0.014
skycell,max_area_ratio=0,1272,13,19,8,0.017,0.012
skycell,max_area_ratio=0,1273,3,4,4,0.014,0.007
skycell,max_area_ratio=0,1274,7,730,40,0.028,0.163
skycell,max_area_ratio=0,1275,55,61,13,0.022,0.028
skycell,max_area_ratio=0,1276,4,3,8,0.018,0.014
skycell,max_area_ratio=0,1277,4,2,4,0.014,0.009
skycell,max_area_ratio=0,1278,142,139,15,0.024,0.049
skycell,max_area_ratio=0,1279,3,0,4,0.012,0.007
skycell,max_area_ratio=0,1280,92,87,9,0.017,0.028
skycell,max_area_ratio=0,1281,3,3,8,0.017,0.014
skycell,max_area_ratio=0,1282,47,77,10,0.017,0.052
skycell,max_area_ratio=0,1283,5,4,4,0.012,0.007
skycell,max_area_ratio=0,1284,40,47,15,0.023,0.033
skycell,max_area_ratio=0,1285,27,36,6,0.012,0.015
skycell,max_area_ratio=0,1286,3,2,4,0.012,0.007
skycell,max_area_ratio=0,1287,4,7,4,0.011,0.008
skycell,max_area_ratio=0,1288,3,4,4,0.011,0.008
skycell,max_area_ratio=0,1289,3,1,4,0.011,0.009
skycell,max_area_ratio=0,1290,132,175,23,0.033,0.053
skycell,max_area_ratio=0,1291,3,2,8,0.018,0.013
skycell,max_area_ratio=0,1292,94,65,13,0.023,0.026
skycell,max_area_ratio=0,1293,3,4,4,0.012,0.007
skycell,max_area_ratio=0,1294,51,59,8,0.017,0.021
skycell,max_area_ratio=0,1295,5,2,7,0.018,0.008
skycell,max_area_ratio=0,1296,8,5,5,0.018,0.008
skycell,max_area_ratio=0,1297,3,1,4,0.012,0.007
skycell,max_area_ratio=0,1298,5,9,12,0.023,0.018
skycell,max_area_ratio=0,1299,7,3,4,0.012,0.006
skycell,max_area_ratio=0,1300,55,81,10,0.018,0.02
skycell,max_area_ratio=0,1301,110,115,17,0.028,0.036
skycell,max_area_ratio=0,1302,872,528,40,0.053,0.1
skycell,max_area_ratio=0,1303,331,144,27,0.043,0.044
skycell,max_area_ratio=0,1304,637,1562,66,0.058,0.244
skycell,max_area_ratio=0,1305,76,53,10,0.02,0.019
skycell,max_area_ratio=0,1306,1281,1632,77,0.073,0.237
skycell,max_area_ratio=0,1307,148,103,17,0.029,0.033
skycell,max_area_ratio=0,1308,107,85,21,0.032,0.038
skycell,max_area_ratio=0,1309,70,72,10,0.019,0.024
skycell,max_area_ratio=0,1310,66,68,11,0.017,0.027
skycell,max_area_ratio=0,1311,71,63,12,0.022,0.024
skycell,max_area_ratio=0,1312,71,66,14,0.022,0.025
skycell,max_area_ratio=0,1313,72,51,13,0.023,0.031
skycell,max_area_ratio=0,1314,130,69,22,0.038,0.03
skycell,max_area_ratio=0,1315,195,475,29,0.027,0.096
skycell,max_area_ratio=0,1316,179,397,21,0.022,0.077
skycell,max_area_ratio=0,1317,69,71,17,0.028,0.033
skycell,max_area_ratio=0,1318,888,800,47,0.053,0.135
skycell,max_area_ratio=0,1319,64,64,18,0.028,0.038
skycell,max_area_ratio=0,1320,79,73,25,0.043,0.037
skycell,max_area_ratio=0,1321,133,75,23,0.038,0.033
skycell,max_area_ratio=0,1322,133,69,19,0.033,0.03
skycell,max_area_ratio=0,1323,80,77,13,0.022,0.027
skycell,max_area_ratio=0,1324,2152,2294,85,0.099,0.313
skycell,max_area_ratio=0,1325,87,84,21,0.033,0.035
skycell,max_area_ratio=0,1326,552,752,43,0.047,0.127
skycell,max_area_ratio=0,1327,97,72,19,0.033,0.028
skycell,max_area_ratio=0,1328,800,879,42,0.043,0.133
skycell,max_area_ratio=0,1329,83,81,18,0.028,0.033
skycell,max_area_ratio=0,1330,1530,1598,61,0.057,0.238
skycell,max_area_ratio=0,1331,65,61,14,0.023,0.032
skycell,max_area_ratio=0,1332,90,69,19,0.036,0.033
skycell,max_area_ratio=0,1333,70,67,6,0.014,0.035
skycell,max_area_ratio=0,1334,815,736,43,0.047,0.123
skycell,max_area_ratio=0,1335,269,311,27,0.033,0.085
skycell,max_area_ratio=0,1336,804,1019,43,0.043,0.151
skycell,max_area_ratio=0,1337,77,81,13,0.023,0.027
skycell,max_area_ratio=0,1338,896,1099,63,0.075,0.201
skycell,max_area_ratio=0,1339,111,122,10,0.017,0.028
skycell,max_area_ratio=0,1340,902,1284,55,0.06,0.176
skycell,max_area_ratio=0,1341,86,56,11,0.017,0.03
skycell,max_area_ratio=0,1342,75,65,18,0.028,0.036
skycell,max_area_ratio=0,1343,69,61,9,0.017,0.029
skycell,max_area_ratio=0,1344,62,57,14,0.023,0.036
skycell,max_area_ratio=0,1345,70,63,18,0.03,0.036
skycell,max_area_ratio=0,1346,717,553,42,0.052,0.105
skycell,max_area_ratio=0,1347,74,68,13,0.024,0.029
skycell,max_area_ratio=0,1348,71,63,11,0.017,0.027
skycell,max_area_ratio=0,1349,137,216,26,0.033,0.084
skycell,max_area_ratio=0,1350,73,75,17,0.028,0.028
skycell,max_area_ratio=0,1351,78,69,25,0.038,0.033
skycell,max_area_ratio=0,1352,128,157,18,0.03,0.044
skycell,max_area_ratio=0,1353,267,211,27,0.044,0.056
skycell,max_area_ratio=0,1354,181,136,14,0.022,0.033
skycell,max_area_ratio=0,1355,75,47,14,0.023,0.028
skycell,max_area_ratio=0,1356,554,660,42,0.052,0.12
skycell,max_area_ratio=0,1357,78,70,12,0.022,0.026
skycell,max_area_ratio=0,1358,71,66,9,0.017,0.029
skycell,max_area_ratio=0,1359,158,68,21,0.032,0.034
skycell,max_area_ratio=0,1360,590,674,44,0.048,0.111
skycell,max_area_ratio=0,1361,71,67,18,0.027,0.032
skycell,max_area_ratio=0,1362,67,61,13,0.023,0.03
skycell,max_area_ratio=0,1363,91,60,14,0.023,0.031
skycell,max_area_ratio=0,1364,2049,2512,79,0.057,0.369
skycell,max_area_ratio=0,1365,64,65,19,0.029,0.037
skycell,max_area_ratio=0,1366,69,65,15,0.025,0.035
skycell,max_area_ratio=0,1367,69,60,9,0.018,0.032
skycell,max_area_ratio=0,1368,72,60,14,0.023,0.031
skycell,max_area_ratio=0,1369,435,163,33,0.052,0.051
skycell,max_area_ratio=0,1370,3917,4069,122,0.095,0.518
skycell,max_area_ratio=0,1371,73,77,14,0.023,0.026
skycell,max_area_ratio=0,1372,324,601,29,0.035,0.111
skycell,max_area_ratio=0,1373,62,49,18,0.029,0.035
skycell,max_area_ratio=0,1374,70,70,6,0.012,0.022
skycell,max_area_ratio=0,1375,111,73,24,0.038,0.034
skycell,max_area_ratio=0,1376,701,495,41,0.053,0.109
skycell,max_area_ratio=0,1377,86,63,16,0.028,0.027
skycell,max_area_ratio=0,1378,1164,1356,57,0.057,0.208
skycell,max_area_ratio=0,1379,78,79,14,0.023,0.031
skycell,max_area_ratio=0,1380,1336,1572,62,0.057,0.221
skycell,max_area_ratio=0,1381,91,47,24,0.037,0.033
skycell,max_area_ratio=0,1382,70,75,23,0.032,0.04
skycell,max_area_ratio=0,1383,88,65,7,0.012,0.024
skycell,max_area_ratio=0,1384,85,77,14,0.023,0.03
skycell,max_area_ratio=0,1385,1401,1227,68,0.073,0.186
skycell,max_area_ratio=0,1386,1370,1589,52,0.043,0.21
skycell,max_area_ratio=0,1387,68,79,10,0.02,0.028
skycell,max_area_ratio=0,1388,1152,898,50,0.059,0.156
skycell,max_area_ratio=0,1389,89,69,16,0.028,0.029
skycell,max_area_ratio=0,1390,517,710,42,0.043,0.118
skycell,max_area_ratio=0,1391,72,77,13,0.023,0.028
skycell,max_area_ratio=0,1392,67,67,10,0.017,0.029
skycell,max_area_ratio=0,1393,103,66,16,0.03,0.034
skycell,max_area_ratio=0,1394,3565,3504,118,0.093,0.469
skycell,max_area_ratio=0,1395,80,64,15,0.024,0.028
skycell,max_area_ratio=0,1396,3192,3600,108,0.084,0.442
skycell,max_area_ratio=0,1397,153,59,15,0.042,0.035
skycell,max_area_ratio=0,1398,2736,2926,94,0.084,0.371
skycell,max_area_ratio=0,1399,115,66,19,0.033,0.035
skycell,max_area_ratio=0,1400,3986,4002,119,0.091,0.489
skycell,max_area_ratio=0,1401,588,297,37,0.054,0.069
skycell,max_area_ratio=0,1402,232,254,24,0.033,0.065
skycell,max_area_ratio=0,1403,353,324,38,0.047,0.081
skycell,max_area_ratio=0,1404,1206,1369,67,0.067,0.207
skycell,max_area_ratio=0,1405,323,265,31,0.043,0.071
skycell,max_area_ratio=0,1406,1455,1108,50,0.053,0.17
skycell,max_area_ratio=0,1407,284,276,24,0.033,0.064
skycell,max_area_ratio=0,1408,4801,4152,124,0.089,0.516
skycell,max_area_ratio=0,1409,284,297,31,0.059,0.08
skycell,max_area_ratio=0,1410,275,306,24,0.042,0.109
skycell,max_area_ratio=0,1411,913,748,44,0.049,0.139
skycell,max_area_ratio=0,1412,316,265,29,0.04,0.071
skycell,max_area_ratio=0,1413,299,280,25,0.033,0.063
skycell,max_area_ratio=0,1414,786,1101,59,0.062,0.183
skycell,max_area_ratio=0,1415,451,251,25,0.039,0.057
skycell,max_area_ratio=0,1416,8677,9129,188,0.091,1
skycell,max_area_ratio=0,1417,416,272,24,0.033,0.056
skycell,max_area_ratio=0,1418,4862,5071,139,0.092,0.628
skycell,max_area_ratio=0,1419,313,271,27,0.038,0.077
skycell,max_area_ratio=0,1420,4521,5690,129,0.085,0.645
skycell,max_area_ratio=0,1421,351,233,19,0.028,0.053
skycell,max_area_ratio=0,1422,3112,4433,121,0.079,0.537
skycell,max_area_ratio=0,1423,320,260,28,0.039,0.062
skycell,max_area_ratio=0,1424,1558,3126,90,0.063,0.399
skycell,max_area_ratio=0,1425,2450,3145,105,0.085,0.466
skycell,max_area_ratio=0,1426,512,302,36,0.055,0.071
skycell,max_area_ratio=0,1427,328,255,38,0.055,0.08
skycell,max_area_ratio=0,1428,4182,3905,119,0.085,0.513
skycell,max_area_ratio=0,1429,1704,1284,53,0.053,0.182
skycell,max_area_ratio=0,1430,1356,1294,41,0.033,0.165
skycell,max_area_ratio=0,1431,289,289,27,0.037,0.058
skycell,max_area_ratio=0,1432,967,268,40,0.057,0.064
skycell,max_area_ratio=0,1433,1565,901,50,0.058,0.133
skycell,max_area_ratio=0,1434,625,277,36,0.047,0.062
skycell,max_area_ratio=0,1435,1354,1243,62,0.071,0.183
skycell,max_area_ratio=0,1436,580,1021,51,0.053,0.167
skycell,max_area_ratio=0,1437,279,298,27,0.038,0.063
skycell,max_area_ratio=0,1438,385,4191,82,0.052,0.397
skycell,max_area_ratio=0,1439,317,307,28,0.039,0.063
skycell,max_area_ratio=0,1440,248,269,29,0.042,0.068
skycell,max_area_ratio=0,1441,2599,2336,82,0.072,0.319
skycell,max_area_ratio=0,1442,2380,2435,83,0.073,0.316
skycell,max_area_ratio=0,1443,2376,2502,93,0.088,0.308
skycell,max_area_ratio=0,1444,29034,35019,557,0.114,3.678
skycell,max_area_ratio=0,1445,11949,11114,228,0.124,1.341
skycell,max_area_ratio=0,1446,3440,6517,142,0.096,0.643
skycell,max_area_ratio=0,1447,3236,2340,91,0.096,0.32
skycell,max_area_ratio=0,1448,139769,147516,1985,0.104,14.169
skycell,max_area_ratio=0,1449,3366,2525,98,0.102,0.325
skycell,max_area_ratio=0,1450,39859,43516,654,0.112,4.274
skycell,max_area_ratio=0,1451,2947,2330,94,0.108,0.306
skycell,max_area_ratio=0,1452,26962,26649,458,0.139,2.847
skycell,max_area_ratio=0,1453,2569,2324,103,0.1,0.318
skycell,max_area_ratio=0,1454,22198,22109,385,0.123,2.313
skycell,max_area_ratio=0,1455,2964,2386,104,0.099,0.299
skycell,max_area_ratio=0,1456,18720,18819,330,0.108,1.973
skycell,range_cost=3,1,1,0,3,0.015,0.007
skycell,range_cost=3,2,1,1,4,0.015,0.008
skycell,range_cost=3,3,1,0,3,0.012,0.005
skycell,range_cost=3,4,1,1,4,0.016,0.009
skycell,range_cost=3,5,1,0,3,0.011,0.004
skycell,range_cost=3,6,1,1,4,0.011,0.007
skycell,range_cost=3,7,1,0,3,0.011,0.006
skycell,range_cost=3,8,1,1,4,0.011,0.005
skycell,range_cost=3,9,1,0,3,0.011,0.004
skycell,range_cost=3,10,1,1,4,0.011,0.005
skycell,range_cost=3,11,1,0,3,0.011,0.004
skycell,range_cost=3,12,1,1,7,0.019,0.014
skycell,range_cost=3,13,1,0,3,0.016,0.005
skycell,range_cost=3,14,1,1,4,0.011,0.005
skycell,range_cost=3,15,1,0,3,0.011,0.004
skycell,range_cost=3,16,1,1,4,0.011,0.005
skycell,range_cost=3,17,1,0,3,0.011,0.004
skycell,range_cost=3,18,1,1,7,0.017,0.01
skycell,range_cost=3,19,1,0,3,0.011,0.004
skycell,range_cost=3,20,1,1,4,0.011,0.005
skycell,range_cost=3,21,1,0,3,0.011,0.004
skycell,range_cost=3,22,1,1,7,0.018,0.011
skycell,range_cost=3,23,1,0,3,0.011,0.004
skycell,range_cost=3,24,1,1,4,0.011,0.005
skycell,range_cost=3,25,1,0,3,0.011,0.004
skycell,range_cost=3,26,1,1,4,0.011,0.005
skycell,range_cost=3,27,1,0,3,0.011,0.004
skycell,range_cost=3,28,1,1,4,0.011,0.005
skycell,range_cost=3,29,1,0,3,0.011,0.004
skycell,range_cost=3,30,1,1,7,0.017,0.011
skycell,range_cost=3,31,1,0,3,0.011,0.005
skycell,range_cost=3,32,1,1,7,0.017,0.01
skycell,range_cost=3,33,1,0,3,0.011,0.004
skycell,range_cost=3,34,1,1,4,0.011,0.005
skycell,range_cost=3,35,1,0,3,0.011,0.003
skycell,range_cost=3,36,1,1,4,0.011,0.005
skycell,range_cost=3,37,1,0,7,0.017,0.01
skycell,range_cost=3,38,1,1,4,0.011,0.006
skycell,range_cost=3,39,1,0,3,0.011,0.004
skycell,range_cost=3,40,1,1,4,0.011,0.005
skycell,range_cost=3,41,1,0,3,0.011,0.004
skycell,range_cost=3,42,1,1,4,0.012,0.004
skycell,range_cost=3,43,1,0,3,0.011,0.004
skycell,range_cost=3,44,1,1,4,0.011,0.005
skycell,range_cost=3,45,1,0,6,0.017,0.01
skycell,range_cost=3,46,1,1,7,0.017,0.01
skycell,range_cost=3,47,1,0,6,0.017,0.009
skycell,range_cost=3,48,1,1,4,0.011,0.006
skycell,range_cost=3,49,1,0,3,0.011,0.005
skycell,range_cost=3,50,1,1,4,0.011,0.006
skycell,range_cost=3,51,1,0,3,0.011,0.004
skycell,range_cost=3,52,1,1,4,0.011,0.004
skycell,range_cost=3,53,1,0,3,0.011,0.004
skycell,range_cost=3,54,1,1,4,0.011,0.005
skycell,range_cost=3,55,1,0,6,0.017,0.005
skycell,range_cost=3,56,1,1,4,0.011,0.004
skycell,range_cost=3,57,1,0,3,0.011,0.004
skycell,range_cost=3,58,1,1,4,0.011,0.005
skycell,range_cost=3,59,1,0,4,0.011,0.005
skycell,range_cost=3,60,1,1,4,0.011,0.005
skycell,range_cost=3,61,1,0,6,0.017,0.006
skycell,range_cost=3,62,1,1,7,0.017,0.006
skycell,range_cost=3,63,1,0,3,0.011,0.004
skycell,range_cost=3,64,1,1,4,0.011,0.005
skycell,range_cost=3,65,1,0,3,0.011,0.004
skycell,range_cost=3,66,1,1,4,0.011,0.005
skycell,range_cost=3,67,1,0,3,0.011,0.004
skycell,range_cost=3,68,1,1,4,0.011,0.005
skycell,range_cost=3,69,1,0,3,0.011,0.005
skycell,range_cost=3,70,1,1,4,0.016,0.004
skycell,range_cost=3,71,1,0,3,0.011,0.004
skycell,range_cost=3,72,1,1,4,0.011,0.005
skycell,range_cost=3,73,1,0,3,0.011,0.004
skycell,range_cost=3,74,1,1,4,0.011,0.005
skycell,range_cost=3,75,1,0,3,0.011,0.004
skycell,range_cost=3,76,1,1,4,0.011,0.005
skycell,range_cost=3,77,1,0,3,0.019,0.004
skycell,range_cost=3,78,1,1,4,0.011,0.006
skycell,range_cost=3,79,1,0,3,0.011,0.003
skycell,range_cost=3,80,1,1,4,0.011,0.005
skycell,range_cost=3,81,1,0,3,0.011,0.003
skycell,range_cost=3,82,1,1,4,0.011,0.005
skycell,range_cost=3,83,1,0,6,0.02,0.007
skycell,range_cost=3,84,1,1,4,0.011,0.005
skycell,range_cost=3,85,1,0,3,0.011,0.004
skycell,range_cost=3,86,1,1,4,0.011,0.005
skycell,range_cost=3,87,1,0,3,0.011,0.004
skycell,range_cost=3,88,1,1,4,0.011,0.004
skycell,range_cost=3,89,1,0,3,0.011,0.004
skycell,range_cost=3,90,1,1,4,0.011,0.004
skycell,range_cost=3,91,1,0,3,0.011,0.004
skycell,range_cost=3,92,1,1,4,0.011,0.005
skycell,range_cost=3,93,1,0,3,0.011,0.004
skycell,range_cost=3,94,1,1,4,0.011,0.004
skycell,range_cost=3,95,1,0,3,0.011,0.004
skycell,range_cost=3,96,1,1,7,0.017,0.007
skycell,range_cost=3,97,1,0,3,0.011,0.004
skycell,range_cost=3,98,1,1,4,0.011,0.005
skycell,range_cost=3,99,1,0,3,0.011,0.005
skycell,range_cost=3,100,1,1,4,0.011,0.005
skycell,range_cost=3,101,1,0,3,0.011,0.004
skycell,range_cost=3,102,1,1,4,0.011,0.005
skycell,range_cost=3,103,1,0,3,0.011,0.005
skycell,range_cost=3,104,1,1,4,0.011,0.004
skycell,range_cost=3,105,1,0,3,0.011,0.005
skycell,range_cost=3,106,1,1,4,0.011,0.005
skycell,range_cost=3,107,1,0,3,0.011,0.004
skycell,range_cost=3,108,1,1,4,0.011,0.006
skycell,range_cost=3,109,1,0,6,0.018,0.006
skycell,range_cost=3,110,1,1,4,0.011,0.005
skycell,range_cost=3,111,1,0,3,0.011,0.004
skycell,range_cost=3,112,1,1,4,0.011,0.007
skycell,range_cost=3,113,1,0,3,0.012,0.004
skycell,range_cost=3,114,1,1,4,0.011,0.005
skycell,range_cost=3,115,1,0,3,0.011,0.004
skycell,range_cost=3,116,1,1,4,0.011,0.005
skycell,range_cost=3,117,1,0,3,0.011,0.004
skycell,range_cost=3,118,1,1,4,0.011,0.005
skycell,range_cost=3,119,1,0,3,0.011,0.004
skycell,range_cost=3,120,1,1,4,0.011,0.004
skycell,range_cost=3,121,1,0,3,0.011,0.004
skycell,range_cost=3,122,1,1,7,0.017,0.007
skycell,range_cost=3,123,1,0,3,0.011,0.004
skycell,range_cost=3,124,1,1,4,0.011,0.005
skycell,range_cost=3,125,1,0,3,0.014,0.005
skycell,range_cost=3,126,1,1,4,0.011,0.005
skycell,range_cost=3,127,1,0,3,0.011,0.004
skycell,range_cost=3,128,1,1,4,0.011,0.005
skycell,range_cost=3,129,1,0,3,0.011,0.004
skycell,range_cost=3,130,1,1,4,0.011,0.005
skycell,range_cost=3,131,1,0,3,0.011,0.004
skycell,range_cost=3,132,1,1,4,0.011,0.005
skycell,range_cost=3,133,1,0,3,0.011,0.004
skycell,range_cost=3,134,1,1,4,0.011,0.005
skycell,range_cost=3,135,1,0,3,0.011,0.006
skycell,range_cost=3,136,1,1,4,0.011,0.005
skycell,range_cost=3,137,1,0,3,0.011,0.004
skycell,range_cost=3,138,1,1,4,0.011,0.005
skycell,range_cost=3,139,1,0,3,0.011,0.004
skycell,range_cost=3,140,1,1,4,0.011,0.006
skycell,range_cost=3,141,1,0,3,0.011,0.004
skycell,range_cost=3,142,1,1,7,0.018,0.007
skycell,range_cost=3,143,1,0,3,0.011,0.005
skycell,range_cost=3,144,1,1,7,0.017,0.006
skycell,range_cost=3,145,1,0,3,0.011,0.004
skycell,range_cost=3,146,1,1,4,0.011,0.005
skycell,range_cost=3,147,1,0,3,0.011,0.004
skycell,range_cost=3,148,1,1,4,0.013,0.006
skycell,range_cost=3,149,1,0,3,0.011,0.004
skycell,range_cost=3,150,1,1,7,0.017,0.007
skycell,range_cost=3,151,1,0,3,0.011,0.004
skycell,range_cost=3,152,1,1,4,0.011,0.005
skycell,range_cost=3,153,1,0,3,0.011,0.004
skycell,range_cost=3,154,1,1,4,0.011,0.005
skycell,range_cost=3,155,1,0,3,0.011,0.004
skycell,range_cost=3,156,1,1,4,0.011,0.006
skycell,range_cost=3,157,1,0,3,0.011,0.004
skycell,range_cost=3,158,1,1,4,0.011,0.005
skycell,range_cost=3,159,1,0,3,0.011,0.004
skycell,range_cost=3,160,1,1,4,0.011,0.005
skycell,range_cost=3,161,1,0,3,0.011,0.004
skycell,range_cost=3,162,1,1,4,0.011,0.005
skycell,range_cost=3,163,1,0,3,0.011,0.004
skycell,range_cost=3,164,1,1,4,0.011,0.005
skycell,range_cost=3,165,1,0,3,0.011,0.005
skycell,range_cost=3,166,1,1,4,0.011,0.006
skycell,range_cost=3,167,1,0,3,0.011,0.004
skycell,range_cost=3,168,1,1,7,0.017,0.007
skycell,range_cost=3,169,1,0,6,0.017,0.005
skycell,range_cost=3,170,1,1,4,0.011,0.005
skycell,range_cost=3,171,1,0,3,0.011,0.004
skycell,range_cost=3,172,1,1,4,0.011,0.005
skycell,range_cost=3,173,1,0,6,0.017,0.006
skycell,range_cost=3,174,1,1,4,0.011,0.005
skycell,range_cost=3,175,1,0,3,0.011,0.004
skycell,range_cost=3,176,1,1,4,0.011,0.004
skycell,range_cost=3,177,1,0,3,0.011,0.004
skycell,range_cost=3,178,1,1,7,0.017,0.006
skycell,range_cost=3,179,1,0,6,0.017,0.005
skycell,range_cost=3,180,1,1,4,0.011,0.006
skycell,range_cost=3,181,1,0,3,0.011,0.004
skycell,range_cost=3,182,1,1,4,0.011,0.004
skycell,range_cost=3,183,1,0,3,0.011,0.004
skycell,range_cost=3,184,1,1,7,0.017,0.007
skycell,range_cost=3,185,1,0,3,0.011,0.004
skycell,range_cost=3,186,1,1,4,0.011,0.006
skycell,range_cost=3,187,1,0,3,0.011,0.004
skycell,range_cost=3,188,1,1,4,0.011,0.005
skycell,range_cost=3,189,1,0,6,0.02,0.007
skycell,range_cost=3,190,1,1,4,0.011,0.005
skycell,range_cost=3,191,1,0,3,0.011,0.004
skycell,range_cost=3,192,1,1,4,0.011,0.005
skycell,range_cost=3,193,1,0,3,0.011,0.004
skycell,range_cost=3,194,1,1,4,0.011,0.005
skycell,range_cost=3,195,1,0,3,0.011,0.004
skycell,range_cost=3,196,1,1,4,0.011,0.005
skycell,range_cost=3,197,1,0,6,0.019,0.006
skycell,range_cost=3,198,1,1,4,0.011,0.005
skycell,range_cost=3,199,1,0,3,0.011,0.004
skycell,range_cost=3,200,1,1,4,0.011,0.005
skycell,range_cost=3,201,1,0,3,0.011,0.004
skycell,range_cost=3,202,1,1,4,0.011,0.005
skycell,range_cost=3,203,1,0,3,0.011,0.004
skycell,range_cost=3,204,1,1,4,0.011,0.006
skycell,range_cost=3,205,1,0,3,0.011,0.004
skycell,range_cost=3,206,1,1,7,0.017,0.008
skycell,range_cost=3,207,1,0,3,0.011,0.006
skycell,range_cost=3,208,1,1,4,0.011,0.006
skycell,range_cost=3,209,1,0,3,0.011,0.004
skycell,range_cost=3,210,1,1,4,0.011,0.006
skycell,range_cost=3,211,1,0,3,0.011,0.004
skycell,range_cost=3,212,1,1,4,0.011,0.005
skycell,range_cost=3,213,1,0,3,0.011,0.004
skycell,range_cost=3,214,1,1,4,0.011,0.006
skycell,range_cost=3,215,1,0,3,0.011,0.005
skycell,range_cost=3,216,1,1,7,0.017,0.007
skycell,range_cost=3,217,1,0,3,0.011,0.004
skycell,range_cost=3,218,1,1,7,0.017,0.007
skycell,range_cost=3,219,1,0,6,0.017,0.006
skycell,range_cost=3,220,1,1,4,0.011,0.005
skycell,range_cost=3,221,1,0,3,0.011,0.004
skycell,range_cost=3,222,1,1,4,0.011,0.005
skycell,range_cost=3,223,1,0,3,0.011,0.004
skycell,range_cost=3,224,1,1,4,0.011,0.005
skycell,range_cost=3,225,1,0,3,0.011,0.004
skycell,range_cost=3,226,1,1,4,0.011,0.005
skycell,range_cost=3,227,1,0,6,0.017,0.005
skycell,range_cost=3,228,1,1,4,0.011,0.005
skycell,range_cost=3,229,1,0,3,0.011,0.004
skycell,range_cost=3,230,1,1,7,0.017,0.007
skycell,range_cost=3,231,1,0,3,0.011,0.009
skycell,range_cost=3,232,1,1,4,0.011,0.005
skycell,range_cost=3,233,1,0,3,0.011,0.004
skycell,range_cost=3,234,1,1,4,0.011,0.005
skycell,range_cost=3,235,1,0,3,0.011,0.004
skycell,range_cost=3,236,1,1,4,0.011,0.005
skycell,range_cost=3,237,1,0,3,0.011,0.004
skycell,range_cost=3,238,1,1,4,0.011,0.004
skycell,range_cost=3,239,1,0,3,0.011,0.004
skycell,range_cost=3,240,1,1,4,0.011,0.005
skycell,range_cost=3,241,1,0,3,0.011,0.004
skycell,range_cost=3,242,1,1,4,0.011,0.005
skycell,range_cost=3,243,1,0,3,0.011,0.004
skycell,range_cost=3,244,1,1,4,0.011,0.006
skycell,range_cost=3,245,1,0,3,0.013,0.015
skycell,range_cost=3,246,1,1,4,0.011,0.005
skycell,range_cost=3,247,1,0,3,0.011,0.005
skycell,range_cost=3,248,1,1,4,0.011,0.004
skycell,range_cost=3,249,1,0,3,0.011,0.005
skycell,range_cost=3,250,1,1,4,0.011,0.005
skycell,range_cost=3,251,1,0,3,0.011,0.004
skycell,range_cost=3,252,1,1,4,0.011,0.004
skycell,range_cost=3,253,1,0,3,0.014,0.005
skycell,range_cost=3,254,1,1,4,0.011,0.005
skycell,range_cost=3,255,1,0,3,0.011,0.004
skycell,range_cost=3,256,1,1,4,0.011,0.004
skycell,range_cost=3,257,1,0,3,0.011,0.004
skycell,range_cost=3,258,1,1,4,0.011,0.005
skycell,range_cost=3,259,1,0,3,0.017,0.004
skycell,range_cost=3,260,1,1,4,0.011,0.006
skycell,range_cost=3,261,1,0,6,0.017,0.005
skycell,range_cost=3,262,1,1,4,0.011,0.005
skycell,range_cost=3,263,1,0,6,0.017,0.006
skycell,range_cost=3,264,1,1,4,0.011,0.005
skycell,range_cost=3,265,1,0,6,0.018,0.007
skycell,range_cost=3,266,1,1,4,0.011,0.005
skycell,range_cost=3,267,1,0,3,0.011,0.004
skycell,range_cost=3,268,1,1,4,0.011,0.006
skycell,range_cost=3,269,1,0,3,0.011,0.004
skycell,range_cost=3,270,1,1,4,0.011,0.005
skycell,range_cost=3,271,1,0,6,0.017,0.005
skycell,range_cost=3,272,1,1,4,0.011,0.006
skycell,range_cost=3,273,1,0,3,0.011,0.003
skycell,range_cost=3,274,1,1,4,0.011,0.005
skycell,range_cost=3,275,1,0,3,0.011,0.004
skycell,range_cost=3,276,1,1,4,0.011,0.005
skycell,range_cost=3,277,1,0,3,0.011,0.004
skycell,range_cost=3,278,1,1,4,0.014,0.005
skycell,range_cost=3,279,1,0,6,0.018,0.006
skycell,range_cost=3,280,1,1,4,0.011,0.005
skycell,range_cost=3,281,1,0,3,0.011,0.004
skycell,range_cost=3,282,1,1,4,0.011,0.009
skycell,range_cost=3,283,1,0,3,0.011,0.004
skycell,range_cost=3,284,1,1,4,0.011,0.005
skycell,range_cost=3,285,1,0,6,0.017,0.005
skycell,range_cost=3,286,1,1,4,0.011,0.005
skycell,range_cost=3,287,1,0,6,0.017,0.006
skycell,range_cost=3,288,1,1,4,0.011,0.004
skycell,range_cost=3,289,1,0,3,0.011,0.004
skycell,range_cost=3,290,1,1,4,0.011,0.004
skycell,range_cost=3,291,1,0,3,0.011,0.004
skycell,range_cost=3,292,1,1,7,0.017,0.007
skycell,range_cost=3,293,1,0,3,0.011,0.004
skycell,range_cost=3,294,1,1,4,0.014,0.006
skycell,range_cost=3,295,1,0,3,0.011,0.004
skycell,range_cost=3,296,1,1,4,0.011,0.005
skycell,range_cost=3,297,1,0,3,0.011,0.004
skycell,range_cost=3,298,1,1,4,0.011,0.005
skycell,range_cost=3,299,1,0,3,0.011,0.004
skycell,range_cost=3,300,1,1,4,0.011,0.005
skycell,range_cost=3,301,1,0,3,0.011,0.004
skycell,range_cost=3,302,1,1,4,0.011,0.014
skycell,range_cost=3,303,1,0,3,0.011,0.004
skycell,range_cost=3,304,1,1,7,0.017,0.007
skycell,range_cost=3,305,1,0,6,0.017,0.006
skycell,range_cost=3,306,1,1,4,0.011,0.004
skycell,range_cost=3,307,1,0,3,0.011,0.004
skycell,range_cost=3,308,1,1,4,0.011,0.006
skycell,range_cost=3,309,1,0,3,0.011,0.004
skycell,range_cost=3,310,1,1,4,0.011,0.004
skycell,range_cost=3,311,1,0,6,0.017,0.006
skycell,range_cost=3,312,1,1,4,0.011,0.006
skycell,range_cost=3,313,1,0,3,0.011,0.004
skycell,range_cost=3,314,1,1,4,0.011,0.005
skycell,range_cost=3,315,1,0,3,0.011,0.004
skycell,range_cost=3,316,1,1,7,0.017,0.009
skycell,range_cost=3,317,1,0,3,0.014,0.005
skycell,range_cost=3,318,1,1,4,0.011,0.005
skycell,range_cost=3,319,1,0,3,0.011,0.004
skycell,range_cost=3,320,1,1,4,0.011,0.005
skycell,range_cost=3,321,1,0,3,0.011,0.004
skycell,range_cost=3,322,1,1,4,0.011,0.004
skycell,range_cost=3,323,1,0,3,0.011,0.004
skycell,range_cost=3,324,1,1,4,0.011,0.005
skycell,range_cost=3,325,1,0,3,0.016,0.003
skycell,range_cost=3,326,1,1,4,0.014,0.006
skycell,range_cost=3,327,1,0,3,0.011,0.004
skycell,range_cost=3,328,1,1,4,0.011,0.004
skycell,range_cost=3,329,1,0,3,0.011,0.003
skycell,range_cost=3,330,1,1,4,0.011,0.005
skycell,range_cost=3,331,1,0,3,0.011,0.004
skycell,range_cost=3,332,1,1,4,0.011,0.005
skycell,range_cost=3,333,1,0,3,0.011,0.004
skycell,range_cost=3,334,1,1,4,0.011,0.004
skycell,range_cost=3,335,1,0,3,0.011,0.004
skycell,range_cost=3,336,1,1,4,0.011,0.005
skycell,range_cost=3,337,1,0,3,0.011,0.004
skycell,range_cost=3,338,1,1,4,0.011,0.005
skycell,range_cost=3,339,1,0,3,0.011,0.004
skycell,range_cost=3,340,1,1,4,0.019,0.004
skycell,range_cost=3,341,1,0,3,0.011,0.004
skycell,range_cost=3,342,1,1,4,0.011,0.005
skycell,range_cost=3,343,1,0,3,0.011,0.004
skycell,range_cost=3,344,1,1,4,0.011,0.006
skycell,range_cost=3,345,1,0,3,0.011,0.003
skycell,range_cost=3,346,1,1,4,0.011,0.005
skycell,range_cost=3,347,1,0,3,0.011,0.004
skycell,range_cost=3,348,1,1,7,0.017,0.008
skycell,range_cost=3,349,1,0,6,0.017,0.006
skycell,range_cost=3,350,1,1,4,0.011,0.005
skycell,range_cost=3,351,1,0,3,0.011,0.004
skycell,range_cost=3,352,1,1,4,0.011,0.005
skycell,range_cost=3,353,1,0,6,0.017,0.006
skycell,range_cost=3,354,1,1,4,0.011,0.006
skycell,range_cost=3,355,1,0,3,0.011,0.004
skycell,range_cost=3,356,1,1,7,0.017,0.007
skycell,range_cost=3,357,1,0,3,0.011,0.005
skycell,range_cost=3,358,1,1,4,0.011,0.004
skycell,range_cost=3,359,1,0,3,0.011,0.004
skycell,range_cost=3,360,1,1,4,0.011,0.006
skycell,range_cost=3,361,1,0,3,0.011,0.004
skycell,range_cost=3,362,1,1,4,0.011,0.005
skycell,range_cost=3,363,1,0,3,0.011,0.004
skycell,range_cost=3,364,1,1,4,0.011,0.005
skycell,range_cost=3,365,1,0,3,0.011,0.004
skycell,range_cost=3,366,1,1,4,0.011,0.005
skycell,range_cost=3,367,1,0,6,0.017,0.006
skycell,range_cost=3,368,1,1,4,0.011,0.004
skycell,range_cost=3,369,1,0,3,0.016,0.004
skycell,range_cost=3,370,1,1,4,0.011,0.005
skycell,range_cost=3,371,1,0,3,0.011,0.003
skycell,range_cost=3,372,1,1,4,0.011,0.005
skycell,range_cost=3,373,1,0,3,0.011,0.004
skycell,range_cost=3,374,1,1,4,0.011,0.005
skycell,range_cost=3,375,1,0,3,0.011,0.004
skycell,range_cost=3,376,1,1,4,0.011,0.005
skycell,range_cost=3,377,1,0,3,0.011,0.004
skycell,range_cost=3,378,1,1,7,0.017,0.007
skycell,range_cost=3,379,1,0,3,0.011,0.003
skycell,range_cost=3,380,1,1,4,0.014,0.006
skycell,range_cost=3,381,1,0,3,0.011,0.004
skycell,range_cost=3,382,1,1,4,0.011,0.005
skycell,range_cost=3,383,1,0,3,0.011,0.004
skycell,range_cost=3,384,1,1,4,0.011,0.005
skycell,range_cost=3,385,1,0,3,0.011,0.004
skycell,range_cost=3,386,1,1,4,0.011,0.004
skycell,range_cost=3,387,1,0,3,0.011,0.004
skycell,range_cost=3,388,1,1,4,0.011,0.004
skycell,range_cost=3,389,1,0,6,0.017,0.006
skycell,range_cost=3,390,1,1,7,0.017,0.008
skycell,range_cost=3,391,1,0,4,0.011,0.005
skycell,range_cost=3,392,1,1,4,0.011,0.005
skycell,range_cost=3,393,1,0,3,0.011,0.004
skycell,range_cost=3,394,1,1,4,0.011,0.005
skycell,range_cost=3,395,1,0,3,0.011,0.004
skycell,range_cost=3,396,1,1,4,0.011,0.005
skycell,range_cost=3,397,1,0,3,0.011,0.004
skycell,range_cost=3,398,1,1,4,0.011,0.005
skycell,range_cost=3,399,1,0,3,0.011,0.004
skycell,range_cost=3,400,1,1,7,0.017,0.007
skycell,range_cost=3,401,1,0,3,0.011,0.004
skycell,range_cost=3,402,1,1,4,0.011,0.005
skycell,range_cost=3,403,1,0,3,0.011,0.004
skycell,range_cost=3,404,1,1,7,0.017,0.007
skycell,range_cost=3,405,1,0,3,0.011,0.004
skycell,range_cost=3,406,1,1,4,0.011,0.005
skycell,range_cost=3,407,1,0,6,0.02,0.007
skycell,range_cost=3,408,1,1,7,0.017,0.006
skycell,range_cost=3,409,1,0,3,0.011,0.004
skycell,range_cost=3,410,1,1,7,0.017,0.006
skycell,range_cost=3,411,1,0,3,0.011,0.004
skycell,range_cost=3,412,1,1,4,0.011,0.005
skycell,range_cost=3,413,1,0,3,0.011,0.004
skycell,range_cost=3,414,1,1,4,0.011,0.005
skycell,range_cost=3,415,1,0,3,0.014,0.01
skycell,range_cost=3,416,1,1,4,0.013,0.007
skycell,range_cost=3,417,1,0,4,0.029,0.006
skycell,range_cost=3,418,1,1,7,0.017,0.007
skycell,range_cost=3,419,1,0,3,0.011,0.004
skycell,range_cost=3,420,1,1,4,0.011,0.005
skycell,range_cost=3,421,1,0,3,0.011,0.004
skycell,range_cost=3,422,1,1,4,0.012,0.005
skycell,range_cost=3,423,1,0,3,0.011,0.004
skycell,range_cost=3,424,1,1,7,0.017,0.006
skycell,range_cost=3,425,1,1,7,0.017,0.007
skycell,range_cost=3,426,1,1,4,0.011,0.005
skycell,range_cost=3,427,1,0,6,0.017,0.005
skycell,range_cost=3,428,1,1,4,0.011,0.005
skycell,range_cost=3,429,1,0,4,0.011,0.004
skycell,range_cost=3,430,1,1,4,0.011,0.005
skycell,range_cost=3,431,1,0,3,0.014,0.006
skycell,range_cost=3,432,1,1,4,0.015,0.006
skycell,range_cost=3,433,1,0,3,0.011,0.004
skycell,range_cost=3,434,1,1,7,0.019,0.008
skycell,range_cost=3,435,1,0,4,0.011,0.005
skycell,range_cost=3,436,1,1,4,0.011,0.004
skycell,range_cost=3,437,1,0,3,0.011,0.004
skycell,range_cost=3,438,1,1,4,0.011,0.005
skycell,range_cost=3,439,1,0,6,0.017,0.007
skycell,range_cost=3,440,1,1,4,0.011,0.006
skycell,range_cost=3,441,1,0,3,0.011,0.005
skycell,range_cost=3,442,1,1,4,0.012,0.005
skycell,range_cost=3,443,1,0,6,0.017,0.006
skycell,range_cost=3,444,1,1,4,0.014,0.006
skycell,range_cost=3,445,1,0,3,0.011,0.005
skycell,range_cost=3,446,1,1,4,0.011,0.006
skycell,range_cost=3,447,1,0,6,0.018,0.007
skycell,range_cost=3,448,1,1,7,0.017,0.007
skycell,range_cost=3,449,1,0,6,0.017,0.005
skycell,range_cost=3,450,1,1,4,0.011,0.005
skycell,range_cost=3,451,1,0,6,0.017,0.006
skycell,range_cost=3,452,1,1,4,0.011,0.005
skycell,range_cost=3,453,1,0,3,0.011,0.004
skycell,range_cost=3,454,1,1,4,0.011,0.005
skycell,range_cost=3,455,1,0,3,0.011,0.004
skycell,range_cost=3,456,1,1,7,0.017,0.007
skycell,range_cost=3,457,1,0,7,0.017,0.006
skycell,range_cost=3,458,1,1,4,0.011,0.005
skycell,range_cost=3,459,1,0,6,0.017,0.005
skycell,range_cost=3,460,1,1,4,0.011,0.005
skycell,range_cost=3,461,1,0,4,0.011,0.005
skycell,range_cost=3,462,1,1,4,0.011,0.005
skycell,range_cost=3,463,1,0,6,0.017,0.006
skycell,range_cost=3,464,1,1,4,0.011,0.005
skycell,range_cost=3,465,1,0,6,0.017,0.005
skycell,range_cost=3,466,1,1,4,0.011,0.005
skycell,range_cost=3,467,1,0,6,0.017,0.005
skycell,range_cost=3,468,1,2,4,0.011,0.005
skycell,range_cost=3,469,1,0,3,0.011,0.004
skycell,range_cost=3,470,1,1,7,0.022,0.007
skycell,range_cost=3,471,1,0,3,0.011,0.004
skycell,range_cost=3,472,1,1,4,0.011,0.005
skycell,range_cost=3,473,1,0,3,0.011,0.003
skycell,range_cost=3,474,1,1,4,0.011,0.004
skycell,range_cost=3,475,1,0,3,0.011,0.004
skycell,range_cost=3,476,1,1,4,0.011,0.005
skycell,range_cost=3,477,1,0,3,0.011,0.004
skycell,range_cost=3,478,1,1,4,0.011,0.005
skycell,range_cost=3,479,1,0,3,0.011,0.003
skycell,range_cost=3,480,1,1,4,0.011,0.005
skycell,range_cost=3,481,1,0,7,0.017,0.006
skycell,range_cost=3,482,1,1,4,0.011,0.005
skycell,range_cost=3,483,1,0,6,0.017,0.006
skycell,range_cost=3,484,1,1,4,0.011,0.005
skycell,range_cost=3,485,1,0,3,0.011,0.003
skycell,range_cost=3,486,1,1,4,0.011,0.005
skycell,range_cost=3,487,1,0,3,0.011,0.003
skycell,range_cost=3,488,1,1,4,0.014,0.007
skycell,range_cost=3,489,1,0,6,0.017,0.006
skycell,range_cost=3,490,1,1,4,0.011,0.005
skycell,range_cost=3,491,1,0,4,0.011,0.006
skycell,range_cost=3,492,1,1,4,0.011,0.005
skycell,range_cost=3,493,1,0,3,0.011,0.004
skycell,range_cost=3,494,1,1,4,0.011,0.005
skycell,range_cost=3,495,1,0,3,0.011,0.004
skycell,range_cost=3,496,1,1,7,0.017,0.006
skycell,range_cost=3,497,1,0,3,0.011,0.004
skycell,range_cost=3,498,1,1,4,0.011,0.005
skycell,range_cost=3,499,1,0,4,0.021,0.005
skycell,range_cost=3,500,1,1,7,0.017,0.007
skycell,range_cost=3,501,1,0,3,0.011,0.004
skycell,range_cost=3,502,1,1,4,0.011,0.004
skycell,range_cost=3,503,1,0,4,0.011,0.005
skycell,range_cost=3,504,1,1,7,0.017,0.007
skycell,range_cost=3,505,1,0,3,0.011,0.004
skycell,range_cost=3,506,1,2,9,0.017,0.013
skycell,range_cost=3,507,1,0,4,0.011,0.005
skycell,range_cost=3,508,1,1,4,0.014,0.006
skycell,range_cost=3,509,1,0,3,0.011,0.004
skycell,range_cost=3,510,1,1,4,0.011,0.005
skycell,range_cost=3,511,1,0,3,0.011,0.005
skycell,range_cost=3,512,1,1,4,0.011,0.004
skycell,range_cost=3,513,1,0,6,0.017,0.007
skycell,range_cost=3,514,1,1,4,0.011,0.006
skycell,range_cost=3,515,1,0,6,0.018,0.006
skycell,range_cost=3,516,1,1,4,0.011,0.005
skycell,range_cost=3,517,1,0,3,0.011,0.004
skycell,range_cost=3,518,1,1,4,0.011,0.006
skycell,range_cost=3,519,1,0,3,0.011,0.004
skycell,range_cost=3,520,1,1,4,0.011,0.005
skycell,range_cost=3,521,1,0,3,0.011,0.004
skycell,range_cost=3,522,1,1,4,0.011,0.004
skycell,range_cost=3,523,1,0,7,0.017,0.006
skycell,range_cost=3,524,1,1,4,0.013,0.005
skycell,range_cost=3,525,1,0,4,0.012,0.005
skycell,range_cost=3,526,1,1,4,0.011,0.005
skycell,range_cost=3,527,1,0,3,0.011,0.004
skycell,range_cost=3,528,1,1,4,0.011,0.006
skycell,range_cost=3,529,1,0,3,0.011,0.004
skycell,range_cost=3,530,1,1,4,0.011,0.005
skycell,range_cost=3,531,1,0,3,0.011,0.004
skycell,range_cost=3,532,1,1,4,0.011,0.005
skycell,range_cost=3,533,1,0,3,0.011,0.004
skycell,range_cost=3,534,1,1,7,0.017,0.006
skycell,range_cost=3,535,1,0,4,0.011,0.005
skycell,range_cost=3,536,1,1,4,0.011,0.005
skycell,range_cost=3,537,1,0,3,0.011,0.004
skycell,range_cost=3,538,1,1,4,0.011,0.006
skycell,range_cost=3,539,1,0,3,0.012,0.004
skycell,range_cost=3,540,1,1,4,0.011,0.005
skycell,range_cost=3,541,1,0,6,0.017,0.005
skycell,range_cost=3,542,1,1,4,0.011,0.005
skycell,range_cost=3,543,1,0,3,0.011,0.005
skycell,range_cost=3,544,1,1,4,0.011,0.005
skycell,range_cost=3,545,1,0,3,0.011,0.004
skycell,range_cost=3,546,1,1,4,0.011,0.004
skycell,range_cost=3,547,1,0,3,0.011,0.004
skycell,range_cost=3,548,1,1,5,0.011,0.005
skycell,range_cost=3,549,1,0,3,0.011,0.005
skycell,range_cost=3,550,1,1,4,0.011,0.006
skycell,range_cost=3,551,1,0,3,0.011,0.005
skycell,range_cost=3,552,1,1,4,0.016,0.005
skycell,range_cost=3,553,1,0,7,0.017,0.006
skycell,range_cost=3,554,1,1,4,0.011,0.005
skycell,range_cost=3,555,1,0,3,0.016,0.004
skycell,range_cost=3,556,1,1,4,0.011,0.005
skycell,range_cost=3,557,1,0,3,0.011,0.004
skycell,range_cost=3,558,1,1,4,0.011,0.005
skycell,range_cost=3,559,1,0,6,0.017,0.006
skycell,range_cost=3,560,1,1,4,0.011,0.005
skycell,range_cost=3,561,1,0,3,0.011,0.004
skycell,range_cost=3,562,1,1,5,0.011,0.006
skycell,range_cost=3,563,1,0,7,0.017,0.008
skycell,range_cost=3,564,1,1,4,0.011,0.004
skycell,range_cost=3,565,1,0,3,0.011,0.004
skycell,range_cost=3,566,1,1,4,0.011,0.005
skycell,range_cost=3,567,1,0,3,0.011,0.004
skycell,range_cost=3,568,1,1,4,0.011,0.004
skycell,range_cost=3,569,1,0,6,0.017,0.006
skycell,range_cost=3,570,1,1,4,0.011,0.005
skycell,range_cost=3,571,1,0,3,0.011,0.004
skycell,range_cost=3,572,1,13,5,0.014,0.013
skycell,range_cost=3,573,1,0,3,0.011,0.004
skycell,range_cost=3,574,1,1,4,0.011,0.005
skycell,range_cost=3,575,1,0,3,0.011,0.004
skycell,range_cost=3,576,1,1,4,0.011,0.005
skycell,range_cost=3,577,1,0,4,0.011,0.005
skycell,range_cost=3,578,1,2,5,0.011,0.008
skycell,range_cost=3,579,1,0,3,0.011,0.004
skycell,range_cost=3,580,1,1,4,0.011,0.005
skycell,range_cost=3,581,1,0,6,0.017,0.005
skycell,range_cost=3,582,1,1,4,0.011,0.006
skycell,range_cost=3,583,1,0,7,0.017,0.006
skycell,range_cost=3,584,1,1,4,0.011,0.004
skycell,range_cost=3,585,1,0,3,0.011,0.004
skycell,range_cost=3,586,1,1,4,0.011,0.005
skycell,range_cost=3,587,1,0,3,0.011,0.004
skycell,range_cost=3,588,1,1,4,0.011,0.004
skycell,range_cost=3,589,1,0,3,0.011,0.004
skycell,range_cost=3,590,1,1,4,0.011,0.005
skycell,range_cost=3,591,1,0,3,0.011,0.004
skycell,range_cost=3,592,1,1,4,0.011,0.005
skycell,range_cost=3,593,1,0,3,0.011,0.004
skycell,range_cost=3,594,1,1,4,0.011,0.004
skycell,range_cost=3,595,1,0,3,0.011,0.004
skycell,range_cost=3,596,1,1,4,0.011,0.004
skycell,range_cost=3,597,1,0,7,0.017,0.007
skycell,range_cost=3,598,1,1,4,0.011,0.004
skycell,range_cost=3,599,1,0,3,0.011,0.005
skycell,range_cost=3,600,1,1,4,0.011,0.005
skycell,range_cost=3,601,1,0,3,0.011,0.004
skycell,range_cost=3,602,1,1,4,0.011,0.004
skycell,range_cost=3,603,1,0,4,0.011,0.005
skycell,range_cost=3,604,1,2,7,0.017,0.008
skycell,range_cost=3,605,1,0,3,0.011,0.004
skycell,range_cost=3,606,1,18,17,0.011,0.081
skycell,range_cost=3,607,1,0,6,0.017,0.006
skycell,range_cost=3,608,1,1,7,0.017,0.008
skycell,range_cost=3,609,1,0,3,0.011,0.004
skycell,range_cost=3,610,1,1,4,0.011,0.005
skycell,range_cost=3,611,1,0,7,0.017,0.007
skycell,range_cost=3,612,1,1,7,0.017,0.007
skycell,range_cost=3,613,1,0,3,0.011,0.004
skycell,range_cost=3,614,1,1,4,0.012,0.005
skycell,range_cost=3,615,1,0,3,0.011,0.004
skycell,range_cost=3,616,1,1,4,0.011,0.005
skycell,range_cost=3,617,1,0,3,0.011,0.004
skycell,range_cost=3,618,1,1,4,0.011,0.005
skycell,range_cost=3,619,1,0,3,0.011,0.004
skycell,range_cost=3,620,1,1,4,0.011,0.006
skycell,range_cost=3,621,1,0,3,0.011,0.004
skycell,range_cost=3,622,1,1,7,0.017,0.007
skycell,range_cost=3,623,1,0,3,0.011,0.004
skycell,range_cost=3,624,1,1,4,0.011,0.006
skycell,range_cost=3,625,1,0,3,0.011,0.004
skycell,range_cost=3,626,1,1,4,0.011,0.005
skycell,range_cost=3,627,1,0,6,0.022,0.006
skycell,range_cost=3,628,1,1,7,0.017,0.007
skycell,range_cost=3,629,1,0,3,0.011,0.003
skycell,range_cost=3,630,1,1,4,0.011,0.005
skycell,range_cost=3,631,1,0,3,0.011,0.004
skycell,range_cost=3,632,1,1,4,0.011,0.004
skycell,range_cost=3,633,1,0,3,0.011,0.004
skycell,range_cost=3,634,1,1,7,0.017,0.006
skycell,range_cost=3,635,1,0,7,0.017,0.007
skycell,range_cost=3,636,1,1,4,0.011,0.005
skycell,range_cost=3,637,1,1,4,0.011,0.005
skycell,range_cost=3,638,1,1,4,0.011,0.005
skycell,range_cost=3,639,1,0,6,0.018,0.006
skycell,range_cost=3,640,1,1,4,0.011,0.005
skycell,range_cost=3,641,1,0,3,0.011,0.004
skycell,range_cost=3,642,1,1,7,0.017,0.006
skycell,range_cost=3,643,1,0,6,0.017,0.006
skycell,range_cost=3,644,1,1,4,0.011,0.005
skycell,range_cost=3,645,1,0,3,0.011,0.004
skycell,range_cost=3,646,1,1,4,0.012,0.005
skycell,range_cost=3,647,1,0,7,0.017,0.006
skycell,range_cost=3,648,1,1,4,0.012,0.006
skycell,range_cost=3,649,1,0,3,0.011,0.004
skycell,range_cost=3,650,1,1,4,0.014,0.006
skycell,range_cost=3,651,1,0,6,0.017,0.006
skycell,range_cost=3,652,1,1,4,0.011,0.005
skycell,range_cost=3,653,1,0,3,0.011,0.004
skycell,range_cost=3,654,1,1,4,0.011,0.004
skycell,range_cost=3,655,1,0,4,0.014,0.006
skycell,range_cost=3,656,1,1,4,0.014,0.005
skycell,range_cost=3,657,1,0,3,0.011,0.004
skycell,range_cost=3,658,1,11,7,0.011,0.02
skycell,range_cost=3,659,1,0,6,0.017,0.005
skycell,range_cost=3,660,1,1,7,0.017,0.007
skycell,range_cost=3,661,1,0,3,0.011,0.004
skycell,range_cost=3,662,1,1,4,0.011,0.006
skycell,range_cost=3,663,1,0,3,0.011,0.004
skycell,range_cost=3,664,1,1,4,0.011,0.005
skycell,range_cost=3,665,1,0,3,0.011,0.004
skycell,range_cost=3,666,1,1,4,0.011,0.005
skycell,range_cost=3,667,1,0,3,0.011,0.004
skycell,range_cost=3,668,1,1,4,0.011,0.004
skycell,range_cost=3,669,1,0,3,0.011,0.004
skycell,range_cost=3,670,1,1,7,0.018,0.007
skycell,range_cost=3,671,1,0,3,0.011,0.004
skycell,range_cost=3,672,1,2,6,0.011,0.017
skycell,range_cost=3,673,1,0,3,0.011,0.004
skycell,range_cost=3,674,1,1,4,0.011,0.005
skycell,range_cost=3,675,1,0,6,0.017,0.005
skycell,range_cost=3,676,1,1,7,0.017,0.007
skycell,range_cost=3,677,1,0,3,0.011,0.004
skycell,range_cost=3,678,1,1,4,0.011,0.005
skycell,range_cost=3,679,1,0,4,0.011,0.004
skycell,range_cost=3,680,1,1,4,0.011,0.005
skycell,range_cost=3,681,1,0,3,0.011,0.004
skycell,range_cost=3,682,1,1,7,0.017,0.006
skycell,range_cost=3,683,1,0,3,0.011,0.004
skycell,range_cost=3,684,1,1,4,0.011,0.004
skycell,range_cost=3,685,1,0,3,0.011,0.004
skycell,range_cost=3,686,1,1,4,0.011,0.004
skycell,range_cost=3,687,1,0,3,0.011,0.004
skycell,range_cost=3,688,1,11,8,0.011,0.028
skycell,range_cost=3,689,1,0,4,0.011,0.004
skycell,range_cost=3,690,1,1,4,0.011,0.004
skycell,range_cost=3,691,1,0,3,0.011,0.004
skycell,range_cost=3,692,1,1,4,0.011,0.005
skycell,range_cost=3,693,1,0,6,0.017,0.005
skycell,range_cost=3,694,1,1,7,0.017,0.007
skycell,range_cost=3,695,1,0,3,0.011,0.004
skycell,range_cost=3,696,1,1,4,0.011,0.005
skycell,range_cost=3,697,1,0,3,0.011,0.004
skycell,range_cost=3,698,1,1,4,0.011,0.005
skycell,range_cost=3,699,1,0,6,0.02,0.006
skycell,range_cost=3,700,1,1,4,0.011,0.006
skycell,range_cost=3,701,1,0,3,0.012,0.005
skycell,range_cost=3,702,1,2,4,0.011,0.006
skycell,range_cost=3,703,1,0,3,0.011,0.004
skycell,range_cost=3,704,1,1,4,0.011,0.005
skycell,range_cost=3,705,1,0,6,0.017,0.007
skycell,range_cost=3,706,1,1,4,0.011,0.007
skycell,range_cost=3,707,1,0,4,0.011,0.006
skycell,range_cost=3,708,1,1,4,0.011,0.004
skycell,range_cost=3,709,1,0,4,0.011,0.005
skycell,range_cost=3,710,1,1,7,0.018,0.007
skycell,range_cost=3,711,1,0,3,0.011,0.004
skycell,range_cost=3,712,1,1,4,0.011,0.005
skycell,range_cost=3,713,1,0,6,0.017,0.005
skycell,range_cost=3,714,1,1,4,0.011,0.006
skycell,range_cost=3,715,1,0,3,0.011,0.004
skycell,range_cost=3,716,1,1,7,0.017,0.007
skycell,range_cost=3,717,1,0,3,0.011,0.004
skycell,range_cost=3,718,1,1,4,0.011,0.005
skycell,range_cost=3,719,1,0,3,0.011,0.004
skycell,range_cost=3,720,1,1,7,0.017,0.006
skycell,range_cost=3,721,1,0,6,0.017,0.005
skycell,range_cost=3,722,1,1,4,0.011,0.005
skycell,range_cost=3,723,1,0,3,0.011,0.004
skycell,range_cost=3,724,1,1,4,0.011,0.005
skycell,range_cost=3,725,1,0,3,0.011,0.004
skycell,range_cost=3,726,1,1,5,0.011,0.005
skycell,range_cost=3,727,1,0,4,0.011,0.005
skycell,range_cost=3,728,1,1,4,0.011,0.005
skycell,range_cost=3,729,1,0,3,0.011,0.004
skycell,range_cost=3,730,1,1,4,0.014,0.006
skycell,range_cost=3,731,1,0,6,0.02,0.007
skycell,range_cost=3,732,1,1,7,0.017,0.007
skycell,range_cost=3,733,1,0,7,0.017,0.007
skycell,range_cost=3,734,1,1,4,0.011,0.005
skycell,range_cost=3,735,1,0,3,0.011,0.004
skycell,range_cost=3,736,1,1,8,0.017,0.01
skycell,range_cost=3,737,1,0,3,0.011,0.004
skycell,range_cost=3,738,1,1,4,0.011,0.004
skycell,range_cost=3,739,1,0,3,0.011,0.004
skycell,range_cost=3,740,1,1,7,0.017,0.007
skycell,range_cost=3,741,1,0,4,0.011,0.006
skycell,range_cost=3,742,1,1,4,0.011,0.006
skycell,range_cost=3,743,1,0,3,0.011,0.004
skycell,range_cost=3,744,1,1,4,0.011,0.005
skycell,range_cost=3,745,1,0,3,0.011,0.004
skycell,range_cost=3,746,1,1,4,0.011,0.005
skycell,range_cost=3,747,1,0,4,0.011,0.005
skycell,range_cost=3,748,1,1,4,0.012,0.006
skycell,range_cost=3,749,1,0,6,0.017,0.006
skycell,range_cost=3,750,1,1,4,0.011,0.005
skycell,range_cost=3,751,1,0,3,0.011,0.004
skycell,range_cost=3,752,1,1,4,0.011,0.005
skycell,range_cost=3,753,1,0,3,0.011,0.005
skycell,range_cost=3,754,1,1,4,0.011,0.005
skycell,range_cost=3,755,1,0,3,0.011,0.004
skycell,range_cost=3,756,1,2,4,0.011,0.006
skycell,range_cost=3,757,1,0,3,0.011,0.004
skycell,range_cost=3,758,1,1,5,0.011,0.007
skycell,range_cost=3,759,1,0,6,0.017,0.005
skycell,range_cost=3,760,1,1,7,0.017,0.007
skycell,range_cost=3,761,1,0,3,0.011,0.004
skycell,range_cost=3,762,1,1,4,0.011,0.006
skycell,range_cost=3,763,1,0,3,0.014,0.005
skycell,range_cost=3,764,1,1,4,0.011,0.005
skycell,range_cost=3,765,1,0,6,0.017,0.006
skycell,range_cost=3,766,1,1,4,0.011,0.005
skycell,range_cost=3,767,1,0,4,0.011,0.005
skycell,range_cost=3,768,1,1,4,0.011,0.005
skycell,range_cost=3,769,1,0,3,0.011,0.004
skycell,range_cost=3,770,1,3,17,0.017,0.05
skycell,range_cost=3,771,1,0,3,0.011,0.003
skycell,range_cost=3,772,1,1,4,0.011,0.005
skycell,range_cost=3,773,1,0,3,0.011,0.004
skycell,range_cost=3,774,1,1,4,0.011,0.005
skycell,range_cost=3,775,1,0,3,0.011,0.004
skycell,range_cost=3,776,1,1,4,0.011,0.005
skycell,range_cost=3,777,1,0,3,0.011,0.004
skycell,range_cost=3,778,1,1,4,0.011,0.005
skycell,range_cost=3,779,1,0,3,0.011,0.004
skycell,range_cost=3,780,1,1,7,0.017,0.006
skycell,range_cost=3,781,1,0,3,0.011,0.003
skycell,range_cost=3,782,1,1,4,0.011,0.005
skycell,range_cost=3,783,1,0,7,0.017,0.006
skycell,range_cost=3,784,1,1,4,0.011,0.006
skycell,range_cost=3,785,1,0,3,0.011,0.004
skycell,range_cost=3,786,1,1,4,0.011,0.005
skycell,range_cost=3,787,1,0,3,0.011,0.004
skycell,range_cost=3,788,1,1,4,0.021,0.006
skycell,range_cost=3,789,1,0,3,0.011,0.004
skycell,range_cost=3,790,1,1,4,0.011,0.005
skycell,range_cost=3,791,1,0,3,0.011,0.004
skycell,range_cost=3,792,1,1,4,0.011,0.005
skycell,range_cost=3,793,1,0,6,0.017,0.006
skycell,range_cost=3,794,1,1,7,0.017,0.007
skycell,range_cost=3,795,1,0,3,0.011,0.004
skycell,range_cost=3,796,1,1,4,0.011,0.006
skycell,range_cost=3,797,1,0,3,0.011,0.005
skycell,range_cost=3,798,1,1,4,0.011,0.004
skycell,range_cost=3,799,1,0,6,0.017,0.005
skycell,range_cost=3,800,1,1,4,0.011,0.005
skycell,range_cost=3,801,1,0,4,0.011,0.005
skycell,range_cost=3,802,4,2,8,0.017,0.011
skycell,range_cost=3,803,1,0,3,0.012,0.005
skycell,range_cost=3,804,1,1,7,0.017,0.008
skycell,range_cost=3,805,1,0,3,0.011,0.004
skycell,range_cost=3,806,4,2,8,0.017,0.009
skycell,range_cost=3,807,1,0,4,0.011,0.005
skycell,range_cost=3,808,2,3,14,0.028,0.02
skycell,range_cost=3,809,1,0,7,0.022,0.011
skycell,range_cost=3,810,1,1,5,0.011,0.009
skycell,range_cost=3,811,1,1,4,0.011,0.007
skycell,range_cost=3,812,1,1,7,0.017,0.011
skycell,range_cost=3,813,1,0,4,0.011,0.005
skycell,range_cost=3,814,1,1,4,0.011,0.005
skycell,range_cost=3,815,1,0,4,0.011,0.005
skycell,range_cost=3,816,1,2,4,0.011,0.006
skycell,range_cost=3,817,1,0,6,0.017,0.009
skycell,range_cost=3,818,1,1,4,0.015,0.007
skycell,range_cost=3,819,1,0,3,0.011,0.004
skycell,range_cost=3,820,2,4,11,0.022,0.018
skycell,range_cost=3,821,1,0,4,0.011,0.005
skycell,range_cost=3,822,1,199,20,0.017,0.091
skycell,range_cost=3,823,1,0,4,0.011,0.005
skycell,range_cost=3,824,1,2,4,0.011,0.007
skycell,range_cost=3,825,1,0,4,0.011,0.005
skycell,range_cost=3,826,1,1,4,0.011,0.005
skycell,range_cost=3,827,1,0,8,0.02,0.017
skycell,range_cost=3,828,1,1,4,0.011,0.006
skycell,range_cost=3,829,1,1,8,0.017,0.015
skycell,range_cost=3,830,1,2,8,0.017,0.015
skycell,range_cost=3,831,1,1,7,0.017,0.012
skycell,range_cost=3,832,1,1,4,0.012,0.006
skycell,range_cost=3,833,1,0,4,0.011,0.005
skycell,range_cost=3,834,1,1,7,0.017,0.01
skycell,range_cost=3,835,1,0,3,0.011,0.004
skycell,range_cost=3,836,4,8,8,0.018,0.017
skycell,range_cost=3,837,1,0,4,0.011,0.005
skycell,range_cost=3,838,2,1,7,0.017,0.01
skycell,range_cost=3,839,1,0,4,0.011,0.005
skycell,range_cost=3,840,1,2,4,0.011,0.005
skycell,range_cost=3,841,1,0,6,0.017,0.009
skycell,range_cost=3,842,1,1,4,0.011,0.006
skycell,range_cost=3,843,1,0,4,0.011,0.005
skycell,range_cost=3,844,1,1,4,0.011,0.006
skycell,range_cost=3,845,1,0,4,0.011,0.005
skycell,range_cost=3,846,1,1,4,0.011,0.006
skycell,range_cost=3,847,1,0,3,0.011,0.004
skycell,range_cost=3,848,1,1,4,0.011,0.005
skycell,range_cost=3,849,1,0,3,0.011,0.004
skycell,range_cost=3,850,1,1,4,0.011,0.006
skycell,range_cost=3,851,1,0,4,0.011,0.004
skycell,range_cost=3,852,1,2,4,0.011,0.006
skycell,range_cost=3,853,1,0,4,0.011,0.005
skycell,range_cost=3,854,1,2,7,0.017,0.01
skycell,range_cost=3,855,1,0,4,0.011,0.005
skycell,range_cost=3,856,2,3,4,0.011,0.005
skycell,range_cost=3,857,1,0,4,0.011,0.005
skycell,range_cost=3,858,1,8,4,0.011,0.006
skycell,range_cost=3,859,1,0,4,0.014,0.005
skycell,range_cost=3,860,1,1,4,0.011,0.006
skycell,range_cost=3,861,1,0,4,0.011,0.005
skycell,range_cost=3,862,2,3,8,0.017,0.013
skycell,range_cost=3,863,1,0,4,0.011,0.005
skycell,range_cost=3,864,1,359,39,0.017,0.187
skycell,range_cost=3,865,1,0,3,0.011,0.004
skycell,range_cost=3,866,2,2,8,0.017,0.013
skycell,range_cost=3,867,1,0,4,0.011,0.006
skycell,range_cost=3,868,1,2,13,0.027,0.018
skycell,range_cost=3,869,1,0,3,0.011,0.004
skycell,range_cost=3,870,1,1,4,0.011,0.006
skycell,range_cost=3,871,1,0,3,0.024,0.004
skycell,range_cost=3,872,2,3,15,0.027,0.016
skycell,range_cost=3,873,1,0,4,0.011,0.004
skycell,range_cost=3,874,5,5,7,0.017,0.011
skycell,range_cost=3,875,1,0,3,0.011,0.004
skycell,range_cost=3,876,1,3,7,0.017,0.012
skycell,range_cost=3,877,1,0,3,0.011,0.004
skycell,range_cost=3,878,1,1,4,0.011,0.005
skycell,range_cost=3,879,1,0,3,0.011,0.004
skycell,range_cost=3,880,1,1,4,0.011,0.005
skycell,range_cost=3,881,1,0,3,0.011,0.004
skycell,range_cost=3,882,2,1,7,0.017,0.012
skycell,range_cost=3,883,1,0,7,0.017,0.01
skycell,range_cost=3,884,2,3,7,0.017,0.011
skycell,range_cost=3,885,1,1,8,0.017,0.023
skycell,range_cost=3,886,2,4,7,0.017,0.011
skycell,range_cost=3,887,1,0,7,0.017,0.01
skycell,range_cost=3,888,1,1,4,0.011,0.006
skycell,range_cost=3,889,1,0,4,0.011,0.004
skycell,range_cost=3,890,2,2,7,0.017,0.011
skycell,range_cost=3,891,2,3,7,0.022,0.014
skycell,range_cost=3,892,1,1,4,0.011,0.005
skycell,range_cost=3,893,5,3,17,0.046,0.027
skycell,range_cost=3,894,1,2,4,0.012,0.005
skycell,range_cost=3,895,1,0,4,0.011,0.006
skycell,range_cost=3,896,1,1,4,0.011,0.005
skycell,range_cost=3,897,1,0,4,0.011,0.004
skycell,range_cost=3,898,1,2,7,0.017,0.009
skycell,range_cost=3,899,1,0,4,0.011,0.005
skycell,range_cost=3,900,1,1,4,0.011,0.005
skycell,range_cost=3,901,1,0,4,0.011,0.006
skycell,range_cost=3,902,1,3,8,0.02,0.01
skycell,range_cost=3,903,1,0,6,0.017,0.005
skycell,range_cost=3,904,1,2,8,0.017,0.011
skycell,range_cost=3,905,1,0,3,0.011,0.005
skycell,range_cost=3,906,2,4,4,0.012,0.007
skycell,range_cost=3,907,1,1,4,0.012,0.005
skycell,range_cost=3,908,1,3,4,0.011,0.005
skycell,range_cost=3,909,1,0,4,0.011,0.005
skycell,range_cost=3,910,2,5,4,0.011,0.007
skycell,range_cost=3,911,1,0,6,0.017,0.006
skycell,range_cost=3,912,1,1,4,0.011,0.005
skycell,range_cost=3,913,1,0,4,0.011,0.01
skycell,range_cost=3,914,1,1,4,0.011,0.005
skycell,range_cost=3,915,1,0,3,0.011,0.004
skycell,range_cost=3,916,1,1,7,0.017,0.007
skycell,range_cost=3,917,1,0,3,0.011,0.004
skycell,range_cost=3,918,1,1,7,0.017,0.007
skycell,range_cost=3,919,1,0,4,0.011,0.005
skycell,range_cost=3,920,1,1,4,0.019,0.004
skycell,range_cost=3,921,1,0,6,0.017,0.006
skycell,range_cost=3,922,1,1,4,0.011,0.006
skycell,range_cost=3,923,1,0,6,0.017,0.006
skycell,range_cost=3,924,2,4,10,0.034,0.011
skycell,range_cost=3,925,1,0,6,0.017,0.006
skycell,range_cost=3,926,1,2,7,0.017,0.007
skycell,range_cost=3,927,1,0,4,0.011,0.005
skycell,range_cost=3,928,1,48,15,0.017,0.045
skycell,range_cost=3,929,1,0,3,0.011,0.004
skycell,range_cost=3,930,2,4,14,0.027,0.017
skycell,range_cost=3,931,1,0,3,0.011,0.004
skycell,range_cost=3,932,2,2,4,0.013,0.005
skycell,range_cost=3,933,1,2,7,0.017,0.008
skycell,range_cost=3,934,2,2,8,0.017,0.008
skycell,range_cost=3,935,1,0,6,0.017,0.005
skycell,range_cost=3,936,2,5,4,0.011,0.006
skycell,range_cost=3,937,2,2,7,0.017,0.007
skycell,range_cost=3,938,1,1,7,0.017,0.007
skycell,range_cost=3,939,1,0,7,0.017,0.006
skycell,range_cost=3,940,1,2,4,0.011,0.005
skycell,range_cost=3,941,1,0,3,0.011,0.004
skycell,range_cost=3,942,5,4,10,0.022,0.012
skycell,range_cost=3,943,1,0,7,0.017,0.006
skycell,range_cost=3,944,1,1,7,0.017,0.007
skycell,range_cost=3,945,1,0,4,0.011,0.005
skycell,range_cost=3,946,3,4,7,0.017,0.008
skycell,range_cost=3,947,1,0,7,0.017,0.006
skycell,range_cost=3,948,3,2,7,0.017,0.007
skycell,range_cost=3,949,1,0,8,0.017,0.008
skycell,range_cost=3,950,1,1,4,0.011,0.006
skycell,range_cost=3,951,1,0,4,0.011,0.005
skycell,range_cost=3,952,1,1,4,0.011,0.005
skycell,range_cost=3,953,1,0,8,0.017,0.008
skycell,range_cost=3,954,1,1,4,0.014,0.006
skycell,range_cost=3,955,1,0,4,0.011,0.004
skycell,range_cost=3,956,2,1,13,0.028,0.012
skycell,range_cost=3,957,1,0,4,0.011,0.005
skycell,range_cost=3,958,1,1,4,0.011,0.005
skycell,range_cost=3,959,1,0,8,0.017,0.013
skycell,range_cost=3,960,1,1,7,0.017,0.01
skycell,range_cost=3,961,1,0,7,0.017,0.009
skycell,range_cost=3,962,1,2,4,0.011,0.005
skycell,range_cost=3,963,1,0,8,0.017,0.014
skycell,range_cost=3,964,3,3,8,0.017,0.014
skycell,range_cost=3,965,1,0,3,0.011,0.004
skycell,range_cost=3,966,1,1,4,0.011,0.014
skycell,range_cost=3,967,1,0,6,0.017,0.009
skycell,range_cost=3,968,2,2,7,0.017,0.01
skycell,range_cost=3,969,1,0,4,0.011,0.006
skycell,range_cost=3,970,1,18,5,0.011,0.017
skycell,range_cost=3,971,2,2,5,0.011,0.006
skycell,range_cost=3,972,1,2,4,0.011,0.005
skycell,range_cost=3,973,1,0,7,0.017,0.01
skycell,range_cost=3,974,2,3,4,0.014,0.006
skycell,range_cost=3,975,1,0,6,0.018,0.011
skycell,range_cost=3,976,1,3,7,0.017,0.01
skycell,range_cost=3,977,1,1,4,0.012,0.006
skycell,range_cost=3,978,1,1,7,0.017,0.01
skycell,range_cost=3,979,1,0,4,0.011,0.005
skycell,range_cost=3,980,1,1,7,0.017,0.013
skycell,range_cost=3,981,1,0,3,0.011,0.004
skycell,range_cost=3,982,6,7,10,0.023,0.015
skycell,range_cost=3,983,1,0,4,0.011,0.004
skycell,range_cost=3,984,1,2,4,0.012,0.006
skycell,range_cost=3,985,1,0,4,0.012,0.006
skycell,range_cost=3,986,3,5,8,0.017,0.014
skycell,range_cost=3,987,1,0,6,0.017,0.009
skycell,range_cost=3,988,1,1,4,0.012,0.006
skycell,range_cost=3,989,1,0,3,0.011,0.004
skycell,range_cost=3,990,1,6,5,0.011,0.009
skycell,range_cost=3,991,1,0,8,0.017,0.013
skycell,range_cost=3,992,2,1,8,0.017,0.013
skycell,range_cost=3,993,1,0,3,0.011,0.004
skycell,range_cost=3,994,2,1,11,0.023,0.017
skycell,range_cost=3,995,1,0,4,0.011,0.005
skycell,range_cost=3,996,2,5,8,0.017,0.013
skycell,range_cost=3,997,1,0,3,0.011,0.004
skycell,range_cost=3,998,4,5,4,0.012,0.006
skycell,range_cost=3,999,1,0,4,0.011,0.005
skycell,range_cost=3,1000,1,1,4,0.011,0.005
skycell,range_cost=3,1001,1,0,4,0.011,0.005
skycell,range_cost=3,1002,1,1,4,0.011,0.005
skycell,range_cost=3,1003,1,0,4,0.011,0.007
skycell,range_cost=3,1004,1,1,4,0.015,0.006
skycell,range_cost=3,1005,1,0,8,0.017,0.012
skycell,range_cost=3,1006,2,3,7,0.017,0.011
skycell,range_cost=3,1007,1,1,7,0.017,0.01
skycell,range_cost=3,1008,1,2,10,0.022,0.013
skycell,range_cost=3,1009,1,0,3,0.012,0.004
skycell,range_cost=3,1010,1,2,4,0.011,0.005
skycell,range_cost=3,1011,1,0,6,0.017,0.009
skycell,range_cost=3,1012,1,1,4,0.017,0.005
skycell,range_cost=3,1013,1,1,7,0.018,0.011
skycell,range_cost=3,1014,3,2,8,0.017,0.013
skycell,range_cost=3,1015,1,0,4,0.011,0.005
skycell,range_cost=3,1016,1,1,4,0.011,0.005
skycell,range_cost=3,1017,1,0,6,0.017,0.009
skycell,range_cost=3,1018,1,3,4,0.013,0.007
skycell,range_cost=3,1019,1,0,3,0.011,0.004
skycell,range_cost=3,1020,1,1,4,0.011,0.005
skycell,range_cost=3,1021,1,0,3,0.011,0.004
skycell,range_cost=3,1022,1,1,7,0.017,0.01
skycell,range_cost=3,1023,1,0,3,0.012,0.004
skycell,range_cost=3,1024,1,1,4,0.011,0.006
skycell,range_cost=3,1025,1,0,3,0.011,0.004
skycell,range_cost=3,1026,1,1,4,0.011,0.006
skycell,range_cost=3,1027,2,0,7,0.017,0.011
skycell,range_cost=3,1028,2,4,8,0.017,0.013
skycell,range_cost=3,1029,1,0,4,0.011,0.005
skycell,range_cost=3,1030,1,1,4,0.011,0.005
skycell,range_cost=3,1031,1,0,6,0.017,0.009
skycell,range_cost=3,1032,1,1,7,0.017,0.011
skycell,range_cost=3,1033,1,0,4,0.012,0.005
skycell,range_cost=3,1034,1,2,4,0.011,0.006
skycell,range_cost=3,1035,1,0,3,0.011,0.004
skycell,range_cost=3,1036,3,1,4,0.012,0.005
skycell,range_cost=3,1037,1,0,4,0.011,0.005
skycell,range_cost=3,1038,2,1,7,0.017,0.011
skycell,range_cost=3,1039,1,0,6,0.017,0.009
skycell,range_cost=3,1040,2,1,7,0.017,0.01
skycell,range_cost=3,1041,1,0,7,0.017,0.01
skycell,range_cost=3,1042,1,1,4,0.011,0.007
skycell,range_cost=3,1043,1,0,3,0.011,0.004
skycell,range_cost=3,1044,1,1,7,0.017,0.01
skycell,range_cost=3,1045,1,1,4,0.012,0.005
skycell,range_cost=3,1046,1,3,7,0.017,0.01
skycell,range_cost=3,1047,1,0,4,0.011,0.005
skycell,range_cost=3,1048,1,1,7,0.017,0.011
skycell,range_cost=3,1049,1,0,4,0.012,0.005
skycell,range_cost=3,1050,1,3,4,0.011,0.005
skycell,range_cost=3,1051,1,0,3,0.011,0.004
skycell,range_cost=3,1052,1,1,7,0.017,0.01
skycell,range_cost=3,1053,1,0,7,0.017,0.01
skycell,range_cost=3,1054,1,1,7,0.017,0.01
skycell,range_cost=3,1055,1,0,4,0.014,0.006
skycell,range_cost=3,1056,1,1,4,0.011,0.005
skycell,range_cost=3,1057,1,0,4,0.011,0.004
skycell,range_cost=3,1058,1,64,12,0.017,0.044
skycell,range_cost=3,1059,1,0,7,0.017,0.011
skycell,range_cost=3,1060,1,1,7,0.017,0.012
skycell,range_cost=3,1061,1,0,4,0.011,0.005
skycell,range_cost=3,1062,1,1,4,0.012,0.005
skycell,range_cost=3,1063,1,0,4,0.011,0.006
skycell,range_cost=3,1064,4,6,11,0.023,0.017
skycell,range_cost=3,1065,1,2,7,0.017,0.01
skycell,range_cost=3,1066,1,2,5,0.011,0.007
skycell,range_cost=3,1067,1,0,6,0.017,0.009
skycell,range_cost=3,1068,1,2,4,0.021,0.008
skycell,range_cost=3,1069,1,0,4,0.012,0.005
skycell,range_cost=3,1070,2,4,7,0.017,0.012
skycell,range_cost=3,1071,1,0,4,0.011,0.004
skycell,range_cost=3,1072,2,3,11,0.022,0.016
skycell,range_cost=3,1073,1,0,4,0.011,0.005
skycell,range_cost=3,1074,1,1,4,0.011,0.005
skycell,range_cost=3,1075,1,0,4,0.011,0.006
skycell,range_cost=3,1076,1,1,4,0.011,0.005
skycell,range_cost=3,1077,1,0,4,0.011,0.005
skycell,range_cost=3,1078,1,1,13,0.03,0.018
skycell,range_cost=3,1079,1,1,7,0.018,0.008
skycell,range_cost=3,1080,2,2,7,0.017,0.007
skycell,range_cost=3,1081,1,0,4,0.011,0.005
skycell,range_cost=3,1082,1,2,14,0.03,0.014
skycell,range_cost=3,1083,1,0,3,0.011,0.004
skycell,range_cost=3,1084,1,1,4,0.011,0.005
skycell,range_cost=3,1085,1,0,3,0.011,0.004
skycell,range_cost=3,1086,1,2,4,0.013,0.007
skycell,range_cost=3,1087,1,0,6,0.02,0.012
skycell,range_cost=3,1088,1,2,4,0.015,0.006
skycell,range_cost=3,1089,1,0,4,0.017,0.008
skycell,range_cost=3,1090,3,5,4,0.015,0.011
skycell,range_cost=3,1091,1,0,7,0.046,0.02
skycell,range_cost=3,1092,1,2,5,0.021,0.019
skycell,range_cost=3,1093,1,0,6,0.04,0.019
skycell,range_cost=3,1094,1,2,7,0.025,0.028
skycell,range_cost=3,1095,1,0,4,0.022,0.007
skycell,range_cost=3,1096,2,1,7,0.023,0.017
skycell,range_cost=3,1097,1,0,3,0.014,0.005
skycell,range_cost=3,1098,1,1,4,0.015,0.007
skycell,range_cost=3,1099,1,1,4,0.031,0.011
skycell,range_cost=3,1100,3,7,4,0.022,0.017
skycell,range_cost=3,1101,3,1,4,0.028,0.013
skycell,range_cost=3,1102,4,3,14,0.039,0.033
skycell,range_cost=3,1103,5,11,15,0.031,0.018
skycell,range_cost=3,1104,4,2,8,0.018,0.013
skycell,range_cost=3,1105,5,1,7,0.017,0.011
skycell,range_cost=3,1106,56,59,16,0.033,0.03
skycell,range_cost=3,1107,3,3,4,0.015,0.008
skycell,range_cost=3,1108,50,36,14,0.029,0.021
skycell,range_cost=3,1109,3,3,10,0.023,0.014
skycell,range_cost=3,1110,18,27,18,0.033,0.023
skycell,range_cost=3,1111,5,3,7,0.018,0.01
skycell,range_cost=3,1112,3,5,8,0.017,0.01
skycell,range_cost=3,1113,3,2,4,0.011,0.006
skycell,range_cost=3,1114,158,123,58,0.093,0.779
skycell,range_cost=3,1115,4,4,7,0.02,0.008
skycell,range_cost=3,1116,146,137,48,0.079,0.056
skycell,range_cost=3,1117,10,11,13,0.028,0.015
skycell,range_cost=3,1118,117,107,41,0.079,0.049
skycell,range_cost=3,1119,15,14,18,0.032,0.022
skycell,range_cost=3,1120,172,158,43,0.068,0.053
skycell,range_cost=3,1121,13,2,16,0.033,0.015
skycell,range_cost=3,1122,40,21,22,0.038,0.023
skycell,range_cost=3,1123,3,2,4,0.012,0.006
skycell,range_cost=3,1124,5,4,15,0.027,0.02
skycell,range_cost=3,1125,6,3,13,0.027,0.012
skycell,range_cost=3,1126,8,18,11,0.025,0.019
skycell,range_cost=3,1127,3,3,8,0.017,0.015
skycell,range_cost=3,1128,5,6,7,0.017,0.011
skycell,range_cost=3,1129,14,21,14,0.027,0.021
skycell,range_cost=3,1130,5,8,4,0.012,0.006
skycell,range_cost=3,1131,5,2,10,0.023,0.012
skycell,range_cost=3,1132,88,88,35,0.057,0.04
skycell,range_cost=3,1133,40,15,14,0.03,0.021
skycell,range_cost=3,1134,4,1,13,0.022,0.018
skycell,range_cost=3,1135,4,3,10,0.022,0.014
skycell,range_cost=3,1136,18,29,17,0.036,0.024
skycell,range_cost=3,1137,3,0,8,0.018,0.012
skycell,range_cost=3,1138,5,2,4,0.012,0.007
skycell,range_cost=3,1139,3,1,4,0.012,0.006
skycell,range_cost=3,1140,3,6,4,0.011,0.006
skycell,range_cost=3,1141,8,8,10,0.022,0.01
skycell,range_cost=3,1142,3,2,4,0.011,0.005
skycell,range_cost=3,1143,11,4,11,0.022,0.014
skycell,range_cost=3,1144,55,75,18,0.033,0.026
skycell,range_cost=3,1145,4,4,13,0.028,0.017
skycell,range_cost=3,1146,30,22,24,0.045,0.028
skycell,range_cost=3,1147,5,2,7,0.047,0.012
skycell,range_cost=3,1148,3,6,7,0.017,0.011
skycell,range_cost=3,1149,7,9,11,0.022,0.017
skycell,range_cost=3,1150,53,66,26,0.042,0.032
skycell,range_cost=3,1151,4,1,7,0.017,0.009
skycell,range_cost=3,1152,5,34,16,0.027,0.027
skycell,range_cost=3,1153,4,4,11,0.022,0.015
skycell,range_cost=3,1154,25,45,14,0.027,0.023
skycell,range_cost=3,1155,12,3,10,0.023,0.012
skycell,range_cost=3,1156,13,466,36,0.042,0.102
skycell,range_cost=3,1157,5,1,15,0.028,0.018
skycell,range_cost=3,1158,33,49,24,0.042,0.028
skycell,range_cost=3,1159,3,2,7,0.017,0.009
skycell,range_cost=3,1160,44,42,29,0.048,0.033
skycell,range_cost=3,1161,6,4,13,0.054,0.015
skycell,range_cost=3,1162,3,3,7,0.017,0.01
skycell,range_cost=3,1163,5,6,14,0.027,0.02
skycell,range_cost=3,1164,3,3,11,0.022,0.014
skycell,range_cost=3,1165,10,12,14,0.027,0.015
skycell,range_cost=3,1166,24,20,24,0.055,0.025
skycell,range_cost=3,1167,3,4,7,0.017,0.01
skycell,range_cost=3,1168,5,930,33,0.017,0.161
skycell,range_cost=3,1169,53,46,26,0.048,0.029
skycell,range_cost=3,1170,6,5,11,0.022,0.013
skycell,range_cost=3,1171,3,1,7,0.018,0.01
skycell,range_cost=3,1172,7,6,10,0.022,0.013
skycell,range_cost=3,1173,4,3,14,0.027,0.019
skycell,range_cost=3,1174,4,4,10,0.022,0.012
skycell,range_cost=3,1175,5,1,10,0.022,0.01
skycell,range_cost=3,1176,13,16,7,0.018,0.01
skycell,range_cost=3,1177,4,2,13,0.027,0.011
skycell,range_cost=3,1178,9,10,14,0.027,0.02
skycell,range_cost=3,1179,3,4,10,0.022,0.012
skycell,range_cost=3,1180,25,13,10,0.022,0.011
skycell,range_cost=3,1181,5,2,15,0.027,0.013
skycell,range_cost=3,1182,48,52,24,0.042,0.031
skycell,range_cost=3,1183,12,7,14,0.027,0.017
skycell,range_cost=3,1184,4,4,7,0.017,0.009
skycell,range_cost=3,1185,10,1,7,0.017,0.01
skycell,range_cost=3,1186,26,48,17,0.032,0.03
skycell,range_cost=3,1187,3,3,8,0.017,0.011
skycell,range_cost=3,1188,6,3,11,0.023,0.014
skycell,range_cost=3,1189,3,3,7,0.017,0.007
skycell,range_cost=3,1190,3,2,8,0.017,0.008
skycell,range_cost=3,1191,3,1,4,0.011,0.007
skycell,range_cost=3,1192,5,137,14,0.017,0.043
skycell,range_cost=3,1193,3,2,11,0.022,0.013
skycell,range_cost=3,1194,3,3,8,0.017,0.009
skycell,range_cost=3,1195,6,2,14,0.027,0.013
skycell,range_cost=3,1196,7,8,14,0.032,0.02
skycell,range_cost=3,1197,5,1,13,0.027,0.011
skycell,range_cost=3,1198,29,49,28,0.06,0.038
skycell,range_cost=3,1199,4,4,11,0.023,0.014
skycell,range_cost=3,1200,54,55,27,0.047,0.031
skycell,range_cost=3,1201,3,2,8,0.017,0.011
skycell,range_cost=3,1202,7,6,10,0.035,0.018
skycell,range_cost=3,1203,58,48,13,0.022,0.024
skycell,range_cost=3,1204,8,8,8,0.017,0.015
skycell,range_cost=3,1205,3,0,4,0.012,0.005
skycell,range_cost=3,1206,60,63,34,0.057,0.038
skycell,range_cost=3,1207,7,8,11,0.023,0.015
skycell,range_cost=3,1208,6,10,13,0.027,0.015
skycell,range_cost=3,1209,3,2,7,0.02,0.013
skycell,range_cost=3,1210,9,8,10,0.023,0.014
skycell,range_cost=3,1211,4,0,14,0.031,0.02
skycell,range_cost=3,1212,61,72,21,0.037,0.026
skycell,range_cost=3,1213,3,2,7,0.017,0.009
skycell,range_cost=3,1214,26,26,25,0.043,0.023
skycell,range_cost=3,1215,4,1,11,0.023,0.013
skycell,range_cost=3,1216,35,33,18,0.032,0.023
skycell,range_cost=3,1217,3,2,7,0.027,0.013
skycell,range_cost=3,1218,5,4,11,0.023,0.014
skycell,range_cost=3,1219,3,5,7,0.017,0.009
skycell,range_cost=3,1220,59,70,22,0.037,0.029
skycell,range_cost=3,1221,3,0,8,0.017,0.008
skycell,range_cost=3,1222,14,3834,64,0.038,0.363
skycell,range_cost=3,1223,3,1,4,0.012,0.007
skycell,range_cost=3,1224,6,5,4,0.011,0.006
skycell,range_cost=3,1225,14,11,14,0.028,0.014
skycell,range_cost=3,1226,9,3,14,0.028,0.013
skycell,range_cost=3,1227,7,4,14,0.028,0.021
skycell,range_cost=3,1228,6,1616,35,0.017,0.194
skycell,range_cost=3,1229,9,11,11,0.023,0.016
skycell,range_cost=3,1230,4,1,7,0.018,0.007
skycell,range_cost=3,1231,3,1,5,0.012,0.007
skycell,range_cost=3,1232,192,170,39,0.071,0.057
skycell,range_cost=3,1233,3,2,7,0.018,0.011
skycell,range_cost=3,1234,3,3,8,0.018,0.012
skycell,range_cost=3,1235,4,2,10,0.023,0.014
skycell,range_cost=3,1236,42,32,27,0.048,0.034
skycell,range_cost=3,1237,4,2,13,0.028,0.015
skycell,range_cost=3,1238,4,4,8,0.018,0.012
skycell,range_cost=3,1239,4,6,8,0.018,0.015
skycell,range_cost=3,1240,44,40,27,0.048,0.032
skycell,range_cost=3,1241,5,3,11,0.023,0.014
skycell,range_cost=3,1242,17,11,14,0.028,0.019
skycell,range_cost=3,1243,59,51,29,0.049,0.038
skycell,range_cost=3,1244,49,66,27,0.049,0.033
skycell,range_cost=3,1245,3,1,8,0.018,0.013
skycell,range_cost=3,1246,3,3,4,0.013,0.007
skycell,range_cost=3,1247,5,0,11,0.023,0.018
skycell,range_cost=3,1248,169,106,54,0.091,0.058
skycell,range_cost=3,1249,18,11,14,0.029,0.017
skycell,range_cost=3,1250,37,29,15,0.028,0.025
skycell,range_cost=3,1251,3,2,4,0.012,0.008
skycell,range_cost=3,1252,85,79,29,0.048,0.041
skycell,range_cost=3,1253,3,4,7,0.019,0.01
skycell,range_cost=3,1254,117,118,44,0.068,0.058
skycell,range_cost=3,1255,39,47,19,0.033,0.031
skycell,range_cost=3,1256,5,4009,52,0.018,0.363
skycell,range_cost=3,1257,89,74,28,0.049,0.034
skycell,range_cost=3,1258,3,4,11,0.023,0.016
skycell,range_cost=3,1259,4,1,11,0.023,0.019
skycell,range_cost=3,1260,8,5,15,0.028,0.024
skycell,range_cost=3,1261,82,99,38,0.064,0.05
skycell,range_cost=3,1262,130,140,28,0.049,0.048
skycell,range_cost=3,1263,3,2,4,0.013,0.009
skycell,range_cost=3,1264,50,74,16,0.028,0.033
skycell,range_cost=3,1265,3,1,7,0.018,0.01
skycell,range_cost=3,1266,34,21,28,0.048,0.028
skycell,range_cost=3,1267,3,3,5,0.021,0.011
skycell,range_cost=3,1268,4,3,14,0.029,0.024
skycell,range_cost=3,1269,3,3,8,0.018,0.014
skycell,range_cost=3,1270,18,22,17,0.033,0.025
skycell,range_cost=3,1271,24,14,17,0.034,0.024
skycell,range_cost=3,1272,14,19,14,0.028,0.021
skycell,range_cost=3,1273,3,4,4,0.014,0.009
skycell,range_cost=3,1274,8,730,32,0.028,0.119
skycell,range_cost=3,1275,59,61,28,0.047,0.032
skycell,range_cost=3,1276,5,3,10,0.023,0.012
skycell,range_cost=3,1277,4,2,10,0.023,0.013
skycell,range_cost=3,1278,153,139,54,0.088,0.061
skycell,range_cost=3,1279,3,0,7,0.017,0.01
skycell,range_cost=3,1280,95,87,21,0.038,0.038
skycell,range_cost=3,1281,4,3,8,0.017,0.011
skycell,range_cost=3,1282,52,77,28,0.047,0.034
skycell,range_cost=3,1283,6,4,10,0.023,0.011
skycell,range_cost=3,1284,45,47,33,0.053,0.037
skycell,range_cost=3,1285,30,36,20,0.049,0.032
skycell,range_cost=3,1286,4,2,10,0.023,0.012
skycell,range_cost=3,1287,5,7,10,0.023,0.016
skycell,range_cost=3,1288,4,4,7,0.017,0.012
skycell,range_cost=3,1289,4,1,13,0.028,0.018
skycell,range_cost=3,1290,138,175,44,0.067,0.057
skycell,range_cost=3,1291,3,2,8,0.017,0.013
skycell,range_cost=3,1292,103,65,45,0.077,0.048
skycell,range_cost=3,1293,3,4,4,0.012,0.008
skycell,range_cost=3,1294,53,59,17,0.033,0.028
skycell,range_cost=3,1295,6,2,10,0.023,0.012
skycell,range_cost=3,1296,11,5,17,0.032,0.017
skycell,range_cost=3,1297,3,1,7,0.018,0.011
skycell,range_cost=3,1298,5,9,12,0.025,0.025
skycell,range_cost=3,1299,8,3,10,0.023,0.015
skycell,range_cost=3,1300,57,81,19,0.032,0.03
skycell,range_cost=3,1301,117,115,41,0.069,0.052
skycell,range_cost=3,1302,876,528,55,0.079,0.106
skycell,range_cost=3,1303,334,144,42,0.067,0.057
skycell,range_cost=3,1304,643,1562,87,0.093,0.247
skycell,range_cost=3,1305,80,53,22,0.038,0.025
skycell,range_cost=3,1306,1282,1632,92,0.098,0.234
skycell,range_cost=3,1307,157,103,32,0.053,0.035
skycell,range_cost=3,1308,110,85,33,0.052,0.035
skycell,range_cost=3,1309,73,72,21,0.055,0.029
skycell,range_cost=3,1310,72,68,30,0.052,0.032
skycell,range_cost=3,1311,75,63,30,0.052,0.034
skycell,range_cost=3,1312,74,66,26,0.049,0.032
skycell,range_cost=3,1313,75,51,25,0.043,0.029
skycell,range_cost=3,1314,134,69,31,0.053,0.035
skycell,range_cost=3,1315,200,475,52,0.072,0.099
skycell,range_cost=3,1316,185,397,42,0.057,0.077
skycell,range_cost=3,1317,72,71,28,0.048,0.032
skycell,range_cost=3,1318,908,800,58,0.073,0.142
skycell,range_cost=3,1319,69,64,35,0.058,0.036
skycell,range_cost=3,1320,82,73,33,0.053,0.038
skycell,range_cost=3,1321,139,75,38,0.067,0.043
skycell,range_cost=3,1322,137,69,28,0.048,0.036
skycell,range_cost=3,1323,85,77,28,0.047,0.033
skycell,range_cost=3,1324,2152,2294,85,0.082,0.31
skycell,range_cost=3,1325,86,84,24,0.038,0.034
skycell,range_cost=3,1326,594,752,69,0.092,0.135
skycell,range_cost=3,1327,102,72,34,0.059,0.032
skycell,range_cost=3,1328,810,879,63,0.078,0.145
skycell,range_cost=3,1329,87,81,30,0.048,0.035
skycell,range_cost=3,1330,1543,1598,79,0.087,0.244
skycell,range_cost=3,1331,70,61,29,0.048,0.026
skycell,range_cost=3,1332,92,69,39,0.063,0.038
skycell,range_cost=3,1333,78,67,39,0.068,0.037
skycell,range_cost=3,1334,824,736,66,0.095,0.129
skycell,range_cost=3,1335,267,311,42,0.057,0.064
skycell,range_cost=3,1336,811,1019,66,0.083,0.157
skycell,range_cost=3,1337,78,81,19,0.035,0.026
skycell,range_cost=3,1338,898,1099,96,0.123,0.212
skycell,range_cost=3,1339,114,122,19,0.034,0.028
skycell,range_cost=3,1340,918,1284,73,0.084,0.18
skycell,range_cost=3,1341,91,56,38,0.063,0.033
skycell,range_cost=3,1342,79,65,35,0.058,0.036
skycell,range_cost=3,1343,75,61,30,0.052,0.03
skycell,range_cost=3,1344,68,57,35,0.06,0.038
skycell,range_cost=3,1345,73,63,26,0.043,0.03
skycell,range_cost=3,1346,725,553,66,0.094,0.114
skycell,range_cost=3,1347,78,68,28,0.049,0.032
skycell,range_cost=3,1348,74,63,23,0.037,0.028
skycell,range_cost=3,1349,143,216,51,0.077,0.072
skycell,range_cost=3,1350,76,75,26,0.043,0.032
skycell,range_cost=3,1351,83,69,39,0.062,0.042
skycell,range_cost=3,1352,132,157,32,0.052,0.045
skycell,range_cost=3,1353,267,211,56,0.088,0.072
skycell,range_cost=3,1354,184,136,26,0.043,0.034
skycell,range_cost=3,1355,75,47,29,0.048,0.035
skycell,range_cost=3,1356,554,660,60,0.083,0.125
skycell,range_cost=3,1357,81,70,21,0.038,0.023
skycell,range_cost=3,1358,77,66,30,0.053,0.034
skycell,range_cost=3,1359,170,68,33,0.052,0.04
skycell,range_cost=3,1360,607,674,61,0.078,0.129
skycell,range_cost=3,1361,75,67,30,0.048,0.031
skycell,range_cost=3,1362,69,61,16,0.028,0.025
skycell,range_cost=3,1363,98,60,37,0.062,0.04
skycell,range_cost=3,1364,2061,2512,85,0.067,0.337
skycell,range_cost=3,1365,69,65,36,0.057,0.036
skycell,range_cost=3,1366,75,65,36,0.057,0.033
skycell,range_cost=3,1367,75,60,33,0.057,0.032
skycell,range_cost=3,1368,75,60,26,0.042,0.031
skycell,range_cost=3,1369,444,163,63,0.104,0.066
skycell,range_cost=3,1370,3917,4069,122,0.094,0.511
skycell,range_cost=3,1371,78,77,32,0.053,0.028
skycell,range_cost=3,1372,335,601,71,0.097,0.123
skycell,range_cost=3,1373,68,49,35,0.058,0.031
skycell,range_cost=3,1374,74,70,21,0.038,0.023
skycell,range_cost=3,1375,118,73,47,0.077,0.047
skycell,range_cost=3,1376,717,495,56,0.077,0.097
skycell,range_cost=3,1377,86,63,28,0.051,0.026
skycell,range_cost=3,1378,1180,1356,75,0.087,0.207
skycell,range_cost=3,1379,84,79,28,0.056,0.032
skycell,range_cost=3,1380,1341,1572,80,0.087,0.222
skycell,range_cost=3,1381,94,47,33,0.068,0.035
skycell,range_cost=3,1382,75,75,34,0.052,0.039
skycell,range_cost=3,1383,94,65,33,0.057,0.033
skycell,range_cost=3,1384,89,77,29,0.048,0.032
skycell,range_cost=3,1385,1404,1227,80,0.107,0.201
skycell,range_cost=3,1386,1372,1589,60,0.058,0.204
skycell,range_cost=3,1387,73,79,28,0.048,0.031
skycell,range_cost=3,1388,1157,898,71,0.093,0.163
skycell,range_cost=3,1389,88,69,25,0.043,0.023
skycell,range_cost=3,1390,537,710,71,0.092,0.127
skycell,range_cost=3,1391,76,77,25,0.043,0.027
skycell,range_cost=3,1392,72,67,27,0.048,0.032
skycell,range_cost=3,1393,112,66,43,0.072,0.043
skycell,range_cost=3,1394,3565,3504,118,0.092,0.456
skycell,range_cost=3,1395,85,64,32,0.057,0.031
skycell,range_cost=3,1396,3192,3600,108,0.082,0.427
skycell,range_cost=3,1397,156,59,27,0.056,0.024
skycell,range_cost=3,1398,2736,2926,94,0.077,0.363
skycell,range_cost=3,1399,125,66,43,0.085,0.041
skycell,range_cost=3,1400,3986,4002,119,0.083,0.505
skycell,range_cost=3,1401,599,297,61,0.095,0.085
skycell,range_cost=3,1402,241,254,56,0.087,0.072
skycell,range_cost=3,1403,351,324,55,0.077,0.09
skycell,range_cost=3,1404,1211,1369,82,0.093,0.21
skycell,range_cost=3,1405,333,265,60,0.095,0.078
skycell,range_cost=3,1406,1460,1108,62,0.074,0.166
skycell,range_cost=3,1407,295,276,59,0.092,0.077
skycell,range_cost=3,1408,4801,4152,124,0.093,0.501
skycell,range_cost=3,1409,289,297,55,0.113,0.078
skycell,range_cost=3,1410,283,306,50,0.079,0.073
skycell,range_cost=3,1411,932,748,73,0.098,0.136
skycell,range_cost=3,1412,317,265,62,0.092,0.082
skycell,range_cost=3,1413,302,280,55,0.082,0.069
skycell,range_cost=3,1414,788,1101,79,0.092,0.181
skycell,range_cost=3,1415,459,251,52,0.082,0.067
skycell,range_cost=3,1416,8677,9129,188,0.083,0.983
skycell,range_cost=3,1417,432,272,42,0.063,0.057
skycell,range_cost=3,1418,4862,5071,139,0.098,0.631
skycell,range_cost=3,1419,320,271,45,0.068,0.066
skycell,range_cost=3,1420,4521,5690,129,0.072,0.624
skycell,range_cost=3,1421,349,233,45,0.072,0.059
skycell,range_cost=3,1422,3154,4433,126,0.087,0.512
skycell,range_cost=3,1423,320,260,55,0.083,0.067
skycell,range_cost=3,1424,1560,3126,98,0.078,0.374
skycell,range_cost=3,1425,2466,3145,107,0.088,0.443
skycell,range_cost=3,1426,519,302,57,0.082,0.076
skycell,range_cost=3,1427,343,255,61,0.093,0.074
skycell,range_cost=3,1428,4182,3905,119,0.083,0.503
skycell,range_cost=3,1429,1719,1284,59,0.063,0.174
skycell,range_cost=3,1430,1373,1294,50,0.048,0.172
skycell,range_cost=3,1431,297,289,54,0.083,0.073
skycell,range_cost=3,1432,1002,268,52,0.078,0.074
skycell,range_cost=3,1433,1592,901,68,0.088,0.14
skycell,range_cost=3,1434,652,277,63,0.093,0.077
skycell,range_cost=3,1435,1359,1243,80,0.098,0.185
skycell,range_cost=3,1436,586,1021,73,0.092,0.156
skycell,range_cost=3,1437,286,298,49,0.078,0.072
skycell,range_cost=3,1438,405,4191,106,0.093,0.407
skycell,range_cost=3,1439,323,307,49,0.072,0.064
skycell,range_cost=3,1440,255,269,51,0.077,0.074
skycell,range_cost=3,1441,2604,2336,106,0.116,0.318
skycell,range_cost=3,1442,2391,2435,116,0.138,0.332
skycell,range_cost=3,1443,2380,2502,101,0.111,0.336
skycell,range_cost=3,1444,29034,35019,557,0.113,3.633
skycell,range_cost=3,1445,11949,11114,228,0.126,1.148
skycell,range_cost=3,1446,3445,6517,157,0.12,0.649
skycell,range_cost=3,1447,3236,2340,103,0.11,0.313
skycell,range_cost=3,1448,139769,147516,1985,0.11,14.131
skycell,range_cost=3,1449,3372,2525,104,0.125,0.347
skycell,range_cost=3,1450,39859,43516,654,0.11,4.297
skycell,range_cost=3,1451,2967,2330,112,0.139,0.317
skycell,range_cost=3,1452,26962,26649,458,0.125,2.891
skycell,range_cost=3,1453,2563,2324,122,0.137,0.325
skycell,range_cost=3,1454,22198,22109,385,0.125,2.358
skycell,range_cost=3,1455,2980,2386,116,0.121,0.307
skycell,range_cost=3,1456,18720,18819,330,0.111,1.904
skycell,range_cost=30,1,1,0,3,0.079,0.034
skycell,range_cost=30,2,1,1,4,0.075,0.089
skycell,range_cost=30,3,1,0,3,0.047,0.019
skycell,range_cost=30,4,1,1,4,0.032,0.038
skycell,range_cost=30,5,1,0,3,0.038,0.015
skycell,range_cost=30,6,1,1,4,0.029,0.046
skycell,range_cost=30,7,1,0,3,0.031,0.031
skycell,range_cost=30,8,1,1,4,0.042,0.032
skycell,range_cost=30,9,1,0,3,0.037,0.014
skycell,range_cost=30,10,1,1,4,0.04,0.023
skycell,range_cost=30,11,1,0,3,0.021,0.021
skycell,range_cost=30,12,1,1,7,0.028,0.021
skycell,range_cost=30,13,1,0,3,0.027,0.026
skycell,range_cost=30,14,1,1,4,0.04,0.024
skycell,range_cost=30,15,1,0,3,0.026,0.017
skycell,range_cost=30,16,1,1,4,0.028,0.022
skycell,range_cost=30,17,1,0,3,0.043,0.016
skycell,range_cost=30,18,1,1,7,0.047,0.043
skycell,range_cost=30,19,1,0,3,0.086,0.02
skycell,range_cost=30,20,1,1,4,0.039,0.055
skycell,range_cost=30,21,1,0,3,0.058,0.025
skycell,range_cost=30,22,1,1,7,0.091,0.063
skycell,range_cost=30,23,1,0,3,0.017,0.007
skycell,range_cost=30,24,1,1,4,0.014,0.009
skycell,range_cost=30,25,1,0,3,0.014,0.012
skycell,range_cost=30,26,1,1,4,0.016,0.012
skycell,range_cost=30,27,1,0,3,0.015,0.006
skycell,range_cost=30,28,1,1,4,0.013,0.014
skycell,range_cost=30,29,1,0,3,0.015,0.005
skycell,range_cost=30,30,1,1,7,0.039,0.023
skycell,range_cost=30,31,1,0,3,0.016,0.01
skycell,range_cost=30,32,1,1,7,0.022,0.014
skycell,range_cost=30,33,1,0,3,0.015,0.008
skycell,range_cost=30,34,1,1,4,0.015,0.012
skycell,range_cost=30,35,1,0,3,0.015,0.006
skycell,range_cost=30,36,1,1,4,0.013,0.006
skycell,range_cost=30,37,1,0,7,0.022,0.014
skycell,range_cost=30,38,1,1,4,0.015,0.013
skycell,range_cost=30,39,1,0,3,0.015,0.006
skycell,range_cost=30,40,1,1,4,0.013,0.012
skycell,range_cost=30,41,1,0,3,0.015,0.005
skycell,range_cost=30,42,1,1,4,0.013,0.01
skycell,range_cost=30,43,1,0,3,0.015,0.01
skycell,range_cost=30,44,1,1,4,0.016,0.012
skycell,range_cost=30,45,1,0,6,0.021,0.012
skycell,range_cost=30,46,1,1,7,0.022,0.019
skycell,range_cost=30,47,1,0,6,0.02,0.012
skycell,range_cost=30,48,1,1,4,0.013,0.011
skycell,range_cost=30,49,1,0,3,0.015,0.005
skycell,range_cost=30,50,1,1,4,0.012,0.007
skycell,range_cost=30,51,1,0,3,0.012,0.006
skycell,range_cost=30,52,1,1,4,0.012,0.007
skycell,range_cost=30,53,1,0,3,0.012,0.01
skycell,range_cost=30,54,1,1,4,0.019,0.007
skycell,range_cost=30,55,1,0,6,0.019,0.006
skycell,range_cost=30,56,1,1,4,0.012,0.01
skycell,range_cost=30,57,1,0,3,0.03,0.011
skycell,range_cost=30,58,1,1,4,0.015,0.006
skycell,range_cost=30,59,1,0,4,0.012,0.006
skycell,range_cost=30,60,1,1,4,0.012,0.014
skycell,range_cost=30,61,1,0,6,0.021,0.007
skycell,range_cost=30,62,1,1,7,0.019,0.008
skycell,range_cost=30,63,1,0,3,0.012,0.006
skycell,range_cost=30,64,1,1,4,0.012,0.007
skycell,range_cost=30,65,1,0,3,0.012,0.005
skycell,range_cost=30,66,1,1,4,0.012,0.011
skycell,range_cost=30,67,1,0,3,0.014,0.006
skycell,range_cost=30,68,1,1,4,0.013,0.006
skycell,range_cost=30,69,1,0,3,0.012,0.005
skycell,range_cost=30,70,1,1,4,0.012,0.005
skycell,range_cost=30,71,1,0,3,0.012,0.005
skycell,range_cost=30,72,1,1,4,0.012,0.007
skycell,range_cost=30,73,1,0,3,0.012,0.005
skycell,range_cost=30,74,1,1,4,0.015,0.007
skycell,range_cost=30,75,1,0,3,0.012,0.005
skycell,range_cost=30,76,1,1,4,0.012,0.006
skycell,range_cost=30,77,1,0,3,0.03,0.005
skycell,range_cost=30,78,1,1,4,0.013,0.008
skycell,range_cost=30,79,1,0,3,0.012,0.006
skycell,range_cost=30,80,1,1,4,0.02,0.006
skycell,range_cost=30,81,1,0,3,0.012,0.004
skycell,range_cost=30,82,1,1,4,0.012,0.007
skycell,range_cost=30,83,1,0,6,0.022,0.009
skycell,range_cost=30,84,1,1,4,0.012,0.006
skycell,range_cost=30,85,1,0,3,0.012,0.005
skycell,range_cost=30,86,1,1,4,0.012,0.007
skycell,range_cost=30,87,1,0,3,0.015,0.01
skycell,range_cost=30,88,1,1,4,0.015,0.005
skycell,range_cost=30,89,1,0,3,0.012,0.005
skycell,range_cost=30,90,1,1,4,0.012,0.006
skycell,range_cost=30,91,1,0,3,0.012,0.005
skycell,range_cost=30,92,1,1,4,0.012,0.007
skycell,range_cost=30,93,1,0,3,0.012,0.005
skycell,range_cost=30,94,1,1,4,0.013,0.005
skycell,range_cost=30,95,1,0,3,0.013,0.005
skycell,range_cost=30,96,1,1,7,0.019,0.009
skycell,range_cost=30,97,1,0,3,0.012,0.005
skycell,range_cost=30,98,1,1,4,0.011,0.006
skycell,range_cost=30,99,1,0,3,0.012,0.005
skycell,range_cost=30,100,1,1,4,0.012,0.006
skycell,range_cost=30,101,1,0,3,0.012,0.008
skycell,range_cost=30,102,1,1,4,0.028,0.021
skycell,range_cost=30,103,1,0,3,0.018,0.008
skycell,range_cost=30,104,1,1,4,0.017,0.01
skycell,range_cost=30,105,1,0,3,0.014,0.006
skycell,range_cost=30,106,1,1,4,0.013,0.007
skycell,range_cost=30,107,1,0,3,0.013,0.006
skycell,range_cost=30,108,1,1,4,0.025,0.009
skycell,range_cost=30,109,1,0,6,0.022,0.008
skycell,range_cost=30,110,1,1,4,0.013,0.01
skycell,range_cost=30,111,1,0,3,0.015,0.005
skycell,range_cost=30,112,1,1,4,0.013,0.008
skycell,range_cost=30,113,1,0,3,0.013,0.006
skycell,range_cost=30,114,1,1,4,0.012,0.015
skycell,range_cost=30,115,1,0,3,0.014,0.005
skycell,range_cost=30,116,1,1,4,0.012,0.007
skycell,range_cost=30,117,1,0,3,0.012,0.005
skycell,range_cost=30,118,1,1,4,0.012,0.006
skycell,range_cost=30,119,1,0,3,0.012,0.005
skycell,range_cost=30,120,1,1,4,0.012,0.006
skycell,range_cost=30,121,1,0,3,0.012,0.006
skycell,range_cost=30,122,1,1,7,0.019,0.02
skycell,range_cost=30,123,1,0,3,0.015,0.005
skycell,range_cost=30,124,1,1,4,0.013,0.008
skycell,range_cost=30,125,1,0,3,0.012,0.005
skycell,range_cost=30,126,1,1,4,0.012,0.014
skycell,range_cost=30,127,1,0,3,0.014,0.006
skycell,range_cost=30,128,1,1,4,0.012,0.006
skycell,range_cost=30,129,1,0,3,0.012,0.005
skycell,range_cost=30,130,1,1,4,0.012,0.011
skycell,range_cost=30,131,1,0,3,0.014,0.011
skycell,range_cost=30,132,1,1,4,0.015,0.007
skycell,range_cost=30,133,1,0,3,0.012,0.004
skycell,range_cost=30,134,1,1,4,0.012,0.007
skycell,range_cost=30,135,1,0,3,0.012,0.006
skycell,range_cost=30,136,1,1,4,0.025,0.007
skycell,range_cost=30,137,1,0,3,0.012,0.004
skycell,range_cost=30,138,1,1,4,0.015,0.006
skycell,range_cost=30,139,1,0,3,0.012,0.005
skycell,range_cost=30,140,1,1,4,0.013,0.007
skycell,range_cost=30,141,1,0,3,0.012,0.008
skycell,range_cost=30,142,1,1,7,0.022,0.016
skycell,range_cost=30,143,1,0,3,0.014,0.005
skycell,range_cost=30,144,1,1,7,0.019,0.008
skycell,range_cost=30,145,1,0,3,0.013,0.006
skycell,range_cost=30,146,1,1,4,0.013,0.007
skycell,range_cost=30,147,1,0,3,0.012,0.005
skycell,range_cost=30,148,1,1,4,0.013,0.016
skycell,range_cost=30,149,1,0,3,0.018,0.006
skycell,range_cost=30,150,1,1,7,0.033,0.012
skycell,range_cost=30,151,1,0,3,0.013,0.009
skycell,range_cost=30,152,1,1,4,0.015,0.006
skycell,range_cost=30,153,1,0,3,0.012,0.005
skycell,range_cost=30,154,1,1,4,0.012,0.01
skycell,range_cost=30,155,1,0,3,0.014,0.006
skycell,range_cost=30,156,1,1,4,0.012,0.007
skycell,range_cost=30,157,1,0,3,0.013,0.005
skycell,range_cost=30,158,1,1,4,0.012,0.008
skycell,range_cost=30,159,1,0,3,0.015,0.005
skycell,range_cost=30,160,1,1,4,0.015,0.009
skycell,range_cost=30,161,1,0,3,0.012,0.005
skycell,range_cost=30,162,1,1,4,0.012,0.007
skycell,range_cost=30,163,1,0,3,0.012,0.005
skycell,range_cost=30,164,1,1,4,0.015,0.007
skycell,range_cost=30,165,1,0,3,0.012,0.006
skycell,range_cost=30,166,1,1,4,0.012,0.007
skycell,range_cost=30,167,1,0,3,0.012,0.005
skycell,range_cost=30,168,1,1,7,0.019,0.015
skycell,range_cost=30,169,1,0,6,0.02,0.006
skycell,range_cost=30,170,1,1,4,0.012,0.007
skycell,range_cost=30,171,1,0,3,0.012,0.006
skycell,range_cost=30,172,1,1,4,0.012,0.011
skycell,range_cost=30,173,1,0,6,0.021,0.014
skycell,range_cost=30,174,1,1,4,0.014,0.009
skycell,range_cost=30,175,1,0,3,0.014,0.005
skycell,range_cost=30,176,1,1,4,0.012,0.007
skycell,range_cost=30,177,1,0,3,0.014,0.011
skycell,range_cost=30,178,1,1,7,0.021,0.015
skycell,range_cost=30,179,1,0,6,0.02,0.012
skycell,range_cost=30,180,1,1,4,0.014,0.011
skycell,range_cost=30,181,1,0,3,0.015,0.01
skycell,range_cost=30,182,1,1,4,0.014,0.006
skycell,range_cost=30,183,1,0,3,0.012,0.005
skycell,range_cost=30,184,1,1,7,0.018,0.01
skycell,range_cost=30,185,1,0,3,0.013,0.006
skycell,range_cost=30,186,1,1,4,0.012,0.008
skycell,range_cost=30,187,1,0,3,0.024,0.01
skycell,range_cost=30,188,1,1,4,0.027,0.021
skycell,range_cost=30,189,1,0,6,0.029,0.011
skycell,range_cost=30,190,1,1,4,0.015,0.007
skycell,range_cost=30,191,1,0,3,0.014,0.006
skycell,range_cost=30,192,1,1,4,0.014,0.009
skycell,range_cost=30,193,1,0,3,0.013,0.012
skycell,range_cost=30,194,1,1,4,0.015,0.011
skycell,range_cost=30,195,1,0,3,0.015,0.03
skycell,range_cost=30,196,1,1,4,0.013,0.008
skycell,range_cost=30,197,1,0,6,0.024,0.014
skycell,range_cost=30,198,1,1,4,0.014,0.006
skycell,range_cost=30,199,1,0,3,0.013,0.006
skycell,range_cost=30,200,1,1,4,0.012,0.007
skycell,range_cost=30,201,1,0,3,0.016,0.005
skycell,range_cost=30,202,1,1,4,0.012,0.006
skycell,range_cost=30,203,1,0,3,0.012,0.005
skycell,range_cost=30,204,1,1,4,0.013,0.017
skycell,range_cost=30,205,1,0,3,0.015,0.006
skycell,range_cost=30,206,1,1,7,0.027,0.01
skycell,range_cost=30,207,1,0,3,0.012,0.005
skycell,range_cost=30,208,1,1,4,0.012,0.006
skycell,range_cost=30,209,1,0,3,0.012,0.006
skycell,range_cost=30,210,1,1,4,0.012,0.007
skycell,range_cost=30,211,1,0,3,0.012,0.005
skycell,range_cost=30,212,1,1,4,0.012,0.013
skycell,range_cost=30,213,1,0,3,0.014,0.008
skycell,range_cost=30,214,1,1,4,0.014,0.011
skycell,range_cost=30,215,1,0,3,0.014,0.008
skycell,range_cost=30,216,1,1,7,0.021,0.009
skycell,range_cost=30,217,1,0,3,0.012,0.006
skycell,range_cost=30,218,1,1,7,0.019,0.015
skycell,range_cost=30,219,1,0,6,0.02,0.012
skycell,range_cost=30,220,1,1,4,0.014,0.007
skycell,range_cost=30,221,1,0,3,0.012,0.008
skycell,range_cost=30,222,1,1,4,0.014,0.014
skycell,range_cost=30,223,1,0,3,0.014,0.01
skycell,range_cost=30,224,1,1,4,0.014,0.007
skycell,range_cost=30,225,1,0,3,0.012,0.005
skycell,range_cost=30,226,1,1,4,0.012,0.007
skycell,range_cost=30,227,1,0,6,0.026,0.013
skycell,range_cost=30,228,1,1,4,0.013,0.017
skycell,range_cost=30,229,1,0,3,0.014,0.005
skycell,range_cost=30,230,1,1,7,0.018,0.012
skycell,range_cost=30,231,1,0,3,0.014,0.009
skycell,range_cost=30,232,1,1,4,0.014,0.006
skycell,range_cost=30,233,1,0,3,0.012,0.005
skycell,range_cost=30,234,1,1,4,0.012,0.013
skycell,range_cost=30,235,1,0,3,0.014,0.006
skycell,range_cost=30,236,1,1,4,0.012,0.006
skycell,range_cost=30,237,1,0,3,0.015,0.005
skycell,range_cost=30,238,1,1,4,0.012,0.005
skycell,range_cost=30,239,1,0,3,0.012,0.004
skycell,range_cost=30,240,1,1,4,0.012,0.006
skycell,range_cost=30,241,1,0,3,0.012,0.005
skycell,range_cost=30,242,1,1,4,0.012,0.013
skycell,range_cost=30,243,1,0,3,0.014,0.005
skycell,range_cost=30,244,1,1,4,0.012,0.007
skycell,range_cost=30,245,1,0,3,0.014,0.009
skycell,range_cost=30,246,1,1,4,0.014,0.014
skycell,range_cost=30,247,1,0,3,0.014,0.005
skycell,range_cost=30,248,1,1,4,0.012,0.012
skycell,range_cost=30,249,1,0,3,0.02,0.011
skycell,range_cost=30,250,1,1,4,0.014,0.028
skycell,range_cost=30,251,1,0,3,0.014,0.008
skycell,range_cost=30,252,1,1,4,0.014,0.011
skycell,range_cost=30,253,1,0,3,0.014,0.006
skycell,range_cost=30,254,1,1,4,0.012,0.007
skycell,range_cost=30,255,1,0,3,0.012,0.006
skycell,range_cost=30,256,1,1,4,0.012,0.006
skycell,range_cost=30,257,1,0,3,0.012,0.005
skycell,range_cost=30,258,1,1,4,0.012,0.005
skycell,range_cost=30,259,1,0,3,0.012,0.005
skycell,range_cost=30,260,1,1,4,0.012,0.014
skycell,range_cost=30,261,1,0,6,0.031,0.009
skycell,range_cost=30,262,1,1,4,0.013,0.006
skycell,range_cost=30,263,1,0,6,0.018,0.007
skycell,range_cost=30,264,1,1,4,0.012,0.006
skycell,range_cost=30,265,1,0,6,0.021,0.009
skycell,range_cost=30,266,1,1,4,0.012,0.007
skycell,range_cost=30,267,1,0,3,0.012,0.005
skycell,range_cost=30,268,1,1,4,0.012,0.015
skycell,range_cost=30,269,1,0,3,0.019,0.008
skycell,range_cost=30,270,1,1,4,0.012,0.01
skycell,range_cost=30,271,1,0,6,0.021,0.007
skycell,range_cost=30,272,1,1,4,0.012,0.008
skycell,range_cost=30,273,1,0,3,0.012,0.009
skycell,range_cost=30,274,1,1,4,0.016,0.013
skycell,range_cost=30,275,1,0,3,0.075,0.011
skycell,range_cost=30,276,1,1,4,0.016,0.016
skycell,range_cost=30,277,1,0,3,0.017,0.006
skycell,range_cost=30,278,1,1,4,0.014,0.008
skycell,range_cost=30,279,1,0,6,0.021,0.009
skycell,range_cost=30,280,1,1,4,0.016,0.016
skycell,range_cost=30,281,1,0,3,0.015,0.006
skycell,range_cost=30,282,1,1,4,0.013,0.008
skycell,range_cost=30,283,1,0,3,0.013,0.005
skycell,range_cost=30,284,1,1,4,0.013,0.013
skycell,range_cost=30,285,1,0,6,0.023,0.008
skycell,range_cost=30,286,1,1,4,0.013,0.009
skycell,range_cost=30,287,1,0,6,0.019,0.01
skycell,range_cost=30,288,1,1,4,0.013,0.009
skycell,range_cost=30,289,1,0,3,0.012,0.015
skycell,range_cost=30,290,1,1,4,0.013,0.008
skycell,range_cost=30,291,1,0,3,0.013,0.008
skycell,range_cost=30,292,1,1,7,0.019,0.011
skycell,range_cost=30,293,1,0,3,0.013,0.006
skycell,range_cost=30,294,1,1,4,0.013,0.007
skycell,range_cost=30,295,1,0,3,0.012,0.006
skycell,range_cost=30,296,1,1,4,0.012,0.007
skycell,range_cost=30,297,1,0,3,0.013,0.005
skycell,range_cost=30,298,1,1,4,0.012,0.006
skycell,range_cost=30,299,1,0,3,0.013,0.006
skycell,range_cost=30,300,1,1,4,0.012,0.008
skycell,range_cost=30,301,1,0,3,0.013,0.005
skycell,range_cost=30,302,1,1,4,0.012,0.007
skycell,range_cost=30,303,1,0,3,0.012,0.006
skycell,range_cost=30,304,1,1,7,0.019,0.01
skycell,range_cost=30,305,1,0,6,0.019,0.008
skycell,range_cost=30,306,1,1,4,0.013,0.005
skycell,range_cost=30,307,1,0,3,0.012,0.005
skycell,range_cost=30,308,1,1,4,0.012,0.008
skycell,range_cost=30,309,1,0,3,0.012,0.006
skycell,range_cost=30,310,1,1,4,0.012,0.007
skycell,range_cost=30,311,1,0,6,0.02,0.007
skycell,range_cost=30,312,1,1,4,0.013,0.007
skycell,range_cost=30,313,1,0,3,0.012,0.006
skycell,range_cost=30,314,1,1,4,0.013,0.007
skycell,range_cost=30,315,1,0,3,0.012,0.004
skycell,range_cost=30,316,1,1,7,0.019,0.01
skycell,range_cost=30,317,1,0,3,0.012,0.006
skycell,range_cost=30,318,1,1,4,0.012,0.006
skycell,range_cost=30,319,1,0,3,0.012,0.004
skycell,range_cost=30,320,1,1,4,0.012,0.006
skycell,range_cost=30,321,1,0,3,0.012,0.005
skycell,range_cost=30,322,1,1,4,0.012,0.006
skycell,range_cost=30,323,1,0,3,0.012,0.006
skycell,range_cost=30,324,1,1,4,0.012,0.008
skycell,range_cost=30,325,1,0,3,0.023,0.004
skycell,range_cost=30,326,1,1,4,0.022,0.01
skycell,range_cost=30,327,1,0,3,0.013,0.006
skycell,range_cost=30,328,1,1,4,0.012,0.006
skycell,range_cost=30,329,1,0,3,0.015,0.006
skycell,range_cost=30,330,1,1,4,0.012,0.007
skycell,range_cost=30,331,1,0,3,0.012,0.005
skycell,range_cost=30,332,1,1,4,0.012,0.007
skycell,range_cost=30,333,1,0,3,0.012,0.005
skycell,range_cost=30,334,1,1,4,0.012,0.006
skycell,range_cost=30,335,1,0,3,0.012,0.005
skycell,range_cost=30,336,1,1,4,0.012,0.006
skycell,range_cost=30,337,1,0,3,0.011,0.005
skycell,range_cost=30,338,1,1,4,0.012,0.007
skycell,range_cost=30,339,1,0,3,0.012,0.005
skycell,range_cost=30,340,1,1,4,0.022,0.005
skycell,range_cost=30,341,1,0,3,0.012,0.005
skycell,range_cost=30,342,1,1,4,0.012,0.008
skycell,range_cost=30,343,1,0,3,0.012,0.005
skycell,range_cost=30,344,1,1,4,0.012,0.007
skycell,range_cost=30,345,1,0,3,0.012,0.005
skycell,range_cost=30,346,1,1,4,0.012,0.005
skycell,range_cost=30,347,1,0,3,0.012,0.004
skycell,range_cost=30,348,1,1,7,0.018,0.009
skycell,range_cost=30,349,1,0,6,0.018,0.007
skycell,range_cost=30,350,1,1,4,0.012,0.006
skycell,range_cost=30,351,1,0,3,0.012,0.004
skycell,range_cost=30,352,1,1,4,0.012,0.015
skycell,range_cost=30,353,1,0,6,0.02,0.013
skycell,range_cost=30,354,1,1,4,0.013,0.011
skycell,range_cost=30,355,1,0,3,0.015,0.006
skycell,range_cost=30,356,1,1,7,0.019,0.015
skycell,range_cost=30,357,1,0,3,0.013,0.007
skycell,range_cost=30,358,1,1,4,0.012,0.005
skycell,range_cost=30,359,1,0,3,0.012,0.005
skycell,range_cost=30,360,1,1,4,0.012,0.006
skycell,range_cost=30,361,1,0,3,0.012,0.005
skycell,range_cost=30,362,1,1,4,0.012,0.006
skycell,range_cost=30,363,1,0,3,0.012,0.005
skycell,range_cost=30,364,1,1,4,0.012,0.006
skycell,range_cost=30,365,1,0,3,0.015,0.005
skycell,range_cost=30,366,1,1,4,0.013,0.006
skycell,range_cost=30,367,1,0,6,0.019,0.008
skycell,range_cost=30,368,1,1,4,0.012,0.008
skycell,range_cost=30,369,1,0,3,0.021,0.005
skycell,range_cost=30,370,1,1,4,0.012,0.009
skycell,range_cost=30,371,1,0,3,0.018,0.006
skycell,range_cost=30,372,1,1,4,0.012,0.006
skycell,range_cost=30,373,1,0,3,0.012,0.004
skycell,range_cost=30,374,1,1,4,0.012,0.015
skycell,range_cost=30,375,1,0,3,0.012,0.005
skycell,range_cost=30,376,1,1,4,0.012,0.008
skycell,range_cost=30,377,1,0,3,0.012,0.009
skycell,range_cost=30,378,1,1,7,0.021,0.009
skycell,range_cost=30,379,1,0,3,0.012,0.005
skycell,range_cost=30,380,1,1,4,0.011,0.007
skycell,range_cost=30,381,1,0,3,0.012,0.004
skycell,range_cost=30,382,1,1,4,0.012,0.005
skycell,range_cost=30,383,1,0,3,0.012,0.004
skycell,range_cost=30,384,1,1,4,0.011,0.005
skycell,range_cost=30,385,1,0,3,0.012,0.004
skycell,range_cost=30,386,1,1,4,0.013,0.005
skycell,range_cost=30,387,1,0,3,0.012,0.004
skycell,range_cost=30,388,1,1,4,0.012,0.005
skycell,range_cost=30,389,1,0,6,0.018,0.006
skycell,range_cost=30,390,1,1,7,0.018,0.008
skycell,range_cost=30,391,1,0,4,0.012,0.006
skycell,range_cost=30,392,1,1,4,0.012,0.006
skycell,range_cost=30,393,1,0,3,0.015,0.005
skycell,range_cost=30,394,1,1,4,0.012,0.006
skycell,range_cost=30,395,1,0,3,0.012,0.004
skycell,range_cost=30,396,1,1,4,0.011,0.007
skycell,range_cost=30,397,1,0,3,0.012,0.004
skycell,range_cost=30,398,1,1,4,0.011,0.006
skycell,range_cost=30,399,1,0,3,0.011,0.004
skycell,range_cost=30,400,1,1,7,0.018,0.009
skycell,range_cost=30,401,1,0,3,0.011,0.004
skycell,range_cost=30,402,1,1,4,0.012,0.01
skycell,range_cost=30,403,1,0,3,0.014,0.005
skycell,range_cost=30,404,1,1,7,0.018,0.008
skycell,range_cost=30,405,1,0,3,0.012,0.004
skycell,range_cost=30,406,1,1,4,0.012,0.006
skycell,range_cost=30,407,1,0,6,0.021,0.007
skycell,range_cost=30,408,1,1,7,0.018,0.007
skycell,range_cost=30,409,1,0,3,0.012,0.004
skycell,range_cost=30,410,1,1,7,0.018,0.007
skycell,range_cost=30,411,1,0,3,0.012,0.004
skycell,range_cost=30,412,1,1,4,0.012,0.006
skycell,range_cost=30,413,1,0,3,0.013,0.005
skycell,range_cost=30,414,1,1,4,0.012,0.006
skycell,range_cost=30,415,1,0,3,0.012,0.005
skycell,range_cost=30,416,1,1,4,0.012,0.006
skycell,range_cost=30,417,1,0,4,0.012,0.006
skycell,range_cost=30,418,1,1,7,0.018,0.007
skycell,range_cost=30,419,1,0,3,0.012,0.005
skycell,range_cost=30,420,1,1,4,0.012,0.005
skycell,range_cost=30,421,1,0,3,0.012,0.004
skycell,range_cost=30,422,1,1,4,0.012,0.005
skycell,range_cost=30,423,1,0,3,0.011,0.004
skycell,range_cost=30,424,1,1,7,0.018,0.008
skycell,range_cost=30,425,1,1,7,0.018,0.008
skycell,range_cost=30,426,1,1,4,0.012,0.006
skycell,range_cost=30,427,1,0,6,0.018,0.006
skycell,range_cost=30,428,1,1,4,0.012,0.01
skycell,range_cost=30,429,1,0,4,0.014,0.006
skycell,range_cost=30,430,1,1,4,0.012,0.006
skycell,range_cost=30,431,1,0,3,0.012,0.005
skycell,range_cost=30,432,1,1,4,0.012,0.005
skycell,range_cost=30,433,1,0,3,0.012,0.004
skycell,range_cost=30,434,1,1,4,0.011,0.01
skycell,range_cost=30,435,1,0,4,0.014,0.008
skycell,range_cost=30,436,1,1,4,0.012,0.005
skycell,range_cost=30,437,1,0,3,0.012,0.005
skycell,range_cost=30,438,1,1,4,0.012,0.006
skycell,range_cost=30,439,1,0,6,0.018,0.014
skycell,range_cost=30,440,1,1,4,0.013,0.008
skycell,range_cost=30,441,1,0,3,0.012,0.005
skycell,range_cost=30,442,1,1,4,0.011,0.005
skycell,range_cost=30,443,1,0,6,0.018,0.006
skycell,range_cost=30,444,1,1,4,0.012,0.004
skycell,range_cost=30,445,1,0,3,0.012,0.004
skycell,range_cost=30,446,1,1,4,0.012,0.005
skycell,range_cost=30,447,1,0,6,0.018,0.007
skycell,range_cost=30,448,1,1,8,0.018,0.018
skycell,range_cost=30,449,1,0,6,0.018,0.006
skycell,range_cost=30,450,1,1,4,0.012,0.006
skycell,range_cost=30,451,1,0,6,0.018,0.006
skycell,range_cost=30,452,1,1,4,0.012,0.005
skycell,range_cost=30,453,1,0,3,0.012,0.004
skycell,range_cost=30,454,1,1,4,0.012,0.006
skycell,range_cost=30,455,1,0,3,0.012,0.005
skycell,range_cost=30,456,1,1,7,0.024,0.01
skycell,range_cost=30,457,1,0,7,0.031,0.009
skycell,range_cost=30,458,1,1,4,0.012,0.007
skycell,range_cost=30,459,1,0,6,0.018,0.006
skycell,range_cost=30,460,1,1,4,0.012,0.01
skycell,range_cost=30,461,1,0,4,0.014,0.006
skycell,range_cost=30,462,1,1,4,0.015,0.006
skycell,range_cost=30,463,1,0,6,0.018,0.006
skycell,range_cost=30,464,1,1,4,0.012,0.01
skycell,range_cost=30,465,1,0,6,0.02,0.006
skycell,range_cost=30,466,1,1,4,0.014,0.006
skycell,range_cost=30,467,1,0,6,0.018,0.006
skycell,range_cost=30,468,1,2,4,0.012,0.007
skycell,range_cost=30,469,1,0,3,0.012,0.004
skycell,range_cost=30,470,1,1,7,0.018,0.008
skycell,range_cost=30,471,1,0,3,0.011,0.005
skycell,range_cost=30,472,1,1,4,0.012,0.007
skycell,range_cost=30,473,1,0,3,0.012,0.004
skycell,range_cost=30,474,1,1,4,0.012,0.006
skycell,range_cost=30,475,1,0,3,0.012,0.005
skycell,range_cost=30,476,1,1,4,0.012,0.006
skycell,range_cost=30,477,1,0,3,0.011,0.005
skycell,range_cost=30,478,1,1,4,0.012,0.006
skycell,range_cost=30,479,1,0,3,0.012,0.004
skycell,range_cost=30,480,1,1,4,0.012,0.009
skycell,range_cost=30,481,1,0,7,0.02,0.01
skycell,range_cost=30,482,1,1,4,0.014,0.006
skycell,range_cost=30,483,1,0,6,0.018,0.006
skycell,range_cost=30,484,1,1,4,0.012,0.007
skycell,range_cost=30,485,1,0,3,0.012,0.004
skycell,range_cost=30,486,1,1,4,0.011,0.006
skycell,range_cost=30,487,1,0,3,0.011,0.004
skycell,range_cost=30,488,1,1,4,0.014,0.007
skycell,range_cost=30,489,1,0,6,0.018,0.006
skycell,range_cost=30,490,1,1,4,0.012,0.01
skycell,range_cost=30,491,1,0,4,0.014,0.007
skycell,range_cost=30,492,1,1,4,0.012,0.006
skycell,range_cost=30,493,1,0,3,0.012,0.004
skycell,range_cost=30,494,1,1,4,0.012,0.005
skycell,range_cost=30,495,1,0,3,0.012,0.005
skycell,range_cost=30,496,1,1,7,0.027,0.007
skycell,range_cost=30,497,1,0,3,0.012,0.004
skycell,range_cost=30,498,1,1,4,0.011,0.009
skycell,range_cost=30,499,1,0,4,0.014,0.006
skycell,range_cost=30,500,1,1,7,0.024,0.011
skycell,range_cost=30,501,1,0,3,0.014,0.008
skycell,range_cost=30,502,1,1,4,0.014,0.005
skycell,range_cost=30,503,1,0,4,0.012,0.006
skycell,range_cost=30,504,1,1,7,0.018,0.008
skycell,range_cost=30,505,1,0,3,0.012,0.004
skycell,range_cost=30,506,1,2,9,0.018,0.012
skycell,range_cost=30,507,1,0,4,0.012,0.005
skycell,range_cost=30,508,1,1,4,0.012,0.006
skycell,range_cost=30,509,1,0,3,0.012,0.004
skycell,range_cost=30,510,1,1,4,0.012,0.009
skycell,range_cost=30,511,1,0,3,0.014,0.005
skycell,range_cost=30,512,1,1,4,0.011,0.006
skycell,range_cost=30,513,1,0,6,0.018,0.006
skycell,range_cost=30,514,1,1,4,0.012,0.005
skycell,range_cost=30,515,1,0,6,0.018,0.006
skycell,range_cost=30,516,1,1,4,0.015,0.006
skycell,range_cost=30,517,1,0,3,0.012,0.004
skycell,range_cost=30,518,1,1,4,0.012,0.007
skycell,range_cost=30,519,1,0,3,0.011,0.005
skycell,range_cost=30,520,1,1,4,0.014,0.006
skycell,range_cost=30,521,1,0,3,0.012,0.004
skycell,range_cost=30,522,1,1,4,0.012,0.006
skycell,range_cost=30,523,1,0,7,0.018,0.007
skycell,range_cost=30,524,1,1,4,0.011,0.005
skycell,range_cost=30,525,1,0,4,0.012,0.005
skycell,range_cost=30,526,1,1,4,0.012,0.006
skycell,range_cost=30,527,1,0,3,0.011,0.004
skycell,range_cost=30,528,1,1,4,0.011,0.007
skycell,range_cost=30,529,1,0,3,0.012,0.004
skycell,range_cost=30,530,1,1,4,0.012,0.005
skycell,range_cost=30,531,1,0,3,0.012,0.004
skycell,range_cost=30,532,1,1,4,0.011,0.006
skycell,range_cost=30,533,1,0,3,0.012,0.004
skycell,range_cost=30,534,1,1,7,0.018,0.008
skycell,range_cost=30,535,1,0,4,0.012,0.005
skycell,range_cost=30,536,1,1,4,0.012,0.006
skycell,range_cost=30,537,1,0,3,0.012,0.007
skycell,range_cost=30,538,1,1,4,0.015,0.006
skycell,range_cost=30,539,1,0,3,0.012,0.004
skycell,range_cost=30,540,1,1,4,0.011,0.005
skycell,range_cost=30,541,1,0,6,0.018,0.006
skycell,range_cost=30,542,1,1,4,0.012,0.006
skycell,range_cost=30,543,1,0,3,0.012,0.004
skycell,range_cost=30,544,1,1,4,0.014,0.007
skycell,range_cost=30,545,1,0,3,0.012,0.004
skycell,range_cost=30,546,1,1,4,0.014,0.006
skycell,range_cost=30,547,1,0,3,0.012,0.005
skycell,range_cost=30,548,1,1,5,0.012,0.01
skycell,range_cost=30,549,1,0,3,0.017,0.006
skycell,range_cost=30,550,1,1,4,0.013,0.005
skycell,range_cost=30,551,1,0,3,0.012,0.011
skycell,range_cost=30,552,1,1,4,0.022,0.006
skycell,range_cost=30,553,1,0,7,0.018,0.008
skycell,range_cost=30,554,1,1,4,0.012,0.006
skycell,range_cost=30,555,1,0,3,0.011,0.004
skycell,range_cost=30,556,1,1,4,0.012,0.013
skycell,range_cost=30,557,1,0,3,0.014,0.004
skycell,range_cost=30,558,1,1,4,0.011,0.005
skycell,range_cost=30,559,1,0,6,0.018,0.006
skycell,range_cost=30,560,1,1,4,0.012,0.006
skycell,range_cost=30,561,1,0,3,0.012,0.004
skycell,range_cost=30,562,1,1,5,0.012,0.014
skycell,range_cost=30,563,1,0,7,0.02,0.009
skycell,range_cost=30,564,1,1,4,0.012,0.005
skycell,range_cost=30,565,1,0,3,0.012,0.011
skycell,range_cost=30,566,1,1,4,0.014,0.006
skycell,range_cost=30,567,1,0,3,0.011,0.005
skycell,range_cost=30,568,1,1,4,0.012,0.012
skycell,range_cost=30,569,1,0,6,0.021,0.007
skycell,range_cost=30,570,1,1,4,0.011,0.006
skycell,range_cost=30,571,1,0,3,0.011,0.005
skycell,range_cost=30,572,1,13,7,0.011,0.026
skycell,range_cost=30,573,1,0,3,0.012,0.004
skycell,range_cost=30,574,1,1,4,0.011,0.006
skycell,range_cost=30,575,1,0,3,0.011,0.005
skycell,range_cost=30,576,1,1,4,0.011,0.006
skycell,range_cost=30,577,1,0,4,0.012,0.005
skycell,range_cost=30,578,1,2,5,0.011,0.008
skycell,range_cost=30,579,1,0,3,0.011,0.004
skycell,range_cost=30,580,1,1,4,0.011,0.006
skycell,range_cost=30,581,1,0,6,0.018,0.007
skycell,range_cost=30,582,1,1,4,0.011,0.007
skycell,range_cost=30,583,1,0,7,0.018,0.009
skycell,range_cost=30,584,1,1,4,0.015,0.006
skycell,range_cost=30,585,1,0,3,0.012,0.004
skycell,range_cost=30,586,1,1,4,0.012,0.005
skycell,range_cost=30,587,1,0,3,0.011,0.004
skycell,range_cost=30,588,1,1,4,0.012,0.005
skycell,range_cost=30,589,1,0,3,0.012,0.004
skycell,range_cost=30,590,1,1,4,0.012,0.005
skycell,range_cost=30,591,1,0,3,0.011,0.004
skycell,range_cost=30,592,1,1,4,0.012,0.006
skycell,range_cost=30,593,1,0,3,0.011,0.004
skycell,range_cost=30,594,1,1,4,0.011,0.007
skycell,range_cost=30,595,1,0,3,0.012,0.004
skycell,range_cost=30,596,1,1,4,0.011,0.005
skycell,range_cost=30,597,1,0,7,0.018,0.008
skycell,range_cost=30,598,1,1,4,0.012,0.005
skycell,range_cost=30,599,1,0,3,0.011,0.004
skycell,range_cost=30,600,1,1,4,0.011,0.005
skycell,range_cost=30,601,1,0,3,0.012,0.004
skycell,range_cost=30,602,1,1,4,0.011,0.005
skycell,range_cost=30,603,1,0,4,0.012,0.006
skycell,range_cost=30,604,1,2,7,0.018,0.009
skycell,range_cost=30,605,1,0,3,0.011,0.004
skycell,range_cost=30,606,1,18,17,0.011,0.08
skycell,range_cost=30,607,1,0,6,0.018,0.006
skycell,range_cost=30,608,1,1,7,0.017,0.008
skycell,range_cost=30,609,1,0,3,0.011,0.004
skycell,range_cost=30,610,1,1,4,0.011,0.006
skycell,range_cost=30,611,1,0,7,0.018,0.007
skycell,range_cost=30,612,1,1,7,0.017,0.008
skycell,range_cost=30,613,1,0,3,0.012,0.004
skycell,range_cost=30,614,1,1,4,0.012,0.005
skycell,range_cost=30,615,1,0,3,0.011,0.004
skycell,range_cost=30,616,1,1,4,0.012,0.018
skycell,range_cost=30,617,1,0,3,0.012,0.004
skycell,range_cost=30,618,1,1,4,0.012,0.005
skycell,range_cost=30,619,1,0,3,0.011,0.004
skycell,range_cost=30,620,1,1,4,0.011,0.006
skycell,range_cost=30,621,1,0,3,0.011,0.004
skycell,range_cost=30,622,1,1,7,0.018,0.008
skycell,range_cost=30,623,1,0,3,0.011,0.004
skycell,range_cost=30,624,1,1,4,0.011,0.005
skycell,range_cost=30,625,1,0,3,0.011,0.004
skycell,range_cost=30,626,1,1,4,0.012,0.005
skycell,range_cost=30,627,1,0,6,0.018,0.006
skycell,range_cost=30,628,1,1,4,0.011,0.006
skycell,range_cost=30,629,1,0,3,0.012,0.004
skycell,range_cost=30,630,1,1,4,0.012,0.005
skycell,range_cost=30,631,1,0,3,0.011,0.005
skycell,range_cost=30,632,1,1,4,0.012,0.006
skycell,range_cost=30,633,1,0,3,0.011,0.004
skycell,range_cost=30,634,1,1,7,0.018,0.007
skycell,range_cost=30,635,1,0,7,0.017,0.008
skycell,range_cost=30,636,1,1,4,0.012,0.005
skycell,range_cost=30,637,1,1,4,0.011,0.005
skycell,range_cost=30,638,1,1,4,0.011,0.006
skycell,range_cost=30,639,1,0,6,0.018,0.005
skycell,range_cost=30,640,1,1,4,0.011,0.006
skycell,range_cost=30,641,1,0,3,0.011,0.004
skycell,range_cost=30,642,1,1,4,0.011,0.005
skycell,range_cost=30,643,1,0,6,0.019,0.007
skycell,range_cost=30,644,1,1,4,0.012,0.005
skycell,range_cost=30,645,1,0,3,0.013,0.004
skycell,range_cost=30,646,1,1,4,0.015,0.007
skycell,range_cost=30,647,1,0,7,0.018,0.007
skycell,range_cost=30,648,1,1,4,0.014,0.007
skycell,range_cost=30,649,1,0,3,0.015,0.004
skycell,range_cost=30,650,1,1,4,0.014,0.006
skycell,range_cost=30,651,1,0,6,0.018,0.006
skycell,range_cost=30,652,1,1,4,0.011,0.005
skycell,range_cost=30,653,1,0,3,0.012,0.004
skycell,range_cost=30,654,1,1,4,0.011,0.004
skycell,range_cost=30,655,1,0,4,0.012,0.005
skycell,range_cost=30,656,1,1,4,0.011,0.006
skycell,range_cost=30,657,1,0,3,0.012,0.004
skycell,range_cost=30,658,1,11,7,0.013,0.026
skycell,range_cost=30,659,1,0,6,0.022,0.007
skycell,range_cost=30,660,1,1,7,0.018,0.008
skycell,range_cost=30,661,1,0,3,0.012,0.004
skycell,range_cost=30,662,1,1,4,0.012,0.006
skycell,range_cost=30,663,1,0,3,0.012,0.005
skycell,range_cost=30,664,1,1,4,0.011,0.005
skycell,range_cost=30,665,1,0,3,0.011,0.004
skycell,range_cost=30,666,1,1,4,0.011,0.005
skycell,range_cost=30,667,1,0,3,0.011,0.004
skycell,range_cost=30,668,1,1,4,0.011,0.005
skycell,range_cost=30,669,1,0,3,0.011,0.004
skycell,range_cost=30,670,1,1,7,0.018,0.007
skycell,range_cost=30,671,1,0,3,0.011,0.004
skycell,range_cost=30,672,1,2,6,0.012,0.017
skycell,range_cost=30,673,1,0,4,0.012,0.006
skycell,range_cost=30,674,1,1,4,0.011,0.006
skycell,range_cost=30,675,1,0,6,0.018,0.006
skycell,range_cost=30,676,1,1,7,0.017,0.009
skycell,range_cost=30,677,1,0,3,0.012,0.005
skycell,range_cost=30,678,1,1,4,0.011,0.009
skycell,range_cost=30,679,1,0,4,0.013,0.005
skycell,range_cost=30,680,1,1,4,0.017,0.005
skycell,range_cost=30,681,1,0,3,0.012,0.004
skycell,range_cost=30,682,1,1,7,0.018,0.007
skycell,range_cost=30,683,1,0,3,0.011,0.004
skycell,range_cost=30,684,1,1,4,0.011,0.004
skycell,range_cost=30,685,1,0,3,0.011,0.004
skycell,range_cost=30,686,1,1,4,0.011,0.005
skycell,range_cost=30,687,1,0,3,0.011,0.004
skycell,range_cost=30,688,1,11,8,0.012,0.028
skycell,range_cost=30,689,1,0,4,0.011,0.004
skycell,range_cost=30,690,1,1,4,0.011,0.005
skycell,range_cost=30,691,1,0,3,0.011,0.004
skycell,range_cost=30,692,1,1,4,0.012,0.006
skycell,range_cost=30,693,1,0,6,0.018,0.006
skycell,range_cost=30,694,1,1,7,0.018,0.007
skycell,range_cost=30,695,1,0,3,0.012,0.004
skycell,range_cost=30,696,1,1,4,0.012,0.005
skycell,range_cost=30,697,1,0,3,0.011,0.004
skycell,range_cost=30,698,1,1,4,0.011,0.005
skycell,range_cost=30,699,1,0,6,0.018,0.006
skycell,range_cost=30,700,1,1,4,0.012,0.006
skycell,range_cost=30,701,1,0,3,0.011,0.004
skycell,range_cost=30,702,1,2,4,0.011,0.006
skycell,range_cost=30,703,1,0,3,0.012,0.004
skycell,range_cost=30,704,1,1,4,0.012,0.004
skycell,range_cost=30,705,1,0,6,0.018,0.006
skycell,range_cost=30,706,1,1,4,0.011,0.005
skycell,range_cost=30,707,1,0,4,0.011,0.006
skycell,range_cost=30,708,1,1,4,0.011,0.005
skycell,range_cost=30,709,1,0,4,0.011,0.017
skycell,range_cost=30,710,1,1,7,0.017,0.008
skycell,range_cost=30,711,1,0,3,0.015,0.005
skycell,range_cost=30,712,1,1,4,0.011,0.005
skycell,range_cost=30,713,1,0,6,0.018,0.007
skycell,range_cost=30,714,1,1,4,0.012,0.006
skycell,range_cost=30,715,1,0,3,0.011,0.004
skycell,range_cost=30,716,1,1,8,0.018,0.01
skycell,range_cost=30,717,1,0,3,0.011,0.004
skycell,range_cost=30,718,1,1,4,0.011,0.012
skycell,range_cost=30,719,1,0,3,0.014,0.005
skycell,range_cost=30,720,1,1,7,0.018,0.016
skycell,range_cost=30,721,1,0,6,0.027,0.012
skycell,range_cost=30,722,1,1,4,0.013,0.005
skycell,range_cost=30,723,1,0,3,0.012,0.004
skycell,range_cost=30,724,1,1,4,0.012,0.006
skycell,range_cost=30,725,1,0,3,0.011,0.004
skycell,range_cost=30,726,1,1,5,0.012,0.006
skycell,range_cost=30,727,1,0,4,0.012,0.005
skycell,range_cost=30,728,1,1,4,0.011,0.006
skycell,range_cost=30,729,1,0,3,0.011,0.004
skycell,range_cost=30,730,1,1,4,0.011,0.005
skycell,range_cost=30,731,1,0,6,0.02,0.007
skycell,range_cost=30,732,1,1,7,0.018,0.008
skycell,range_cost=30,733,1,0,7,0.019,0.008
skycell,range_cost=30,734,1,1,4,0.012,0.005
skycell,range_cost=30,735,1,0,3,0.015,0.006
skycell,range_cost=30,736,1,1,8,0.018,0.009
skycell,range_cost=30,737,1,0,3,0.012,0.004
skycell,range_cost=30,738,1,1,4,0.014,0.005
skycell,range_cost=30,739,1,0,3,0.012,0.004
skycell,range_cost=30,740,1,1,7,0.018,0.007
skycell,range_cost=30,741,1,0,4,0.011,0.005
skycell,range_cost=30,742,1,1,4,0.012,0.006
skycell,range_cost=30,743,1,0,3,0.012,0.004
skycell,range_cost=30,744,1,1,4,0.011,0.005
skycell,range_cost=30,745,1,0,3,0.011,0.004
skycell,range_cost=30,746,1,1,4,0.012,0.005
skycell,range_cost=30,747,1,0,4,0.012,0.005
skycell,range_cost=30,748,1,1,4,0.011,0.006
skycell,range_cost=30,749,1,0,6,0.018,0.006
skycell,range_cost=30,750,1,1,4,0.011,0.005
skycell,range_cost=30,751,1,0,3,0.012,0.005
skycell,range_cost=30,752,1,1,4,0.011,0.009
skycell,range_cost=30,753,1,0,3,0.014,0.005
skycell,range_cost=30,754,1,1,4,0.012,0.005
skycell,range_cost=30,755,1,0,3,0.012,0.004
skycell,range_cost=30,756,1,2,4,0.011,0.007
skycell,range_cost=30,757,1,0,3,0.012,0.004
skycell,range_cost=30,758,1,1,5,0.012,0.007
skycell,range_cost=30,759,1,0,6,0.018,0.006
skycell,range_cost=30,760,1,1,7,0.018,0.008
skycell,range_cost=30,761,1,0,3,0.011,0.004
skycell,range_cost=30,762,1,1,4,0.011,0.007
skycell,range_cost=30,763,1,0,4,0.012,0.006
skycell,range_cost=30,764,1,1,4,0.011,0.006
skycell,range_cost=30,765,1,0,6,0.018,0.006
skycell,range_cost=30,766,1,1,4,0.012,0.006
skycell,range_cost=30,767,1,0,4,0.012,0.005
skycell,range_cost=30,768,1,1,4,0.012,0.006
skycell,range_cost=30,769,1,0,3,0.011,0.004
skycell,range_cost=30,770,1,3,17,0.018,0.054
skycell,range_cost=30,771,1,0,3,0.012,0.004
skycell,range_cost=30,772,1,1,4,0.012,0.005
skycell,range_cost=30,773,1,0,3,0.012,0.005
skycell,range_cost=30,774,1,1,4,0.011,0.009
skycell,range_cost=30,775,1,0,3,0.016,0.005
skycell,range_cost=30,776,1,1,4,0.012,0.005
skycell,range_cost=30,777,1,0,3,0.011,0.004
skycell,range_cost=30,778,1,1,4,0.011,0.005
skycell,range_cost=30,779,1,0,3,0.011,0.005
skycell,range_cost=30,780,1,1,7,0.023,0.011
skycell,range_cost=30,781,1,0,3,0.012,0.004
skycell,range_cost=30,782,1,1,4,0.011,0.006
skycell,range_cost=30,783,1,0,7,0.017,0.007
skycell,range_cost=30,784,1,1,4,0.012,0.006
skycell,range_cost=30,785,1,0,3,0.011,0.004
skycell,range_cost=30,786,1,1,4,0.011,0.006
skycell,range_cost=30,787,1,0,3,0.011,0.005
skycell,range_cost=30,788,1,1,4,0.011,0.006
skycell,range_cost=30,789,1,0,3,0.011,0.004
skycell,range_cost=30,790,1,1,4,0.011,0.005
skycell,range_cost=30,791,1,0,3,0.017,0.004
skycell,range_cost=30,792,1,1,4,0.011,0.005
skycell,range_cost=30,793,1,0,6,0.017,0.006
skycell,range_cost=30,794,1,1,7,0.017,0.013
skycell,range_cost=30,795,1,0,3,0.013,0.007
skycell,range_cost=30,796,1,1,4,0.014,0.006
skycell,range_cost=30,797,1,0,3,0.011,0.004
skycell,range_cost=30,798,1,1,4,0.012,0.005
skycell,range_cost=30,799,1,0,6,0.017,0.006
skycell,range_cost=30,800,1,1,4,0.011,0.013
skycell,range_cost=30,801,1,0,4,0.011,0.005
skycell,range_cost=30,802,4,2,8,0.018,0.01
skycell,range_cost=30,803,1,0,3,0.011,0.004
skycell,range_cost=30,804,1,1,5,0.011,0.018
skycell,range_cost=30,805,1,0,3,0.014,0.004
skycell,range_cost=30,806,4,2,8,0.018,0.009
skycell,range_cost=30,807,1,0,4,0.012,0.005
skycell,range_cost=30,808,1,3,15,0.028,0.035
skycell,range_cost=30,809,1,0,7,0.018,0.019
skycell,range_cost=30,810,1,1,5,0.017,0.013
skycell,range_cost=30,811,1,1,4,0.012,0.008
skycell,range_cost=30,812,1,1,7,0.021,0.014
skycell,range_cost=30,813,1,0,4,0.012,0.007
skycell,range_cost=30,814,1,1,4,0.012,0.01
skycell,range_cost=30,815,1,0,4,0.013,0.006
skycell,range_cost=30,816,1,2,4,0.012,0.006
skycell,range_cost=30,817,1,0,7,0.018,0.012
skycell,range_cost=30,818,1,1,4,0.012,0.006
skycell,range_cost=30,819,1,0,4,0.012,0.005
skycell,range_cost=30,820,2,4,12,0.025,0.033
skycell,range_cost=30,821,1,0,4,0.025,0.009
skycell,range_cost=30,822,1,199,34,0.022,0.182
skycell,range_cost=30,823,1,0,4,0.013,0.006
skycell,range_cost=30,824,1,2,4,0.012,0.007
skycell,range_cost=30,825,1,0,4,0.012,0.006
skycell,range_cost=30,826,1,1,4,0.012,0.006
skycell,range_cost=30,827,1,0,8,0.018,0.016
skycell,range_cost=30,828,1,1,4,0.012,0.006
skycell,range_cost=30,829,1,1,8,0.018,0.017
skycell,range_cost=30,830,1,2,8,0.018,0.016
skycell,range_cost=30,831,1,1,4,0.014,0.007
skycell,range_cost=30,832,1,1,4,0.012,0.006
skycell,range_cost=30,833,1,0,4,0.012,0.005
skycell,range_cost=30,834,1,1,4,0.012,0.007
skycell,range_cost=30,835,1,0,4,0.013,0.006
skycell,range_cost=30,836,4,8,8,0.019,0.019
skycell,range_cost=30,837,1,0,4,0.013,0.007
skycell,range_cost=30,838,1,1,4,0.012,0.008
skycell,range_cost=30,839,1,0,4,0.015,0.007
skycell,range_cost=30,840,1,2,4,0.012,0.006
skycell,range_cost=30,841,1,0,7,0.018,0.01
skycell,range_cost=30,842,1,1,4,0.014,0.008
skycell,range_cost=30,843,1,0,4,0.012,0.005
skycell,range_cost=30,844,1,1,4,0.012,0.008
skycell,range_cost=30,845,1,0,4,0.012,0.006
skycell,range_cost=30,846,1,1,4,0.012,0.005
skycell,range_cost=30,847,1,0,3,0.012,0.005
skycell,range_cost=30,848,1,1,4,0.011,0.005
skycell,range_cost=30,849,1,0,3,0.013,0.005
skycell,range_cost=30,850,1,1,4,0.012,0.007
skycell,range_cost=30,851,1,0,4,0.012,0.005
skycell,range_cost=30,852,1,2,4,0.012,0.008
skycell,range_cost=30,853,1,0,4,0.011,0.006
skycell,range_cost=30,854,1,2,4,0.011,0.007
skycell,range_cost=30,855,1,0,5,0.011,0.007
skycell,range_cost=30,856,2,3,4,0.014,0.007
skycell,range_cost=30,857,1,0,4,0.014,0.006
skycell,range_cost=30,858,1,8,4,0.012,0.007
skycell,range_cost=30,859,1,0,4,0.012,0.005
skycell,range_cost=30,860,1,1,4,0.012,0.008
skycell,range_cost=30,861,1,0,4,0.012,0.005
skycell,range_cost=30,862,1,3,8,0.018,0.015
skycell,range_cost=30,863,1,0,4,0.014,0.007
skycell,range_cost=30,864,1,359,49,0.012,0.295
skycell,range_cost=30,865,1,0,3,0.014,0.004
skycell,range_cost=30,866,1,2,8,0.018,0.016
skycell,range_cost=30,867,1,0,4,0.013,0.007
skycell,range_cost=30,868,1,2,5,0.012,0.01
skycell,range_cost=30,869,1,0,4,0.011,0.005
skycell,range_cost=30,870,1,1,4,0.014,0.007
skycell,range_cost=30,871,1,0,4,0.015,0.006
skycell,range_cost=30,872,1,3,10,0.018,0.022
skycell,range_cost=30,873,1,0,4,0.014,0.005
skycell,range_cost=30,874,5,5,4,0.012,0.01
skycell,range_cost=30,875,1,0,3,0.011,0.004
skycell,range_cost=30,876,1,3,4,0.012,0.007
skycell,range_cost=30,877,1,0,3,0.012,0.008
skycell,range_cost=30,878,1,1,4,0.022,0.005
skycell,range_cost=30,879,1,0,3,0.011,0.005
skycell,range_cost=30,880,1,1,4,0.011,0.005
skycell,range_cost=30,881,1,0,4,0.011,0.01
skycell,range_cost=30,882,2,1,4,0.013,0.009
skycell,range_cost=30,883,1,0,8,0.018,0.024
skycell,range_cost=30,884,1,3,5,0.013,0.008
skycell,range_cost=30,885,1,1,8,0.018,0.017
skycell,range_cost=30,886,2,4,7,0.021,0.014
skycell,range_cost=30,887,1,0,4,0.014,0.006
skycell,range_cost=30,888,1,1,4,0.012,0.006
skycell,range_cost=30,889,1,0,4,0.012,0.005
skycell,range_cost=30,890,1,2,4,0.011,0.009
skycell,range_cost=30,891,1,3,4,0.011,0.009
skycell,range_cost=30,892,1,1,4,0.011,0.006
skycell,range_cost=30,893,3,3,8,0.018,0.016
skycell,range_cost=30,894,1,2,4,0.012,0.005
skycell,range_cost=30,895,1,0,4,0.012,0.006
skycell,range_cost=30,896,1,1,4,0.012,0.006
skycell,range_cost=30,897,1,0,4,0.011,0.005
skycell,range_cost=30,898,1,2,8,0.018,0.015
skycell,range_cost=30,899,1,0,4,0.014,0.007
skycell,range_cost=30,900,1,1,4,0.011,0.006
skycell,range_cost=30,901,1,0,4,0.012,0.007
skycell,range_cost=30,902,1,3,8,0.019,0.015
skycell,range_cost=30,903,1,0,4,0.015,0.008
skycell,range_cost=30,904,1,2,8,0.026,0.017
skycell,range_cost=30,905,1,0,3,0.012,0.005
skycell,range_cost=30,906,2,4,4,0.012,0.009
skycell,range_cost=30,907,1,1,4,0.012,0.006
skycell,range_cost=30,908,1,3,4,0.013,0.007
skycell,range_cost=30,909,1,0,4,0.012,0.005
skycell,range_cost=30,910,1,5,4,0.012,0.009
skycell,range_cost=30,911,1,0,7,0.018,0.012
skycell,range_cost=30,912,1,1,4,0.013,0.005
skycell,range_cost=30,913,1,0,4,0.015,0.007
skycell,range_cost=30,914,1,1,4,0.025,0.007
skycell,range_cost=30,915,1,0,4,0.012,0.007
skycell,range_cost=30,916,1,1,4,0.012,0.007
skycell,range_cost=30,917,1,0,3,0.015,0.005
skycell,range_cost=30,918,1,1,7,0.018,0.012
skycell,range_cost=30,919,1,0,4,0.012,0.005
skycell,range_cost=30,920,1,1,4,0.022,0.005
skycell,range_cost=30,921,1,0,7,0.019,0.013
skycell,range_cost=30,922,1,1,4,0.012,0.007
skycell,range_cost=30,923,1,0,7,0.018,0.012
skycell,range_cost=30,924,2,4,4,0.012,0.01
skycell,range_cost=30,925,1,0,6,0.021,0.011
skycell,range_cost=30,926,1,2,7,0.02,0.013
skycell,range_cost=30,927,1,0,4,0.012,0.005
skycell,range_cost=30,928,1,48,23,0.018,0.101
skycell,range_cost=30,929,1,0,4,0.014,0.007
skycell,range_cost=30,930,2,4,8,0.018,0.017
skycell,range_cost=30,931,1,0,4,0.012,0.006
skycell,range_cost=30,932,2,2,4,0.012,0.008
skycell,range_cost=30,933,1,2,7,0.02,0.012
skycell,range_cost=30,934,2,2,8,0.018,0.014
skycell,range_cost=30,935,1,0,4,0.012,0.006
skycell,range_cost=30,936,2,5,4,0.012,0.007
skycell,range_cost=30,937,1,2,4,0.012,0.007
skycell,range_cost=30,938,1,1,4,0.012,0.006
skycell,range_cost=30,939,1,0,7,0.018,0.01
skycell,range_cost=30,940,1,2,4,0.012,0.006
skycell,range_cost=30,941,1,0,3,0.012,0.005
skycell,range_cost=30,942,4,4,4,0.011,0.008
skycell,range_cost=30,943,1,0,7,0.018,0.01
skycell,range_cost=30,944,1,1,7,0.02,0.012
skycell,range_cost=30,945,1,0,4,0.014,0.006
skycell,range_cost=30,946,3,4,8,0.018,0.017
skycell,range_cost=30,947,1,0,7,0.018,0.011
skycell,range_cost=30,948,2,2,4,0.012,0.007
skycell,range_cost=30,949,1,0,8,0.02,0.014
skycell,range_cost=30,950,1,1,4,0.014,0.007
skycell,range_cost=30,951,1,0,4,0.012,0.006
skycell,range_cost=30,952,1,1,4,0.012,0.005
skycell,range_cost=30,953,1,0,8,0.018,0.014
skycell,range_cost=30,954,1,1,4,0.012,0.006
skycell,range_cost=30,955,1,0,4,0.012,0.005
skycell,range_cost=30,956,1,1,5,0.012,0.014
skycell,range_cost=30,957,1,0,4,0.012,0.006
skycell,range_cost=30,958,1,1,4,0.012,0.007
skycell,range_cost=30,959,1,0,8,0.026,0.018
skycell,range_cost=30,960,1,1,5,0.013,0.007
skycell,range_cost=30,961,1,0,7,0.018,0.011
skycell,range_cost=30,962,1,2,4,0.014,0.007
skycell,range_cost=30,963,1,0,8,0.018,0.015
skycell,range_cost=30,964,2,3,8,0.018,0.015
skycell,range_cost=30,965,1,0,3,0.014,0.004
skycell,range_cost=30,966,1,1,4,0.015,0.006
skycell,range_cost=30,967,1,0,6,0.018,0.009
skycell,range_cost=30,968,1,2,4,0.014,0.006
skycell,range_cost=30,969,1,0,4,0.012,0.006
skycell,range_cost=30,970,1,18,6,0.011,0.02
skycell,range_cost=30,971,2,2,5,0.012,0.007
skycell,range_cost=30,972,1,2,4,0.011,0.006
skycell,range_cost=30,973,1,0,7,0.018,0.01
skycell,range_cost=30,974,2,3,4,0.015,0.007
skycell,range_cost=30,975,1,0,6,0.019,0.014
skycell,range_cost=30,976,1,3,4,0.012,0.008
skycell,range_cost=30,977,1,1,4,0.012,0.007
skycell,range_cost=30,978,1,1,7,0.018,0.012
skycell,range_cost=30,979,1,0,4,0.013,0.006
skycell,range_cost=30,980,1,1,4,0.012,0.006
skycell,range_cost=30,981,1,0,4,0.012,0.007
skycell,range_cost=30,982,5,7,4,0.012,0.01
skycell,range_cost=30,983,1,0,4,0.012,0.008
skycell,range_cost=30,984,1,2,4,0.012,0.007
skycell,range_cost=30,985,1,0,4,0.012,0.006
skycell,range_cost=30,986,3,5,5,0.012,0.01
skycell,range_cost=30,987,1,0,7,0.022,0.011
skycell,range_cost=30,988,1,1,4,0.012,0.007
skycell,range_cost=30,989,1,0,3,0.012,0.005
skycell,range_cost=30,990,1,6,6,0.012,0.014
skycell,range_cost=30,991,1,0,8,0.018,0.014
skycell,range_cost=30,992,2,1,8,0.02,0.016
skycell,range_cost=30,993,1,0,3,0.012,0.004
skycell,range_cost=30,994,1,1,8,0.018,0.015
skycell,range_cost=30,995,1,0,4,0.012,0.007
skycell,range_cost=30,996,2,5,8,0.018,0.016
skycell,range_cost=30,997,1,0,3,0.014,0.005
skycell,range_cost=30,998,4,5,4,0.016,0.009
skycell,range_cost=30,999,1,0,4,0.012,0.006
skycell,range_cost=30,1000,1,1,4,0.012,0.006
skycell,range_cost=30,1001,1,0,4,0.012,0.006
skycell,range_cost=30,1002,1,1,4,0.012,0.005
skycell,range_cost=30,1003,1,0,4,0.014,0.006
skycell,range_cost=30,1004,1,1,4,0.012,0.006
skycell,range_cost=30,1005,1,0,8,0.018,0.014
skycell,range_cost=30,1006,2,3,4,0.014,0.009
skycell,range_cost=30,1007,1,1,7,0.028,0.012
skycell,range_cost=30,1008,1,2,4,0.014,0.009
skycell,range_cost=30,1009,1,0,4,0.012,0.006
skycell,range_cost=30,1010,1,2,4,0.012,0.007
skycell,range_cost=30,1011,1,0,7,0.018,0.02
skycell,range_cost=30,1012,1,1,4,0.012,0.006
skycell,range_cost=30,1013,1,1,4,0.012,0.009
skycell,range_cost=30,1014,3,2,8,0.018,0.016
skycell,range_cost=30,1015,1,0,4,0.013,0.006
skycell,range_cost=30,1016,1,1,4,0.014,0.007
skycell,range_cost=30,1017,1,0,7,0.018,0.011
skycell,range_cost=30,1018,1,3,4,0.014,0.008
skycell,range_cost=30,1019,1,0,3,0.012,0.004
skycell,range_cost=30,1020,1,1,4,0.012,0.009
skycell,range_cost=30,1021,1,0,4,0.014,0.007
skycell,range_cost=30,1022,1,1,7,0.018,0.01
skycell,range_cost=30,1023,1,0,3,0.014,0.005
skycell,range_cost=30,1024,1,1,4,0.012,0.007
skycell,range_cost=30,1025,1,0,3,0.012,0.005
skycell,range_cost=30,1026,1,1,4,0.012,0.007
skycell,range_cost=30,1027,2,0,8,0.018,0.015
skycell,range_cost=30,1028,2,4,8,0.018,0.013
skycell,range_cost=30,1029,1,0,4,0.014,0.007
skycell,range_cost=30,1030,1,1,4,0.012,0.006
skycell,range_cost=30,1031,1,0,7,0.018,0.011
skycell,range_cost=30,1032,1,1,7,0.02,0.013
skycell,range_cost=30,1033,1,0,4,0.014,0.006
skycell,range_cost=30,1034,1,2,4,0.012,0.005
skycell,range_cost=30,1035,1,0,3,0.012,0.005
skycell,range_cost=30,1036,3,1,5,0.012,0.008
skycell,range_cost=30,1037,1,0,4,0.012,0.006
skycell,range_cost=30,1038,2,1,7,0.018,0.012
skycell,range_cost=30,1039,1,0,4,0.014,0.007
skycell,range_cost=30,1040,2,1,4,0.012,0.007
skycell,range_cost=30,1041,1,0,4,0.012,0.006
skycell,range_cost=30,1042,1,1,4,0.012,0.008
skycell,range_cost=30,1043,1,0,4,0.014,0.006
skycell,range_cost=30,1044,1,1,4,0.011,0.007
skycell,range_cost=30,1045,1,1,4,0.012,0.007
skycell,range_cost=30,1046,1,3,4,0.014,0.008
skycell,range_cost=30,1047,1,0,4,0.011,0.005
skycell,range_cost=30,1048,1,1,4,0.012,0.009
skycell,range_cost=30,1049,1,0,4,0.012,0.007
skycell,range_cost=30,1050,1,3,4,0.012,0.007
skycell,range_cost=30,1051,1,0,3,0.012,0.005
skycell,range_cost=30,1052,1,1,8,0.018,0.015
skycell,range_cost=30,1053,1,0,7,0.02,0.017
skycell,range_cost=30,1054,1,1,7,0.02,0.011
skycell,range_cost=30,1055,1,0,4,0.018,0.007
skycell,range_cost=30,1056,1,1,4,0.012,0.006
skycell,range_cost=30,1057,1,0,4,0.015,0.006
skycell,range_cost=30,1058,1,64,17,0.019,0.072
skycell,range_cost=30,1059,1,0,4,0.014,0.009
skycell,range_cost=30,1060,1,1,8,0.019,0.019
skycell,range_cost=30,1061,1,0,4,0.012,0.013
skycell,range_cost=30,1062,1,1,4,0.014,0.006
skycell,range_cost=30,1063,1,0,4,0.012,0.007
skycell,range_cost=30,1064,3,6,8,0.018,0.016
skycell,range_cost=30,1065,1,2,4,0.015,0.007
skycell,range_cost=30,1066,1,2,5,0.012,0.008
skycell,range_cost=30,1067,1,0,7,0.018,0.012
skycell,range_cost=30,1068,1,2,4,0.012,0.008
skycell,range_cost=30,1069,1,0,4,0.012,0.006
skycell,range_cost=30,1070,2,4,4,0.014,0.01
skycell,range_cost=30,1071,1,0,4,0.012,0.005
skycell,range_cost=30,1072,1,3,8,0.019,0.016
skycell,range_cost=30,1073,1,0,4,0.012,0.006
skycell,range_cost=30,1074,1,1,4,0.012,0.005
skycell,range_cost=30,1075,1,0,5,0.012,0.008
skycell,range_cost=30,1076,1,1,4,0.012,0.006
skycell,range_cost=30,1077,1,0,4,0.012,0.006
skycell,range_cost=30,1078,1,1,13,0.028,0.027
skycell,range_cost=30,1079,1,1,4,0.012,0.006
skycell,range_cost=30,1080,1,2,4,0.012,0.007
skycell,range_cost=30,1081,1,0,4,0.012,0.005
skycell,range_cost=30,1082,1,2,8,0.018,0.012
skycell,range_cost=30,1083,1,0,3,0.012,0.004
skycell,range_cost=30,1084,1,1,4,0.012,0.006
skycell,range_cost=30,1085,1,0,4,0.012,0.005
skycell,range_cost=30,1086,1,2,4,0.012,0.007
skycell,range_cost=30,1087,1,0,7,0.018,0.006
skycell,range_cost=30,1088,1,2,4,0.011,0.006
skycell,range_cost=30,1089,1,0,4,0.012,0.005
skycell,range_cost=30,1090,3,5,4,0.012,0.006
skycell,range_cost=30,1091,1,0,7,0.018,0.008
skycell,range_cost=30,1092,1,2,5,0.013,0.009
skycell,range_cost=30,1093,1,0,7,0.018,0.008
skycell,range_cost=30,1094,1,2,4,0.015,0.009
skycell,range_cost=30,1095,1,0,4,0.011,0.005
skycell,range_cost=30,1096,2,1,5,0.012,0.009
skycell,range_cost=30,1097,1,0,3,0.011,0.004
skycell,range_cost=30,1098,1,1,4,0.011,0.007
skycell,range_cost=30,1099,1,1,4,0.012,0.006
skycell,range_cost=30,1100,3,7,4,0.011,0.013
skycell,range_cost=30,1101,3,1,5,0.014,0.008
skycell,range_cost=30,1102,3,3,8,0.021,0.016
skycell,range_cost=30,1103,4,11,12,0.023,0.023
skycell,range_cost=30,1104,4,2,8,0.018,0.01
skycell,range_cost=30,1105,5,1,4,0.011,0.006
skycell,range_cost=30,1106,55,59,10,0.018,0.023
skycell,range_cost=30,1107,3,3,4,0.012,0.007
skycell,range_cost=30,1108,48,36,6,0.012,0.015
skycell,range_cost=30,1109,3,3,4,0.012,0.007
skycell,range_cost=30,1110,16,27,6,0.011,0.017
skycell,range_cost=30,1111,5,3,7,0.018,0.008
skycell,range_cost=30,1112,3,5,8,0.018,0.011
skycell,range_cost=30,1113,3,2,4,0.011,0.007
skycell,range_cost=30,1114,147,123,25,0.038,0.06
skycell,range_cost=30,1115,3,4,4,0.013,0.007
skycell,range_cost=30,1116,136,137,15,0.023,0.036
skycell,range_cost=30,1117,9,11,4,0.012,0.008
skycell,range_cost=30,1118,110,107,14,0.023,0.036
skycell,range_cost=30,1119,14,14,6,0.012,0.021
skycell,range_cost=30,1120,165,158,22,0.033,0.05
skycell,range_cost=30,1121,12,2,14,0.028,0.015
skycell,range_cost=30,1122,38,21,16,0.03,0.027
skycell,range_cost=30,1123,3,2,4,0.013,0.009
skycell,range_cost=30,1124,3,4,9,0.018,0.017
skycell,range_cost=30,1125,5,3,13,0.03,0.024
skycell,range_cost=30,1126,7,18,8,0.018,0.015
skycell,range_cost=30,1127,3,3,8,0.018,0.011
skycell,range_cost=30,1128,5,6,7,0.019,0.015
skycell,range_cost=30,1129,13,21,8,0.02,0.016
skycell,range_cost=30,1130,4,8,4,0.013,0.007
skycell,range_cost=30,1131,4,2,4,0.012,0.009
skycell,range_cost=30,1132,83,88,17,0.033,0.032
skycell,range_cost=30,1133,38,15,8,0.018,0.016
skycell,range_cost=30,1134,3,1,13,0.023,0.029
skycell,range_cost=30,1135,3,3,4,0.012,0.008
skycell,range_cost=30,1136,15,29,6,0.015,0.018
skycell,range_cost=30,1137,3,0,9,0.018,0.018
skycell,range_cost=30,1138,5,2,4,0.012,0.007
skycell,range_cost=30,1139,3,1,4,0.012,0.007
skycell,range_cost=30,1140,3,6,4,0.012,0.006
skycell,range_cost=30,1141,6,8,4,0.012,0.009
skycell,range_cost=30,1142,3,2,4,0.011,0.007
skycell,range_cost=30,1143,10,4,8,0.018,0.015
skycell,range_cost=30,1144,53,75,9,0.02,0.031
skycell,range_cost=30,1145,3,4,4,0.014,0.009
skycell,range_cost=30,1146,27,22,9,0.018,0.028
skycell,range_cost=30,1147,4,2,4,0.026,0.006
skycell,range_cost=30,1148,3,6,4,0.012,0.008
skycell,range_cost=30,1149,6,9,8,0.018,0.016
skycell,range_cost=30,1150,50,66,19,0.028,0.048
skycell,range_cost=30,1151,3,1,4,0.012,0.007
skycell,range_cost=30,1152,4,34,14,0.018,0.048
skycell,range_cost=30,1153,3,4,8,0.018,0.01
skycell,range_cost=30,1154,23,45,9,0.018,0.017
skycell,range_cost=30,1155,11,3,7,0.018,0.009
skycell,range_cost=30,1156,10,466,37,0.028,0.166
skycell,range_cost=30,1157,4,1,15,0.03,0.031
skycell,range_cost=30,1158,30,49,7,0.015,0.029
skycell,range_cost=30,1159,3,2,4,0.012,0.006
skycell,range_cost=30,1160,39,42,18,0.028,0.038
skycell,range_cost=30,1161,4,4,4,0.021,0.008
skycell,range_cost=30,1162,3,3,5,0.012,0.01
skycell,range_cost=30,1163,3,6,8,0.018,0.017
skycell,range_cost=30,1164,3,3,5,0.013,0.01
skycell,range_cost=30,1165,9,12,8,0.018,0.017
skycell,range_cost=30,1166,19,20,9,0.018,0.02
skycell,range_cost=30,1167,3,4,4,0.012,0.007
skycell,range_cost=30,1168,4,930,31,0.012,0.18
skycell,range_cost=30,1169,49,46,8,0.018,0.023
skycell,range_cost=30,1170,5,5,8,0.02,0.016
skycell,range_cost=30,1171,3,1,4,0.015,0.007
skycell,range_cost=30,1172,6,6,5,0.012,0.009
skycell,range_cost=30,1173,3,3,8,0.018,0.016
skycell,range_cost=30,1174,3,4,4,0.012,0.008
skycell,range_cost=30,1175,4,1,4,0.012,0.007
skycell,range_cost=30,1176,12,16,5,0.011,0.01
skycell,range_cost=30,1177,3,2,5,0.012,0.007
skycell,range_cost=30,1178,8,10,5,0.012,0.012
skycell,range_cost=30,1179,3,4,4,0.012,0.007
skycell,range_cost=30,1180,24,13,4,0.017,0.008
skycell,range_cost=30,1181,3,2,6,0.011,0.012
skycell,range_cost=30,1182,45,52,13,0.023,0.042
skycell,range_cost=30,1183,11,7,11,0.025,0.032
skycell,range_cost=30,1184,3,4,4,0.014,0.007
skycell,range_cost=30,1185,10,1,4,0.012,0.006
skycell,range_cost=30,1186,25,48,17,0.028,0.044
skycell,range_cost=30,1187,3,3,8,0.061,0.016
skycell,range_cost=30,1188,5,3,12,0.023,0.017
skycell,range_cost=30,1189,3,3,4,0.012,0.008
skycell,range_cost=30,1190,3,2,8,0.02,0.01
skycell,range_cost=30,1191,3,1,4,0.012,0.008
skycell,range_cost=30,1192,5,137,15,0.011,0.073
skycell,range_cost=30,1193,3,2,5,0.012,0.008
skycell,range_cost=30,1194,3,3,8,0.018,0.011
skycell,range_cost=30,1195,5,2,15,0.028,0.018
skycell,range_cost=30,1196,6,8,8,0.02,0.015
skycell,range_cost=30,1197,4,1,5,0.014,0.009
skycell,range_cost=30,1198,25,49,14,0.023,0.042
skycell,range_cost=30,1199,3,4,5,0.012,0.009
skycell,range_cost=30,1200,51,55,12,0.023,0.04
skycell,range_cost=30,1201,3,2,8,0.019,0.014
skycell,range_cost=30,1202,6,6,4,0.019,0.007
skycell,range_cost=30,1203,57,48,10,0.018,0.025
skycell,range_cost=30,1204,8,8,8,0.02,0.017
skycell,range_cost=30,1205,3,0,5,0.014,0.007
skycell,range_cost=30,1206,54,63,14,0.023,0.039
skycell,range_cost=30,1207,6,8,5,0.015,0.016
skycell,range_cost=30,1208,4,10,5,0.012,0.012
skycell,range_cost=30,1209,3,2,7,0.018,0.016
skycell,range_cost=30,1210,8,8,4,0.013,0.009
skycell,range_cost=30,1211,3,0,8,0.017,0.016
skycell,range_cost=30,1212,58,72,9,0.02,0.029
skycell,range_cost=30,1213,3,2,4,0.014,0.008
skycell,range_cost=30,1214,23,26,13,0.023,0.032
skycell,range_cost=30,1215,3,1,5,0.012,0.01
skycell,range_cost=30,1216,32,33,9,0.018,0.023
skycell,range_cost=30,1217,3,2,4,0.014,0.009
skycell,range_cost=30,1218,4,4,8,0.018,0.016
skycell,range_cost=30,1219,3,5,4,0.012,0.008
skycell,range_cost=30,1220,56,70,11,0.018,0.029
skycell,range_cost=30,1221,3,0,5,0.014,0.009
skycell,range_cost=30,1222,9,3834,52,0.018,0.378
skycell,range_cost=30,1223,3,1,4,0.012,0.007
skycell,range_cost=30,1224,6,5,4,0.012,0.006
skycell,range_cost=30,1225,13,11,5,0.012,0.012
skycell,range_cost=30,1226,7,3,11,0.023,0.021
skycell,range_cost=30,1227,5,4,8,0.018,0.015
skycell,range_cost=30,1228,6,1616,45,0.017,0.255
skycell,range_cost=30,1229,9,11,9,0.018,0.016
skycell,range_cost=30,1230,3,1,4,0.012,0.007
skycell,range_cost=30,1231,3,1,5,0.012,0.007
skycell,range_cost=30,1232,187,170,28,0.038,0.064
skycell,range_cost=30,1233,3,2,5,0.012,0.008
skycell,range_cost=30,1234,3,3,5,0.012,0.009
skycell,range_cost=30,1235,3,2,4,0.012,0.007
skycell,range_cost=30,1236,38,32,15,0.028,0.04
skycell,range_cost=30,1237,3,2,4,0.014,0.009
skycell,range_cost=30,1238,4,4,8,0.018,0.011
skycell,range_cost=30,1239,3,6,6,0.012,0.014
skycell,range_cost=30,1240,39,40,9,0.02,0.023
skycell,range_cost=30,1241,5,3,8,0.031,0.01
skycell,range_cost=30,1242,16,11,8,0.018,0.015
skycell,range_cost=30,1243,55,51,17,0.031,0.034
skycell,range_cost=30,1244,45,66,9,0.018,0.027
skycell,range_cost=30,1245,3,1,8,0.018,0.021
skycell,range_cost=30,1246,3,3,4,0.014,0.006
skycell,range_cost=30,1247,4,0,8,0.018,0.015
skycell,range_cost=30,1248,158,106,18,0.029,0.061
skycell,range_cost=30,1249,16,11,5,0.011,0.01
skycell,range_cost=30,1250,35,29,9,0.018,0.017
skycell,range_cost=30,1251,3,2,4,0.011,0.006
skycell,range_cost=30,1252,83,79,25,0.038,0.035
skycell,range_cost=30,1253,3,4,7,0.018,0.009
skycell,range_cost=30,1254,110,118,23,0.033,0.049
skycell,range_cost=30,1255,38,47,18,0.03,0.028
skycell,range_cost=30,1256,4,4009,49,0.012,0.392
skycell,range_cost=30,1257,84,74,13,0.023,0.027
skycell,range_cost=30,1258,3,4,5,0.012,0.009
skycell,range_cost=30,1259,3,1,8,0.018,0.015
skycell,range_cost=30,1260,7,5,16,0.028,0.032
skycell,range_cost=30,1261,76,99,17,0.028,0.04
skycell,range_cost=30,1262,126,140,10,0.02,0.04
skycell,range_cost=30,1263,3,2,4,0.012,0.007
skycell,range_cost=30,1264,48,74,7,0.014,0.022
skycell,range_cost=30,1265,3,1,4,0.012,0.006
skycell,range_cost=30,1266,28,21,17,0.028,0.038
skycell,range_cost=30,1267,3,3,5,0.014,0.009
skycell,range_cost=30,1268,3,3,5,0.012,0.013
skycell,range_cost=30,1269,3,3,8,0.018,0.012
skycell,range_cost=30,1270,17,22,12,0.027,0.024
skycell,range_cost=30,1271,22,14,9,0.018,0.015
skycell,range_cost=30,1272,13,19,8,0.017,0.013
skycell,range_cost=30,1273,3,4,4,0.014,0.007
skycell,range_cost=30,1274,7,730,40,0.033,0.162
skycell,range_cost=30,1275,55,61,13,0.023,0.032
skycell,range_cost=30,1276,4,3,8,0.02,0.015
skycell,range_cost=30,1277,4,2,4,0.014,0.008
skycell,range_cost=30,1278,142,139,15,0.023,0.055
skycell,range_cost=30,1279,3,0,4,0.014,0.008
skycell,range_cost=30,1280,92,87,9,0.018,0.028
skycell,range_cost=30,1281,3,3,8,0.025,0.019
skycell,range_cost=30,1282,47,77,10,0.02,0.032
skycell,range_cost=30,1283,5,4,4,0.012,0.007
skycell,range_cost=30,1284,40,47,15,0.023,0.04
skycell,range_cost=30,1285,27,36,6,0.014,0.016
skycell,range_cost=30,1286,3,2,4,0.013,0.008
skycell,range_cost=30,1287,4,7,4,0.011,0.008
skycell,range_cost=30,1288,3,4,4,0.012,0.008
skycell,range_cost=30,1289,3,1,4,0.012,0.009
skycell,range_cost=30,1290,132,175,23,0.034,0.068
skycell,range_cost=30,1291,3,2,8,0.02,0.012
skycell,range_cost=30,1292,94,65,13,0.028,0.028
skycell,range_cost=30,1293,3,4,4,0.016,0.008
skycell,range_cost=30,1294,51,59,8,0.021,0.026
skycell,range_cost=30,1295,5,2,7,0.018,0.018
skycell,range_cost=30,1296,8,5,5,0.012,0.007
skycell,range_cost=30,1297,3,1,4,0.012,0.007
skycell,range_cost=30,1298,5,9,12,0.025,0.016
skycell,range_cost=30,1299,7,3,4,0.012,0.006
skycell,range_cost=30,1300,55,81,10,0.017,0.021
skycell,range_cost=30,1301,110,115,17,0.031,0.052
skycell,range_cost=30,1302,872,528,40,0.061,0.099
skycell,range_cost=30,1303,331,144,27,0.045,0.045
skycell,range_cost=30,1304,637,1562,66,0.059,0.254
skycell,range_cost=30,1305,76,53,10,0.018,0.019
skycell,range_cost=30,1306,1281,1632,77,0.073,0.247
skycell,range_cost=30,1307,148,103,17,0.036,0.04
skycell,range_cost=30,1308,107,85,21,0.036,0.045
skycell,range_cost=30,1309,70,72,10,0.021,0.023
skycell,range_cost=30,1310,66,68,11,0.018,0.044
skycell,range_cost=30,1311,71,63,12,0.023,0.022
skycell,range_cost=30,1312,71,66,14,0.023,0.023
skycell,range_cost=30,1313,72,51,13,0.023,0.022
skycell,range_cost=30,1314,130,69,22,0.038,0.031
skycell,range_cost=30,1315,195,475,29,0.033,0.096
skycell,range_cost=30,1316,179,397,21,0.025,0.097
skycell,range_cost=30,1317,69,71,17,0.03,0.055
skycell,range_cost=30,1318,888,800,47,0.054,0.139
skycell,range_cost=30,1319,64,64,18,0.028,0.037
skycell,range_cost=30,1320,79,73,25,0.04,0.328
skycell,range_cost=30,1321,133,75,23,0.039,0.033
skycell,range_cost=30,1322,133,69,19,0.033,0.031
skycell,range_cost=30,1323,80,77,13,0.023,0.028
skycell,range_cost=30,1324,2152,2294,85,0.139,0.335
skycell,range_cost=30,1325,87,84,21,0.042,0.042
skycell,range_cost=30,1326,552,752,43,0.051,0.136
skycell,range_cost=30,1327,97,72,19,0.036,0.03
skycell,range_cost=30,1328,800,879,42,0.044,0.185
skycell,range_cost=30,1329,83,81,18,0.029,0.037
skycell,range_cost=30,1330,1530,1598,61,0.06,0.236
skycell,range_cost=30,1331,65,61,14,0.035,0.034
skycell,range_cost=30,1332,90,69,19,0.03,0.05
skycell,range_cost=30,1333,70,67,6,0.014,0.027
skycell,range_cost=30,1334,815,736,43,0.048,0.132
skycell,range_cost=30,1335,269,311,27,0.035,0.077
skycell,range_cost=30,1336,804,1019,43,0.043,0.152
skycell,range_cost=30,1337,77,81,13,0.026,0.029
skycell,range_cost=30,1338,896,1099,63,0.068,0.178
skycell,range_cost=30,1339,111,122,10,0.018,0.029
skycell,range_cost=30,1340,902,1284,55,0.058,0.175
skycell,range_cost=30,1341,86,56,11,0.024,0.037
skycell,range_cost=30,1342,75,65,18,0.031,0.048
skycell,range_cost=30,1343,69,61,9,0.019,0.03
skycell,range_cost=30,1344,62,57,14,0.025,0.046
skycell,range_cost=30,1345,70,63,18,0.029,0.06
skycell,range_cost=30,1346,717,553,42,0.055,0.106
skycell,range_cost=30,1347,74,68,13,0.035,0.036
skycell,range_cost=30,1348,71,63,11,0.023,0.034
skycell,range_cost=30,1349,137,216,26,0.036,0.074
skycell,range_cost=30,1350,73,75,17,0.031,0.03
skycell,range_cost=30,1351,78,69,25,0.038,0.036
skycell,range_cost=30,1352,128,157,18,0.028,0.041
skycell,range_cost=30,1353,267,211,27,0.038,0.06
skycell,range_cost=30,1354,181,136,14,0.025,0.037
skycell,range_cost=30,1355,75,47,14,0.025,0.031
skycell,range_cost=30,1356,554,660,42,0.055,0.132
skycell,range_cost=30,1357,78,70,12,0.025,0.027
skycell,range_cost=30,1358,71,66,9,0.02,0.031
skycell,range_cost=30,1359,158,68,21,0.035,0.043
skycell,range_cost=30,1360,590,674,44,0.051,0.114
skycell,range_cost=30,1361,71,67,18,0.028,0.04
skycell,range_cost=30,1362,67,61,13,0.025,0.035
skycell,range_cost=30,1363,91,60,14,0.025,0.037
skycell,range_cost=30,1364,2049,2512,79,0.06,0.365
skycell,range_cost=30,1365,64,65,19,0.031,0.038
skycell,range_cost=30,1366,69,65,15,0.025,0.042
skycell,range_cost=30,1367,69,60,9,0.018,0.027
skycell,range_cost=30,1368,72,60,14,0.025,0.037
skycell,range_cost=30,1369,435,163,33,0.065,0.061
skycell,range_cost=30,1370,3917,4069,122,0.103,0.518
skycell,range_cost=30,1371,73,77,14,0.026,0.027
skycell,range_cost=30,1372,324,601,29,0.03,0.124
skycell,range_cost=30,1373,62,49,18,0.032,0.061
skycell,range_cost=30,1374,70,70,6,0.014,0.028
skycell,range_cost=30,1375,111,73,24,0.038,0.041
skycell,range_cost=30,1376,701,495,41,0.059,0.095
skycell,range_cost=30,1377,86,63,16,0.028,0.026
skycell,range_cost=30,1378,1164,1356,57,0.057,0.212
skycell,range_cost=30,1379,78,79,14,0.026,0.034
skycell,range_cost=30,1380,1336,1572,62,0.057,0.233
skycell,range_cost=30,1381,91,47,24,0.041,0.037
skycell,range_cost=30,1382,70,75,23,0.033,0.041
skycell,range_cost=30,1383,88,65,7,0.012,0.025
skycell,range_cost=30,1384,85,77,14,0.023,0.035
skycell,range_cost=30,1385,1401,1227,68,0.073,0.2
skycell,range_cost=30,1386,1370,1589,52,0.046,0.202
skycell,range_cost=30,1387,68,79,10,0.018,0.027
skycell,range_cost=30,1388,1152,898,50,0.059,0.158
skycell,range_cost=30,1389,89,69,16,0.028,0.04
skycell,range_cost=30,1390,517,710,42,0.053,0.131
skycell,range_cost=30,1391,72,77,13,0.025,0.04
skycell,range_cost=30,1392,67,67,10,0.021,0.031
skycell,range_cost=30,1393,103,66,16,0.028,0.047
skycell,range_cost=30,1394,3565,3504,118,0.109,0.561
skycell,range_cost=30,1395,80,64,15,0.031,0.032
skycell,range_cost=30,1396,3192,3600,108,0.1,0.455
skycell,range_cost=30,1397,153,59,15,0.031,0.027
skycell,range_cost=30,1398,2736,2926,94,0.089,0.396
skycell,range_cost=30,1399,115,66,19,0.035,0.032
skycell,range_cost=30,1400,3986,4002,119,0.084,0.521
skycell,range_cost=30,1401,588,297,37,0.055,0.079
skycell,range_cost=30,1402,232,254,24,0.035,0.068
skycell,range_cost=30,1403,353,324,38,0.05,0.082
skycell,range_cost=30,1404,1206,1369,67,0.074,0.216
skycell,range_cost=30,1405,323,265,31,0.046,0.069
skycell,range_cost=30,1406,1455,1108,50,0.056,0.188
skycell,range_cost=30,1407,284,276,24,0.035,0.075
skycell,range_cost=30,1408,4801,4152,124,0.099,0.534
skycell,range_cost=30,1409,284,297,31,0.052,0.065
skycell,range_cost=30,1410,275,306,24,0.041,0.08
skycell,range_cost=30,1411,913,748,44,0.051,0.141
skycell,range_cost=30,1412,316,265,29,0.047,0.071
skycell,range_cost=30,1413,299,280,25,0.036,0.071
skycell,range_cost=30,1414,786,1101,59,0.06,0.188
skycell,range_cost=30,1415,451,251,25,0.039,0.057
skycell,range_cost=30,1416,8677,9129,188,0.086,1.099
skycell,range_cost=30,1417,416,272,24,0.035,0.058
skycell,range_cost=30,1418,4862,5071,139,0.093,0.641
skycell,range_cost=30,1419,313,271,27,0.04,0.071
skycell,range_cost=30,1420,4521,5690,129,0.075,0.64
skycell,range_cost=30,1421,351,233,19,0.031,0.055
skycell,range_cost=30,1422,3112,4433,121,0.093,0.535
skycell,range_cost=30,1423,320,260,28,0.042,0.078
skycell,range_cost=30,1424,1558,3126,90,0.067,0.407
skycell,range_cost=30,1425,2450,3145,105,0.086,0.426
skycell,range_cost=30,1426,512,302,36,0.048,0.071
skycell,range_cost=30,1427,328,255,38,0.054,0.089
skycell,range_cost=30,1428,4182,3905,119,0.086,0.523
skycell,range_cost=30,1429,1704,1284,53,0.055,0.18
skycell,range_cost=30,1430,1356,1294,41,0.033,0.165
skycell,range_cost=30,1431,289,289,27,0.04,0.059
skycell,range_cost=30,1432,967,268,40,0.058,0.072
skycell,range_cost=30,1433,1565,901,50,0.06,0.137
skycell,range_cost=30,1434,625,277,36,0.05,0.066
skycell,range_cost=30,1435,1354,1243,62,0.063,0.186
skycell,range_cost=30,1436,580,1021,51,0.054,0.172
skycell,range_cost=30,1437,279,298,27,0.04,0.07
skycell,range_cost=30,1438,385,4191,82,0.07,0.402
skycell,range_cost=30,1439,317,307,28,0.038,0.063
skycell,range_cost=30,1440,248,269,29,0.038,0.071
skycell,range_cost=30,1441,2599,2336,82,0.073,0.323
skycell,range_cost=30,1442,2380,2435,83,0.075,0.314
skycell,range_cost=30,1443,2376,2502,93,0.094,0.311
skycell,range_cost=30,1444,29034,35019,557,0.115,3.729
skycell,range_cost=30,1445,11949,11114,228,0.126,1.152
skycell,range_cost=30,1446,3440,6517,142,0.098,0.639
skycell,range_cost=30,1447,3236,2340,91,0.09,0.307
skycell,range_cost=30,1448,139769,147516,1985,0.104,13.899
skycell,range_cost=30,1449,3366,2525,98,0.099,0.323
skycell,range_cost=30,1450,39859,43516,654,0.108,4.188
skycell,range_cost=30,1451,2947,2330,94,0.109,0.307
skycell,range_cost=30,1452,26962,26649,458,0.124,2.844
skycell,range_cost=30,1453,2569,2324,103,0.101,0.319
skycell,range_cost=30,1454,22198,22109,385,0.124,2.29
skycell,range_cost=30,1455,2964,2386,104,0.099,0.3
skycell,range_cost=30,1456,18720,18819,330,0.111,1.921
skycell,range_cost=10,1,1,0,3,0.025,0.011
skycell,range_cost=10,2,1,1,4,0.019,0.009
skycell,range_cost=10,3,1,0,3,0.018,0.007
skycell,range_cost=10,4,1,1,7,0.025,0.012
skycell,range_cost=10,5,1,0,3,0.02,0.006
skycell,range_cost=10,6,1,1,7,0.022,0.011
skycell,range_cost=10,7,1,0,3,0.016,0.006
skycell,range_cost=10,8,1,1,4,0.016,0.007
skycell,range_cost=10,9,1,0,3,0.015,0.005
skycell,range_cost=10,10,1,1,4,0.015,0.007
skycell,range_cost=10,11,1,0,3,0.015,0.005
skycell,range_cost=10,12,1,1,7,0.022,0.008
skycell,range_cost=10,13,1,0,3,0.015,0.006
skycell,range_cost=10,14,1,1,4,0.015,0.006
skycell,range_cost=10,15,1,0,3,0.019,0.005
skycell,range_cost=10,16,1,1,7,0.021,0.008
skycell,range_cost=10,17,1,0,6,0.021,0.007
skycell,range_cost=10,18,1,1,7,0.021,0.007
skycell,range_cost=10,19,1,0,3,0.015,0.006
skycell,range_cost=10,20,1,1,4,0.021,0.008
skycell,range_cost=10,21,1,0,3,0.02,0.006
skycell,range_cost=10,22,1,1,7,0.024,0.011
skycell,range_cost=10,23,1,0,3,0.018,0.007
skycell,range_cost=10,24,1,1,4,0.017,0.006
skycell,range_cost=10,25,1,0,3,0.014,0.005
skycell,range_cost=10,26,1,1,4,0.014,0.007
skycell,range_cost=10,27,1,0,3,0.015,0.005
skycell,range_cost=10,28,1,1,4,0.015,0.006
skycell,range_cost=10,29,1,0,3,0.015,0.005
skycell,range_cost=10,30,1,1,7,0.025,0.011
skycell,range_cost=10,31,1,0,3,0.02,0.007
skycell,range_cost=10,32,1,1,7,0.025,0.008
skycell,range_cost=10,33,1,0,3,0.019,0.005
skycell,range_cost=10,34,1,1,4,0.021,0.009
skycell,range_cost=10,35,1,0,3,0.019,0.005
skycell,range_cost=10,36,1,1,4,0.023,0.008
skycell,range_cost=10,37,1,0,6,0.033,0.013
skycell,range_cost=10,38,1,1,4,0.019,0.007
skycell,range_cost=10,39,1,0,3,0.017,0.005
skycell,range_cost=10,40,1,1,4,0.016,0.007
skycell,range_cost=10,41,1,0,3,0.016,0.006
skycell,range_cost=10,42,1,1,4,0.029,0.008
skycell,range_cost=10,43,1,0,6,0.022,0.007
skycell,range_cost=10,44,1,1,4,0.015,0.007
skycell,range_cost=10,45,1,0,6,0.022,0.007
skycell,range_cost=10,46,1,1,7,0.022,0.008
skycell,range_cost=10,47,1,0,6,0.022,0.006
skycell,range_cost=10,48,1,1,4,0.016,0.006
skycell,range_cost=10,49,1,0,3,0.015,0.005
skycell,range_cost=10,50,1,1,4,0.016,0.006
skycell,range_cost=10,51,1,0,6,0.025,0.007
skycell,range_cost=10,52,1,1,4,0.016,0.007
skycell,range_cost=10,53,1,0,3,0.015,0.006
skycell,range_cost=10,54,1,1,4,0.016,0.007
skycell,range_cost=10,55,1,0,6,0.023,0.007
skycell,range_cost=10,56,1,1,4,0.015,0.006
skycell,range_cost=10,57,1,0,3,0.016,0.006
skycell,range_cost=10,58,1,1,4,0.015,0.008
skycell,range_cost=10,59,1,0,3,0.015,0.007
skycell,range_cost=10,60,1,1,4,0.015,0.008
skycell,range_cost=10,61,1,0,6,0.022,0.006
skycell,range_cost=10,62,1,1,7,0.022,0.009
skycell,range_cost=10,63,1,0,3,0.017,0.005
skycell,range_cost=10,64,1,1,4,0.016,0.007
skycell,range_cost=10,65,1,0,3,0.015,0.005
skycell,range_cost=10,66,1,1,4,0.015,0.007
skycell,range_cost=10,67,1,0,3,0.015,0.005
skycell,range_cost=10,68,1,1,4,0.016,0.007
skycell,range_cost=10,69,1,0,3,0.016,0.007
skycell,range_cost=10,70,1,1,4,0.014,0.006
skycell,range_cost=10,71,1,0,3,0.015,0.006
skycell,range_cost=10,72,1,1,4,0.015,0.008
skycell,range_cost=10,73,1,0,3,0.016,0.005
skycell,range_cost=10,74,1,1,4,0.015,0.006
skycell,range_cost=10,75,1,0,3,0.016,0.004
skycell,range_cost=10,76,1,1,4,0.015,0.007
skycell,range_cost=10,77,1,0,3,0.025,0.004
skycell,range_cost=10,78,1,1,4,0.016,0.007
skycell,range_cost=10,79,1,0,3,0.016,0.004
skycell,range_cost=10,80,1,1,4,0.015,0.006
skycell,range_cost=10,81,1,0,3,0.016,0.004
skycell,range_cost=10,82,1,1,4,0.016,0.005
skycell,range_cost=10,83,1,0,12,0.032,0.008
skycell,range_cost=10,84,1,1,4,0.016,0.006
skycell,range_cost=10,85,1,0,3,0.016,0.005
skycell,range_cost=10,86,1,1,4,0.015,0.005
skycell,range_cost=10,87,1,0,3,0.016,0.006
skycell,range_cost=10,88,1,1,4,0.016,0.006
skycell,range_cost=10,89,1,0,6,0.021,0.006
skycell,range_cost=10,90,1,1,4,0.015,0.006
skycell,range_cost=10,91,1,0,3,0.016,0.004
skycell,range_cost=10,92,1,1,4,0.016,0.007
skycell,range_cost=10,93,1,0,3,0.015,0.005
skycell,range_cost=10,94,1,1,7,0.022,0.009
skycell,range_cost=10,95,1,0,3,0.018,0.005
skycell,range_cost=10,96,1,1,7,0.022,0.009
skycell,range_cost=10,97,1,0,3,0.016,0.005
skycell,range_cost=10,98,1,1,4,0.015,0.006
skycell,range_cost=10,99,1,0,3,0.016,0.004
skycell,range_cost=10,100,1,1,4,0.016,0.005
skycell,range_cost=10,101,1,0,3,0.015,0.004
skycell,range_cost=10,102,1,1,4,0.015,0.006
skycell,range_cost=10,103,1,0,3,0.015,0.006
skycell,range_cost=10,104,1,1,4,0.015,0.007
skycell,range_cost=10,105,1,0,3,0.015,0.005
skycell,range_cost=10,106,1,1,4,0.018,0.006
skycell,range_cost=10,107,1,0,3,0.014,0.005
skycell,range_cost=10,108,1,1,4,0.015,0.007
skycell,range_cost=10,109,1,0,6,0.022,0.006
skycell,range_cost=10,110,1,1,7,0.022,0.009
skycell,range_cost=10,111,1,0,12,0.032,0.008
skycell,range_cost=10,112,1,1,4,0.016,0.005
skycell,range_cost=10,113,1,0,3,0.015,0.006
skycell,range_cost=10,114,1,1,4,0.015,0.006
skycell,range_cost=10,115,1,0,3,0.021,0.004
skycell,range_cost=10,116,1,1,7,0.022,0.008
skycell,range_cost=10,117,1,0,3,0.015,0.004
skycell,range_cost=10,118,1,1,4,0.016,0.006
skycell,range_cost=10,119,1,0,3,0.017,0.005
skycell,range_cost=10,120,1,1,4,0.016,0.006
skycell,range_cost=10,121,1,0,3,0.015,0.005
skycell,range_cost=10,122,1,1,7,0.021,0.008
skycell,range_cost=10,123,1,0,3,0.015,0.004
skycell,range_cost=10,124,1,1,4,0.015,0.005
skycell,range_cost=10,125,1,0,6,0.022,0.006
skycell,range_cost=10,126,1,1,4,0.015,0.007
skycell,range_cost=10,127,1,0,3,0.015,0.005
skycell,range_cost=10,128,1,1,4,0.015,0.006
skycell,range_cost=10,129,1,0,3,0.015,0.005
skycell,range_cost=10,130,1,1,4,0.014,0.006
skycell,range_cost=10,131,1,0,3,0.015,0.004
skycell,range_cost=10,132,1,1,4,0.015,0.005
skycell,range_cost=10,133,1,0,3,0.015,0.004
skycell,range_cost=10,134,1,1,4,0.015,0.006
skycell,range_cost=10,135,1,0,3,0.015,0.004
skycell,range_cost=10,136,1,1,4,0.015,0.006
skycell,range_cost=10,137,1,0,3,0.014,0.004
skycell,range_cost=10,138,1,1,7,0.022,0.008
skycell,range_cost=10,139,1,0,3,0.016,0.005
skycell,range_cost=10,140,1,1,4,0.015,0.006
skycell,range_cost=10,141,1,0,6,0.022,0.006
skycell,range_cost=10,142,1,1,7,0.022,0.008
skycell,range_cost=10,143,1,0,3,0.016,0.005
skycell,range_cost=10,144,1,1,7,0.022,0.007
skycell,range_cost=10,145,1,0,3,0.015,0.004
skycell,range_cost=10,146,1,1,13,0.032,0.009
skycell,range_cost=10,147,1,0,3,0.015,0.005
skycell,range_cost=10,148,1,1,4,0.015,0.007
skycell,range_cost=10,149,1,0,3,0.015,0.004
skycell,range_cost=10,150,1,1,7,0.022,0.009
skycell,range_cost=10,151,1,0,3,0.016,0.005
skycell,range_cost=10,152,1,1,4,0.016,0.006
skycell,range_cost=10,153,1,0,3,0.016,0.005
skycell,range_cost=10,154,1,1,4,0.014,0.006
skycell,range_cost=10,155,1,0,3,0.015,0.005
skycell,range_cost=10,156,1,1,4,0.015,0.007
skycell,range_cost=10,157,1,0,3,0.015,0.004
skycell,range_cost=10,158,1,1,4,0.017,0.006
skycell,range_cost=10,159,1,0,3,0.015,0.005
skycell,range_cost=10,160,1,1,4,0.015,0.005
skycell,range_cost=10,161,1,0,3,0.015,0.004
skycell,range_cost=10,162,1,1,4,0.015,0.006
skycell,range_cost=10,163,1,0,3,0.016,0.004
skycell,range_cost=10,164,1,1,4,0.014,0.006
skycell,range_cost=10,165,1,0,3,0.015,0.005
skycell,range_cost=10,166,1,1,4,0.015,0.006
skycell,range_cost=10,167,1,0,3,0.015,0.005
skycell,range_cost=10,168,1,1,7,0.02,0.008
skycell,range_cost=10,169,1,0,6,0.021,0.012
skycell,range_cost=10,170,1,1,4,0.016,0.005
skycell,range_cost=10,171,1,0,3,0.015,0.005
skycell,range_cost=10,172,1,1,4,0.015,0.006
skycell,range_cost=10,173,1,0,6,0.021,0.006
skycell,range_cost=10,174,1,1,4,0.015,0.006
skycell,range_cost=10,175,1,0,3,0.015,0.004
skycell,range_cost=10,176,1,1,4,0.015,0.006
skycell,range_cost=10,177,1,0,3,0.014,0.005
skycell,range_cost=10,178,1,1,7,0.021,0.008
skycell,range_cost=10,179,1,0,6,0.021,0.006
skycell,range_cost=10,180,1,1,4,0.018,0.008
skycell,range_cost=10,181,1,0,3,0.015,0.005
skycell,range_cost=10,182,1,1,4,0.014,0.006
skycell,range_cost=10,183,1,0,3,0.015,0.005
skycell,range_cost=10,184,1,1,7,0.03,0.008
skycell,range_cost=10,185,1,0,3,0.015,0.004
skycell,range_cost=10,186,1,1,4,0.015,0.007
skycell,range_cost=10,187,1,0,3,0.015,0.005
skycell,range_cost=10,188,1,1,4,0.015,0.007
skycell,range_cost=10,189,1,0,6,0.022,0.006
skycell,range_cost=10,190,1,1,4,0.015,0.006
skycell,range_cost=10,191,1,0,3,0.015,0.005
skycell,range_cost=10,192,1,1,4,0.015,0.006
skycell,range_cost=10,193,1,0,3,0.015,0.005
skycell,range_cost=10,194,1,1,7,0.021,0.008
skycell,range_cost=10,195,1,0,3,0.014,0.005
skycell,range_cost=10,196,1,1,4,0.015,0.007
skycell,range_cost=10,197,1,0,12,0.032,0.009
skycell,range_cost=10,198,1,1,4,0.015,0.005
skycell,range_cost=10,199,1,0,3,0.015,0.004
skycell,range_cost=10,200,1,1,4,0.015,0.006
skycell,range_cost=10,201,1,0,3,0.015,0.005
skycell,range_cost=10,202,1,1,4,0.015,0.006
skycell,range_cost=10,203,1,0,3,0.015,0.004
skycell,range_cost=10,204,1,1,4,0.015,0.006
skycell,range_cost=10,205,1,0,3,0.016,0.005
skycell,range_cost=10,206,1,1,7,0.02,0.007
skycell,range_cost=10,207,1,0,3,0.015,0.005
skycell,range_cost=10,208,1,1,4,0.014,0.006
skycell,range_cost=10,209,1,0,3,0.015,0.004
skycell,range_cost=10,210,1,1,4,0.015,0.005
skycell,range_cost=10,211,1,0,3,0.028,0.006
skycell,range_cost=10,212,1,1,4,0.017,0.006
skycell,range_cost=10,213,1,0,3,0.015,0.004
skycell,range_cost=10,214,1,1,4,0.015,0.006
skycell,range_cost=10,215,1,0,3,0.015,0.005
skycell,range_cost=10,216,1,1,7,0.022,0.008
skycell,range_cost=10,217,1,0,3,0.015,0.005
skycell,range_cost=10,218,1,1,7,0.021,0.008
skycell,range_cost=10,219,1,0,6,0.022,0.006
skycell,range_cost=10,220,1,1,7,0.028,0.009
skycell,range_cost=10,221,1,0,3,0.015,0.004
skycell,range_cost=10,222,1,1,4,0.018,0.007
skycell,range_cost=10,223,1,0,6,0.021,0.007
skycell,range_cost=10,224,1,1,4,0.016,0.006
skycell,range_cost=10,225,1,0,3,0.015,0.005
skycell,range_cost=10,226,1,1,4,0.015,0.006
skycell,range_cost=10,227,1,0,6,0.022,0.006
skycell,range_cost=10,228,1,1,4,0.014,0.007
skycell,range_cost=10,229,1,0,3,0.015,0.004
skycell,range_cost=10,230,1,1,7,0.022,0.008
skycell,range_cost=10,231,1,0,3,0.015,0.006
skycell,range_cost=10,232,1,1,4,0.016,0.007
skycell,range_cost=10,233,1,0,3,0.014,0.006
skycell,range_cost=10,234,1,1,4,0.015,0.007
skycell,range_cost=10,235,1,0,3,0.015,0.005
skycell,range_cost=10,236,1,1,4,0.016,0.006
skycell,range_cost=10,237,1,0,6,0.022,0.007
skycell,range_cost=10,238,1,1,7,0.021,0.008
skycell,range_cost=10,239,1,0,3,0.015,0.004
skycell,range_cost=10,240,1,1,4,0.015,0.008
skycell,range_cost=10,241,1,0,3,0.015,0.005
skycell,range_cost=10,242,1,1,4,0.015,0.006
skycell,range_cost=10,243,1,0,3,0.015,0.006
skycell,range_cost=10,244,1,1,4,0.015,0.006
skycell,range_cost=10,245,1,0,6,0.021,0.006
skycell,range_cost=10,246,1,1,4,0.015,0.007
skycell,range_cost=10,247,1,0,3,0.015,0.007
skycell,range_cost=10,248,1,1,4,0.014,0.006
skycell,range_cost=10,249,1,0,3,0.015,0.005
skycell,range_cost=10,250,1,1,4,0.015,0.007
skycell,range_cost=10,251,1,0,3,0.015,0.005
skycell,range_cost=10,252,1,1,4,0.014,0.006
skycell,range_cost=10,253,1,0,3,0.016,0.004
skycell,range_cost=10,254,1,1,4,0.015,0.006
skycell,range_cost=10,255,1,0,3,0.015,0.004
skycell,range_cost=10,256,1,1,4,0.015,0.006
skycell,range_cost=10,257,1,0,3,0.015,0.004
skycell,range_cost=10,258,1,1,4,0.015,0.005
skycell,range_cost=10,259,1,0,3,0.015,0.004
skycell,range_cost=10,260,1,1,4,0.015,0.006
skycell,range_cost=10,261,1,0,6,0.021,0.006
skycell,range_cost=10,262,1,1,7,0.021,0.008
skycell,range_cost=10,263,1,0,6,0.021,0.006
skycell,range_cost=10,264,1,1,4,0.015,0.005
skycell,range_cost=10,265,1,0,6,0.022,0.006
skycell,range_cost=10,266,1,1,7,0.021,0.007
skycell,range_cost=10,267,1,0,3,0.014,0.004
skycell,range_cost=10,268,1,1,4,0.015,0.006
skycell,range_cost=10,269,1,0,6,0.021,0.006
skycell,range_cost=10,270,1,1,4,0.015,0.005
skycell,range_cost=10,271,1,0,6,0.021,0.006
skycell,range_cost=10,272,1,1,4,0.015,0.007
skycell,range_cost=10,273,1,0,3,0.014,0.004
skycell,range_cost=10,274,1,1,4,0.015,0.005
skycell,range_cost=10,275,1,0,3,0.015,0.005
skycell,range_cost=10,276,1,1,4,0.015,0.005
skycell,range_cost=10,277,1,0,6,0.021,0.006
skycell,range_cost=10,278,1,1,4,0.015,0.006
skycell,range_cost=10,279,1,0,6,0.022,0.006
skycell,range_cost=10,280,1,1,4,0.015,0.007
skycell,range_cost=10,281,1,0,3,0.015,0.005
skycell,range_cost=10,282,1,1,4,0.014,0.007
skycell,range_cost=10,283,1,0,3,0.015,0.005
skycell,range_cost=10,284,1,1,4,0.015,0.006
skycell,range_cost=10,285,1,0,12,0.031,0.008
skycell,range_cost=10,286,1,1,4,0.018,0.007
skycell,range_cost=10,287,1,0,6,0.021,0.008
skycell,range_cost=10,288,1,1,4,0.014,0.006
skycell,range_cost=10,289,1,0,3,0.015,0.004
skycell,range_cost=10,290,1,1,4,0.016,0.005
skycell,range_cost=10,291,1,0,6,0.021,0.006
skycell,range_cost=10,292,1,1,7,0.021,0.007
skycell,range_cost=10,293,1,0,3,0.015,0.004
skycell,range_cost=10,294,1,1,4,0.015,0.006
skycell,range_cost=10,295,1,0,3,0.015,0.005
skycell,range_cost=10,296,1,1,4,0.015,0.006
skycell,range_cost=10,297,1,0,3,0.014,0.004
skycell,range_cost=10,298,1,1,4,0.015,0.005
skycell,range_cost=10,299,1,0,3,0.015,0.005
skycell,range_cost=10,300,1,1,4,0.015,0.005
skycell,range_cost=10,301,1,0,3,0.015,0.005
skycell,range_cost=10,302,1,1,4,0.015,0.005
skycell,range_cost=10,303,1,0,3,0.015,0.004
skycell,range_cost=10,304,1,1,7,0.022,0.007
skycell,range_cost=10,305,1,0,6,0.021,0.006
skycell,range_cost=10,306,1,1,4,0.015,0.005
skycell,range_cost=10,307,1,0,3,0.015,0.004
skycell,range_cost=10,308,1,1,4,0.015,0.006
skycell,range_cost=10,309,1,0,3,0.015,0.005
skycell,range_cost=10,310,1,1,4,0.015,0.006
skycell,range_cost=10,311,1,0,9,0.027,0.008
skycell,range_cost=10,312,1,1,7,0.021,0.007
skycell,range_cost=10,313,1,0,3,0.015,0.004
skycell,range_cost=10,314,1,1,4,0.015,0.006
skycell,range_cost=10,315,1,0,6,0.021,0.006
skycell,range_cost=10,316,1,1,7,0.021,0.009
skycell,range_cost=10,317,1,0,6,0.022,0.006
skycell,range_cost=10,318,1,1,4,0.015,0.007
skycell,range_cost=10,319,1,0,3,0.015,0.006
skycell,range_cost=10,320,1,1,4,0.016,0.006
skycell,range_cost=10,321,1,0,3,0.015,0.005
skycell,range_cost=10,322,1,1,4,0.015,0.007
skycell,range_cost=10,323,1,0,3,0.015,0.005
skycell,range_cost=10,324,1,1,7,0.022,0.01
skycell,range_cost=10,325,1,0,6,0.033,0.006
skycell,range_cost=10,326,1,1,4,0.015,0.006
skycell,range_cost=10,327,1,0,3,0.015,0.004
skycell,range_cost=10,328,1,1,4,0.015,0.006
skycell,range_cost=10,329,1,0,6,0.021,0.005
skycell,range_cost=10,330,1,1,4,0.014,0.007
skycell,range_cost=10,331,1,0,3,0.015,0.005
skycell,range_cost=10,332,1,1,4,0.015,0.007
skycell,range_cost=10,333,1,0,3,0.016,0.005
skycell,range_cost=10,334,1,1,4,0.019,0.007
skycell,range_cost=10,335,1,0,3,0.015,0.004
skycell,range_cost=10,336,1,1,4,0.015,0.005
skycell,range_cost=10,337,1,0,3,0.015,0.004
skycell,range_cost=10,338,1,1,4,0.014,0.006
skycell,range_cost=10,339,1,0,3,0.014,0.004
skycell,range_cost=10,340,1,1,4,0.023,0.005
skycell,range_cost=10,341,1,0,3,0.015,0.004
skycell,range_cost=10,342,1,1,4,0.014,0.006
skycell,range_cost=10,343,1,0,3,0.014,0.005
skycell,range_cost=10,344,1,1,4,0.015,0.007
skycell,range_cost=10,345,1,0,3,0.014,0.003
skycell,range_cost=10,346,1,1,4,0.015,0.005
skycell,range_cost=10,347,1,0,3,0.015,0.007
skycell,range_cost=10,348,1,1,7,0.022,0.007
skycell,range_cost=10,349,1,0,6,0.021,0.006
skycell,range_cost=10,350,1,1,4,0.018,0.006
skycell,range_cost=10,351,1,0,3,0.016,0.006
skycell,range_cost=10,352,1,1,4,0.018,0.008
skycell,range_cost=10,353,1,0,6,0.024,0.007
skycell,range_cost=10,354,1,1,7,0.021,0.008
skycell,range_cost=10,355,1,0,3,0.028,0.006
skycell,range_cost=10,356,1,1,7,0.022,0.007
skycell,range_cost=10,357,1,0,3,0.016,0.005
skycell,range_cost=10,358,1,1,4,0.014,0.005
skycell,range_cost=10,359,1,0,3,0.015,0.005
skycell,range_cost=10,360,1,1,4,0.015,0.007
skycell,range_cost=10,361,1,0,3,0.015,0.004
skycell,range_cost=10,362,1,1,4,0.017,0.006
skycell,range_cost=10,363,1,0,3,0.015,0.004
skycell,range_cost=10,364,1,1,7,0.021,0.008
skycell,range_cost=10,365,1,0,3,0.014,0.005
skycell,range_cost=10,366,1,1,4,0.016,0.006
skycell,range_cost=10,367,1,0,6,0.022,0.007
skycell,range_cost=10,368,1,1,4,0.015,0.006
skycell,range_cost=10,369,1,0,3,0.015,0.004
skycell,range_cost=10,370,1,1,4,0.015,0.005
skycell,range_cost=10,371,1,0,3,0.015,0.004
skycell,range_cost=10,372,1,1,4,0.015,0.006
skycell,range_cost=10,373,1,0,3,0.015,0.004
skycell,range_cost=10,374,1,1,4,0.014,0.006
skycell,range_cost=10,375,1,0,6,0.022,0.007
skycell,range_cost=10,376,1,1,4,0.015,0.006
skycell,range_cost=10,377,1,0,3,0.015,0.004
skycell,range_cost=10,378,1,1,7,0.021,0.007
skycell,range_cost=10,379,1,0,3,0.015,0.004
skycell,range_cost=10,380,1,1,4,0.014,0.006
skycell,range_cost=10,381,1,0,3,0.015,0.004
skycell,range_cost=10,382,1,1,7,0.021,0.007
skycell,range_cost=10,383,1,0,9,0.027,0.007
skycell,range_cost=10,384,1,1,4,0.015,0.006
skycell,range_cost=10,385,1,0,6,0.021,0.006
skycell,range_cost=10,386,1,1,7,0.021,0.008
skycell,range_cost=10,387,1,0,3,0.015,0.004
skycell,range_cost=10,388,1,1,7,0.021,0.007
skycell,range_cost=10,389,1,0,6,0.021,0.006
skycell,range_cost=10,390,1,1,7,0.021,0.007
skycell,range_cost=10,391,1,0,3,0.015,0.006
skycell,range_cost=10,392,1,1,4,0.015,0.006
skycell,range_cost=10,393,1,0,3,0.014,0.004
skycell,range_cost=10,394,1,1,4,0.015,0.006
skycell,range_cost=10,395,1,0,3,0.02,0.005
skycell,range_cost=10,396,1,1,4,0.015,0.005
skycell,range_cost=10,397,1,0,3,0.015,0.004
skycell,range_cost=10,398,1,1,4,0.015,0.005
skycell,range_cost=10,399,1,0,3,0.015,0.005
skycell,range_cost=10,400,1,1,7,0.02,0.008
skycell,range_cost=10,401,1,0,3,0.015,0.004
skycell,range_cost=10,402,1,1,4,0.016,0.006
skycell,range_cost=10,403,1,0,3,0.016,0.004
skycell,range_cost=10,404,1,1,7,0.021,0.009
skycell,range_cost=10,405,1,0,3,0.015,0.004
skycell,range_cost=10,406,1,1,4,0.015,0.01
skycell,range_cost=10,407,1,0,6,0.022,0.006
skycell,range_cost=10,408,1,1,10,0.028,0.009
skycell,range_cost=10,409,1,0,3,0.015,0.005
skycell,range_cost=10,410,1,1,7,0.021,0.008
skycell,range_cost=10,411,1,0,3,0.015,0.004
skycell,range_cost=10,412,1,1,4,0.015,0.005
skycell,range_cost=10,413,1,0,3,0.015,0.005
skycell,range_cost=10,414,1,1,4,0.016,0.006
skycell,range_cost=10,415,1,0,3,0.015,0.004
skycell,range_cost=10,416,1,1,4,0.021,0.006
skycell,range_cost=10,417,1,0,4,0.015,0.006
skycell,range_cost=10,418,1,1,7,0.022,0.007
skycell,range_cost=10,419,1,0,3,0.015,0.005
skycell,range_cost=10,420,1,1,4,0.015,0.005
skycell,range_cost=10,421,1,0,3,0.016,0.005
skycell,range_cost=10,422,1,1,4,0.015,0.006
skycell,range_cost=10,423,1,0,3,0.015,0.004
skycell,range_cost=10,424,1,1,7,0.022,0.008
skycell,range_cost=10,425,1,1,7,0.021,0.008
skycell,range_cost=10,426,1,1,4,0.015,0.006
skycell,range_cost=10,427,1,0,6,0.022,0.006
skycell,range_cost=10,428,1,1,4,0.015,0.006
skycell,range_cost=10,429,1,0,4,0.015,0.005
skycell,range_cost=10,430,1,1,4,0.017,0.007
skycell,range_cost=10,431,1,0,3,0.02,0.006
skycell,range_cost=10,432,1,1,4,0.015,0.006
skycell,range_cost=10,433,1,0,3,0.015,0.004
skycell,range_cost=10,434,1,1,4,0.016,0.006
skycell,range_cost=10,435,1,0,4,0.015,0.005
skycell,range_cost=10,436,1,1,4,0.015,0.006
skycell,range_cost=10,437,1,0,3,0.015,0.004
skycell,range_cost=10,438,1,1,4,0.024,0.005
skycell,range_cost=10,439,1,0,6,0.023,0.007
skycell,range_cost=10,440,1,1,4,0.015,0.006
skycell,range_cost=10,441,1,0,3,0.015,0.004
skycell,range_cost=10,442,1,1,4,0.016,0.005
skycell,range_cost=10,443,1,0,6,0.023,0.007
skycell,range_cost=10,444,1,1,7,0.022,0.007
skycell,range_cost=10,445,1,0,3,0.015,0.005
skycell,range_cost=10,446,1,1,4,0.015,0.006
skycell,range_cost=10,447,1,0,6,0.021,0.007
skycell,range_cost=10,448,1,1,7,0.022,0.008
skycell,range_cost=10,449,1,0,12,0.032,0.008
skycell,range_cost=10,450,1,1,4,0.016,0.007
skycell,range_cost=10,451,1,0,6,0.022,0.007
skycell,range_cost=10,452,1,1,7,0.021,0.009
skycell,range_cost=10,453,1,0,3,0.015,0.004
skycell,range_cost=10,454,1,1,4,0.015,0.005
skycell,range_cost=10,455,1,0,3,0.015,0.004
skycell,range_cost=10,456,1,1,7,0.022,0.007
skycell,range_cost=10,457,1,0,6,0.022,0.006
skycell,range_cost=10,458,1,1,4,0.016,0.007
skycell,range_cost=10,459,1,0,6,0.021,0.005
skycell,range_cost=10,460,1,1,4,0.015,0.006
skycell,range_cost=10,461,1,0,3,0.016,0.005
skycell,range_cost=10,462,1,1,4,0.015,0.006
skycell,range_cost=10,463,1,0,6,0.021,0.006
skycell,range_cost=10,464,1,1,4,0.015,0.006
skycell,range_cost=10,465,1,0,6,0.022,0.006
skycell,range_cost=10,466,1,1,4,0.016,0.006
skycell,range_cost=10,467,1,0,6,0.021,0.006
skycell,range_cost=10,468,1,2,4,0.015,0.006
skycell,range_cost=10,469,1,0,3,0.015,0.005
skycell,range_cost=10,470,1,1,7,0.021,0.007
skycell,range_cost=10,471,1,0,3,0.015,0.004
skycell,range_cost=10,472,1,1,4,0.015,0.005
skycell,range_cost=10,473,1,0,3,0.015,0.003
skycell,range_cost=10,474,1,1,4,0.015,0.005
skycell,range_cost=10,475,1,0,3,0.015,0.004
skycell,range_cost=10,476,1,1,4,0.015,0.006
skycell,range_cost=10,477,1,0,3,0.015,0.004
skycell,range_cost=10,478,1,1,4,0.015,0.006
skycell,range_cost=10,479,1,0,3,0.015,0.005
skycell,range_cost=10,480,1,1,4,0.016,0.005
skycell,range_cost=10,481,1,0,7,0.021,0.007
skycell,range_cost=10,482,1,1,4,0.015,0.006
skycell,range_cost=10,483,1,0,6,0.021,0.006
skycell,range_cost=10,484,1,1,4,0.016,0.006
skycell,range_cost=10,485,1,0,3,0.015,0.004
skycell,range_cost=10,486,1,1,4,0.02,0.005
skycell,range_cost=10,487,1,0,3,0.015,0.004
skycell,range_cost=10,488,1,1,4,0.015,0.005
skycell,range_cost=10,489,1,0,6,0.021,0.006
skycell,range_cost=10,490,1,1,4,0.015,0.005
skycell,range_cost=10,491,1,0,4,0.015,0.005
skycell,range_cost=10,492,1,1,4,0.015,0.005
skycell,range_cost=10,493,1,0,3,0.015,0.004
skycell,range_cost=10,494,1,1,4,0.015,0.005
skycell,range_cost=10,495,1,0,3,0.015,0.004
skycell,range_cost=10,496,1,1,7,0.021,0.008
skycell,range_cost=10,497,1,0,3,0.015,0.004
skycell,range_cost=10,498,1,1,4,0.016,0.005
skycell,range_cost=10,499,1,0,3,0.016,0.005
skycell,range_cost=10,500,1,1,7,0.022,0.008
skycell,range_cost=10,501,1,0,3,0.015,0.005
skycell,range_cost=10,502,1,1,4,0.015,0.006
skycell,range_cost=10,503,1,0,3,0.015,0.004
skycell,range_cost=10,504,1,1,7,0.021,0.007
skycell,range_cost=10,505,1,0,3,0.015,0.004
skycell,range_cost=10,506,1,2,8,0.021,0.01
skycell,range_cost=10,507,1,0,3,0.015,0.004
skycell,range_cost=10,508,1,1,4,0.015,0.006
skycell,range_cost=10,509,1,0,3,0.016,0.004
skycell,range_cost=10,510,1,1,4,0.015,0.006
skycell,range_cost=10,511,1,0,3,0.015,0.005
skycell,range_cost=10,512,1,1,4,0.015,0.005
skycell,range_cost=10,513,1,0,6,0.021,0.006
skycell,range_cost=10,514,1,1,4,0.015,0.005
skycell,range_cost=10,515,1,0,6,0.021,0.006
skycell,range_cost=10,516,1,1,4,0.015,0.005
skycell,range_cost=10,517,1,0,3,0.016,0.004
skycell,range_cost=10,518,1,1,4,0.015,0.006
skycell,range_cost=10,519,1,0,3,0.015,0.004
skycell,range_cost=10,520,1,1,4,0.015,0.005
skycell,range_cost=10,521,1,0,3,0.016,0.004
skycell,range_cost=10,522,1,1,4,0.014,0.005
skycell,range_cost=10,523,1,0,6,0.022,0.006
skycell,range_cost=10,524,1,1,4,0.015,0.006
skycell,range_cost=10,525,1,0,4,0.015,0.006
skycell,range_cost=10,526,1,1,4,0.015,0.005
skycell,range_cost=10,527,1,0,3,0.015,0.004
skycell,range_cost=10,528,1,1,4,0.015,0.005
skycell,range_cost=10,529,1,0,3,0.015,0.004
skycell,range_cost=10,530,1,1,4,0.015,0.006
skycell,range_cost=10,531,1,0,3,0.015,0.004
skycell,range_cost=10,532,1,1,4,0.015,0.005
skycell,range_cost=10,533,1,0,3,0.015,0.004
skycell,range_cost=10,534,1,1,7,0.022,0.007
skycell,range_cost=10,535,1,0,4,0.015,0.006
skycell,range_cost=10,536,1,1,4,0.015,0.005
skycell,range_cost=10,537,1,0,3,0.015,0.004
skycell,range_cost=10,538,1,1,4,0.015,0.005
skycell,range_cost=10,539,1,0,3,0.015,0.004
skycell,range_cost=10,540,1,1,4,0.015,0.005
skycell,range_cost=10,541,1,0,6,0.024,0.007
skycell,range_cost=10,542,1,1,4,0.015,0.006
skycell,range_cost=10,543,1,0,3,0.015,0.005
skycell,range_cost=10,544,1,1,4,0.015,0.006
skycell,range_cost=10,545,1,0,3,0.016,0.004
skycell,range_cost=10,546,1,1,4,0.015,0.006
skycell,range_cost=10,547,1,0,3,0.015,0.004
skycell,range_cost=10,548,1,1,5,0.015,0.007
skycell,range_cost=10,549,1,0,3,0.015,0.004
skycell,range_cost=10,550,1,1,4,0.015,0.006
skycell,range_cost=10,551,1,0,3,0.015,0.004
skycell,range_cost=10,552,1,1,7,0.031,0.007
skycell,range_cost=10,553,1,0,7,0.021,0.007
skycell,range_cost=10,554,1,1,4,0.017,0.005
skycell,range_cost=10,555,1,0,3,0.015,0.004
skycell,range_cost=10,556,1,1,4,0.015,0.005
skycell,range_cost=10,557,1,0,3,0.015,0.004
skycell,range_cost=10,558,1,1,4,0.015,0.006
skycell,range_cost=10,559,1,0,6,0.021,0.006
skycell,range_cost=10,560,1,1,4,0.015,0.006
skycell,range_cost=10,561,1,0,6,0.022,0.006
skycell,range_cost=10,562,1,1,5,0.015,0.007
skycell,range_cost=10,563,1,0,6,0.021,0.006
skycell,range_cost=10,564,1,1,4,0.016,0.006
skycell,range_cost=10,565,1,0,3,0.015,0.005
skycell,range_cost=10,566,1,1,4,0.015,0.005
skycell,range_cost=10,567,1,0,3,0.016,0.005
skycell,range_cost=10,568,1,1,4,0.015,0.004
skycell,range_cost=10,569,1,0,6,0.021,0.006
skycell,range_cost=10,570,1,1,4,0.015,0.007
skycell,range_cost=10,571,1,0,3,0.015,0.004
skycell,range_cost=10,572,1,13,7,0.016,0.02
skycell,range_cost=10,573,1,0,3,0.016,0.005
skycell,range_cost=10,574,1,1,7,0.022,0.007
skycell,range_cost=10,575,1,0,3,0.015,0.004
skycell,range_cost=10,576,1,1,4,0.015,0.005
skycell,range_cost=10,577,1,0,4,0.015,0.005
skycell,range_cost=10,578,1,2,5,0.015,0.008
skycell,range_cost=10,579,1,0,3,0.016,0.005
skycell,range_cost=10,580,1,1,4,0.015,0.006
skycell,range_cost=10,581,1,0,6,0.021,0.006
skycell,range_cost=10,582,1,1,8,0.021,0.009
skycell,range_cost=10,583,1,0,6,0.021,0.006
skycell,range_cost=10,584,1,1,4,0.02,0.006
skycell,range_cost=10,585,1,0,3,0.015,0.004
skycell,range_cost=10,586,1,1,4,0.015,0.006
skycell,range_cost=10,587,1,0,3,0.015,0.004
skycell,range_cost=10,588,1,1,4,0.015,0.005
skycell,range_cost=10,589,1,0,3,0.015,0.004
skycell,range_cost=10,590,1,1,4,0.015,0.005
skycell,range_cost=10,591,1,0,3,0.015,0.004
skycell,range_cost=10,592,1,1,4,0.016,0.005
skycell,range_cost=10,593,1,0,3,0.015,0.004
skycell,range_cost=10,594,1,1,4,0.015,0.005
skycell,range_cost=10,595,1,0,3,0.015,0.004
skycell,range_cost=10,596,1,1,4,0.015,0.006
skycell,range_cost=10,597,1,0,6,0.026,0.007
skycell,range_cost=10,598,1,1,4,0.015,0.006
skycell,range_cost=10,599,1,0,3,0.016,0.004
skycell,range_cost=10,600,1,1,4,0.016,0.005
skycell,range_cost=10,601,1,0,3,0.016,0.004
skycell,range_cost=10,602,1,1,4,0.015,0.005
skycell,range_cost=10,603,1,0,4,0.015,0.006
skycell,range_cost=10,604,1,2,10,0.028,0.009
skycell,range_cost=10,605,1,0,3,0.018,0.005
skycell,range_cost=10,606,1,18,9,0.015,0.042
skycell,range_cost=10,607,1,0,6,0.028,0.006
skycell,range_cost=10,608,1,1,7,0.021,0.007
skycell,range_cost=10,609,1,0,3,0.015,0.005
skycell,range_cost=10,610,1,1,4,0.015,0.006
skycell,range_cost=10,611,1,0,6,0.022,0.006
skycell,range_cost=10,612,1,1,7,0.022,0.008
skycell,range_cost=10,613,1,0,3,0.015,0.004
skycell,range_cost=10,614,1,1,4,0.016,0.006
skycell,range_cost=10,615,1,0,3,0.015,0.004
skycell,range_cost=10,616,1,1,4,0.015,0.005
skycell,range_cost=10,617,1,0,3,0.015,0.004
skycell,range_cost=10,618,1,1,4,0.015,0.006
skycell,range_cost=10,619,1,0,3,0.015,0.004
skycell,range_cost=10,620,1,1,4,0.015,0.006
skycell,range_cost=10,621,1,0,3,0.015,0.004
skycell,range_cost=10,622,1,1,7,0.022,0.007
skycell,range_cost=10,623,1,0,6,0.022,0.006
skycell,range_cost=10,624,1,1,4,0.015,0.006
skycell,range_cost=10,625,1,0,3,0.015,0.004
skycell,range_cost=10,626,1,1,4,0.016,0.005
skycell,range_cost=10,627,1,0,6,0.021,0.005
skycell,range_cost=10,628,1,1,4,0.015,0.006
skycell,range_cost=10,629,1,0,3,0.015,0.004
skycell,range_cost=10,630,1,1,4,0.015,0.006
skycell,range_cost=10,631,1,0,6,0.022,0.006
skycell,range_cost=10,632,1,1,4,0.016,0.012
skycell,range_cost=10,633,1,0,3,0.015,0.004
skycell,range_cost=10,634,1,1,7,0.022,0.007
skycell,range_cost=10,635,1,0,6,0.021,0.006
skycell,range_cost=10,636,1,1,4,0.015,0.005
skycell,range_cost=10,637,1,1,7,0.022,0.007
skycell,range_cost=10,638,1,1,4,0.015,0.005
skycell,range_cost=10,639,1,0,6,0.022,0.006
skycell,range_cost=10,640,1,1,4,0.015,0.006
skycell,range_cost=10,641,1,0,6,0.022,0.006
skycell,range_cost=10,642,1,1,4,0.015,0.006
skycell,range_cost=10,643,1,0,6,0.021,0.005
skycell,range_cost=10,644,1,1,4,0.015,0.006
skycell,range_cost=10,645,1,0,3,0.015,0.004
skycell,range_cost=10,646,1,1,4,0.015,0.005
skycell,range_cost=10,647,1,0,7,0.021,0.007
skycell,range_cost=10,648,1,1,4,0.016,0.006
skycell,range_cost=10,649,1,0,3,0.014,0.004
skycell,range_cost=10,650,1,1,4,0.014,0.005
skycell,range_cost=10,651,1,0,6,0.021,0.006
skycell,range_cost=10,652,1,1,4,0.015,0.005
skycell,range_cost=10,653,1,0,3,0.015,0.004
skycell,range_cost=10,654,1,1,4,0.015,0.005
skycell,range_cost=10,655,1,0,4,0.015,0.005
skycell,range_cost=10,656,1,1,4,0.015,0.005
skycell,range_cost=10,657,1,0,3,0.015,0.004
skycell,range_cost=10,658,1,11,8,0.022,0.016
skycell,range_cost=10,659,1,0,6,0.021,0.006
skycell,range_cost=10,660,1,1,7,0.022,0.008
skycell,range_cost=10,661,1,0,3,0.015,0.004
skycell,range_cost=10,662,1,1,4,0.016,0.006
skycell,range_cost=10,663,1,0,3,0.015,0.004
skycell,range_cost=10,664,1,1,4,0.015,0.005
skycell,range_cost=10,665,1,0,3,0.015,0.004
skycell,range_cost=10,666,1,1,7,0.022,0.008
skycell,range_cost=10,667,1,0,4,0.016,0.005
skycell,range_cost=10,668,1,1,4,0.015,0.005
skycell,range_cost=10,669,1,0,3,0.017,0.005
skycell,range_cost=10,670,1,1,7,0.022,0.008
skycell,range_cost=10,671,1,0,3,0.015,0.004
skycell,range_cost=10,672,1,2,6,0.015,0.013
skycell,range_cost=10,673,1,0,4,0.016,0.005
skycell,range_cost=10,674,1,1,4,0.015,0.006
skycell,range_cost=10,675,1,0,6,0.022,0.006
skycell,range_cost=10,676,1,1,7,0.022,0.008
skycell,range_cost=10,677,1,0,3,0.015,0.004
skycell,range_cost=10,678,1,1,4,0.015,0.006
skycell,range_cost=10,679,1,0,4,0.02,0.005
skycell,range_cost=10,680,1,1,4,0.016,0.005
skycell,range_cost=10,681,1,0,3,0.015,0.005
skycell,range_cost=10,682,1,1,7,0.022,0.007
skycell,range_cost=10,683,1,0,3,0.015,0.005
skycell,range_cost=10,684,1,1,4,0.015,0.006
skycell,range_cost=10,685,1,0,3,0.015,0.004
skycell,range_cost=10,686,1,1,4,0.017,0.006
skycell,range_cost=10,687,1,0,3,0.015,0.004
skycell,range_cost=10,688,1,11,6,0.015,0.016
skycell,range_cost=10,689,1,0,4,0.015,0.005
skycell,range_cost=10,690,1,1,4,0.015,0.004
skycell,range_cost=10,691,1,0,3,0.015,0.004
skycell,range_cost=10,692,1,1,4,0.015,0.006
skycell,range_cost=10,693,1,0,6,0.021,0.006
skycell,range_cost=10,694,1,1,7,0.022,0.007
skycell,range_cost=10,695,1,0,3,0.015,0.004
skycell,range_cost=10,696,1,1,7,0.022,0.007
skycell,range_cost=10,697,1,0,6,0.022,0.006
skycell,range_cost=10,698,1,1,4,0.016,0.005
skycell,range_cost=10,699,1,0,6,0.021,0.006
skycell,range_cost=10,700,1,1,4,0.015,0.005
skycell,range_cost=10,701,1,0,3,0.016,0.005
skycell,range_cost=10,702,1,2,4,0.015,0.006
skycell,range_cost=10,703,1,0,3,0.015,0.004
skycell,range_cost=10,704,1,1,4,0.015,0.005
skycell,range_cost=10,705,1,0,6,0.021,0.006
skycell,range_cost=10,706,1,1,4,0.016,0.006
skycell,range_cost=10,707,1,0,4,0.015,0.005
skycell,range_cost=10,708,1,1,4,0.015,0.006
skycell,range_cost=10,709,1,0,4,0.015,0.005
skycell,range_cost=10,710,1,1,7,0.022,0.007
skycell,range_cost=10,711,1,0,3,0.016,0.004
skycell,range_cost=10,712,1,1,4,0.015,0.005
skycell,range_cost=10,713,1,0,6,0.021,0.006
skycell,range_cost=10,714,1,1,7,0.022,0.007
skycell,range_cost=10,715,1,0,3,0.015,0.004
skycell,range_cost=10,716,1,1,7,0.021,0.007
skycell,range_cost=10,717,1,0,3,0.016,0.004
skycell,range_cost=10,718,1,1,4,0.015,0.009
skycell,range_cost=10,719,1,0,3,0.015,0.004
skycell,range_cost=10,720,1,1,7,0.021,0.007
skycell,range_cost=10,721,1,0,6,0.021,0.005
skycell,range_cost=10,722,1,1,4,0.015,0.005
skycell,range_cost=10,723,1,0,3,0.015,0.004
skycell,range_cost=10,724,1,1,4,0.015,0.005
skycell,range_cost=10,725,1,0,3,0.016,0.004
skycell,range_cost=10,726,1,1,5,0.016,0.005
skycell,range_cost=10,727,1,0,4,0.015,0.006
skycell,range_cost=10,728,1,1,4,0.015,0.006
skycell,range_cost=10,729,1,0,3,0.02,0.004
skycell,range_cost=10,730,1,1,4,0.015,0.005
skycell,range_cost=10,731,1,0,6,0.021,0.006
skycell,range_cost=10,732,1,1,7,0.022,0.007
skycell,range_cost=10,733,1,0,7,0.024,0.008
skycell,range_cost=10,734,1,1,4,0.015,0.006
skycell,range_cost=10,735,1,0,3,0.015,0.004
skycell,range_cost=10,736,1,1,8,0.021,0.008
skycell,range_cost=10,737,1,0,3,0.015,0.005
skycell,range_cost=10,738,1,1,4,0.015,0.005
skycell,range_cost=10,739,1,0,6,0.021,0.006
skycell,range_cost=10,740,1,1,7,0.021,0.007
skycell,range_cost=10,741,1,0,4,0.016,0.006
skycell,range_cost=10,742,1,1,4,0.015,0.005
skycell,range_cost=10,743,1,0,3,0.015,0.005
skycell,range_cost=10,744,1,1,4,0.015,0.006
skycell,range_cost=10,745,1,0,3,0.015,0.004
skycell,range_cost=10,746,1,1,4,0.015,0.006
skycell,range_cost=10,747,1,0,4,0.015,0.005
skycell,range_cost=10,748,1,1,4,0.015,0.005
skycell,range_cost=10,749,1,0,6,0.022,0.007
skycell,range_cost=10,750,1,1,4,0.015,0.006
skycell,range_cost=10,751,1,0,3,0.017,0.005
skycell,range_cost=10,752,1,1,4,0.017,0.006
skycell,range_cost=10,753,1,0,3,0.016,0.004
skycell,range_cost=10,754,1,1,4,0.015,0.005
skycell,range_cost=10,755,1,0,3,0.015,0.005
skycell,range_cost=10,756,1,2,4,0.016,0.006
skycell,range_cost=10,757,1,0,3,0.015,0.005
skycell,range_cost=10,758,1,1,4,0.015,0.006
skycell,range_cost=10,759,1,0,6,0.021,0.006
skycell,range_cost=10,760,1,1,7,0.021,0.007
skycell,range_cost=10,761,1,0,3,0.015,0.004
skycell,range_cost=10,762,1,1,4,0.015,0.007
skycell,range_cost=10,763,1,0,3,0.015,0.005
skycell,range_cost=10,764,1,1,4,0.015,0.006
skycell,range_cost=10,765,1,0,6,0.022,0.006
skycell,range_cost=10,766,1,1,4,0.016,0.006
skycell,range_cost=10,767,1,0,3,0.017,0.005
skycell,range_cost=10,768,1,1,4,0.015,0.006
skycell,range_cost=10,769,1,0,3,0.015,0.004
skycell,range_cost=10,770,1,3,12,0.022,0.032
skycell,range_cost=10,771,1,0,3,0.015,0.005
skycell,range_cost=10,772,1,1,4,0.015,0.006
skycell,range_cost=10,773,1,0,3,0.015,0.004
skycell,range_cost=10,774,1,1,4,0.015,0.006
skycell,range_cost=10,775,1,0,3,0.016,0.005
skycell,range_cost=10,776,1,1,4,0.015,0.006
skycell,range_cost=10,777,1,0,3,0.015,0.004
skycell,range_cost=10,778,1,1,4,0.015,0.006
skycell,range_cost=10,779,1,0,6,0.022,0.006
skycell,range_cost=10,780,1,1,7,0.021,0.008
skycell,range_cost=10,781,1,0,3,0.015,0.004
skycell,range_cost=10,782,1,1,4,0.016,0.005
skycell,range_cost=10,783,1,0,7,0.022,0.007
skycell,range_cost=10,784,1,1,4,0.015,0.006
skycell,range_cost=10,785,1,0,3,0.015,0.004
skycell,range_cost=10,786,1,1,4,0.015,0.006
skycell,range_cost=10,787,1,0,3,0.015,0.004
skycell,range_cost=10,788,1,1,4,0.015,0.006
skycell,range_cost=10,789,1,0,3,0.015,0.004
skycell,range_cost=10,790,1,1,4,0.015,0.005
skycell,range_cost=10,791,1,0,6,0.022,0.006
skycell,range_cost=10,792,1,1,7,0.023,0.012
skycell,range_cost=10,793,1,0,6,0.022,0.005
skycell,range_cost=10,794,1,1,7,0.021,0.007
skycell,range_cost=10,795,1,0,3,0.015,0.004
skycell,range_cost=10,796,1,1,4,0.016,0.005
skycell,range_cost=10,797,1,0,3,0.018,0.005
skycell,range_cost=10,798,1,1,4,0.015,0.004
skycell,range_cost=10,799,1,0,6,0.022,0.006
skycell,range_cost=10,800,1,1,4,0.014,0.005
skycell,range_cost=10,801,1,0,4,0.014,0.005
skycell,range_cost=10,802,2,2,8,0.021,0.01
skycell,range_cost=10,803,1,0,3,0.016,0.005
skycell,range_cost=10,804,1,1,4,0.016,0.008
skycell,range_cost=10,805,1,0,3,0.015,0.004
skycell,range_cost=10,806,4,2,8,0.022,0.01
skycell,range_cost=10,807,1,0,4,0.015,0.006
skycell,range_cost=10,808,1,3,15,0.032,0.015
skycell,range_cost=10,809,1,0,7,0.021,0.008
skycell,range_cost=10,810,1,1,5,0.02,0.01
skycell,range_cost=10,811,1,1,4,0.015,0.006
skycell,range_cost=10,812,1,1,7,0.021,0.008
skycell,range_cost=10,813,1,0,4,0.015,0.006
skycell,range_cost=10,814,1,1,4,0.015,0.005
skycell,range_cost=10,815,1,0,7,0.021,0.007
skycell,range_cost=10,816,1,2,7,0.022,0.009
skycell,range_cost=10,817,1,0,6,0.02,0.006
skycell,range_cost=10,818,1,1,4,0.015,0.006
skycell,range_cost=10,819,1,0,4,0.02,0.006
skycell,range_cost=10,820,2,4,12,0.028,0.015
skycell,range_cost=10,821,1,0,4,0.015,0.006
skycell,range_cost=10,822,1,199,36,0.022,0.169
skycell,range_cost=10,823,1,0,7,0.021,0.007
skycell,range_cost=10,824,1,2,4,0.014,0.007
skycell,range_cost=10,825,1,0,4,0.014,0.005
skycell,range_cost=10,826,1,1,4,0.014,0.005
skycell,range_cost=10,827,1,0,8,0.021,0.011
skycell,range_cost=10,828,1,1,4,0.017,0.006
skycell,range_cost=10,829,1,1,8,0.022,0.011
skycell,range_cost=10,830,1,2,8,0.023,0.01
skycell,range_cost=10,831,1,1,4,0.014,0.005
skycell,range_cost=10,832,1,1,4,0.015,0.005
skycell,range_cost=10,833,1,0,4,0.015,0.005
skycell,range_cost=10,834,1,1,4,0.015,0.006
skycell,range_cost=10,835,1,0,3,0.015,0.004
skycell,range_cost=10,836,3,8,8,0.023,0.013
skycell,range_cost=10,837,1,0,4,0.015,0.005
skycell,range_cost=10,838,1,1,7,0.022,0.008
skycell,range_cost=10,839,1,0,4,0.015,0.005
skycell,range_cost=10,840,1,2,7,0.022,0.008
skycell,range_cost=10,841,1,0,6,0.021,0.006
skycell,range_cost=10,842,1,1,4,0.015,0.007
skycell,range_cost=10,843,1,0,4,0.016,0.005
skycell,range_cost=10,844,1,1,4,0.015,0.006
skycell,range_cost=10,845,1,0,4,0.016,0.007
skycell,range_cost=10,846,1,1,4,0.018,0.006
skycell,range_cost=10,847,1,0,4,0.014,0.005
skycell,range_cost=10,848,1,1,4,0.017,0.006
skycell,range_cost=10,849,1,0,4,0.015,0.005
skycell,range_cost=10,850,1,1,4,0.015,0.005
skycell,range_cost=10,851,1,0,4,0.015,0.005
skycell,range_cost=10,852,2,2,4,0.018,0.007
skycell,range_cost=10,853,1,0,4,0.015,0.007
skycell,range_cost=10,854,1,2,8,0.023,0.01
skycell,range_cost=10,855,1,0,4,0.015,0.006
skycell,range_cost=10,856,2,3,13,0.032,0.01
skycell,range_cost=10,857,1,0,4,0.015,0.005
skycell,range_cost=10,858,1,8,4,0.014,0.007
skycell,range_cost=10,859,1,0,4,0.015,0.005
skycell,range_cost=10,860,1,1,4,0.018,0.007
skycell,range_cost=10,861,1,0,4,0.014,0.005
skycell,range_cost=10,862,1,3,8,0.022,0.011
skycell,range_cost=10,863,1,0,4,0.015,0.005
skycell,range_cost=10,864,1,359,39,0.022,0.196
skycell,range_cost=10,865,1,0,3,0.015,0.004
skycell,range_cost=10,866,1,2,8,0.022,0.011
skycell,range_cost=10,867,1,0,4,0.015,0.005
skycell,range_cost=10,868,1,2,13,0.032,0.011
skycell,range_cost=10,869,1,0,4,0.015,0.005
skycell,range_cost=10,870,1,1,4,0.014,0.005
skycell,range_cost=10,871,1,0,3,0.015,0.004
skycell,range_cost=10,872,2,3,15,0.034,0.014
skycell,range_cost=10,873,1,0,4,0.015,0.004
skycell,range_cost=10,874,5,5,7,0.023,0.009
skycell,range_cost=10,875,1,0,3,0.015,0.004
skycell,range_cost=10,876,1,3,4,0.016,0.007
skycell,range_cost=10,877,1,0,3,0.015,0.004
skycell,range_cost=10,878,1,1,4,0.014,0.006
skycell,range_cost=10,879,1,0,4,0.015,0.005
skycell,range_cost=10,880,1,1,4,0.015,0.005
skycell,range_cost=10,881,1,0,3,0.014,0.005
skycell,range_cost=10,882,1,1,4,0.015,0.006
skycell,range_cost=10,883,1,0,7,0.021,0.007
skycell,range_cost=10,884,1,3,5,0.017,0.007
skycell,range_cost=10,885,1,1,8,0.022,0.012
skycell,range_cost=10,886,2,4,7,0.022,0.008
skycell,range_cost=10,887,1,0,4,0.015,0.006
skycell,range_cost=10,888,1,1,4,0.014,0.005
skycell,range_cost=10,889,1,0,4,0.015,0.005
skycell,range_cost=10,890,1,2,7,0.021,0.008
skycell,range_cost=10,891,1,3,7,0.022,0.008
skycell,range_cost=10,892,1,1,4,0.015,0.006
skycell,range_cost=10,893,3,3,12,0.029,0.013
skycell,range_cost=10,894,1,2,4,0.015,0.006
skycell,range_cost=10,895,1,0,4,0.015,0.005
skycell,range_cost=10,896,1,1,4,0.014,0.006
skycell,range_cost=10,897,1,0,4,0.014,0.005
skycell,range_cost=10,898,1,2,8,0.021,0.01
skycell,range_cost=10,899,1,0,4,0.015,0.005
skycell,range_cost=10,900,1,1,8,0.02,0.01
skycell,range_cost=10,901,1,0,4,0.015,0.005
skycell,range_cost=10,902,2,3,8,0.022,0.01
skycell,range_cost=10,903,1,0,11,0.028,0.01
skycell,range_cost=10,904,1,2,15,0.032,0.014
skycell,range_cost=10,905,1,0,3,0.015,0.004
skycell,range_cost=10,906,2,4,4,0.017,0.008
skycell,range_cost=10,907,1,1,4,0.015,0.005
skycell,range_cost=10,908,1,3,7,0.022,0.008
skycell,range_cost=10,909,1,0,4,0.015,0.005
skycell,range_cost=10,910,1,5,4,0.017,0.007
skycell,range_cost=10,911,1,0,6,0.022,0.006
skycell,range_cost=10,912,1,1,7,0.021,0.008
skycell,range_cost=10,913,1,0,4,0.015,0.005
skycell,range_cost=10,914,1,1,4,0.015,0.006
skycell,range_cost=10,915,1,0,4,0.016,0.005
skycell,range_cost=10,916,1,1,4,0.015,0.006
skycell,range_cost=10,917,1,0,3,0.015,0.005
skycell,range_cost=10,918,1,1,7,0.022,0.008
skycell,range_cost=10,919,1,0,4,0.015,0.005
skycell,range_cost=10,920,1,1,4,0.023,0.005
skycell,range_cost=10,921,1,0,6,0.022,0.007
skycell,range_cost=10,922,1,1,4,0.015,0.005
skycell,range_cost=10,923,1,0,13,0.031,0.009
skycell,range_cost=10,924,2,4,7,0.026,0.01
skycell,range_cost=10,925,1,0,6,0.021,0.007
skycell,range_cost=10,926,1,2,7,0.021,0.007
skycell,range_cost=10,927,1,0,4,0.014,0.006
skycell,range_cost=10,928,1,48,16,0.027,0.055
skycell,range_cost=10,929,1,0,4,0.015,0.006
skycell,range_cost=10,930,1,4,8,0.022,0.011
skycell,range_cost=10,931,1,0,3,0.014,0.004
skycell,range_cost=10,932,2,2,4,0.016,0.008
skycell,range_cost=10,933,1,2,7,0.021,0.008
skycell,range_cost=10,934,2,2,8,0.021,0.009
skycell,range_cost=10,935,1,0,4,0.015,0.005
skycell,range_cost=10,936,2,5,8,0.021,0.01
skycell,range_cost=10,937,1,2,4,0.016,0.008
skycell,range_cost=10,938,1,1,4,0.015,0.006
skycell,range_cost=10,939,1,0,7,0.021,0.007
skycell,range_cost=10,940,2,2,7,0.021,0.008
skycell,range_cost=10,941,1,0,3,0.014,0.004
skycell,range_cost=10,942,4,4,7,0.025,0.009
skycell,range_cost=10,943,1,0,7,0.021,0.007
skycell,range_cost=10,944,1,1,7,0.021,0.006
skycell,range_cost=10,945,1,0,4,0.015,0.006
skycell,range_cost=10,946,3,4,8,0.023,0.011
skycell,range_cost=10,947,1,0,4,0.015,0.005
skycell,range_cost=10,948,2,2,5,0.017,0.01
skycell,range_cost=10,949,1,0,8,0.021,0.008
skycell,range_cost=10,950,1,1,4,0.014,0.006
skycell,range_cost=10,951,1,0,4,0.015,0.005
skycell,range_cost=10,952,1,1,4,0.015,0.006
skycell,range_cost=10,953,1,0,8,0.021,0.008
skycell,range_cost=10,954,1,1,4,0.021,0.006
skycell,range_cost=10,955,1,0,4,0.015,0.005
skycell,range_cost=10,956,1,1,14,0.032,0.012
skycell,range_cost=10,957,1,0,4,0.015,0.006
skycell,range_cost=10,958,1,1,4,0.015,0.006
skycell,range_cost=10,959,1,0,8,0.021,0.01
skycell,range_cost=10,960,1,1,7,0.022,0.007
skycell,range_cost=10,961,1,0,7,0.021,0.006
skycell,range_cost=10,962,1,2,4,0.017,0.006
skycell,range_cost=10,963,1,0,8,0.022,0.01
skycell,range_cost=10,964,2,3,8,0.022,0.011
skycell,range_cost=10,965,1,0,3,0.015,0.004
skycell,range_cost=10,966,1,1,4,0.015,0.005
skycell,range_cost=10,967,1,0,6,0.021,0.006
skycell,range_cost=10,968,1,2,4,0.017,0.006
skycell,range_cost=10,969,1,0,4,0.015,0.005
skycell,range_cost=10,970,1,18,5,0.014,0.016
skycell,range_cost=10,971,2,2,8,0.022,0.01
skycell,range_cost=10,972,1,2,4,0.015,0.005
skycell,range_cost=10,973,1,0,7,0.021,0.006
skycell,range_cost=10,974,2,3,4,0.016,0.007
skycell,range_cost=10,975,1,0,6,0.021,0.006
skycell,range_cost=10,976,1,3,7,0.022,0.007
skycell,range_cost=10,977,1,1,4,0.015,0.004
skycell,range_cost=10,978,1,1,7,0.02,0.007
skycell,range_cost=10,979,1,0,4,0.015,0.006
skycell,range_cost=10,980,1,1,7,0.022,0.008
skycell,range_cost=10,981,1,0,3,0.014,0.004
skycell,range_cost=10,982,5,7,5,0.016,0.008
skycell,range_cost=10,983,1,0,8,0.022,0.008
skycell,range_cost=10,984,1,2,4,0.015,0.006
skycell,range_cost=10,985,1,0,4,0.015,0.005
skycell,range_cost=10,986,3,5,11,0.029,0.011
skycell,range_cost=10,987,1,0,6,0.021,0.006
skycell,range_cost=10,988,1,1,4,0.016,0.006
skycell,range_cost=10,989,1,0,3,0.014,0.004
skycell,range_cost=10,990,1,6,6,0.015,0.016
skycell,range_cost=10,991,1,0,8,0.022,0.008
skycell,range_cost=10,992,2,1,8,0.023,0.009
skycell,range_cost=10,993,1,0,3,0.015,0.005
skycell,range_cost=10,994,2,1,8,0.022,0.011
skycell,range_cost=10,995,1,0,4,0.015,0.006
skycell,range_cost=10,996,1,5,8,0.022,0.014
skycell,range_cost=10,997,1,0,3,0.015,0.004
skycell,range_cost=10,998,4,5,4,0.015,0.007
skycell,range_cost=10,999,1,0,4,0.015,0.005
skycell,range_cost=10,1000,1,1,4,0.014,0.006
skycell,range_cost=10,1001,1,0,4,0.015,0.006
skycell,range_cost=10,1002,1,1,4,0.015,0.005
skycell,range_cost=10,1003,1,0,7,0.021,0.007
skycell,range_cost=10,1004,1,1,4,0.015,0.006
skycell,range_cost=10,1005,1,0,8,0.022,0.009
skycell,range_cost=10,1006,2,3,7,0.021,0.01
skycell,range_cost=10,1007,1,1,7,0.021,0.007
skycell,range_cost=10,1008,1,2,7,0.022,0.009
skycell,range_cost=10,1009,1,0,4,0.015,0.006
skycell,range_cost=10,1010,1,2,4,0.016,0.007
skycell,range_cost=10,1011,1,0,6,0.021,0.006
skycell,range_cost=10,1012,1,1,4,0.015,0.006
skycell,range_cost=10,1013,1,1,5,0.016,0.009
skycell,range_cost=10,1014,2,2,8,0.021,0.01
skycell,range_cost=10,1015,1,0,4,0.015,0.005
skycell,range_cost=10,1016,1,1,4,0.015,0.006
skycell,range_cost=10,1017,1,0,7,0.022,0.007
skycell,range_cost=10,1018,2,3,4,0.015,0.007
skycell,range_cost=10,1019,1,0,3,0.015,0.005
skycell,range_cost=10,1020,1,1,4,0.014,0.006
skycell,range_cost=10,1021,1,0,4,0.015,0.007
skycell,range_cost=10,1022,1,1,7,0.022,0.007
skycell,range_cost=10,1023,1,0,3,0.015,0.004
skycell,range_cost=10,1024,1,1,4,0.016,0.006
skycell,range_cost=10,1025,1,0,4,0.014,0.005
skycell,range_cost=10,1026,1,1,4,0.015,0.006
skycell,range_cost=10,1027,2,0,13,0.033,0.009
skycell,range_cost=10,1028,1,4,8,0.023,0.01
skycell,range_cost=10,1029,1,0,4,0.015,0.005
skycell,range_cost=10,1030,1,1,4,0.015,0.005
skycell,range_cost=10,1031,1,0,7,0.021,0.007
skycell,range_cost=10,1032,1,1,7,0.021,0.008
skycell,range_cost=10,1033,1,0,4,0.015,0.005
skycell,range_cost=10,1034,1,2,4,0.015,0.006
skycell,range_cost=10,1035,1,0,3,0.015,0.005
skycell,range_cost=10,1036,2,1,5,0.016,0.008
skycell,range_cost=10,1037,1,0,4,0.015,0.005
skycell,range_cost=10,1038,2,1,7,0.021,0.007
skycell,range_cost=10,1039,1,0,7,0.021,0.007
skycell,range_cost=10,1040,1,1,4,0.016,0.007
skycell,range_cost=10,1041,1,0,7,0.022,0.007
skycell,range_cost=10,1042,1,1,4,0.016,0.007
skycell,range_cost=10,1043,1,0,3,0.014,0.004
skycell,range_cost=10,1044,1,1,4,0.015,0.007
skycell,range_cost=10,1045,1,1,7,0.021,0.009
skycell,range_cost=10,1046,1,3,4,0.014,0.007
skycell,range_cost=10,1047,1,0,4,0.015,0.005
skycell,range_cost=10,1048,1,1,7,0.022,0.008
skycell,range_cost=10,1049,1,0,4,0.015,0.006
skycell,range_cost=10,1050,1,3,4,0.014,0.006
skycell,range_cost=10,1051,1,0,4,0.015,0.005
skycell,range_cost=10,1052,1,1,8,0.024,0.01
skycell,range_cost=10,1053,1,0,7,0.021,0.008
skycell,range_cost=10,1054,1,1,7,0.022,0.007
skycell,range_cost=10,1055,1,0,4,0.016,0.006
skycell,range_cost=10,1056,1,1,4,0.021,0.006
skycell,range_cost=10,1057,1,0,4,0.015,0.004
skycell,range_cost=10,1058,1,64,16,0.021,0.057
skycell,range_cost=10,1059,1,0,4,0.015,0.006
skycell,range_cost=10,1060,1,1,8,0.021,0.009
skycell,range_cost=10,1061,1,0,7,0.021,0.007
skycell,range_cost=10,1062,1,1,4,0.015,0.006
skycell,range_cost=10,1063,1,0,4,0.015,0.005
skycell,range_cost=10,1064,4,6,11,0.03,0.012
skycell,range_cost=10,1065,1,2,4,0.016,0.006
skycell,range_cost=10,1066,1,2,5,0.014,0.007
skycell,range_cost=10,1067,1,0,7,0.021,0.008
skycell,range_cost=10,1068,1,2,4,0.017,0.007
skycell,range_cost=10,1069,1,0,4,0.015,0.005
skycell,range_cost=10,1070,2,4,7,0.02,0.008
skycell,range_cost=10,1071,1,0,4,0.015,0.005
skycell,range_cost=10,1072,1,3,8,0.022,0.01
skycell,range_cost=10,1073,1,0,7,0.021,0.007
skycell,range_cost=10,1074,1,1,4,0.015,0.007
skycell,range_cost=10,1075,1,0,4,0.016,0.006
skycell,range_cost=10,1076,1,1,4,0.014,0.006
skycell,range_cost=10,1077,1,0,4,0.015,0.005
skycell,range_cost=10,1078,1,1,13,0.032,0.01
skycell,range_cost=10,1079,1,1,4,0.014,0.006
skycell,range_cost=10,1080,1,2,4,0.015,0.006
skycell,range_cost=10,1081,1,0,4,0.015,0.005
skycell,range_cost=10,1082,1,2,8,0.022,0.01
skycell,range_cost=10,1083,1,0,4,0.015,0.006
skycell,range_cost=10,1084,1,1,4,0.016,0.014
skycell,range_cost=10,1085,1,0,3,0.017,0.005
skycell,range_cost=10,1086,1,2,4,0.015,0.006
skycell,range_cost=10,1087,1,0,10,0.028,0.009
skycell,range_cost=10,1088,1,2,4,0.014,0.005
skycell,range_cost=10,1089,1,0,4,0.015,0.005
skycell,range_cost=10,1090,4,5,4,0.016,0.008
skycell,range_cost=10,1091,1,0,7,0.022,0.007
skycell,range_cost=10,1092,1,2,5,0.016,0.009
skycell,range_cost=10,1093,1,0,6,0.021,0.006
skycell,range_cost=10,1094,2,2,7,0.022,0.008
skycell,range_cost=10,1095,1,0,4,0.017,0.005
skycell,range_cost=10,1096,2,1,10,0.029,0.008
skycell,range_cost=10,1097,1,0,4,0.015,0.006
skycell,range_cost=10,1098,1,1,4,0.016,0.006
skycell,range_cost=10,1099,1,1,4,0.014,0.005
skycell,range_cost=10,1100,4,7,4,0.017,0.008
skycell,range_cost=10,1101,3,1,4,0.016,0.006
skycell,range_cost=10,1102,4,3,14,0.033,0.011
skycell,range_cost=10,1103,6,11,15,0.034,0.014
skycell,range_cost=10,1104,4,2,12,0.029,0.011
skycell,range_cost=10,1105,4,1,7,0.023,0.009
skycell,range_cost=10,1106,51,59,17,0.042,0.023
skycell,range_cost=10,1107,3,3,4,0.016,0.007
skycell,range_cost=10,1108,17,36,9,0.028,0.016
skycell,range_cost=10,1109,3,3,4,0.016,0.008
skycell,range_cost=10,1110,16,27,9,0.026,0.016
skycell,range_cost=10,1111,7,3,13,0.034,0.01
skycell,range_cost=10,1112,3,5,8,0.024,0.01
skycell,range_cost=10,1113,3,2,4,0.017,0.007
skycell,range_cost=10,1114,147,123,34,0.072,0.044
skycell,range_cost=10,1115,3,4,7,0.024,0.009
skycell,range_cost=10,1116,120,137,29,0.066,0.043
skycell,range_cost=10,1117,10,11,4,0.016,0.009
skycell,range_cost=10,1118,123,107,20,0.049,0.03
skycell,range_cost=10,1119,14,14,12,0.034,0.016
skycell,range_cost=10,1120,154,158,34,0.073,0.044
skycell,range_cost=10,1121,7,2,14,0.032,0.012
skycell,range_cost=10,1122,39,21,22,0.047,0.019
skycell,range_cost=10,1123,3,2,4,0.018,0.008
skycell,range_cost=10,1124,3,4,9,0.022,0.012
skycell,range_cost=10,1125,4,3,13,0.033,0.012
skycell,range_cost=10,1126,10,18,8,0.023,0.014
skycell,range_cost=10,1127,3,3,8,0.022,0.012
skycell,range_cost=10,1128,4,6,7,0.023,0.009
skycell,range_cost=10,1129,8,21,9,0.024,0.019
skycell,range_cost=10,1130,5,8,7,0.022,0.009
skycell,range_cost=10,1131,3,2,7,0.022,0.011
skycell,range_cost=10,1132,58,88,20,0.05,0.029
skycell,range_cost=10,1133,20,15,12,0.032,0.017
skycell,range_cost=10,1134,4,1,13,0.028,0.012
skycell,range_cost=10,1135,4,3,4,0.017,0.007
skycell,range_cost=10,1136,18,29,11,0.034,0.014
skycell,range_cost=10,1137,3,0,9,0.022,0.01
skycell,range_cost=10,1138,8,2,4,0.017,0.005
skycell,range_cost=10,1139,3,1,4,0.017,0.006
skycell,range_cost=10,1140,3,6,4,0.015,0.006
skycell,range_cost=10,1141,6,8,4,0.018,0.009
skycell,range_cost=10,1142,3,2,4,0.016,0.005
skycell,range_cost=10,1143,12,4,11,0.03,0.012
skycell,range_cost=10,1144,26,75,12,0.034,0.025
skycell,range_cost=10,1145,4,4,13,0.034,0.009
skycell,range_cost=10,1146,23,22,12,0.032,0.017
skycell,range_cost=10,1147,5,2,4,0.027,0.006
skycell,range_cost=10,1148,3,6,7,0.023,0.008
skycell,range_cost=10,1149,5,9,8,0.022,0.012
skycell,range_cost=10,1150,50,66,20,0.048,0.025
skycell,range_cost=10,1151,3,1,4,0.018,0.008
skycell,range_cost=10,1152,5,34,14,0.022,0.046
skycell,range_cost=10,1153,4,4,14,0.033,0.01
skycell,range_cost=10,1154,28,45,15,0.036,0.018
skycell,range_cost=10,1155,13,3,7,0.024,0.009
skycell,range_cost=10,1156,11,466,32,0.038,0.155
skycell,range_cost=10,1157,8,1,15,0.032,0.011
skycell,range_cost=10,1158,52,49,18,0.043,0.023
skycell,range_cost=10,1159,3,2,8,0.023,0.01
skycell,range_cost=10,1160,48,42,24,0.047,0.025
skycell,range_cost=10,1161,5,4,7,0.036,0.009
skycell,range_cost=10,1162,3,3,7,0.024,0.008
skycell,range_cost=10,1163,3,6,8,0.023,0.013
skycell,range_cost=10,1164,3,3,5,0.017,0.008
skycell,range_cost=10,1165,11,12,8,0.022,0.012
skycell,range_cost=10,1166,15,20,9,0.026,0.015
skycell,range_cost=10,1167,3,4,4,0.016,0.007
skycell,range_cost=10,1168,4,930,31,0.017,0.175
skycell,range_cost=10,1169,30,46,12,0.033,0.021
skycell,range_cost=10,1170,5,5,8,0.023,0.009
skycell,range_cost=10,1171,4,1,4,0.017,0.008
skycell,range_cost=10,1172,7,6,5,0.017,0.008
skycell,range_cost=10,1173,3,3,8,0.023,0.012
skycell,range_cost=10,1174,4,4,10,0.03,0.009
skycell,range_cost=10,1175,3,1,7,0.023,0.01
skycell,range_cost=10,1176,16,16,8,0.027,0.014
skycell,range_cost=10,1177,3,2,5,0.017,0.01
skycell,range_cost=10,1178,9,10,5,0.017,0.009
skycell,range_cost=10,1179,2,4,4,0.018,0.008
skycell,range_cost=10,1180,24,13,7,0.029,0.009
skycell,range_cost=10,1181,4,2,15,0.033,0.014
skycell,range_cost=10,1182,48,52,15,0.039,0.023
skycell,range_cost=10,1183,8,7,14,0.033,0.013
skycell,range_cost=10,1184,3,4,8,0.023,0.01
skycell,range_cost=10,1185,10,1,4,0.019,0.006
skycell,range_cost=10,1186,35,48,17,0.036,0.024
skycell,range_cost=10,1187,3,3,8,0.023,0.01
skycell,range_cost=10,1188,6,3,12,0.03,0.011
skycell,range_cost=10,1189,3,3,4,0.018,0.007
skycell,range_cost=10,1190,5,2,8,0.022,0.009
skycell,range_cost=10,1191,3,1,4,0.016,0.007
skycell,range_cost=10,1192,5,137,13,0.016,0.065
skycell,range_cost=10,1193,3,2,5,0.016,0.007
skycell,range_cost=10,1194,3,3,12,0.028,0.011
skycell,range_cost=10,1195,4,2,15,0.034,0.015
skycell,range_cost=10,1196,7,8,8,0.023,0.01
skycell,range_cost=10,1197,3,1,7,0.024,0.01
skycell,range_cost=10,1198,24,49,17,0.043,0.026
skycell,range_cost=10,1199,3,4,5,0.017,0.009
skycell,range_cost=10,1200,49,55,18,0.044,0.025
skycell,range_cost=10,1201,3,2,11,0.029,0.015
skycell,range_cost=10,1202,6,6,4,0.023,0.006
skycell,range_cost=10,1203,47,48,10,0.03,0.022
skycell,range_cost=10,1204,7,8,8,0.025,0.011
skycell,range_cost=10,1205,3,0,4,0.025,0.006
skycell,range_cost=10,1206,47,63,20,0.045,0.024
skycell,range_cost=10,1207,5,8,14,0.033,0.014
skycell,range_cost=10,1208,4,10,4,0.017,0.01
skycell,range_cost=10,1209,3,2,7,0.022,0.01
skycell,range_cost=10,1210,7,8,4,0.017,0.008
skycell,range_cost=10,1211,3,0,11,0.028,0.013
skycell,range_cost=10,1212,70,72,18,0.05,0.022
skycell,range_cost=10,1213,3,2,8,0.023,0.01
skycell,range_cost=10,1214,25,26,19,0.041,0.019
skycell,range_cost=10,1215,4,1,11,0.029,0.01
skycell,range_cost=10,1216,25,33,9,0.024,0.02
skycell,range_cost=10,1217,3,2,7,0.022,0.008
skycell,range_cost=10,1218,4,4,11,0.026,0.009
skycell,range_cost=10,1219,3,5,7,0.024,0.011
skycell,range_cost=10,1220,43,70,11,0.029,0.024
skycell,range_cost=10,1221,3,0,8,0.023,0.009
skycell,range_cost=10,1222,11,3834,58,0.034,0.363
skycell,range_cost=10,1223,4,1,4,0.016,0.008
skycell,range_cost=10,1224,5,5,12,0.039,0.014
skycell,range_cost=10,1225,16,11,8,0.026,0.014
skycell,range_cost=10,1226,8,3,11,0.029,0.01
skycell,range_cost=10,1227,4,4,8,0.022,0.01
skycell,range_cost=10,1228,6,1616,56,0.034,0.293
skycell,range_cost=10,1229,7,11,9,0.022,0.015
skycell,range_cost=10,1230,3,1,7,0.023,0.009
skycell,range_cost=10,1231,5,1,5,0.017,0.009
skycell,range_cost=10,1232,163,170,30,0.067,0.047
skycell,range_cost=10,1233,4,2,7,0.031,0.01
skycell,range_cost=10,1234,3,3,8,0.023,0.009
skycell,range_cost=10,1235,3,2,4,0.016,0.007
skycell,range_cost=10,1236,29,32,18,0.042,0.019
skycell,range_cost=10,1237,3,2,4,0.017,0.007
skycell,range_cost=10,1238,4,4,12,0.029,0.01
skycell,range_cost=10,1239,3,6,6,0.017,0.01
skycell,range_cost=10,1240,46,40,15,0.043,0.023
skycell,range_cost=10,1241,5,3,8,0.023,0.01
skycell,range_cost=10,1242,18,11,11,0.031,0.012
skycell,range_cost=10,1243,52,51,23,0.054,0.026
skycell,range_cost=10,1244,40,66,12,0.031,0.022
skycell,range_cost=10,1245,3,1,8,0.023,0.015
skycell,range_cost=10,1246,3,3,4,0.016,0.006
skycell,range_cost=10,1247,5,0,8,0.023,0.009
skycell,range_cost=10,1248,129,106,24,0.055,0.031
skycell,range_cost=10,1249,17,11,14,0.038,0.013
skycell,range_cost=10,1250,37,29,13,0.031,0.017
skycell,range_cost=10,1251,3,2,7,0.023,0.008
skycell,range_cost=10,1252,103,79,27,0.06,0.028
skycell,range_cost=10,1253,3,4,10,0.029,0.01
skycell,range_cost=10,1254,125,118,35,0.066,0.037
skycell,range_cost=10,1255,36,47,18,0.037,0.025
skycell,range_cost=10,1256,6,4009,52,0.024,0.354
skycell,range_cost=10,1257,52,74,19,0.045,0.025
skycell,range_cost=10,1258,3,4,5,0.021,0.008
skycell,range_cost=10,1259,3,1,11,0.029,0.011
skycell,range_cost=10,1260,8,5,16,0.034,0.013
skycell,range_cost=10,1261,86,99,20,0.05,0.03
skycell,range_cost=10,1262,138,140,20,0.055,0.04
skycell,range_cost=10,1263,3,2,4,0.021,0.007
skycell,range_cost=10,1264,66,74,10,0.034,0.022
skycell,range_cost=10,1265,3,1,7,0.023,0.008
skycell,range_cost=10,1266,24,21,16,0.042,0.017
skycell,range_cost=10,1267,3,3,5,0.016,0.008
skycell,range_cost=10,1268,4,3,14,0.034,0.015
skycell,range_cost=10,1269,3,3,8,0.025,0.011
skycell,range_cost=10,1270,14,22,15,0.034,0.016
skycell,range_cost=10,1271,11,14,9,0.021,0.016
skycell,range_cost=10,1272,15,19,11,0.03,0.017
skycell,range_cost=10,1273,3,4,4,0.017,0.007
skycell,range_cost=10,1274,9,730,39,0.034,0.162
skycell,range_cost=10,1275,53,61,19,0.045,0.023
skycell,range_cost=10,1276,4,3,8,0.022,0.009
skycell,range_cost=10,1277,3,2,4,0.018,0.008
skycell,range_cost=10,1278,140,139,27,0.06,0.037
skycell,range_cost=10,1279,3,0,4,0.017,0.006
skycell,range_cost=10,1280,129,87,18,0.051,0.029
skycell,range_cost=10,1281,3,3,8,0.022,0.01
skycell,range_cost=10,1282,53,77,19,0.043,0.026
skycell,range_cost=10,1283,5,4,4,0.015,0.007
skycell,range_cost=10,1284,23,47,15,0.033,0.024
skycell,range_cost=10,1285,29,36,11,0.035,0.016
skycell,range_cost=10,1286,3,2,4,0.016,0.006
skycell,range_cost=10,1287,4,7,4,0.018,0.007
skycell,range_cost=10,1288,3,4,4,0.017,0.008
skycell,range_cost=10,1289,3,1,4,0.017,0.008
skycell,range_cost=10,1290,153,175,32,0.067,0.047
skycell,range_cost=10,1291,3,2,8,0.022,0.012
skycell,range_cost=10,1292,76,65,17,0.043,0.026
skycell,range_cost=10,1293,3,4,7,0.023,0.008
skycell,range_cost=10,1294,51,59,15,0.042,0.023
skycell,range_cost=10,1295,5,2,7,0.023,0.008
skycell,range_cost=10,1296,6,5,5,0.017,0.008
skycell,range_cost=10,1297,5,1,7,0.022,0.009
skycell,range_cost=10,1298,5,9,12,0.028,0.014
skycell,range_cost=10,1299,7,3,7,0.024,0.009
skycell,range_cost=10,1300,61,81,10,0.033,0.022
skycell,range_cost=10,1301,107,115,26,0.061,0.033
skycell,range_cost=10,1302,575,528,54,0.12,0.094
skycell,range_cost=10,1303,313,144,45,0.105,0.044
skycell,range_cost=10,1304,670,1562,78,0.12,0.237
skycell,range_cost=10,1305,65,53,16,0.042,0.022
skycell,range_cost=10,1306,1168,1632,102,0.18,0.238
skycell,range_cost=10,1307,144,103,24,0.065,0.035
skycell,range_cost=10,1308,129,85,30,0.079,0.033
skycell,range_cost=10,1309,74,72,23,0.053,0.029
skycell,range_cost=10,1310,89,68,24,0.059,0.027
skycell,range_cost=10,1311,72,63,12,0.041,0.023
skycell,range_cost=10,1312,70,66,20,0.047,0.024
skycell,range_cost=10,1313,94,51,16,0.045,0.02
skycell,range_cost=10,1314,91,69,28,0.065,0.025
skycell,range_cost=10,1315,413,475,49,0.102,0.082
skycell,range_cost=10,1316,745,397,55,0.117,0.075
skycell,range_cost=10,1317,70,71,22,0.057,0.028
skycell,range_cost=10,1318,758,800,66,0.121,0.135
skycell,range_cost=10,1319,63,64,26,0.055,0.033
skycell,range_cost=10,1320,85,73,30,0.065,0.033
skycell,range_cost=10,1321,182,75,32,0.076,0.029
skycell,range_cost=10,1322,132,69,22,0.058,0.029
skycell,range_cost=10,1323,90,77,22,0.056,0.026
skycell,range_cost=10,1324,2177,2294,99,0.182,0.297
skycell,range_cost=10,1325,78,84,24,0.056,0.031
skycell,range_cost=10,1326,562,752,51,0.104,0.123
skycell,range_cost=10,1327,87,72,24,0.057,0.026
skycell,range_cost=10,1328,619,879,60,0.117,0.132
skycell,range_cost=10,1329,88,81,24,0.058,0.03
skycell,range_cost=10,1330,1678,1598,93,0.183,0.218
skycell,range_cost=10,1331,73,61,28,0.057,0.031
skycell,range_cost=10,1332,69,69,22,0.045,0.028
skycell,range_cost=10,1333,70,67,15,0.04,0.024
skycell,range_cost=10,1334,680,736,66,0.142,0.121
skycell,range_cost=10,1335,275,311,42,0.087,0.072
skycell,range_cost=10,1336,654,1019,68,0.124,0.16
skycell,range_cost=10,1337,87,81,19,0.056,0.028
skycell,range_cost=10,1338,874,1099,87,0.163,0.17
skycell,range_cost=10,1339,123,122,16,0.049,0.031
skycell,range_cost=10,1340,675,1284,70,0.12,0.172
skycell,range_cost=10,1341,80,56,20,0.049,0.034
skycell,range_cost=10,1342,84,65,25,0.054,0.033
skycell,range_cost=10,1343,80,61,18,0.044,0.025
skycell,range_cost=10,1344,70,57,20,0.046,0.025
skycell,range_cost=10,1345,75,63,23,0.06,0.026
skycell,range_cost=10,1346,721,553,67,0.136,0.108
skycell,range_cost=10,1347,76,68,16,0.041,0.032
skycell,range_cost=10,1348,98,63,24,0.057,0.026
skycell,range_cost=10,1349,114,216,28,0.063,0.055
skycell,range_cost=10,1350,72,75,20,0.045,0.029
skycell,range_cost=10,1351,101,69,30,0.066,0.029
skycell,range_cost=10,1352,125,157,23,0.058,0.04
skycell,range_cost=10,1353,254,211,39,0.084,0.049
skycell,range_cost=10,1354,108,136,20,0.051,0.032
skycell,range_cost=10,1355,94,47,20,0.049,0.022
skycell,range_cost=10,1356,275,660,49,0.088,0.107
skycell,range_cost=10,1357,66,70,27,0.055,0.029
skycell,range_cost=10,1358,64,66,15,0.037,0.027
skycell,range_cost=10,1359,176,68,33,0.076,0.028
skycell,range_cost=10,1360,583,674,49,0.104,0.115
skycell,range_cost=10,1361,64,67,22,0.049,0.03
skycell,range_cost=10,1362,65,61,17,0.037,0.028
skycell,range_cost=10,1363,80,60,22,0.055,0.032
skycell,range_cost=10,1364,2647,2512,128,0.234,0.301
skycell,range_cost=10,1365,63,65,25,0.048,0.027
skycell,range_cost=10,1366,71,65,21,0.049,0.029
skycell,range_cost=10,1367,93,60,21,0.058,0.022
skycell,range_cost=10,1368,71,60,21,0.047,0.032
skycell,range_cost=10,1369,189,163,33,0.07,0.043
skycell,range_cost=10,1370,3880,4069,169,0.29,0.478
skycell,range_cost=10,1371,73,77,26,0.065,0.031
skycell,range_cost=10,1372,394,601,49,0.099,0.098
skycell,range_cost=10,1373,74,49,20,0.049,0.024
skycell,range_cost=10,1374,88,70,19,0.053,0.024
skycell,range_cost=10,1375,81,73,24,0.05,0.027
skycell,range_cost=10,1376,542,495,54,0.112,0.088
skycell,range_cost=10,1377,74,63,22,0.052,0.024
skycell,range_cost=10,1378,1289,1356,78,0.158,0.193
skycell,range_cost=10,1379,110,79,16,0.048,0.025
skycell,range_cost=10,1380,1275,1572,89,0.177,0.2
skycell,range_cost=10,1381,195,47,35,0.078,0.03
skycell,range_cost=10,1382,71,75,26,0.054,0.033
skycell,range_cost=10,1383,96,65,18,0.051,0.024
skycell,range_cost=10,1384,83,77,17,0.042,0.024
skycell,range_cost=10,1385,1143,1227,80,0.158,0.178
skycell,range_cost=10,1386,1240,1589,63,0.127,0.194
skycell,range_cost=10,1387,63,79,16,0.04,0.026
skycell,range_cost=10,1388,752,898,68,0.131,0.139
skycell,range_cost=10,1389,76,69,21,0.048,0.027
skycell,range_cost=10,1390,492,710,62,0.113,0.121
skycell,range_cost=10,1391,66,77,16,0.042,0.029
skycell,range_cost=10,1392,66,67,18,0.044,0.023
skycell,range_cost=10,1393,65,66,22,0.047,0.026
skycell,range_cost=10,1394,3583,3504,148,0.244,0.414
skycell,range_cost=10,1395,69,64,27,0.058,0.037
skycell,range_cost=10,1396,2915,3600,145,0.235,0.429
skycell,range_cost=10,1397,198,59,27,0.064,0.025
skycell,range_cost=10,1398,3035,2926,142,0.238,0.353
skycell,range_cost=10,1399,125,66,25,0.062,0.028
skycell,range_cost=10,1400,3818,4002,166,0.27,0.475
skycell,range_cost=10,1401,722,297,58,0.133,0.067
skycell,range_cost=10,1402,271,254,42,0.082,0.058
skycell,range_cost=10,1403,306,324,41,0.09,0.07
skycell,range_cost=10,1404,1137,1369,84,0.152,0.209
skycell,range_cost=10,1405,314,265,45,0.098,0.061
skycell,range_cost=10,1406,1132,1108,85,0.182,0.16
skycell,range_cost=10,1407,263,276,45,0.094,0.066
skycell,range_cost=10,1408,4442,4152,181,0.289,0.501
skycell,range_cost=10,1409,281,297,41,0.102,0.064
skycell,range_cost=10,1410,309,306,33,0.079,0.058
skycell,range_cost=10,1411,757,748,67,0.132,0.124
skycell,range_cost=10,1412,288,265,35,0.073,0.063
skycell,range_cost=10,1413,322,280,44,0.096,0.062
skycell,range_cost=10,1414,916,1101,87,0.159,0.189
skycell,range_cost=10,1415,260,251,32,0.068,0.056
skycell,range_cost=10,1416,8830,9129,283,0.418,0.952
skycell,range_cost=10,1417,311,272,36,0.089,0.053
skycell,range_cost=10,1418,4510,5071,188,0.288,0.602
skycell,range_cost=10,1419,323,271,40,0.094,0.066
skycell,range_cost=10,1420,4875,5690,197,0.307,0.62
skycell,range_cost=10,1421,346,233,28,0.082,0.065
skycell,range_cost=10,1422,3974,4433,164,0.248,0.507
skycell,range_cost=10,1423,289,260,37,0.081,0.056
skycell,range_cost=10,1424,1302,3126,116,0.187,0.385
skycell,range_cost=10,1425,2525,3145,137,0.237,0.381
skycell,range_cost=10,1426,527,302,43,0.113,0.072
skycell,range_cost=10,1427,348,255,47,0.103,0.059
skycell,range_cost=10,1428,4269,3905,170,0.292,0.47
skycell,range_cost=10,1429,1196,1284,82,0.167,0.2
skycell,range_cost=10,1430,820,1294,62,0.121,0.172
skycell,range_cost=10,1431,298,289,30,0.068,0.055
skycell,range_cost=10,1432,505,268,45,0.109,0.057
skycell,range_cost=10,1433,1566,901,87,0.176,0.133
skycell,range_cost=10,1434,415,277,42,0.094,0.06
skycell,range_cost=10,1435,1519,1243,92,0.202,0.173
skycell,range_cost=10,1436,494,1021,61,0.107,0.158
skycell,range_cost=10,1437,297,298,37,0.088,0.062
skycell,range_cost=10,1438,392,4191,94,0.11,0.404
skycell,range_cost=10,1439,320,307,38,0.078,0.066
skycell,range_cost=10,1440,277,269,45,0.093,0.059
skycell,range_cost=10,1441,2556,2336,120,0.212,0.307
skycell,range_cost=10,1442,2415,2435,125,0.222,0.308
skycell,range_cost=10,1443,2467,2502,129,0.221,0.325
skycell,range_cost=10,1444,28334,35019,640,0.645,3.523
skycell,range_cost=10,1445,10689,11114,324,0.463,1.19
skycell,range_cost=10,1446,2652,6517,172,0.224,0.639
skycell,range_cost=10,1447,3410,2340,122,0.241,0.293
skycell,range_cost=10,1448,137986,147516,1965,0.749,13.597
skycell,range_cost=10,1449,3731,2525,131,0.262,0.322
skycell,range_cost=10,1450,42176,43516,743,0.678,4.172
skycell,range_cost=10,1451,2807,2330,134,0.281,0.292
skycell,range_cost=10,1452,28889,26649,553,0.626,2.848
skycell,range_cost=10,1453,2522,2324,129,0.262,0.302
skycell,range_cost=10,1454,22838,22109,484,0.557,2.248
skycell,range_cost=10,1455,3354,2386,137,0.241,0.295
skycell,range_cost=10,1456,17758,18819,445,0.573,1.863
