corpus,qid,label,method,est,act,buffers,plan_ms,exec_ms
designed,507,"10""",skycell,1,0,4,0.054,0.027
designed,507,"10""",q3c,1,0,300,1.932,0.495
designed,507,"10""",pgsphere,1,0,5,0.022,0.03
designed,311,"1""",skycell,1,0,6,0.04,0.013
designed,311,"1""",pgsphere,1,0,4,0.011,0.014
designed,311,"1""",q3c,1,0,300,1.197,0.248
designed,630,"10""",q3c,1,1,301,1.257,0.248
designed,630,"10""",skycell,1,1,4,0.017,0.008
designed,630,"10""",pgsphere,1,1,6,0.008,0.016
designed,442,"10""",q3c,1,1,301,1.333,0.207
designed,442,"10""",skycell,1,1,4,0.016,0.007
designed,442,"10""",pgsphere,1,1,9,0.008,0.023
designed,47,"1""",q3c,1,0,300,1.305,0.206
designed,47,"1""",pgsphere,1,0,9,0.009,0.029
designed,47,"1""",skycell,1,0,6,0.022,0.008
designed,1003,1',q3c,1,0,300,1.202,0.2
designed,1003,1',skycell,1,0,4,0.014,0.008
designed,1003,1',pgsphere,1,0,7,0.007,0.017
designed,946,1',pgsphere,1,4,6,0.007,0.018
designed,946,1',skycell,3,4,8,0.019,0.018
designed,946,1',q3c,1,4,301,1.253,0.217
designed,691,"10""",pgsphere,1,0,6,0.009,0.015
designed,691,"10""",q3c,1,0,300,1.119,0.203
designed,691,"10""",skycell,1,0,3,0.015,0.006
designed,408,"10""",pgsphere,1,1,6,0.007,0.017
designed,408,"10""",skycell,1,1,7,0.026,0.012
designed,408,"10""",q3c,1,1,301,1.239,0.213
designed,1370,30',skycell,3917,4069,122,0.097,0.875
designed,1370,30',q3c,2104,4069,372,1.366,1.895
designed,1370,30',pgsphere,190,4069,359,0.01,1.204
designed,802,1',skycell,4,2,8,0.028,0.012
designed,802,1',pgsphere,1,2,7,0.008,0.017
designed,802,1',q3c,1,2,301,1.334,0.212
designed,1341,30',pgsphere,190,56,21,0.009,0.073
designed,1341,30',q3c,33,56,306,1.239,0.247
designed,1341,30',skycell,86,56,11,0.021,0.057
designed,415,"10""",pgsphere,1,0,4,0.007,0.011
designed,415,"10""",q3c,1,0,300,1.172,0.2
designed,415,"10""",skycell,1,0,3,0.014,0.006
designed,153,"1""",q3c,1,0,300,1.176,0.202
designed,153,"1""",skycell,1,0,3,0.015,0.006
designed,153,"1""",pgsphere,1,0,5,0.007,0.015
designed,315,"1""",q3c,1,0,300,1.194,0.2
designed,315,"1""",skycell,1,0,3,0.015,0.006
designed,315,"1""",pgsphere,1,0,4,0.007,0.011
designed,382,"1""",q3c,1,1,301,1.238,0.201
designed,382,"1""",skycell,1,1,4,0.015,0.007
designed,382,"1""",pgsphere,1,1,7,0.007,0.017
designed,966,1',q3c,1,1,301,1.188,0.21
designed,966,1',pgsphere,1,1,5,0.008,0.013
designed,966,1',skycell,1,1,4,0.017,0.007
designed,658,"10""",pgsphere,1,11,8,0.007,0.022
designed,658,"10""",q3c,1,11,301,1.257,0.211
designed,658,"10""",skycell,1,11,7,0.019,0.022
designed,672,"10""",q3c,1,2,301,1.293,0.209
designed,672,"10""",skycell,1,2,6,0.015,0.018
designed,672,"10""",pgsphere,1,2,6,0.007,0.017
designed,1385,30',pgsphere,190,1227,142,0.007,0.3
designed,1385,30',skycell,1401,1227,68,0.077,0.168
designed,1385,30',q3c,295,1227,333,1.217,0.385
designed,205,"1""",pgsphere,1,0,5,0.008,0.014
designed,205,"1""",q3c,1,0,300,1.384,0.205
designed,205,"1""",skycell,1,0,3,0.014,0.005
designed,797,"10""",skycell,1,0,3,0.013,0.006
designed,797,"10""",pgsphere,1,0,4,0.007,0.011
designed,797,"10""",q3c,1,0,300,1.181,0.197
designed,1417,1deg,skycell,416,272,24,0.041,0.081
designed,1417,1deg,q3c,268,272,307,1.194,0.283
designed,1417,1deg,pgsphere,762,272,47,0.008,0.088
designed,260,"1""",skycell,1,1,4,0.013,0.007
designed,260,"1""",pgsphere,1,1,5,0.007,0.013
designed,260,"1""",q3c,1,1,301,1.236,0.2
designed,671,"10""",skycell,1,0,3,0.034,0.007
designed,671,"10""",q3c,1,0,300,1.162,0.226
designed,671,"10""",pgsphere,1,0,4,0.012,0.012
designed,270,"1""",skycell,1,1,4,0.014,0.008
designed,270,"1""",pgsphere,1,1,6,0.007,0.014
designed,270,"1""",q3c,1,1,301,1.251,0.214
designed,15,"1""",q3c,1,0,300,1.126,0.222
designed,15,"1""",pgsphere,1,0,5,0.013,0.016
designed,15,"1""",skycell,1,0,3,0.02,0.008
designed,999,1',pgsphere,1,0,4,0.009,0.02
designed,999,1',q3c,1,0,300,1.282,0.195
designed,999,1',skycell,1,0,4,0.017,0.009
designed,513,"10""",pgsphere,1,0,3,0.009,0.01
designed,513,"10""",skycell,1,0,6,0.021,0.009
designed,513,"10""",q3c,1,0,300,1.165,0.2
designed,927,1',q3c,1,0,300,1.207,0.219
designed,927,1',skycell,1,0,4,0.017,0.009
designed,927,1',pgsphere,1,0,5,0.008,0.016
designed,568,"10""",pgsphere,1,1,5,0.008,0.014
designed,568,"10""",skycell,1,1,4,0.014,0.007
designed,568,"10""",q3c,1,1,301,1.195,0.205
designed,94,"1""",pgsphere,1,1,5,0.01,0.016
designed,94,"1""",skycell,1,1,4,0.019,0.012
designed,94,"1""",q3c,1,1,301,1.26,0.212
designed,952,1',q3c,1,1,301,1.379,0.223
designed,952,1',pgsphere,1,1,6,0.011,0.018
designed,952,1',skycell,1,1,4,0.016,0.008
designed,229,"1""",skycell,1,0,3,0.014,0.007
designed,229,"1""",q3c,1,0,300,1.22,0.197
designed,229,"1""",pgsphere,1,0,6,0.01,0.015
designed,288,"1""",skycell,1,1,4,0.015,0.008
designed,288,"1""",q3c,1,1,301,1.237,0.207
designed,288,"1""",pgsphere,1,1,8,0.01,0.021
designed,885,1',skycell,1,1,8,0.021,0.021
designed,885,1',pgsphere,1,1,10,0.008,0.018
designed,885,1',q3c,1,1,302,1.188,0.216
designed,800,"10""",pgsphere,1,1,6,0.009,0.016
designed,800,"10""",q3c,1,1,301,1.156,0.201
designed,800,"10""",skycell,1,1,4,0.017,0.007
designed,116,"1""",pgsphere,1,1,6,0.008,0.015
designed,116,"1""",skycell,1,1,4,0.013,0.006
designed,116,"1""",q3c,1,1,301,1.404,0.221
designed,1239,6',q3c,2,6,301,1.266,0.244
designed,1239,6',pgsphere,8,6,7,0.009,0.027
designed,1239,6',skycell,3,6,6,0.014,0.015
designed,150,"1""",pgsphere,1,1,7,0.008,0.02
designed,150,"1""",q3c,1,1,301,1.262,0.196
designed,150,"1""",skycell,1,1,7,0.022,0.009
designed,189,"1""",skycell,1,0,6,0.02,0.008
designed,189,"1""",q3c,1,0,300,1.208,0.204
designed,189,"1""",pgsphere,1,0,5,0.01,0.013
designed,1423,1deg,skycell,320,260,28,0.041,0.115
designed,1423,1deg,q3c,179,260,306,1.171,0.293
designed,1423,1deg,pgsphere,762,260,47,0.009,0.167
designed,385,"1""",pgsphere,1,0,6,0.012,0.021
designed,385,"1""",q3c,1,0,300,1.366,0.212
designed,385,"1""",skycell,1,0,3,0.015,0.006
designed,444,"10""",pgsphere,1,1,6,0.008,0.015
designed,444,"10""",q3c,1,1,301,1.261,0.203
designed,444,"10""",skycell,1,1,4,0.016,0.007
designed,755,"10""",skycell,1,0,3,0.023,0.008
designed,755,"10""",pgsphere,1,0,5,0.008,0.019
designed,755,"10""",q3c,1,0,300,1.158,0.204
designed,518,"10""",q3c,1,1,301,1.161,0.214
designed,518,"10""",skycell,1,1,4,0.015,0.009
designed,518,"10""",pgsphere,1,1,6,0.008,0.016
designed,175,"1""",q3c,1,0,300,1.383,0.203
designed,175,"1""",pgsphere,1,0,8,0.009,0.038
designed,175,"1""",skycell,1,0,3,0.014,0.006
designed,259,"1""",pgsphere,1,0,4,0.007,0.012
designed,259,"1""",skycell,1,0,3,0.014,0.005
designed,259,"1""",q3c,1,0,300,1.153,0.198
designed,1036,1',q3c,2,1,301,1.187,0.222
designed,1036,1',skycell,3,1,5,0.017,0.009
designed,1036,1',pgsphere,1,1,6,0.008,0.015
designed,134,"1""",pgsphere,1,1,9,0.007,0.02
designed,134,"1""",skycell,1,1,4,0.013,0.007
designed,134,"1""",q3c,1,1,301,1.339,0.198
designed,201,"1""",q3c,1,0,300,1.2,0.215
designed,201,"1""",skycell,1,0,3,0.015,0.006
designed,201,"1""",pgsphere,1,0,5,0.008,0.012
designed,1407,1deg,q3c,176,276,308,1.22,0.242
designed,1407,1deg,skycell,284,276,24,0.038,0.059
designed,1407,1deg,pgsphere,762,276,38,0.007,0.087
designed,903,1',q3c,1,0,300,1.253,0.203
designed,903,1',skycell,1,0,4,0.015,0.008
designed,903,1',pgsphere,1,0,7,0.007,0.017
designed,606,"10""",q3c,1,18,302,1.345,0.21
designed,606,"10""",pgsphere,1,18,8,0.009,0.021
designed,606,"10""",skycell,1,18,17,0.014,0.081
designed,1055,1',pgsphere,1,0,5,0.007,0.017
designed,1055,1',skycell,1,0,4,0.013,0.006
designed,1055,1',q3c,1,0,300,1.179,0.2
designed,521,"10""",q3c,1,0,300,1.189,0.243
designed,521,"10""",skycell,1,0,3,0.015,0.005
designed,521,"10""",pgsphere,1,0,4,0.01,0.013
designed,1160,6',q3c,9,42,302,1.11,0.209
designed,1160,6',pgsphere,8,42,10,0.008,0.031
designed,1160,6',skycell,39,42,18,0.03,0.044
designed,18,"1""",pgsphere,1,1,7,0.009,0.015
designed,18,"1""",q3c,1,1,301,1.299,0.244
designed,18,"1""",skycell,1,1,7,0.022,0.014
designed,1453,3deg,skycell,2569,2324,103,0.101,0.322
designed,1453,3deg,pgsphere,6852,2324,98,0.01,0.458
designed,1453,3deg,q3c,1650,2324,344,1.302,0.536
designed,372,"1""",pgsphere,1,1,5,0.009,0.012
designed,372,"1""",q3c,1,1,301,1.19,0.23
designed,372,"1""",skycell,1,1,4,0.016,0.007
designed,1402,1deg,q3c,161,254,305,1.246,0.275
designed,1402,1deg,skycell,232,254,24,0.037,0.082
designed,1402,1deg,pgsphere,762,254,38,0.007,0.141
designed,645,"10""",skycell,1,0,3,0.013,0.006
designed,645,"10""",pgsphere,1,0,5,0.007,0.014
designed,645,"10""",q3c,1,0,300,1.212,0.202
designed,1358,30',pgsphere,190,66,12,0.009,0.038
designed,1358,30',skycell,71,66,9,0.02,0.026
designed,1358,30',q3c,57,66,304,1.151,0.223
designed,656,"10""",q3c,1,1,301,1.173,0.223
designed,656,"10""",skycell,1,1,4,0.015,0.007
designed,656,"10""",pgsphere,1,1,12,0.007,0.03
designed,1089,1',pgsphere,1,0,8,0.007,0.021
designed,1089,1',skycell,1,0,4,0.013,0.006
designed,1089,1',q3c,1,0,300,1.329,0.209
designed,105,"1""",skycell,1,0,3,0.015,0.006
designed,105,"1""",q3c,1,0,300,1.28,0.205
designed,105,"1""",pgsphere,1,0,9,0.009,0.023
designed,812,1',q3c,1,1,301,1.294,0.236
designed,812,1',skycell,1,1,7,0.021,0.009
designed,812,1',pgsphere,1,1,7,0.008,0.016
designed,673,"10""",skycell,1,0,4,0.013,0.006
designed,673,"10""",q3c,1,0,300,1.262,0.198
designed,673,"10""",pgsphere,1,0,6,0.008,0.019
designed,162,"1""",q3c,1,1,301,1.268,0.208
designed,162,"1""",pgsphere,1,1,7,0.009,0.016
designed,162,"1""",skycell,1,1,4,0.014,0.007
designed,884,1',pgsphere,1,3,10,0.007,0.028
designed,884,1',q3c,1,3,301,1.237,0.21
designed,884,1',skycell,1,3,5,0.016,0.008
designed,939,1',pgsphere,1,0,4,0.007,0.012
designed,939,1',skycell,1,0,7,0.02,0.008
designed,939,1',q3c,1,0,300,1.304,0.2
designed,888,1',pgsphere,1,1,5,0.008,0.012
designed,888,1',skycell,1,1,4,0.014,0.006
designed,888,1',q3c,1,1,301,1.249,0.209
designed,398,"1""",skycell,1,1,4,0.021,0.007
designed,398,"1""",q3c,1,1,301,1.264,0.207
designed,398,"1""",pgsphere,1,1,5,0.008,0.011
designed,1112,6',skycell,3,5,8,0.02,0.012
designed,1112,6',q3c,1,5,301,1.274,0.206
designed,1112,6',pgsphere,8,5,5,0.008,0.014
designed,682,"10""",q3c,1,1,301,1.226,0.209
designed,682,"10""",skycell,1,1,7,0.021,0.009
designed,682,"10""",pgsphere,1,1,13,0.007,0.03
designed,530,"10""",skycell,1,1,4,0.013,0.007
designed,530,"10""",q3c,1,1,301,1.271,0.203
designed,530,"10""",pgsphere,1,1,6,0.009,0.015
designed,973,1',skycell,1,0,7,0.02,0.017
designed,973,1',pgsphere,1,0,6,0.007,0.014
designed,973,1',q3c,1,0,300,1.185,0.199
designed,465,"10""",skycell,1,0,6,0.021,0.008
designed,465,"10""",q3c,1,0,300,1.347,0.202
designed,465,"10""",pgsphere,1,0,8,0.009,0.025
designed,366,"1""",q3c,1,1,301,1.33,0.202
designed,366,"1""",pgsphere,1,1,5,0.009,0.013
designed,366,"1""",skycell,1,1,4,0.014,0.007
designed,493,"10""",q3c,1,0,300,1.146,0.197
designed,493,"10""",pgsphere,1,0,7,0.009,0.021
designed,493,"10""",skycell,1,0,3,0.016,0.007
designed,194,"1""",pgsphere,1,1,6,0.007,0.013
designed,194,"1""",skycell,1,1,4,0.013,0.007
designed,194,"1""",q3c,1,1,301,1.112,0.217
designed,1325,30',q3c,48,84,303,1.286,0.275
designed,1325,30',skycell,87,84,21,0.039,0.061
designed,1325,30',pgsphere,190,84,20,0.007,0.07
designed,1237,6',pgsphere,8,2,7,0.007,0.021
designed,1237,6',q3c,1,2,301,1.222,0.196
designed,1237,6',skycell,3,2,4,0.015,0.009
designed,641,"10""",q3c,1,0,300,1.233,0.205
designed,641,"10""",skycell,1,0,3,0.015,0.005
designed,641,"10""",pgsphere,1,0,5,0.007,0.011
designed,384,"1""",skycell,1,1,4,0.013,0.006
designed,384,"1""",q3c,1,1,301,1.214,0.206
designed,384,"1""",pgsphere,1,1,9,0.009,0.024
designed,557,"10""",skycell,1,0,3,0.014,0.005
designed,557,"10""",q3c,1,0,300,1.333,0.262
designed,557,"10""",pgsphere,1,0,4,0.009,0.012
designed,1163,6',pgsphere,8,6,7,0.009,0.03
designed,1163,6',q3c,1,6,302,1.275,0.221
designed,1163,6',skycell,3,6,8,0.023,0.042
designed,993,1',skycell,1,0,3,0.013,0.005
designed,993,1',pgsphere,1,0,4,0.007,0.017
designed,993,1',q3c,1,0,300,1.325,0.204
designed,1232,6',skycell,187,170,28,0.041,0.076
designed,1232,6',q3c,82,170,306,1.333,0.24
designed,1232,6',pgsphere,8,170,31,0.01,0.078
designed,80,"1""",pgsphere,1,1,5,0.009,0.011
designed,80,"1""",skycell,1,1,4,0.014,0.007
designed,80,"1""",q3c,1,1,301,1.132,0.203
designed,1380,30',pgsphere,190,1572,169,0.009,0.594
designed,1380,30',q3c,276,1572,332,1.431,0.52
designed,1380,30',skycell,1336,1572,62,0.062,0.248
designed,917,1',pgsphere,1,0,4,0.008,0.013
designed,917,1',skycell,1,0,3,0.013,0.005
designed,917,1',q3c,1,0,300,1.222,0.204
designed,981,1',q3c,1,0,300,1.166,0.214
designed,981,1',skycell,1,0,4,0.015,0.006
designed,981,1',pgsphere,1,0,7,0.008,0.017
designed,1259,6',pgsphere,8,1,6,0.007,0.021
designed,1259,6',q3c,1,1,301,1.266,0.214
designed,1259,6',skycell,3,1,8,0.022,0.018
designed,573,"10""",pgsphere,1,0,4,0.009,0.012
designed,573,"10""",q3c,1,0,300,1.135,0.202
designed,573,"10""",skycell,1,0,3,0.015,0.005
designed,118,"1""",q3c,1,1,301,1.302,0.213
designed,118,"1""",pgsphere,1,1,7,0.009,0.017
designed,118,"1""",skycell,1,1,4,0.013,0.006
designed,419,"10""",pgsphere,1,0,6,0.007,0.016
designed,419,"10""",skycell,1,0,3,0.013,0.005
designed,419,"10""",q3c,1,0,300,1.3,0.209
designed,1042,1',q3c,1,1,301,1.275,0.225
designed,1042,1',pgsphere,1,1,8,0.009,0.024
designed,1042,1',skycell,1,1,4,0.014,0.008
designed,1442,3deg,skycell,2380,2435,83,0.082,0.335
designed,1442,3deg,pgsphere,6852,2435,124,0.009,0.637
designed,1442,3deg,q3c,1427,2435,347,1.318,0.57
designed,1257,6',pgsphere,8,74,20,0.009,0.049
designed,1257,6',skycell,84,74,13,0.033,0.024
designed,1257,6',q3c,20,74,305,1.236,0.221
designed,1222,6',q3c,8,3834,341,1.126,0.571
designed,1222,6',pgsphere,8,3834,234,0.009,0.532
designed,1222,6',skycell,9,3834,52,0.02,0.346
designed,1395,30',pgsphere,190,64,13,0.007,0.057
designed,1395,30',skycell,80,64,15,0.03,0.042
designed,1395,30',q3c,68,64,304,1.379,0.217
designed,434,"10""",skycell,1,1,4,0.015,0.008
designed,434,"10""",pgsphere,1,1,7,0.007,0.016
designed,434,"10""",q3c,1,1,301,1.324,0.202
designed,1309,30',skycell,70,72,10,0.02,0.032
designed,1309,30',q3c,36,72,304,1.257,0.24
designed,1309,30',pgsphere,190,72,13,0.009,0.037
designed,953,1',q3c,1,0,300,1.2,0.202
designed,953,1',skycell,1,0,8,0.024,0.019
designed,953,1',pgsphere,1,0,7,0.01,0.019
designed,1152,6',q3c,2,34,302,1.324,0.22
designed,1152,6',skycell,4,34,14,0.022,0.066
designed,1152,6',pgsphere,8,34,10,0.007,0.037
designed,1292,6',pgsphere,8,65,16,0.007,0.058
designed,1292,6',skycell,94,65,13,0.025,0.037
designed,1292,6',q3c,54,65,305,1.243,0.232
designed,101,"1""",q3c,1,0,300,1.221,0.221
designed,101,"1""",skycell,1,0,3,0.016,0.006
designed,101,"1""",pgsphere,1,0,4,0.007,0.01
designed,544,"10""",skycell,1,1,4,0.014,0.008
designed,544,"10""",q3c,1,1,301,1.194,0.193
designed,544,"10""",pgsphere,1,1,5,0.009,0.014
designed,690,"10""",skycell,1,1,4,0.014,0.007
designed,690,"10""",q3c,1,1,301,1.305,0.216
designed,690,"10""",pgsphere,1,1,5,0.019,0.024
designed,1353,30',q3c,89,211,309,1.197,0.3
designed,1353,30',skycell,267,211,27,0.045,0.078
designed,1353,30',pgsphere,190,211,41,0.007,0.135
designed,971,1',skycell,2,2,5,0.015,0.008
designed,971,1',pgsphere,1,2,9,0.007,0.021
designed,971,1',q3c,1,2,301,1.295,0.209
designed,1339,30',q3c,98,122,306,1.18,0.267
designed,1339,30',skycell,111,122,10,0.022,0.054
designed,1339,30',pgsphere,190,122,15,0.008,0.076
designed,643,"10""",q3c,1,0,300,1.23,0.195
designed,643,"10""",pgsphere,1,0,4,0.01,0.01
designed,643,"10""",skycell,1,0,6,0.02,0.006
designed,230,"1""",skycell,1,1,7,0.019,0.009
designed,230,"1""",pgsphere,1,1,7,0.007,0.016
designed,230,"1""",q3c,1,1,301,1.143,0.249
designed,663,"10""",skycell,1,0,3,0.015,0.006
designed,663,"10""",pgsphere,1,0,4,0.007,0.014
designed,663,"10""",q3c,1,0,300,1.39,0.215
designed,628,"10""",skycell,1,1,4,0.015,0.008
designed,628,"10""",pgsphere,1,1,8,0.007,0.019
designed,628,"10""",q3c,1,1,301,1.267,0.219
designed,1397,30',q3c,71,59,303,1.327,0.268
designed,1397,30',pgsphere,190,59,27,0.009,0.101
designed,1397,30',skycell,153,59,15,0.031,0.033
designed,937,1',skycell,1,2,4,0.013,0.008
designed,937,1',pgsphere,1,2,7,0.007,0.017
designed,937,1',q3c,1,2,301,1.297,0.213
designed,1108,6',pgsphere,8,36,15,0.009,0.031
designed,1108,6',q3c,5,36,306,1.943,0.462
designed,1108,6',skycell,48,36,6,0.04,0.026
designed,828,1',skycell,1,1,4,0.019,0.009
designed,828,1',q3c,1,1,301,1.605,0.311
designed,828,1',pgsphere,1,1,5,0.012,0.017
designed,247,"1""",skycell,1,0,3,0.015,0.006
designed,247,"1""",q3c,1,0,300,1.144,0.244
designed,247,"1""",pgsphere,1,0,4,0.009,0.012
designed,1216,6',pgsphere,8,33,13,0.007,0.04
designed,1216,6',skycell,32,33,9,0.02,0.028
designed,1216,6',q3c,13,33,302,1.246,0.221
designed,795,"10""",pgsphere,1,0,5,0.012,0.017
designed,795,"10""",q3c,1,0,300,1.164,0.205
designed,795,"10""",skycell,1,0,3,0.015,0.006
designed,1157,6',skycell,4,1,15,0.03,0.014
designed,1157,6',pgsphere,8,1,8,0.007,0.017
designed,1157,6',q3c,4,1,301,1.242,0.219
designed,7,"1""",q3c,1,0,300,1.142,0.215
designed,7,"1""",pgsphere,1,0,5,0.009,0.012
designed,7,"1""",skycell,1,0,3,0.014,0.004
designed,1046,1',pgsphere,1,3,5,0.007,0.012
designed,1046,1',q3c,1,3,301,1.199,0.212
designed,1046,1',skycell,1,3,4,0.016,0.009
designed,128,"1""",pgsphere,1,1,6,0.007,0.015
designed,128,"1""",skycell,1,1,4,0.012,0.005
designed,128,"1""",q3c,1,1,301,1.212,0.207
designed,1115,6',q3c,1,4,302,1.164,0.214
designed,1115,6',pgsphere,8,4,5,0.009,0.014
designed,1115,6',skycell,3,4,4,0.014,0.007
designed,599,"10""",q3c,1,0,300,1.279,0.194
designed,599,"10""",pgsphere,1,0,6,0.008,0.017
designed,599,"10""",skycell,1,0,3,0.013,0.006
designed,1320,30',skycell,79,73,25,0.04,0.064
designed,1320,30',q3c,25,73,303,1.381,0.237
designed,1320,30',pgsphere,190,73,18,0.009,0.092
designed,1139,6',skycell,3,1,4,0.014,0.008
designed,1139,6',pgsphere,8,1,5,0.007,0.012
designed,1139,6',q3c,2,1,301,1.221,0.203
designed,1386,30',q3c,364,1589,327,1.129,0.42
designed,1386,30',pgsphere,190,1589,175,0.009,0.389
designed,1386,30',skycell,1370,1589,52,0.046,0.191
designed,998,1',pgsphere,1,5,7,0.007,0.017
designed,998,1',q3c,2,5,302,1.211,0.201
designed,998,1',skycell,4,5,4,0.016,0.008
designed,1326,30',q3c,375,752,319,1.162,0.311
designed,1326,30',skycell,552,752,43,0.051,0.119
designed,1326,30',pgsphere,190,752,110,0.007,0.215
designed,1246,6',pgsphere,8,3,6,0.007,0.017
designed,1246,6',q3c,1,3,301,1.396,0.207
designed,1246,6',skycell,3,3,4,0.016,0.008
designed,726,"10""",pgsphere,1,1,5,0.008,0.01
designed,726,"10""",skycell,1,1,5,0.013,0.007
designed,726,"10""",q3c,1,1,301,1.157,0.204
designed,1135,6',pgsphere,8,3,5,0.009,0.014
designed,1135,6',q3c,4,3,301,1.206,0.201
designed,1135,6',skycell,3,3,4,0.015,0.009
designed,31,"1""",skycell,1,0,3,0.012,0.006
designed,31,"1""",q3c,1,0,300,1.113,0.2
designed,31,"1""",pgsphere,1,0,5,0.008,0.014
designed,49,"1""",pgsphere,1,0,4,0.007,0.01
designed,49,"1""",q3c,1,0,300,1.272,0.247
designed,49,"1""",skycell,1,0,3,0.014,0.005
designed,6,"1""",q3c,1,1,301,1.225,0.198
designed,6,"1""",skycell,1,1,4,0.015,0.008
designed,6,"1""",pgsphere,1,1,5,0.007,0.011
designed,121,"1""",skycell,1,0,3,0.013,0.005
designed,121,"1""",pgsphere,1,0,4,0.007,0.01
designed,121,"1""",q3c,1,0,300,1.223,0.201
designed,561,"10""",pgsphere,1,0,4,0.009,0.012
designed,561,"10""",q3c,1,0,300,1.239,0.199
designed,561,"10""",skycell,1,0,3,0.015,0.005
designed,688,"10""",q3c,1,11,303,1.15,0.204
designed,688,"10""",skycell,1,11,8,0.015,0.032
designed,688,"10""",pgsphere,1,11,8,0.007,0.02
designed,280,"1""",q3c,1,1,301,1.21,0.2
designed,280,"1""",skycell,1,1,4,0.014,0.007
designed,280,"1""",pgsphere,1,1,5,0.007,0.01
designed,1131,6',pgsphere,8,2,7,0.007,0.016
designed,1131,6',q3c,2,2,301,1.293,0.217
designed,1131,6',skycell,4,2,4,0.015,0.01
designed,1092,1',pgsphere,1,2,5,0.007,0.018
designed,1092,1',skycell,1,2,5,0.013,0.013
designed,1092,1',q3c,1,2,301,1.278,0.213
designed,1384,30',q3c,45,77,304,1.173,0.249
designed,1384,30',skycell,85,77,14,0.027,0.036
designed,1384,30',pgsphere,190,77,15,0.007,0.058
designed,986,1',skycell,3,5,5,0.013,0.01
designed,986,1',pgsphere,1,5,7,0.007,0.016
designed,986,1',q3c,1,5,301,1.209,0.195
designed,639,"10""",q3c,1,0,300,1.179,0.212
designed,639,"10""",pgsphere,1,0,4,0.009,0.011
designed,639,"10""",skycell,1,0,6,0.02,0.007
designed,58,"1""",q3c,1,1,301,1.196,0.195
designed,58,"1""",pgsphere,1,1,6,0.009,0.014
designed,58,"1""",skycell,1,1,4,0.014,0.006
designed,736,"10""",skycell,1,1,8,0.019,0.011
designed,736,"10""",pgsphere,1,1,5,0.007,0.011
designed,736,"10""",q3c,1,1,301,1.123,0.215
designed,1398,30',skycell,2736,2926,94,0.082,0.54
designed,1398,30',pgsphere,190,2926,273,0.011,0.777
designed,1398,30',q3c,578,2926,357,1.187,0.717
designed,815,1',skycell,1,0,4,0.015,0.007
designed,815,1',pgsphere,1,0,4,0.009,0.011
designed,815,1',q3c,1,0,300,1.242,0.201
designed,1053,1',skycell,1,0,7,0.02,0.011
designed,1053,1',pgsphere,1,0,7,0.007,0.021
designed,1053,1',q3c,1,0,300,1.269,0.204
designed,603,"10""",q3c,1,0,300,1.29,0.209
designed,603,"10""",skycell,1,0,4,0.015,0.007
designed,603,"10""",pgsphere,1,0,6,0.007,0.016
designed,1068,1',pgsphere,1,2,6,0.007,0.016
designed,1068,1',q3c,1,2,302,1.159,0.197
designed,1068,1',skycell,1,2,4,0.014,0.008
designed,1337,30',pgsphere,190,81,22,0.007,0.066
designed,1337,30',q3c,87,81,305,1.174,0.251
designed,1337,30',skycell,77,81,13,0.027,0.034
designed,550,"10""",q3c,1,1,301,1.248,0.223
designed,550,"10""",pgsphere,1,1,6,0.008,0.016
designed,550,"10""",skycell,1,1,4,0.014,0.007
designed,319,"1""",skycell,1,0,3,0.013,0.006
designed,319,"1""",q3c,1,0,300,1.328,0.207
designed,319,"1""",pgsphere,1,0,4,0.008,0.012
designed,1307,30',skycell,148,103,17,0.035,0.028
designed,1307,30',q3c,82,103,305,1.157,0.22
designed,1307,30',pgsphere,190,103,17,0.01,0.041
designed,1162,6',skycell,3,3,5,0.014,0.011
designed,1162,6',q3c,2,3,302,1.221,0.207
designed,1162,6',pgsphere,8,3,6,0.009,0.016
designed,798,"10""",skycell,1,1,4,0.014,0.007
designed,798,"10""",pgsphere,1,1,7,0.007,0.014
designed,798,"10""",q3c,1,1,301,1.284,0.214
designed,829,1',pgsphere,1,1,5,0.008,0.012
designed,829,1',skycell,1,1,8,0.019,0.015
designed,829,1',q3c,1,1,301,1.246,0.211
designed,1061,1',q3c,1,0,301,1.324,0.219
designed,1061,1',pgsphere,1,0,7,0.009,0.018
designed,1061,1',skycell,1,0,4,0.013,0.006
designed,390,"1""",q3c,1,1,301,1.208,0.201
designed,390,"1""",pgsphere,1,1,5,0.008,0.014
designed,390,"1""",skycell,1,1,7,0.019,0.008
designed,765,"10""",q3c,1,0,300,1.302,0.226
designed,765,"10""",skycell,1,0,6,0.022,0.008
designed,765,"10""",pgsphere,1,0,5,0.008,0.014
designed,478,"10""",skycell,1,1,4,0.013,0.007
designed,478,"10""",pgsphere,1,1,5,0.008,0.013
designed,478,"10""",q3c,1,1,301,1.118,0.205
designed,467,"10""",pgsphere,1,0,6,0.01,0.018
designed,467,"10""",skycell,1,0,6,0.021,0.007
designed,467,"10""",q3c,1,0,300,1.199,0.204
designed,1335,30',skycell,269,311,27,0.038,0.098
designed,1335,30',q3c,378,311,309,1.107,0.29
designed,1335,30',pgsphere,190,311,49,0.008,0.15
designed,313,"1""",skycell,1,0,3,0.014,0.006
designed,313,"1""",q3c,1,0,300,1.256,0.203
designed,313,"1""",pgsphere,1,0,4,0.008,0.01
designed,1117,6',skycell,9,11,4,0.013,0.011
designed,1117,6',q3c,13,11,301,1.256,0.203
designed,1117,6',pgsphere,8,11,7,0.009,0.019
designed,892,1',skycell,1,1,4,0.014,0.007
designed,892,1',q3c,1,1,301,1.236,0.212
designed,892,1',pgsphere,1,1,8,0.008,0.02
designed,712,"10""",q3c,1,1,301,1.293,0.212
designed,712,"10""",pgsphere,1,1,6,0.009,0.014
designed,712,"10""",skycell,1,1,4,0.014,0.007
designed,468,"10""",skycell,1,2,4,0.012,0.007
designed,468,"10""",q3c,1,2,301,1.313,0.203
designed,468,"10""",pgsphere,1,2,8,0.009,0.019
designed,103,"1""",pgsphere,1,0,4,0.007,0.011
designed,103,"1""",skycell,1,0,3,0.013,0.006
designed,103,"1""",q3c,1,0,300,1.182,0.213
designed,1018,1',skycell,1,3,4,0.015,0.014
designed,1018,1',q3c,1,3,302,1.203,0.231
designed,1018,1',pgsphere,1,3,8,0.012,0.035
designed,921,1',pgsphere,1,0,6,0.008,0.021
designed,921,1',q3c,1,0,300,1.195,0.203
designed,921,1',skycell,1,0,7,0.021,0.009
designed,1213,6',pgsphere,8,2,8,0.007,0.018
designed,1213,6',skycell,3,2,4,0.013,0.007
designed,1213,6',q3c,2,2,302,1.229,0.207
designed,955,1',q3c,1,0,300,1.224,0.23
designed,955,1',skycell,1,0,4,0.015,0.008
designed,955,1',pgsphere,1,0,5,0.007,0.012
designed,620,"10""",q3c,1,1,301,1.161,0.207
designed,620,"10""",skycell,1,1,4,0.017,0.007
designed,620,"10""",pgsphere,1,1,5,0.007,0.012
designed,695,"10""",q3c,1,0,300,1.124,0.202
designed,695,"10""",skycell,1,0,3,0.015,0.011
designed,695,"10""",pgsphere,1,0,5,0.007,0.013
designed,498,"10""",skycell,1,1,4,0.013,0.006
designed,498,"10""",q3c,1,1,301,1.291,0.215
designed,498,"10""",pgsphere,1,1,7,0.009,0.017
designed,782,"10""",pgsphere,1,1,5,0.007,0.011
designed,782,"10""",skycell,1,1,4,0.014,0.007
designed,782,"10""",q3c,1,1,301,1.187,0.199
designed,786,"10""",skycell,1,1,4,0.015,0.007
designed,786,"10""",pgsphere,1,1,6,0.007,0.012
designed,786,"10""",q3c,1,1,301,1.097,0.203
designed,1057,1',skycell,1,0,4,0.015,0.007
designed,1057,1',q3c,1,0,300,1.158,0.217
designed,1057,1',pgsphere,1,0,7,0.008,0.026
designed,787,"10""",skycell,1,0,3,0.013,0.006
designed,787,"10""",q3c,1,0,300,1.32,0.2
designed,787,"10""",pgsphere,1,0,5,0.008,0.013
designed,1118,6',q3c,22,107,305,1.276,0.233
designed,1118,6',skycell,110,107,14,0.027,0.029
designed,1118,6',pgsphere,8,107,21,0.007,0.04
designed,703,"10""",q3c,1,0,300,1.25,0.2
designed,703,"10""",skycell,1,0,3,0.015,0.005
designed,703,"10""",pgsphere,1,0,6,0.007,0.016
designed,1412,1deg,pgsphere,762,265,31,0.009,0.12
designed,1412,1deg,skycell,316,265,29,0.04,0.075
designed,1412,1deg,q3c,137,265,309,1.202,0.289
designed,370,"1""",q3c,1,1,301,1.14,0.224
designed,370,"1""",pgsphere,1,1,7,0.012,0.019
designed,370,"1""",skycell,1,1,4,0.016,0.007
designed,1377,30',pgsphere,190,63,21,0.007,0.095
designed,1377,30',q3c,120,63,306,1.32,0.248
designed,1377,30',skycell,86,63,16,0.034,0.044
designed,1287,6',q3c,2,7,302,1.098,0.207
designed,1287,6',skycell,4,7,4,0.016,0.009
designed,1287,6',pgsphere,8,7,7,0.007,0.018
designed,1283,6',pgsphere,8,4,7,0.007,0.016
designed,1283,6',skycell,5,4,4,0.013,0.008
designed,1283,6',q3c,1,4,301,1.244,0.22
designed,138,"1""",q3c,1,1,301,1.497,0.261
designed,138,"1""",pgsphere,1,1,7,0.015,0.019
designed,138,"1""",skycell,1,1,4,0.016,0.007
designed,830,1',pgsphere,1,2,6,0.007,0.016
designed,830,1',skycell,1,2,8,0.02,0.012
designed,830,1',q3c,1,2,302,1.203,0.21
designed,1231,6',skycell,3,1,5,0.014,0.023
designed,1231,6',pgsphere,8,1,5,0.007,0.018
designed,1231,6',q3c,3,1,301,1.167,0.214
designed,1447,3deg,q3c,1189,2340,393,1.259,1.101
designed,1447,3deg,pgsphere,6852,2340,86,0.009,0.633
designed,1447,3deg,skycell,3236,2340,91,0.093,0.401
designed,1348,30',pgsphere,190,63,26,0.009,0.071
designed,1348,30',skycell,71,63,11,0.02,0.052
designed,1348,30',q3c,62,63,307,1.3,0.277
designed,1190,6',skycell,3,2,8,0.021,0.011
designed,1190,6',pgsphere,8,2,8,0.007,0.019
designed,1190,6',q3c,1,2,301,1.295,0.209
designed,275,"1""",q3c,1,0,300,1.136,0.212
designed,275,"1""",pgsphere,1,0,5,0.009,0.016
designed,275,"1""",skycell,1,0,3,0.014,0.005
designed,225,"1""",pgsphere,1,0,7,0.007,0.018
designed,225,"1""",skycell,1,0,3,0.013,0.005
designed,225,"1""",q3c,1,0,300,1.219,0.192
designed,1269,6',skycell,3,3,8,0.031,0.02
designed,1269,6',pgsphere,8,3,5,0.018,0.025
designed,1269,6',q3c,2,3,301,2.092,0.309
designed,1084,1',pgsphere,1,1,5,0.013,0.017
designed,1084,1',q3c,1,1,301,1.529,0.302
designed,1084,1',skycell,1,1,4,0.022,0.008
designed,985,1',pgsphere,1,0,6,0.008,0.018
designed,985,1',skycell,1,0,4,0.013,0.007
designed,985,1',q3c,1,0,300,1.274,0.21
designed,1173,6',skycell,3,3,8,0.022,0.015
designed,1173,6',q3c,2,3,301,1.306,0.211
designed,1173,6',pgsphere,8,3,7,0.008,0.017
designed,738,"10""",skycell,1,1,4,0.014,0.008
designed,738,"10""",pgsphere,1,1,10,0.007,0.026
designed,738,"10""",q3c,1,1,301,1.213,0.218
designed,277,"1""",skycell,1,0,3,0.016,0.007
designed,277,"1""",q3c,1,0,300,1.162,0.211
designed,277,"1""",pgsphere,1,0,8,0.009,0.022
designed,72,"1""",pgsphere,1,1,5,0.007,0.013
designed,72,"1""",q3c,1,1,301,1.378,0.206
designed,72,"1""",skycell,1,1,4,0.014,0.008
designed,2,"1""",pgsphere,1,1,6,0.007,0.014
designed,2,"1""",skycell,1,1,4,0.013,0.005
designed,2,"1""",q3c,1,1,301,1.244,0.21
designed,526,"10""",skycell,1,1,4,0.035,0.009
designed,526,"10""",q3c,1,1,301,1.271,0.202
designed,526,"10""",pgsphere,1,1,5,0.01,0.014
designed,325,"1""",q3c,1,0,300,1.261,0.198
designed,325,"1""",pgsphere,1,0,4,0.009,0.011
designed,325,"1""",skycell,1,0,3,0.02,0.004
designed,71,"1""",q3c,1,0,300,1.178,0.199
designed,71,"1""",pgsphere,1,0,5,0.008,0.012
designed,71,"1""",skycell,1,0,3,0.013,0.006
designed,123,"1""",skycell,1,0,3,0.013,0.006
designed,123,"1""",pgsphere,1,0,6,0.006,0.017
designed,123,"1""",q3c,1,0,300,1.292,0.208
designed,1086,1',q3c,1,2,301,1.244,0.219
designed,1086,1',pgsphere,1,2,10,0.009,0.038
designed,1086,1',skycell,1,2,4,0.014,0.013
designed,305,"1""",q3c,1,0,300,1.231,0.199
designed,305,"1""",skycell,1,0,6,0.021,0.008
designed,305,"1""",pgsphere,1,0,5,0.007,0.013
designed,627,"10""",skycell,1,0,6,0.019,0.008
designed,627,"10""",pgsphere,1,0,4,0.007,0.009
designed,627,"10""",q3c,1,0,300,1.261,0.203
designed,440,"10""",pgsphere,1,1,6,0.008,0.015
designed,440,"10""",skycell,1,1,4,0.013,0.006
designed,440,"10""",q3c,1,1,301,1.26,0.209
designed,345,"1""",pgsphere,1,0,4,0.008,0.011
designed,345,"1""",skycell,1,0,3,0.013,0.005
designed,345,"1""",q3c,1,0,300,1.343,0.202
designed,792,"10""",pgsphere,1,1,7,0.009,0.017
designed,792,"10""",q3c,1,1,301,1.161,0.203
designed,792,"10""",skycell,1,1,4,0.014,0.007
designed,552,"10""",q3c,1,1,301,1.246,0.207
designed,552,"10""",pgsphere,1,1,5,0.013,0.014
designed,552,"10""",skycell,1,1,4,0.019,0.005
designed,215,"1""",skycell,1,0,3,0.012,0.005
designed,215,"1""",q3c,1,0,300,1.361,0.202
designed,215,"1""",pgsphere,1,0,4,0.008,0.011
designed,977,1',q3c,1,1,301,1.158,0.205
designed,977,1',pgsphere,1,1,6,0.008,0.021
designed,977,1',skycell,1,1,4,0.013,0.007
designed,849,1',q3c,1,0,300,1.417,0.203
designed,849,1',pgsphere,1,0,6,0.008,0.017
designed,849,1',skycell,1,0,3,0.015,0.006
designed,861,1',q3c,1,0,300,1.227,0.206
designed,861,1',skycell,1,0,4,0.014,0.007
designed,861,1',pgsphere,1,0,6,0.007,0.015
designed,976,1',q3c,1,3,301,1.191,0.217
designed,976,1',skycell,1,3,4,0.014,0.01
designed,976,1',pgsphere,1,3,8,0.007,0.022
designed,936,1',pgsphere,1,5,7,0.006,0.016
designed,936,1',skycell,2,5,4,0.013,0.007
designed,936,1',q3c,1,5,301,1.291,0.206
designed,749,"10""",pgsphere,1,0,4,0.009,0.011
designed,749,"10""",skycell,1,0,6,0.023,0.007
designed,749,"10""",q3c,1,0,300,1.161,0.205
designed,719,"10""",q3c,1,0,300,1.282,0.216
designed,719,"10""",pgsphere,1,0,4,0.009,0.014
designed,719,"10""",skycell,1,0,3,0.014,0.006
designed,1249,6',q3c,6,11,303,1.217,0.208
designed,1249,6',pgsphere,8,11,10,0.009,0.028
designed,1249,6',skycell,16,11,5,0.013,0.011
designed,689,"10""",skycell,1,0,4,0.012,0.006
designed,689,"10""",pgsphere,1,0,5,0.006,0.014
designed,689,"10""",q3c,1,0,300,1.253,0.247
designed,808,1',q3c,1,3,301,1.223,0.218
designed,808,1',skycell,1,3,15,0.031,0.019
designed,808,1',pgsphere,1,3,8,0.007,0.015
designed,106,"1""",skycell,1,1,4,0.012,0.007
designed,106,"1""",q3c,1,1,301,1.205,0.208
designed,106,"1""",pgsphere,1,1,5,0.008,0.013
designed,510,"10""",q3c,1,1,301,1.176,0.207
designed,510,"10""",pgsphere,1,1,5,0.008,0.011
designed,510,"10""",skycell,1,1,4,0.013,0.006
designed,1371,30',skycell,73,77,14,0.024,0.026
designed,1371,30',q3c,22,77,302,1.322,0.217
designed,1371,30',pgsphere,190,77,21,0.008,0.048
designed,362,"1""",pgsphere,1,1,6,0.007,0.014
designed,362,"1""",q3c,1,1,301,1.196,0.2
designed,362,"1""",skycell,1,1,4,0.015,0.007
designed,342,"1""",pgsphere,1,1,8,0.007,0.019
designed,342,"1""",skycell,1,1,4,0.013,0.005
designed,342,"1""",q3c,1,1,301,1.16,0.202
designed,551,"10""",q3c,1,0,300,1.363,0.214
designed,551,"10""",skycell,1,0,3,0.015,0.005
designed,551,"10""",pgsphere,1,0,4,0.007,0.011
designed,585,"10""",pgsphere,1,0,5,0.007,0.012
designed,585,"10""",q3c,1,0,300,1.204,0.194
designed,585,"10""",skycell,1,0,3,0.018,0.006
designed,304,"1""",skycell,1,1,7,0.019,0.012
designed,304,"1""",pgsphere,1,1,8,0.007,0.019
designed,304,"1""",q3c,1,1,301,1.159,0.201
designed,1113,6',skycell,3,2,4,0.015,0.012
designed,1113,6',pgsphere,8,2,6,0.007,0.021
designed,1113,6',q3c,2,2,301,1.234,0.216
designed,447,"10""",skycell,1,0,6,0.02,0.007
designed,447,"10""",q3c,1,0,300,1.188,0.251
designed,447,"10""",pgsphere,1,0,9,0.008,0.025
designed,1024,1',pgsphere,1,1,5,0.007,0.012
designed,1024,1',skycell,1,1,4,0.013,0.007
designed,1024,1',q3c,1,1,301,1.185,0.203
designed,1306,30',q3c,789,1632,337,1.286,0.474
designed,1306,30',pgsphere,190,1632,162,0.009,0.372
designed,1306,30',skycell,1281,1632,77,0.077,0.215
designed,1357,30',q3c,179,70,303,1.27,0.212
designed,1357,30',skycell,78,70,12,0.025,0.023
designed,1357,30',pgsphere,190,70,19,0.007,0.044
designed,214,"1""",skycell,1,1,4,0.021,0.007
designed,214,"1""",pgsphere,1,1,9,0.007,0.022
designed,214,"1""",q3c,1,1,301,1.295,0.205
designed,474,"10""",skycell,1,1,4,0.014,0.006
designed,474,"10""",q3c,1,1,301,1.165,0.201
designed,474,"10""",pgsphere,1,1,6,0.008,0.014
designed,88,"1""",pgsphere,1,1,5,0.006,0.012
designed,88,"1""",q3c,1,1,301,1.23,0.213
designed,88,"1""",skycell,1,1,4,0.014,0.006
designed,547,"10""",pgsphere,1,0,7,0.007,0.019
designed,547,"10""",q3c,1,0,300,1.303,0.202
designed,547,"10""",skycell,1,0,3,0.015,0.005
designed,1107,6',q3c,1,3,301,1.272,0.203
designed,1107,6',skycell,3,3,4,0.014,0.008
designed,1107,6',pgsphere,8,3,7,0.007,0.018
designed,473,"10""",q3c,1,0,300,1.265,0.196
designed,473,"10""",skycell,1,0,3,0.015,0.006
designed,473,"10""",pgsphere,1,0,6,0.007,0.015
designed,48,"1""",skycell,1,1,4,0.012,0.006
designed,48,"1""",q3c,1,1,301,1.178,0.208
designed,48,"1""",pgsphere,1,1,6,0.008,0.015
designed,1138,6',skycell,5,2,4,0.013,0.008
designed,1138,6',q3c,1,2,301,1.368,0.211
designed,1138,6',pgsphere,8,2,6,0.009,0.016
designed,53,"1""",pgsphere,1,0,5,0.007,0.013
designed,53,"1""",q3c,1,0,300,1.194,0.201
designed,53,"1""",skycell,1,0,3,0.015,0.005
designed,1430,1deg,skycell,1356,1294,41,0.034,0.165
designed,1430,1deg,pgsphere,762,1294,156,0.007,0.298
designed,1430,1deg,q3c,595,1294,327,1.125,0.413
designed,1095,1',q3c,1,0,300,1.216,0.228
designed,1095,1',pgsphere,1,0,5,0.008,0.013
designed,1095,1',skycell,1,0,4,0.013,0.006
designed,1419,1deg,pgsphere,762,271,35,0.007,0.136
designed,1419,1deg,q3c,104,271,308,1.318,0.282
designed,1419,1deg,skycell,313,271,27,0.041,0.092
designed,556,"10""",skycell,1,1,4,0.013,0.007
designed,556,"10""",q3c,1,1,301,1.277,0.204
designed,556,"10""",pgsphere,1,1,5,0.008,0.013
designed,715,"10""",skycell,1,0,3,0.013,0.006
designed,715,"10""",pgsphere,1,0,5,0.007,0.013
designed,715,"10""",q3c,1,0,300,1.25,0.207
designed,320,"1""",q3c,1,1,301,1.302,0.233
designed,320,"1""",skycell,1,1,4,0.015,0.006
designed,320,"1""",pgsphere,1,1,6,0.013,0.018
designed,684,"10""",pgsphere,1,1,8,0.009,0.02
designed,684,"10""",q3c,1,1,301,1.213,0.201
designed,684,"10""",skycell,1,1,4,0.014,0.006
designed,1275,6',pgsphere,8,61,17,0.008,0.034
designed,1275,6',q3c,10,61,302,1.103,0.22
designed,1275,6',skycell,55,61,13,0.025,0.023
designed,763,"10""",skycell,1,0,4,0.019,0.009
designed,763,"10""",q3c,1,0,300,1.354,0.343
designed,763,"10""",pgsphere,1,0,4,0.008,0.011
designed,1141,6',q3c,21,8,302,1.193,0.206
designed,1141,6',skycell,6,8,4,0.015,0.01
designed,1141,6',pgsphere,8,8,8,0.007,0.021
designed,1410,1deg,q3c,110,306,306,1.206,0.273
designed,1410,1deg,pgsphere,762,306,30,0.009,0.114
designed,1410,1deg,skycell,275,306,24,0.035,0.088
designed,824,1',pgsphere,1,2,5,0.007,0.012
designed,824,1',q3c,1,2,301,1.188,0.211
designed,824,1',skycell,1,2,4,0.015,0.007
designed,622,"10""",q3c,1,1,301,1.285,0.203
designed,622,"10""",pgsphere,1,1,6,0.008,0.013
designed,622,"10""",skycell,1,1,7,0.02,0.009
designed,1279,6',skycell,3,0,4,0.015,0.007
designed,1279,6',pgsphere,8,0,6,0.007,0.015
designed,1279,6',q3c,1,0,301,1.134,0.205
designed,255,"1""",pgsphere,1,0,7,0.008,0.019
designed,255,"1""",skycell,1,0,3,0.013,0.005
designed,255,"1""",q3c,1,0,300,1.204,0.2
designed,185,"1""",pgsphere,1,0,5,0.009,0.016
designed,185,"1""",skycell,1,0,3,0.013,0.005
designed,185,"1""",q3c,1,0,300,1.129,0.202
designed,68,"1""",pgsphere,1,1,6,0.008,0.015
designed,68,"1""",q3c,1,1,301,1.14,0.208
designed,68,"1""",skycell,1,1,4,0.015,0.006
designed,353,"1""",skycell,1,0,6,0.019,0.006
designed,353,"1""",q3c,1,0,300,1.356,0.203
designed,353,"1""",pgsphere,1,0,4,0.008,0.011
designed,504,"10""",pgsphere,1,1,5,0.006,0.011
designed,504,"10""",q3c,1,1,301,1.119,0.199
designed,504,"10""",skycell,1,1,7,0.02,0.008
designed,591,"10""",pgsphere,1,0,4,0.007,0.011
designed,591,"10""",q3c,1,0,300,1.125,0.201
designed,591,"10""",skycell,1,0,3,0.016,0.006
designed,292,"1""",q3c,1,1,301,1.554,0.329
designed,292,"1""",pgsphere,1,1,5,0.01,0.015
designed,292,"1""",skycell,1,1,7,0.021,0.009
designed,982,1',skycell,5,7,4,0.013,0.01
designed,982,1',pgsphere,1,7,9,0.007,0.025
designed,982,1',q3c,2,7,301,1.219,0.209
designed,916,1',q3c,1,1,301,1.115,0.221
designed,916,1',pgsphere,1,1,5,0.009,0.014
designed,916,1',skycell,1,1,4,0.014,0.007
designed,341,"1""",q3c,1,0,300,1.271,0.195
designed,341,"1""",skycell,1,0,3,0.015,0.006
designed,341,"1""",pgsphere,1,0,4,0.007,0.012
designed,290,"1""",pgsphere,1,1,6,0.007,0.014
designed,290,"1""",q3c,1,1,301,1.221,0.223
designed,290,"1""",skycell,1,1,4,0.014,0.006
designed,1020,1',skycell,1,1,4,0.013,0.007
designed,1020,1',pgsphere,1,1,5,0.009,0.013
designed,1020,1',q3c,1,1,301,1.254,0.233
designed,1004,1',skycell,1,1,4,0.015,0.01
designed,1004,1',q3c,1,1,301,1.323,0.236
designed,1004,1',pgsphere,1,1,6,0.008,0.015
designed,574,"10""",skycell,1,1,4,0.013,0.007
designed,574,"10""",q3c,1,1,301,1.316,0.205
designed,574,"10""",pgsphere,1,1,6,0.009,0.015
designed,988,1',pgsphere,1,1,5,0.007,0.016
designed,988,1',q3c,1,1,301,1.231,0.203
designed,988,1',skycell,1,1,4,0.015,0.007
designed,435,"10""",pgsphere,1,0,6,0.007,0.016
designed,435,"10""",q3c,1,0,300,1.137,0.2
designed,435,"10""",skycell,1,0,4,0.021,0.009
designed,1013,1',pgsphere,1,1,5,0.009,0.014
designed,1013,1',skycell,1,1,4,0.013,0.007
designed,1013,1',q3c,1,1,302,1.183,0.215
designed,794,"10""",pgsphere,1,1,5,0.008,0.012
designed,794,"10""",q3c,1,1,301,1.176,0.201
designed,794,"10""",skycell,1,1,7,0.021,0.009
designed,1426,1deg,q3c,255,302,307,1.251,0.279
designed,1426,1deg,skycell,512,302,36,0.052,0.135
designed,1426,1deg,pgsphere,762,302,36,0.008,0.131
designed,554,"10""",skycell,1,1,4,0.013,0.007
designed,554,"10""",pgsphere,1,1,7,0.006,0.018
designed,554,"10""",q3c,1,1,301,1.125,0.211
designed,633,"10""",pgsphere,1,0,6,0.008,0.015
designed,633,"10""",q3c,1,0,300,1.296,0.202
designed,633,"10""",skycell,1,0,3,0.014,0.005
designed,34,"1""",skycell,1,1,4,0.013,0.006
designed,34,"1""",q3c,1,1,301,1.135,0.202
designed,34,"1""",pgsphere,1,1,12,0.008,0.028
designed,127,"1""",skycell,1,0,3,0.014,0.005
designed,127,"1""",pgsphere,1,0,4,0.006,0.01
designed,127,"1""",q3c,1,0,300,1.142,0.201
designed,1221,6',q3c,1,0,301,1.413,0.254
designed,1221,6',pgsphere,8,0,5,0.012,0.026
designed,1221,6',skycell,3,0,5,0.017,0.017
designed,421,"10""",q3c,1,0,300,1.107,0.214
designed,421,"10""",pgsphere,1,0,5,0.009,0.015
designed,421,"10""",skycell,1,0,3,0.013,0.006
designed,1034,1',skycell,1,2,4,0.012,0.007
designed,1034,1',q3c,1,2,301,1.191,0.207
designed,1034,1',pgsphere,1,2,6,0.009,0.017
designed,1091,1',skycell,1,0,7,0.02,0.02
designed,1091,1',q3c,1,0,300,1.231,0.2
designed,1091,1',pgsphere,1,0,4,0.008,0.015
designed,439,"10""",q3c,1,0,300,1.251,0.205
designed,439,"10""",pgsphere,1,0,4,0.009,0.012
designed,439,"10""",skycell,1,0,6,0.023,0.009
designed,54,"1""",pgsphere,1,1,8,0.007,0.019
designed,54,"1""",skycell,1,1,4,0.012,0.006
designed,54,"1""",q3c,1,1,301,1.277,0.211
designed,56,"1""",pgsphere,1,1,6,0.008,0.016
designed,56,"1""",q3c,1,1,301,1.183,0.206
designed,56,"1""",skycell,1,1,4,0.014,0.007
designed,1105,6',skycell,5,1,4,0.012,0.008
designed,1105,6',pgsphere,8,1,5,0.007,0.013
designed,1105,6',q3c,1,1,301,1.369,0.227
designed,151,"1""",skycell,1,0,3,0.015,0.006
designed,151,"1""",pgsphere,1,0,5,0.007,0.013
designed,151,"1""",q3c,1,0,300,1.23,0.205
designed,710,"10""",skycell,1,1,7,0.021,0.009
designed,710,"10""",q3c,1,1,301,1.22,0.202
designed,710,"10""",pgsphere,1,1,6,0.008,0.015
designed,125,"1""",pgsphere,1,0,4,0.007,0.011
designed,125,"1""",q3c,1,0,300,1.298,0.198
designed,125,"1""",skycell,1,0,3,0.015,0.006
designed,1356,30',skycell,554,660,42,0.054,0.156
designed,1356,30',pgsphere,190,660,65,0.007,0.22
designed,1356,30',q3c,120,660,318,1.243,0.346
designed,967,1',pgsphere,1,0,5,0.008,0.014
designed,967,1',q3c,1,0,300,1.164,0.223
designed,967,1',skycell,1,0,6,0.021,0.007
designed,1171,6',skycell,3,1,4,0.013,0.008
designed,1171,6',pgsphere,8,1,5,0.007,0.013
designed,1171,6',q3c,2,1,301,1.266,0.204
designed,1109,6',skycell,3,3,4,0.014,0.009
designed,1109,6',pgsphere,8,3,6,0.007,0.015
designed,1109,6',q3c,1,3,301,1.103,0.203
designed,631,"10""",q3c,1,0,300,1.141,0.211
designed,631,"10""",pgsphere,1,0,5,0.009,0.014
designed,631,"10""",skycell,1,0,3,0.013,0.005
designed,852,1',q3c,1,2,301,1.231,0.196
designed,852,1',pgsphere,1,2,8,0.008,0.019
designed,852,1',skycell,1,2,4,0.013,0.009
designed,728,"10""",skycell,1,1,4,0.013,0.007
designed,728,"10""",pgsphere,1,1,6,0.007,0.015
designed,728,"10""",q3c,1,1,301,1.123,0.248
designed,1236,6',skycell,38,32,15,0.031,0.029
designed,1236,6',pgsphere,8,32,9,0.007,0.033
designed,1236,6',q3c,12,32,305,1.226,0.235
designed,1199,6',q3c,1,4,302,1.257,0.255
designed,1199,6',pgsphere,8,4,5,0.008,0.013
designed,1199,6',skycell,3,4,5,0.013,0.019
designed,1393,30',q3c,35,66,303,1.265,0.21
designed,1393,30',pgsphere,190,66,20,0.008,0.04
designed,1393,30',skycell,103,66,16,0.03,0.028
designed,729,"10""",pgsphere,1,0,5,0.007,0.014
designed,729,"10""",q3c,1,0,300,1.14,0.242
designed,729,"10""",skycell,1,0,3,0.014,0.004
designed,851,1',pgsphere,1,0,4,0.007,0.013
designed,851,1',skycell,1,0,4,0.013,0.006
designed,851,1',q3c,1,0,300,1.263,0.203
designed,698,"10""",skycell,1,1,4,0.014,0.007
designed,698,"10""",pgsphere,1,1,5,0.007,0.011
designed,698,"10""",q3c,1,1,301,1.255,0.207
designed,207,"1""",pgsphere,1,0,8,0.008,0.02
designed,207,"1""",q3c,1,0,300,1.319,0.219
designed,207,"1""",skycell,1,0,3,0.021,0.008
designed,1145,6',skycell,3,4,4,0.013,0.012
designed,1145,6',q3c,1,4,302,1.153,0.221
designed,1145,6',pgsphere,8,4,6,0.007,0.016
designed,546,"10""",q3c,1,1,301,1.258,0.204
designed,546,"10""",skycell,1,1,4,0.014,0.006
designed,546,"10""",pgsphere,1,1,5,0.009,0.013
designed,157,"1""",skycell,1,0,3,0.021,0.009
designed,157,"1""",q3c,1,0,300,1.196,0.201
designed,157,"1""",pgsphere,1,0,5,0.008,0.013
designed,1167,6',skycell,3,4,4,0.013,0.008
designed,1167,6',q3c,2,4,302,1.225,0.202
designed,1167,6',pgsphere,8,4,5,0.008,0.013
designed,322,"1""",skycell,1,1,4,0.015,0.007
designed,322,"1""",pgsphere,1,1,6,0.006,0.012
designed,322,"1""",q3c,1,1,301,1.218,0.201
designed,403,"10""",q3c,1,0,300,1.129,0.218
designed,403,"10""",skycell,1,0,3,0.015,0.006
designed,403,"10""",pgsphere,1,0,4,0.007,0.01
designed,484,"10""",q3c,1,1,301,1.258,0.194
designed,484,"10""",skycell,1,1,4,0.014,0.006
designed,484,"10""",pgsphere,1,1,8,0.007,0.02
designed,449,"10""",skycell,1,0,6,0.02,0.007
designed,449,"10""",pgsphere,1,0,7,0.007,0.016
designed,449,"10""",q3c,1,0,300,1.224,0.2
designed,753,"10""",pgsphere,1,0,4,0.008,0.011
designed,753,"10""",skycell,1,0,3,0.013,0.005
designed,753,"10""",q3c,1,0,300,1.365,0.295
designed,1375,30',q3c,41,73,304,1.535,0.338
designed,1375,30',pgsphere,190,73,20,0.012,0.088
designed,1375,30',skycell,111,73,24,0.044,0.06
designed,482,"10""",skycell,1,1,4,0.013,0.007
designed,482,"10""",q3c,1,1,301,1.341,0.244
designed,482,"10""",pgsphere,1,1,6,0.009,0.016
designed,282,"1""",q3c,1,1,301,1.284,0.255
designed,282,"1""",pgsphere,1,1,5,0.009,0.015
designed,282,"1""",skycell,1,1,4,0.015,0.006
designed,624,"10""",skycell,1,1,4,0.016,0.008
designed,624,"10""",q3c,1,1,301,1.309,0.218
designed,624,"10""",pgsphere,1,1,7,0.012,0.021
designed,1225,6',skycell,13,11,5,0.019,0.017
designed,1225,6',q3c,21,11,302,1.178,0.228
designed,1225,6',pgsphere,8,11,9,0.009,0.021
designed,407,"10""",q3c,1,0,300,1.262,0.223
designed,407,"10""",skycell,1,0,6,0.023,0.009
designed,407,"10""",pgsphere,1,0,4,0.007,0.012
designed,506,"10""",pgsphere,1,2,7,0.008,0.02
designed,506,"10""",q3c,1,2,301,1.411,0.261
designed,506,"10""",skycell,1,2,9,0.028,0.017
designed,246,"1""",skycell,1,1,4,0.019,0.008
designed,246,"1""",q3c,1,1,301,1.348,0.234
designed,246,"1""",pgsphere,1,1,6,0.009,0.016
designed,783,"10""",skycell,1,0,7,0.02,0.009
designed,783,"10""",pgsphere,1,0,6,0.007,0.018
designed,783,"10""",q3c,1,0,300,1.196,0.207
designed,529,"10""",q3c,1,0,300,1.296,0.214
designed,529,"10""",skycell,1,0,3,0.032,0.007
designed,529,"10""",pgsphere,1,0,5,0.007,0.014
designed,217,"1""",skycell,1,0,3,0.013,0.006
designed,217,"1""",q3c,1,0,300,1.284,0.197
designed,217,"1""",pgsphere,1,0,4,0.008,0.013
designed,1277,6',q3c,3,2,301,1.224,0.213
designed,1277,6',pgsphere,8,2,8,0.008,0.038
designed,1277,6',skycell,4,2,4,0.013,0.012
designed,818,1',q3c,1,1,301,1.301,0.222
designed,818,1',skycell,1,1,4,0.014,0.008
designed,818,1',pgsphere,1,1,5,0.007,0.011
designed,1065,1',q3c,1,2,301,1.308,0.216
designed,1065,1',pgsphere,1,2,8,0.008,0.02
designed,1065,1',skycell,1,2,4,0.013,0.007
designed,832,1',skycell,1,1,4,0.013,0.008
designed,832,1',pgsphere,1,1,5,0.006,0.01
designed,832,1',q3c,1,1,301,1.265,0.206
designed,759,"10""",q3c,1,0,300,1.286,0.21
designed,759,"10""",pgsphere,1,0,7,0.008,0.02
designed,759,"10""",skycell,1,0,6,0.02,0.007
designed,865,1',pgsphere,1,0,5,0.007,0.014
designed,865,1',q3c,1,0,300,1.271,0.194
designed,865,1',skycell,1,0,3,0.014,0.006
designed,740,"10""",q3c,1,1,301,1.203,0.205
designed,740,"10""",skycell,1,1,7,0.021,0.013
designed,740,"10""",pgsphere,1,1,5,0.008,0.012
designed,895,1',pgsphere,1,0,5,0.006,0.013
designed,895,1',skycell,1,0,4,0.013,0.006
designed,895,1',q3c,1,0,300,1.13,0.201
designed,213,"1""",q3c,1,0,300,1.232,0.212
designed,213,"1""",skycell,1,0,3,0.015,0.005
designed,213,"1""",pgsphere,1,0,5,0.007,0.013
designed,994,1',pgsphere,1,1,6,0.007,0.015
designed,994,1',q3c,1,1,301,1.201,0.194
designed,994,1',skycell,1,1,8,0.021,0.018
designed,914,1',pgsphere,1,1,9,0.007,0.021
designed,914,1',skycell,1,1,4,0.012,0.007
designed,914,1',q3c,1,1,301,1.169,0.261
designed,451,"10""",skycell,1,0,6,0.021,0.008
designed,451,"10""",pgsphere,1,0,5,0.007,0.013
designed,451,"10""",q3c,1,0,300,1.263,0.213
designed,842,1',pgsphere,1,1,8,0.008,0.021
designed,842,1',q3c,1,1,301,1.117,0.205
designed,842,1',skycell,1,1,4,0.014,0.009
designed,1411,1deg,pgsphere,762,748,72,0.007,0.156
designed,1411,1deg,q3c,176,748,317,1.251,0.331
designed,1411,1deg,skycell,913,748,44,0.052,0.12
designed,489,"10""",pgsphere,1,0,5,0.007,0.014
designed,489,"10""",q3c,1,0,300,1.32,0.202
designed,489,"10""",skycell,1,0,6,0.02,0.006
designed,199,"1""",skycell,1,0,3,0.013,0.005
designed,199,"1""",pgsphere,1,0,4,0.007,0.011
designed,199,"1""",q3c,1,0,300,1.252,0.206
designed,838,1',pgsphere,1,1,7,0.008,0.019
designed,838,1',q3c,1,1,301,1.203,0.201
designed,838,1',skycell,1,1,4,0.015,0.012
designed,1282,6',pgsphere,8,77,18,0.009,0.045
designed,1282,6',q3c,19,77,303,1.25,0.224
designed,1282,6',skycell,47,77,10,0.021,0.029
designed,1164,6',pgsphere,8,3,5,0.007,0.012
designed,1164,6',q3c,3,3,302,1.257,0.206
designed,1164,6',skycell,3,3,5,0.017,0.026
designed,862,1',pgsphere,1,3,6,0.007,0.014
designed,862,1',q3c,1,3,301,1.273,0.253
designed,862,1',skycell,1,3,8,0.025,0.019
designed,847,1',q3c,1,0,300,1.198,0.219
designed,847,1',skycell,1,0,3,0.015,0.006
designed,847,1',pgsphere,1,0,4,0.008,0.013
designed,1179,6',q3c,1,4,302,1.318,0.216
designed,1179,6',pgsphere,8,4,6,0.008,0.017
designed,1179,6',skycell,3,4,4,0.013,0.009
designed,462,"10""",pgsphere,1,1,5,0.007,0.013
designed,462,"10""",skycell,1,1,4,0.013,0.012
designed,462,"10""",q3c,1,1,301,1.321,0.25
designed,28,"1""",q3c,1,1,301,1.357,0.218
designed,28,"1""",pgsphere,1,1,5,0.011,0.013
designed,28,"1""",skycell,1,1,4,0.015,0.007
designed,874,1',skycell,5,5,4,0.021,0.011
designed,874,1',pgsphere,1,5,6,0.01,0.015
designed,874,1',q3c,1,5,301,1.686,0.324
designed,1096,1',pgsphere,1,1,6,0.019,0.03
designed,1096,1',skycell,2,1,5,0.024,0.023
designed,1096,1',q3c,1,1,301,1.275,0.257
designed,347,"1""",skycell,1,0,3,0.016,0.007
designed,347,"1""",q3c,1,0,300,1.2,0.205
designed,347,"1""",pgsphere,1,0,7,0.008,0.021
designed,375,"1""",q3c,1,0,300,1.236,0.205
designed,375,"1""",pgsphere,1,0,5,0.009,0.014
designed,375,"1""",skycell,1,0,3,0.014,0.006
designed,1076,1',q3c,1,1,301,1.217,0.205
designed,1076,1',pgsphere,1,1,5,0.007,0.012
designed,1076,1',skycell,1,1,4,0.013,0.006
designed,1365,30',skycell,64,65,19,0.029,0.058
designed,1365,30',q3c,32,65,302,1.228,0.229
designed,1365,30',pgsphere,190,65,18,0.008,0.082
designed,85,"1""",skycell,1,0,3,0.014,0.006
designed,85,"1""",pgsphere,1,0,5,0.006,0.013
designed,85,"1""",q3c,1,0,300,1.295,0.206
designed,1340,30',skycell,902,1284,55,0.057,0.261
designed,1340,30',q3c,227,1284,328,1.35,0.511
designed,1340,30',pgsphere,190,1284,119,0.008,0.387
designed,422,"10""",pgsphere,1,1,6,0.008,0.015
designed,422,"10""",skycell,1,1,4,0.013,0.006
designed,422,"10""",q3c,1,1,301,1.246,0.212
designed,55,"1""",pgsphere,1,0,6,0.008,0.023
designed,55,"1""",skycell,1,0,6,0.019,0.007
designed,55,"1""",q3c,1,0,300,1.163,0.207
designed,539,"10""",skycell,1,0,3,0.014,0.005
designed,539,"10""",pgsphere,1,0,5,0.009,0.012
designed,539,"10""",q3c,1,0,300,1.335,0.2
designed,1,"1""",q3c,1,0,300,1.282,0.21
designed,1,"1""",skycell,1,0,3,0.014,0.006
designed,1,"1""",pgsphere,1,0,5,0.007,0.013
designed,136,"1""",skycell,1,1,4,0.012,0.006
designed,136,"1""",q3c,1,1,301,1.117,0.191
designed,136,"1""",pgsphere,1,1,7,0.008,0.017
designed,723,"10""",pgsphere,1,0,5,0.008,0.015
designed,723,"10""",q3c,1,0,300,1.253,0.214
designed,723,"10""",skycell,1,0,3,0.015,0.005
designed,359,"1""",skycell,1,0,3,0.012,0.005
designed,359,"1""",pgsphere,1,0,4,0.007,0.012
designed,359,"1""",q3c,1,0,300,1.283,0.223
designed,369,"1""",pgsphere,1,0,9,0.008,0.027
designed,369,"1""",q3c,1,0,300,1.213,0.207
designed,369,"1""",skycell,1,0,3,0.014,0.005
designed,774,"10""",q3c,1,1,301,1.122,0.206
designed,774,"10""",skycell,1,1,4,0.014,0.007
designed,774,"10""",pgsphere,1,1,7,0.007,0.016
designed,520,"10""",q3c,1,1,301,1.342,0.25
designed,520,"10""",pgsphere,1,1,11,0.013,0.033
designed,520,"10""",skycell,1,1,4,0.016,0.008
designed,221,"1""",skycell,1,0,3,0.012,0.006
designed,221,"1""",pgsphere,1,0,4,0.006,0.011
designed,221,"1""",q3c,1,0,300,1.185,0.207
designed,350,"1""",skycell,1,1,4,0.015,0.008
designed,350,"1""",pgsphere,1,1,6,0.007,0.015
designed,350,"1""",q3c,1,1,301,1.227,0.202
designed,1322,30',pgsphere,190,69,26,0.009,0.085
designed,1322,30',skycell,133,69,19,0.035,0.036
designed,1322,30',q3c,53,69,305,1.179,0.251
designed,252,"1""",q3c,1,1,301,1.311,0.226
designed,252,"1""",pgsphere,1,1,5,0.008,0.012
designed,252,"1""",skycell,1,1,4,0.015,0.007
designed,1435,1deg,pgsphere,762,1243,165,0.011,0.368
designed,1435,1deg,q3c,609,1243,330,1.176,0.374
designed,1435,1deg,skycell,1354,1243,62,0.065,0.175
designed,960,1',skycell,1,1,5,0.014,0.008
designed,960,1',q3c,1,1,301,1.259,0.219
designed,960,1',pgsphere,1,1,5,0.009,0.012
designed,929,1',q3c,1,0,300,1.25,0.205
designed,929,1',pgsphere,1,0,5,0.01,0.013
designed,929,1',skycell,1,0,4,0.014,0.006
designed,1102,6',q3c,3,3,301,1.317,0.219
designed,1102,6',pgsphere,8,3,9,0.008,0.018
designed,1102,6',skycell,3,3,8,0.021,0.015
designed,38,"1""",pgsphere,1,1,6,0.007,0.014
designed,38,"1""",skycell,1,1,4,0.013,0.008
designed,38,"1""",q3c,1,1,301,1.141,0.211
designed,63,"1""",skycell,1,0,3,0.015,0.006
designed,63,"1""",q3c,1,0,300,1.193,0.213
designed,63,"1""",pgsphere,1,0,4,0.008,0.011
designed,237,"1""",pgsphere,1,0,4,0.007,0.011
designed,237,"1""",skycell,1,0,3,0.013,0.005
designed,237,"1""",q3c,1,0,300,1.234,0.202
designed,379,"1""",pgsphere,1,0,4,0.008,0.012
designed,379,"1""",skycell,1,0,3,0.013,0.006
designed,379,"1""",q3c,1,0,300,1.189,0.199
designed,1142,6',pgsphere,8,2,9,0.008,0.023
designed,1142,6',skycell,3,2,4,0.013,0.007
designed,1142,6',q3c,2,2,301,1.254,0.203
designed,159,"1""",skycell,1,0,3,0.014,0.005
designed,159,"1""",q3c,1,0,300,1.17,0.201
designed,159,"1""",pgsphere,1,0,5,0.008,0.013
designed,1025,1',skycell,1,0,3,0.013,0.006
designed,1025,1',pgsphere,1,0,7,0.006,0.016
designed,1025,1',q3c,1,0,300,1.194,0.2
designed,412,"10""",q3c,1,1,301,1.106,0.212
designed,412,"10""",pgsphere,1,1,6,0.009,0.015
designed,412,"10""",skycell,1,1,4,0.013,0.006
designed,469,"10""",pgsphere,1,0,6,0.006,0.015
designed,469,"10""",q3c,1,0,300,1.288,0.191
designed,469,"10""",skycell,1,0,3,0.014,0.005
designed,1079,1',skycell,1,1,4,0.012,0.019
designed,1079,1',q3c,1,1,301,1.235,0.225
designed,1079,1',pgsphere,1,1,5,0.01,0.021
designed,776,"10""",pgsphere,1,1,9,0.007,0.021
designed,776,"10""",skycell,1,1,4,0.013,0.006
designed,776,"10""",q3c,1,1,301,1.211,0.206
designed,1372,30',q3c,616,601,316,1.282,0.362
designed,1372,30',pgsphere,190,601,77,0.009,0.26
designed,1372,30',skycell,324,601,29,0.031,0.148
designed,355,"1""",pgsphere,1,0,4,0.007,0.011
designed,355,"1""",skycell,1,0,3,0.012,0.004
designed,355,"1""",q3c,1,0,300,1.296,0.201
designed,223,"1""",skycell,1,0,3,0.015,0.006
designed,223,"1""",q3c,1,0,300,1.12,0.2
designed,223,"1""",pgsphere,1,0,8,0.009,0.019
designed,11,"1""",pgsphere,1,0,4,0.007,0.012
designed,11,"1""",skycell,1,0,3,0.013,0.005
designed,11,"1""",q3c,1,0,300,1.161,0.199
designed,657,"10""",pgsphere,1,0,5,0.008,0.015
designed,657,"10""",skycell,1,0,3,0.016,0.005
designed,657,"10""",q3c,1,0,300,1.249,0.207
designed,995,1',q3c,1,0,300,1.242,0.221
designed,995,1',skycell,1,0,4,0.016,0.007
designed,995,1',pgsphere,1,0,5,0.007,0.012
designed,923,1',skycell,1,0,7,0.019,0.01
designed,923,1',pgsphere,1,0,5,0.007,0.014
designed,923,1',q3c,1,0,300,1.299,0.2
designed,1342,30',q3c,30,65,302,1.279,0.224
designed,1342,30',skycell,75,65,18,0.03,0.057
designed,1342,30',pgsphere,190,65,20,0.007,0.063
designed,37,"1""",q3c,1,0,300,1.198,0.195
designed,37,"1""",skycell,1,0,7,0.021,0.009
designed,37,"1""",pgsphere,1,0,6,0.007,0.016
designed,135,"1""",q3c,1,0,300,1.167,0.202
designed,135,"1""",pgsphere,1,0,6,0.008,0.014
designed,135,"1""",skycell,1,0,3,0.013,0.004
designed,388,"1""",q3c,1,1,301,1.165,0.207
designed,388,"1""",pgsphere,1,1,10,0.008,0.021
designed,388,"1""",skycell,1,1,4,0.013,0.007
designed,182,"1""",pgsphere,1,1,5,0.006,0.012
designed,182,"1""",skycell,1,1,4,0.012,0.006
designed,182,"1""",q3c,1,1,301,1.22,0.208
designed,1299,6',q3c,9,3,301,1.314,0.229
designed,1299,6',skycell,7,3,4,0.014,0.017
designed,1299,6',pgsphere,8,3,5,0.007,0.021
designed,267,"1""",pgsphere,1,0,4,0.007,0.009
designed,267,"1""",q3c,1,0,300,1.185,0.192
designed,267,"1""",skycell,1,0,3,0.015,0.006
designed,327,"1""",skycell,1,0,3,0.012,0.005
designed,327,"1""",q3c,1,0,300,1.282,0.199
designed,327,"1""",pgsphere,1,0,6,0.008,0.016
designed,475,"10""",pgsphere,1,0,4,0.006,0.011
designed,475,"10""",q3c,1,0,300,1.155,0.204
designed,475,"10""",skycell,1,0,3,0.014,0.005
designed,3,"1""",q3c,1,0,300,1.345,0.213
designed,3,"1""",pgsphere,1,0,5,0.008,0.013
designed,3,"1""",skycell,1,0,3,0.013,0.005
designed,886,1',skycell,2,4,7,0.019,0.01
designed,886,1',pgsphere,1,4,6,0.006,0.014
designed,886,1',q3c,1,4,301,1.227,0.264
designed,570,"10""",skycell,1,1,4,0.015,0.007
designed,570,"10""",pgsphere,1,1,5,0.007,0.012
designed,570,"10""",q3c,1,1,301,1.139,0.198
designed,496,"10""",q3c,1,1,301,1.295,0.214
designed,496,"10""",pgsphere,1,1,9,0.008,0.024
designed,496,"10""",skycell,1,1,7,0.021,0.012
designed,1207,6',skycell,6,8,5,0.02,0.017
designed,1207,6',q3c,3,8,302,1.223,0.198
designed,1207,6',pgsphere,8,8,9,0.008,0.024
designed,173,"1""",skycell,1,0,6,0.019,0.007
designed,173,"1""",q3c,1,0,300,1.295,0.198
designed,173,"1""",pgsphere,1,0,5,0.009,0.014
designed,84,"1""",q3c,1,1,301,1.29,0.206
designed,84,"1""",pgsphere,1,1,7,0.008,0.015
designed,84,"1""",skycell,1,1,4,0.013,0.006
designed,1144,6',q3c,14,75,304,1.117,0.217
designed,1144,6',pgsphere,8,75,16,0.008,0.033
designed,1144,6',skycell,53,75,9,0.02,0.025
designed,411,"10""",pgsphere,1,0,4,0.007,0.01
designed,411,"10""",skycell,1,0,3,0.013,0.005
designed,411,"10""",q3c,1,0,300,1.198,0.205
designed,978,1',skycell,1,1,7,0.022,0.011
designed,978,1',q3c,1,1,301,1.148,0.217
designed,978,1',pgsphere,1,1,7,0.008,0.018
designed,579,"10""",q3c,1,0,300,1.177,0.201
designed,579,"10""",skycell,1,0,3,0.014,0.005
designed,579,"10""",pgsphere,1,0,5,0.009,0.014
designed,833,1',pgsphere,1,0,4,0.006,0.01
designed,833,1',q3c,1,0,300,1.3,0.215
designed,833,1',skycell,1,0,4,0.015,0.006
designed,235,"1""",skycell,1,0,3,0.012,0.005
designed,235,"1""",q3c,1,0,300,1.182,0.222
designed,235,"1""",pgsphere,1,0,6,0.008,0.014
designed,1323,30',pgsphere,190,77,14,0.007,0.036
designed,1323,30',skycell,80,77,13,0.024,0.025
designed,1323,30',q3c,47,77,303,1.345,0.214
designed,1422,1deg,skycell,3112,4433,121,0.083,0.693
designed,1422,1deg,q3c,1730,4433,383,1.271,1.081
designed,1422,1deg,pgsphere,762,4433,408,0.008,1.289
designed,140,"1""",skycell,1,1,4,0.015,0.006
designed,140,"1""",q3c,1,1,301,1.185,0.208
designed,140,"1""",pgsphere,1,1,5,0.008,0.012
designed,1284,6',skycell,40,47,15,0.025,0.049
designed,1284,6',q3c,18,47,303,1.318,0.245
designed,1284,6',pgsphere,8,47,17,0.013,0.061
designed,308,"1""",pgsphere,1,1,8,0.008,0.017
designed,308,"1""",q3c,1,1,301,1.248,0.203
designed,308,"1""",skycell,1,1,4,0.014,0.006
designed,406,"10""",skycell,1,1,4,0.017,0.008
designed,406,"10""",pgsphere,1,1,6,0.007,0.016
designed,406,"10""",q3c,1,1,301,1.268,0.203
designed,1452,3deg,skycell,26962,26649,458,0.148,2.983
designed,1452,3deg,pgsphere,6852,26649,872,0.009,5.942
designed,1452,3deg,q3c,7542,26649,720,1.311,3.574
designed,1330,30',skycell,1530,1598,61,0.062,0.202
designed,1330,30',pgsphere,190,1598,177,0.007,0.327
designed,1330,30',q3c,579,1598,338,1.274,0.425
designed,1165,6',skycell,9,12,8,0.02,0.028
designed,1165,6',pgsphere,8,12,10,0.007,0.024
designed,1165,6',q3c,4,12,301,1.26,0.21
designed,1120,6',q3c,54,158,306,1.23,0.241
designed,1120,6',skycell,165,158,22,0.037,0.043
designed,1120,6',pgsphere,8,158,30,0.007,0.053
designed,647,"10""",skycell,1,0,7,0.019,0.009
designed,647,"10""",q3c,1,0,300,1.188,0.205
designed,647,"10""",pgsphere,1,0,10,0.014,0.035
designed,35,"1""",q3c,1,0,300,1.216,0.206
designed,35,"1""",skycell,1,0,3,0.015,0.006
designed,35,"1""",pgsphere,1,0,4,0.007,0.01
designed,1116,6',pgsphere,8,137,25,0.006,0.052
designed,1116,6',q3c,52,137,306,1.279,0.229
designed,1116,6',skycell,136,137,15,0.025,0.034
designed,413,"10""",skycell,1,0,3,0.012,0.005
designed,413,"10""",pgsphere,1,0,4,0.007,0.011
designed,413,"10""",q3c,1,0,300,1.219,0.197
designed,45,"1""",skycell,1,0,6,0.02,0.007
designed,45,"1""",q3c,1,0,300,1.121,0.21
designed,45,"1""",pgsphere,1,0,4,0.008,0.011
designed,1254,6',pgsphere,8,118,21,0.007,0.053
designed,1254,6',q3c,22,118,304,1.31,0.222
designed,1254,6',skycell,110,118,23,0.036,0.042
designed,969,1',q3c,1,0,300,1.272,0.202
designed,969,1',skycell,1,0,4,0.015,0.006
designed,969,1',pgsphere,1,0,9,0.009,0.029
designed,373,"1""",skycell,1,0,3,0.013,0.006
designed,373,"1""",pgsphere,1,0,5,0.006,0.011
designed,373,"1""",q3c,1,0,300,1.196,0.205
designed,1111,6',pgsphere,8,3,7,0.008,0.016
designed,1111,6',q3c,5,3,301,1.294,0.208
designed,1111,6',skycell,5,3,7,0.02,0.009
designed,575,"10""",pgsphere,1,0,4,0.007,0.012
designed,575,"10""",skycell,1,0,3,0.012,0.005
designed,575,"10""",q3c,1,0,300,1.295,0.203
designed,1248,6',pgsphere,8,106,24,0.008,0.048
designed,1248,6',skycell,158,106,18,0.029,0.031
designed,1248,6',q3c,32,106,305,1.234,0.221
designed,494,"10""",pgsphere,1,1,6,0.008,0.014
designed,494,"10""",skycell,1,1,4,0.013,0.006
designed,494,"10""",q3c,1,1,301,1.194,0.202
designed,331,"1""",q3c,1,0,300,1.245,0.214
designed,331,"1""",skycell,1,0,3,0.015,0.006
designed,331,"1""",pgsphere,1,0,4,0.007,0.01
designed,678,"10""",skycell,1,1,4,0.013,0.007
designed,678,"10""",q3c,1,1,301,1.113,0.196
designed,678,"10""",pgsphere,1,1,5,0.009,0.014
designed,296,"1""",q3c,1,1,301,1.178,0.202
designed,296,"1""",skycell,1,1,4,0.015,0.006
designed,296,"1""",pgsphere,1,1,5,0.007,0.011
designed,328,"1""",pgsphere,1,1,7,0.007,0.019
designed,328,"1""",q3c,1,1,301,1.23,0.213
designed,328,"1""",skycell,1,1,4,0.018,0.009
designed,491,"10""",q3c,1,0,300,1.934,0.415
designed,491,"10""",skycell,1,0,4,0.037,0.016
designed,491,"10""",pgsphere,1,0,5,0.012,0.022
designed,1177,6',skycell,3,2,5,0.021,0.017
designed,1177,6',pgsphere,8,2,7,0.009,0.019
designed,1177,6',q3c,2,2,301,2.31,0.315
designed,1048,1',pgsphere,1,1,6,0.099,0.132
designed,1048,1',skycell,1,1,4,0.078,0.023
designed,1048,1',q3c,1,1,301,1.889,0.435
designed,20,"1""",q3c,1,1,301,1.603,0.389
designed,20,"1""",pgsphere,1,1,6,0.056,0.036
designed,20,"1""",skycell,1,1,4,0.045,0.02
designed,1401,1deg,pgsphere,762,297,46,0.021,0.588
designed,1401,1deg,skycell,588,297,37,0.166,0.717
designed,1401,1deg,q3c,427,297,309,2.633,1.12
designed,358,"1""",skycell,1,1,4,0.119,0.035
designed,358,"1""",q3c,1,1,301,2.912,0.886
designed,358,"1""",pgsphere,1,1,6,0.056,0.043
designed,555,"10""",skycell,1,0,3,0.042,0.013
designed,555,"10""",pgsphere,1,0,4,0.028,0.029
designed,555,"10""",q3c,1,0,300,3.22,1.297
designed,1331,30',q3c,29,61,303,3.366,0.776
designed,1331,30',skycell,65,61,14,0.093,0.052
designed,1331,30',pgsphere,190,61,14,0.035,0.086
designed,334,"1""",pgsphere,1,1,6,0.013,0.029
designed,334,"1""",q3c,1,1,301,1.272,0.235
designed,334,"1""",skycell,1,1,4,0.034,0.015
designed,336,"1""",q3c,1,1,301,1.41,0.248
designed,336,"1""",skycell,1,1,4,0.022,0.01
designed,336,"1""",pgsphere,1,1,8,0.012,0.036
designed,109,"1""",pgsphere,1,0,5,0.011,0.017
designed,109,"1""",q3c,1,0,300,1.31,0.219
designed,109,"1""",skycell,1,0,6,0.042,0.022
designed,713,"10""",skycell,1,0,6,0.041,0.04
designed,713,"10""",q3c,1,0,300,1.282,0.228
designed,713,"10""",pgsphere,1,0,7,0.013,0.028
designed,1201,6',pgsphere,8,2,9,0.011,0.034
designed,1201,6',q3c,2,2,303,1.136,0.251
designed,1201,6',skycell,3,2,8,0.035,0.024
designed,256,"1""",skycell,1,1,4,0.016,0.009
designed,256,"1""",pgsphere,1,1,8,0.008,0.049
designed,256,"1""",q3c,1,1,301,1.18,0.239
designed,667,"10""",q3c,1,0,300,1.174,0.237
designed,667,"10""",skycell,1,0,3,0.021,0.013
designed,667,"10""",pgsphere,1,0,4,0.01,0.018
designed,1121,6',skycell,12,2,14,0.034,0.041
designed,1121,6',q3c,3,2,301,1.399,0.255
designed,1121,6',pgsphere,8,2,11,0.01,0.049
designed,619,"10""",pgsphere,1,0,6,0.008,0.023
designed,619,"10""",q3c,1,0,300,1.337,0.22
designed,619,"10""",skycell,1,0,3,0.026,0.012
designed,44,"1""",pgsphere,1,1,5,0.011,0.015
designed,44,"1""",skycell,1,1,4,0.023,0.017
designed,44,"1""",q3c,1,1,301,1.387,0.288
designed,429,"10""",skycell,1,0,4,0.047,0.012
designed,429,"10""",pgsphere,1,0,4,0.011,0.025
designed,429,"10""",q3c,1,0,300,1.469,0.246
designed,1172,6',skycell,6,6,5,0.031,0.018
designed,1172,6',q3c,4,6,301,1.321,0.224
designed,1172,6',pgsphere,8,6,8,0.016,0.032
designed,1136,6',pgsphere,8,29,8,0.009,0.026
designed,1136,6',skycell,15,29,6,0.021,0.025
designed,1136,6',q3c,11,29,305,1.533,0.233
designed,441,"10""",pgsphere,1,0,4,0.011,0.021
designed,441,"10""",q3c,1,0,300,1.204,0.237
designed,441,"10""",skycell,1,0,3,0.027,0.015
designed,360,"1""",skycell,1,1,4,0.017,0.008
designed,360,"1""",q3c,1,1,301,1.264,0.222
designed,360,"1""",pgsphere,1,1,5,0.012,0.017
designed,863,1',q3c,1,0,300,1.276,0.247
designed,863,1',skycell,1,0,4,0.029,0.011
designed,863,1',pgsphere,1,0,5,0.009,0.026
designed,1066,1',q3c,1,2,301,1.317,0.28
designed,1066,1',skycell,1,2,5,0.028,0.026
designed,1066,1',pgsphere,1,2,5,0.011,0.026
designed,519,"10""",q3c,1,0,300,1.271,0.214
designed,519,"10""",skycell,1,0,3,0.022,0.008
designed,519,"10""",pgsphere,1,0,4,0.009,0.013
designed,338,"1""",pgsphere,1,1,5,0.007,0.016
designed,338,"1""",q3c,1,1,301,1.188,0.216
designed,338,"1""",skycell,1,1,4,0.018,0.012
designed,1133,6',skycell,38,15,8,0.031,0.033
designed,1133,6',q3c,5,15,302,1.269,0.252
designed,1133,6',pgsphere,8,15,10,0.018,0.054
designed,609,"10""",pgsphere,1,0,4,0.01,0.013
designed,609,"10""",skycell,1,0,3,0.026,0.015
designed,609,"10""",q3c,1,0,300,1.183,0.239
designed,1424,1deg,skycell,1558,3126,90,0.071,0.57
designed,1424,1deg,q3c,2582,3126,370,1.319,0.978
designed,1424,1deg,pgsphere,762,3126,326,0.014,1.176
designed,1002,1',pgsphere,1,1,5,0.01,0.026
designed,1002,1',q3c,1,1,301,1.234,0.221
designed,1002,1',skycell,1,1,4,0.022,0.009
designed,184,"1""",skycell,1,1,7,0.021,0.014
designed,184,"1""",q3c,1,1,301,1.289,0.215
designed,184,"1""",pgsphere,1,1,6,0.011,0.016
designed,509,"10""",pgsphere,1,0,4,0.01,0.015
designed,509,"10""",q3c,1,0,300,1.335,0.21
designed,509,"10""",skycell,1,0,3,0.035,0.013
designed,1234,6',pgsphere,8,3,6,0.012,0.021
designed,1234,6',skycell,3,3,5,0.023,0.019
designed,1234,6',q3c,2,3,301,1.229,0.252
designed,436,"10""",pgsphere,1,1,5,0.012,0.015
designed,436,"10""",skycell,1,1,4,0.018,0.007
designed,436,"10""",q3c,1,1,301,1.362,0.22
designed,1010,1',q3c,1,2,301,1.35,0.24
designed,1010,1',pgsphere,1,2,8,0.012,0.027
designed,1010,1',skycell,1,2,4,0.018,0.009
designed,378,"1""",q3c,1,1,301,1.222,0.204
designed,378,"1""",pgsphere,1,1,5,0.013,0.015
designed,378,"1""",skycell,1,1,7,0.023,0.011
designed,1103,6',q3c,6,11,301,1.3,0.227
designed,1103,6',skycell,4,11,12,0.031,0.022
designed,1103,6',pgsphere,8,11,6,0.008,0.016
designed,23,"1""",pgsphere,1,0,4,0.007,0.011
designed,23,"1""",skycell,1,0,3,0.013,0.006
designed,23,"1""",q3c,1,0,300,1.319,0.22
designed,959,1',q3c,1,0,300,1.145,0.236
designed,959,1',pgsphere,1,0,4,0.011,0.014
designed,959,1',skycell,1,0,8,0.023,0.014
designed,856,1',q3c,1,3,301,1.331,0.21
designed,856,1',pgsphere,1,3,12,0.01,0.029
designed,856,1',skycell,2,3,4,0.015,0.008
designed,945,1',q3c,1,0,300,1.285,0.212
designed,945,1',pgsphere,1,0,6,0.009,0.018
designed,945,1',skycell,1,0,4,0.014,0.007
designed,57,"1""",q3c,1,0,300,1.255,0.208
designed,57,"1""",skycell,1,0,3,0.015,0.006
designed,57,"1""",pgsphere,1,0,5,0.007,0.014
designed,608,"10""",pgsphere,1,1,6,0.007,0.016
designed,608,"10""",q3c,1,1,301,1.339,0.211
designed,608,"10""",skycell,1,1,7,0.021,0.009
designed,1428,1deg,q3c,1340,3905,372,1.201,0.937
designed,1428,1deg,pgsphere,762,3905,444,0.009,1.239
designed,1428,1deg,skycell,4182,3905,119,0.093,0.55
designed,1195,6',skycell,5,2,15,0.036,0.016
designed,1195,6',pgsphere,8,2,6,0.01,0.015
designed,1195,6',q3c,2,2,301,1.313,0.212
designed,1219,6',skycell,3,5,4,0.015,0.01
designed,1219,6',pgsphere,8,5,8,0.007,0.021
designed,1219,6',q3c,2,5,302,1.266,0.207
designed,387,"1""",skycell,1,0,3,0.016,0.009
designed,387,"1""",pgsphere,1,0,5,0.009,0.015
designed,387,"1""",q3c,1,0,300,1.298,0.205
designed,1056,1',q3c,1,1,301,1.204,0.216
designed,1056,1',skycell,1,1,4,0.016,0.008
designed,1056,1',pgsphere,1,1,5,0.008,0.019
designed,920,1',pgsphere,1,1,8,0.009,0.019
designed,920,1',q3c,1,1,301,1.301,0.196
designed,920,1',skycell,1,1,4,0.03,0.006
designed,39,"1""",pgsphere,1,0,5,0.008,0.015
designed,39,"1""",q3c,1,0,300,1.298,0.204
designed,39,"1""",skycell,1,0,3,0.015,0.005
designed,5,"1""",skycell,1,0,3,0.016,0.01
designed,5,"1""",q3c,1,0,300,1.327,0.204
designed,5,"1""",pgsphere,1,0,4,0.009,0.011
designed,363,"1""",q3c,1,0,300,1.105,0.208
designed,363,"1""",skycell,1,0,3,0.02,0.007
designed,363,"1""",pgsphere,1,0,7,0.007,0.018
designed,196,"1""",pgsphere,1,1,6,0.007,0.015
designed,196,"1""",skycell,1,1,4,0.013,0.01
designed,196,"1""",q3c,1,1,301,1.169,0.223
designed,178,"1""",skycell,1,1,7,0.022,0.009
designed,178,"1""",pgsphere,1,1,8,0.01,0.022
designed,178,"1""",q3c,1,1,301,1.148,0.215
designed,569,"10""",pgsphere,1,0,5,0.009,0.021
designed,569,"10""",q3c,1,0,300,1.269,0.212
designed,569,"10""",skycell,1,0,6,0.027,0.017
designed,661,"10""",q3c,1,0,300,1.183,0.203
designed,661,"10""",skycell,1,0,3,0.015,0.007
designed,661,"10""",pgsphere,1,0,7,0.009,0.024
designed,445,"10""",pgsphere,1,0,4,0.007,0.01
designed,445,"10""",q3c,1,0,300,1.201,0.228
designed,445,"10""",skycell,1,0,3,0.016,0.009
designed,1418,1deg,skycell,4862,5071,139,0.11,0.919
designed,1418,1deg,pgsphere,762,5071,554,0.021,1.606
designed,1418,1deg,q3c,1396,5071,394,1.23,1.149
designed,1394,30',skycell,3565,3504,118,0.098,0.728
designed,1394,30',q3c,344,3504,368,1.215,0.889
designed,1394,30',pgsphere,190,3504,317,0.009,1.089
designed,416,"10""",q3c,1,1,301,1.28,0.216
designed,416,"10""",skycell,1,1,4,0.017,0.008
designed,416,"10""",pgsphere,1,1,5,0.007,0.013
designed,318,"1""",q3c,1,1,301,1.291,0.206
designed,318,"1""",pgsphere,1,1,6,0.009,0.015
designed,318,"1""",skycell,1,1,4,0.014,0.006
designed,512,"10""",q3c,1,1,301,1.254,0.221
designed,512,"10""",pgsphere,1,1,5,0.009,0.014
designed,512,"10""",skycell,1,1,4,0.035,0.008
designed,1405,1deg,q3c,127,265,308,1.244,0.293
designed,1405,1deg,pgsphere,762,265,40,0.009,0.174
designed,1405,1deg,skycell,323,265,31,0.046,0.104
designed,289,"1""",skycell,1,0,3,0.019,0.012
designed,289,"1""",pgsphere,1,0,8,0.009,0.03
designed,289,"1""",q3c,1,0,300,1.299,0.204
designed,330,"1""",skycell,1,1,4,0.014,0.013
designed,330,"1""",q3c,1,1,301,1.391,0.219
designed,330,"1""",pgsphere,1,1,7,0.009,0.023
designed,1212,6',q3c,23,72,307,1.261,0.223
designed,1212,6',skycell,58,72,9,0.028,0.024
designed,1212,6',pgsphere,8,72,16,0.008,0.035
designed,181,"1""",pgsphere,1,0,7,0.007,0.024
designed,181,"1""",q3c,1,0,300,1.209,0.219
designed,181,"1""",skycell,1,0,3,0.016,0.009
designed,281,"1""",skycell,1,0,3,0.015,0.006
designed,281,"1""",pgsphere,1,0,5,0.007,0.013
designed,281,"1""",q3c,1,0,300,1.21,0.203
designed,174,"1""",pgsphere,1,1,5,0.008,0.012
designed,174,"1""",skycell,1,1,4,0.013,0.006
designed,174,"1""",q3c,1,1,301,1.207,0.213
designed,24,"1""",pgsphere,1,1,8,0.009,0.021
designed,24,"1""",skycell,1,1,4,0.013,0.012
designed,24,"1""",q3c,1,1,301,1.186,0.219
designed,930,1',skycell,2,4,8,0.022,0.013
designed,930,1',q3c,1,4,301,1.173,0.204
designed,930,1',pgsphere,1,4,8,0.008,0.02
designed,424,"10""",pgsphere,1,1,6,0.007,0.012
designed,424,"10""",q3c,1,1,301,1.242,0.254
designed,424,"10""",skycell,1,1,7,0.026,0.014
designed,142,"1""",q3c,1,1,301,1.306,0.204
designed,142,"1""",pgsphere,1,1,9,0.009,0.023
designed,142,"1""",skycell,1,1,7,0.021,0.008
designed,1233,6',pgsphere,8,2,9,0.007,0.031
designed,1233,6',skycell,3,2,5,0.023,0.017
designed,1233,6',q3c,1,2,302,1.163,0.205
designed,497,"10""",q3c,1,0,300,1.298,0.219
designed,497,"10""",pgsphere,1,0,4,0.008,0.011
designed,497,"10""",skycell,1,0,3,0.013,0.006
designed,1367,30',q3c,55,60,304,1.223,0.223
designed,1367,30',pgsphere,190,60,19,0.009,0.043
designed,1367,30',skycell,69,60,9,0.032,0.03
designed,112,"1""",q3c,1,1,301,1.181,0.228
designed,112,"1""",skycell,1,1,4,0.015,0.006
designed,112,"1""",pgsphere,1,1,5,0.007,0.011
designed,481,"10""",skycell,1,0,7,0.025,0.012
designed,481,"10""",pgsphere,1,0,6,0.009,0.019
designed,481,"10""",q3c,1,0,300,1.282,0.201
designed,613,"10""",skycell,1,0,3,0.02,0.006
designed,613,"10""",q3c,1,0,300,1.21,0.212
designed,613,"10""",pgsphere,1,0,6,0.01,0.025
designed,951,1',skycell,1,0,4,0.015,0.011
designed,951,1',pgsphere,1,0,5,0.007,0.021
designed,951,1',q3c,1,0,300,1.291,0.207
designed,702,"10""",skycell,1,2,4,0.018,0.008
designed,702,"10""",pgsphere,1,2,5,0.008,0.016
designed,702,"10""",q3c,1,2,301,1.959,0.361
designed,77,"1""",q3c,1,0,300,1.567,0.24
designed,77,"1""",skycell,1,0,3,0.036,0.005
designed,77,"1""",pgsphere,1,0,7,0.009,0.034
designed,343,"1""",q3c,1,0,300,1.212,0.199
designed,343,"1""",pgsphere,1,0,4,0.009,0.012
designed,343,"1""",skycell,1,0,3,0.014,0.009
designed,724,"10""",skycell,1,1,4,0.019,0.014
designed,724,"10""",q3c,1,1,301,1.153,0.205
designed,724,"10""",pgsphere,1,1,5,0.008,0.014
designed,164,"1""",pgsphere,1,1,9,0.007,0.039
designed,164,"1""",q3c,1,1,302,1.24,0.242
designed,164,"1""",skycell,1,1,4,0.019,0.012
designed,428,"10""",q3c,1,1,301,1.254,0.224
designed,428,"10""",skycell,1,1,4,0.015,0.013
designed,428,"10""",pgsphere,1,1,5,0.009,0.017
designed,1168,6',pgsphere,8,930,91,0.008,0.207
designed,1168,6',skycell,4,930,31,0.013,0.194
designed,1168,6',q3c,2,930,319,1.439,0.4
designed,1227,6',skycell,5,4,8,0.029,0.013
designed,1227,6',q3c,3,4,301,1.182,0.217
designed,1227,6',pgsphere,8,4,7,0.009,0.015
designed,130,"1""",skycell,1,1,4,0.013,0.016
designed,130,"1""",q3c,1,1,301,1.441,0.221
designed,130,"1""",pgsphere,1,1,6,0.009,0.022
designed,183,"1""",pgsphere,1,0,5,0.009,0.019
designed,183,"1""",skycell,1,0,3,0.015,0.009
designed,183,"1""",q3c,1,0,300,1.252,0.218
designed,377,"1""",skycell,1,0,3,0.02,0.013
designed,377,"1""",q3c,1,0,300,1.28,0.232
designed,377,"1""",pgsphere,1,0,10,0.009,0.047
designed,1338,30',skycell,896,1099,63,0.072,0.274
designed,1338,30',pgsphere,190,1099,115,0.009,0.445
designed,1338,30',q3c,441,1099,327,1.295,0.554
designed,1062,1',q3c,1,1,301,1.275,0.218
designed,1062,1',pgsphere,1,1,5,0.015,0.016
designed,1062,1',skycell,1,1,4,0.026,0.01
designed,81,"1""",skycell,1,0,3,0.016,0.013
designed,81,"1""",q3c,1,0,300,1.397,0.259
designed,81,"1""",pgsphere,1,0,5,0.009,0.015
designed,931,1',pgsphere,1,0,6,0.008,0.022
designed,931,1',skycell,1,0,4,0.016,0.017
designed,931,1',q3c,1,0,300,1.28,0.227
designed,272,"1""",q3c,1,1,301,1.255,0.297
designed,272,"1""",pgsphere,1,1,5,0.013,0.016
designed,272,"1""",skycell,1,1,4,0.014,0.006
designed,219,"1""",pgsphere,1,0,5,0.007,0.013
designed,219,"1""",skycell,1,0,6,0.027,0.009
designed,219,"1""",q3c,1,0,300,1.296,0.193
designed,1021,1',q3c,1,0,300,1.158,0.215
designed,1021,1',pgsphere,1,0,4,0.009,0.015
designed,1021,1',skycell,1,0,4,0.016,0.007
designed,669,"10""",pgsphere,1,0,4,0.007,0.024
designed,669,"10""",skycell,1,0,3,0.013,0.009
designed,669,"10""",q3c,1,0,300,1.291,0.243
designed,590,"10""",skycell,1,1,4,0.015,0.007
designed,590,"10""",pgsphere,1,1,9,0.007,0.023
designed,590,"10""",q3c,1,1,301,1.15,0.216
designed,1198,6',q3c,10,49,303,1.244,0.243
designed,1198,6',skycell,25,49,14,0.027,0.048
designed,1198,6',pgsphere,8,49,11,0.008,0.03
designed,1031,1',skycell,1,0,7,0.019,0.013
designed,1031,1',pgsphere,1,0,6,0.007,0.017
designed,1031,1',q3c,1,0,300,1.275,0.195
designed,745,"10""",q3c,1,0,300,1.262,0.218
designed,745,"10""",skycell,1,0,3,0.015,0.006
designed,745,"10""",pgsphere,1,0,5,0.007,0.013
designed,92,"1""",pgsphere,1,1,5,0.007,0.01
designed,92,"1""",skycell,1,1,4,0.019,0.011
designed,92,"1""",q3c,1,1,301,1.317,0.212
designed,1161,6',q3c,2,4,302,1.224,0.217
designed,1161,6',pgsphere,8,4,8,0.009,0.02
designed,1161,6',skycell,4,4,4,0.022,0.007
designed,773,"10""",skycell,1,0,3,0.013,0.009
designed,773,"10""",q3c,1,0,300,1.111,0.195
designed,773,"10""",pgsphere,1,0,4,0.009,0.011
designed,752,"10""",skycell,1,1,4,0.02,0.008
designed,752,"10""",q3c,1,1,301,1.166,0.207
designed,752,"10""",pgsphere,1,1,6,0.009,0.016
designed,317,"1""",q3c,1,0,300,1.294,0.201
designed,317,"1""",pgsphere,1,0,4,0.008,0.011
designed,317,"1""",skycell,1,0,3,0.013,0.011
designed,1274,6',q3c,4,730,318,1.274,0.378
designed,1274,6',skycell,7,730,40,0.033,0.233
designed,1274,6',pgsphere,8,730,79,0.009,0.291
designed,548,"10""",q3c,1,1,301,1.276,0.23
designed,548,"10""",skycell,1,1,5,0.02,0.008
designed,548,"10""",pgsphere,1,1,5,0.007,0.01
designed,1151,6',skycell,3,1,4,0.013,0.011
designed,1151,6',pgsphere,8,1,6,0.014,0.016
designed,1151,6',q3c,2,1,301,1.307,0.232
designed,533,"10""",skycell,1,0,3,0.021,0.01
designed,533,"10""",pgsphere,1,0,7,0.009,0.018
designed,533,"10""",q3c,1,0,300,1.155,0.203
designed,1159,6',pgsphere,8,2,6,0.014,0.031
designed,1159,6',q3c,1,2,302,1.287,0.22
designed,1159,6',skycell,3,2,4,0.014,0.018
designed,361,"1""",skycell,1,0,3,0.015,0.006
designed,361,"1""",q3c,1,0,300,1.244,0.203
designed,361,"1""",pgsphere,1,0,4,0.009,0.009
designed,801,1',q3c,1,0,300,1.244,0.199
designed,801,1',pgsphere,1,0,7,0.009,0.024
designed,801,1',skycell,1,0,4,0.015,0.01
designed,1414,1deg,skycell,786,1101,59,0.069,0.264
designed,1414,1deg,pgsphere,762,1101,149,0.008,0.526
designed,1414,1deg,q3c,244,1101,325,1.2,0.471
designed,402,"10""",q3c,1,1,301,1.27,0.245
designed,402,"10""",pgsphere,1,1,5,0.008,0.013
designed,402,"10""",skycell,1,1,4,0.014,0.006
designed,261,"1""",q3c,1,0,300,1.287,0.195
designed,261,"1""",skycell,1,0,6,0.021,0.008
designed,261,"1""",pgsphere,1,0,6,0.007,0.016
designed,1016,1',pgsphere,1,1,5,0.007,0.012
designed,1016,1',q3c,1,1,301,1.226,0.198
designed,1016,1',skycell,1,1,4,0.015,0.007
designed,501,"10""",pgsphere,1,0,4,0.007,0.012
designed,501,"10""",q3c,1,0,300,1.231,0.201
designed,501,"10""",skycell,1,0,3,0.014,0.006
designed,933,1',q3c,1,2,301,1.121,0.205
designed,933,1',pgsphere,1,2,6,0.009,0.013
designed,933,1',skycell,1,2,7,0.021,0.009
designed,269,"1""",q3c,1,0,300,1.264,0.202
designed,269,"1""",pgsphere,1,0,6,0.009,0.017
designed,269,"1""",skycell,1,0,3,0.022,0.007
designed,825,1',pgsphere,1,0,10,0.007,0.034
designed,825,1',q3c,1,0,301,1.246,0.206
designed,825,1',skycell,1,0,4,0.014,0.006
designed,881,1',skycell,1,0,4,0.013,0.011
designed,881,1',pgsphere,1,0,5,0.009,0.014
designed,881,1',q3c,1,0,300,1.286,0.207
designed,499,"10""",pgsphere,1,0,5,0.009,0.013
designed,499,"10""",skycell,1,0,4,0.013,0.012
designed,499,"10""",q3c,1,0,300,1.172,0.211
designed,332,"1""",q3c,1,1,301,1.29,0.214
designed,332,"1""",skycell,1,1,4,0.016,0.011
designed,332,"1""",pgsphere,1,1,6,0.009,0.015
designed,32,"1""",skycell,1,1,7,0.035,0.02
designed,32,"1""",q3c,1,1,301,1.173,0.206
designed,32,"1""",pgsphere,1,1,5,0.009,0.022
designed,1188,6',q3c,8,3,301,1.29,0.212
designed,1188,6',skycell,5,3,12,0.032,0.015
designed,1188,6',pgsphere,8,3,6,0.007,0.014
designed,588,"10""",skycell,1,1,4,0.02,0.008
designed,588,"10""",q3c,1,1,301,1.268,0.216
designed,588,"10""",pgsphere,1,1,6,0.009,0.018
designed,751,"10""",pgsphere,1,0,6,0.009,0.022
designed,751,"10""",skycell,1,0,3,0.015,0.005
designed,751,"10""",q3c,1,0,300,1.138,0.246
designed,348,"1""",q3c,1,1,301,1.211,0.217
designed,348,"1""",pgsphere,1,1,5,0.009,0.017
designed,348,"1""",skycell,1,1,7,0.022,0.013
designed,650,"10""",q3c,1,1,301,1.143,0.196
designed,650,"10""",pgsphere,1,1,5,0.009,0.012
designed,650,"10""",skycell,1,1,4,0.014,0.013
designed,769,"10""",skycell,1,0,3,0.015,0.011
designed,769,"10""",pgsphere,1,0,7,0.008,0.025
designed,769,"10""",q3c,1,0,300,1.337,0.231
designed,335,"1""",pgsphere,1,0,4,0.008,0.011
designed,335,"1""",skycell,1,0,3,0.013,0.005
designed,335,"1""",q3c,1,0,300,1.164,0.213
designed,133,"1""",skycell,1,0,3,0.014,0.006
designed,133,"1""",pgsphere,1,0,5,0.007,0.012
designed,133,"1""",q3c,1,0,300,1.334,0.204
designed,27,"1""",skycell,1,0,3,0.014,0.005
designed,27,"1""",q3c,1,0,300,1.215,0.198
designed,27,"1""",pgsphere,1,0,5,0.009,0.017
designed,391,"1""",skycell,1,0,4,0.014,0.006
designed,391,"1""",pgsphere,1,0,9,0.007,0.022
designed,391,"1""",q3c,1,0,300,1.279,0.201
designed,365,"1""",q3c,1,0,300,1.311,0.216
designed,365,"1""",pgsphere,1,0,4,0.01,0.011
designed,365,"1""",skycell,1,0,3,0.019,0.007
designed,893,1',skycell,3,3,8,0.019,0.02
designed,893,1',pgsphere,1,3,10,0.007,0.023
designed,893,1',q3c,1,3,302,1.195,0.2
designed,919,1',skycell,1,0,4,0.014,0.01
designed,919,1',pgsphere,1,0,6,0.009,0.017
designed,919,1',q3c,1,0,300,1.176,0.202
designed,1044,1',skycell,1,1,4,0.015,0.009
designed,1044,1',q3c,1,1,301,1.262,0.204
designed,1044,1',pgsphere,1,1,6,0.008,0.014
designed,423,"10""",skycell,1,0,3,0.014,0.006
designed,423,"10""",q3c,1,0,300,1.159,0.245
designed,423,"10""",pgsphere,1,0,4,0.008,0.016
designed,376,"1""",pgsphere,1,1,5,0.009,0.013
designed,376,"1""",skycell,1,1,4,0.013,0.006
designed,376,"1""",q3c,1,1,301,1.128,0.22
designed,1150,6',pgsphere,8,66,17,0.009,0.042
designed,1150,6',skycell,50,66,19,0.036,0.037
designed,1150,6',q3c,16,66,304,1.259,0.228
designed,1383,30',q3c,36,65,305,1.304,0.262
designed,1383,30',pgsphere,190,65,12,0.009,0.077
designed,1383,30',skycell,88,65,7,0.023,0.058
designed,1134,6',pgsphere,8,1,10,0.008,0.028
designed,1134,6',q3c,2,1,301,1.231,0.212
designed,1134,6',skycell,3,1,13,0.026,0.019
designed,855,1',pgsphere,1,0,9,0.008,0.027
designed,855,1',q3c,1,0,300,1.244,0.203
designed,855,1',skycell,1,0,5,0.014,0.008
designed,1314,30',q3c,33,69,307,1.196,0.222
designed,1314,30',skycell,130,69,22,0.046,0.029
designed,1314,30',pgsphere,190,69,15,0.007,0.034
designed,962,1',q3c,1,2,301,1.224,0.284
designed,962,1',pgsphere,1,2,6,0.009,0.016
designed,962,1',skycell,1,2,4,0.025,0.009
designed,455,"10""",pgsphere,1,0,4,0.007,0.018
designed,455,"10""",skycell,1,0,3,0.019,0.006
designed,455,"10""",q3c,1,0,300,1.314,0.204
designed,1328,30',pgsphere,190,879,135,0.01,0.334
designed,1328,30',skycell,800,879,42,0.059,0.182
designed,1328,30',q3c,143,879,321,1.199,0.348
designed,91,"1""",pgsphere,1,0,6,0.009,0.022
designed,91,"1""",skycell,1,0,3,0.015,0.005
designed,91,"1""",q3c,1,0,300,1.263,0.226
designed,1366,30',q3c,28,65,304,1.331,0.248
designed,1366,30',pgsphere,190,65,15,0.009,0.042
designed,1366,30',skycell,69,65,15,0.025,0.043
designed,1197,6',pgsphere,8,1,6,0.007,0.015
designed,1197,6',q3c,2,1,301,1.309,0.244
designed,1197,6',skycell,4,1,5,0.015,0.009
designed,76,"1""",q3c,1,1,301,1.256,0.216
designed,76,"1""",skycell,1,1,4,0.015,0.017
designed,76,"1""",pgsphere,1,1,5,0.011,0.024
designed,1260,6',skycell,7,5,16,0.031,0.019
designed,1260,6',pgsphere,8,5,8,0.008,0.024
designed,1260,6',q3c,3,5,301,1.32,0.218
designed,1166,6',skycell,19,20,9,0.022,0.025
designed,1166,6',q3c,13,20,302,1.151,0.27
designed,1166,6',pgsphere,8,20,12,0.009,0.023
designed,593,"10""",skycell,1,0,3,0.014,0.01
designed,593,"10""",q3c,1,0,300,1.322,0.203
designed,593,"10""",pgsphere,1,0,6,0.009,0.018
designed,1045,1',q3c,1,1,301,1.187,0.2
designed,1045,1',pgsphere,1,1,7,0.009,0.021
designed,1045,1',skycell,1,1,4,0.015,0.006
designed,1298,6',pgsphere,8,9,6,0.007,0.019
designed,1298,6',q3c,7,9,301,1.205,0.222
designed,1298,6',skycell,5,9,12,0.026,0.02
designed,126,"1""",q3c,1,1,301,1.139,0.211
designed,126,"1""",pgsphere,1,1,7,0.009,0.025
designed,126,"1""",skycell,1,1,4,0.015,0.024
designed,1137,6',pgsphere,8,0,8,0.008,0.023
designed,1137,6',skycell,3,0,9,0.026,0.013
designed,1137,6',q3c,1,0,301,1.176,0.204
designed,1189,6',q3c,2,3,302,1.194,0.218
designed,1189,6',pgsphere,8,3,9,0.009,0.026
designed,1189,6',skycell,3,3,4,0.013,0.008
designed,238,"1""",skycell,1,1,4,0.012,0.006
designed,238,"1""",pgsphere,1,1,6,0.009,0.014
designed,238,"1""",q3c,1,1,301,1.26,0.202
designed,329,"1""",q3c,1,0,300,1.217,0.214
designed,329,"1""",skycell,1,0,3,0.015,0.005
designed,329,"1""",pgsphere,1,0,11,0.007,0.033
designed,293,"1""",q3c,1,0,300,1.285,0.193
designed,293,"1""",skycell,1,0,3,0.015,0.005
designed,293,"1""",pgsphere,1,0,5,0.007,0.012
designed,1450,3deg,skycell,39859,43516,654,0.11,5.476
designed,1450,3deg,pgsphere,6852,43516,1227,0.009,10.935
designed,1450,3deg,q3c,14801,43516,978,1.848,7.138
designed,438,"10""",pgsphere,1,1,7,0.012,0.021
designed,438,"10""",skycell,1,1,4,0.018,0.007
designed,438,"10""",q3c,1,1,301,1.323,0.233
designed,208,"1""",skycell,1,1,4,0.021,0.008
designed,208,"1""",q3c,1,1,301,1.306,0.228
designed,208,"1""",pgsphere,1,1,8,0.009,0.024
designed,1408,1deg,pgsphere,762,4152,393,0.008,0.8
designed,1408,1deg,q3c,1298,4152,371,1.608,1.198
designed,1408,1deg,skycell,4801,4152,124,0.144,0.654
designed,841,1',skycell,1,0,7,0.033,0.016
designed,841,1',q3c,1,0,300,1.691,0.301
designed,841,1',pgsphere,1,0,5,0.015,0.027
designed,396,"1""",pgsphere,1,1,7,0.013,0.033
designed,396,"1""",q3c,1,1,301,1.542,0.259
designed,396,"1""",skycell,1,1,4,0.022,0.021
designed,191,"1""",q3c,1,0,300,1.339,0.204
designed,191,"1""",pgsphere,1,0,6,0.009,0.023
designed,191,"1""",skycell,1,0,3,0.015,0.006
designed,74,"1""",skycell,1,1,4,0.013,0.011
designed,74,"1""",q3c,1,1,301,1.246,0.215
designed,74,"1""",pgsphere,1,1,8,0.008,0.024
designed,1247,6',skycell,4,0,8,0.022,0.024
designed,1247,6',q3c,1,0,301,1.279,0.208
designed,1247,6',pgsphere,8,0,5,0.009,0.024
designed,36,"1""",skycell,1,1,4,0.013,0.007
designed,36,"1""",q3c,1,1,301,1.154,0.203
designed,36,"1""",pgsphere,1,1,5,0.008,0.012
designed,1242,6',q3c,11,11,301,1.278,0.205
designed,1242,6',skycell,16,11,8,0.026,0.026
designed,1242,6',pgsphere,8,11,12,0.008,0.031
designed,602,"10""",pgsphere,1,1,6,0.007,0.014
designed,602,"10""",skycell,1,1,4,0.013,0.01
designed,602,"10""",q3c,1,1,301,1.295,0.203
designed,697,"10""",pgsphere,1,0,5,0.009,0.017
designed,697,"10""",skycell,1,0,3,0.014,0.006
designed,697,"10""",q3c,1,0,300,1.285,0.199
designed,1123,6',pgsphere,8,2,8,0.008,0.026
designed,1123,6',q3c,2,2,301,1.308,0.209
designed,1123,6',skycell,3,2,4,0.015,0.008
designed,532,"10""",pgsphere,1,1,6,0.007,0.015
designed,532,"10""",q3c,1,1,301,1.255,0.214
designed,532,"10""",skycell,1,1,4,0.014,0.011
designed,626,"10""",skycell,1,1,4,0.014,0.006
designed,626,"10""",q3c,1,1,301,1.27,0.203
designed,626,"10""",pgsphere,1,1,5,0.009,0.017
designed,514,"10""",q3c,1,1,301,1.286,0.223
designed,514,"10""",skycell,1,1,4,0.015,0.006
designed,514,"10""",pgsphere,1,1,5,0.007,0.012
designed,1308,30',q3c,50,85,305,1.295,0.228
designed,1308,30',skycell,107,85,21,0.036,0.031
designed,1308,30',pgsphere,190,85,19,0.007,0.039
designed,784,"10""",q3c,1,1,301,1.198,0.217
designed,784,"10""",pgsphere,1,1,5,0.009,0.013
designed,784,"10""",skycell,1,1,4,0.02,0.008
designed,453,"10""",skycell,1,0,3,0.014,0.005
designed,453,"10""",q3c,1,0,300,1.227,0.202
designed,453,"10""",pgsphere,1,0,5,0.009,0.015
designed,168,"1""",skycell,1,1,7,0.02,0.008
designed,168,"1""",pgsphere,1,1,8,0.007,0.023
designed,168,"1""",q3c,1,1,301,1.288,0.203
designed,180,"1""",q3c,1,1,301,1.154,0.235
designed,180,"1""",pgsphere,1,1,5,0.008,0.012
designed,180,"1""",skycell,1,1,4,0.013,0.016
designed,284,"1""",pgsphere,1,1,7,0.009,0.019
designed,284,"1""",skycell,1,1,4,0.019,0.007
designed,284,"1""",q3c,1,1,301,1.154,0.198
designed,1291,6',q3c,3,2,301,1.222,0.227
designed,1291,6',skycell,3,2,8,0.021,0.018
designed,1291,6',pgsphere,8,2,8,0.007,0.035
designed,1223,6',q3c,2,1,301,1.337,0.203
designed,1223,6',pgsphere,8,1,6,0.009,0.017
designed,1223,6',skycell,3,1,4,0.014,0.007
designed,1230,6',pgsphere,8,1,9,0.007,0.035
designed,1230,6',q3c,2,1,301,1.26,0.204
designed,1230,6',skycell,3,1,4,0.014,0.007
designed,996,1',q3c,1,5,302,1.152,0.215
designed,996,1',pgsphere,1,5,11,0.009,0.028
designed,996,1',skycell,2,5,8,0.021,0.019
designed,744,"10""",skycell,1,1,4,0.017,0.007
designed,744,"10""",pgsphere,1,1,5,0.007,0.011
designed,744,"10""",q3c,1,1,301,1.303,0.203
designed,908,1',pgsphere,1,3,5,0.009,0.012
designed,908,1',q3c,1,3,301,1.233,0.216
designed,908,1',skycell,1,3,4,0.014,0.008
designed,754,"10""",q3c,1,1,301,1.297,0.217
designed,754,"10""",pgsphere,1,1,7,0.008,0.019
designed,754,"10""",skycell,1,1,4,0.02,0.009
designed,704,"10""",skycell,1,1,4,0.02,0.009
designed,704,"10""",pgsphere,1,1,8,0.009,0.022
designed,704,"10""",q3c,1,1,301,1.304,0.202
designed,542,"10""",q3c,1,1,301,1.296,0.217
designed,542,"10""",pgsphere,1,1,8,0.008,0.018
designed,542,"10""",skycell,1,1,4,0.025,0.01
designed,1087,1',pgsphere,1,0,6,0.008,0.018
designed,1087,1',q3c,1,0,300,1.182,0.194
designed,1087,1',skycell,1,0,7,0.02,0.015
designed,537,"10""",q3c,1,0,300,1.248,0.202
designed,537,"10""",pgsphere,1,0,5,0.009,0.012
designed,537,"10""",skycell,1,0,3,0.013,0.004
designed,737,"10""",pgsphere,1,0,5,0.006,0.012
designed,737,"10""",skycell,1,0,3,0.019,0.006
designed,737,"10""",q3c,1,0,300,1.229,0.2
designed,248,"1""",skycell,1,1,4,0.015,0.007
designed,248,"1""",pgsphere,1,1,5,0.007,0.012
designed,248,"1""",q3c,1,1,301,1.203,0.208
designed,890,1',q3c,1,2,301,1.151,0.218
designed,890,1',skycell,1,2,4,0.019,0.01
designed,890,1',pgsphere,1,2,7,0.007,0.019
designed,607,"10""",pgsphere,1,0,5,0.006,0.016
designed,607,"10""",q3c,1,0,300,1.131,0.228
designed,607,"10""",skycell,1,0,6,0.021,0.007
designed,664,"10""",pgsphere,1,1,8,0.007,0.022
designed,664,"10""",q3c,1,1,301,1.106,0.203
designed,664,"10""",skycell,1,1,4,0.015,0.006
designed,934,1',pgsphere,1,2,7,0.007,0.029
designed,934,1',q3c,1,2,301,1.104,0.225
designed,934,1',skycell,2,2,8,0.021,0.033
designed,463,"10""",q3c,1,0,300,1.335,0.241
designed,463,"10""",pgsphere,1,0,5,0.011,0.015
designed,463,"10""",skycell,1,0,6,0.033,0.016
designed,950,1',pgsphere,1,1,5,0.008,0.025
designed,950,1',q3c,1,1,301,1.283,0.214
designed,950,1',skycell,1,1,4,0.014,0.01
designed,654,"10""",pgsphere,1,1,5,0.007,0.027
designed,654,"10""",q3c,1,1,301,1.271,0.203
designed,654,"10""",skycell,1,1,4,0.02,0.013
designed,1255,6',skycell,38,47,18,0.031,0.025
designed,1255,6',q3c,21,47,302,1.232,0.213
designed,1255,6',pgsphere,8,47,12,0.008,0.031
designed,706,"10""",pgsphere,1,1,8,0.007,0.026
designed,706,"10""",q3c,1,1,301,1.323,0.217
designed,706,"10""",skycell,1,1,4,0.014,0.007
designed,746,"10""",skycell,1,1,4,0.012,0.012
designed,746,"10""",q3c,1,1,301,1.251,0.208
designed,746,"10""",pgsphere,1,1,5,0.009,0.011
designed,1303,30',q3c,95,144,306,1.215,0.264
designed,1303,30',skycell,331,144,27,0.051,0.061
designed,1303,30',pgsphere,190,144,26,0.007,0.104
designed,263,"1""",pgsphere,1,0,6,0.007,0.017
designed,263,"1""",skycell,1,0,6,0.02,0.007
designed,263,"1""",q3c,1,0,300,1.281,0.212
designed,231,"1""",skycell,1,0,3,0.022,0.013
designed,231,"1""",q3c,1,0,300,1.216,0.201
designed,231,"1""",pgsphere,1,0,4,0.009,0.009
designed,1288,6',q3c,2,4,302,1.213,0.206
designed,1288,6',pgsphere,8,4,5,0.008,0.017
designed,1288,6',skycell,3,4,4,0.014,0.009
designed,983,1',pgsphere,1,0,4,0.007,0.011
designed,983,1',skycell,1,0,4,0.012,0.007
designed,983,1',q3c,1,0,300,1.18,0.217
designed,1415,1deg,skycell,451,251,25,0.056,0.057
designed,1415,1deg,q3c,110,251,309,1.238,0.248
designed,1415,1deg,pgsphere,762,251,48,0.009,0.103
designed,871,1',pgsphere,1,0,4,0.008,0.015
designed,871,1',q3c,1,0,300,1.172,0.201
designed,871,1',skycell,1,0,4,0.015,0.007
designed,400,"1""",pgsphere,1,1,6,0.007,0.019
designed,400,"1""",skycell,1,1,7,0.021,0.014
designed,400,"1""",q3c,1,1,301,1.182,0.209
designed,1229,6',skycell,9,11,9,0.021,0.014
designed,1229,6',q3c,5,11,302,1.277,0.213
designed,1229,6',pgsphere,8,11,9,0.008,0.025
designed,878,1',q3c,1,1,301,1.255,0.209
designed,878,1',pgsphere,1,1,6,0.008,0.019
designed,878,1',skycell,1,1,4,0.019,0.008
designed,285,"1""",q3c,1,0,300,1.252,0.22
designed,285,"1""",pgsphere,1,0,7,0.009,0.018
designed,285,"1""",skycell,1,0,6,0.025,0.007
designed,686,"10""",skycell,1,1,4,0.019,0.007
designed,686,"10""",pgsphere,1,1,5,0.007,0.012
designed,686,"10""",q3c,1,1,301,1.378,0.207
designed,1392,30',q3c,30,67,303,1.254,0.258
designed,1392,30',skycell,67,67,10,0.022,0.044
designed,1392,30',pgsphere,190,67,11,0.008,0.048
designed,766,"10""",q3c,1,1,301,1.262,0.213
designed,766,"10""",skycell,1,1,4,0.015,0.007
designed,766,"10""",pgsphere,1,1,7,0.007,0.02
designed,1403,1deg,pgsphere,762,324,47,0.008,0.098
designed,1403,1deg,q3c,531,324,311,1.115,0.288
designed,1403,1deg,skycell,353,324,38,0.051,0.083
designed,1360,30',skycell,590,674,44,0.051,0.174
designed,1360,30',pgsphere,190,674,90,0.008,0.303
designed,1360,30',q3c,470,674,317,1.165,0.365
designed,1293,6',pgsphere,8,4,6,0.008,0.015
designed,1293,6',skycell,3,4,4,0.014,0.008
designed,1293,6',q3c,2,4,301,1.336,0.207
designed,612,"10""",q3c,1,1,301,1.359,0.239
designed,612,"10""",pgsphere,1,1,6,0.012,0.02
designed,612,"10""",skycell,1,1,7,0.023,0.013
designed,1063,1',q3c,1,0,300,1.219,0.199
designed,1063,1',skycell,1,0,4,0.014,0.01
designed,1063,1',pgsphere,1,0,5,0.009,0.016
designed,1444,3deg,pgsphere,6852,35019,1092,0.007,9.7
designed,1444,3deg,q3c,11458,35019,906,1.384,6.461
designed,1444,3deg,skycell,29034,35019,557,0.12,4.814
designed,1256,6',skycell,4,4009,49,0.015,0.42
designed,1256,6',pgsphere,8,4009,219,0.009,0.617
designed,1256,6',q3c,2,4009,341,1.268,0.577
designed,14,"1""",pgsphere,1,1,7,0.009,0.023
designed,14,"1""",skycell,1,1,4,0.015,0.012
designed,14,"1""",q3c,1,1,301,1.234,0.206
designed,119,"1""",q3c,1,0,300,1.25,0.222
designed,119,"1""",pgsphere,1,0,5,0.009,0.023
designed,119,"1""",skycell,1,0,3,0.015,0.009
designed,942,1',q3c,1,4,301,1.237,0.201
designed,942,1',skycell,4,4,4,0.015,0.008
designed,942,1',pgsphere,1,4,8,0.007,0.024
designed,725,"10""",skycell,1,0,3,0.019,0.006
designed,725,"10""",pgsphere,1,0,5,0.007,0.014
designed,725,"10""",q3c,1,0,300,1.099,0.202
designed,61,"1""",pgsphere,1,0,4,0.008,0.01
designed,61,"1""",skycell,1,0,6,0.019,0.007
designed,61,"1""",q3c,1,0,300,1.297,0.199
designed,1451,3deg,q3c,1743,2330,345,1.602,0.767
designed,1451,3deg,pgsphere,6852,2330,99,0.019,0.691
designed,1451,3deg,skycell,2947,2330,94,0.125,0.443
designed,1363,30',q3c,25,60,302,1.257,0.23
designed,1363,30',pgsphere,190,60,15,0.009,0.053
designed,1363,30',skycell,91,60,14,0.028,0.03
designed,218,"1""",skycell,1,1,7,0.02,0.009
designed,218,"1""",q3c,1,1,301,1.198,0.221
designed,218,"1""",pgsphere,1,1,6,0.021,0.033
designed,1336,30',skycell,804,1019,43,0.053,0.222
designed,1336,30',pgsphere,190,1019,97,0.018,0.293
designed,1336,30',q3c,303,1019,323,1.234,0.374
designed,87,"1""",skycell,1,0,3,0.015,0.01
designed,87,"1""",pgsphere,1,0,7,0.009,0.028
designed,87,"1""",q3c,1,0,300,1.261,0.216
designed,192,"1""",q3c,1,1,301,1.219,0.229
designed,192,"1""",skycell,1,1,4,0.015,0.014
designed,192,"1""",pgsphere,1,1,6,0.009,0.03
designed,944,1',skycell,1,1,7,0.021,0.009
designed,944,1',pgsphere,1,1,9,0.007,0.027
designed,944,1',q3c,1,1,301,1.169,0.201
designed,1104,6',pgsphere,8,2,7,0.008,0.018
designed,1104,6',skycell,4,2,8,0.026,0.011
designed,1104,6',q3c,2,2,301,1.264,0.202
designed,545,"10""",pgsphere,1,0,4,0.008,0.015
designed,545,"10""",q3c,1,0,300,1.345,0.202
designed,545,"10""",skycell,1,0,3,0.014,0.006
designed,670,"10""",pgsphere,1,1,7,0.007,0.017
designed,670,"10""",q3c,1,1,301,1.255,0.205
designed,670,"10""",skycell,1,1,7,0.021,0.014
designed,1050,1',q3c,1,3,301,1.276,0.199
designed,1050,1',pgsphere,1,3,7,0.008,0.021
designed,1050,1',skycell,1,3,4,0.015,0.007
designed,902,1',pgsphere,1,3,9,0.007,0.019
designed,902,1',q3c,1,3,302,1.224,0.266
designed,902,1',skycell,1,3,8,0.021,0.015
designed,1243,6',skycell,55,51,17,0.031,0.025
designed,1243,6',pgsphere,8,51,22,0.007,0.037
designed,1243,6',q3c,15,51,302,1.238,0.221
designed,535,"10""",skycell,1,0,4,0.016,0.007
designed,535,"10""",pgsphere,1,0,4,0.007,0.012
designed,535,"10""",q3c,1,0,300,1.129,0.201
designed,809,1',pgsphere,1,0,7,0.008,0.019
designed,809,1',skycell,1,0,7,0.025,0.014
designed,809,1',q3c,1,0,300,1.247,0.219
designed,486,"10""",skycell,1,1,4,0.025,0.013
designed,486,"10""",pgsphere,1,1,7,0.008,0.02
designed,486,"10""",q3c,1,1,301,1.429,0.204
designed,147,"1""",q3c,1,0,300,1.202,0.223
designed,147,"1""",skycell,1,0,3,0.015,0.009
designed,147,"1""",pgsphere,1,0,5,0.008,0.017
designed,166,"1""",skycell,1,1,4,0.014,0.006
designed,166,"1""",q3c,1,1,301,1.22,0.196
designed,166,"1""",pgsphere,1,1,5,0.008,0.011
designed,446,"10""",q3c,1,1,301,1.307,0.198
designed,446,"10""",pgsphere,1,1,6,0.008,0.018
designed,446,"10""",skycell,1,1,4,0.015,0.006
designed,371,"1""",pgsphere,1,0,4,0.007,0.014
designed,371,"1""",q3c,1,0,300,1.142,0.216
designed,371,"1""",skycell,1,0,3,0.014,0.006
designed,1009,1',skycell,1,0,4,0.017,0.011
designed,1009,1',q3c,1,0,300,1.182,0.233
designed,1009,1',pgsphere,1,0,6,0.008,0.017
designed,840,1',skycell,1,2,4,0.013,0.007
designed,840,1',pgsphere,1,2,6,0.007,0.018
designed,840,1',q3c,1,2,302,1.146,0.21
designed,810,1',q3c,1,1,301,1.301,0.221
designed,810,1',skycell,1,1,5,0.014,0.011
designed,810,1',pgsphere,1,1,6,0.007,0.014
designed,956,1',skycell,1,1,5,0.019,0.03
designed,956,1',pgsphere,1,1,6,0.008,0.026
designed,956,1',q3c,1,1,301,1.257,0.205
designed,29,"1""",pgsphere,1,0,4,0.01,0.019
designed,29,"1""",q3c,1,0,300,1.181,0.221
designed,29,"1""",skycell,1,0,3,0.014,0.005
designed,1072,1',skycell,1,3,8,0.025,0.012
designed,1072,1',q3c,1,3,301,1.158,0.209
designed,1072,1',pgsphere,1,3,7,0.008,0.02
designed,216,"1""",skycell,1,1,7,0.019,0.014
designed,216,"1""",q3c,1,1,301,1.199,0.216
designed,216,"1""",pgsphere,1,1,7,0.009,0.026
designed,193,"1""",q3c,1,0,300,1.178,0.202
designed,193,"1""",skycell,1,0,3,0.015,0.012
designed,193,"1""",pgsphere,1,0,5,0.009,0.017
designed,1026,1',q3c,1,1,301,1.173,0.213
designed,1026,1',skycell,1,1,4,0.014,0.007
designed,1026,1',pgsphere,1,1,7,0.007,0.016
designed,314,"1""",skycell,1,1,4,0.012,0.006
designed,314,"1""",pgsphere,1,1,7,0.006,0.015
designed,314,"1""",q3c,1,1,301,1.217,0.197
designed,990,1',pgsphere,1,6,9,0.008,0.02
designed,990,1',skycell,1,6,6,0.013,0.013
designed,990,1',q3c,1,6,302,1.257,0.22
designed,1191,6',skycell,3,1,4,0.019,0.01
designed,1191,6',q3c,1,1,301,1.282,0.208
designed,1191,6',pgsphere,8,1,5,0.008,0.012
designed,66,"1""",skycell,1,1,4,0.013,0.012
designed,66,"1""",pgsphere,1,1,10,0.008,0.037
designed,66,"1""",q3c,1,1,301,1.17,0.213
designed,699,"10""",q3c,1,0,300,1.236,0.255
designed,699,"10""",skycell,1,0,6,0.021,0.007
designed,699,"10""",pgsphere,1,0,7,0.007,0.022
designed,700,"10""",skycell,1,1,4,0.014,0.006
designed,700,"10""",q3c,1,1,301,1.279,0.197
designed,700,"10""",pgsphere,1,1,8,0.008,0.025
designed,646,"10""",skycell,1,1,4,0.016,0.007
designed,646,"10""",q3c,1,1,301,1.225,0.21
designed,646,"10""",pgsphere,1,1,6,0.009,0.014
designed,1285,6',pgsphere,8,36,12,0.007,0.037
designed,1285,6',skycell,27,36,6,0.019,0.026
designed,1285,6',q3c,6,36,305,1.209,0.28
designed,104,"1""",skycell,1,1,4,0.019,0.008
designed,104,"1""",q3c,1,1,301,1.341,0.218
designed,104,"1""",pgsphere,1,1,5,0.009,0.011
designed,122,"1""",pgsphere,1,1,5,0.007,0.011
designed,122,"1""",q3c,1,1,301,1.194,0.209
designed,122,"1""",skycell,1,1,7,0.021,0.008
designed,1454,3deg,q3c,6376,22109,646,1.277,3.574
designed,1454,3deg,pgsphere,6852,22109,836,0.018,6.528
designed,1454,3deg,skycell,22198,22109,385,0.129,2.835
designed,395,"1""",q3c,1,0,300,1.274,0.207
designed,395,"1""",pgsphere,1,0,6,0.012,0.019
designed,395,"1""",skycell,1,0,3,0.017,0.006
designed,404,"10""",pgsphere,1,1,6,0.008,0.015
designed,404,"10""",q3c,1,1,301,1.245,0.207
designed,404,"10""",skycell,1,1,7,0.023,0.01
designed,883,1',q3c,1,0,300,1.232,0.22
designed,883,1',skycell,1,0,8,0.023,0.019
designed,883,1',pgsphere,1,0,4,0.009,0.012
designed,679,"10""",skycell,1,0,4,0.02,0.008
designed,679,"10""",pgsphere,1,0,4,0.007,0.014
designed,679,"10""",q3c,1,0,300,1.255,0.204
designed,115,"1""",skycell,1,0,3,0.022,0.01
designed,115,"1""",q3c,1,0,300,1.14,0.214
designed,115,"1""",pgsphere,1,0,5,0.009,0.022
designed,524,"10""",q3c,1,1,301,1.345,0.212
designed,524,"10""",pgsphere,1,1,5,0.009,0.013
designed,524,"10""",skycell,1,1,4,0.02,0.007
designed,660,"10""",q3c,1,1,301,1.316,0.206
designed,660,"10""",skycell,1,1,7,0.021,0.012
designed,660,"10""",pgsphere,1,1,5,0.009,0.012
designed,866,1',pgsphere,1,2,7,0.007,0.015
designed,866,1',skycell,1,2,8,0.02,0.011
designed,866,1',q3c,1,2,301,1.137,0.204
designed,356,"1""",skycell,1,1,7,0.021,0.008
designed,356,"1""",pgsphere,1,1,8,0.007,0.019
designed,356,"1""",q3c,1,1,301,1.223,0.21
designed,1175,6',q3c,2,1,302,1.276,0.235
designed,1175,6',skycell,4,1,4,0.016,0.008
designed,1175,6',pgsphere,8,1,6,0.007,0.015
designed,1208,6',pgsphere,8,10,8,0.007,0.023
designed,1208,6',q3c,13,10,302,1.153,0.222
designed,1208,6',skycell,4,10,5,0.022,0.023
designed,853,1',skycell,1,0,4,0.015,0.007
designed,853,1',q3c,1,0,300,1.13,0.219
designed,853,1',pgsphere,1,0,5,0.009,0.017
designed,1000,1',q3c,1,1,301,1.248,0.213
designed,1000,1',pgsphere,1,1,5,0.009,0.012
designed,1000,1',skycell,1,1,4,0.014,0.007
designed,224,"1""",q3c,1,1,301,1.176,0.212
designed,224,"1""",pgsphere,1,1,5,0.008,0.011
designed,224,"1""",skycell,1,1,4,0.014,0.006
designed,1011,1',pgsphere,1,0,5,0.017,0.018
designed,1011,1',q3c,1,0,300,1.208,0.201
designed,1011,1',skycell,1,0,7,0.027,0.023
designed,858,1',q3c,1,8,301,1.206,0.205
designed,858,1',pgsphere,1,8,9,0.008,0.028
designed,858,1',skycell,1,8,4,0.019,0.01
designed,17,"1""",q3c,1,0,300,1.259,0.248
designed,17,"1""",pgsphere,1,0,5,0.009,0.016
designed,17,"1""",skycell,1,0,3,0.015,0.006
designed,326,"1""",q3c,1,1,301,1.2,0.203
designed,326,"1""",skycell,1,1,4,0.02,0.007
designed,326,"1""",pgsphere,1,1,6,0.007,0.015
designed,1204,6',q3c,8,8,302,1.288,0.221
designed,1204,6',skycell,8,8,8,0.021,0.013
designed,1204,6',pgsphere,8,8,9,0.007,0.021
designed,662,"10""",q3c,1,1,301,1.296,0.209
designed,662,"10""",pgsphere,1,1,6,0.008,0.016
designed,662,"10""",skycell,1,1,4,0.014,0.007
designed,42,"1""",q3c,1,1,301,1.28,0.202
designed,42,"1""",skycell,1,1,4,0.014,0.006
designed,42,"1""",pgsphere,1,1,6,0.007,0.014
designed,1110,6',skycell,16,27,6,0.013,0.024
designed,1110,6',q3c,8,27,304,1.293,0.234
designed,1110,6',pgsphere,8,27,14,0.01,0.051
designed,78,"1""",skycell,1,1,4,0.015,0.01
designed,78,"1""",pgsphere,1,1,7,0.008,0.015
designed,78,"1""",q3c,1,1,301,1.19,0.215
designed,972,1',q3c,1,2,301,1.176,0.231
designed,972,1',pgsphere,1,2,5,0.009,0.021
designed,972,1',skycell,1,2,4,0.015,0.007
designed,595,"10""",q3c,1,0,300,1.15,0.244
designed,595,"10""",pgsphere,1,0,5,0.008,0.018
designed,595,"10""",skycell,1,0,3,0.015,0.005
designed,228,"1""",skycell,1,1,4,0.013,0.006
designed,228,"1""",q3c,1,1,301,1.159,0.205
designed,228,"1""",pgsphere,1,1,6,0.009,0.019
designed,1170,6',pgsphere,8,5,12,0.008,0.031
designed,1170,6',q3c,2,5,302,1.162,0.207
designed,1170,6',skycell,5,5,8,0.021,0.012
designed,869,1',pgsphere,1,0,4,0.007,0.011
designed,869,1',q3c,1,0,300,1.272,0.22
designed,869,1',skycell,1,0,4,0.014,0.007
designed,1119,6',q3c,8,14,302,1.26,0.214
designed,1119,6',pgsphere,8,14,7,0.008,0.021
designed,1119,6',skycell,14,14,6,0.013,0.022
designed,616,"10""",q3c,1,1,301,1.311,0.206
designed,616,"10""",skycell,1,1,4,0.015,0.007
designed,616,"10""",pgsphere,1,1,7,0.012,0.022
designed,487,"10""",skycell,1,0,3,0.014,0.021
designed,487,"10""",pgsphere,1,0,6,0.008,0.024
designed,487,"10""",q3c,1,0,300,1.181,0.213
designed,477,"10""",q3c,1,0,300,1.261,0.212
designed,477,"10""",skycell,1,0,3,0.02,0.006
designed,477,"10""",pgsphere,1,0,5,0.007,0.012
designed,970,1',q3c,1,18,303,1.213,0.207
designed,970,1',pgsphere,1,18,10,0.009,0.025
designed,970,1',skycell,1,18,6,0.015,0.02
designed,827,1',q3c,1,0,300,1.222,0.202
designed,827,1',skycell,1,0,8,0.022,0.011
designed,827,1',pgsphere,1,0,5,0.007,0.017
designed,958,1',skycell,1,1,4,0.014,0.007
designed,958,1',q3c,1,1,301,1.22,0.205
designed,958,1',pgsphere,1,1,7,0.008,0.017
designed,1268,6',pgsphere,8,3,8,0.007,0.022
designed,1268,6',q3c,4,3,301,1.258,0.232
designed,1268,6',skycell,3,3,5,0.021,0.015
designed,772,"10""",q3c,1,1,301,1.174,0.224
designed,772,"10""",skycell,1,1,4,0.015,0.007
designed,772,"10""",pgsphere,1,1,5,0.007,0.016
designed,312,"1""",skycell,1,1,4,0.02,0.008
designed,312,"1""",pgsphere,1,1,6,0.007,0.016
designed,312,"1""",q3c,1,1,301,1.165,0.211
designed,1390,30',skycell,517,710,42,0.047,0.201
designed,1390,30',pgsphere,190,710,84,0.009,0.306
designed,1390,30',q3c,172,710,318,1.238,0.37
designed,500,"10""",skycell,1,1,7,0.026,0.009
designed,500,"10""",pgsphere,1,1,6,0.008,0.014
designed,500,"10""",q3c,1,1,301,1.259,0.21
designed,479,"10""",q3c,1,0,300,1.123,0.209
designed,479,"10""",pgsphere,1,0,5,0.009,0.015
designed,479,"10""",skycell,1,0,3,0.013,0.006
designed,543,"10""",pgsphere,1,0,5,0.007,0.013
designed,543,"10""",q3c,1,0,300,1.249,0.202
designed,543,"10""",skycell,1,0,3,0.019,0.006
designed,1058,1',skycell,1,64,17,0.025,0.064
designed,1058,1',q3c,1,64,305,1.248,0.218
designed,1058,1',pgsphere,1,64,16,0.008,0.039
designed,1184,6',pgsphere,8,4,7,0.007,0.016
designed,1184,6',q3c,5,4,302,1.124,0.21
designed,1184,6',skycell,3,4,4,0.015,0.011
designed,843,1',skycell,1,0,4,0.014,0.007
designed,843,1',q3c,1,0,300,1.152,0.266
designed,843,1',pgsphere,1,0,6,0.008,0.016
designed,171,"1""",q3c,1,0,300,1.259,0.219
designed,171,"1""",pgsphere,1,0,7,0.008,0.022
designed,171,"1""",skycell,1,0,3,0.019,0.005
designed,845,1',pgsphere,1,0,4,0.013,0.018
designed,845,1',q3c,1,0,300,1.246,0.206
designed,845,1',skycell,1,0,4,0.014,0.007
designed,1368,30',q3c,30,60,303,1.228,0.25
designed,1368,30',skycell,72,60,14,0.026,0.041
designed,1368,30',pgsphere,190,60,16,0.007,0.043
designed,1302,30',q3c,141,528,313,1.204,0.29
designed,1302,30',skycell,872,528,40,0.065,0.093
designed,1302,30',pgsphere,190,528,65,0.007,0.15
designed,1251,6',pgsphere,8,2,8,0.007,0.031
designed,1251,6',skycell,3,2,4,0.015,0.014
designed,1251,6',q3c,1,2,301,1.154,0.208
designed,1379,30',pgsphere,190,79,14,0.008,0.041
designed,1379,30',q3c,59,79,305,1.204,0.222
designed,1379,30',skycell,78,79,14,0.026,0.026
designed,1359,30',q3c,113,68,304,1.215,0.246
designed,1359,30',pgsphere,190,68,18,0.008,0.061
designed,1359,30',skycell,158,68,21,0.037,0.055
designed,629,"10""",q3c,1,0,300,1.223,0.208
designed,629,"10""",skycell,1,0,3,0.018,0.007
designed,629,"10""",pgsphere,1,0,6,0.008,0.019
designed,383,"1""",skycell,1,0,3,0.013,0.007
designed,383,"1""",pgsphere,1,0,4,0.007,0.013
designed,383,"1""",q3c,1,0,300,1.222,0.245
designed,820,1',pgsphere,1,4,7,0.012,0.024
designed,820,1',q3c,1,4,302,1.353,0.224
designed,820,1',skycell,2,4,12,0.036,0.018
designed,1391,30',pgsphere,190,77,19,0.007,0.043
designed,1391,30',skycell,72,77,13,0.024,0.023
designed,1391,30',q3c,41,77,305,1.19,0.226
designed,876,1',skycell,1,3,4,0.014,0.008
designed,876,1',q3c,1,3,301,1.26,0.206
designed,876,1',pgsphere,1,3,6,0.009,0.015
designed,880,1',skycell,1,1,4,0.013,0.007
designed,880,1',pgsphere,1,1,6,0.006,0.019
designed,880,1',q3c,1,1,301,1.156,0.209
designed,351,"1""",skycell,1,0,3,0.015,0.006
designed,351,"1""",pgsphere,1,0,5,0.007,0.013
designed,351,"1""",q3c,1,0,300,1.358,0.202
designed,901,1',skycell,1,0,4,0.014,0.006
designed,901,1',pgsphere,1,0,4,0.007,0.01
designed,901,1',q3c,1,0,300,1.226,0.209
designed,90,"1""",pgsphere,1,1,6,0.011,0.024
designed,90,"1""",skycell,1,1,4,0.019,0.008
designed,90,"1""",q3c,1,1,301,1.26,0.21
designed,913,1',q3c,1,0,300,1.325,0.217
designed,913,1',skycell,1,0,4,0.015,0.007
designed,913,1',pgsphere,1,0,4,0.007,0.017
designed,879,1',pgsphere,1,0,4,0.009,0.011
designed,879,1',skycell,1,0,3,0.013,0.005
designed,879,1',q3c,1,0,300,1.266,0.195
designed,821,1',q3c,1,0,300,1.1,0.212
designed,821,1',skycell,1,0,4,0.014,0.005
designed,821,1',pgsphere,1,0,4,0.007,0.011
designed,835,1',pgsphere,1,0,4,0.007,0.013
designed,835,1',skycell,1,0,4,0.012,0.006
designed,835,1',q3c,1,0,300,1.306,0.198
designed,515,"10""",pgsphere,1,0,5,0.008,0.017
designed,515,"10""",q3c,1,0,300,1.259,0.2
designed,515,"10""",skycell,1,0,6,0.021,0.007
designed,1347,30',skycell,74,68,13,0.024,0.033
designed,1347,30',q3c,48,68,305,1.199,0.229
designed,1347,30',pgsphere,190,68,22,0.009,0.047
designed,1406,1deg,q3c,1822,1108,327,1.178,0.382
designed,1406,1deg,skycell,1455,1108,50,0.056,0.162
designed,1406,1deg,pgsphere,762,1108,127,0.007,0.272
designed,471,"10""",pgsphere,1,0,5,0.007,0.011
designed,471,"10""",skycell,1,0,3,0.012,0.005
designed,471,"10""",q3c,1,0,300,1.329,0.203
designed,597,"10""",pgsphere,1,0,6,0.009,0.015
designed,597,"10""",skycell,1,0,7,0.025,0.008
designed,597,"10""",q3c,1,0,300,1.207,0.211
designed,762,"10""",skycell,1,1,4,0.017,0.009
designed,762,"10""",pgsphere,1,1,5,0.007,0.017
designed,762,"10""",q3c,1,1,301,1.274,0.211
designed,523,"10""",pgsphere,1,0,5,0.008,0.016
designed,523,"10""",q3c,1,0,300,1.242,0.204
designed,523,"10""",skycell,1,0,7,0.022,0.009
designed,733,"10""",skycell,1,0,7,0.019,0.009
designed,733,"10""",q3c,1,0,300,1.4,0.215
designed,733,"10""",pgsphere,1,0,7,0.009,0.022
designed,1399,30',pgsphere,190,66,19,0.009,0.057
designed,1399,30',q3c,73,66,303,1.312,0.25
designed,1399,30',skycell,115,66,19,0.036,0.053
designed,1252,6',pgsphere,8,79,19,0.008,0.056
designed,1252,6',q3c,36,79,302,1.195,0.235
designed,1252,6',skycell,83,79,25,0.041,0.058
designed,716,"10""",skycell,1,1,8,0.019,0.01
designed,716,"10""",q3c,1,1,301,1.158,0.204
designed,716,"10""",pgsphere,1,1,6,0.009,0.015
designed,743,"10""",q3c,1,0,300,1.241,0.2
designed,743,"10""",pgsphere,1,0,4,0.009,0.01
designed,743,"10""",skycell,1,0,3,0.014,0.006
designed,681,"10""",pgsphere,1,0,5,0.007,0.013
designed,681,"10""",q3c,1,0,300,1.29,0.222
designed,681,"10""",skycell,1,0,3,0.014,0.005
designed,172,"1""",skycell,1,1,4,0.012,0.007
designed,172,"1""",pgsphere,1,1,6,0.007,0.018
designed,172,"1""",q3c,1,1,301,1.246,0.202
designed,1214,6',q3c,13,26,302,1.33,0.226
designed,1214,6',pgsphere,8,26,6,0.008,0.018
designed,1214,6',skycell,23,26,13,0.024,0.02
designed,582,"10""",pgsphere,1,1,8,0.007,0.032
designed,582,"10""",skycell,1,1,4,0.012,0.006
designed,582,"10""",q3c,1,1,301,1.268,0.203
designed,1416,1deg,skycell,8677,9129,188,0.088,1.417
designed,1416,1deg,pgsphere,762,9129,821,0.01,2.63
designed,1416,1deg,q3c,5951,9129,452,1.292,2.033
designed,1205,6',q3c,1,0,300,1.131,0.241
designed,1205,6',skycell,3,0,5,0.03,0.015
designed,1205,6',pgsphere,8,0,5,0.011,0.021
designed,1387,30',skycell,68,79,10,0.021,0.042
designed,1387,30',q3c,44,79,306,1.255,0.252
designed,1387,30',pgsphere,190,79,19,0.008,0.078
designed,156,"1""",pgsphere,1,1,7,0.009,0.017
designed,156,"1""",q3c,1,1,301,1.161,0.225
designed,156,"1""",skycell,1,1,4,0.015,0.009
designed,1238,6',skycell,4,4,8,0.021,0.013
designed,1238,6',pgsphere,8,4,8,0.007,0.03
designed,1238,6',q3c,2,4,301,1.244,0.207
designed,587,"10""",pgsphere,1,0,6,0.009,0.02
designed,587,"10""",skycell,1,0,3,0.015,0.005
designed,587,"10""",q3c,1,0,300,1.254,0.208
designed,674,"10""",q3c,1,1,301,1.147,0.224
designed,674,"10""",pgsphere,1,1,5,0.008,0.01
designed,674,"10""",skycell,1,1,4,0.013,0.007
designed,974,1',pgsphere,1,3,6,0.007,0.02
designed,974,1',skycell,2,3,4,0.016,0.007
designed,974,1',q3c,1,3,301,1.218,0.201
designed,1035,1',skycell,1,0,3,0.015,0.01
designed,1035,1',pgsphere,1,0,5,0.007,0.024
designed,1035,1',q3c,1,0,300,1.282,0.207
designed,576,"10""",skycell,1,1,4,0.015,0.007
designed,576,"10""",pgsphere,1,1,8,0.007,0.019
designed,576,"10""",q3c,1,1,301,1.283,0.204
designed,492,"10""",pgsphere,1,1,9,0.008,0.021
designed,492,"10""",skycell,1,1,4,0.013,0.006
designed,492,"10""",q3c,1,1,301,1.243,0.205
designed,1090,1',skycell,3,5,4,0.015,0.008
designed,1090,1',pgsphere,1,5,6,0.007,0.021
designed,1090,1',q3c,1,5,302,1.22,0.216
designed,685,"10""",skycell,1,0,3,0.015,0.006
designed,685,"10""",pgsphere,1,0,7,0.007,0.019
designed,685,"10""",q3c,1,0,300,1.124,0.199
designed,714,"10""",pgsphere,1,1,5,0.008,0.011
designed,714,"10""",q3c,1,1,301,1.304,0.204
designed,714,"10""",skycell,1,1,4,0.014,0.006
designed,811,1',skycell,1,1,4,0.016,0.009
designed,811,1',q3c,1,1,301,1.231,0.209
designed,811,1',pgsphere,1,1,7,0.008,0.018
designed,1317,30',q3c,28,71,307,1.341,0.231
designed,1317,30',skycell,69,71,17,0.031,0.027
designed,1317,30',pgsphere,190,71,19,0.012,0.051
designed,965,1',q3c,1,0,300,1.362,0.204
designed,965,1',pgsphere,1,0,7,0.008,0.02
designed,965,1',skycell,1,0,3,0.014,0.006
designed,283,"1""",pgsphere,1,0,5,0.007,0.012
designed,283,"1""",skycell,1,0,3,0.012,0.004
designed,283,"1""",q3c,1,0,300,1.326,0.2
designed,1060,1',skycell,1,1,8,0.02,0.013
designed,1060,1',pgsphere,1,1,5,0.007,0.013
designed,1060,1',q3c,1,1,301,1.21,0.212
designed,957,1',q3c,1,0,301,1.325,0.218
designed,957,1',pgsphere,1,0,7,0.008,0.02
designed,957,1',skycell,1,0,4,0.013,0.006
designed,1027,1',pgsphere,1,0,7,0.007,0.019
designed,1027,1',skycell,2,0,8,0.022,0.011
designed,1027,1',q3c,1,0,301,1.162,0.201
designed,918,1',q3c,1,1,301,1.157,0.219
designed,918,1',skycell,1,1,7,0.021,0.015
designed,918,1',pgsphere,1,1,6,0.009,0.016
designed,226,"1""",skycell,1,1,4,0.013,0.006
designed,226,"1""",q3c,1,1,301,1.242,0.22
designed,226,"1""",pgsphere,1,1,5,0.008,0.014
designed,69,"1""",q3c,1,0,300,1.276,0.213
designed,69,"1""",skycell,1,0,3,0.019,0.007
designed,69,"1""",pgsphere,1,0,4,0.007,0.012
designed,652,"10""",pgsphere,1,1,6,0.006,0.016
designed,652,"10""",q3c,1,1,301,1.307,0.205
designed,652,"10""",skycell,1,1,4,0.014,0.006
designed,154,"1""",pgsphere,1,1,6,0.007,0.024
designed,154,"1""",skycell,1,1,4,0.014,0.013
designed,154,"1""",q3c,1,1,301,1.185,0.214
designed,266,"1""",q3c,1,1,301,1.156,0.214
designed,266,"1""",pgsphere,1,1,7,0.008,0.016
designed,266,"1""",skycell,1,1,4,0.013,0.006
designed,1028,1',pgsphere,1,4,7,0.007,0.017
designed,1028,1',skycell,2,4,8,0.019,0.01
designed,1028,1',q3c,1,4,302,1.271,0.204
designed,62,"1""",skycell,1,1,7,0.021,0.008
designed,62,"1""",q3c,1,1,301,1.267,0.215
designed,62,"1""",pgsphere,1,1,6,0.008,0.014
designed,113,"1""",skycell,1,0,3,0.013,0.01
designed,113,"1""",pgsphere,1,0,4,0.008,0.011
designed,113,"1""",q3c,1,0,300,1.215,0.201
designed,954,1',skycell,1,1,4,0.015,0.008
designed,954,1',pgsphere,1,1,7,0.007,0.019
designed,954,1',q3c,1,1,301,1.157,0.205
designed,1433,1deg,pgsphere,762,901,94,0.008,0.331
designed,1433,1deg,q3c,338,901,323,1.257,0.41
designed,1433,1deg,skycell,1565,901,50,0.073,0.2
designed,1097,1',skycell,1,0,3,0.014,0.006
designed,1097,1',pgsphere,1,0,3,0.007,0.009
designed,1097,1',q3c,1,0,300,1.253,0.209
designed,748,"10""",skycell,1,1,4,0.015,0.008
designed,748,"10""",q3c,1,1,301,1.211,0.224
designed,748,"10""",pgsphere,1,1,5,0.008,0.011
designed,1155,6',pgsphere,8,3,9,0.007,0.042
designed,1155,6',skycell,11,3,7,0.02,0.016
designed,1155,6',q3c,4,3,302,1.312,0.214
designed,1183,6',skycell,11,7,11,0.025,0.014
designed,1183,6',q3c,3,7,302,1.171,0.207
designed,1183,6',pgsphere,8,7,7,0.008,0.019
designed,968,1',skycell,1,2,4,0.032,0.011
designed,968,1',pgsphere,1,2,6,0.007,0.016
designed,968,1',q3c,1,2,301,1.278,0.202
designed,896,1',skycell,1,1,4,0.015,0.007
designed,896,1',pgsphere,1,1,6,0.007,0.016
designed,896,1',q3c,1,1,301,1.191,0.218
designed,349,"1""",pgsphere,1,0,6,0.009,0.017
designed,349,"1""",q3c,1,0,300,1.261,0.201
designed,349,"1""",skycell,1,0,6,0.021,0.008
designed,1253,6',skycell,3,4,7,0.019,0.009
designed,1253,6',pgsphere,8,4,7,0.007,0.019
designed,1253,6',q3c,3,4,302,1.243,0.206
designed,1080,1',q3c,1,2,301,1.255,0.211
designed,1080,1',skycell,1,2,4,0.014,0.008
designed,1080,1',pgsphere,1,2,9,0.007,0.03
designed,813,1',skycell,1,0,4,0.019,0.008
designed,813,1',q3c,1,0,300,1.209,0.203
designed,813,1',pgsphere,1,0,4,0.008,0.012
designed,717,"10""",skycell,1,0,3,0.013,0.005
designed,717,"10""",q3c,1,0,300,1.129,0.198
designed,717,"10""",pgsphere,1,0,4,0.008,0.011
designed,73,"1""",q3c,1,0,300,1.173,0.2
designed,73,"1""",pgsphere,1,0,6,0.008,0.015
designed,73,"1""",skycell,1,0,3,0.014,0.006
designed,490,"10""",q3c,1,1,301,1.236,0.21
designed,490,"10""",pgsphere,1,1,6,0.009,0.014
designed,490,"10""",skycell,1,1,4,0.013,0.006
designed,707,"10""",pgsphere,1,0,4,0.007,0.012
designed,707,"10""",q3c,1,0,300,1.325,0.199
designed,707,"10""",skycell,1,0,4,0.014,0.006
designed,580,"10""",q3c,1,1,301,1.31,0.198
designed,580,"10""",skycell,1,1,4,0.015,0.006
designed,580,"10""",pgsphere,1,1,8,0.007,0.019
designed,538,"10""",skycell,1,1,4,0.012,0.006
designed,538,"10""",pgsphere,1,1,6,0.012,0.017
designed,538,"10""",q3c,1,1,301,1.097,0.202
designed,1037,1',q3c,1,0,300,1.291,0.216
designed,1037,1',skycell,1,0,4,0.014,0.006
designed,1037,1',pgsphere,1,0,5,0.007,0.015
designed,605,"10""",q3c,1,0,300,1.217,0.189
designed,605,"10""",pgsphere,1,0,4,0.009,0.015
designed,605,"10""",skycell,1,0,3,0.015,0.005
designed,799,"10""",skycell,1,0,6,0.019,0.006
designed,799,"10""",q3c,1,0,300,1.171,0.212
designed,799,"10""",pgsphere,1,0,6,0.009,0.017
designed,907,1',pgsphere,1,1,10,0.007,0.034
designed,907,1',skycell,1,1,4,0.016,0.007
designed,907,1',q3c,1,1,301,1.19,0.211
designed,297,"1""",pgsphere,1,0,4,0.008,0.011
designed,297,"1""",q3c,1,0,300,1.192,0.207
designed,297,"1""",skycell,1,0,3,0.014,0.005
designed,1081,1',skycell,1,0,4,0.012,0.007
designed,1081,1',q3c,1,0,300,1.243,0.198
designed,1081,1',pgsphere,1,0,4,0.009,0.011
designed,1158,6',q3c,9,49,303,1.115,0.213
designed,1158,6',skycell,30,49,7,0.014,0.029
designed,1158,6',pgsphere,8,49,11,0.007,0.026
designed,867,1',q3c,1,0,300,1.292,0.206
designed,867,1',pgsphere,1,0,4,0.008,0.012
designed,867,1',skycell,1,0,4,0.013,0.006
designed,1343,30',skycell,69,61,9,0.023,0.049
designed,1343,30',pgsphere,190,61,17,0.009,0.058
designed,1343,30',q3c,60,61,304,1.317,0.24
designed,1345,30',q3c,33,63,306,1.244,0.228
designed,1345,30',pgsphere,190,63,21,0.016,0.067
designed,1345,30',skycell,70,63,18,0.056,0.039
designed,364,"1""",q3c,1,1,301,1.304,0.263
designed,364,"1""",pgsphere,1,1,5,0.014,0.015
designed,364,"1""",skycell,1,1,4,0.016,0.013
designed,1132,6',q3c,36,88,305,1.276,0.278
designed,1132,6',skycell,83,88,17,0.032,0.054
designed,1132,6',pgsphere,8,88,14,0.007,0.052
designed,564,"10""",q3c,1,1,301,1.285,0.205
designed,564,"10""",pgsphere,1,1,5,0.009,0.012
designed,564,"10""",skycell,1,1,4,0.02,0.009
designed,649,"10""",pgsphere,1,0,4,0.007,0.012
designed,649,"10""",q3c,1,0,300,1.298,0.206
designed,649,"10""",skycell,1,0,3,0.014,0.006
designed,148,"1""",q3c,1,1,301,1.216,0.206
designed,148,"1""",skycell,1,1,4,0.016,0.008
designed,148,"1""",pgsphere,1,1,6,0.009,0.016
designed,1373,30',q3c,29,49,303,1.202,0.241
designed,1373,30',pgsphere,190,49,16,0.009,0.057
designed,1373,30',skycell,62,49,18,0.03,0.044
designed,393,"1""",pgsphere,1,0,4,0.007,0.012
designed,393,"1""",skycell,1,0,3,0.012,0.005
designed,393,"1""",q3c,1,0,300,1.294,0.206
designed,1206,6',skycell,54,63,14,0.025,0.036
designed,1206,6',pgsphere,8,63,15,0.007,0.038
designed,1206,6',q3c,6,63,303,1.263,0.218
designed,117,"1""",pgsphere,1,0,5,0.009,0.014
designed,117,"1""",skycell,1,0,3,0.013,0.004
designed,117,"1""",q3c,1,0,300,1.271,0.201
designed,635,"10""",skycell,1,0,7,0.021,0.008
designed,635,"10""",q3c,1,0,300,1.163,0.229
designed,635,"10""",pgsphere,1,0,5,0.008,0.014
designed,381,"1""",pgsphere,1,0,5,0.007,0.014
designed,381,"1""",skycell,1,0,3,0.013,0.005
designed,381,"1""",q3c,1,0,300,1.17,0.212
designed,634,"10""",pgsphere,1,1,8,0.008,0.02
designed,634,"10""",skycell,1,1,7,0.019,0.008
designed,634,"10""",q3c,1,1,301,1.288,0.248
designed,1088,1',skycell,1,2,4,0.014,0.008
designed,1088,1',q3c,1,2,301,1.244,0.206
designed,1088,1',pgsphere,1,2,5,0.008,0.017
designed,1124,6',skycell,3,4,9,0.019,0.029
designed,1124,6',pgsphere,8,4,8,0.008,0.029
designed,1124,6',q3c,1,4,302,1.112,0.214
designed,1286,6',q3c,2,2,302,1.337,0.235
designed,1286,6',pgsphere,8,2,7,0.009,0.017
designed,1286,6',skycell,3,2,4,0.014,0.008
designed,522,"10""",q3c,1,1,301,1.156,0.194
designed,522,"10""",pgsphere,1,1,8,0.008,0.021
designed,522,"10""",skycell,1,1,4,0.013,0.006
designed,1332,30',pgsphere,190,69,19,0.007,0.037
designed,1332,30',q3c,46,69,305,1.18,0.213
designed,1332,30',skycell,90,69,19,0.032,0.029
designed,302,"1""",skycell,1,1,4,0.012,0.006
designed,302,"1""",q3c,1,1,301,1.166,0.202
designed,302,"1""",pgsphere,1,1,5,0.008,0.011
designed,291,"1""",pgsphere,1,0,7,0.007,0.019
designed,291,"1""",q3c,1,0,300,1.144,0.242
designed,291,"1""",skycell,1,0,3,0.014,0.005
designed,1122,6',pgsphere,8,21,15,0.007,0.031
designed,1122,6',skycell,38,21,16,0.032,0.02
designed,1122,6',q3c,14,21,301,1.237,0.208
designed,961,1',skycell,1,0,7,0.021,0.009
designed,961,1',pgsphere,1,0,5,0.007,0.013
designed,961,1',q3c,1,0,300,1.223,0.203
designed,922,1',pgsphere,1,1,5,0.008,0.012
designed,922,1',q3c,1,1,301,1.299,0.205
designed,922,1',skycell,1,1,4,0.014,0.007
designed,324,"1""",q3c,1,1,301,1.205,0.201
designed,324,"1""",pgsphere,1,1,5,0.009,0.022
designed,324,"1""",skycell,1,1,4,0.015,0.007
designed,155,"1""",q3c,1,0,300,1.251,0.2
designed,155,"1""",pgsphere,1,0,5,0.009,0.014
designed,155,"1""",skycell,1,0,3,0.013,0.005
designed,511,"10""",q3c,1,0,300,1.124,0.199
designed,511,"10""",skycell,1,0,3,0.014,0.005
designed,511,"10""",pgsphere,1,0,4,0.007,0.012
designed,43,"1""",q3c,1,0,300,1.177,0.201
designed,43,"1""",pgsphere,1,0,9,0.009,0.028
designed,43,"1""",skycell,1,0,3,0.014,0.008
designed,1101,6',skycell,3,1,5,0.014,0.008
designed,1101,6',pgsphere,8,1,5,0.007,0.012
designed,1101,6',q3c,1,1,301,1.145,0.204
designed,1098,1',pgsphere,1,1,5,0.008,0.013
designed,1098,1',skycell,1,1,4,0.013,0.006
designed,1098,1',q3c,1,1,301,1.228,0.201
designed,558,"10""",skycell,1,1,4,0.014,0.007
designed,558,"10""",pgsphere,1,1,7,0.007,0.015
designed,558,"10""",q3c,1,1,302,1.223,0.206
designed,859,1',pgsphere,1,0,5,0.008,0.018
designed,859,1',q3c,1,0,300,1.311,0.2
designed,859,1',skycell,1,0,4,0.015,0.007
designed,1186,6',skycell,25,48,17,0.029,0.025
designed,1186,6',pgsphere,8,48,14,0.007,0.029
designed,1186,6',q3c,18,48,303,1.306,0.212
designed,870,1',pgsphere,1,1,5,0.011,0.017
designed,870,1',q3c,1,1,301,1.224,0.21
designed,870,1',skycell,1,1,4,0.018,0.007
designed,567,"10""",skycell,1,0,3,0.015,0.006
designed,567,"10""",q3c,1,0,300,1.284,0.205
designed,567,"10""",pgsphere,1,0,5,0.008,0.018
designed,1445,3deg,pgsphere,6852,11114,395,0.009,3.43
designed,1445,3deg,q3c,4165,11114,480,1.243,2.238
designed,1445,3deg,skycell,11949,11114,228,0.128,1.648
designed,531,"10""",skycell,1,0,3,0.015,0.006
designed,531,"10""",pgsphere,1,0,4,0.007,0.011
designed,531,"10""",q3c,1,0,300,1.277,0.207
designed,177,"1""",skycell,1,0,3,0.02,0.006
designed,177,"1""",q3c,1,0,300,1.163,0.204
designed,177,"1""",pgsphere,1,0,4,0.009,0.012
designed,1273,6',q3c,1,4,301,1.067,0.214
designed,1273,6',skycell,3,4,4,0.015,0.008
designed,1273,6',pgsphere,8,4,6,0.007,0.015
designed,143,"1""",pgsphere,1,0,9,0.007,0.022
designed,143,"1""",q3c,1,0,300,1.221,0.217
designed,143,"1""",skycell,1,0,3,0.015,0.005
designed,571,"10""",pgsphere,1,0,9,0.007,0.024
designed,571,"10""",skycell,1,0,3,0.018,0.006
designed,571,"10""",q3c,1,0,300,1.188,0.203
designed,141,"1""",pgsphere,1,0,9,0.009,0.023
designed,141,"1""",skycell,1,0,3,0.015,0.005
designed,141,"1""",q3c,1,0,300,1.256,0.209
designed,1054,1',skycell,1,1,7,0.028,0.012
designed,1054,1',q3c,1,1,301,1.346,0.261
designed,1054,1',pgsphere,1,1,8,0.018,0.041
designed,417,"10""",q3c,1,0,301,1.4,0.241
designed,417,"10""",pgsphere,1,0,9,0.011,0.025
designed,417,"10""",skycell,1,0,4,0.018,0.009
designed,1258,6',pgsphere,8,4,7,0.007,0.026
designed,1258,6',skycell,3,4,5,0.013,0.01
designed,1258,6',q3c,3,4,302,1.298,0.216
designed,1041,1',q3c,1,0,300,1.338,0.218
designed,1041,1',pgsphere,1,0,6,0.008,0.018
designed,1041,1',skycell,1,0,4,0.014,0.006
designed,1290,6',q3c,56,175,308,1.239,0.264
designed,1290,6',pgsphere,8,175,34,0.008,0.101
designed,1290,6',skycell,132,175,23,0.036,0.07
designed,992,1',q3c,1,1,301,1.21,0.214
designed,992,1',pgsphere,1,1,6,0.009,0.023
designed,992,1',skycell,2,1,8,0.021,0.019
designed,1187,6',q3c,4,3,302,1.224,0.22
designed,1187,6',skycell,3,3,8,0.021,0.016
designed,1187,6',pgsphere,8,3,6,0.007,0.023
designed,300,"1""",pgsphere,1,1,7,0.007,0.016
designed,300,"1""",skycell,1,1,4,0.012,0.006
designed,300,"1""",q3c,1,1,301,1.194,0.204
designed,298,"1""",skycell,1,1,4,0.014,0.007
designed,298,"1""",q3c,1,1,301,1.227,0.218
designed,298,"1""",pgsphere,1,1,5,0.008,0.011
designed,1143,6',pgsphere,8,4,8,0.006,0.019
designed,1143,6',skycell,10,4,8,0.019,0.011
designed,1143,6',q3c,3,4,302,1.238,0.221
designed,949,1',skycell,1,0,8,0.022,0.01
designed,949,1',q3c,1,0,300,1.165,0.206
designed,949,1',pgsphere,1,0,4,0.008,0.011
designed,701,"10""",pgsphere,1,0,5,0.007,0.014
designed,701,"10""",skycell,1,0,3,0.019,0.006
designed,701,"10""",q3c,1,0,300,1.228,0.236
designed,906,1',q3c,1,4,301,1.287,0.218
designed,906,1',skycell,2,4,4,0.015,0.008
designed,906,1',pgsphere,1,4,7,0.007,0.017
designed,1029,1',q3c,1,0,300,1.304,0.192
designed,1029,1',skycell,1,0,4,0.014,0.007
designed,1029,1',pgsphere,1,0,6,0.007,0.025
designed,1310,30',pgsphere,190,68,17,0.007,0.04
designed,1310,30',q3c,24,68,303,1.239,0.226
designed,1310,30',skycell,66,68,11,0.02,0.026
designed,1344,30',q3c,31,57,305,1.306,0.246
designed,1344,30',pgsphere,190,57,17,0.008,0.055
designed,1344,30',skycell,62,57,14,0.026,0.039
designed,1059,1',pgsphere,1,0,5,0.007,0.017
designed,1059,1',skycell,1,0,4,0.015,0.006
designed,1059,1',q3c,1,0,301,1.303,0.206
designed,1008,1',q3c,1,2,301,1.275,0.222
designed,1008,1',skycell,1,2,4,0.014,0.01
designed,1008,1',pgsphere,1,2,6,0.007,0.017
designed,823,1',q3c,1,0,300,1.178,0.192
designed,823,1',skycell,1,0,4,0.019,0.007
designed,823,1',pgsphere,1,0,5,0.007,0.012
designed,775,"10""",skycell,1,0,3,0.013,0.004
designed,775,"10""",q3c,1,0,300,1.298,0.203
designed,775,"10""",pgsphere,1,0,7,0.008,0.019
designed,1295,6',q3c,2,2,301,1.258,0.202
designed,1295,6',pgsphere,8,2,7,0.008,0.032
designed,1295,6',skycell,5,2,7,0.02,0.009
designed,693,"10""",q3c,1,0,300,1.148,0.2
designed,693,"10""",pgsphere,1,0,4,0.007,0.016
designed,693,"10""",skycell,1,0,6,0.022,0.008
designed,1429,1deg,skycell,1704,1284,53,0.055,0.258
designed,1429,1deg,q3c,1266,1284,323,1.245,0.462
designed,1429,1deg,pgsphere,762,1284,148,0.008,0.546
designed,891,1',skycell,1,3,4,0.015,0.009
designed,891,1',q3c,1,3,301,1.277,0.209
designed,891,1',pgsphere,1,3,6,0.008,0.014
designed,233,"1""",skycell,1,0,3,0.015,0.006
designed,233,"1""",q3c,1,0,300,1.153,0.208
designed,233,"1""",pgsphere,1,0,5,0.008,0.014
designed,1074,1',pgsphere,1,1,5,0.007,0.012
designed,1074,1',q3c,1,1,301,1.175,0.217
designed,1074,1',skycell,1,1,4,0.016,0.009
designed,680,"10""",q3c,1,1,301,1.244,0.21
designed,680,"10""",skycell,1,1,4,0.013,0.007
designed,680,"10""",pgsphere,1,1,6,0.007,0.015
designed,528,"10""",q3c,1,1,301,1.414,0.198
designed,528,"10""",skycell,1,1,4,0.016,0.007
designed,528,"10""",pgsphere,1,1,5,0.013,0.012
designed,788,"10""",skycell,1,1,4,0.012,0.007
designed,788,"10""",q3c,1,1,301,1.301,0.21
designed,788,"10""",pgsphere,1,1,6,0.008,0.015
designed,781,"10""",pgsphere,1,0,4,0.006,0.011
designed,781,"10""",skycell,1,0,3,0.013,0.006
designed,781,"10""",q3c,1,0,300,1.15,0.197
designed,234,"1""",skycell,1,1,4,0.013,0.006
designed,234,"1""",pgsphere,1,1,6,0.007,0.014
designed,234,"1""",q3c,1,1,301,1.315,0.203
designed,200,"1""",pgsphere,1,1,8,0.008,0.019
designed,200,"1""",skycell,1,1,4,0.015,0.006
designed,200,"1""",q3c,1,1,301,1.146,0.202
designed,979,1',skycell,1,0,4,0.015,0.007
designed,979,1',q3c,1,0,300,1.218,0.203
designed,979,1',pgsphere,1,0,9,0.008,0.025
designed,1094,1',q3c,1,2,301,1.239,0.212
designed,1094,1',pgsphere,1,2,6,0.009,0.014
designed,1094,1',skycell,1,2,4,0.013,0.008
designed,1446,3deg,q3c,1546,6517,391,1.256,1.136
designed,1446,3deg,skycell,3440,6517,142,0.101,0.828
designed,1446,3deg,pgsphere,6852,6517,184,0.009,1.425
designed,420,"10""",pgsphere,1,1,7,0.008,0.017
designed,420,"10""",skycell,1,1,4,0.019,0.007
designed,420,"10""",q3c,1,1,301,1.23,0.207
designed,357,"1""",pgsphere,1,0,7,0.008,0.025
designed,357,"1""",q3c,1,0,300,1.151,0.246
designed,357,"1""",skycell,1,0,3,0.014,0.005
designed,129,"1""",skycell,1,0,3,0.012,0.005
designed,129,"1""",q3c,1,0,300,1.295,0.198
designed,129,"1""",pgsphere,1,0,6,0.009,0.015
designed,540,"10""",q3c,1,1,301,1.269,0.202
designed,540,"10""",skycell,1,1,4,0.014,0.007
designed,540,"10""",pgsphere,1,1,7,0.007,0.018
designed,1178,6',pgsphere,8,10,5,0.007,0.012
designed,1178,6',skycell,8,10,5,0.013,0.01
designed,1178,6',q3c,10,10,301,1.402,0.203
designed,1265,6',pgsphere,8,1,7,0.008,0.023
designed,1265,6',q3c,3,1,301,1.213,0.21
designed,1265,6',skycell,3,1,4,0.015,0.011
designed,1355,30',pgsphere,190,47,24,0.008,0.044
designed,1355,30',q3c,52,47,304,1.272,0.228
designed,1355,30',skycell,75,47,14,0.045,0.055
designed,1443,3deg,skycell,2376,2502,93,0.091,0.418
designed,1443,3deg,q3c,3095,2502,347,1.236,0.744
designed,1443,3deg,pgsphere,6852,2502,114,0.009,0.883
designed,232,"1""",pgsphere,1,1,7,0.009,0.021
designed,232,"1""",q3c,1,1,301,1.222,0.232
designed,232,"1""",skycell,1,1,4,0.02,0.008
designed,791,"10""",skycell,1,0,3,0.013,0.006
designed,791,"10""",q3c,1,0,300,1.205,0.22
designed,791,"10""",pgsphere,1,0,4,0.012,0.015
designed,844,1',q3c,1,1,301,1.27,0.213
designed,844,1',skycell,1,1,4,0.017,0.01
designed,844,1',pgsphere,1,1,5,0.007,0.013
designed,980,1',skycell,1,1,4,0.013,0.009
designed,980,1',pgsphere,1,1,7,0.007,0.018
designed,980,1',q3c,1,1,301,1.168,0.211
designed,1182,6',q3c,7,52,303,1.237,0.231
designed,1182,6',skycell,45,52,13,0.026,0.024
designed,1182,6',pgsphere,8,52,15,0.007,0.033
designed,636,"10""",pgsphere,1,1,5,0.007,0.013
designed,636,"10""",skycell,1,1,4,0.012,0.006
designed,636,"10""",q3c,1,1,301,1.274,0.206
designed,294,"1""",q3c,1,1,301,1.175,0.225
designed,294,"1""",skycell,1,1,4,0.015,0.007
designed,294,"1""",pgsphere,1,1,7,0.007,0.019
designed,98,"1""",q3c,1,1,301,1.232,0.231
designed,98,"1""",pgsphere,1,1,5,0.014,0.014
designed,98,"1""",skycell,1,1,4,0.017,0.008
designed,924,1',skycell,2,4,4,0.013,0.012
designed,924,1',q3c,1,4,301,1.381,0.245
designed,924,1',pgsphere,1,4,8,0.017,0.033
designed,730,"10""",q3c,1,1,301,1.182,0.246
designed,730,"10""",pgsphere,1,1,5,0.019,0.02
designed,730,"10""",skycell,1,1,4,0.019,0.009
designed,1456,3deg,skycell,18720,18819,330,0.111,2.585
designed,1456,3deg,pgsphere,6852,18819,706,0.009,6.17
designed,1456,3deg,q3c,6659,18819,645,1.287,3.674
designed,1396,30',pgsphere,190,3600,334,0.009,0.996
designed,1396,30',skycell,3192,3600,108,0.09,0.59
designed,1396,30',q3c,1306,3600,359,1.192,0.797
designed,778,"10""",skycell,1,1,4,0.014,0.007
designed,778,"10""",q3c,1,1,301,1.305,0.205
designed,778,"10""",pgsphere,1,1,6,0.008,0.015
designed,584,"10""",pgsphere,1,1,6,0.007,0.015
designed,584,"10""",skycell,1,1,4,0.013,0.006
designed,584,"10""",q3c,1,1,301,1.219,0.199
designed,1140,6',q3c,2,6,301,1.116,0.265
designed,1140,6',skycell,3,6,4,0.015,0.009
designed,1140,6',pgsphere,8,6,6,0.007,0.014
designed,1073,1',skycell,1,0,4,0.013,0.007
designed,1073,1',q3c,1,0,300,1.219,0.203
designed,1073,1',pgsphere,1,0,7,0.008,0.021
designed,928,1',skycell,1,48,23,0.019,0.09
designed,928,1',pgsphere,1,48,17,0.006,0.037
designed,928,1',q3c,1,48,304,1.229,0.225
designed,95,"1""",pgsphere,1,0,6,0.008,0.017
designed,95,"1""",q3c,1,0,300,1.17,0.209
designed,95,"1""",skycell,1,0,3,0.02,0.006
designed,721,"10""",q3c,1,0,300,1.232,0.202
designed,721,"10""",pgsphere,1,0,5,0.008,0.013
designed,721,"10""",skycell,1,0,6,0.019,0.007
designed,675,"10""",q3c,1,0,300,1.324,0.204
designed,675,"10""",skycell,1,0,6,0.021,0.008
designed,675,"10""",pgsphere,1,0,4,0.007,0.016
designed,426,"10""",q3c,1,1,301,1.145,0.213
designed,426,"10""",skycell,1,1,4,0.018,0.007
designed,426,"10""",pgsphere,1,1,5,0.007,0.012
designed,610,"10""",q3c,1,1,301,1.258,0.2
designed,610,"10""",pgsphere,1,1,5,0.009,0.013
designed,610,"10""",skycell,1,1,4,0.013,0.006
designed,405,"10""",pgsphere,1,0,5,0.007,0.014
designed,405,"10""",skycell,1,0,3,0.013,0.006
designed,405,"10""",q3c,1,0,300,1.124,0.2
designed,108,"1""",pgsphere,1,1,6,0.007,0.015
designed,108,"1""",skycell,1,1,4,0.013,0.006
designed,108,"1""",q3c,1,1,301,1.179,0.244
designed,756,"10""",pgsphere,1,2,7,0.008,0.017
designed,756,"10""",q3c,1,2,301,1.16,0.203
designed,756,"10""",skycell,1,2,4,0.015,0.007
designed,410,"10""",pgsphere,1,1,5,0.007,0.01
designed,410,"10""",skycell,1,1,7,0.019,0.008
designed,410,"10""",q3c,1,1,301,1.173,0.202
designed,1263,6',q3c,1,2,301,1.118,0.215
designed,1263,6',skycell,3,2,4,0.014,0.007
designed,1263,6',pgsphere,8,2,5,0.007,0.012
designed,176,"1""",skycell,1,1,4,0.012,0.006
designed,176,"1""",pgsphere,1,1,5,0.006,0.012
designed,176,"1""",q3c,1,1,301,1.17,0.218
designed,287,"1""",skycell,1,0,6,0.02,0.007
designed,287,"1""",q3c,1,0,300,1.292,0.21
designed,287,"1""",pgsphere,1,0,4,0.009,0.012
designed,1312,30',pgsphere,190,66,18,0.007,0.04
designed,1312,30',q3c,25,66,308,1.224,0.24
designed,1312,30',skycell,71,66,14,0.026,0.023
designed,397,"1""",q3c,1,0,300,1.322,0.202
designed,397,"1""",pgsphere,1,0,5,0.013,0.021
designed,397,"1""",skycell,1,0,3,0.015,0.005
designed,110,"1""",q3c,1,1,301,1.229,0.204
designed,110,"1""",skycell,1,1,4,0.014,0.006
designed,110,"1""",pgsphere,1,1,7,0.007,0.016
designed,1369,30',skycell,435,163,33,0.054,0.04
designed,1369,30',pgsphere,190,163,27,0.006,0.056
designed,1369,30',q3c,103,163,308,1.202,0.23
designed,1449,3deg,pgsphere,6852,2525,121,0.009,0.895
designed,1449,3deg,q3c,5518,2525,345,1.166,0.663
designed,1449,3deg,skycell,3366,2525,98,0.097,0.436
designed,198,"1""",q3c,1,1,301,1.165,0.244
designed,198,"1""",skycell,1,1,4,0.02,0.014
designed,198,"1""",pgsphere,1,1,7,0.009,0.028
designed,102,"1""",q3c,1,1,301,1.214,0.204
designed,102,"1""",skycell,1,1,4,0.015,0.007
designed,102,"1""",pgsphere,1,1,5,0.007,0.01
designed,1404,1deg,skycell,1206,1369,67,0.074,0.292
designed,1404,1deg,pgsphere,762,1369,160,0.008,0.525
designed,1404,1deg,q3c,896,1369,329,1.229,0.519
designed,111,"1""",q3c,1,0,300,1.163,0.229
designed,111,"1""",skycell,1,0,3,0.014,0.009
designed,111,"1""",pgsphere,1,0,4,0.009,0.01
designed,887,1',q3c,1,0,300,1.192,0.195
designed,887,1',pgsphere,1,0,4,0.008,0.01
designed,887,1',skycell,1,0,4,0.013,0.007
designed,1019,1',skycell,1,0,3,0.012,0.005
designed,1019,1',pgsphere,1,0,4,0.006,0.013
designed,1019,1',q3c,1,0,300,1.167,0.218
designed,708,"10""",skycell,1,1,4,0.014,0.008
designed,708,"10""",pgsphere,1,1,6,0.015,0.022
designed,708,"10""",q3c,1,1,301,1.266,0.209
designed,9,"1""",q3c,1,0,300,1.228,0.217
designed,9,"1""",pgsphere,1,0,7,0.008,0.019
designed,9,"1""",skycell,1,0,3,0.013,0.005
designed,534,"10""",q3c,1,1,301,1.162,0.203
designed,534,"10""",pgsphere,1,1,7,0.009,0.015
designed,534,"10""",skycell,1,1,7,0.02,0.006
designed,882,1',pgsphere,1,1,7,0.007,0.018
designed,882,1',q3c,1,1,301,1.221,0.202
designed,882,1',skycell,2,1,4,0.013,0.008
designed,806,1',skycell,4,2,8,0.019,0.017
designed,806,1',pgsphere,1,2,7,0.008,0.027
designed,806,1',q3c,2,2,301,1.192,0.211
designed,677,"10""",pgsphere,1,0,5,0.008,0.015
designed,677,"10""",q3c,1,0,300,1.321,0.202
designed,677,"10""",skycell,1,0,3,0.025,0.007
designed,1130,6',skycell,4,8,4,0.012,0.008
designed,1130,6',pgsphere,8,8,7,0.007,0.017
designed,1130,6',q3c,2,8,302,1.226,0.243
designed,461,"10""",pgsphere,1,0,5,0.008,0.014
designed,461,"10""",q3c,1,0,300,1.177,0.2
designed,461,"10""",skycell,1,0,4,0.022,0.01
designed,1194,6',q3c,1,3,301,1.15,0.205
designed,1194,6',skycell,3,3,8,0.021,0.011
designed,1194,6',pgsphere,8,3,6,0.007,0.017
designed,760,"10""",skycell,1,1,7,0.021,0.009
designed,760,"10""",pgsphere,1,1,7,0.007,0.017
designed,760,"10""",q3c,1,1,301,1.27,0.209
designed,565,"10""",skycell,1,0,3,0.014,0.007
designed,565,"10""",q3c,1,0,300,1.169,0.201
designed,565,"10""",pgsphere,1,0,5,0.008,0.013
designed,541,"10""",skycell,1,0,6,0.019,0.006
designed,541,"10""",pgsphere,1,0,5,0.012,0.019
designed,541,"10""",q3c,1,0,300,1.278,0.202
designed,578,"10""",pgsphere,1,2,6,0.008,0.015
designed,578,"10""",skycell,1,2,5,0.013,0.009
designed,578,"10""",q3c,1,2,301,1.267,0.202
designed,1262,6',pgsphere,8,140,24,0.008,0.101
designed,1262,6',q3c,58,140,306,1.222,0.244
designed,1262,6',skycell,126,140,10,0.021,0.044
designed,516,"10""",q3c,1,1,301,1.169,0.204
designed,516,"10""",pgsphere,1,1,7,0.008,0.016
designed,516,"10""",skycell,1,1,4,0.014,0.007
designed,352,"1""",pgsphere,1,1,7,0.007,0.017
designed,352,"1""",skycell,1,1,4,0.012,0.009
designed,352,"1""",q3c,1,1,301,1.291,0.213
designed,79,"1""",q3c,1,0,300,1.225,0.216
designed,79,"1""",pgsphere,1,0,4,0.009,0.017
designed,79,"1""",skycell,1,0,3,0.016,0.006
designed,392,"1""",q3c,1,1,301,1.165,0.253
designed,392,"1""",pgsphere,1,1,7,0.008,0.017
designed,392,"1""",skycell,1,1,4,0.013,0.007
designed,120,"1""",pgsphere,1,1,7,0.007,0.019
designed,120,"1""",q3c,1,1,301,1.206,0.214
designed,120,"1""",skycell,1,1,4,0.013,0.006
designed,457,"10""",q3c,1,0,300,1.276,0.211
designed,457,"10""",skycell,1,0,7,0.024,0.011
designed,457,"10""",pgsphere,1,0,5,0.008,0.016
designed,1039,1',pgsphere,1,0,5,0.006,0.014
designed,1039,1',q3c,1,0,300,1.253,0.231
designed,1039,1',skycell,1,0,4,0.027,0.012
designed,868,1',pgsphere,1,2,5,0.008,0.021
designed,868,1',skycell,1,2,5,0.015,0.012
designed,868,1',q3c,1,2,301,1.278,0.252
designed,1438,1deg,skycell,385,4191,82,0.076,0.576
designed,1438,1deg,q3c,128,4191,348,1.51,0.84
designed,1438,1deg,pgsphere,762,4191,277,0.025,0.93
designed,75,"1""",q3c,1,0,300,1.409,0.286
designed,75,"1""",pgsphere,1,0,5,0.024,0.027
designed,75,"1""",skycell,1,0,3,0.027,0.013
designed,265,"1""",pgsphere,1,0,4,0.009,0.014
designed,265,"1""",q3c,1,0,300,1.413,0.275
designed,265,"1""",skycell,1,0,6,0.039,0.013
designed,149,"1""",pgsphere,1,0,6,0.014,0.024
designed,149,"1""",skycell,1,0,3,0.014,0.007
designed,149,"1""",q3c,1,0,300,1.39,0.255
designed,1270,6',skycell,17,22,12,0.04,0.034
designed,1270,6',pgsphere,8,22,6,0.013,0.024
designed,1270,6',q3c,7,22,302,1.275,0.332
designed,1352,30',q3c,149,157,305,1.367,0.386
designed,1352,30',skycell,128,157,18,0.083,0.068
designed,1352,30',pgsphere,190,157,24,0.023,0.071
designed,169,"1""",pgsphere,1,0,4,0.013,0.016
designed,169,"1""",skycell,1,0,6,0.026,0.012
designed,169,"1""",q3c,1,0,300,1.288,0.301
designed,107,"1""",pgsphere,1,0,9,0.041,0.049
designed,107,"1""",skycell,1,0,3,0.032,0.017
designed,107,"1""",q3c,1,0,300,1.334,0.312
designed,254,"1""",pgsphere,1,1,5,0.035,0.025
designed,254,"1""",skycell,1,1,4,0.029,0.014
designed,254,"1""",q3c,1,1,301,1.328,0.308
designed,460,"10""",q3c,1,1,301,1.275,0.309
designed,460,"10""",skycell,1,1,4,0.048,0.019
designed,460,"10""",pgsphere,1,1,6,0.015,0.027
designed,1149,6',q3c,2,9,302,1.43,0.249
designed,1149,6',skycell,6,9,8,0.048,0.031
designed,1149,6',pgsphere,8,9,6,0.013,0.018
designed,131,"1""",skycell,1,0,3,0.015,0.011
designed,131,"1""",q3c,1,0,300,1.298,0.262
designed,131,"1""",pgsphere,1,0,4,0.018,0.014
designed,339,"1""",q3c,1,0,300,1.378,0.283
designed,339,"1""",pgsphere,1,0,6,0.032,0.027
designed,339,"1""",skycell,1,0,3,0.031,0.012
designed,975,1',skycell,1,0,6,0.029,0.016
designed,975,1',pgsphere,1,0,5,0.012,0.015
designed,975,1',q3c,1,0,300,1.312,0.307
designed,1436,1deg,q3c,290,1021,326,1.366,0.478
designed,1436,1deg,pgsphere,762,1021,129,0.051,0.31
designed,1436,1deg,skycell,580,1021,51,0.082,0.192
designed,1193,6',skycell,3,2,5,0.1,0.024
designed,1193,6',q3c,2,2,301,1.589,0.415
designed,1193,6',pgsphere,8,2,8,0.038,0.044
designed,771,"10""",q3c,1,0,300,1.267,0.291
designed,771,"10""",skycell,1,0,3,0.048,0.017
designed,771,"10""",pgsphere,1,0,4,0.015,0.016
designed,212,"1""",pgsphere,1,1,5,0.008,0.022
designed,212,"1""",skycell,1,1,4,0.017,0.012
designed,212,"1""",q3c,1,1,301,1.277,0.287
designed,572,"10""",skycell,1,13,7,0.04,0.049
designed,572,"10""",q3c,1,13,301,1.278,0.284
designed,572,"10""",pgsphere,1,13,8,0.03,0.035
designed,1235,6',skycell,3,2,4,0.026,0.021
designed,1235,6',q3c,2,2,301,1.35,0.282
designed,1235,6',pgsphere,8,2,6,0.03,0.038
designed,925,1',skycell,1,0,6,0.032,0.015
designed,925,1',q3c,1,0,300,1.479,0.308
designed,925,1',pgsphere,1,0,4,0.044,0.028
designed,596,"10""",q3c,1,1,301,1.216,0.31
designed,596,"10""",skycell,1,1,4,0.066,0.024
designed,596,"10""",pgsphere,1,1,5,0.017,0.026
designed,485,"10""",pgsphere,1,0,4,0.01,0.013
designed,485,"10""",q3c,1,0,300,1.261,0.253
designed,485,"10""",skycell,1,0,3,0.034,0.011
designed,1022,1',pgsphere,1,1,6,0.01,0.02
designed,1022,1',skycell,1,1,7,0.022,0.01
designed,1022,1',q3c,1,1,301,1.289,0.251
designed,160,"1""",pgsphere,1,1,6,0.016,0.022
designed,160,"1""",q3c,1,1,301,1.329,0.251
designed,160,"1""",skycell,1,1,4,0.036,0.013
designed,1374,30',skycell,70,70,6,0.015,0.027
designed,1374,30',q3c,56,70,305,1.256,0.253
designed,1374,30',pgsphere,190,70,16,0.016,0.047
designed,666,"10""",q3c,1,1,301,1.397,0.246
designed,666,"10""",skycell,1,1,4,0.036,0.015
designed,666,"10""",pgsphere,1,1,6,0.013,0.021
designed,1301,30',pgsphere,190,115,15,0.01,0.071
designed,1301,30',q3c,202,115,306,1.338,0.292
designed,1301,30',skycell,110,115,17,0.057,0.044
designed,271,"1""",pgsphere,1,0,6,0.012,0.027
designed,271,"1""",skycell,1,0,6,0.024,0.009
designed,271,"1""",q3c,1,0,300,1.357,0.275
designed,273,"1""",pgsphere,1,0,5,0.026,0.022
designed,273,"1""",skycell,1,0,3,0.022,0.009
designed,273,"1""",q3c,1,0,300,1.37,0.31
designed,1281,6',q3c,6,3,301,1.37,0.359
designed,1281,6',pgsphere,8,3,8,0.099,0.088
designed,1281,6',skycell,3,3,8,0.099,0.057
designed,1040,1',pgsphere,1,1,5,0.069,0.071
designed,1040,1',q3c,1,1,301,2.66,0.506
designed,1040,1',skycell,2,1,4,0.184,0.097
designed,409,"10""",pgsphere,1,0,3,0.026,0.025
designed,409,"10""",skycell,1,0,3,0.024,0.016
designed,409,"10""",q3c,1,0,300,2.557,0.811
designed,220,"1""",q3c,1,1,301,2.25,0.645
designed,220,"1""",skycell,1,1,4,0.061,0.026
designed,220,"1""",pgsphere,1,1,7,0.025,0.032
designed,826,1',q3c,1,1,301,2.408,0.42
designed,826,1',skycell,1,1,4,0.052,0.021
designed,826,1',pgsphere,1,1,6,0.021,0.031
designed,1333,30',q3c,25,67,303,1.726,0.915
designed,1333,30',pgsphere,190,67,18,0.028,0.202
designed,1333,30',skycell,70,67,6,0.035,0.115
designed,33,"1""",q3c,1,0,300,1.357,0.254
designed,33,"1""",pgsphere,1,0,4,0.029,0.022
designed,33,"1""",skycell,1,0,3,0.028,0.01
designed,718,"10""",pgsphere,1,1,5,0.012,0.02
designed,718,"10""",q3c,1,1,301,1.302,0.253
designed,718,"10""",skycell,1,1,4,0.038,0.014
designed,1052,1',q3c,1,1,301,1.696,0.306
designed,1052,1',pgsphere,1,1,6,0.034,0.033
designed,1052,1',skycell,1,1,8,0.036,0.02
designed,89,"1""",skycell,1,0,3,0.019,0.015
designed,89,"1""",pgsphere,1,0,5,0.011,0.025
designed,89,"1""",q3c,1,0,300,1.411,0.317
designed,268,"1""",skycell,1,1,4,0.043,0.019
designed,268,"1""",pgsphere,1,1,6,0.014,0.022
designed,268,"1""",q3c,1,1,301,1.344,0.301
designed,1241,6',skycell,5,3,8,0.055,0.028
designed,1241,6',q3c,3,3,301,1.408,0.297
designed,1241,6',pgsphere,8,3,6,0.021,0.028
designed,589,"10""",q3c,1,0,300,1.389,0.239
designed,589,"10""",skycell,1,0,3,0.029,0.01
designed,589,"10""",pgsphere,1,0,6,0.009,0.02
designed,857,1',pgsphere,1,0,6,0.014,0.03
designed,857,1',q3c,1,0,300,1.313,0.251
designed,857,1',skycell,1,0,4,0.028,0.012
designed,1389,30',q3c,49,69,305,1.248,0.278
designed,1389,30',skycell,89,69,16,0.053,0.035
designed,1389,30',pgsphere,190,69,16,0.018,0.05
designed,25,"1""",pgsphere,1,0,5,0.01,0.02
designed,25,"1""",skycell,1,0,3,0.016,0.006
designed,25,"1""",q3c,1,0,300,1.261,0.248
designed,301,"1""",pgsphere,1,0,6,0.013,0.024
designed,301,"1""",skycell,1,0,3,0.017,0.007
designed,301,"1""",q3c,1,0,300,1.247,0.267
designed,502,"10""",skycell,1,1,4,0.03,0.013
designed,502,"10""",pgsphere,1,1,6,0.014,0.026
designed,502,"10""",q3c,1,1,301,1.451,0.258
designed,1196,6',skycell,6,8,8,0.042,0.029
designed,1196,6',q3c,2,8,301,1.342,0.261
designed,1196,6',pgsphere,8,8,6,0.024,0.026
designed,1315,30',q3c,333,475,315,1.264,0.469
designed,1315,30',skycell,195,475,29,0.063,0.166
designed,1315,30',pgsphere,190,475,64,0.012,0.217
designed,583,"10""",q3c,1,0,300,1.329,0.261
designed,583,"10""",pgsphere,1,0,4,0.015,0.029
designed,583,"10""",skycell,1,0,7,0.027,0.018
designed,65,"1""",q3c,1,0,300,1.408,0.237
designed,65,"1""",skycell,1,0,3,0.124,0.039
designed,65,"1""",pgsphere,1,0,4,0.047,0.047
designed,796,"10""",pgsphere,1,1,7,0.034,0.129
designed,796,"10""",q3c,1,1,301,2.877,0.432
designed,796,"10""",skycell,1,1,4,0.066,0.019
designed,618,"10""",pgsphere,1,1,8,0.015,0.04
designed,618,"10""",q3c,1,1,301,2.24,1.243
designed,618,"10""",skycell,1,1,4,0.13,0.057
designed,816,1',skycell,1,2,4,0.109,0.021
designed,816,1',pgsphere,1,2,13,0.022,0.061
designed,816,1',q3c,1,2,302,2.138,0.351
designed,26,"1""",pgsphere,1,1,5,0.061,0.038
designed,26,"1""",q3c,1,1,301,1.559,0.345
designed,26,"1""",skycell,1,1,4,0.098,0.041
designed,761,"10""",skycell,1,0,3,0.036,0.011
designed,761,"10""",q3c,1,0,300,2.261,0.413
designed,761,"10""",pgsphere,1,0,6,0.128,0.117
designed,1012,1',skycell,1,1,4,0.052,0.02
designed,1012,1',q3c,1,1,301,1.601,0.318
designed,1012,1',pgsphere,1,1,5,0.048,0.034
designed,644,"10""",skycell,1,1,4,0.028,0.013
designed,644,"10""",q3c,1,1,301,1.392,0.355
designed,644,"10""",pgsphere,1,1,6,0.038,0.029
designed,1100,1',pgsphere,1,7,11,0.012,0.038
designed,1100,1',skycell,3,7,4,0.027,0.013
designed,1100,1',q3c,1,7,301,1.402,0.298
designed,386,"1""",pgsphere,1,1,5,0.018,0.018
designed,386,"1""",skycell,1,1,4,0.019,0.009
designed,386,"1""",q3c,1,1,301,1.333,0.226
designed,1305,30',pgsphere,190,53,18,0.01,0.04
designed,1305,30',skycell,76,53,10,0.022,0.023
designed,1305,30',q3c,34,53,303,1.144,0.241
designed,527,"10""",pgsphere,1,0,5,0.01,0.024
designed,527,"10""",q3c,1,0,300,1.325,0.205
designed,527,"10""",skycell,1,0,3,0.019,0.006
designed,1276,6',q3c,2,3,301,1.304,0.222
designed,1276,6',skycell,4,3,8,0.037,0.023
designed,1276,6',pgsphere,8,3,7,0.008,0.026
designed,1051,1',skycell,1,0,3,0.013,0.005
designed,1051,1',pgsphere,1,0,4,0.007,0.009
designed,1051,1',q3c,1,0,300,1.312,0.204
designed,374,"1""",skycell,1,1,4,0.015,0.007
designed,374,"1""",q3c,1,1,301,1.169,0.212
designed,374,"1""",pgsphere,1,1,5,0.009,0.014
designed,1005,1',skycell,1,0,8,0.024,0.016
designed,1005,1',pgsphere,1,0,6,0.017,0.019
designed,1005,1',q3c,1,0,300,1.161,0.21
designed,600,"10""",skycell,1,1,4,0.016,0.008
designed,600,"10""",pgsphere,1,1,5,0.007,0.012
designed,600,"10""",q3c,1,1,301,1.299,0.21
designed,779,"10""",q3c,1,0,300,1.154,0.238
designed,779,"10""",pgsphere,1,0,3,0.009,0.01
designed,779,"10""",skycell,1,0,3,0.014,0.006
designed,873,1',pgsphere,1,0,9,0.007,0.028
designed,873,1',skycell,1,0,4,0.022,0.007
designed,873,1',q3c,1,0,300,1.374,0.203
designed,323,"1""",pgsphere,1,0,7,0.009,0.019
designed,323,"1""",skycell,1,0,3,0.014,0.006
designed,323,"1""",q3c,1,0,300,1.229,0.202
designed,932,1',q3c,1,2,301,1.21,0.246
designed,932,1',skycell,2,2,4,0.015,0.008
designed,932,1',pgsphere,1,2,5,0.007,0.012
designed,915,1',q3c,1,0,300,1.323,0.2
designed,915,1',skycell,1,0,4,0.015,0.007
designed,915,1',pgsphere,1,0,5,0.007,0.02
designed,483,"10""",pgsphere,1,0,5,0.009,0.017
designed,483,"10""",skycell,1,0,6,0.021,0.007
designed,483,"10""",q3c,1,0,300,1.149,0.236
designed,1439,1deg,q3c,172,307,309,1.207,0.834
designed,1439,1deg,pgsphere,762,307,52,0.024,0.795
designed,1439,1deg,skycell,317,307,28,0.054,0.499
designed,163,"1""",q3c,1,0,300,1.257,0.255
designed,163,"1""",pgsphere,1,0,5,0.019,0.025
designed,163,"1""",skycell,1,0,3,0.02,0.012
designed,12,"1""",q3c,1,1,301,1.253,0.256
designed,12,"1""",skycell,1,1,7,0.027,0.021
designed,12,"1""",pgsphere,1,1,5,0.01,0.024
designed,694,"10""",pgsphere,1,1,5,0.009,0.018
designed,694,"10""",skycell,1,1,7,0.027,0.009
designed,694,"10""",q3c,1,1,301,1.19,0.239
designed,938,1',pgsphere,1,1,6,0.019,0.025
designed,938,1',q3c,1,1,301,1.201,0.237
designed,938,1',skycell,1,1,4,0.026,0.017
designed,1278,6',skycell,142,139,15,0.026,0.044
designed,1278,6',q3c,52,139,307,1.277,0.303
designed,1278,6',pgsphere,8,139,25,0.018,0.063
designed,739,"10""",skycell,1,0,3,0.017,0.007
designed,739,"10""",pgsphere,1,0,5,0.008,0.018
designed,739,"10""",q3c,1,0,300,1.267,0.218
designed,586,"10""",q3c,1,1,301,1.322,0.231
designed,586,"10""",pgsphere,1,1,5,0.008,0.012
designed,586,"10""",skycell,1,1,4,0.014,0.007
designed,984,1',pgsphere,1,2,7,0.007,0.018
designed,984,1',skycell,1,2,4,0.013,0.007
designed,984,1',q3c,1,2,301,1.281,0.213
designed,910,1',skycell,1,5,4,0.015,0.009
designed,910,1',pgsphere,1,5,7,0.007,0.019
designed,910,1',q3c,1,5,301,1.157,0.206
designed,425,"10""",q3c,1,1,301,1.256,0.217
designed,425,"10""",skycell,1,1,7,0.027,0.02
designed,425,"10""",pgsphere,1,1,6,0.007,0.014
designed,458,"10""",pgsphere,1,1,7,0.007,0.017
designed,458,"10""",skycell,1,1,4,0.013,0.006
designed,458,"10""",q3c,1,1,301,1.346,0.204
designed,303,"1""",q3c,1,0,300,1.209,0.237
designed,303,"1""",pgsphere,1,0,8,0.009,0.02
designed,303,"1""",skycell,1,0,3,0.013,0.005
designed,1448,3deg,skycell,139769,147516,1985,0.11,17.403
designed,1448,3deg,q3c,60041,147516,2805,1.292,27.453
designed,1448,3deg,pgsphere,6852,147516,3708,0.044,35.136
designed,1169,6',pgsphere,8,46,11,0.031,0.06
designed,1169,6',skycell,49,46,8,0.036,0.036
designed,1169,6',q3c,9,46,303,1.244,0.328
designed,604,"10""",skycell,1,2,7,0.025,0.012
designed,604,"10""",q3c,1,2,301,1.281,0.208
designed,604,"10""",pgsphere,1,2,9,0.01,0.027
designed,1067,1',pgsphere,1,0,8,0.01,0.035
designed,1067,1',skycell,1,0,7,0.023,0.009
designed,1067,1',q3c,1,0,300,1.146,0.221
designed,780,"10""",pgsphere,1,1,6,0.01,0.017
designed,780,"10""",skycell,1,1,7,0.021,0.008
designed,780,"10""",q3c,1,1,301,1.295,0.209
designed,900,1',skycell,1,1,4,0.016,0.007
designed,900,1',pgsphere,1,1,8,0.008,0.02
designed,900,1',q3c,1,1,301,1.181,0.214
designed,30,"1""",q3c,1,1,301,1.878,0.276
designed,30,"1""",pgsphere,1,1,6,0.028,0.034
designed,30,"1""",skycell,1,1,7,0.031,0.013
designed,286,"1""",skycell,1,1,4,0.014,0.009
designed,286,"1""",pgsphere,1,1,7,0.01,0.019
designed,286,"1""",q3c,1,1,301,1.211,0.233
designed,1351,30',skycell,78,69,25,0.056,0.053
designed,1351,30',pgsphere,190,69,27,0.01,0.053
designed,1351,30',q3c,34,69,303,1.284,0.253
designed,70,"1""",pgsphere,1,1,8,0.021,0.039
designed,70,"1""",q3c,1,1,301,1.345,0.256
designed,70,"1""",skycell,1,1,4,0.034,0.018
designed,807,1',q3c,1,0,300,2.29,0.355
designed,807,1',pgsphere,1,0,7,0.026,0.029
designed,807,1',skycell,1,0,4,0.024,0.012
designed,1038,1',skycell,2,1,7,0.023,0.013
designed,1038,1',q3c,1,1,301,1.255,0.239
designed,1038,1',pgsphere,1,1,7,0.027,0.031
designed,948,1',pgsphere,1,2,12,0.008,0.035
designed,948,1',q3c,1,2,301,1.232,0.255
designed,948,1',skycell,2,2,4,0.023,0.011
designed,83,"1""",q3c,1,0,300,1.132,0.226
designed,83,"1""",skycell,1,0,6,0.026,0.015
designed,83,"1""",pgsphere,1,0,4,0.009,0.02
designed,560,"10""",q3c,1,1,301,1.277,0.226
designed,560,"10""",skycell,1,1,4,0.016,0.009
designed,560,"10""",pgsphere,1,1,7,0.007,0.019
designed,124,"1""",q3c,1,1,301,1.253,0.233
designed,124,"1""",pgsphere,1,1,6,0.019,0.034
designed,124,"1""",skycell,1,1,4,0.02,0.015
designed,236,"1""",q3c,1,1,301,1.141,0.248
designed,236,"1""",pgsphere,1,1,8,0.01,0.034
designed,236,"1""",skycell,1,1,4,0.017,0.014
designed,1334,30',skycell,815,736,43,0.053,0.118
designed,1334,30',pgsphere,190,736,88,0.008,0.177
designed,1334,30',q3c,689,736,322,1.418,0.368
designed,480,"10""",q3c,1,1,301,1.324,0.246
designed,480,"10""",skycell,1,1,4,0.018,0.007
designed,480,"10""",pgsphere,1,1,7,0.008,0.017
designed,179,"1""",skycell,1,0,6,0.02,0.014
designed,179,"1""",q3c,1,0,300,1.29,0.245
designed,179,"1""",pgsphere,1,0,4,0.011,0.015
designed,389,"1""",skycell,1,0,6,0.022,0.008
designed,389,"1""",q3c,1,0,300,1.249,0.207
designed,389,"1""",pgsphere,1,0,4,0.008,0.012
designed,1203,6',pgsphere,8,48,15,0.007,0.033
designed,1203,6',skycell,57,48,10,0.02,0.02
designed,1203,6',q3c,14,48,304,1.313,0.229
designed,655,"10""",pgsphere,1,0,5,0.008,0.014
designed,655,"10""",q3c,1,0,300,1.293,0.2
designed,655,"10""",skycell,1,0,4,0.016,0.008
designed,601,"10""",pgsphere,1,0,7,0.007,0.019
designed,601,"10""",skycell,1,0,3,0.015,0.005
designed,601,"10""",q3c,1,0,300,1.152,0.208
designed,997,1',skycell,1,0,3,0.017,0.006
designed,997,1',q3c,1,0,300,1.284,0.201
designed,997,1',pgsphere,1,0,4,0.009,0.013
designed,488,"10""",skycell,1,1,4,0.013,0.008
designed,488,"10""",q3c,1,1,301,1.163,0.226
designed,488,"10""",pgsphere,1,1,5,0.026,0.026
designed,99,"1""",q3c,1,0,300,1.459,0.507
designed,99,"1""",skycell,1,0,3,0.038,0.018
designed,99,"1""",pgsphere,1,0,5,0.049,0.069
designed,940,1',q3c,1,2,301,1.258,0.37
designed,940,1',skycell,1,2,4,0.029,0.023
designed,940,1',pgsphere,1,2,7,0.012,0.034
designed,741,"10""",q3c,1,0,300,1.209,0.24
designed,741,"10""",skycell,1,0,4,0.063,0.018
designed,741,"10""",pgsphere,1,0,4,0.013,0.025
designed,1321,30',q3c,119,75,304,1.282,0.304
designed,1321,30',skycell,133,75,23,0.053,0.065
designed,1321,30',pgsphere,190,75,22,0.012,0.103
designed,734,"10""",skycell,1,1,4,0.018,0.008
designed,734,"10""",pgsphere,1,1,7,0.008,0.021
designed,734,"10""",q3c,1,1,302,1.158,0.24
designed,1200,6',pgsphere,8,55,14,0.022,0.053
designed,1200,6',q3c,18,55,305,1.311,0.292
designed,1200,6',skycell,51,55,12,0.041,0.03
designed,1153,6',skycell,3,4,8,0.02,0.012
designed,1153,6',q3c,1,4,302,1.297,0.221
designed,1153,6',pgsphere,8,4,5,0.013,0.017
designed,333,"1""",pgsphere,1,0,6,0.007,0.018
designed,333,"1""",q3c,1,0,300,1.194,0.228
designed,333,"1""",skycell,1,0,3,0.018,0.007
designed,793,"10""",q3c,1,0,300,1.395,0.214
designed,793,"10""",skycell,1,0,6,0.025,0.01
designed,793,"10""",pgsphere,1,0,4,0.013,0.014
designed,262,"1""",q3c,1,1,301,1.212,0.22
designed,262,"1""",skycell,1,1,4,0.015,0.007
designed,262,"1""",pgsphere,1,1,5,0.007,0.013
designed,1001,1',skycell,1,0,4,0.013,0.008
designed,1001,1',pgsphere,1,0,4,0.007,0.011
designed,1001,1',q3c,1,0,300,1.272,0.234
designed,1033,1',pgsphere,1,0,4,0.01,0.022
designed,1033,1',skycell,1,0,4,0.015,0.007
designed,1033,1',q3c,1,0,300,1.207,0.216
designed,720,"10""",skycell,1,1,7,0.022,0.01
designed,720,"10""",pgsphere,1,1,6,0.007,0.014
designed,720,"10""",q3c,1,1,301,1.179,0.226
designed,206,"1""",pgsphere,1,1,5,0.008,0.022
designed,206,"1""",q3c,1,1,301,1.298,0.228
designed,206,"1""",skycell,1,1,7,0.021,0.018
designed,1319,30',pgsphere,190,64,21,0.008,0.041
designed,1319,30',skycell,64,64,18,0.03,0.039
designed,1319,30',q3c,34,64,304,1.19,0.22
designed,209,"1""",pgsphere,1,0,7,0.009,0.028
designed,209,"1""",q3c,1,0,300,1.157,0.211
designed,209,"1""",skycell,1,0,3,0.015,0.009
designed,687,"10""",q3c,1,0,300,1.286,0.226
designed,687,"10""",pgsphere,1,0,3,0.008,0.009
designed,687,"10""",skycell,1,0,3,0.014,0.005
designed,211,"1""",pgsphere,1,0,4,0.007,0.019
designed,211,"1""",skycell,1,0,3,0.015,0.009
designed,211,"1""",q3c,1,0,300,1.267,0.214
designed,1093,1',skycell,1,0,7,0.021,0.01
designed,1093,1',q3c,1,0,300,1.208,0.201
designed,1093,1',pgsphere,1,0,6,0.009,0.018
designed,559,"10""",q3c,1,0,300,1.146,0.209
designed,559,"10""",skycell,1,0,6,0.022,0.007
designed,559,"10""",pgsphere,1,0,5,0.007,0.015
designed,86,"1""",q3c,1,1,301,1.279,0.225
designed,86,"1""",pgsphere,1,1,5,0.009,0.018
designed,86,"1""",skycell,1,1,4,0.015,0.012
designed,96,"1""",pgsphere,1,1,7,0.008,0.021
designed,96,"1""",q3c,1,1,301,1.133,0.209
designed,96,"1""",skycell,1,1,7,0.021,0.012
designed,170,"1""",skycell,1,1,4,0.014,0.013
designed,170,"1""",q3c,1,1,301,1.24,0.216
designed,170,"1""",pgsphere,1,1,5,0.009,0.021
designed,814,1',pgsphere,1,1,5,0.008,0.012
designed,814,1',skycell,1,1,4,0.014,0.007
designed,814,1',q3c,1,1,301,1.246,0.21
designed,963,1',q3c,1,0,300,1.222,0.263
designed,963,1',skycell,1,0,8,0.022,0.02
designed,963,1',pgsphere,1,0,4,0.007,0.012
designed,665,"10""",q3c,1,0,300,1.494,0.238
designed,665,"10""",pgsphere,1,0,4,0.016,0.015
designed,665,"10""",skycell,1,0,3,0.017,0.007
designed,621,"10""",q3c,1,0,300,1.126,0.21
designed,621,"10""",pgsphere,1,0,6,0.013,0.025
designed,621,"10""",skycell,1,0,3,0.015,0.006
designed,1181,6',skycell,3,2,6,0.013,0.02
designed,1181,6',pgsphere,8,2,5,0.008,0.019
designed,1181,6',q3c,2,2,301,1.292,0.254
designed,1014,1',pgsphere,1,2,5,0.023,0.024
designed,1014,1',q3c,1,2,302,1.495,0.32
designed,1014,1',skycell,3,2,8,0.051,0.02
designed,964,1',pgsphere,1,3,6,0.011,0.022
designed,964,1',q3c,1,3,301,1.286,0.249
designed,964,1',skycell,2,3,8,0.039,0.018
designed,295,"1""",skycell,1,0,3,0.019,0.013
designed,295,"1""",q3c,1,0,300,1.251,0.255
designed,295,"1""",pgsphere,1,0,5,0.015,0.018
designed,747,"10""",q3c,1,0,300,1.273,0.219
designed,747,"10""",pgsphere,1,0,5,0.013,0.017
designed,747,"10""",skycell,1,0,4,0.019,0.009
designed,623,"10""",skycell,1,0,3,0.013,0.006
designed,623,"10""",q3c,1,0,300,1.163,0.219
designed,623,"10""",pgsphere,1,0,3,0.015,0.011
designed,897,1',skycell,1,0,4,0.016,0.009
designed,897,1',q3c,1,0,300,1.295,0.245
designed,897,1',pgsphere,1,0,5,0.024,0.025
designed,614,"10""",pgsphere,1,1,7,0.008,0.022
designed,614,"10""",q3c,1,1,301,1.298,0.228
designed,614,"10""",skycell,1,1,4,0.019,0.013
designed,1148,6',pgsphere,8,6,7,0.009,0.021
designed,1148,6',q3c,3,6,301,1.191,0.215
designed,1148,6',skycell,3,6,4,0.015,0.01
designed,1083,1',skycell,1,0,3,0.013,0.006
designed,1083,1',q3c,1,0,300,1.195,0.205
designed,1083,1',pgsphere,1,0,5,0.008,0.021
designed,466,"10""",q3c,1,1,301,1.264,0.206
designed,466,"10""",skycell,1,1,4,0.015,0.016
designed,466,"10""",pgsphere,1,1,5,0.009,0.018
designed,190,"1""",q3c,1,1,301,1.297,0.221
designed,190,"1""",pgsphere,1,1,10,0.008,0.04
designed,190,"1""",skycell,1,1,4,0.015,0.012
designed,210,"1""",pgsphere,1,1,7,0.008,0.028
designed,210,"1""",skycell,1,1,4,0.014,0.013
designed,210,"1""",q3c,1,1,301,1.2,0.229
designed,1078,1',q3c,1,1,301,1.291,0.217
designed,1078,1',skycell,1,1,13,0.031,0.012
designed,1078,1',pgsphere,1,1,7,0.007,0.016
designed,1300,6',pgsphere,8,81,13,0.007,0.053
designed,1300,6',skycell,55,81,10,0.021,0.024
designed,1300,6',q3c,8,81,304,1.325,0.222
designed,864,1',pgsphere,1,359,49,0.008,0.118
designed,864,1',skycell,1,359,49,0.015,0.262
designed,864,1',q3c,1,359,310,1.281,0.273
designed,611,"10""",q3c,1,0,300,1.121,0.218
designed,611,"10""",skycell,1,0,7,0.021,0.008
designed,611,"10""",pgsphere,1,0,4,0.007,0.011
designed,1049,1',skycell,1,0,4,0.013,0.006
designed,1049,1',pgsphere,1,0,4,0.007,0.018
designed,1049,1',q3c,1,0,300,1.268,0.213
designed,1176,6',pgsphere,8,16,9,0.007,0.024
designed,1176,6',skycell,12,16,5,0.014,0.01
designed,1176,6',q3c,17,16,303,1.28,0.219
designed,495,"10""",pgsphere,1,0,4,0.008,0.011
designed,495,"10""",q3c,1,0,300,1.276,0.197
designed,495,"10""",skycell,1,0,3,0.015,0.005
designed,805,1',skycell,1,0,3,0.016,0.005
designed,805,1',pgsphere,1,0,11,0.007,0.029
designed,805,1',q3c,1,0,300,1.261,0.22
designed,276,"1""",skycell,1,1,4,0.015,0.015
designed,276,"1""",pgsphere,1,1,6,0.009,0.024
designed,276,"1""",q3c,1,1,301,1.199,0.221
designed,1125,6',skycell,5,3,13,0.031,0.014
designed,1125,6',pgsphere,8,3,8,0.007,0.02
designed,1125,6',q3c,1,3,301,1.315,0.206
designed,16,"1""",pgsphere,1,1,9,0.008,0.034
designed,16,"1""",skycell,1,1,4,0.015,0.012
designed,16,"1""",q3c,1,1,301,1.208,0.217
designed,850,1',pgsphere,1,1,6,0.009,0.017
designed,850,1',skycell,1,1,4,0.013,0.006
designed,850,1',q3c,1,1,301,1.267,0.204
designed,889,1',pgsphere,1,0,4,0.008,0.01
designed,889,1',q3c,1,0,300,1.225,0.238
designed,889,1',skycell,1,0,4,0.015,0.006
designed,146,"1""",pgsphere,1,1,7,0.007,0.017
designed,146,"1""",skycell,1,1,4,0.012,0.014
designed,146,"1""",q3c,1,1,301,1.228,0.207
designed,158,"1""",skycell,1,1,4,0.014,0.013
designed,158,"1""",pgsphere,1,1,6,0.009,0.021
designed,158,"1""",q3c,1,1,301,1.162,0.217
designed,145,"1""",skycell,1,0,3,0.014,0.01
designed,145,"1""",q3c,1,0,300,1.22,0.212
designed,145,"1""",pgsphere,1,0,4,0.008,0.015
designed,204,"1""",pgsphere,1,1,5,0.009,0.018
designed,204,"1""",q3c,1,1,301,1.219,0.216
designed,204,"1""",skycell,1,1,4,0.015,0.013
designed,727,"10""",q3c,1,0,300,1.27,0.202
designed,727,"10""",pgsphere,1,0,4,0.008,0.016
designed,727,"10""",skycell,1,0,4,0.015,0.005
designed,648,"10""",q3c,1,1,301,1.261,0.203
designed,648,"10""",pgsphere,1,1,5,0.009,0.012
designed,648,"10""",skycell,1,1,4,0.013,0.006
designed,93,"1""",pgsphere,1,0,5,0.007,0.017
designed,93,"1""",q3c,1,0,300,1.161,0.217
designed,93,"1""",skycell,1,0,3,0.015,0.011
designed,1047,1',skycell,1,0,4,0.012,0.006
designed,1047,1',pgsphere,1,0,7,0.007,0.018
designed,1047,1',q3c,1,0,300,1.128,0.205
designed,1085,1',skycell,1,0,4,0.014,0.006
designed,1085,1',q3c,1,0,300,1.304,0.205
designed,1085,1',pgsphere,1,0,5,0.009,0.016
designed,414,"10""",pgsphere,1,1,7,0.009,0.018
designed,414,"10""",skycell,1,1,4,0.013,0.006
designed,414,"10""",q3c,1,1,301,1.232,0.253
designed,1289,6',pgsphere,8,1,5,0.009,0.017
designed,1289,6',skycell,3,1,4,0.013,0.01
designed,1289,6',q3c,3,1,301,1.227,0.223
designed,683,"10""",pgsphere,1,0,4,0.008,0.015
designed,683,"10""",skycell,1,0,3,0.014,0.005
designed,683,"10""",q3c,1,0,300,1.318,0.255
designed,563,"10""",pgsphere,1,0,5,0.013,0.019
designed,563,"10""",q3c,1,0,300,1.515,0.214
designed,563,"10""",skycell,1,0,7,0.021,0.008
designed,22,"1""",skycell,1,1,7,0.018,0.012
designed,22,"1""",q3c,1,1,301,1.096,0.209
designed,22,"1""",pgsphere,1,1,8,0.009,0.042
designed,935,1',q3c,1,0,300,1.318,0.206
designed,935,1',skycell,1,0,4,0.015,0.006
designed,935,1',pgsphere,1,0,4,0.009,0.011
designed,1400,30',skycell,3986,4002,119,0.087,0.47
designed,1400,30',pgsphere,190,4002,384,0.007,0.778
designed,1400,30',q3c,1275,4002,368,1.228,0.794
designed,1440,1deg,pgsphere,762,269,47,0.014,0.198
designed,1440,1deg,skycell,248,269,29,0.046,0.122
designed,1440,1deg,q3c,145,269,306,1.275,0.304
designed,1106,6',pgsphere,8,59,22,0.012,0.044
designed,1106,6',skycell,55,59,10,0.024,0.025
designed,1106,6',q3c,17,59,304,1.214,0.249
designed,837,1',skycell,1,0,4,0.028,0.016
designed,837,1',q3c,1,0,300,1.381,0.224
designed,837,1',pgsphere,1,0,7,0.012,0.026
designed,1032,1',skycell,1,1,7,0.021,0.01
designed,1032,1',pgsphere,1,1,5,0.007,0.014
designed,1032,1',q3c,1,1,301,1.246,0.209
designed,1376,30',q3c,133,495,315,1.233,0.363
designed,1376,30',pgsphere,190,495,73,0.009,0.242
designed,1376,30',skycell,701,495,41,0.058,0.125
designed,1209,6',q3c,1,2,301,1.104,0.222
designed,1209,6',skycell,3,2,7,0.025,0.009
designed,1209,6',pgsphere,8,2,8,0.007,0.02
designed,517,"10""",pgsphere,1,0,5,0.007,0.014
designed,517,"10""",skycell,1,0,3,0.013,0.004
designed,517,"10""",q3c,1,0,300,1.132,0.207
designed,943,1',pgsphere,1,0,5,0.008,0.016
designed,943,1',skycell,1,0,7,0.02,0.008
designed,943,1',q3c,1,0,300,1.304,0.243
designed,1318,30',pgsphere,190,800,86,0.008,0.34
designed,1318,30',skycell,888,800,47,0.057,0.216
designed,1318,30',q3c,205,800,318,1.216,0.393
designed,21,"1""",pgsphere,1,0,4,0.009,0.011
designed,21,"1""",skycell,1,0,3,0.013,0.009
designed,21,"1""",q3c,1,0,300,1.243,0.237
designed,632,"10""",pgsphere,1,1,5,0.009,0.013
designed,632,"10""",skycell,1,1,4,0.019,0.01
designed,632,"10""",q3c,1,1,301,1.262,0.206
designed,306,"1""",q3c,1,1,301,1.152,0.233
designed,306,"1""",skycell,1,1,4,0.015,0.006
designed,306,"1""",pgsphere,1,1,6,0.007,0.018
designed,1420,1deg,skycell,4521,5690,129,0.074,0.806
designed,1420,1deg,q3c,1190,5690,405,1.219,1.309
designed,1420,1deg,pgsphere,762,5690,507,0.009,6.842
designed,1017,1',skycell,1,0,7,0.043,0.016
designed,1017,1',pgsphere,1,0,5,0.01,0.014
designed,1017,1',q3c,1,0,300,1.332,0.317
designed,310,"1""",skycell,1,1,4,0.028,0.019
designed,310,"1""",q3c,1,1,301,1.306,0.24
designed,310,"1""",pgsphere,1,1,5,0.015,0.026
designed,40,"1""",skycell,1,1,4,0.018,0.012
designed,40,"1""",q3c,1,1,301,1.248,0.237
designed,40,"1""",pgsphere,1,1,10,0.012,0.033
designed,1324,30',q3c,1206,2294,344,1.261,0.564
designed,1324,30',skycell,2152,2294,85,0.107,0.315
designed,1324,30',pgsphere,190,2294,236,0.01,0.502
designed,97,"1""",q3c,1,0,300,1.239,0.214
designed,97,"1""",pgsphere,1,0,5,0.009,0.02
designed,97,"1""",skycell,1,0,3,0.015,0.006
designed,1220,6',pgsphere,8,70,16,0.007,0.034
designed,1220,6',skycell,56,70,11,0.021,0.026
designed,1220,6',q3c,12,70,303,1.284,0.231
designed,615,"10""",pgsphere,1,0,6,0.009,0.018
designed,615,"10""",q3c,1,0,300,1.223,0.209
designed,615,"10""",skycell,1,0,3,0.016,0.006
designed,505,"10""",q3c,1,0,300,1.169,0.219
designed,505,"10""",pgsphere,1,0,4,0.008,0.013
designed,505,"10""",skycell,1,0,3,0.014,0.005
designed,1077,1',pgsphere,1,0,9,0.007,0.036
designed,1077,1',skycell,1,0,4,0.013,0.011
designed,1077,1',q3c,1,0,300,1.243,0.211
designed,344,"1""",q3c,1,1,301,1.117,0.23
designed,344,"1""",pgsphere,1,1,7,0.009,0.034
designed,344,"1""",skycell,1,1,4,0.015,0.017
designed,1381,30',skycell,91,47,24,0.042,0.062
designed,1381,30',pgsphere,190,47,16,0.007,0.071
designed,1381,30',q3c,24,47,303,1.26,0.251
designed,464,"10""",pgsphere,1,1,7,0.013,0.021
designed,464,"10""",q3c,1,1,301,1.108,0.222
designed,464,"10""",skycell,1,1,4,0.015,0.007
designed,875,1',q3c,1,0,300,1.252,0.215
designed,875,1',pgsphere,1,0,8,0.009,0.021
designed,875,1',skycell,1,0,3,0.016,0.006
designed,456,"10""",q3c,1,1,301,1.224,0.214
designed,456,"10""",skycell,1,1,7,0.021,0.014
designed,456,"10""",pgsphere,1,1,6,0.008,0.014
designed,1413,1deg,q3c,247,280,310,1.342,0.324
designed,1413,1deg,skycell,299,280,25,0.036,0.105
designed,1413,1deg,pgsphere,762,280,54,0.009,0.18
designed,250,"1""",skycell,1,1,4,0.019,0.016
designed,250,"1""",pgsphere,1,1,6,0.008,0.023
designed,250,"1""",q3c,1,1,301,1.223,0.217
designed,757,"10""",pgsphere,1,0,4,0.008,0.011
designed,757,"10""",skycell,1,0,3,0.014,0.005
designed,757,"10""",q3c,1,0,300,1.271,0.206
designed,132,"1""",q3c,1,1,301,1.33,0.234
designed,132,"1""",pgsphere,1,1,5,0.009,0.018
designed,132,"1""",skycell,1,1,4,0.015,0.013
designed,1147,6',q3c,2,2,301,1.239,0.203
designed,1147,6',skycell,4,2,4,0.037,0.007
designed,1147,6',pgsphere,8,2,8,0.008,0.018
designed,1272,6',pgsphere,8,19,11,0.007,0.022
designed,1272,6',skycell,13,19,8,0.02,0.017
designed,1272,6',q3c,3,19,302,1.267,0.219
designed,1244,6',pgsphere,8,66,14,0.008,0.038
designed,1244,6',skycell,45,66,9,0.024,0.031
designed,1244,6',q3c,23,66,303,1.639,0.238
designed,1388,30',skycell,1152,898,50,0.061,0.215
designed,1388,30',pgsphere,190,898,96,0.007,0.341
designed,1388,30',q3c,209,898,320,1.207,0.409
designed,1156,6',skycell,10,466,37,0.032,0.165
designed,1156,6',q3c,3,466,316,1.285,0.292
designed,1156,6',pgsphere,8,466,52,0.009,0.124
designed,1294,6',skycell,51,59,8,0.021,0.021
designed,1294,6',pgsphere,8,59,15,0.007,0.031
designed,1294,6',q3c,23,59,303,1.253,0.215
designed,653,"10""",skycell,1,0,3,0.015,0.007
designed,653,"10""",q3c,1,0,300,1.226,0.208
designed,653,"10""",pgsphere,1,0,4,0.009,0.012
designed,625,"10""",q3c,1,0,300,1.238,0.201
designed,625,"10""",skycell,1,0,3,0.015,0.006
designed,625,"10""",pgsphere,1,0,7,0.007,0.02
designed,834,1',skycell,1,1,4,0.013,0.007
designed,834,1',pgsphere,1,1,6,0.007,0.021
designed,834,1',q3c,1,1,302,1.291,0.222
designed,139,"1""",pgsphere,1,0,4,0.008,0.019
designed,139,"1""",skycell,1,0,3,0.018,0.01
designed,139,"1""",q3c,1,0,300,1.403,0.223
designed,245,"1""",skycell,1,0,3,0.015,0.01
designed,245,"1""",pgsphere,1,0,5,0.009,0.017
designed,245,"1""",q3c,1,0,300,1.201,0.212
designed,926,1',q3c,1,2,301,1.24,0.215
designed,926,1',pgsphere,1,2,6,0.011,0.017
designed,926,1',skycell,1,2,7,0.02,0.009
designed,450,"10""",q3c,1,1,301,1.408,0.198
designed,450,"10""",skycell,1,1,4,0.014,0.011
designed,450,"10""",pgsphere,1,1,7,0.009,0.03
designed,758,"10""",pgsphere,1,1,6,0.008,0.018
designed,758,"10""",skycell,1,1,5,0.019,0.012
designed,758,"10""",q3c,1,1,301,1.239,0.21
designed,50,"1""",skycell,1,1,4,0.014,0.012
designed,50,"1""",pgsphere,1,1,5,0.009,0.018
designed,50,"1""",q3c,1,1,301,1.254,0.217
designed,240,"1""",q3c,1,1,301,1.247,0.229
designed,240,"1""",skycell,1,1,4,0.018,0.017
designed,240,"1""",pgsphere,1,1,9,0.009,0.041
designed,443,"10""",pgsphere,1,0,5,0.008,0.019
designed,443,"10""",skycell,1,0,6,0.019,0.007
designed,443,"10""",q3c,1,0,300,1.299,0.198
designed,836,1',skycell,4,8,8,0.02,0.025
designed,836,1',pgsphere,1,8,8,0.008,0.024
designed,836,1',q3c,1,8,302,1.243,0.205
designed,100,"1""",skycell,1,1,4,0.015,0.013
designed,100,"1""",pgsphere,1,1,8,0.008,0.026
designed,100,"1""",q3c,1,1,301,1.212,0.214
designed,750,"10""",q3c,1,1,301,1.119,0.215
designed,750,"10""",pgsphere,1,1,9,0.008,0.022
designed,750,"10""",skycell,1,1,4,0.014,0.007
designed,241,"1""",q3c,1,0,300,1.587,0.253
designed,241,"1""",skycell,1,0,3,0.036,0.015
designed,241,"1""",pgsphere,1,0,5,0.014,0.027
designed,264,"1""",pgsphere,1,1,6,0.009,0.019
designed,264,"1""",q3c,1,1,301,1.416,0.258
designed,264,"1""",skycell,1,1,4,0.018,0.009
designed,742,"10""",skycell,1,1,4,0.013,0.008
designed,742,"10""",pgsphere,1,1,8,0.008,0.022
designed,742,"10""",q3c,1,1,301,1.135,0.21
designed,161,"1""",q3c,1,0,300,1.284,0.228
designed,161,"1""",skycell,1,0,3,0.016,0.01
designed,161,"1""",pgsphere,1,0,6,0.009,0.02
designed,1082,1',skycell,1,2,8,0.021,0.018
designed,1082,1',q3c,1,2,301,1.248,0.208
designed,1082,1',pgsphere,1,2,5,0.008,0.011
designed,394,"1""",q3c,1,1,301,1.334,0.249
designed,394,"1""",skycell,1,1,4,0.019,0.009
designed,394,"1""",pgsphere,1,1,5,0.007,0.016
designed,253,"1""",pgsphere,1,0,4,0.007,0.02
designed,253,"1""",skycell,1,0,3,0.016,0.009
designed,253,"1""",q3c,1,0,300,1.566,0.326
designed,1043,1',q3c,1,0,300,1.312,0.251
designed,1043,1',skycell,1,0,4,0.025,0.017
designed,1043,1',pgsphere,1,0,4,0.009,0.02
designed,59,"1""",q3c,1,0,300,1.326,0.242
designed,59,"1""",pgsphere,1,0,4,0.015,0.02
designed,59,"1""",skycell,1,0,4,0.025,0.015
designed,549,"10""",skycell,1,0,3,0.016,0.007
designed,549,"10""",q3c,1,0,300,1.277,0.296
designed,549,"10""",pgsphere,1,0,7,0.009,0.02
designed,1266,6',q3c,4,21,301,1.25,0.228
designed,1266,6',pgsphere,8,21,12,0.008,0.039
designed,1266,6',skycell,28,21,17,0.033,0.021
designed,1192,6',skycell,5,137,15,0.013,0.087
designed,1192,6',pgsphere,8,137,26,0.009,0.07
designed,1192,6',q3c,2,137,305,1.444,0.244
designed,659,"10""",skycell,1,0,6,0.022,0.008
designed,659,"10""",q3c,1,0,300,1.34,0.213
designed,659,"10""",pgsphere,1,0,4,0.009,0.011
designed,1280,6',skycell,92,87,9,0.02,0.025
designed,1280,6',pgsphere,8,87,19,0.007,0.044
designed,1280,6',q3c,32,87,306,1.236,0.243
designed,1250,6',pgsphere,8,29,11,0.008,0.048
designed,1250,6',skycell,35,29,9,0.021,0.035
designed,1250,6',q3c,10,29,304,1.265,0.23
designed,594,"10""",q3c,1,1,301,1.219,0.219
designed,594,"10""",skycell,1,1,4,0.015,0.007
designed,594,"10""",pgsphere,1,1,5,0.007,0.01
designed,898,1',pgsphere,1,2,7,0.007,0.026
designed,898,1',q3c,1,2,301,1.205,0.206
designed,898,1',skycell,1,2,8,0.021,0.018
designed,536,"10""",skycell,1,1,4,0.014,0.006
designed,536,"10""",pgsphere,1,1,7,0.007,0.014
designed,536,"10""",q3c,1,1,301,1.283,0.235
designed,399,"1""",q3c,1,0,300,1.165,0.222
designed,399,"1""",skycell,1,0,3,0.015,0.009
designed,399,"1""",pgsphere,1,0,7,0.009,0.034
designed,1455,3deg,pgsphere,6852,2386,107,0.009,0.741
designed,1455,3deg,skycell,2964,2386,104,0.101,0.412
designed,1455,3deg,q3c,1304,2386,351,1.275,0.712
designed,947,1',pgsphere,1,0,6,0.009,0.024
designed,947,1',skycell,1,0,7,0.021,0.008
designed,947,1',q3c,1,0,300,1.256,0.207
designed,711,"10""",pgsphere,1,0,6,0.008,0.026
designed,711,"10""",q3c,1,0,300,1.145,0.2
designed,711,"10""",skycell,1,0,3,0.015,0.006
designed,989,1',pgsphere,1,0,4,0.007,0.014
designed,989,1',skycell,1,0,3,0.012,0.005
designed,989,1',q3c,1,0,300,1.152,0.209
designed,804,1',skycell,1,1,5,0.015,0.012
designed,804,1',q3c,1,1,301,1.311,0.206
designed,804,1',pgsphere,1,1,6,0.008,0.014
designed,562,"10""",pgsphere,1,1,5,0.007,0.02
designed,562,"10""",skycell,1,1,5,0.014,0.012
designed,562,"10""",q3c,1,1,301,1.225,0.23
designed,258,"1""",pgsphere,1,1,6,0.008,0.017
designed,258,"1""",q3c,1,1,301,1.216,0.203
designed,258,"1""",skycell,1,1,4,0.015,0.007
designed,222,"1""",skycell,1,1,4,0.012,0.011
designed,222,"1""",pgsphere,1,1,5,0.009,0.033
designed,222,"1""",q3c,1,1,301,1.222,0.236
designed,1261,6',pgsphere,8,99,18,0.009,0.081
designed,1261,6',q3c,60,99,304,1.7,0.341
designed,1261,6',skycell,76,99,17,0.077,0.088
designed,1421,1deg,skycell,351,233,19,0.042,0.107
designed,1421,1deg,q3c,171,233,308,1.635,0.403
designed,1421,1deg,pgsphere,762,233,42,0.018,0.18
designed,448,"10""",pgsphere,1,1,6,0.009,0.024
designed,448,"10""",q3c,1,1,301,1.255,0.222
designed,448,"10""",skycell,1,1,8,0.023,0.02
designed,82,"1""",q3c,1,1,301,1.276,0.208
designed,82,"1""",skycell,1,1,4,0.015,0.008
designed,82,"1""",pgsphere,1,1,7,0.007,0.024
designed,476,"10""",q3c,1,1,301,1.229,0.214
designed,476,"10""",pgsphere,1,1,6,0.009,0.033
designed,476,"10""",skycell,1,1,4,0.015,0.012
designed,1210,6',skycell,8,8,4,0.015,0.01
designed,1210,6',pgsphere,8,8,8,0.007,0.023
designed,1210,6',q3c,11,8,302,1.223,0.216
designed,1226,6',q3c,5,3,301,1.287,0.217
designed,1226,6',pgsphere,8,3,8,0.009,0.022
designed,1226,6',skycell,7,3,11,0.025,0.03
designed,668,"10""",pgsphere,1,1,8,0.007,0.02
designed,668,"10""",q3c,1,1,301,1.299,0.202
designed,668,"10""",skycell,1,1,4,0.014,0.006
designed,251,"1""",q3c,1,0,300,1.211,0.209
designed,251,"1""",skycell,1,0,3,0.015,0.009
designed,251,"1""",pgsphere,1,0,5,0.008,0.034
designed,709,"10""",skycell,1,0,4,0.015,0.007
designed,709,"10""",q3c,1,0,300,1.266,0.206
designed,709,"10""",pgsphere,1,0,4,0.015,0.012
designed,202,"1""",pgsphere,1,1,6,0.009,0.03
designed,202,"1""",skycell,1,1,4,0.015,0.017
designed,202,"1""",q3c,1,1,301,1.255,0.224
designed,430,"10""",skycell,1,1,4,0.02,0.015
designed,430,"10""",pgsphere,1,1,6,0.009,0.021
designed,430,"10""",q3c,1,1,301,1.224,0.215
designed,819,1',skycell,1,0,4,0.015,0.007
designed,819,1',q3c,1,0,300,1.222,0.198
designed,819,1',pgsphere,1,0,6,0.009,0.019
designed,307,"1""",pgsphere,1,0,6,0.008,0.017
designed,307,"1""",skycell,1,0,3,0.013,0.006
designed,307,"1""",q3c,1,0,300,1.265,0.228
designed,846,1',pgsphere,1,1,5,0.009,0.013
designed,846,1',skycell,1,1,4,0.014,0.006
designed,846,1',q3c,1,1,301,1.185,0.222
designed,525,"10""",pgsphere,1,0,4,0.009,0.018
designed,525,"10""",q3c,1,0,300,1.159,0.202
designed,525,"10""",skycell,1,0,4,0.016,0.007
designed,785,"10""",pgsphere,1,0,5,0.007,0.014
designed,785,"10""",q3c,1,0,300,1.132,0.212
designed,785,"10""",skycell,1,0,3,0.015,0.009
designed,860,1',pgsphere,1,1,7,0.009,0.017
designed,860,1',q3c,1,1,302,1.217,0.224
designed,860,1',skycell,1,1,4,0.015,0.014
designed,1030,1',skycell,1,1,4,0.014,0.007
designed,1030,1',pgsphere,1,1,5,0.007,0.016
designed,1030,1',q3c,1,1,301,1.223,0.205
designed,877,1',q3c,1,0,300,1.18,0.233
designed,877,1',skycell,1,0,3,0.014,0.006
designed,877,1',pgsphere,1,0,7,0.007,0.016
designed,640,"10""",skycell,1,1,4,0.012,0.007
designed,640,"10""",q3c,1,1,301,1.333,0.201
designed,640,"10""",pgsphere,1,1,6,0.009,0.016
designed,257,"1""",q3c,1,0,300,1.314,0.215
designed,257,"1""",skycell,1,0,3,0.015,0.009
designed,257,"1""",pgsphere,1,0,4,0.008,0.014
designed,987,1',pgsphere,1,0,4,0.008,0.015
designed,987,1',q3c,1,0,300,1.26,0.245
designed,987,1',skycell,1,0,7,0.021,0.012
designed,1064,1',skycell,3,6,8,0.021,0.012
designed,1064,1',q3c,1,6,301,1.153,0.215
designed,1064,1',pgsphere,1,6,7,0.009,0.015
designed,1409,1deg,pgsphere,762,297,49,0.009,0.21
designed,1409,1deg,skycell,284,297,31,0.047,0.079
designed,1409,1deg,q3c,171,297,308,1.356,0.286
designed,566,"10""",q3c,1,1,301,1.278,0.217
designed,566,"10""",pgsphere,1,1,6,0.009,0.023
designed,566,"10""",skycell,1,1,4,0.015,0.007
designed,1071,1',pgsphere,1,0,4,0.007,0.012
designed,1071,1',skycell,1,0,4,0.012,0.006
designed,1071,1',q3c,1,0,300,1.149,0.196
designed,1228,6',skycell,6,1616,45,0.02,0.292
designed,1228,6',q3c,2,1616,332,1.299,0.427
designed,1228,6',pgsphere,8,1616,142,0.009,0.32
designed,1354,30',q3c,138,136,304,1.151,0.256
designed,1354,30',skycell,181,136,14,0.026,0.059
designed,1354,30',pgsphere,190,136,25,0.008,0.101
designed,46,"1""",skycell,1,1,7,0.021,0.018
designed,46,"1""",pgsphere,1,1,7,0.008,0.022
designed,46,"1""",q3c,1,1,301,1.148,0.207
designed,1023,1',q3c,1,0,300,1.246,0.213
designed,1023,1',skycell,1,0,3,0.015,0.005
designed,1023,1',pgsphere,1,0,4,0.007,0.011
designed,1069,1',skycell,1,0,4,0.012,0.006
designed,1069,1',pgsphere,1,0,6,0.007,0.016
designed,1069,1',q3c,1,0,300,1.137,0.198
designed,848,1',pgsphere,1,1,6,0.008,0.015
designed,848,1',skycell,1,1,4,0.013,0.007
designed,848,1',q3c,1,1,301,1.112,0.2
designed,1304,30',pgsphere,190,1562,182,0.008,0.361
designed,1304,30',skycell,637,1562,66,0.061,0.246
designed,1304,30',q3c,158,1562,331,1.192,0.428
designed,1431,1deg,skycell,289,289,27,0.041,0.114
designed,1431,1deg,q3c,168,289,308,1.101,0.295
designed,1431,1deg,pgsphere,762,289,40,0.014,1.022
designed,651,"10""",pgsphere,1,0,4,0.009,0.012
designed,651,"10""",q3c,1,0,300,1.173,0.247
designed,651,"10""",skycell,1,0,6,0.045,0.02
designed,692,"10""",pgsphere,1,1,5,0.015,0.013
designed,692,"10""",q3c,1,1,301,1.326,0.22
designed,692,"10""",skycell,1,1,4,0.02,0.008
designed,19,"1""",skycell,1,0,3,0.022,0.01
designed,19,"1""",pgsphere,1,0,6,0.009,0.017
designed,19,"1""",q3c,1,0,300,1.207,0.265
designed,60,"1""",pgsphere,1,1,7,0.008,0.018
designed,60,"1""",q3c,1,1,301,1.255,0.208
designed,60,"1""",skycell,1,1,4,0.02,0.01
designed,696,"10""",pgsphere,1,1,5,0.007,0.013
designed,696,"10""",skycell,1,1,4,0.013,0.006
designed,696,"10""",q3c,1,1,301,1.297,0.21
designed,1434,1deg,skycell,625,277,36,0.06,0.118
designed,1434,1deg,pgsphere,762,277,43,0.011,0.163
designed,1434,1deg,q3c,155,277,311,1.125,0.311
designed,592,"10""",q3c,1,1,301,1.151,0.243
designed,592,"10""",pgsphere,1,1,8,0.013,0.025
designed,592,"10""",skycell,1,1,4,0.022,0.008
designed,1427,1deg,pgsphere,762,255,36,0.007,0.157
designed,1427,1deg,q3c,103,255,307,1.256,0.318
designed,1427,1deg,skycell,328,255,38,0.065,0.125
designed,239,"1""",q3c,1,0,300,1.248,0.255
designed,239,"1""",skycell,1,0,3,0.025,0.012
designed,239,"1""",pgsphere,1,0,6,0.012,0.026
designed,581,"10""",skycell,1,0,6,0.026,0.008
designed,581,"10""",pgsphere,1,0,5,0.007,0.015
designed,581,"10""",q3c,1,0,300,1.255,0.221
designed,911,1',q3c,1,0,300,1.248,0.23
designed,911,1',skycell,1,0,7,0.032,0.01
designed,911,1',pgsphere,1,0,6,0.007,0.017
designed,1185,6',pgsphere,8,1,5,0.007,0.014
designed,1185,6',skycell,10,1,4,0.02,0.008
designed,1185,6',q3c,3,1,302,1.135,0.205
designed,203,"1""",skycell,1,0,3,0.014,0.01
designed,203,"1""",pgsphere,1,0,4,0.008,0.015
designed,203,"1""",q3c,1,0,300,1.198,0.202
designed,1007,1',skycell,1,1,7,0.021,0.009
designed,1007,1',pgsphere,1,1,7,0.007,0.023
designed,1007,1',q3c,1,1,301,1.217,0.207
designed,67,"1""",q3c,1,0,300,1.329,0.237
designed,67,"1""",pgsphere,1,0,5,0.008,0.018
designed,67,"1""",skycell,1,0,3,0.015,0.011
designed,1218,6',q3c,2,4,301,1.199,0.223
designed,1218,6',pgsphere,8,4,7,0.014,0.028
designed,1218,6',skycell,4,4,8,0.026,0.018
designed,427,"10""",q3c,1,0,300,1.256,0.224
designed,427,"10""",skycell,1,0,6,0.021,0.013
designed,427,"10""",pgsphere,1,0,5,0.009,0.026
designed,732,"10""",pgsphere,1,1,9,0.008,0.023
designed,732,"10""",q3c,1,1,301,1.279,0.219
designed,732,"10""",skycell,1,1,7,0.02,0.008
designed,165,"1""",q3c,1,0,300,1.168,0.203
designed,165,"1""",skycell,1,0,3,0.015,0.009
designed,165,"1""",pgsphere,1,0,4,0.01,0.019
designed,553,"10""",pgsphere,1,0,4,0.009,0.013
designed,553,"10""",q3c,1,0,300,1.228,0.205
designed,553,"10""",skycell,1,0,7,0.021,0.009
designed,1313,30',pgsphere,190,51,15,0.007,0.039
designed,1313,30',skycell,72,51,13,0.026,0.023
designed,1313,30',q3c,21,51,306,1.257,0.219
designed,431,"10""",skycell,1,0,3,0.014,0.009
designed,431,"10""",q3c,1,0,300,1.187,0.217
designed,431,"10""",pgsphere,1,0,5,0.008,0.022
designed,1180,6',q3c,9,13,301,1.3,0.236
designed,1180,6',pgsphere,8,13,7,0.008,0.026
designed,1180,6',skycell,24,13,4,0.015,0.013
designed,1425,1deg,pgsphere,762,3145,282,0.009,1.061
designed,1425,1deg,q3c,229,3145,360,1.225,0.792
designed,1425,1deg,skycell,2450,3145,105,0.087,0.56
designed,637,"10""",pgsphere,1,1,7,0.009,0.016
designed,637,"10""",q3c,1,1,301,1.144,0.223
designed,637,"10""",skycell,1,1,4,0.02,0.007
designed,909,1',pgsphere,1,0,7,0.008,0.024
designed,909,1',skycell,1,0,4,0.014,0.005
designed,909,1',q3c,1,0,300,1.266,0.205
designed,432,"10""",q3c,1,1,301,1.158,0.234
designed,432,"10""",skycell,1,1,4,0.015,0.013
designed,432,"10""",pgsphere,1,1,5,0.009,0.021
designed,186,"1""",skycell,1,1,4,0.018,0.007
designed,186,"1""",q3c,1,1,301,1.198,0.217
designed,186,"1""",pgsphere,1,1,5,0.008,0.011
designed,941,1',q3c,1,0,300,1.254,0.204
designed,941,1',pgsphere,1,0,5,0.008,0.013
designed,941,1',skycell,1,0,3,0.015,0.005
designed,1327,30',pgsphere,190,72,16,0.007,0.077
designed,1327,30',q3c,36,72,304,1.251,0.24
designed,1327,30',skycell,97,72,19,0.036,0.085
designed,137,"1""",pgsphere,1,0,4,0.009,0.017
designed,137,"1""",skycell,1,0,3,0.02,0.009
designed,137,"1""",q3c,1,0,300,1.395,0.22
designed,1146,6',pgsphere,8,22,13,0.009,0.057
designed,1146,6',q3c,20,22,304,1.27,0.25
designed,1146,6',skycell,27,22,9,0.021,0.027
designed,1267,6',q3c,2,3,301,1.258,0.219
designed,1267,6',skycell,3,3,5,0.014,0.009
designed,1267,6',pgsphere,8,3,10,0.007,0.026
designed,617,"10""",skycell,1,0,3,0.019,0.006
designed,617,"10""",q3c,1,0,300,1.265,0.201
designed,617,"10""",pgsphere,1,0,4,0.008,0.02
designed,1361,30',q3c,34,67,304,1.181,0.25
designed,1361,30',skycell,71,67,18,0.037,0.097
designed,1361,30',pgsphere,190,67,14,0.016,0.044
designed,1311,30',q3c,30,63,303,1.251,0.231
designed,1311,30',skycell,71,63,12,0.027,0.035
designed,1311,30',pgsphere,190,63,14,0.007,0.077
designed,1316,30',pgsphere,190,397,58,0.007,0.24
designed,1316,30',skycell,179,397,21,0.024,0.131
designed,1316,30',q3c,154,397,314,1.212,0.329
designed,354,"1""",skycell,1,1,4,0.015,0.011
designed,354,"1""",pgsphere,1,1,7,0.008,0.026
designed,354,"1""",q3c,1,1,301,1.419,0.215
designed,243,"1""",pgsphere,1,0,4,0.008,0.016
designed,243,"1""",q3c,1,0,300,1.228,0.213
designed,243,"1""",skycell,1,0,3,0.015,0.009
designed,418,"10""",skycell,1,1,7,0.021,0.015
designed,418,"10""",q3c,1,1,301,1.248,0.221
designed,418,"10""",pgsphere,1,1,6,0.008,0.024
designed,638,"10""",skycell,1,1,4,0.015,0.007
designed,638,"10""",q3c,1,1,301,1.276,0.263
designed,638,"10""",pgsphere,1,1,5,0.008,0.012
designed,735,"10""",q3c,1,0,300,1.24,0.25
designed,735,"10""",skycell,1,0,3,0.015,0.005
designed,735,"10""",pgsphere,1,0,4,0.007,0.013
designed,1126,6',q3c,13,18,301,1.19,0.233
designed,1126,6',skycell,7,18,8,0.031,0.023
designed,1126,6',pgsphere,8,18,10,0.008,0.031
designed,768,"10""",pgsphere,1,1,6,0.007,0.014
designed,768,"10""",skycell,1,1,4,0.013,0.007
designed,768,"10""",q3c,1,1,301,1.166,0.211
designed,1441,3deg,q3c,1460,2336,345,1.24,0.73
designed,1441,3deg,skycell,2599,2336,82,0.081,0.471
designed,1441,3deg,pgsphere,6852,2336,98,0.009,0.752
designed,1349,30',skycell,137,216,26,0.036,0.066
designed,1349,30',pgsphere,190,216,44,0.008,0.089
designed,1349,30',q3c,300,216,308,1.266,0.26
designed,642,"10""",skycell,1,1,4,0.02,0.01
designed,642,"10""",pgsphere,1,1,5,0.007,0.012
designed,642,"10""",q3c,1,1,301,1.276,0.205
designed,244,"1""",pgsphere,1,1,7,0.008,0.023
designed,244,"1""",q3c,1,1,301,1.323,0.203
designed,244,"1""",skycell,1,1,4,0.015,0.006
designed,10,"1""",pgsphere,1,1,7,0.016,0.017
designed,10,"1""",q3c,1,1,301,1.137,0.203
designed,10,"1""",skycell,1,1,4,0.013,0.006
designed,731,"10""",skycell,1,0,6,0.018,0.008
designed,731,"10""",q3c,1,0,300,1.292,0.204
designed,731,"10""",pgsphere,1,0,5,0.008,0.018
designed,227,"1""",q3c,1,0,300,1.19,0.202
designed,227,"1""",pgsphere,1,0,4,0.008,0.015
designed,227,"1""",skycell,1,0,6,0.02,0.007
designed,51,"1""",q3c,1,0,300,1.277,0.213
designed,51,"1""",pgsphere,1,0,5,0.009,0.019
designed,51,"1""",skycell,1,0,3,0.015,0.005
designed,803,1',skycell,1,0,3,0.012,0.006
designed,803,1',pgsphere,1,0,4,0.007,0.014
designed,803,1',q3c,1,0,300,1.257,0.207
designed,454,"10""",pgsphere,1,1,5,0.008,0.02
designed,454,"10""",q3c,1,1,301,1.231,0.22
designed,454,"10""",skycell,1,1,4,0.015,0.013
designed,1245,6',pgsphere,8,1,10,0.008,0.028
designed,1245,6',q3c,2,1,301,1.148,0.221
designed,1245,6',skycell,3,1,8,0.029,0.021
designed,1099,1',skycell,1,1,4,0.014,0.007
designed,1099,1',pgsphere,1,1,7,0.007,0.018
designed,1099,1',q3c,1,1,301,1.1,0.203
designed,676,"10""",q3c,1,1,301,1.292,0.22
designed,676,"10""",skycell,1,1,7,0.021,0.013
designed,676,"10""",pgsphere,1,1,7,0.008,0.018
designed,770,"10""",q3c,1,3,301,1.293,0.206
designed,770,"10""",pgsphere,1,3,9,0.008,0.022
designed,770,"10""",skycell,1,3,17,0.019,0.191
designed,368,"1""",q3c,1,1,301,1.231,0.215
designed,368,"1""",pgsphere,1,1,6,0.009,0.026
designed,368,"1""",skycell,1,1,4,0.014,0.014
designed,299,"1""",q3c,1,0,300,1.36,0.227
designed,299,"1""",pgsphere,1,0,8,0.019,0.027
designed,299,"1""",skycell,1,0,3,0.016,0.006
designed,764,"10""",q3c,1,1,301,1.34,0.301
designed,764,"10""",pgsphere,1,1,6,0.015,0.025
designed,764,"10""",skycell,1,1,4,0.018,0.009
designed,1350,30',pgsphere,190,75,23,0.009,0.117
designed,1350,30',skycell,73,75,17,0.034,0.123
designed,1350,30',q3c,41,75,304,1.357,0.315
designed,831,1',skycell,1,1,4,0.029,0.013
designed,831,1',pgsphere,1,1,6,0.012,0.021
designed,831,1',q3c,1,1,301,1.363,0.235
designed,1211,6',skycell,3,0,8,0.033,0.02
designed,1211,6',pgsphere,8,0,6,0.01,0.024
designed,1211,6',q3c,1,0,301,1.345,0.239
designed,1264,6',pgsphere,8,74,21,0.018,0.122
designed,1264,6',q3c,21,74,303,1.584,0.314
designed,1264,6',skycell,48,74,7,0.054,0.065
designed,508,"10""",q3c,1,1,301,1.268,0.276
designed,508,"10""",skycell,1,1,4,0.035,0.029
designed,508,"10""",pgsphere,1,1,6,0.014,0.044
designed,854,1',q3c,1,2,301,1.287,0.267
designed,854,1',pgsphere,1,2,6,0.019,0.025
designed,854,1',skycell,1,2,4,0.021,0.01
designed,1154,6',pgsphere,8,45,10,0.008,0.044
designed,1154,6',skycell,23,45,9,0.039,0.051
designed,1154,6',q3c,11,45,302,1.279,0.262
designed,1215,6',skycell,3,1,5,0.017,0.011
designed,1215,6',pgsphere,8,1,6,0.007,0.016
designed,1215,6',q3c,1,1,301,1.261,0.208
designed,991,1',pgsphere,1,0,4,0.008,0.021
designed,991,1',q3c,1,0,300,1.178,0.228
designed,991,1',skycell,1,0,8,0.027,0.016
designed,367,"1""",q3c,1,0,300,1.189,0.224
designed,367,"1""",skycell,1,0,6,0.022,0.015
designed,367,"1""",pgsphere,1,0,5,0.009,0.023
designed,817,1',skycell,1,0,7,0.021,0.024
designed,817,1',q3c,1,0,300,1.298,0.23
designed,817,1',pgsphere,1,0,8,0.009,0.039
designed,822,1',skycell,1,199,34,0.022,0.2
designed,822,1',q3c,1,199,308,1.193,0.25
designed,822,1',pgsphere,1,199,33,0.009,0.118
designed,114,"1""",q3c,1,1,301,1.184,0.221
designed,114,"1""",skycell,1,1,4,0.016,0.012
designed,114,"1""",pgsphere,1,1,6,0.009,0.019
designed,1364,30',pgsphere,190,2512,231,0.009,0.566
designed,1364,30',q3c,609,2512,349,1.265,0.689
designed,1364,30',skycell,2049,2512,79,0.062,0.429
designed,1174,6',pgsphere,8,4,6,0.009,0.032
designed,1174,6',skycell,3,4,4,0.015,0.018
designed,1174,6',q3c,2,4,302,1.395,0.253
designed,1128,6',q3c,1,6,301,1.115,0.241
designed,1128,6',pgsphere,8,6,7,0.009,0.023
designed,1128,6',skycell,5,6,7,0.022,0.019
designed,41,"1""",skycell,1,0,3,0.014,0.006
designed,41,"1""",q3c,1,0,300,1.246,0.198
designed,41,"1""",pgsphere,1,0,9,0.009,0.024
designed,64,"1""",q3c,1,1,301,1.263,0.204
designed,64,"1""",skycell,1,1,4,0.015,0.007
designed,64,"1""",pgsphere,1,1,5,0.007,0.012
designed,1378,30',pgsphere,190,1356,166,0.007,0.566
designed,1378,30',q3c,136,1356,333,1.24,0.497
designed,1378,30',skycell,1164,1356,57,0.061,0.256
designed,337,"1""",skycell,1,0,3,0.015,0.007
designed,337,"1""",pgsphere,1,0,4,0.007,0.011
designed,337,"1""",q3c,1,0,300,1.225,0.22
designed,197,"1""",q3c,1,0,300,1.16,0.224
designed,197,"1""",pgsphere,1,0,5,0.009,0.017
designed,197,"1""",skycell,1,0,6,0.03,0.013
designed,1127,6',skycell,3,3,8,0.02,0.012
designed,1127,6',pgsphere,8,3,6,0.007,0.026
designed,1127,6',q3c,1,3,301,1.092,0.199
designed,1129,6',pgsphere,8,21,6,0.009,0.027
designed,1129,6',q3c,13,21,303,1.133,0.213
designed,1129,6',skycell,13,21,8,0.02,0.015
designed,401,"10""",skycell,1,0,3,0.013,0.005
designed,401,"10""",q3c,1,0,300,1.167,0.199
designed,401,"10""",pgsphere,1,0,4,0.009,0.018
designed,705,"10""",skycell,1,0,6,0.022,0.016
designed,705,"10""",pgsphere,1,0,5,0.008,0.023
designed,705,"10""",q3c,1,0,300,1.235,0.226
designed,188,"1""",skycell,1,1,4,0.014,0.012
designed,188,"1""",q3c,1,1,301,1.184,0.232
designed,188,"1""",pgsphere,1,1,10,0.009,0.035
designed,316,"1""",q3c,1,1,301,1.173,0.222
designed,316,"1""",pgsphere,1,1,6,0.009,0.02
designed,316,"1""",skycell,1,1,7,0.026,0.015
designed,195,"1""",skycell,1,0,3,0.014,0.009
designed,195,"1""",q3c,1,0,300,1.162,0.222
designed,195,"1""",pgsphere,1,0,4,0.009,0.014
designed,13,"1""",skycell,1,0,3,0.015,0.01
designed,13,"1""",pgsphere,1,0,6,0.007,0.024
designed,13,"1""",q3c,1,0,300,1.194,0.206
designed,452,"10""",skycell,1,1,4,0.015,0.013
designed,452,"10""",q3c,1,1,301,1.286,0.214
designed,452,"10""",pgsphere,1,1,7,0.009,0.03
designed,1346,30',pgsphere,190,553,66,0.009,0.163
designed,1346,30',skycell,717,553,42,0.056,0.111
designed,1346,30',q3c,718,553,315,1.198,0.323
designed,839,1',q3c,1,0,300,1.278,0.237
designed,839,1',pgsphere,1,0,6,0.008,0.028
designed,839,1',skycell,1,0,4,0.015,0.016
designed,187,"1""",q3c,1,0,300,1.305,0.208
designed,187,"1""",skycell,1,0,3,0.015,0.009
designed,187,"1""",pgsphere,1,0,4,0.009,0.014
designed,8,"1""",skycell,1,1,4,0.014,0.011
designed,8,"1""",q3c,1,1,301,1.161,0.223
designed,8,"1""",pgsphere,1,1,6,0.009,0.024
designed,340,"1""",pgsphere,1,1,7,0.009,0.028
designed,340,"1""",skycell,1,1,4,0.025,0.011
designed,340,"1""",q3c,1,1,301,1.301,0.218
designed,767,"10""",pgsphere,1,0,7,0.009,0.034
designed,767,"10""",skycell,1,0,4,0.015,0.017
designed,767,"10""",q3c,1,0,300,1.245,0.226
designed,899,1',q3c,1,0,300,1.22,0.217
designed,899,1',pgsphere,1,0,7,0.01,0.024
designed,899,1',skycell,1,0,4,0.022,0.007
designed,1329,30',pgsphere,190,81,15,0.007,0.033
designed,1329,30',q3c,29,81,304,1.237,0.216
designed,1329,30',skycell,83,81,18,0.031,0.029
designed,912,1',pgsphere,1,1,6,0.007,0.014
designed,912,1',q3c,1,1,301,1.254,0.214
designed,912,1',skycell,1,1,4,0.016,0.006
designed,1224,6',pgsphere,8,5,10,0.007,0.052
designed,1224,6',skycell,6,5,4,0.015,0.02
designed,1224,6',q3c,2,5,301,1.198,0.224
designed,577,"10""",q3c,1,0,300,1.244,0.229
designed,577,"10""",skycell,1,0,4,0.02,0.018
designed,577,"10""",pgsphere,1,0,4,0.009,0.022
designed,309,"1""",skycell,1,0,3,0.015,0.006
designed,309,"1""",pgsphere,1,0,4,0.007,0.01
designed,309,"1""",q3c,1,0,300,1.148,0.222
designed,904,1',q3c,1,2,302,1.163,0.228
designed,904,1',skycell,1,2,8,0.034,0.024
designed,904,1',pgsphere,1,2,7,0.012,0.02
designed,437,"10""",skycell,1,0,3,0.016,0.008
designed,437,"10""",pgsphere,1,0,5,0.008,0.014
designed,437,"10""",q3c,1,0,300,1.268,0.227
designed,1432,1deg,q3c,162,268,311,1.231,0.314
designed,1432,1deg,skycell,967,268,40,0.064,0.099
designed,1432,1deg,pgsphere,762,268,43,0.008,0.153
designed,4,"1""",pgsphere,1,1,6,0.008,0.022
designed,4,"1""",skycell,1,1,4,0.016,0.014
designed,4,"1""",q3c,1,1,301,1.12,0.25
designed,1271,6',skycell,22,14,9,0.022,0.016
designed,1271,6',pgsphere,8,14,11,0.008,0.037
designed,1271,6',q3c,3,14,302,1.174,0.224
designed,167,"1""",pgsphere,1,0,7,0.009,0.031
designed,167,"1""",skycell,1,0,3,0.021,0.006
designed,167,"1""",q3c,1,0,300,1.144,0.208
designed,274,"1""",pgsphere,1,1,5,0.009,0.022
designed,274,"1""",skycell,1,1,4,0.015,0.017
designed,274,"1""",q3c,1,1,301,1.311,0.233
designed,279,"1""",skycell,1,0,6,0.027,0.013
designed,279,"1""",q3c,1,0,300,1.206,0.218
designed,279,"1""",pgsphere,1,0,5,0.009,0.017
designed,894,1',skycell,1,2,4,0.022,0.01
designed,894,1',q3c,1,2,301,1.155,0.205
designed,894,1',pgsphere,1,2,7,0.009,0.017
designed,872,1',q3c,1,3,301,1.124,0.227
designed,872,1',pgsphere,1,3,8,0.009,0.071
designed,872,1',skycell,1,3,10,0.022,0.043
designed,1006,1',q3c,1,3,301,1.169,0.213
designed,1006,1',pgsphere,1,3,6,0.009,0.014
designed,1006,1',skycell,2,3,4,0.014,0.016
designed,459,"10""",q3c,1,0,300,1.299,0.203
designed,459,"10""",skycell,1,0,6,0.021,0.007
designed,459,"10""",pgsphere,1,0,4,0.007,0.012
designed,321,"1""",skycell,1,0,3,0.019,0.009
designed,321,"1""",pgsphere,1,0,4,0.009,0.015
designed,321,"1""",q3c,1,0,300,1.23,0.22
designed,789,"10""",pgsphere,1,0,6,0.009,0.032
designed,789,"10""",skycell,1,0,3,0.015,0.008
designed,789,"10""",q3c,1,0,300,1.109,0.214
designed,1382,30',q3c,68,75,306,1.219,0.24
designed,1382,30',pgsphere,190,75,21,0.008,0.042
designed,1382,30',skycell,70,75,23,0.042,0.037
designed,1075,1',q3c,1,0,300,1.282,0.201
designed,1075,1',pgsphere,1,0,8,0.009,0.043
designed,1075,1',skycell,1,0,5,0.015,0.008
designed,1015,1',pgsphere,1,0,6,0.007,0.017
designed,1015,1',q3c,1,0,300,1.209,0.218
designed,1015,1',skycell,1,0,4,0.02,0.007
designed,144,"1""",skycell,1,1,7,0.019,0.016
designed,144,"1""",q3c,1,1,301,1.216,0.221
designed,144,"1""",pgsphere,1,1,9,0.009,0.034
designed,1362,30',q3c,25,61,306,1.206,0.237
designed,1362,30',pgsphere,190,61,12,0.009,0.042
designed,1362,30',skycell,67,61,13,0.026,0.032
designed,380,"1""",q3c,1,1,301,1.161,0.233
designed,380,"1""",skycell,1,1,4,0.015,0.016
designed,380,"1""",pgsphere,1,1,7,0.009,0.027
designed,598,"10""",pgsphere,1,1,6,0.009,0.041
designed,598,"10""",q3c,1,1,301,1.269,0.232
designed,598,"10""",skycell,1,1,4,0.019,0.016
designed,1297,6',pgsphere,8,1,9,0.009,0.024
designed,1297,6',q3c,2,1,301,1.257,0.206
designed,1297,6',skycell,3,1,4,0.014,0.009
designed,503,"10""",q3c,1,0,300,1.251,0.199
designed,503,"10""",pgsphere,1,0,5,0.009,0.027
designed,503,"10""",skycell,1,0,4,0.015,0.014
designed,722,"10""",skycell,1,1,4,0.014,0.012
designed,722,"10""",pgsphere,1,1,7,0.008,0.027
designed,722,"10""",q3c,1,1,301,1.319,0.221
designed,1437,1deg,pgsphere,762,298,41,0.008,0.152
designed,1437,1deg,q3c,101,298,309,1.253,0.294
designed,1437,1deg,skycell,279,298,27,0.041,0.109
designed,52,"1""",skycell,1,1,4,0.014,0.013
designed,52,"1""",q3c,1,1,301,1.35,0.216
designed,52,"1""",pgsphere,1,1,6,0.009,0.023
designed,242,"1""",q3c,1,1,301,1.139,0.204
designed,242,"1""",pgsphere,1,1,6,0.008,0.014
designed,242,"1""",skycell,1,1,4,0.013,0.006
designed,433,"10""",q3c,1,0,300,1.252,0.203
designed,433,"10""",skycell,1,0,3,0.014,0.005
designed,433,"10""",pgsphere,1,0,4,0.007,0.01
designed,152,"1""",skycell,1,1,4,0.013,0.015
designed,152,"1""",pgsphere,1,1,7,0.007,0.025
designed,152,"1""",q3c,1,1,301,1.234,0.221
designed,905,1',pgsphere,1,0,6,0.009,0.025
designed,905,1',skycell,1,0,3,0.027,0.009
designed,905,1',q3c,1,0,300,1.857,0.264
designed,1114,6',skycell,147,123,25,0.061,0.075
designed,1114,6',q3c,2,123,307,1.419,0.3
designed,1114,6',pgsphere,8,123,26,0.01,0.067
designed,1240,6',skycell,39,40,9,0.022,0.043
designed,1240,6',pgsphere,8,40,12,0.009,0.078
designed,1240,6',q3c,14,40,303,1.304,0.244
designed,1217,6',skycell,3,2,4,0.015,0.01
designed,1217,6',q3c,1,2,301,1.283,0.205
designed,1217,6',pgsphere,8,2,6,0.009,0.014
designed,1296,6',pgsphere,8,5,10,0.007,0.053
designed,1296,6',q3c,2,5,302,1.209,0.224
designed,1296,6',skycell,8,5,5,0.016,0.021
designed,249,"1""",pgsphere,1,0,7,0.009,0.025
designed,249,"1""",q3c,1,0,300,1.181,0.213
designed,249,"1""",skycell,1,0,3,0.015,0.01
designed,1202,6',q3c,3,6,302,1.226,0.227
designed,1202,6',skycell,6,6,4,0.032,0.017
designed,1202,6',pgsphere,8,6,5,0.009,0.034
designed,346,"1""",q3c,1,1,301,1.131,0.217
designed,346,"1""",skycell,1,1,4,0.015,0.009
designed,346,"1""",pgsphere,1,1,6,0.014,0.019
designed,1070,1',skycell,2,4,4,0.016,0.01
designed,1070,1',q3c,1,4,301,1.423,0.218
designed,1070,1',pgsphere,1,4,7,0.009,0.029
designed,790,"10""",q3c,1,1,301,1.174,0.218
designed,790,"10""",pgsphere,1,1,5,0.009,0.026
designed,790,"10""",skycell,1,1,4,0.015,0.015
designed,472,"10""",pgsphere,1,1,6,0.008,0.023
designed,472,"10""",skycell,1,1,4,0.015,0.01
designed,472,"10""",q3c,1,1,301,1.309,0.215
designed,777,"10""",skycell,1,0,3,0.014,0.01
designed,777,"10""",q3c,1,0,300,1.293,0.212
designed,777,"10""",pgsphere,1,0,4,0.009,0.018
designed,278,"1""",pgsphere,1,1,6,0.008,0.024
designed,278,"1""",skycell,1,1,4,0.015,0.012
designed,278,"1""",q3c,1,1,301,1.149,0.225
designed,470,"10""",skycell,1,1,7,0.026,0.009
designed,470,"10""",pgsphere,1,1,6,0.007,0.019
designed,470,"10""",q3c,1,1,301,1.265,0.214
gaia,507,"10""",skycell,1,0,6,0.042,0.013
gaia,507,"10""",q3c,1,0,300,1.171,0.575
gaia,507,"10""",pgsphere,1,0,5,0.01,0.017
gaia,311,"1""",skycell,1,0,3,0.026,0.007
gaia,311,"1""",pgsphere,1,0,4,0.007,0.014
gaia,311,"1""",q3c,1,0,300,1.108,0.198
gaia,630,"10""",q3c,1,1,301,1.091,0.216
gaia,630,"10""",skycell,1,1,4,0.015,0.008
gaia,630,"10""",pgsphere,1,1,8,0.007,0.02
gaia,442,"10""",q3c,1,1,301,1.113,0.197
gaia,442,"10""",skycell,1,1,7,0.02,0.01
gaia,442,"10""",pgsphere,1,1,8,0.007,0.02
gaia,47,"1""",q3c,1,0,300,1.134,0.196
gaia,47,"1""",pgsphere,1,0,4,0.009,0.011
gaia,47,"1""",skycell,1,0,3,0.016,0.004
gaia,1003,1',q3c,1,0,300,1.155,0.197
gaia,1003,1',skycell,1,0,4,0.013,0.006
gaia,1003,1',pgsphere,1,0,4,0.006,0.009
gaia,946,1',pgsphere,1,5,6,0.006,0.013
gaia,946,1',skycell,2,5,8,0.018,0.019
gaia,946,1',q3c,1,5,301,1.189,0.202
gaia,691,"10""",pgsphere,1,0,9,0.007,0.023
gaia,691,"10""",q3c,1,0,300,1.17,0.193
gaia,691,"10""",skycell,1,0,3,0.014,0.006
gaia,408,"10""",pgsphere,1,1,8,0.008,0.022
gaia,408,"10""",skycell,1,1,4,0.012,0.006
gaia,408,"10""",q3c,1,1,301,1.148,0.202
gaia,1370,30',skycell,917,659,45,0.056,0.094
gaia,1370,30',q3c,521,659,318,1.136,0.303
gaia,1370,30',pgsphere,190,659,125,0.007,0.196
gaia,802,1',skycell,1,1,4,0.014,0.007
gaia,802,1',pgsphere,1,1,6,0.006,0.014
gaia,802,1',q3c,1,1,301,1.251,0.2
gaia,1341,30',pgsphere,190,13,11,0.007,0.028
gaia,1341,30',q3c,19,13,303,1.254,0.206
gaia,1341,30',skycell,14,13,8,0.019,0.014
gaia,415,"10""",pgsphere,1,0,4,0.006,0.01
gaia,415,"10""",q3c,1,0,300,1.265,0.198
gaia,415,"10""",skycell,1,0,3,0.014,0.005
gaia,153,"1""",q3c,1,0,300,1.232,0.201
gaia,153,"1""",skycell,1,0,3,0.013,0.005
gaia,153,"1""",pgsphere,1,0,5,0.006,0.012
gaia,315,"1""",q3c,1,0,300,1.104,0.205
gaia,315,"1""",skycell,1,0,3,0.013,0.005
gaia,315,"1""",pgsphere,1,0,4,0.006,0.017
gaia,382,"1""",q3c,1,1,301,1.096,0.202
gaia,382,"1""",skycell,1,1,4,0.013,0.007
gaia,382,"1""",pgsphere,1,1,6,0.006,0.012
gaia,966,1',q3c,1,1,301,1.176,0.201
gaia,966,1',pgsphere,1,1,5,0.007,0.011
gaia,966,1',skycell,1,1,4,0.012,0.005
gaia,658,"10""",pgsphere,1,1,10,0.006,0.029
gaia,658,"10""",q3c,1,1,301,1.119,0.203
gaia,658,"10""",skycell,1,1,4,0.014,0.006
gaia,672,"10""",q3c,1,1,301,1.239,0.208
gaia,672,"10""",skycell,1,1,4,0.013,0.006
gaia,672,"10""",pgsphere,1,1,6,0.006,0.011
gaia,1385,30',pgsphere,190,27,7,0.006,0.017
gaia,1385,30',skycell,23,27,5,0.012,0.012
gaia,1385,30',q3c,18,27,303,1.07,0.216
gaia,205,"1""",pgsphere,1,0,4,0.007,0.011
gaia,205,"1""",q3c,1,0,300,1.105,0.204
gaia,205,"1""",skycell,1,0,3,0.014,0.005
gaia,797,"10""",skycell,1,0,3,0.011,0.004
gaia,797,"10""",pgsphere,1,0,6,0.006,0.015
gaia,797,"10""",q3c,1,0,300,1.169,0.208
gaia,1417,1deg,skycell,3250,3557,111,0.08,0.534
gaia,1417,1deg,q3c,589,3557,368,1.195,0.899
gaia,1417,1deg,pgsphere,762,3557,345,0.008,1.06
gaia,260,"1""",skycell,1,1,4,0.019,0.013
gaia,260,"1""",pgsphere,1,1,6,0.006,0.018
gaia,260,"1""",q3c,1,1,301,1.144,0.209
gaia,671,"10""",skycell,1,0,3,0.013,0.004
gaia,671,"10""",q3c,1,0,300,1.198,0.2
gaia,671,"10""",pgsphere,1,0,7,0.008,0.016
gaia,270,"1""",skycell,1,1,7,0.018,0.014
gaia,270,"1""",pgsphere,1,1,8,0.006,0.025
gaia,270,"1""",q3c,1,1,301,1.166,0.206
gaia,15,"1""",q3c,1,0,300,1.164,0.232
gaia,15,"1""",pgsphere,1,0,4,0.008,0.014
gaia,15,"1""",skycell,1,0,3,0.013,0.007
gaia,999,1',pgsphere,1,0,6,0.008,0.014
gaia,999,1',q3c,1,0,300,1.149,0.199
gaia,999,1',skycell,1,0,7,0.019,0.007
gaia,513,"10""",pgsphere,1,0,4,0.006,0.01
gaia,513,"10""",skycell,1,0,3,0.012,0.005
gaia,513,"10""",q3c,1,0,300,1.107,0.214
gaia,927,1',q3c,1,0,300,1.255,0.208
gaia,927,1',skycell,1,0,3,0.014,0.006
gaia,927,1',pgsphere,1,0,5,0.006,0.014
gaia,568,"10""",pgsphere,1,1,6,0.006,0.014
gaia,568,"10""",skycell,1,1,4,0.012,0.005
gaia,568,"10""",q3c,1,1,301,1.221,0.195
gaia,94,"1""",pgsphere,1,1,8,0.007,0.03
gaia,94,"1""",skycell,1,1,4,0.012,0.011
gaia,94,"1""",q3c,1,1,301,1.093,0.213
gaia,952,1',q3c,1,2,301,1.12,0.23
gaia,952,1',pgsphere,1,2,8,0.007,0.019
gaia,952,1',skycell,3,2,4,0.013,0.007
gaia,229,"1""",skycell,1,0,3,0.012,0.005
gaia,229,"1""",q3c,1,0,300,1.187,0.203
gaia,229,"1""",pgsphere,1,0,7,0.007,0.021
gaia,288,"1""",skycell,1,1,4,0.012,0.006
gaia,288,"1""",q3c,1,1,301,1.165,0.207
gaia,288,"1""",pgsphere,1,1,6,0.007,0.021
gaia,885,1',skycell,1,0,4,0.016,0.008
gaia,885,1',pgsphere,1,0,4,0.023,0.017
gaia,885,1',q3c,1,0,300,1.11,0.205
gaia,800,"10""",pgsphere,1,1,7,0.007,0.017
gaia,800,"10""",q3c,1,1,301,1.072,0.202
gaia,800,"10""",skycell,1,1,4,0.013,0.006
gaia,116,"1""",pgsphere,1,1,5,0.011,0.011
gaia,116,"1""",skycell,1,1,4,0.011,0.005
gaia,116,"1""",q3c,1,1,301,1.11,0.207
gaia,1239,6',q3c,1,1,301,1.24,0.21
gaia,1239,6',pgsphere,8,1,6,0.007,0.014
gaia,1239,6',skycell,2,1,4,0.012,0.007
gaia,150,"1""",pgsphere,1,1,6,0.006,0.016
gaia,150,"1""",q3c,1,1,301,1.103,0.255
gaia,150,"1""",skycell,1,1,4,0.014,0.025
gaia,189,"1""",skycell,1,0,3,0.018,0.007
gaia,189,"1""",q3c,1,0,300,1.667,0.271
gaia,189,"1""",pgsphere,1,0,7,0.008,0.021
gaia,1423,1deg,skycell,901,868,41,0.051,0.212
gaia,1423,1deg,q3c,339,868,319,1.233,0.491
gaia,1423,1deg,pgsphere,762,868,122,0.008,0.488
gaia,385,"1""",pgsphere,1,0,4,0.008,0.012
gaia,385,"1""",q3c,1,0,300,1.153,0.217
gaia,385,"1""",skycell,1,0,3,0.013,0.005
gaia,444,"10""",pgsphere,1,1,6,0.006,0.015
gaia,444,"10""",q3c,1,1,301,1.163,0.204
gaia,444,"10""",skycell,1,1,7,0.019,0.007
gaia,755,"10""",skycell,1,0,3,0.012,0.005
gaia,755,"10""",pgsphere,1,0,4,0.006,0.01
gaia,755,"10""",q3c,1,0,300,1.21,0.2
gaia,518,"10""",q3c,1,1,301,1.088,0.214
gaia,518,"10""",skycell,1,1,4,0.013,0.007
gaia,518,"10""",pgsphere,1,1,5,0.006,0.011
gaia,175,"1""",q3c,1,0,300,1.059,0.19
gaia,175,"1""",pgsphere,1,0,6,0.007,0.016
gaia,175,"1""",skycell,1,0,3,0.012,0.004
gaia,259,"1""",pgsphere,1,0,4,0.006,0.01
gaia,259,"1""",skycell,1,0,6,0.017,0.006
gaia,259,"1""",q3c,1,0,300,1.08,0.201
gaia,1036,1',q3c,1,1,301,1.16,0.21
gaia,1036,1',skycell,1,1,7,0.019,0.009
gaia,1036,1',pgsphere,1,1,5,0.006,0.013
gaia,134,"1""",pgsphere,1,1,7,0.006,0.015
gaia,134,"1""",skycell,1,1,4,0.012,0.009
gaia,134,"1""",q3c,1,1,301,1.146,0.207
gaia,201,"1""",q3c,1,0,300,1.179,0.209
gaia,201,"1""",skycell,1,0,3,0.014,0.005
gaia,201,"1""",pgsphere,1,0,5,0.006,0.011
gaia,1407,1deg,q3c,57,57,302,1.066,0.214
gaia,1407,1deg,skycell,98,57,18,0.028,0.026
gaia,1407,1deg,pgsphere,762,57,14,0.006,0.035
gaia,903,1',q3c,1,0,300,1.111,0.195
gaia,903,1',skycell,1,0,4,0.013,0.006
gaia,903,1',pgsphere,1,0,6,0.006,0.015
gaia,606,"10""",q3c,1,1,301,1.266,0.204
gaia,606,"10""",pgsphere,1,1,6,0.007,0.014
gaia,606,"10""",skycell,1,1,4,0.012,0.012
gaia,1055,1',pgsphere,1,0,4,0.006,0.009
gaia,1055,1',skycell,1,0,4,0.011,0.003
gaia,1055,1',q3c,1,0,300,1.205,0.2
gaia,521,"10""",q3c,1,0,300,1.24,0.216
gaia,521,"10""",skycell,1,0,4,0.014,0.006
gaia,521,"10""",pgsphere,1,0,7,0.007,0.018
gaia,1160,6',q3c,34,69,303,1.187,0.214
gaia,1160,6',pgsphere,8,69,20,0.007,0.043
gaia,1160,6',skycell,67,69,17,0.028,0.026
gaia,18,"1""",pgsphere,1,1,9,0.006,0.034
gaia,18,"1""",q3c,1,1,301,1.208,0.201
gaia,18,"1""",skycell,1,1,4,0.013,0.006
gaia,1453,3deg,skycell,473,479,16,0.018,0.087
gaia,1453,3deg,pgsphere,6852,479,27,0.008,0.168
gaia,1453,3deg,q3c,199,479,315,1.132,0.353
gaia,372,"1""",pgsphere,1,1,5,0.008,0.012
gaia,372,"1""",q3c,1,1,301,1.178,0.197
gaia,372,"1""",skycell,1,1,4,0.013,0.009
gaia,1402,1deg,q3c,81,928,323,1.192,0.374
gaia,1402,1deg,skycell,1182,928,55,0.066,0.146
gaia,1402,1deg,pgsphere,762,928,97,0.007,0.206
gaia,645,"10""",skycell,1,0,3,0.013,0.005
gaia,645,"10""",pgsphere,1,0,4,0.006,0.018
gaia,645,"10""",q3c,1,0,300,1.208,0.205
gaia,1358,30',pgsphere,190,72,23,0.008,0.039
gaia,1358,30',skycell,136,72,16,0.028,0.023
gaia,1358,30',q3c,150,72,305,1.204,0.232
gaia,656,"10""",q3c,1,1,301,1.066,0.212
gaia,656,"10""",skycell,1,1,4,0.014,0.007
gaia,656,"10""",pgsphere,1,1,6,0.006,0.013
gaia,1089,1',pgsphere,1,0,5,0.008,0.014
gaia,1089,1',skycell,1,0,4,0.016,0.007
gaia,1089,1',q3c,1,0,300,1.311,0.207
gaia,105,"1""",skycell,1,0,3,0.013,0.005
gaia,105,"1""",q3c,1,0,300,1.209,0.201
gaia,105,"1""",pgsphere,1,0,4,0.008,0.011
gaia,812,1',q3c,1,1,301,1.254,0.205
gaia,812,1',skycell,1,1,9,0.019,0.01
gaia,812,1',pgsphere,1,1,5,0.006,0.018
gaia,673,"10""",skycell,1,0,3,0.012,0.004
gaia,673,"10""",q3c,1,0,300,1.112,0.202
gaia,673,"10""",pgsphere,1,0,6,0.007,0.013
gaia,162,"1""",q3c,1,1,301,1.148,0.21
gaia,162,"1""",pgsphere,1,1,6,0.007,0.012
gaia,162,"1""",skycell,1,1,4,0.012,0.012
gaia,884,1',pgsphere,1,1,5,0.006,0.01
gaia,884,1',q3c,1,1,301,1.255,0.201
gaia,884,1',skycell,1,1,4,0.013,0.006
gaia,939,1',pgsphere,1,0,4,0.006,0.01
gaia,939,1',skycell,1,0,4,0.012,0.005
gaia,939,1',q3c,1,0,300,1.164,0.201
gaia,888,1',pgsphere,1,1,9,0.007,0.023
gaia,888,1',skycell,1,1,4,0.012,0.006
gaia,888,1',q3c,1,1,301,1.2,0.208
gaia,398,"1""",skycell,1,1,4,0.013,0.007
gaia,398,"1""",q3c,1,1,301,1.158,0.202
gaia,398,"1""",pgsphere,1,1,6,0.007,0.012
gaia,1112,6',skycell,10,13,4,0.012,0.018
gaia,1112,6',q3c,10,13,303,1.247,0.215
gaia,1112,6',pgsphere,8,13,8,0.007,0.023
gaia,682,"10""",q3c,1,1,301,1.207,0.198
gaia,682,"10""",skycell,1,1,4,0.012,0.014
gaia,682,"10""",pgsphere,1,1,11,0.006,0.026
gaia,530,"10""",skycell,1,1,4,0.012,0.005
gaia,530,"10""",q3c,1,1,301,1.205,0.201
gaia,530,"10""",pgsphere,1,1,5,0.007,0.011
gaia,973,1',skycell,1,0,4,0.012,0.013
gaia,973,1',pgsphere,1,0,4,0.006,0.011
gaia,973,1',q3c,1,0,300,1.16,0.212
gaia,465,"10""",skycell,1,0,6,0.019,0.007
gaia,465,"10""",q3c,1,0,300,1.149,0.208
gaia,465,"10""",pgsphere,1,0,8,0.007,0.021
gaia,366,"1""",q3c,1,1,301,1.215,0.208
gaia,366,"1""",pgsphere,1,1,5,0.007,0.011
gaia,366,"1""",skycell,1,1,4,0.021,0.007
gaia,493,"10""",q3c,1,0,300,1.063,0.206
gaia,493,"10""",pgsphere,1,0,5,0.007,0.013
gaia,493,"10""",skycell,1,0,7,0.019,0.007
gaia,194,"1""",pgsphere,1,1,6,0.006,0.02
gaia,194,"1""",skycell,1,1,4,0.014,0.007
gaia,194,"1""",q3c,1,1,301,1.078,0.219
gaia,1325,30',q3c,85,135,310,1.081,0.241
gaia,1325,30',skycell,135,135,13,0.025,0.032
gaia,1325,30',pgsphere,190,135,24,0.006,0.05
gaia,1237,6',pgsphere,8,15,11,0.006,0.026
gaia,1237,6',q3c,4,15,301,1.169,0.205
gaia,1237,6',skycell,10,15,8,0.02,0.011
gaia,641,"10""",q3c,1,0,300,1.215,0.205
gaia,641,"10""",skycell,1,0,3,0.013,0.004
gaia,641,"10""",pgsphere,1,0,6,0.006,0.014
gaia,384,"1""",skycell,1,1,7,0.017,0.009
gaia,384,"1""",q3c,1,1,301,1.198,0.205
gaia,384,"1""",pgsphere,1,1,6,0.007,0.02
gaia,557,"10""",skycell,1,0,3,0.012,0.004
gaia,557,"10""",q3c,1,0,300,1.184,0.199
gaia,557,"10""",pgsphere,1,0,4,0.015,0.015
gaia,1163,6',pgsphere,8,1,5,0.01,0.016
gaia,1163,6',q3c,1,1,301,1.531,0.229
gaia,1163,6',skycell,1,1,4,0.014,0.007
gaia,993,1',skycell,1,0,4,0.011,0.006
gaia,993,1',pgsphere,1,0,7,0.006,0.019
gaia,993,1',q3c,1,0,300,1.329,0.207
gaia,1232,6',skycell,3,4,8,0.019,0.01
gaia,1232,6',q3c,7,4,301,1.232,0.203
gaia,1232,6',pgsphere,8,4,10,0.008,0.033
gaia,80,"1""",pgsphere,1,1,5,0.008,0.012
gaia,80,"1""",skycell,1,1,4,0.012,0.005
gaia,80,"1""",q3c,1,1,301,1.115,0.208
gaia,1380,30',pgsphere,190,1258,202,0.007,0.326
gaia,1380,30',q3c,821,1258,325,1.147,0.417
gaia,1380,30',skycell,1236,1258,49,0.058,0.216
gaia,917,1',pgsphere,1,0,5,0.008,0.014
gaia,917,1',skycell,1,0,4,0.012,0.005
gaia,917,1',q3c,1,0,300,1.151,0.201
gaia,981,1',q3c,1,0,300,2.338,0.486
gaia,981,1',skycell,1,0,4,0.033,0.016
gaia,981,1',pgsphere,1,0,4,0.015,0.02
gaia,1259,6',pgsphere,8,1,7,0.021,0.033
gaia,1259,6',q3c,1,1,301,1.282,0.211
gaia,1259,6',skycell,1,1,4,0.014,0.007
gaia,573,"10""",pgsphere,1,0,4,0.006,0.011
gaia,573,"10""",q3c,1,0,300,1.31,0.203
gaia,573,"10""",skycell,1,0,4,0.014,0.006
gaia,118,"1""",q3c,1,1,301,1.132,0.209
gaia,118,"1""",pgsphere,1,1,5,0.007,0.016
gaia,118,"1""",skycell,1,1,4,0.013,0.006
gaia,419,"10""",pgsphere,1,0,7,0.006,0.017
gaia,419,"10""",skycell,1,0,3,0.011,0.005
gaia,419,"10""",q3c,1,0,300,1.19,0.203
gaia,1042,1',q3c,1,3,301,1.158,0.218
gaia,1042,1',pgsphere,1,3,7,0.007,0.018
gaia,1042,1',skycell,1,3,4,0.013,0.008
gaia,1442,3deg,skycell,1287,831,51,0.06,0.202
gaia,1442,3deg,pgsphere,6852,831,52,0.008,0.318
gaia,1442,3deg,q3c,451,831,317,1.22,0.425
gaia,1257,6',pgsphere,8,2,7,0.008,0.015
gaia,1257,6',skycell,1,2,8,0.018,0.009
gaia,1257,6',q3c,1,2,301,1.164,0.228
gaia,1222,6',q3c,7,15,302,1.154,0.217
gaia,1222,6',pgsphere,8,15,20,0.007,0.04
gaia,1222,6',skycell,19,15,16,0.028,0.017
gaia,1395,30',pgsphere,190,56,18,0.006,0.038
gaia,1395,30',skycell,106,56,6,0.014,0.02
gaia,1395,30',q3c,25,56,303,1.252,0.29
gaia,434,"10""",skycell,1,2,4,0.024,0.013
gaia,434,"10""",pgsphere,1,2,5,0.013,0.015
gaia,434,"10""",q3c,1,2,301,1.747,0.24
gaia,1309,30',skycell,35,57,6,0.016,0.022
gaia,1309,30',q3c,21,57,303,1.286,0.227
gaia,1309,30',pgsphere,190,57,13,0.009,0.029
gaia,953,1',q3c,1,0,300,1.299,0.207
gaia,953,1',skycell,1,0,7,0.021,0.01
gaia,953,1',pgsphere,1,0,9,0.007,0.023
gaia,1152,6',q3c,18,37,304,1.116,0.235
gaia,1152,6',skycell,40,37,16,0.029,0.023
gaia,1152,6',pgsphere,8,37,13,0.007,0.029
gaia,1292,6',pgsphere,8,61,23,0.006,0.04
gaia,1292,6',skycell,48,61,17,0.027,0.024
gaia,1292,6',q3c,28,61,305,1.216,0.217
gaia,101,"1""",q3c,1,0,300,1.162,0.207
gaia,101,"1""",skycell,1,0,3,0.015,0.013
gaia,101,"1""",pgsphere,1,0,4,0.007,0.021
gaia,544,"10""",skycell,1,1,7,0.019,0.01
gaia,544,"10""",q3c,1,1,301,1.185,0.204
gaia,544,"10""",pgsphere,1,1,7,0.008,0.019
gaia,690,"10""",skycell,1,1,4,0.014,0.006
gaia,690,"10""",q3c,1,1,301,1.316,0.205
gaia,690,"10""",pgsphere,1,1,6,0.008,0.016
gaia,1353,30',q3c,24,14,302,1.255,0.208
gaia,1353,30',skycell,18,14,11,0.026,0.015
gaia,1353,30',pgsphere,190,14,11,0.007,0.021
gaia,971,1',skycell,1,0,8,0.019,0.009
gaia,971,1',pgsphere,1,0,9,0.007,0.025
gaia,971,1',q3c,1,0,300,1.246,0.193
gaia,1339,30',q3c,56,93,302,1.315,0.224
gaia,1339,30',skycell,137,93,16,0.031,0.027
gaia,1339,30',pgsphere,190,93,17,0.007,0.039
gaia,643,"10""",q3c,1,0,300,1.276,0.188
gaia,643,"10""",pgsphere,1,0,4,0.008,0.011
gaia,643,"10""",skycell,1,0,3,0.018,0.005
gaia,230,"1""",skycell,1,1,4,0.013,0.015
gaia,230,"1""",pgsphere,1,1,6,0.009,0.017
gaia,230,"1""",q3c,1,1,301,1.208,0.21
gaia,663,"10""",skycell,1,0,3,0.015,0.006
gaia,663,"10""",pgsphere,1,0,6,0.007,0.015
gaia,663,"10""",q3c,1,0,300,1.152,0.201
gaia,628,"10""",skycell,1,1,4,0.014,0.007
gaia,628,"10""",pgsphere,1,1,10,0.007,0.02
gaia,628,"10""",q3c,1,1,301,1.236,0.202
gaia,1397,30',q3c,59,20,302,1.281,0.239
gaia,1397,30',pgsphere,190,20,7,0.008,0.029
gaia,1397,30',skycell,20,20,12,0.049,0.034
gaia,937,1',skycell,1,0,4,0.014,0.007
gaia,937,1',pgsphere,1,0,9,0.007,0.025
gaia,937,1',q3c,1,0,300,1.208,0.191
gaia,1108,6',pgsphere,8,72,24,0.008,0.043
gaia,1108,6',q3c,27,72,305,1.169,0.222
gaia,1108,6',skycell,41,72,17,0.031,0.03
gaia,828,1',skycell,6,9,5,0.013,0.011
gaia,828,1',q3c,2,9,303,1.21,0.208
gaia,828,1',pgsphere,1,9,7,0.009,0.019
gaia,247,"1""",skycell,1,0,3,0.014,0.011
gaia,247,"1""",q3c,1,0,300,1.349,0.205
gaia,247,"1""",pgsphere,1,0,5,0.008,0.012
gaia,1216,6',pgsphere,8,174,27,0.007,0.062
gaia,1216,6',skycell,160,174,16,0.025,0.037
gaia,1216,6',q3c,60,174,308,1.262,0.248
gaia,795,"10""",pgsphere,1,0,9,0.008,0.022
gaia,795,"10""",q3c,1,0,300,1.224,0.194
gaia,795,"10""",skycell,1,0,6,0.032,0.007
gaia,1157,6',skycell,1,2,4,0.013,0.006
gaia,1157,6',pgsphere,8,2,5,0.007,0.014
gaia,1157,6',q3c,1,2,301,1.285,0.203
gaia,7,"1""",q3c,1,0,300,1.239,0.222
gaia,7,"1""",pgsphere,1,0,6,0.008,0.016
gaia,7,"1""",skycell,1,0,3,0.013,0.005
gaia,1046,1',pgsphere,1,1,11,0.007,0.027
gaia,1046,1',q3c,1,1,301,1.297,0.189
gaia,1046,1',skycell,1,1,4,0.015,0.007
gaia,128,"1""",pgsphere,1,1,9,0.007,0.038
gaia,128,"1""",skycell,1,1,4,0.015,0.006
gaia,128,"1""",q3c,1,1,301,1.125,0.221
gaia,1115,6',q3c,7,2,301,1.306,0.211
gaia,1115,6',pgsphere,8,2,5,0.008,0.014
gaia,1115,6',skycell,6,2,7,0.02,0.009
gaia,599,"10""",q3c,1,0,300,1.222,0.194
gaia,599,"10""",pgsphere,1,0,4,0.008,0.013
gaia,599,"10""",skycell,1,0,3,0.019,0.006
gaia,1320,30',skycell,360,485,34,0.044,0.081
gaia,1320,30',q3c,241,485,312,1.235,0.286
gaia,1320,30',pgsphere,190,485,57,0.008,0.106
gaia,1139,6',skycell,1,1,8,0.019,0.016
gaia,1139,6',pgsphere,8,1,5,0.007,0.012
gaia,1139,6',q3c,1,1,301,1.298,0.198
gaia,1386,30',q3c,273,1963,337,1.26,0.52
gaia,1386,30',pgsphere,190,1963,192,0.009,0.422
gaia,1386,30',skycell,1704,1963,74,0.071,0.287
gaia,998,1',pgsphere,1,3,9,0.007,0.021
gaia,998,1',q3c,1,3,301,1.148,0.194
gaia,998,1',skycell,2,3,8,0.02,0.013
gaia,1326,30',q3c,991,3684,368,1.232,0.729
gaia,1326,30',skycell,3334,3684,102,0.07,0.473
gaia,1326,30',pgsphere,190,3684,321,0.009,0.69
gaia,1246,6',pgsphere,8,59,25,0.007,0.046
gaia,1246,6',q3c,31,59,303,1.28,0.239
gaia,1246,6',skycell,57,59,9,0.02,0.023
gaia,726,"10""",pgsphere,1,1,5,0.007,0.011
gaia,726,"10""",skycell,1,1,4,0.013,0.006
gaia,726,"10""",q3c,1,1,301,1.144,0.197
gaia,1135,6',pgsphere,8,1,6,0.008,0.015
gaia,1135,6',q3c,5,1,302,1.139,0.223
gaia,1135,6',skycell,3,1,4,0.014,0.009
gaia,31,"1""",skycell,1,0,3,0.012,0.012
gaia,31,"1""",q3c,1,0,300,1.178,0.207
gaia,31,"1""",pgsphere,1,0,6,0.008,0.015
gaia,49,"1""",pgsphere,1,0,4,0.007,0.012
gaia,49,"1""",q3c,1,0,300,1.327,0.241
gaia,49,"1""",skycell,1,0,3,0.013,0.004
gaia,6,"1""",q3c,1,1,301,1.163,0.223
gaia,6,"1""",skycell,1,1,4,0.013,0.014
gaia,6,"1""",pgsphere,1,1,12,0.007,0.039
gaia,121,"1""",skycell,1,0,3,0.014,0.005
gaia,121,"1""",pgsphere,1,0,6,0.007,0.015
gaia,121,"1""",q3c,1,0,300,1.271,0.215
gaia,561,"10""",pgsphere,1,0,5,0.008,0.012
gaia,561,"10""",q3c,1,0,300,1.296,0.2
gaia,561,"10""",skycell,1,0,3,0.014,0.005
gaia,688,"10""",q3c,1,1,301,1.255,0.203
gaia,688,"10""",skycell,1,1,4,0.014,0.007
gaia,688,"10""",pgsphere,1,1,6,0.007,0.014
gaia,280,"1""",q3c,1,1,301,1.202,0.202
gaia,280,"1""",skycell,1,1,4,0.015,0.014
gaia,280,"1""",pgsphere,1,1,5,0.007,0.021
gaia,1131,6',pgsphere,8,1,6,0.008,0.016
gaia,1131,6',q3c,1,1,301,1.167,0.211
gaia,1131,6',skycell,1,1,8,0.02,0.008
gaia,1092,1',pgsphere,1,4,6,0.007,0.014
gaia,1092,1',skycell,1,4,5,0.012,0.009
gaia,1092,1',q3c,1,4,301,1.061,0.203
gaia,1384,30',q3c,8,14,303,1.154,0.2
gaia,1384,30',skycell,15,14,5,0.031,0.014
gaia,1384,30',pgsphere,190,14,8,0.007,0.019
gaia,986,1',skycell,1,1,4,0.012,0.005
gaia,986,1',pgsphere,1,1,6,0.006,0.012
gaia,986,1',q3c,1,1,301,1.133,0.186
gaia,639,"10""",q3c,1,0,300,1.217,0.207
gaia,639,"10""",pgsphere,1,0,4,0.007,0.01
gaia,639,"10""",skycell,1,0,3,0.013,0.004
gaia,58,"1""",q3c,1,1,301,1.152,0.199
gaia,58,"1""",pgsphere,1,1,6,0.007,0.014
gaia,58,"1""",skycell,1,1,4,0.012,0.013
gaia,736,"10""",skycell,1,1,8,0.018,0.011
gaia,736,"10""",pgsphere,1,1,8,0.006,0.016
gaia,736,"10""",q3c,1,1,301,1.192,0.212
gaia,1398,30',skycell,333,416,26,0.028,0.078
gaia,1398,30',pgsphere,190,416,50,0.008,0.096
gaia,1398,30',q3c,158,416,313,1.181,0.283
gaia,815,1',skycell,1,0,3,0.014,0.005
gaia,815,1',pgsphere,1,0,7,0.006,0.016
gaia,815,1',q3c,1,0,300,1.158,0.203
gaia,1053,1',skycell,2,1,8,0.019,0.011
gaia,1053,1',pgsphere,1,1,7,0.006,0.018
gaia,1053,1',q3c,1,1,301,1.062,0.204
gaia,603,"10""",q3c,1,0,300,1.186,0.205
gaia,603,"10""",skycell,1,0,6,0.019,0.007
gaia,603,"10""",pgsphere,1,0,4,0.006,0.01
gaia,1068,1',pgsphere,1,3,8,0.006,0.019
gaia,1068,1',q3c,2,3,302,1.105,0.199
gaia,1068,1',skycell,4,3,4,0.013,0.008
gaia,1337,30',pgsphere,190,54,17,0.014,0.031
gaia,1337,30',q3c,43,54,303,1.127,0.213
gaia,1337,30',skycell,40,54,17,0.028,0.033
gaia,550,"10""",q3c,1,1,301,1.18,0.198
gaia,550,"10""",pgsphere,1,1,6,0.007,0.013
gaia,550,"10""",skycell,1,1,4,0.019,0.007
gaia,319,"1""",skycell,1,0,3,0.012,0.005
gaia,319,"1""",q3c,1,0,300,1.129,0.2
gaia,319,"1""",pgsphere,1,0,5,0.007,0.012
gaia,1307,30',skycell,132,133,14,0.023,0.042
gaia,1307,30',q3c,29,133,307,1.183,0.227
gaia,1307,30',pgsphere,190,133,25,0.007,0.053
gaia,1162,6',skycell,24,73,10,0.018,0.025
gaia,1162,6',q3c,16,73,304,0.997,0.221
gaia,1162,6',pgsphere,8,73,13,0.007,0.039
gaia,798,"10""",skycell,1,1,4,0.012,0.007
gaia,798,"10""",pgsphere,1,1,6,0.006,0.014
gaia,798,"10""",q3c,1,1,301,1.173,0.203
gaia,829,1',pgsphere,1,0,3,0.007,0.006
gaia,829,1',skycell,1,0,3,0.011,0.004
gaia,829,1',q3c,1,0,300,1.138,0.202
gaia,1061,1',q3c,1,0,300,1.208,0.207
gaia,1061,1',pgsphere,1,0,7,0.007,0.018
gaia,1061,1',skycell,1,0,8,0.018,0.009
gaia,390,"1""",q3c,1,1,301,1.219,0.196
gaia,390,"1""",pgsphere,1,1,7,0.007,0.016
gaia,390,"1""",skycell,1,1,4,0.012,0.006
gaia,765,"10""",q3c,1,0,300,1.142,0.199
gaia,765,"10""",skycell,1,0,6,0.027,0.007
gaia,765,"10""",pgsphere,1,0,5,0.006,0.012
gaia,478,"10""",skycell,1,1,4,0.013,0.005
gaia,478,"10""",pgsphere,1,1,5,0.006,0.012
gaia,478,"10""",q3c,1,1,301,1.081,0.202
gaia,467,"10""",pgsphere,1,0,6,0.008,0.02
gaia,467,"10""",skycell,1,0,3,0.012,0.005
gaia,467,"10""",q3c,1,0,300,1.184,0.201
gaia,1335,30',skycell,196,160,19,0.029,0.036
gaia,1335,30',q3c,226,160,307,1.217,0.245
gaia,1335,30',pgsphere,190,160,34,0.007,0.079
gaia,313,"1""",skycell,1,0,6,0.018,0.006
gaia,313,"1""",q3c,1,0,300,1.197,0.195
gaia,313,"1""",pgsphere,1,0,4,0.012,0.016
gaia,1117,6',skycell,1,1,4,0.012,0.006
gaia,1117,6',q3c,1,1,301,1.213,0.2
gaia,1117,6',pgsphere,8,1,7,0.007,0.015
gaia,892,1',skycell,2,1,10,0.025,0.015
gaia,892,1',q3c,1,1,301,1.174,0.206
gaia,892,1',pgsphere,1,1,7,0.007,0.014
gaia,712,"10""",q3c,1,1,301,1.111,0.203
gaia,712,"10""",pgsphere,1,1,6,0.007,0.013
gaia,712,"10""",skycell,1,1,4,0.013,0.006
gaia,468,"10""",skycell,1,1,4,0.011,0.004
gaia,468,"10""",q3c,1,1,301,1.111,0.201
gaia,468,"10""",pgsphere,1,1,7,0.007,0.011
gaia,103,"1""",pgsphere,1,0,3,0.006,0.009
gaia,103,"1""",skycell,1,0,3,0.012,0.005
gaia,103,"1""",q3c,1,0,300,1.179,0.235
gaia,1018,1',skycell,3,3,7,0.019,0.009
gaia,1018,1',q3c,1,3,301,1.237,0.208
gaia,1018,1',pgsphere,1,3,5,0.007,0.012
gaia,921,1',pgsphere,1,0,6,0.006,0.018
gaia,921,1',q3c,1,0,300,1.076,0.2
gaia,921,1',skycell,1,0,4,0.013,0.006
gaia,1213,6',pgsphere,8,1,7,0.006,0.023
gaia,1213,6',skycell,1,1,5,0.012,0.009
gaia,1213,6',q3c,1,1,301,1.222,0.202
gaia,955,1',q3c,1,2,301,1.189,0.215
gaia,955,1',skycell,1,2,4,0.013,0.008
gaia,955,1',pgsphere,1,2,8,0.006,0.02
gaia,620,"10""",q3c,1,1,301,1.24,0.193
gaia,620,"10""",skycell,1,1,4,0.013,0.007
gaia,620,"10""",pgsphere,1,1,9,0.007,0.022
gaia,695,"10""",q3c,1,0,300,1.08,0.202
gaia,695,"10""",skycell,1,0,4,0.013,0.006
gaia,695,"10""",pgsphere,1,0,5,0.006,0.01
gaia,498,"10""",skycell,1,1,7,0.018,0.008
gaia,498,"10""",q3c,1,1,301,1.054,0.203
gaia,498,"10""",pgsphere,1,1,5,0.007,0.012
gaia,782,"10""",pgsphere,1,1,5,0.006,0.012
gaia,782,"10""",skycell,1,1,4,0.012,0.007
gaia,782,"10""",q3c,1,1,301,1.117,0.217
gaia,786,"10""",skycell,1,1,4,0.013,0.006
gaia,786,"10""",pgsphere,1,1,5,0.006,0.011
gaia,786,"10""",q3c,1,1,301,1.154,0.201
gaia,1057,1',skycell,1,0,4,0.014,0.006
gaia,1057,1',q3c,1,0,300,1.161,0.199
gaia,1057,1',pgsphere,1,0,5,0.007,0.011
gaia,787,"10""",skycell,1,0,3,0.012,0.005
gaia,787,"10""",q3c,1,0,300,1.237,0.201
gaia,787,"10""",pgsphere,1,0,5,0.007,0.013
gaia,1118,6',q3c,5,14,303,1.033,0.203
gaia,1118,6',skycell,13,14,5,0.013,0.015
gaia,1118,6',pgsphere,8,14,9,0.007,0.018
gaia,703,"10""",q3c,1,0,300,1.16,0.201
gaia,703,"10""",skycell,1,0,4,0.014,0.006
gaia,703,"10""",pgsphere,1,0,5,0.006,0.014
gaia,1412,1deg,pgsphere,762,2327,267,0.006,0.884
gaia,1412,1deg,skycell,1906,2327,85,0.067,0.422
gaia,1412,1deg,q3c,1413,2327,355,1.211,0.732
gaia,370,"1""",q3c,1,1,301,1.108,0.21
gaia,370,"1""",pgsphere,1,1,8,0.008,0.018
gaia,370,"1""",skycell,1,1,4,0.012,0.01
gaia,1377,30',pgsphere,190,345,57,0.006,0.112
gaia,1377,30',q3c,155,345,306,1.084,0.259
gaia,1377,30',skycell,388,345,27,0.038,0.064
gaia,1287,6',q3c,2,7,301,1.063,0.204
gaia,1287,6',skycell,9,7,8,0.02,0.011
gaia,1287,6',pgsphere,8,7,6,0.011,0.016
gaia,1283,6',pgsphere,8,11,13,0.006,0.022
gaia,1283,6',skycell,5,11,15,0.027,0.013
gaia,1283,6',q3c,2,11,302,1.222,0.204
gaia,138,"1""",q3c,1,1,301,1.131,0.207
gaia,138,"1""",pgsphere,1,1,6,0.007,0.014
gaia,138,"1""",skycell,1,1,4,0.013,0.005
gaia,830,1',pgsphere,1,2,9,0.006,0.021
gaia,830,1',skycell,1,2,4,0.012,0.006
gaia,830,1',q3c,1,2,301,1.143,0.201
gaia,1231,6',skycell,1,1,4,0.013,0.005
gaia,1231,6',pgsphere,8,1,7,0.006,0.015
gaia,1231,6',q3c,1,1,301,1.211,0.202
gaia,1447,3deg,q3c,660,464,314,1.252,0.372
gaia,1447,3deg,pgsphere,6852,464,28,0.008,0.19
gaia,1447,3deg,skycell,495,464,38,0.046,0.143
gaia,1348,30',pgsphere,190,389,70,0.008,0.126
gaia,1348,30',skycell,277,389,31,0.037,0.066
gaia,1348,30',q3c,109,389,309,1.118,0.251
gaia,1190,6',skycell,126,184,20,0.029,0.052
gaia,1190,6',pgsphere,8,184,34,0.008,0.069
gaia,1190,6',q3c,37,184,306,1.078,0.232
gaia,275,"1""",q3c,1,0,300,1.207,0.218
gaia,275,"1""",pgsphere,1,0,7,0.007,0.017
gaia,275,"1""",skycell,1,0,3,0.012,0.004
gaia,225,"1""",pgsphere,1,0,4,0.006,0.016
gaia,225,"1""",skycell,1,0,3,0.011,0.004
gaia,225,"1""",q3c,1,0,300,1.135,0.202
gaia,1269,6',skycell,4,3,4,0.013,0.009
gaia,1269,6',pgsphere,8,3,6,0.006,0.016
gaia,1269,6',q3c,3,3,301,1.203,0.202
gaia,1084,1',pgsphere,1,1,6,0.007,0.014
gaia,1084,1',q3c,1,1,301,1.099,0.204
gaia,1084,1',skycell,1,1,4,0.013,0.005
gaia,985,1',pgsphere,1,0,6,0.006,0.013
gaia,985,1',skycell,1,0,8,0.017,0.008
gaia,985,1',q3c,1,0,300,1.175,0.201
gaia,1173,6',skycell,8,2,4,0.013,0.007
gaia,1173,6',q3c,1,2,302,1.099,0.206
gaia,1173,6',pgsphere,8,2,8,0.007,0.019
gaia,738,"10""",skycell,1,1,4,0.012,0.005
gaia,738,"10""",pgsphere,1,1,8,0.006,0.024
gaia,738,"10""",q3c,1,1,301,1.002,0.203
gaia,277,"1""",skycell,1,0,6,0.018,0.006
gaia,277,"1""",q3c,1,0,300,1.168,0.231
gaia,277,"1""",pgsphere,1,0,5,0.008,0.012
gaia,72,"1""",pgsphere,1,1,6,0.006,0.014
gaia,72,"1""",q3c,1,1,301,1.111,0.205
gaia,72,"1""",skycell,1,1,4,0.013,0.012
gaia,2,"1""",pgsphere,1,1,13,0.006,0.034
gaia,2,"1""",skycell,1,1,4,0.011,0.005
gaia,2,"1""",q3c,1,1,301,1.22,0.202
gaia,526,"10""",skycell,1,1,4,0.013,0.006
gaia,526,"10""",q3c,1,1,301,1.159,0.203
gaia,526,"10""",pgsphere,1,1,10,0.007,0.025
gaia,325,"1""",q3c,1,0,300,1.218,0.199
gaia,325,"1""",pgsphere,1,0,8,0.007,0.02
gaia,325,"1""",skycell,1,0,3,0.012,0.004
gaia,71,"1""",q3c,1,0,300,1.072,0.213
gaia,71,"1""",pgsphere,1,0,6,0.007,0.023
gaia,71,"1""",skycell,1,0,3,0.012,0.004
gaia,123,"1""",skycell,1,0,3,0.011,0.004
gaia,123,"1""",pgsphere,1,0,6,0.006,0.017
gaia,123,"1""",q3c,1,0,300,1.115,0.223
gaia,1086,1',q3c,1,1,301,1.133,0.212
gaia,1086,1',pgsphere,1,1,6,0.007,0.014
gaia,1086,1',skycell,1,1,4,0.012,0.005
gaia,305,"1""",q3c,1,0,300,1.194,0.194
gaia,305,"1""",skycell,1,0,3,0.013,0.005
gaia,305,"1""",pgsphere,1,0,9,0.006,0.021
gaia,627,"10""",skycell,1,0,4,0.011,0.005
gaia,627,"10""",pgsphere,1,0,6,0.006,0.014
gaia,627,"10""",q3c,1,0,300,1.217,0.201
gaia,440,"10""",pgsphere,1,1,12,0.007,0.028
gaia,440,"10""",skycell,1,1,4,0.019,0.006
gaia,440,"10""",q3c,1,1,301,1.216,0.203
gaia,345,"1""",pgsphere,1,0,4,0.007,0.01
gaia,345,"1""",skycell,1,0,3,0.012,0.005
gaia,345,"1""",q3c,1,0,300,1.224,0.2
gaia,792,"10""",pgsphere,1,1,6,0.007,0.022
gaia,792,"10""",q3c,1,1,301,1.209,0.21
gaia,792,"10""",skycell,1,1,4,0.013,0.011
gaia,552,"10""",q3c,1,1,301,1.057,0.205
gaia,552,"10""",pgsphere,1,1,5,0.007,0.01
gaia,552,"10""",skycell,1,1,5,0.013,0.006
gaia,215,"1""",skycell,1,0,3,0.012,0.005
gaia,215,"1""",q3c,1,0,300,1.24,0.2
gaia,215,"1""",pgsphere,1,0,4,0.007,0.011
gaia,977,1',q3c,1,0,300,1.172,0.199
gaia,977,1',pgsphere,1,0,4,0.007,0.01
gaia,977,1',skycell,1,0,4,0.012,0.006
gaia,849,1',q3c,1,0,300,1.167,0.199
gaia,849,1',pgsphere,1,0,7,0.007,0.016
gaia,849,1',skycell,1,0,4,0.012,0.005
gaia,861,1',q3c,1,0,300,1.264,0.197
gaia,861,1',skycell,1,0,4,0.014,0.005
gaia,861,1',pgsphere,1,0,4,0.006,0.01
gaia,976,1',q3c,1,2,302,1.139,0.209
gaia,976,1',skycell,1,2,8,0.019,0.012
gaia,976,1',pgsphere,1,2,5,0.006,0.013
gaia,936,1',pgsphere,1,5,8,0.006,0.02
gaia,936,1',skycell,5,5,8,0.017,0.01
gaia,936,1',q3c,1,5,301,1.093,0.198
gaia,749,"10""",pgsphere,1,0,4,0.007,0.01
gaia,749,"10""",skycell,1,0,4,0.012,0.005
gaia,749,"10""",q3c,1,0,300,1.192,0.204
gaia,719,"10""",q3c,1,0,300,1.19,0.205
gaia,719,"10""",pgsphere,1,0,4,0.007,0.01
gaia,719,"10""",skycell,1,0,4,0.012,0.005
gaia,1249,6',q3c,1,3,301,1.335,0.196
gaia,1249,6',pgsphere,8,3,6,0.007,0.013
gaia,1249,6',skycell,1,3,8,0.018,0.01
gaia,689,"10""",skycell,1,0,3,0.011,0.005
gaia,689,"10""",pgsphere,1,0,4,0.006,0.009
gaia,689,"10""",q3c,1,0,300,1.041,0.201
gaia,808,1',q3c,1,1,301,1.179,0.214
gaia,808,1',skycell,1,1,4,0.013,0.005
gaia,808,1',pgsphere,1,1,5,0.006,0.01
gaia,106,"1""",skycell,1,1,4,0.011,0.006
gaia,106,"1""",q3c,1,1,301,1.212,0.197
gaia,106,"1""",pgsphere,1,1,8,0.007,0.018
gaia,510,"10""",q3c,1,1,301,1.087,0.208
gaia,510,"10""",pgsphere,1,1,5,0.007,0.012
gaia,510,"10""",skycell,1,1,7,0.018,0.008
gaia,1371,30',skycell,23,22,4,0.012,0.011
gaia,1371,30',q3c,23,22,303,1.13,0.214
gaia,1371,30',pgsphere,190,22,8,0.007,0.017
gaia,362,"1""",pgsphere,1,1,5,0.006,0.011
gaia,362,"1""",q3c,1,1,301,1.102,0.198
gaia,362,"1""",skycell,1,1,7,0.019,0.008
gaia,342,"1""",pgsphere,1,1,8,0.006,0.02
gaia,342,"1""",skycell,1,1,4,0.012,0.005
gaia,342,"1""",q3c,1,1,301,1.177,0.203
gaia,551,"10""",q3c,1,0,300,1.244,0.206
gaia,551,"10""",skycell,1,0,6,0.019,0.006
gaia,551,"10""",pgsphere,1,0,4,0.006,0.009
gaia,585,"10""",pgsphere,1,0,5,0.006,0.014
gaia,585,"10""",q3c,1,0,300,1.2,0.189
gaia,585,"10""",skycell,1,0,3,0.013,0.006
gaia,304,"1""",skycell,1,1,4,0.011,0.006
gaia,304,"1""",pgsphere,1,1,6,0.006,0.013
gaia,304,"1""",q3c,1,1,301,1.111,0.203
gaia,1113,6',skycell,1,1,4,0.013,0.006
gaia,1113,6',pgsphere,8,1,6,0.006,0.012
gaia,1113,6',q3c,1,1,301,1.203,0.202
gaia,447,"10""",skycell,1,0,3,0.02,0.004
gaia,447,"10""",q3c,1,0,300,1.087,0.217
gaia,447,"10""",pgsphere,1,0,4,0.007,0.009
gaia,1024,1',pgsphere,1,2,6,0.006,0.015
gaia,1024,1',skycell,1,2,4,0.013,0.006
gaia,1024,1',q3c,1,2,301,1.111,0.219
gaia,1306,30',q3c,718,2505,351,1.14,0.613
gaia,1306,30',pgsphere,190,2505,280,0.008,0.633
gaia,1306,30',skycell,2122,2505,87,0.071,0.301
gaia,1357,30',q3c,81,83,305,1.188,0.222
gaia,1357,30',skycell,86,83,10,0.019,0.027
gaia,1357,30',pgsphere,190,83,20,0.006,0.042
gaia,214,"1""",skycell,1,1,4,0.011,0.009
gaia,214,"1""",pgsphere,1,1,5,0.008,0.027
gaia,214,"1""",q3c,1,1,301,1.139,0.2
gaia,474,"10""",skycell,1,1,4,0.013,0.006
gaia,474,"10""",q3c,1,1,301,1.112,0.206
gaia,474,"10""",pgsphere,1,1,8,0.007,0.018
gaia,88,"1""",pgsphere,1,1,7,0.006,0.015
gaia,88,"1""",q3c,1,1,301,1.128,0.201
gaia,88,"1""",skycell,1,1,7,0.019,0.007
gaia,547,"10""",pgsphere,1,0,4,0.006,0.011
gaia,547,"10""",q3c,1,0,300,1.205,0.199
gaia,547,"10""",skycell,1,0,3,0.013,0.005
gaia,1107,6',q3c,4,2,302,1.143,0.204
gaia,1107,6',skycell,5,2,4,0.013,0.009
gaia,1107,6',pgsphere,8,2,6,0.006,0.015
gaia,473,"10""",q3c,1,0,300,1.069,0.195
gaia,473,"10""",skycell,1,0,3,0.013,0.005
gaia,473,"10""",pgsphere,1,0,4,0.006,0.008
gaia,48,"1""",skycell,1,1,7,0.018,0.017
gaia,48,"1""",q3c,1,1,301,1.138,0.206
gaia,48,"1""",pgsphere,1,1,5,0.007,0.011
gaia,1138,6',skycell,1,1,4,0.012,0.005
gaia,1138,6',q3c,1,1,301,1.155,0.224
gaia,1138,6',pgsphere,8,1,6,0.007,0.015
gaia,53,"1""",pgsphere,1,0,6,0.006,0.014
gaia,53,"1""",q3c,1,0,300,1.229,0.199
gaia,53,"1""",skycell,1,0,6,0.019,0.006
gaia,1430,1deg,skycell,9895,10005,205,0.086,1.118
gaia,1430,1deg,pgsphere,762,10005,1022,0.008,2.305
gaia,1430,1deg,q3c,3072,10005,452,1.193,1.476
gaia,1095,1',q3c,1,0,300,1.196,0.207
gaia,1095,1',pgsphere,1,0,5,0.007,0.013
gaia,1095,1',skycell,1,0,4,0.012,0.005
gaia,1419,1deg,pgsphere,762,405,66,0.006,0.248
gaia,1419,1deg,q3c,281,405,311,1.228,0.319
gaia,1419,1deg,skycell,407,405,30,0.038,0.105
gaia,556,"10""",skycell,1,1,4,0.013,0.006
gaia,556,"10""",q3c,1,1,301,1.139,0.202
gaia,556,"10""",pgsphere,1,1,5,0.007,0.01
gaia,715,"10""",skycell,1,0,4,0.012,0.005
gaia,715,"10""",pgsphere,1,0,4,0.006,0.009
gaia,715,"10""",q3c,1,0,300,1.037,0.206
gaia,320,"1""",q3c,1,1,301,1.243,0.209
gaia,320,"1""",skycell,1,1,4,0.013,0.006
gaia,320,"1""",pgsphere,1,1,8,0.006,0.018
gaia,684,"10""",pgsphere,1,1,5,0.008,0.012
gaia,684,"10""",q3c,1,1,301,1.037,0.202
gaia,684,"10""",skycell,1,1,4,0.013,0.006
gaia,1275,6',pgsphere,8,1,6,0.006,0.014
gaia,1275,6',q3c,1,1,301,1.238,0.203
gaia,1275,6',skycell,1,1,4,0.013,0.009
gaia,763,"10""",skycell,1,0,3,0.011,0.004
gaia,763,"10""",q3c,1,0,300,1.222,0.2
gaia,763,"10""",pgsphere,1,0,4,0.007,0.018
gaia,1141,6',q3c,7,13,302,1.36,0.206
gaia,1141,6',skycell,20,13,8,0.019,0.013
gaia,1141,6',pgsphere,8,13,13,0.006,0.026
gaia,1410,1deg,q3c,765,2884,343,1.163,0.571
gaia,1410,1deg,pgsphere,762,2884,334,0.008,0.694
gaia,1410,1deg,skycell,2720,2884,78,0.078,0.406
gaia,824,1',pgsphere,1,1,14,0.008,0.032
gaia,824,1',q3c,1,1,301,1.097,0.213
gaia,824,1',skycell,1,1,16,0.028,0.016
gaia,622,"10""",q3c,1,1,301,1.116,0.202
gaia,622,"10""",pgsphere,1,1,10,0.008,0.039
gaia,622,"10""",skycell,1,1,4,0.012,0.007
gaia,1279,6',skycell,3,1,9,0.03,0.011
gaia,1279,6',pgsphere,8,1,9,0.006,0.021
gaia,1279,6',q3c,1,1,301,1.151,0.211
gaia,255,"1""",pgsphere,1,0,5,0.007,0.012
gaia,255,"1""",skycell,1,0,3,0.012,0.004
gaia,255,"1""",q3c,1,0,300,1.161,0.208
gaia,185,"1""",pgsphere,1,0,5,0.007,0.014
gaia,185,"1""",skycell,1,0,3,0.012,0.004
gaia,185,"1""",q3c,1,0,300,1.12,0.199
gaia,68,"1""",pgsphere,1,1,5,0.007,0.018
gaia,68,"1""",q3c,1,1,301,1.08,0.206
gaia,68,"1""",skycell,1,1,7,0.019,0.015
gaia,353,"1""",skycell,1,0,6,0.017,0.006
gaia,353,"1""",q3c,1,0,300,1.075,0.202
gaia,353,"1""",pgsphere,1,0,4,0.007,0.01
gaia,504,"10""",pgsphere,1,1,7,0.006,0.014
gaia,504,"10""",q3c,1,1,301,1.267,0.201
gaia,504,"10""",skycell,1,1,4,0.012,0.006
gaia,591,"10""",pgsphere,1,0,6,0.006,0.013
gaia,591,"10""",q3c,1,0,300,1.088,0.204
gaia,591,"10""",skycell,1,0,4,0.012,0.006
gaia,292,"1""",q3c,1,1,301,1.124,0.202
gaia,292,"1""",pgsphere,1,1,5,0.007,0.012
gaia,292,"1""",skycell,1,1,4,0.012,0.005
gaia,982,1',skycell,2,3,5,0.011,0.008
gaia,982,1',pgsphere,1,3,8,0.006,0.017
gaia,982,1',q3c,1,3,301,1.2,0.201
gaia,916,1',q3c,1,1,301,1.197,0.209
gaia,916,1',pgsphere,1,1,7,0.007,0.016
gaia,916,1',skycell,1,1,4,0.012,0.005
gaia,341,"1""",q3c,1,0,300,1.095,0.187
gaia,341,"1""",skycell,1,0,3,0.012,0.005
gaia,341,"1""",pgsphere,1,0,6,0.006,0.015
gaia,290,"1""",pgsphere,1,1,6,0.006,0.013
gaia,290,"1""",q3c,1,1,301,1.148,0.216
gaia,290,"1""",skycell,1,1,7,0.018,0.006
gaia,1020,1',skycell,2,1,5,0.012,0.009
gaia,1020,1',pgsphere,1,1,5,0.006,0.01
gaia,1020,1',q3c,1,1,301,1.113,0.241
gaia,1004,1',skycell,1,1,7,0.018,0.008
gaia,1004,1',q3c,1,1,301,1.183,0.199
gaia,1004,1',pgsphere,1,1,6,0.01,0.019
gaia,574,"10""",skycell,1,1,4,0.021,0.011
gaia,574,"10""",q3c,1,1,301,1.299,0.334
gaia,574,"10""",pgsphere,1,1,6,0.008,0.014
gaia,988,1',pgsphere,1,1,7,0.006,0.015
gaia,988,1',q3c,1,1,301,1.194,0.214
gaia,988,1',skycell,1,1,4,0.014,0.011
gaia,435,"10""",pgsphere,1,0,4,0.006,0.01
gaia,435,"10""",q3c,1,0,300,1.201,0.212
gaia,435,"10""",skycell,1,0,3,0.013,0.006
gaia,1013,1',pgsphere,1,0,4,0.006,0.011
gaia,1013,1',skycell,1,0,7,0.018,0.006
gaia,1013,1',q3c,1,0,300,1.094,0.228
gaia,794,"10""",pgsphere,1,1,6,0.008,0.014
gaia,794,"10""",q3c,1,1,301,1.219,0.231
gaia,794,"10""",skycell,1,1,4,0.013,0.005
gaia,1426,1deg,q3c,471,198,308,1.228,0.287
gaia,1426,1deg,skycell,155,198,19,0.029,0.063
gaia,1426,1deg,pgsphere,762,198,38,0.008,0.111
gaia,554,"10""",skycell,1,2,4,0.013,0.007
gaia,554,"10""",pgsphere,1,2,6,0.006,0.012
gaia,554,"10""",q3c,1,2,301,1.213,0.202
gaia,633,"10""",pgsphere,1,0,4,0.007,0.011
gaia,633,"10""",q3c,1,0,300,1.125,0.218
gaia,633,"10""",skycell,1,0,3,0.016,0.005
gaia,34,"1""",skycell,1,1,4,0.011,0.006
gaia,34,"1""",q3c,1,1,301,1.12,0.2
gaia,34,"1""",pgsphere,1,1,5,0.007,0.01
gaia,127,"1""",skycell,1,0,3,0.012,0.005
gaia,127,"1""",pgsphere,1,0,4,0.006,0.01
gaia,127,"1""",q3c,1,0,300,1.236,0.207
gaia,1221,6',q3c,1,0,301,1.216,0.21
gaia,1221,6',pgsphere,8,0,5,0.007,0.016
gaia,1221,6',skycell,1,0,8,0.018,0.009
gaia,421,"10""",q3c,1,0,300,1.204,0.204
gaia,421,"10""",pgsphere,1,0,4,0.008,0.012
gaia,421,"10""",skycell,1,0,4,0.013,0.006
gaia,1034,1',skycell,3,2,9,0.017,0.019
gaia,1034,1',q3c,1,2,302,1.219,0.217
gaia,1034,1',pgsphere,1,2,7,0.007,0.015
gaia,1091,1',skycell,1,0,4,0.012,0.007
gaia,1091,1',q3c,1,0,300,1.057,0.196
gaia,1091,1',pgsphere,1,0,6,0.007,0.016
gaia,439,"10""",q3c,1,0,300,1.199,0.205
gaia,439,"10""",pgsphere,1,0,6,0.007,0.014
gaia,439,"10""",skycell,1,0,3,0.012,0.004
gaia,54,"1""",pgsphere,1,1,6,0.006,0.012
gaia,54,"1""",skycell,1,1,4,0.012,0.014
gaia,54,"1""",q3c,1,1,301,1.167,0.208
gaia,56,"1""",pgsphere,1,1,12,0.007,0.027
gaia,56,"1""",q3c,1,1,301,1.243,0.219
gaia,56,"1""",skycell,1,1,4,0.013,0.005
gaia,1105,6',skycell,1,1,4,0.011,0.007
gaia,1105,6',pgsphere,8,1,5,0.006,0.01
gaia,1105,6',q3c,1,1,301,1.186,0.208
gaia,151,"1""",skycell,1,0,3,0.021,0.005
gaia,151,"1""",pgsphere,1,0,5,0.006,0.013
gaia,151,"1""",q3c,1,0,300,1.325,0.211
gaia,710,"10""",skycell,1,1,4,0.013,0.007
gaia,710,"10""",q3c,1,1,301,1.192,0.203
gaia,710,"10""",pgsphere,1,1,7,0.007,0.016
gaia,125,"1""",pgsphere,1,0,4,0.006,0.011
gaia,125,"1""",q3c,1,0,300,1.162,0.199
gaia,125,"1""",skycell,1,0,3,0.012,0.005
gaia,1356,30',skycell,1285,854,56,0.06,0.119
gaia,1356,30',pgsphere,190,854,113,0.006,0.214
gaia,1356,30',q3c,568,854,319,1.09,0.339
gaia,967,1',pgsphere,1,0,4,0.008,0.011
gaia,967,1',q3c,1,0,300,1.305,0.195
gaia,967,1',skycell,1,0,4,0.013,0.005
gaia,1171,6',skycell,10,10,8,0.018,0.011
gaia,1171,6',pgsphere,8,10,7,0.007,0.016
gaia,1171,6',q3c,2,10,302,1.043,0.212
gaia,1109,6',skycell,1,1,4,0.013,0.006
gaia,1109,6',pgsphere,8,1,6,0.006,0.012
gaia,1109,6',q3c,1,1,301,1.071,0.198
gaia,631,"10""",q3c,1,0,300,1.209,0.21
gaia,631,"10""",pgsphere,1,0,5,0.007,0.012
gaia,631,"10""",skycell,1,0,3,0.018,0.005
gaia,852,1',q3c,1,4,302,1.191,0.205
gaia,852,1',pgsphere,1,4,5,0.007,0.012
gaia,852,1',skycell,2,4,4,0.012,0.007
gaia,728,"10""",skycell,1,1,4,0.012,0.006
gaia,728,"10""",pgsphere,1,1,5,0.006,0.01
gaia,728,"10""",q3c,1,1,301,1.314,0.204
gaia,1236,6',skycell,169,177,24,0.033,0.042
gaia,1236,6',pgsphere,8,177,31,0.006,0.055
gaia,1236,6',q3c,51,177,308,1.192,0.235
gaia,1199,6',q3c,1,1,301,1.149,0.208
gaia,1199,6',pgsphere,8,1,10,0.011,0.026
gaia,1199,6',skycell,1,1,4,0.014,0.007
gaia,1393,30',q3c,47,41,305,1.176,0.22
gaia,1393,30',pgsphere,190,41,10,0.008,0.036
gaia,1393,30',skycell,51,41,6,0.015,0.032
gaia,729,"10""",pgsphere,1,0,4,0.007,0.01
gaia,729,"10""",q3c,1,0,300,1.297,0.203
gaia,729,"10""",skycell,1,0,3,0.014,0.005
gaia,851,1',pgsphere,1,0,5,0.007,0.013
gaia,851,1',skycell,1,0,14,0.028,0.013
gaia,851,1',q3c,1,0,300,1.174,0.21
gaia,698,"10""",skycell,1,1,4,0.013,0.006
gaia,698,"10""",pgsphere,1,1,6,0.007,0.015
gaia,698,"10""",q3c,1,1,301,1.156,0.202
gaia,207,"1""",pgsphere,1,0,10,0.008,0.023
gaia,207,"1""",q3c,1,0,300,1.215,0.206
gaia,207,"1""",skycell,1,0,3,0.014,0.005
gaia,1145,6',skycell,2,3,4,0.012,0.006
gaia,1145,6',q3c,1,3,303,1.067,0.215
gaia,1145,6',pgsphere,8,3,5,0.007,0.011
gaia,546,"10""",q3c,1,1,301,1.085,0.197
gaia,546,"10""",skycell,1,1,7,0.019,0.009
gaia,546,"10""",pgsphere,1,1,6,0.007,0.012
gaia,157,"1""",skycell,1,0,3,0.012,0.005
gaia,157,"1""",q3c,1,0,300,1.169,0.209
gaia,157,"1""",pgsphere,1,0,4,0.007,0.01
gaia,1167,6',skycell,15,17,5,0.013,0.012
gaia,1167,6',q3c,7,17,302,1.177,0.208
gaia,1167,6',pgsphere,8,17,7,0.008,0.019
gaia,322,"1""",skycell,1,1,4,0.012,0.007
gaia,322,"1""",pgsphere,1,1,5,0.006,0.018
gaia,322,"1""",q3c,1,1,301,1.235,0.197
gaia,403,"10""",q3c,1,0,300,1.047,0.225
gaia,403,"10""",skycell,1,0,6,0.02,0.007
gaia,403,"10""",pgsphere,1,0,4,0.007,0.011
gaia,484,"10""",q3c,1,1,301,1.176,0.191
gaia,484,"10""",skycell,1,1,4,0.013,0.006
gaia,484,"10""",pgsphere,1,1,5,0.006,0.012
gaia,449,"10""",skycell,1,0,3,0.017,0.01
gaia,449,"10""",pgsphere,1,0,4,0.008,0.01
gaia,449,"10""",q3c,1,0,300,1.2,0.206
gaia,753,"10""",pgsphere,1,0,4,0.008,0.011
gaia,753,"10""",skycell,1,0,3,0.013,0.01
gaia,753,"10""",q3c,1,0,300,1.219,0.204
gaia,1375,30',q3c,11,36,302,1.129,0.228
gaia,1375,30',pgsphere,190,36,10,0.007,0.021
gaia,1375,30',skycell,24,36,6,0.013,0.016
gaia,482,"10""",skycell,1,1,4,0.012,0.006
gaia,482,"10""",q3c,1,1,301,1.057,0.196
gaia,482,"10""",pgsphere,1,1,5,0.007,0.011
gaia,282,"1""",q3c,1,1,301,1.158,0.204
gaia,282,"1""",pgsphere,1,1,7,0.007,0.015
gaia,282,"1""",skycell,1,1,4,0.012,0.005
gaia,624,"10""",skycell,1,1,4,0.013,0.007
gaia,624,"10""",q3c,1,1,301,1.069,0.203
gaia,624,"10""",pgsphere,1,1,5,0.007,0.013
gaia,1225,6',skycell,1,0,8,0.018,0.009
gaia,1225,6',q3c,1,0,300,1.121,0.201
gaia,1225,6',pgsphere,8,0,5,0.007,0.011
gaia,407,"10""",q3c,1,0,300,1.162,0.204
gaia,407,"10""",skycell,1,0,3,0.013,0.005
gaia,407,"10""",pgsphere,1,0,4,0.006,0.009
gaia,506,"10""",pgsphere,1,1,12,0.006,0.028
gaia,506,"10""",q3c,1,1,301,1.122,0.202
gaia,506,"10""",skycell,1,1,7,0.019,0.007
gaia,246,"1""",skycell,1,1,4,0.018,0.008
gaia,246,"1""",q3c,1,1,301,1.211,0.209
gaia,246,"1""",pgsphere,1,1,5,0.008,0.015
gaia,783,"10""",skycell,1,0,3,0.014,0.005
gaia,783,"10""",pgsphere,1,0,6,0.006,0.016
gaia,783,"10""",q3c,1,0,300,1.22,0.21
gaia,529,"10""",q3c,1,0,300,1.118,0.212
gaia,529,"10""",skycell,1,0,4,0.013,0.005
gaia,529,"10""",pgsphere,1,0,4,0.006,0.01
gaia,217,"1""",skycell,1,0,3,0.018,0.005
gaia,217,"1""",q3c,1,0,300,1.324,0.196
gaia,217,"1""",pgsphere,1,0,5,0.007,0.014
gaia,1277,6',q3c,3,5,302,1.109,0.205
gaia,1277,6',pgsphere,8,5,6,0.007,0.012
gaia,1277,6',skycell,4,5,8,0.018,0.011
gaia,818,1',q3c,1,1,301,1.258,0.197
gaia,818,1',skycell,1,1,4,0.013,0.006
gaia,818,1',pgsphere,1,1,5,0.006,0.012
gaia,1065,1',q3c,1,0,300,1.218,0.2
gaia,1065,1',pgsphere,1,0,5,0.007,0.012
gaia,1065,1',skycell,1,0,4,0.012,0.005
gaia,832,1',skycell,1,1,4,0.012,0.006
gaia,832,1',pgsphere,1,1,5,0.006,0.012
gaia,832,1',q3c,1,1,301,1.175,0.201
gaia,759,"10""",q3c,1,0,300,1.122,0.213
gaia,759,"10""",pgsphere,1,0,6,0.008,0.016
gaia,759,"10""",skycell,1,0,4,0.012,0.005
gaia,865,1',pgsphere,1,2,8,0.006,0.019
gaia,865,1',q3c,1,2,301,1.157,0.191
gaia,865,1',skycell,1,2,7,0.019,0.008
gaia,740,"10""",q3c,1,1,301,1.312,0.203
gaia,740,"10""",skycell,1,1,4,0.02,0.008
gaia,740,"10""",pgsphere,1,1,8,0.007,0.017
gaia,895,1',pgsphere,1,1,6,0.006,0.019
gaia,895,1',skycell,1,1,5,0.014,0.006
gaia,895,1',q3c,1,1,301,1.163,0.207
gaia,213,"1""",q3c,1,0,300,1.223,0.218
gaia,213,"1""",skycell,1,0,3,0.019,0.009
gaia,213,"1""",pgsphere,1,0,4,0.008,0.021
gaia,994,1',pgsphere,1,1,7,0.008,0.022
gaia,994,1',q3c,2,1,301,1.174,0.194
gaia,994,1',skycell,2,1,15,0.028,0.014
gaia,914,1',pgsphere,1,1,6,0.007,0.016
gaia,914,1',skycell,1,1,4,0.012,0.006
gaia,914,1',q3c,1,1,301,1.152,0.202
gaia,451,"10""",skycell,1,0,3,0.013,0.005
gaia,451,"10""",pgsphere,1,0,5,0.006,0.011
gaia,451,"10""",q3c,1,0,300,1.126,0.199
gaia,842,1',pgsphere,1,1,5,0.007,0.013
gaia,842,1',q3c,1,1,301,1.178,0.224
gaia,842,1',skycell,1,1,4,0.013,0.007
gaia,1411,1deg,pgsphere,762,262,44,0.006,0.083
gaia,1411,1deg,q3c,599,262,308,1.233,0.263
gaia,1411,1deg,skycell,180,262,20,0.029,0.046
gaia,489,"10""",pgsphere,1,0,6,0.006,0.015
gaia,489,"10""",q3c,1,0,300,1.222,0.199
gaia,489,"10""",skycell,1,0,3,0.013,0.004
gaia,199,"1""",skycell,1,0,9,0.022,0.012
gaia,199,"1""",pgsphere,1,0,5,0.007,0.013
gaia,199,"1""",q3c,1,0,300,1.22,0.205
gaia,838,1',pgsphere,1,1,12,0.015,0.033
gaia,838,1',q3c,1,1,301,2.046,0.212
gaia,838,1',skycell,1,1,5,0.013,0.009
gaia,1282,6',pgsphere,8,37,11,0.006,0.026
gaia,1282,6',q3c,10,37,303,1.193,0.222
gaia,1282,6',skycell,36,37,10,0.019,0.021
gaia,1164,6',pgsphere,8,11,12,0.006,0.029
gaia,1164,6',q3c,7,11,302,1.363,0.203
gaia,1164,6',skycell,13,11,8,0.018,0.012
gaia,862,1',pgsphere,1,1,8,0.006,0.018
gaia,862,1',q3c,1,1,301,1.134,0.198
gaia,862,1',skycell,1,1,4,0.013,0.006
gaia,847,1',q3c,1,0,300,1.134,0.206
gaia,847,1',skycell,1,0,4,0.014,0.006
gaia,847,1',pgsphere,1,0,5,0.006,0.018
gaia,1179,6',q3c,1,0,301,1.317,0.217
gaia,1179,6',pgsphere,8,0,6,0.007,0.022
gaia,1179,6',skycell,1,0,4,0.019,0.007
gaia,462,"10""",pgsphere,1,1,7,0.006,0.015
gaia,462,"10""",skycell,1,1,4,0.011,0.005
gaia,462,"10""",q3c,1,1,301,1.081,0.213
gaia,28,"1""",q3c,1,1,301,1.097,0.209
gaia,28,"1""",pgsphere,1,1,6,0.007,0.016
gaia,28,"1""",skycell,1,1,4,0.013,0.013
gaia,874,1',skycell,3,5,8,0.018,0.012
gaia,874,1',pgsphere,1,5,8,0.006,0.019
gaia,874,1',q3c,1,5,301,1.103,0.204
gaia,1096,1',pgsphere,1,1,7,0.007,0.017
gaia,1096,1',skycell,1,1,8,0.018,0.009
gaia,1096,1',q3c,2,1,301,1.264,0.204
gaia,347,"1""",skycell,1,0,3,0.013,0.005
gaia,347,"1""",q3c,1,0,300,1.157,0.2
gaia,347,"1""",pgsphere,1,0,4,0.007,0.01
gaia,375,"1""",q3c,1,0,300,1.088,0.223
gaia,375,"1""",pgsphere,1,0,4,0.007,0.01
gaia,375,"1""",skycell,1,0,3,0.013,0.004
gaia,1076,1',q3c,1,2,301,1.112,0.204
gaia,1076,1',pgsphere,1,2,5,0.008,0.011
gaia,1076,1',skycell,1,2,4,0.012,0.006
gaia,1365,30',skycell,853,340,40,0.051,0.067
gaia,1365,30',q3c,193,340,311,1.275,0.267
gaia,1365,30',pgsphere,190,340,78,0.007,0.133
gaia,85,"1""",skycell,1,0,3,0.012,0.005
gaia,85,"1""",pgsphere,1,0,5,0.006,0.014
gaia,85,"1""",q3c,1,0,300,1.354,0.196
gaia,1340,30',skycell,2612,3158,101,0.082,0.392
gaia,1340,30',q3c,992,3158,366,1.248,0.755
gaia,1340,30',pgsphere,190,3158,258,0.009,0.576
gaia,422,"10""",pgsphere,1,1,8,0.006,0.019
gaia,422,"10""",skycell,1,1,4,0.018,0.007
gaia,422,"10""",q3c,1,1,301,1.17,0.208
gaia,55,"1""",pgsphere,1,0,6,0.007,0.015
gaia,55,"1""",skycell,1,0,3,0.012,0.009
gaia,55,"1""",q3c,1,0,300,1.159,0.206
gaia,539,"10""",skycell,1,0,3,0.014,0.005
gaia,539,"10""",pgsphere,1,0,5,0.006,0.012
gaia,539,"10""",q3c,1,0,300,1.129,0.208
gaia,1,"1""",q3c,1,0,300,1.134,0.207
gaia,1,"1""",skycell,1,0,3,0.014,0.005
gaia,1,"1""",pgsphere,1,0,4,0.009,0.014
gaia,136,"1""",skycell,1,1,4,0.021,0.006
gaia,136,"1""",q3c,1,1,301,1.092,0.209
gaia,136,"1""",pgsphere,1,1,5,0.007,0.019
gaia,723,"10""",pgsphere,1,0,4,0.006,0.011
gaia,723,"10""",q3c,1,0,300,1.183,0.201
gaia,723,"10""",skycell,1,0,3,0.013,0.005
gaia,359,"1""",skycell,1,0,6,0.017,0.007
gaia,359,"1""",pgsphere,1,0,4,0.006,0.01
gaia,359,"1""",q3c,1,0,300,1.212,0.2
gaia,369,"1""",pgsphere,1,0,4,0.007,0.012
gaia,369,"1""",q3c,1,0,300,1.317,0.204
gaia,369,"1""",skycell,1,0,3,0.013,0.004
gaia,774,"10""",q3c,1,1,301,1.24,0.205
gaia,774,"10""",skycell,1,1,5,0.018,0.007
gaia,774,"10""",pgsphere,1,1,10,0.007,0.024
gaia,520,"10""",q3c,1,1,301,1.222,0.207
gaia,520,"10""",pgsphere,1,1,6,0.008,0.014
gaia,520,"10""",skycell,1,1,4,0.012,0.006
gaia,221,"1""",skycell,1,0,3,0.011,0.006
gaia,221,"1""",pgsphere,1,0,8,0.006,0.028
gaia,221,"1""",q3c,1,0,300,1.225,0.203
gaia,350,"1""",skycell,1,1,4,0.013,0.007
gaia,350,"1""",pgsphere,1,1,6,0.006,0.021
gaia,350,"1""",q3c,1,1,301,1.123,0.206
gaia,1322,30',pgsphere,190,323,49,0.007,0.099
gaia,1322,30',skycell,441,323,30,0.039,0.06
gaia,1322,30',q3c,277,323,309,1.129,0.258
gaia,252,"1""",q3c,1,1,301,1.225,0.209
gaia,252,"1""",pgsphere,1,1,8,0.008,0.02
gaia,252,"1""",skycell,1,1,7,0.018,0.019
gaia,1435,1deg,pgsphere,762,83,19,0.007,0.089
gaia,1435,1deg,q3c,141,83,303,1.131,0.248
gaia,1435,1deg,skycell,62,83,18,0.029,0.07
gaia,960,1',skycell,1,1,4,0.014,0.006
gaia,960,1',q3c,1,1,301,1.189,0.203
gaia,960,1',pgsphere,1,1,5,0.007,0.012
gaia,929,1',q3c,1,0,300,1.035,0.203
gaia,929,1',pgsphere,1,0,5,0.007,0.016
gaia,929,1',skycell,1,0,4,0.014,0.005
gaia,1102,6',q3c,6,68,304,1.184,0.219
gaia,1102,6',pgsphere,8,68,17,0.007,0.033
gaia,1102,6',skycell,47,68,9,0.018,0.019
gaia,38,"1""",pgsphere,1,1,7,0.009,0.023
gaia,38,"1""",skycell,1,1,4,0.011,0.005
gaia,38,"1""",q3c,1,1,301,1.256,0.198
gaia,63,"1""",skycell,1,0,3,0.015,0.006
gaia,63,"1""",q3c,1,0,300,1.125,0.205
gaia,63,"1""",pgsphere,1,0,4,0.007,0.009
gaia,237,"1""",pgsphere,1,0,6,0.006,0.017
gaia,237,"1""",skycell,1,0,3,0.021,0.013
gaia,237,"1""",q3c,1,0,300,1.157,0.204
gaia,379,"1""",pgsphere,1,0,4,0.008,0.011
gaia,379,"1""",skycell,1,0,3,0.013,0.005
gaia,379,"1""",q3c,1,0,300,1.114,0.21
gaia,1142,6',pgsphere,8,11,17,0.008,0.038
gaia,1142,6',skycell,13,11,15,0.03,0.014
gaia,1142,6',q3c,3,11,301,1.239,0.214
gaia,159,"1""",skycell,1,0,3,0.02,0.011
gaia,159,"1""",q3c,1,0,300,1.139,0.203
gaia,159,"1""",pgsphere,1,0,5,0.007,0.013
gaia,1025,1',skycell,1,0,4,0.012,0.006
gaia,1025,1',pgsphere,1,0,10,0.006,0.027
gaia,1025,1',q3c,1,0,300,1.246,0.205
gaia,412,"10""",q3c,1,1,301,1.207,0.214
gaia,412,"10""",pgsphere,1,1,5,0.008,0.01
gaia,412,"10""",skycell,1,1,4,0.012,0.006
gaia,469,"10""",pgsphere,1,0,4,0.006,0.011
gaia,469,"10""",q3c,1,0,300,1.156,0.192
gaia,469,"10""",skycell,1,0,3,0.013,0.005
gaia,1079,1',skycell,1,0,3,0.017,0.004
gaia,1079,1',q3c,1,0,300,1.173,0.204
gaia,1079,1',pgsphere,1,0,6,0.007,0.015
gaia,776,"10""",pgsphere,1,1,5,0.006,0.011
gaia,776,"10""",skycell,1,1,4,0.013,0.007
gaia,776,"10""",q3c,1,1,301,1.225,0.205
gaia,1372,30',q3c,53,141,309,1.239,0.25
gaia,1372,30',pgsphere,190,141,42,0.008,0.07
gaia,1372,30',skycell,116,141,18,0.028,0.032
gaia,355,"1""",pgsphere,1,0,5,0.006,0.017
gaia,355,"1""",skycell,1,0,3,0.011,0.011
gaia,355,"1""",q3c,1,0,300,1.163,0.192
gaia,223,"1""",skycell,1,0,3,0.013,0.013
gaia,223,"1""",q3c,1,0,300,1.227,0.217
gaia,223,"1""",pgsphere,1,0,9,0.008,0.02
gaia,11,"1""",pgsphere,1,0,4,0.006,0.013
gaia,11,"1""",skycell,1,0,3,0.012,0.007
gaia,11,"1""",q3c,1,0,300,1.167,0.204
gaia,657,"10""",pgsphere,1,0,6,0.008,0.014
gaia,657,"10""",skycell,1,0,6,0.025,0.007
gaia,657,"10""",q3c,1,0,300,1.328,0.204
gaia,995,1',q3c,1,0,300,1.163,0.238
gaia,995,1',skycell,1,0,4,0.013,0.006
gaia,995,1',pgsphere,1,0,4,0.006,0.01
gaia,923,1',skycell,1,3,5,0.02,0.01
gaia,923,1',pgsphere,1,3,6,0.006,0.014
gaia,923,1',q3c,1,3,301,1.197,0.197
gaia,1342,30',q3c,185,265,311,1.246,0.295
gaia,1342,30',skycell,220,265,18,0.025,0.048
gaia,1342,30',pgsphere,190,265,47,0.007,0.081
gaia,37,"1""",q3c,1,0,300,1.178,0.206
gaia,37,"1""",skycell,1,0,6,0.019,0.007
gaia,37,"1""",pgsphere,1,0,5,0.006,0.011
gaia,135,"1""",q3c,1,0,300,1.092,0.207
gaia,135,"1""",pgsphere,1,0,8,0.007,0.019
gaia,135,"1""",skycell,1,0,3,0.012,0.005
gaia,388,"1""",q3c,1,1,301,1.09,0.206
gaia,388,"1""",pgsphere,1,1,5,0.007,0.01
gaia,388,"1""",skycell,1,1,4,0.013,0.006
gaia,182,"1""",pgsphere,1,1,6,0.006,0.016
gaia,182,"1""",skycell,1,1,4,0.017,0.017
gaia,182,"1""",q3c,1,1,301,1.142,0.232
gaia,1299,6',q3c,5,14,303,1.209,0.217
gaia,1299,6',skycell,7,14,5,0.014,0.012
gaia,1299,6',pgsphere,8,14,7,0.006,0.016
gaia,267,"1""",pgsphere,1,0,7,0.006,0.017
gaia,267,"1""",q3c,1,0,300,1.208,0.195
gaia,267,"1""",skycell,1,0,3,0.02,0.005
gaia,327,"1""",skycell,1,0,3,0.012,0.005
gaia,327,"1""",q3c,1,0,300,1.118,0.203
gaia,327,"1""",pgsphere,1,0,5,0.007,0.011
gaia,475,"10""",pgsphere,1,0,4,0.006,0.009
gaia,475,"10""",q3c,1,0,300,1.144,0.204
gaia,475,"10""",skycell,1,0,3,0.013,0.005
gaia,3,"1""",q3c,1,0,300,1.316,0.206
gaia,3,"1""",pgsphere,1,0,4,0.007,0.011
gaia,3,"1""",skycell,1,0,3,0.011,0.004
gaia,886,1',skycell,2,2,8,0.017,0.011
gaia,886,1',pgsphere,1,2,6,0.006,0.011
gaia,886,1',q3c,1,2,302,1.085,0.203
gaia,570,"10""",skycell,1,1,5,0.013,0.007
gaia,570,"10""",pgsphere,1,1,6,0.006,0.013
gaia,570,"10""",q3c,1,1,301,1.248,0.198
gaia,496,"10""",q3c,1,1,301,1.07,0.217
gaia,496,"10""",pgsphere,1,1,5,0.008,0.01
gaia,496,"10""",skycell,1,1,4,0.012,0.005
gaia,1207,6',skycell,2,1,4,0.012,0.006
gaia,1207,6',q3c,1,1,301,1.144,0.202
gaia,1207,6',pgsphere,8,1,6,0.007,0.013
gaia,173,"1""",skycell,1,0,3,0.019,0.005
gaia,173,"1""",q3c,1,0,300,1.059,0.209
gaia,173,"1""",pgsphere,1,0,5,0.007,0.012
gaia,84,"1""",q3c,1,1,301,1.124,0.202
gaia,84,"1""",pgsphere,1,1,6,0.007,0.015
gaia,84,"1""",skycell,1,1,4,0.012,0.006
gaia,1144,6',q3c,29,50,303,1.143,0.214
gaia,1144,6',pgsphere,8,50,13,0.007,0.03
gaia,1144,6',skycell,41,50,16,0.028,0.022
gaia,411,"10""",pgsphere,1,0,5,0.006,0.012
gaia,411,"10""",skycell,1,0,3,0.011,0.004
gaia,411,"10""",q3c,1,0,300,1.079,0.194
gaia,978,1',skycell,2,3,8,0.019,0.012
gaia,978,1',q3c,1,3,301,1.151,0.202
gaia,978,1',pgsphere,1,3,9,0.007,0.021
gaia,579,"10""",q3c,1,0,300,1.181,0.201
gaia,579,"10""",skycell,1,0,3,0.013,0.004
gaia,579,"10""",pgsphere,1,0,4,0.006,0.01
gaia,833,1',pgsphere,1,0,6,0.006,0.014
gaia,833,1',q3c,1,0,300,1.133,0.2
gaia,833,1',skycell,1,0,4,0.013,0.006
gaia,235,"1""",skycell,1,0,6,0.017,0.006
gaia,235,"1""",q3c,1,0,300,1.156,0.204
gaia,235,"1""",pgsphere,1,0,5,0.007,0.011
gaia,1323,30',pgsphere,190,1953,219,0.006,0.453
gaia,1323,30',skycell,1170,1953,59,0.047,0.25
gaia,1323,30',q3c,471,1953,333,1.169,0.469
gaia,1422,1deg,skycell,4206,4434,118,0.08,0.628
gaia,1422,1deg,q3c,1489,4434,380,1.174,0.984
gaia,1422,1deg,pgsphere,762,4434,442,0.008,1.463
gaia,140,"1""",skycell,1,1,4,0.014,0.01
gaia,140,"1""",q3c,1,1,301,1.148,0.208
gaia,140,"1""",pgsphere,1,1,5,0.008,0.019
gaia,1284,6',skycell,181,186,17,0.033,0.037
gaia,1284,6',q3c,46,186,308,1.223,0.247
gaia,1284,6',pgsphere,8,186,41,0.007,0.073
gaia,308,"1""",pgsphere,1,1,10,0.006,0.02
gaia,308,"1""",q3c,1,1,301,1.145,0.197
gaia,308,"1""",skycell,1,1,4,0.015,0.007
gaia,406,"10""",skycell,1,1,4,0.013,0.006
gaia,406,"10""",pgsphere,1,1,5,0.007,0.013
gaia,406,"10""",q3c,1,1,301,1.187,0.236
gaia,1452,3deg,skycell,7749,9122,208,0.207,1.437
gaia,1452,3deg,pgsphere,6852,9122,298,0.012,2.29
gaia,1452,3deg,q3c,2709,9122,446,1.065,1.651
gaia,1330,30',skycell,3844,3898,107,0.091,0.43
gaia,1330,30',pgsphere,190,3898,352,0.008,0.668
gaia,1330,30',q3c,504,3898,376,1.228,0.772
gaia,1165,6',skycell,51,52,13,0.025,0.025
gaia,1165,6',pgsphere,8,52,12,0.007,0.035
gaia,1165,6',q3c,23,52,305,1.151,0.214
gaia,1120,6',q3c,14,16,301,1.202,0.217
gaia,1120,6',skycell,18,16,12,0.025,0.017
gaia,1120,6',pgsphere,8,16,13,0.007,0.024
gaia,647,"10""",skycell,1,0,3,0.012,0.005
gaia,647,"10""",q3c,1,0,300,1.215,0.205
gaia,647,"10""",pgsphere,1,0,4,0.007,0.01
gaia,35,"1""",q3c,1,0,300,1.161,0.209
gaia,35,"1""",skycell,1,0,3,0.013,0.005
gaia,35,"1""",pgsphere,1,0,5,0.006,0.012
gaia,1116,6',pgsphere,8,153,26,0.006,0.053
gaia,1116,6',q3c,73,153,305,1.225,0.244
gaia,1116,6',skycell,152,153,19,0.028,0.036
gaia,413,"10""",skycell,1,0,3,0.012,0.006
gaia,413,"10""",pgsphere,1,0,4,0.006,0.01
gaia,413,"10""",q3c,1,0,300,1.184,0.195
gaia,45,"1""",skycell,1,0,6,0.019,0.007
gaia,45,"1""",q3c,1,0,300,1.253,0.199
gaia,45,"1""",pgsphere,1,0,4,0.007,0.01
gaia,1254,6',pgsphere,8,57,14,0.006,0.029
gaia,1254,6',q3c,22,57,303,1.272,0.215
gaia,1254,6',skycell,34,57,19,0.029,0.03
gaia,969,1',q3c,1,0,300,1.119,0.201
gaia,969,1',skycell,1,0,4,0.013,0.005
gaia,969,1',pgsphere,1,0,4,0.006,0.009
gaia,373,"1""",skycell,1,0,3,0.02,0.007
gaia,373,"1""",pgsphere,1,0,4,0.006,0.01
gaia,373,"1""",q3c,1,0,300,1.178,0.209
gaia,1111,6',pgsphere,8,9,12,0.007,0.034
gaia,1111,6',q3c,1,9,302,1.105,0.206
gaia,1111,6',skycell,12,9,5,0.013,0.01
gaia,575,"10""",pgsphere,1,0,4,0.006,0.011
gaia,575,"10""",skycell,1,0,6,0.019,0.006
gaia,575,"10""",q3c,1,0,300,1.073,0.196
gaia,1248,6',pgsphere,8,90,18,0.007,0.041
gaia,1248,6',skycell,77,90,18,0.033,0.031
gaia,1248,6',q3c,39,90,304,1.236,0.225
gaia,494,"10""",pgsphere,1,2,7,0.007,0.018
gaia,494,"10""",skycell,1,2,4,0.013,0.006
gaia,494,"10""",q3c,1,2,301,1.181,0.196
gaia,331,"1""",q3c,1,0,300,1.14,0.209
gaia,331,"1""",skycell,1,0,3,0.021,0.007
gaia,331,"1""",pgsphere,1,0,5,0.006,0.015
gaia,678,"10""",skycell,1,1,4,0.012,0.006
gaia,678,"10""",q3c,1,1,301,1.235,0.201
gaia,678,"10""",pgsphere,1,1,7,0.007,0.017
gaia,296,"1""",q3c,1,1,301,1.215,0.223
gaia,296,"1""",skycell,1,1,4,0.013,0.007
gaia,296,"1""",pgsphere,1,1,5,0.006,0.019
gaia,328,"1""",pgsphere,1,1,7,0.006,0.017
gaia,328,"1""",q3c,1,1,301,1.132,0.205
gaia,328,"1""",skycell,1,1,4,0.02,0.007
gaia,491,"10""",q3c,1,0,300,1.229,0.226
gaia,491,"10""",skycell,1,0,3,0.013,0.005
gaia,491,"10""",pgsphere,1,0,4,0.006,0.009
gaia,1177,6',skycell,5,6,4,0.012,0.007
gaia,1177,6',pgsphere,8,6,10,0.006,0.025
gaia,1177,6',q3c,2,6,302,1.077,0.22
gaia,1048,1',pgsphere,1,7,7,0.007,0.015
gaia,1048,1',skycell,5,7,8,0.018,0.01
gaia,1048,1',q3c,1,7,301,1.17,0.201
gaia,20,"1""",q3c,1,1,301,1.172,0.229
gaia,20,"1""",pgsphere,1,1,5,0.008,0.026
gaia,20,"1""",skycell,1,1,4,0.013,0.015
gaia,1401,1deg,pgsphere,762,306,38,0.009,0.099
gaia,1401,1deg,skycell,481,306,29,0.037,0.056
gaia,1401,1deg,q3c,98,306,309,1.112,0.252
gaia,358,"1""",skycell,1,1,4,0.013,0.006
gaia,358,"1""",q3c,1,1,301,1.2,0.199
gaia,358,"1""",pgsphere,1,1,10,0.007,0.022
gaia,555,"10""",skycell,1,0,7,0.018,0.009
gaia,555,"10""",pgsphere,1,0,4,0.006,0.01
gaia,555,"10""",q3c,1,0,300,1.121,0.199
gaia,1331,30',q3c,22,11,301,1.314,0.211
gaia,1331,30',skycell,23,11,9,0.019,0.014
gaia,1331,30',pgsphere,190,11,10,0.006,0.035
gaia,334,"1""",pgsphere,1,1,5,0.007,0.012
gaia,334,"1""",q3c,1,1,301,1.209,0.201
gaia,334,"1""",skycell,1,1,4,0.018,0.007
gaia,336,"1""",q3c,1,1,301,1.153,0.208
gaia,336,"1""",skycell,1,1,4,0.013,0.006
gaia,336,"1""",pgsphere,1,1,5,0.006,0.011
gaia,109,"1""",pgsphere,1,0,5,0.007,0.012
gaia,109,"1""",q3c,1,0,300,1.147,0.213
gaia,109,"1""",skycell,1,0,6,0.024,0.008
gaia,713,"10""",skycell,1,0,3,0.012,0.005
gaia,713,"10""",q3c,1,0,300,1.11,0.212
gaia,713,"10""",pgsphere,1,0,4,0.007,0.011
gaia,1201,6',pgsphere,8,0,5,0.006,0.015
gaia,1201,6',q3c,1,0,300,1.298,0.208
gaia,1201,6',skycell,1,0,8,0.02,0.009
gaia,256,"1""",skycell,1,1,4,0.018,0.01
gaia,256,"1""",pgsphere,1,1,6,0.008,0.013
gaia,256,"1""",q3c,1,1,301,1.141,0.213
gaia,667,"10""",q3c,1,0,300,1.09,0.206
gaia,667,"10""",skycell,1,0,3,0.013,0.004
gaia,667,"10""",pgsphere,1,0,4,0.006,0.011
gaia,1121,6',skycell,1,1,4,0.011,0.006
gaia,1121,6',q3c,1,1,301,1.215,0.194
gaia,1121,6',pgsphere,8,1,6,0.007,0.015
gaia,619,"10""",pgsphere,1,0,6,0.006,0.015
gaia,619,"10""",q3c,1,0,300,1.204,0.199
gaia,619,"10""",skycell,1,0,3,0.021,0.006
gaia,44,"1""",pgsphere,1,1,12,0.006,0.024
gaia,44,"1""",skycell,1,1,4,0.012,0.005
gaia,44,"1""",q3c,1,1,301,1.094,0.211
gaia,429,"10""",skycell,1,0,3,0.022,0.004
gaia,429,"10""",pgsphere,1,0,5,0.006,0.013
gaia,429,"10""",q3c,1,0,300,1.182,0.204
gaia,1172,6',skycell,1,1,4,0.013,0.008
gaia,1172,6',q3c,1,1,301,1.225,0.203
gaia,1172,6',pgsphere,8,1,6,0.007,0.015
gaia,1136,6',pgsphere,8,4,11,0.006,0.018
gaia,1136,6',skycell,5,4,11,0.023,0.014
gaia,1136,6',q3c,2,4,302,1.067,0.206
gaia,441,"10""",pgsphere,1,0,6,0.007,0.014
gaia,441,"10""",q3c,1,0,300,1.235,0.195
gaia,441,"10""",skycell,1,0,6,0.018,0.006
gaia,360,"1""",skycell,1,1,4,0.012,0.006
gaia,360,"1""",q3c,1,1,301,1.12,0.205
gaia,360,"1""",pgsphere,1,1,5,0.007,0.013
gaia,863,1',q3c,1,0,300,1.206,0.197
gaia,863,1',skycell,1,0,4,0.013,0.006
gaia,863,1',pgsphere,1,0,4,0.006,0.009
gaia,1066,1',q3c,1,5,301,1.123,0.209
gaia,1066,1',skycell,3,5,8,0.019,0.012
gaia,1066,1',pgsphere,1,5,13,0.006,0.033
gaia,519,"10""",q3c,1,0,300,1.215,0.206
gaia,519,"10""",skycell,1,0,3,0.013,0.004
gaia,519,"10""",pgsphere,1,0,5,0.006,0.011
gaia,338,"1""",pgsphere,1,1,9,0.006,0.019
gaia,338,"1""",q3c,1,1,301,1.187,0.204
gaia,338,"1""",skycell,1,1,4,0.018,0.008
gaia,1133,6',skycell,2,5,4,0.018,0.008
gaia,1133,6',q3c,3,5,301,1.083,0.21
gaia,1133,6',pgsphere,8,5,6,0.007,0.016
gaia,609,"10""",pgsphere,1,0,3,0.006,0.006
gaia,609,"10""",skycell,1,0,6,0.018,0.006
gaia,609,"10""",q3c,1,0,300,1.129,0.201
gaia,1424,1deg,skycell,16131,15712,271,0.072,2.077
gaia,1424,1deg,q3c,6691,15712,545,1.16,2.455
gaia,1424,1deg,pgsphere,762,15712,1434,0.008,4.113
gaia,1002,1',pgsphere,1,1,5,0.008,0.012
gaia,1002,1',q3c,1,1,301,1.169,0.205
gaia,1002,1',skycell,1,1,4,0.013,0.006
gaia,184,"1""",skycell,1,1,4,0.02,0.006
gaia,184,"1""",q3c,1,1,301,1.117,0.208
gaia,184,"1""",pgsphere,1,1,5,0.007,0.013
gaia,509,"10""",pgsphere,1,0,7,0.006,0.018
gaia,509,"10""",q3c,1,0,300,1.344,0.202
gaia,509,"10""",skycell,1,0,6,0.019,0.006
gaia,1234,6',pgsphere,8,16,14,0.006,0.029
gaia,1234,6',skycell,13,16,9,0.017,0.017
gaia,1234,6',q3c,5,16,302,1.162,0.21
gaia,436,"10""",pgsphere,1,1,6,0.007,0.013
gaia,436,"10""",skycell,1,1,7,0.018,0.007
gaia,436,"10""",q3c,1,1,301,1.246,0.198
gaia,1010,1',q3c,1,1,301,1.083,0.209
gaia,1010,1',pgsphere,1,1,6,0.008,0.014
gaia,1010,1',skycell,1,1,4,0.013,0.005
gaia,378,"1""",q3c,1,1,301,1.139,0.206
gaia,378,"1""",pgsphere,1,1,5,0.007,0.011
gaia,378,"1""",skycell,1,1,4,0.012,0.006
gaia,1103,6',q3c,1,1,301,1.173,0.217
gaia,1103,6',skycell,1,1,4,0.013,0.006
gaia,1103,6',pgsphere,8,1,6,0.006,0.015
gaia,23,"1""",pgsphere,1,0,5,0.006,0.011
gaia,23,"1""",skycell,1,0,3,0.011,0.003
gaia,23,"1""",q3c,1,0,300,1.149,0.198
gaia,959,1',q3c,1,0,300,1.075,0.207
gaia,959,1',pgsphere,1,0,4,0.008,0.011
gaia,959,1',skycell,1,0,4,0.012,0.006
gaia,856,1',q3c,1,3,301,1.156,0.206
gaia,856,1',pgsphere,1,3,5,0.008,0.011
gaia,856,1',skycell,3,3,9,0.026,0.011
gaia,945,1',q3c,1,0,300,1.105,0.203
gaia,945,1',pgsphere,1,0,4,0.007,0.01
gaia,945,1',skycell,1,0,7,0.018,0.007
gaia,57,"1""",q3c,1,0,300,1.323,0.197
gaia,57,"1""",skycell,1,0,3,0.018,0.005
gaia,57,"1""",pgsphere,1,0,6,0.007,0.014
gaia,608,"10""",pgsphere,1,1,5,0.006,0.011
gaia,608,"10""",q3c,1,1,301,1.101,0.21
gaia,608,"10""",skycell,1,1,4,0.012,0.006
gaia,1428,1deg,q3c,4357,16111,566,1.163,2.615
gaia,1428,1deg,pgsphere,762,16111,1362,0.009,3.862
gaia,1428,1deg,skycell,15791,16111,288,0.067,2.02
gaia,1195,6',skycell,4,4,11,0.027,0.019
gaia,1195,6',pgsphere,8,4,6,0.007,0.015
gaia,1195,6',q3c,1,4,302,1.165,0.205
gaia,1219,6',skycell,1,0,4,0.013,0.007
gaia,1219,6',pgsphere,8,0,5,0.006,0.011
gaia,1219,6',q3c,1,0,301,1.083,0.201
gaia,387,"1""",skycell,1,0,6,0.039,0.006
gaia,387,"1""",pgsphere,1,0,4,0.007,0.009
gaia,387,"1""",q3c,1,0,300,1.227,0.205
gaia,1056,1',q3c,1,1,301,1.158,0.225
gaia,1056,1',skycell,1,1,7,0.019,0.008
gaia,1056,1',pgsphere,1,1,6,0.006,0.015
gaia,920,1',pgsphere,1,2,6,0.006,0.014
gaia,920,1',q3c,1,2,302,1.193,0.201
gaia,920,1',skycell,1,2,4,0.014,0.008
gaia,39,"1""",pgsphere,1,0,6,0.006,0.015
gaia,39,"1""",q3c,1,0,300,1.192,0.195
gaia,39,"1""",skycell,1,0,3,0.014,0.004
gaia,5,"1""",skycell,1,0,6,0.017,0.006
gaia,5,"1""",q3c,1,0,300,1.122,0.213
gaia,5,"1""",pgsphere,1,0,5,0.007,0.012
gaia,363,"1""",q3c,1,0,300,1.132,0.199
gaia,363,"1""",skycell,1,0,3,0.013,0.005
gaia,363,"1""",pgsphere,1,0,4,0.006,0.01
gaia,196,"1""",pgsphere,1,1,7,0.006,0.013
gaia,196,"1""",skycell,1,1,4,0.011,0.005
gaia,196,"1""",q3c,1,1,301,1.163,0.201
gaia,178,"1""",skycell,1,1,4,0.012,0.006
gaia,178,"1""",pgsphere,1,1,6,0.006,0.012
gaia,178,"1""",q3c,1,1,301,1.111,0.203
gaia,569,"10""",pgsphere,1,0,6,0.007,0.017
gaia,569,"10""",q3c,1,0,300,1.355,0.203
gaia,569,"10""",skycell,1,0,3,0.014,0.005
gaia,661,"10""",q3c,1,0,300,1.092,0.201
gaia,661,"10""",skycell,1,0,3,0.013,0.006
gaia,661,"10""",pgsphere,1,0,4,0.006,0.011
gaia,445,"10""",pgsphere,1,0,5,0.006,0.012
gaia,445,"10""",q3c,1,0,300,1.235,0.201
gaia,445,"10""",skycell,1,0,3,0.013,0.005
gaia,1418,1deg,skycell,7818,9816,202,0.089,1.194
gaia,1418,1deg,pgsphere,762,9816,1003,0.008,2.432
gaia,1418,1deg,q3c,3397,9816,453,1.191,1.591
gaia,1394,30',skycell,743,525,35,0.044,0.082
gaia,1394,30',q3c,350,525,314,1.127,0.281
gaia,1394,30',pgsphere,190,525,75,0.008,0.17
gaia,416,"10""",q3c,1,1,301,1.236,0.203
gaia,416,"10""",skycell,1,1,4,0.018,0.007
gaia,416,"10""",pgsphere,1,1,9,0.007,0.019
gaia,318,"1""",q3c,1,1,301,1.145,0.211
gaia,318,"1""",pgsphere,1,1,5,0.007,0.009
gaia,318,"1""",skycell,1,1,4,0.012,0.005
gaia,512,"10""",q3c,1,1,301,1.063,0.204
gaia,512,"10""",pgsphere,1,1,6,0.007,0.018
gaia,512,"10""",skycell,1,1,4,0.014,0.007
gaia,1405,1deg,q3c,154,163,307,1.206,0.254
gaia,1405,1deg,pgsphere,762,163,39,0.008,0.132
gaia,1405,1deg,skycell,78,163,15,0.025,0.037
gaia,289,"1""",skycell,1,0,3,0.018,0.005
gaia,289,"1""",pgsphere,1,0,6,0.006,0.013
gaia,289,"1""",q3c,1,0,300,1.317,0.205
gaia,330,"1""",skycell,1,1,4,0.014,0.006
gaia,330,"1""",q3c,1,1,301,1.222,0.2
gaia,330,"1""",pgsphere,1,1,8,0.007,0.018
gaia,1212,6',q3c,22,26,301,1.233,0.209
gaia,1212,6',skycell,34,26,11,0.026,0.021
gaia,1212,6',pgsphere,8,26,10,0.006,0.02
gaia,181,"1""",pgsphere,1,0,8,0.006,0.031
gaia,181,"1""",q3c,1,0,300,1.176,0.216
gaia,181,"1""",skycell,1,0,3,0.013,0.008
gaia,281,"1""",skycell,1,0,6,0.023,0.007
gaia,281,"1""",pgsphere,1,0,4,0.007,0.009
gaia,281,"1""",q3c,1,0,300,1.121,0.204
gaia,174,"1""",pgsphere,1,1,9,0.007,0.029
gaia,174,"1""",skycell,1,1,4,0.012,0.006
gaia,174,"1""",q3c,1,1,301,1.254,0.202
gaia,24,"1""",pgsphere,1,1,6,0.007,0.018
gaia,24,"1""",skycell,1,1,4,0.013,0.005
gaia,24,"1""",q3c,1,1,301,1.097,0.215
gaia,930,1',skycell,3,1,4,0.013,0.006
gaia,930,1',q3c,1,1,301,1.154,0.209
gaia,930,1',pgsphere,1,1,5,0.007,0.012
gaia,424,"10""",pgsphere,1,1,6,0.006,0.012
gaia,424,"10""",q3c,1,1,301,1.245,0.206
gaia,424,"10""",skycell,1,1,7,0.019,0.009
gaia,142,"1""",q3c,1,1,301,1.11,0.203
gaia,142,"1""",pgsphere,1,1,7,0.007,0.016
gaia,142,"1""",skycell,1,1,4,0.012,0.006
gaia,1233,6',pgsphere,8,0,5,0.006,0.013
gaia,1233,6',skycell,1,0,4,0.012,0.006
gaia,1233,6',q3c,1,0,300,1.059,0.217
gaia,497,"10""",q3c,1,0,300,1.076,0.209
gaia,497,"10""",pgsphere,1,0,4,0.007,0.012
gaia,497,"10""",skycell,1,0,4,0.012,0.004
gaia,1367,30',q3c,33,76,306,1.038,0.226
gaia,1367,30',pgsphere,190,76,33,0.007,0.048
gaia,1367,30',skycell,104,76,17,0.028,0.026
gaia,112,"1""",q3c,1,1,301,1.191,0.202
gaia,112,"1""",skycell,1,1,7,0.02,0.009
gaia,112,"1""",pgsphere,1,1,6,0.006,0.012
gaia,481,"10""",skycell,1,0,4,0.011,0.006
gaia,481,"10""",pgsphere,1,0,5,0.006,0.013
gaia,481,"10""",q3c,1,0,300,1.153,0.206
gaia,613,"10""",skycell,1,0,3,0.013,0.004
gaia,613,"10""",q3c,1,0,300,1.33,0.204
gaia,613,"10""",pgsphere,1,0,6,0.007,0.016
gaia,951,1',skycell,1,1,4,0.012,0.006
gaia,951,1',pgsphere,1,1,6,0.006,0.013
gaia,951,1',q3c,1,1,301,1.238,0.202
gaia,702,"10""",skycell,1,1,7,0.018,0.009
gaia,702,"10""",pgsphere,1,1,7,0.006,0.016
gaia,702,"10""",q3c,1,1,301,1.305,0.205
gaia,77,"1""",q3c,1,0,300,1.254,0.207
gaia,77,"1""",skycell,1,0,6,0.026,0.014
gaia,77,"1""",pgsphere,1,0,4,0.007,0.01
gaia,343,"1""",q3c,1,0,300,1.355,0.197
gaia,343,"1""",pgsphere,1,0,7,0.007,0.022
gaia,343,"1""",skycell,1,0,3,0.02,0.005
gaia,724,"10""",skycell,1,2,4,0.013,0.006
gaia,724,"10""",q3c,1,2,301,1.08,0.206
gaia,724,"10""",pgsphere,1,2,7,0.007,0.022
gaia,164,"1""",pgsphere,1,1,6,0.006,0.023
gaia,164,"1""",q3c,1,1,301,1.17,0.224
gaia,164,"1""",skycell,1,1,4,0.019,0.014
gaia,428,"10""",q3c,1,1,301,1.095,0.218
gaia,428,"10""",skycell,1,1,4,0.014,0.006
gaia,428,"10""",pgsphere,1,1,5,0.006,0.013
gaia,1168,6',pgsphere,8,26,10,0.006,0.019
gaia,1168,6',skycell,24,26,16,0.028,0.021
gaia,1168,6',q3c,7,26,303,1.103,0.214
gaia,1227,6',skycell,11,19,8,0.023,0.014
gaia,1227,6',q3c,6,19,303,1.136,0.224
gaia,1227,6',pgsphere,8,19,12,0.007,0.025
gaia,130,"1""",skycell,1,1,4,0.012,0.006
gaia,130,"1""",q3c,1,1,301,1.224,0.202
gaia,130,"1""",pgsphere,1,1,5,0.008,0.011
gaia,183,"1""",pgsphere,1,0,5,0.006,0.018
gaia,183,"1""",skycell,1,0,6,0.019,0.013
gaia,183,"1""",q3c,1,0,300,1.165,0.217
gaia,377,"1""",skycell,1,0,6,0.019,0.006
gaia,377,"1""",q3c,1,0,300,1.148,0.205
gaia,377,"1""",pgsphere,1,0,5,0.007,0.013
gaia,1338,30',skycell,81,69,21,0.033,0.034
gaia,1338,30',pgsphere,190,69,27,0.007,0.045
gaia,1338,30',q3c,51,69,307,1.221,0.232
gaia,1062,1',q3c,1,2,301,1.136,0.209
gaia,1062,1',pgsphere,1,2,5,0.008,0.013
gaia,1062,1',skycell,1,2,4,0.012,0.007
gaia,81,"1""",skycell,1,0,3,0.017,0.013
gaia,81,"1""",q3c,1,0,300,1.149,0.198
gaia,81,"1""",pgsphere,1,0,4,0.007,0.01
gaia,931,1',pgsphere,1,0,4,0.007,0.01
gaia,931,1',skycell,1,0,4,0.018,0.006
gaia,931,1',q3c,1,0,300,1.179,0.203
gaia,272,"1""",q3c,1,1,301,1.12,0.216
gaia,272,"1""",pgsphere,1,1,7,0.008,0.02
gaia,272,"1""",skycell,1,1,4,0.012,0.006
gaia,219,"1""",pgsphere,1,0,5,0.006,0.01
gaia,219,"1""",skycell,1,0,3,0.011,0.011
gaia,219,"1""",q3c,1,0,300,1.371,0.192
gaia,1021,1',q3c,1,0,301,1.184,0.218
gaia,1021,1',pgsphere,1,0,5,0.009,0.014
gaia,1021,1',skycell,1,0,4,0.013,0.005
gaia,669,"10""",pgsphere,1,0,4,0.006,0.011
gaia,669,"10""",skycell,1,0,6,0.018,0.007
gaia,669,"10""",q3c,1,0,300,1.3,0.208
gaia,590,"10""",skycell,1,1,4,0.013,0.006
gaia,590,"10""",pgsphere,1,1,11,0.006,0.028
gaia,590,"10""",q3c,1,1,301,1.209,0.208
gaia,1198,6',q3c,6,9,301,1.238,0.214
gaia,1198,6',skycell,15,9,15,0.029,0.017
gaia,1198,6',pgsphere,8,9,9,0.006,0.02
gaia,1031,1',skycell,1,3,4,0.012,0.008
gaia,1031,1',pgsphere,1,3,7,0.006,0.021
gaia,1031,1',q3c,1,3,302,1.184,0.199
gaia,745,"10""",q3c,1,0,300,1.201,0.207
gaia,745,"10""",skycell,1,0,4,0.014,0.005
gaia,745,"10""",pgsphere,1,0,7,0.01,0.016
gaia,92,"1""",pgsphere,1,1,6,0.006,0.014
gaia,92,"1""",skycell,1,1,4,0.019,0.005
gaia,92,"1""",q3c,1,1,301,1.114,0.208
gaia,1161,6',q3c,2,1,301,1.357,0.214
gaia,1161,6',pgsphere,8,1,5,0.007,0.011
gaia,1161,6',skycell,1,1,4,0.012,0.006
gaia,773,"10""",skycell,1,0,3,0.011,0.004
gaia,773,"10""",q3c,1,0,300,1.196,0.194
gaia,773,"10""",pgsphere,1,0,4,0.007,0.01
gaia,752,"10""",skycell,1,1,4,0.012,0.006
gaia,752,"10""",q3c,1,1,301,1.14,0.222
gaia,752,"10""",pgsphere,1,1,5,0.007,0.01
gaia,317,"1""",q3c,1,0,300,1.071,0.201
gaia,317,"1""",pgsphere,1,0,4,0.007,0.01
gaia,317,"1""",skycell,1,0,3,0.012,0.005
gaia,1274,6',q3c,57,92,306,1.239,0.223
gaia,1274,6',skycell,127,92,20,0.042,0.03
gaia,1274,6',pgsphere,8,92,19,0.006,0.036
gaia,548,"10""",q3c,1,1,301,1.246,0.195
gaia,548,"10""",skycell,1,1,4,0.018,0.005
gaia,548,"10""",pgsphere,1,1,6,0.007,0.011
gaia,1151,6',skycell,45,34,10,0.018,0.02
gaia,1151,6',pgsphere,8,34,9,0.006,0.022
gaia,1151,6',q3c,8,34,305,1.215,0.217
gaia,533,"10""",skycell,1,0,6,0.025,0.007
gaia,533,"10""",pgsphere,1,0,5,0.006,0.013
gaia,533,"10""",q3c,1,0,300,1.049,0.199
gaia,1159,6',pgsphere,8,0,6,0.007,0.015
gaia,1159,6',q3c,3,0,302,1.178,0.206
gaia,1159,6',skycell,4,0,4,0.013,0.007
gaia,361,"1""",skycell,1,0,3,0.012,0.004
gaia,361,"1""",q3c,1,0,300,1.137,0.205
gaia,361,"1""",pgsphere,1,0,4,0.008,0.01
gaia,801,1',q3c,1,0,300,1.236,0.204
gaia,801,1',pgsphere,1,0,8,0.007,0.02
gaia,801,1',skycell,1,0,4,0.012,0.005
gaia,1414,1deg,skycell,8570,8865,190,0.074,1.135
gaia,1414,1deg,pgsphere,762,8865,716,0.008,2.424
gaia,1414,1deg,q3c,3595,8865,435,1.06,1.497
gaia,402,"10""",q3c,1,1,301,1.176,0.209
gaia,402,"10""",pgsphere,1,1,5,0.007,0.012
gaia,402,"10""",skycell,1,1,4,0.012,0.005
gaia,261,"1""",q3c,1,0,300,1.252,0.191
gaia,261,"1""",skycell,1,0,6,0.026,0.007
gaia,261,"1""",pgsphere,1,0,4,0.007,0.017
gaia,1016,1',pgsphere,1,1,6,0.006,0.013
gaia,1016,1',q3c,1,1,301,1.204,0.207
gaia,1016,1',skycell,1,1,4,0.012,0.006
gaia,501,"10""",pgsphere,1,0,4,0.006,0.01
gaia,501,"10""",q3c,1,0,300,1.05,0.2
gaia,501,"10""",skycell,1,0,3,0.012,0.004
gaia,933,1',q3c,1,0,300,1.167,0.2
gaia,933,1',pgsphere,1,0,4,0.007,0.011
gaia,933,1',skycell,1,0,4,0.012,0.005
gaia,269,"1""",q3c,1,0,300,1.174,0.215
gaia,269,"1""",pgsphere,1,0,4,0.008,0.017
gaia,269,"1""",skycell,1,0,6,0.019,0.012
gaia,825,1',pgsphere,1,0,4,0.007,0.01
gaia,825,1',q3c,1,0,300,1.158,0.208
gaia,825,1',skycell,1,0,4,0.013,0.005
gaia,881,1',skycell,1,0,7,0.025,0.008
gaia,881,1',pgsphere,1,0,3,0.006,0.007
gaia,881,1',q3c,1,0,300,1.167,0.207
gaia,499,"10""",pgsphere,1,0,6,0.007,0.017
gaia,499,"10""",skycell,1,0,3,0.012,0.005
gaia,499,"10""",q3c,1,0,300,1.208,0.202
gaia,332,"1""",q3c,1,1,301,1.22,0.209
gaia,332,"1""",skycell,1,1,4,0.013,0.006
gaia,332,"1""",pgsphere,1,1,5,0.006,0.013
gaia,32,"1""",skycell,1,1,4,0.012,0.006
gaia,32,"1""",q3c,1,1,301,1.092,0.191
gaia,32,"1""",pgsphere,1,1,8,0.007,0.02
gaia,1188,6',q3c,8,19,302,1.364,0.208
gaia,1188,6',skycell,19,19,9,0.019,0.015
gaia,1188,6',pgsphere,8,19,12,0.006,0.023
gaia,588,"10""",skycell,1,1,4,0.012,0.006
gaia,588,"10""",q3c,1,1,301,1.215,0.198
gaia,588,"10""",pgsphere,1,1,6,0.007,0.014
gaia,751,"10""",pgsphere,1,0,4,0.006,0.024
gaia,751,"10""",skycell,1,0,7,0.019,0.008
gaia,751,"10""",q3c,1,0,300,1.074,0.2
gaia,348,"1""",q3c,1,1,301,1.029,0.215
gaia,348,"1""",pgsphere,1,1,7,0.007,0.016
gaia,348,"1""",skycell,1,1,4,0.017,0.007
gaia,650,"10""",q3c,1,1,301,1.214,0.201
gaia,650,"10""",pgsphere,1,1,5,0.007,0.011
gaia,650,"10""",skycell,1,1,4,0.012,0.007
gaia,769,"10""",skycell,1,0,4,0.012,0.006
gaia,769,"10""",pgsphere,1,0,5,0.006,0.014
gaia,769,"10""",q3c,1,0,300,1.163,0.2
gaia,335,"1""",pgsphere,1,0,5,0.007,0.014
gaia,335,"1""",skycell,1,0,3,0.012,0.005
gaia,335,"1""",q3c,1,0,300,1.159,0.2
gaia,133,"1""",skycell,1,0,3,0.021,0.007
gaia,133,"1""",pgsphere,1,0,8,0.009,0.022
gaia,133,"1""",q3c,1,0,300,1.179,0.203
gaia,27,"1""",skycell,1,0,3,0.013,0.005
gaia,27,"1""",q3c,1,0,300,1.22,0.201
gaia,27,"1""",pgsphere,1,0,9,0.007,0.023
gaia,391,"1""",skycell,1,0,3,0.017,0.005
gaia,391,"1""",pgsphere,1,0,5,0.006,0.013
gaia,391,"1""",q3c,1,0,300,1.075,0.205
gaia,365,"1""",q3c,1,0,300,1.169,0.206
gaia,365,"1""",pgsphere,1,0,5,0.008,0.012
gaia,365,"1""",skycell,1,0,3,0.017,0.005
gaia,893,1',skycell,1,0,4,0.012,0.007
gaia,893,1',pgsphere,1,0,4,0.006,0.012
gaia,893,1',q3c,1,0,301,1.241,0.199
gaia,919,1',skycell,1,0,4,0.018,0.006
gaia,919,1',pgsphere,1,0,5,0.006,0.012
gaia,919,1',q3c,1,0,300,1.117,0.205
gaia,1044,1',skycell,5,5,4,0.013,0.009
gaia,1044,1',q3c,2,5,301,1.152,0.212
gaia,1044,1',pgsphere,1,5,10,0.008,0.022
gaia,423,"10""",skycell,1,0,3,0.012,0.005
gaia,423,"10""",q3c,1,0,300,1.134,0.204
gaia,423,"10""",pgsphere,1,0,3,0.007,0.008
gaia,376,"1""",pgsphere,1,1,5,0.006,0.012
gaia,376,"1""",skycell,1,1,4,0.013,0.005
gaia,376,"1""",q3c,1,1,301,1.093,0.221
gaia,1150,6',pgsphere,8,145,45,0.007,0.066
gaia,1150,6',skycell,136,145,19,0.027,0.033
gaia,1150,6',q3c,40,145,307,1.195,0.248
gaia,1383,30',q3c,18,38,302,1.295,0.218
gaia,1383,30',pgsphere,190,38,12,0.008,0.024
gaia,1383,30',skycell,35,38,17,0.028,0.03
gaia,1134,6',pgsphere,8,8,8,0.006,0.02
gaia,1134,6',q3c,2,8,303,1.173,0.213
gaia,1134,6',skycell,7,8,5,0.013,0.009
gaia,855,1',pgsphere,1,0,7,0.006,0.02
gaia,855,1',q3c,1,0,300,1.219,0.197
gaia,855,1',skycell,1,0,3,0.014,0.004
gaia,1314,30',q3c,315,314,313,1.193,0.263
gaia,1314,30',skycell,637,314,34,0.048,0.054
gaia,1314,30',pgsphere,190,314,46,0.007,0.094
gaia,962,1',q3c,1,1,301,1.173,0.199
gaia,962,1',pgsphere,1,1,7,0.008,0.018
gaia,962,1',skycell,1,1,4,0.014,0.007
gaia,455,"10""",pgsphere,1,0,4,0.007,0.012
gaia,455,"10""",skycell,1,0,4,0.012,0.012
gaia,455,"10""",q3c,1,0,300,1.22,0.205
gaia,1328,30',pgsphere,190,1566,250,0.008,0.381
gaia,1328,30',skycell,1179,1566,54,0.046,0.183
gaia,1328,30',q3c,183,1566,335,1.283,0.46
gaia,91,"1""",pgsphere,1,0,5,0.007,0.012
gaia,91,"1""",skycell,1,0,3,0.012,0.004
gaia,91,"1""",q3c,1,0,300,1.213,0.208
gaia,1366,30',q3c,589,1684,335,1.178,0.465
gaia,1366,30',pgsphere,190,1684,181,0.008,0.393
gaia,1366,30',skycell,1620,1684,72,0.071,0.216
gaia,1197,6',pgsphere,8,2,5,0.008,0.013
gaia,1197,6',q3c,2,2,301,1.339,0.195
gaia,1197,6',skycell,1,2,4,0.013,0.006
gaia,76,"1""",q3c,1,1,301,1.161,0.21
gaia,76,"1""",skycell,1,1,4,0.013,0.006
gaia,76,"1""",pgsphere,1,1,7,0.006,0.02
gaia,1260,6',skycell,14,19,8,0.018,0.013
gaia,1260,6',pgsphere,8,19,13,0.006,0.026
gaia,1260,6',q3c,12,19,301,1.246,0.207
gaia,1166,6',skycell,122,128,17,0.028,0.035
gaia,1166,6',q3c,64,128,308,1.186,0.237
gaia,1166,6',pgsphere,8,128,31,0.008,0.052
gaia,593,"10""",skycell,1,0,6,0.018,0.006
gaia,593,"10""",q3c,1,0,300,1.186,0.203
gaia,593,"10""",pgsphere,1,0,6,0.008,0.015
gaia,1045,1',q3c,1,0,300,1.138,0.202
gaia,1045,1',pgsphere,1,0,4,0.007,0.011
gaia,1045,1',skycell,1,0,7,0.018,0.007
gaia,1298,6',pgsphere,8,9,6,0.006,0.018
gaia,1298,6',q3c,6,9,302,1.207,0.208
gaia,1298,6',skycell,17,9,8,0.026,0.019
gaia,126,"1""",q3c,1,1,301,1.257,0.219
gaia,126,"1""",pgsphere,1,1,5,0.007,0.011
gaia,126,"1""",skycell,1,1,4,0.022,0.007
gaia,1137,6',pgsphere,8,2,5,0.006,0.014
gaia,1137,6',skycell,4,2,9,0.018,0.012
gaia,1137,6',q3c,2,2,302,1.075,0.21
gaia,1189,6',q3c,14,35,302,1.214,0.218
gaia,1189,6',pgsphere,8,35,11,0.007,0.02
gaia,1189,6',skycell,32,35,10,0.031,0.018
gaia,238,"1""",skycell,1,1,4,0.013,0.006
gaia,238,"1""",pgsphere,1,1,8,0.006,0.017
gaia,238,"1""",q3c,1,1,301,1.228,0.208
gaia,329,"1""",q3c,1,0,300,1.041,0.207
gaia,329,"1""",skycell,1,0,3,0.013,0.005
gaia,329,"1""",pgsphere,1,0,7,0.006,0.017
gaia,293,"1""",q3c,1,0,300,1.153,0.198
gaia,293,"1""",skycell,1,0,3,0.021,0.005
gaia,293,"1""",pgsphere,1,0,6,0.006,0.013
gaia,1450,3deg,skycell,12400,14636,286,0.122,1.837
gaia,1450,3deg,pgsphere,6852,14636,559,0.008,4.174
gaia,1450,3deg,q3c,13139,14636,534,1.131,2.384
gaia,438,"10""",pgsphere,1,1,8,0.008,0.019
gaia,438,"10""",skycell,1,1,4,0.012,0.005
gaia,438,"10""",q3c,1,1,301,1.12,0.198
gaia,208,"1""",skycell,1,1,4,0.013,0.006
gaia,208,"1""",q3c,1,1,301,1.148,0.203
gaia,208,"1""",pgsphere,1,1,5,0.007,0.01
gaia,1408,1deg,pgsphere,762,10032,1144,0.006,1.83
gaia,1408,1deg,q3c,5067,10032,489,1.301,1.65
gaia,1408,1deg,skycell,9981,10032,196,0.062,1.121
gaia,841,1',skycell,1,0,4,0.014,0.007
gaia,841,1',q3c,1,0,300,1.192,0.202
gaia,841,1',pgsphere,1,0,5,0.007,0.012
gaia,396,"1""",pgsphere,1,1,8,0.006,0.018
gaia,396,"1""",q3c,1,1,301,1.127,0.205
gaia,396,"1""",skycell,1,1,4,0.02,0.015
gaia,191,"1""",q3c,1,0,300,1.204,0.204
gaia,191,"1""",pgsphere,1,0,7,0.007,0.017
gaia,191,"1""",skycell,1,0,3,0.018,0.005
gaia,74,"1""",skycell,1,1,4,0.012,0.015
gaia,74,"1""",q3c,1,1,301,1.086,0.206
gaia,74,"1""",pgsphere,1,1,7,0.007,0.017
gaia,1247,6',skycell,7,6,8,0.018,0.013
gaia,1247,6',q3c,4,6,302,1.142,0.216
gaia,1247,6',pgsphere,8,6,12,0.007,0.028
gaia,36,"1""",skycell,1,1,7,0.018,0.008
gaia,36,"1""",q3c,1,1,301,1.113,0.204
gaia,36,"1""",pgsphere,1,1,13,0.007,0.027
gaia,1242,6',q3c,2,17,302,1.167,0.208
gaia,1242,6',skycell,12,17,8,0.023,0.015
gaia,1242,6',pgsphere,8,17,14,0.006,0.026
gaia,602,"10""",pgsphere,1,1,14,0.006,0.034
gaia,602,"10""",skycell,1,1,4,0.012,0.005
gaia,602,"10""",q3c,1,1,301,1.169,0.2
gaia,697,"10""",pgsphere,1,0,6,0.007,0.016
gaia,697,"10""",skycell,1,0,3,0.012,0.004
gaia,697,"10""",q3c,1,0,300,1.14,0.199
gaia,1123,6',pgsphere,8,3,6,0.007,0.012
gaia,1123,6',q3c,4,3,301,1.14,0.202
gaia,1123,6',skycell,4,3,8,0.019,0.011
gaia,532,"10""",pgsphere,1,1,12,0.006,0.028
gaia,532,"10""",q3c,1,1,301,1.177,0.201
gaia,532,"10""",skycell,1,1,4,0.013,0.006
gaia,626,"10""",skycell,1,1,4,0.011,0.006
gaia,626,"10""",q3c,1,1,301,1.066,0.205
gaia,626,"10""",pgsphere,1,1,12,0.007,0.028
gaia,514,"10""",q3c,1,1,301,1.379,0.204
gaia,514,"10""",skycell,1,1,4,0.014,0.006
gaia,514,"10""",pgsphere,1,1,8,0.006,0.019
gaia,1308,30',q3c,360,675,316,1.111,0.301
gaia,1308,30',skycell,616,675,48,0.061,0.1
gaia,1308,30',pgsphere,190,675,86,0.007,0.181
gaia,784,"10""",q3c,1,1,301,1.131,0.21
gaia,784,"10""",pgsphere,1,1,7,0.008,0.016
gaia,784,"10""",skycell,1,1,4,0.012,0.005
gaia,453,"10""",skycell,1,0,6,0.017,0.007
gaia,453,"10""",q3c,1,0,300,1.18,0.205
gaia,453,"10""",pgsphere,1,0,4,0.008,0.009
gaia,168,"1""",skycell,1,1,4,0.012,0.006
gaia,168,"1""",pgsphere,1,1,5,0.006,0.011
gaia,168,"1""",q3c,1,1,301,1.125,0.204
gaia,180,"1""",q3c,1,1,301,1.117,0.215
gaia,180,"1""",pgsphere,1,1,6,0.007,0.013
gaia,180,"1""",skycell,1,1,4,0.012,0.005
gaia,284,"1""",pgsphere,1,1,5,0.006,0.02
gaia,284,"1""",skycell,1,1,4,0.018,0.01
gaia,284,"1""",q3c,1,1,301,1.062,0.217
gaia,1291,6',q3c,6,17,302,1.357,0.217
gaia,1291,6',skycell,14,17,9,0.019,0.013
gaia,1291,6',pgsphere,8,17,9,0.006,0.031
gaia,1223,6',q3c,1,5,302,1.338,0.207
gaia,1223,6',pgsphere,8,5,8,0.007,0.022
gaia,1223,6',skycell,1,5,4,0.012,0.007
gaia,1230,6',pgsphere,8,23,17,0.006,0.03
gaia,1230,6',q3c,7,23,303,1.177,0.21
gaia,1230,6',skycell,16,23,13,0.023,0.017
gaia,996,1',q3c,1,1,301,1.145,0.203
gaia,996,1',pgsphere,1,1,6,0.007,0.013
gaia,996,1',skycell,1,1,4,0.013,0.007
gaia,744,"10""",skycell,1,1,4,0.011,0.006
gaia,744,"10""",pgsphere,1,1,13,0.006,0.028
gaia,744,"10""",q3c,1,1,301,1.223,0.203
gaia,908,1',pgsphere,1,7,17,0.008,0.039
gaia,908,1',q3c,1,7,302,1.081,0.205
gaia,908,1',skycell,7,7,15,0.029,0.013
gaia,754,"10""",q3c,1,1,301,1.249,0.197
gaia,754,"10""",pgsphere,1,1,7,0.008,0.017
gaia,754,"10""",skycell,1,1,4,0.012,0.006
gaia,704,"10""",skycell,1,1,4,0.012,0.005
gaia,704,"10""",pgsphere,1,1,13,0.006,0.029
gaia,704,"10""",q3c,1,1,301,1.158,0.204
gaia,542,"10""",q3c,1,2,301,1.195,0.218
gaia,542,"10""",pgsphere,1,2,14,0.008,0.034
gaia,542,"10""",skycell,1,2,8,0.018,0.01
gaia,1087,1',pgsphere,1,0,7,0.006,0.018
gaia,1087,1',q3c,1,0,300,1.222,0.2
gaia,1087,1',skycell,1,0,4,0.021,0.006
gaia,537,"10""",q3c,1,0,300,1.221,0.209
gaia,537,"10""",pgsphere,1,0,6,0.008,0.017
gaia,537,"10""",skycell,1,0,3,0.018,0.005
gaia,737,"10""",pgsphere,1,0,5,0.006,0.013
gaia,737,"10""",skycell,1,0,6,0.018,0.007
gaia,737,"10""",q3c,1,0,300,1.082,0.204
gaia,248,"1""",skycell,1,1,4,0.015,0.006
gaia,248,"1""",pgsphere,1,1,6,0.006,0.014
gaia,248,"1""",q3c,1,1,301,1.172,0.207
gaia,890,1',q3c,1,1,301,1.083,0.212
gaia,890,1',skycell,1,1,4,0.018,0.007
gaia,890,1',pgsphere,1,1,5,0.007,0.011
gaia,607,"10""",pgsphere,1,0,4,0.006,0.015
gaia,607,"10""",q3c,1,0,300,1.163,0.198
gaia,607,"10""",skycell,1,0,3,0.013,0.005
gaia,664,"10""",pgsphere,1,1,6,0.006,0.015
gaia,664,"10""",q3c,1,1,301,1.218,0.223
gaia,664,"10""",skycell,1,1,4,0.014,0.005
gaia,934,1',pgsphere,1,1,15,0.006,0.034
gaia,934,1',q3c,1,1,301,1.08,0.201
gaia,934,1',skycell,1,1,4,0.013,0.007
gaia,463,"10""",q3c,1,0,300,1.236,0.201
gaia,463,"10""",pgsphere,1,0,6,0.007,0.015
gaia,463,"10""",skycell,1,0,3,0.018,0.005
gaia,950,1',pgsphere,1,1,5,0.006,0.011
gaia,950,1',q3c,1,1,301,1.196,0.206
gaia,950,1',skycell,1,1,4,0.013,0.006
gaia,654,"10""",pgsphere,1,1,5,0.006,0.01
gaia,654,"10""",q3c,1,1,301,1.079,0.204
gaia,654,"10""",skycell,1,1,4,0.013,0.006
gaia,1255,6',skycell,4,4,16,0.028,0.016
gaia,1255,6',q3c,1,4,301,1.214,0.202
gaia,1255,6',pgsphere,8,4,8,0.007,0.018
gaia,706,"10""",pgsphere,1,1,5,0.006,0.012
gaia,706,"10""",q3c,1,1,301,1.197,0.202
gaia,706,"10""",skycell,1,1,4,0.013,0.006
gaia,746,"10""",skycell,1,1,4,0.012,0.006
gaia,746,"10""",q3c,1,1,301,1.218,0.205
gaia,746,"10""",pgsphere,1,1,11,0.007,0.024
gaia,1303,30',q3c,17,18,302,1.171,0.222
gaia,1303,30',skycell,23,18,4,0.013,0.019
gaia,1303,30',pgsphere,190,18,6,0.008,0.023
gaia,263,"1""",pgsphere,1,0,6,0.008,0.015
gaia,263,"1""",skycell,1,0,6,0.027,0.007
gaia,263,"1""",q3c,1,0,300,1.319,0.203
gaia,231,"1""",skycell,1,0,3,0.013,0.005
gaia,231,"1""",q3c,1,0,300,1.164,0.2
gaia,231,"1""",pgsphere,1,0,4,0.007,0.01
gaia,1288,6',q3c,6,18,301,1.361,0.207
gaia,1288,6',pgsphere,8,18,16,0.007,0.031
gaia,1288,6',skycell,24,18,17,0.027,0.019
gaia,983,1',pgsphere,1,4,7,0.006,0.014
gaia,983,1',skycell,6,4,8,0.018,0.012
gaia,983,1',q3c,2,4,301,1.171,0.21
gaia,1415,1deg,skycell,103,80,16,0.029,0.024
gaia,1415,1deg,q3c,56,80,304,1.099,0.217
gaia,1415,1deg,pgsphere,762,80,14,0.007,0.03
gaia,871,1',pgsphere,1,0,5,0.006,0.012
gaia,871,1',q3c,1,0,300,1.222,0.196
gaia,871,1',skycell,1,0,4,0.013,0.005
gaia,400,"1""",pgsphere,1,1,6,0.006,0.014
gaia,400,"1""",skycell,1,1,7,0.017,0.006
gaia,400,"1""",q3c,1,1,301,1.175,0.202
gaia,1229,6',skycell,18,16,8,0.018,0.014
gaia,1229,6',q3c,1,16,303,1.08,0.208
gaia,1229,6',pgsphere,8,16,20,0.007,0.04
gaia,878,1',q3c,1,1,301,1.148,0.198
gaia,878,1',pgsphere,1,1,7,0.007,0.016
gaia,878,1',skycell,1,1,7,0.019,0.007
gaia,285,"1""",q3c,1,0,300,1.182,0.198
gaia,285,"1""",pgsphere,1,0,5,0.007,0.014
gaia,285,"1""",skycell,1,0,3,0.012,0.004
gaia,686,"10""",skycell,1,1,13,0.027,0.009
gaia,686,"10""",pgsphere,1,1,5,0.006,0.01
gaia,686,"10""",q3c,1,1,301,1.065,0.207
gaia,1392,30',q3c,281,366,313,1.159,0.284
gaia,1392,30',skycell,256,366,24,0.034,0.077
gaia,1392,30',pgsphere,190,366,56,0.008,0.135
gaia,766,"10""",q3c,1,1,301,1.217,0.207
gaia,766,"10""",skycell,1,1,4,0.013,0.007
gaia,766,"10""",pgsphere,1,1,6,0.006,0.014
gaia,1403,1deg,pgsphere,762,76,21,0.006,0.041
gaia,1403,1deg,q3c,30,76,304,1.18,0.225
gaia,1403,1deg,skycell,92,76,20,0.029,0.03
gaia,1360,30',skycell,1027,983,56,0.055,0.151
gaia,1360,30',pgsphere,190,983,116,0.008,0.215
gaia,1360,30',q3c,516,983,321,1.148,0.349
gaia,1293,6',pgsphere,8,0,6,0.007,0.018
gaia,1293,6',skycell,1,0,4,0.012,0.005
gaia,1293,6',q3c,1,0,300,1.199,0.195
gaia,612,"10""",q3c,1,1,301,1.074,0.213
gaia,612,"10""",pgsphere,1,1,5,0.007,0.011
gaia,612,"10""",skycell,1,1,4,0.013,0.006
gaia,1063,1',q3c,1,1,301,1.118,0.191
gaia,1063,1',skycell,1,1,4,0.018,0.007
gaia,1063,1',pgsphere,1,1,14,0.007,0.029
gaia,1444,3deg,pgsphere,6852,70610,1923,0.007,14.61
gaia,1444,3deg,q3c,14814,70610,1303,1.085,9.644
gaia,1444,3deg,skycell,66959,70610,1023,0.116,8.283
gaia,1256,6',skycell,85,85,12,0.024,0.023
gaia,1256,6',pgsphere,8,85,31,0.007,0.051
gaia,1256,6',q3c,33,85,305,1.229,0.238
gaia,14,"1""",pgsphere,1,1,5,0.007,0.011
gaia,14,"1""",skycell,1,1,4,0.012,0.013
gaia,14,"1""",q3c,1,1,301,1.129,0.206
gaia,119,"1""",q3c,1,0,300,1.171,0.21
gaia,119,"1""",pgsphere,1,0,4,0.012,0.014
gaia,119,"1""",skycell,1,0,3,0.014,0.005
gaia,942,1',q3c,1,4,302,1.206,0.205
gaia,942,1',skycell,1,4,8,0.019,0.011
gaia,942,1',pgsphere,1,4,7,0.006,0.015
gaia,725,"10""",skycell,1,0,3,0.012,0.005
gaia,725,"10""",pgsphere,1,0,5,0.006,0.013
gaia,725,"10""",q3c,1,0,300,1.167,0.197
gaia,61,"1""",pgsphere,1,0,7,0.007,0.019
gaia,61,"1""",skycell,1,0,3,0.012,0.004
gaia,61,"1""",q3c,1,0,300,1.235,0.2
gaia,1451,3deg,q3c,3228,3400,363,1.212,0.834
gaia,1451,3deg,pgsphere,6852,3400,131,0.008,0.934
gaia,1451,3deg,skycell,4017,3400,112,0.095,0.491
gaia,1363,30',q3c,25,170,306,1.217,0.231
gaia,1363,30',pgsphere,190,170,32,0.007,0.057
gaia,1363,30',skycell,168,170,18,0.028,0.038
gaia,218,"1""",skycell,1,1,4,0.012,0.005
gaia,218,"1""",q3c,1,1,301,1.114,0.225
gaia,218,"1""",pgsphere,1,1,5,0.008,0.012
gaia,1336,30',skycell,667,807,41,0.046,0.113
gaia,1336,30',pgsphere,190,807,79,0.007,0.165
gaia,1336,30',q3c,474,807,318,1.264,0.359
gaia,87,"1""",skycell,1,0,6,0.019,0.007
gaia,87,"1""",pgsphere,1,0,7,0.006,0.028
gaia,87,"1""",q3c,1,0,300,1.066,0.203
gaia,192,"1""",q3c,1,1,301,1.121,0.236
gaia,192,"1""",skycell,1,1,4,0.013,0.009
gaia,192,"1""",pgsphere,1,1,7,0.008,0.02
gaia,944,1',skycell,1,3,4,0.013,0.007
gaia,944,1',pgsphere,1,3,7,0.006,0.015
gaia,944,1',q3c,1,3,301,1.127,0.207
gaia,1104,6',pgsphere,8,1,5,0.007,0.011
gaia,1104,6',skycell,1,1,4,0.013,0.006
gaia,1104,6',q3c,1,1,301,1.042,0.204
gaia,545,"10""",pgsphere,1,0,4,0.007,0.011
gaia,545,"10""",q3c,1,0,300,1.288,0.201
gaia,545,"10""",skycell,1,0,3,0.013,0.004
gaia,670,"10""",pgsphere,1,1,5,0.006,0.012
gaia,670,"10""",q3c,1,1,301,1.181,0.2
gaia,670,"10""",skycell,1,1,4,0.012,0.006
gaia,1050,1',q3c,1,1,301,1.144,0.203
gaia,1050,1',pgsphere,1,1,5,0.007,0.013
gaia,1050,1',skycell,3,1,4,0.013,0.006
gaia,902,1',pgsphere,1,1,6,0.006,0.013
gaia,902,1',q3c,1,1,302,1.168,0.209
gaia,902,1',skycell,2,1,9,0.019,0.011
gaia,1243,6',skycell,13,11,9,0.017,0.014
gaia,1243,6',pgsphere,8,11,10,0.006,0.026
gaia,1243,6',q3c,5,11,301,1.184,0.203
gaia,535,"10""",skycell,1,0,3,0.013,0.005
gaia,535,"10""",pgsphere,1,0,4,0.006,0.011
gaia,535,"10""",q3c,1,0,300,1.227,0.207
gaia,809,1',pgsphere,1,0,6,0.008,0.017
gaia,809,1',skycell,1,0,4,0.018,0.006
gaia,809,1',q3c,1,0,300,1.196,0.211
gaia,486,"10""",skycell,1,1,4,0.013,0.007
gaia,486,"10""",pgsphere,1,1,6,0.006,0.013
gaia,486,"10""",q3c,1,1,301,1.113,0.202
gaia,147,"1""",q3c,1,0,300,1.242,0.207
gaia,147,"1""",skycell,1,0,3,0.018,0.005
gaia,147,"1""",pgsphere,1,0,5,0.007,0.023
gaia,166,"1""",skycell,1,1,4,0.012,0.006
gaia,166,"1""",q3c,1,1,301,1.133,0.207
gaia,166,"1""",pgsphere,1,1,5,0.007,0.01
gaia,446,"10""",q3c,1,1,301,1.215,0.202
gaia,446,"10""",pgsphere,1,1,6,0.007,0.018
gaia,446,"10""",skycell,1,1,4,0.013,0.005
gaia,371,"1""",pgsphere,1,0,7,0.006,0.019
gaia,371,"1""",q3c,1,0,300,1.165,0.213
gaia,371,"1""",skycell,1,0,3,0.014,0.006
gaia,1009,1',skycell,1,1,8,0.018,0.009
gaia,1009,1',q3c,1,1,301,1.163,0.205
gaia,1009,1',pgsphere,1,1,6,0.007,0.014
gaia,840,1',skycell,1,1,7,0.018,0.008
gaia,840,1',pgsphere,1,1,5,0.006,0.013
gaia,840,1',q3c,1,1,301,1.165,0.204
gaia,810,1',q3c,2,4,301,1.135,0.208
gaia,810,1',skycell,2,4,4,0.013,0.009
gaia,810,1',pgsphere,1,4,11,0.006,0.033
gaia,956,1',skycell,1,1,5,0.011,0.009
gaia,956,1',pgsphere,1,1,5,0.006,0.012
gaia,956,1',q3c,1,1,301,1.135,0.195
gaia,29,"1""",pgsphere,1,0,5,0.007,0.023
gaia,29,"1""",q3c,1,0,300,1.18,0.204
gaia,29,"1""",skycell,1,0,3,0.013,0.005
gaia,1072,1',skycell,1,1,4,0.012,0.006
gaia,1072,1',q3c,1,1,301,1.168,0.218
gaia,1072,1',pgsphere,1,1,5,0.007,0.011
gaia,216,"1""",skycell,1,1,4,0.012,0.005
gaia,216,"1""",q3c,1,1,301,1.156,0.204
gaia,216,"1""",pgsphere,1,1,5,0.007,0.011
gaia,193,"1""",q3c,1,0,300,1.225,0.198
gaia,193,"1""",skycell,1,0,3,0.013,0.004
gaia,193,"1""",pgsphere,1,0,8,0.006,0.02
gaia,1026,1',q3c,1,1,301,1.124,0.211
gaia,1026,1',skycell,1,1,4,0.013,0.007
gaia,1026,1',pgsphere,1,1,5,0.007,0.012
gaia,314,"1""",skycell,1,1,4,0.011,0.006
gaia,314,"1""",pgsphere,1,1,5,0.006,0.01
gaia,314,"1""",q3c,1,1,301,1.123,0.205
gaia,990,1',pgsphere,1,1,7,0.007,0.018
gaia,990,1',skycell,1,1,4,0.012,0.006
gaia,990,1',q3c,1,1,301,1.141,0.202
gaia,1191,6',skycell,8,5,4,0.013,0.01
gaia,1191,6',q3c,3,5,302,1.216,0.208
gaia,1191,6',pgsphere,8,5,8,0.007,0.022
gaia,66,"1""",skycell,1,1,4,0.012,0.011
gaia,66,"1""",pgsphere,1,1,7,0.006,0.017
gaia,66,"1""",q3c,1,1,301,1.117,0.201
gaia,699,"10""",q3c,1,0,300,1.329,0.207
gaia,699,"10""",skycell,1,0,3,0.013,0.005
gaia,699,"10""",pgsphere,1,0,5,0.006,0.013
gaia,700,"10""",skycell,1,1,4,0.012,0.006
gaia,700,"10""",q3c,1,1,301,1.193,0.198
gaia,700,"10""",pgsphere,1,1,7,0.007,0.015
gaia,646,"10""",skycell,1,1,4,0.012,0.007
gaia,646,"10""",q3c,1,1,301,1.213,0.203
gaia,646,"10""",pgsphere,1,1,5,0.007,0.011
gaia,1285,6',pgsphere,8,1,6,0.006,0.014
gaia,1285,6',skycell,1,1,4,0.013,0.007
gaia,1285,6',q3c,1,1,301,1.184,0.202
gaia,104,"1""",skycell,1,1,4,0.013,0.006
gaia,104,"1""",q3c,1,1,301,1.185,0.203
gaia,104,"1""",pgsphere,1,1,6,0.007,0.014
gaia,122,"1""",pgsphere,1,1,7,0.006,0.014
gaia,122,"1""",q3c,1,1,301,1.095,0.207
gaia,122,"1""",skycell,1,1,4,0.013,0.013
gaia,1454,3deg,q3c,27274,60356,1283,1.2,7.859
gaia,1454,3deg,pgsphere,6852,60356,2107,0.009,13.051
gaia,1454,3deg,skycell,58766,60356,885,0.112,7.27
gaia,395,"1""",q3c,1,0,300,1.54,0.307
gaia,395,"1""",pgsphere,1,0,4,0.009,0.012
gaia,395,"1""",skycell,1,0,3,0.022,0.007
gaia,404,"10""",pgsphere,1,1,7,0.007,0.017
gaia,404,"10""",q3c,1,1,301,1.201,0.202
gaia,404,"10""",skycell,1,1,4,0.013,0.006
gaia,883,1',q3c,1,0,300,1.116,0.203
gaia,883,1',skycell,1,0,4,0.017,0.007
gaia,883,1',pgsphere,1,0,8,0.006,0.023
gaia,679,"10""",skycell,1,0,3,0.012,0.022
gaia,679,"10""",pgsphere,1,0,4,0.006,0.01
gaia,679,"10""",q3c,1,0,300,1.069,0.202
gaia,115,"1""",skycell,1,0,3,0.018,0.006
gaia,115,"1""",q3c,1,0,300,1.252,0.205
gaia,115,"1""",pgsphere,1,0,4,0.007,0.016
gaia,524,"10""",q3c,1,1,301,1.088,0.207
gaia,524,"10""",pgsphere,1,1,7,0.007,0.018
gaia,524,"10""",skycell,1,1,4,0.012,0.006
gaia,660,"10""",q3c,1,1,301,1.259,0.203
gaia,660,"10""",skycell,1,1,4,0.012,0.006
gaia,660,"10""",pgsphere,1,1,8,0.006,0.017
gaia,866,1',pgsphere,1,3,6,0.006,0.011
gaia,866,1',skycell,2,3,8,0.018,0.011
gaia,866,1',q3c,1,3,302,1.128,0.212
gaia,356,"1""",skycell,1,1,4,0.014,0.006
gaia,356,"1""",pgsphere,1,1,10,0.006,0.024
gaia,356,"1""",q3c,1,1,301,1.112,0.2
gaia,1175,6',q3c,19,15,302,1.097,0.224
gaia,1175,6',skycell,27,15,5,0.014,0.011
gaia,1175,6',pgsphere,8,15,7,0.006,0.017
gaia,1208,6',pgsphere,8,11,9,0.006,0.023
gaia,1208,6',q3c,5,11,303,1.301,0.23
gaia,1208,6',skycell,16,11,8,0.02,0.012
gaia,853,1',skycell,1,0,4,0.012,0.006
gaia,853,1',q3c,1,0,300,1.319,0.23
gaia,853,1',pgsphere,1,0,9,0.009,0.027
gaia,1000,1',q3c,2,4,301,1.182,0.23
gaia,1000,1',pgsphere,1,4,9,0.008,0.023
gaia,1000,1',skycell,6,4,8,0.021,0.015
gaia,224,"1""",q3c,1,1,301,1.159,0.218
gaia,224,"1""",pgsphere,1,1,5,0.008,0.012
gaia,224,"1""",skycell,1,1,4,0.012,0.007
gaia,1011,1',pgsphere,1,0,5,0.006,0.012
gaia,1011,1',q3c,1,0,301,1.231,0.215
gaia,1011,1',skycell,1,0,4,0.015,0.008
gaia,858,1',q3c,1,3,302,1.255,0.227
gaia,858,1',pgsphere,1,3,5,0.013,0.016
gaia,858,1',skycell,3,3,5,0.019,0.011
gaia,17,"1""",q3c,1,0,300,1.393,0.262
gaia,17,"1""",pgsphere,1,0,6,0.009,0.015
gaia,17,"1""",skycell,1,0,3,0.014,0.005
gaia,326,"1""",q3c,1,1,301,1.344,0.218
gaia,326,"1""",skycell,1,1,4,0.014,0.008
gaia,326,"1""",pgsphere,1,1,6,0.007,0.014
gaia,1204,6',q3c,10,68,306,1.246,0.232
gaia,1204,6',skycell,61,68,9,0.02,0.02
gaia,1204,6',pgsphere,8,68,15,0.007,0.035
gaia,662,"10""",q3c,1,2,301,1.144,0.219
gaia,662,"10""",pgsphere,1,2,5,0.009,0.013
gaia,662,"10""",skycell,1,2,7,0.019,0.008
gaia,42,"1""",q3c,1,1,301,1.176,0.232
gaia,42,"1""",skycell,1,1,4,0.014,0.007
gaia,42,"1""",pgsphere,1,1,6,0.007,0.015
gaia,1110,6',skycell,44,41,16,0.03,0.032
gaia,1110,6',q3c,11,41,304,1.253,0.22
gaia,1110,6',pgsphere,8,41,12,0.007,0.028
gaia,78,"1""",skycell,1,1,4,0.012,0.007
gaia,78,"1""",pgsphere,1,1,9,0.006,0.036
gaia,78,"1""",q3c,1,1,301,1.234,0.2
gaia,972,1',q3c,1,2,301,1.117,0.226
gaia,972,1',pgsphere,1,2,5,0.008,0.014
gaia,972,1',skycell,1,2,4,0.012,0.006
gaia,595,"10""",q3c,1,0,300,1.166,0.19
gaia,595,"10""",pgsphere,1,0,7,0.007,0.019
gaia,595,"10""",skycell,1,0,3,0.012,0.006
gaia,228,"1""",skycell,1,1,4,0.011,0.014
gaia,228,"1""",q3c,1,1,301,1.189,0.207
gaia,228,"1""",pgsphere,1,1,5,0.007,0.012
gaia,1170,6',pgsphere,8,58,14,0.006,0.031
gaia,1170,6',q3c,13,58,303,1.21,0.215
gaia,1170,6',skycell,60,58,13,0.024,0.024
gaia,869,1',pgsphere,1,0,4,0.006,0.01
gaia,869,1',q3c,1,0,300,1.199,0.198
gaia,869,1',skycell,1,0,4,0.013,0.006
gaia,1119,6',q3c,2,4,301,1.087,0.205
gaia,1119,6',pgsphere,8,4,5,0.007,0.012
gaia,1119,6',skycell,4,4,5,0.012,0.007
gaia,616,"10""",q3c,1,1,301,1.077,0.204
gaia,616,"10""",skycell,1,1,4,0.013,0.007
gaia,616,"10""",pgsphere,1,1,6,0.006,0.014
gaia,487,"10""",skycell,1,0,6,0.018,0.006
gaia,487,"10""",pgsphere,1,0,4,0.006,0.01
gaia,487,"10""",q3c,1,0,300,1.196,0.2
gaia,477,"10""",q3c,1,0,300,1.242,0.214
gaia,477,"10""",skycell,1,0,3,0.013,0.005
gaia,477,"10""",pgsphere,1,0,4,0.006,0.01
gaia,970,1',q3c,1,2,301,1.162,0.203
gaia,970,1',pgsphere,1,2,7,0.009,0.017
gaia,970,1',skycell,1,2,9,0.018,0.011
gaia,827,1',q3c,1,0,300,1.296,0.206
gaia,827,1',skycell,1,0,4,0.014,0.007
gaia,827,1',pgsphere,1,0,6,0.006,0.013
gaia,958,1',skycell,1,1,4,0.011,0.006
gaia,958,1',q3c,1,1,301,1.147,0.211
gaia,958,1',pgsphere,1,1,6,0.01,0.02
gaia,1268,6',pgsphere,8,7,9,0.006,0.026
gaia,1268,6',q3c,1,7,303,1.1,0.213
gaia,1268,6',skycell,7,7,9,0.019,0.017
gaia,772,"10""",q3c,1,1,301,1.22,0.197
gaia,772,"10""",skycell,1,1,4,0.013,0.007
gaia,772,"10""",pgsphere,1,1,5,0.006,0.018
gaia,312,"1""",skycell,1,1,4,0.012,0.006
gaia,312,"1""",pgsphere,1,1,6,0.006,0.015
gaia,312,"1""",q3c,1,1,301,1.128,0.203
gaia,1390,30',skycell,1067,1031,53,0.052,0.146
gaia,1390,30',pgsphere,190,1031,91,0.006,0.222
gaia,1390,30',q3c,235,1031,323,1.172,0.367
gaia,500,"10""",skycell,1,1,4,0.013,0.007
gaia,500,"10""",pgsphere,1,1,9,0.006,0.019
gaia,500,"10""",q3c,1,1,301,1.244,0.198
gaia,479,"10""",q3c,1,0,300,1.203,0.215
gaia,479,"10""",pgsphere,1,0,7,0.009,0.03
gaia,479,"10""",skycell,1,0,3,0.012,0.005
gaia,543,"10""",pgsphere,1,0,4,0.006,0.011
gaia,543,"10""",q3c,1,0,300,1.218,0.191
gaia,543,"10""",skycell,1,0,3,0.013,0.004
gaia,1058,1',skycell,1,1,4,0.016,0.006
gaia,1058,1',q3c,1,1,301,1.163,0.203
gaia,1058,1',pgsphere,1,1,13,0.007,0.032
gaia,1184,6',pgsphere,8,18,10,0.006,0.024
gaia,1184,6',q3c,6,18,304,1.221,0.21
gaia,1184,6',skycell,15,18,9,0.026,0.016
gaia,843,1',skycell,1,0,4,0.018,0.007
gaia,843,1',q3c,1,0,300,1.335,0.199
gaia,843,1',pgsphere,1,0,6,0.007,0.016
gaia,171,"1""",q3c,1,0,300,1.169,0.204
gaia,171,"1""",pgsphere,1,0,5,0.007,0.012
gaia,171,"1""",skycell,1,0,3,0.018,0.005
gaia,845,1',pgsphere,1,0,4,0.006,0.012
gaia,845,1',q3c,1,0,300,1.099,0.213
gaia,845,1',skycell,1,0,4,0.013,0.007
gaia,1368,30',q3c,73,203,308,1.202,0.239
gaia,1368,30',skycell,130,203,19,0.028,0.041
gaia,1368,30',pgsphere,190,203,43,0.007,0.068
gaia,1302,30',q3c,624,808,318,1.076,0.336
gaia,1302,30',skycell,953,808,52,0.062,0.126
gaia,1302,30',pgsphere,190,808,83,0.007,0.263
gaia,1251,6',pgsphere,8,3,6,0.008,0.016
gaia,1251,6',skycell,3,3,5,0.012,0.009
gaia,1251,6',q3c,1,3,301,1.026,0.203
gaia,1379,30',pgsphere,190,23,12,0.007,0.025
gaia,1379,30',q3c,13,23,304,1.126,0.227
gaia,1379,30',skycell,77,23,8,0.019,0.014
gaia,1359,30',q3c,491,123,306,1.244,0.225
gaia,1359,30',pgsphere,190,123,41,0.008,0.059
gaia,1359,30',skycell,184,123,17,0.028,0.028
gaia,629,"10""",q3c,1,0,300,1.213,0.196
gaia,629,"10""",skycell,1,0,6,0.018,0.007
gaia,629,"10""",pgsphere,1,0,5,0.008,0.012
gaia,383,"1""",skycell,1,0,6,0.017,0.006
gaia,383,"1""",pgsphere,1,0,4,0.006,0.015
gaia,383,"1""",q3c,1,0,300,1.087,0.205
gaia,820,1',pgsphere,1,1,5,0.007,0.012
gaia,820,1',q3c,1,1,301,1.069,0.208
gaia,820,1',skycell,1,1,4,0.021,0.007
gaia,1391,30',pgsphere,190,28,13,0.006,0.037
gaia,1391,30',skycell,27,28,9,0.018,0.016
gaia,1391,30',q3c,6,28,302,1.206,0.241
gaia,876,1',skycell,3,4,8,0.019,0.011
gaia,876,1',q3c,1,4,301,1.159,0.202
gaia,876,1',pgsphere,1,4,7,0.007,0.015
gaia,880,1',skycell,2,3,4,0.012,0.01
gaia,880,1',pgsphere,1,3,7,0.006,0.025
gaia,880,1',q3c,1,3,301,1.087,0.204
gaia,351,"1""",skycell,1,0,3,0.013,0.005
gaia,351,"1""",pgsphere,1,0,4,0.006,0.01
gaia,351,"1""",q3c,1,0,300,1.143,0.2
gaia,901,1',skycell,1,0,4,0.013,0.007
gaia,901,1',pgsphere,1,0,7,0.007,0.019
gaia,901,1',q3c,1,0,300,1.209,0.201
gaia,90,"1""",pgsphere,1,1,5,0.007,0.013
gaia,90,"1""",skycell,1,1,4,0.013,0.007
gaia,90,"1""",q3c,1,1,301,1.207,0.203
gaia,913,1',q3c,1,0,300,1.104,0.207
gaia,913,1',skycell,1,0,4,0.014,0.009
gaia,913,1',pgsphere,1,0,4,0.009,0.013
gaia,879,1',pgsphere,1,0,6,0.006,0.013
gaia,879,1',skycell,1,0,4,0.011,0.005
gaia,879,1',q3c,1,0,300,1.243,0.207
gaia,821,1',q3c,1,0,300,1.083,0.21
gaia,821,1',skycell,1,0,4,0.013,0.016
gaia,821,1',pgsphere,1,0,5,0.007,0.013
gaia,835,1',pgsphere,1,0,5,0.006,0.013
gaia,835,1',skycell,1,0,4,0.012,0.006
gaia,835,1',q3c,1,0,300,1.096,0.191
gaia,515,"10""",pgsphere,1,0,6,0.007,0.015
gaia,515,"10""",q3c,1,0,300,1.15,0.2
gaia,515,"10""",skycell,1,0,3,0.013,0.004
gaia,1347,30',skycell,24,21,9,0.017,0.015
gaia,1347,30',q3c,16,21,302,1.208,0.207
gaia,1347,30',pgsphere,190,21,12,0.007,0.02
gaia,1406,1deg,q3c,141,1059,327,1.169,0.385
gaia,1406,1deg,skycell,806,1059,53,0.058,0.174
gaia,1406,1deg,pgsphere,762,1059,138,0.008,0.265
gaia,471,"10""",pgsphere,1,0,8,0.007,0.02
gaia,471,"10""",skycell,1,0,3,0.017,0.006
gaia,471,"10""",q3c,1,0,300,1.176,0.2
gaia,597,"10""",pgsphere,1,0,6,0.007,0.015
gaia,597,"10""",skycell,1,0,6,0.018,0.006
gaia,597,"10""",q3c,1,0,300,1.073,0.2
gaia,762,"10""",skycell,1,1,4,0.013,0.018
gaia,762,"10""",pgsphere,1,1,9,0.006,0.021
gaia,762,"10""",q3c,1,1,301,1.076,0.202
gaia,523,"10""",pgsphere,1,0,4,0.007,0.01
gaia,523,"10""",q3c,1,0,300,1.269,0.2
gaia,523,"10""",skycell,1,0,4,0.013,0.006
gaia,733,"10""",skycell,1,0,4,0.012,0.005
gaia,733,"10""",q3c,1,0,300,1.213,0.204
gaia,733,"10""",pgsphere,1,0,5,0.007,0.012
gaia,1399,30',pgsphere,190,53,20,0.006,0.071
gaia,1399,30',q3c,23,53,303,1.167,0.235
gaia,1399,30',skycell,55,53,9,0.019,0.022
gaia,1252,6',pgsphere,8,122,41,0.007,0.065
gaia,1252,6',q3c,35,122,311,1.197,0.231
gaia,1252,6',skycell,78,122,10,0.019,0.028
gaia,716,"10""",skycell,1,1,4,0.012,0.006
gaia,716,"10""",q3c,1,1,301,1.197,0.201
gaia,716,"10""",pgsphere,1,1,5,0.007,0.012
gaia,743,"10""",q3c,1,0,300,1.208,0.199
gaia,743,"10""",pgsphere,1,0,6,0.008,0.016
gaia,743,"10""",skycell,1,0,3,0.013,0.004
gaia,681,"10""",pgsphere,1,0,5,0.006,0.014
gaia,681,"10""",q3c,1,0,300,1.126,0.2
gaia,681,"10""",skycell,1,0,3,0.012,0.004
gaia,172,"1""",skycell,1,1,4,0.011,0.005
gaia,172,"1""",pgsphere,1,1,5,0.006,0.01
gaia,172,"1""",q3c,1,1,301,1.107,0.222
gaia,1214,6',q3c,82,173,309,1.226,0.252
gaia,1214,6',pgsphere,8,173,33,0.007,0.061
gaia,1214,6',skycell,198,173,12,0.018,0.039
gaia,582,"10""",pgsphere,1,1,8,0.006,0.019
gaia,582,"10""",skycell,1,1,4,0.012,0.006
gaia,582,"10""",q3c,1,1,301,1.211,0.196
gaia,1416,1deg,skycell,1447,1470,62,0.056,0.284
gaia,1416,1deg,pgsphere,762,1470,153,0.008,0.516
gaia,1416,1deg,q3c,562,1470,329,1.162,0.493
gaia,1205,6',q3c,2,5,302,1.119,0.21
gaia,1205,6',skycell,9,5,8,0.019,0.013
gaia,1205,6',pgsphere,8,5,7,0.006,0.014
gaia,1387,30',skycell,47,40,5,0.012,0.016
gaia,1387,30',q3c,17,40,304,1.216,0.216
gaia,1387,30',pgsphere,190,40,13,0.007,0.029
gaia,156,"1""",pgsphere,1,1,13,0.006,0.034
gaia,156,"1""",q3c,1,1,301,1.081,0.199
gaia,156,"1""",skycell,1,1,4,0.013,0.006
gaia,1238,6',skycell,76,65,10,0.023,0.023
gaia,1238,6',pgsphere,8,65,19,0.007,0.038
gaia,1238,6',q3c,20,65,306,1.213,0.223
gaia,587,"10""",pgsphere,1,0,5,0.007,0.025
gaia,587,"10""",skycell,1,0,7,0.019,0.011
gaia,587,"10""",q3c,1,0,300,1.131,0.198
gaia,674,"10""",q3c,1,1,301,1.114,0.213
gaia,674,"10""",pgsphere,1,1,7,0.008,0.017
gaia,674,"10""",skycell,1,1,4,0.012,0.006
gaia,974,1',pgsphere,1,4,5,0.006,0.011
gaia,974,1',skycell,2,4,4,0.012,0.007
gaia,974,1',q3c,1,4,301,1.144,0.204
gaia,1035,1',skycell,1,0,4,0.013,0.006
gaia,1035,1',pgsphere,1,0,6,0.006,0.014
gaia,1035,1',q3c,1,0,300,1.177,0.201
gaia,576,"10""",skycell,1,1,4,0.013,0.005
gaia,576,"10""",pgsphere,1,1,5,0.006,0.011
gaia,576,"10""",q3c,1,1,301,1.136,0.202
gaia,492,"10""",pgsphere,1,1,12,0.007,0.029
gaia,492,"10""",skycell,1,1,4,0.012,0.005
gaia,492,"10""",q3c,1,1,301,1.07,0.211
gaia,1090,1',skycell,2,2,8,0.019,0.011
gaia,1090,1',pgsphere,1,2,12,0.006,0.034
gaia,1090,1',q3c,1,2,302,1.212,0.202
gaia,685,"10""",skycell,1,0,3,0.013,0.005
gaia,685,"10""",pgsphere,1,0,4,0.006,0.01
gaia,685,"10""",q3c,1,0,300,1.074,0.195
gaia,714,"10""",pgsphere,1,1,5,0.007,0.011
gaia,714,"10""",q3c,1,1,301,1.2,0.212
gaia,714,"10""",skycell,1,1,4,0.013,0.006
gaia,811,1',skycell,1,0,4,0.011,0.006
gaia,811,1',q3c,1,0,300,1.133,0.201
gaia,811,1',pgsphere,1,0,6,0.007,0.014
gaia,1317,30',q3c,137,309,311,1.105,0.259
gaia,1317,30',skycell,209,309,22,0.034,0.062
gaia,1317,30',pgsphere,190,309,66,0.008,0.107
gaia,965,1',q3c,1,0,300,1.241,0.202
gaia,965,1',pgsphere,1,0,4,0.007,0.01
gaia,965,1',skycell,1,0,4,0.012,0.005
gaia,283,"1""",pgsphere,1,0,7,0.006,0.017
gaia,283,"1""",skycell,1,0,3,0.011,0.007
gaia,283,"1""",q3c,1,0,300,1.228,0.205
gaia,1060,1',skycell,1,1,4,0.013,0.006
gaia,1060,1',pgsphere,1,1,6,0.006,0.015
gaia,1060,1',q3c,1,1,301,1.106,0.203
gaia,957,1',q3c,1,0,301,1.195,0.214
gaia,957,1',pgsphere,1,0,8,0.007,0.018
gaia,957,1',skycell,1,0,4,0.012,0.006
gaia,1027,1',pgsphere,1,0,6,0.006,0.013
gaia,1027,1',skycell,1,0,7,0.018,0.007
gaia,1027,1',q3c,1,0,300,1.13,0.195
gaia,918,1',q3c,1,1,301,1.201,0.226
gaia,918,1',skycell,1,1,7,0.019,0.008
gaia,918,1',pgsphere,1,1,11,0.006,0.023
gaia,226,"1""",skycell,1,1,4,0.011,0.006
gaia,226,"1""",q3c,1,1,301,1.127,0.204
gaia,226,"1""",pgsphere,1,1,13,0.007,0.039
gaia,69,"1""",q3c,1,0,300,1.191,0.205
gaia,69,"1""",skycell,1,0,3,0.013,0.005
gaia,69,"1""",pgsphere,1,0,4,0.006,0.017
gaia,652,"10""",pgsphere,1,1,6,0.006,0.016
gaia,652,"10""",q3c,1,1,301,1.244,0.207
gaia,652,"10""",skycell,1,1,7,0.019,0.008
gaia,154,"1""",pgsphere,1,1,7,0.006,0.023
gaia,154,"1""",skycell,1,1,4,0.014,0.005
gaia,154,"1""",q3c,1,1,301,1.055,0.223
gaia,266,"1""",q3c,1,1,301,1.114,0.215
gaia,266,"1""",pgsphere,1,1,7,0.008,0.015
gaia,266,"1""",skycell,1,1,4,0.013,0.006
gaia,1028,1',pgsphere,1,4,13,0.006,0.029
gaia,1028,1',skycell,3,4,8,0.018,0.009
gaia,1028,1',q3c,1,4,301,1.219,0.199
gaia,62,"1""",skycell,1,1,7,0.019,0.007
gaia,62,"1""",q3c,1,1,301,1.237,0.201
gaia,62,"1""",pgsphere,1,1,6,0.007,0.012
gaia,113,"1""",skycell,1,0,6,0.018,0.006
gaia,113,"1""",pgsphere,1,0,4,0.006,0.008
gaia,113,"1""",q3c,1,0,300,1.158,0.198
gaia,954,1',skycell,1,1,4,0.013,0.007
gaia,954,1',pgsphere,1,1,5,0.006,0.017
gaia,954,1',q3c,1,1,301,1.183,0.213
gaia,1433,1deg,pgsphere,762,757,91,0.007,0.283
gaia,1433,1deg,q3c,893,757,317,1.368,0.38
gaia,1433,1deg,skycell,1273,757,45,0.052,0.146
gaia,1097,1',skycell,1,0,4,0.019,0.007
gaia,1097,1',pgsphere,1,0,4,0.006,0.009
gaia,1097,1',q3c,1,0,300,1.2,0.2
gaia,748,"10""",skycell,1,1,4,0.013,0.007
gaia,748,"10""",q3c,1,1,301,1.209,0.202
gaia,748,"10""",pgsphere,1,1,9,0.008,0.02
gaia,1155,6',pgsphere,8,1,6,0.006,0.012
gaia,1155,6',skycell,1,1,4,0.012,0.006
gaia,1155,6',q3c,1,1,301,1.066,0.202
gaia,1183,6',skycell,7,5,8,0.028,0.025
gaia,1183,6',q3c,2,5,301,1.168,0.202
gaia,1183,6',pgsphere,8,5,10,0.01,0.022
gaia,968,1',skycell,5,1,4,0.014,0.01
gaia,968,1',pgsphere,1,1,8,0.007,0.018
gaia,968,1',q3c,2,1,301,1.155,0.206
gaia,896,1',skycell,2,1,8,0.02,0.012
gaia,896,1',pgsphere,1,1,6,0.007,0.013
gaia,896,1',q3c,1,1,301,1.218,0.206
gaia,349,"1""",pgsphere,1,0,4,0.008,0.011
gaia,349,"1""",q3c,1,0,300,1.234,0.201
gaia,349,"1""",skycell,1,0,3,0.014,0.006
gaia,1253,6',skycell,1,0,8,0.019,0.01
gaia,1253,6',pgsphere,8,0,5,0.007,0.013
gaia,1253,6',q3c,1,0,300,1.057,0.2
gaia,1080,1',q3c,1,1,301,1.185,0.216
gaia,1080,1',skycell,2,1,7,0.02,0.008
gaia,1080,1',pgsphere,1,1,5,0.007,0.011
gaia,813,1',skycell,1,0,4,0.012,0.006
gaia,813,1',q3c,1,0,300,1.177,0.198
gaia,813,1',pgsphere,1,0,6,0.009,0.014
gaia,717,"10""",skycell,1,0,3,0.013,0.005
gaia,717,"10""",q3c,1,0,300,1.366,0.205
gaia,717,"10""",pgsphere,1,0,5,0.008,0.014
gaia,73,"1""",q3c,1,0,300,1.113,0.204
gaia,73,"1""",pgsphere,1,0,4,0.008,0.011
gaia,73,"1""",skycell,1,0,3,0.013,0.004
gaia,490,"10""",q3c,1,1,301,1.193,0.21
gaia,490,"10""",pgsphere,1,1,6,0.007,0.016
gaia,490,"10""",skycell,1,1,4,0.013,0.006
gaia,707,"10""",pgsphere,1,0,4,0.006,0.011
gaia,707,"10""",q3c,1,0,300,1.25,0.205
gaia,707,"10""",skycell,1,0,6,0.02,0.008
gaia,580,"10""",q3c,1,1,301,1.195,0.219
gaia,580,"10""",skycell,1,1,4,0.013,0.006
gaia,580,"10""",pgsphere,1,1,8,0.007,0.021
gaia,538,"10""",skycell,1,1,4,0.012,0.006
gaia,538,"10""",pgsphere,1,1,6,0.006,0.013
gaia,538,"10""",q3c,1,1,301,1.37,0.201
gaia,1037,1',q3c,1,0,300,1.144,0.228
gaia,1037,1',skycell,1,0,4,0.013,0.005
gaia,1037,1',pgsphere,1,0,4,0.007,0.009
gaia,605,"10""",q3c,1,0,300,1.175,0.19
gaia,605,"10""",pgsphere,1,0,6,0.007,0.015
gaia,605,"10""",skycell,1,0,3,0.012,0.004
gaia,799,"10""",skycell,1,0,3,0.012,0.005
gaia,799,"10""",q3c,1,0,300,1.228,0.201
gaia,799,"10""",pgsphere,1,0,4,0.007,0.01
gaia,907,1',pgsphere,1,0,4,0.006,0.011
gaia,907,1',skycell,1,0,5,0.012,0.006
gaia,907,1',q3c,1,0,300,1.143,0.202
gaia,297,"1""",pgsphere,1,0,5,0.007,0.013
gaia,297,"1""",q3c,1,0,300,1.205,0.201
gaia,297,"1""",skycell,1,0,3,0.013,0.004
gaia,1081,1',skycell,1,0,4,0.011,0.005
gaia,1081,1',q3c,1,0,300,1.114,0.203
gaia,1081,1',pgsphere,1,0,4,0.007,0.009
gaia,1158,6',q3c,37,107,306,1.171,0.225
gaia,1158,6',skycell,118,107,18,0.029,0.033
gaia,1158,6',pgsphere,8,107,49,0.007,0.081
gaia,867,1',q3c,1,0,300,1.202,0.196
gaia,867,1',pgsphere,1,0,6,0.007,0.017
gaia,867,1',skycell,1,0,7,0.018,0.007
gaia,1343,30',skycell,31,16,14,0.028,0.015
gaia,1343,30',pgsphere,190,16,20,0.006,0.031
gaia,1343,30',q3c,10,16,303,1.119,0.211
gaia,1345,30',q3c,46,49,304,1.239,0.222
gaia,1345,30',pgsphere,190,49,24,0.008,0.041
gaia,1345,30',skycell,48,49,18,0.028,0.026
gaia,364,"1""",q3c,1,1,301,1.117,0.207
gaia,364,"1""",pgsphere,1,1,8,0.007,0.018
gaia,364,"1""",skycell,1,1,7,0.018,0.007
gaia,1132,6',q3c,16,13,304,1.223,0.211
gaia,1132,6',skycell,15,13,8,0.024,0.016
gaia,1132,6',pgsphere,8,13,8,0.007,0.016
gaia,564,"10""",q3c,1,1,301,1.094,0.202
gaia,564,"10""",pgsphere,1,1,9,0.007,0.02
gaia,564,"10""",skycell,1,1,14,0.028,0.011
gaia,649,"10""",pgsphere,1,0,4,0.006,0.01
gaia,649,"10""",q3c,1,0,300,1.082,0.205
gaia,649,"10""",skycell,1,0,6,0.019,0.006
gaia,148,"1""",q3c,1,1,301,1.169,0.211
gaia,148,"1""",skycell,1,1,4,0.013,0.006
gaia,148,"1""",pgsphere,1,1,6,0.007,0.02
gaia,1373,30',q3c,7,19,301,1.224,0.209
gaia,1373,30',pgsphere,190,19,7,0.007,0.019
gaia,1373,30',skycell,16,19,8,0.02,0.013
gaia,393,"1""",pgsphere,1,0,5,0.006,0.014
gaia,393,"1""",skycell,1,0,3,0.012,0.004
gaia,393,"1""",q3c,1,0,300,1.128,0.205
gaia,1206,6',skycell,15,10,7,0.019,0.01
gaia,1206,6',pgsphere,8,10,8,0.006,0.015
gaia,1206,6',q3c,5,10,302,1.074,0.208
gaia,117,"1""",pgsphere,1,0,4,0.007,0.01
gaia,117,"1""",skycell,1,0,3,0.012,0.005
gaia,117,"1""",q3c,1,0,300,1.206,0.196
gaia,635,"10""",skycell,1,0,4,0.013,0.007
gaia,635,"10""",q3c,1,0,300,1.131,0.206
gaia,635,"10""",pgsphere,1,0,5,0.007,0.012
gaia,381,"1""",pgsphere,1,0,5,0.006,0.013
gaia,381,"1""",skycell,1,0,3,0.018,0.006
gaia,381,"1""",q3c,1,0,300,1.154,0.214
gaia,634,"10""",pgsphere,1,1,12,0.007,0.025
gaia,634,"10""",skycell,1,1,7,0.018,0.008
gaia,634,"10""",q3c,1,1,302,1.216,0.209
gaia,1088,1',skycell,1,1,4,0.013,0.007
gaia,1088,1',q3c,1,1,301,1.174,0.198
gaia,1088,1',pgsphere,1,1,6,0.007,0.013
gaia,1124,6',skycell,7,7,4,0.013,0.009
gaia,1124,6',pgsphere,8,7,11,0.006,0.02
gaia,1124,6',q3c,2,7,302,1.101,0.206
gaia,1286,6',q3c,3,11,301,1.083,0.213
gaia,1286,6',pgsphere,8,11,6,0.007,0.013
gaia,1286,6',skycell,4,11,9,0.019,0.014
gaia,522,"10""",q3c,1,1,301,1.028,0.189
gaia,522,"10""",pgsphere,1,1,6,0.007,0.013
gaia,522,"10""",skycell,1,1,4,0.013,0.005
gaia,1332,30',pgsphere,190,117,26,0.006,0.05
gaia,1332,30',q3c,121,117,305,1.227,0.234
gaia,1332,30',skycell,136,117,21,0.033,0.033
gaia,302,"1""",skycell,1,1,4,0.012,0.005
gaia,302,"1""",q3c,1,1,301,1.059,0.207
gaia,302,"1""",pgsphere,1,1,5,0.007,0.011
gaia,291,"1""",pgsphere,1,0,4,0.006,0.01
gaia,291,"1""",q3c,1,0,300,1.179,0.2
gaia,291,"1""",skycell,1,0,3,0.012,0.005
gaia,1122,6',pgsphere,8,177,63,0.006,0.087
gaia,1122,6',skycell,111,177,15,0.022,0.04
gaia,1122,6',q3c,46,177,307,1.174,0.235
gaia,961,1',skycell,1,0,4,0.013,0.006
gaia,961,1',pgsphere,1,0,6,0.006,0.016
gaia,961,1',q3c,1,0,300,1.322,0.195
gaia,922,1',pgsphere,1,1,6,0.007,0.013
gaia,922,1',q3c,1,1,301,1.139,0.201
gaia,922,1',skycell,1,1,4,0.013,0.006
gaia,324,"1""",q3c,1,1,301,1.227,0.201
gaia,324,"1""",pgsphere,1,1,6,0.007,0.012
gaia,324,"1""",skycell,1,1,4,0.012,0.006
gaia,155,"1""",q3c,1,0,300,1.06,0.205
gaia,155,"1""",pgsphere,1,0,5,0.007,0.019
gaia,155,"1""",skycell,1,0,3,0.014,0.004
gaia,511,"10""",q3c,1,0,300,1.195,0.209
gaia,511,"10""",skycell,1,0,3,0.013,0.004
gaia,511,"10""",pgsphere,1,0,6,0.006,0.014
gaia,43,"1""",q3c,1,0,300,1.319,0.207
gaia,43,"1""",pgsphere,1,0,5,0.007,0.013
gaia,43,"1""",skycell,1,0,3,0.012,0.004
gaia,1101,6',skycell,4,10,5,0.012,0.012
gaia,1101,6',pgsphere,8,10,7,0.006,0.017
gaia,1101,6',q3c,1,10,301,1.071,0.21
gaia,1098,1',pgsphere,1,1,6,0.007,0.013
gaia,1098,1',skycell,1,1,4,0.022,0.008
gaia,1098,1',q3c,1,1,301,1.218,0.212
gaia,558,"10""",skycell,1,1,4,0.014,0.006
gaia,558,"10""",pgsphere,1,1,7,0.007,0.017
gaia,558,"10""",q3c,1,1,301,1.207,0.202
gaia,859,1',pgsphere,1,0,4,0.007,0.011
gaia,859,1',q3c,1,0,300,1.134,0.2
gaia,859,1',skycell,1,0,4,0.014,0.005
gaia,1186,6',skycell,13,17,5,0.012,0.014
gaia,1186,6',pgsphere,8,17,7,0.006,0.018
gaia,1186,6',q3c,2,17,302,1.229,0.219
gaia,870,1',pgsphere,1,1,5,0.007,0.011
gaia,870,1',q3c,1,1,301,1.187,0.196
gaia,870,1',skycell,1,1,4,0.013,0.005
gaia,567,"10""",skycell,1,0,3,0.011,0.004
gaia,567,"10""",q3c,1,0,300,1.053,0.199
gaia,567,"10""",pgsphere,1,0,4,0.007,0.01
gaia,1445,3deg,pgsphere,6852,985,52,0.006,0.327
gaia,1445,3deg,q3c,852,985,323,1.203,0.435
gaia,1445,3deg,skycell,1168,985,57,0.062,0.205
gaia,531,"10""",skycell,1,0,7,0.019,0.007
gaia,531,"10""",pgsphere,1,0,5,0.007,0.014
gaia,531,"10""",q3c,1,0,300,1.166,0.205
gaia,177,"1""",skycell,1,0,3,0.013,0.005
gaia,177,"1""",q3c,1,0,300,1.216,0.21
gaia,177,"1""",pgsphere,1,0,4,0.007,0.01
gaia,1273,6',q3c,1,2,302,1.207,0.211
gaia,1273,6',skycell,1,2,4,0.013,0.008
gaia,1273,6',pgsphere,8,2,5,0.006,0.011
gaia,143,"1""",pgsphere,1,0,4,0.006,0.018
gaia,143,"1""",q3c,1,0,300,1.115,0.211
gaia,143,"1""",skycell,1,0,3,0.013,0.004
gaia,571,"10""",pgsphere,1,0,4,0.006,0.009
gaia,571,"10""",skycell,1,0,6,0.018,0.005
gaia,571,"10""",q3c,1,0,300,1.224,0.205
gaia,141,"1""",pgsphere,1,0,4,0.007,0.009
gaia,141,"1""",skycell,1,0,3,0.021,0.003
gaia,141,"1""",q3c,1,0,300,1.234,0.203
gaia,1054,1',skycell,1,1,4,0.013,0.006
gaia,1054,1',q3c,1,1,301,1.168,0.2
gaia,1054,1',pgsphere,1,1,7,0.007,0.017
gaia,417,"10""",q3c,1,0,300,1.074,0.204
gaia,417,"10""",pgsphere,1,0,4,0.007,0.009
gaia,417,"10""",skycell,1,0,3,0.018,0.005
gaia,1258,6',pgsphere,8,110,19,0.006,0.035
gaia,1258,6',skycell,108,110,24,0.037,0.031
gaia,1258,6',q3c,32,110,305,1.048,0.229
gaia,1041,1',q3c,1,0,300,1.188,0.215
gaia,1041,1',pgsphere,1,0,4,0.007,0.01
gaia,1041,1',skycell,1,0,4,0.012,0.005
gaia,1290,6',q3c,7,18,301,1.051,0.198
gaia,1290,6',pgsphere,8,18,9,0.007,0.02
gaia,1290,6',skycell,19,18,4,0.012,0.011
gaia,992,1',q3c,1,1,301,1.227,0.206
gaia,992,1',pgsphere,1,1,7,0.007,0.015
gaia,992,1',skycell,1,1,5,0.012,0.008
gaia,1187,6',q3c,1,2,301,1.209,0.203
gaia,1187,6',skycell,3,2,4,0.012,0.006
gaia,1187,6',pgsphere,8,2,6,0.006,0.013
gaia,300,"1""",pgsphere,1,1,6,0.006,0.011
gaia,300,"1""",skycell,1,1,4,0.011,0.008
gaia,300,"1""",q3c,1,1,301,1.161,0.205
gaia,298,"1""",skycell,1,1,4,0.013,0.006
gaia,298,"1""",q3c,1,1,301,1.148,0.202
gaia,298,"1""",pgsphere,1,1,5,0.007,0.015
gaia,1143,6',pgsphere,8,1,8,0.008,0.02
gaia,1143,6',skycell,1,1,9,0.018,0.012
gaia,1143,6',q3c,5,1,301,1.15,0.206
gaia,949,1',skycell,1,0,4,0.013,0.005
gaia,949,1',q3c,1,0,300,1.158,0.2
gaia,949,1',pgsphere,1,0,5,0.007,0.012
gaia,701,"10""",pgsphere,1,0,9,0.006,0.021
gaia,701,"10""",skycell,1,0,3,0.012,0.005
gaia,701,"10""",q3c,1,0,300,1.224,0.201
gaia,906,1',q3c,1,3,301,1.145,0.21
gaia,906,1',skycell,2,3,8,0.022,0.013
gaia,906,1',pgsphere,1,3,7,0.007,0.013
gaia,1029,1',q3c,1,0,300,1.344,0.198
gaia,1029,1',skycell,1,0,4,0.013,0.006
gaia,1029,1',pgsphere,1,0,4,0.006,0.011
gaia,1310,30',pgsphere,190,144,37,0.006,0.063
gaia,1310,30',q3c,44,144,306,1.347,0.248
gaia,1310,30',skycell,196,144,21,0.043,0.04
gaia,1344,30',q3c,81,192,307,1.268,0.259
gaia,1344,30',pgsphere,190,192,29,0.015,0.068
gaia,1344,30',skycell,205,192,23,0.089,0.071
gaia,1059,1',pgsphere,1,0,5,0.018,0.029
gaia,1059,1',skycell,1,0,7,0.021,0.013
gaia,1059,1',q3c,1,0,300,1.193,0.226
gaia,1008,1',q3c,1,3,301,1.24,0.214
gaia,1008,1',skycell,2,3,10,0.019,0.018
gaia,1008,1',pgsphere,1,3,7,0.007,0.014
gaia,823,1',q3c,1,1,301,1.16,0.198
gaia,823,1',skycell,1,1,4,0.013,0.007
gaia,823,1',pgsphere,1,1,6,0.006,0.014
gaia,775,"10""",skycell,1,0,3,0.012,0.006
gaia,775,"10""",q3c,1,0,300,1.09,0.203
gaia,775,"10""",pgsphere,1,0,4,0.007,0.009
gaia,1295,6',q3c,1,0,300,1.18,0.206
gaia,1295,6',pgsphere,8,0,5,0.007,0.015
gaia,1295,6',skycell,1,0,4,0.013,0.007
gaia,693,"10""",q3c,1,0,300,1.137,0.208
gaia,693,"10""",pgsphere,1,0,4,0.007,0.01
gaia,693,"10""",skycell,1,0,3,0.012,0.004
gaia,1429,1deg,skycell,437,706,38,0.042,0.172
gaia,1429,1deg,q3c,94,706,319,1.181,0.412
gaia,1429,1deg,pgsphere,762,706,74,0.008,0.275
gaia,891,1',skycell,1,0,4,0.014,0.006
gaia,891,1',q3c,1,0,300,1.071,0.201
gaia,891,1',pgsphere,1,0,7,0.007,0.019
gaia,233,"1""",skycell,1,0,3,0.021,0.015
gaia,233,"1""",q3c,1,0,300,1.139,0.206
gaia,233,"1""",pgsphere,1,0,5,0.007,0.023
gaia,1074,1',pgsphere,1,1,7,0.008,0.017
gaia,1074,1',q3c,1,1,301,1.115,0.207
gaia,1074,1',skycell,1,1,4,0.019,0.006
gaia,680,"10""",q3c,1,1,301,1.109,0.204
gaia,680,"10""",skycell,1,1,4,0.013,0.006
gaia,680,"10""",pgsphere,1,1,7,0.006,0.013
gaia,528,"10""",q3c,1,2,301,1.184,0.206
gaia,528,"10""",skycell,1,2,4,0.013,0.006
gaia,528,"10""",pgsphere,1,2,6,0.006,0.011
gaia,788,"10""",skycell,1,1,4,0.012,0.006
gaia,788,"10""",q3c,1,1,301,1.094,0.208
gaia,788,"10""",pgsphere,1,1,6,0.007,0.014
gaia,781,"10""",pgsphere,1,0,5,0.006,0.012
gaia,781,"10""",skycell,1,0,3,0.012,0.005
gaia,781,"10""",q3c,1,0,300,1.253,0.207
gaia,234,"1""",skycell,1,1,4,0.012,0.017
gaia,234,"1""",pgsphere,1,1,6,0.008,0.022
gaia,234,"1""",q3c,1,1,301,1.146,0.217
gaia,200,"1""",pgsphere,1,1,6,0.008,0.016
gaia,200,"1""",skycell,1,1,4,0.014,0.013
gaia,200,"1""",q3c,1,1,301,1.188,0.207
gaia,979,1',skycell,1,0,4,0.013,0.006
gaia,979,1',q3c,1,0,300,1.198,0.205
gaia,979,1',pgsphere,1,0,4,0.007,0.009
gaia,1094,1',q3c,1,2,302,1.173,0.205
gaia,1094,1',pgsphere,1,2,7,0.008,0.019
gaia,1094,1',skycell,1,2,9,0.018,0.017
gaia,1446,3deg,q3c,24663,42294,1102,1.253,7.48
gaia,1446,3deg,skycell,45342,42294,721,0.113,5.72
gaia,1446,3deg,pgsphere,6852,42294,1770,0.009,13.757
gaia,420,"10""",pgsphere,1,1,5,0.01,0.016
gaia,420,"10""",skycell,1,1,4,0.015,0.006
gaia,420,"10""",q3c,1,1,301,1.1,0.221
gaia,357,"1""",pgsphere,1,0,5,0.007,0.015
gaia,357,"1""",q3c,1,0,300,1.168,0.208
gaia,357,"1""",skycell,1,0,3,0.013,0.005
gaia,129,"1""",skycell,1,0,6,0.018,0.007
gaia,129,"1""",q3c,1,0,300,1.263,0.201
gaia,129,"1""",pgsphere,1,0,10,0.007,0.025
gaia,540,"10""",q3c,1,1,301,1.106,0.203
gaia,540,"10""",skycell,1,1,4,0.013,0.006
gaia,540,"10""",pgsphere,1,1,6,0.006,0.014
gaia,1178,6',pgsphere,8,116,19,0.006,0.034
gaia,1178,6',skycell,123,116,22,0.036,0.033
gaia,1178,6',q3c,16,116,306,1.013,0.226
gaia,1265,6',pgsphere,8,0,6,0.008,0.014
gaia,1265,6',q3c,1,0,302,1.238,0.206
gaia,1265,6',skycell,1,0,4,0.013,0.008
gaia,1355,30',pgsphere,190,4774,627,0.006,0.959
gaia,1355,30',q3c,1407,4774,380,1.177,0.826
gaia,1355,30',skycell,4278,4774,131,0.084,0.505
gaia,1443,3deg,skycell,5874,6293,164,0.114,0.885
gaia,1443,3deg,q3c,1673,6293,396,1.075,1.222
gaia,1443,3deg,pgsphere,6852,6293,206,0.008,1.374
gaia,232,"1""",pgsphere,1,1,7,0.008,0.02
gaia,232,"1""",q3c,1,1,301,1.172,0.209
gaia,232,"1""",skycell,1,1,4,0.013,0.005
gaia,791,"10""",skycell,1,0,4,0.012,0.006
gaia,791,"10""",q3c,1,0,300,1.243,0.201
gaia,791,"10""",pgsphere,1,0,6,0.007,0.016
gaia,844,1',q3c,1,2,301,1.122,0.203
gaia,844,1',skycell,1,2,7,0.019,0.008
gaia,844,1',pgsphere,1,2,7,0.006,0.017
gaia,980,1',skycell,1,2,4,0.014,0.008
gaia,980,1',pgsphere,1,2,6,0.006,0.013
gaia,980,1',q3c,1,2,301,1.081,0.208
gaia,1182,6',q3c,45,224,307,1.176,0.253
gaia,1182,6',skycell,170,224,21,0.033,0.05
gaia,1182,6',pgsphere,8,224,49,0.006,0.077
gaia,636,"10""",pgsphere,1,1,5,0.006,0.011
gaia,636,"10""",skycell,1,1,4,0.012,0.006
gaia,636,"10""",q3c,1,1,301,1.156,0.197
gaia,294,"1""",q3c,1,1,301,1.171,0.209
gaia,294,"1""",skycell,1,1,13,0.029,0.015
gaia,294,"1""",pgsphere,1,1,7,0.006,0.02
gaia,98,"1""",q3c,1,1,301,1.256,0.199
gaia,98,"1""",pgsphere,1,1,6,0.008,0.013
gaia,98,"1""",skycell,1,1,4,0.013,0.006
gaia,924,1',skycell,1,3,5,0.02,0.009
gaia,924,1',q3c,1,3,301,1.111,0.206
gaia,924,1',pgsphere,1,3,5,0.007,0.011
gaia,730,"10""",q3c,1,1,301,1.236,0.202
gaia,730,"10""",pgsphere,1,1,9,0.007,0.021
gaia,730,"10""",skycell,1,1,4,0.012,0.006
gaia,1456,3deg,skycell,16357,18935,327,0.131,2.37
gaia,1456,3deg,pgsphere,6852,18935,734,0.009,5.746
gaia,1456,3deg,q3c,7359,18935,586,1.199,2.954
gaia,1396,30',pgsphere,190,4125,353,0.009,0.931
gaia,1396,30',skycell,3859,4125,123,0.086,0.603
gaia,1396,30',q3c,1688,4125,375,1.21,0.879
gaia,778,"10""",skycell,1,1,7,0.019,0.01
gaia,778,"10""",q3c,1,1,301,1.236,0.201
gaia,778,"10""",pgsphere,1,1,8,0.007,0.019
gaia,584,"10""",pgsphere,1,1,6,0.006,0.019
gaia,584,"10""",skycell,1,1,4,0.014,0.006
gaia,584,"10""",q3c,1,1,301,1.186,0.209
gaia,1140,6',q3c,8,24,303,1.149,0.219
gaia,1140,6',skycell,18,24,12,0.024,0.018
gaia,1140,6',pgsphere,8,24,14,0.006,0.028
gaia,1073,1',skycell,1,0,4,0.012,0.005
gaia,1073,1',q3c,1,0,300,1.254,0.194
gaia,1073,1',pgsphere,1,0,4,0.007,0.017
gaia,928,1',skycell,5,6,14,0.024,0.017
gaia,928,1',pgsphere,1,6,9,0.006,0.025
gaia,928,1',q3c,2,6,301,1.101,0.209
gaia,95,"1""",pgsphere,1,0,5,0.007,0.014
gaia,95,"1""",q3c,1,0,300,1.128,0.21
gaia,95,"1""",skycell,1,0,3,0.02,0.005
gaia,721,"10""",q3c,1,0,300,1.238,0.205
gaia,721,"10""",pgsphere,1,0,4,0.007,0.011
gaia,721,"10""",skycell,1,0,6,0.018,0.007
gaia,675,"10""",q3c,1,0,300,1.185,0.2
gaia,675,"10""",skycell,1,0,6,0.031,0.008
gaia,675,"10""",pgsphere,1,0,10,0.006,0.026
gaia,426,"10""",q3c,1,1,301,1.135,0.201
gaia,426,"10""",skycell,1,1,4,0.013,0.006
gaia,426,"10""",pgsphere,1,1,5,0.006,0.01
gaia,610,"10""",q3c,1,1,301,1.138,0.203
gaia,610,"10""",pgsphere,1,1,6,0.007,0.019
gaia,610,"10""",skycell,1,1,4,0.014,0.006
gaia,405,"10""",pgsphere,1,0,5,0.006,0.012
gaia,405,"10""",skycell,1,0,3,0.012,0.004
gaia,405,"10""",q3c,1,0,300,1.137,0.218
gaia,108,"1""",pgsphere,1,1,5,0.007,0.015
gaia,108,"1""",skycell,1,1,4,0.014,0.006
gaia,108,"1""",q3c,1,1,301,1.188,0.207
gaia,756,"10""",pgsphere,1,1,5,0.008,0.012
gaia,756,"10""",q3c,1,1,301,1.102,0.206
gaia,756,"10""",skycell,1,1,4,0.013,0.007
gaia,410,"10""",pgsphere,1,1,5,0.006,0.012
gaia,410,"10""",skycell,1,1,4,0.011,0.006
gaia,410,"10""",q3c,1,1,301,1.189,0.201
gaia,1263,6',q3c,3,8,302,1.067,0.218
gaia,1263,6',skycell,9,8,4,0.013,0.006
gaia,1263,6',pgsphere,8,8,7,0.006,0.014
gaia,176,"1""",skycell,1,1,4,0.012,0.006
gaia,176,"1""",pgsphere,1,1,5,0.006,0.01
gaia,176,"1""",q3c,1,1,301,1.228,0.19
gaia,287,"1""",skycell,1,0,3,0.013,0.005
gaia,287,"1""",q3c,1,0,300,1.109,0.2
gaia,287,"1""",pgsphere,1,0,6,0.008,0.014
gaia,1312,30',pgsphere,190,1471,173,0.006,0.344
gaia,1312,30',q3c,338,1471,334,1.258,0.439
gaia,1312,30',skycell,1148,1471,62,0.057,0.196
gaia,397,"1""",q3c,1,0,300,1.402,0.196
gaia,397,"1""",pgsphere,1,0,4,0.007,0.01
gaia,397,"1""",skycell,1,0,3,0.012,0.005
gaia,110,"1""",q3c,1,1,301,1.192,0.223
gaia,110,"1""",skycell,1,1,4,0.013,0.006
gaia,110,"1""",pgsphere,1,1,5,0.006,0.01
gaia,1369,30',skycell,39,36,18,0.027,0.025
gaia,1369,30',pgsphere,190,36,13,0.006,0.026
gaia,1369,30',q3c,43,36,305,1.318,0.22
gaia,1449,3deg,pgsphere,6852,43660,1433,0.008,11.013
gaia,1449,3deg,q3c,26903,43660,1033,1.179,6.852
gaia,1449,3deg,skycell,46490,43660,691,0.116,5.419
gaia,198,"1""",q3c,1,1,301,1.142,0.237
gaia,198,"1""",skycell,1,1,4,0.019,0.008
gaia,198,"1""",pgsphere,1,1,7,0.007,0.023
gaia,102,"1""",q3c,1,1,301,1.166,0.21
gaia,102,"1""",skycell,1,1,4,0.013,0.006
gaia,102,"1""",pgsphere,1,1,6,0.007,0.014
gaia,1404,1deg,skycell,1928,1184,66,0.074,0.2
gaia,1404,1deg,pgsphere,762,1184,127,0.008,0.437
gaia,1404,1deg,q3c,578,1184,326,1.078,0.57
gaia,111,"1""",q3c,1,0,300,1.129,0.211
gaia,111,"1""",skycell,1,0,3,0.014,0.005
gaia,111,"1""",pgsphere,1,0,5,0.006,0.043
gaia,887,1',q3c,1,0,300,1.234,0.215
gaia,887,1',pgsphere,1,0,4,0.013,0.015
gaia,887,1',skycell,1,0,4,0.02,0.006
gaia,1019,1',skycell,2,3,4,0.013,0.007
gaia,1019,1',pgsphere,1,3,6,0.006,0.015
gaia,1019,1',q3c,1,3,302,1.368,0.222
gaia,708,"10""",skycell,1,1,4,0.014,0.006
gaia,708,"10""",pgsphere,1,1,5,0.006,0.012
gaia,708,"10""",q3c,1,1,301,1.194,0.201
gaia,9,"1""",q3c,1,0,300,1.266,0.214
gaia,9,"1""",pgsphere,1,0,4,0.008,0.01
gaia,9,"1""",skycell,1,0,3,0.013,0.005
gaia,534,"10""",q3c,1,1,301,1.247,0.192
gaia,534,"10""",pgsphere,1,1,5,0.007,0.013
gaia,534,"10""",skycell,1,1,4,0.013,0.006
gaia,882,1',pgsphere,1,7,11,0.006,0.036
gaia,882,1',q3c,2,7,301,1.114,0.209
gaia,882,1',skycell,7,7,8,0.019,0.012
gaia,806,1',skycell,1,1,4,0.02,0.013
gaia,806,1',pgsphere,1,1,5,0.006,0.012
gaia,806,1',q3c,1,1,301,1.238,0.206
gaia,677,"10""",pgsphere,1,0,6,0.007,0.016
gaia,677,"10""",q3c,1,0,300,1.225,0.2
gaia,677,"10""",skycell,1,0,4,0.013,0.006
gaia,1130,6',skycell,1,2,8,0.037,0.012
gaia,1130,6',pgsphere,8,2,7,0.007,0.014
gaia,1130,6',q3c,2,2,301,1.188,0.207
gaia,461,"10""",pgsphere,1,0,5,0.007,0.011
gaia,461,"10""",q3c,1,0,300,1.309,0.199
gaia,461,"10""",skycell,1,0,6,0.027,0.008
gaia,1194,6',q3c,10,23,303,1.098,0.22
gaia,1194,6',skycell,31,23,9,0.019,0.019
gaia,1194,6',pgsphere,8,23,11,0.007,0.023
gaia,760,"10""",skycell,1,1,4,0.012,0.006
gaia,760,"10""",pgsphere,1,1,8,0.006,0.019
gaia,760,"10""",q3c,1,1,301,1.271,0.199
gaia,565,"10""",skycell,1,0,3,0.013,0.005
gaia,565,"10""",q3c,1,0,300,1.082,0.213
gaia,565,"10""",pgsphere,1,0,3,0.007,0.008
gaia,541,"10""",skycell,1,0,3,0.012,0.006
gaia,541,"10""",pgsphere,1,0,8,0.006,0.02
gaia,541,"10""",q3c,1,0,300,1.194,0.211
gaia,578,"10""",pgsphere,1,1,5,0.008,0.014
gaia,578,"10""",skycell,1,1,4,0.012,0.006
gaia,578,"10""",q3c,1,1,301,1.186,0.212
gaia,1262,6',pgsphere,8,132,24,0.008,0.045
gaia,1262,6',q3c,17,132,307,1.08,0.236
gaia,1262,6',skycell,85,132,15,0.024,0.035
gaia,516,"10""",q3c,1,1,301,1.212,0.2
gaia,516,"10""",pgsphere,1,1,10,0.007,0.028
gaia,516,"10""",skycell,1,1,4,0.014,0.006
gaia,352,"1""",pgsphere,1,1,8,0.006,0.017
gaia,352,"1""",skycell,1,1,4,0.018,0.006
gaia,352,"1""",q3c,1,1,301,1.199,0.225
gaia,79,"1""",q3c,1,0,300,1.133,0.213
gaia,79,"1""",pgsphere,1,0,3,0.008,0.008
gaia,79,"1""",skycell,1,0,3,0.017,0.007
gaia,392,"1""",q3c,1,1,301,1.132,0.198
gaia,392,"1""",pgsphere,1,1,6,0.007,0.013
gaia,392,"1""",skycell,1,1,4,0.012,0.007
gaia,120,"1""",pgsphere,1,1,6,0.006,0.015
gaia,120,"1""",q3c,1,1,301,1.126,0.208
gaia,120,"1""",skycell,1,1,4,0.021,0.009
gaia,457,"10""",q3c,1,0,300,1.13,0.226
gaia,457,"10""",skycell,1,0,3,0.027,0.007
gaia,457,"10""",pgsphere,1,0,6,0.009,0.018
gaia,1039,1',pgsphere,1,0,6,0.01,0.026
gaia,1039,1',q3c,1,0,300,1.59,0.326
gaia,1039,1',skycell,1,0,4,0.037,0.013
gaia,868,1',pgsphere,1,5,12,0.015,0.047
gaia,868,1',skycell,5,5,8,0.028,0.016
gaia,868,1',q3c,2,5,301,1.354,0.281
gaia,1438,1deg,skycell,1047,1714,77,0.1,0.409
gaia,1438,1deg,q3c,1927,1714,343,2.216,1.209
gaia,1438,1deg,pgsphere,762,1714,272,0.048,0.856
gaia,75,"1""",q3c,1,0,300,1.533,0.341
gaia,75,"1""",pgsphere,1,0,4,0.027,0.023
gaia,75,"1""",skycell,1,0,3,0.028,0.01
gaia,265,"1""",pgsphere,1,0,5,0.01,0.017
gaia,265,"1""",q3c,1,0,300,1.567,0.255
gaia,265,"1""",skycell,1,0,6,0.038,0.022
gaia,149,"1""",pgsphere,1,0,4,0.011,0.017
gaia,149,"1""",skycell,1,0,3,0.014,0.014
gaia,149,"1""",q3c,1,0,300,1.415,0.27
gaia,1270,6',skycell,167,168,23,0.046,0.064
gaia,1270,6',pgsphere,8,168,44,0.011,0.096
gaia,1270,6',q3c,38,168,307,1.443,0.329
gaia,1352,30',q3c,181,246,309,1.314,0.302
gaia,1352,30',skycell,117,246,20,0.046,0.06
gaia,1352,30',pgsphere,190,246,60,0.011,0.118
gaia,169,"1""",pgsphere,1,0,4,0.009,0.014
gaia,169,"1""",skycell,1,0,6,0.021,0.008
gaia,169,"1""",q3c,1,0,300,1.275,0.246
gaia,107,"1""",pgsphere,1,0,5,0.015,0.017
gaia,107,"1""",skycell,1,0,3,0.017,0.008
gaia,107,"1""",q3c,1,0,300,1.415,0.262
gaia,254,"1""",pgsphere,1,1,11,0.013,0.049
gaia,254,"1""",skycell,1,1,4,0.023,0.009
gaia,254,"1""",q3c,1,1,301,1.387,0.246
gaia,460,"10""",q3c,1,1,301,1.377,0.238
gaia,460,"10""",skycell,1,1,4,0.027,0.012
gaia,460,"10""",pgsphere,1,1,5,0.01,0.016
gaia,1149,6',q3c,1,1,301,1.26,0.233
gaia,1149,6',skycell,1,1,5,0.027,0.014
gaia,1149,6',pgsphere,8,1,6,0.011,0.02
gaia,131,"1""",skycell,1,0,3,0.014,0.007
gaia,131,"1""",q3c,1,0,300,1.362,0.258
gaia,131,"1""",pgsphere,1,0,8,0.016,0.028
gaia,339,"1""",q3c,1,0,300,1.366,0.272
gaia,339,"1""",pgsphere,1,0,4,0.037,0.022
gaia,339,"1""",skycell,1,0,3,0.043,0.018
gaia,975,1',skycell,1,0,4,0.026,0.014
gaia,975,1',pgsphere,1,0,4,0.027,0.027
gaia,975,1',q3c,1,0,300,1.623,0.354
gaia,1436,1deg,q3c,33,83,304,1.374,0.309
gaia,1436,1deg,pgsphere,762,83,17,0.02,0.059
gaia,1436,1deg,skycell,72,83,18,0.041,0.05
gaia,1193,6',skycell,4,5,8,0.024,0.014
gaia,1193,6',q3c,3,5,303,1.392,0.273
gaia,1193,6',pgsphere,8,5,6,0.015,0.021
gaia,771,"10""",q3c,1,0,300,1.323,0.246
gaia,771,"10""",skycell,1,0,3,0.041,0.017
gaia,771,"10""",pgsphere,1,0,10,0.012,0.033
gaia,212,"1""",pgsphere,1,1,5,0.007,0.017
gaia,212,"1""",skycell,1,1,4,0.018,0.02
gaia,212,"1""",q3c,1,1,301,1.248,0.278
gaia,572,"10""",skycell,1,1,7,0.032,0.017
gaia,572,"10""",q3c,1,1,301,1.288,0.246
gaia,572,"10""",pgsphere,1,1,11,0.015,0.036
gaia,1235,6',skycell,1,0,4,0.017,0.01
gaia,1235,6',q3c,1,0,301,1.408,0.268
gaia,1235,6',pgsphere,8,0,5,0.017,0.02
gaia,925,1',skycell,1,0,4,0.016,0.008
gaia,925,1',q3c,1,0,300,1.217,0.252
gaia,925,1',pgsphere,1,0,4,0.024,0.019
gaia,596,"10""",q3c,1,1,301,1.231,0.249
gaia,596,"10""",skycell,1,1,4,0.04,0.014
gaia,596,"10""",pgsphere,1,1,7,0.01,0.028
gaia,485,"10""",pgsphere,1,0,7,0.009,0.021
gaia,485,"10""",q3c,1,0,300,1.386,0.263
gaia,485,"10""",skycell,1,0,3,0.032,0.012
gaia,1022,1',pgsphere,1,1,5,0.01,0.015
gaia,1022,1',skycell,1,1,4,0.014,0.007
gaia,1022,1',q3c,1,1,301,1.348,0.259
gaia,160,"1""",pgsphere,1,1,7,0.045,0.025
gaia,160,"1""",q3c,1,1,301,1.332,0.268
gaia,160,"1""",skycell,1,1,4,0.034,0.015
gaia,1374,30',skycell,183,161,18,0.033,0.041
gaia,1374,30',q3c,44,161,308,1.382,0.296
gaia,1374,30',pgsphere,190,161,26,0.014,0.086
gaia,666,"10""",q3c,1,1,301,1.3,0.481
gaia,666,"10""",skycell,1,1,4,0.124,0.024
gaia,666,"10""",pgsphere,1,1,10,0.024,0.055
gaia,1301,30',pgsphere,190,63,24,0.018,0.107
gaia,1301,30',q3c,31,63,302,1.482,0.304
gaia,1301,30',skycell,41,63,6,0.032,0.042
gaia,271,"1""",pgsphere,1,0,7,0.015,0.049
gaia,271,"1""",skycell,1,0,3,0.025,0.018
gaia,271,"1""",q3c,1,0,300,1.234,0.258
gaia,273,"1""",pgsphere,1,0,6,0.015,0.025
gaia,273,"1""",skycell,1,0,3,0.019,0.012
gaia,273,"1""",q3c,1,0,300,1.388,0.267
gaia,1281,6',q3c,16,32,302,1.335,0.295
gaia,1281,6',pgsphere,8,32,13,0.019,0.041
gaia,1281,6',skycell,15,32,9,0.031,0.03
gaia,1040,1',pgsphere,1,1,6,0.008,0.023
gaia,1040,1',q3c,1,1,301,1.236,0.248
gaia,1040,1',skycell,1,1,4,0.028,0.024
gaia,409,"10""",pgsphere,1,0,3,0.011,0.013
gaia,409,"10""",skycell,1,0,6,0.029,0.015
gaia,409,"10""",q3c,1,0,300,1.213,0.275
gaia,220,"1""",q3c,1,1,301,1.318,0.297
gaia,220,"1""",skycell,1,1,7,0.043,0.022
gaia,220,"1""",pgsphere,1,1,10,0.012,0.038
gaia,826,1',q3c,2,3,301,1.246,0.266
gaia,826,1',skycell,7,3,4,0.045,0.023
gaia,826,1',pgsphere,1,3,12,0.015,0.063
gaia,1333,30',q3c,18,19,302,1.404,0.278
gaia,1333,30',pgsphere,190,19,7,0.02,0.029
gaia,1333,30',skycell,20,19,9,0.03,0.029
gaia,33,"1""",q3c,1,0,300,1.296,0.242
gaia,33,"1""",pgsphere,1,0,5,0.024,0.025
gaia,33,"1""",skycell,1,0,3,0.021,0.011
gaia,718,"10""",pgsphere,1,1,5,0.01,0.014
gaia,718,"10""",q3c,1,1,301,1.25,0.287
gaia,718,"10""",skycell,1,1,5,0.071,0.038
gaia,1052,1',q3c,1,3,302,1.545,0.313
gaia,1052,1',pgsphere,1,3,5,0.039,0.055
gaia,1052,1',skycell,2,3,8,0.029,0.027
gaia,89,"1""",skycell,1,0,3,0.016,0.011
gaia,89,"1""",pgsphere,1,0,4,0.01,0.017
gaia,89,"1""",q3c,1,0,300,1.369,0.264
gaia,268,"1""",skycell,1,1,4,0.023,0.018
gaia,268,"1""",pgsphere,1,1,6,0.01,0.033
gaia,268,"1""",q3c,1,1,301,1.367,0.282
gaia,1241,6',skycell,2,2,8,0.046,0.026
gaia,1241,6',q3c,1,2,301,1.439,0.284
gaia,1241,6',pgsphere,8,2,7,0.015,0.041
gaia,589,"10""",q3c,1,0,300,1.301,0.257
gaia,589,"10""",skycell,1,0,3,0.025,0.016
gaia,589,"10""",pgsphere,1,0,6,0.011,0.046
gaia,857,1',pgsphere,1,0,12,0.009,0.064
gaia,857,1',q3c,1,0,300,1.27,0.288
gaia,857,1',skycell,1,0,4,0.029,0.017
gaia,1389,30',q3c,8,14,303,1.346,0.281
gaia,1389,30',skycell,16,14,12,0.035,0.036
gaia,1389,30',pgsphere,190,14,7,0.013,0.044
gaia,25,"1""",pgsphere,1,0,5,0.009,0.036
gaia,25,"1""",skycell,1,0,3,0.016,0.025
gaia,25,"1""",q3c,1,0,300,1.459,0.288
gaia,301,"1""",pgsphere,1,0,4,0.018,0.024
gaia,301,"1""",skycell,1,0,3,0.02,0.013
gaia,301,"1""",q3c,1,0,300,1.349,0.28
gaia,502,"10""",skycell,1,1,4,0.024,0.023
gaia,502,"10""",pgsphere,1,1,5,0.013,0.03
gaia,502,"10""",q3c,1,1,301,1.143,0.246
gaia,1196,6',skycell,9,8,10,0.038,0.041
gaia,1196,6',q3c,3,8,303,1.67,0.747
gaia,1196,6',pgsphere,8,8,8,0.042,0.107
gaia,1315,30',q3c,172,403,310,4.991,0.865
gaia,1315,30',skycell,228,403,29,0.125,0.202
gaia,1315,30',pgsphere,190,403,84,0.022,0.279
gaia,583,"10""",q3c,1,1,301,2.628,0.784
gaia,583,"10""",pgsphere,1,1,8,0.176,0.144
gaia,583,"10""",skycell,1,1,4,0.12,0.035
gaia,65,"1""",q3c,1,0,300,2.334,0.589
gaia,65,"1""",skycell,1,0,3,0.068,0.032
gaia,65,"1""",pgsphere,1,0,5,0.036,0.034
gaia,796,"10""",pgsphere,1,1,6,0.028,0.04
gaia,796,"10""",q3c,1,1,301,2.276,0.612
gaia,796,"10""",skycell,1,1,4,0.068,0.045
gaia,618,"10""",pgsphere,1,1,5,0.017,0.037
gaia,618,"10""",q3c,1,1,301,3.253,1.111
gaia,618,"10""",skycell,1,1,4,0.072,0.038
gaia,816,1',skycell,1,2,8,0.045,0.063
gaia,816,1',pgsphere,1,2,9,0.025,0.056
gaia,816,1',q3c,1,2,301,2.16,0.435
gaia,26,"1""",pgsphere,1,1,6,0.03,0.053
gaia,26,"1""",q3c,1,1,301,1.695,0.481
gaia,26,"1""",skycell,1,1,4,0.053,0.031
gaia,761,"10""",skycell,1,0,3,0.027,0.016
gaia,761,"10""",q3c,1,0,300,1.366,0.272
gaia,761,"10""",pgsphere,1,0,7,0.111,0.114
gaia,1012,1',skycell,3,2,8,0.125,0.128
gaia,1012,1',q3c,1,2,302,3.075,0.632
gaia,1012,1',pgsphere,1,2,8,0.048,0.08
gaia,644,"10""",skycell,1,1,4,0.041,0.039
gaia,644,"10""",q3c,1,1,301,1.387,0.41
gaia,644,"10""",pgsphere,1,1,5,0.044,0.071
gaia,1100,1',pgsphere,1,2,6,0.011,0.044
gaia,1100,1',skycell,1,2,4,0.057,0.043
gaia,1100,1',q3c,1,2,301,3.199,0.405
gaia,386,"1""",pgsphere,1,1,8,0.043,0.109
gaia,386,"1""",skycell,1,1,4,0.033,0.043
gaia,386,"1""",q3c,1,1,301,3.269,0.384
gaia,1305,30',pgsphere,190,12,11,0.055,0.09
gaia,1305,30',skycell,13,12,16,0.055,0.068
gaia,1305,30',q3c,8,12,302,1.467,0.455
gaia,527,"10""",pgsphere,1,0,5,0.05,0.064
gaia,527,"10""",q3c,1,0,300,1.954,0.521
gaia,527,"10""",skycell,1,0,3,0.08,0.036
gaia,1276,6',q3c,35,92,303,3.051,0.4
gaia,1276,6',skycell,106,92,17,0.087,0.093
gaia,1276,6',pgsphere,8,92,24,0.091,0.323
gaia,1051,1',skycell,1,0,7,0.069,0.043
gaia,1051,1',pgsphere,1,0,4,0.035,0.026
gaia,1051,1',q3c,1,0,300,3.088,0.986
gaia,374,"1""",skycell,1,1,4,0.063,0.039
gaia,374,"1""",q3c,1,1,301,1.339,0.342
gaia,374,"1""",pgsphere,1,1,11,0.04,0.083
gaia,1005,1',skycell,1,0,4,0.036,0.033
gaia,1005,1',pgsphere,1,0,4,0.013,0.025
gaia,1005,1',q3c,1,0,300,1.391,5.88
gaia,600,"10""",skycell,1,1,4,0.063,0.047
gaia,600,"10""",pgsphere,1,1,5,0.017,0.041
gaia,600,"10""",q3c,1,1,301,1.131,0.256
gaia,779,"10""",q3c,1,0,300,1.291,0.235
gaia,779,"10""",pgsphere,1,0,4,0.011,0.031
gaia,779,"10""",skycell,1,0,3,0.024,0.019
gaia,873,1',pgsphere,1,0,9,0.01,0.063
gaia,873,1',skycell,1,0,4,0.025,0.031
gaia,873,1',q3c,1,0,300,1.543,0.229
gaia,323,"1""",pgsphere,1,0,4,0.009,0.03
gaia,323,"1""",skycell,1,0,3,0.016,0.007
gaia,323,"1""",q3c,1,0,300,1.384,0.249
gaia,932,1',q3c,1,3,301,1.248,0.267
gaia,932,1',skycell,3,3,8,0.037,0.05
gaia,932,1',pgsphere,1,3,6,0.01,0.044
gaia,915,1',q3c,1,0,300,1.223,0.224
gaia,915,1',skycell,1,0,7,0.023,0.03
gaia,915,1',pgsphere,1,0,4,0.009,0.023
gaia,483,"10""",pgsphere,1,0,4,0.01,0.021
gaia,483,"10""",skycell,1,0,3,0.024,0.012
gaia,483,"10""",q3c,1,0,300,1.213,0.233
gaia,1439,1deg,q3c,207,71,304,1.108,0.302
gaia,1439,1deg,pgsphere,762,71,15,0.009,0.126
gaia,1439,1deg,skycell,101,71,16,0.034,0.065
gaia,163,"1""",q3c,1,0,300,1.356,0.228
gaia,163,"1""",pgsphere,1,0,5,0.01,0.026
gaia,163,"1""",skycell,1,0,3,0.016,0.015
gaia,12,"1""",q3c,1,1,301,1.265,0.256
gaia,12,"1""",skycell,1,1,7,0.03,0.017
gaia,12,"1""",pgsphere,1,1,6,0.009,0.022
gaia,694,"10""",pgsphere,1,1,5,0.01,0.039
gaia,694,"10""",skycell,1,1,4,0.021,0.029
gaia,694,"10""",q3c,1,1,301,1.269,0.242
gaia,938,1',pgsphere,1,1,7,0.009,0.041
gaia,938,1',q3c,1,1,301,1.285,0.245
gaia,938,1',skycell,1,1,4,0.017,0.016
gaia,1278,6',skycell,2,2,4,0.015,0.023
gaia,1278,6',q3c,2,2,301,1.281,0.243
gaia,1278,6',pgsphere,8,2,11,0.009,0.071
gaia,739,"10""",skycell,1,0,6,0.023,0.02
gaia,739,"10""",pgsphere,1,0,6,0.008,0.042
gaia,739,"10""",q3c,1,0,300,1.281,0.235
gaia,586,"10""",q3c,1,1,301,1.305,0.275
gaia,586,"10""",pgsphere,1,1,6,0.01,0.041
gaia,586,"10""",skycell,1,1,4,0.017,0.025
gaia,984,1',pgsphere,1,4,8,0.009,0.058
gaia,984,1',skycell,3,4,4,0.019,0.027
gaia,984,1',q3c,1,4,301,1.241,0.251
gaia,910,1',skycell,3,2,4,0.027,0.027
gaia,910,1',pgsphere,1,2,6,0.01,0.042
gaia,910,1',q3c,1,2,302,1.17,0.278
gaia,425,"10""",q3c,1,0,300,1.414,0.248
gaia,425,"10""",skycell,1,0,3,0.024,0.01
gaia,425,"10""",pgsphere,1,0,5,0.01,0.03
gaia,458,"10""",pgsphere,1,1,5,0.009,0.03
gaia,458,"10""",skycell,1,1,4,0.015,0.02
gaia,458,"10""",q3c,1,1,301,1.204,0.279
gaia,303,"1""",q3c,1,0,300,1.272,0.25
gaia,303,"1""",pgsphere,1,0,4,0.01,0.02
gaia,303,"1""",skycell,1,0,3,0.021,0.007
gaia,1448,3deg,skycell,14108,14581,280,0.13,2.164
gaia,1448,3deg,q3c,3476,14581,550,1.282,2.926
gaia,1448,3deg,pgsphere,6852,14581,496,0.013,3.893
gaia,1169,6',pgsphere,8,28,9,0.011,0.057
gaia,1169,6',skycell,24,28,9,0.035,0.049
gaia,1169,6',q3c,60,28,303,1.404,0.287
gaia,604,"10""",skycell,1,1,4,0.02,0.02
gaia,604,"10""",q3c,1,1,301,1.215,0.282
gaia,604,"10""",pgsphere,1,1,5,0.01,0.023
gaia,1067,1',pgsphere,1,0,7,0.008,0.035
gaia,1067,1',skycell,1,0,4,0.02,0.013
gaia,1067,1',q3c,1,0,300,1.283,0.235
gaia,780,"10""",pgsphere,1,1,11,0.009,0.059
gaia,780,"10""",skycell,1,1,8,0.021,0.035
gaia,780,"10""",q3c,1,1,301,1.379,0.271
gaia,900,1',skycell,1,2,4,0.027,0.021
gaia,900,1',pgsphere,1,2,6,0.01,0.048
gaia,900,1',q3c,1,2,301,1.661,0.296
gaia,30,"1""",q3c,1,1,301,1.246,0.272
gaia,30,"1""",pgsphere,1,1,7,0.009,0.042
gaia,30,"1""",skycell,1,1,7,0.022,0.017
gaia,286,"1""",skycell,1,1,4,0.015,0.017
gaia,286,"1""",pgsphere,1,1,5,0.009,0.029
gaia,286,"1""",q3c,1,1,301,1.206,0.225
gaia,1351,30',skycell,243,325,31,0.046,0.102
gaia,1351,30',pgsphere,190,325,39,0.009,0.131
gaia,1351,30',q3c,59,325,310,1.165,0.287
gaia,70,"1""",pgsphere,1,1,8,0.008,0.033
gaia,70,"1""",q3c,1,1,301,1.108,0.232
gaia,70,"1""",skycell,1,1,4,0.014,0.012
gaia,807,1',q3c,1,2,301,1.165,0.238
gaia,807,1',pgsphere,1,2,9,0.008,0.052
gaia,807,1',skycell,3,2,4,0.021,0.018
gaia,1038,1',skycell,2,5,4,0.014,0.024
gaia,1038,1',q3c,1,5,301,1.197,0.247
gaia,1038,1',pgsphere,1,5,6,0.01,0.027
gaia,948,1',pgsphere,1,1,9,0.011,0.039
gaia,948,1',q3c,1,1,301,1.13,0.243
gaia,948,1',skycell,2,1,4,0.021,0.02
gaia,83,"1""",q3c,1,0,300,1.269,0.226
gaia,83,"1""",skycell,1,0,6,0.019,0.017
gaia,83,"1""",pgsphere,1,0,6,0.008,0.036
gaia,560,"10""",q3c,1,1,301,1.254,0.234
gaia,560,"10""",skycell,1,1,4,0.021,0.018
gaia,560,"10""",pgsphere,1,1,5,0.008,0.03
gaia,124,"1""",q3c,1,1,301,1.198,0.224
gaia,124,"1""",pgsphere,1,1,6,0.008,0.025
gaia,124,"1""",skycell,1,1,7,0.023,0.022
gaia,236,"1""",q3c,1,1,301,1.194,0.249
gaia,236,"1""",pgsphere,1,1,7,0.008,0.028
gaia,236,"1""",skycell,1,1,4,0.014,0.021
gaia,1334,30',skycell,3024,2735,99,0.098,0.381
gaia,1334,30',pgsphere,190,2735,264,0.008,0.602
gaia,1334,30',q3c,1340,2735,349,1.221,0.656
gaia,480,"10""",q3c,1,1,301,1.208,0.238
gaia,480,"10""",skycell,1,1,4,0.031,0.018
gaia,480,"10""",pgsphere,1,1,5,0.008,0.028
gaia,179,"1""",skycell,1,0,3,0.014,0.009
gaia,179,"1""",q3c,1,0,300,1.09,0.221
gaia,179,"1""",pgsphere,1,0,4,0.008,0.018
gaia,389,"1""",skycell,1,0,3,0.014,0.009
gaia,389,"1""",q3c,1,0,300,1.203,0.224
gaia,389,"1""",pgsphere,1,0,4,0.008,0.018
gaia,1203,6',pgsphere,8,7,10,0.008,0.058
gaia,1203,6',skycell,8,7,8,0.032,0.029
gaia,1203,6',q3c,2,7,301,1.177,0.231
gaia,655,"10""",pgsphere,1,0,5,0.011,0.027
gaia,655,"10""",q3c,1,0,300,1.286,0.242
gaia,655,"10""",skycell,1,0,4,0.016,0.015
gaia,601,"10""",pgsphere,1,0,7,0.008,0.041
gaia,601,"10""",skycell,1,0,4,0.039,0.011
gaia,601,"10""",q3c,1,0,300,1.193,0.245
gaia,997,1',skycell,1,0,4,0.019,0.016
gaia,997,1',q3c,1,0,300,1.259,0.223
gaia,997,1',pgsphere,1,0,4,0.008,0.018
gaia,488,"10""",skycell,1,1,4,0.014,0.015
gaia,488,"10""",q3c,1,1,301,1.182,0.232
gaia,488,"10""",pgsphere,1,1,6,0.008,0.024
gaia,99,"1""",q3c,1,0,300,1.085,0.221
gaia,99,"1""",skycell,1,0,3,0.014,0.005
gaia,99,"1""",pgsphere,1,0,4,0.006,0.023
gaia,940,1',q3c,1,4,301,1.172,0.239
gaia,940,1',skycell,3,4,9,0.025,0.027
gaia,940,1',pgsphere,1,4,8,0.008,0.05
gaia,741,"10""",q3c,1,0,300,1.234,0.227
gaia,741,"10""",skycell,1,0,3,0.014,0.01
gaia,741,"10""",pgsphere,1,0,4,0.008,0.017
gaia,1321,30',q3c,19,42,306,1.248,0.261
gaia,1321,30',skycell,35,42,24,0.039,0.033
gaia,1321,30',pgsphere,190,42,24,0.008,0.036
gaia,734,"10""",skycell,1,1,8,0.024,0.026
gaia,734,"10""",pgsphere,1,1,7,0.008,0.033
gaia,734,"10""",q3c,1,1,301,1.117,0.232
gaia,1200,6',pgsphere,8,13,9,0.008,0.033
gaia,1200,6',q3c,5,13,302,1.221,0.235
gaia,1200,6',skycell,10,13,8,0.025,0.039
gaia,1153,6',skycell,4,2,9,0.023,0.028
gaia,1153,6',q3c,4,2,302,1.172,0.23
gaia,1153,6',pgsphere,8,2,6,0.008,0.028
gaia,333,"1""",pgsphere,1,0,4,0.008,0.014
gaia,333,"1""",q3c,1,0,300,1.249,0.211
gaia,333,"1""",skycell,1,0,3,0.013,0.008
gaia,793,"10""",q3c,1,0,300,1.197,0.219
gaia,793,"10""",skycell,1,0,3,0.025,0.011
gaia,793,"10""",pgsphere,1,0,5,0.008,0.024
gaia,262,"1""",q3c,1,1,301,1.164,0.222
gaia,262,"1""",skycell,1,1,4,0.014,0.02
gaia,262,"1""",pgsphere,1,1,6,0.008,0.029
gaia,1001,1',skycell,1,0,4,0.019,0.019
gaia,1001,1',pgsphere,1,0,10,0.008,0.042
gaia,1001,1',q3c,1,0,300,1.233,0.218
gaia,1033,1',pgsphere,1,0,4,0.008,0.016
gaia,1033,1',skycell,1,0,4,0.014,0.016
gaia,1033,1',q3c,1,0,300,1.328,0.226
gaia,720,"10""",skycell,1,1,4,0.018,0.016
gaia,720,"10""",pgsphere,1,1,9,0.008,0.041
gaia,720,"10""",q3c,1,1,301,1.105,0.225
gaia,206,"1""",pgsphere,1,1,7,0.008,0.036
gaia,206,"1""",q3c,1,1,301,1.201,0.209
gaia,206,"1""",skycell,1,1,7,0.022,0.017
gaia,1319,30',pgsphere,190,23,9,0.006,0.024
gaia,1319,30',skycell,13,23,8,0.021,0.017
gaia,1319,30',q3c,9,23,303,1.182,0.231
gaia,209,"1""",pgsphere,1,0,5,0.008,0.019
gaia,209,"1""",q3c,1,0,300,1.227,0.237
gaia,209,"1""",skycell,1,0,3,0.021,0.005
gaia,687,"10""",q3c,1,0,300,1.215,0.215
gaia,687,"10""",pgsphere,1,0,5,0.008,0.023
gaia,687,"10""",skycell,1,0,3,0.013,0.01
gaia,211,"1""",pgsphere,1,0,6,0.008,0.031
gaia,211,"1""",skycell,1,0,3,0.013,0.014
gaia,211,"1""",q3c,1,0,300,1.098,0.219
gaia,1093,1',skycell,1,0,4,0.013,0.017
gaia,1093,1',q3c,1,0,300,1.191,0.22
gaia,1093,1',pgsphere,1,0,4,0.008,0.015
gaia,559,"10""",q3c,1,0,300,1.072,0.214
gaia,559,"10""",skycell,1,0,3,0.019,0.009
gaia,559,"10""",pgsphere,1,0,5,0.008,0.026
gaia,86,"1""",q3c,1,1,301,1.124,0.221
gaia,86,"1""",pgsphere,1,1,5,0.008,0.02
gaia,86,"1""",skycell,1,1,4,0.014,0.01
gaia,96,"1""",pgsphere,1,1,5,0.008,0.023
gaia,96,"1""",q3c,1,1,301,1.178,0.229
gaia,96,"1""",skycell,1,1,4,0.013,0.023
gaia,170,"1""",skycell,1,1,4,0.013,0.015
gaia,170,"1""",q3c,1,1,301,1.157,0.224
gaia,170,"1""",pgsphere,1,1,5,0.008,0.029
gaia,814,1',pgsphere,1,2,6,0.008,0.034
gaia,814,1',skycell,1,2,4,0.014,0.014
gaia,814,1',q3c,1,2,301,1.052,0.225
gaia,963,1',q3c,1,0,300,1.19,0.222
gaia,963,1',skycell,1,0,4,0.022,0.006
gaia,963,1',pgsphere,1,0,4,0.007,0.017
gaia,665,"10""",q3c,1,0,300,1.126,0.219
gaia,665,"10""",pgsphere,1,0,4,0.008,0.024
gaia,665,"10""",skycell,1,0,3,0.019,0.012
gaia,621,"10""",q3c,1,0,300,1.059,0.227
gaia,621,"10""",pgsphere,1,0,5,0.007,0.031
gaia,621,"10""",skycell,1,0,6,0.02,0.017
gaia,1181,6',skycell,1,0,4,0.013,0.009
gaia,1181,6',pgsphere,8,0,5,0.008,0.021
gaia,1181,6',q3c,1,0,300,1.113,0.249
gaia,1014,1',pgsphere,1,1,9,0.008,0.046
gaia,1014,1',q3c,1,1,301,1.152,0.252
gaia,1014,1',skycell,1,1,4,0.019,0.015
gaia,964,1',pgsphere,1,3,6,0.008,0.025
gaia,964,1',q3c,1,3,301,1.165,0.242
gaia,964,1',skycell,3,3,4,0.014,0.018
gaia,295,"1""",skycell,1,0,6,0.024,0.009
gaia,295,"1""",q3c,1,0,300,1.209,0.214
gaia,295,"1""",pgsphere,1,0,5,0.007,0.012
gaia,747,"10""",q3c,1,0,300,1.072,0.217
gaia,747,"10""",pgsphere,1,0,4,0.008,0.018
gaia,747,"10""",skycell,1,0,6,0.025,0.011
gaia,623,"10""",skycell,1,0,3,0.018,0.013
gaia,623,"10""",q3c,1,0,300,1.206,0.219
gaia,623,"10""",pgsphere,1,0,4,0.008,0.016
gaia,897,1',skycell,1,1,4,0.014,0.014
gaia,897,1',q3c,2,1,301,1.116,0.209
gaia,897,1',pgsphere,1,1,14,0.007,0.086
gaia,614,"10""",pgsphere,1,1,8,0.008,0.038
gaia,614,"10""",q3c,1,1,301,1.09,0.217
gaia,614,"10""",skycell,1,1,4,0.018,0.024
gaia,1148,6',pgsphere,8,9,7,0.008,0.034
gaia,1148,6',q3c,2,9,302,1.212,0.234
gaia,1148,6',skycell,6,9,4,0.014,0.017
gaia,1083,1',skycell,1,0,4,0.018,0.015
gaia,1083,1',q3c,1,0,300,1.143,0.215
gaia,1083,1',pgsphere,1,0,7,0.008,0.034
gaia,466,"10""",q3c,1,1,301,1.089,0.237
gaia,466,"10""",skycell,1,1,4,0.019,0.021
gaia,466,"10""",pgsphere,1,1,6,0.008,0.029
gaia,190,"1""",q3c,1,1,301,1.136,0.23
gaia,190,"1""",pgsphere,1,1,5,0.008,0.023
gaia,190,"1""",skycell,1,1,4,0.013,0.012
gaia,210,"1""",pgsphere,1,1,8,0.008,0.03
gaia,210,"1""",skycell,1,1,4,0.013,0.011
gaia,210,"1""",q3c,1,1,301,1.199,0.216
gaia,1078,1',q3c,1,3,301,1.17,0.228
gaia,1078,1',skycell,2,3,8,0.02,0.037
gaia,1078,1',pgsphere,1,3,5,0.008,0.026
gaia,1300,6',pgsphere,8,18,8,0.008,0.041
gaia,1300,6',skycell,8,18,5,0.013,0.023
gaia,1300,6',q3c,1,18,301,1.22,0.217
gaia,864,1',pgsphere,1,2,5,0.008,0.024
gaia,864,1',skycell,1,2,4,0.013,0.014
gaia,864,1',q3c,1,2,301,1.195,0.24
gaia,611,"10""",q3c,1,0,300,1.103,0.221
gaia,611,"10""",skycell,1,0,3,0.018,0.009
gaia,611,"10""",pgsphere,1,0,3,0.008,0.007
gaia,1049,1',skycell,1,0,4,0.012,0.009
gaia,1049,1',pgsphere,1,0,4,0.008,0.009
gaia,1049,1',q3c,1,0,300,1.244,0.204
gaia,1176,6',pgsphere,8,124,28,0.008,0.132
gaia,1176,6',skycell,97,124,19,0.035,0.083
gaia,1176,6',q3c,49,124,307,1.173,0.283
gaia,495,"10""",pgsphere,1,0,9,0.008,0.036
gaia,495,"10""",q3c,1,0,300,1.171,0.218
gaia,495,"10""",skycell,1,0,4,0.019,0.019
gaia,805,1',skycell,1,0,8,0.019,0.023
gaia,805,1',pgsphere,1,0,5,0.008,0.021
gaia,805,1',q3c,1,0,300,1.111,0.223
gaia,276,"1""",skycell,1,1,4,0.019,0.011
gaia,276,"1""",pgsphere,1,1,5,0.008,0.015
gaia,276,"1""",q3c,1,1,301,1.095,0.226
gaia,1125,6',skycell,1,0,4,0.018,0.02
gaia,1125,6',pgsphere,8,0,4,0.008,0.018
gaia,1125,6',q3c,2,0,300,1.192,0.248
gaia,16,"1""",pgsphere,1,1,6,0.008,0.017
gaia,16,"1""",skycell,1,1,4,0.013,0.009
gaia,16,"1""",q3c,1,1,301,1.133,0.233
gaia,850,1',pgsphere,1,1,5,0.008,0.021
gaia,850,1',skycell,1,1,4,0.018,0.012
gaia,850,1',q3c,1,1,301,1.068,0.222
gaia,889,1',pgsphere,1,0,4,0.008,0.015
gaia,889,1',q3c,1,0,300,1.212,0.218
gaia,889,1',skycell,1,0,4,0.013,0.013
gaia,146,"1""",pgsphere,1,1,5,0.008,0.013
gaia,146,"1""",skycell,1,1,4,0.013,0.014
gaia,146,"1""",q3c,1,1,301,1.149,0.222
gaia,158,"1""",skycell,1,1,4,0.014,0.012
gaia,158,"1""",pgsphere,1,1,11,0.008,0.044
gaia,158,"1""",q3c,1,1,301,1.225,0.208
gaia,145,"1""",skycell,1,0,3,0.013,0.008
gaia,145,"1""",q3c,1,0,300,1.141,0.223
gaia,145,"1""",pgsphere,1,0,4,0.008,0.014
gaia,204,"1""",pgsphere,1,1,6,0.007,0.016
gaia,204,"1""",q3c,1,1,301,1.137,0.213
gaia,204,"1""",skycell,1,1,4,0.014,0.009
gaia,727,"10""",q3c,1,0,300,1.2,0.22
gaia,727,"10""",pgsphere,1,0,4,0.008,0.019
gaia,727,"10""",skycell,1,0,3,0.014,0.008
gaia,648,"10""",q3c,1,1,301,1.213,0.224
gaia,648,"10""",pgsphere,1,1,5,0.008,0.021
gaia,648,"10""",skycell,1,1,4,0.013,0.015
gaia,93,"1""",pgsphere,1,0,4,0.008,0.015
gaia,93,"1""",q3c,1,0,300,1.193,0.216
gaia,93,"1""",skycell,1,0,3,0.013,0.008
gaia,1047,1',skycell,1,0,3,0.013,0.008
gaia,1047,1',pgsphere,1,0,4,0.008,0.015
gaia,1047,1',q3c,1,0,300,1.176,0.22
gaia,1085,1',skycell,1,1,4,0.019,0.015
gaia,1085,1',q3c,1,1,301,1.227,0.223
gaia,1085,1',pgsphere,1,1,5,0.008,0.024
gaia,414,"10""",pgsphere,1,1,5,0.008,0.022
gaia,414,"10""",skycell,1,1,7,0.02,0.017
gaia,414,"10""",q3c,1,1,301,1.103,0.223
gaia,1289,6',pgsphere,8,10,7,0.008,0.039
gaia,1289,6',skycell,6,10,8,0.024,0.036
gaia,1289,6',q3c,2,10,301,1.037,0.231
gaia,683,"10""",pgsphere,1,0,6,0.008,0.032
gaia,683,"10""",skycell,1,0,4,0.014,0.019
gaia,683,"10""",q3c,1,0,300,1.239,0.217
gaia,563,"10""",pgsphere,1,0,5,0.008,0.025
gaia,563,"10""",q3c,1,0,300,1.079,0.221
gaia,563,"10""",skycell,1,0,7,0.024,0.02
gaia,22,"1""",skycell,1,1,4,0.013,0.009
gaia,22,"1""",q3c,1,1,301,1.144,0.224
gaia,22,"1""",pgsphere,1,1,8,0.008,0.037
gaia,935,1',q3c,1,1,301,1.134,0.224
gaia,935,1',skycell,1,1,4,0.014,0.012
gaia,935,1',pgsphere,1,1,7,0.008,0.033
gaia,1400,30',skycell,434,331,21,0.037,0.087
gaia,1400,30',pgsphere,190,331,43,0.008,0.125
gaia,1400,30',q3c,306,331,308,1.16,0.286
gaia,1440,1deg,pgsphere,762,3147,292,0.008,1.003
gaia,1440,1deg,skycell,3307,3147,104,0.085,0.537
gaia,1440,1deg,q3c,1222,3147,350,1.117,0.747
gaia,1106,6',pgsphere,8,84,19,0.01,0.088
gaia,1106,6',skycell,72,84,17,0.034,0.055
gaia,1106,6',q3c,11,84,306,1.065,0.289
gaia,837,1',skycell,1,0,4,0.019,0.013
gaia,837,1',q3c,1,0,300,1.378,0.218
gaia,837,1',pgsphere,1,0,5,0.008,0.017
gaia,1032,1',skycell,1,2,4,0.013,0.03
gaia,1032,1',pgsphere,1,2,8,0.008,0.046
gaia,1032,1',q3c,1,2,301,1.29,0.241
gaia,1376,30',q3c,854,1525,332,1.29,0.535
gaia,1376,30',pgsphere,190,1525,154,0.008,0.363
gaia,1376,30',skycell,1432,1525,65,0.057,0.232
gaia,1209,6',q3c,1,2,301,1.281,0.209
gaia,1209,6',skycell,1,2,4,0.018,0.008
gaia,1209,6',pgsphere,8,2,5,0.006,0.02
gaia,517,"10""",pgsphere,1,0,5,0.008,0.021
gaia,517,"10""",skycell,1,0,6,0.04,0.013
gaia,517,"10""",q3c,1,0,300,1.137,0.218
gaia,943,1',pgsphere,1,1,5,0.008,0.018
gaia,943,1',skycell,1,1,4,0.018,0.017
gaia,943,1',q3c,1,1,301,1.097,0.228
gaia,1318,30',pgsphere,190,31,12,0.008,0.04
gaia,1318,30',skycell,21,31,9,0.018,0.017
gaia,1318,30',q3c,50,31,303,1.312,0.223
gaia,21,"1""",pgsphere,1,0,5,0.008,0.022
gaia,21,"1""",skycell,1,0,6,0.032,0.015
gaia,21,"1""",q3c,1,0,300,1.129,0.225
gaia,632,"10""",pgsphere,1,1,5,0.008,0.03
gaia,632,"10""",skycell,1,1,4,0.014,0.02
gaia,632,"10""",q3c,1,1,301,1.183,0.239
gaia,306,"1""",q3c,1,1,301,1.133,0.223
gaia,306,"1""",skycell,1,1,4,0.014,0.011
gaia,306,"1""",pgsphere,1,1,9,0.006,0.043
gaia,1420,1deg,skycell,3782,3592,113,0.081,0.598
gaia,1420,1deg,q3c,2259,3592,372,1.162,0.924
gaia,1420,1deg,pgsphere,762,3592,372,0.008,4.072
gaia,1017,1',skycell,1,0,4,0.015,0.014
gaia,1017,1',pgsphere,1,0,4,0.008,0.016
gaia,1017,1',q3c,1,0,300,1.147,0.216
gaia,310,"1""",skycell,1,1,4,0.013,0.011
gaia,310,"1""",q3c,1,1,301,1.09,0.225
gaia,310,"1""",pgsphere,1,1,5,0.008,0.017
gaia,40,"1""",skycell,1,1,7,0.02,0.015
gaia,40,"1""",q3c,1,1,301,1.113,0.225
gaia,40,"1""",pgsphere,1,1,9,0.008,0.034
gaia,1324,30',q3c,1644,5390,392,1.179,1.068
gaia,1324,30',skycell,4150,5390,160,0.113,0.703
gaia,1324,30',pgsphere,190,5390,524,0.009,1.02
gaia,97,"1""",q3c,1,0,300,1.151,0.217
gaia,97,"1""",pgsphere,1,0,7,0.008,0.02
gaia,97,"1""",skycell,1,0,3,0.014,0.004
gaia,1220,6',pgsphere,8,82,21,0.006,0.099
gaia,1220,6',skycell,31,82,18,0.029,0.059
gaia,1220,6',q3c,13,82,304,1.226,0.259
gaia,615,"10""",pgsphere,1,0,4,0.008,0.015
gaia,615,"10""",q3c,1,0,300,1.201,0.212
gaia,615,"10""",skycell,1,0,3,0.014,0.01
gaia,505,"10""",q3c,1,0,300,1.096,0.221
gaia,505,"10""",pgsphere,1,0,4,0.008,0.015
gaia,505,"10""",skycell,1,0,3,0.019,0.008
gaia,1077,1',pgsphere,1,0,5,0.008,0.019
gaia,1077,1',skycell,1,0,4,0.014,0.011
gaia,1077,1',q3c,1,0,300,1.113,0.216
gaia,344,"1""",q3c,1,1,301,1.148,0.234
gaia,344,"1""",pgsphere,1,1,5,0.008,0.022
gaia,344,"1""",skycell,1,1,4,0.014,0.017
gaia,1381,30',skycell,56,80,22,0.038,0.042
gaia,1381,30',pgsphere,190,80,19,0.008,0.04
gaia,1381,30',q3c,58,80,307,1.167,0.223
gaia,464,"10""",pgsphere,1,1,6,0.007,0.034
gaia,464,"10""",q3c,1,1,301,1.187,0.217
gaia,464,"10""",skycell,1,1,4,0.013,0.009
gaia,875,1',q3c,1,0,300,1.248,0.221
gaia,875,1',pgsphere,1,0,7,0.008,0.025
gaia,875,1',skycell,1,0,7,0.025,0.016
gaia,456,"10""",q3c,1,1,301,1.068,0.212
gaia,456,"10""",skycell,1,1,4,0.013,0.006
gaia,456,"10""",pgsphere,1,1,6,0.006,0.012
gaia,1413,1deg,q3c,1041,3546,371,1.18,0.935
gaia,1413,1deg,skycell,4669,3546,107,0.071,0.615
gaia,1413,1deg,pgsphere,762,3546,309,0.008,1.085
gaia,250,"1""",skycell,1,1,4,0.013,0.014
gaia,250,"1""",pgsphere,1,1,5,0.008,0.022
gaia,250,"1""",q3c,1,1,301,1.208,0.224
gaia,757,"10""",pgsphere,1,0,4,0.008,0.016
gaia,757,"10""",skycell,1,0,6,0.028,0.014
gaia,757,"10""",q3c,1,0,300,1.253,0.221
gaia,132,"1""",q3c,1,1,301,1.161,0.232
gaia,132,"1""",pgsphere,1,1,5,0.008,0.023
gaia,132,"1""",skycell,1,1,4,0.014,0.009
gaia,1147,6',q3c,7,10,302,1.188,0.218
gaia,1147,6',skycell,16,10,9,0.027,0.032
gaia,1147,6',pgsphere,8,10,12,0.008,0.053
gaia,1272,6',pgsphere,8,11,13,0.008,0.047
gaia,1272,6',skycell,3,11,5,0.018,0.024
gaia,1272,6',q3c,8,11,302,1.113,0.229
gaia,1244,6',pgsphere,8,111,24,0.008,0.1
gaia,1244,6',skycell,89,111,6,0.014,0.037
gaia,1244,6',q3c,37,111,304,1.208,0.25
gaia,1388,30',skycell,959,1481,55,0.058,0.229
gaia,1388,30',pgsphere,190,1481,145,0.008,0.387
gaia,1388,30',q3c,559,1481,328,1.096,0.427
gaia,1156,6',skycell,11,8,6,0.018,0.029
gaia,1156,6',q3c,1,8,301,1.066,0.219
gaia,1156,6',pgsphere,8,8,14,0.008,0.075
gaia,1294,6',skycell,10,14,5,0.018,0.012
gaia,1294,6',pgsphere,8,14,8,0.006,0.02
gaia,1294,6',q3c,3,14,302,1.241,0.212
gaia,653,"10""",skycell,1,0,3,0.013,0.012
gaia,653,"10""",q3c,1,0,300,1.243,0.212
gaia,653,"10""",pgsphere,1,0,4,0.009,0.018
gaia,625,"10""",q3c,1,0,300,1.184,0.222
gaia,625,"10""",skycell,1,0,3,0.014,0.008
gaia,625,"10""",pgsphere,1,0,5,0.008,0.021
gaia,834,1',skycell,6,11,4,0.021,0.023
gaia,834,1',pgsphere,1,11,8,0.008,0.033
gaia,834,1',q3c,2,11,301,1.112,0.228
gaia,139,"1""",pgsphere,1,0,6,0.008,0.038
gaia,139,"1""",skycell,1,0,3,0.014,0.005
gaia,139,"1""",q3c,1,0,300,1.11,0.217
gaia,245,"1""",skycell,1,0,3,0.018,0.012
gaia,245,"1""",pgsphere,1,0,5,0.008,0.016
gaia,245,"1""",q3c,1,0,300,1.234,0.22
gaia,926,1',q3c,1,1,301,1.17,0.234
gaia,926,1',pgsphere,1,1,6,0.008,0.029
gaia,926,1',skycell,1,1,4,0.014,0.016
gaia,450,"10""",q3c,1,1,301,1.195,0.219
gaia,450,"10""",skycell,1,1,4,0.013,0.017
gaia,450,"10""",pgsphere,1,1,10,0.008,0.036
gaia,758,"10""",pgsphere,1,1,6,0.008,0.025
gaia,758,"10""",skycell,1,1,4,0.013,0.013
gaia,758,"10""",q3c,1,1,301,1.333,0.222
gaia,50,"1""",skycell,1,1,4,0.013,0.012
gaia,50,"1""",pgsphere,1,1,8,0.008,0.039
gaia,50,"1""",q3c,1,1,301,1.148,0.222
gaia,240,"1""",q3c,1,1,301,1.094,0.224
gaia,240,"1""",skycell,1,1,4,0.022,0.02
gaia,240,"1""",pgsphere,1,1,10,0.009,0.043
gaia,443,"10""",pgsphere,1,0,4,0.009,0.014
gaia,443,"10""",skycell,1,0,7,0.046,0.018
gaia,443,"10""",q3c,1,0,300,1.317,0.208
gaia,836,1',skycell,1,1,4,0.014,0.016
gaia,836,1',pgsphere,1,1,7,0.011,0.039
gaia,836,1',q3c,1,1,301,1.334,0.235
gaia,100,"1""",skycell,1,1,4,0.015,0.012
gaia,100,"1""",pgsphere,1,1,5,0.008,0.019
gaia,100,"1""",q3c,1,1,301,1.112,0.242
gaia,750,"10""",q3c,1,1,301,1.302,0.256
gaia,750,"10""",pgsphere,1,1,6,0.009,0.032
gaia,750,"10""",skycell,1,1,4,0.019,0.017
gaia,241,"1""",q3c,1,0,300,1.39,0.222
gaia,241,"1""",skycell,1,0,3,0.014,0.008
gaia,241,"1""",pgsphere,1,0,5,0.009,0.014
gaia,264,"1""",pgsphere,1,1,7,0.006,0.031
gaia,264,"1""",q3c,1,1,301,1.18,0.233
gaia,264,"1""",skycell,1,1,4,0.014,0.01
gaia,742,"10""",skycell,1,1,4,0.018,0.015
gaia,742,"10""",pgsphere,1,1,10,0.008,0.038
gaia,742,"10""",q3c,1,1,301,1.03,0.23
gaia,161,"1""",q3c,1,0,300,1.242,0.22
gaia,161,"1""",skycell,1,0,3,0.014,0.017
gaia,161,"1""",pgsphere,1,0,5,0.008,0.017
gaia,1082,1',skycell,3,5,8,0.02,0.022
gaia,1082,1',q3c,1,5,301,1.121,0.217
gaia,1082,1',pgsphere,1,5,9,0.008,0.035
gaia,394,"1""",q3c,1,1,301,1.154,0.224
gaia,394,"1""",skycell,1,1,4,0.014,0.012
gaia,394,"1""",pgsphere,1,1,6,0.008,0.031
gaia,253,"1""",pgsphere,1,0,4,0.007,0.015
gaia,253,"1""",skycell,1,0,3,0.013,0.008
gaia,253,"1""",q3c,1,0,300,1.153,0.218
gaia,1043,1',q3c,1,1,301,1.359,0.231
gaia,1043,1',skycell,1,1,4,0.014,0.013
gaia,1043,1',pgsphere,1,1,6,0.008,0.034
gaia,59,"1""",q3c,1,0,300,1.244,0.213
gaia,59,"1""",pgsphere,1,0,7,0.008,0.021
gaia,59,"1""",skycell,1,0,3,0.014,0.004
gaia,549,"10""",skycell,1,0,3,0.012,0.008
gaia,549,"10""",q3c,1,0,300,1.246,0.218
gaia,549,"10""",pgsphere,1,0,4,0.008,0.012
gaia,1266,6',q3c,60,191,308,1.229,0.278
gaia,1266,6',pgsphere,8,191,27,0.008,0.099
gaia,1266,6',skycell,100,191,17,0.029,0.061
gaia,1192,6',skycell,112,164,23,0.034,0.093
gaia,1192,6',pgsphere,8,164,56,0.008,0.161
gaia,1192,6',q3c,49,164,307,1.187,0.291
gaia,659,"10""",skycell,1,0,7,0.02,0.016
gaia,659,"10""",q3c,1,0,300,1.111,0.212
gaia,659,"10""",pgsphere,1,0,4,0.008,0.017
gaia,1280,6',skycell,83,103,9,0.02,0.048
gaia,1280,6',pgsphere,8,103,28,0.008,0.108
gaia,1280,6',q3c,34,103,304,1.252,0.258
gaia,1250,6',pgsphere,8,179,24,0.019,0.117
gaia,1250,6',skycell,180,179,24,0.065,0.104
gaia,1250,6',q3c,64,179,305,1.213,0.275
gaia,594,"10""",q3c,1,1,301,1.381,0.22
gaia,594,"10""",skycell,1,1,4,0.019,0.008
gaia,594,"10""",pgsphere,1,1,5,0.007,0.011
gaia,898,1',pgsphere,1,1,7,0.006,0.034
gaia,898,1',q3c,1,1,301,1.114,0.224
gaia,898,1',skycell,1,1,4,0.013,0.012
gaia,536,"10""",skycell,1,1,4,0.013,0.011
gaia,536,"10""",pgsphere,1,1,7,0.008,0.036
gaia,536,"10""",q3c,1,1,301,1.113,0.224
gaia,399,"1""",q3c,1,0,300,1.042,0.233
gaia,399,"1""",skycell,1,0,3,0.013,0.008
gaia,399,"1""",pgsphere,1,0,5,0.008,0.016
gaia,1455,3deg,pgsphere,6852,491,35,0.008,0.216
gaia,1455,3deg,skycell,671,491,49,0.067,0.135
gaia,1455,3deg,q3c,367,491,316,1.215,0.37
gaia,947,1',pgsphere,1,0,7,0.008,0.028
gaia,947,1',skycell,1,0,7,0.02,0.018
gaia,947,1',q3c,1,0,300,1.192,0.221
gaia,711,"10""",pgsphere,1,0,9,0.008,0.036
gaia,711,"10""",q3c,1,0,300,1.194,0.218
gaia,711,"10""",skycell,1,0,3,0.018,0.01
gaia,989,1',pgsphere,1,0,5,0.008,0.016
gaia,989,1',skycell,1,0,4,0.014,0.013
gaia,989,1',q3c,1,0,300,1.108,0.205
gaia,804,1',skycell,2,3,7,0.019,0.02
gaia,804,1',q3c,1,3,301,1.162,0.214
gaia,804,1',pgsphere,1,3,6,0.008,0.026
gaia,562,"10""",pgsphere,1,1,5,0.008,0.017
gaia,562,"10""",skycell,1,1,4,0.014,0.014
gaia,562,"10""",q3c,1,1,301,1.112,0.222
gaia,258,"1""",pgsphere,1,1,6,0.008,0.019
gaia,258,"1""",q3c,1,1,301,1.217,0.215
gaia,258,"1""",skycell,1,1,4,0.013,0.011
gaia,222,"1""",skycell,1,1,4,0.018,0.014
gaia,222,"1""",pgsphere,1,1,7,0.008,0.026
gaia,222,"1""",q3c,1,1,301,1.095,0.219
gaia,1261,6',pgsphere,8,2,5,0.008,0.024
gaia,1261,6',q3c,1,2,301,1.198,0.223
gaia,1261,6',skycell,3,2,8,0.025,0.02
gaia,1421,1deg,skycell,88,86,20,0.034,0.055
gaia,1421,1deg,q3c,84,86,305,1.351,0.26
gaia,1421,1deg,pgsphere,762,86,17,0.008,0.067
gaia,448,"10""",pgsphere,1,1,6,0.006,0.024
gaia,448,"10""",q3c,1,1,301,1.236,0.226
gaia,448,"10""",skycell,1,1,4,0.014,0.015
gaia,82,"1""",q3c,1,1,301,1.213,0.222
gaia,82,"1""",skycell,1,1,4,0.013,0.01
gaia,82,"1""",pgsphere,1,1,5,0.008,0.016
gaia,476,"10""",q3c,1,1,301,1.192,0.213
gaia,476,"10""",pgsphere,1,1,7,0.008,0.03
gaia,476,"10""",skycell,1,1,4,0.018,0.015
gaia,1210,6',skycell,11,10,4,0.014,0.008
gaia,1210,6',pgsphere,8,10,6,0.006,0.019
gaia,1210,6',q3c,7,10,302,1.185,0.223
gaia,1226,6',q3c,1,1,301,1.105,0.233
gaia,1226,6',pgsphere,8,1,5,0.008,0.023
gaia,1226,6',skycell,1,1,5,0.013,0.018
gaia,668,"10""",pgsphere,1,1,6,0.008,0.026
gaia,668,"10""",q3c,1,1,301,1.226,0.223
gaia,668,"10""",skycell,1,1,4,0.014,0.013
gaia,251,"1""",q3c,1,0,300,1.174,0.219
gaia,251,"1""",skycell,1,0,6,0.019,0.007
gaia,251,"1""",pgsphere,1,0,4,0.007,0.017
gaia,709,"10""",skycell,1,0,3,0.013,0.012
gaia,709,"10""",q3c,1,0,300,1.242,0.218
gaia,709,"10""",pgsphere,1,0,7,0.008,0.035
gaia,202,"1""",pgsphere,1,1,6,0.007,0.023
gaia,202,"1""",skycell,1,1,4,0.014,0.014
gaia,202,"1""",q3c,1,1,301,1.213,0.224
gaia,430,"10""",skycell,1,1,4,0.019,0.015
gaia,430,"10""",pgsphere,1,1,5,0.008,0.022
gaia,430,"10""",q3c,1,1,301,1.257,0.223
gaia,819,1',skycell,1,0,4,0.013,0.013
gaia,819,1',q3c,1,0,300,1.193,0.222
gaia,819,1',pgsphere,1,0,5,0.008,0.02
gaia,307,"1""",pgsphere,1,0,6,0.008,0.017
gaia,307,"1""",skycell,1,0,3,0.014,0.008
gaia,307,"1""",q3c,1,0,300,1.238,0.22
gaia,846,1',pgsphere,1,3,7,0.007,0.027
gaia,846,1',skycell,1,3,16,0.029,0.037
gaia,846,1',q3c,1,3,301,1.183,0.22
gaia,525,"10""",pgsphere,1,0,5,0.008,0.025
gaia,525,"10""",q3c,1,0,300,1.22,0.207
gaia,525,"10""",skycell,1,0,3,0.018,0.006
gaia,785,"10""",pgsphere,1,0,9,0.006,0.04
gaia,785,"10""",q3c,1,0,300,1.119,0.216
gaia,785,"10""",skycell,1,0,3,0.013,0.01
gaia,860,1',pgsphere,1,2,7,0.008,0.03
gaia,860,1',q3c,1,2,301,1.162,0.226
gaia,860,1',skycell,1,2,4,0.018,0.015
gaia,1030,1',skycell,1,2,4,0.017,0.016
gaia,1030,1',pgsphere,1,2,7,0.008,0.035
gaia,1030,1',q3c,1,2,302,1.145,0.241
gaia,877,1',q3c,1,0,300,1.101,0.221
gaia,877,1',skycell,1,0,4,0.015,0.013
gaia,877,1',pgsphere,1,0,7,0.008,0.023
gaia,640,"10""",skycell,1,1,4,0.013,0.018
gaia,640,"10""",q3c,1,1,301,1.121,0.229
gaia,640,"10""",pgsphere,1,1,7,0.008,0.029
gaia,257,"1""",q3c,1,0,300,1.21,0.223
gaia,257,"1""",skycell,1,0,3,0.013,0.004
gaia,257,"1""",pgsphere,1,0,4,0.006,0.013
gaia,987,1',pgsphere,1,0,4,0.007,0.014
gaia,987,1',q3c,1,0,300,1.103,0.218
gaia,987,1',skycell,1,0,4,0.018,0.011
gaia,1064,1',skycell,2,2,7,0.02,0.018
gaia,1064,1',q3c,1,2,301,1.15,0.228
gaia,1064,1',pgsphere,1,2,6,0.008,0.029
gaia,1409,1deg,pgsphere,762,6724,624,0.008,1.403
gaia,1409,1deg,skycell,5715,6724,161,0.091,0.776
gaia,1409,1deg,q3c,3558,6724,422,1.25,1.168
gaia,566,"10""",q3c,1,1,301,1.083,0.235
gaia,566,"10""",pgsphere,1,1,5,0.008,0.02
gaia,566,"10""",skycell,1,1,4,0.014,0.019
gaia,1071,1',pgsphere,1,0,5,0.008,0.013
gaia,1071,1',skycell,2,0,8,0.024,0.023
gaia,1071,1',q3c,1,0,301,1.149,0.21
gaia,1228,6',skycell,41,32,17,0.029,0.051
gaia,1228,6',q3c,14,32,304,1.171,0.252
gaia,1228,6',pgsphere,8,32,14,0.008,0.066
gaia,1354,30',q3c,925,2190,341,1.157,0.539
gaia,1354,30',skycell,2317,2190,82,0.076,0.292
gaia,1354,30',pgsphere,190,2190,254,0.009,0.593
gaia,46,"1""",skycell,1,1,4,0.019,0.013
gaia,46,"1""",pgsphere,1,1,7,0.008,0.031
gaia,46,"1""",q3c,1,1,301,1.202,0.223
gaia,1023,1',q3c,1,0,300,1.117,0.219
gaia,1023,1',skycell,1,0,4,0.013,0.015
gaia,1023,1',pgsphere,1,0,6,0.008,0.021
gaia,1069,1',skycell,1,1,9,0.02,0.036
gaia,1069,1',pgsphere,1,1,5,0.008,0.017
gaia,1069,1',q3c,1,1,301,1.253,0.23
gaia,848,1',pgsphere,1,1,5,0.008,0.012
gaia,848,1',skycell,1,1,4,0.012,0.011
gaia,848,1',q3c,1,1,301,1.231,0.309
gaia,1304,30',pgsphere,190,2014,201,0.013,0.664
gaia,1304,30',skycell,2110,2014,90,0.102,0.36
gaia,1304,30',q3c,690,2014,343,1.633,0.721
gaia,1431,1deg,skycell,59,44,11,0.035,0.04
gaia,1431,1deg,q3c,46,44,303,1.146,0.245
gaia,1431,1deg,pgsphere,762,44,10,0.008,0.055
gaia,651,"10""",pgsphere,1,0,5,0.008,0.02
gaia,651,"10""",q3c,1,0,300,1.241,0.224
gaia,651,"10""",skycell,1,0,4,0.014,0.015
gaia,692,"10""",pgsphere,1,1,5,0.008,0.019
gaia,692,"10""",q3c,1,1,301,1.032,0.231
gaia,692,"10""",skycell,1,1,4,0.013,0.012
gaia,19,"1""",skycell,1,0,6,0.019,0.017
gaia,19,"1""",pgsphere,1,0,9,0.007,0.048
gaia,19,"1""",q3c,1,0,300,1.111,0.218
gaia,60,"1""",pgsphere,1,1,7,0.008,0.035
gaia,60,"1""",q3c,1,1,301,1.243,0.217
gaia,60,"1""",skycell,1,1,4,0.014,0.014
gaia,696,"10""",pgsphere,1,1,5,0.008,0.017
gaia,696,"10""",skycell,1,1,4,0.018,0.012
gaia,696,"10""",q3c,1,1,301,1.221,0.225
gaia,1434,1deg,skycell,865,795,51,0.057,0.216
gaia,1434,1deg,pgsphere,762,795,85,0.007,0.327
gaia,1434,1deg,q3c,204,795,319,1.213,0.407
gaia,592,"10""",q3c,1,1,301,1.222,0.228
gaia,592,"10""",pgsphere,1,1,8,0.008,0.033
gaia,592,"10""",skycell,1,1,4,0.014,0.011
gaia,1427,1deg,pgsphere,762,76,19,0.008,0.06
gaia,1427,1deg,q3c,34,76,306,1.118,0.28
gaia,1427,1deg,skycell,106,76,17,0.029,0.047
gaia,239,"1""",q3c,1,0,300,1.115,0.204
gaia,239,"1""",skycell,1,0,3,0.013,0.008
gaia,239,"1""",pgsphere,1,0,4,0.008,0.015
gaia,581,"10""",skycell,1,0,3,0.013,0.008
gaia,581,"10""",pgsphere,1,0,3,0.008,0.008
gaia,581,"10""",q3c,1,0,300,1.167,0.224
gaia,911,1',q3c,1,0,300,1.233,0.23
gaia,911,1',skycell,1,0,4,0.014,0.013
gaia,911,1',pgsphere,1,0,5,0.008,0.021
gaia,1185,6',pgsphere,8,1,5,0.008,0.023
gaia,1185,6',skycell,1,1,4,0.014,0.012
gaia,1185,6',q3c,1,1,301,1.243,0.217
gaia,203,"1""",skycell,1,0,4,0.013,0.008
gaia,203,"1""",pgsphere,1,0,7,0.007,0.021
gaia,203,"1""",q3c,1,0,300,1.128,0.206
gaia,1007,1',skycell,1,0,3,0.018,0.008
gaia,1007,1',pgsphere,1,0,6,0.008,0.023
gaia,1007,1',q3c,1,0,300,1.059,0.216
gaia,67,"1""",q3c,1,0,300,1.224,0.211
gaia,67,"1""",pgsphere,1,0,5,0.007,0.021
gaia,67,"1""",skycell,1,0,3,0.026,0.009
gaia,1218,6',q3c,2,9,302,1.197,0.219
gaia,1218,6',pgsphere,8,9,7,0.008,0.027
gaia,1218,6',skycell,8,9,9,0.024,0.041
gaia,427,"10""",q3c,1,0,300,1.127,0.211
gaia,427,"10""",skycell,1,0,4,0.014,0.018
gaia,427,"10""",pgsphere,1,0,5,0.008,0.019
gaia,732,"10""",pgsphere,1,1,5,0.008,0.037
gaia,732,"10""",q3c,1,1,301,1.079,0.224
gaia,732,"10""",skycell,1,1,4,0.013,0.018
gaia,165,"1""",q3c,1,0,300,1.117,0.224
gaia,165,"1""",skycell,1,0,3,0.014,0.01
gaia,165,"1""",pgsphere,1,0,4,0.008,0.012
gaia,553,"10""",pgsphere,1,0,5,0.008,0.021
gaia,553,"10""",q3c,1,0,300,1.199,0.21
gaia,553,"10""",skycell,1,0,3,0.018,0.011
gaia,1313,30',pgsphere,190,21,9,0.008,0.024
gaia,1313,30',skycell,24,21,8,0.02,0.022
gaia,1313,30',q3c,9,21,301,1.182,0.208
gaia,431,"10""",skycell,1,0,7,0.019,0.015
gaia,431,"10""",q3c,1,0,300,1.188,0.22
gaia,431,"10""",pgsphere,1,0,11,0.008,0.039
gaia,1180,6',q3c,1,3,302,1.161,0.249
gaia,1180,6',pgsphere,8,3,6,0.008,0.025
gaia,1180,6',skycell,4,3,8,0.019,0.025
gaia,1425,1deg,pgsphere,762,551,76,0.008,0.237
gaia,1425,1deg,q3c,316,551,313,1.206,0.348
gaia,1425,1deg,skycell,870,551,31,0.044,0.127
gaia,637,"10""",pgsphere,1,0,4,0.007,0.011
gaia,637,"10""",q3c,1,0,300,1.196,0.213
gaia,637,"10""",skycell,1,0,3,0.019,0.005
gaia,909,1',pgsphere,1,4,11,0.006,0.037
gaia,909,1',skycell,3,4,4,0.013,0.012
gaia,909,1',q3c,1,4,301,1.25,0.22
gaia,432,"10""",q3c,1,1,301,1.242,0.226
gaia,432,"10""",skycell,1,1,4,0.019,0.013
gaia,432,"10""",pgsphere,1,1,7,0.008,0.024
gaia,186,"1""",skycell,1,1,4,0.013,0.014
gaia,186,"1""",q3c,1,1,301,1.167,0.206
gaia,186,"1""",pgsphere,1,1,5,0.008,0.026
gaia,941,1',q3c,1,0,300,1.196,0.207
gaia,941,1',pgsphere,1,0,8,0.007,0.033
gaia,941,1',skycell,1,0,4,0.014,0.02
gaia,1327,30',pgsphere,190,26,13,0.008,0.027
gaia,1327,30',q3c,18,26,303,1.173,0.217
gaia,1327,30',skycell,24,26,5,0.018,0.014
gaia,137,"1""",pgsphere,1,0,4,0.006,0.015
gaia,137,"1""",skycell,1,0,3,0.014,0.01
gaia,137,"1""",q3c,1,0,300,1.183,0.201
gaia,1146,6',pgsphere,8,14,7,0.007,0.028
gaia,1146,6',q3c,24,14,303,1.218,0.238
gaia,1146,6',skycell,18,14,5,0.019,0.02
gaia,1267,6',q3c,5,24,303,1.064,0.247
gaia,1267,6',skycell,24,24,8,0.02,0.027
gaia,1267,6',pgsphere,8,24,12,0.008,0.047
gaia,617,"10""",skycell,1,0,3,0.013,0.011
gaia,617,"10""",q3c,1,0,300,1.111,0.2
gaia,617,"10""",pgsphere,1,0,5,0.007,0.016
gaia,1361,30',q3c,225,257,308,1.226,0.265
gaia,1361,30',skycell,150,257,18,0.024,0.063
gaia,1361,30',pgsphere,190,257,58,0.008,0.098
gaia,1311,30',q3c,11,31,304,1.216,0.225
gaia,1311,30',skycell,25,31,17,0.032,0.03
gaia,1311,30',pgsphere,190,31,12,0.009,0.025
gaia,1316,30',pgsphere,190,1579,200,0.007,0.468
gaia,1316,30',skycell,1858,1579,66,0.075,0.257
gaia,1316,30',q3c,475,1579,331,1.229,0.477
gaia,354,"1""",skycell,1,1,4,0.015,0.015
gaia,354,"1""",pgsphere,1,1,9,0.009,0.034
gaia,354,"1""",q3c,1,1,301,1.219,0.239
gaia,243,"1""",pgsphere,1,0,4,0.009,0.016
gaia,243,"1""",q3c,1,0,300,1.281,0.242
gaia,243,"1""",skycell,1,0,3,0.015,0.008
gaia,418,"10""",skycell,1,1,7,0.022,0.017
gaia,418,"10""",q3c,1,1,301,1.342,0.236
gaia,418,"10""",pgsphere,1,1,6,0.009,0.024
gaia,638,"10""",skycell,1,1,4,0.015,0.013
gaia,638,"10""",q3c,1,1,301,1.5,0.236
gaia,638,"10""",pgsphere,1,1,9,0.009,0.042
gaia,735,"10""",q3c,1,0,300,1.248,0.228
gaia,735,"10""",skycell,1,0,3,0.015,0.013
gaia,735,"10""",pgsphere,1,0,9,0.009,0.036
gaia,1126,6',q3c,55,87,302,1.269,0.246
gaia,1126,6',skycell,92,87,12,0.028,0.057
gaia,1126,6',pgsphere,8,87,16,0.009,0.067
gaia,768,"10""",pgsphere,1,1,14,0.009,0.055
gaia,768,"10""",skycell,1,1,4,0.015,0.016
gaia,768,"10""",q3c,1,1,301,1.347,0.23
gaia,1441,3deg,q3c,324,1644,340,1.325,0.676
gaia,1441,3deg,skycell,901,1644,67,0.068,0.35
gaia,1441,3deg,pgsphere,6852,1644,68,0.015,0.515
gaia,1349,30',skycell,181,221,22,0.037,0.051
gaia,1349,30',pgsphere,190,221,41,0.007,0.085
gaia,1349,30',q3c,285,221,308,1.318,0.278
gaia,642,"10""",skycell,1,1,4,0.015,0.015
gaia,642,"10""",pgsphere,1,1,6,0.009,0.032
gaia,642,"10""",q3c,1,1,301,1.277,0.223
gaia,244,"1""",pgsphere,1,1,7,0.009,0.026
gaia,244,"1""",q3c,1,1,301,1.255,0.231
gaia,244,"1""",skycell,1,1,7,0.022,0.012
gaia,10,"1""",pgsphere,1,1,7,0.009,0.024
gaia,10,"1""",q3c,1,1,301,1.167,0.208
gaia,10,"1""",skycell,1,1,4,0.014,0.012
gaia,731,"10""",skycell,1,0,3,0.014,0.009
gaia,731,"10""",q3c,1,0,300,1.29,0.228
gaia,731,"10""",pgsphere,1,0,4,0.009,0.016
gaia,227,"1""",q3c,1,0,300,1.112,0.212
gaia,227,"1""",pgsphere,1,0,5,0.009,0.018
gaia,227,"1""",skycell,1,0,3,0.034,0.005
gaia,51,"1""",q3c,1,0,300,1.112,0.235
gaia,51,"1""",pgsphere,1,0,5,0.008,0.022
gaia,51,"1""",skycell,1,0,3,0.015,0.009
gaia,803,1',skycell,1,0,4,0.015,0.013
gaia,803,1',pgsphere,1,0,4,0.009,0.015
gaia,803,1',q3c,1,0,301,1.231,0.224
gaia,454,"10""",pgsphere,1,1,5,0.009,0.022
gaia,454,"10""",q3c,1,1,301,1.146,0.23
gaia,454,"10""",skycell,1,1,7,0.022,0.018
gaia,1245,6',pgsphere,8,2,8,0.009,0.044
gaia,1245,6',q3c,2,2,301,1.233,0.237
gaia,1245,6',skycell,3,2,5,0.037,0.014
gaia,1099,1',skycell,1,0,3,0.015,0.01
gaia,1099,1',pgsphere,1,0,4,0.009,0.017
gaia,1099,1',q3c,1,0,300,1.316,0.228
gaia,676,"10""",q3c,1,1,301,1.257,0.248
gaia,676,"10""",skycell,1,1,4,0.015,0.017
gaia,676,"10""",pgsphere,1,1,6,0.009,0.033
gaia,770,"10""",q3c,1,1,301,1.316,0.23
gaia,770,"10""",pgsphere,1,1,7,0.009,0.045
gaia,770,"10""",skycell,1,1,4,0.015,0.01
gaia,368,"1""",q3c,1,1,301,1.155,0.245
gaia,368,"1""",pgsphere,1,1,6,0.009,0.03
gaia,368,"1""",skycell,1,1,4,0.015,0.011
gaia,299,"1""",q3c,1,0,300,1.288,0.213
gaia,299,"1""",pgsphere,1,0,4,0.009,0.012
gaia,299,"1""",skycell,1,0,3,0.014,0.009
gaia,764,"10""",q3c,1,1,301,1.254,0.243
gaia,764,"10""",pgsphere,1,1,13,0.011,0.057
gaia,764,"10""",skycell,1,1,4,0.019,0.018
gaia,1350,30',pgsphere,190,313,51,0.009,0.129
gaia,1350,30',skycell,283,313,18,0.027,0.076
gaia,1350,30',q3c,49,313,308,1.136,0.29
gaia,831,1',skycell,1,0,3,0.019,0.011
gaia,831,1',pgsphere,1,0,4,0.008,0.012
gaia,831,1',q3c,1,0,300,1.248,0.236
gaia,1211,6',skycell,89,92,17,0.032,0.048
gaia,1211,6',pgsphere,8,92,25,0.009,0.108
gaia,1211,6',q3c,38,92,305,1.321,0.255
gaia,1264,6',pgsphere,8,22,8,0.008,0.025
gaia,1264,6',q3c,6,22,302,1.123,0.232
gaia,1264,6',skycell,20,22,9,0.021,0.028
gaia,508,"10""",q3c,1,1,301,1.237,0.224
gaia,508,"10""",skycell,1,1,4,0.014,0.013
gaia,508,"10""",pgsphere,1,1,18,0.008,0.077
gaia,854,1',q3c,1,1,301,1.248,0.247
gaia,854,1',pgsphere,1,1,6,0.009,0.031
gaia,854,1',skycell,1,1,4,0.014,0.01
gaia,1154,6',pgsphere,8,109,27,0.008,0.088
gaia,1154,6',skycell,90,109,17,0.03,0.068
gaia,1154,6',q3c,39,109,304,1.256,0.273
gaia,1215,6',skycell,15,19,4,0.018,0.024
gaia,1215,6',pgsphere,8,19,7,0.009,0.039
gaia,1215,6',q3c,6,19,303,1.251,0.285
gaia,991,1',pgsphere,1,0,8,0.028,0.04
gaia,991,1',q3c,1,0,300,1.276,0.328
gaia,991,1',skycell,1,0,4,0.036,0.026
gaia,367,"1""",q3c,1,0,300,1.394,0.26
gaia,367,"1""",skycell,1,0,3,0.018,0.012
gaia,367,"1""",pgsphere,1,0,4,0.024,0.015
gaia,817,1',skycell,1,0,4,0.028,0.022
gaia,817,1',q3c,1,0,300,1.185,0.249
gaia,817,1',pgsphere,1,0,6,0.011,0.034
gaia,822,1',skycell,1,1,4,0.017,0.018
gaia,822,1',q3c,1,1,301,1.3,0.294
gaia,822,1',pgsphere,1,1,5,0.01,0.032
gaia,114,"1""",q3c,1,1,301,1.33,0.258
gaia,114,"1""",skycell,1,1,4,0.017,0.012
gaia,114,"1""",pgsphere,1,1,7,0.009,0.033
gaia,1364,30',pgsphere,190,1467,146,0.009,0.424
gaia,1364,30',q3c,795,1467,330,1.323,0.487
gaia,1364,30',skycell,1455,1467,68,0.08,0.215
gaia,1174,6',pgsphere,8,6,8,0.01,0.043
gaia,1174,6',skycell,6,6,14,0.046,0.035
gaia,1174,6',q3c,3,6,302,1.266,0.254
gaia,1128,6',q3c,1,5,302,1.109,0.25
gaia,1128,6',pgsphere,8,5,5,0.016,0.031
gaia,1128,6',skycell,3,5,4,0.018,0.018
gaia,41,"1""",skycell,1,0,3,0.015,0.009
gaia,41,"1""",q3c,1,0,300,1.175,0.246
gaia,41,"1""",pgsphere,1,0,4,0.009,0.019
gaia,64,"1""",q3c,1,1,301,1.161,0.216
gaia,64,"1""",skycell,1,1,4,0.03,0.015
gaia,64,"1""",pgsphere,1,1,7,0.009,0.019
gaia,1378,30',pgsphere,190,383,51,0.007,0.113
gaia,1378,30',q3c,82,383,311,1.119,0.299
gaia,1378,30',skycell,361,383,35,0.051,0.093
gaia,337,"1""",skycell,1,0,3,0.014,0.015
gaia,337,"1""",pgsphere,1,0,5,0.009,0.024
gaia,337,"1""",q3c,1,0,300,1.206,0.283
gaia,197,"1""",q3c,1,0,300,1.318,0.255
gaia,197,"1""",pgsphere,1,0,6,0.012,0.03
gaia,197,"1""",skycell,1,0,3,0.018,0.01
gaia,1127,6',skycell,3,2,4,0.016,0.019
gaia,1127,6',pgsphere,8,2,8,0.009,0.034
gaia,1127,6',q3c,1,2,302,1.328,0.245
gaia,1129,6',pgsphere,8,2,6,0.012,0.033
gaia,1129,6',q3c,1,2,302,1.387,0.27
gaia,1129,6',skycell,1,2,4,0.017,0.016
gaia,401,"10""",skycell,1,0,3,0.014,0.01
gaia,401,"10""",q3c,1,0,300,1.202,0.269
gaia,401,"10""",pgsphere,1,0,4,0.01,0.021
gaia,705,"10""",skycell,1,0,3,0.015,0.012
gaia,705,"10""",pgsphere,1,0,4,0.008,0.022
gaia,705,"10""",q3c,1,0,300,1.202,0.263
gaia,188,"1""",skycell,1,1,4,0.019,0.013
gaia,188,"1""",q3c,1,1,301,1.289,0.258
gaia,188,"1""",pgsphere,1,1,5,0.009,0.019
gaia,316,"1""",q3c,1,1,301,1.334,0.232
gaia,316,"1""",pgsphere,1,1,8,0.008,0.036
gaia,316,"1""",skycell,1,1,4,0.019,0.014
gaia,195,"1""",skycell,1,0,6,0.02,0.018
gaia,195,"1""",q3c,1,0,300,1.208,0.21
gaia,195,"1""",pgsphere,1,0,4,0.007,0.032
gaia,13,"1""",skycell,1,0,3,0.014,0.005
gaia,13,"1""",pgsphere,1,0,4,0.007,0.016
gaia,13,"1""",q3c,1,0,300,1.075,0.207
gaia,452,"10""",skycell,1,1,4,0.014,0.013
gaia,452,"10""",q3c,1,1,301,1.258,0.226
gaia,452,"10""",pgsphere,1,1,7,0.008,0.025
gaia,1346,30',pgsphere,190,4116,547,0.008,0.953
gaia,1346,30',skycell,2787,4116,106,0.067,0.501
gaia,1346,30',q3c,474,4116,364,1.164,0.737
gaia,839,1',q3c,1,0,300,1.258,0.22
gaia,839,1',pgsphere,1,0,4,0.008,0.013
gaia,839,1',skycell,1,0,4,0.013,0.009
gaia,187,"1""",q3c,1,0,300,1.185,0.221
gaia,187,"1""",skycell,1,0,6,0.02,0.012
gaia,187,"1""",pgsphere,1,0,5,0.008,0.019
gaia,8,"1""",skycell,1,1,4,0.013,0.011
gaia,8,"1""",q3c,1,1,301,1.069,0.228
gaia,8,"1""",pgsphere,1,1,7,0.011,0.043
gaia,340,"1""",pgsphere,1,1,6,0.008,0.022
gaia,340,"1""",skycell,1,1,4,0.014,0.011
gaia,340,"1""",q3c,1,1,301,1.171,0.228
gaia,767,"10""",pgsphere,1,0,5,0.008,0.013
gaia,767,"10""",skycell,1,0,4,0.013,0.006
gaia,767,"10""",q3c,1,0,300,1.116,0.203
gaia,899,1',q3c,1,0,300,1.078,0.223
gaia,899,1',pgsphere,1,0,6,0.008,0.026
gaia,899,1',skycell,1,0,3,0.014,0.007
gaia,1329,30',pgsphere,190,14,11,0.009,0.036
gaia,1329,30',q3c,26,14,303,1.196,0.21
gaia,1329,30',skycell,26,14,9,0.02,0.035
gaia,912,1',pgsphere,1,2,6,0.008,0.026
gaia,912,1',q3c,1,2,301,1.175,0.22
gaia,912,1',skycell,1,2,4,0.015,0.013
gaia,1224,6',pgsphere,8,189,31,0.009,0.122
gaia,1224,6',skycell,113,189,25,0.034,0.098
gaia,1224,6',q3c,60,189,307,1.239,0.294
gaia,577,"10""",q3c,1,0,300,1.131,0.22
gaia,577,"10""",skycell,1,0,6,0.02,0.017
gaia,577,"10""",pgsphere,1,0,4,0.008,0.018
gaia,309,"1""",skycell,1,0,3,0.013,0.006
gaia,309,"1""",pgsphere,1,0,6,0.006,0.024
gaia,309,"1""",q3c,1,0,300,1.168,0.217
gaia,904,1',q3c,1,1,301,1.193,0.233
gaia,904,1',skycell,1,1,4,0.018,0.015
gaia,904,1',pgsphere,1,1,11,0.008,0.051
gaia,437,"10""",skycell,1,0,3,0.018,0.009
gaia,437,"10""",pgsphere,1,0,5,0.008,0.022
gaia,437,"10""",q3c,1,0,300,1.083,0.21
gaia,1432,1deg,q3c,1167,6109,408,1.129,1.357
gaia,1432,1deg,skycell,5842,6109,147,0.076,0.898
gaia,1432,1deg,pgsphere,762,6109,640,0.008,1.769
gaia,4,"1""",pgsphere,1,1,6,0.008,0.017
gaia,4,"1""",skycell,1,1,4,0.014,0.014
gaia,4,"1""",q3c,1,1,301,1.261,0.218
gaia,1271,6',skycell,1,2,4,0.014,0.016
gaia,1271,6',pgsphere,8,2,5,0.008,0.016
gaia,1271,6',q3c,1,2,301,1.202,0.224
gaia,167,"1""",pgsphere,1,0,5,0.008,0.024
gaia,167,"1""",skycell,1,0,3,0.014,0.012
gaia,167,"1""",q3c,1,0,300,1.197,0.207
gaia,274,"1""",pgsphere,1,1,5,0.007,0.021
gaia,274,"1""",skycell,1,1,4,0.014,0.01
gaia,274,"1""",q3c,1,1,301,1.188,0.227
gaia,279,"1""",skycell,1,0,3,0.02,0.006
gaia,279,"1""",q3c,1,0,300,1.156,0.22
gaia,279,"1""",pgsphere,1,0,5,0.008,0.016
gaia,894,1',skycell,2,2,4,0.022,0.013
gaia,894,1',q3c,1,2,302,1.232,0.24
gaia,894,1',pgsphere,1,2,6,0.008,0.022
gaia,872,1',q3c,1,4,301,1.195,0.233
gaia,872,1',pgsphere,1,4,7,0.008,0.028
gaia,872,1',skycell,2,4,5,0.014,0.022
gaia,1006,1',q3c,1,5,301,1.098,0.222
gaia,1006,1',pgsphere,1,5,6,0.008,0.022
gaia,1006,1',skycell,1,5,4,0.014,0.01
gaia,459,"10""",q3c,1,0,300,1.226,0.222
gaia,459,"10""",skycell,1,0,3,0.014,0.005
gaia,459,"10""",pgsphere,1,0,4,0.006,0.016
gaia,321,"1""",skycell,1,0,3,0.02,0.005
gaia,321,"1""",pgsphere,1,0,4,0.006,0.015
gaia,321,"1""",q3c,1,0,300,1.111,0.221
gaia,789,"10""",pgsphere,1,0,5,0.008,0.02
gaia,789,"10""",skycell,1,0,3,0.014,0.01
gaia,789,"10""",q3c,1,0,300,1.26,0.219
gaia,1382,30',q3c,271,1576,324,1.153,0.453
gaia,1382,30',pgsphere,190,1576,165,0.008,0.375
gaia,1382,30',skycell,1184,1576,64,0.062,0.208
gaia,1075,1',q3c,1,0,300,1.239,0.224
gaia,1075,1',pgsphere,1,0,7,0.008,0.016
gaia,1075,1',skycell,1,0,4,0.013,0.006
gaia,1015,1',pgsphere,1,0,4,0.006,0.016
gaia,1015,1',q3c,1,0,300,1.182,0.213
gaia,1015,1',skycell,1,0,4,0.014,0.01
gaia,144,"1""",skycell,1,1,7,0.019,0.019
gaia,144,"1""",q3c,1,1,301,1.069,0.223
gaia,144,"1""",pgsphere,1,1,5,0.008,0.024
gaia,1362,30',q3c,61,330,310,1.189,0.266
gaia,1362,30',pgsphere,190,330,53,0.007,0.106
gaia,1362,30',skycell,251,330,37,0.046,0.07
gaia,380,"1""",q3c,1,1,301,1.149,0.218
gaia,380,"1""",skycell,1,1,4,0.014,0.012
gaia,380,"1""",pgsphere,1,1,5,0.008,0.016
gaia,598,"10""",pgsphere,1,1,5,0.008,0.02
gaia,598,"10""",q3c,1,1,301,1.215,0.227
gaia,598,"10""",skycell,1,1,7,0.02,0.022
gaia,1297,6',pgsphere,8,10,10,0.008,0.033
gaia,1297,6',q3c,6,10,303,1.183,0.239
gaia,1297,6',skycell,12,10,17,0.029,0.042
gaia,503,"10""",q3c,1,0,300,1.169,0.211
gaia,503,"10""",pgsphere,1,0,6,0.008,0.026
gaia,503,"10""",skycell,1,0,3,0.019,0.007
gaia,722,"10""",skycell,1,1,4,0.012,0.013
gaia,722,"10""",pgsphere,1,1,12,0.008,0.045
gaia,722,"10""",q3c,1,1,301,1.22,0.227
gaia,1437,1deg,pgsphere,762,339,48,0.008,0.263
gaia,1437,1deg,q3c,521,339,312,1.038,0.317
gaia,1437,1deg,skycell,168,339,24,0.034,0.092
gaia,52,"1""",skycell,1,1,7,0.017,0.011
gaia,52,"1""",q3c,1,1,301,1.153,0.225
gaia,52,"1""",pgsphere,1,1,5,0.008,0.018
gaia,242,"1""",q3c,1,1,301,1.206,0.224
gaia,242,"1""",pgsphere,1,1,6,0.008,0.024
gaia,242,"1""",skycell,1,1,4,0.014,0.009
gaia,433,"10""",q3c,1,0,300,1.1,0.22
gaia,433,"10""",skycell,1,0,3,0.014,0.011
gaia,433,"10""",pgsphere,1,0,5,0.008,0.025
gaia,152,"1""",skycell,1,1,4,0.014,0.011
gaia,152,"1""",pgsphere,1,1,6,0.006,0.016
gaia,152,"1""",q3c,1,1,301,1.124,0.221
gaia,905,1',pgsphere,1,0,6,0.008,0.025
gaia,905,1',skycell,1,0,4,0.02,0.008
gaia,905,1',q3c,1,0,300,1.235,0.22
gaia,1114,6',skycell,31,21,14,0.03,0.032
gaia,1114,6',q3c,15,21,303,1.173,0.223
gaia,1114,6',pgsphere,8,21,9,0.008,0.036
gaia,1240,6',skycell,163,162,14,0.024,0.064
gaia,1240,6',pgsphere,8,162,36,0.008,0.132
gaia,1240,6',q3c,48,162,305,1.173,0.271
gaia,1217,6',skycell,6,4,16,0.029,0.04
gaia,1217,6',q3c,2,4,302,1.209,0.244
gaia,1217,6',pgsphere,8,4,8,0.008,0.031
gaia,1296,6',pgsphere,8,15,10,0.008,0.048
gaia,1296,6',q3c,6,15,301,1.189,0.232
gaia,1296,6',skycell,15,15,16,0.029,0.046
gaia,249,"1""",pgsphere,1,0,7,0.008,0.028
gaia,249,"1""",q3c,1,0,300,1.094,0.235
gaia,249,"1""",skycell,1,0,3,0.013,0.008
gaia,1202,6',q3c,3,8,301,1.219,0.215
gaia,1202,6',skycell,11,8,10,0.02,0.023
gaia,1202,6',pgsphere,8,8,7,0.008,0.023
gaia,346,"1""",q3c,1,1,301,1.156,0.223
gaia,346,"1""",skycell,1,1,7,0.021,0.017
gaia,346,"1""",pgsphere,1,1,7,0.009,0.029
gaia,1070,1',skycell,1,1,4,0.015,0.015
gaia,1070,1',q3c,1,1,301,1.058,0.23
gaia,1070,1',pgsphere,1,1,6,0.008,0.024
gaia,790,"10""",q3c,1,1,301,1.093,0.227
gaia,790,"10""",pgsphere,1,1,5,0.008,0.018
gaia,790,"10""",skycell,1,1,8,0.02,0.025
gaia,472,"10""",pgsphere,1,1,15,0.008,0.046
gaia,472,"10""",skycell,1,1,4,0.013,0.009
gaia,472,"10""",q3c,1,1,301,1.184,0.218
gaia,777,"10""",skycell,1,0,7,0.02,0.015
gaia,777,"10""",q3c,1,0,300,1.199,0.224
gaia,777,"10""",pgsphere,1,0,4,0.008,0.011
gaia,278,"1""",pgsphere,1,1,5,0.006,0.023
gaia,278,"1""",skycell,1,1,4,0.014,0.009
gaia,278,"1""",q3c,1,1,301,1.196,0.225
gaia,470,"10""",skycell,1,1,4,0.013,0.006
gaia,470,"10""",pgsphere,1,1,7,0.009,0.015
gaia,470,"10""",q3c,1,1,301,1.232,0.207
