corpus,qid,label,method,est,act,buffers,plan_ms,exec_ms
designed,507,"10""",skycell,1,0,4,0.6,0.065
designed,507,"10""",q3c,1,0,300,3.941,0.878
designed,507,"10""",pgsphere,1,0,31,0.292,0.153
designed,507,"10""",skycell-rw,1,0,4,0.083,0.02
designed,311,"1""",skycell,1,0,9,0.036,0.045
designed,311,"1""",pgsphere,1,0,4,0.02,0.043
designed,311,"1""",q3c,1,0,300,2.602,0.666
designed,311,"1""",skycell-rw,1,0,9,0.088,0.03
designed,630,"10""",q3c,1,1,301,2.787,0.677
designed,630,"10""",pgsphere,1,1,5,0.054,0.067
designed,630,"10""",skycell-rw,1,1,4,0.048,0.037
designed,630,"10""",skycell,1,1,4,0.021,0.011
designed,442,"10""",q3c,1,1,301,2.697,0.669
designed,442,"10""",pgsphere,1,1,5,0.051,0.068
designed,442,"10""",skycell-rw,1,1,4,0.05,0.037
designed,442,"10""",skycell,1,1,4,0.026,0.013
designed,47,"1""",skycell-rw,1,0,6,0.046,0.043
designed,47,"1""",pgsphere,1,0,6,0.018,0.054
designed,47,"1""",q3c,1,0,300,2.839,0.643
designed,47,"1""",skycell,1,0,6,0.056,0.024
designed,1003,1',skycell,1,0,8,0.021,0.053
designed,1003,1',pgsphere,1,0,7,0.069,0.04
designed,1003,1',q3c,1,0,300,2.495,0.63
designed,1003,1',skycell-rw,1,0,7,0.086,0.035
designed,946,1',pgsphere,1,4,6,0.028,0.112
designed,946,1',skycell,3,4,8,0.035,0.049
designed,946,1',q3c,2,4,301,2.642,0.601
designed,946,1',skycell-rw,3,4,5,0.111,0.042
designed,691,"10""",skycell-rw,1,0,3,0.049,0.035
designed,691,"10""",pgsphere,1,0,4,0.021,0.061
designed,691,"10""",skycell,1,0,3,0.023,0.009
designed,691,"10""",q3c,1,0,300,2.391,0.596
designed,408,"10""",skycell,1,1,11,0.068,0.047
designed,408,"10""",pgsphere,1,1,5,0.028,0.044
designed,408,"10""",q3c,1,1,301,2.679,0.559
designed,408,"10""",skycell-rw,1,1,10,0.104,0.039
designed,1370,30',skycell-rw,3750,4069,98,0.126,0.887
designed,1370,30',pgsphere,190,4069,367,0.035,1.475
designed,1370,30',q3c,1810,4069,373,2.665,1.506
designed,1370,30',skycell,3742,4069,126,0.105,0.806
designed,802,1',skycell,2,2,4,0.04,0.052
designed,802,1',skycell-rw,2,2,4,0.039,0.015
designed,802,1',pgsphere,1,2,7,0.02,0.051
designed,802,1',q3c,1,2,301,2.673,0.617
designed,1341,30',pgsphere,190,56,15,0.051,0.113
designed,1341,30',q3c,33,56,306,2.724,0.632
designed,1341,30',skycell-rw,83,56,11,0.094,0.092
designed,1341,30',skycell,82,56,11,0.04,0.042
designed,415,"10""",q3c,1,0,300,2.516,0.593
designed,415,"10""",pgsphere,1,0,5,0.05,0.044
designed,415,"10""",skycell-rw,1,0,3,0.05,0.029
designed,415,"10""",skycell,1,0,3,0.039,0.011
designed,153,"1""",skycell,1,0,3,0.018,0.033
designed,153,"1""",q3c,1,0,300,2.501,0.585
designed,153,"1""",skycell-rw,1,0,3,0.073,0.024
designed,153,"1""",pgsphere,1,0,5,0.04,0.05
designed,315,"1""",skycell,1,0,6,0.03,0.028
designed,315,"1""",skycell-rw,1,0,6,0.043,0.013
designed,315,"1""",pgsphere,1,0,5,0.016,0.04
designed,315,"1""",q3c,1,0,300,2.603,0.598
designed,382,"1""",pgsphere,1,1,8,0.049,0.073
designed,382,"1""",q3c,1,1,301,2.747,0.536
designed,382,"1""",skycell,1,1,4,0.057,0.04
designed,382,"1""",skycell-rw,1,1,4,0.043,0.011
designed,966,1',pgsphere,1,1,6,0.021,0.058
designed,966,1',skycell,1,1,4,0.02,0.023
designed,966,1',q3c,1,1,301,2.477,0.556
designed,966,1',skycell-rw,1,1,4,0.073,0.028
designed,658,"10""",skycell-rw,1,3,6,0.049,0.053
designed,658,"10""",q3c,1,3,301,2.496,0.588
designed,658,"10""",skycell,1,3,6,0.055,0.045
designed,658,"10""",pgsphere,1,3,8,0.028,0.047
designed,672,"10""",skycell,1,1,4,0.022,0.031
designed,672,"10""",q3c,1,1,301,2.443,0.537
designed,672,"10""",skycell-rw,1,1,4,0.073,0.03
designed,672,"10""",pgsphere,1,1,6,0.031,0.068
designed,1385,30',pgsphere,190,1227,132,0.019,0.491
designed,1385,30',skycell,1257,1227,71,0.102,0.341
designed,1385,30',q3c,400,1227,329,2.679,1.011
designed,1385,30',skycell-rw,1260,1227,46,0.154,0.383
designed,205,"1""",skycell,1,0,3,0.044,0.039
designed,205,"1""",pgsphere,1,0,4,0.026,0.029
designed,205,"1""",skycell-rw,1,0,3,0.039,0.011
designed,205,"1""",q3c,1,0,300,2.903,0.545
designed,797,"10""",pgsphere,1,0,6,0.049,0.063
designed,797,"10""",skycell,1,0,3,0.036,0.027
designed,797,"10""",skycell-rw,1,0,3,0.05,0.01
designed,797,"10""",q3c,1,0,300,2.469,0.636
designed,1417,1deg,skycell-rw,290,272,18,0.105,0.148
designed,1417,1deg,pgsphere,761,272,45,0.04,0.176
designed,1417,1deg,q3c,236,272,310,2.303,0.725
designed,1417,1deg,skycell,288,272,30,0.1,0.12
designed,260,"1""",skycell,1,1,4,0.036,0.034
designed,260,"1""",q3c,1,1,301,2.772,0.54
designed,260,"1""",skycell-rw,1,1,4,0.074,0.029
designed,260,"1""",pgsphere,1,1,5,0.025,0.028
designed,671,"10""",q3c,1,0,300,2.435,0.549
designed,671,"10""",skycell-rw,1,0,3,0.073,0.057
designed,671,"10""",pgsphere,1,0,4,0.03,0.037
designed,671,"10""",skycell,1,0,3,0.025,0.01
designed,270,"1""",pgsphere,1,1,5,0.015,0.031
designed,270,"1""",skycell,1,1,5,0.017,0.019
designed,270,"1""",skycell-rw,1,1,5,0.027,0.008
designed,270,"1""",q3c,1,1,301,2.716,0.611
designed,15,"1""",q3c,1,0,300,2.351,0.701
designed,15,"1""",skycell-rw,1,0,3,0.074,0.034
designed,15,"1""",skycell,1,0,3,0.033,0.012
designed,15,"1""",pgsphere,1,0,4,0.022,0.029
designed,999,1',skycell-rw,1,0,4,0.035,0.027
designed,999,1',pgsphere,1,0,6,0.016,0.047
designed,999,1',q3c,1,0,300,2.649,0.555
designed,999,1',skycell,1,0,4,0.055,0.029
designed,513,"10""",skycell,1,0,6,0.024,0.03
designed,513,"10""",q3c,1,0,300,2.403,0.543
designed,513,"10""",skycell-rw,1,0,6,0.085,0.029
designed,513,"10""",pgsphere,1,0,3,0.037,0.025
designed,927,1',skycell,1,0,4,0.03,0.043
designed,927,1',pgsphere,1,0,4,0.017,0.023
designed,927,1',skycell-rw,1,0,4,0.03,0.009
designed,927,1',q3c,1,0,300,2.364,0.594
designed,568,"10""",skycell,1,1,4,0.056,0.036
designed,568,"10""",q3c,1,1,301,2.566,0.605
designed,568,"10""",pgsphere,1,1,5,0.054,0.052
designed,568,"10""",skycell-rw,1,1,4,0.049,0.017
designed,94,"1""",pgsphere,1,1,8,0.017,0.036
designed,94,"1""",skycell-rw,1,1,4,0.028,0.021
designed,94,"1""",q3c,1,1,301,2.455,0.618
designed,94,"1""",skycell,1,1,4,0.088,0.031
designed,952,1',skycell,1,1,4,0.038,0.032
designed,952,1',pgsphere,1,1,5,0.023,0.038
designed,952,1',skycell-rw,1,1,4,0.032,0.011
designed,952,1',q3c,1,1,301,3.021,0.59
designed,229,"1""",skycell-rw,1,0,3,0.082,0.024
designed,229,"1""",skycell,1,0,3,0.028,0.009
designed,229,"1""",pgsphere,1,0,6,0.02,0.033
designed,229,"1""",q3c,1,0,300,2.683,0.562
designed,288,"1""",skycell,1,1,4,0.056,0.053
designed,288,"1""",pgsphere,1,1,5,0.033,0.041
designed,288,"1""",skycell-rw,1,1,4,0.037,0.012
designed,288,"1""",q3c,1,1,301,2.728,0.558
designed,885,1',skycell,1,0,10,0.056,0.066
designed,885,1',skycell-rw,1,0,10,0.055,0.072
designed,885,1',pgsphere,1,0,6,0.027,0.035
designed,885,1',q3c,1,0,301,2.599,0.552
designed,800,"10""",q3c,1,1,301,2.362,0.626
designed,800,"10""",skycell,1,1,4,0.057,0.044
designed,800,"10""",skycell-rw,1,1,4,0.041,0.011
designed,800,"10""",pgsphere,1,1,5,0.033,0.04
designed,116,"1""",skycell,1,1,7,0.023,0.035
designed,116,"1""",q3c,1,1,301,3.238,0.578
designed,116,"1""",pgsphere,1,1,7,0.052,0.056
designed,116,"1""",skycell-rw,1,1,7,0.065,0.027
designed,1239,6',pgsphere,8,6,12,0.02,0.071
designed,1239,6',q3c,2,6,301,3.455,1.193
designed,1239,6',skycell-rw,3,6,4,0.079,0.048
designed,1239,6',skycell,3,6,4,0.056,0.03
designed,150,"1""",skycell-rw,1,1,7,0.075,0.046
designed,150,"1""",q3c,1,1,301,3.009,0.844
designed,150,"1""",skycell,1,1,7,0.059,0.029
designed,150,"1""",pgsphere,1,1,6,0.035,0.05
designed,189,"1""",skycell-rw,1,0,6,0.054,0.03
designed,189,"1""",q3c,1,0,300,2.56,0.564
designed,189,"1""",skycell,1,0,6,0.058,0.026
designed,189,"1""",pgsphere,1,0,5,0.027,0.05
designed,1423,1deg,pgsphere,761,260,47,0.016,0.186
designed,1423,1deg,skycell-rw,358,260,31,0.124,0.189
designed,1423,1deg,q3c,183,260,306,2.379,0.752
designed,1423,1deg,skycell,351,260,39,0.083,0.121
designed,385,"1""",q3c,1,0,300,2.955,0.555
designed,385,"1""",pgsphere,1,0,5,0.051,0.043
designed,385,"1""",skycell,1,0,3,0.034,0.019
designed,385,"1""",skycell-rw,1,0,3,0.034,0.007
designed,444,"10""",q3c,1,1,301,2.686,0.647
designed,444,"10""",skycell-rw,1,1,7,0.088,0.05
designed,444,"10""",pgsphere,1,1,5,0.027,0.028
designed,444,"10""",skycell,1,1,7,0.022,0.012
designed,755,"10""",skycell,1,0,3,0.03,0.022
designed,755,"10""",pgsphere,1,0,4,0.018,0.036
designed,755,"10""",q3c,1,0,300,2.266,0.641
designed,755,"10""",skycell-rw,1,0,3,0.072,0.023
designed,518,"10""",q3c,1,2,301,2.338,0.567
designed,518,"10""",skycell,1,2,9,0.057,0.081
designed,518,"10""",pgsphere,1,2,7,0.042,0.047
designed,518,"10""",skycell-rw,1,2,8,0.053,0.026
designed,175,"1""",pgsphere,1,0,4,0.017,0.022
designed,175,"1""",skycell-rw,1,0,3,0.027,0.023
designed,175,"1""",q3c,1,0,300,2.707,0.629
designed,175,"1""",skycell,1,0,3,0.055,0.023
designed,259,"1""",pgsphere,1,0,4,0.031,0.044
designed,259,"1""",skycell-rw,1,0,3,0.036,0.015
designed,259,"1""",q3c,1,0,300,2.376,0.551
designed,259,"1""",skycell,1,0,3,0.054,0.023
designed,1036,1',pgsphere,1,1,7,0.037,0.069
designed,1036,1',skycell,3,1,4,0.031,0.03
designed,1036,1',q3c,2,1,301,2.516,0.563
designed,1036,1',skycell-rw,3,1,4,0.075,0.031
designed,134,"1""",pgsphere,1,1,7,0.025,0.055
designed,134,"1""",skycell,1,1,4,0.033,0.032
designed,134,"1""",q3c,1,1,301,2.866,0.55
designed,134,"1""",skycell-rw,1,1,4,0.075,0.03
designed,201,"1""",skycell-rw,1,0,3,0.039,0.024
designed,201,"1""",q3c,1,0,300,2.572,0.529
designed,201,"1""",pgsphere,1,0,4,0.11,0.037
designed,201,"1""",skycell,1,0,3,0.039,0.018
designed,1407,1deg,q3c,116,276,309,2.795,0.629
designed,1407,1deg,pgsphere,761,276,35,0.051,0.213
designed,1407,1deg,skycell,275,276,28,0.054,0.127
designed,1407,1deg,skycell-rw,277,276,24,0.09,0.091
designed,903,1',skycell-rw,1,0,8,0.044,0.025
designed,903,1',q3c,1,0,300,2.831,0.584
designed,903,1',skycell,1,0,8,0.057,0.032
designed,903,1',pgsphere,1,0,6,0.026,0.049
designed,606,"10""",skycell,1,3,5,0.022,0.071
designed,606,"10""",skycell-rw,1,3,5,0.037,0.018
designed,606,"10""",q3c,1,3,301,2.631,0.564
designed,606,"10""",pgsphere,1,3,10,0.063,0.068
designed,1055,1',skycell,1,0,4,0.039,0.042
designed,1055,1',skycell-rw,1,0,4,0.039,0.011
designed,1055,1',q3c,1,0,300,2.623,0.535
designed,1055,1',pgsphere,1,0,5,0.051,0.036
designed,521,"10""",pgsphere,1,0,4,0.023,0.038
designed,521,"10""",skycell,1,0,3,0.031,0.016
designed,521,"10""",q3c,1,0,300,2.608,0.563
designed,521,"10""",skycell-rw,1,0,3,0.074,0.023
designed,1160,6',skycell-rw,43,42,17,0.068,0.08
designed,1160,6',pgsphere,8,42,11,0.023,0.1
designed,1160,6',q3c,9,42,302,2.337,0.669
designed,1160,6',skycell,42,42,17,0.062,0.063
designed,18,"1""",skycell,1,1,7,0.029,0.033
designed,18,"1""",skycell-rw,1,1,7,0.047,0.017
designed,18,"1""",pgsphere,1,1,9,0.024,0.074
designed,18,"1""",q3c,1,1,301,2.847,0.529
designed,1453,3deg,skycell,2704,2324,104,0.126,0.547
designed,1453,3deg,pgsphere,6851,2324,100,0.066,0.774
designed,1453,3deg,skycell-rw,2684,2324,90,0.175,1.405
designed,1453,3deg,q3c,1590,2324,347,2.863,1.132
designed,372,"1""",pgsphere,1,1,6,0.05,0.049
designed,372,"1""",q3c,1,1,301,2.548,0.538
designed,372,"1""",skycell,1,1,4,0.058,0.04
designed,372,"1""",skycell-rw,1,1,4,0.042,0.011
designed,1402,1deg,skycell-rw,335,254,26,0.074,0.127
designed,1402,1deg,pgsphere,761,254,38,0.029,0.183
designed,1402,1deg,skycell,333,254,26,0.039,0.104
designed,1402,1deg,q3c,142,254,305,2.611,0.753
designed,645,"10""",skycell-rw,1,0,3,0.072,0.05
designed,645,"10""",pgsphere,1,0,5,0.026,0.045
designed,645,"10""",q3c,1,0,300,2.634,0.63
designed,645,"10""",skycell,1,0,3,0.057,0.023
designed,1358,30',pgsphere,190,66,16,0.029,0.087
designed,1358,30',skycell-rw,69,66,7,0.044,0.054
designed,1358,30',skycell,69,66,11,0.031,0.039
designed,1358,30',q3c,55,66,304,2.434,0.683
designed,656,"10""",skycell,1,1,4,0.054,0.048
designed,656,"10""",skycell-rw,1,1,4,0.04,0.012
designed,656,"10""",q3c,1,1,301,2.451,0.623
designed,656,"10""",pgsphere,1,1,7,0.049,0.046
designed,1089,1',skycell-rw,1,0,4,0.053,0.044
designed,1089,1',skycell,1,0,4,0.022,0.009
designed,1089,1',pgsphere,1,0,7,0.03,0.045
designed,1089,1',q3c,1,0,300,2.728,0.6
designed,105,"1""",skycell-rw,1,0,3,0.071,0.042
designed,105,"1""",skycell,1,0,3,0.025,0.008
designed,105,"1""",pgsphere,1,0,7,0.019,0.053
designed,105,"1""",q3c,1,0,300,2.788,0.625
designed,812,1',skycell,1,1,7,0.058,0.041
designed,812,1',skycell-rw,1,1,8,0.054,0.402
designed,812,1',q3c,1,1,301,2.643,0.612
designed,812,1',pgsphere,1,1,5,0.05,0.048
designed,673,"10""",q3c,1,0,300,2.734,0.543
designed,673,"10""",pgsphere,1,0,6,0.05,0.041
designed,673,"10""",skycell-rw,1,0,4,0.061,0.034
designed,673,"10""",skycell,1,0,4,0.022,0.009
designed,162,"1""",skycell,1,1,7,0.018,0.025
designed,162,"1""",skycell-rw,1,1,7,0.04,0.016
designed,162,"1""",pgsphere,1,1,5,0.017,0.055
designed,162,"1""",q3c,1,1,301,2.732,0.622
designed,884,1',q3c,1,3,301,2.586,0.6
designed,884,1',skycell,1,3,4,0.057,0.048
designed,884,1',skycell-rw,1,3,4,0.112,0.019
designed,884,1',pgsphere,1,3,10,0.026,0.05
designed,939,1',skycell-rw,1,0,7,0.051,0.041
designed,939,1',skycell,1,0,7,0.019,0.015
designed,939,1',q3c,1,0,300,2.876,0.619
designed,939,1',pgsphere,1,0,5,0.05,0.041
designed,888,1',pgsphere,1,1,5,0.022,0.033
designed,888,1',skycell,1,1,4,0.03,0.021
designed,888,1',q3c,1,1,301,2.733,0.648
designed,888,1',skycell-rw,1,1,5,0.118,0.268
designed,398,"1""",skycell-rw,1,1,4,0.055,0.031
designed,398,"1""",pgsphere,1,1,5,0.022,0.035
designed,398,"1""",skycell,1,1,4,0.023,0.013
designed,398,"1""",q3c,1,1,301,2.601,0.655
designed,1112,6',q3c,1,5,301,2.75,0.616
designed,1112,6',pgsphere,8,5,5,0.049,0.041
designed,1112,6',skycell-rw,2,5,5,0.061,0.041
designed,1112,6',skycell,2,5,8,0.025,0.015
designed,682,"10""",skycell,1,1,7,0.018,0.03
designed,682,"10""",skycell-rw,1,1,7,0.041,0.016
designed,682,"10""",q3c,1,1,301,2.51,0.538
designed,682,"10""",pgsphere,1,1,6,0.049,0.048
designed,530,"10""",q3c,1,1,301,2.921,0.659
designed,530,"10""",pgsphere,1,1,5,0.051,0.048
designed,530,"10""",skycell-rw,1,1,4,0.053,0.029
designed,530,"10""",skycell,1,1,4,0.026,0.011
designed,973,1',q3c,1,0,300,2.493,0.537
designed,973,1',pgsphere,1,0,6,0.05,0.05
designed,526,"10""",q3c,1,1,301,2.679,0.643
designed,973,1',skycell-rw,1,0,7,0.064,0.03
designed,973,1',skycell,1,0,8,0.027,0.012
designed,465,"10""",q3c,1,0,300,3.047,0.543
designed,465,"10""",skycell-rw,1,0,6,0.091,0.041
designed,465,"10""",pgsphere,1,0,4,0.043,0.04
designed,465,"10""",skycell,1,0,6,0.035,0.016
designed,366,"1""",skycell-rw,1,1,4,0.035,0.018
designed,366,"1""",q3c,1,1,301,5.031,1.262
designed,366,"1""",skycell,1,1,4,0.058,0.03
designed,366,"1""",pgsphere,1,1,7,0.063,0.688
designed,493,"10""",skycell-rw,1,0,3,0.083,0.021
designed,493,"10""",pgsphere,1,0,4,0.024,0.045
designed,493,"10""",q3c,1,0,300,4.497,1.297
designed,493,"10""",skycell,1,0,3,0.06,0.038
designed,194,"1""",pgsphere,1,1,8,0.095,0.078
designed,194,"1""",skycell-rw,1,1,7,0.066,0.034
designed,194,"1""",skycell,1,1,7,0.021,0.011
designed,194,"1""",q3c,1,1,301,3.612,1.294
designed,1325,30',skycell-rw,74,84,20,0.109,0.129
designed,1325,30',skycell,73,84,23,0.056,0.062
designed,1325,30',q3c,79,84,303,4.604,1.054
designed,1325,30',pgsphere,190,84,18,0.054,0.745
designed,1237,6',skycell,2,2,4,0.051,0.037
designed,1237,6',pgsphere,8,2,6,0.024,0.041
designed,1237,6',q3c,2,2,301,4.273,1.128
designed,1237,6',skycell-rw,3,2,4,0.079,0.037
designed,641,"10""",q3c,1,0,300,4.134,0.61
designed,641,"10""",skycell-rw,1,0,6,0.09,0.035
designed,641,"10""",skycell,1,0,6,0.034,0.013
designed,641,"10""",pgsphere,1,0,6,0.023,0.058
designed,384,"1""",skycell-rw,1,1,4,0.052,0.023
designed,384,"1""",q3c,1,1,301,4.146,0.606
designed,384,"1""",skycell,1,1,4,0.059,0.029
designed,384,"1""",pgsphere,1,1,6,0.043,0.04
designed,557,"10""",q3c,1,0,300,5.275,0.657
designed,557,"10""",skycell-rw,1,0,3,0.08,0.049
designed,557,"10""",pgsphere,1,0,5,0.03,0.054
designed,557,"10""",skycell,1,0,3,0.024,0.01
designed,1163,6',q3c,2,6,301,5.463,1.286
designed,1163,6',skycell-rw,3,6,7,0.084,0.07
designed,1163,6',skycell,3,6,11,0.049,0.033
designed,1163,6',pgsphere,8,6,6,0.028,0.035
designed,993,1',skycell-rw,1,0,4,0.042,19.527
designed,993,1',skycell,1,0,3,0.077,0.028
designed,993,1',pgsphere,1,0,6,0.03,0.035
designed,993,1',q3c,1,0,300,4.941,1.358
designed,1232,6',q3c,70,170,305,5.384,0.75
designed,1232,6',pgsphere,8,170,30,0.053,0.145
designed,1232,6',skycell-rw,169,170,18,0.09,0.111
designed,1232,6',skycell,166,170,28,0.059,0.082
designed,80,"1""",skycell,1,1,4,0.029,0.033
designed,80,"1""",pgsphere,1,1,6,0.023,0.032
designed,80,"1""",skycell-rw,1,1,4,0.687,0.022
designed,80,"1""",q3c,1,1,301,3.689,1.295
designed,1380,30',skycell-rw,1391,1572,52,0.157,1.085
designed,1380,30',skycell,1397,1572,61,0.091,0.733
designed,1380,30',q3c,294,1572,332,5.059,1.245
designed,1380,30',pgsphere,190,1572,175,0.054,0.596
designed,917,1',pgsphere,1,0,4,0.038,0.043
designed,917,1',skycell-rw,1,0,4,0.05,0.156
designed,917,1',skycell,1,0,3,0.035,0.013
designed,917,1',q3c,1,0,300,2.609,0.79
designed,981,1',skycell,1,0,4,0.056,0.026
designed,981,1',pgsphere,1,0,6,0.027,0.058
designed,981,1',q3c,1,0,300,2.545,0.582
designed,981,1',skycell-rw,1,0,4,0.077,0.029
designed,1259,6',skycell-rw,3,1,8,0.065,0.06
designed,1259,6',skycell,2,1,8,0.026,0.017
designed,1259,6',pgsphere,8,1,5,0.02,0.034
designed,1259,6',q3c,1,1,301,2.804,0.629
designed,573,"10""",q3c,1,0,300,2.334,0.686
designed,573,"10""",skycell-rw,1,0,3,0.075,0.023
designed,573,"10""",skycell,1,0,3,0.026,0.009
designed,573,"10""",pgsphere,1,0,4,0.035,0.027
designed,118,"1""",skycell,1,1,4,0.026,0.026
designed,118,"1""",skycell-rw,1,1,4,0.032,0.009
designed,1107,6',q3c,1,3,301,2.722,0.524
designed,118,"1""",pgsphere,1,1,7,0.016,0.041
designed,118,"1""",q3c,1,1,301,2.911,0.583
designed,419,"10""",skycell-rw,1,0,3,0.078,0.042
designed,419,"10""",q3c,1,0,300,2.832,0.617
designed,419,"10""",pgsphere,1,0,5,0.051,0.087
designed,419,"10""",skycell,1,0,3,0.044,0.02
designed,1042,1',skycell,1,1,6,0.019,0.049
designed,1042,1',q3c,1,1,301,2.743,0.577
designed,1042,1',skycell-rw,1,1,6,0.074,0.038
designed,1042,1',pgsphere,1,1,6,0.034,0.073
designed,1442,3deg,skycell-rw,2288,2435,86,0.134,1.821
designed,1442,3deg,skycell,2285,2435,82,0.184,0.475
designed,1442,3deg,q3c,1431,2435,347,2.784,1.209
designed,1442,3deg,pgsphere,6851,2435,121,0.052,0.96
designed,1257,6',q3c,20,74,303,2.699,0.611
designed,1257,6',pgsphere,8,74,15,0.051,0.106
designed,1257,6',skycell,52,74,16,0.059,0.069
designed,1257,6',skycell-rw,52,74,10,0.038,0.063
designed,1222,6',q3c,4,2058,332,2.268,0.996
designed,1222,6',skycell,10,2058,49,0.062,0.523
designed,1222,6',pgsphere,8,2058,156,0.037,0.587
designed,1222,6',skycell-rw,10,2058,49,0.081,0.504
designed,1395,30',skycell,66,64,14,0.041,0.052
designed,1395,30',pgsphere,190,64,13,0.028,0.091
designed,1395,30',skycell-rw,67,64,11,0.055,0.05
designed,1395,30',q3c,52,64,303,3.079,0.632
designed,434,"10""",pgsphere,1,1,7,0.049,0.071
designed,434,"10""",skycell,1,1,4,0.035,0.032
designed,434,"10""",q3c,1,1,301,2.919,0.597
designed,434,"10""",skycell-rw,1,1,4,0.074,0.031
designed,1309,30',skycell,70,72,19,0.034,0.117
designed,1309,30',q3c,33,72,306,2.496,0.633
designed,1309,30',skycell-rw,71,72,12,0.091,0.076
designed,1309,30',pgsphere,190,72,13,0.067,0.091
designed,953,1',skycell,1,0,8,0.031,0.024
designed,953,1',pgsphere,1,0,5,0.017,0.021
designed,953,1',skycell-rw,1,0,9,0.045,0.525
designed,953,1',q3c,1,0,300,2.521,0.556
designed,1152,6',q3c,2,2151,332,2.595,0.977
designed,1152,6',skycell-rw,4,2151,46,0.075,0.509
designed,1152,6',skycell,4,2151,50,0.035,0.477
designed,1152,6',pgsphere,8,2151,174,0.031,0.703
designed,1292,6',pgsphere,8,65,15,0.035,0.095
designed,1292,6',skycell-rw,89,65,8,0.049,0.065
designed,1292,6',q3c,59,65,303,2.785,0.694
designed,1292,6',skycell,89,65,19,0.065,0.056
designed,101,"1""",pgsphere,1,0,4,0.036,0.05
designed,101,"1""",skycell-rw,1,0,3,0.042,0.022
designed,101,"1""",q3c,1,0,300,2.568,0.636
designed,101,"1""",skycell,1,0,3,0.055,0.024
designed,544,"10""",q3c,1,1,301,2.47,0.628
designed,544,"10""",skycell,1,1,4,0.055,0.03
designed,544,"10""",pgsphere,1,1,7,0.029,0.049
designed,544,"10""",skycell-rw,1,1,4,0.034,0.01
designed,690,"10""",q3c,1,1,301,2.815,0.644
designed,690,"10""",skycell-rw,1,1,4,0.072,0.084
designed,690,"10""",skycell,1,1,4,0.034,0.014
designed,690,"10""",pgsphere,1,1,5,0.023,0.043
designed,1353,30',pgsphere,190,211,35,0.015,0.171
designed,1353,30',skycell-rw,510,211,27,0.074,0.698
designed,1353,30',q3c,103,211,308,2.593,0.689
designed,1353,30',skycell,535,211,41,0.098,0.1
designed,971,1',skycell,2,2,4,0.029,0.044
designed,971,1',pgsphere,1,2,10,0.03,0.063
designed,971,1',skycell-rw,2,2,4,0.038,0.016
designed,971,1',q3c,1,2,301,2.68,0.556
designed,1339,30',skycell,137,122,11,0.082,0.091
designed,1339,30',q3c,94,122,304,2.515,0.633
designed,1339,30',skycell-rw,138,122,11,0.087,0.074
designed,1339,30',pgsphere,190,122,23,0.035,0.106
designed,643,"10""",skycell-rw,1,0,6,0.053,0.028
designed,643,"10""",skycell,1,0,6,0.021,0.009
designed,643,"10""",q3c,1,0,300,2.739,0.576
designed,643,"10""",pgsphere,1,0,5,0.051,0.047
designed,230,"1""",skycell,1,1,7,0.037,0.023
designed,230,"1""",pgsphere,1,1,5,0.028,0.029
designed,230,"1""",q3c,1,1,301,2.355,0.585
designed,230,"1""",skycell-rw,1,1,7,0.087,0.034
designed,663,"10""",pgsphere,1,0,5,0.124,0.088
designed,663,"10""",skycell-rw,1,0,3,0.084,0.028
designed,663,"10""",q3c,1,0,300,4.715,0.804
designed,663,"10""",skycell,1,0,3,0.071,0.032
designed,628,"10""",q3c,1,1,301,4.163,0.826
designed,628,"10""",pgsphere,1,1,6,0.079,0.078
designed,628,"10""",skycell-rw,1,1,4,0.083,0.036
designed,628,"10""",skycell,1,1,4,0.091,0.035
designed,1397,30',pgsphere,190,59,22,0.042,0.132
designed,1397,30',skycell-rw,106,59,11,0.086,0.302
designed,1397,30',q3c,78,59,304,4.092,0.87
designed,1397,30',skycell,106,59,17,0.098,0.083
designed,937,1',skycell,1,2,4,0.038,0.043
designed,937,1',q3c,1,2,301,4.229,0.828
designed,937,1',pgsphere,1,2,7,0.069,0.074
designed,937,1',skycell-rw,1,2,4,0.08,0.038
designed,1108,6',skycell-rw,20,36,12,0.087,0.182
designed,1108,6',pgsphere,8,36,11,0.057,0.11
designed,1108,6',skycell,16,36,11,0.067,0.115
designed,1108,6',q3c,3,36,305,3.705,0.928
designed,828,1',skycell,1,1,4,0.082,0.044
designed,828,1',skycell-rw,1,1,4,0.059,0.018
designed,828,1',q3c,1,1,301,3.194,0.835
designed,828,1',pgsphere,1,1,6,0.065,0.062
designed,247,"1""",pgsphere,1,0,4,0.045,0.046
designed,247,"1""",q3c,1,0,300,2.834,0.675
designed,247,"1""",skycell-rw,1,0,3,0.092,0.03
designed,247,"1""",skycell,1,0,3,0.054,0.019
designed,1216,6',skycell,28,33,10,0.074,0.068
designed,1216,6',q3c,19,33,302,3.426,0.876
designed,1216,6',skycell-rw,28,33,10,0.125,0.079
designed,1216,6',pgsphere,8,33,16,0.055,0.198
designed,795,"10""",skycell-rw,1,0,3,0.082,0.026
designed,795,"10""",q3c,1,0,300,3.092,0.752
designed,795,"10""",pgsphere,1,0,5,0.065,0.05
designed,795,"10""",skycell,1,0,3,0.059,0.027
designed,1157,6',skycell,5,1,16,0.056,0.061
designed,1157,6',q3c,3,1,301,3.457,0.798
designed,1157,6',pgsphere,8,1,9,0.065,0.074
designed,1157,6',skycell-rw,5,1,8,0.121,0.063
designed,7,"1""",skycell-rw,1,0,3,0.084,0.048
designed,7,"1""",skycell,1,0,3,0.071,0.022
designed,7,"1""",pgsphere,1,0,4,0.044,0.036
designed,7,"1""",q3c,1,0,300,3.52,0.815
designed,1046,1',skycell-rw,1,3,5,0.096,0.055
designed,1046,1',pgsphere,1,3,6,0.056,0.074
designed,1046,1',skycell,1,3,5,0.046,0.025
designed,1046,1',q3c,1,3,301,3.42,0.778
designed,128,"1""",pgsphere,1,1,6,0.067,0.07
designed,128,"1""",skycell,1,1,7,0.065,0.078
designed,128,"1""",q3c,1,1,301,4.013,0.878
designed,128,"1""",skycell-rw,1,1,7,0.172,0.051
designed,1115,6',q3c,1,4,302,3.416,0.852
designed,1115,6',skycell-rw,3,4,5,0.098,0.328
designed,1115,6',pgsphere,8,4,5,0.063,0.05
designed,1115,6',skycell,3,4,4,0.059,0.038
designed,599,"10""",skycell-rw,1,0,3,0.092,0.046
designed,599,"10""",skycell,1,0,3,0.051,0.019
designed,599,"10""",q3c,1,0,300,3.802,0.813
designed,599,"10""",pgsphere,1,0,8,0.068,0.091
designed,1320,30',skycell,88,73,26,0.073,0.203
designed,1320,30',skycell-rw,91,73,23,0.156,0.105
designed,1320,30',q3c,25,73,302,4.092,0.906
designed,1320,30',pgsphere,190,73,21,0.064,0.186
designed,1139,6',skycell,3,1,4,0.069,0.074
designed,1139,6',q3c,2,1,301,3.699,0.823
designed,1139,6',skycell-rw,3,1,4,0.109,0.043
designed,1139,6',pgsphere,8,1,7,0.045,0.081
designed,1386,30',skycell,1505,1589,59,0.157,0.591
designed,1386,30',q3c,321,1589,327,3.27,1.264
designed,1386,30',pgsphere,190,1589,189,0.05,0.67
designed,1386,30',skycell-rw,1512,1589,54,0.14,0.33
designed,998,1',q3c,2,5,301,2.553,0.597
designed,998,1',skycell-rw,4,5,9,0.083,0.043
designed,998,1',pgsphere,1,5,6,0.025,0.034
designed,998,1',skycell,4,5,9,0.045,0.018
designed,1326,30',pgsphere,190,752,114,0.017,0.44
designed,1326,30',skycell-rw,435,752,34,0.077,0.831
designed,1326,30',skycell,464,752,45,0.086,0.257
designed,1326,30',q3c,372,752,319,2.425,0.766
designed,1246,6',skycell-rw,3,3,4,0.067,0.028
designed,1246,6',q3c,1,3,301,2.817,0.554
designed,1246,6',skycell,3,3,4,0.052,0.027
designed,1246,6',pgsphere,8,3,8,0.029,0.041
designed,726,"10""",pgsphere,1,1,5,0.017,0.065
designed,726,"10""",skycell,1,1,4,0.028,0.02
designed,726,"10""",skycell-rw,1,1,4,0.033,0.009
designed,726,"10""",q3c,1,1,301,2.517,0.546
designed,1135,6',skycell,4,3,5,0.052,0.03
designed,1135,6',skycell-rw,4,3,5,0.042,0.02
designed,1135,6',q3c,4,3,302,3.5,0.727
designed,1135,6',pgsphere,8,3,11,0.081,0.092
designed,31,"1""",skycell,1,0,3,0.035,0.027
designed,31,"1""",pgsphere,1,0,4,0.018,0.03
designed,31,"1""",q3c,1,0,300,2.349,0.53
designed,31,"1""",skycell-rw,1,0,3,0.073,0.025
designed,49,"1""",skycell,1,0,3,0.03,0.028
designed,49,"1""",skycell-rw,1,0,3,0.03,0.007
designed,49,"1""",pgsphere,1,0,4,0.02,0.027
designed,49,"1""",q3c,1,0,300,2.848,0.597
designed,6,"1""",q3c,1,1,301,2.559,0.573
designed,6,"1""",pgsphere,1,1,5,0.047,0.046
designed,6,"1""",skycell-rw,1,1,4,0.054,0.023
designed,6,"1""",skycell,1,1,4,0.029,0.013
designed,121,"1""",q3c,1,0,300,2.644,0.519
designed,121,"1""",skycell-rw,1,0,3,0.069,0.023
designed,121,"1""",skycell,1,0,3,0.031,0.012
designed,121,"1""",pgsphere,1,0,5,0.02,0.041
designed,561,"10""",skycell,1,0,6,0.019,0.013
designed,561,"10""",q3c,1,0,300,2.687,0.549
designed,561,"10""",skycell-rw,1,0,6,0.08,0.026
designed,561,"10""",pgsphere,1,0,5,0.026,0.031
designed,688,"10""",skycell,1,1,4,0.027,0.028
designed,688,"10""",pgsphere,1,1,6,0.017,0.041
designed,688,"10""",q3c,1,1,301,2.746,0.537
designed,688,"10""",skycell-rw,1,1,4,0.083,0.035
designed,280,"1""",q3c,1,1,301,2.789,0.596
designed,280,"1""",skycell,1,1,4,0.056,0.039
designed,280,"1""",skycell-rw,1,1,4,0.065,0.021
designed,280,"1""",pgsphere,1,1,5,0.036,0.039
designed,1131,6',q3c,2,2,301,2.883,0.562
designed,1131,6',pgsphere,8,2,5,0.047,0.046
designed,1131,6',skycell,3,2,4,0.037,0.027
designed,1131,6',skycell-rw,3,2,4,0.033,0.092
designed,1092,1',skycell,1,2,5,0.025,0.034
designed,1092,1',skycell-rw,1,2,5,0.03,0.013
designed,1092,1',pgsphere,1,2,7,0.016,0.041
designed,1092,1',q3c,1,2,301,2.787,0.625
designed,1384,30',skycell-rw,92,77,10,0.164,0.075
designed,1384,30',skycell,91,77,14,0.045,0.038
designed,1384,30',pgsphere,190,77,15,0.023,0.077
designed,1384,30',q3c,45,77,303,2.53,0.589
designed,986,1',skycell-rw,2,5,5,0.07,0.043
designed,986,1',q3c,2,5,301,2.545,0.55
designed,986,1',skycell,2,5,5,0.06,0.04
designed,986,1',pgsphere,1,5,6,0.037,0.046
designed,639,"10""",skycell-rw,1,0,6,0.056,0.024
designed,639,"10""",skycell,1,0,6,0.02,0.008
designed,639,"10""",pgsphere,1,0,5,0.019,0.03
designed,639,"10""",q3c,1,0,300,2.558,0.586
designed,58,"1""",q3c,1,1,301,2.645,0.657
designed,58,"1""",pgsphere,1,1,7,0.052,0.065
designed,58,"1""",skycell,1,1,4,0.035,0.022
designed,58,"1""",skycell-rw,1,1,4,0.033,0.009
designed,736,"10""",q3c,1,1,301,2.408,0.567
designed,736,"10""",skycell-rw,1,1,7,0.112,0.066
designed,736,"10""",skycell,1,1,8,0.066,0.033
designed,736,"10""",pgsphere,1,1,7,0.048,0.056
designed,1398,30',q3c,576,2926,354,3.345,1.412
designed,1398,30',skycell,2717,2926,99,0.115,0.691
designed,1398,30',pgsphere,190,2926,250,0.04,0.866
designed,1398,30',skycell-rw,2733,2926,77,0.159,0.597
designed,815,1',pgsphere,1,0,6,0.039,0.071
designed,815,1',skycell,1,0,7,0.055,0.028
designed,815,1',q3c,1,0,300,2.76,0.563
designed,815,1',skycell-rw,1,0,8,0.121,0.436
designed,1053,1',pgsphere,1,0,4,0.044,0.031
designed,1053,1',skycell-rw,1,0,8,0.062,0.25
designed,1053,1',q3c,1,0,300,2.722,0.589
designed,1053,1',skycell,1,0,7,0.058,0.028
designed,603,"10""",q3c,1,0,300,2.916,0.566
designed,603,"10""",skycell-rw,1,0,4,0.071,0.028
designed,603,"10""",pgsphere,1,0,4,0.028,0.028
designed,603,"10""",skycell,1,0,4,0.022,0.011
designed,1068,1',pgsphere,1,2,7,0.019,0.055
designed,1068,1',q3c,1,2,302,2.468,0.565
designed,1068,1',skycell,1,2,5,0.059,0.039
designed,1068,1',skycell-rw,1,2,5,0.044,0.015
designed,1337,30',skycell,87,81,10,0.04,0.069
designed,1337,30',q3c,135,81,304,2.418,0.637
designed,1337,30',pgsphere,190,81,21,0.051,0.105
designed,1337,30',skycell-rw,88,81,14,0.079,0.57
designed,550,"10""",q3c,1,1,301,2.755,0.616
designed,550,"10""",pgsphere,1,1,8,0.065,0.09
designed,550,"10""",skycell,1,1,4,0.101,0.035
designed,550,"10""",skycell-rw,1,1,4,0.064,0.02
designed,319,"1""",q3c,1,0,300,3.579,0.551
designed,319,"1""",pgsphere,1,0,4,0.052,0.037
designed,319,"1""",skycell,1,0,3,0.045,0.023
designed,319,"1""",skycell-rw,1,0,3,0.036,0.009
designed,1307,30',pgsphere,190,103,24,0.021,0.105
designed,1307,30',q3c,128,103,304,2.403,0.629
designed,1307,30',skycell,161,103,21,0.073,0.088
designed,1307,30',skycell-rw,170,103,20,0.078,0.481
designed,1162,6',pgsphere,8,3,8,0.05,0.06
designed,1162,6',skycell-rw,3,3,4,0.084,0.027
designed,1162,6',q3c,2,3,301,2.598,0.577
designed,1162,6',skycell,3,3,4,0.058,0.033
designed,798,"10""",skycell,1,1,4,0.029,0.027
designed,798,"10""",pgsphere,1,1,6,0.027,0.042
designed,798,"10""",q3c,1,1,301,2.694,0.567
designed,798,"10""",skycell-rw,1,1,4,0.073,0.028
designed,829,1',q3c,1,1,301,2.673,0.604
designed,829,1',skycell-rw,1,1,8,0.087,0.057
designed,829,1',pgsphere,1,1,6,0.035,0.035
designed,829,1',skycell,1,1,8,0.027,0.017
designed,1061,1',skycell,1,0,7,0.018,0.026
designed,1061,1',pgsphere,1,0,7,0.018,0.04
designed,1061,1',skycell-rw,1,0,8,0.045,0.505
designed,1061,1',q3c,1,0,301,2.935,0.591
designed,390,"1""",q3c,1,1,301,2.603,0.586
designed,390,"1""",skycell-rw,1,1,4,0.075,0.04
designed,390,"1""",pgsphere,1,1,5,0.029,0.033
designed,390,"1""",skycell,1,1,4,0.031,0.016
designed,765,"10""",pgsphere,1,0,6,0.02,0.034
designed,765,"10""",skycell,1,0,6,0.019,0.013
designed,765,"10""",skycell-rw,1,0,6,0.041,0.013
designed,765,"10""",q3c,1,0,300,3.072,0.812
designed,478,"10""",pgsphere,1,1,8,0.06,0.072
designed,478,"10""",skycell,1,1,4,0.045,0.026
designed,478,"10""",skycell-rw,1,1,4,0.038,0.011
designed,478,"10""",q3c,1,1,301,2.341,0.634
designed,467,"10""",q3c,1,0,300,2.656,0.623
designed,467,"10""",skycell-rw,1,0,6,0.09,0.033
designed,467,"10""",skycell,1,0,6,0.033,0.011
designed,467,"10""",pgsphere,1,0,8,0.022,0.045
designed,1335,30',pgsphere,190,311,43,0.017,0.257
designed,1335,30',skycell-rw,299,311,24,0.079,0.145
designed,1335,30',skycell,297,311,24,0.034,0.115
designed,1335,30',q3c,333,311,309,2.408,0.67
designed,313,"1""",skycell,1,0,3,0.07,0.033
designed,313,"1""",skycell-rw,1,0,3,0.109,0.02
designed,313,"1""",pgsphere,1,0,4,0.037,0.042
designed,313,"1""",q3c,1,0,300,2.638,0.551
designed,1117,6',q3c,19,11,302,2.724,0.628
designed,1117,6',skycell-rw,13,11,5,0.075,0.276
designed,1117,6',pgsphere,8,11,11,0.04,0.05
designed,1117,6',skycell,13,11,4,0.033,0.021
designed,892,1',q3c,1,1,301,2.68,0.527
designed,892,1',pgsphere,1,1,6,0.068,0.061
designed,892,1',skycell-rw,1,1,4,0.08,0.036
designed,892,1',skycell,1,1,4,0.054,0.027
designed,712,"10""",pgsphere,1,15,6,0.049,0.071
designed,712,"10""",skycell-rw,1,15,8,0.051,0.066
designed,712,"10""",q3c,1,15,302,3.1,0.782
designed,712,"10""",skycell,1,15,8,0.057,0.07
designed,468,"10""",skycell-rw,1,2,4,0.046,0.02
designed,468,"10""",skycell,1,2,4,0.019,0.01
designed,468,"10""",q3c,1,2,301,2.958,0.598
designed,468,"10""",pgsphere,1,2,6,0.054,0.045
designed,103,"1""",q3c,1,0,300,2.501,0.587
designed,103,"1""",skycell,1,0,3,0.056,0.038
designed,103,"1""",skycell-rw,1,0,3,0.042,0.01
designed,103,"1""",pgsphere,1,0,7,0.02,0.047
designed,1018,1',skycell,1,3,4,0.03,0.03
designed,1018,1',q3c,1,3,301,2.398,0.586
designed,1018,1',pgsphere,1,3,6,0.051,0.048
designed,1018,1',skycell-rw,1,3,4,0.048,0.023
designed,921,1',skycell-rw,1,0,8,0.134,0.577
designed,921,1',pgsphere,1,0,5,0.079,0.047
designed,921,1',skycell,1,0,7,0.035,0.023
designed,921,1',q3c,1,0,300,2.502,0.604
designed,1213,6',skycell-rw,3,2,5,0.073,0.081
designed,1213,6',skycell,3,2,8,0.038,0.028
designed,1213,6',pgsphere,8,2,7,0.023,0.047
designed,1213,6',q3c,2,2,301,2.743,0.538
designed,955,1',q3c,1,0,300,2.408,0.63
designed,955,1',skycell-rw,1,0,4,0.095,0.037
designed,955,1',skycell,1,0,4,0.048,0.02
designed,955,1',pgsphere,1,0,5,0.033,0.043
designed,620,"10""",skycell,1,1,4,0.045,0.038
designed,620,"10""",skycell-rw,1,1,4,0.059,0.016
designed,620,"10""",pgsphere,1,1,5,0.031,0.052
designed,620,"10""",q3c,1,1,301,3.053,0.575
designed,695,"10""",pgsphere,1,0,4,0.06,0.04
designed,695,"10""",skycell-rw,1,0,3,0.126,0.028
designed,695,"10""",q3c,1,0,300,2.563,0.595
designed,695,"10""",skycell,1,0,3,0.096,0.035
designed,498,"10""",pgsphere,1,1,7,0.042,0.056
designed,498,"10""",skycell,1,1,4,0.029,0.02
designed,498,"10""",q3c,1,1,301,2.842,0.691
designed,498,"10""",skycell-rw,1,1,4,0.082,0.03
designed,782,"10""",q3c,1,1,301,2.492,0.588
designed,782,"10""",skycell,1,1,4,0.058,0.043
designed,782,"10""",skycell-rw,1,1,4,0.043,0.012
designed,782,"10""",pgsphere,1,1,5,0.019,0.035
designed,786,"10""",pgsphere,1,1,5,0.014,0.025
designed,786,"10""",q3c,1,1,301,4.061,0.796
designed,786,"10""",skycell,1,1,4,0.08,0.043
designed,786,"10""",skycell-rw,1,1,4,0.077,0.034
designed,1057,1',q3c,1,0,300,3.786,0.883
designed,1057,1',skycell,1,0,4,0.12,0.054
designed,1057,1',pgsphere,1,0,5,0.046,0.041
designed,1057,1',skycell-rw,1,0,4,0.061,0.018
designed,787,"10""",pgsphere,1,0,4,0.032,0.056
designed,787,"10""",skycell-rw,1,0,3,0.081,0.041
designed,787,"10""",q3c,1,0,300,3.422,0.611
designed,787,"10""",skycell,1,0,3,0.087,0.027
designed,1118,6',skycell,106,107,21,0.044,0.068
designed,1118,6',pgsphere,8,107,24,0.024,0.087
designed,1118,6',q3c,22,107,307,2.864,0.638
designed,1118,6',skycell-rw,107,107,21,0.116,0.117
designed,703,"10""",skycell-rw,1,0,3,0.045,0.03
designed,703,"10""",pgsphere,1,0,3,0.058,0.025
designed,703,"10""",q3c,1,0,300,2.77,0.658
designed,703,"10""",skycell,1,0,3,0.058,0.024
designed,1412,1deg,skycell-rw,270,265,23,0.086,0.147
designed,1412,1deg,skycell,270,265,30,0.068,0.089
designed,1412,1deg,q3c,148,265,315,2.583,0.65
designed,1412,1deg,pgsphere,761,265,38,0.051,0.159
designed,370,"1""",q3c,1,1,301,2.399,0.584
designed,370,"1""",skycell-rw,1,1,4,0.074,0.029
designed,370,"1""",pgsphere,1,1,6,0.025,0.031
designed,370,"1""",skycell,1,1,4,0.023,0.011
designed,1377,30',q3c,90,63,304,2.69,0.605
designed,1377,30',pgsphere,190,63,28,0.053,0.116
designed,554,"10""",q3c,1,1,301,2.457,0.573
designed,1377,30',skycell,87,63,15,0.05,0.051
designed,1377,30',skycell-rw,89,63,11,0.101,0.052
designed,1287,6',skycell-rw,6,7,4,0.039,0.031
designed,1287,6',pgsphere,8,7,5,0.02,0.03
designed,1287,6',q3c,2,7,301,2.323,0.562
designed,1287,6',skycell,6,7,4,0.055,0.031
designed,1283,6',pgsphere,8,4,8,0.083,0.044
designed,1283,6',q3c,1,4,302,2.618,0.579
designed,1283,6',skycell-rw,3,4,4,0.075,0.03
designed,1283,6',skycell,3,4,4,0.025,0.012
designed,138,"1""",q3c,1,1,301,2.799,0.592
designed,138,"1""",pgsphere,1,1,6,0.049,0.05
designed,138,"1""",skycell-rw,1,1,7,0.062,0.028
designed,138,"1""",skycell,1,1,7,0.022,0.048
designed,830,1',pgsphere,1,2,6,0.021,0.047
designed,830,1',q3c,1,2,302,2.465,0.615
designed,830,1',skycell-rw,1,2,8,0.09,0.065
designed,830,1',skycell,1,2,8,0.035,0.017
designed,1231,6',q3c,1,1,301,2.268,0.579
designed,1231,6',pgsphere,8,1,5,0.061,0.056
designed,1231,6',skycell,5,1,4,0.039,0.032
designed,1231,6',skycell-rw,5,1,4,0.037,0.012
designed,1447,3deg,pgsphere,6851,2340,93,0.018,0.753
designed,1447,3deg,q3c,1246,2340,395,3.124,1.632
designed,1447,3deg,skycell-rw,3240,2340,86,0.241,1.88
designed,1447,3deg,skycell,3230,2340,100,0.116,0.466
designed,1348,30',q3c,72,63,305,2.861,0.619
designed,1348,30',skycell-rw,68,63,12,0.09,0.085
designed,1348,30',pgsphere,190,63,21,0.034,0.086
designed,1348,30',skycell,68,63,20,0.037,0.047
designed,1190,6',q3c,1,2,301,2.656,0.551
designed,1190,6',skycell,4,2,9,0.075,0.036
designed,1190,6',skycell-rw,4,2,9,0.054,0.024
designed,1190,6',pgsphere,8,2,8,0.025,0.04
designed,275,"1""",skycell-rw,1,0,3,0.036,0.016
designed,275,"1""",q3c,1,0,300,2.28,0.58
designed,275,"1""",skycell,1,0,3,0.057,0.024
designed,275,"1""",pgsphere,1,0,4,0.026,0.028
designed,225,"1""",pgsphere,1,0,5,0.015,0.03
designed,225,"1""",skycell,1,0,3,0.019,0.014
designed,225,"1""",skycell-rw,1,0,3,0.064,0.009
designed,225,"1""",q3c,1,0,300,2.722,0.615
designed,1269,6',skycell-rw,3,3,5,0.07,0.052
designed,1269,6',q3c,2,3,301,2.937,0.57
designed,1269,6',pgsphere,8,3,6,0.048,0.041
designed,1269,6',skycell,3,3,9,0.039,0.025
designed,1084,1',skycell-rw,1,1,5,0.044,0.021
designed,1084,1',pgsphere,1,1,5,0.017,0.039
designed,1084,1',skycell,1,1,5,0.018,0.01
designed,1084,1',q3c,1,1,301,2.439,0.541
designed,985,1',pgsphere,1,0,4,0.048,0.051
designed,985,1',q3c,1,0,300,2.642,0.515
designed,985,1',skycell-rw,1,0,4,0.072,0.029
designed,985,1',skycell,1,0,4,0.034,0.014
designed,1173,6',skycell,3,3,8,0.021,0.048
designed,1173,6',q3c,1,3,301,2.654,0.669
designed,1173,6',skycell-rw,3,3,8,0.089,0.056
designed,1173,6',pgsphere,8,3,7,0.029,0.052
designed,738,"10""",skycell-rw,1,1,4,0.041,0.026
designed,738,"10""",skycell,1,1,4,0.019,0.009
designed,738,"10""",pgsphere,1,1,6,0.03,0.044
designed,738,"10""",q3c,1,1,301,2.521,0.569
designed,277,"1""",skycell-rw,1,0,6,0.084,0.04
designed,277,"1""",q3c,1,0,300,2.297,0.635
designed,277,"1""",pgsphere,1,0,6,0.05,0.042
designed,277,"1""",skycell,1,0,6,0.036,0.016
designed,72,"1""",pgsphere,1,1,6,0.018,0.05
designed,72,"1""",skycell-rw,1,1,4,0.034,0.016
designed,72,"1""",skycell,1,1,4,0.022,0.011
designed,72,"1""",q3c,1,1,301,2.972,0.535
designed,2,"1""",skycell-rw,1,1,4,0.1,0.043
designed,2,"1""",skycell,1,1,4,0.044,0.013
designed,2,"1""",pgsphere,1,1,6,0.022,0.063
designed,2,"1""",q3c,1,1,301,2.359,0.624
designed,526,"10""",skycell-rw,1,1,4,0.069,0.034
designed,526,"10""",skycell,1,1,4,0.024,0.01
designed,526,"10""",pgsphere,1,1,6,0.05,0.041
designed,325,"1""",skycell-rw,1,0,6,0.562,0.026
designed,325,"1""",skycell,1,0,6,0.04,0.011
designed,325,"1""",pgsphere,1,0,6,0.021,0.042
designed,325,"1""",q3c,1,0,300,2.765,0.557
designed,71,"1""",skycell,1,0,3,0.055,0.021
designed,71,"1""",pgsphere,1,0,5,0.026,0.035
designed,71,"1""",skycell-rw,1,0,3,0.034,0.009
designed,71,"1""",q3c,1,0,300,2.467,0.515
designed,123,"1""",pgsphere,1,0,5,0.049,0.069
designed,123,"1""",skycell,1,0,3,0.036,0.026
designed,123,"1""",skycell-rw,1,0,3,0.033,0.007
designed,123,"1""",q3c,1,0,300,2.622,0.554
designed,1086,1',skycell,1,2,4,0.054,0.041
designed,1086,1',q3c,1,2,301,2.441,0.595
designed,1086,1',pgsphere,1,2,6,0.049,0.044
designed,1086,1',skycell-rw,1,2,4,0.051,0.022
designed,305,"1""",skycell-rw,1,0,6,0.043,0.021
designed,305,"1""",skycell,1,0,6,0.019,0.008
designed,305,"1""",pgsphere,1,0,4,0.02,0.023
designed,305,"1""",q3c,1,0,300,2.503,0.695
designed,627,"10""",pgsphere,1,0,4,0.047,0.038
designed,627,"10""",skycell-rw,1,0,6,0.057,0.021
designed,627,"10""",q3c,1,0,300,2.689,0.59
designed,627,"10""",skycell,1,0,6,0.056,0.029
designed,440,"10""",pgsphere,1,1,6,0.031,0.04
designed,440,"10""",skycell-rw,1,1,4,0.036,0.019
designed,440,"10""",skycell,1,1,4,0.016,0.009
designed,440,"10""",q3c,1,1,301,2.729,0.652
designed,345,"1""",q3c,1,0,300,2.866,0.53
designed,345,"1""",pgsphere,1,0,4,0.052,0.034
designed,345,"1""",skycell,1,0,3,0.033,0.016
designed,345,"1""",skycell-rw,1,0,3,0.035,0.009
designed,792,"10""",skycell-rw,1,1,7,0.049,0.027
designed,792,"10""",q3c,1,1,301,2.497,0.672
designed,792,"10""",pgsphere,1,1,5,0.048,0.038
designed,792,"10""",skycell,1,1,8,0.036,0.023
designed,552,"10""",pgsphere,1,1,12,0.02,0.056
designed,552,"10""",q3c,1,1,301,2.714,0.512
designed,552,"10""",skycell,1,1,7,0.051,0.028
designed,552,"10""",skycell-rw,1,1,7,0.075,0.052
designed,215,"1""",pgsphere,1,0,7,0.027,0.048
designed,215,"1""",q3c,1,0,300,2.851,0.52
designed,215,"1""",skycell,1,0,3,0.05,0.022
designed,215,"1""",skycell-rw,1,0,3,0.037,0.009
designed,977,1',pgsphere,1,1,7,0.066,0.052
designed,977,1',skycell,1,1,4,0.024,0.024
designed,977,1',skycell-rw,1,1,4,0.029,0.009
designed,977,1',q3c,1,1,301,2.356,0.542
designed,849,1',skycell-rw,1,0,4,0.064,0.032
designed,849,1',skycell,1,0,4,0.024,0.01
designed,849,1',q3c,1,0,300,3.041,0.512
designed,849,1',pgsphere,1,0,7,0.044,0.044
designed,861,1',q3c,1,0,300,2.729,0.535
designed,861,1',skycell-rw,1,0,4,0.069,0.027
designed,861,1',skycell,1,0,4,0.026,0.01
designed,861,1',pgsphere,1,0,6,0.019,0.035
designed,976,1',skycell-rw,1,3,4,0.03,0.023
designed,976,1',skycell,1,3,4,0.026,0.014
designed,976,1',q3c,1,3,301,2.571,0.787
designed,976,1',pgsphere,1,3,5,0.089,0.097
designed,936,1',q3c,1,5,302,2.684,0.645
designed,936,1',skycell-rw,1,5,4,0.076,0.037
designed,936,1',skycell,1,5,4,0.082,0.023
designed,936,1',pgsphere,1,5,7,0.026,0.06
designed,749,"10""",q3c,1,0,300,2.301,0.577
designed,749,"10""",skycell,1,0,6,0.06,0.033
designed,749,"10""",pgsphere,1,0,4,0.027,0.028
designed,749,"10""",skycell-rw,1,0,6,0.046,0.015
designed,719,"10""",skycell,1,0,3,0.028,0.028
designed,719,"10""",pgsphere,1,0,5,0.019,0.03
designed,719,"10""",q3c,1,0,300,2.631,0.543
designed,719,"10""",skycell-rw,1,0,3,0.075,0.031
designed,1249,6',skycell,16,11,5,0.038,0.043
designed,1249,6',pgsphere,8,11,10,0.023,0.061
designed,1249,6',q3c,3,11,302,2.498,0.541
designed,1249,6',skycell-rw,16,11,5,0.074,0.074
designed,689,"10""",pgsphere,1,0,6,0.045,0.054
designed,689,"10""",skycell,1,0,4,0.034,0.021
designed,689,"10""",skycell-rw,1,0,4,0.032,0.008
designed,689,"10""",q3c,1,0,300,2.605,0.515
designed,808,1',skycell,1,3,16,0.058,0.037
designed,808,1',pgsphere,1,3,7,0.026,0.048
designed,808,1',q3c,1,3,301,2.426,0.555
designed,808,1',skycell-rw,1,3,10,0.131,0.517
designed,106,"1""",skycell,1,1,4,0.044,0.021
designed,106,"1""",pgsphere,1,1,6,0.031,0.037
designed,106,"1""",skycell-rw,1,1,4,0.037,0.013
designed,106,"1""",q3c,1,1,301,2.429,0.565
designed,510,"10""",q3c,1,1,301,2.415,0.587
designed,510,"10""",pgsphere,1,1,5,0.05,0.039
designed,510,"10""",skycell,1,1,4,0.033,0.022
designed,510,"10""",skycell-rw,1,1,4,0.032,0.009
designed,1371,30',pgsphere,190,77,18,0.016,0.089
designed,1371,30',q3c,20,77,302,2.616,0.57
designed,1371,30',skycell,72,77,18,0.06,0.107
designed,1371,30',skycell-rw,72,77,12,0.076,0.058
designed,362,"1""",q3c,1,1,301,2.362,0.57
designed,362,"1""",skycell-rw,1,1,4,0.083,0.028
designed,362,"1""",skycell,1,1,4,0.028,0.01
designed,362,"1""",pgsphere,1,1,7,0.019,0.033
designed,342,"1""",q3c,1,1,301,2.223,0.605
designed,342,"1""",skycell,1,1,4,0.056,0.039
designed,342,"1""",pgsphere,1,1,5,0.027,0.03
designed,342,"1""",skycell-rw,1,1,4,0.036,0.01
designed,551,"10""",skycell,1,0,4,0.018,0.027
designed,551,"10""",skycell-rw,1,0,4,0.062,0.01
designed,551,"10""",q3c,1,0,300,2.641,0.596
designed,551,"10""",pgsphere,1,0,4,0.048,0.044
designed,585,"10""",skycell,1,0,3,0.036,0.017
designed,585,"10""",pgsphere,1,0,4,0.017,0.02
designed,585,"10""",q3c,1,0,300,2.464,0.513
designed,585,"10""",skycell-rw,1,0,3,0.147,0.025
designed,304,"1""",q3c,1,1,301,2.228,0.585
designed,304,"1""",skycell-rw,1,1,7,0.089,0.037
designed,304,"1""",pgsphere,1,1,6,0.029,0.043
designed,304,"1""",skycell,1,1,7,0.03,0.018
designed,1113,6',skycell-rw,3,2,4,0.054,0.069
designed,1113,6',skycell,3,2,4,0.04,0.018
designed,1113,6',pgsphere,8,2,6,0.021,0.03
designed,1113,6',q3c,2,2,301,2.547,0.555
designed,447,"10""",pgsphere,1,0,5,0.05,0.052
designed,447,"10""",skycell,1,0,6,0.035,0.017
designed,447,"10""",q3c,1,0,300,2.49,0.525
designed,447,"10""",skycell-rw,1,0,6,0.086,0.028
designed,1024,1',skycell-rw,1,1,4,0.078,0.045
designed,1024,1',skycell,1,1,4,0.026,0.023
designed,1024,1',q3c,1,1,301,2.458,0.612
designed,1024,1',pgsphere,1,1,5,0.05,0.064
designed,1306,30',skycell-rw,1431,1632,57,0.134,0.434
designed,1306,30',pgsphere,190,1632,178,0.033,0.544
designed,1306,30',skycell,1442,1632,71,0.091,0.334
designed,1306,30',q3c,672,1632,338,2.706,1.03
designed,1357,30',skycell,70,70,19,0.064,0.078
designed,1357,30',q3c,164,70,304,2.649,0.658
designed,1357,30',skycell-rw,71,70,15,0.098,0.076
designed,1357,30',pgsphere,190,70,22,0.028,0.093
designed,214,"1""",pgsphere,1,1,5,0.021,0.023
designed,214,"1""",skycell,1,1,4,0.031,0.019
designed,214,"1""",skycell-rw,1,1,4,0.029,0.008
designed,214,"1""",q3c,1,1,301,2.648,0.532
designed,474,"10""",skycell-rw,1,1,4,0.071,0.025
designed,474,"10""",skycell,1,1,4,0.024,0.01
designed,474,"10""",q3c,1,1,301,2.377,0.547
designed,474,"10""",pgsphere,1,1,5,0.05,0.037
designed,88,"1""",pgsphere,1,1,5,0.021,0.066
designed,88,"1""",skycell,1,1,4,0.044,0.029
designed,88,"1""",q3c,1,1,301,2.581,0.595
designed,88,"1""",skycell-rw,1,1,4,0.071,0.027
designed,547,"10""",skycell,1,0,3,0.028,0.013
designed,547,"10""",pgsphere,1,0,4,0.02,0.037
designed,547,"10""",q3c,1,0,300,2.88,0.574
designed,547,"10""",skycell-rw,1,0,3,0.083,0.024
designed,1107,6',skycell,3,3,4,0.032,0.022
designed,1107,6',pgsphere,8,3,6,0.05,0.053
designed,1107,6',skycell-rw,3,3,4,0.06,0.025
designed,473,"10""",skycell,1,0,3,0.03,0.014
designed,473,"10""",pgsphere,1,0,5,0.018,0.026
designed,473,"10""",skycell-rw,1,0,3,0.028,0.007
designed,473,"10""",q3c,1,0,300,2.742,0.516
designed,48,"1""",skycell-rw,1,1,4,0.075,0.038
designed,48,"1""",q3c,1,1,301,3.312,0.808
designed,48,"1""",pgsphere,1,1,5,0.067,0.066
designed,48,"1""",skycell,1,1,4,0.05,0.029
designed,1138,6',skycell-rw,3,2,4,0.066,0.027
designed,1138,6',q3c,2,2,301,4.207,0.773
designed,1138,6',pgsphere,8,2,6,0.067,0.062
designed,1138,6',skycell,3,2,4,0.048,0.031
designed,53,"1""",skycell,1,0,3,0.046,0.017
designed,53,"1""",skycell-rw,1,0,3,0.056,0.013
designed,53,"1""",pgsphere,1,0,6,0.025,0.045
designed,53,"1""",q3c,1,0,300,3.876,0.864
designed,1430,1deg,skycell-rw,694,1294,53,0.23,1.497
designed,1430,1deg,skycell,591,1294,53,0.113,0.493
designed,1430,1deg,pgsphere,761,1294,158,0.047,0.769
designed,1430,1deg,q3c,499,1294,324,3.548,1.217
designed,1095,1',q3c,1,0,300,4.02,0.823
designed,1095,1',pgsphere,1,0,4,0.066,0.065
designed,1095,1',skycell-rw,1,0,4,0.079,0.041
designed,1095,1',skycell,1,0,4,0.031,0.013
designed,1419,1deg,skycell,318,271,36,0.047,0.195
designed,1419,1deg,q3c,103,271,312,4.334,1.007
designed,1419,1deg,pgsphere,761,271,47,0.067,0.238
designed,1419,1deg,skycell-rw,319,271,32,0.172,0.197
designed,556,"10""",skycell,1,1,4,0.056,0.038
designed,556,"10""",skycell-rw,1,1,4,0.058,0.015
designed,556,"10""",pgsphere,1,1,10,0.032,0.077
designed,556,"10""",q3c,1,1,301,4.104,0.785
designed,715,"10""",q3c,1,0,300,4.141,0.777
designed,715,"10""",skycell,1,0,3,0.067,0.028
designed,715,"10""",skycell-rw,1,0,3,0.104,0.077
designed,715,"10""",pgsphere,1,0,5,0.048,0.048
designed,320,"1""",skycell-rw,1,1,4,0.077,0.055
designed,320,"1""",q3c,1,1,301,3.97,0.757
designed,320,"1""",skycell,1,1,4,0.073,0.037
designed,320,"1""",pgsphere,1,1,6,0.052,0.064
designed,684,"10""",skycell-rw,1,1,4,0.066,0.067
designed,684,"10""",q3c,1,1,301,3.412,1.065
designed,684,"10""",skycell,1,1,4,0.075,0.038
designed,684,"10""",pgsphere,1,1,5,0.04,0.043
designed,1275,6',pgsphere,8,61,14,0.028,0.109
designed,1275,6',q3c,10,61,302,3.385,0.823
designed,1275,6',skycell,38,61,8,0.081,0.117
designed,1275,6',skycell-rw,39,61,8,0.07,0.079
designed,763,"10""",q3c,1,0,300,4.148,0.744
designed,763,"10""",skycell-rw,1,0,4,0.11,0.036
designed,763,"10""",skycell,1,0,4,0.042,0.018
designed,763,"10""",pgsphere,1,0,4,0.03,0.035
designed,1141,6',skycell-rw,8,8,5,0.145,0.054
designed,1141,6',skycell,8,8,5,0.039,0.025
designed,1141,6',q3c,4,8,301,3.928,0.831
designed,1141,6',pgsphere,8,8,7,0.068,0.082
designed,1410,1deg,skycell-rw,257,306,24,0.158,0.258
designed,1410,1deg,pgsphere,761,306,39,0.04,0.219
designed,1410,1deg,q3c,115,306,306,3.781,0.933
designed,1410,1deg,skycell,256,306,24,0.122,0.195
designed,824,1',skycell-rw,1,2,6,0.07,0.054
designed,824,1',q3c,1,2,301,3.804,0.848
designed,824,1',skycell,1,2,5,0.055,0.033
designed,824,1',pgsphere,1,2,7,0.03,0.042
designed,622,"10""",q3c,1,1,301,2.914,0.607
designed,622,"10""",skycell,1,1,7,0.055,0.04
designed,622,"10""",pgsphere,1,1,7,0.028,0.042
designed,622,"10""",skycell-rw,1,1,7,0.058,0.018
designed,1279,6',q3c,1,0,301,2.378,0.586
designed,1279,6',skycell-rw,3,0,6,0.067,0.276
designed,1279,6',skycell,3,0,5,0.041,0.02
designed,1279,6',pgsphere,8,0,6,0.023,0.034
designed,255,"1""",skycell-rw,1,0,3,0.035,0.023
designed,255,"1""",q3c,1,0,300,2.584,0.567
designed,255,"1""",skycell,1,0,3,0.049,0.053
designed,255,"1""",pgsphere,1,0,7,0.034,0.051
designed,185,"1""",q3c,1,0,300,2.392,0.671
designed,185,"1""",pgsphere,1,0,5,0.046,0.037
designed,185,"1""",skycell,1,0,3,0.031,0.018
designed,185,"1""",skycell-rw,1,0,3,0.035,0.008
designed,68,"1""",skycell,1,1,4,0.048,0.021
designed,68,"1""",pgsphere,1,1,8,0.019,0.066
designed,68,"1""",skycell-rw,1,1,4,0.035,0.011
designed,68,"1""",q3c,1,1,301,2.369,0.61
designed,353,"1""",q3c,1,0,300,2.902,0.619
designed,353,"1""",pgsphere,1,0,4,0.071,0.089
designed,353,"1""",skycell,1,0,6,0.041,0.02
designed,353,"1""",skycell-rw,1,0,6,0.047,0.013
designed,504,"10""",q3c,1,1,301,2.292,0.584
designed,504,"10""",pgsphere,1,1,5,0.047,0.055
designed,504,"10""",skycell,1,1,8,0.039,0.033
designed,504,"10""",skycell-rw,1,1,7,0.057,0.021
designed,591,"10""",q3c,1,0,300,2.228,0.595
designed,591,"10""",pgsphere,1,0,6,0.045,0.053
designed,591,"10""",skycell-rw,1,0,3,0.05,0.025
designed,591,"10""",skycell,1,0,3,0.025,0.009
designed,292,"1""",pgsphere,1,1,5,0.018,0.028
designed,292,"1""",q3c,1,1,301,2.648,0.594
designed,292,"1""",skycell-rw,1,1,7,0.079,0.033
designed,292,"1""",skycell,1,1,7,0.027,0.013
designed,982,1',skycell-rw,5,7,4,0.042,0.035
designed,982,1',q3c,1,7,302,2.618,0.647
designed,982,1',pgsphere,1,7,7,0.044,0.048
designed,982,1',skycell,5,7,4,0.04,0.027
designed,916,1',pgsphere,1,1,10,0.02,0.068
designed,916,1',skycell,1,1,4,0.023,0.018
designed,916,1',q3c,1,1,301,2.37,0.531
designed,916,1',skycell-rw,1,1,4,0.067,0.028
designed,341,"1""",q3c,1,0,300,2.79,0.571
designed,341,"1""",skycell-rw,1,0,3,0.067,0.033
designed,341,"1""",skycell,1,0,3,0.032,0.012
designed,341,"1""",pgsphere,1,0,4,0.023,0.022
designed,290,"1""",q3c,1,1,301,2.522,0.533
designed,290,"1""",pgsphere,1,1,9,0.045,0.054
designed,290,"1""",skycell-rw,1,1,4,0.045,0.019
designed,290,"1""",skycell,1,1,4,0.022,0.011
designed,1020,1',skycell,1,1,4,0.017,0.016
designed,1020,1',q3c,1,1,301,2.683,0.57
designed,1020,1',skycell-rw,1,1,4,0.068,0.027
designed,1020,1',pgsphere,1,1,6,0.023,0.032
designed,1004,1',q3c,1,1,301,3,0.573
designed,1004,1',skycell-rw,1,1,4,0.067,0.029
designed,1004,1',pgsphere,1,1,6,0.03,0.032
designed,1004,1',skycell,1,1,4,0.027,0.013
designed,574,"10""",q3c,1,1,301,2.766,0.538
designed,574,"10""",skycell,1,1,7,0.051,0.027
designed,574,"10""",pgsphere,1,1,5,0.027,0.041
designed,574,"10""",skycell-rw,1,1,7,0.052,0.019
designed,988,1',q3c,1,1,301,2.613,0.6
designed,988,1',skycell-rw,1,1,4,0.065,0.036
designed,988,1',skycell,1,1,4,0.026,0.013
designed,988,1',pgsphere,1,1,5,0.022,0.038
designed,435,"10""",skycell-rw,1,0,4,0.032,0.016
designed,435,"10""",skycell,1,0,4,0.023,0.01
designed,435,"10""",q3c,1,0,300,2.324,0.601
designed,435,"10""",pgsphere,1,0,4,0.043,0.033
designed,1013,1',skycell-rw,1,1,5,0.047,0.038
designed,1013,1',q3c,1,1,302,2.46,0.55
designed,1013,1',skycell,1,1,5,0.057,0.06
designed,1013,1',pgsphere,1,1,5,0.032,0.038
designed,794,"10""",pgsphere,1,1,5,0.018,0.037
designed,794,"10""",skycell,1,1,7,0.025,0.029
designed,794,"10""",skycell-rw,1,1,7,0.046,0.016
designed,794,"10""",q3c,1,1,301,2.442,0.597
designed,1426,1deg,skycell-rw,482,302,27,0.111,0.559
designed,1426,1deg,skycell,491,302,36,0.076,0.095
designed,1426,1deg,q3c,246,302,306,2.676,0.627
designed,1426,1deg,pgsphere,761,302,40,0.05,0.181
designed,554,"10""",skycell-rw,1,1,4,0.054,0.037
designed,554,"10""",pgsphere,1,1,7,0.024,0.039
designed,554,"10""",skycell,1,1,4,0.064,0.029
designed,633,"10""",q3c,1,0,300,2.851,0.545
designed,633,"10""",skycell-rw,1,0,3,0.067,0.029
designed,633,"10""",pgsphere,1,0,6,0.026,0.032
designed,633,"10""",skycell,1,0,3,0.024,0.009
designed,34,"1""",skycell-rw,1,1,4,0.034,0.019
designed,34,"1""",q3c,1,1,301,2.369,0.559
designed,34,"1""",pgsphere,1,1,6,0.044,0.04
designed,34,"1""",skycell,1,1,4,0.031,0.02
designed,127,"1""",skycell-rw,1,0,3,0.037,0.014
designed,127,"1""",q3c,1,0,300,2.324,0.522
designed,127,"1""",pgsphere,1,0,8,0.044,0.079
designed,127,"1""",skycell,1,0,3,0.037,0.017
designed,1221,6',pgsphere,8,0,5,0.02,0.028
designed,1221,6',skycell,3,0,4,0.019,0.019
designed,1221,6',skycell-rw,3,0,4,0.045,0.016
designed,1221,6',q3c,2,0,301,2.701,0.547
designed,421,"10""",q3c,1,0,300,2.249,0.548
designed,421,"10""",skycell-rw,1,0,3,0.067,0.033
designed,421,"10""",pgsphere,1,0,7,0.032,0.049
designed,421,"10""",skycell,1,0,3,0.029,0.012
designed,1034,1',skycell-rw,1,2,4,0.033,0.018
designed,1034,1',pgsphere,1,2,7,0.017,0.037
designed,1034,1',skycell,1,2,4,0.018,0.011
designed,1034,1',q3c,1,2,301,2.516,0.617
designed,1091,1',skycell-rw,1,0,7,0.095,0.046
designed,1091,1',skycell,1,0,8,0.065,0.014
designed,1091,1',pgsphere,1,0,4,0.021,0.024
designed,1091,1',q3c,1,0,300,2.554,0.646
designed,439,"10""",q3c,1,0,300,2.626,0.563
designed,439,"10""",skycell-rw,1,0,6,0.15,0.042
designed,439,"10""",skycell,1,0,6,0.039,0.011
designed,439,"10""",pgsphere,1,0,7,0.021,0.041
designed,54,"1""",skycell-rw,1,1,4,0.034,0.02
designed,54,"1""",pgsphere,1,1,6,0.015,0.026
designed,54,"1""",q3c,1,1,301,2.773,0.574
designed,54,"1""",skycell,1,1,4,0.049,0.027
designed,56,"1""",skycell-rw,1,1,4,0.042,0.033
designed,56,"1""",pgsphere,1,1,10,0.025,0.06
designed,56,"1""",skycell,1,1,4,0.021,0.011
designed,56,"1""",q3c,1,1,301,2.433,0.593
designed,1105,6',q3c,1,1,301,2.739,0.555
designed,1105,6',skycell-rw,5,1,8,0.079,0.048
designed,1105,6',pgsphere,8,1,5,0.034,0.032
designed,1105,6',skycell,4,1,8,0.028,0.019
designed,151,"1""",skycell-rw,1,0,3,0.036,0.024
designed,151,"1""",q3c,1,0,300,2.637,0.498
designed,151,"1""",pgsphere,1,0,6,0.044,0.039
designed,151,"1""",skycell,1,0,3,0.03,0.015
designed,710,"10""",pgsphere,1,1,5,0.018,0.052
designed,710,"10""",skycell,1,1,8,0.021,0.019
designed,710,"10""",q3c,1,1,301,2.598,0.55
designed,710,"10""",skycell-rw,1,1,7,0.078,0.033
designed,125,"1""",skycell,1,0,6,0.028,0.025
designed,125,"1""",skycell-rw,1,0,6,0.052,0.013
designed,125,"1""",q3c,1,0,300,2.95,0.568
designed,125,"1""",pgsphere,1,0,4,0.044,0.033
designed,1356,30',skycell-rw,430,660,37,0.098,0.784
designed,1356,30',q3c,428,660,315,2.731,0.724
designed,1356,30',skycell,433,660,38,0.067,0.206
designed,1356,30',pgsphere,190,660,78,0.031,0.24
designed,967,1',skycell-rw,1,0,7,0.06,0.647
designed,967,1',q3c,1,0,300,2.592,0.569
designed,967,1',skycell,1,0,6,0.062,0.026
designed,967,1',pgsphere,1,0,5,0.028,0.03
designed,1171,6',skycell,3,1,5,0.025,0.042
designed,1171,6',skycell-rw,3,1,5,0.034,0.013
designed,1171,6',pgsphere,8,1,7,0.018,0.038
designed,1171,6',q3c,2,1,301,2.634,0.588
designed,1109,6',pgsphere,8,3,7,0.052,0.053
designed,1109,6',skycell,3,3,5,0.037,0.046
designed,1109,6',skycell-rw,3,3,5,0.074,0.018
designed,1109,6',q3c,1,3,301,2.271,0.774
designed,631,"10""",skycell-rw,1,0,6,0.088,0.029
designed,631,"10""",pgsphere,1,0,8,0.025,0.041
designed,631,"10""",skycell,1,0,6,0.028,0.01
designed,631,"10""",q3c,1,0,300,2.454,0.547
designed,852,1',skycell-rw,1,2,4,0.086,0.033
designed,852,1',pgsphere,1,2,6,0.035,0.037
designed,852,1',skycell,1,2,4,0.027,0.017
designed,852,1',q3c,1,2,301,2.713,0.551
designed,728,"10""",skycell-rw,1,1,4,0.074,0.058
designed,728,"10""",pgsphere,1,1,7,0.034,0.043
designed,728,"10""",skycell,1,1,4,0.027,0.013
designed,728,"10""",q3c,1,1,301,2.656,0.615
designed,1236,6',pgsphere,8,32,12,0.051,0.112
designed,1236,6',skycell-rw,34,32,6,0.061,0.052
designed,1236,6',q3c,12,32,304,2.664,0.567
designed,1236,6',skycell,34,32,13,0.09,0.051
designed,1199,6',skycell-rw,3,4,5,0.048,0.025
designed,1199,6',q3c,2,4,302,2.745,0.55
designed,1199,6',pgsphere,8,4,6,0.052,0.047
designed,1199,6',skycell,3,4,5,0.038,0.028
designed,1393,30',q3c,23,66,302,2.719,0.609
designed,1393,30',skycell-rw,106,66,13,0.102,0.085
designed,1393,30',skycell,105,66,16,0.043,0.036
designed,1393,30',pgsphere,190,66,26,0.034,0.099
designed,729,"10""",q3c,1,0,300,2.334,0.609
designed,729,"10""",pgsphere,1,0,5,0.052,0.038
designed,729,"10""",skycell-rw,1,0,3,0.05,0.017
designed,729,"10""",skycell,1,0,3,0.02,0.008
designed,851,1',pgsphere,1,0,6,0.018,0.083
designed,851,1',skycell,1,0,4,0.024,0.018
designed,851,1',q3c,1,0,300,2.628,0.561
designed,851,1',skycell-rw,1,0,4,0.076,0.029
designed,698,"10""",q3c,1,1,301,2.781,0.611
designed,698,"10""",pgsphere,1,1,5,0.051,0.073
designed,698,"10""",skycell,1,1,4,0.042,0.022
designed,698,"10""",skycell-rw,1,1,4,0.035,0.009
designed,207,"1""",q3c,1,0,300,2.735,0.572
designed,207,"1""",pgsphere,1,0,5,0.066,0.041
designed,207,"1""",skycell,1,0,3,0.039,0.019
designed,207,"1""",skycell-rw,1,0,3,0.035,0.008
designed,1145,6',q3c,1,4,302,2.405,0.643
designed,1145,6',skycell,3,4,5,0.063,0.039
designed,1145,6',skycell-rw,3,4,5,0.049,0.02
designed,1145,6',pgsphere,8,4,9,0.021,0.059
designed,546,"10""",pgsphere,1,1,5,0.016,0.037
designed,546,"10""",q3c,1,1,301,2.79,0.607
designed,546,"10""",skycell-rw,1,1,4,0.076,0.035
designed,546,"10""",skycell,1,1,4,0.024,0.01
designed,157,"1""",pgsphere,1,0,4,0.033,0.028
designed,157,"1""",q3c,1,0,300,2.515,0.661
designed,157,"1""",skycell,1,0,3,0.058,0.025
designed,157,"1""",skycell-rw,1,0,3,0.04,0.009
designed,1167,6',skycell-rw,3,4,5,0.033,0.026
designed,1167,6',pgsphere,8,4,5,0.021,0.029
designed,1167,6',skycell,3,4,5,0.027,0.017
designed,1167,6',q3c,2,4,302,2.574,0.586
designed,322,"1""",skycell-rw,1,1,4,0.077,0.029
designed,322,"1""",pgsphere,1,1,5,0.054,0.039
designed,322,"1""",q3c,1,1,301,4.605,0.614
designed,322,"1""",skycell,1,1,4,0.061,0.031
designed,403,"10""",skycell,1,0,3,0.053,0.036
designed,403,"10""",q3c,1,0,300,4.342,0.658
designed,403,"10""",skycell-rw,1,0,3,0.088,0.027
designed,403,"10""",pgsphere,1,0,4,0.069,0.463
designed,484,"10""",pgsphere,1,1,8,0.032,0.068
designed,484,"10""",skycell-rw,1,1,4,0.074,0.021
designed,484,"10""",skycell,1,1,4,0.02,0.01
designed,484,"10""",q3c,1,1,301,5.332,0.635
designed,449,"10""",skycell-rw,1,0,9,0.1,0.032
designed,449,"10""",skycell,1,0,9,0.691,0.022
designed,449,"10""",pgsphere,1,0,7,0.033,0.045
designed,449,"10""",q3c,1,0,300,4.702,1.642
designed,753,"10""",skycell,1,0,3,0.062,0.034
designed,753,"10""",skycell-rw,1,0,3,0.045,0.011
designed,753,"10""",pgsphere,1,0,4,0.044,0.032
designed,753,"10""",q3c,1,0,300,4.577,1.208
designed,1375,30',pgsphere,190,73,21,0.055,0.143
designed,1375,30',skycell-rw,67,73,10,0.066,0.087
designed,1375,30',skycell,67,73,20,0.053,0.061
designed,1375,30',q3c,36,73,304,4.565,1.31
designed,482,"10""",pgsphere,1,1,5,0.056,0.077
designed,482,"10""",q3c,1,1,301,4.193,1.945
designed,482,"10""",skycell-rw,1,1,4,0.084,0.032
designed,482,"10""",skycell,1,1,4,0.026,0.012
designed,282,"1""",skycell-rw,1,1,4,0.642,0.041
designed,282,"1""",skycell,1,1,4,0.028,0.009
designed,282,"1""",q3c,1,1,301,3.804,1.871
designed,282,"1""",pgsphere,1,1,6,0.055,0.046
designed,624,"10""",pgsphere,1,1,14,0.035,0.079
designed,624,"10""",q3c,1,1,301,3.878,1.453
designed,624,"10""",skycell-rw,1,1,4,0.084,0.553
designed,624,"10""",skycell,1,1,4,0.044,0.016
designed,1225,6',skycell-rw,17,11,5,0.039,0.035
designed,1225,6',skycell,16,11,5,0.023,0.018
designed,1225,6',pgsphere,8,11,10,0.022,0.467
designed,1225,6',q3c,20,11,302,3.671,0.601
designed,407,"10""",skycell,1,0,6,0.061,0.024
designed,407,"10""",skycell-rw,1,0,6,0.06,0.017
designed,407,"10""",q3c,1,0,300,3.787,1.597
designed,407,"10""",pgsphere,1,0,5,0.066,0.063
designed,506,"10""",skycell,1,11,8,0.046,0.083
designed,506,"10""",q3c,1,11,303,5.407,0.66
designed,506,"10""",pgsphere,1,11,18,0.057,0.113
designed,506,"10""",skycell-rw,1,11,8,0.071,0.075
designed,246,"1""",skycell-rw,1,1,4,0.038,0.017
designed,246,"1""",skycell,1,1,4,0.019,0.01
designed,246,"1""",pgsphere,1,1,8,0.02,0.795
designed,246,"1""",q3c,1,1,301,4.16,0.647
designed,783,"10""",pgsphere,1,0,5,0.169,0.042
designed,783,"10""",skycell-rw,1,0,7,0.078,0.033
designed,783,"10""",q3c,1,0,300,3.93,1.52
designed,783,"10""",skycell,1,0,7,0.062,0.032
designed,529,"10""",skycell-rw,1,0,3,0.052,0.017
designed,529,"10""",q3c,1,0,300,3.277,0.876
designed,529,"10""",skycell,1,0,3,0.057,0.025
designed,529,"10""",pgsphere,1,0,5,0.03,0.034
designed,217,"1""",q3c,1,0,300,4.266,0.596
designed,217,"1""",skycell,1,0,3,0.062,0.028
designed,217,"1""",skycell-rw,1,0,3,0.21,0.024
designed,217,"1""",pgsphere,1,0,5,0.07,0.053
designed,1277,6',q3c,5,2,301,5.189,0.652
designed,1277,6',skycell-rw,4,2,4,0.081,0.038
designed,1277,6',skycell,4,2,4,0.032,0.017
designed,1277,6',pgsphere,8,2,6,0.022,0.076
designed,818,1',pgsphere,1,1,5,0.027,0.031
designed,818,1',skycell,1,1,4,0.023,0.019
designed,818,1',skycell-rw,1,1,4,0.04,0.012
designed,818,1',q3c,1,1,301,2.767,0.695
designed,1065,1',skycell,1,2,4,0.059,0.044
designed,1065,1',q3c,1,2,301,2.865,0.596
designed,1065,1',pgsphere,1,2,7,0.053,0.051
designed,1065,1',skycell-rw,1,2,4,0.102,0.025
designed,832,1',q3c,1,1,301,2.55,0.61
designed,832,1',skycell,1,1,4,0.059,0.031
designed,832,1',pgsphere,1,1,6,0.031,0.038
designed,832,1',skycell-rw,1,1,4,0.035,0.012
designed,759,"10""",skycell-rw,1,0,6,0.053,0.035
designed,759,"10""",pgsphere,1,0,4,0.018,0.026
designed,759,"10""",q3c,1,0,300,2.811,0.608
designed,759,"10""",skycell,1,0,6,0.091,0.063
designed,865,1',pgsphere,1,0,4,0.036,0.043
designed,865,1',skycell,1,0,3,0.026,0.013
designed,865,1',q3c,1,0,300,2.767,0.592
designed,865,1',skycell-rw,1,0,4,0.075,0.344
designed,740,"10""",skycell-rw,1,1,7,0.076,0.04
designed,740,"10""",pgsphere,1,1,5,0.028,0.029
designed,740,"10""",skycell,1,1,7,0.032,0.016
designed,740,"10""",q3c,1,1,301,2.409,0.663
designed,895,1',pgsphere,1,0,4,0.052,0.031
designed,895,1',q3c,1,0,300,2.379,0.604
designed,895,1',skycell-rw,1,0,4,0.076,0.042
designed,895,1',skycell,1,0,4,0.033,0.012
designed,213,"1""",q3c,1,0,300,2.663,0.598
designed,213,"1""",pgsphere,1,0,5,0.053,0.04
designed,213,"1""",skycell-rw,1,0,3,0.054,0.019
designed,213,"1""",skycell,1,0,3,0.021,0.046
designed,994,1',skycell-rw,1,1,8,0.054,0.038
designed,994,1',pgsphere,1,1,7,0.021,0.037
designed,994,1',q3c,1,1,301,2.6,0.57
designed,994,1',skycell,1,1,8,0.062,0.037
designed,914,1',pgsphere,1,1,6,0.03,0.038
designed,914,1',skycell-rw,1,1,5,0.042,0.023
designed,914,1',q3c,1,1,301,2.411,0.562
designed,914,1',skycell,1,1,5,0.059,0.033
designed,451,"10""",skycell-rw,1,0,6,0.059,0.033
designed,451,"10""",pgsphere,1,0,4,0.023,0.042
designed,451,"10""",skycell,1,0,6,0.025,0.01
designed,451,"10""",q3c,1,0,300,2.742,0.632
designed,842,1',pgsphere,1,277,37,0.05,0.187
designed,842,1',q3c,1,277,310,2.663,0.739
designed,842,1',skycell-rw,2,277,43,0.076,1.068
designed,842,1',skycell,2,277,28,0.052,0.266
designed,1411,1deg,skycell,811,748,44,0.076,0.243
designed,1411,1deg,pgsphere,761,748,88,0.029,0.341
designed,1411,1deg,q3c,238,748,321,2.741,0.823
designed,1411,1deg,skycell-rw,746,748,36,0.125,0.825
designed,489,"10""",q3c,1,0,300,2.828,0.618
designed,489,"10""",skycell-rw,1,0,6,0.092,0.032
designed,489,"10""",pgsphere,1,0,4,0.036,0.029
designed,489,"10""",skycell,1,0,6,0.028,0.012
designed,199,"1""",pgsphere,1,0,5,0.019,0.039
designed,199,"1""",q3c,1,0,300,2.735,0.624
designed,199,"1""",skycell,1,0,3,0.103,0.028
designed,199,"1""",skycell-rw,1,0,3,0.045,0.015
designed,838,1',q3c,1,1,301,2.574,0.621
designed,838,1',pgsphere,1,1,6,0.052,0.055
designed,838,1',skycell-rw,1,1,4,0.056,0.028
designed,838,1',skycell,1,1,4,0.031,0.017
designed,1282,6',skycell-rw,51,77,7,0.036,0.071
designed,1282,6',q3c,19,77,303,2.693,0.612
designed,1282,6',pgsphere,8,77,17,0.051,0.082
designed,1282,6',skycell,51,77,10,0.104,0.062
designed,1164,6',skycell-rw,3,3,5,0.044,0.2
designed,1164,6',pgsphere,8,3,5,0.031,0.03
designed,1164,6',skycell,3,3,4,0.027,0.047
designed,1164,6',q3c,3,3,302,2.718,0.665
designed,862,1',q3c,1,3,301,2.546,0.619
designed,862,1',pgsphere,1,3,9,0.051,0.15
designed,862,1',skycell,1,3,8,0.046,0.037
designed,862,1',skycell-rw,1,3,8,0.053,0.026
designed,847,1',pgsphere,1,0,4,0.022,0.032
designed,847,1',skycell-rw,1,0,4,0.066,0.025
designed,847,1',skycell,1,0,4,0.02,0.008
designed,847,1',q3c,1,0,300,2.377,0.655
designed,1179,6',skycell-rw,3,4,5,0.072,0.034
designed,1179,6',q3c,1,4,301,2.74,0.569
designed,1179,6',skycell,3,4,5,0.058,0.035
designed,1179,6',pgsphere,8,4,5,0.038,0.059
designed,462,"10""",skycell-rw,1,1,4,0.047,0.026
designed,462,"10""",pgsphere,1,1,5,0.021,0.028
designed,462,"10""",q3c,1,1,301,2.766,0.749
designed,462,"10""",skycell,1,1,4,0.058,0.03
designed,28,"1""",skycell-rw,1,1,4,0.045,0.018
designed,28,"1""",pgsphere,1,1,5,0.023,0.027
designed,28,"1""",skycell,1,1,4,0.019,0.009
designed,28,"1""",q3c,1,1,301,2.821,0.619
designed,874,1',pgsphere,1,5,6,0.05,0.065
designed,874,1',skycell-rw,5,5,6,0.053,0.038
designed,874,1',skycell,5,5,6,0.023,0.015
designed,874,1',q3c,2,5,301,2.557,0.671
designed,1096,1',skycell-rw,2,1,5,0.074,0.048
designed,1096,1',pgsphere,1,1,6,0.043,0.043
designed,1096,1',skycell,1,1,5,0.026,0.017
designed,1096,1',q3c,1,1,301,2.579,0.642
designed,347,"1""",skycell-rw,1,0,3,0.074,0.024
designed,347,"1""",pgsphere,1,0,4,0.027,0.037
designed,347,"1""",skycell,1,0,3,0.03,0.01
designed,347,"1""",q3c,1,0,300,2.695,0.652
designed,375,"1""",pgsphere,1,0,4,0.052,0.078
designed,375,"1""",q3c,1,0,300,2.401,0.628
designed,375,"1""",skycell-rw,1,0,6,0.089,0.04
designed,375,"1""",skycell,1,0,6,0.032,0.012
designed,1076,1',q3c,1,1,301,2.613,0.652
designed,1076,1',pgsphere,1,1,5,0.052,0.052
designed,1076,1',skycell-rw,1,1,4,0.055,0.024
designed,1076,1',skycell,1,1,4,0.028,0.013
designed,1365,30',pgsphere,190,65,15,0.024,0.083
designed,1365,30',skycell,62,65,18,0.03,0.066
designed,1365,30',q3c,37,65,302,2.656,0.601
designed,1365,30',skycell-rw,64,65,18,0.106,0.071
designed,85,"1""",q3c,1,0,300,2.854,0.586
designed,85,"1""",skycell-rw,1,0,3,0.074,0.024
designed,85,"1""",pgsphere,1,0,4,0.027,0.026
designed,85,"1""",skycell,1,0,3,0.024,0.01
designed,1340,30',skycell-rw,835,1284,59,0.099,1.111
designed,1340,30',pgsphere,190,1284,126,0.044,0.498
designed,1340,30',q3c,265,1284,328,2.679,0.911
designed,1340,30',skycell,832,1284,63,0.102,0.33
designed,422,"10""",q3c,1,1,301,2.663,0.669
designed,422,"10""",pgsphere,1,1,5,0.061,0.051
designed,422,"10""",skycell,1,1,4,0.039,0.03
designed,422,"10""",skycell-rw,1,1,4,0.04,0.011
designed,55,"1""",q3c,1,0,300,2.462,0.643
designed,55,"1""",pgsphere,1,0,3,0.059,0.031
designed,55,"1""",skycell-rw,1,0,6,0.066,0.024
designed,55,"1""",skycell,1,0,6,0.028,0.011
designed,539,"10""",skycell,1,0,3,0.017,0.013
designed,539,"10""",q3c,1,0,300,3.117,0.604
designed,539,"10""",pgsphere,1,0,4,0.053,0.036
designed,539,"10""",skycell-rw,1,0,3,0.052,0.017
designed,1,"1""",skycell,1,0,3,0.021,0.028
designed,1,"1""",q3c,1,0,300,2.894,0.582
designed,1,"1""",pgsphere,1,0,5,0.049,0.07
designed,1,"1""",skycell-rw,1,0,3,0.056,0.017
designed,136,"1""",q3c,1,1,301,2.237,0.65
designed,136,"1""",pgsphere,1,1,6,0.05,0.052
designed,136,"1""",skycell-rw,1,1,4,0.05,0.02
designed,136,"1""",skycell,1,1,4,0.019,0.022
designed,723,"10""",pgsphere,1,0,5,0.019,0.029
designed,723,"10""",q3c,1,0,300,2.729,0.631
designed,723,"10""",skycell-rw,1,0,3,0.074,0.024
designed,723,"10""",skycell,1,0,3,0.027,0.009
designed,359,"1""",skycell-rw,1,0,3,0.029,0.025
designed,359,"1""",q3c,1,0,300,2.552,0.558
designed,359,"1""",skycell,1,0,3,0.057,0.03
designed,359,"1""",pgsphere,1,0,4,0.028,0.028
designed,369,"1""",q3c,1,0,300,2.496,0.596
designed,369,"1""",skycell,1,0,3,0.056,0.027
designed,369,"1""",skycell-rw,1,0,3,0.042,0.01
designed,369,"1""",pgsphere,1,0,7,0.02,0.039
designed,774,"10""",q3c,1,1,301,2.296,0.578
designed,774,"10""",skycell-rw,1,1,4,0.072,0.041
designed,774,"10""",skycell,1,1,4,0.031,0.014
designed,774,"10""",pgsphere,1,1,6,0.021,0.035
designed,520,"10""",skycell-rw,1,1,4,0.035,0.025
designed,520,"10""",pgsphere,1,1,6,0.021,0.03
designed,520,"10""",q3c,1,1,301,2.559,0.542
designed,520,"10""",skycell,1,1,4,0.056,0.029
designed,221,"1""",q3c,1,0,300,2.578,0.548
designed,221,"1""",skycell-rw,1,0,3,0.072,0.025
designed,221,"1""",skycell,1,0,3,0.063,0.011
designed,221,"1""",pgsphere,1,0,5,0.022,0.045
designed,350,"1""",q3c,1,1,301,2.654,0.547
designed,350,"1""",skycell-rw,1,1,4,0.073,0.03
designed,350,"1""",pgsphere,1,1,6,0.028,0.036
designed,350,"1""",skycell,1,1,4,0.025,0.012
designed,1322,30',skycell,174,69,25,0.04,0.064
designed,1322,30',pgsphere,190,69,23,0.023,0.085
designed,1322,30',q3c,47,69,308,2.536,0.595
designed,1322,30',skycell-rw,175,69,19,0.139,0.97
designed,252,"1""",q3c,1,1,301,2.904,0.585
designed,252,"1""",skycell,1,1,4,0.054,0.029
designed,252,"1""",pgsphere,1,1,5,0.027,0.029
designed,252,"1""",skycell-rw,1,1,4,0.036,0.012
designed,1435,1deg,q3c,614,1243,331,2.474,0.884
designed,1435,1deg,skycell-rw,1232,1243,47,0.146,0.455
designed,1435,1deg,skycell,1229,1243,72,0.1,0.292
designed,1435,1deg,pgsphere,761,1243,161,0.031,0.645
designed,960,1',skycell-rw,1,1,4,0.101,0.032
designed,960,1',q3c,1,1,301,2.574,0.574
designed,960,1',pgsphere,1,1,6,0.047,0.044
designed,1268,6',q3c,4,3,301,2.671,0.577
designed,960,1',skycell,1,1,4,0.038,0.022
designed,929,1',skycell-rw,1,0,4,0.047,0.028
designed,929,1',q3c,1,0,300,2.684,0.554
designed,929,1',skycell,1,0,4,0.053,0.027
designed,929,1',pgsphere,1,0,4,0.026,0.026
designed,1102,6',skycell,3,3,8,0.026,0.049
designed,1102,6',skycell-rw,3,3,10,0.084,0.036
designed,1102,6',q3c,3,3,301,2.66,0.571
designed,1102,6',pgsphere,8,3,7,0.049,0.061
designed,38,"1""",pgsphere,1,1,7,0.024,0.033
designed,38,"1""",skycell,1,1,4,0.03,0.02
designed,38,"1""",skycell-rw,1,1,4,0.032,0.009
designed,38,"1""",q3c,1,1,301,2.381,0.583
designed,63,"1""",skycell-rw,1,0,3,0.105,0.032
designed,63,"1""",skycell,1,0,3,0.033,0.009
designed,63,"1""",pgsphere,1,0,5,0.02,0.029
designed,63,"1""",q3c,1,0,300,2.532,0.581
designed,237,"1""",pgsphere,1,0,4,0.046,0.03
designed,237,"1""",skycell,1,0,3,0.047,0.018
designed,237,"1""",q3c,1,0,300,2.547,0.544
designed,237,"1""",skycell-rw,1,0,3,0.07,0.022
designed,379,"1""",skycell,1,0,3,0.07,0.036
designed,379,"1""",pgsphere,1,0,5,0.027,0.032
designed,379,"1""",q3c,1,0,300,2.908,1.496
designed,379,"1""",skycell-rw,1,0,3,0.07,0.024
designed,1142,6',skycell,3,2,4,0.036,0.036
designed,1142,6',pgsphere,8,2,11,0.023,0.066
designed,1142,6',skycell-rw,3,2,4,0.032,0.012
designed,1142,6',q3c,2,2,301,2.748,0.547
designed,159,"1""",skycell-rw,1,0,3,0.07,0.037
designed,159,"1""",skycell,1,0,3,0.044,0.014
designed,159,"1""",q3c,1,0,300,2.36,0.607
designed,159,"1""",pgsphere,1,0,5,0.078,0.039
designed,1025,1',q3c,1,0,300,2.528,0.555
designed,1025,1',skycell-rw,1,0,4,0.069,0.029
designed,1025,1',pgsphere,1,0,7,0.023,0.048
designed,1025,1',skycell,1,0,4,0.035,0.012
designed,412,"10""",pgsphere,1,1,6,0.016,0.037
designed,412,"10""",skycell-rw,1,1,4,0.039,0.018
designed,412,"10""",q3c,1,1,301,2.277,0.569
designed,412,"10""",skycell,1,1,4,0.078,0.029
designed,469,"10""",skycell-rw,1,0,3,0.046,0.025
designed,469,"10""",q3c,1,0,300,2.89,0.558
designed,469,"10""",pgsphere,1,0,6,0.055,0.041
designed,469,"10""",skycell,1,0,3,0.033,0.017
designed,1079,1',pgsphere,1,1,6,0.022,0.043
designed,1079,1',skycell,1,1,4,0.022,0.019
designed,1079,1',q3c,1,1,301,2.622,0.537
designed,1079,1',skycell-rw,1,1,4,0.068,0.028
designed,776,"10""",skycell-rw,1,1,4,0.043,0.028
designed,776,"10""",q3c,1,1,301,2.584,0.545
designed,776,"10""",pgsphere,1,1,7,0.056,0.061
designed,776,"10""",skycell,1,1,4,0.035,0.048
designed,1372,30',pgsphere,190,601,72,0.024,0.256
designed,1372,30',skycell-rw,392,601,30,0.092,0.222
designed,1372,30',q3c,453,601,316,2.829,0.714
designed,1372,30',skycell,390,601,30,0.136,0.204
designed,355,"1""",q3c,1,0,300,2.856,0.537
designed,355,"1""",skycell-rw,1,0,3,0.07,0.024
designed,355,"1""",pgsphere,1,0,4,0.024,0.029
designed,355,"1""",skycell,1,0,3,0.022,0.009
designed,223,"1""",skycell,1,0,3,0.019,0.024
designed,223,"1""",pgsphere,1,0,9,0.016,0.047
designed,223,"1""",q3c,1,0,300,2.305,0.557
designed,223,"1""",skycell-rw,1,0,3,0.069,0.023
designed,11,"1""",pgsphere,1,0,5,0.071,0.033
designed,11,"1""",skycell,1,0,3,0.041,0.018
designed,11,"1""",q3c,1,0,300,2.418,0.561
designed,11,"1""",skycell-rw,1,0,3,0.068,0.022
designed,657,"10""",pgsphere,1,0,6,0.03,0.054
designed,657,"10""",skycell,1,0,3,0.026,0.015
designed,657,"10""",skycell-rw,1,0,3,0.062,0.01
designed,657,"10""",q3c,1,0,300,2.629,0.55
designed,995,1',skycell,1,0,4,0.053,0.037
designed,995,1',q3c,1,0,300,2.793,0.558
designed,995,1',pgsphere,1,0,4,0.048,0.043
designed,995,1',skycell-rw,1,0,4,0.054,0.021
designed,923,1',skycell,1,0,15,0.028,0.023
designed,923,1',q3c,1,0,300,2.641,0.522
designed,923,1',skycell-rw,1,0,8,0.081,0.059
designed,923,1',pgsphere,1,0,6,0.028,0.037
designed,1342,30',skycell,70,65,21,0.036,0.101
designed,1342,30',skycell-rw,71,65,21,0.066,0.043
designed,1342,30',q3c,24,65,304,2.782,0.654
designed,1342,30',pgsphere,190,65,16,0.045,0.084
designed,37,"1""",skycell,1,0,7,0.051,0.023
designed,37,"1""",skycell-rw,1,0,7,0.049,0.014
designed,37,"1""",q3c,1,0,300,2.452,0.539
designed,37,"1""",pgsphere,1,0,4,0.047,0.032
designed,135,"1""",pgsphere,1,0,5,0.021,0.022
designed,135,"1""",skycell-rw,1,0,3,0.041,0.014
designed,135,"1""",skycell,1,0,3,0.022,0.009
designed,135,"1""",q3c,1,0,300,2.459,0.561
designed,388,"1""",skycell-rw,1,2,5,0.069,0.042
designed,388,"1""",q3c,1,2,301,2.661,0.534
designed,388,"1""",pgsphere,1,2,5,0.047,0.038
designed,388,"1""",skycell,1,2,5,0.032,0.025
designed,182,"1""",skycell,1,1,4,0.018,0.023
designed,182,"1""",skycell-rw,1,1,4,0.036,0.011
designed,182,"1""",pgsphere,1,1,8,0.017,0.045
designed,182,"1""",q3c,1,1,301,2.849,0.535
designed,1299,6',skycell,3,3,8,0.055,0.043
designed,1299,6',q3c,4,3,301,2.66,0.573
designed,1299,6',skycell-rw,3,3,8,0.082,0.053
designed,1299,6',pgsphere,8,3,6,0.029,0.038
designed,267,"1""",skycell,1,0,3,0.024,0.016
designed,267,"1""",q3c,1,0,300,2.465,0.531
designed,267,"1""",skycell-rw,1,0,3,0.066,0.022
designed,267,"1""",pgsphere,1,0,4,0.027,0.025
designed,327,"1""",q3c,1,0,300,2.754,0.603
designed,327,"1""",pgsphere,1,0,4,0.046,0.034
designed,327,"1""",skycell,1,0,3,0.032,0.017
designed,327,"1""",skycell-rw,1,0,3,0.031,0.007
designed,475,"10""",q3c,1,0,300,2.335,0.531
designed,475,"10""",pgsphere,1,0,5,0.045,0.037
designed,475,"10""",skycell,1,0,3,0.031,0.027
designed,475,"10""",skycell-rw,1,0,3,0.031,0.007
designed,3,"1""",skycell,1,0,3,0.037,0.024
designed,3,"1""",skycell-rw,1,0,3,0.041,0.01
designed,3,"1""",pgsphere,1,0,5,0.017,0.028
designed,3,"1""",q3c,1,0,300,2.884,0.606
designed,886,1',skycell,1,2,8,0.054,0.035
designed,886,1',pgsphere,1,2,6,0.025,0.04
designed,886,1',skycell-rw,1,2,6,0.034,0.022
designed,886,1',q3c,1,2,301,2.595,0.64
designed,570,"10""",skycell-rw,1,1,4,0.067,0.036
designed,570,"10""",skycell,1,1,4,0.025,0.011
designed,570,"10""",pgsphere,1,1,7,0.019,0.038
designed,570,"10""",q3c,1,1,301,2.297,0.567
designed,496,"10""",pgsphere,1,1,8,0.048,0.069
designed,496,"10""",q3c,1,1,301,2.773,0.527
designed,496,"10""",skycell-rw,1,1,7,0.083,0.032
designed,496,"10""",skycell,1,1,7,0.036,0.017
designed,1207,6',skycell-rw,5,5,7,0.036,0.051
designed,1207,6',pgsphere,8,5,12,0.019,0.054
designed,1207,6',skycell,5,5,7,0.022,0.034
designed,1207,6',q3c,2,5,301,2.578,0.632
designed,173,"1""",q3c,1,0,300,2.89,0.59
designed,173,"1""",pgsphere,1,0,4,0.055,0.033
designed,173,"1""",skycell,1,0,6,0.036,0.018
designed,173,"1""",skycell-rw,1,0,6,0.045,0.014
designed,84,"1""",skycell-rw,1,1,4,0.027,0.03
designed,84,"1""",pgsphere,1,1,6,0.062,0.038
designed,84,"1""",skycell,1,1,4,0.022,0.012
designed,84,"1""",q3c,1,1,301,2.743,0.541
designed,1144,6',q3c,9,75,304,2.307,0.633
designed,1144,6',skycell-rw,31,75,7,0.075,0.073
designed,1144,6',pgsphere,8,75,13,0.025,0.075
designed,1144,6',skycell,31,75,7,0.028,0.044
designed,411,"10""",skycell,1,0,3,0.017,0.055
designed,411,"10""",skycell-rw,1,0,3,0.035,0.008
designed,411,"10""",pgsphere,1,0,4,0.017,0.022
designed,411,"10""",q3c,1,0,300,2.496,0.526
designed,978,1',q3c,1,1,301,2.287,0.582
designed,978,1',skycell-rw,1,1,8,0.082,0.039
designed,978,1',skycell,1,1,8,0.038,0.02
designed,978,1',pgsphere,1,1,6,0.023,0.034
designed,579,"10""",skycell,1,0,3,0.02,0.012
designed,579,"10""",skycell-rw,1,0,3,0.029,0.007
designed,579,"10""",pgsphere,1,0,4,0.044,0.023
designed,579,"10""",q3c,1,0,300,2.396,0.544
designed,833,1',q3c,1,0,300,2.909,0.635
designed,833,1',skycell,1,0,4,0.062,0.029
designed,833,1',pgsphere,1,0,4,0.028,0.038
designed,833,1',skycell-rw,1,0,4,0.033,0.011
designed,235,"1""",q3c,1,0,300,2.335,0.507
designed,235,"1""",pgsphere,1,0,9,0.049,0.061
designed,235,"1""",skycell,1,0,3,0.036,0.018
designed,235,"1""",skycell-rw,1,0,3,0.04,0.018
designed,1323,30',skycell-rw,105,77,11,0.05,0.077
designed,1323,30',skycell,104,77,11,0.035,0.038
designed,1323,30',pgsphere,190,77,19,0.018,0.083
designed,1323,30',q3c,42,77,303,2.728,0.647
designed,1422,1deg,skycell,3292,4433,138,0.101,0.968
designed,1422,1deg,skycell-rw,3232,4433,119,0.188,0.784
designed,1422,1deg,q3c,1093,4433,382,2.726,1.534
designed,1422,1deg,pgsphere,761,4433,430,0.045,1.383
designed,140,"1""",skycell,1,1,4,0.055,0.028
designed,140,"1""",pgsphere,1,1,5,0.026,0.029
designed,140,"1""",q3c,1,1,301,2.467,0.586
designed,140,"1""",skycell-rw,1,1,4,0.068,0.026
designed,1284,6',skycell-rw,41,47,13,0.066,0.089
designed,1284,6',pgsphere,8,47,15,0.023,0.066
designed,1284,6',q3c,8,47,303,2.775,0.581
designed,1284,6',skycell,40,47,18,0.057,0.068
designed,308,"1""",skycell,1,1,4,0.034,0.028
designed,308,"1""",q3c,1,1,301,2.787,0.58
designed,308,"1""",skycell-rw,1,1,4,0.079,0.028
designed,308,"1""",pgsphere,1,1,7,0.027,0.035
designed,406,"10""",skycell,1,1,4,0.025,0.037
designed,406,"10""",pgsphere,1,1,8,0.016,0.047
designed,406,"10""",skycell-rw,1,1,4,0.029,0.009
designed,406,"10""",q3c,1,1,301,2.749,0.571
designed,1452,3deg,skycell,25960,26649,494,0.126,4.929
designed,1452,3deg,skycell-rw,25775,26649,488,0.278,4.243
designed,1452,3deg,pgsphere,6851,26649,876,0.052,7.608
designed,1452,3deg,q3c,8477,26649,721,2.83,5.46
designed,1330,30',q3c,634,1598,335,2.708,1.084
designed,1330,30',pgsphere,190,1598,153,0.049,0.529
designed,1330,30',skycell,1232,1598,64,0.099,0.411
designed,1330,30',skycell-rw,1237,1598,59,0.097,0.987
designed,1165,6',skycell-rw,8,12,5,0.078,0.049
designed,1165,6',pgsphere,8,12,9,0.025,0.048
designed,1165,6',q3c,3,12,301,2.67,0.608
designed,1165,6',skycell,8,12,9,0.055,0.036
designed,1120,6',q3c,59,158,307,2.732,0.735
designed,1120,6',skycell,159,158,21,0.064,0.107
designed,1120,6',skycell-rw,160,158,21,0.104,0.137
designed,1120,6',pgsphere,8,158,33,0.078,0.277
designed,647,"10""",skycell-rw,1,0,7,0.073,0.037
designed,647,"10""",pgsphere,1,0,5,0.023,0.028
designed,647,"10""",q3c,1,0,300,2.513,0.553
designed,647,"10""",skycell,1,0,8,0.056,0.03
designed,35,"1""",pgsphere,1,0,6,0.029,0.037
designed,35,"1""",q3c,1,0,300,2.623,0.557
designed,35,"1""",skycell,1,0,3,0.058,0.025
designed,35,"1""",skycell-rw,1,0,3,0.047,0.012
designed,1116,6',q3c,18,137,305,4.783,0.938
designed,1116,6',pgsphere,8,137,24,0.051,0.112
designed,1116,6',skycell-rw,120,137,27,0.109,0.137
designed,1116,6',skycell,119,137,22,0.042,0.062
designed,413,"10""",skycell-rw,1,0,3,0.041,0.025
designed,413,"10""",pgsphere,1,0,4,0.023,0.025
designed,413,"10""",skycell,1,0,3,0.018,0.008
designed,413,"10""",q3c,1,0,300,3.92,0.575
designed,45,"1""",skycell-rw,1,0,6,0.091,0.041
designed,45,"1""",q3c,1,0,300,3.62,0.578
designed,45,"1""",skycell,1,0,6,0.141,0.031
designed,45,"1""",pgsphere,1,0,4,0.036,0.031
designed,1254,6',skycell,106,118,25,0.042,0.08
designed,1254,6',skycell-rw,107,118,21,0.208,0.093
designed,1254,6',q3c,22,118,304,3.442,0.629
designed,1254,6',pgsphere,8,118,16,0.049,0.096
designed,969,1',pgsphere,1,0,8,0.025,0.038
designed,969,1',q3c,1,0,300,2.835,0.567
designed,969,1',skycell,1,0,4,0.056,0.028
designed,969,1',skycell-rw,1,0,4,0.042,0.012
designed,373,"1""",skycell-rw,1,0,3,0.028,0.024
designed,373,"1""",skycell,1,0,3,0.018,0.007
designed,373,"1""",pgsphere,1,0,4,0.021,0.024
designed,373,"1""",q3c,1,0,300,2.512,0.638
designed,1111,6',skycell,5,3,17,0.055,0.054
designed,1111,6',skycell-rw,5,3,10,0.09,0.037
designed,1111,6',pgsphere,8,3,9,0.023,0.054
designed,1111,6',q3c,2,3,301,2.793,0.561
designed,575,"10""",pgsphere,1,0,5,0.046,0.061
designed,575,"10""",skycell,1,0,3,0.038,0.026
designed,575,"10""",skycell-rw,1,0,3,0.033,0.008
designed,575,"10""",q3c,1,0,300,2.748,0.532
designed,1248,6',q3c,21,106,305,2.685,0.701
designed,1248,6',skycell,151,106,17,0.067,0.08
designed,1248,6',skycell-rw,152,106,15,0.085,0.059
designed,1248,6',pgsphere,8,106,19,0.025,0.101
designed,494,"10""",pgsphere,1,1,7,0.017,0.035
designed,494,"10""",skycell-rw,1,1,4,0.03,0.017
designed,494,"10""",skycell,1,1,4,0.021,0.011
designed,494,"10""",q3c,1,1,301,2.65,0.591
designed,331,"1""",q3c,1,0,300,2.647,0.554
designed,331,"1""",skycell-rw,1,0,3,0.072,0.032
designed,331,"1""",skycell,1,0,3,0.028,0.01
designed,331,"1""",pgsphere,1,0,4,0.024,0.037
designed,678,"10""",skycell,1,1,4,0.025,0.032
designed,678,"10""",pgsphere,1,1,6,0.017,0.027
designed,678,"10""",skycell-rw,1,1,4,0.031,0.009
designed,678,"10""",q3c,1,1,301,2.367,0.517
designed,296,"1""",q3c,1,1,301,2.639,0.582
designed,296,"1""",skycell,1,1,4,0.056,0.029
designed,296,"1""",skycell-rw,1,1,4,0.041,0.012
designed,296,"1""",pgsphere,1,1,5,0.023,0.032
designed,328,"1""",skycell-rw,1,1,4,0.029,0.016
designed,328,"1""",q3c,1,1,301,2.637,0.561
designed,328,"1""",skycell,1,1,4,0.062,0.028
designed,328,"1""",pgsphere,1,1,6,0.028,0.036
designed,491,"10""",skycell,1,0,4,0.021,0.018
designed,491,"10""",q3c,1,0,300,2.885,0.579
designed,491,"10""",skycell-rw,1,0,4,0.079,0.028
designed,491,"10""",pgsphere,1,0,7,0.026,0.04
designed,1177,6',skycell-rw,3,2,4,0.037,0.021
designed,1177,6',pgsphere,8,2,6,0.016,0.036
designed,1177,6',skycell,3,2,4,0.021,0.013
designed,1177,6',q3c,2,2,301,5.226,0.667
designed,1048,1',skycell-rw,1,1,4,0.073,0.04
designed,1048,1',skycell,1,1,4,0.029,0.016
designed,1048,1',q3c,1,1,301,2.579,0.592
designed,1048,1',pgsphere,1,1,8,0.049,0.091
designed,20,"1""",pgsphere,1,1,6,0.028,0.04
designed,20,"1""",skycell-rw,1,1,4,0.044,0.017
designed,20,"1""",skycell,1,1,4,0.052,0.013
designed,20,"1""",q3c,1,1,301,2.554,0.578
designed,1401,1deg,skycell,616,297,34,0.09,0.129
designed,1401,1deg,pgsphere,761,297,46,0.029,0.213
designed,1401,1deg,q3c,154,297,309,2.68,0.658
designed,1401,1deg,skycell-rw,625,297,24,0.115,0.146
designed,358,"1""",pgsphere,1,1,5,0.033,0.032
designed,358,"1""",skycell,1,1,4,0.026,0.019
designed,358,"1""",skycell-rw,1,1,4,0.029,0.009
designed,358,"1""",q3c,1,1,301,2.766,0.563
designed,555,"10""",pgsphere,1,0,4,0.046,0.032
designed,555,"10""",skycell,1,0,3,0.032,0.017
designed,555,"10""",q3c,1,0,300,2.879,0.558
designed,555,"10""",skycell-rw,1,0,3,0.067,0.022
designed,1331,30',skycell-rw,71,61,18,0.061,0.114
designed,1331,30',pgsphere,190,61,15,0.071,0.07
designed,1331,30',q3c,33,61,303,2.647,0.576
designed,1331,30',skycell,70,61,23,0.057,0.076
designed,334,"1""",skycell-rw,1,1,4,0.052,0.032
designed,334,"1""",q3c,1,1,301,2.517,0.568
designed,334,"1""",pgsphere,1,1,5,0.048,0.037
designed,334,"1""",skycell,1,1,4,0.035,0.02
designed,336,"1""",q3c,1,1,301,2.552,0.578
designed,336,"1""",pgsphere,1,1,7,0.049,0.056
designed,336,"1""",skycell,1,1,4,0.037,0.022
designed,336,"1""",skycell-rw,1,1,4,0.033,0.009
designed,109,"1""",skycell,1,0,6,0.019,0.014
designed,109,"1""",skycell-rw,1,0,6,0.04,0.013
designed,109,"1""",pgsphere,1,0,4,0.022,0.026
designed,109,"1""",q3c,1,0,300,2.788,0.532
designed,713,"10""",skycell,1,0,6,0.059,0.021
designed,713,"10""",skycell-rw,1,0,6,0.051,0.014
designed,713,"10""",pgsphere,1,0,5,0.019,0.075
designed,713,"10""",q3c,1,0,300,2.56,0.565
designed,1201,6',q3c,2,2,303,2.354,0.572
designed,1201,6',skycell-rw,3,2,9,0.092,0.067
designed,1201,6',skycell,3,2,9,0.033,0.018
designed,1201,6',pgsphere,8,2,13,0.02,0.048
designed,256,"1""",skycell-rw,1,1,4,0.032,0.018
designed,256,"1""",pgsphere,1,1,6,0.018,0.06
designed,256,"1""",skycell,1,1,4,0.021,0.01
designed,256,"1""",q3c,1,1,301,2.445,0.538
designed,667,"10""",pgsphere,1,0,5,0.045,0.043
designed,667,"10""",skycell-rw,1,0,4,0.048,0.019
designed,667,"10""",q3c,1,0,300,2.451,0.556
designed,667,"10""",skycell,1,0,4,0.054,0.027
designed,1121,6',skycell-rw,4,2,5,0.041,0.036
designed,1121,6',pgsphere,8,2,7,0.018,0.033
designed,1121,6',q3c,3,2,301,2.86,0.566
designed,1121,6',skycell,4,2,5,0.054,0.042
designed,619,"10""",skycell-rw,1,0,3,0.046,0.026
designed,619,"10""",pgsphere,1,0,7,0.02,0.071
designed,619,"10""",q3c,1,0,300,2.571,0.581
designed,619,"10""",skycell,1,0,3,0.052,0.022
designed,44,"1""",skycell,1,1,4,0.028,0.017
designed,44,"1""",q3c,1,1,301,2.618,0.527
designed,44,"1""",skycell-rw,1,1,4,0.069,0.027
designed,44,"1""",pgsphere,1,1,5,0.024,0.029
designed,429,"10""",skycell-rw,1,0,4,0.032,0.016
designed,429,"10""",q3c,1,0,300,2.758,0.943
designed,429,"10""",pgsphere,1,0,4,0.053,0.035
designed,429,"10""",skycell,1,0,4,0.04,0.022
designed,1172,6',skycell-rw,7,6,4,0.04,0.036
designed,1172,6',skycell,6,6,4,0.019,0.013
designed,1172,6',q3c,6,6,301,2.823,0.554
designed,1172,6',pgsphere,8,6,7,0.049,0.062
designed,1136,6',skycell-rw,5,29,8,0.058,0.067
designed,1136,6',pgsphere,8,29,14,0.019,0.064
designed,1136,6',q3c,12,29,305,3.622,0.587
designed,1136,6',skycell,5,29,8,0.06,0.075
designed,441,"10""",skycell,1,0,3,0.033,0.015
designed,441,"10""",skycell-rw,1,0,3,0.035,0.008
designed,441,"10""",pgsphere,1,0,4,0.019,0.041
designed,441,"10""",q3c,1,0,300,2.413,0.575
designed,360,"1""",pgsphere,1,1,5,0.05,0.047
designed,360,"1""",skycell-rw,1,1,4,0.052,0.022
designed,360,"1""",q3c,1,1,301,2.569,0.587
designed,360,"1""",skycell,1,1,4,0.055,0.028
designed,863,1',q3c,1,0,300,2.701,0.552
designed,863,1',skycell,1,0,4,0.057,0.028
designed,863,1',pgsphere,1,0,6,0.029,0.05
designed,863,1',skycell-rw,1,0,4,0.049,0.024
designed,1066,1',q3c,1,2,301,2.719,0.708
designed,1066,1',pgsphere,1,2,7,0.051,0.051
designed,1066,1',skycell-rw,1,2,4,0.063,0.026
designed,1066,1',skycell,1,2,4,0.022,0.012
designed,519,"10""",q3c,1,0,300,2.798,0.596
designed,519,"10""",skycell-rw,1,0,3,0.072,0.024
designed,519,"10""",skycell,1,0,3,0.025,0.009
designed,519,"10""",pgsphere,1,0,4,0.02,0.04
designed,338,"1""",q3c,1,1,301,2.917,0.6
designed,338,"1""",pgsphere,1,1,6,0.051,0.076
designed,338,"1""",skycell,1,1,4,0.039,0.03
designed,338,"1""",skycell-rw,1,1,4,0.047,0.011
designed,1133,6',skycell-rw,33,15,10,0.046,0.062
designed,1133,6',q3c,7,15,302,2.688,0.586
designed,1133,6',skycell,32,15,10,0.061,0.05
designed,1133,6',pgsphere,8,15,8,0.039,0.103
designed,609,"10""",q3c,1,0,300,2.446,0.539
designed,609,"10""",pgsphere,1,0,4,0.048,0.036
designed,609,"10""",skycell-rw,1,0,3,0.052,0.018
designed,609,"10""",skycell,1,0,3,0.021,0.008
designed,1424,1deg,skycell,2905,3126,94,0.075,0.686
designed,1424,1deg,q3c,2957,3126,374,2.878,1.406
designed,1424,1deg,pgsphere,761,3126,303,0.055,1.768
designed,1424,1deg,skycell-rw,2799,3126,86,0.166,0.945
designed,1002,1',pgsphere,1,1,5,0.046,0.046
designed,1002,1',skycell,1,1,4,0.032,0.02
designed,1002,1',q3c,1,1,301,2.639,0.593
designed,1002,1',skycell-rw,1,1,4,0.073,0.027
designed,184,"1""",pgsphere,1,1,5,0.065,0.045
designed,184,"1""",skycell-rw,1,1,7,0.055,0.025
designed,184,"1""",q3c,1,1,301,2.608,0.537
designed,184,"1""",skycell,1,1,7,0.057,0.028
designed,509,"10""",q3c,1,0,300,3.076,0.612
designed,509,"10""",skycell-rw,1,0,3,0.073,0.026
designed,509,"10""",pgsphere,1,0,4,0.039,0.029
designed,509,"10""",skycell,1,0,3,0.026,0.012
designed,1234,6',skycell,2,3,5,0.02,0.025
designed,1234,6',q3c,2,3,301,2.703,0.567
designed,1234,6',pgsphere,8,3,8,0.05,0.05
designed,1234,6',skycell-rw,3,3,6,0.055,0.298
designed,436,"10""",q3c,1,1,301,3.003,0.572
designed,436,"10""",pgsphere,1,1,6,0.05,0.055
designed,436,"10""",skycell-rw,1,1,4,0.085,0.031
designed,436,"10""",skycell,1,1,4,0.021,0.011
designed,1010,1',pgsphere,1,2,6,0.019,0.03
designed,1010,1',q3c,1,2,301,2.833,0.555
designed,1010,1',skycell,1,2,4,0.054,0.037
designed,1010,1',skycell-rw,1,2,4,0.042,0.013
designed,378,"1""",skycell,1,1,7,0.021,0.016
designed,378,"1""",pgsphere,1,1,5,0.021,0.026
designed,378,"1""",skycell-rw,1,1,7,0.041,0.016
designed,378,"1""",q3c,1,1,301,2.644,0.591
designed,1103,6',q3c,6,11,301,2.732,0.578
designed,1103,6',pgsphere,8,11,6,0.051,0.048
designed,1103,6',skycell,4,11,8,0.038,0.04
designed,1103,6',skycell-rw,4,11,8,0.048,0.036
designed,23,"1""",q3c,1,0,300,2.853,0.553
designed,23,"1""",pgsphere,1,0,4,0.049,0.036
designed,23,"1""",skycell-rw,1,0,3,0.064,0.019
designed,23,"1""",skycell,1,0,3,0.02,0.008
designed,959,1',q3c,1,0,300,2.433,0.551
designed,959,1',pgsphere,1,0,6,0.048,0.046
designed,959,1',skycell-rw,1,0,8,0.062,0.035
designed,959,1',skycell,1,0,8,0.025,0.013
designed,856,1',skycell-rw,1,3,9,0.041,0.081
designed,856,1',pgsphere,1,3,5,0.02,0.035
designed,856,1',q3c,1,3,301,2.746,0.559
designed,856,1',skycell,1,3,9,0.055,0.067
designed,945,1',q3c,1,0,300,2.748,0.546
designed,945,1',skycell-rw,1,0,4,0.077,0.032
designed,945,1',skycell,1,0,4,0.029,0.012
designed,945,1',pgsphere,1,0,5,0.021,0.032
designed,57,"1""",pgsphere,1,0,6,0.061,0.033
designed,57,"1""",q3c,1,0,300,2.745,0.583
designed,57,"1""",skycell,1,0,3,0.075,0.035
designed,57,"1""",skycell-rw,1,0,3,0.084,0.027
designed,608,"10""",skycell-rw,1,1,7,0.107,0.048
designed,608,"10""",pgsphere,1,1,5,0.082,0.049
designed,608,"10""",q3c,1,1,301,3.99,0.851
designed,608,"10""",skycell,1,1,8,0.078,0.043
designed,1428,1deg,q3c,1344,3905,372,3.579,2.152
designed,1428,1deg,skycell,3588,3905,122,0.168,1.529
designed,1428,1deg,skycell-rw,3595,3905,106,0.273,1.272
designed,1428,1deg,pgsphere,761,3905,475,0.121,2.657
designed,1195,6',skycell,3,2,10,0.079,0.079
designed,1195,6',q3c,4,2,301,3.911,0.911
designed,1195,6',pgsphere,8,2,9,0.072,0.081
designed,1195,6',skycell-rw,3,2,11,0.115,0.893
designed,1219,6',skycell-rw,3,5,4,0.118,0.051
designed,1219,6',skycell,3,5,4,0.073,0.04
designed,1219,6',q3c,2,5,302,3.861,1.102
designed,1219,6',pgsphere,8,5,5,0.072,0.059
designed,387,"1""",skycell-rw,1,0,3,0.098,0.031
designed,387,"1""",pgsphere,1,0,4,0.071,0.042
designed,387,"1""",skycell,1,0,3,0.114,0.082
designed,387,"1""",q3c,1,0,300,3.786,0.828
designed,1056,1',skycell-rw,1,1,4,0.099,0.053
designed,1056,1',q3c,1,1,301,3.566,0.993
designed,1056,1',pgsphere,1,1,9,0.07,0.121
designed,1056,1',skycell,1,1,4,0.067,0.038
designed,920,1',q3c,1,1,301,3.971,0.843
designed,920,1',pgsphere,1,1,8,0.067,0.07
designed,920,1',skycell,1,1,4,0.058,0.035
designed,920,1',skycell-rw,1,1,4,0.453,0.037
designed,39,"1""",q3c,1,0,300,3.611,0.89
designed,39,"1""",skycell,1,0,3,0.077,0.035
designed,39,"1""",pgsphere,1,0,6,0.051,0.091
designed,39,"1""",skycell-rw,1,0,3,0.08,0.026
designed,5,"1""",q3c,1,0,300,3.949,0.886
designed,5,"1""",skycell,1,0,3,0.076,0.034
designed,5,"1""",pgsphere,1,0,4,0.048,0.04
designed,5,"1""",skycell-rw,1,0,3,0.071,0.023
designed,363,"1""",pgsphere,1,0,5,0.052,0.046
designed,363,"1""",skycell,1,0,3,0.051,0.025
designed,363,"1""",q3c,1,0,300,3.19,0.841
designed,363,"1""",skycell-rw,1,0,3,0.152,0.035
designed,196,"1""",skycell,1,1,4,0.064,0.08
designed,196,"1""",pgsphere,1,1,7,0.056,0.06
designed,196,"1""",skycell-rw,1,1,4,0.086,0.033
designed,196,"1""",q3c,1,1,301,3.364,0.902
designed,178,"1""",pgsphere,1,1,5,0.065,0.055
designed,178,"1""",skycell,1,1,7,0.066,0.038
designed,178,"1""",skycell-rw,1,1,7,0.103,0.039
designed,178,"1""",q3c,1,1,301,3.444,0.831
designed,569,"10""",skycell,1,0,6,0.075,0.035
designed,569,"10""",skycell-rw,1,0,6,0.105,0.034
designed,569,"10""",pgsphere,1,0,4,0.057,0.042
designed,569,"10""",q3c,1,0,300,3.784,0.843
designed,661,"10""",skycell,1,0,3,0.078,0.063
designed,661,"10""",pgsphere,1,0,4,0.051,0.04
designed,661,"10""",skycell-rw,1,0,3,0.083,0.027
designed,661,"10""",q3c,1,0,300,3.531,0.825
designed,445,"10""",skycell,1,0,3,0.077,0.035
designed,445,"10""",pgsphere,1,0,4,0.063,0.044
designed,445,"10""",q3c,1,0,300,3.47,0.866
designed,445,"10""",skycell-rw,1,0,3,0.088,0.067
designed,1418,1deg,skycell,4755,5071,161,0.097,1.339
designed,1418,1deg,pgsphere,761,5071,555,0.075,2.01
designed,1418,1deg,q3c,2265,5071,394,3.102,2.453
designed,1418,1deg,skycell-rw,4773,5071,134,0.196,1.086
designed,1394,30',skycell,3426,3504,121,0.102,0.814
designed,1394,30',q3c,242,3504,363,2.608,1.988
designed,1394,30',pgsphere,190,3504,293,0.078,1.821
designed,1394,30',skycell-rw,3406,3504,106,0.303,1.097
designed,416,"10""",pgsphere,1,1,6,0.054,0.047
designed,416,"10""",skycell-rw,1,1,5,0.157,0.027
designed,416,"10""",q3c,1,1,301,2.776,0.612
designed,416,"10""",skycell,1,1,5,0.062,0.033
designed,318,"1""",pgsphere,1,1,6,0.03,0.038
designed,318,"1""",q3c,1,1,301,2.633,0.663
designed,318,"1""",skycell,1,1,4,0.058,0.03
designed,318,"1""",skycell-rw,1,1,4,0.044,0.012
designed,512,"10""",pgsphere,1,1,6,0.027,0.042
designed,512,"10""",skycell-rw,1,1,4,0.037,0.019
designed,512,"10""",q3c,1,1,301,2.707,0.579
designed,512,"10""",skycell,1,1,4,0.058,0.029
designed,1405,1deg,pgsphere,761,265,40,0.031,0.161
designed,1405,1deg,q3c,84,265,307,2.759,0.682
designed,1405,1deg,skycell,378,265,37,0.097,0.151
designed,1405,1deg,skycell-rw,375,265,29,0.138,0.103
designed,289,"1""",q3c,1,0,300,2.86,0.691
designed,289,"1""",skycell-rw,1,0,3,0.074,0.024
designed,289,"1""",skycell,1,0,3,0.03,0.01
designed,289,"1""",pgsphere,1,0,7,0.021,0.049
designed,330,"1""",pgsphere,1,1,5,0.016,0.039
designed,330,"1""",q3c,1,1,301,2.844,0.589
designed,330,"1""",skycell-rw,1,1,4,0.093,0.03
designed,330,"1""",skycell,1,1,4,0.027,0.011
designed,1212,6',pgsphere,8,72,17,0.029,0.078
designed,1212,6',q3c,15,72,306,2.648,0.612
designed,1212,6',skycell,60,72,10,0.064,0.056
designed,1212,6',skycell-rw,61,72,14,0.073,0.734
designed,181,"1""",q3c,1,0,300,2.553,0.583
designed,181,"1""",skycell-rw,1,0,3,0.073,0.023
designed,181,"1""",pgsphere,1,0,4,0.024,0.027
designed,181,"1""",skycell,1,0,3,0.027,0.012
designed,281,"1""",pgsphere,1,0,7,0.019,0.049
designed,281,"1""",skycell-rw,1,0,3,0.032,0.014
designed,281,"1""",skycell,1,0,3,0.016,0.007
designed,281,"1""",q3c,1,0,300,2.619,0.581
designed,174,"1""",skycell-rw,1,1,4,0.074,0.029
designed,174,"1""",q3c,1,1,301,2.586,0.564
designed,174,"1""",skycell,1,1,4,0.055,0.028
designed,174,"1""",pgsphere,1,1,5,0.027,0.043
designed,24,"1""",q3c,1,1,301,2.513,0.566
designed,24,"1""",skycell,1,1,4,0.056,0.038
designed,24,"1""",pgsphere,1,1,8,0.031,0.045
designed,24,"1""",skycell-rw,1,1,4,0.037,0.011
designed,930,1',skycell-rw,1,4,6,0.03,0.043
designed,930,1',pgsphere,1,4,9,0.016,0.114
designed,930,1',q3c,1,4,301,2.84,0.605
designed,930,1',skycell,1,4,9,0.062,0.043
designed,424,"10""",skycell,1,1,7,0.04,0.032
designed,424,"10""",q3c,1,1,301,2.659,0.638
designed,424,"10""",pgsphere,1,1,5,0.058,0.052
designed,424,"10""",skycell-rw,1,1,7,0.069,0.077
designed,142,"1""",skycell-rw,1,1,7,0.058,0.033
designed,142,"1""",pgsphere,1,1,5,0.021,0.033
designed,142,"1""",q3c,1,1,301,2.783,0.671
designed,142,"1""",skycell,1,1,7,0.06,0.031
designed,1233,6',q3c,1,2,301,2.337,0.618
designed,1233,6',skycell-rw,4,2,4,0.076,0.041
designed,1233,6',pgsphere,8,2,8,0.024,0.041
designed,1233,6',skycell,4,2,4,0.026,0.018
designed,497,"10""",skycell-rw,1,0,3,0.069,0.078
designed,497,"10""",skycell,1,0,3,0.024,0.009
designed,497,"10""",pgsphere,1,0,4,0.018,0.027
designed,497,"10""",q3c,1,0,300,2.789,0.558
designed,1367,30',skycell,85,60,10,0.077,0.07
designed,1367,30',pgsphere,190,60,22,0.035,0.092
designed,1367,30',skycell-rw,85,60,6,0.05,0.039
designed,1367,30',q3c,31,60,303,2.65,0.589
designed,112,"1""",q3c,1,1,301,2.479,0.625
designed,112,"1""",pgsphere,1,1,5,0.052,0.056
designed,112,"1""",skycell-rw,1,1,4,0.06,0.025
designed,112,"1""",skycell,1,1,4,0.023,0.011
designed,481,"10""",q3c,1,0,300,2.662,0.536
designed,481,"10""",pgsphere,1,0,6,0.051,0.046
designed,481,"10""",skycell-rw,1,0,7,0.102,0.076
designed,481,"10""",skycell,1,0,7,0.031,0.012
designed,613,"10""",skycell,1,0,3,0.02,0.01
designed,613,"10""",q3c,1,0,300,2.82,0.725
designed,613,"10""",pgsphere,1,0,6,0.055,0.043
designed,613,"10""",skycell-rw,1,0,3,0.054,0.019
designed,951,1',skycell-rw,1,0,4,0.033,0.02
designed,951,1',skycell,1,0,4,0.019,0.009
designed,951,1',q3c,1,0,300,2.912,0.675
designed,951,1',pgsphere,1,0,4,0.052,0.034
designed,702,"10""",skycell-rw,1,1,4,0.051,0.024
designed,702,"10""",pgsphere,1,1,5,0.018,0.03
designed,702,"10""",skycell,1,1,4,0.027,0.015
designed,702,"10""",q3c,1,1,301,2.474,0.663
designed,77,"1""",skycell,1,0,3,0.055,0.023
designed,77,"1""",skycell-rw,1,0,3,0.067,0.009
designed,77,"1""",pgsphere,1,0,7,0.02,0.036
designed,77,"1""",q3c,1,0,300,2.867,0.653
designed,343,"1""",skycell-rw,1,0,3,0.088,0.045
designed,343,"1""",pgsphere,1,0,4,0.03,0.033
designed,343,"1""",q3c,1,0,300,2.622,0.564
designed,343,"1""",skycell,1,0,3,0.056,0.024
designed,724,"10""",q3c,1,1,301,2.449,0.561
designed,724,"10""",skycell,1,1,4,0.057,0.041
designed,724,"10""",pgsphere,1,1,6,0.066,0.098
designed,724,"10""",skycell-rw,1,1,4,0.049,0.015
designed,164,"1""",skycell-rw,1,1,4,0.029,0.017
designed,164,"1""",skycell,1,1,4,0.021,0.01
designed,164,"1""",q3c,1,1,301,2.669,0.66
designed,164,"1""",pgsphere,1,1,6,0.13,0.058
designed,428,"10""",skycell,1,1,4,0.042,0.023
designed,428,"10""",pgsphere,1,1,6,0.025,0.031
designed,428,"10""",q3c,1,1,301,2.702,0.584
designed,428,"10""",skycell-rw,1,1,4,0.084,0.032
designed,1168,6',pgsphere,8,669,70,0.034,0.296
designed,1168,6',skycell-rw,90,669,33,0.064,1.457
designed,1168,6',q3c,21,669,314,2.324,0.749
designed,1168,6',skycell,106,669,29,0.07,0.253
designed,1227,6',skycell,5,4,8,0.037,0.024
designed,1227,6',skycell-rw,5,4,8,0.07,0.023
designed,1227,6',pgsphere,8,4,9,0.021,0.044
designed,1227,6',q3c,3,4,301,2.481,0.591
designed,130,"1""",q3c,1,1,301,3.368,0.618
designed,130,"1""",pgsphere,1,1,7,0.051,0.045
designed,130,"1""",skycell,1,1,4,0.037,0.023
designed,130,"1""",skycell-rw,1,1,4,0.04,0.011
designed,183,"1""",skycell-rw,1,0,3,0.029,0.014
designed,183,"1""",skycell,1,0,3,0.017,0.007
designed,183,"1""",pgsphere,1,0,5,0.016,0.027
designed,183,"1""",q3c,1,0,300,2.821,0.554
designed,377,"1""",q3c,1,0,300,2.696,0.564
designed,377,"1""",skycell,1,0,3,0.057,0.026
designed,377,"1""",pgsphere,1,0,5,0.034,0.045
designed,377,"1""",skycell-rw,1,0,3,0.041,0.01
designed,1338,30',pgsphere,190,1099,120,0.018,0.469
designed,1338,30',skycell,886,1099,64,0.079,0.324
designed,1338,30',skycell-rw,886,1099,54,0.097,0.921
designed,1338,30',q3c,524,1099,328,2.811,0.888
designed,1062,1',skycell,1,1,4,0.061,0.04
designed,1062,1',q3c,1,1,301,2.88,0.559
designed,1062,1',skycell-rw,1,1,4,0.08,0.031
designed,1062,1',pgsphere,1,1,9,0.026,0.046
designed,81,"1""",skycell-rw,1,0,3,0.036,0.026
designed,81,"1""",skycell,1,0,3,0.025,0.01
designed,81,"1""",q3c,1,0,300,2.497,0.592
designed,81,"1""",pgsphere,1,0,5,0.058,0.044
designed,931,1',skycell,1,0,4,0.039,0.022
designed,931,1',q3c,1,0,300,2.803,0.562
designed,931,1',skycell-rw,1,0,4,0.075,0.029
designed,931,1',pgsphere,1,0,6,0.025,0.033
designed,272,"1""",pgsphere,1,1,5,0.016,0.024
designed,272,"1""",skycell,1,1,4,0.024,0.03
designed,272,"1""",q3c,1,1,301,2.727,0.612
designed,272,"1""",skycell-rw,1,1,4,0.072,0.028
designed,219,"1""",skycell-rw,1,0,6,0.065,0.036
designed,219,"1""",pgsphere,1,0,6,0.03,0.035
designed,219,"1""",q3c,1,0,300,2.858,0.659
designed,219,"1""",skycell,1,0,6,0.057,0.024
designed,1021,1',pgsphere,1,0,5,0.03,0.03
designed,1021,1',q3c,1,0,300,2.526,0.596
designed,1021,1',skycell-rw,1,0,4,0.074,0.029
designed,1021,1',skycell,1,0,4,0.028,0.011
designed,669,"10""",q3c,1,0,300,2.812,0.618
designed,669,"10""",skycell-rw,1,0,3,0.074,0.025
designed,669,"10""",pgsphere,1,0,5,0.024,0.046
designed,669,"10""",skycell,1,0,3,0.022,0.009
designed,590,"10""",skycell-rw,1,1,4,0.037,0.021
designed,590,"10""",q3c,1,1,301,2.238,0.63
designed,590,"10""",pgsphere,1,1,6,0.051,0.045
designed,590,"10""",skycell,1,1,4,0.035,0.023
designed,1198,6',skycell-rw,25,49,9,0.039,0.229
designed,1198,6',pgsphere,8,49,12,0.038,0.071
designed,1198,6',q3c,24,49,304,2.687,0.591
designed,1198,6',skycell,25,49,14,0.06,0.065
designed,1031,1',skycell-rw,1,0,8,0.058,0.664
designed,1031,1',q3c,1,0,300,2.678,0.574
designed,1031,1',skycell,1,0,7,0.061,0.033
designed,1031,1',pgsphere,1,0,5,0.028,0.046
designed,745,"10""",q3c,1,0,300,2.782,0.572
designed,745,"10""",skycell-rw,1,0,3,0.074,0.025
designed,745,"10""",skycell,1,0,3,0.026,0.009
designed,745,"10""",pgsphere,1,0,5,0.021,0.034
designed,92,"1""",q3c,1,1,301,2.987,0.593
designed,92,"1""",pgsphere,1,1,7,0.049,0.052
designed,92,"1""",skycell,1,1,4,0.044,0.029
designed,92,"1""",skycell-rw,1,1,4,0.037,0.01
designed,1161,6',pgsphere,8,4,8,0.019,0.056
designed,1161,6',q3c,3,4,301,2.717,0.603
designed,1161,6',skycell,4,4,4,0.057,0.034
designed,1161,6',skycell-rw,4,4,4,0.067,0.02
designed,773,"10""",q3c,1,0,300,2.456,0.571
designed,773,"10""",skycell-rw,1,0,3,0.074,0.023
designed,773,"10""",pgsphere,1,0,4,0.04,0.069
designed,773,"10""",skycell,1,0,3,0.044,0.018
designed,752,"10""",skycell,1,1,4,0.031,0.024
designed,752,"10""",q3c,1,1,301,2.57,0.566
designed,752,"10""",skycell-rw,1,1,4,0.153,0.033
designed,752,"10""",pgsphere,1,1,5,0.029,0.031
designed,317,"1""",pgsphere,1,0,4,0.024,0.035
designed,317,"1""",skycell,1,0,3,0.026,0.016
designed,317,"1""",skycell-rw,1,0,3,0.028,0.007
designed,317,"1""",q3c,1,0,300,2.81,0.627
designed,1274,6',q3c,1,443,312,2.761,0.815
designed,1274,6',skycell-rw,10,443,27,0.078,0.358
designed,1274,6',skycell,9,443,26,0.051,0.35
designed,1274,6',pgsphere,8,443,75,0.05,0.386
designed,548,"10""",skycell,1,1,4,0.043,0.024
designed,548,"10""",skycell-rw,1,1,4,0.054,0.014
designed,548,"10""",pgsphere,1,1,6,0.021,0.033
designed,548,"10""",q3c,1,1,301,2.782,0.579
designed,1151,6',pgsphere,8,1,6,0.05,0.06
designed,1151,6',skycell-rw,3,1,5,0.052,0.375
designed,1151,6',skycell,3,1,4,0.068,0.051
designed,1151,6',q3c,1,1,301,3.074,2.119
designed,533,"10""",skycell,1,0,3,0.059,0.039
designed,533,"10""",q3c,1,0,300,5.463,1.467
designed,533,"10""",pgsphere,1,0,5,0.057,0.045
designed,533,"10""",skycell-rw,1,0,3,0.063,0.02
designed,1159,6',pgsphere,8,2,6,0.557,0.05
designed,1159,6',skycell,3,2,8,0.055,0.03
designed,1159,6',q3c,1,2,302,4.883,0.657
designed,1159,6',skycell-rw,3,2,5,0.097,0.058
designed,361,"1""",pgsphere,1,0,4,0.039,0.026
designed,361,"1""",skycell,1,0,3,0.033,0.016
designed,361,"1""",skycell-rw,1,0,3,0.052,0.016
designed,361,"1""",q3c,1,0,300,4.743,0.73
designed,801,1',skycell,1,0,4,0.058,0.031
designed,801,1',q3c,1,0,300,4.388,0.98
designed,801,1',skycell-rw,1,0,4,0.652,0.037
designed,801,1',pgsphere,1,0,6,0.033,0.045
designed,1414,1deg,skycell-rw,833,1101,58,0.103,124.83
designed,1414,1deg,skycell,801,1101,66,0.162,0.379
designed,1414,1deg,q3c,198,1101,326,4.796,1.05
designed,1414,1deg,pgsphere,761,1101,149,0.058,0.511
designed,402,"10""",q3c,1,1,301,4.948,0.671
designed,402,"10""",pgsphere,1,1,5,0.055,0.045
designed,402,"10""",skycell,1,1,4,0.05,0.027
designed,402,"10""",skycell-rw,1,1,4,0.038,0.009
designed,261,"1""",q3c,1,0,300,4.846,0.709
designed,261,"1""",skycell,1,0,6,0.065,0.027
designed,261,"1""",skycell-rw,1,0,6,0.055,0.015
designed,261,"1""",pgsphere,1,0,8,0.025,0.055
designed,1016,1',pgsphere,1,1,5,0.016,0.026
designed,1016,1',skycell,1,1,4,0.031,0.023
designed,1016,1',skycell-rw,1,1,4,0.032,0.01
designed,1016,1',q3c,1,1,301,5.917,0.712
designed,501,"10""",pgsphere,1,0,5,0.093,0.055
designed,501,"10""",q3c,1,0,300,2.769,0.412
designed,501,"10""",skycell,1,0,3,0.1,0.027
designed,501,"10""",skycell-rw,1,0,3,0.131,0.02
designed,933,1',q3c,1,2,301,2.893,0.596
designed,933,1',skycell,1,2,8,0.06,0.035
designed,933,1',pgsphere,1,2,6,0.038,0.04
designed,933,1',skycell-rw,1,2,7,0.054,0.028
designed,269,"1""",pgsphere,1,0,4,0.021,0.026
designed,269,"1""",skycell-rw,1,0,3,0.031,0.043
designed,269,"1""",skycell,1,0,3,0.022,0.008
designed,269,"1""",q3c,1,0,300,2.635,0.622
designed,825,1',pgsphere,1,0,5,0.093,0.043
designed,825,1',skycell-rw,1,0,4,0.055,0.032
designed,825,1',q3c,1,0,301,2.852,0.599
designed,825,1',skycell,1,0,4,0.058,0.03
designed,881,1',skycell,1,0,4,0.056,0.028
designed,881,1',pgsphere,1,0,5,0.027,0.031
designed,881,1',q3c,1,0,300,2.805,0.561
designed,881,1',skycell-rw,1,0,4,0.074,0.03
designed,499,"10""",skycell-rw,1,0,4,0.043,0.025
designed,499,"10""",pgsphere,1,0,4,0.021,0.028
designed,499,"10""",skycell,1,0,4,0.024,0.011
designed,499,"10""",q3c,1,0,300,2.537,0.581
designed,332,"1""",pgsphere,1,1,5,0.06,0.062
designed,332,"1""",q3c,1,1,301,3.918,0.754
designed,332,"1""",skycell,1,1,4,0.07,0.037
designed,332,"1""",skycell-rw,1,1,4,0.067,0.017
designed,32,"1""",pgsphere,1,1,5,0.075,0.046
designed,32,"1""",skycell-rw,1,1,7,0.081,0.034
designed,32,"1""",q3c,1,1,301,3.249,0.649
designed,32,"1""",skycell,1,1,7,0.068,0.041
designed,1188,6',pgsphere,8,3,7,0.056,0.055
designed,1188,6',skycell-rw,5,3,9,0.107,0.067
designed,1188,6',skycell,5,3,13,0.065,0.046
designed,1188,6',q3c,4,3,302,3.833,0.803
designed,588,"10""",skycell-rw,1,1,4,0.093,0.054
designed,588,"10""",pgsphere,1,1,6,0.052,0.07
designed,588,"10""",skycell,1,1,4,0.049,0.063
designed,588,"10""",q3c,1,1,301,3.886,0.756
designed,751,"10""",q3c,1,0,300,3.468,0.804
designed,751,"10""",skycell-rw,1,0,3,0.129,0.033
designed,751,"10""",pgsphere,1,0,5,0.044,0.05
designed,751,"10""",skycell,1,0,3,0.06,0.023
designed,348,"1""",skycell,1,1,7,0.046,0.033
designed,348,"1""",q3c,1,1,301,3.086,0.592
designed,348,"1""",pgsphere,1,1,6,0.049,0.045
designed,348,"1""",skycell-rw,1,1,7,0.064,0.029
designed,650,"10""",pgsphere,1,1,5,0.023,0.033
designed,650,"10""",skycell-rw,1,1,4,0.036,0.02
designed,650,"10""",q3c,1,1,301,2.677,0.562
designed,650,"10""",skycell,1,1,4,0.054,0.04
designed,769,"10""",pgsphere,1,0,12,0.058,0.084
designed,769,"10""",skycell,1,0,3,0.031,0.017
designed,769,"10""",q3c,1,0,300,2.965,0.537
designed,769,"10""",skycell-rw,1,0,3,0.069,0.055
designed,335,"1""",q3c,1,0,300,2.681,0.544
designed,335,"1""",skycell,1,0,3,0.055,0.026
designed,335,"1""",skycell-rw,1,0,3,0.052,0.014
designed,335,"1""",pgsphere,1,0,4,0.023,0.028
designed,133,"1""",pgsphere,1,0,5,0.029,0.048
designed,133,"1""",skycell-rw,1,0,3,0.048,0.019
designed,133,"1""",skycell,1,0,3,0.032,0.013
designed,133,"1""",q3c,1,0,300,3.801,0.623
designed,27,"1""",skycell,1,0,3,0.078,0.035
designed,27,"1""",pgsphere,1,0,4,0.061,0.053
designed,27,"1""",skycell-rw,1,0,3,0.075,0.017
designed,27,"1""",q3c,1,0,300,3.842,0.983
designed,391,"1""",skycell-rw,1,0,4,0.074,0.029
designed,391,"1""",skycell,1,0,4,0.028,0.011
designed,391,"1""",q3c,1,0,300,2.744,0.54
designed,391,"1""",pgsphere,1,0,5,0.051,0.054
designed,365,"1""",skycell-rw,1,0,3,0.06,0.02
designed,365,"1""",pgsphere,1,0,4,0.021,0.024
designed,365,"1""",q3c,1,0,300,3.166,0.649
designed,365,"1""",skycell,1,0,3,0.056,0.024
designed,893,1',skycell,3,3,8,0.028,0.04
designed,893,1',pgsphere,1,3,10,0.024,0.052
designed,893,1',q3c,1,3,302,2.596,0.558
designed,893,1',skycell-rw,3,3,5,0.108,0.095
designed,919,1',skycell-rw,1,0,5,0.051,0.429
designed,919,1',pgsphere,1,0,6,0.07,0.043
designed,919,1',q3c,1,0,300,2.496,0.615
designed,919,1',skycell,1,0,4,0.059,0.028
designed,1044,1',skycell,1,1,6,0.026,0.027
designed,1044,1',skycell-rw,1,1,6,0.036,0.014
designed,1044,1',q3c,1,1,301,2.786,0.711
designed,1044,1',pgsphere,1,1,5,0.054,0.041
designed,423,"10""",q3c,1,0,300,2.439,0.533
designed,423,"10""",skycell,1,0,3,0.058,0.025
designed,423,"10""",skycell-rw,1,0,3,0.041,0.009
designed,423,"10""",pgsphere,1,0,3,0.03,0.051
designed,376,"1""",skycell,1,1,4,0.03,0.022
designed,376,"1""",q3c,1,1,301,2.322,0.572
designed,376,"1""",skycell-rw,1,1,4,0.072,0.028
designed,376,"1""",pgsphere,1,1,5,0.025,0.03
designed,1150,6',skycell,49,66,22,0.032,0.074
designed,1150,6',q3c,17,66,305,2.781,0.643
designed,1150,6',skycell-rw,49,66,11,0.078,0.089
designed,1150,6',pgsphere,8,66,13,0.027,0.109
designed,1383,30',pgsphere,190,65,14,0.018,0.08
designed,1383,30',q3c,33,65,302,2.915,0.582
designed,1383,30',skycell-rw,69,65,11,0.092,0.074
designed,1383,30',skycell,68,65,11,0.032,0.057
designed,1134,6',skycell,3,1,13,0.024,0.062
designed,1134,6',pgsphere,8,1,11,0.027,0.05
designed,1134,6',skycell-rw,3,1,9,0.048,0.031
designed,1134,6',q3c,2,1,302,2.669,0.54
designed,855,1',skycell,1,0,4,0.068,0.038
designed,855,1',q3c,1,0,300,2.707,0.576
designed,855,1',skycell-rw,1,0,4,0.074,0.029
designed,855,1',pgsphere,1,0,7,0.024,0.038
designed,1314,30',pgsphere,190,69,16,0.015,0.067
designed,1314,30',skycell,185,69,25,0.051,0.061
designed,1314,30',skycell-rw,186,69,11,0.057,0.056
designed,1314,30',q3c,34,69,305,2.463,0.613
designed,962,1',skycell-rw,1,2,4,0.071,0.04
designed,962,1',pgsphere,1,2,5,0.026,0.03
designed,962,1',q3c,1,2,301,2.534,0.567
designed,962,1',skycell,1,2,4,0.057,0.043
designed,455,"10""",skycell-rw,1,0,3,0.086,0.029
designed,455,"10""",pgsphere,1,0,4,0.024,0.031
designed,455,"10""",q3c,1,0,300,2.733,0.551
designed,455,"10""",skycell,1,0,3,0.055,0.029
designed,1328,30',pgsphere,190,879,114,0.028,0.513
designed,1328,30',skycell-rw,764,879,42,0.093,1.291
designed,1328,30',q3c,144,879,316,2.525,0.835
designed,1328,30',skycell,769,879,45,0.094,0.248
designed,91,"1""",q3c,1,0,300,2.635,0.639
designed,91,"1""",skycell,1,0,3,0.061,0.026
designed,91,"1""",pgsphere,1,0,5,0.03,0.038
designed,91,"1""",skycell-rw,1,0,3,0.048,0.016
designed,1366,30',pgsphere,190,65,14,0.054,0.066
designed,1366,30',q3c,26,65,303,3.021,0.559
designed,1366,30',skycell,130,65,21,0.075,0.08
designed,1366,30',skycell-rw,131,65,12,0.099,0.055
designed,1197,6',pgsphere,8,1,5,0.026,0.033
designed,1197,6',q3c,2,1,301,2.915,0.625
designed,1197,6',skycell,4,1,4,0.058,0.062
designed,1197,6',skycell-rw,4,1,4,0.049,0.018
designed,76,"1""",skycell,1,1,4,0.019,0.016
designed,76,"1""",pgsphere,1,1,6,0.02,0.034
designed,76,"1""",skycell-rw,1,1,4,0.025,0.008
designed,76,"1""",q3c,1,1,301,2.682,0.565
designed,1260,6',skycell,6,5,17,0.058,0.089
designed,1260,6',skycell-rw,6,5,10,0.065,0.041
designed,1260,6',q3c,3,5,301,2.75,0.585
designed,1260,6',pgsphere,8,5,9,0.05,0.053
designed,1166,6',skycell,10,20,9,0.075,0.043
designed,1166,6',skycell-rw,9,20,9,0.05,0.031
designed,1166,6',pgsphere,8,20,12,0.017,0.048
designed,1166,6',q3c,13,20,301,2.376,0.59
designed,593,"10""",skycell,1,0,3,0.056,0.033
designed,593,"10""",pgsphere,1,0,4,0.035,0.071
designed,593,"10""",skycell-rw,1,0,3,0.046,0.013
designed,593,"10""",q3c,1,0,300,3.019,0.583
designed,1045,1',skycell,1,1,8,0.057,0.067
designed,1045,1',q3c,1,1,301,2.451,0.616
designed,1045,1',pgsphere,1,1,5,0.054,0.039
designed,1045,1',skycell-rw,1,1,8,0.063,0.032
designed,1298,6',skycell,4,9,14,0.028,0.045
designed,1298,6',pgsphere,8,9,11,0.019,0.045
designed,1298,6',skycell-rw,4,9,11,0.048,0.034
designed,1298,6',q3c,6,9,301,2.588,0.609
designed,126,"1""",q3c,1,1,301,2.706,0.615
designed,126,"1""",skycell,1,1,4,0.058,0.032
designed,126,"1""",skycell-rw,1,1,4,0.042,0.017
designed,126,"1""",pgsphere,1,1,8,0.02,0.045
designed,1137,6',skycell,3,0,8,0.033,0.058
designed,1137,6',skycell-rw,3,0,8,0.051,0.023
designed,1137,6',pgsphere,8,0,7,0.018,0.043
designed,1137,6',q3c,1,0,301,2.338,0.619
designed,1189,6',skycell,4,3,5,0.058,0.042
designed,1189,6',pgsphere,8,3,9,0.026,0.049
designed,1189,6',skycell-rw,4,3,5,0.039,0.018
designed,1189,6',q3c,2,3,302,2.529,0.643
designed,238,"1""",skycell-rw,1,1,4,0.074,0.039
designed,238,"1""",pgsphere,1,1,5,0.025,0.028
designed,238,"1""",q3c,1,1,301,2.726,0.603
designed,238,"1""",skycell,1,1,4,0.057,0.04
designed,329,"1""",q3c,1,0,300,2.425,0.572
designed,329,"1""",skycell-rw,1,0,3,0.074,0.025
designed,329,"1""",skycell,1,0,3,0.035,0.011
designed,329,"1""",pgsphere,1,0,4,0.021,0.026
designed,293,"1""",skycell,1,0,3,0.019,0.012
designed,293,"1""",pgsphere,1,0,6,0.015,0.027
designed,293,"1""",q3c,1,0,300,2.888,0.581
designed,293,"1""",skycell-rw,1,0,3,0.076,0.024
designed,1450,3deg,q3c,11996,43507,978,2.611,8.573
designed,1450,3deg,pgsphere,6851,43507,1247,0.055,16.649
designed,1450,3deg,skycell,37721,43507,672,0.178,12.443
designed,1450,3deg,skycell-rw,37667,43507,672,0.443,10.801
designed,438,"10""",pgsphere,1,1,6,0.082,0.087
designed,438,"10""",q3c,1,1,301,3.818,1.001
designed,438,"10""",skycell-rw,1,1,4,0.117,0.042
designed,438,"10""",skycell,1,1,4,0.06,0.025
designed,208,"1""",q3c,1,1,301,3.527,0.982
designed,208,"1""",pgsphere,1,1,6,0.078,0.076
designed,208,"1""",skycell,1,1,7,0.082,0.129
designed,208,"1""",skycell-rw,1,1,7,0.115,0.088
designed,1408,1deg,q3c,2870,4152,371,4.339,2.396
designed,1408,1deg,pgsphere,761,4152,400,0.072,2.182
designed,1408,1deg,skycell-rw,5560,4152,111,0.422,1.311
designed,1408,1deg,skycell,5576,4152,125,0.142,1.379
designed,841,1',q3c,1,0,300,3.798,0.845
designed,841,1',pgsphere,1,0,4,0.07,0.061
designed,841,1',skycell,1,0,7,0.063,0.035
designed,841,1',skycell-rw,1,0,4,0.123,0.082
designed,396,"1""",skycell-rw,1,1,4,0.087,0.053
designed,396,"1""",pgsphere,1,1,5,0.042,0.042
designed,396,"1""",skycell,1,1,4,0.085,0.027
designed,396,"1""",q3c,1,1,301,4.168,0.921
designed,191,"1""",skycell,1,0,3,0.078,0.033
designed,191,"1""",pgsphere,1,0,4,0.052,0.041
designed,191,"1""",q3c,1,0,300,3.993,0.878
designed,191,"1""",skycell-rw,1,0,3,0.109,0.035
designed,74,"1""",pgsphere,1,1,5,0.055,0.061
designed,74,"1""",skycell-rw,1,1,4,0.075,0.046
designed,74,"1""",skycell,1,1,4,0.095,0.03
designed,74,"1""",q3c,1,1,301,3.671,0.863
designed,1247,6',pgsphere,8,0,6,0.065,0.103
designed,1247,6',q3c,2,0,301,3.883,0.763
designed,1247,6',skycell,4,0,8,0.079,0.05
designed,1247,6',skycell-rw,4,0,8,0.116,0.051
designed,36,"1""",skycell,1,1,4,0.061,0.091
designed,36,"1""",q3c,1,1,301,3.364,0.849
designed,36,"1""",skycell-rw,1,1,4,0.095,0.036
designed,36,"1""",pgsphere,1,1,6,0.072,0.058
designed,1242,6',skycell,16,11,9,0.072,0.054
designed,1242,6',skycell-rw,16,11,9,0.097,0.048
designed,1242,6',pgsphere,8,11,11,0.055,0.072
designed,1242,6',q3c,10,11,301,4.207,0.837
designed,602,"10""",skycell,1,1,4,0.07,0.055
designed,602,"10""",q3c,1,1,301,3.787,0.829
designed,602,"10""",pgsphere,1,1,6,0.067,0.182
designed,602,"10""",skycell-rw,1,1,4,0.1,0.037
designed,697,"10""",pgsphere,1,0,5,0.051,0.062
designed,697,"10""",skycell-rw,1,0,6,0.1,0.049
designed,697,"10""",q3c,1,0,300,4.181,0.87
designed,697,"10""",skycell,1,0,6,0.081,0.037
designed,1123,6',q3c,2,2,301,4.129,0.821
designed,1123,6',skycell,3,2,4,0.081,0.048
designed,1123,6',pgsphere,8,2,6,0.058,0.06
designed,1123,6',skycell-rw,3,2,4,0.088,0.039
designed,532,"10""",skycell,1,1,4,0.067,0.081
designed,532,"10""",pgsphere,1,1,7,0.053,0.076
designed,532,"10""",q3c,1,1,301,3.721,0.905
designed,532,"10""",skycell-rw,1,1,4,0.099,0.039
designed,626,"10""",skycell-rw,1,1,4,0.067,0.045
designed,626,"10""",pgsphere,1,1,5,0.101,0.048
designed,626,"10""",q3c,1,1,301,3.796,0.825
designed,626,"10""",skycell,1,1,4,0.064,0.033
designed,514,"10""",q3c,1,1,301,2.747,0.584
designed,514,"10""",skycell-rw,1,1,4,0.084,0.033
designed,514,"10""",pgsphere,1,1,5,0.028,0.032
designed,514,"10""",skycell,1,1,4,0.025,0.012
designed,1308,30',skycell,92,85,21,0.031,0.079
designed,1308,30',pgsphere,190,85,17,0.022,0.071
designed,1308,30',skycell-rw,93,85,17,0.057,0.058
designed,1308,30',q3c,103,85,304,2.835,0.648
designed,784,"10""",skycell-rw,1,1,4,0.075,0.028
designed,784,"10""",skycell,1,1,4,0.033,0.014
designed,784,"10""",pgsphere,1,1,7,0.021,0.034
designed,784,"10""",q3c,1,1,301,2.424,0.568
designed,453,"10""",skycell-rw,1,0,3,0.072,0.022
designed,453,"10""",skycell,1,0,3,0.024,0.008
designed,453,"10""",pgsphere,1,0,6,0.021,0.044
designed,453,"10""",q3c,1,0,300,2.62,0.555
designed,168,"1""",q3c,1,1,301,2.831,0.623
designed,168,"1""",skycell,1,1,4,0.058,0.031
designed,168,"1""",skycell-rw,1,1,4,0.042,0.012
designed,168,"1""",pgsphere,1,1,6,0.02,0.034
designed,180,"1""",pgsphere,1,1,8,0.016,0.059
designed,180,"1""",q3c,1,1,301,2.44,0.558
designed,180,"1""",skycell,1,1,4,0.059,0.04
designed,180,"1""",skycell-rw,1,1,4,0.042,0.011
designed,284,"1""",pgsphere,1,1,6,0.021,0.032
designed,284,"1""",skycell,1,1,4,0.021,0.017
designed,284,"1""",q3c,1,1,301,2.5,0.616
designed,284,"1""",skycell-rw,1,1,4,0.075,0.029
designed,1291,6',q3c,4,2,301,2.565,0.548
designed,1291,6',pgsphere,8,2,12,0.058,0.072
designed,1291,6',skycell-rw,3,2,8,0.069,0.043
designed,1291,6',skycell,3,2,8,0.043,0.02
designed,1223,6',q3c,2,1,301,3.015,0.874
designed,1223,6',skycell,3,1,4,0.066,0.036
designed,1223,6',skycell-rw,3,1,4,0.04,0.013
designed,1223,6',pgsphere,8,1,6,0.024,0.036
designed,1230,6',skycell-rw,3,1,5,0.033,0.024
designed,1230,6',skycell,3,1,5,0.019,0.012
designed,1230,6',q3c,2,1,301,2.964,0.609
designed,1230,6',pgsphere,8,1,9,0.052,0.056
designed,996,1',q3c,1,5,301,2.487,0.591
designed,996,1',skycell-rw,1,5,8,0.098,0.055
designed,996,1',skycell,1,5,8,0.035,0.018
designed,996,1',pgsphere,1,5,8,0.031,0.042
designed,744,"10""",skycell,1,1,4,0.027,0.035
designed,744,"10""",q3c,1,1,301,2.962,0.608
designed,744,"10""",pgsphere,1,1,5,0.052,0.042
designed,744,"10""",skycell-rw,1,1,4,0.098,0.041
designed,908,1',skycell,1,3,4,0.094,0.05
designed,908,1',q3c,1,3,301,2.773,0.645
designed,908,1',skycell-rw,1,3,4,0.079,0.035
designed,908,1',pgsphere,1,3,5,0.029,0.048
designed,754,"10""",pgsphere,1,1,8,0.023,0.044
designed,754,"10""",q3c,1,1,301,3.34,0.609
designed,754,"10""",skycell,1,1,4,0.06,0.032
designed,754,"10""",skycell-rw,1,1,4,0.042,0.011
designed,704,"10""",pgsphere,1,1,5,0.029,0.034
designed,704,"10""",skycell,1,1,4,0.035,0.024
designed,704,"10""",skycell-rw,1,1,4,0.033,0.011
designed,704,"10""",q3c,1,1,301,3.22,0.755
designed,542,"10""",pgsphere,1,1,6,0.053,0.039
designed,542,"10""",q3c,1,1,301,3.043,0.623
designed,542,"10""",skycell,1,1,9,0.063,0.04
designed,542,"10""",skycell-rw,1,1,8,0.061,0.025
designed,1087,1',skycell,1,0,10,0.025,0.02
designed,1087,1',pgsphere,1,0,4,0.021,0.028
designed,1087,1',q3c,1,0,300,2.516,0.592
designed,1087,1',skycell-rw,1,0,11,0.1,0.59
designed,537,"10""",skycell,1,0,3,0.048,0.03
designed,537,"10""",skycell-rw,1,0,3,0.053,0.013
designed,537,"10""",q3c,1,0,300,2.686,0.589
designed,537,"10""",pgsphere,1,0,5,0.052,0.038
designed,737,"10""",pgsphere,1,0,5,0.038,0.026
designed,737,"10""",skycell-rw,1,0,3,0.043,0.061
designed,737,"10""",skycell,1,0,3,0.028,0.011
designed,737,"10""",q3c,1,0,300,2.568,0.657
designed,248,"1""",skycell-rw,1,1,4,0.073,0.04
designed,248,"1""",q3c,1,1,301,2.596,0.575
designed,248,"1""",pgsphere,1,1,10,0.08,0.108
designed,248,"1""",skycell,1,1,4,0.043,0.021
designed,890,1',skycell,1,2,4,0.021,0.025
designed,890,1',q3c,1,2,301,2.577,0.753
designed,890,1',pgsphere,1,2,9,0.054,0.061
designed,890,1',skycell-rw,1,2,4,0.07,0.048
designed,607,"10""",pgsphere,1,0,4,0.07,0.036
designed,607,"10""",skycell,1,0,6,0.04,0.019
designed,607,"10""",q3c,1,0,300,2.922,0.576
designed,607,"10""",skycell-rw,1,0,6,0.09,0.03
designed,664,"10""",pgsphere,1,1,5,0.028,0.045
designed,664,"10""",skycell,1,1,4,0.026,0.018
designed,664,"10""",skycell-rw,1,1,4,0.027,0.009
designed,664,"10""",q3c,1,1,301,2.305,0.564
designed,934,1',pgsphere,1,2,7,0.049,0.044
designed,934,1',skycell-rw,1,2,8,0.061,0.053
designed,934,1',q3c,1,2,301,2.4,0.576
designed,934,1',skycell,1,2,8,0.057,0.036
designed,463,"10""",skycell-rw,1,0,6,0.059,0.034
designed,463,"10""",pgsphere,1,0,5,0.025,0.033
designed,463,"10""",skycell,1,0,6,0.02,0.009
designed,463,"10""",q3c,1,0,300,2.871,0.558
designed,950,1',pgsphere,1,1,6,0.049,0.04
designed,950,1',skycell,1,1,4,0.031,0.02
designed,950,1',skycell-rw,1,1,4,0.037,0.012
designed,950,1',q3c,1,1,301,2.932,0.567
designed,654,"10""",q3c,1,1,301,2.944,0.615
designed,654,"10""",pgsphere,1,1,5,0.078,0.053
designed,654,"10""",skycell,1,1,4,0.038,0.024
designed,654,"10""",skycell-rw,1,1,4,0.034,0.009
designed,1255,6',skycell-rw,40,47,10,0.057,0.072
designed,1255,6',q3c,20,47,303,2.701,0.582
designed,1255,6',skycell,40,47,10,0.065,0.065
designed,1255,6',pgsphere,8,47,14,0.037,0.086
designed,706,"10""",q3c,1,1,301,3.02,0.618
designed,706,"10""",pgsphere,1,1,7,0.051,0.053
designed,706,"10""",skycell-rw,1,1,4,0.058,0.025
designed,706,"10""",skycell,1,1,4,0.021,0.011
designed,746,"10""",skycell-rw,1,1,4,0.027,0.03
designed,746,"10""",skycell,1,1,4,0.017,0.009
designed,746,"10""",q3c,1,1,301,2.792,0.584
designed,746,"10""",pgsphere,1,1,5,0.048,0.042
designed,1303,30',skycell-rw,385,144,22,0.103,0.104
designed,1303,30',pgsphere,190,144,30,0.028,0.114
designed,1303,30',skycell,379,144,31,0.043,0.072
designed,1303,30',q3c,119,144,307,2.761,0.651
designed,263,"1""",pgsphere,1,0,6,0.05,0.04
designed,263,"1""",q3c,1,0,300,2.885,0.597
designed,263,"1""",skycell,1,0,6,0.056,0.025
designed,263,"1""",skycell-rw,1,0,6,0.055,0.016
designed,231,"1""",q3c,1,0,300,2.853,0.68
designed,231,"1""",skycell-rw,1,0,3,0.076,0.025
designed,231,"1""",skycell,1,0,3,0.038,0.014
designed,231,"1""",pgsphere,1,0,4,0.022,0.026
designed,1288,6',q3c,2,4,301,2.717,0.599
designed,1288,6',skycell,3,4,4,0.058,0.035
designed,1288,6',pgsphere,8,4,5,0.027,0.032
designed,1288,6',skycell-rw,3,4,5,0.038,0.476
designed,983,1',q3c,1,0,300,2.654,0.616
designed,983,1',pgsphere,1,0,5,0.053,0.042
designed,983,1',skycell-rw,1,0,8,0.066,0.037
designed,983,1',skycell,1,0,8,0.034,0.015
designed,1415,1deg,skycell,309,251,34,0.033,0.134
designed,1415,1deg,q3c,120,251,308,2.701,0.685
designed,1415,1deg,pgsphere,761,251,48,0.051,0.169
designed,1415,1deg,skycell-rw,309,251,13,0.07,0.117
designed,1391,30',q3c,42,77,304,2.51,0.661
designed,871,1',pgsphere,1,0,5,0.022,0.031
designed,871,1',skycell,1,0,4,0.036,0.021
designed,871,1',skycell-rw,1,0,4,0.043,0.013
designed,871,1',q3c,1,0,300,2.579,0.598
designed,400,"1""",skycell,1,1,7,0.054,0.026
designed,400,"1""",pgsphere,1,1,6,0.025,0.052
designed,400,"1""",skycell-rw,1,1,7,0.05,0.018
designed,400,"1""",q3c,1,1,301,2.652,0.593
designed,1229,6',q3c,7,14,302,3.222,0.615
designed,1229,6',pgsphere,8,14,9,0.052,0.062
designed,1229,6',skycell-rw,6,14,12,0.065,1.028
designed,1229,6',skycell,6,14,8,0.051,0.03
designed,878,1',skycell,1,1,4,0.039,0.02
designed,878,1',q3c,1,1,301,2.714,0.544
designed,878,1',pgsphere,1,1,6,0.053,0.048
designed,878,1',skycell-rw,1,1,4,0.048,0.022
designed,285,"1""",skycell-rw,1,0,6,0.071,0.023
designed,285,"1""",skycell,1,0,6,0.039,0.014
designed,285,"1""",pgsphere,1,0,4,0.027,0.023
designed,285,"1""",q3c,1,0,300,2.731,0.646
designed,686,"10""",q3c,1,1,301,2.833,0.635
designed,686,"10""",skycell,1,1,4,0.06,0.059
designed,686,"10""",pgsphere,1,1,5,0.032,0.038
designed,686,"10""",skycell-rw,1,1,4,0.037,0.011
designed,1392,30',skycell,61,67,7,0.024,0.067
designed,1392,30',q3c,33,67,303,2.644,0.579
designed,1392,30',pgsphere,190,67,11,0.05,0.071
designed,1392,30',skycell-rw,62,67,7,0.055,0.076
designed,766,"10""",skycell,1,1,4,0.039,0.038
designed,766,"10""",skycell-rw,1,1,4,0.044,0.014
designed,766,"10""",pgsphere,1,1,5,0.02,0.029
designed,766,"10""",q3c,1,1,301,2.823,0.595
designed,1403,1deg,pgsphere,761,324,49,0.048,0.173
designed,1403,1deg,skycell,397,324,45,0.051,0.159
designed,1403,1deg,q3c,506,324,310,2.62,0.77
designed,1403,1deg,skycell-rw,388,324,37,0.141,0.153
designed,1360,30',skycell,583,674,49,0.084,0.264
designed,1360,30',pgsphere,190,674,90,0.032,0.511
designed,1360,30',q3c,412,674,315,2.523,0.696
designed,1360,30',skycell-rw,585,674,37,0.117,0.926
designed,1293,6',pgsphere,8,4,7,0.046,0.062
designed,1293,6',skycell,3,4,4,0.037,0.027
designed,1293,6',q3c,2,4,301,2.738,0.62
designed,1293,6',skycell-rw,3,4,4,0.074,0.036
designed,612,"10""",skycell,1,1,8,0.04,0.026
designed,612,"10""",skycell-rw,1,1,8,0.046,0.019
designed,612,"10""",q3c,1,1,301,2.905,0.59
designed,612,"10""",pgsphere,1,1,5,0.05,0.04
designed,1063,1',q3c,1,0,300,2.664,0.556
designed,1063,1',pgsphere,1,0,5,0.049,0.039
designed,1063,1',skycell,1,0,4,0.035,0.021
designed,1063,1',skycell-rw,1,0,4,0.032,0.009
designed,1444,3deg,skycell-rw,29136,35019,564,0.227,5.744
designed,1444,3deg,pgsphere,6851,35019,1101,0.045,10.525
designed,1444,3deg,skycell,29167,35019,564,0.136,5.742
designed,1444,3deg,q3c,11575,35019,904,2.903,7.571
designed,1256,6',skycell,7,2233,61,0.063,0.619
designed,1256,6',q3c,3,2233,332,2.496,1.119
designed,1256,6',pgsphere,8,2233,195,0.053,0.695
designed,1256,6',skycell-rw,7,2233,54,0.076,0.462
designed,14,"1""",pgsphere,1,1,6,0.034,0.045
designed,14,"1""",skycell,1,1,4,0.029,0.019
designed,14,"1""",q3c,1,1,301,2.574,0.592
designed,14,"1""",skycell-rw,1,1,4,0.071,0.027
designed,119,"1""",q3c,1,0,300,2.65,0.625
designed,119,"1""",skycell,1,0,3,0.091,0.026
designed,119,"1""",skycell-rw,1,0,3,0.047,0.012
designed,119,"1""",pgsphere,1,0,5,0.021,0.029
designed,942,1',skycell,4,4,8,0.038,0.031
designed,942,1',q3c,1,4,301,2.558,0.615
designed,942,1',pgsphere,1,4,5,0.079,0.043
designed,942,1',skycell-rw,4,4,5,0.052,0.032
designed,725,"10""",q3c,1,0,300,2.32,0.601
designed,725,"10""",skycell,1,0,3,0.061,0.025
designed,725,"10""",skycell-rw,1,0,3,0.037,0.009
designed,725,"10""",pgsphere,1,0,4,0.019,0.036
designed,61,"1""",skycell,1,0,6,0.021,0.015
designed,61,"1""",skycell-rw,1,0,6,0.052,0.017
designed,61,"1""",q3c,1,0,300,2.858,0.588
designed,61,"1""",pgsphere,1,0,3,0.06,0.03
designed,1451,3deg,skycell,2912,2330,104,0.095,0.553
designed,1451,3deg,q3c,1901,2330,346,2.696,1.16
designed,1451,3deg,pgsphere,6851,2330,99,0.049,0.755
designed,1451,3deg,skycell-rw,3065,2330,85,0.208,2.279
designed,1363,30',pgsphere,190,60,17,0.05,0.073
designed,1363,30',skycell-rw,74,60,11,0.071,0.063
designed,1363,30',q3c,27,60,303,2.662,0.674
designed,1363,30',skycell,73,60,15,0.076,0.062
designed,218,"1""",pgsphere,1,1,5,0.039,0.038
designed,218,"1""",skycell-rw,1,1,7,0.062,0.027
designed,218,"1""",q3c,1,1,301,2.472,0.639
designed,218,"1""",skycell,1,1,7,0.061,0.031
designed,1336,30',skycell-rw,701,1019,41,0.086,0.3
designed,1336,30',skycell,698,1019,49,0.066,0.216
designed,1336,30',q3c,430,1019,325,2.558,0.782
designed,1336,30',pgsphere,190,1019,156,0.051,0.42
designed,87,"1""",q3c,1,0,300,2.708,0.518
designed,87,"1""",pgsphere,1,0,6,0.049,0.041
designed,87,"1""",skycell-rw,1,0,3,0.051,0.017
designed,87,"1""",skycell,1,0,3,0.022,0.008
designed,192,"1""",skycell-rw,1,1,4,0.033,0.018
designed,192,"1""",q3c,1,1,301,2.359,0.596
designed,192,"1""",skycell,1,1,4,0.055,0.026
designed,192,"1""",pgsphere,1,1,5,0.067,0.032
designed,944,1',pgsphere,1,1,8,0.02,0.058
designed,944,1',skycell,1,1,4,0.025,0.019
designed,944,1',skycell-rw,1,1,4,0.029,0.01
designed,944,1',q3c,1,1,301,2.348,0.554
designed,1104,6',pgsphere,8,2,7,0.046,0.045
designed,1104,6',skycell,4,2,12,0.039,0.03
designed,1104,6',q3c,2,2,301,2.639,0.523
designed,1104,6',skycell-rw,4,2,8,0.085,0.048
designed,545,"10""",skycell,1,0,3,0.032,0.014
designed,545,"10""",skycell-rw,1,0,3,0.028,0.007
designed,545,"10""",q3c,1,0,300,2.995,0.61
designed,545,"10""",pgsphere,1,0,5,0.053,0.04
designed,670,"10""",pgsphere,1,1,8,0.025,0.043
designed,670,"10""",q3c,1,1,301,2.439,0.53
designed,670,"10""",skycell,1,1,7,0.058,0.041
designed,670,"10""",skycell-rw,1,1,7,0.058,0.018
designed,1050,1',skycell,1,3,4,0.029,0.019
designed,1050,1',q3c,1,3,301,2.665,0.544
designed,1050,1',pgsphere,1,3,6,0.06,0.044
designed,1050,1',skycell-rw,1,3,4,0.137,0.024
designed,902,1',skycell-rw,1,3,8,0.047,0.036
designed,902,1',q3c,1,3,302,2.557,0.556
designed,902,1',skycell,1,3,8,0.058,0.037
designed,902,1',pgsphere,1,3,11,0.037,0.055
designed,1243,6',pgsphere,8,51,21,0.021,0.106
designed,1243,6',skycell,51,51,18,0.052,0.069
designed,1243,6',skycell-rw,51,51,13,0.088,0.059
designed,1243,6',q3c,13,51,302,2.543,0.628
designed,535,"10""",q3c,1,0,300,2.254,0.581
designed,535,"10""",skycell,1,0,4,0.06,0.028
designed,535,"10""",skycell-rw,1,0,4,0.042,0.012
designed,535,"10""",pgsphere,1,0,4,0.02,0.022
designed,809,1',skycell,1,0,8,0.019,0.031
designed,809,1',pgsphere,1,0,8,0.016,0.035
designed,809,1',q3c,1,0,300,2.812,0.539
designed,809,1',skycell-rw,1,0,8,0.083,0.037
designed,486,"10""",q3c,1,1,301,3.106,0.602
designed,486,"10""",pgsphere,1,1,7,0.059,0.047
designed,486,"10""",skycell,1,1,4,0.068,0.026
designed,486,"10""",skycell-rw,1,1,4,0.038,0.01
designed,147,"1""",pgsphere,1,0,5,0.017,0.03
designed,147,"1""",q3c,1,0,300,2.521,0.668
designed,147,"1""",skycell,1,0,3,0.058,0.03
designed,147,"1""",skycell-rw,1,0,3,0.039,0.009
designed,166,"1""",q3c,1,1,301,2.601,0.518
designed,166,"1""",skycell,1,1,4,0.056,0.03
designed,166,"1""",pgsphere,1,1,5,0.025,0.03
designed,166,"1""",skycell-rw,1,1,4,0.032,0.009
designed,93,"1""",q3c,1,0,300,2.538,0.698
designed,446,"10""",skycell-rw,1,1,4,0.028,0.025
designed,446,"10""",q3c,1,1,301,2.79,0.547
designed,446,"10""",skycell,1,1,4,0.057,0.029
designed,446,"10""",pgsphere,1,1,5,0.027,0.047
designed,371,"1""",skycell-rw,1,0,3,0.049,0.018
designed,371,"1""",pgsphere,1,0,4,0.016,0.021
designed,371,"1""",skycell,1,0,3,0.021,0.009
designed,371,"1""",q3c,1,0,300,2.422,0.565
designed,1009,1',q3c,1,0,300,2.483,0.668
designed,1009,1',skycell,1,0,4,0.058,0.029
designed,1009,1',pgsphere,1,0,8,0.034,0.047
designed,1009,1',skycell-rw,1,0,4,0.039,0.013
designed,840,1',q3c,1,2,302,2.374,0.574
designed,840,1',skycell-rw,1,2,8,0.095,0.057
designed,840,1',pgsphere,1,2,7,0.046,0.045
designed,840,1',skycell,1,2,8,0.027,0.057
designed,810,1',skycell,1,1,5,0.023,0.026
designed,810,1',pgsphere,1,1,5,0.017,0.025
designed,810,1',skycell-rw,1,1,5,0.04,0.02
designed,810,1',q3c,1,1,301,2.594,0.535
designed,956,1',skycell,1,1,6,0.056,0.041
designed,956,1',q3c,1,1,301,2.737,0.586
designed,956,1',skycell-rw,1,1,7,0.073,0.177
designed,956,1',pgsphere,1,1,7,0.037,0.049
designed,29,"1""",q3c,1,0,300,2.422,0.614
designed,29,"1""",skycell,1,0,3,0.069,0.031
designed,29,"1""",skycell-rw,1,0,3,0.066,0.036
designed,29,"1""",pgsphere,1,0,5,0.041,0.09
designed,1072,1',q3c,1,3,301,3.366,0.818
designed,1072,1',pgsphere,1,3,7,0.064,0.101
designed,1072,1',skycell-rw,1,3,5,0.063,0.046
designed,1072,1',skycell,1,3,5,0.025,0.016
designed,216,"1""",skycell,1,1,7,0.021,0.018
designed,216,"1""",pgsphere,1,1,5,0.02,0.027
designed,216,"1""",q3c,1,1,301,2.575,0.613
designed,216,"1""",skycell-rw,1,1,7,0.095,0.042
designed,193,"1""",skycell-rw,1,0,3,0.051,0.017
designed,193,"1""",pgsphere,1,0,4,0.022,0.024
designed,193,"1""",skycell,1,0,3,0.02,0.008
designed,193,"1""",q3c,1,0,300,2.455,0.534
designed,1026,1',pgsphere,1,1,6,0.08,0.155
designed,1026,1',skycell-rw,1,1,4,0.067,0.041
designed,1026,1',q3c,1,1,301,2.407,0.53
designed,1026,1',skycell,1,1,4,0.065,0.03
designed,314,"1""",q3c,1,1,301,2.602,0.56
designed,314,"1""",pgsphere,1,1,5,0.049,0.037
designed,314,"1""",skycell,1,1,4,0.032,0.021
designed,314,"1""",skycell-rw,1,1,4,0.033,0.009
designed,990,1',skycell,1,44,18,0.022,0.138
designed,990,1',pgsphere,1,44,15,0.024,0.076
designed,990,1',skycell-rw,1,44,34,0.034,1.152
designed,990,1',q3c,1,44,303,2.758,0.643
designed,1191,6',skycell-rw,3,1,4,0.07,0.039
designed,1191,6',skycell,3,1,4,0.03,0.014
designed,1191,6',pgsphere,8,1,6,0.021,0.07
designed,1191,6',q3c,2,1,301,2.772,0.564
designed,66,"1""",pgsphere,1,1,9,0.05,0.054
designed,66,"1""",skycell-rw,1,1,4,0.054,0.022
designed,66,"1""",skycell,1,1,4,0.021,0.01
designed,66,"1""",q3c,1,1,301,2.479,0.564
designed,699,"10""",skycell-rw,1,0,6,0.084,0.03
designed,699,"10""",pgsphere,1,0,9,0.04,0.045
designed,699,"10""",skycell,1,0,6,0.026,0.011
designed,699,"10""",q3c,1,0,300,2.488,0.54
designed,700,"10""",q3c,1,1,301,2.729,0.65
designed,700,"10""",pgsphere,1,1,7,0.051,0.049
designed,700,"10""",skycell-rw,1,1,4,0.09,0.023
designed,700,"10""",skycell,1,1,4,0.038,0.019
designed,646,"10""",skycell,1,1,5,0.03,0.023
designed,646,"10""",skycell-rw,1,1,5,0.037,0.012
designed,646,"10""",q3c,1,1,301,2.71,0.591
designed,646,"10""",pgsphere,1,1,6,0.048,0.045
designed,1285,6',skycell-rw,29,36,10,0.099,0.619
designed,1285,6',pgsphere,8,36,12,0.062,0.063
designed,1285,6',q3c,6,36,302,2.692,0.631
designed,1285,6',skycell,28,36,9,0.063,0.049
designed,104,"1""",pgsphere,1,1,5,0.031,0.033
designed,104,"1""",skycell,1,1,4,0.022,0.018
designed,104,"1""",skycell-rw,1,1,4,0.046,0.016
designed,104,"1""",q3c,1,1,301,3.105,0.655
designed,122,"1""",skycell-rw,1,1,7,0.09,0.05
designed,122,"1""",q3c,1,1,301,2.529,0.657
designed,122,"1""",skycell,1,1,7,0.065,0.034
designed,122,"1""",pgsphere,1,1,5,0.032,0.033
designed,1454,3deg,pgsphere,6851,7442,208,0.021,1.805
designed,1454,3deg,skycell,6466,7442,147,0.114,1.403
designed,1454,3deg,q3c,2717,7442,408,2.903,2.022
designed,1454,3deg,skycell-rw,6429,7442,137,0.273,1.188
designed,395,"1""",skycell,1,0,3,0.091,0.024
designed,395,"1""",skycell-rw,1,0,3,0.045,0.01
designed,395,"1""",q3c,1,0,300,2.579,0.642
designed,395,"1""",pgsphere,1,0,4,0.051,0.067
designed,404,"10""",pgsphere,1,1,5,0.029,0.028
designed,404,"10""",skycell,1,1,7,0.031,0.024
designed,404,"10""",q3c,1,1,301,2.716,0.578
designed,404,"10""",skycell-rw,1,1,7,0.085,0.035
designed,883,1',skycell-rw,1,0,7,0.067,0.035
designed,883,1',q3c,1,0,300,2.676,0.693
designed,883,1',pgsphere,1,0,7,0.053,0.056
designed,883,1',skycell,1,0,8,0.036,0.022
designed,679,"10""",pgsphere,1,0,5,0.026,0.029
designed,679,"10""",skycell-rw,1,0,3,0.037,0.015
designed,679,"10""",q3c,1,0,300,2.755,0.666
designed,679,"10""",skycell,1,0,3,0.057,0.024
designed,115,"1""",skycell,1,0,3,0.028,0.014
designed,115,"1""",skycell-rw,1,0,3,0.033,0.008
designed,115,"1""",pgsphere,1,0,5,0.021,0.026
designed,115,"1""",q3c,1,0,300,2.445,0.594
designed,524,"10""",pgsphere,1,1,5,0.052,0.033
designed,524,"10""",skycell-rw,1,1,4,0.047,0.021
designed,524,"10""",q3c,1,1,301,3.163,0.638
designed,524,"10""",skycell,1,1,4,0.055,0.028
designed,660,"10""",pgsphere,1,1,6,0.059,0.049
designed,660,"10""",skycell,1,1,7,0.046,0.028
designed,660,"10""",skycell-rw,1,1,7,0.067,0.026
designed,660,"10""",q3c,1,1,301,2.961,0.601
designed,866,1',q3c,1,2,301,2.378,0.592
designed,866,1',skycell,1,2,9,0.058,0.039
designed,866,1',skycell-rw,1,2,8,0.062,0.027
designed,866,1',pgsphere,1,2,6,0.023,0.038
designed,356,"1""",skycell-rw,1,1,7,0.041,0.032
designed,356,"1""",skycell,1,1,7,0.021,0.01
designed,356,"1""",pgsphere,1,1,7,0.016,0.068
designed,356,"1""",q3c,1,1,301,2.466,0.564
designed,1175,6',pgsphere,8,1,7,0.05,0.06
designed,1175,6',skycell-rw,3,1,4,0.049,0.023
designed,1175,6',skycell,3,1,4,0.034,0.014
designed,1175,6',q3c,2,1,301,2.875,0.582
designed,1208,6',q3c,13,10,301,2.498,0.645
designed,1208,6',skycell,6,10,6,0.069,0.05
designed,1208,6',pgsphere,8,10,12,0.031,0.055
designed,1208,6',skycell-rw,6,10,6,0.04,0.023
designed,853,1',skycell,1,0,4,0.024,0.018
designed,853,1',pgsphere,1,0,5,0.017,0.028
designed,853,1',q3c,1,0,300,2.439,0.564
designed,853,1',skycell-rw,1,0,4,0.074,0.03
designed,1000,1',pgsphere,1,1,5,0.056,0.037
designed,1000,1',skycell,1,1,4,0.031,0.021
designed,1000,1',skycell-rw,1,1,4,0.031,0.011
designed,1000,1',q3c,1,1,301,2.762,1.2
designed,224,"1""",skycell,1,1,4,0.062,0.043
designed,224,"1""",pgsphere,1,1,5,0.028,0.032
designed,224,"1""",q3c,1,1,301,2.544,0.613
designed,224,"1""",skycell-rw,1,1,4,0.074,0.03
designed,1011,1',pgsphere,1,0,5,0.032,0.032
designed,1011,1',skycell,1,0,8,0.028,0.023
designed,1011,1',q3c,1,0,300,2.78,0.592
designed,1011,1',skycell-rw,1,0,5,0.075,0.034
designed,858,1',pgsphere,1,8,6,0.041,0.042
designed,858,1',skycell,2,8,4,0.035,0.025
designed,858,1',q3c,1,8,301,2.648,0.587
designed,858,1',skycell-rw,2,8,4,0.079,0.042
designed,17,"1""",pgsphere,1,0,4,0.044,0.032
gaia,507,"10""",skycell,1,0,3,0.636,0.084
designed,17,"1""",skycell-rw,1,0,3,0.058,0.02
designed,17,"1""",q3c,1,0,300,2.82,0.691
designed,17,"1""",skycell,1,0,3,0.059,0.026
designed,326,"1""",pgsphere,1,1,7,0.043,0.048
designed,326,"1""",skycell-rw,1,1,4,0.038,0.02
designed,326,"1""",q3c,1,1,301,2.547,0.586
designed,326,"1""",skycell,1,1,4,0.058,0.03
designed,1204,6',skycell-rw,7,8,12,0.072,0.055
designed,1204,6',skycell,7,8,12,0.027,0.019
designed,1204,6',q3c,4,8,302,2.821,0.606
designed,1204,6',pgsphere,8,8,8,0.054,0.058
designed,662,"10""",skycell-rw,1,17,16,0.059,0.162
designed,662,"10""",pgsphere,1,17,10,0.021,0.049
designed,662,"10""",q3c,1,17,303,2.859,0.673
designed,662,"10""",skycell,1,17,16,0.058,0.14
designed,42,"1""",pgsphere,1,1,7,0.034,0.06
designed,42,"1""",q3c,1,1,301,2.487,0.603
designed,42,"1""",skycell-rw,1,1,4,0.072,0.031
designed,42,"1""",skycell,1,1,4,0.026,0.012
designed,1110,6',skycell-rw,17,27,6,0.043,0.053
designed,1110,6',pgsphere,8,27,10,0.022,0.079
designed,1110,6',q3c,8,27,302,2.803,0.743
designed,1110,6',skycell,17,27,5,0.093,0.056
designed,78,"1""",skycell,1,1,4,0.035,0.02
designed,78,"1""",skycell-rw,1,1,4,0.036,0.011
designed,78,"1""",pgsphere,1,1,7,0.021,0.037
designed,78,"1""",q3c,1,1,301,2.647,0.764
designed,972,1',q3c,1,2,301,2.653,0.594
designed,972,1',pgsphere,1,2,5,0.051,0.041
designed,972,1',skycell-rw,1,2,4,0.05,0.023
designed,972,1',skycell,1,2,4,0.019,0.023
designed,595,"10""",pgsphere,1,0,5,0.019,0.026
designed,595,"10""",skycell,1,0,3,0.019,0.012
designed,595,"10""",skycell-rw,1,0,3,0.031,0.008
designed,595,"10""",q3c,1,0,300,2.498,0.557
designed,228,"1""",skycell-rw,1,1,4,0.08,0.041
designed,228,"1""",pgsphere,1,1,5,0.027,0.031
designed,228,"1""",skycell,1,1,4,0.061,0.015
designed,228,"1""",q3c,1,1,301,2.418,0.577
designed,1170,6',q3c,2,5,302,2.451,0.65
designed,1170,6',skycell,7,5,8,0.074,0.05
designed,1170,6',skycell-rw,7,5,8,0.069,0.027
designed,1170,6',pgsphere,8,5,7,0.026,0.038
designed,869,1',skycell,1,0,4,0.036,0.02
designed,869,1',pgsphere,1,0,5,0.017,0.029
designed,869,1',skycell-rw,1,0,4,0.028,0.009
designed,869,1',q3c,1,0,300,2.752,0.652
designed,1119,6',q3c,4,14,302,3.415,0.814
designed,1119,6',skycell,10,14,6,0.078,0.076
designed,1119,6',pgsphere,8,14,8,0.05,0.074
designed,1119,6',skycell-rw,10,14,7,0.086,0.363
designed,616,"10""",q3c,1,1,301,2.955,0.589
designed,616,"10""",skycell-rw,1,1,4,0.072,0.038
designed,616,"10""",skycell,1,1,4,0.029,0.012
designed,616,"10""",pgsphere,1,1,6,0.026,0.044
designed,487,"10""",skycell-rw,1,0,3,0.034,0.017
designed,487,"10""",q3c,1,0,300,3.552,0.587
designed,487,"10""",pgsphere,1,0,9,0.052,0.064
designed,487,"10""",skycell,1,0,3,0.037,0.018
designed,477,"10""",q3c,1,0,300,2.872,0.558
designed,477,"10""",pgsphere,1,0,6,0.052,0.045
designed,477,"10""",skycell,1,0,3,0.046,0.019
designed,477,"10""",skycell-rw,1,0,3,0.04,0.008
designed,970,1',q3c,1,11,301,2.72,0.595
designed,970,1',skycell-rw,1,11,29,0.086,1.903
designed,970,1',skycell,1,11,13,0.069,0.085
designed,970,1',pgsphere,1,11,7,0.03,0.041
designed,827,1',q3c,1,0,300,2.74,0.618
designed,827,1',skycell-rw,1,0,9,0.091,0.605
designed,827,1',skycell,1,0,8,0.059,0.026
designed,827,1',pgsphere,1,0,4,0.025,0.037
designed,958,1',q3c,1,1,301,2.615,0.597
designed,958,1',skycell,1,1,4,0.087,0.032
designed,958,1',pgsphere,1,1,5,0.031,0.031
designed,958,1',skycell-rw,1,1,5,0.036,0.296
designed,1268,6',skycell-rw,3,3,6,0.05,0.285
designed,1268,6',skycell,3,3,5,0.032,0.024
designed,1268,6',pgsphere,8,3,9,0.057,0.057
designed,772,"10""",q3c,1,1,301,2.514,0.587
designed,772,"10""",skycell,1,1,4,0.058,0.032
designed,772,"10""",skycell-rw,1,1,4,0.146,0.035
designed,772,"10""",pgsphere,1,1,5,0.035,0.03
designed,312,"1""",skycell-rw,1,1,7,0.064,0.028
designed,312,"1""",q3c,1,1,301,2.467,0.58
designed,312,"1""",skycell,1,1,7,0.056,0.03
designed,312,"1""",pgsphere,1,1,6,0.027,0.035
designed,1390,30',pgsphere,190,710,72,0.017,0.28
designed,1390,30',skycell,488,710,39,0.07,0.219
designed,1390,30',q3c,179,710,318,2.678,0.723
designed,1390,30',skycell-rw,499,710,33,0.141,0.23
designed,500,"10""",pgsphere,1,1,5,0.043,0.035
designed,500,"10""",q3c,1,1,301,2.874,0.585
designed,500,"10""",skycell,1,1,8,0.055,0.072
designed,500,"10""",skycell-rw,1,1,7,0.065,0.02
designed,479,"10""",skycell-rw,1,0,3,0.034,0.015
designed,479,"10""",skycell,1,0,3,0.018,0.009
designed,479,"10""",pgsphere,1,0,5,0.02,0.044
designed,479,"10""",q3c,1,0,300,2.383,0.538
designed,543,"10""",skycell,1,0,3,0.052,0.02
designed,543,"10""",q3c,1,0,300,2.686,0.579
designed,543,"10""",skycell-rw,1,0,3,0.069,0.022
designed,543,"10""",pgsphere,1,0,5,0.037,0.036
designed,1058,1',q3c,1,4,301,2.874,0.648
designed,1058,1',pgsphere,1,4,8,0.049,0.069
designed,1058,1',skycell-rw,1,4,11,0.098,0.105
designed,1058,1',skycell,1,4,8,0.041,0.031
designed,1184,6',pgsphere,8,4,10,0.03,0.048
designed,1184,6',skycell-rw,3,4,8,0.048,0.033
designed,1184,6',skycell,3,4,8,0.023,0.016
designed,1184,6',q3c,6,4,301,2.401,0.602
designed,843,1',pgsphere,1,0,6,0.05,0.074
designed,843,1',skycell,1,0,4,0.043,0.022
designed,843,1',q3c,1,0,300,2.534,0.643
designed,843,1',skycell-rw,1,0,4,0.079,0.03
designed,171,"1""",skycell-rw,1,0,3,0.047,0.016
designed,171,"1""",q3c,1,0,300,2.739,0.603
designed,171,"1""",pgsphere,1,0,4,0.048,0.034
designed,171,"1""",skycell,1,0,3,0.058,0.022
designed,845,1',q3c,1,0,300,2.608,0.539
designed,845,1',skycell,1,0,4,0.053,0.027
designed,845,1',skycell-rw,1,0,4,0.057,0.019
designed,845,1',pgsphere,1,0,5,0.028,0.051
designed,1368,30',q3c,34,60,303,2.59,0.603
designed,1368,30',skycell-rw,71,60,16,0.1,0.131
designed,1368,30',pgsphere,190,60,19,0.037,0.076
designed,1368,30',skycell,71,60,22,0.051,0.062
designed,1302,30',skycell,558,528,44,0.06,0.163
designed,1302,30',pgsphere,190,528,61,0.021,0.279
designed,1302,30',skycell-rw,559,528,24,0.062,0.162
designed,1302,30',q3c,152,528,314,2.61,0.692
designed,1251,6',skycell-rw,3,2,6,0.069,0.049
designed,1251,6',skycell,3,2,9,0.027,0.014
designed,1251,6',q3c,2,2,301,2.438,0.52
designed,1251,6',pgsphere,8,2,9,0.049,0.06
designed,1379,30',pgsphere,190,79,16,0.025,0.072
designed,1379,30',q3c,111,79,305,2.649,0.575
designed,1379,30',skycell-rw,106,79,10,0.114,0.068
designed,1379,30',skycell,104,79,13,0.044,0.036
designed,1359,30',skycell,157,68,24,0.034,0.063
designed,1359,30',skycell-rw,159,68,16,0.055,0.736
designed,1359,30',pgsphere,190,68,15,0.037,0.141
designed,1359,30',q3c,41,68,304,2.61,0.586
designed,629,"10""",skycell-rw,1,0,3,0.071,0.06
designed,629,"10""",pgsphere,1,0,6,0.036,0.037
designed,629,"10""",skycell,1,0,3,0.028,0.013
designed,629,"10""",q3c,1,0,300,2.583,0.551
designed,383,"1""",q3c,1,0,300,2.48,0.608
designed,383,"1""",pgsphere,1,0,4,0.075,0.035
designed,383,"1""",skycell-rw,1,0,6,0.068,0.023
designed,383,"1""",skycell,1,0,6,0.023,0.009
designed,820,1',skycell,2,4,12,0.029,0.035
designed,820,1',skycell-rw,2,4,12,0.047,0.02
designed,820,1',pgsphere,1,4,8,0.024,0.047
designed,820,1',q3c,1,4,302,2.823,0.538
designed,1391,30',skycell,66,77,18,0.068,0.112
designed,1391,30',skycell-rw,67,77,15,0.077,0.054
designed,1391,30',pgsphere,190,77,18,0.038,0.07
designed,876,1',skycell,1,3,4,0.032,0.027
designed,876,1',pgsphere,1,3,7,0.02,0.047
designed,876,1',skycell-rw,1,3,5,0.033,0.015
designed,876,1',q3c,1,3,301,4.058,1.201
designed,880,1',pgsphere,1,1,5,0.049,0.036
designed,880,1',skycell,1,1,4,0.034,0.021
designed,880,1',q3c,1,1,301,3.656,1.203
designed,880,1',skycell-rw,1,1,4,0.083,0.034
designed,351,"1""",skycell-rw,1,0,3,0.06,0.02
designed,351,"1""",pgsphere,1,0,5,0.023,0.042
designed,351,"1""",q3c,1,0,300,4.57,0.656
designed,351,"1""",skycell,1,0,3,0.055,0.024
designed,901,1',skycell-rw,1,0,4,0.043,0.03
designed,901,1',q3c,1,0,300,2.569,0.556
designed,901,1',skycell,1,0,4,0.062,0.027
designed,901,1',pgsphere,1,0,4,0.028,0.032
designed,90,"1""",skycell-rw,1,1,4,0.041,0.031
designed,90,"1""",q3c,1,1,301,2.462,0.583
designed,90,"1""",skycell,1,1,4,0.052,0.028
designed,90,"1""",pgsphere,1,1,5,0.026,0.03
designed,913,1',skycell-rw,1,0,4,0.035,0.087
designed,913,1',skycell,1,0,4,0.023,0.009
designed,913,1',q3c,1,0,300,2.758,0.568
designed,913,1',pgsphere,1,0,7,0.05,0.049
designed,879,1',skycell-rw,1,0,4,0.047,0.027
designed,879,1',pgsphere,1,0,4,0.018,0.022
designed,879,1',skycell,1,0,4,0.023,0.012
designed,879,1',q3c,1,0,300,2.714,0.698
designed,821,1',pgsphere,1,0,4,0.048,0.041
designed,821,1',skycell-rw,1,0,4,0.049,0.02
designed,821,1',q3c,1,0,300,2.357,0.547
designed,821,1',skycell,1,0,4,0.081,0.03
designed,835,1',pgsphere,1,0,4,0.033,0.027
designed,835,1',skycell,1,0,4,0.024,0.017
designed,835,1',skycell-rw,1,0,4,0.031,0.009
designed,835,1',q3c,1,0,300,2.769,0.575
designed,515,"10""",q3c,1,0,300,2.804,0.613
designed,515,"10""",pgsphere,1,0,5,0.053,0.052
designed,515,"10""",skycell-rw,1,0,6,0.074,0.036
designed,515,"10""",skycell,1,0,6,0.063,0.017
designed,1347,30',q3c,43,68,306,2.641,0.636
designed,1347,30',skycell-rw,67,68,12,0.092,0.074
designed,1347,30',pgsphere,190,68,18,0.028,0.079
designed,1347,30',skycell,66,68,12,0.034,0.046
designed,1406,1deg,skycell-rw,1486,1108,46,0.118,0.284
designed,1406,1deg,q3c,1695,1108,325,2.575,0.859
designed,1406,1deg,skycell,1477,1108,55,0.134,0.287
designed,1406,1deg,pgsphere,761,1108,130,0.032,0.489
designed,471,"10""",skycell,1,0,3,0.037,0.017
designed,471,"10""",skycell-rw,1,0,3,0.038,0.011
designed,471,"10""",q3c,1,0,300,2.717,0.563
designed,471,"10""",pgsphere,1,0,4,0.048,0.033
designed,597,"10""",q3c,1,0,300,2.615,0.587
designed,597,"10""",skycell,1,0,7,0.057,0.03
designed,597,"10""",pgsphere,1,0,5,0.028,0.032
designed,597,"10""",skycell-rw,1,0,7,0.058,0.018
designed,762,"10""",pgsphere,1,1,5,0.051,0.077
designed,762,"10""",q3c,1,1,301,2.841,0.577
designed,762,"10""",skycell,1,1,4,0.056,0.031
designed,762,"10""",skycell-rw,1,1,4,0.044,0.014
designed,523,"10""",pgsphere,1,0,5,0.028,0.035
designed,523,"10""",q3c,1,0,300,2.442,0.563
designed,523,"10""",skycell-rw,1,0,7,0.086,0.036
designed,523,"10""",skycell,1,0,8,0.031,0.014
designed,733,"10""",skycell-rw,1,0,7,0.045,0.023
designed,733,"10""",q3c,1,0,300,3.204,0.581
designed,733,"10""",pgsphere,1,0,6,0.052,0.061
designed,733,"10""",skycell,1,0,8,0.051,0.023
designed,1399,30',skycell,80,66,18,0.029,0.057
designed,1399,30',q3c,78,66,302,2.979,0.62
designed,1399,30',skycell-rw,79,66,14,0.095,0.074
designed,1399,30',pgsphere,190,66,16,0.029,0.064
designed,1252,6',pgsphere,8,79,17,0.021,0.068
designed,1252,6',skycell-rw,95,79,19,0.073,0.873
designed,1252,6',skycell,96,79,20,0.067,0.058
designed,1252,6',q3c,20,79,302,2.673,0.777
designed,716,"10""",skycell,1,1,8,0.066,0.032
designed,716,"10""",skycell-rw,1,1,7,0.053,0.019
designed,716,"10""",pgsphere,1,1,8,0.029,0.056
designed,716,"10""",q3c,1,1,301,3.132,0.951
designed,743,"10""",pgsphere,1,0,4,0.055,0.037
designed,743,"10""",skycell-rw,1,0,3,0.052,0.018
designed,743,"10""",skycell,1,0,3,0.02,0.008
designed,743,"10""",q3c,1,0,300,2.718,0.683
designed,681,"10""",skycell,1,0,3,0.097,0.026
designed,681,"10""",q3c,1,0,300,2.61,0.615
designed,681,"10""",skycell-rw,1,0,3,0.077,0.025
designed,681,"10""",pgsphere,1,0,5,0.026,0.033
designed,172,"1""",skycell-rw,1,1,4,0.044,0.023
designed,172,"1""",q3c,1,1,301,2.569,0.655
designed,172,"1""",skycell,1,1,4,0.06,0.031
designed,172,"1""",pgsphere,1,1,6,0.038,0.04
designed,1214,6',skycell,31,26,14,0.033,0.044
designed,1214,6',q3c,3,26,302,2.799,0.617
designed,1214,6',skycell-rw,31,26,7,0.078,0.06
designed,1214,6',pgsphere,8,26,10,0.031,0.055
designed,582,"10""",pgsphere,1,1,6,0.017,0.027
designed,582,"10""",skycell-rw,1,1,8,0.05,0.042
designed,582,"10""",skycell,1,1,8,0.022,0.012
designed,582,"10""",q3c,1,1,301,2.752,0.587
designed,1416,1deg,q3c,7197,9129,455,2.571,2.458
designed,1416,1deg,pgsphere,761,9129,784,0.052,2.793
designed,1416,1deg,skycell,8468,9129,201,0.11,1.803
designed,1416,1deg,skycell-rw,8420,9129,198,0.238,1.46
designed,1205,6',pgsphere,8,0,5,0.044,0.032
designed,1205,6',skycell,5,0,4,0.033,0.021
designed,1205,6',q3c,1,0,300,2.336,0.561
designed,1205,6',skycell-rw,5,0,4,0.077,0.031
designed,1387,30',skycell,64,79,7,0.04,0.062
designed,1387,30',skycell-rw,64,79,7,0.039,0.037
designed,1387,30',q3c,74,79,306,2.805,0.678
designed,1387,30',pgsphere,190,79,19,0.051,0.104
designed,156,"1""",q3c,1,1,301,2.496,0.596
designed,156,"1""",pgsphere,1,1,8,0.05,0.052
designed,156,"1""",skycell-rw,1,1,4,0.051,0.022
designed,156,"1""",skycell,1,1,4,0.022,0.011
designed,1238,6',skycell-rw,3,4,6,0.03,0.042
designed,1238,6',pgsphere,8,4,8,0.023,0.042
designed,1238,6',skycell,3,4,12,0.028,0.018
designed,1238,6',q3c,1,4,301,2.822,0.602
designed,587,"10""",skycell,1,0,3,0.056,0.024
designed,587,"10""",skycell-rw,1,0,3,0.04,0.01
designed,587,"10""",q3c,1,0,300,2.67,0.595
designed,587,"10""",pgsphere,1,0,5,0.098,0.042
designed,674,"10""",pgsphere,1,1,9,0.029,0.06
designed,674,"10""",skycell-rw,1,1,4,0.047,0.02
designed,674,"10""",q3c,1,1,301,2.473,0.642
designed,674,"10""",skycell,1,1,4,0.055,0.03
designed,974,1',pgsphere,1,3,5,0.03,0.071
designed,974,1',skycell-rw,2,3,4,0.043,0.022
designed,974,1',skycell,2,3,4,0.019,0.011
designed,974,1',q3c,1,3,301,2.639,0.573
designed,1035,1',q3c,1,0,300,2.74,0.599
designed,1035,1',skycell,1,0,3,0.056,0.032
designed,1035,1',skycell-rw,1,0,4,0.052,0.405
designed,1035,1',pgsphere,1,0,5,0.044,0.035
designed,576,"10""",skycell-rw,1,1,4,0.059,0.023
designed,576,"10""",q3c,1,1,301,2.829,0.54
designed,576,"10""",skycell,1,1,4,0.085,0.028
designed,576,"10""",pgsphere,1,1,8,0.031,0.041
designed,492,"10""",skycell-rw,1,1,4,0.039,0.017
designed,492,"10""",q3c,1,1,301,2.734,0.58
designed,492,"10""",pgsphere,1,1,11,0.05,0.063
designed,492,"10""",skycell,1,1,4,0.039,0.021
designed,1090,1',q3c,2,5,301,2.61,0.564
designed,1090,1',skycell-rw,3,5,4,0.076,0.034
designed,1090,1',skycell,3,5,4,0.031,0.014
designed,1090,1',pgsphere,1,5,9,0.03,0.068
designed,685,"10""",q3c,1,0,300,2.451,0.613
designed,685,"10""",pgsphere,1,0,6,0.051,0.044
designed,685,"10""",skycell-rw,1,0,3,0.051,0.016
designed,685,"10""",skycell,1,0,3,0.024,0.01
designed,714,"10""",pgsphere,1,1,6,0.021,0.033
designed,714,"10""",skycell,1,1,7,0.02,0.019
designed,714,"10""",skycell-rw,1,1,7,0.046,0.017
designed,714,"10""",q3c,1,1,301,2.812,0.555
designed,811,1',skycell,1,1,4,0.087,0.032
designed,811,1',q3c,1,1,301,2.727,0.572
designed,811,1',skycell-rw,1,1,4,0.072,0.031
designed,811,1',pgsphere,1,1,7,0.024,0.071
designed,1317,30',q3c,28,71,305,3.097,0.614
designed,1317,30',skycell,66,71,14,0.063,0.067
designed,1317,30',skycell-rw,66,71,11,0.06,0.058
designed,1317,30',pgsphere,190,71,17,0.023,0.077
designed,965,1',skycell,1,0,3,0.023,0.016
designed,965,1',q3c,1,0,300,2.745,0.667
designed,965,1',skycell-rw,1,0,4,0.103,0.282
designed,965,1',pgsphere,1,0,6,0.038,0.039
designed,283,"1""",q3c,1,0,300,2.98,0.571
designed,283,"1""",skycell-rw,1,0,3,0.072,0.023
designed,283,"1""",skycell,1,0,3,0.034,0.014
designed,283,"1""",pgsphere,1,0,4,0.061,0.034
designed,1060,1',skycell-rw,1,1,8,0.072,0.066
designed,1060,1',skycell,1,1,8,0.038,0.019
designed,1060,1',q3c,1,1,301,2.636,0.632
designed,1060,1',pgsphere,1,1,6,0.051,0.061
designed,957,1',q3c,1,0,301,2.81,0.651
designed,957,1',pgsphere,1,0,4,0.051,0.036
designed,957,1',skycell,1,0,4,0.038,0.033
designed,957,1',skycell-rw,1,0,4,0.035,0.01
designed,1027,1',pgsphere,1,0,8,0.02,0.042
designed,1027,1',skycell-rw,1,0,11,0.044,0.046
designed,1027,1',skycell,1,0,8,0.02,0.02
designed,1027,1',q3c,1,0,301,2.457,0.567
designed,918,1',skycell,1,1,8,0.056,0.044
designed,918,1',q3c,1,1,301,2.476,0.555
designed,918,1',pgsphere,1,1,7,0.05,0.044
designed,918,1',skycell-rw,1,1,8,0.062,0.071
designed,226,"1""",q3c,1,1,301,2.491,0.58
designed,226,"1""",pgsphere,1,1,7,0.051,0.049
designed,226,"1""",skycell-rw,1,1,4,0.064,0.027
designed,226,"1""",skycell,1,1,4,0.021,0.01
designed,69,"1""",pgsphere,1,0,8,0.057,0.099
designed,69,"1""",skycell-rw,1,0,3,0.036,0.014
designed,69,"1""",skycell,1,0,3,0.023,0.009
designed,69,"1""",q3c,1,0,300,2.77,0.55
designed,652,"10""",pgsphere,1,1,5,0.049,0.033
designed,652,"10""",skycell-rw,1,1,4,0.066,0.032
designed,652,"10""",skycell,1,1,4,0.028,0.012
designed,652,"10""",q3c,1,1,301,2.723,0.638
designed,154,"1""",skycell-rw,1,1,4,0.072,0.03
designed,154,"1""",q3c,1,1,301,2.523,0.556
designed,154,"1""",skycell,1,1,4,0.058,0.029
designed,154,"1""",pgsphere,1,1,7,0.032,0.04
designed,266,"1""",skycell,1,1,7,0.03,0.022
designed,266,"1""",q3c,1,1,301,2.455,0.547
designed,266,"1""",skycell-rw,1,1,7,0.128,0.037
designed,266,"1""",pgsphere,1,1,6,0.028,0.041
designed,1028,1',skycell-rw,2,4,8,0.05,0.031
designed,1028,1',skycell,2,4,8,0.021,0.014
designed,1028,1',pgsphere,1,4,6,0.019,0.03
designed,1028,1',q3c,1,4,301,2.488,0.623
designed,62,"1""",q3c,1,1,301,2.647,0.585
designed,62,"1""",skycell-rw,1,1,7,0.165,0.043
designed,62,"1""",skycell,1,1,7,0.037,0.015
designed,62,"1""",pgsphere,1,1,9,0.032,0.055
designed,113,"1""",pgsphere,1,0,4,0.016,0.023
designed,113,"1""",skycell,1,0,3,0.055,0.015
designed,113,"1""",q3c,1,0,300,2.521,0.596
designed,113,"1""",skycell-rw,1,0,3,0.083,0.025
designed,954,1',q3c,1,1,301,2.491,0.561
designed,954,1',skycell,1,1,4,0.057,0.029
designed,954,1',skycell-rw,1,1,4,0.04,0.012
designed,954,1',pgsphere,1,1,7,0.02,0.037
designed,1433,1deg,pgsphere,761,901,99,0.016,0.435
designed,1433,1deg,q3c,378,901,323,2.571,0.829
gaia,507,"10""",q3c,1,0,300,5.161,0.968
designed,1433,1deg,skycell,1580,901,54,0.135,0.267
designed,1433,1deg,skycell-rw,1484,901,41,0.141,0.203
designed,1097,1',q3c,1,0,300,2.724,0.554
designed,1097,1',pgsphere,1,0,4,0.048,0.035
designed,1097,1',skycell,1,0,4,0.037,0.023
designed,1097,1',skycell-rw,1,0,4,0.033,0.01
designed,748,"10""",skycell-rw,1,1,4,0.033,0.017
designed,748,"10""",q3c,1,1,301,2.437,0.572
designed,748,"10""",pgsphere,1,1,6,0.048,0.042
designed,748,"10""",skycell,1,1,4,0.035,0.022
designed,1155,6',q3c,5,3,302,2.875,0.573
designed,1155,6',skycell-rw,10,3,4,0.084,0.035
designed,1155,6',skycell,10,3,4,0.032,0.016
designed,1155,6',pgsphere,8,3,6,0.023,0.038
designed,1183,6',pgsphere,8,7,5,0.016,0.041
designed,1183,6',skycell,7,7,9,0.021,0.029
designed,1183,6',skycell-rw,7,7,5,0.03,0.018
designed,1183,6',q3c,4,7,301,2.329,0.543
designed,968,1',pgsphere,1,2,6,0.047,0.039
designed,968,1',skycell-rw,1,2,5,0.055,0.028
designed,968,1',q3c,1,2,301,2.844,0.544
designed,968,1',skycell,1,2,5,0.058,0.035
designed,896,1',skycell,1,1,4,0.027,0.018
designed,896,1',pgsphere,1,1,7,0.022,0.035
designed,896,1',skycell-rw,1,1,4,0.039,0.011
designed,896,1',q3c,1,1,301,2.664,0.546
designed,349,"1""",q3c,1,0,300,2.528,0.582
designed,349,"1""",skycell,1,0,6,0.057,0.025
designed,349,"1""",skycell-rw,1,0,6,0.053,0.015
designed,349,"1""",pgsphere,1,0,5,0.032,0.03
designed,1253,6',q3c,2,4,302,2.567,0.529
designed,1253,6',skycell,3,4,12,0.059,0.036
designed,1253,6',pgsphere,8,4,8,0.026,0.041
designed,1253,6',skycell-rw,3,4,5,0.038,0.022
designed,1080,1',q3c,1,2,301,2.809,0.583
designed,1080,1',skycell-rw,1,2,4,0.073,0.032
designed,1080,1',skycell,1,2,4,0.033,0.016
designed,1080,1',pgsphere,1,2,6,0.022,0.031
designed,813,1',pgsphere,1,0,4,0.018,0.037
designed,813,1',q3c,1,0,300,2.589,0.557
designed,813,1',skycell-rw,1,0,4,0.083,0.032
designed,813,1',skycell,1,0,4,0.027,0.011
designed,717,"10""",skycell,1,0,3,0.024,0.024
designed,717,"10""",skycell-rw,1,0,3,0.036,0.008
designed,717,"10""",pgsphere,1,0,4,0.018,0.026
designed,717,"10""",q3c,1,0,300,2.382,0.552
designed,73,"1""",skycell-rw,1,0,3,0.071,0.023
designed,73,"1""",skycell,1,0,3,0.024,0.008
designed,73,"1""",pgsphere,1,0,5,0.022,0.03
designed,73,"1""",q3c,1,0,300,2.472,0.56
designed,490,"10""",q3c,1,1,301,2.998,0.623
designed,490,"10""",skycell-rw,1,1,4,0.085,0.049
designed,490,"10""",pgsphere,1,1,6,0.028,0.036
designed,490,"10""",skycell,1,1,4,0.023,0.012
designed,707,"10""",skycell,1,0,4,0.02,0.017
designed,707,"10""",pgsphere,1,0,5,0.015,0.028
designed,707,"10""",q3c,1,0,300,3.115,0.522
designed,707,"10""",skycell-rw,1,0,4,0.074,0.029
designed,580,"10""",q3c,1,1,301,2.834,0.535
designed,580,"10""",pgsphere,1,1,8,0.051,0.047
designed,580,"10""",skycell-rw,1,1,4,0.055,0.022
designed,580,"10""",skycell,1,1,4,0.02,0.01
designed,538,"10""",q3c,1,1,301,2.496,0.604
designed,538,"10""",skycell,1,1,4,0.058,0.061
designed,538,"10""",pgsphere,1,1,6,0.033,0.039
designed,538,"10""",skycell-rw,1,1,4,0.037,0.01
designed,1037,1',q3c,1,0,300,2.756,0.579
designed,1037,1',pgsphere,1,0,4,0.051,0.036
designed,1037,1',skycell-rw,1,0,4,0.051,0.039
designed,1037,1',skycell,1,0,4,0.023,0.01
designed,605,"10""",skycell-rw,1,0,3,0.028,0.014
designed,605,"10""",q3c,1,0,300,2.626,0.628
designed,605,"10""",pgsphere,1,0,7,0.05,0.048
designed,605,"10""",skycell,1,0,3,0.088,0.02
designed,799,"10""",q3c,1,0,300,2.537,0.574
designed,799,"10""",skycell,1,0,6,0.058,0.028
designed,799,"10""",skycell-rw,1,0,6,0.071,0.021
designed,799,"10""",pgsphere,1,0,4,0.038,0.034
designed,907,1',skycell,1,1,4,0.04,0.032
designed,907,1',q3c,1,1,301,2.618,0.649
designed,907,1',skycell-rw,1,1,4,0.08,0.033
designed,907,1',pgsphere,1,1,12,0.025,0.108
designed,297,"1""",skycell-rw,1,0,3,0.046,0.018
designed,297,"1""",q3c,1,0,300,2.531,0.714
designed,297,"1""",skycell,1,0,3,0.067,0.037
designed,297,"1""",pgsphere,1,0,6,0.033,0.037
designed,1081,1',skycell,1,0,4,0.037,0.024
designed,1081,1',skycell-rw,1,0,4,0.038,0.01
designed,1081,1',q3c,1,0,300,2.811,0.6
designed,1081,1',pgsphere,1,0,4,0.051,0.037
designed,1158,6',skycell-rw,45,49,7,0.07,0.076
designed,1158,6',skycell,45,49,10,0.039,0.043
designed,1158,6',pgsphere,8,49,14,0.019,0.069
designed,1158,6',q3c,9,49,303,2.38,0.657
designed,867,1',pgsphere,1,0,6,0.051,0.038
designed,867,1',skycell-rw,1,0,4,0.048,0.022
designed,867,1',q3c,1,0,300,2.931,0.604
designed,867,1',skycell,1,0,4,0.057,0.028
designed,1343,30',q3c,73,61,304,3.024,0.686
designed,1343,30',pgsphere,190,61,16,0.052,0.091
designed,1343,30',skycell,67,61,9,0.043,0.067
designed,1343,30',skycell-rw,68,61,6,0.043,0.04
designed,1345,30',pgsphere,190,63,22,0.018,0.135
designed,1345,30',skycell,72,63,19,0.028,0.071
designed,1345,30',q3c,29,63,307,2.784,0.603
designed,1345,30',skycell-rw,73,63,19,0.108,0.082
designed,364,"1""",skycell,1,1,4,0.037,0.021
designed,364,"1""",q3c,1,1,301,2.671,0.56
designed,364,"1""",skycell-rw,1,1,4,0.076,0.029
designed,364,"1""",pgsphere,1,1,5,0.025,0.03
designed,1132,6',skycell-rw,80,88,17,0.073,0.083
designed,1132,6',pgsphere,8,88,20,0.018,0.081
designed,1132,6',skycell,79,88,21,0.033,0.039
designed,1132,6',q3c,16,88,305,2.742,0.621
designed,564,"10""",skycell,1,1,4,0.056,0.028
designed,564,"10""",q3c,1,1,301,2.93,0.756
designed,564,"10""",pgsphere,1,1,7,0.065,0.068
designed,564,"10""",skycell-rw,1,1,4,0.07,0.031
designed,649,"10""",skycell,1,0,3,0.041,0.033
designed,649,"10""",skycell-rw,1,0,3,0.047,0.01
designed,649,"10""",q3c,1,0,300,3.954,0.732
designed,649,"10""",pgsphere,1,0,5,0.061,0.053
designed,148,"1""",skycell,1,1,7,0.052,0.031
designed,148,"1""",skycell-rw,1,1,7,0.143,0.025
designed,148,"1""",pgsphere,1,1,13,0.029,0.102
designed,148,"1""",q3c,1,1,301,4.157,0.732
designed,1373,30',skycell,80,49,21,0.092,0.112
designed,1373,30',q3c,41,49,303,3.743,0.76
designed,1373,30',skycell-rw,77,49,16,0.138,0.22
designed,1373,30',pgsphere,190,49,16,0.049,0.106
designed,393,"1""",q3c,1,0,300,4.26,0.726
designed,393,"1""",skycell,1,0,3,0.109,0.034
designed,393,"1""",pgsphere,1,0,3,0.038,0.034
designed,393,"1""",skycell-rw,1,0,3,0.073,0.015
designed,1206,6',q3c,5,63,303,4.065,0.797
designed,1206,6',skycell-rw,62,63,10,0.124,0.179
designed,1206,6',pgsphere,8,63,19,0.043,0.128
designed,1206,6',skycell,62,63,14,0.06,0.089
designed,117,"1""",pgsphere,1,0,5,0.035,0.036
designed,117,"1""",q3c,1,0,300,4.063,0.753
designed,117,"1""",skycell-rw,1,0,3,0.1,0.032
designed,117,"1""",skycell,1,0,3,0.055,0.018
designed,635,"10""",skycell,1,0,7,0.035,0.024
designed,635,"10""",pgsphere,1,0,3,0.037,0.027
designed,635,"10""",q3c,1,0,300,3.794,0.757
designed,635,"10""",skycell-rw,1,0,7,0.206,0.047
designed,381,"1""",skycell-rw,1,0,3,0.071,0.022
designed,381,"1""",q3c,1,0,300,3.819,0.764
designed,381,"1""",skycell,1,0,3,0.07,0.03
designed,381,"1""",pgsphere,1,0,4,0.037,0.046
designed,634,"10""",skycell-rw,1,1,7,0.086,0.036
designed,634,"10""",skycell,1,1,7,0.044,0.02
designed,634,"10""",pgsphere,1,1,6,0.027,0.048
designed,634,"10""",q3c,1,1,301,4.169,0.756
designed,1088,1',skycell,1,2,4,0.073,0.038
designed,1088,1',pgsphere,1,2,5,0.049,0.047
designed,1088,1',skycell-rw,1,2,4,0.061,0.023
designed,1088,1',q3c,1,2,301,4.083,0.787
designed,1124,6',skycell-rw,3,4,8,0.119,0.062
designed,1124,6',pgsphere,8,4,6,0.036,0.081
designed,1124,6',q3c,1,4,302,3.505,0.796
designed,1124,6',skycell,3,4,8,0.069,0.051
designed,1286,6',q3c,2,2,302,3.12,0.627
designed,1286,6',skycell,4,2,4,0.057,0.033
designed,1286,6',skycell-rw,4,2,4,0.046,0.017
designed,1286,6',pgsphere,8,2,7,0.021,0.034
designed,522,"10""",pgsphere,1,1,5,0.018,0.025
designed,522,"10""",q3c,1,1,301,2.477,0.588
designed,522,"10""",skycell-rw,1,1,4,0.072,0.042
designed,522,"10""",skycell,1,1,4,0.029,0.011
designed,1332,30',q3c,46,69,304,2.484,0.648
designed,1332,30',pgsphere,190,69,17,0.048,0.089
designed,1332,30',skycell-rw,79,69,12,0.073,0.08
designed,1332,30',skycell,79,69,17,0.035,0.04
designed,302,"1""",q3c,1,1,301,2.498,0.582
designed,302,"1""",skycell-rw,1,1,4,0.071,0.028
designed,302,"1""",pgsphere,1,1,5,0.024,0.029
designed,302,"1""",skycell,1,1,4,0.025,0.012
designed,291,"1""",skycell-rw,1,0,6,0.043,0.02
designed,291,"1""",pgsphere,1,0,7,0.02,0.035
designed,291,"1""",q3c,1,0,300,2.434,0.555
designed,291,"1""",skycell,1,0,6,0.055,0.024
designed,1122,6',skycell,36,21,18,0.029,0.053
designed,1122,6',skycell-rw,37,21,16,0.081,0.036
designed,1122,6',q3c,14,21,302,2.721,0.591
designed,1122,6',pgsphere,8,21,16,0.047,0.07
designed,961,1',skycell,1,0,8,0.04,0.023
designed,961,1',pgsphere,1,0,8,0.019,0.077
designed,961,1',skycell-rw,1,0,4,0.037,0.012
designed,961,1',q3c,1,0,300,2.65,0.556
designed,922,1',skycell,1,1,4,0.053,0.025
designed,922,1',skycell-rw,1,1,4,0.038,0.012
designed,922,1',pgsphere,1,1,5,0.022,0.029
designed,922,1',q3c,1,1,301,2.881,0.549
designed,324,"1""",pgsphere,1,1,6,0.076,0.043
designed,324,"1""",skycell-rw,1,1,4,0.05,0.02
designed,324,"1""",q3c,1,1,301,2.456,0.567
designed,324,"1""",skycell,1,1,4,0.056,0.028
designed,155,"1""",skycell,1,0,3,0.024,0.018
designed,155,"1""",skycell-rw,1,0,3,0.04,0.01
designed,155,"1""",pgsphere,1,0,7,0.019,0.041
designed,155,"1""",q3c,1,0,300,2.682,0.543
designed,511,"10""",pgsphere,1,0,5,0.076,0.041
designed,511,"10""",skycell-rw,1,0,3,0.056,0.024
designed,511,"10""",skycell,1,0,3,0.02,0.008
designed,511,"10""",q3c,1,0,300,2.45,0.628
designed,43,"1""",q3c,1,0,300,2.557,0.607
designed,43,"1""",skycell,1,0,3,0.054,0.024
designed,43,"1""",pgsphere,1,0,7,0.025,0.039
designed,43,"1""",skycell-rw,1,0,3,0.035,0.008
designed,1101,6',pgsphere,8,1,7,0.018,0.035
designed,1101,6',q3c,1,1,301,2.301,0.511
designed,1101,6',skycell-rw,4,1,5,0.07,0.031
designed,1101,6',skycell,4,1,5,0.039,0.016
designed,1098,1',skycell,1,1,4,0.018,0.017
designed,1098,1',pgsphere,1,1,5,0.02,0.029
designed,1098,1',q3c,1,1,301,2.621,0.549
designed,1098,1',skycell-rw,1,1,4,0.071,0.03
designed,558,"10""",skycell-rw,1,1,4,0.037,0.017
designed,558,"10""",q3c,1,1,301,2.486,0.607
designed,558,"10""",pgsphere,1,1,6,0.078,0.051
designed,558,"10""",skycell,1,1,4,0.034,0.022
designed,859,1',skycell-rw,1,0,4,0.036,0.019
designed,859,1',q3c,1,0,300,2.924,0.581
designed,859,1',pgsphere,1,0,4,0.076,0.033
designed,859,1',skycell,1,0,4,0.037,0.021
designed,1186,6',skycell,31,48,19,0.025,0.062
designed,1186,6',skycell-rw,32,48,19,0.074,0.042
designed,1186,6',pgsphere,8,48,15,0.021,0.066
designed,1186,6',q3c,17,48,305,2.803,0.578
designed,870,1',q3c,1,1,301,2.501,0.637
designed,870,1',skycell,1,1,4,0.056,0.03
designed,870,1',pgsphere,1,1,5,0.035,0.032
designed,870,1',skycell-rw,1,1,4,0.075,0.016
designed,567,"10""",skycell,1,0,3,0.023,0.014
designed,567,"10""",q3c,1,0,300,2.701,0.552
designed,567,"10""",skycell-rw,1,0,3,0.069,0.022
designed,567,"10""",pgsphere,1,0,4,0.037,0.028
designed,1445,3deg,pgsphere,6851,11210,392,0.016,3.553
designed,1445,3deg,skycell,11476,11210,223,0.128,1.962
designed,1445,3deg,skycell-rw,11239,11210,211,0.244,1.924
designed,1445,3deg,q3c,5011,11210,483,2.756,2.757
designed,531,"10""",skycell-rw,1,0,3,0.073,0.042
designed,531,"10""",q3c,1,0,300,2.802,0.57
designed,531,"10""",skycell,1,0,3,0.082,0.024
designed,531,"10""",pgsphere,1,0,5,0.035,0.032
designed,177,"1""",skycell,1,0,3,0.021,0.015
designed,177,"1""",skycell-rw,1,0,3,0.03,0.007
designed,177,"1""",q3c,1,0,300,2.427,0.569
designed,177,"1""",pgsphere,1,0,4,0.048,0.042
designed,1273,6',q3c,1,4,302,2.212,0.582
designed,1273,6',skycell,4,4,4,0.058,0.032
designed,1273,6',pgsphere,8,4,6,0.032,0.036
designed,1273,6',skycell-rw,4,4,4,0.037,0.015
designed,143,"1""",pgsphere,1,0,4,0.017,0.022
designed,143,"1""",skycell-rw,1,0,3,0.039,0.013
designed,143,"1""",q3c,1,0,300,2.647,0.54
designed,143,"1""",skycell,1,0,3,0.053,0.023
designed,571,"10""",skycell-rw,1,0,3,0.042,0.015
designed,571,"10""",pgsphere,1,0,5,0.036,0.03
designed,571,"10""",q3c,1,0,300,2.482,0.542
designed,571,"10""",skycell,1,0,3,0.053,0.052
designed,141,"1""",skycell,1,0,6,0.033,0.015
designed,141,"1""",skycell-rw,1,0,6,0.047,0.014
designed,141,"1""",q3c,1,0,300,2.626,0.531
designed,141,"1""",pgsphere,1,0,4,0.047,0.061
designed,1054,1',skycell,1,1,8,0.041,0.037
designed,1054,1',skycell-rw,1,1,7,0.047,0.017
designed,1054,1',pgsphere,1,1,8,0.02,0.047
designed,1054,1',q3c,1,1,301,2.856,0.574
designed,417,"10""",skycell,1,0,4,0.054,0.026
designed,417,"10""",skycell-rw,1,0,4,0.042,0.012
designed,417,"10""",q3c,1,0,301,2.852,0.565
designed,417,"10""",pgsphere,1,0,5,0.048,0.037
designed,1258,6',pgsphere,8,4,6,0.024,0.029
designed,1258,6',q3c,5,4,302,2.78,0.567
designed,1258,6',skycell-rw,3,4,4,0.07,0.033
designed,1258,6',skycell,3,4,4,0.033,0.017
designed,1041,1',skycell-rw,1,0,5,0.032,0.02
designed,1041,1',q3c,1,0,300,2.797,0.553
designed,1041,1',skycell,1,0,5,0.066,0.031
designed,1041,1',pgsphere,1,0,5,0.027,0.035
designed,1290,6',pgsphere,8,180,23,0.025,0.108
designed,1290,6',skycell,128,180,25,0.036,0.114
designed,1290,6',q3c,20,180,306,2.68,0.629
designed,1290,6',skycell-rw,124,180,21,0.11,0.111
designed,992,1',skycell,2,1,8,0.038,0.027
designed,992,1',skycell-rw,2,1,8,0.043,0.018
designed,992,1',pgsphere,1,1,8,0.025,0.053
designed,992,1',q3c,1,1,301,2.554,0.561
designed,1187,6',q3c,4,3,302,2.688,0.627
designed,1187,6',skycell,3,3,8,0.057,0.044
designed,1187,6',pgsphere,8,3,7,0.028,0.037
designed,1187,6',skycell-rw,3,3,5,0.038,0.024
designed,300,"1""",pgsphere,1,1,5,0.017,0.033
designed,300,"1""",skycell-rw,1,1,4,0.036,0.023
designed,300,"1""",skycell,1,1,4,0.017,0.009
designed,300,"1""",q3c,1,1,301,2.521,0.54
designed,298,"1""",q3c,1,1,301,2.713,0.6
designed,298,"1""",skycell-rw,1,1,4,0.07,0.03
designed,298,"1""",skycell,1,1,4,0.033,0.014
designed,298,"1""",pgsphere,1,1,5,0.021,0.028
designed,1143,6',pgsphere,8,4,8,0.016,0.052
designed,1143,6',q3c,6,4,302,2.75,0.533
designed,1143,6',skycell-rw,11,4,12,0.093,0.06
designed,1143,6',skycell,11,4,12,0.033,0.019
designed,949,1',pgsphere,1,0,4,0.025,0.026
designed,949,1',skycell,1,0,8,0.021,0.018
designed,949,1',q3c,1,0,300,2.439,0.568
designed,949,1',skycell-rw,1,0,8,0.082,0.035
designed,701,"10""",q3c,1,0,300,2.632,0.533
designed,701,"10""",skycell-rw,1,0,3,0.069,0.024
designed,701,"10""",skycell,1,0,3,0.025,0.009
designed,701,"10""",pgsphere,1,0,4,0.02,0.025
designed,906,1',q3c,1,4,301,2.632,0.562
designed,906,1',pgsphere,1,4,7,0.049,0.048
designed,906,1',skycell-rw,2,4,4,0.061,0.038
designed,906,1',skycell,2,4,4,0.021,0.014
designed,1029,1',q3c,1,0,300,2.879,0.556
designed,1029,1',skycell-rw,1,0,4,0.07,0.029
designed,1029,1',skycell,1,0,4,0.058,0.015
designed,1029,1',pgsphere,1,0,7,0.024,0.035
designed,1310,30',skycell,65,68,7,0.028,0.062
designed,1310,30',q3c,23,68,303,2.753,0.586
designed,1310,30',pgsphere,190,68,13,0.049,0.074
designed,1310,30',skycell-rw,66,68,7,0.056,0.049
designed,1344,30',pgsphere,190,57,15,0.017,0.07
designed,1344,30',q3c,36,57,305,2.805,0.62
designed,1344,30',skycell,68,57,11,0.062,0.072
designed,1344,30',skycell-rw,69,57,11,0.058,0.048
designed,1059,1',pgsphere,1,0,10,0.025,0.051
designed,1059,1',skycell-rw,1,0,4,0.031,0.015
designed,1059,1',q3c,1,0,301,2.789,0.553
designed,1059,1',skycell,1,0,4,0.055,0.026
designed,1008,1',skycell,1,2,4,0.026,0.022
designed,1008,1',pgsphere,1,2,7,0.024,0.054
designed,1008,1',q3c,1,2,301,2.678,0.591
designed,1008,1',skycell-rw,1,2,4,0.074,0.034
designed,823,1',q3c,1,0,300,2.477,0.791
designed,823,1',skycell-rw,1,0,4,0.077,0.033
designed,823,1',skycell,1,0,8,0.03,0.013
designed,823,1',pgsphere,1,0,4,0.022,0.06
designed,775,"10""",pgsphere,1,0,7,0.018,0.041
designed,775,"10""",skycell,1,0,3,0.02,0.012
designed,775,"10""",skycell-rw,1,0,3,0.028,0.007
designed,775,"10""",q3c,1,0,300,2.71,0.557
designed,1295,6',q3c,2,2,301,2.68,0.6
designed,1295,6',skycell,3,2,5,0.057,0.035
designed,1295,6',pgsphere,8,2,7,0.027,0.041
designed,1295,6',skycell-rw,3,2,5,0.047,0.017
designed,693,"10""",q3c,1,0,300,2.442,0.533
designed,693,"10""",skycell-rw,1,0,6,0.085,0.029
designed,693,"10""",skycell,1,0,6,0.04,0.015
designed,693,"10""",pgsphere,1,0,3,0.025,0.024
designed,1429,1deg,pgsphere,761,1284,152,0.016,0.599
designed,1429,1deg,q3c,529,1284,324,2.604,0.888
designed,1429,1deg,skycell-rw,1335,1284,53,0.159,0.367
designed,1429,1deg,skycell,1335,1284,68,0.155,0.282
designed,891,1',pgsphere,1,3,5,0.032,0.041
designed,891,1',skycell,1,3,4,0.027,0.022
designed,891,1',q3c,1,3,301,2.812,0.644
designed,891,1',skycell-rw,1,3,4,0.073,0.035
designed,233,"1""",pgsphere,1,0,4,0.026,0.026
designed,233,"1""",q3c,1,0,300,2.398,0.633
designed,233,"1""",skycell-rw,1,0,3,0.073,0.025
designed,233,"1""",skycell,1,0,3,0.028,0.01
designed,1074,1',pgsphere,1,1,5,0.021,0.045
designed,1074,1',q3c,1,1,301,2.462,0.635
designed,1074,1',skycell,1,1,4,0.056,0.029
designed,1074,1',skycell-rw,1,1,5,0.04,0.363
designed,680,"10""",q3c,1,1,301,2.599,0.646
designed,680,"10""",skycell,1,1,4,0.067,0.031
designed,680,"10""",pgsphere,1,1,7,0.026,0.038
designed,680,"10""",skycell-rw,1,1,4,0.039,0.013
designed,528,"10""",q3c,1,1,301,3.181,0.588
designed,528,"10""",skycell-rw,1,1,4,0.072,0.03
designed,528,"10""",skycell,1,1,4,0.033,0.014
designed,528,"10""",pgsphere,1,1,6,0.021,0.032
designed,788,"10""",q3c,1,1,301,2.751,0.545
designed,788,"10""",pgsphere,1,1,8,0.051,0.054
designed,788,"10""",skycell-rw,1,1,4,0.064,0.027
designed,788,"10""",skycell,1,1,4,0.024,0.01
designed,781,"10""",skycell-rw,1,0,3,0.032,0.014
gaia,507,"10""",pgsphere,1,0,29,0.411,0.117
designed,781,"10""",skycell,1,0,3,0.016,0.007
designed,781,"10""",q3c,1,0,300,2.441,0.599
designed,781,"10""",pgsphere,1,0,5,0.051,0.049
designed,234,"1""",skycell-rw,1,1,4,0.054,0.022
designed,234,"1""",pgsphere,1,1,5,0.03,0.028
designed,234,"1""",skycell,1,1,4,0.027,0.014
designed,234,"1""",q3c,1,1,301,2.855,0.564
designed,200,"1""",pgsphere,1,1,8,0.051,0.051
designed,200,"1""",skycell-rw,1,1,4,0.05,0.02
designed,200,"1""",q3c,1,1,301,2.474,0.558
designed,200,"1""",skycell,1,1,4,0.097,0.032
designed,979,1',q3c,1,0,300,2.684,0.573
designed,979,1',skycell-rw,1,0,4,0.073,0.03
designed,979,1',pgsphere,1,0,4,0.037,0.029
designed,979,1',skycell,1,0,4,0.029,0.014
designed,1094,1',skycell,1,2,4,0.02,0.02
designed,1094,1',pgsphere,1,2,7,0.019,0.034
designed,1094,1',q3c,1,2,301,2.543,0.565
designed,1094,1',skycell-rw,1,2,4,0.074,0.033
designed,1446,3deg,skycell-rw,3253,6269,111,0.143,1.078
designed,1446,3deg,skycell,3264,6269,128,0.105,1.01
designed,1446,3deg,pgsphere,6851,6269,167,0.039,1.424
designed,1446,3deg,q3c,1443,6269,388,2.736,1.718
designed,420,"10""",skycell,1,1,4,0.058,0.031
designed,420,"10""",q3c,1,1,301,2.735,0.582
designed,420,"10""",skycell-rw,1,1,4,0.141,0.033
designed,420,"10""",pgsphere,1,1,7,0.03,0.04
designed,357,"1""",skycell-rw,1,0,3,0.037,0.015
designed,357,"1""",skycell,1,0,3,0.021,0.009
designed,357,"1""",pgsphere,1,0,7,0.017,0.039
designed,357,"1""",q3c,1,0,300,2.399,0.563
designed,129,"1""",q3c,1,0,300,2.856,0.593
designed,129,"1""",pgsphere,1,0,4,0.05,0.035
designed,129,"1""",skycell-rw,1,0,3,0.06,0.02
designed,129,"1""",skycell,1,0,3,0.022,0.008
designed,540,"10""",pgsphere,1,1,7,0.028,0.038
designed,540,"10""",q3c,1,1,301,2.771,0.641
designed,540,"10""",skycell,1,1,4,0.059,0.031
designed,540,"10""",skycell-rw,1,1,4,0.05,0.013
designed,1178,6',skycell,6,10,5,0.02,0.027
designed,1178,6',pgsphere,8,10,6,0.052,0.034
designed,1178,6',q3c,10,10,301,3.245,0.598
designed,1178,6',skycell-rw,6,10,5,0.074,0.036
designed,1265,6',skycell,3,1,5,0.033,0.023
designed,1265,6',q3c,3,1,301,2.639,0.575
designed,1265,6',skycell-rw,3,1,5,0.073,0.037
designed,1265,6',pgsphere,8,1,7,0.025,0.041
designed,1355,30',pgsphere,190,47,23,0.029,0.092
designed,1355,30',skycell,86,47,15,0.04,0.058
designed,1355,30',q3c,51,47,305,2.7,0.618
designed,1355,30',skycell-rw,91,47,12,0.093,0.828
designed,1443,3deg,q3c,2990,2502,349,2.688,1.169
designed,1443,3deg,skycell-rw,2886,2502,91,0.171,1.847
designed,1443,3deg,skycell,2891,2502,112,0.126,0.518
designed,1443,3deg,pgsphere,6851,2502,105,0.037,0.804
designed,232,"1""",q3c,1,1,301,2.478,0.593
designed,232,"1""",skycell-rw,1,1,4,0.073,0.029
designed,232,"1""",pgsphere,1,1,5,0.032,0.031
designed,232,"1""",skycell,1,1,4,0.026,0.013
designed,791,"10""",skycell-rw,1,0,6,0.045,0.019
designed,791,"10""",pgsphere,1,0,4,0.018,0.022
designed,791,"10""",skycell,1,0,6,0.019,0.009
designed,791,"10""",q3c,1,0,300,2.387,0.603
designed,844,1',q3c,1,1,301,2.714,0.585
designed,844,1',skycell-rw,1,1,4,0.072,0.034
designed,844,1',pgsphere,1,1,6,0.031,0.036
designed,844,1',skycell,1,1,4,0.024,0.015
designed,980,1',skycell,1,1,4,0.02,0.021
designed,980,1',q3c,1,1,301,2.604,0.546
designed,980,1',pgsphere,1,1,5,0.075,0.041
designed,980,1',skycell-rw,1,1,4,0.052,0.026
designed,1182,6',skycell,41,52,10,0.028,0.061
designed,1182,6',q3c,9,52,303,2.601,0.593
designed,1182,6',skycell-rw,42,52,7,0.076,0.064
designed,1182,6',pgsphere,8,52,20,0.024,0.097
designed,636,"10""",q3c,1,1,301,2.834,0.609
gaia,507,"10""",skycell-rw,1,0,3,0.086,0.017
designed,636,"10""",pgsphere,1,1,5,0.05,0.037
designed,636,"10""",skycell,1,1,4,0.04,0.036
designed,636,"10""",skycell-rw,1,1,4,0.038,0.009
designed,294,"1""",pgsphere,1,1,8,0.019,0.125
designed,294,"1""",skycell,1,1,4,0.026,0.019
designed,294,"1""",q3c,1,1,301,2.333,0.589
designed,294,"1""",skycell-rw,1,1,4,0.069,0.027
designed,98,"1""",skycell-rw,1,1,4,0.042,0.018
designed,98,"1""",skycell,1,1,4,0.058,0.131
designed,98,"1""",pgsphere,1,1,5,0.027,0.031
designed,98,"1""",q3c,1,1,301,2.549,0.551
designed,924,1',skycell-rw,1,4,5,0.071,0.037
designed,924,1',skycell,1,4,5,0.037,0.021
designed,924,1',q3c,1,4,301,2.828,0.575
designed,924,1',pgsphere,1,4,5,0.097,0.042
designed,730,"10""",pgsphere,1,1,6,0.026,0.032
designed,730,"10""",skycell-rw,1,1,4,0.048,0.019
designed,730,"10""",q3c,1,1,301,2.415,0.568
designed,730,"10""",skycell,1,1,4,0.083,0.071
designed,1456,3deg,skycell,20592,18819,352,0.107,3.452
designed,1456,3deg,q3c,8376,18819,645,2.519,4.497
designed,1456,3deg,pgsphere,6851,18819,693,0.056,5.753
designed,1456,3deg,skycell-rw,20335,18819,346,0.268,3.024
designed,1396,30',skycell-rw,2897,3600,94,0.166,0.712
designed,1396,30',q3c,634,3600,357,2.557,1.395
designed,1396,30',pgsphere,190,3600,342,0.052,1.147
designed,1396,30',skycell,2893,3600,111,0.099,0.707
designed,778,"10""",q3c,1,1,301,2.822,0.629
designed,778,"10""",skycell-rw,1,1,4,0.076,0.033
designed,778,"10""",pgsphere,1,1,7,0.03,0.047
designed,778,"10""",skycell,1,1,4,0.041,0.017
designed,584,"10""",pgsphere,1,1,8,0.02,0.041
designed,584,"10""",skycell,1,1,4,0.057,0.018
designed,584,"10""",q3c,1,1,301,2.68,0.625
designed,584,"10""",skycell-rw,1,1,4,0.071,0.027
designed,1140,6',skycell-rw,4,6,4,0.047,0.022
designed,1140,6',skycell,4,6,4,0.022,0.012
designed,1140,6',q3c,2,6,301,2.362,0.604
designed,1140,6',pgsphere,8,6,7,0.059,0.051
designed,1073,1',skycell,1,0,4,0.037,0.055
designed,1073,1',pgsphere,1,0,6,0.023,0.032
designed,1073,1',skycell-rw,1,0,5,0.035,0.337
designed,1073,1',q3c,1,0,300,2.708,0.609
designed,928,1',pgsphere,1,13,6,0.049,0.045
designed,928,1',q3c,1,13,302,2.498,0.598
designed,928,1',skycell,1,13,5,0.087,0.044
designed,928,1',skycell-rw,1,13,5,0.046,0.027
designed,95,"1""",skycell,1,0,3,0.022,0.013
designed,95,"1""",pgsphere,1,0,6,0.022,0.037
designed,95,"1""",q3c,1,0,300,2.493,0.573
designed,95,"1""",skycell-rw,1,0,3,0.071,0.022
designed,721,"10""",q3c,1,0,300,2.709,0.56
designed,721,"10""",skycell-rw,1,0,6,0.09,0.031
designed,721,"10""",pgsphere,1,0,4,0.026,0.04
designed,721,"10""",skycell,1,0,6,0.029,0.011
designed,675,"10""",q3c,1,0,300,2.74,0.584
designed,675,"10""",skycell,1,0,6,0.058,0.027
designed,675,"10""",skycell-rw,1,0,6,0.082,0.017
designed,675,"10""",pgsphere,1,0,7,0.023,0.046
designed,426,"10""",q3c,1,1,301,2.445,0.591
designed,426,"10""",skycell,1,1,4,0.087,0.032
designed,426,"10""",skycell-rw,1,1,4,0.046,0.014
designed,426,"10""",pgsphere,1,1,5,0.02,0.027
designed,610,"10""",skycell,1,1,4,0.021,0.018
designed,610,"10""",q3c,1,1,301,2.823,0.589
designed,610,"10""",skycell-rw,1,1,4,0.074,0.03
designed,610,"10""",pgsphere,1,1,6,0.037,0.041
designed,405,"10""",q3c,1,0,300,2.361,0.568
designed,405,"10""",pgsphere,1,0,4,0.049,0.034
designed,405,"10""",skycell,1,0,3,0.039,0.02
designed,405,"10""",skycell-rw,1,0,3,0.07,0.011
designed,108,"1""",q3c,1,1,301,2.532,0.591
designed,108,"1""",skycell,1,1,4,0.056,0.03
designed,108,"1""",pgsphere,1,1,8,0.026,0.054
designed,108,"1""",skycell-rw,1,1,4,0.037,0.011
designed,756,"10""",pgsphere,1,3,7,0.019,0.035
designed,756,"10""",skycell-rw,1,3,5,0.03,0.034
designed,756,"10""",q3c,1,3,301,2.251,0.578
designed,756,"10""",skycell,1,3,5,0.056,0.045
designed,410,"10""",skycell,1,1,8,0.03,0.019
designed,410,"10""",skycell-rw,1,1,7,0.052,0.019
designed,410,"10""",pgsphere,1,1,5,0.021,0.027
designed,410,"10""",q3c,1,1,301,2.571,0.545
designed,1263,6',pgsphere,8,2,6,0.048,0.041
designed,1263,6',skycell-rw,3,2,4,0.061,0.023
designed,1263,6',skycell,3,2,4,0.021,0.011
designed,1263,6',q3c,1,2,301,2.339,0.629
designed,176,"1""",skycell,1,1,4,0.057,0.04
designed,176,"1""",q3c,1,1,301,2.485,0.585
designed,176,"1""",skycell-rw,1,1,4,0.076,0.03
designed,176,"1""",pgsphere,1,1,5,0.064,0.033
designed,287,"1""",pgsphere,1,0,5,0.017,0.028
designed,287,"1""",skycell,1,0,6,0.026,0.017
designed,287,"1""",skycell-rw,1,0,6,0.043,0.013
designed,287,"1""",q3c,1,0,300,2.89,0.575
designed,1312,30',pgsphere,190,66,13,0.047,0.095
designed,1312,30',skycell-rw,65,66,11,0.073,0.066
designed,1312,30',skycell,65,66,18,0.036,0.039
designed,1312,30',q3c,30,66,305,2.713,0.605
designed,397,"1""",skycell,1,0,3,0.057,0.024
designed,397,"1""",pgsphere,1,0,6,0.026,0.034
designed,397,"1""",skycell-rw,1,0,3,0.034,0.009
designed,397,"1""",q3c,1,0,300,2.816,0.586
designed,110,"1""",skycell,1,1,7,0.058,0.029
designed,110,"1""",pgsphere,1,1,5,0.028,0.03
designed,110,"1""",q3c,1,1,301,2.68,0.571
designed,110,"1""",skycell-rw,1,1,7,0.085,0.035
designed,1369,30',skycell-rw,284,163,13,0.077,0.497
designed,1369,30',q3c,116,163,309,2.594,0.668
designed,1369,30',pgsphere,190,163,43,0.05,0.192
designed,1369,30',skycell,284,163,26,0.075,0.075
designed,1449,3deg,q3c,5833,2525,347,2.449,1.156
designed,1449,3deg,skycell-rw,3561,2525,93,0.189,2.236
designed,1449,3deg,skycell,3668,2525,93,0.175,0.522
designed,1449,3deg,pgsphere,6851,2525,119,0.037,0.942
designed,198,"1""",skycell-rw,1,1,4,0.063,0.024
designed,198,"1""",q3c,1,1,301,2.493,0.632
designed,198,"1""",pgsphere,1,1,5,0.051,0.041
designed,198,"1""",skycell,1,1,4,0.046,0.023
designed,102,"1""",q3c,1,1,301,2.547,0.598
designed,102,"1""",skycell,1,1,4,0.056,0.027
designed,102,"1""",pgsphere,1,1,6,0.029,0.034
designed,102,"1""",skycell-rw,1,1,4,0.036,0.01
designed,1404,1deg,skycell-rw,1156,1369,55,0.094,0.838
designed,1404,1deg,q3c,983,1369,326,2.548,0.97
designed,1404,1deg,skycell,1166,1369,60,0.091,0.379
designed,1404,1deg,pgsphere,761,1369,177,0.037,0.581
designed,111,"1""",q3c,1,0,300,2.365,0.582
designed,111,"1""",skycell,1,0,6,0.06,0.025
designed,111,"1""",pgsphere,1,0,4,0.027,0.027
designed,111,"1""",skycell-rw,1,0,6,0.049,0.014
designed,887,1',q3c,1,0,300,2.547,0.555
designed,887,1',pgsphere,1,0,4,0.049,0.034
designed,887,1',skycell-rw,1,0,4,0.094,0.027
designed,887,1',skycell,1,0,4,0.023,0.01
designed,1019,1',skycell-rw,1,0,4,0.028,0.297
designed,1019,1',q3c,1,0,300,2.569,0.555
designed,1019,1',skycell,1,0,3,0.057,0.036
designed,1019,1',pgsphere,1,0,5,0.031,0.034
designed,708,"10""",skycell-rw,1,1,4,0.081,0.022
designed,708,"10""",q3c,1,1,301,2.834,0.585
designed,708,"10""",pgsphere,1,1,5,0.05,0.04
designed,708,"10""",skycell,1,1,4,0.038,0.024
designed,9,"1""",skycell,1,0,3,0.017,0.014
designed,9,"1""",q3c,1,0,300,2.671,0.573
designed,9,"1""",skycell-rw,1,0,3,0.073,0.023
designed,9,"1""",pgsphere,1,0,6,0.024,0.035
designed,534,"10""",skycell,1,1,7,0.027,0.021
designed,534,"10""",pgsphere,1,1,9,0.015,0.036
designed,534,"10""",q3c,1,1,301,2.471,0.584
designed,534,"10""",skycell-rw,1,1,7,0.115,0.035
designed,882,1',q3c,1,1,301,2.58,0.624
gaia,311,"1""",skycell,1,0,6,0.038,0.032
designed,882,1',skycell,2,1,4,0.056,0.033
designed,882,1',pgsphere,1,1,7,0.041,0.044
designed,882,1',skycell-rw,2,1,4,0.076,0.019
designed,806,1',skycell-rw,3,2,5,0.032,0.026
designed,806,1',q3c,1,2,302,2.38,0.646
designed,806,1',skycell,3,2,8,0.055,0.034
designed,806,1',pgsphere,1,2,7,0.026,0.039
designed,677,"10""",skycell-rw,1,0,3,0.04,0.015
designed,677,"10""",pgsphere,1,0,4,0.016,0.02
designed,677,"10""",q3c,1,0,300,2.897,0.675
designed,677,"10""",skycell,1,0,3,0.054,0.024
designed,1130,6',q3c,2,8,302,2.661,0.643
designed,1130,6',skycell-rw,3,8,4,0.072,0.037
designed,1130,6',pgsphere,8,8,7,0.024,0.04
designed,1130,6',skycell,3,8,8,0.027,0.017
designed,461,"10""",q3c,1,0,300,2.513,0.554
designed,461,"10""",skycell-rw,1,0,4,0.073,0.029
designed,461,"10""",skycell,1,0,4,0.043,0.015
designed,461,"10""",pgsphere,1,0,4,0.023,0.026
designed,1194,6',skycell,3,3,12,0.024,0.041
designed,1194,6',skycell-rw,3,3,9,0.046,0.031
designed,1194,6',q3c,1,3,301,2.354,0.56
designed,1194,6',pgsphere,8,3,7,0.048,0.047
designed,760,"10""",skycell-rw,1,1,7,0.068,0.03
designed,760,"10""",q3c,1,1,301,2.832,0.657
designed,760,"10""",skycell,1,1,8,0.056,0.032
designed,760,"10""",pgsphere,1,1,6,0.03,0.035
designed,565,"10""",pgsphere,1,0,4,0.015,0.022
designed,565,"10""",skycell,1,0,3,0.024,0.016
designed,565,"10""",skycell-rw,1,0,3,0.032,0.007
designed,565,"10""",q3c,1,0,300,2.42,0.614
designed,541,"10""",skycell,1,0,6,0.055,0.024
designed,541,"10""",pgsphere,1,0,4,0.025,0.059
designed,541,"10""",skycell-rw,1,0,6,0.059,0.016
designed,541,"10""",q3c,1,0,300,2.888,0.563
designed,578,"10""",pgsphere,1,2,11,0.049,0.076
designed,578,"10""",skycell,1,2,9,0.041,0.054
designed,578,"10""",skycell-rw,1,2,9,0.048,0.036
designed,578,"10""",q3c,1,2,301,2.818,0.558
designed,1262,6',skycell,123,140,18,0.066,0.092
designed,1262,6',skycell-rw,118,140,20,0.073,1.191
designed,1262,6',q3c,63,140,307,2.7,0.678
designed,1262,6',pgsphere,8,140,23,0.054,0.118
designed,516,"10""",q3c,1,1,301,2.554,0.575
designed,516,"10""",skycell-rw,1,1,4,0.077,0.028
designed,516,"10""",pgsphere,1,1,5,0.029,0.033
designed,516,"10""",skycell,1,1,4,0.024,0.012
designed,352,"1""",q3c,1,1,301,2.551,0.598
designed,352,"1""",skycell,1,1,4,0.056,0.031
designed,352,"1""",skycell-rw,1,1,4,0.045,0.012
designed,352,"1""",pgsphere,1,1,5,0.02,0.028
designed,79,"1""",skycell-rw,1,0,3,0.035,0.016
designed,79,"1""",pgsphere,1,0,4,0.016,0.024
designed,79,"1""",q3c,1,0,300,2.543,0.595
designed,79,"1""",skycell,1,0,3,0.055,0.024
designed,392,"1""",skycell-rw,1,1,4,0.051,0.022
designed,392,"1""",skycell,1,1,4,0.02,0.009
designed,392,"1""",q3c,1,1,301,2.547,0.565
designed,392,"1""",pgsphere,1,1,6,0.05,0.045
designed,120,"1""",pgsphere,1,1,8,0.029,0.054
designed,120,"1""",skycell-rw,1,1,4,0.045,0.02
designed,120,"1""",q3c,1,1,301,2.632,0.558
designed,120,"1""",skycell,1,1,4,0.056,0.042
designed,457,"10""",pgsphere,1,0,4,0.032,0.028
designed,457,"10""",skycell,1,0,7,0.063,0.033
designed,457,"10""",q3c,1,0,300,2.614,0.563
designed,457,"10""",skycell-rw,1,0,7,0.086,0.033
designed,1039,1',pgsphere,1,0,5,0.04,0.048
designed,1039,1',q3c,1,0,300,2.681,0.595
designed,1039,1',skycell-rw,1,0,4,0.075,0.032
designed,1039,1',skycell,1,0,4,0.035,0.016
designed,868,1',q3c,1,2,301,2.516,0.622
designed,868,1',skycell,1,2,4,0.058,0.036
designed,868,1',skycell-rw,1,2,4,0.054,0.02
designed,868,1',pgsphere,1,2,6,0.021,0.036
designed,1438,1deg,q3c,320,4151,348,2.846,1.294
gaia,311,"1""",pgsphere,1,0,4,0.021,0.034
designed,1438,1deg,skycell,371,4151,69,0.09,0.767
designed,1438,1deg,skycell-rw,354,4151,64,0.147,1.044
designed,1438,1deg,pgsphere,761,4151,271,0.062,1.033
designed,75,"1""",skycell-rw,1,0,3,0.06,0.018
designed,75,"1""",skycell,1,0,3,0.022,0.008
designed,75,"1""",q3c,1,0,300,2.466,0.591
designed,75,"1""",pgsphere,1,0,5,0.055,0.044
designed,265,"1""",skycell,1,0,6,0.038,0.02
designed,265,"1""",skycell-rw,1,0,6,0.048,0.015
designed,265,"1""",pgsphere,1,0,6,0.019,0.039
designed,265,"1""",q3c,1,0,300,2.854,0.599
designed,149,"1""",skycell-rw,1,0,3,0.073,0.023
designed,149,"1""",q3c,1,0,300,2.914,0.609
designed,149,"1""",skycell,1,0,3,0.057,0.025
designed,149,"1""",pgsphere,1,0,4,0.056,0.03
designed,1270,6',skycell-rw,16,22,6,0.043,0.291
designed,1270,6',pgsphere,8,22,9,0.035,0.043
designed,1270,6',q3c,9,22,302,2.339,0.601
designed,1270,6',skycell,16,22,5,0.06,0.05
designed,1352,30',skycell-rw,294,157,15,0.079,0.089
designed,1352,30',q3c,158,157,304,2.483,0.631
designed,1352,30',pgsphere,190,157,24,0.052,0.112
designed,1352,30',skycell,293,157,18,0.054,0.069
designed,169,"1""",skycell-rw,1,0,6,0.059,0.022
designed,169,"1""",q3c,1,0,300,2.467,0.621
designed,169,"1""",pgsphere,1,0,4,0.051,0.035
designed,169,"1""",skycell,1,0,6,0.041,0.02
designed,107,"1""",q3c,1,0,300,2.52,0.581
designed,107,"1""",skycell,1,0,3,0.11,0.03
designed,107,"1""",pgsphere,1,0,8,0.037,0.044
designed,107,"1""",skycell-rw,1,0,3,0.039,0.01
designed,254,"1""",pgsphere,1,1,5,0.016,0.04
designed,254,"1""",q3c,1,1,301,2.561,0.575
designed,254,"1""",skycell,1,1,4,0.062,0.03
designed,254,"1""",skycell-rw,1,1,4,0.044,0.011
designed,460,"10""",pgsphere,1,1,6,0.02,0.036
designed,460,"10""",q3c,1,1,301,2.281,0.562
designed,460,"10""",skycell,1,1,4,0.062,0.033
designed,460,"10""",skycell-rw,1,1,4,0.058,0.017
designed,1149,6',pgsphere,8,9,7,0.031,0.043
designed,1149,6',skycell,3,9,5,0.025,0.033
designed,1149,6',q3c,3,9,301,2.876,0.671
designed,1149,6',skycell-rw,4,9,6,0.075,0.049
designed,131,"1""",q3c,1,0,300,2.6,0.578
designed,131,"1""",skycell-rw,1,0,3,0.075,0.038
designed,131,"1""",pgsphere,1,0,5,0.054,0.042
designed,131,"1""",skycell,1,0,3,0.032,0.017
designed,339,"1""",skycell,1,0,3,0.021,0.013
designed,339,"1""",q3c,1,0,300,2.794,0.555
designed,339,"1""",skycell-rw,1,0,3,0.074,0.025
designed,339,"1""",pgsphere,1,0,6,0.031,0.037
designed,975,1',skycell,1,0,6,0.029,0.021
designed,975,1',skycell-rw,1,0,8,0.043,0.692
designed,975,1',q3c,1,0,300,2.566,0.556
designed,975,1',pgsphere,1,0,4,0.048,0.03
designed,1436,1deg,skycell,436,986,45,0.078,0.387
designed,1436,1deg,skycell-rw,436,986,48,0.089,0.772
designed,1436,1deg,pgsphere,761,986,169,0.065,0.527
designed,1436,1deg,q3c,282,986,328,2.535,0.832
designed,1193,6',pgsphere,8,2,8,0.053,0.062
designed,1193,6',skycell-rw,3,2,5,0.053,0.031
designed,1193,6',skycell,3,2,5,0.021,0.013
designed,1193,6',q3c,1,2,302,2.792,0.654
designed,771,"10""",pgsphere,1,0,6,0.052,0.04
designed,771,"10""",skycell-rw,1,0,3,0.055,0.017
designed,771,"10""",q3c,1,0,300,2.305,0.552
designed,771,"10""",skycell,1,0,3,0.06,0.024
designed,212,"1""",q3c,1,1,301,2.684,0.685
designed,212,"1""",pgsphere,1,1,6,0.054,0.045
designed,212,"1""",skycell,1,1,4,0.04,0.024
designed,212,"1""",skycell-rw,1,1,4,0.036,0.01
designed,572,"10""",skycell-rw,1,4,5,0.03,0.034
designed,572,"10""",q3c,1,4,301,2.494,0.552
designed,572,"10""",skycell,1,4,5,0.061,0.078
designed,572,"10""",pgsphere,1,4,10,0.034,0.056
designed,1235,6',skycell,3,2,4,0.025,0.023
designed,1235,6',pgsphere,8,2,6,0.015,0.037
designed,1235,6',q3c,2,2,301,2.761,0.593
designed,1235,6',skycell-rw,3,2,4,0.079,0.039
designed,925,1',skycell-rw,1,0,7,0.055,0.028
designed,925,1',q3c,1,0,300,2.808,0.579
designed,925,1',skycell,1,0,8,0.059,0.029
designed,925,1',pgsphere,1,0,7,0.033,0.037
designed,596,"10""",skycell,1,1,4,0.025,0.019
designed,596,"10""",pgsphere,1,1,6,0.016,0.028
designed,596,"10""",q3c,1,1,301,2.254,0.596
designed,596,"10""",skycell-rw,1,1,4,0.076,0.027
designed,485,"10""",pgsphere,1,0,4,0.041,0.035
designed,485,"10""",q3c,1,0,300,2.476,0.59
designed,485,"10""",skycell-rw,1,0,3,0.073,0.025
designed,485,"10""",skycell,1,0,3,0.025,0.009
designed,1022,1',pgsphere,1,1,6,0.038,0.041
designed,1022,1',q3c,1,1,301,2.71,0.604
designed,1022,1',skycell,1,1,7,0.06,0.032
designed,1022,1',skycell-rw,1,1,7,0.054,0.02
designed,160,"1""",q3c,1,2,301,2.833,0.578
designed,160,"1""",skycell,1,2,4,0.055,0.032
designed,160,"1""",skycell-rw,1,2,4,0.047,0.016
designed,160,"1""",pgsphere,1,2,13,0.021,0.07
designed,1374,30',skycell-rw,66,70,12,0.05,0.08
designed,1374,30',pgsphere,190,70,13,0.018,0.051
designed,1374,30',skycell,65,70,16,0.029,0.038
designed,1374,30',q3c,37,70,303,3.061,0.622
designed,666,"10""",skycell-rw,1,1,8,0.087,0.039
designed,666,"10""",q3c,1,1,301,2.776,0.599
designed,666,"10""",skycell,1,1,8,0.06,0.038
designed,666,"10""",pgsphere,1,1,5,0.029,0.036
designed,1301,30',q3c,283,115,306,3.645,0.682
designed,1301,30',pgsphere,190,115,26,0.053,0.102
designed,1301,30',skycell-rw,104,115,8,0.056,0.089
designed,1301,30',skycell,104,115,19,0.038,0.048
designed,271,"1""",q3c,1,0,300,3.695,0.598
designed,271,"1""",pgsphere,1,0,7,0.052,0.046
designed,271,"1""",skycell,1,0,6,0.036,0.019
designed,271,"1""",skycell-rw,1,0,6,0.05,0.016
designed,273,"1""",skycell,1,0,3,0.019,0.047
designed,273,"1""",pgsphere,1,0,4,0.02,0.021
designed,273,"1""",skycell-rw,1,0,3,0.028,0.007
designed,273,"1""",q3c,1,0,300,2.692,0.554
designed,1281,6',q3c,5,3,301,2.591,0.647
designed,1281,6',skycell,3,3,9,0.059,0.037
designed,1281,6',pgsphere,8,3,9,0.028,0.048
designed,1281,6',skycell-rw,3,3,6,0.057,0.387
designed,1040,1',q3c,1,1,301,2.637,0.588
designed,1040,1',skycell-rw,1,1,5,0.074,0.047
designed,1040,1',skycell,1,1,5,0.039,0.019
designed,1040,1',pgsphere,1,1,6,0.022,0.047
designed,409,"10""",skycell,1,0,3,0.033,0.017
designed,409,"10""",q3c,1,0,300,2.818,0.608
designed,409,"10""",skycell-rw,1,0,3,0.109,0.028
designed,409,"10""",pgsphere,1,0,4,0.027,0.03
designed,220,"1""",skycell,1,1,8,0.028,0.026
designed,220,"1""",q3c,1,1,301,2.627,0.578
designed,220,"1""",skycell-rw,1,1,8,0.084,0.046
designed,220,"1""",pgsphere,1,1,7,0.037,0.043
designed,826,1',skycell-rw,1,1,4,0.041,0.02
designed,826,1',skycell,1,1,4,0.02,0.01
designed,826,1',pgsphere,1,1,6,0.019,0.036
designed,826,1',q3c,1,1,301,2.976,0.597
designed,1333,30',skycell,64,67,6,0.065,0.072
designed,1333,30',skycell-rw,65,67,6,0.052,0.043
designed,1333,30',q3c,36,67,303,2.639,0.626
designed,1333,30',pgsphere,190,67,12,0.051,0.075
designed,33,"1""",q3c,1,0,300,4.115,0.836
designed,33,"1""",skycell,1,0,3,0.081,0.033
designed,33,"1""",pgsphere,1,0,4,0.05,0.055
designed,33,"1""",skycell-rw,1,0,3,0.078,0.025
designed,718,"10""",pgsphere,1,1,5,0.056,0.05
designed,718,"10""",skycell-rw,1,1,4,0.08,0.032
designed,718,"10""",q3c,1,1,301,3.801,0.881
designed,718,"10""",skycell,1,1,4,0.074,0.038
designed,1052,1',skycell,1,1,8,0.05,0.031
designed,1052,1',q3c,1,1,301,3.819,0.858
designed,1052,1',pgsphere,1,1,6,0.068,0.069
designed,1052,1',skycell-rw,1,1,8,0.109,0.05
designed,89,"1""",skycell-rw,1,0,3,0.085,0.025
designed,89,"1""",q3c,1,0,300,4.044,0.858
designed,89,"1""",pgsphere,1,0,5,0.065,0.059
designed,89,"1""",skycell,1,0,3,0.07,0.028
designed,268,"1""",pgsphere,1,1,5,0.041,0.055
designed,268,"1""",q3c,1,1,301,3.872,0.904
designed,268,"1""",skycell,1,1,4,0.07,0.039
designed,268,"1""",skycell-rw,1,1,4,0.102,0.027
designed,1241,6',pgsphere,8,3,7,0.044,0.057
designed,1241,6',q3c,3,3,301,4.046,0.864
designed,1241,6',skycell-rw,5,3,8,0.124,0.061
designed,1241,6',skycell,5,3,8,0.061,0.038
designed,589,"10""",q3c,1,0,300,4.202,0.875
designed,589,"10""",pgsphere,1,0,5,0.064,0.052
designed,589,"10""",skycell-rw,1,0,3,0.08,0.035
designed,589,"10""",skycell,1,0,3,0.046,0.016
designed,857,1',pgsphere,1,0,5,0.034,0.048
designed,857,1',skycell-rw,1,0,4,0.102,0.029
designed,857,1',skycell,1,0,4,0.045,0.019
designed,857,1',q3c,1,0,300,4.099,0.846
designed,1389,30',skycell-rw,81,69,19,0.156,0.13
designed,1389,30',skycell,79,69,19,0.066,0.088
designed,1389,30',pgsphere,190,69,13,0.038,0.091
designed,1389,30',q3c,49,69,303,3.782,0.898
designed,25,"1""",pgsphere,1,0,5,0.064,0.052
designed,25,"1""",q3c,1,0,300,3.804,0.822
designed,25,"1""",skycell-rw,1,0,3,0.113,0.033
designed,25,"1""",skycell,1,0,3,0.046,0.018
designed,301,"1""",pgsphere,1,0,4,0.036,0.04
designed,301,"1""",q3c,1,0,300,2.929,0.645
designed,301,"1""",skycell-rw,1,0,3,0.087,0.029
designed,301,"1""",skycell,1,0,3,0.065,0.017
designed,502,"10""",pgsphere,1,4,10,0.031,0.059
designed,502,"10""",skycell,1,4,6,0.024,0.047
designed,502,"10""",skycell-rw,1,4,6,0.032,0.029
designed,502,"10""",q3c,1,4,302,2.695,0.624
designed,1196,6',pgsphere,8,8,5,0.053,0.041
designed,1196,6',q3c,2,8,302,3.292,0.634
designed,1196,6',skycell-rw,6,8,5,0.087,0.041
designed,1196,6',skycell,6,8,9,0.048,0.031
designed,1315,30',skycell,194,475,34,0.048,0.233
designed,1315,30',skycell-rw,194,475,32,0.078,0.453
designed,1315,30',q3c,254,475,316,2.643,0.745
designed,1315,30',pgsphere,190,475,68,0.064,0.266
designed,583,"10""",skycell,1,0,7,0.05,0.023
designed,583,"10""",skycell-rw,1,0,7,0.05,0.016
designed,583,"10""",q3c,1,0,300,2.571,0.617
designed,583,"10""",pgsphere,1,0,4,0.053,0.035
designed,65,"1""",skycell,1,0,3,0.045,0.019
designed,65,"1""",pgsphere,1,0,4,0.022,0.028
designed,65,"1""",skycell-rw,1,0,3,0.039,0.009
designed,65,"1""",q3c,1,0,300,2.968,0.64
designed,796,"10""",pgsphere,1,1,5,0.051,0.036
designed,796,"10""",skycell,1,1,4,0.04,0.022
designed,796,"10""",skycell-rw,1,1,4,0.034,0.01
designed,796,"10""",q3c,1,1,301,2.354,0.564
designed,618,"10""",q3c,1,1,301,2.825,0.631
designed,618,"10""",skycell,1,1,4,0.061,0.03
designed,618,"10""",pgsphere,1,1,8,0.031,0.045
designed,618,"10""",skycell-rw,1,1,4,0.05,0.017
designed,816,1',pgsphere,1,2,7,0.029,0.048
designed,816,1',q3c,1,2,302,2.601,0.602
designed,816,1',skycell-rw,1,2,4,0.077,0.034
designed,816,1',skycell,1,2,4,0.029,0.014
designed,26,"1""",pgsphere,1,1,7,0.021,0.039
designed,26,"1""",skycell,1,1,4,0.021,0.026
designed,26,"1""",q3c,1,1,301,2.394,0.626
designed,26,"1""",skycell-rw,1,1,4,0.087,0.03
designed,761,"10""",q3c,1,0,300,2.866,0.686
designed,761,"10""",skycell-rw,1,0,3,0.075,0.025
designed,761,"10""",pgsphere,1,0,5,0.027,0.029
designed,761,"10""",skycell,1,0,3,0.028,0.011
designed,1012,1',q3c,1,1,301,2.937,0.735
designed,1012,1',skycell,1,1,4,0.061,0.031
designed,1012,1',pgsphere,1,1,5,0.028,0.067
designed,1012,1',skycell-rw,1,1,4,0.041,0.015
designed,644,"10""",pgsphere,1,1,7,0.023,0.038
designed,644,"10""",q3c,1,1,301,2.758,0.58
designed,644,"10""",skycell,1,1,4,0.058,0.032
designed,644,"10""",skycell-rw,1,1,4,0.045,0.013
designed,1100,1',q3c,1,7,301,2.652,0.586
designed,1100,1',skycell,4,7,5,0.063,0.037
designed,1100,1',pgsphere,1,7,6,0.03,0.072
designed,1100,1',skycell-rw,4,7,5,0.049,0.02
designed,386,"1""",q3c,1,1,301,3.055,0.655
designed,386,"1""",skycell-rw,1,1,4,0.075,0.03
designed,386,"1""",skycell,1,1,4,0.041,0.013
designed,386,"1""",pgsphere,1,1,5,0.021,0.032
designed,1305,30',pgsphere,190,53,16,0.015,0.16
designed,1305,30',skycell,67,53,14,0.033,0.055
designed,1305,30',q3c,37,53,304,2.371,0.623
designed,1305,30',skycell-rw,67,53,10,0.091,0.097
designed,527,"10""",skycell,1,0,3,0.04,0.018
designed,527,"10""",pgsphere,1,0,4,0.023,0.028
designed,527,"10""",q3c,1,0,300,2.802,0.581
designed,527,"10""",skycell-rw,1,0,3,0.159,0.027
designed,1276,6',q3c,2,3,301,2.786,0.567
designed,1276,6',skycell,3,3,8,0.058,0.036
designed,1276,6',skycell-rw,3,3,5,0.041,0.059
designed,1276,6',pgsphere,8,3,6,0.026,0.031
designed,1051,1',pgsphere,1,0,6,0.017,0.026
designed,1051,1',q3c,1,0,300,2.986,0.637
designed,1051,1',skycell,1,0,4,0.099,0.031
designed,1051,1',skycell-rw,1,0,4,0.044,0.013
designed,374,"1""",q3c,1,1,301,2.797,0.558
designed,374,"1""",skycell,1,1,4,0.062,0.031
designed,374,"1""",pgsphere,1,1,5,0.027,0.047
designed,374,"1""",skycell-rw,1,1,4,0.036,0.011
designed,1005,1',pgsphere,1,0,5,0.016,0.03
designed,1005,1',q3c,1,0,300,2.448,0.625
designed,1005,1',skycell-rw,1,0,8,0.16,0.043
designed,1005,1',skycell,1,0,8,0.045,0.023
designed,600,"10""",skycell-rw,1,1,4,0.059,0.025
designed,600,"10""",q3c,1,1,301,2.696,0.618
designed,600,"10""",pgsphere,1,1,8,0.05,0.053
designed,600,"10""",skycell,1,1,4,0.048,0.026
designed,779,"10""",skycell,1,0,6,0.024,0.016
designed,779,"10""",skycell-rw,1,0,6,0.048,0.014
designed,779,"10""",pgsphere,1,0,5,0.019,0.029
designed,779,"10""",q3c,1,0,300,2.563,0.562
designed,873,1',pgsphere,1,0,5,0.047,0.069
designed,873,1',q3c,1,0,300,3.155,0.537
designed,873,1',skycell-rw,1,0,4,0.106,0.032
designed,873,1',skycell,1,0,4,0.031,0.011
designed,323,"1""",skycell,1,0,3,0.019,0.013
designed,323,"1""",pgsphere,1,0,6,0.03,0.035
designed,323,"1""",skycell-rw,1,0,3,0.03,0.007
designed,323,"1""",q3c,1,0,300,2.711,0.574
designed,932,1',skycell-rw,1,2,9,0.085,0.059
designed,932,1',q3c,1,2,301,2.82,0.591
designed,932,1',skycell,1,2,9,0.094,0.043
designed,932,1',pgsphere,1,2,6,0.033,0.038
designed,915,1',pgsphere,1,0,7,0.018,0.09
designed,915,1',skycell,1,0,4,0.035,0.02
designed,915,1',skycell-rw,1,0,4,0.034,0.009
designed,915,1',q3c,1,0,300,3.031,0.602
designed,483,"10""",q3c,1,0,300,2.531,0.691
designed,483,"10""",pgsphere,1,0,4,0.051,0.034
designed,483,"10""",skycell,1,0,6,0.078,0.023
designed,483,"10""",skycell-rw,1,0,6,0.05,0.014
designed,1439,1deg,pgsphere,761,307,44,0.017,0.222
designed,1439,1deg,skycell-rw,270,307,24,0.074,0.184
designed,1439,1deg,skycell,268,307,34,0.04,0.091
designed,1439,1deg,q3c,189,307,309,2.499,0.82
designed,163,"1""",skycell-rw,1,0,3,0.101,0.025
designed,163,"1""",skycell,1,0,3,0.032,0.009
designed,163,"1""",pgsphere,1,0,4,0.026,0.028
designed,163,"1""",q3c,1,0,300,2.632,0.588
designed,12,"1""",q3c,1,1,301,2.605,0.619
designed,12,"1""",skycell-rw,1,1,7,0.088,0.037
designed,12,"1""",skycell,1,1,7,0.036,0.018
gaia,311,"1""",q3c,1,0,300,4.096,0.759
designed,12,"1""",pgsphere,1,1,5,0.025,0.033
designed,694,"10""",pgsphere,1,1,6,0.019,0.034
designed,694,"10""",skycell,1,1,4,0.022,0.019
designed,694,"10""",skycell-rw,1,1,4,0.029,0.009
designed,694,"10""",q3c,1,1,301,2.744,0.565
designed,938,1',skycell,1,1,4,0.058,0.029
designed,938,1',pgsphere,1,1,5,0.029,0.033
designed,938,1',q3c,1,1,301,2.504,0.571
designed,938,1',skycell-rw,1,1,4,0.074,0.029
designed,1278,6',pgsphere,8,139,24,0.026,0.094
designed,1278,6',q3c,57,139,307,3.035,0.68
designed,1278,6',skycell,153,139,20,0.069,0.091
designed,1278,6',skycell-rw,154,139,17,0.086,0.088
designed,739,"10""",skycell,1,0,6,0.067,0.025
designed,739,"10""",q3c,1,0,300,2.899,0.675
designed,739,"10""",skycell-rw,1,0,6,0.085,0.029
designed,739,"10""",pgsphere,1,0,5,0.033,0.035
designed,586,"10""",skycell,1,1,4,0.029,0.022
designed,586,"10""",pgsphere,1,1,8,0.017,0.047
designed,586,"10""",skycell-rw,1,1,4,0.053,0.041
designed,586,"10""",q3c,1,1,301,3.268,0.931
designed,984,1',skycell,1,2,4,0.063,0.045
designed,984,1',pgsphere,1,2,5,0.034,0.033
designed,984,1',skycell-rw,1,2,4,0.039,0.016
designed,984,1',q3c,1,2,301,2.793,0.93
designed,910,1',skycell-rw,1,5,4,0.079,0.037
designed,910,1',q3c,1,5,301,3.218,0.768
designed,910,1',pgsphere,1,5,7,0.063,0.052
designed,910,1',skycell,1,5,4,0.04,0.028
designed,425,"10""",skycell,1,1,7,0.022,0.03
designed,425,"10""",skycell-rw,1,1,7,0.048,0.017
designed,425,"10""",pgsphere,1,1,6,0.018,0.04
designed,425,"10""",q3c,1,1,301,2.986,0.742
designed,458,"10""",pgsphere,1,1,5,0.051,0.039
designed,458,"10""",q3c,1,1,301,2.785,0.596
designed,458,"10""",skycell,1,1,4,0.058,0.036
designed,458,"10""",skycell-rw,1,1,4,0.044,0.013
designed,303,"1""",q3c,1,0,300,2.604,0.598
designed,303,"1""",skycell,1,0,3,0.058,0.027
designed,303,"1""",skycell-rw,1,0,3,0.065,0.046
designed,303,"1""",pgsphere,1,0,6,0.032,0.042
designed,1448,3deg,q3c,63306,147516,2802,2.759,31.726
designed,1448,3deg,pgsphere,6851,147516,3742,0.091,37.041
designed,1448,3deg,skycell-rw,139566,147516,2066,0.366,22.073
designed,1448,3deg,skycell,140405,147516,2066,0.243,23.27
designed,1169,6',pgsphere,8,46,7,0.082,0.055
designed,1169,6',skycell,52,46,9,0.088,0.053
designed,1169,6',skycell-rw,53,46,6,0.05,0.358
designed,1169,6',q3c,11,46,302,2.627,0.832
designed,604,"10""",pgsphere,1,2,6,0.055,0.076
designed,604,"10""",q3c,1,2,301,2.818,0.699
designed,604,"10""",skycell-rw,1,2,10,0.112,0.039
designed,604,"10""",skycell,1,2,12,0.045,0.019
designed,1067,1',skycell,1,0,4,0.02,0.021
designed,1067,1',q3c,1,0,300,2.396,0.672
designed,1067,1',skycell-rw,1,0,4,0.077,0.031
designed,1067,1',pgsphere,1,0,4,0.029,0.026
designed,780,"10""",q3c,1,1,301,2.71,0.806
designed,780,"10""",skycell-rw,1,1,7,0.101,0.035
designed,780,"10""",skycell,1,1,7,0.033,0.014
designed,780,"10""",pgsphere,1,1,9,0.026,0.048
designed,900,1',skycell-rw,1,1,8,0.047,0.04
designed,900,1',skycell,1,1,8,0.02,0.012
designed,900,1',pgsphere,1,1,6,0.016,0.042
designed,900,1',q3c,1,1,301,2.509,0.584
designed,30,"1""",pgsphere,1,1,5,0.05,0.077
designed,30,"1""",q3c,1,1,301,2.279,0.6
designed,30,"1""",skycell,1,1,7,0.059,0.03
designed,30,"1""",skycell-rw,1,1,7,0.055,0.018
designed,286,"1""",pgsphere,1,1,6,0.022,0.076
designed,286,"1""",skycell,1,1,4,0.036,0.022
designed,286,"1""",q3c,1,1,301,2.371,0.657
designed,286,"1""",skycell-rw,1,1,4,0.071,0.027
designed,1351,30',q3c,27,69,303,2.932,0.659
designed,1351,30',skycell-rw,100,69,19,0.109,0.173
designed,1351,30',skycell,99,69,25,0.055,0.039
gaia,311,"1""",skycell-rw,1,0,6,0.078,0.033
designed,1351,30',pgsphere,190,69,24,0.023,0.075
designed,70,"1""",q3c,1,1,301,2.749,0.642
designed,70,"1""",pgsphere,1,1,7,0.051,0.045
designed,70,"1""",skycell-rw,1,1,4,0.053,0.021
designed,70,"1""",skycell,1,1,4,0.025,0.011
designed,807,1',pgsphere,1,0,9,0.023,0.044
designed,807,1',skycell-rw,1,0,4,0.034,0.017
designed,807,1',q3c,1,0,300,2.61,0.681
designed,807,1',skycell,1,0,4,0.057,0.028
designed,1038,1',skycell,1,1,4,0.025,0.019
designed,1038,1',pgsphere,1,1,6,0.022,0.033
designed,1038,1',skycell-rw,1,1,5,0.074,0.02
designed,1038,1',q3c,1,1,301,2.451,0.615
designed,948,1',q3c,1,2,302,2.49,0.617
designed,948,1',pgsphere,1,2,8,0.055,0.053
designed,948,1',skycell-rw,1,2,4,0.05,0.033
designed,948,1',skycell,1,2,4,0.021,0.018
designed,83,"1""",q3c,1,0,300,2.347,0.554
designed,83,"1""",skycell,1,0,6,0.057,0.025
designed,83,"1""",skycell-rw,1,0,6,0.054,0.015
designed,83,"1""",pgsphere,1,0,3,0.02,0.023
designed,560,"10""",q3c,1,1,301,2.734,0.594
designed,560,"10""",skycell,1,1,4,0.055,0.029
designed,560,"10""",skycell-rw,1,1,4,0.05,0.031
designed,560,"10""",pgsphere,1,1,7,0.026,0.037
designed,124,"1""",pgsphere,1,1,6,0.015,0.027
designed,124,"1""",skycell-rw,1,1,4,0.03,0.018
designed,124,"1""",q3c,1,1,301,2.532,0.612
designed,124,"1""",skycell,1,1,4,0.053,0.028
designed,236,"1""",skycell-rw,1,1,4,0.046,0.018
designed,236,"1""",skycell,1,1,4,0.018,0.009
designed,236,"1""",pgsphere,1,1,6,0.018,0.035
designed,236,"1""",q3c,1,1,301,2.429,0.541
designed,1334,30',skycell-rw,666,736,35,0.108,0.285
designed,1334,30',q3c,506,736,322,2.75,0.734
designed,1334,30',pgsphere,190,736,72,0.094,0.295
designed,1334,30',skycell,661,736,41,0.078,0.195
designed,480,"10""",q3c,1,1,301,2.682,0.625
designed,480,"10""",skycell-rw,1,1,4,0.148,0.031
designed,480,"10""",skycell,1,1,4,0.035,0.013
designed,480,"10""",pgsphere,1,1,6,0.021,0.031
designed,179,"1""",pgsphere,1,0,4,0.015,0.019
designed,179,"1""",skycell-rw,1,0,6,0.043,0.018
designed,179,"1""",skycell,1,0,6,0.021,0.009
designed,179,"1""",q3c,1,0,300,2.7,0.597
designed,389,"1""",skycell-rw,1,0,6,0.095,0.028
designed,389,"1""",pgsphere,1,0,4,0.027,0.026
designed,389,"1""",q3c,1,0,300,2.619,0.515
designed,389,"1""",skycell,1,0,6,0.056,0.023
designed,1203,6',skycell-rw,43,48,10,0.056,0.149
designed,1203,6',q3c,12,48,304,2.502,0.581
designed,1203,6',pgsphere,8,48,18,0.048,0.084
designed,1203,6',skycell,43,48,14,0.041,0.05
designed,655,"10""",skycell-rw,1,0,4,0.044,0.019
designed,655,"10""",q3c,1,0,300,2.79,0.543
designed,655,"10""",pgsphere,1,0,5,0.048,0.064
designed,655,"10""",skycell,1,0,4,0.038,0.021
designed,601,"10""",pgsphere,1,0,4,0.022,0.021
designed,601,"10""",skycell,1,0,3,0.019,0.013
designed,601,"10""",skycell-rw,1,0,3,0.029,0.007
designed,601,"10""",q3c,1,0,300,2.364,0.544
designed,997,1',skycell,1,0,3,0.074,0.022
designed,997,1',q3c,1,0,300,2.841,0.584
designed,997,1',skycell-rw,1,0,4,0.072,0.269
designed,997,1',pgsphere,1,0,6,0.038,0.037
designed,488,"10""",pgsphere,1,1,6,0.035,0.033
designed,488,"10""",skycell,1,1,4,0.032,0.019
designed,488,"10""",skycell-rw,1,1,4,0.035,0.01
designed,488,"10""",q3c,1,1,301,2.411,0.574
designed,99,"1""",skycell,1,0,3,0.055,0.034
designed,99,"1""",pgsphere,1,0,4,0.026,0.026
designed,99,"1""",q3c,1,0,300,2.799,0.601
designed,99,"1""",skycell-rw,1,0,3,0.072,0.023
designed,940,1',pgsphere,1,2,6,0.032,0.038
designed,940,1',skycell-rw,1,2,4,0.041,0.026
designed,940,1',q3c,1,2,301,2.513,0.546
designed,940,1',skycell,1,2,4,0.061,0.032
designed,741,"10""",skycell-rw,1,0,4,0.042,0.026
designed,741,"10""",pgsphere,1,0,4,0.028,0.026
designed,741,"10""",skycell,1,0,4,0.022,0.011
designed,741,"10""",q3c,1,0,300,2.441,1.164
designed,1321,30',q3c,77,75,303,2.676,0.639
designed,1321,30',pgsphere,190,75,21,0.05,0.084
designed,1321,30',skycell-rw,169,75,13,0.072,0.112
designed,1321,30',skycell,170,75,25,0.051,0.039
designed,734,"10""",pgsphere,1,1,7,0.021,0.04
designed,734,"10""",skycell-rw,1,1,4,0.031,0.016
designed,734,"10""",skycell,1,1,4,0.016,0.008
designed,734,"10""",q3c,1,1,301,2.264,0.505
designed,1200,6',skycell-rw,46,55,12,0.087,0.619
designed,1200,6',q3c,17,55,305,2.629,0.555
designed,1200,6',skycell,47,55,13,0.068,0.053
designed,1200,6',pgsphere,8,55,18,0.028,0.074
designed,1153,6',pgsphere,8,4,5,0.015,0.023
designed,1153,6',q3c,2,4,302,2.668,0.565
designed,1153,6',skycell,2,4,9,0.057,0.034
designed,1153,6',skycell-rw,3,4,5,0.051,0.024
designed,333,"1""",q3c,1,0,300,2.483,0.531
designed,333,"1""",pgsphere,1,0,5,0.048,0.039
designed,333,"1""",skycell-rw,1,0,3,0.05,0.016
designed,333,"1""",skycell,1,0,3,0.026,0.009
designed,793,"10""",skycell-rw,1,0,6,0.056,0.021
designed,793,"10""",skycell,1,0,6,0.02,0.025
designed,793,"10""",pgsphere,1,0,5,0.018,0.03
designed,793,"10""",q3c,1,0,300,2.862,0.546
designed,262,"1""",skycell,1,1,4,0.087,0.035
designed,262,"1""",skycell-rw,1,1,4,0.044,0.011
designed,262,"1""",pgsphere,1,1,5,0.021,0.03
designed,262,"1""",q3c,1,1,301,2.507,0.536
designed,1001,1',q3c,1,0,300,2.638,0.629
designed,1001,1',skycell,1,0,4,0.057,0.028
designed,1001,1',skycell-rw,1,0,4,0.045,0.013
designed,1001,1',pgsphere,1,0,5,0.019,0.027
designed,1033,1',skycell,1,0,4,0.019,0.028
designed,1033,1',q3c,1,0,300,2.497,0.576
designed,1033,1',pgsphere,1,0,4,0.049,0.032
designed,1033,1',skycell-rw,1,0,4,0.059,0.023
designed,720,"10""",skycell-rw,1,1,7,0.05,0.034
designed,720,"10""",skycell,1,1,8,0.024,0.012
designed,720,"10""",pgsphere,1,1,5,0.016,0.026
designed,720,"10""",q3c,1,1,301,2.408,0.592
designed,206,"1""",skycell-rw,1,1,7,0.083,0.032
designed,206,"1""",pgsphere,1,1,8,0.034,0.048
designed,206,"1""",q3c,1,1,301,2.679,0.544
designed,206,"1""",skycell,1,1,7,0.057,0.029
designed,1319,30',skycell,89,64,19,0.04,0.07
designed,1319,30',skycell-rw,88,64,16,0.061,0.397
designed,1319,30',pgsphere,190,64,13,0.041,0.061
designed,1319,30',q3c,34,64,303,2.431,0.561
designed,209,"1""",skycell,1,0,3,0.056,0.022
designed,209,"1""",skycell-rw,1,0,3,0.038,0.009
designed,209,"1""",pgsphere,1,0,5,0.019,0.026
designed,209,"1""",q3c,1,0,300,2.314,0.637
designed,687,"10""",q3c,1,0,300,2.976,0.738
designed,687,"10""",skycell-rw,1,0,3,0.077,0.025
designed,687,"10""",skycell,1,0,3,0.065,0.013
designed,687,"10""",pgsphere,1,0,4,0.024,0.025
designed,211,"1""",pgsphere,1,0,4,0.016,0.023
designed,211,"1""",q3c,1,0,300,2.556,0.529
designed,211,"1""",skycell-rw,1,0,3,0.075,0.026
designed,211,"1""",skycell,1,0,3,0.024,0.01
designed,1093,1',skycell-rw,1,0,7,0.086,0.039
designed,1093,1',pgsphere,1,0,4,0.022,0.026
designed,1093,1',q3c,1,0,300,2.545,0.536
designed,1093,1',skycell,1,0,8,0.058,0.031
designed,559,"10""",skycell,1,0,6,0.027,0.015
designed,559,"10""",skycell-rw,1,0,6,0.054,0.025
designed,559,"10""",pgsphere,1,0,5,0.022,0.03
designed,559,"10""",q3c,1,0,300,2.435,0.592
designed,86,"1""",q3c,1,1,301,2.831,0.555
designed,86,"1""",pgsphere,1,1,5,0.047,0.04
designed,86,"1""",skycell,1,1,4,0.033,0.022
designed,86,"1""",skycell-rw,1,1,4,0.04,0.012
designed,96,"1""",skycell-rw,1,1,7,0.042,0.024
designed,96,"1""",skycell,1,1,7,0.022,0.011
designed,96,"1""",pgsphere,1,1,5,0.021,0.028
designed,96,"1""",q3c,1,1,301,2.382,0.52
designed,170,"1""",q3c,1,1,301,2.689,0.607
designed,170,"1""",pgsphere,1,1,6,0.054,0.074
designed,170,"1""",skycell-rw,1,1,4,0.056,0.022
designed,170,"1""",skycell,1,1,4,0.02,0.01
designed,814,1',q3c,1,1,301,2.718,0.52
designed,814,1',pgsphere,1,1,5,0.05,0.038
designed,814,1',skycell,1,1,4,0.043,0.024
designed,814,1',skycell-rw,1,1,4,0.044,0.012
designed,963,1',q3c,1,0,300,2.69,0.53
designed,963,1',skycell,1,0,8,0.063,0.049
designed,963,1',skycell-rw,1,0,8,0.087,0.025
designed,963,1',pgsphere,1,0,5,0.026,0.035
designed,665,"10""",q3c,1,0,300,2.779,0.554
designed,665,"10""",skycell,1,0,3,0.058,0.024
designed,665,"10""",pgsphere,1,0,5,0.066,0.049
designed,665,"10""",skycell-rw,1,0,3,0.045,0.018
designed,621,"10""",skycell-rw,1,0,3,0.044,0.022
designed,621,"10""",skycell,1,0,3,0.022,0.008
designed,621,"10""",pgsphere,1,0,5,0.016,0.028
designed,621,"10""",q3c,1,0,300,2.454,0.621
designed,1181,6',skycell,3,2,6,0.057,0.088
designed,1181,6',skycell-rw,3,2,6,0.05,0.024
designed,1181,6',pgsphere,8,2,7,0.019,0.034
designed,1181,6',q3c,1,2,301,2.647,0.548
designed,1014,1',q3c,1,2,302,2.438,0.579
designed,1014,1',skycell-rw,3,2,8,0.087,0.043
designed,1014,1',pgsphere,1,2,5,0.093,0.038
designed,1014,1',skycell,2,2,8,0.029,0.018
designed,964,1',q3c,1,3,301,2.357,0.567
designed,964,1',pgsphere,1,3,6,0.047,0.044
designed,964,1',skycell,2,3,9,0.036,0.03
designed,964,1',skycell-rw,2,3,9,0.046,0.019
designed,295,"1""",q3c,1,0,300,2.602,0.571
designed,295,"1""",pgsphere,1,0,4,0.049,0.044
designed,295,"1""",skycell,1,0,3,0.038,0.018
designed,295,"1""",skycell-rw,1,0,3,0.035,0.008
designed,747,"10""",skycell,1,0,4,0.018,0.018
designed,747,"10""",pgsphere,1,0,4,0.015,0.021
designed,747,"10""",q3c,1,0,300,2.77,0.639
designed,747,"10""",skycell-rw,1,0,4,0.072,0.03
designed,623,"10""",q3c,1,0,300,2.449,0.536
designed,623,"10""",pgsphere,1,0,4,0.048,0.035
designed,623,"10""",skycell,1,0,6,0.036,0.018
designed,623,"10""",skycell-rw,1,0,6,0.045,0.051
designed,897,1',pgsphere,1,0,5,0.021,0.031
designed,897,1',skycell-rw,1,0,4,0.03,0.018
designed,897,1',q3c,1,0,300,2.784,0.538
designed,897,1',skycell,1,0,4,0.053,0.026
designed,614,"10""",skycell-rw,1,1,4,0.085,0.022
designed,614,"10""",skycell,1,1,4,0.022,0.01
designed,614,"10""",q3c,1,1,301,2.85,0.543
designed,614,"10""",pgsphere,1,1,7,0.049,0.061
designed,1148,6',skycell-rw,3,6,5,0.051,0.072
designed,1148,6',q3c,3,6,301,2.523,0.579
designed,1148,6',pgsphere,8,6,8,0.057,0.054
designed,1148,6',skycell,3,6,5,0.037,0.026
designed,1083,1',skycell-rw,1,0,4,0.035,0.016
designed,1083,1',q3c,1,0,300,2.496,0.528
designed,1083,1',pgsphere,1,0,5,0.049,0.047
designed,1083,1',skycell,1,0,4,0.039,0.021
designed,466,"10""",skycell,1,1,4,0.018,0.017
designed,466,"10""",skycell-rw,1,1,4,0.033,0.01
designed,466,"10""",pgsphere,1,1,6,0.015,0.033
designed,466,"10""",q3c,1,1,301,2.75,0.565
designed,190,"1""",q3c,1,1,301,2.89,0.564
designed,190,"1""",skycell,1,1,4,0.065,0.031
designed,190,"1""",skycell-rw,1,1,4,0.043,0.012
designed,190,"1""",pgsphere,1,1,6,0.02,0.033
designed,210,"1""",skycell-rw,1,1,4,0.034,0.018
designed,210,"1""",skycell,1,1,4,0.017,0.009
designed,210,"1""",pgsphere,1,1,6,0.015,0.066
designed,210,"1""",q3c,1,1,301,2.57,0.556
designed,1078,1',skycell,1,1,14,0.057,0.03
designed,1078,1',pgsphere,1,1,5,0.025,0.027
designed,1078,1',skycell-rw,1,1,11,0.052,0.026
designed,1078,1',q3c,1,1,301,2.96,0.543
designed,1300,6',skycell-rw,51,81,12,0.087,0.08
designed,1300,6',pgsphere,8,81,19,0.025,0.073
designed,1300,6',skycell,51,81,13,0.032,0.036
designed,1300,6',q3c,9,81,305,2.865,0.616
designed,864,1',skycell,1,155,22,0.053,0.231
designed,864,1',skycell-rw,1,155,28,0.054,0.712
designed,864,1',pgsphere,1,155,21,0.039,0.101
designed,864,1',q3c,1,155,306,2.538,0.687
designed,611,"10""",skycell-rw,1,0,7,0.115,0.037
designed,611,"10""",q3c,1,0,300,2.324,0.626
designed,611,"10""",pgsphere,1,0,5,0.048,0.037
designed,611,"10""",skycell,1,0,7,0.035,0.023
designed,1049,1',skycell,1,0,4,0.019,0.015
designed,1049,1',q3c,1,0,300,2.757,0.622
designed,1049,1',pgsphere,1,0,6,0.05,0.043
designed,1049,1',skycell-rw,1,0,4,0.089,0.025
designed,1176,6',skycell-rw,16,16,7,0.05,0.051
designed,1176,6',skycell,15,16,9,0.026,0.018
designed,1176,6',pgsphere,8,16,13,0.023,0.054
designed,1176,6',q3c,20,16,302,2.713,0.589
designed,495,"10""",pgsphere,1,0,4,0.047,0.033
designed,495,"10""",q3c,1,0,300,2.836,0.526
designed,495,"10""",skycell-rw,1,0,3,0.074,0.023
designed,495,"10""",skycell,1,0,3,0.025,0.009
designed,805,1',q3c,1,0,300,2.621,0.549
designed,805,1',skycell-rw,1,0,4,0.1,0.355
designed,805,1',pgsphere,1,0,4,0.037,0.029
designed,805,1',skycell,1,0,3,0.031,0.014
designed,276,"1""",skycell-rw,1,1,4,0.081,0.02
designed,276,"1""",pgsphere,1,1,6,0.021,0.032
designed,276,"1""",q3c,1,1,301,2.471,0.582
designed,276,"1""",skycell,1,1,4,0.055,0.028
designed,1125,6',pgsphere,8,3,6,0.027,0.034
designed,1125,6',skycell,3,3,5,0.029,0.03
designed,1125,6',skycell-rw,3,3,6,0.034,0.76
designed,1125,6',q3c,2,3,301,2.749,0.558
designed,16,"1""",skycell-rw,1,1,7,0.085,0.077
designed,16,"1""",pgsphere,1,1,9,0.033,0.05
designed,16,"1""",q3c,1,1,301,2.682,0.579
designed,16,"1""",skycell,1,1,7,0.058,0.031
designed,850,1',q3c,1,1,301,2.911,0.601
designed,850,1',skycell-rw,1,1,4,0.073,0.029
designed,850,1',skycell,1,1,4,0.026,0.013
designed,850,1',pgsphere,1,1,6,0.02,0.034
designed,889,1',pgsphere,1,0,4,0.015,0.02
designed,889,1',q3c,1,0,300,2.711,0.581
designed,889,1',skycell,1,0,4,0.063,0.029
designed,889,1',skycell-rw,1,0,4,0.04,0.013
designed,146,"1""",skycell,1,1,4,0.021,0.015
designed,146,"1""",skycell-rw,1,1,4,0.026,0.008
designed,146,"1""",pgsphere,1,1,8,0.018,0.044
designed,146,"1""",q3c,1,1,301,2.597,0.591
designed,158,"1""",q3c,1,1,301,2.473,0.568
designed,158,"1""",skycell,1,1,4,0.055,0.029
designed,158,"1""",skycell-rw,1,1,4,0.049,0.015
designed,158,"1""",pgsphere,1,1,7,0.02,0.04
designed,145,"1""",skycell-rw,1,0,3,0.029,0.013
designed,145,"1""",skycell,1,0,3,0.017,0.007
designed,145,"1""",pgsphere,1,0,3,0.014,0.017
designed,145,"1""",q3c,1,0,300,2.749,0.573
designed,204,"1""",skycell-rw,1,1,4,0.09,0.029
designed,204,"1""",skycell,1,1,4,0.027,0.012
designed,204,"1""",q3c,1,1,301,2.669,0.587
designed,204,"1""",pgsphere,1,1,5,0.052,0.041
designed,727,"10""",skycell,1,0,4,0.052,0.024
designed,727,"10""",pgsphere,1,0,5,0.022,0.031
designed,727,"10""",skycell-rw,1,0,4,0.033,0.01
designed,727,"10""",q3c,1,0,300,2.891,0.537
designed,648,"10""",q3c,1,1,301,3.036,0.624
designed,648,"10""",pgsphere,1,1,7,0.052,0.056
designed,648,"10""",skycell,1,1,4,0.046,0.025
designed,648,"10""",skycell-rw,1,1,4,0.041,0.012
designed,93,"1""",skycell,1,0,3,0.019,0.014
designed,93,"1""",pgsphere,1,0,6,0.018,0.041
designed,93,"1""",skycell-rw,1,0,3,0.028,0.007
designed,1047,1',skycell-rw,1,0,4,0.074,0.028
designed,1047,1',q3c,1,0,300,3.201,0.591
designed,1047,1',skycell,1,0,4,0.076,0.04
designed,1047,1',pgsphere,1,0,6,0.052,0.065
designed,1085,1',q3c,1,0,300,3.879,0.84
designed,1085,1',pgsphere,1,0,5,0.108,0.051
designed,1085,1',skycell,1,0,4,0.058,0.032
designed,1085,1',skycell-rw,1,0,4,0.07,0.024
designed,414,"10""",skycell,1,1,4,0.059,0.033
designed,414,"10""",pgsphere,1,1,6,0.05,0.05
designed,414,"10""",q3c,1,1,301,3.442,0.772
designed,414,"10""",skycell-rw,1,1,4,0.093,0.036
designed,1289,6',skycell-rw,3,1,4,0.08,0.044
designed,1289,6',pgsphere,8,1,6,0.054,0.056
designed,1289,6',q3c,2,1,301,3.348,0.823
designed,1289,6',skycell,3,1,4,0.07,0.043
designed,683,"10""",skycell-rw,1,0,3,0.068,0.023
designed,683,"10""",pgsphere,1,0,5,0.038,0.036
designed,683,"10""",skycell,1,0,3,0.049,0.021
designed,683,"10""",q3c,1,0,300,3.697,0.816
designed,563,"10""",pgsphere,1,0,5,0.106,0.049
designed,563,"10""",skycell-rw,1,0,7,0.093,0.038
designed,563,"10""",q3c,1,0,300,3.59,0.814
designed,563,"10""",skycell,1,0,7,0.072,0.038
designed,22,"1""",q3c,1,1,301,3.235,0.764
designed,22,"1""",skycell-rw,1,1,7,0.158,0.061
designed,22,"1""",pgsphere,1,1,6,0.057,0.053
designed,22,"1""",skycell,1,1,7,0.081,0.034
designed,935,1',skycell-rw,1,0,4,0.081,0.034
designed,935,1',pgsphere,1,0,5,0.047,0.041
designed,935,1',q3c,1,0,300,3.889,0.867
designed,935,1',skycell,1,0,4,0.069,0.035
designed,1400,30',skycell,3986,4002,127,0.127,1.336
designed,1400,30',skycell-rw,3990,4002,110,0.283,1.194
designed,1400,30',pgsphere,190,4002,336,0.059,1.791
designed,1400,30',q3c,1423,4002,373,3.485,2.05
designed,1440,1deg,skycell-rw,274,269,20,0.14,0.211
designed,1440,1deg,pgsphere,761,269,40,0.058,0.248
designed,1440,1deg,skycell,273,269,33,0.081,0.198
designed,1440,1deg,q3c,167,269,307,3.612,0.895
designed,1106,6',skycell-rw,62,59,18,0.228,0.146
designed,1106,6',q3c,15,59,304,3.452,0.859
designed,1106,6',skycell,62,59,19,0.084,0.087
designed,1106,6',pgsphere,8,59,22,0.051,0.115
designed,837,1',q3c,1,0,300,4.205,0.808
designed,837,1',skycell-rw,1,0,4,0.094,0.038
designed,837,1',pgsphere,1,0,6,0.049,0.05
designed,837,1',skycell,1,0,4,0.057,0.029
designed,1032,1',pgsphere,1,1,5,0.046,0.044
designed,1032,1',skycell,1,1,8,0.06,0.032
designed,1032,1',skycell-rw,1,1,7,0.193,0.047
designed,1032,1',q3c,1,1,301,3.294,0.841
designed,1376,30',skycell,502,495,45,0.118,0.287
designed,1376,30',skycell-rw,512,495,35,0.153,0.986
designed,1376,30',pgsphere,190,495,83,0.059,0.429
designed,1376,30',q3c,144,495,317,3.532,0.998
designed,1209,6',pgsphere,8,2,7,0.062,0.087
designed,1209,6',q3c,1,2,301,3.077,0.821
designed,1209,6',skycell-rw,3,2,5,0.144,0.064
designed,1209,6',skycell,3,2,8,0.063,0.034
designed,517,"10""",skycell,1,0,3,0.051,0.02
designed,517,"10""",skycell-rw,1,0,3,0.122,0.026
designed,517,"10""",pgsphere,1,0,6,0.048,0.069
designed,517,"10""",q3c,1,0,300,3.161,0.839
designed,943,1',skycell-rw,1,0,7,0.181,0.057
designed,943,1',q3c,1,0,300,3.937,0.906
designed,943,1',pgsphere,1,0,4,0.064,0.044
designed,943,1',skycell,1,0,8,0.06,0.035
designed,1318,30',q3c,453,800,318,3.571,1.11
designed,1318,30',pgsphere,190,800,83,0.062,0.488
designed,1318,30',skycell-rw,819,800,37,0.193,0.362
designed,1318,30',skycell,897,800,54,0.119,0.318
designed,21,"1""",q3c,1,0,300,3.699,0.854
designed,21,"1""",skycell,1,0,3,0.064,0.027
designed,21,"1""",skycell-rw,1,0,3,0.042,0.01
designed,21,"1""",pgsphere,1,0,4,0.024,0.028
gaia,630,"10""",q3c,1,1,301,2.864,0.692
designed,632,"10""",skycell-rw,1,1,4,0.033,0.021
designed,632,"10""",q3c,1,1,301,2.723,0.549
designed,632,"10""",pgsphere,1,1,6,0.046,0.043
designed,632,"10""",skycell,1,1,4,0.035,0.022
designed,306,"1""",pgsphere,1,1,7,0.024,0.036
designed,306,"1""",skycell-rw,1,1,4,0.035,0.016
designed,306,"1""",skycell,1,1,4,0.017,0.009
designed,306,"1""",q3c,1,1,301,2.619,0.54
designed,1420,1deg,pgsphere,761,5690,483,0.045,1.569
designed,1420,1deg,skycell,4240,5690,128,0.105,1.12
designed,1420,1deg,skycell-rw,4249,5690,122,0.145,1.889
designed,1420,1deg,q3c,1186,5690,405,2.671,1.745
designed,1017,1',q3c,1,0,300,2.872,0.568
designed,1017,1',skycell,1,0,8,0.056,0.026
designed,1017,1',skycell-rw,1,0,7,0.061,0.021
designed,1017,1',pgsphere,1,0,5,0.023,0.028
designed,310,"1""",q3c,1,1,301,2.539,0.537
designed,310,"1""",skycell,1,1,4,0.052,0.028
designed,310,"1""",skycell-rw,1,1,4,0.048,0.015
designed,310,"1""",pgsphere,1,1,5,0.021,0.031
designed,40,"1""",skycell-rw,1,1,4,0.029,0.025
designed,40,"1""",skycell,1,1,4,0.021,0.01
designed,40,"1""",q3c,1,1,301,2.524,0.532
designed,40,"1""",pgsphere,1,1,6,0.046,0.042
designed,1324,30',q3c,1311,2294,346,2.521,1.067
designed,1324,30',pgsphere,190,2294,325,0.047,0.788
designed,1324,30',skycell,2431,2294,89,0.097,0.497
designed,1324,30',skycell-rw,2416,2294,70,0.161,0.41
designed,97,"1""",pgsphere,1,0,5,0.03,0.028
designed,97,"1""",skycell,1,0,3,0.029,0.015
designed,97,"1""",skycell-rw,1,0,3,0.031,0.008
designed,97,"1""",q3c,1,0,300,2.583,0.537
designed,1220,6',q3c,52,70,304,2.838,0.605
designed,1220,6',skycell-rw,57,70,9,0.086,0.059
designed,1220,6',skycell,56,70,9,0.039,0.033
designed,1220,6',pgsphere,8,70,16,0.02,0.078
designed,615,"10""",skycell,1,0,3,0.02,0.013
designed,615,"10""",q3c,1,0,300,2.399,0.501
designed,615,"10""",pgsphere,1,0,4,0.045,0.033
designed,615,"10""",skycell-rw,1,0,3,0.045,0.015
designed,505,"10""",q3c,1,0,300,2.363,0.533
designed,505,"10""",skycell,1,0,3,0.05,0.023
designed,505,"10""",pgsphere,1,0,4,0.027,0.026
designed,505,"10""",skycell-rw,1,0,3,0.07,0.011
designed,1077,1',q3c,1,0,300,2.535,0.544
designed,1077,1',skycell-rw,1,0,4,0.065,0.037
designed,1077,1',pgsphere,1,0,10,0.022,0.047
designed,1077,1',skycell,1,0,4,0.025,0.011
designed,344,"1""",skycell-rw,1,1,4,0.06,0.018
designed,344,"1""",skycell,1,1,4,0.019,0.009
designed,344,"1""",q3c,1,1,301,2.327,0.569
designed,344,"1""",pgsphere,1,1,5,0.049,0.037
designed,1381,30',pgsphere,190,47,18,0.022,0.078
designed,1381,30',skycell,100,47,21,0.043,0.065
designed,1381,30',q3c,26,47,303,2.724,0.579
designed,1381,30',skycell-rw,101,47,19,0.097,0.075
designed,464,"10""",pgsphere,1,1,6,0.066,0.034
designed,464,"10""",skycell-rw,1,1,4,0.038,0.018
designed,464,"10""",skycell,1,1,4,0.02,0.01
designed,464,"10""",q3c,1,1,301,2.301,0.547
designed,875,1',skycell-rw,1,0,4,0.07,0.395
designed,875,1',q3c,1,0,300,2.775,0.54
designed,875,1',pgsphere,1,0,5,0.045,0.045
designed,875,1',skycell,1,0,3,0.037,0.02
designed,456,"10""",pgsphere,1,1,7,0.028,0.036
designed,456,"10""",skycell,1,1,7,0.026,0.021
designed,456,"10""",q3c,1,1,301,2.669,0.515
designed,456,"10""",skycell-rw,1,1,7,0.081,0.033
designed,1413,1deg,skycell-rw,336,280,31,0.097,0.146
designed,1413,1deg,q3c,220,280,312,2.974,0.655
designed,1413,1deg,skycell,334,280,31,0.09,0.137
designed,1413,1deg,pgsphere,761,280,47,0.029,0.185
designed,250,"1""",pgsphere,1,1,7,0.024,0.031
designed,250,"1""",q3c,1,1,301,2.298,0.544
designed,250,"1""",skycell-rw,1,1,4,0.07,0.028
designed,250,"1""",skycell,1,1,4,0.036,0.013
designed,757,"10""",pgsphere,1,0,4,0.022,0.024
designed,757,"10""",skycell-rw,1,0,3,0.04,0.015
designed,757,"10""",skycell,1,0,3,0.018,0.007
designed,757,"10""",q3c,1,0,300,2.819,0.516
designed,132,"1""",q3c,1,1,301,2.778,0.573
designed,132,"1""",pgsphere,1,1,6,0.047,0.042
designed,132,"1""",skycell-rw,1,1,4,0.046,0.021
designed,132,"1""",skycell,1,1,4,0.018,0.01
designed,1147,6',skycell-rw,4,2,7,0.053,0.06
designed,1147,6',q3c,3,2,302,2.606,0.509
designed,1147,6',skycell,4,2,4,0.052,0.029
designed,1147,6',pgsphere,8,2,9,0.026,0.044
designed,1272,6',skycell-rw,12,19,7,0.037,0.039
designed,1272,6',q3c,3,19,302,2.686,0.55
designed,1272,6',skycell,12,19,9,0.054,0.041
designed,1272,6',pgsphere,8,19,12,0.024,0.047
designed,1244,6',pgsphere,8,66,10,0.019,0.047
designed,1244,6',skycell,40,66,11,0.027,0.05
designed,1244,6',skycell-rw,41,66,8,0.068,0.045
designed,1244,6',q3c,20,66,303,2.858,0.561
designed,1388,30',skycell-rw,743,898,39,0.111,0.784
designed,1388,30',pgsphere,190,898,90,0.041,0.325
designed,1388,30',skycell,741,898,48,0.075,0.224
designed,1388,30',q3c,91,898,321,2.597,0.847
designed,1156,6',pgsphere,8,3831,279,0.048,0.853
designed,1156,6',skycell,17,3831,51,0.044,0.597
designed,1156,6',q3c,2,3831,341,2.73,1.093
designed,1156,6',skycell-rw,17,3831,51,0.09,0.531
designed,1294,6',skycell,34,59,12,0.042,0.062
designed,1294,6',q3c,11,59,303,2.672,0.623
designed,1294,6',skycell-rw,34,59,12,0.092,0.077
designed,1294,6',pgsphere,8,59,16,0.025,0.086
designed,653,"10""",skycell,1,0,3,0.026,0.015
designed,653,"10""",pgsphere,1,0,6,0.022,0.031
designed,653,"10""",skycell-rw,1,0,3,0.034,0.009
designed,653,"10""",q3c,1,0,300,2.48,0.542
designed,625,"10""",skycell-rw,1,0,3,0.08,0.022
designed,625,"10""",pgsphere,1,0,4,0.022,0.029
designed,625,"10""",skycell,1,0,3,0.026,0.011
designed,625,"10""",q3c,1,0,300,2.628,0.572
designed,834,1',q3c,1,1,302,2.815,0.587
designed,834,1',skycell-rw,1,1,5,0.067,0.455
designed,834,1',skycell,1,1,4,0.042,0.02
designed,834,1',pgsphere,1,1,5,0.03,0.032
designed,139,"1""",skycell,1,0,3,0.024,0.03
designed,139,"1""",pgsphere,1,0,4,0.016,0.019
designed,139,"1""",skycell-rw,1,0,3,0.031,0.007
designed,139,"1""",q3c,1,0,300,2.969,0.582
designed,245,"1""",skycell,1,0,3,0.051,0.022
designed,245,"1""",pgsphere,1,0,4,0.029,0.037
designed,245,"1""",skycell-rw,1,0,3,0.035,0.008
designed,245,"1""",q3c,1,0,300,2.481,0.568
designed,926,1',q3c,1,2,301,2.679,0.56
designed,926,1',pgsphere,1,2,6,0.045,0.041
designed,926,1',skycell,1,2,8,0.046,0.025
designed,926,1',skycell-rw,1,2,4,0.034,0.011
designed,450,"10""",skycell-rw,1,1,4,0.036,0.017
designed,450,"10""",q3c,1,1,301,3.158,0.528
designed,450,"10""",skycell,1,1,4,0.05,0.032
designed,450,"10""",pgsphere,1,1,8,0.033,0.044
designed,758,"10""",skycell-rw,1,1,4,0.041,0.019
designed,758,"10""",skycell,1,1,4,0.018,0.009
designed,758,"10""",q3c,1,1,301,2.774,0.544
designed,758,"10""",pgsphere,1,1,5,0.05,0.038
designed,50,"1""",skycell-rw,1,1,4,0.096,0.023
designed,50,"1""",q3c,1,1,301,2.678,0.542
designed,50,"1""",pgsphere,1,1,5,0.045,0.038
designed,50,"1""",skycell,1,1,4,0.032,0.021
designed,240,"1""",skycell-rw,1,1,4,0.033,0.016
designed,240,"1""",pgsphere,1,1,7,0.017,0.036
designed,240,"1""",q3c,1,1,301,2.531,0.587
designed,240,"1""",skycell,1,1,4,0.051,0.025
designed,443,"10""",q3c,1,0,300,2.803,0.541
designed,443,"10""",skycell,1,0,6,0.052,0.024
designed,443,"10""",pgsphere,1,0,5,0.025,0.032
designed,443,"10""",skycell-rw,1,0,6,0.045,0.013
designed,836,1',q3c,1,8,301,2.613,0.546
designed,836,1',skycell,3,8,8,0.056,0.036
designed,836,1',skycell-rw,3,8,8,0.063,0.029
designed,836,1',pgsphere,1,8,8,0.022,0.043
designed,100,"1""",skycell,1,1,4,0.021,0.018
designed,100,"1""",pgsphere,1,1,5,0.017,0.022
designed,100,"1""",q3c,1,1,301,2.632,0.586
designed,100,"1""",skycell-rw,1,1,4,0.066,0.026
designed,750,"10""",pgsphere,1,1,6,0.025,0.031
designed,750,"10""",skycell-rw,1,1,4,0.036,0.027
designed,750,"10""",skycell,1,1,4,0.02,0.01
designed,750,"10""",q3c,1,1,301,2.339,0.529
designed,241,"1""",q3c,1,0,300,2.807,0.56
designed,241,"1""",skycell,1,0,3,0.05,0.022
designed,241,"1""",pgsphere,1,0,5,0.026,0.032
designed,241,"1""",skycell-rw,1,0,3,0.047,0.01
designed,264,"1""",skycell-rw,1,1,4,0.027,0.016
designed,264,"1""",q3c,1,1,301,3.001,0.513
designed,264,"1""",skycell,1,1,4,0.051,0.026
designed,264,"1""",pgsphere,1,1,6,0.03,0.033
designed,742,"10""",skycell,1,1,5,0.024,0.02
designed,742,"10""",pgsphere,1,1,8,0.016,0.033
designed,742,"10""",q3c,1,1,301,2.352,0.562
designed,742,"10""",skycell-rw,1,1,5,0.065,0.026
designed,161,"1""",skycell,1,0,3,0.026,0.013
designed,161,"1""",pgsphere,1,0,6,0.019,0.033
designed,161,"1""",q3c,1,0,300,2.727,0.568
designed,161,"1""",skycell-rw,1,0,3,0.065,0.019
designed,1082,1',q3c,1,2,301,2.665,0.596
designed,1082,1',skycell-rw,1,2,7,0.067,0.618
designed,1082,1',pgsphere,1,2,5,0.043,0.035
designed,1082,1',skycell,1,2,8,0.032,0.022
designed,394,"1""",skycell,1,1,4,0.019,0.014
designed,394,"1""",skycell-rw,1,1,4,0.035,0.008
designed,394,"1""",q3c,1,1,301,2.605,0.551
designed,394,"1""",pgsphere,1,1,6,0.044,0.041
designed,253,"1""",q3c,1,0,300,2.306,0.585
designed,253,"1""",pgsphere,1,0,3,0.043,0.03
designed,253,"1""",skycell,1,0,3,0.033,0.018
designed,253,"1""",skycell-rw,1,0,3,0.034,0.008
designed,1043,1',q3c,1,0,300,2.795,0.624
designed,1043,1',skycell-rw,1,0,4,0.065,0.026
designed,1043,1',pgsphere,1,0,6,0.028,0.045
designed,1043,1',skycell,1,0,4,0.022,0.011
designed,59,"1""",skycell-rw,1,0,4,0.034,0.016
designed,59,"1""",skycell,1,0,4,0.017,0.008
designed,59,"1""",q3c,1,0,300,2.79,0.529
designed,59,"1""",pgsphere,1,0,4,0.049,0.032
designed,549,"10""",q3c,1,0,300,2.682,0.58
designed,549,"10""",skycell,1,0,3,0.058,0.024
designed,549,"10""",pgsphere,1,0,6,0.029,0.033
designed,549,"10""",skycell-rw,1,0,3,0.074,0.011
designed,1266,6',skycell-rw,23,21,16,0.056,0.063
designed,1266,6',skycell,22,21,16,0.027,0.021
designed,1266,6',q3c,6,21,301,2.755,0.603
designed,1266,6',pgsphere,8,21,15,0.049,0.061
designed,1192,6',q3c,11,589,311,2.495,0.767
designed,1192,6',skycell-rw,87,589,27,0.113,0.623
designed,1192,6',pgsphere,8,589,79,0.038,0.302
designed,1192,6',skycell,86,589,26,0.047,0.178
designed,659,"10""",pgsphere,1,0,4,0.024,0.026
designed,659,"10""",skycell-rw,1,0,6,0.053,0.022
designed,659,"10""",skycell,1,0,6,0.021,0.008
designed,659,"10""",q3c,1,0,300,2.822,0.55
designed,1280,6',q3c,21,87,305,2.69,0.62
designed,1280,6',skycell-rw,87,87,14,0.113,1.413
designed,1280,6',skycell,86,87,15,0.073,0.054
designed,1280,6',pgsphere,8,87,19,0.036,0.077
designed,1250,6',q3c,11,29,304,2.829,0.612
designed,1250,6',skycell-rw,32,29,10,0.09,0.059
designed,1250,6',skycell,31,29,10,0.035,0.031
designed,1250,6',pgsphere,8,29,14,0.024,0.065
designed,594,"10""",pgsphere,1,1,6,0.021,0.031
designed,594,"10""",skycell-rw,1,1,4,0.033,0.018
designed,594,"10""",q3c,1,1,301,2.71,0.593
designed,594,"10""",skycell,1,1,4,0.059,0.029
designed,898,1',skycell-rw,1,2,8,0.057,0.035
gaia,630,"10""",pgsphere,1,1,7,0.049,0.104
designed,898,1',skycell,1,2,8,0.029,0.015
designed,898,1',q3c,1,2,301,2.665,0.572
designed,898,1',pgsphere,1,2,6,0.051,0.055
designed,536,"10""",q3c,1,1,301,2.793,0.635
designed,536,"10""",pgsphere,1,1,6,0.085,0.047
designed,536,"10""",skycell-rw,1,1,4,0.052,0.023
designed,536,"10""",skycell,1,1,4,0.02,0.011
designed,399,"1""",pgsphere,1,0,5,0.018,0.027
designed,399,"1""",skycell,1,0,3,0.017,0.013
designed,399,"1""",skycell-rw,1,0,3,0.054,0.009
designed,399,"1""",q3c,1,0,300,2.424,0.625
designed,1455,3deg,pgsphere,6851,2386,110,0.08,0.736
designed,1455,3deg,q3c,1294,2386,349,2.766,1.22
designed,1455,3deg,skycell,2713,2386,107,0.154,0.585
designed,1455,3deg,skycell-rw,2741,2386,130,0.157,2.998
designed,947,1',skycell,1,0,4,0.061,0.028
designed,947,1',q3c,1,0,300,2.561,0.569
designed,947,1',pgsphere,1,0,4,0.082,0.076
designed,947,1',skycell-rw,1,0,4,0.06,0.023
designed,711,"10""",q3c,1,0,300,2.369,0.64
designed,711,"10""",skycell-rw,1,0,3,0.074,0.03
designed,711,"10""",skycell,1,0,3,0.032,0.01
designed,711,"10""",pgsphere,1,0,5,0.021,0.035
designed,989,1',q3c,1,0,300,2.348,0.575
designed,989,1',skycell-rw,1,0,4,0.073,0.468
designed,989,1',skycell,1,0,3,0.051,0.018
designed,989,1',pgsphere,1,0,5,0.025,0.032
designed,804,1',pgsphere,1,3,14,0.025,0.062
designed,804,1',skycell,1,3,10,0.026,0.05
designed,804,1',q3c,1,3,301,2.533,0.611
designed,804,1',skycell-rw,1,3,29,0.115,1.628
designed,562,"10""",skycell-rw,1,1,4,0.079,0.03
designed,562,"10""",pgsphere,1,1,9,0.028,0.048
designed,562,"10""",skycell,1,1,4,0.025,0.013
designed,562,"10""",q3c,1,1,301,2.674,0.575
designed,258,"1""",skycell,1,1,4,0.054,0.027
designed,258,"1""",q3c,1,1,301,2.536,0.551
designed,258,"1""",skycell-rw,1,1,4,0.072,0.029
designed,258,"1""",pgsphere,1,1,5,0.033,0.032
designed,222,"1""",skycell,1,1,4,0.027,0.019
designed,222,"1""",pgsphere,1,1,6,0.016,0.027
designed,222,"1""",skycell-rw,1,1,4,0.033,0.01
designed,222,"1""",q3c,1,1,301,2.603,0.631
designed,1261,6',pgsphere,8,99,21,0.047,0.123
designed,1261,6',skycell-rw,73,99,15,0.08,0.081
designed,1261,6',skycell,72,99,19,0.035,0.043
designed,1261,6',q3c,73,99,305,2.758,0.629
designed,1421,1deg,skycell,391,233,24,0.089,0.129
designed,1421,1deg,pgsphere,761,233,39,0.031,0.222
designed,1421,1deg,skycell-rw,397,233,24,0.098,0.097
designed,1421,1deg,q3c,155,233,307,2.751,0.713
designed,448,"10""",q3c,1,1,301,2.741,0.597
designed,448,"10""",skycell-rw,1,1,8,0.086,0.052
designed,448,"10""",pgsphere,1,1,5,0.043,0.046
designed,448,"10""",skycell,1,1,8,0.027,0.016
designed,82,"1""",skycell-rw,1,1,4,0.116,0.021
designed,82,"1""",pgsphere,1,1,6,0.02,0.043
designed,82,"1""",q3c,1,1,301,2.401,0.562
designed,82,"1""",skycell,1,1,4,0.055,0.029
designed,476,"10""",pgsphere,1,1,6,0.027,0.038
designed,476,"10""",q3c,1,1,301,2.706,0.74
designed,476,"10""",skycell-rw,1,1,4,0.073,0.032
designed,476,"10""",skycell,1,1,4,0.027,0.011
designed,1210,6',skycell,9,8,10,0.023,0.027
designed,1210,6',q3c,13,8,302,2.673,0.574
designed,1210,6',skycell-rw,9,8,6,0.076,0.044
designed,1210,6',pgsphere,8,8,9,0.029,0.049
designed,1226,6',skycell-rw,7,3,9,0.053,0.038
designed,1226,6',q3c,2,3,301,2.777,0.694
designed,1226,6',pgsphere,8,3,9,0.049,0.088
designed,1226,6',skycell,7,3,13,0.045,0.031
designed,668,"10""",skycell-rw,1,1,4,0.04,0.017
designed,668,"10""",skycell,1,1,4,0.031,0.01
designed,668,"10""",pgsphere,1,1,8,0.017,0.039
designed,668,"10""",q3c,1,1,301,2.725,0.591
designed,251,"1""",pgsphere,1,0,4,0.059,0.036
designed,251,"1""",skycell-rw,1,0,3,0.05,0.017
designed,251,"1""",skycell,1,0,3,0.031,0.011
designed,251,"1""",q3c,1,0,300,2.613,0.59
designed,709,"10""",skycell,1,0,4,0.056,0.03
designed,709,"10""",q3c,1,0,300,2.731,0.56
designed,709,"10""",pgsphere,1,0,4,0.05,0.033
designed,709,"10""",skycell-rw,1,0,4,0.066,0.02
designed,202,"1""",q3c,1,1,301,2.697,0.588
designed,202,"1""",skycell,1,1,4,0.09,0.032
designed,202,"1""",pgsphere,1,1,5,0.029,0.029
designed,202,"1""",skycell-rw,1,1,4,0.037,0.011
designed,430,"10""",q3c,1,1,301,2.822,0.577
designed,430,"10""",skycell,1,1,4,0.06,0.031
designed,430,"10""",skycell-rw,1,1,4,0.055,0.017
designed,430,"10""",pgsphere,1,1,6,0.021,0.032
designed,819,1',skycell,1,0,4,0.026,0.019
designed,819,1',pgsphere,1,0,5,0.023,0.029
designed,819,1',skycell-rw,1,0,4,0.039,0.021
designed,819,1',q3c,1,0,300,2.728,0.537
designed,307,"1""",skycell-rw,1,0,3,0.071,0.022
designed,307,"1""",skycell,1,0,3,0.026,0.009
designed,307,"1""",pgsphere,1,0,7,0.019,0.038
designed,307,"1""",q3c,1,0,300,2.739,0.569
designed,846,1',q3c,1,1,301,2.436,0.788
designed,846,1',skycell,1,1,4,0.092,0.032
designed,846,1',pgsphere,1,1,5,0.03,0.033
designed,846,1',skycell-rw,1,1,4,0.036,0.012
designed,525,"10""",skycell-rw,1,0,4,0.031,0.017
designed,525,"10""",skycell,1,0,4,0.018,0.008
designed,525,"10""",q3c,1,0,300,2.499,0.542
designed,525,"10""",pgsphere,1,0,4,0.049,0.033
designed,785,"10""",q3c,1,0,300,2.411,0.57
designed,785,"10""",pgsphere,1,0,5,0.054,0.043
designed,785,"10""",skycell-rw,1,0,3,0.08,0.029
designed,785,"10""",skycell,1,0,3,0.041,0.016
designed,860,1',skycell-rw,1,1,4,0.057,0.028
designed,860,1',q3c,1,1,302,2.836,0.604
designed,860,1',pgsphere,1,1,8,0.052,0.052
designed,860,1',skycell,1,1,4,0.073,0.025
designed,1030,1',pgsphere,1,1,5,0.024,0.028
designed,1030,1',q3c,1,1,301,2.572,0.567
designed,1030,1',skycell,1,1,4,0.057,0.03
designed,1030,1',skycell-rw,1,1,4,0.052,0.015
designed,877,1',pgsphere,1,0,9,0.021,0.05
designed,877,1',skycell,1,0,3,0.019,0.013
designed,877,1',q3c,1,0,300,2.578,0.549
designed,877,1',skycell-rw,1,0,4,0.071,0.412
designed,640,"10""",skycell-rw,1,1,4,0.064,0.024
designed,640,"10""",skycell,1,1,4,0.045,0.023
designed,640,"10""",q3c,1,1,301,2.763,0.571
designed,640,"10""",pgsphere,1,1,6,0.126,0.053
designed,257,"1""",pgsphere,1,0,6,0.032,0.034
designed,257,"1""",q3c,1,0,300,2.809,0.587
designed,257,"1""",skycell-rw,1,0,3,0.075,0.024
designed,257,"1""",skycell,1,0,3,0.025,0.009
designed,987,1',pgsphere,1,0,5,0.023,0.03
designed,987,1',skycell,1,0,7,0.02,0.023
designed,987,1',q3c,1,0,300,2.682,0.631
designed,987,1',skycell-rw,1,0,4,0.073,0.029
designed,1064,1',skycell,3,6,8,0.03,0.038
designed,1064,1',q3c,2,6,301,2.398,0.546
designed,1064,1',pgsphere,1,6,7,0.05,0.044
designed,1064,1',skycell-rw,3,6,8,0.066,0.036
designed,1409,1deg,pgsphere,761,297,59,0.026,0.214
designed,1409,1deg,q3c,155,297,308,2.909,0.759
designed,1409,1deg,skycell-rw,269,297,23,0.121,0.166
designed,1409,1deg,skycell,267,297,30,0.06,0.104
designed,566,"10""",q3c,1,1,301,2.858,0.597
designed,566,"10""",skycell-rw,1,1,4,0.102,0.032
designed,566,"10""",skycell,1,1,4,0.032,0.012
designed,566,"10""",pgsphere,1,1,9,0.021,0.046
designed,1071,1',skycell,1,0,4,0.018,0.026
designed,1071,1',q3c,1,0,300,2.436,0.551
designed,1071,1',pgsphere,1,0,5,0.061,0.044
designed,1071,1',skycell-rw,1,0,4,0.058,0.025
designed,1228,6',pgsphere,8,2951,250,0.021,0.807
gaia,630,"10""",skycell-rw,1,1,4,0.053,0.051
designed,1228,6',skycell-rw,17,2951,55,0.07,0.522
designed,1228,6',skycell,17,2951,55,0.049,0.524
designed,1228,6',q3c,2,2951,338,2.795,1.044
designed,1354,30',skycell-rw,113,136,13,0.126,0.829
designed,1354,30',q3c,240,136,305,2.413,0.702
designed,1354,30',skycell,104,136,12,0.086,0.085
designed,1354,30',pgsphere,190,136,22,0.033,0.142
designed,46,"1""",q3c,1,1,301,2.472,0.684
designed,46,"1""",skycell,1,1,7,0.059,0.03
designed,46,"1""",pgsphere,1,1,5,0.03,0.031
designed,46,"1""",skycell-rw,1,1,7,0.049,0.019
designed,1023,1',pgsphere,1,0,4,0.021,0.027
designed,1023,1',q3c,1,0,300,2.686,0.543
designed,1023,1',skycell-rw,1,0,4,0.083,0.297
designed,1023,1',skycell,1,0,3,0.051,0.02
designed,1069,1',q3c,1,0,300,2.325,0.62
designed,1069,1',pgsphere,1,0,6,0.05,0.041
designed,1069,1',skycell-rw,1,0,4,0.05,0.021
designed,1069,1',skycell,1,0,4,0.024,0.01
designed,848,1',q3c,1,1,301,2.31,0.548
designed,848,1',skycell,1,1,4,0.083,0.032
designed,848,1',pgsphere,1,1,6,0.035,0.035
designed,848,1',skycell-rw,1,1,6,0.038,0.394
designed,1304,30',skycell,92,1459,50,0.076,0.485
designed,1304,30',q3c,32,1459,325,2.6,0.888
designed,1304,30',skycell-rw,90,1459,50,0.107,1.077
designed,1304,30',pgsphere,190,1459,129,0.047,0.511
designed,1431,1deg,q3c,166,289,309,2.254,0.64
designed,1431,1deg,pgsphere,761,289,47,0.051,0.185
designed,1431,1deg,skycell,274,289,21,0.055,0.121
designed,1431,1deg,skycell-rw,275,289,15,0.109,0.148
designed,651,"10""",q3c,1,0,300,2.411,0.577
designed,651,"10""",pgsphere,1,0,4,0.05,0.034
designed,651,"10""",skycell,1,0,6,0.07,0.027
designed,651,"10""",skycell-rw,1,0,6,0.056,0.016
designed,692,"10""",pgsphere,1,1,5,0.02,0.034
designed,692,"10""",skycell-rw,1,1,4,0.055,0.03
designed,692,"10""",q3c,1,1,301,2.835,0.638
designed,692,"10""",skycell,1,1,4,0.065,0.03
designed,19,"1""",skycell,1,0,3,0.026,0.013
designed,19,"1""",q3c,1,0,300,2.552,0.615
designed,19,"1""",skycell-rw,1,0,3,0.071,0.022
designed,19,"1""",pgsphere,1,0,4,0.032,0.024
designed,60,"1""",skycell,1,1,4,0.025,0.021
designed,60,"1""",pgsphere,1,1,8,0.02,0.04
designed,60,"1""",skycell-rw,1,1,4,0.031,0.01
designed,60,"1""",q3c,1,1,301,2.68,0.61
designed,696,"10""",q3c,1,1,301,2.822,0.57
designed,696,"10""",skycell-rw,1,1,7,0.085,0.035
designed,696,"10""",pgsphere,1,1,7,0.034,0.045
designed,696,"10""",skycell,1,1,7,0.028,0.015
designed,1434,1deg,q3c,160,277,310,2.385,0.649
designed,1434,1deg,skycell,431,277,33,0.165,0.115
designed,1434,1deg,pgsphere,761,277,44,0.033,0.143
designed,1434,1deg,skycell-rw,434,277,29,0.099,0.455
designed,592,"10""",pgsphere,1,1,6,0.038,0.034
designed,592,"10""",skycell-rw,1,1,4,0.04,0.018
designed,592,"10""",skycell,1,1,4,0.023,0.012
designed,592,"10""",q3c,1,1,301,2.347,0.603
designed,1427,1deg,pgsphere,761,255,38,0.078,0.163
designed,1427,1deg,skycell,326,255,36,0.048,0.129
designed,1427,1deg,skycell-rw,331,255,18,0.054,0.55
designed,1427,1deg,q3c,134,255,307,2.762,0.704
designed,239,"1""",skycell-rw,1,0,3,0.073,0.023
designed,239,"1""",q3c,1,0,300,2.609,0.552
designed,239,"1""",skycell,1,0,3,0.07,0.025
designed,239,"1""",pgsphere,1,0,5,0.029,0.035
designed,581,"10""",pgsphere,1,0,5,0.021,0.031
designed,581,"10""",skycell,1,0,6,0.023,0.016
designed,581,"10""",q3c,1,0,300,2.746,0.559
designed,581,"10""",skycell-rw,1,0,6,0.086,0.041
designed,911,1',pgsphere,1,0,5,0.031,0.034
designed,911,1',skycell-rw,1,0,7,0.061,0.027
designed,911,1',q3c,1,0,300,2.775,0.557
designed,911,1',skycell,1,0,7,0.069,0.03
designed,1185,6',q3c,3,1,302,2.339,0.56
designed,1185,6',skycell,20,1,15,0.073,0.046
designed,1185,6',pgsphere,8,1,7,0.033,0.077
designed,1185,6',skycell-rw,19,1,11,0.064,0.52
designed,203,"1""",skycell,1,0,3,0.051,0.021
designed,203,"1""",skycell-rw,1,0,3,0.04,0.009
designed,203,"1""",pgsphere,1,0,4,0.018,0.025
designed,203,"1""",q3c,1,0,300,2.633,0.695
designed,1007,1',skycell,1,1,7,0.064,0.033
designed,1007,1',q3c,1,1,301,2.568,0.564
designed,1007,1',skycell-rw,1,1,7,0.088,0.034
designed,1007,1',pgsphere,1,1,6,0.029,0.035
designed,67,"1""",skycell-rw,1,0,3,0.071,0.019
designed,67,"1""",q3c,1,0,300,2.856,0.525
designed,67,"1""",pgsphere,1,0,5,0.051,0.04
designed,67,"1""",skycell,1,0,3,0.036,0.017
designed,1218,6',q3c,2,4,301,2.514,0.54
designed,1218,6',skycell,3,4,5,0.066,0.038
designed,1218,6',pgsphere,8,4,6,0.028,0.039
designed,1218,6',skycell-rw,3,4,5,0.042,0.024
designed,427,"10""",q3c,1,0,300,2.58,0.565
designed,427,"10""",skycell-rw,1,0,6,0.087,0.031
designed,427,"10""",skycell,1,0,6,0.042,0.013
designed,427,"10""",pgsphere,1,0,5,0.022,0.035
designed,732,"10""",q3c,1,1,301,2.823,0.619
designed,732,"10""",pgsphere,1,1,6,0.053,0.047
designed,732,"10""",skycell-rw,1,1,7,0.073,0.033
designed,732,"10""",skycell,1,1,8,0.027,0.014
designed,165,"1""",pgsphere,1,0,4,0.027,0.024
designed,165,"1""",q3c,1,0,300,2.658,0.606
designed,165,"1""",skycell,1,0,3,0.058,0.026
designed,165,"1""",skycell-rw,1,0,3,0.045,0.01
designed,553,"10""",pgsphere,1,0,7,0.02,0.043
designed,553,"10""",q3c,1,0,300,4.127,0.566
designed,553,"10""",skycell,1,0,8,0.06,0.031
designed,553,"10""",skycell-rw,1,0,7,0.067,0.023
designed,1313,30',skycell-rw,92,51,13,0.059,0.531
designed,1313,30',q3c,22,51,304,2.775,0.589
designed,1313,30',pgsphere,190,51,13,0.058,0.077
designed,1313,30',skycell,91,51,13,0.074,0.056
designed,431,"10""",pgsphere,1,0,4,0.029,0.028
designed,431,"10""",skycell-rw,1,0,3,0.048,0.015
designed,431,"10""",skycell,1,0,3,0.018,0.007
designed,431,"10""",q3c,1,0,300,2.604,0.651
designed,1180,6',pgsphere,8,13,8,0.049,0.048
designed,1180,6',skycell-rw,25,13,9,0.081,0.812
designed,1180,6',skycell,25,13,9,0.059,0.031
designed,1180,6',q3c,4,13,302,3.27,0.681
designed,1425,1deg,skycell-rw,2387,3145,97,0.231,0.845
designed,1425,1deg,skycell,2393,3145,114,0.096,0.766
designed,1425,1deg,pgsphere,761,3145,268,0.054,1.263
designed,1425,1deg,q3c,210,3145,360,2.915,1.416
designed,637,"10""",skycell-rw,1,1,7,0.088,0.034
designed,637,"10""",q3c,1,1,301,2.472,0.603
designed,637,"10""",skycell,1,1,7,0.059,0.031
designed,637,"10""",pgsphere,1,1,5,0.031,0.032
designed,909,1',q3c,1,0,300,2.835,0.591
designed,909,1',skycell-rw,1,0,4,0.084,0.028
designed,909,1',skycell,1,0,4,0.026,0.011
designed,909,1',pgsphere,1,0,6,0.025,0.037
designed,432,"10""",skycell-rw,1,1,4,0.032,0.019
designed,432,"10""",q3c,1,1,301,2.414,0.582
designed,432,"10""",pgsphere,1,1,5,0.052,0.04
designed,432,"10""",skycell,1,1,4,0.035,0.021
designed,186,"1""",skycell,1,1,4,0.031,0.017
designed,186,"1""",skycell-rw,1,1,4,0.034,0.009
designed,186,"1""",q3c,1,1,301,2.694,0.594
designed,186,"1""",pgsphere,1,1,6,0.051,0.041
designed,941,1',skycell,1,0,3,0.04,0.017
designed,941,1',skycell-rw,1,0,4,0.068,0.452
designed,941,1',pgsphere,1,0,7,0.066,0.047
designed,941,1',q3c,1,0,300,2.576,0.65
designed,1327,30',q3c,28,72,304,2.761,0.721
designed,1327,30',skycell-rw,69,72,13,0.095,0.091
designed,1327,30',pgsphere,190,72,23,0.035,0.094
designed,1327,30',skycell,69,72,17,0.035,0.053
designed,137,"1""",skycell,1,0,3,0.023,0.014
designed,137,"1""",skycell-rw,1,0,3,0.03,0.008
designed,137,"1""",q3c,1,0,300,2.897,0.571
designed,137,"1""",pgsphere,1,0,4,0.051,0.037
designed,1146,6',skycell,22,22,8,0.047,0.056
designed,1146,6',pgsphere,8,22,15,0.024,0.057
designed,1146,6',skycell-rw,23,22,8,0.048,0.036
designed,1146,6',q3c,20,22,303,2.714,0.604
designed,1267,6',pgsphere,8,3,5,0.094,0.047
designed,1267,6',skycell-rw,4,3,4,0.053,0.025
designed,1267,6',q3c,2,3,301,2.696,0.574
designed,1267,6',skycell,4,3,4,0.06,0.033
designed,617,"10""",pgsphere,1,0,6,0.031,0.035
designed,617,"10""",skycell-rw,1,0,3,0.038,0.014
designed,617,"10""",skycell,1,0,3,0.018,0.007
designed,617,"10""",q3c,1,0,300,2.891,0.579
designed,1361,30',q3c,44,67,304,2.512,0.608
designed,1361,30',skycell-rw,71,67,20,0.109,0.126
designed,1361,30',pgsphere,190,67,23,0.034,0.086
designed,1361,30',skycell,70,67,24,0.035,0.04
designed,1311,30',pgsphere,190,63,9,0.019,0.057
designed,1311,30',skycell-rw,63,63,20,0.07,0.093
designed,1311,30',q3c,28,63,303,2.737,0.563
designed,1311,30',skycell,62,63,23,0.064,0.08
designed,1316,30',skycell,308,397,38,0.049,0.177
designed,1316,30',q3c,66,397,312,2.759,0.777
designed,1316,30',skycell-rw,309,397,28,0.115,0.205
designed,1316,30',pgsphere,190,397,58,0.041,0.227
designed,354,"1""",pgsphere,1,1,7,0.023,0.037
designed,354,"1""",skycell-rw,1,1,4,0.044,0.021
designed,354,"1""",skycell,1,1,4,0.02,0.009
designed,354,"1""",q3c,1,1,301,3.262,0.615
designed,243,"1""",pgsphere,1,0,4,0.05,0.033
designed,243,"1""",q3c,1,0,300,2.686,0.684
designed,243,"1""",skycell-rw,1,0,3,0.075,0.025
designed,243,"1""",skycell,1,0,3,0.03,0.01
designed,418,"10""",q3c,1,1,301,2.709,0.601
designed,418,"10""",skycell-rw,1,1,7,0.088,0.049
designed,418,"10""",skycell,1,1,7,0.04,0.015
designed,418,"10""",pgsphere,1,1,5,0.023,0.032
designed,638,"10""",skycell,1,1,4,0.021,0.017
designed,638,"10""",q3c,1,1,301,2.756,0.591
designed,638,"10""",pgsphere,1,1,5,0.053,0.04
designed,638,"10""",skycell-rw,1,1,4,0.051,0.02
designed,735,"10""",skycell-rw,1,0,3,0.034,0.014
designed,735,"10""",skycell,1,0,3,0.025,0.01
designed,735,"10""",q3c,1,0,300,2.802,0.558
designed,735,"10""",pgsphere,1,0,4,0.052,0.034
designed,1126,6',skycell,7,18,10,0.046,0.045
designed,1126,6',q3c,13,18,302,2.464,0.65
designed,1126,6',pgsphere,8,18,10,0.05,0.139
designed,1126,6',skycell-rw,7,18,6,0.059,0.041
designed,768,"10""",skycell,1,1,4,0.034,0.021
designed,768,"10""",q3c,1,1,301,2.455,0.543
designed,768,"10""",pgsphere,1,1,5,0.053,0.041
designed,768,"10""",skycell-rw,1,1,4,0.054,0.023
designed,1441,3deg,q3c,1429,2336,345,2.772,1.172
designed,1441,3deg,pgsphere,6851,2336,99,0.059,0.748
designed,1441,3deg,skycell,2462,2336,98,0.107,0.524
designed,1441,3deg,skycell-rw,2471,2336,85,0.149,0.727
designed,1349,30',q3c,168,216,308,2.624,0.68
designed,1349,30',skycell,121,216,26,0.073,0.127
designed,1349,30',skycell-rw,121,216,26,0.092,0.617
designed,1349,30',pgsphere,190,216,49,0.047,0.206
designed,642,"10""",skycell-rw,1,1,4,0.064,0.021
designed,642,"10""",skycell,1,1,4,0.026,0.01
designed,642,"10""",q3c,1,1,301,2.85,0.553
designed,642,"10""",pgsphere,1,1,5,0.05,0.04
designed,244,"1""",pgsphere,1,2,8,0.023,0.038
designed,244,"1""",skycell,1,2,7,0.028,0.023
designed,244,"1""",q3c,1,2,301,2.409,0.534
designed,244,"1""",skycell-rw,1,2,7,0.086,0.036
designed,10,"1""",pgsphere,1,1,6,0.034,0.032
designed,10,"1""",skycell,1,1,4,0.027,0.024
designed,10,"1""",q3c,1,1,301,2.3,0.619
designed,10,"1""",skycell-rw,1,1,4,0.073,0.026
designed,731,"10""",q3c,1,0,300,2.67,0.594
designed,731,"10""",skycell,1,0,6,0.058,0.024
designed,731,"10""",skycell-rw,1,0,6,0.054,0.016
designed,731,"10""",pgsphere,1,0,5,0.026,0.03
designed,227,"1""",pgsphere,1,0,4,0.021,0.023
designed,227,"1""",skycell,1,0,6,0.023,0.016
designed,227,"1""",skycell-rw,1,0,6,0.041,0.012
designed,227,"1""",q3c,1,0,300,2.498,0.515
designed,51,"1""",q3c,1,0,300,2.76,0.585
designed,51,"1""",skycell,1,0,3,0.061,0.026
designed,51,"1""",skycell-rw,1,0,3,0.043,0.01
designed,51,"1""",pgsphere,1,0,4,0.019,0.027
designed,803,1',skycell-rw,1,0,4,0.028,0.373
designed,803,1',pgsphere,1,0,6,0.04,0.04
designed,803,1',skycell,1,0,3,0.029,0.015
designed,803,1',q3c,1,0,300,2.729,0.597
designed,454,"10""",skycell,1,1,4,0.056,0.027
designed,454,"10""",q3c,1,1,301,2.628,0.651
designed,454,"10""",skycell-rw,1,1,4,0.141,0.031
designed,454,"10""",pgsphere,1,1,5,0.028,0.028
designed,1245,6',pgsphere,8,1,7,0.016,0.028
designed,1245,6',skycell-rw,2,1,5,0.049,0.053
designed,1245,6',skycell,2,1,8,0.032,0.016
designed,1245,6',q3c,2,1,301,2.387,0.615
designed,1099,1',pgsphere,1,1,6,0.05,0.042
designed,1099,1',skycell-rw,1,1,4,0.05,0.02
designed,1099,1',skycell,1,1,4,0.023,0.011
designed,1099,1',q3c,1,1,301,2.245,0.575
designed,676,"10""",skycell,1,1,8,0.097,0.038
designed,676,"10""",pgsphere,1,1,6,0.028,0.037
designed,676,"10""",q3c,1,1,301,2.881,0.553
designed,676,"10""",skycell-rw,1,1,7,0.088,0.036
designed,770,"10""",q3c,1,1,301,2.772,0.552
designed,770,"10""",pgsphere,1,1,8,0.051,0.049
designed,770,"10""",skycell-rw,1,1,4,0.052,0.022
designed,770,"10""",skycell,1,1,4,0.024,0.011
designed,368,"1""",skycell,1,1,4,0.028,0.02
designed,368,"1""",pgsphere,1,1,12,0.022,0.057
designed,368,"1""",skycell-rw,1,1,4,0.029,0.008
designed,368,"1""",q3c,1,1,301,2.618,0.533
designed,299,"1""",skycell,1,0,3,0.056,0.021
designed,299,"1""",q3c,1,0,300,2.79,0.607
designed,299,"1""",skycell-rw,1,0,3,0.136,0.025
designed,299,"1""",pgsphere,1,0,4,0.03,0.024
designed,764,"10""",pgsphere,1,1,5,0.017,0.026
designed,764,"10""",skycell-rw,1,1,4,0.037,0.019
designed,764,"10""",q3c,1,1,301,2.778,0.621
designed,764,"10""",skycell,1,1,4,0.12,0.032
designed,1350,30',pgsphere,190,75,23,0.034,0.095
designed,1350,30',q3c,39,75,303,2.397,0.597
designed,1350,30',skycell,91,75,18,0.072,0.064
designed,1350,30',skycell-rw,91,75,12,0.062,0.456
designed,831,1',q3c,1,1,301,2.742,0.545
designed,831,1',pgsphere,1,1,6,0.08,0.089
designed,831,1',skycell-rw,1,1,4,0.057,0.023
designed,831,1',skycell,1,1,4,0.022,0.011
designed,1211,6',skycell-rw,3,0,9,0.042,0.402
designed,1211,6',pgsphere,8,0,6,0.042,0.038
designed,1211,6',q3c,1,0,301,2.828,0.577
designed,1211,6',skycell,3,0,8,0.059,0.038
designed,1264,6',q3c,20,74,302,2.715,0.569
designed,1264,6',skycell,53,74,14,0.068,0.067
designed,1264,6',skycell-rw,52,74,16,0.068,0.659
designed,1264,6',pgsphere,8,74,18,0.045,0.08
designed,508,"10""",skycell-rw,1,1,4,0.065,0.022
designed,508,"10""",q3c,1,1,301,2.579,0.596
designed,508,"10""",skycell,1,1,4,0.088,0.03
designed,508,"10""",pgsphere,1,1,5,0.03,0.029
designed,854,1',pgsphere,1,2,7,0.016,0.03
designed,854,1',skycell-rw,1,2,9,0.052,0.033
designed,854,1',skycell,1,2,9,0.023,0.015
designed,854,1',q3c,1,2,301,2.604,0.582
designed,1154,6',skycell-rw,21,45,8,0.082,0.076
designed,1154,6',pgsphere,8,45,10,0.023,0.048
designed,1154,6',q3c,21,45,302,2.671,0.551
designed,1154,6',skycell,21,45,10,0.089,0.055
designed,1215,6',q3c,1,1,301,2.759,0.563
designed,1215,6',skycell,3,1,4,0.06,0.033
designed,1215,6',skycell-rw,3,1,4,0.043,0.017
designed,1215,6',pgsphere,8,1,6,0.021,0.033
designed,991,1',skycell,1,0,8,0.029,0.024
designed,991,1',skycell-rw,1,0,7,0.045,0.017
designed,991,1',pgsphere,1,0,4,0.017,0.026
designed,991,1',q3c,1,0,300,2.428,0.566
designed,367,"1""",q3c,1,0,300,2.589,0.564
designed,367,"1""",skycell-rw,1,0,6,0.1,0.03
designed,367,"1""",skycell,1,0,6,0.037,0.012
designed,367,"1""",pgsphere,1,0,4,0.022,0.025
designed,817,1',pgsphere,1,0,8,0.021,0.04
designed,817,1',q3c,1,0,300,2.895,0.559
designed,817,1',skycell,1,0,8,0.057,0.032
designed,817,1',skycell-rw,1,0,8,0.063,0.023
designed,822,1',skycell-rw,1,3,14,0.043,0.945
designed,822,1',q3c,1,3,301,2.848,0.587
designed,822,1',skycell,1,3,8,0.059,0.044
designed,822,1',pgsphere,1,3,6,0.028,0.046
designed,114,"1""",pgsphere,1,1,6,0.019,0.031
designed,114,"1""",skycell,1,1,4,0.059,0.029
designed,114,"1""",q3c,1,1,301,2.897,0.664
designed,114,"1""",skycell-rw,1,1,4,0.103,0.039
designed,1364,30',q3c,607,2512,349,2.977,1.237
designed,1364,30',skycell-rw,2398,2512,72,0.17,0.588
designed,1364,30',skycell,2384,2512,74,0.103,0.539
designed,1364,30',pgsphere,190,2512,238,0.037,0.749
designed,1174,6',skycell-rw,4,4,4,0.06,0.028
designed,1174,6',pgsphere,8,4,5,0.02,0.024
designed,1174,6',q3c,2,4,301,3.041,0.645
designed,1174,6',skycell,4,4,4,0.061,0.035
designed,1128,6',skycell-rw,5,6,5,0.049,0.026
designed,1128,6',pgsphere,8,6,11,0.025,0.052
designed,1128,6',q3c,1,6,301,2.325,0.544
designed,1128,6',skycell,5,6,5,0.061,0.035
designed,41,"1""",q3c,1,0,300,2.781,0.589
designed,41,"1""",skycell,1,0,3,0.089,0.027
designed,41,"1""",pgsphere,1,0,6,0.032,0.04
designed,41,"1""",skycell-rw,1,0,3,0.036,0.009
designed,64,"1""",pgsphere,1,1,6,0.018,0.032
designed,64,"1""",q3c,1,1,301,3.666,0.816
designed,64,"1""",skycell,1,1,4,0.064,0.03
designed,64,"1""",skycell-rw,1,1,4,0.046,0.016
designed,1378,30',skycell,1344,1356,56,0.08,0.399
designed,1378,30',q3c,205,1356,331,2.481,0.99
designed,1378,30',pgsphere,190,1356,163,0.052,0.587
designed,1378,30',skycell-rw,1357,1356,46,0.102,0.509
designed,337,"1""",q3c,1,0,300,2.99,0.805
designed,337,"1""",skycell-rw,1,0,3,0.075,0.025
designed,337,"1""",pgsphere,1,0,4,0.026,0.027
designed,337,"1""",skycell,1,0,3,0.028,0.01
designed,197,"1""",skycell,1,0,6,0.024,0.015
designed,197,"1""",skycell-rw,1,0,6,0.044,0.014
designed,197,"1""",pgsphere,1,0,3,0.016,0.018
designed,197,"1""",q3c,1,0,300,2.402,0.549
designed,1127,6',pgsphere,8,3,7,0.049,0.041
designed,1127,6',skycell,3,3,9,0.042,0.035
designed,1127,6',skycell-rw,3,3,9,0.058,0.026
designed,1127,6',q3c,1,3,301,2.441,0.58
designed,1129,6',skycell-rw,9,21,10,0.088,0.663
designed,1129,6',skycell,9,21,8,0.065,0.036
designed,1129,6',pgsphere,8,21,8,0.028,0.042
designed,1129,6',q3c,13,21,302,2.415,0.572
designed,401,"10""",skycell-rw,1,0,3,0.073,0.024
designed,401,"10""",skycell,1,0,3,0.041,0.014
designed,401,"10""",pgsphere,1,0,5,0.03,0.033
designed,401,"10""",q3c,1,0,300,2.579,0.651
designed,705,"10""",skycell,1,0,6,0.058,0.024
designed,705,"10""",skycell-rw,1,0,6,0.087,0.026
designed,705,"10""",q3c,1,0,300,3.025,0.589
designed,705,"10""",pgsphere,1,0,6,0.056,0.042
designed,188,"1""",pgsphere,1,1,7,0.039,0.044
designed,188,"1""",skycell,1,1,4,0.045,0.026
designed,188,"1""",q3c,1,1,301,2.355,0.634
designed,188,"1""",skycell-rw,1,1,4,0.074,0.029
designed,316,"1""",q3c,1,1,301,2.555,0.559
designed,316,"1""",pgsphere,1,1,6,0.052,0.045
designed,316,"1""",skycell,1,1,7,0.037,0.024
designed,316,"1""",skycell-rw,1,1,7,0.051,0.017
designed,195,"1""",skycell,1,0,3,0.026,0.015
designed,195,"1""",pgsphere,1,0,4,0.022,0.023
designed,195,"1""",q3c,1,0,300,2.418,0.56
designed,195,"1""",skycell-rw,1,0,3,0.075,0.024
designed,13,"1""",skycell,1,0,3,0.033,0.015
designed,13,"1""",q3c,1,0,300,2.686,0.589
designed,13,"1""",pgsphere,1,0,5,0.052,0.04
designed,13,"1""",skycell-rw,1,0,3,0.051,0.017
designed,452,"10""",skycell,1,1,7,0.026,0.025
designed,452,"10""",pgsphere,1,1,6,0.017,0.031
designed,452,"10""",q3c,1,1,301,2.718,0.581
designed,452,"10""",skycell-rw,1,1,7,0.088,0.038
designed,1346,30',pgsphere,190,553,73,0.04,0.335
designed,1346,30',skycell,709,553,46,0.08,0.19
designed,1346,30',skycell-rw,717,553,30,0.076,0.181
designed,1346,30',q3c,716,553,317,2.439,0.799
designed,839,1',q3c,1,0,300,2.861,0.6
designed,839,1',skycell,1,0,4,0.061,0.031
designed,839,1',pgsphere,1,0,4,0.028,0.028
designed,839,1',skycell-rw,1,0,4,0.035,0.011
designed,187,"1""",skycell,1,0,3,0.019,0.025
designed,187,"1""",q3c,1,0,300,2.663,0.628
designed,187,"1""",pgsphere,1,0,4,0.086,0.036
designed,187,"1""",skycell-rw,1,0,3,0.051,0.017
designed,8,"1""",q3c,1,1,301,2.477,0.599
designed,8,"1""",pgsphere,1,1,6,0.051,0.056
designed,8,"1""",skycell,1,1,4,0.038,0.058
designed,8,"1""",skycell-rw,1,1,4,0.055,0.013
designed,340,"1""",skycell,1,1,4,0.025,0.017
designed,340,"1""",q3c,1,1,301,2.927,0.665
designed,340,"1""",pgsphere,1,1,7,0.063,0.06
designed,340,"1""",skycell-rw,1,1,4,0.135,0.022
designed,767,"10""",skycell-rw,1,0,4,0.046,0.019
designed,767,"10""",q3c,1,0,300,3.02,0.666
designed,767,"10""",pgsphere,1,0,6,0.051,0.042
designed,767,"10""",skycell,1,0,4,0.038,0.024
designed,899,1',pgsphere,1,0,4,0.025,0.024
designed,899,1',skycell-rw,1,0,4,0.039,0.017
designed,899,1',q3c,1,0,300,2.621,0.569
designed,899,1',skycell,1,0,4,0.088,0.032
designed,1329,30',pgsphere,190,81,17,0.033,0.09
designed,1329,30',q3c,32,81,303,2.748,0.606
designed,1329,30',skycell,97,81,14,0.072,0.07
designed,1329,30',skycell-rw,98,81,11,0.061,0.051
designed,912,1',skycell-rw,1,1,7,0.046,0.024
designed,912,1',pgsphere,1,1,7,0.024,0.039
designed,912,1',q3c,1,1,301,2.778,0.557
designed,912,1',skycell,1,1,8,0.058,0.03
designed,1224,6',pgsphere,8,5,7,0.029,0.058
designed,1224,6',skycell,3,5,13,0.029,0.072
designed,1224,6',skycell-rw,3,5,10,0.05,0.035
designed,1224,6',q3c,2,5,301,2.584,0.556
designed,577,"10""",skycell,1,0,4,0.054,0.027
designed,577,"10""",skycell-rw,1,0,4,0.057,0.012
designed,577,"10""",pgsphere,1,0,4,0.02,0.068
designed,577,"10""",q3c,1,0,300,2.743,0.566
designed,309,"1""",skycell,1,0,3,0.056,0.024
designed,309,"1""",q3c,1,0,300,2.438,0.555
designed,309,"1""",skycell-rw,1,0,3,0.073,0.024
designed,309,"1""",pgsphere,1,0,4,0.023,0.024
designed,904,1',pgsphere,1,2,8,0.017,0.039
designed,904,1',skycell-rw,2,2,19,0.108,0.37
designed,904,1',skycell,1,2,16,0.044,0.025
designed,904,1',q3c,1,2,302,2.528,0.601
designed,437,"10""",q3c,1,0,300,2.862,0.591
designed,437,"10""",pgsphere,1,0,4,0.051,0.035
designed,437,"10""",skycell,1,0,3,0.036,0.017
designed,437,"10""",skycell-rw,1,0,3,0.034,0.007
designed,1432,1deg,pgsphere,761,268,45,0.017,0.176
designed,1432,1deg,skycell-rw,779,268,33,0.09,1.011
designed,1432,1deg,skycell,940,268,33,0.093,0.121
designed,1432,1deg,q3c,183,268,311,2.501,0.686
designed,4,"1""",q3c,1,1,301,2.371,0.618
designed,4,"1""",skycell-rw,1,1,4,0.077,0.03
designed,4,"1""",pgsphere,1,1,5,0.028,0.032
designed,4,"1""",skycell,1,1,4,0.026,0.014
gaia,630,"10""",skycell,1,1,4,0.032,0.015
designed,1271,6',pgsphere,8,14,7,0.016,0.085
designed,1271,6',q3c,8,14,302,2.472,0.579
designed,1271,6',skycell-rw,11,14,7,0.075,0.051
designed,1271,6',skycell,11,14,10,0.033,0.021
designed,167,"1""",q3c,1,0,300,2.495,0.526
designed,167,"1""",pgsphere,1,0,4,0.05,0.036
designed,167,"1""",skycell-rw,1,0,3,0.062,0.018
designed,167,"1""",skycell,1,0,3,0.021,0.008
designed,274,"1""",skycell,1,1,4,0.022,0.019
designed,274,"1""",pgsphere,1,1,6,0.018,0.032
designed,274,"1""",skycell-rw,1,1,4,0.028,0.009
designed,274,"1""",q3c,1,1,301,2.706,0.593
designed,279,"1""",skycell,1,0,6,0.059,0.023
designed,279,"1""",pgsphere,1,0,4,0.033,0.029
designed,279,"1""",skycell-rw,1,0,6,0.049,0.016
designed,279,"1""",q3c,1,0,300,2.539,0.523
designed,894,1',skycell,1,2,4,0.057,0.029
designed,894,1',q3c,1,2,301,2.445,0.546
designed,894,1',skycell-rw,1,2,4,0.084,0.031
designed,894,1',pgsphere,1,2,5,0.119,0.036
designed,872,1',skycell,1,3,10,0.039,0.054
designed,872,1',q3c,1,3,301,2.346,0.636
designed,872,1',pgsphere,1,3,7,0.051,0.045
designed,872,1',skycell-rw,1,3,10,0.063,0.045
designed,1006,1',skycell,1,3,6,0.029,0.03
designed,1006,1',pgsphere,1,3,6,0.018,0.034
designed,1006,1',q3c,1,3,301,2.461,0.631
designed,1006,1',skycell-rw,1,3,6,0.082,0.04
designed,459,"10""",skycell,1,0,6,0.04,0.02
designed,459,"10""",q3c,1,0,300,3.04,0.586
designed,459,"10""",skycell-rw,1,0,6,0.088,0.031
designed,459,"10""",pgsphere,1,0,5,0.024,0.03
designed,321,"1""",skycell-rw,1,0,3,0.036,0.015
designed,321,"1""",pgsphere,1,0,4,0.054,0.022
designed,321,"1""",skycell,1,0,3,0.02,0.009
designed,321,"1""",q3c,1,0,300,2.554,0.573
designed,789,"10""",q3c,1,0,300,2.238,0.587
designed,789,"10""",skycell-rw,1,0,3,0.073,0.023
designed,789,"10""",pgsphere,1,0,7,0.026,0.038
designed,789,"10""",skycell,1,0,3,0.028,0.01
designed,1382,30',pgsphere,190,75,19,0.019,0.074
designed,1382,30',skycell-rw,76,75,21,0.064,0.093
designed,1382,30',q3c,55,75,306,2.507,0.548
designed,1382,30',skycell,75,75,27,0.062,0.112
designed,1075,1',q3c,1,0,300,2.705,0.603
designed,1075,1',skycell-rw,1,0,4,0.086,0.032
designed,1075,1',skycell,1,0,4,0.065,0.015
designed,1075,1',pgsphere,1,0,5,0.022,0.028
designed,1015,1',q3c,1,0,300,2.482,0.607
designed,1015,1',pgsphere,1,0,5,0.05,0.038
designed,1015,1',skycell,1,0,4,0.037,0.03
designed,1015,1',skycell-rw,1,0,4,0.038,0.012
designed,144,"1""",q3c,1,1,301,2.952,0.569
designed,144,"1""",skycell-rw,1,1,7,0.122,0.038
designed,144,"1""",pgsphere,1,1,5,0.026,0.029
designed,144,"1""",skycell,1,1,7,0.024,0.012
designed,1362,30',skycell,89,61,12,0.03,0.065
designed,1362,30',pgsphere,190,61,17,0.017,0.06
designed,1362,30',skycell-rw,89,61,12,0.048,0.854
designed,1362,30',q3c,27,61,305,2.713,0.568
designed,380,"1""",pgsphere,1,1,6,0.046,0.041
designed,380,"1""",q3c,1,1,301,2.479,0.555
designed,380,"1""",skycell-rw,1,1,4,0.095,0.031
designed,380,"1""",skycell,1,1,4,0.032,0.011
designed,598,"10""",pgsphere,1,1,6,0.022,0.034
designed,598,"10""",skycell,1,1,4,0.019,0.015
designed,598,"10""",skycell-rw,1,1,4,0.041,0.01
designed,598,"10""",q3c,1,1,301,2.74,0.557
designed,1297,6',pgsphere,8,1,8,0.077,0.047
designed,1297,6',q3c,2,1,301,2.632,0.573
designed,1297,6',skycell-rw,4,1,5,0.069,0.034
designed,1297,6',skycell,4,1,5,0.026,0.014
designed,503,"10""",q3c,1,0,300,2.851,0.584
designed,503,"10""",skycell,1,0,4,0.053,0.027
designed,503,"10""",skycell-rw,1,0,4,0.052,0.012
designed,503,"10""",pgsphere,1,0,7,0.02,0.039
designed,722,"10""",skycell-rw,1,1,4,0.035,0.023
designed,722,"10""",pgsphere,1,1,6,0.016,0.028
designed,722,"10""",q3c,1,1,301,2.982,0.528
designed,722,"10""",skycell,1,1,4,0.05,0.028
designed,1437,1deg,skycell-rw,295,298,23,0.13,0.179
designed,1437,1deg,pgsphere,761,298,36,0.037,0.148
designed,1437,1deg,q3c,114,298,309,2.728,0.841
designed,1437,1deg,skycell,298,298,30,0.188,0.17
designed,52,"1""",pgsphere,1,1,5,0.055,0.054
designed,52,"1""",skycell,1,1,4,0.089,0.032
designed,52,"1""",q3c,1,1,301,3.865,0.693
designed,52,"1""",skycell-rw,1,1,4,0.089,0.031
designed,242,"1""",q3c,1,1,301,2.505,0.556
designed,242,"1""",skycell,1,1,4,0.057,0.042
designed,242,"1""",pgsphere,1,1,7,0.028,0.038
designed,242,"1""",skycell-rw,1,1,4,0.04,0.013
designed,433,"10""",skycell,1,0,3,0.02,0.014
designed,433,"10""",pgsphere,1,0,5,0.016,0.025
designed,433,"10""",q3c,1,0,300,2.783,0.552
designed,433,"10""",skycell-rw,1,0,3,0.073,0.026
designed,152,"1""",q3c,1,1,301,2.715,0.583
designed,152,"1""",pgsphere,1,1,6,0.052,0.04
designed,152,"1""",skycell-rw,1,1,4,0.048,0.031
designed,152,"1""",skycell,1,1,4,0.021,0.009
designed,905,1',pgsphere,1,0,9,0.018,0.045
designed,905,1',skycell-rw,1,0,4,0.037,0.347
designed,905,1',q3c,1,0,300,3.052,0.572
designed,905,1',skycell,1,0,3,0.051,0.028
designed,1114,6',q3c,3,123,307,2.839,0.617
designed,1114,6',pgsphere,8,123,23,0.047,0.094
designed,1114,6',skycell-rw,141,123,22,0.077,0.122
designed,1114,6',skycell,140,123,25,0.089,0.065
designed,1240,6',q3c,12,40,303,2.778,0.556
designed,1240,6',skycell,44,40,9,0.054,0.056
designed,1240,6',skycell-rw,45,40,7,0.052,0.039
designed,1240,6',pgsphere,8,40,11,0.021,0.052
designed,1217,6',skycell,3,2,4,0.034,0.021
designed,1217,6',skycell-rw,3,2,4,0.029,0.013
designed,1217,6',q3c,2,2,301,2.75,0.614
designed,1217,6',pgsphere,8,2,5,0.067,0.048
designed,1296,6',q3c,2,5,302,2.612,0.633
designed,1296,6',skycell,6,5,5,0.055,0.034
designed,1296,6',pgsphere,8,5,6,0.045,0.051
designed,1296,6',skycell-rw,6,5,5,0.051,0.054
designed,249,"1""",skycell,1,0,3,0.034,0.016
designed,249,"1""",skycell-rw,1,0,3,0.033,0.008
designed,249,"1""",q3c,1,0,300,2.678,0.577
designed,249,"1""",pgsphere,1,0,7,0.063,0.052
designed,1202,6',skycell-rw,6,6,4,0.084,0.021
designed,1202,6',skycell,6,6,4,0.025,0.012
designed,1202,6',q3c,4,6,302,2.808,0.551
designed,1202,6',pgsphere,8,6,13,0.051,0.092
designed,346,"1""",pgsphere,1,1,6,0.044,0.055
designed,346,"1""",skycell-rw,1,1,4,0.071,0.028
designed,346,"1""",q3c,1,1,301,2.499,0.609
designed,346,"1""",skycell,1,1,4,0.058,0.028
designed,1070,1',skycell-rw,2,4,5,0.048,0.031
designed,1070,1',pgsphere,1,4,7,0.023,0.046
designed,1070,1',skycell,2,4,5,0.02,0.015
designed,1070,1',q3c,1,4,301,3.253,0.616
designed,790,"10""",pgsphere,1,1,6,0.055,0.076
designed,790,"10""",skycell,1,1,4,0.037,0.022
designed,790,"10""",skycell-rw,1,1,4,0.035,0.01
designed,790,"10""",q3c,1,1,301,2.597,0.574
designed,472,"10""",skycell,1,1,4,0.056,0.03
designed,472,"10""",pgsphere,1,1,7,0.03,0.042
designed,472,"10""",q3c,1,1,301,2.886,0.549
designed,472,"10""",skycell-rw,1,1,4,0.074,0.032
designed,777,"10""",skycell,1,0,3,0.036,0.015
designed,777,"10""",q3c,1,0,300,3.017,0.566
designed,777,"10""",skycell-rw,1,0,3,0.072,0.024
designed,777,"10""",pgsphere,1,0,4,0.03,0.028
designed,278,"1""",q3c,1,1,301,2.479,0.587
designed,278,"1""",skycell-rw,1,1,4,0.072,0.031
designed,278,"1""",pgsphere,1,1,6,0.026,0.035
designed,278,"1""",skycell,1,1,4,0.024,0.013
designed,470,"10""",pgsphere,1,1,6,0.019,0.031
designed,470,"10""",q3c,1,1,301,2.832,0.621
designed,470,"10""",skycell,1,1,9,0.055,0.032
designed,470,"10""",skycell-rw,1,1,8,0.057,0.023
gaia,442,"10""",q3c,1,1,301,2.882,0.655
gaia,442,"10""",pgsphere,1,1,6,0.049,0.065
gaia,442,"10""",skycell-rw,1,1,4,0.048,0.035
gaia,442,"10""",skycell,1,1,4,0.031,0.014
gaia,47,"1""",skycell-rw,1,0,3,0.03,0.035
gaia,47,"1""",pgsphere,1,0,4,0.021,0.036
gaia,47,"1""",q3c,1,0,300,2.96,0.601
gaia,47,"1""",skycell,1,0,3,0.054,0.025
gaia,1003,1',skycell,1,0,4,0.02,0.04
gaia,1003,1',pgsphere,1,0,5,0.022,0.047
gaia,1003,1',q3c,1,0,300,2.754,0.673
gaia,1003,1',skycell-rw,1,0,4,0.072,0.034
gaia,946,1',pgsphere,1,2,8,0.037,0.108
gaia,946,1',skycell,1,2,5,0.035,0.063
gaia,946,1',q3c,1,2,302,3.315,0.697
gaia,946,1',skycell-rw,1,2,6,0.125,0.056
gaia,691,"10""",skycell-rw,1,0,3,0.051,0.025
gaia,691,"10""",pgsphere,1,0,4,0.02,0.023
gaia,691,"10""",skycell,1,0,3,0.02,0.009
gaia,691,"10""",q3c,1,0,300,2.567,0.595
gaia,408,"10""",skycell,1,1,4,0.051,0.056
gaia,408,"10""",pgsphere,1,1,5,0.029,0.038
gaia,408,"10""",q3c,1,1,301,2.73,0.731
gaia,408,"10""",skycell-rw,1,1,4,0.081,0.034
gaia,1370,30',skycell-rw,2092,2445,79,0.164,0.645
gaia,1370,30',pgsphere,190,2445,250,0.037,1.054
gaia,1370,30',q3c,797,2445,352,2.594,1.224
gaia,1370,30',skycell,2076,2445,101,0.113,0.625
gaia,802,1',skycell,2,2,5,0.039,0.05
gaia,802,1',skycell-rw,2,2,5,0.038,0.015
gaia,802,1',pgsphere,1,2,5,0.021,0.059
gaia,802,1',q3c,1,2,303,2.86,0.648
gaia,1341,30',pgsphere,190,22,12,0.047,0.093
gaia,1341,30',q3c,10,22,304,2.5,0.694
gaia,1341,30',skycell-rw,24,22,10,0.084,0.354
gaia,1341,30',skycell,24,22,9,0.051,0.036
gaia,415,"10""",q3c,1,0,300,2.428,0.593
gaia,415,"10""",pgsphere,1,0,5,0.048,0.061
gaia,415,"10""",skycell-rw,1,0,3,0.045,0.028
gaia,415,"10""",skycell,1,0,3,0.02,0.009
gaia,153,"1""",skycell,1,0,3,0.016,0.075
gaia,153,"1""",q3c,1,0,300,2.375,0.593
gaia,153,"1""",skycell-rw,1,0,3,0.067,0.025
gaia,153,"1""",pgsphere,1,0,6,0.021,0.076
gaia,315,"1""",skycell,1,0,3,0.025,0.035
gaia,315,"1""",skycell-rw,1,0,3,0.033,0.01
gaia,315,"1""",pgsphere,1,0,5,0.015,0.041
gaia,315,"1""",q3c,1,0,300,2.406,0.565
gaia,382,"1""",pgsphere,1,1,9,0.047,0.087
gaia,382,"1""",q3c,1,1,301,2.621,0.53
gaia,382,"1""",skycell,1,1,7,0.055,0.05
gaia,382,"1""",skycell-rw,1,1,7,0.052,0.018
gaia,966,1',pgsphere,1,1,7,0.023,0.056
gaia,966,1',skycell,1,1,11,0.026,0.021
gaia,966,1',q3c,1,1,301,2.52,0.581
gaia,966,1',skycell-rw,1,1,4,0.071,0.031
gaia,658,"10""",skycell-rw,1,1,7,0.052,0.044
gaia,658,"10""",q3c,1,1,301,2.869,0.542
gaia,658,"10""",skycell,1,1,8,0.054,0.03
gaia,658,"10""",pgsphere,1,1,7,0.029,0.051
gaia,672,"10""",skycell,1,1,4,0.022,0.033
gaia,672,"10""",q3c,1,1,301,2.692,0.586
gaia,672,"10""",skycell-rw,1,1,4,0.068,0.028
gaia,672,"10""",pgsphere,1,1,7,0.023,0.054
gaia,1385,30',pgsphere,190,37,13,0.017,0.07
gaia,1385,30',skycell,42,37,9,0.03,0.035
gaia,1385,30',q3c,16,37,303,3.212,0.617
gaia,1385,30',skycell-rw,42,37,5,0.118,0.092
gaia,205,"1""",skycell,1,0,3,0.073,0.055
gaia,205,"1""",pgsphere,1,0,8,0.125,0.107
gaia,205,"1""",skycell-rw,1,0,3,0.081,0.027
gaia,205,"1""",q3c,1,0,300,3.789,0.896
gaia,797,"10""",pgsphere,1,0,4,0.068,0.09
gaia,797,"10""",skycell,1,0,3,0.071,0.132
gaia,797,"10""",skycell-rw,1,0,3,0.091,0.029
gaia,797,"10""",q3c,1,0,300,4.013,0.852
gaia,1417,1deg,skycell-rw,245,405,31,0.121,0.253
gaia,1417,1deg,pgsphere,762,405,64,0.042,0.308
gaia,1417,1deg,q3c,260,405,313,3.222,0.843
gaia,1417,1deg,skycell,232,405,37,0.138,0.24
gaia,260,"1""",skycell,1,1,4,0.068,0.037
gaia,260,"1""",q3c,1,1,301,3.983,0.941
gaia,260,"1""",skycell-rw,1,1,4,0.107,0.042
gaia,260,"1""",pgsphere,1,1,7,0.047,0.08
gaia,671,"10""",q3c,1,0,300,3.532,0.926
gaia,671,"10""",skycell-rw,1,0,3,0.101,0.043
gaia,671,"10""",pgsphere,1,0,6,0.044,0.057
gaia,671,"10""",skycell,1,0,3,0.054,0.024
gaia,270,"1""",pgsphere,1,1,9,0.052,0.093
gaia,270,"1""",skycell,1,1,4,0.048,0.056
gaia,270,"1""",skycell-rw,1,1,4,0.058,0.017
gaia,270,"1""",q3c,1,1,301,3.637,0.841
gaia,15,"1""",q3c,1,0,300,2.593,0.641
gaia,15,"1""",skycell-rw,1,0,3,0.089,0.027
gaia,15,"1""",skycell,1,0,3,0.025,0.009
gaia,15,"1""",pgsphere,1,0,4,0.057,0.083
gaia,999,1',skycell-rw,1,0,4,0.037,0.032
gaia,999,1',pgsphere,1,0,8,0.017,0.055
gaia,999,1',q3c,1,0,300,2.794,0.562
gaia,999,1',skycell,1,0,4,0.063,0.063
gaia,513,"10""",skycell,1,0,3,0.034,0.034
gaia,513,"10""",q3c,1,0,300,2.382,0.599
gaia,513,"10""",skycell-rw,1,0,3,0.074,0.025
gaia,513,"10""",pgsphere,1,0,5,0.037,0.034
gaia,927,1',skycell,1,0,3,0.023,0.024
gaia,927,1',pgsphere,1,0,5,0.014,0.036
gaia,927,1',skycell-rw,1,0,3,0.035,0.009
gaia,927,1',q3c,1,0,300,2.254,0.604
gaia,568,"10""",skycell,1,1,7,0.058,0.062
gaia,568,"10""",q3c,1,1,301,2.623,0.592
gaia,568,"10""",pgsphere,1,1,7,0.05,0.063
gaia,568,"10""",skycell-rw,1,1,7,0.065,0.037
gaia,94,"1""",pgsphere,1,1,5,0.025,0.04
gaia,94,"1""",skycell-rw,1,1,7,0.047,0.026
gaia,94,"1""",q3c,1,1,301,2.599,0.564
gaia,94,"1""",skycell,1,1,7,0.058,0.043
gaia,952,1',skycell,6,4,5,0.032,0.041
gaia,952,1',pgsphere,1,4,8,0.06,0.051
gaia,952,1',skycell-rw,6,4,5,0.037,0.019
gaia,952,1',q3c,1,4,301,2.7,0.581
gaia,229,"1""",skycell-rw,1,0,3,0.102,0.036
gaia,229,"1""",skycell,1,0,3,0.029,0.009
gaia,229,"1""",pgsphere,1,0,4,0.02,0.068
gaia,229,"1""",q3c,1,0,300,2.695,0.603
gaia,288,"1""",skycell,1,1,4,0.057,0.038
gaia,288,"1""",pgsphere,1,1,7,0.026,0.074
gaia,288,"1""",skycell-rw,1,1,4,0.037,0.011
gaia,288,"1""",q3c,1,1,301,2.732,0.598
gaia,885,1',skycell,1,0,3,0.056,0.032
gaia,885,1',skycell-rw,1,0,3,0.038,0.009
gaia,885,1',pgsphere,1,0,5,0.023,0.059
gaia,885,1',q3c,1,0,300,2.75,0.538
gaia,800,"10""",q3c,1,1,301,2.868,0.626
gaia,800,"10""",skycell,1,1,4,0.06,0.042
gaia,800,"10""",skycell-rw,1,1,4,0.058,0.016
gaia,800,"10""",pgsphere,1,1,5,0.027,0.06
gaia,116,"1""",skycell,1,1,4,0.032,0.032
gaia,116,"1""",q3c,1,1,301,2.46,0.557
gaia,116,"1""",pgsphere,1,1,8,0.053,0.077
gaia,116,"1""",skycell-rw,1,1,4,0.05,0.02
gaia,1239,6',pgsphere,8,2,6,0.021,0.042
gaia,1239,6',q3c,1,2,301,2.897,0.577
gaia,1239,6',skycell-rw,2,2,8,0.088,0.058
gaia,1239,6',skycell,2,2,8,0.037,0.019
gaia,150,"1""",skycell-rw,1,1,4,0.036,0.031
gaia,150,"1""",q3c,1,1,301,2.82,0.566
gaia,150,"1""",skycell,1,1,4,0.058,0.031
gaia,150,"1""",pgsphere,1,1,7,0.025,0.046
gaia,189,"1""",skycell-rw,1,0,3,0.042,0.024
gaia,189,"1""",q3c,1,0,300,2.72,0.556
gaia,189,"1""",skycell,1,0,3,0.067,0.026
gaia,189,"1""",pgsphere,1,0,6,0.026,0.039
gaia,1423,1deg,pgsphere,762,546,62,0.054,0.261
gaia,1423,1deg,skycell-rw,806,546,24,0.073,0.84
gaia,1423,1deg,q3c,689,546,313,2.683,0.764
gaia,1423,1deg,skycell,805,546,35,0.121,0.16
gaia,385,"1""",q3c,1,0,300,2.856,0.567
gaia,385,"1""",pgsphere,1,0,5,0.052,0.054
gaia,385,"1""",skycell,1,0,6,0.042,0.023
gaia,385,"1""",skycell-rw,1,0,6,0.471,0.025
gaia,444,"10""",q3c,1,1,301,2.851,0.587
gaia,444,"10""",skycell-rw,1,1,4,0.075,0.037
gaia,444,"10""",pgsphere,1,1,5,0.028,0.027
gaia,444,"10""",skycell,1,1,4,0.022,0.012
gaia,755,"10""",skycell,1,0,6,0.018,0.027
gaia,755,"10""",pgsphere,1,0,5,0.026,0.04
gaia,755,"10""",q3c,1,0,300,2.772,0.561
gaia,755,"10""",skycell-rw,1,0,6,0.087,0.031
gaia,518,"10""",q3c,1,1,301,2.697,0.583
gaia,518,"10""",skycell,1,1,4,0.057,0.038
gaia,518,"10""",pgsphere,1,1,6,0.027,0.037
gaia,518,"10""",skycell-rw,1,1,4,0.038,0.011
gaia,175,"1""",pgsphere,1,0,6,0.015,0.038
gaia,175,"1""",skycell-rw,1,0,3,0.026,0.019
gaia,175,"1""",q3c,1,0,300,4.679,1.316
gaia,175,"1""",skycell,1,0,3,0.06,0.025
gaia,259,"1""",pgsphere,1,0,4,0.062,0.702
gaia,259,"1""",skycell-rw,1,0,6,0.075,0.059
gaia,259,"1""",q3c,1,0,300,4.875,1.262
gaia,259,"1""",skycell,1,0,6,0.062,0.028
gaia,1036,1',pgsphere,1,5,7,0.032,0.077
gaia,1036,1',skycell,3,5,4,0.026,0.041
gaia,1036,1',q3c,1,5,302,4.096,1.314
gaia,1036,1',skycell-rw,3,5,4,0.737,0.046
gaia,134,"1""",pgsphere,1,1,7,0.039,0.056
gaia,134,"1""",skycell,1,1,7,0.029,0.035
gaia,134,"1""",q3c,1,1,301,4.456,0.613
gaia,134,"1""",skycell-rw,1,1,7,0.09,0.039
gaia,201,"1""",skycell-rw,1,0,3,0.041,0.027
gaia,201,"1""",q3c,1,0,300,4.404,1.291
gaia,201,"1""",pgsphere,1,0,7,0.057,0.055
gaia,201,"1""",skycell,1,0,3,0.037,0.019
gaia,1407,1deg,q3c,2798,6724,424,4.815,4.145
gaia,1407,1deg,pgsphere,762,6724,615,0.057,4.419
gaia,1407,1deg,skycell,6827,6724,169,0.135,2.104
gaia,1407,1deg,skycell-rw,6783,6724,162,0.238,1.911
gaia,903,1',skycell-rw,1,0,4,0.076,0.045
gaia,903,1',q3c,1,0,300,4.675,0.674
gaia,903,1',skycell,1,0,4,0.066,0.033
gaia,903,1',pgsphere,1,0,4,0.029,0.039
gaia,606,"10""",skycell,1,1,4,0.037,0.036
gaia,606,"10""",skycell-rw,1,1,4,0.039,0.011
gaia,606,"10""",q3c,1,1,301,4.522,1.342
gaia,606,"10""",pgsphere,1,1,8,0.054,0.07
gaia,1055,1',skycell,1,0,4,0.685,0.044
gaia,1055,1',skycell-rw,1,0,4,0.045,0.011
gaia,1055,1',q3c,1,0,300,4.483,1.31
gaia,1055,1',pgsphere,1,0,4,0.052,0.039
gaia,521,"10""",pgsphere,1,0,4,0.029,0.04
gaia,521,"10""",skycell,1,0,4,0.044,0.038
gaia,521,"10""",q3c,1,0,300,4.61,0.698
gaia,521,"10""",skycell-rw,1,0,4,0.088,0.036
gaia,1160,6',skycell-rw,74,131,21,0.058,0.182
gaia,1160,6',pgsphere,8,131,28,0.025,0.133
gaia,1160,6',q3c,38,131,307,4.606,1.338
gaia,1160,6',skycell,83,131,27,0.071,0.119
gaia,18,"1""",skycell,1,1,4,0.025,0.046
gaia,18,"1""",skycell-rw,1,1,4,0.053,0.017
gaia,18,"1""",pgsphere,1,1,6,0.032,0.046
gaia,18,"1""",q3c,1,1,301,4.294,0.661
gaia,1453,3deg,skycell,875,498,52,0.088,0.843
gaia,1453,3deg,pgsphere,6853,498,37,0.043,0.264
gaia,1453,3deg,skycell-rw,800,498,39,0.101,29.583
gaia,1453,3deg,q3c,360,498,314,4.545,5.384
gaia,372,"1""",pgsphere,1,1,5,0.091,0.074
gaia,372,"1""",q3c,1,1,301,4.303,0.983
gaia,372,"1""",skycell,1,1,4,0.094,0.068
gaia,372,"1""",skycell-rw,1,1,4,0.068,0.019
gaia,1402,1deg,skycell-rw,18431,18445,334,0.39,5.673
gaia,1402,1deg,pgsphere,762,18445,1507,0.073,9.1
gaia,1402,1deg,skycell,18436,18445,334,0.166,6.104
gaia,1402,1deg,q3c,2717,18445,580,4.519,6.961
gaia,645,"10""",skycell-rw,1,0,3,0.103,0.029
gaia,645,"10""",pgsphere,1,0,4,0.038,0.058
gaia,645,"10""",q3c,1,0,300,4.213,0.864
gaia,645,"10""",skycell,1,0,3,0.077,0.031
gaia,1358,30',pgsphere,190,206,38,0.042,0.233
gaia,1358,30',skycell-rw,155,206,24,0.123,0.917
gaia,1358,30',skycell,142,206,25,0.088,0.152
gaia,1358,30',q3c,61,206,307,4.346,0.933
gaia,656,"10""",skycell,1,1,4,0.072,0.055
gaia,656,"10""",skycell-rw,1,1,4,0.07,0.023
gaia,656,"10""",q3c,1,1,301,3.959,0.9
gaia,656,"10""",pgsphere,1,1,6,0.068,0.08
gaia,1089,1',skycell-rw,1,1,4,0.107,0.053
gaia,1089,1',skycell,1,1,4,0.055,0.027
gaia,1089,1',pgsphere,1,1,5,0.049,0.05
gaia,1089,1',q3c,1,1,301,3.476,0.853
gaia,105,"1""",skycell-rw,1,0,3,0.117,0.044
gaia,105,"1""",skycell,1,0,3,0.035,0.012
gaia,105,"1""",pgsphere,1,0,4,0.032,0.032
gaia,105,"1""",q3c,1,0,300,4.275,0.858
gaia,812,1',skycell,1,1,4,0.065,0.084
gaia,812,1',skycell-rw,1,1,4,0.066,0.018
gaia,812,1',q3c,1,1,301,3.79,0.859
gaia,812,1',pgsphere,1,1,6,0.072,0.058
gaia,673,"10""",q3c,1,0,300,4.672,0.887
gaia,673,"10""",pgsphere,1,0,11,0.067,0.149
gaia,673,"10""",skycell-rw,1,0,6,0.203,0.041
gaia,673,"10""",skycell,1,0,6,0.051,0.018
gaia,162,"1""",skycell,1,1,4,0.036,0.054
gaia,162,"1""",skycell-rw,1,1,4,0.061,0.019
gaia,162,"1""",pgsphere,1,1,5,0.03,0.056
gaia,162,"1""",q3c,1,1,301,3.371,0.855
gaia,884,1',q3c,1,1,301,4.243,0.911
gaia,884,1',skycell,1,1,8,0.078,0.059
gaia,884,1',skycell-rw,2,1,8,0.088,0.032
gaia,884,1',pgsphere,1,1,5,0.042,0.051
gaia,939,1',skycell-rw,1,0,4,0.065,0.063
gaia,939,1',skycell,1,0,4,0.087,0.024
gaia,939,1',q3c,1,0,301,4.243,0.88
gaia,939,1',pgsphere,1,0,8,0.071,0.103
gaia,888,1',pgsphere,1,1,7,0.041,0.132
gaia,888,1',skycell,1,1,4,0.057,0.047
gaia,888,1',q3c,1,1,301,4.411,0.769
gaia,888,1',skycell-rw,1,1,4,0.075,0.03
gaia,398,"1""",skycell-rw,1,1,4,0.039,0.033
gaia,398,"1""",pgsphere,1,1,5,0.026,0.035
gaia,398,"1""",skycell,1,1,4,0.021,0.012
gaia,398,"1""",q3c,1,1,301,2.66,0.614
gaia,1112,6',q3c,1,2,301,2.852,0.641
gaia,1112,6',pgsphere,8,2,5,0.051,0.04
gaia,1112,6',skycell-rw,1,2,6,0.054,0.04
gaia,1112,6',skycell,1,2,10,0.028,0.021
gaia,682,"10""",skycell,1,1,4,0.018,0.028
gaia,682,"10""",skycell-rw,1,1,4,0.028,0.008
gaia,682,"10""",q3c,1,1,301,2.481,0.563
gaia,682,"10""",pgsphere,1,1,5,0.047,0.038
gaia,530,"10""",q3c,1,1,301,2.698,0.573
gaia,530,"10""",pgsphere,1,1,9,0.057,0.095
gaia,530,"10""",skycell-rw,1,1,4,0.093,0.034
gaia,530,"10""",skycell,1,1,4,0.022,0.01
gaia,973,1',q3c,1,0,300,2.727,0.569
gaia,973,1',pgsphere,1,0,5,0.047,0.042
gaia,973,1',skycell-rw,1,0,4,0.059,0.036
gaia,973,1',skycell,1,0,4,0.019,0.009
gaia,465,"10""",q3c,1,0,300,2.667,0.558
gaia,465,"10""",skycell-rw,1,0,3,0.069,0.071
gaia,465,"10""",pgsphere,1,0,4,0.03,0.033
gaia,465,"10""",skycell,1,0,3,0.024,0.009
gaia,366,"1""",skycell-rw,1,1,4,0.03,0.022
gaia,366,"1""",q3c,1,1,301,2.636,0.56
gaia,366,"1""",skycell,1,1,4,0.053,0.03
gaia,366,"1""",pgsphere,1,1,5,0.026,0.03
gaia,493,"10""",skycell-rw,1,0,3,0.035,0.014
gaia,493,"10""",pgsphere,1,0,8,0.014,0.041
gaia,493,"10""",q3c,1,0,300,2.624,0.573
gaia,493,"10""",skycell,1,0,3,0.053,0.024
gaia,194,"1""",pgsphere,1,1,7,0.066,0.062
gaia,194,"1""",skycell-rw,1,1,4,0.038,0.017
gaia,194,"1""",skycell,1,1,4,0.017,0.009
gaia,194,"1""",q3c,1,1,301,2.811,0.511
gaia,1325,30',skycell-rw,33,34,15,0.102,0.922
gaia,1325,30',skycell,33,34,6,0.07,0.039
gaia,1325,30',q3c,15,34,303,2.912,0.585
gaia,1325,30',pgsphere,190,34,12,0.047,0.079
gaia,1237,6',skycell,2,1,8,0.043,0.042
gaia,1237,6',pgsphere,8,1,7,0.02,0.043
gaia,1237,6',q3c,1,1,301,3.306,0.762
gaia,1237,6',skycell-rw,2,1,8,0.082,0.049
gaia,641,"10""",q3c,1,0,300,2.942,0.545
gaia,641,"10""",skycell-rw,1,0,4,0.07,0.027
gaia,641,"10""",skycell,1,0,4,0.028,0.011
gaia,641,"10""",pgsphere,1,0,4,0.025,0.036
gaia,384,"1""",skycell-rw,1,1,4,0.037,0.029
gaia,384,"1""",q3c,1,1,301,2.333,0.555
gaia,384,"1""",skycell,1,1,4,0.052,0.028
gaia,384,"1""",pgsphere,1,1,5,0.024,0.041
gaia,557,"10""",q3c,1,0,300,2.529,0.521
gaia,557,"10""",skycell-rw,1,0,3,0.074,0.036
gaia,557,"10""",pgsphere,1,0,5,0.024,0.048
gaia,557,"10""",skycell,1,0,3,0.03,0.014
gaia,1163,6',q3c,33,53,305,2.604,0.569
gaia,1163,6',skycell-rw,58,53,14,0.093,0.077
gaia,1163,6',skycell,53,53,18,0.031,0.043
gaia,1163,6',pgsphere,8,53,15,0.021,0.059
gaia,993,1',skycell-rw,1,0,3,0.04,0.015
gaia,993,1',skycell,1,0,3,0.018,0.008
gaia,993,1',pgsphere,1,0,4,0.015,0.021
gaia,993,1',q3c,1,0,300,2.647,0.551
gaia,1232,6',q3c,29,87,303,2.283,0.683
gaia,1232,6',pgsphere,8,87,15,0.059,0.102
gaia,1232,6',skycell-rw,68,87,16,0.075,0.898
gaia,1232,6',skycell,67,87,11,0.074,0.064
gaia,80,"1""",skycell,1,1,7,0.032,0.02
gaia,80,"1""",pgsphere,1,1,6,0.024,0.037
gaia,80,"1""",skycell-rw,1,1,7,0.048,0.017
gaia,80,"1""",q3c,1,1,301,2.522,0.583
gaia,1380,30',skycell-rw,303,349,16,0.093,0.218
gaia,1380,30',skycell,303,349,23,0.052,0.112
gaia,1380,30',q3c,422,349,311,3.031,0.668
gaia,1380,30',pgsphere,190,349,78,0.048,0.24
gaia,917,1',pgsphere,1,0,5,0.053,0.044
gaia,917,1',skycell-rw,1,0,4,0.049,0.021
gaia,917,1',skycell,1,0,4,0.037,0.016
gaia,917,1',q3c,1,0,300,2.572,0.545
gaia,981,1',skycell,5,5,8,0.054,0.053
gaia,981,1',pgsphere,1,5,8,0.025,0.04
gaia,981,1',q3c,2,5,301,2.672,0.541
gaia,981,1',skycell-rw,5,5,5,0.07,0.054
gaia,1259,6',skycell-rw,2,4,5,0.038,0.075
gaia,1259,6',skycell,2,4,9,0.024,0.014
gaia,1259,6',pgsphere,8,4,7,0.019,0.045
gaia,1259,6',q3c,1,4,301,2.657,0.515
gaia,573,"10""",q3c,1,0,300,2.304,0.605
gaia,573,"10""",skycell-rw,1,0,6,0.082,0.029
gaia,573,"10""",skycell,1,0,6,0.025,0.01
gaia,573,"10""",pgsphere,1,0,4,0.02,0.025
gaia,118,"1""",skycell,1,1,4,0.019,0.03
gaia,118,"1""",skycell-rw,1,1,4,0.058,0.012
gaia,118,"1""",pgsphere,1,1,6,0.017,0.031
gaia,118,"1""",q3c,1,1,301,2.47,0.58
gaia,419,"10""",skycell-rw,1,0,4,0.071,0.044
gaia,419,"10""",q3c,1,0,300,2.73,0.554
gaia,419,"10""",pgsphere,1,0,6,0.046,0.039
gaia,419,"10""",skycell,1,0,4,0.042,0.023
gaia,1042,1',skycell,1,1,5,0.019,0.031
gaia,1042,1',q3c,1,1,301,2.698,0.551
gaia,1042,1',skycell-rw,1,1,5,0.071,0.033
gaia,1042,1',pgsphere,1,1,8,0.023,0.065
gaia,1442,3deg,skycell-rw,7323,6388,152,0.205,1.29
gaia,1442,3deg,skycell,7299,6388,189,0.134,1.131
gaia,1442,3deg,q3c,4884,6388,410,2.55,1.96
gaia,1442,3deg,pgsphere,6853,6388,254,0.046,2.017
gaia,1257,6',q3c,1,0,300,2.708,0.542
gaia,1257,6',pgsphere,8,0,5,0.047,0.042
gaia,1257,6',skycell,1,0,4,0.036,0.04
gaia,1257,6',skycell-rw,1,0,4,0.039,0.017
gaia,1222,6',q3c,1,6,302,2.54,0.573
gaia,1222,6',skycell,6,6,12,0.055,0.043
gaia,1222,6',pgsphere,8,6,20,0.027,0.082
gaia,1222,6',skycell-rw,6,6,6,0.043,0.038
gaia,1395,30',skycell,21,19,14,0.026,0.05
gaia,1395,30',pgsphere,190,19,7,0.016,0.043
gaia,1395,30',skycell-rw,21,19,11,0.099,0.037
gaia,1395,30',q3c,66,19,301,2.789,0.575
gaia,434,"10""",pgsphere,1,1,6,0.046,0.071
gaia,434,"10""",skycell,1,1,4,0.04,0.027
gaia,434,"10""",q3c,1,1,301,2.677,0.565
gaia,434,"10""",skycell-rw,1,1,4,0.077,0.028
gaia,1309,30',skycell,36,31,17,0.115,0.065
gaia,1309,30',q3c,17,31,305,2.542,0.568
gaia,1309,30',skycell-rw,37,31,17,0.094,0.071
gaia,1309,30',pgsphere,190,31,16,0.033,0.068
gaia,953,1',skycell,2,0,4,0.031,0.021
gaia,953,1',pgsphere,1,0,7,0.016,0.032
gaia,953,1',skycell-rw,2,0,4,0.041,0.013
gaia,953,1',q3c,1,0,300,2.691,0.618
gaia,1152,6',q3c,2,7,301,2.466,0.576
gaia,1152,6',skycell-rw,9,7,10,0.11,0.083
gaia,1152,6',skycell,9,7,17,0.055,0.035
gaia,1152,6',pgsphere,8,7,9,0.024,0.062
gaia,1292,6',pgsphere,8,91,21,0.026,0.097
gaia,1292,6',skycell-rw,91,91,13,0.05,0.113
gaia,1292,6',q3c,38,91,304,2.513,0.667
gaia,1292,6',skycell,91,91,13,0.06,0.07
gaia,101,"1""",pgsphere,1,0,5,0.032,0.047
gaia,101,"1""",skycell-rw,1,0,3,0.037,0.017
gaia,101,"1""",q3c,1,0,300,2.771,0.554
gaia,101,"1""",skycell,1,0,3,0.054,0.024
gaia,544,"10""",q3c,1,1,301,2.89,0.526
gaia,544,"10""",skycell,1,1,4,0.081,0.043
gaia,544,"10""",pgsphere,1,1,7,0.03,0.058
gaia,544,"10""",skycell-rw,1,1,4,0.036,0.011
gaia,690,"10""",q3c,1,1,301,2.657,0.539
gaia,690,"10""",skycell-rw,1,1,4,0.069,0.038
gaia,690,"10""",skycell,1,1,4,0.026,0.011
gaia,690,"10""",pgsphere,1,1,5,0.019,0.039
gaia,1353,30',pgsphere,190,4786,438,0.015,1.581
gaia,1353,30',skycell-rw,4663,4786,122,0.182,1.004
gaia,1353,30',q3c,1458,4786,381,2.43,1.641
gaia,1353,30',skycell,4654,4786,136,0.117,0.945
gaia,971,1',skycell,1,0,4,0.04,0.03
gaia,971,1',pgsphere,1,0,5,0.024,0.039
gaia,971,1',skycell-rw,1,0,4,0.043,0.011
gaia,971,1',q3c,1,0,300,2.612,0.535
gaia,1339,30',skycell,22,16,9,0.059,0.063
gaia,1339,30',q3c,31,16,304,2.905,0.567
gaia,1339,30',skycell-rw,22,16,9,0.084,0.05
gaia,1339,30',pgsphere,190,16,8,0.026,0.056
gaia,643,"10""",skycell-rw,1,0,3,0.039,0.021
gaia,643,"10""",skycell,1,0,3,0.018,0.007
gaia,643,"10""",q3c,1,0,300,2.78,0.512
gaia,643,"10""",pgsphere,1,0,5,0.045,0.034
gaia,230,"1""",skycell,1,1,4,0.036,0.033
gaia,230,"1""",pgsphere,1,1,5,0.019,0.031
gaia,230,"1""",q3c,1,1,301,2.715,0.559
gaia,230,"1""",skycell-rw,1,1,4,0.071,0.028
gaia,663,"10""",pgsphere,1,0,6,0.028,0.062
gaia,663,"10""",skycell-rw,1,0,3,0.032,0.013
gaia,663,"10""",q3c,1,0,300,2.571,0.512
gaia,663,"10""",skycell,1,0,3,0.054,0.024
gaia,628,"10""",q3c,1,1,301,2.698,0.548
gaia,628,"10""",pgsphere,1,1,5,0.046,0.04
gaia,628,"10""",skycell-rw,1,1,4,0.049,0.021
gaia,628,"10""",skycell,1,1,4,0.019,0.01
gaia,1397,30',pgsphere,190,56,12,0.016,0.084
gaia,1397,30',skycell-rw,46,56,11,0.043,0.591
gaia,1397,30',q3c,30,56,303,2.615,0.55
gaia,1397,30',skycell,46,56,10,0.057,0.064
gaia,937,1',skycell,1,1,5,0.027,0.027
gaia,937,1',q3c,1,1,301,2.514,0.536
gaia,937,1',pgsphere,1,1,5,0.045,0.035
gaia,937,1',skycell-rw,1,1,5,0.047,0.024
gaia,1108,6',skycell-rw,1,2,4,0.03,0.033
gaia,1108,6',pgsphere,8,2,6,0.02,0.041
gaia,1108,6',skycell,1,2,4,0.019,0.012
gaia,1108,6',q3c,1,2,301,2.839,0.547
gaia,828,1',skycell,1,2,4,0.081,0.043
gaia,828,1',skycell-rw,1,2,4,0.043,0.014
gaia,828,1',q3c,1,2,301,2.77,0.517
gaia,828,1',pgsphere,1,2,5,0.047,0.04
gaia,247,"1""",pgsphere,1,0,4,0.027,0.033
gaia,247,"1""",q3c,1,0,300,2.371,0.535
gaia,247,"1""",skycell-rw,1,0,3,0.071,0.035
gaia,247,"1""",skycell,1,0,3,0.022,0.009
gaia,1216,6',skycell,197,195,16,0.032,0.105
gaia,1216,6',q3c,57,195,308,2.744,0.603
gaia,1216,6',skycell-rw,198,195,13,0.093,0.099
gaia,1216,6',pgsphere,8,195,26,0.026,0.14
gaia,795,"10""",skycell-rw,1,0,3,0.037,0.015
gaia,795,"10""",q3c,1,0,300,2.636,0.57
gaia,795,"10""",pgsphere,1,0,6,0.045,0.044
gaia,795,"10""",skycell,1,0,3,0.031,0.017
gaia,1157,6',skycell,3,3,9,0.021,0.032
gaia,1157,6',q3c,3,3,302,2.707,0.538
gaia,1157,6',pgsphere,8,3,6,0.054,0.052
gaia,1157,6',skycell-rw,3,3,5,0.079,0.036
gaia,7,"1""",skycell-rw,1,0,3,0.029,0.033
gaia,7,"1""",skycell,1,0,3,0.018,0.007
gaia,7,"1""",pgsphere,1,0,11,0.016,0.069
gaia,7,"1""",q3c,1,0,300,2.952,0.574
gaia,1046,1',skycell-rw,2,1,4,0.071,0.047
gaia,1046,1',pgsphere,1,1,5,0.023,0.029
gaia,1046,1',skycell,2,1,4,0.023,0.014
gaia,1046,1',q3c,1,1,301,2.629,0.691
gaia,128,"1""",pgsphere,1,1,6,0.046,0.054
gaia,128,"1""",skycell,1,1,4,0.04,0.036
gaia,128,"1""",q3c,1,1,301,2.651,0.56
gaia,128,"1""",skycell-rw,1,1,4,0.07,0.029
gaia,1115,6',q3c,1,0,300,2.76,0.519
gaia,1115,6',skycell-rw,1,0,4,0.069,0.037
gaia,1115,6',pgsphere,8,0,4,0.028,0.024
gaia,1115,6',skycell,1,0,4,0.024,0.013
gaia,599,"10""",skycell-rw,1,0,3,0.797,0.044
gaia,599,"10""",skycell,1,0,3,0.047,0.012
gaia,599,"10""",q3c,1,0,300,2.646,0.544
gaia,599,"10""",pgsphere,1,0,7,0.05,0.073
gaia,1320,30',skycell,3157,3279,104,0.092,0.692
gaia,1320,30',skycell-rw,3158,3279,86,0.159,0.558
gaia,1320,30',q3c,1347,3279,357,2.787,1.293
gaia,1320,30',pgsphere,190,3279,305,0.049,0.991
gaia,1139,6',skycell,18,16,13,0.053,0.055
gaia,1139,6',q3c,7,16,302,3.185,0.638
gaia,1139,6',skycell-rw,16,16,13,0.097,0.064
gaia,1139,6',pgsphere,8,16,10,0.031,0.044
gaia,1386,30',skycell,1552,1559,60,0.067,0.486
gaia,1386,30',q3c,372,1559,334,2.698,0.962
gaia,1386,30',pgsphere,190,1559,165,0.049,0.555
gaia,1386,30',skycell-rw,1558,1559,60,0.156,0.372
gaia,998,1',q3c,1,4,301,2.381,0.56
gaia,998,1',skycell-rw,3,4,5,0.101,0.047
gaia,998,1',pgsphere,1,4,7,0.037,0.041
gaia,998,1',skycell,3,4,5,0.025,0.016
gaia,1326,30',pgsphere,190,389,81,0.016,0.241
gaia,1326,30',skycell-rw,425,389,20,0.152,0.246
gaia,1326,30',skycell,424,389,27,0.075,0.098
gaia,1326,30',q3c,188,389,308,2.828,0.702
gaia,1246,6',skycell-rw,228,247,19,0.1,0.141
gaia,1246,6',q3c,93,247,307,2.667,0.701
gaia,1246,6',skycell,227,247,24,0.066,0.135
gaia,1246,6',pgsphere,8,247,32,0.034,0.12
gaia,726,"10""",pgsphere,1,1,6,0.017,0.039
gaia,726,"10""",skycell,1,1,4,0.038,0.026
gaia,726,"10""",skycell-rw,1,1,4,0.033,0.009
gaia,726,"10""",q3c,1,1,301,2.548,0.616
gaia,1135,6',skycell,4,2,8,0.089,0.041
gaia,1135,6',skycell-rw,4,2,9,0.053,0.674
gaia,1135,6',q3c,2,2,301,2.487,0.755
gaia,1135,6',pgsphere,8,2,7,0.058,0.05
gaia,31,"1""",skycell,1,0,3,0.036,0.019
gaia,31,"1""",pgsphere,1,0,6,0.025,0.033
gaia,31,"1""",q3c,1,0,300,2.644,0.593
gaia,31,"1""",skycell-rw,1,0,3,0.078,0.025
gaia,49,"1""",skycell,1,0,3,0.031,0.029
gaia,49,"1""",skycell-rw,1,0,3,0.07,0.01
gaia,49,"1""",pgsphere,1,0,5,0.02,0.032
gaia,49,"1""",q3c,1,0,300,2.432,0.574
gaia,6,"1""",q3c,1,1,301,2.611,0.616
gaia,6,"1""",pgsphere,1,1,5,0.055,0.051
gaia,6,"1""",skycell-rw,1,1,4,0.054,0.022
gaia,6,"1""",skycell,1,1,4,0.023,0.011
gaia,121,"1""",q3c,1,0,300,2.595,0.593
gaia,121,"1""",skycell-rw,1,0,3,0.078,0.028
gaia,121,"1""",skycell,1,0,3,0.035,0.012
gaia,121,"1""",pgsphere,1,0,3,0.021,0.021
gaia,561,"10""",skycell,1,0,8,0.019,0.03
gaia,561,"10""",q3c,1,0,300,2.332,0.599
gaia,561,"10""",skycell-rw,1,0,7,0.091,0.038
gaia,561,"10""",pgsphere,1,0,9,0.034,0.066
gaia,688,"10""",skycell,1,1,4,0.026,0.031
gaia,688,"10""",pgsphere,1,1,7,0.018,0.033
gaia,688,"10""",q3c,1,1,301,2.761,0.571
gaia,688,"10""",skycell-rw,1,1,4,0.079,0.033
gaia,280,"1""",q3c,1,1,301,2.663,0.592
gaia,280,"1""",skycell,1,1,4,0.062,0.044
gaia,280,"1""",skycell-rw,1,1,4,0.048,0.012
gaia,280,"1""",pgsphere,1,1,5,0.02,0.033
gaia,1131,6',q3c,4,3,301,2.448,0.596
gaia,1131,6',pgsphere,8,3,7,0.064,0.053
gaia,1131,6',skycell,2,3,8,0.039,0.033
gaia,1131,6',skycell-rw,2,3,5,0.039,0.03
gaia,1092,1',skycell,3,2,9,0.021,0.047
gaia,1092,1',skycell-rw,3,2,5,0.028,0.015
gaia,1092,1',pgsphere,1,2,7,0.017,0.055
gaia,1092,1',q3c,1,2,301,2.627,0.583
gaia,1384,30',skycell-rw,26,22,16,0.1,0.091
gaia,1384,30',skycell,26,22,16,0.042,0.03
gaia,1384,30',pgsphere,190,22,17,0.026,0.07
gaia,1384,30',q3c,9,22,301,2.86,0.58
gaia,986,1',skycell-rw,4,6,5,0.077,0.055
gaia,986,1',q3c,1,6,301,2.683,0.561
gaia,986,1',skycell,4,6,5,0.065,0.07
gaia,986,1',pgsphere,1,6,5,0.033,0.033
gaia,639,"10""",skycell-rw,1,0,3,0.038,0.014
gaia,639,"10""",skycell,1,0,3,0.017,0.007
gaia,639,"10""",pgsphere,1,0,4,0.017,0.023
gaia,639,"10""",q3c,1,0,300,2.829,0.576
gaia,58,"1""",q3c,1,1,301,2.81,0.619
gaia,58,"1""",pgsphere,1,1,5,0.054,0.053
gaia,58,"1""",skycell,1,1,4,0.045,0.026
gaia,58,"1""",skycell-rw,1,1,4,0.059,0.01
gaia,736,"10""",q3c,1,1,301,2.831,0.581
gaia,736,"10""",skycell-rw,1,1,4,0.079,0.033
gaia,736,"10""",skycell,1,1,4,0.026,0.012
gaia,736,"10""",pgsphere,1,1,5,0.02,0.043
gaia,1398,30',q3c,1587,4817,386,2.48,1.644
gaia,1398,30',skycell,4650,4817,138,0.116,1.046
gaia,1398,30',pgsphere,190,4817,447,0.05,1.334
gaia,1398,30',skycell-rw,4657,4817,122,0.174,0.999
gaia,815,1',pgsphere,1,0,5,0.045,0.076
gaia,815,1',skycell,1,0,4,0.038,0.021
gaia,815,1',q3c,1,0,300,2.382,0.661
gaia,815,1',skycell-rw,1,0,4,0.078,0.031
gaia,1053,1',pgsphere,1,0,5,0.031,0.034
gaia,1053,1',skycell-rw,1,0,3,0.038,0.029
gaia,1053,1',q3c,1,0,300,2.795,0.557
gaia,1053,1',skycell,1,0,3,0.066,0.027
gaia,603,"10""",q3c,1,0,300,2.591,0.642
gaia,603,"10""",skycell-rw,1,0,3,0.077,0.025
gaia,603,"10""",pgsphere,1,0,4,0.032,0.04
gaia,603,"10""",skycell,1,0,3,0.026,0.011
gaia,1068,1',pgsphere,1,3,14,0.016,0.13
gaia,1068,1',q3c,2,3,301,2.663,0.694
gaia,1068,1',skycell,5,3,8,0.064,0.049
gaia,1068,1',skycell-rw,5,3,8,0.072,0.027
gaia,1337,30',skycell,119,89,19,0.038,0.105
gaia,1337,30',q3c,71,89,303,2.961,0.607
gaia,1337,30',pgsphere,190,89,22,0.054,0.114
gaia,1337,30',skycell-rw,120,89,7,0.06,0.06
gaia,550,"10""",q3c,1,1,301,3.286,0.59
gaia,550,"10""",pgsphere,1,1,6,0.054,0.046
gaia,550,"10""",skycell,1,1,8,0.042,0.046
gaia,550,"10""",skycell-rw,1,1,7,0.049,0.017
gaia,319,"1""",q3c,1,0,300,2.585,0.566
gaia,319,"1""",pgsphere,1,0,5,0.052,0.083
gaia,319,"1""",skycell,1,0,3,0.042,0.02
gaia,319,"1""",skycell-rw,1,0,3,0.034,0.008
gaia,1307,30',pgsphere,190,66,20,0.027,0.094
gaia,1307,30',q3c,33,66,303,2.915,0.62
gaia,1307,30',skycell,37,66,12,0.069,0.174
gaia,1307,30',skycell-rw,38,66,12,0.073,0.051
gaia,1162,6',pgsphere,8,222,36,0.026,0.164
gaia,1162,6',skycell-rw,206,222,18,0.073,0.12
gaia,1162,6',q3c,84,222,308,2.8,0.643
gaia,1162,6',skycell,205,222,24,0.074,0.107
gaia,798,"10""",skycell,1,1,4,0.027,0.023
gaia,798,"10""",pgsphere,1,1,7,0.024,0.05
gaia,798,"10""",q3c,1,1,301,2.797,0.602
gaia,798,"10""",skycell-rw,1,1,4,0.079,0.042
gaia,829,1',q3c,1,0,300,2.922,0.591
gaia,829,1',skycell-rw,1,0,4,0.093,0.043
gaia,829,1',pgsphere,1,0,4,0.026,0.039
gaia,829,1',skycell,1,0,4,0.03,0.014
gaia,1061,1',skycell,1,1,4,0.019,0.017
gaia,1061,1',pgsphere,1,1,6,0.017,0.039
gaia,1061,1',skycell-rw,1,1,4,0.029,0.021
gaia,1061,1',q3c,1,1,301,2.57,0.576
gaia,390,"1""",q3c,1,1,301,2.621,0.622
gaia,390,"1""",skycell-rw,1,1,7,0.093,0.04
gaia,390,"1""",pgsphere,1,1,5,0.033,0.046
gaia,390,"1""",skycell,1,1,7,0.028,0.015
gaia,765,"10""",pgsphere,1,0,6,0.017,0.033
gaia,765,"10""",skycell,1,0,3,0.02,0.013
gaia,765,"10""",skycell-rw,1,0,3,0.028,0.007
gaia,765,"10""",q3c,1,0,300,2.43,0.533
gaia,478,"10""",pgsphere,1,1,5,0.052,0.051
gaia,478,"10""",skycell,1,1,4,0.034,0.022
gaia,478,"10""",skycell-rw,1,1,4,0.047,0.011
gaia,478,"10""",q3c,1,1,301,2.396,0.561
gaia,467,"10""",q3c,1,0,300,2.555,0.613
gaia,467,"10""",skycell-rw,1,0,3,0.08,0.027
gaia,467,"10""",skycell,1,0,3,0.024,0.01
gaia,467,"10""",pgsphere,1,0,4,0.031,0.029
gaia,1335,30',pgsphere,190,53,16,0.02,0.078
gaia,1335,30',skycell-rw,39,53,19,0.07,0.082
gaia,1335,30',skycell,38,53,19,0.031,0.035
gaia,1335,30',q3c,33,53,303,2.609,0.597
gaia,313,"1""",skycell,1,0,3,0.057,0.034
gaia,313,"1""",skycell-rw,1,0,3,0.059,0.011
gaia,313,"1""",pgsphere,1,0,4,0.019,0.035
gaia,313,"1""",q3c,1,0,300,2.434,0.57
gaia,1117,6',q3c,2,4,301,2.42,0.64
gaia,1117,6',skycell-rw,6,4,8,0.102,0.056
gaia,1117,6',pgsphere,8,4,9,0.07,0.059
gaia,1117,6',skycell,5,4,8,0.031,0.022
gaia,892,1',q3c,2,10,301,2.587,0.533
gaia,892,1',pgsphere,1,10,7,0.054,0.049
gaia,892,1',skycell-rw,7,10,9,0.067,0.05
gaia,892,1',skycell,7,10,13,0.03,0.021
gaia,712,"10""",pgsphere,1,1,6,0.019,0.031
gaia,712,"10""",skycell-rw,1,1,4,0.029,0.016
gaia,712,"10""",q3c,1,1,301,2.668,0.569
gaia,712,"10""",skycell,1,1,4,0.06,0.032
gaia,468,"10""",skycell-rw,1,1,4,0.047,0.058
gaia,468,"10""",skycell,1,1,4,0.02,0.01
gaia,468,"10""",q3c,1,1,301,2.827,0.562
gaia,468,"10""",pgsphere,1,1,6,0.052,0.048
gaia,103,"1""",q3c,1,0,300,2.815,0.584
gaia,103,"1""",skycell,1,0,3,0.092,0.04
gaia,103,"1""",skycell-rw,1,0,3,0.044,0.01
gaia,103,"1""",pgsphere,1,0,4,0.02,0.028
gaia,1018,1',skycell,2,2,9,0.036,0.043
gaia,1018,1',q3c,1,2,301,2.635,0.58
gaia,1018,1',pgsphere,1,2,5,0.052,0.043
gaia,1018,1',skycell-rw,2,2,9,0.071,0.037
gaia,921,1',skycell-rw,1,0,4,0.033,0.038
gaia,921,1',pgsphere,1,0,8,0.019,0.04
gaia,921,1',skycell,1,0,4,0.021,0.013
gaia,921,1',q3c,1,0,300,2.742,0.579
gaia,1213,6',skycell-rw,18,17,6,0.076,0.061
gaia,1213,6',skycell,17,17,6,0.03,0.022
gaia,1213,6',pgsphere,8,17,10,0.02,0.059
gaia,1213,6',q3c,12,17,303,2.389,0.577
gaia,955,1',q3c,1,1,301,2.683,0.687
gaia,955,1',skycell-rw,1,1,4,0.11,0.032
gaia,955,1',skycell,1,1,4,0.027,0.012
gaia,955,1',pgsphere,1,1,6,0.02,0.036
gaia,620,"10""",skycell,1,1,4,0.02,0.036
gaia,620,"10""",skycell-rw,1,1,4,0.031,0.011
gaia,620,"10""",pgsphere,1,1,6,0.016,0.066
gaia,620,"10""",q3c,1,1,301,2.341,0.576
gaia,695,"10""",pgsphere,1,0,4,0.052,0.051
gaia,695,"10""",skycell-rw,1,0,3,0.068,0.019
gaia,695,"10""",q3c,1,0,300,2.543,0.57
gaia,695,"10""",skycell,1,0,3,0.065,0.027
gaia,498,"10""",pgsphere,1,1,7,0.029,0.083
gaia,498,"10""",skycell,1,1,4,0.028,0.022
gaia,498,"10""",q3c,1,1,301,2.767,0.609
gaia,498,"10""",skycell-rw,1,1,4,0.076,0.031
gaia,782,"10""",q3c,1,1,301,2.483,0.639
gaia,782,"10""",skycell,1,1,4,0.06,0.041
gaia,782,"10""",skycell-rw,1,1,4,0.045,0.014
gaia,782,"10""",pgsphere,1,1,8,0.019,0.042
gaia,786,"10""",pgsphere,1,1,6,0.017,0.043
gaia,786,"10""",q3c,1,1,301,2.325,0.647
gaia,786,"10""",skycell,1,1,8,0.064,0.046
gaia,786,"10""",skycell-rw,1,1,7,0.056,0.019
gaia,1057,1',q3c,1,0,300,2.45,0.551
gaia,1057,1',skycell,1,0,9,0.061,0.048
gaia,1057,1',pgsphere,1,0,4,0.03,0.025
gaia,1057,1',skycell-rw,1,0,8,0.131,0.025
gaia,787,"10""",pgsphere,1,0,6,0.019,0.066
gaia,787,"10""",skycell-rw,1,0,3,0.031,0.022
gaia,787,"10""",q3c,1,0,300,2.861,0.667
gaia,787,"10""",skycell,1,0,3,0.061,0.027
gaia,1118,6',skycell,183,185,31,0.04,0.116
gaia,1118,6',pgsphere,8,185,28,0.026,0.157
gaia,1118,6',q3c,60,185,305,2.737,0.646
gaia,1118,6',skycell-rw,185,185,22,0.117,0.156
gaia,703,"10""",skycell-rw,1,0,9,0.073,0.038
gaia,703,"10""",pgsphere,1,0,4,0.031,0.036
gaia,703,"10""",q3c,1,0,300,2.375,0.561
gaia,703,"10""",skycell,1,0,9,0.064,0.034
gaia,1412,1deg,skycell-rw,1021,1121,46,0.096,0.701
gaia,1412,1deg,skycell,1018,1121,50,0.086,0.258
gaia,1412,1deg,q3c,459,1121,325,2.721,0.856
gaia,1412,1deg,pgsphere,762,1121,123,0.053,0.428
gaia,370,"1""",q3c,1,1,301,2.584,0.676
gaia,370,"1""",skycell-rw,1,1,4,0.154,0.036
gaia,370,"1""",pgsphere,1,1,6,0.034,0.035
gaia,370,"1""",skycell,1,1,4,0.027,0.013
gaia,1377,30',q3c,16,29,304,2.577,0.615
gaia,1377,30',pgsphere,190,29,10,0.054,0.067
gaia,1377,30',skycell,69,29,16,0.044,0.075
gaia,1377,30',skycell-rw,72,29,12,0.056,0.031
gaia,1287,6',skycell-rw,7,5,9,0.047,0.046
gaia,1287,6',pgsphere,8,5,8,0.019,0.033
gaia,1287,6',q3c,2,5,301,2.644,0.568
gaia,1287,6',skycell,7,5,9,0.057,0.043
gaia,1283,6',pgsphere,8,1,6,0.032,0.034
gaia,1283,6',q3c,1,1,301,2.683,0.598
gaia,1283,6',skycell-rw,1,1,4,0.071,0.03
gaia,1283,6',skycell,1,1,4,0.026,0.014
gaia,138,"1""",q3c,1,1,301,2.798,0.545
gaia,138,"1""",pgsphere,1,1,9,0.048,0.069
gaia,138,"1""",skycell-rw,1,1,4,0.055,0.023
gaia,138,"1""",skycell,1,1,4,0.021,0.01
gaia,830,1',pgsphere,1,1,11,0.018,0.062
gaia,830,1',q3c,1,1,301,2.735,0.583
gaia,830,1',skycell-rw,1,1,4,0.069,0.03
gaia,830,1',skycell,1,1,4,0.035,0.016
gaia,1231,6',q3c,1,0,301,2.328,0.553
gaia,1231,6',pgsphere,8,0,5,0.047,0.037
gaia,1231,6',skycell,1,0,4,0.03,0.021
gaia,1231,6',skycell-rw,1,0,4,0.032,0.01
gaia,1447,3deg,pgsphere,6853,43728,1443,0.016,12.994
gaia,1447,3deg,q3c,26491,43728,1028,2.614,8.913
gaia,1447,3deg,skycell-rw,46440,43728,732,0.299,7.117
gaia,1447,3deg,skycell,46540,43728,732,0.149,7.542
gaia,1348,30',q3c,42,40,305,2.719,0.825
gaia,1348,30',skycell-rw,41,40,10,0.104,0.076
gaia,1348,30',pgsphere,190,40,17,0.038,0.109
gaia,1348,30',skycell,40,40,16,0.05,0.041
gaia,1190,6',q3c,3,57,303,3.289,0.659
gaia,1190,6',skycell,117,57,22,0.072,0.062
gaia,1190,6',skycell-rw,118,57,14,0.081,0.053
gaia,1190,6',pgsphere,8,57,18,0.025,0.079
gaia,275,"1""",skycell-rw,1,0,6,0.118,0.027
gaia,275,"1""",q3c,1,0,300,3.38,0.651
gaia,275,"1""",skycell,1,0,6,0.061,0.026
gaia,275,"1""",pgsphere,1,0,4,0.027,0.037
gaia,225,"1""",pgsphere,1,0,4,0.017,0.03
gaia,225,"1""",skycell,1,0,3,0.022,0.014
gaia,225,"1""",skycell-rw,1,0,3,0.064,0.008
gaia,225,"1""",q3c,1,0,300,2.348,0.604
gaia,1269,6',skycell-rw,1,1,4,0.073,0.047
gaia,1269,6',q3c,1,1,301,2.716,0.605
gaia,1269,6',pgsphere,8,1,5,0.049,0.05
gaia,1269,6',skycell,1,1,4,0.038,0.025
gaia,1084,1',skycell-rw,1,1,4,0.037,0.063
gaia,1084,1',pgsphere,1,1,6,0.023,0.036
gaia,1084,1',skycell,1,1,4,0.019,0.01
gaia,1084,1',q3c,1,1,301,2.803,0.578
gaia,985,1',pgsphere,1,0,4,0.051,0.031
gaia,985,1',q3c,1,0,300,2.42,0.579
gaia,985,1',skycell-rw,1,0,4,0.077,0.03
gaia,985,1',skycell,1,0,4,0.025,0.01
gaia,1173,6',skycell,20,11,10,0.034,0.049
gaia,1173,6',q3c,27,11,302,2.272,0.617
gaia,1173,6',skycell-rw,21,11,14,0.102,0.843
gaia,1173,6',pgsphere,8,11,6,0.082,0.056
gaia,738,"10""",skycell-rw,1,1,4,0.062,0.039
gaia,738,"10""",skycell,1,1,4,0.025,0.011
gaia,738,"10""",pgsphere,1,1,9,0.02,0.049
gaia,738,"10""",q3c,1,1,301,2.893,0.61
gaia,277,"1""",skycell-rw,1,0,3,0.076,0.034
gaia,277,"1""",q3c,1,0,300,2.628,0.592
gaia,277,"1""",pgsphere,1,0,5,0.051,0.052
gaia,277,"1""",skycell,1,0,3,0.038,0.018
gaia,72,"1""",pgsphere,1,1,5,0.018,0.037
gaia,72,"1""",skycell-rw,1,1,4,0.041,0.024
gaia,72,"1""",skycell,1,1,4,0.018,0.009
gaia,72,"1""",q3c,1,1,301,2.405,0.587
gaia,2,"1""",skycell-rw,1,1,4,0.072,0.037
gaia,2,"1""",skycell,1,1,4,0.024,0.01
gaia,2,"1""",pgsphere,1,1,6,0.032,0.038
gaia,2,"1""",q3c,1,1,301,2.641,0.558
gaia,526,"10""",skycell-rw,1,1,4,0.072,0.036
gaia,526,"10""",skycell,1,1,4,0.041,0.019
gaia,526,"10""",q3c,1,1,301,2.474,0.637
gaia,526,"10""",pgsphere,1,1,6,0.051,0.054
gaia,325,"1""",skycell-rw,1,0,3,0.054,0.017
gaia,325,"1""",skycell,1,0,3,0.02,0.007
gaia,325,"1""",pgsphere,1,0,3,0.02,0.023
gaia,325,"1""",q3c,1,0,300,2.496,0.639
gaia,71,"1""",skycell,1,0,3,0.056,0.024
gaia,71,"1""",pgsphere,1,0,5,0.03,0.037
gaia,71,"1""",skycell-rw,1,0,3,0.037,0.014
gaia,71,"1""",q3c,1,0,300,2.546,0.597
gaia,123,"1""",pgsphere,1,0,4,0.05,0.044
gaia,123,"1""",skycell,1,0,3,0.042,0.022
gaia,123,"1""",skycell-rw,1,0,3,0.035,0.008
gaia,123,"1""",q3c,1,0,300,2.669,0.563
gaia,1086,1',skycell,1,3,8,0.07,0.053
gaia,1086,1',q3c,1,3,301,2.719,0.612
gaia,1086,1',pgsphere,1,3,6,0.054,0.049
gaia,1086,1',skycell-rw,1,3,8,0.066,0.039
gaia,305,"1""",skycell-rw,1,0,3,0.041,0.016
gaia,305,"1""",skycell,1,0,3,0.018,0.007
gaia,305,"1""",pgsphere,1,0,4,0.015,0.027
gaia,305,"1""",q3c,1,0,300,2.733,0.568
gaia,627,"10""",pgsphere,1,0,4,0.05,0.053
gaia,627,"10""",skycell-rw,1,0,7,0.066,0.039
gaia,627,"10""",q3c,1,0,300,2.703,0.578
gaia,627,"10""",skycell,1,0,7,0.06,0.032
gaia,440,"10""",pgsphere,1,1,6,0.045,0.036
gaia,440,"10""",skycell-rw,1,1,4,0.038,0.018
gaia,440,"10""",skycell,1,1,4,0.053,0.052
gaia,440,"10""",q3c,1,1,301,2.787,0.567
gaia,345,"1""",q3c,1,0,300,3.253,0.806
gaia,345,"1""",pgsphere,1,0,4,0.062,0.042
gaia,345,"1""",skycell,1,0,3,0.093,0.026
gaia,345,"1""",skycell-rw,1,0,3,0.058,0.014
gaia,792,"10""",skycell-rw,1,1,10,0.083,0.061
gaia,792,"10""",q3c,1,1,301,3.56,0.609
gaia,792,"10""",pgsphere,1,1,5,0.061,0.076
gaia,792,"10""",skycell,1,1,12,0.078,0.042
gaia,552,"10""",pgsphere,1,1,7,0.046,0.046
gaia,552,"10""",q3c,1,1,301,3.38,0.711
gaia,552,"10""",skycell,1,1,4,0.067,0.038
gaia,552,"10""",skycell-rw,1,1,4,0.073,0.024
gaia,215,"1""",pgsphere,1,0,5,0.038,0.052
gaia,215,"1""",q3c,1,0,300,4.207,0.714
gaia,215,"1""",skycell,1,0,6,0.075,0.035
gaia,215,"1""",skycell-rw,1,0,6,0.106,0.033
gaia,977,1',pgsphere,1,0,7,0.055,0.059
gaia,977,1',skycell,1,0,4,0.098,0.034
gaia,977,1',skycell-rw,1,0,4,0.074,0.026
gaia,977,1',q3c,1,0,300,3.659,0.781
gaia,849,1',skycell-rw,1,0,16,0.142,0.076
gaia,849,1',skycell,1,0,16,0.063,0.04
gaia,849,1',q3c,1,0,300,3.808,0.797
gaia,849,1',pgsphere,1,0,4,0.065,0.046
gaia,861,1',q3c,1,0,300,2.766,0.635
gaia,861,1',skycell-rw,1,0,4,0.073,0.028
gaia,861,1',skycell,1,0,4,0.067,0.02
gaia,861,1',pgsphere,1,0,5,0.04,0.031
gaia,976,1',skycell-rw,4,1,5,0.037,0.457
gaia,976,1',skycell,4,1,4,0.052,0.035
gaia,976,1',q3c,1,1,301,2.764,0.565
gaia,976,1',pgsphere,1,1,7,0.051,0.07
gaia,936,1',q3c,1,1,301,2.624,0.744
gaia,936,1',skycell-rw,1,1,4,0.071,0.03
gaia,936,1',skycell,1,1,4,0.03,0.013
gaia,936,1',pgsphere,1,1,6,0.02,0.049
gaia,749,"10""",q3c,1,0,300,2.462,0.547
gaia,749,"10""",skycell,1,0,6,0.054,0.056
gaia,749,"10""",pgsphere,1,0,4,0.032,0.034
gaia,749,"10""",skycell-rw,1,0,6,0.052,0.016
gaia,719,"10""",skycell,1,0,6,0.021,0.025
gaia,719,"10""",pgsphere,1,0,5,0.016,0.038
gaia,719,"10""",q3c,1,0,300,3.014,0.691
gaia,719,"10""",skycell-rw,1,0,6,0.083,0.069
gaia,1249,6',skycell,2,3,4,0.044,0.04
gaia,1249,6',pgsphere,8,3,7,0.028,0.081
gaia,1249,6',q3c,1,3,301,2.373,0.553
gaia,1249,6',skycell-rw,2,3,4,0.071,0.042
gaia,689,"10""",pgsphere,1,0,9,0.03,0.069
gaia,689,"10""",skycell,1,0,8,0.028,0.022
gaia,689,"10""",skycell-rw,1,0,8,0.043,0.017
gaia,689,"10""",q3c,1,0,300,2.706,0.676
gaia,808,1',skycell,3,4,5,0.096,0.057
gaia,808,1',pgsphere,1,4,7,0.039,0.052
gaia,808,1',q3c,1,4,301,4.031,0.78
gaia,808,1',skycell-rw,3,4,5,0.071,0.034
gaia,106,"1""",skycell,1,1,4,0.03,0.018
gaia,106,"1""",pgsphere,1,1,6,0.028,0.045
gaia,106,"1""",skycell-rw,1,1,4,0.074,0.031
gaia,106,"1""",q3c,1,1,301,3.02,0.679
gaia,510,"10""",q3c,1,1,301,4.126,0.916
gaia,510,"10""",pgsphere,1,1,6,0.103,0.062
gaia,510,"10""",skycell,1,1,4,0.059,0.031
gaia,510,"10""",skycell-rw,1,1,4,0.057,0.019
gaia,1371,30',pgsphere,190,11,8,0.029,0.175
gaia,1371,30',q3c,6,11,301,3.129,0.656
gaia,1371,30',skycell,13,11,14,0.063,0.074
gaia,1371,30',skycell-rw,14,11,14,0.07,0.033
gaia,362,"1""",q3c,1,1,301,2.558,0.559
gaia,362,"1""",skycell-rw,1,1,4,0.073,0.039
gaia,362,"1""",skycell,1,1,4,0.032,0.014
gaia,362,"1""",pgsphere,1,1,7,0.023,0.045
gaia,342,"1""",q3c,1,1,301,2.802,0.712
gaia,342,"1""",skycell,1,1,4,0.061,0.03
gaia,342,"1""",pgsphere,1,1,6,0.027,0.043
gaia,342,"1""",skycell-rw,1,1,4,0.04,0.012
gaia,551,"10""",skycell,1,0,3,0.02,0.021
gaia,551,"10""",skycell-rw,1,0,3,0.035,0.052
gaia,551,"10""",q3c,1,0,300,2.8,0.631
gaia,551,"10""",pgsphere,1,0,4,0.05,0.037
gaia,585,"10""",skycell,1,0,6,0.042,0.023
gaia,585,"10""",pgsphere,1,0,6,0.02,0.041
gaia,585,"10""",q3c,1,0,300,3.223,0.601
gaia,585,"10""",skycell-rw,1,0,6,0.085,0.03
gaia,304,"1""",q3c,1,1,301,2.631,0.57
gaia,304,"1""",skycell-rw,1,1,5,0.081,0.043
gaia,304,"1""",pgsphere,1,1,7,0.06,0.056
gaia,304,"1""",skycell,1,1,5,0.028,0.013
gaia,1113,6',skycell-rw,5,4,4,0.036,0.025
gaia,1113,6',skycell,5,4,8,0.019,0.012
gaia,1113,6',pgsphere,8,4,5,0.017,0.026
gaia,1113,6',q3c,7,4,302,2.976,0.584
gaia,447,"10""",pgsphere,1,0,5,0.048,0.046
gaia,447,"10""",skycell,1,0,3,0.031,0.021
gaia,447,"10""",q3c,1,0,300,2.897,0.582
gaia,447,"10""",skycell-rw,1,0,3,0.095,0.025
gaia,1024,1',skycell-rw,1,1,4,0.04,0.038
gaia,1024,1',skycell,1,1,4,0.02,0.011
gaia,1024,1',q3c,1,1,301,2.877,0.581
gaia,1024,1',pgsphere,1,1,5,0.047,0.05
gaia,1306,30',skycell-rw,252,350,25,0.095,0.154
gaia,1306,30',pgsphere,190,350,74,0.021,0.218
gaia,1306,30',skycell,238,350,31,0.052,0.121
gaia,1306,30',q3c,240,350,311,2.825,0.636
gaia,1357,30',skycell,223,118,18,0.066,0.077
gaia,1357,30',q3c,468,118,306,2.781,0.611
gaia,1357,30',skycell-rw,224,118,11,0.094,0.086
gaia,1357,30',pgsphere,190,118,28,0.028,0.16
gaia,214,"1""",pgsphere,1,1,6,0.022,0.032
gaia,214,"1""",skycell,1,1,4,0.025,0.018
gaia,214,"1""",skycell-rw,1,1,4,0.029,0.008
gaia,214,"1""",q3c,1,1,301,2.836,0.611
gaia,474,"10""",skycell-rw,1,1,4,0.07,0.039
gaia,474,"10""",skycell,1,1,4,0.028,0.011
gaia,474,"10""",q3c,1,1,301,2.663,0.546
gaia,474,"10""",pgsphere,1,1,6,0.052,0.05
gaia,88,"1""",pgsphere,1,1,5,0.03,0.043
gaia,88,"1""",skycell,1,1,4,0.029,0.021
gaia,88,"1""",q3c,1,1,301,2.443,0.546
gaia,88,"1""",skycell-rw,1,1,4,0.077,0.028
gaia,547,"10""",skycell,1,0,3,0.026,0.016
gaia,547,"10""",pgsphere,1,0,7,0.023,0.05
gaia,547,"10""",q3c,1,0,300,2.76,0.512
gaia,547,"10""",skycell-rw,1,0,3,0.077,0.024
gaia,1107,6',skycell,1,0,4,0.026,0.021
gaia,1107,6',q3c,1,0,300,2.346,0.533
gaia,1107,6',pgsphere,8,0,5,0.047,0.035
gaia,1107,6',skycell-rw,1,0,5,0.047,0.06
gaia,473,"10""",skycell,1,0,4,0.024,0.038
gaia,473,"10""",pgsphere,1,0,4,0.018,0.025
gaia,473,"10""",skycell-rw,1,0,4,0.068,0.011
gaia,473,"10""",q3c,1,0,300,2.528,0.55
gaia,48,"1""",skycell-rw,1,1,4,0.068,0.038
gaia,48,"1""",q3c,1,1,301,2.483,0.53
gaia,48,"1""",pgsphere,1,1,5,0.05,0.042
gaia,48,"1""",skycell,1,1,4,0.043,0.025
gaia,1138,6',skycell-rw,45,25,13,0.068,0.05
gaia,1138,6',q3c,7,25,302,2.648,0.628
gaia,1138,6',pgsphere,8,25,14,0.049,0.072
gaia,1138,6',skycell,44,25,13,0.053,0.048
gaia,53,"1""",skycell,1,0,3,0.022,0.025
gaia,53,"1""",skycell-rw,1,0,3,0.034,0.018
gaia,53,"1""",pgsphere,1,0,6,0.019,0.034
gaia,53,"1""",q3c,1,0,300,2.604,0.596
gaia,1430,1deg,skycell-rw,3734,6836,165,0.214,1.373
gaia,1430,1deg,skycell,3727,6836,165,0.096,1.362
gaia,1430,1deg,pgsphere,762,6836,607,0.037,2.303
gaia,1430,1deg,q3c,148,6836,408,3.212,1.951
gaia,1095,1',q3c,1,0,300,2.788,0.602
gaia,1095,1',pgsphere,1,0,5,0.05,0.047
gaia,1095,1',skycell-rw,1,0,7,0.076,0.029
gaia,1095,1',skycell,1,0,7,0.023,0.011
gaia,1419,1deg,skycell,66,86,19,0.025,0.096
gaia,1419,1deg,q3c,84,86,306,3.396,0.639
gaia,1419,1deg,pgsphere,762,86,21,0.051,0.087
gaia,1419,1deg,skycell-rw,66,86,12,0.071,0.074
gaia,556,"10""",skycell,1,1,8,0.03,0.042
gaia,556,"10""",skycell-rw,1,1,7,0.087,0.026
gaia,556,"10""",pgsphere,1,1,8,0.027,0.054
gaia,556,"10""",q3c,1,1,301,2.407,0.616
gaia,715,"10""",q3c,1,0,300,3.4,0.66
gaia,715,"10""",skycell,1,0,3,0.058,0.06
gaia,715,"10""",skycell-rw,1,0,3,0.056,0.014
gaia,715,"10""",pgsphere,1,0,5,0.023,0.028
gaia,320,"1""",skycell-rw,1,1,4,0.032,0.035
gaia,320,"1""",q3c,1,1,301,2.589,0.527
gaia,320,"1""",skycell,1,1,4,0.055,0.03
gaia,320,"1""",pgsphere,1,1,5,0.038,0.048
gaia,684,"10""",skycell-rw,1,1,4,0.048,0.02
gaia,684,"10""",q3c,1,1,301,2.878,0.674
gaia,684,"10""",skycell,1,1,4,0.061,0.031
gaia,684,"10""",pgsphere,1,1,9,0.034,0.05
gaia,1275,6',pgsphere,8,4,6,0.018,0.03
gaia,1275,6',q3c,2,4,302,2.432,0.536
gaia,1275,6',skycell,4,4,8,0.057,0.039
gaia,1275,6',skycell-rw,4,4,8,0.057,0.025
gaia,763,"10""",q3c,1,0,300,2.717,0.576
gaia,763,"10""",skycell-rw,1,0,6,0.086,0.03
gaia,763,"10""",skycell,1,0,6,0.026,0.01
gaia,763,"10""",pgsphere,1,0,4,0.022,0.025
gaia,1141,6',skycell-rw,2,1,9,0.081,0.056
gaia,1141,6',skycell,2,1,9,0.021,0.017
gaia,1141,6',q3c,8,1,301,2.605,0.544
gaia,1141,6',pgsphere,8,1,10,0.049,0.058
gaia,1410,1deg,skycell-rw,21525,22010,415,0.244,4.003
gaia,1410,1deg,pgsphere,762,22010,1761,0.047,5.73
gaia,1410,1deg,q3c,7606,22010,631,2.562,4.539
gaia,1410,1deg,skycell,21543,22010,415,0.111,3.974
gaia,824,1',skycell-rw,2,2,5,0.072,0.047
gaia,824,1',q3c,1,2,302,2.699,0.655
gaia,824,1',skycell,2,2,5,0.059,0.047
gaia,824,1',pgsphere,1,2,5,0.032,0.031
gaia,622,"10""",q3c,1,1,301,2.383,0.705
gaia,622,"10""",skycell,1,1,4,0.063,0.046
gaia,622,"10""",pgsphere,1,1,5,0.031,0.039
gaia,622,"10""",skycell-rw,1,1,4,0.039,0.025
gaia,1279,6',q3c,17,38,302,2.713,0.799
gaia,1279,6',skycell-rw,15,38,11,0.087,0.077
gaia,1279,6',skycell,15,38,11,0.036,0.086
gaia,1279,6',pgsphere,8,38,11,0.032,0.068
gaia,255,"1""",skycell-rw,1,0,3,0.04,0.026
gaia,255,"1""",q3c,1,0,300,2.824,0.552
gaia,255,"1""",skycell,1,0,3,0.077,0.026
gaia,255,"1""",pgsphere,1,0,4,0.029,0.026
gaia,185,"1""",q3c,1,0,300,2.683,0.581
gaia,185,"1""",pgsphere,1,0,5,0.049,0.044
gaia,185,"1""",skycell,1,0,6,0.036,0.019
gaia,185,"1""",skycell-rw,1,0,6,0.05,0.016
gaia,68,"1""",skycell,1,1,4,0.02,0.033
gaia,68,"1""",pgsphere,1,1,5,0.018,0.028
gaia,68,"1""",skycell-rw,1,1,4,0.035,0.01
gaia,68,"1""",q3c,1,1,301,2.821,0.587
gaia,353,"1""",q3c,1,0,300,2.539,0.637
gaia,353,"1""",pgsphere,1,0,4,0.048,0.035
gaia,353,"1""",skycell,1,0,6,0.034,0.02
gaia,353,"1""",skycell-rw,1,0,6,0.047,0.014
gaia,504,"10""",q3c,1,1,301,2.657,0.605
gaia,504,"10""",pgsphere,1,1,5,0.049,0.049
gaia,504,"10""",skycell,1,1,8,0.059,0.042
gaia,504,"10""",skycell-rw,1,1,7,0.054,0.019
gaia,591,"10""",q3c,1,0,300,2.64,0.586
gaia,591,"10""",pgsphere,1,0,5,0.05,0.04
gaia,591,"10""",skycell-rw,1,0,6,0.065,0.025
gaia,591,"10""",skycell,1,0,6,0.025,0.01
gaia,292,"1""",pgsphere,1,1,6,0.019,0.048
gaia,292,"1""",q3c,1,1,301,2.619,0.555
gaia,292,"1""",skycell-rw,1,1,4,0.087,0.032
gaia,292,"1""",skycell,1,1,4,0.025,0.011
gaia,982,1',skycell-rw,2,1,6,0.037,0.03
gaia,982,1',q3c,2,1,302,2.783,0.529
gaia,982,1',pgsphere,1,1,6,0.049,0.044
gaia,982,1',skycell,2,1,8,0.038,0.03
gaia,916,1',pgsphere,1,1,7,0.024,0.055
gaia,916,1',skycell,1,1,4,0.021,0.018
gaia,916,1',q3c,1,1,301,2.515,0.629
gaia,916,1',skycell-rw,1,1,4,0.071,0.029
gaia,341,"1""",q3c,1,0,300,3.201,0.592
gaia,341,"1""",skycell-rw,1,0,3,0.075,0.715
gaia,341,"1""",skycell,1,0,3,0.049,0.015
gaia,341,"1""",pgsphere,1,0,5,0.031,0.036
gaia,290,"1""",q3c,1,1,301,4.298,1.275
gaia,290,"1""",pgsphere,1,1,12,0.054,0.134
gaia,290,"1""",skycell-rw,1,1,4,0.06,0.023
gaia,290,"1""",skycell,1,1,4,0.031,0.014
gaia,1020,1',skycell,1,3,4,0.022,0.032
gaia,1020,1',q3c,1,3,301,3.966,1.249
gaia,1020,1',skycell-rw,1,3,4,0.078,0.035
gaia,1020,1',pgsphere,1,3,5,0.037,0.631
gaia,1004,1',q3c,1,1,301,3.859,1.222
gaia,1004,1',skycell-rw,1,1,7,0.098,0.042
gaia,1004,1',pgsphere,1,1,8,0.032,0.063
gaia,1004,1',skycell,1,1,8,0.027,0.016
gaia,574,"10""",q3c,1,1,301,4.747,0.589
gaia,574,"10""",skycell,1,1,4,0.122,0.041
gaia,574,"10""",pgsphere,1,1,6,0.122,0.049
gaia,574,"10""",skycell-rw,1,1,4,0.043,0.013
gaia,988,1',q3c,1,8,301,4.882,0.621
gaia,988,1',skycell-rw,4,8,9,0.088,0.058
gaia,988,1',skycell,4,8,9,0.058,0.036
gaia,988,1',pgsphere,1,8,6,0.034,0.041
gaia,435,"10""",skycell-rw,1,0,3,0.046,0.025
gaia,435,"10""",skycell,1,0,3,0.018,0.008
gaia,435,"10""",q3c,1,0,300,3.098,1.167
gaia,435,"10""",pgsphere,1,0,5,0.052,0.043
gaia,1013,1',skycell-rw,1,1,4,0.052,0.026
gaia,1013,1',q3c,1,1,301,4.52,0.666
gaia,1013,1',skycell,1,1,4,0.059,0.055
gaia,1013,1',pgsphere,1,1,7,0.031,0.041
gaia,794,"10""",pgsphere,1,1,7,0.016,0.053
gaia,794,"10""",skycell,1,1,4,0.02,0.018
gaia,794,"10""",skycell-rw,1,1,4,0.033,0.01
gaia,794,"10""",q3c,1,1,301,4.672,0.649
gaia,1426,1deg,skycell-rw,6588,4697,122,0.277,1.498
gaia,1426,1deg,skycell,6605,4697,129,0.669,0.918
gaia,1426,1deg,q3c,4694,4697,384,4.28,2.742
gaia,1426,1deg,pgsphere,762,4697,451,0.053,2.15
gaia,554,"10""",skycell-rw,1,1,4,0.103,0.084
gaia,554,"10""",pgsphere,1,1,5,0.038,0.033
gaia,554,"10""",q3c,1,1,301,3.987,1.232
gaia,554,"10""",skycell,1,1,4,0.066,0.033
gaia,633,"10""",q3c,1,2,301,4.455,0.636
gaia,633,"10""",skycell-rw,1,2,4,0.119,0.054
gaia,633,"10""",pgsphere,1,2,6,0.043,0.041
gaia,633,"10""",skycell,1,2,4,0.038,0.02
gaia,34,"1""",skycell-rw,1,1,7,0.051,0.026
gaia,34,"1""",q3c,1,1,301,4.408,0.683
gaia,34,"1""",pgsphere,1,1,5,0.054,0.041
gaia,34,"1""",skycell,1,1,7,0.045,0.026
gaia,127,"1""",skycell-rw,1,0,6,0.051,0.411
gaia,127,"1""",q3c,1,0,300,4.684,1.283
gaia,127,"1""",pgsphere,1,0,9,0.055,0.079
gaia,127,"1""",skycell,1,0,6,0.056,0.026
gaia,1221,6',pgsphere,8,6,8,0.03,0.068
gaia,1221,6',skycell,1,6,4,0.024,0.026
gaia,1221,6',skycell-rw,1,6,4,0.034,0.017
gaia,1221,6',q3c,1,6,301,5.817,0.606
gaia,421,"10""",q3c,1,0,300,4.519,1.583
gaia,421,"10""",skycell-rw,1,0,6,0.105,0.038
gaia,421,"10""",pgsphere,1,0,5,0.048,0.039
gaia,421,"10""",skycell,1,0,6,0.037,0.019
gaia,1034,1',skycell-rw,1,1,4,0.036,0.021
gaia,1034,1',pgsphere,1,1,7,0.051,0.077
gaia,1034,1',skycell,1,1,4,0.041,0.022
gaia,1034,1',q3c,1,1,301,3.548,0.601
gaia,1091,1',skycell-rw,1,0,4,0.079,0.052
gaia,1091,1',skycell,1,0,4,0.026,0.011
gaia,1091,1',pgsphere,1,0,4,0.023,0.028
gaia,1091,1',q3c,1,0,300,2.841,0.821
gaia,439,"10""",q3c,1,0,300,2.987,0.656
gaia,439,"10""",skycell-rw,1,0,7,0.094,0.04
gaia,439,"10""",skycell,1,0,7,0.033,0.015
gaia,439,"10""",pgsphere,1,0,4,0.022,0.029
gaia,54,"1""",skycell-rw,1,1,4,0.034,0.037
gaia,54,"1""",pgsphere,1,1,5,0.015,0.099
gaia,54,"1""",q3c,1,1,301,2.677,0.587
gaia,54,"1""",skycell,1,1,4,0.065,0.03
gaia,56,"1""",skycell-rw,1,1,4,0.042,0.116
gaia,56,"1""",pgsphere,1,1,5,0.027,0.037
gaia,56,"1""",skycell,1,1,4,0.021,0.011
gaia,56,"1""",q3c,1,1,301,2.762,0.546
gaia,1105,6',q3c,4,2,301,2.703,0.614
gaia,1105,6',skycell-rw,4,2,4,0.071,0.037
gaia,1105,6',pgsphere,8,2,9,0.027,0.054
gaia,1105,6',skycell,4,2,4,0.025,0.017
gaia,151,"1""",skycell-rw,1,0,3,0.037,0.015
gaia,151,"1""",q3c,1,0,300,2.877,0.516
gaia,151,"1""",pgsphere,1,0,4,0.047,0.044
gaia,151,"1""",skycell,1,0,3,0.035,0.018
gaia,710,"10""",pgsphere,1,1,11,0.026,0.067
gaia,710,"10""",skycell,1,1,7,0.024,0.02
gaia,710,"10""",q3c,1,1,301,2.645,0.546
gaia,710,"10""",skycell-rw,1,1,7,0.082,0.034
gaia,125,"1""",skycell,1,0,3,0.032,0.027
gaia,125,"1""",skycell-rw,1,0,3,0.042,0.011
gaia,125,"1""",q3c,1,0,300,2.989,0.551
gaia,125,"1""",pgsphere,1,0,5,0.048,0.046
gaia,1356,30',skycell-rw,2166,2199,76,0.259,0.547
gaia,1356,30',q3c,624,2199,339,2.519,1.11
gaia,1356,30',skycell,2167,2199,86,0.111,0.723
gaia,1356,30',pgsphere,190,2199,267,0.045,0.979
gaia,967,1',skycell-rw,1,0,4,0.063,0.02
gaia,967,1',q3c,1,0,300,2.687,0.689
gaia,967,1',skycell,1,0,4,0.053,0.027
gaia,967,1',pgsphere,1,0,5,0.026,0.031
gaia,1171,6',skycell,7,5,4,0.024,0.054
gaia,1171,6',skycell-rw,7,5,4,0.039,0.015
gaia,1171,6',pgsphere,8,5,8,0.032,0.052
gaia,1171,6',q3c,1,5,302,2.497,0.577
gaia,1109,6',pgsphere,8,9,13,0.046,0.094
gaia,1109,6',skycell,10,9,4,0.05,0.032
gaia,1109,6',skycell-rw,10,9,5,0.055,0.193
gaia,1109,6',q3c,1,9,303,2.384,0.63
gaia,631,"10""",skycell-rw,1,0,6,0.082,0.028
gaia,631,"10""",pgsphere,1,0,4,0.026,0.026
gaia,631,"10""",skycell,1,0,6,0.023,0.01
gaia,631,"10""",q3c,1,0,300,3.279,0.562
gaia,852,1',skycell-rw,2,3,5,0.079,0.046
gaia,852,1',pgsphere,1,3,6,0.024,0.069
gaia,852,1',skycell,2,3,5,0.028,0.018
gaia,852,1',q3c,1,3,301,2.633,0.548
gaia,728,"10""",skycell-rw,1,1,4,0.068,0.036
gaia,728,"10""",pgsphere,1,1,7,0.03,0.062
gaia,728,"10""",skycell,1,1,4,0.025,0.013
gaia,728,"10""",q3c,1,1,301,2.759,0.552
gaia,1236,6',pgsphere,8,8,13,0.072,0.067
gaia,1236,6',skycell-rw,12,8,5,0.047,0.034
gaia,1236,6',q3c,1,8,301,2.755,0.539
gaia,1236,6',skycell,11,8,9,0.056,0.04
gaia,1199,6',skycell-rw,1,1,8,0.058,0.037
gaia,1199,6',q3c,1,1,301,3.195,0.53
gaia,1199,6',pgsphere,8,1,7,0.047,0.051
gaia,1199,6',skycell,1,1,8,0.033,0.027
gaia,1393,30',q3c,21,51,305,2.451,0.589
gaia,1393,30',skycell-rw,142,51,7,0.084,0.071
gaia,1393,30',skycell,142,51,15,0.075,0.035
gaia,1393,30',pgsphere,190,51,12,0.022,0.06
gaia,729,"10""",q3c,1,0,300,2.891,0.65
gaia,729,"10""",pgsphere,1,0,6,0.055,0.043
gaia,729,"10""",skycell-rw,1,0,3,0.086,0.026
gaia,729,"10""",skycell,1,0,3,0.023,0.01
gaia,851,1',pgsphere,1,0,5,0.019,0.079
gaia,851,1',skycell,1,0,4,0.021,0.022
gaia,851,1',q3c,1,0,301,2.957,0.616
gaia,851,1',skycell-rw,1,0,4,0.076,0.03
gaia,698,"10""",q3c,1,1,301,2.628,0.591
gaia,698,"10""",pgsphere,1,1,6,0.054,0.045
gaia,698,"10""",skycell,1,1,4,0.036,0.024
gaia,698,"10""",skycell-rw,1,1,4,0.034,0.009
gaia,207,"1""",q3c,1,0,300,2.509,0.589
gaia,207,"1""",pgsphere,1,0,5,0.056,0.042
gaia,207,"1""",skycell,1,0,3,0.047,0.022
gaia,207,"1""",skycell-rw,1,0,3,0.035,0.009
gaia,1145,6',q3c,6,12,302,2.867,0.591
gaia,1145,6',skycell,17,12,8,0.068,0.065
gaia,1145,6',skycell-rw,17,12,8,0.063,0.03
gaia,1145,6',pgsphere,8,12,9,0.021,0.06
gaia,546,"10""",pgsphere,1,1,6,0.017,0.036
gaia,546,"10""",q3c,1,1,301,2.786,0.683
gaia,546,"10""",skycell-rw,1,1,7,0.091,0.075
gaia,546,"10""",skycell,1,1,7,0.036,0.013
gaia,157,"1""",pgsphere,1,0,4,0.028,0.027
gaia,157,"1""",q3c,1,0,300,2.61,0.567
gaia,157,"1""",skycell,1,0,3,0.074,0.025
gaia,157,"1""",skycell-rw,1,0,3,0.083,0.013
gaia,1167,6',skycell-rw,19,37,12,0.048,0.801
gaia,1167,6',pgsphere,8,37,13,0.043,0.068
gaia,1167,6',skycell,19,37,10,0.039,0.039
gaia,1167,6',q3c,38,37,305,2.981,0.621
gaia,322,"1""",skycell-rw,1,1,4,0.075,0.043
gaia,322,"1""",pgsphere,1,1,6,0.034,0.037
gaia,322,"1""",q3c,1,1,301,2.855,0.625
gaia,322,"1""",skycell,1,1,4,0.063,0.031
gaia,403,"10""",skycell,1,0,6,0.027,0.025
gaia,403,"10""",q3c,1,0,300,2.547,0.577
gaia,403,"10""",skycell-rw,1,0,6,0.097,0.064
gaia,403,"10""",pgsphere,1,0,6,0.031,0.035
gaia,484,"10""",pgsphere,1,1,5,0.016,0.023
gaia,484,"10""",skycell-rw,1,1,4,0.039,0.017
gaia,484,"10""",skycell,1,1,4,0.02,0.01
gaia,484,"10""",q3c,1,1,301,2.791,0.583
gaia,449,"10""",skycell-rw,1,0,3,0.079,0.033
gaia,449,"10""",skycell,1,0,3,0.021,0.01
gaia,449,"10""",pgsphere,1,0,4,0.02,0.028
gaia,449,"10""",q3c,1,0,300,2.524,0.542
gaia,753,"10""",skycell,1,0,3,0.064,0.04
gaia,753,"10""",skycell-rw,1,0,3,0.079,0.016
gaia,753,"10""",pgsphere,1,0,4,0.033,0.03
gaia,753,"10""",q3c,1,0,300,2.774,0.529
gaia,1375,30',pgsphere,190,330,53,0.05,0.207
gaia,1375,30',skycell-rw,407,330,31,0.151,0.73
gaia,1375,30',skycell,408,330,30,0.085,0.104
gaia,1375,30',q3c,144,330,306,2.434,0.631
gaia,482,"10""",pgsphere,1,1,5,0.05,0.05
gaia,482,"10""",q3c,1,1,301,2.771,0.56
gaia,482,"10""",skycell-rw,1,1,4,0.071,0.038
gaia,482,"10""",skycell,1,1,4,0.025,0.011
gaia,282,"1""",skycell-rw,1,1,4,0.033,0.029
gaia,282,"1""",skycell,1,1,4,0.016,0.008
gaia,282,"1""",q3c,1,1,301,2.796,0.535
gaia,282,"1""",pgsphere,1,1,7,0.046,0.048
gaia,624,"10""",pgsphere,1,1,8,0.02,0.041
gaia,624,"10""",q3c,1,1,301,2.681,0.524
gaia,624,"10""",skycell-rw,1,1,4,0.071,0.039
gaia,624,"10""",skycell,1,1,4,0.027,0.012
gaia,1225,6',skycell-rw,16,20,11,0.05,0.722
gaia,1225,6',skycell,15,20,10,0.055,0.044
gaia,1225,6',pgsphere,8,20,10,0.025,0.068
gaia,1225,6',q3c,10,20,304,2.584,0.522
gaia,407,"10""",skycell,1,0,6,0.057,0.051
gaia,407,"10""",skycell-rw,1,0,6,0.057,0.015
gaia,407,"10""",q3c,1,0,300,2.365,0.531
gaia,407,"10""",pgsphere,1,0,4,0.045,0.032
gaia,506,"10""",skycell,1,1,4,0.033,0.033
gaia,506,"10""",q3c,1,1,301,2.36,0.543
gaia,506,"10""",pgsphere,1,1,10,0.046,0.062
gaia,506,"10""",skycell-rw,1,1,4,0.046,0.019
gaia,246,"1""",skycell-rw,1,1,4,0.04,0.016
gaia,246,"1""",skycell,1,1,4,0.018,0.009
gaia,246,"1""",pgsphere,1,1,7,0.015,0.062
gaia,246,"1""",q3c,1,1,301,2.42,0.548
gaia,783,"10""",pgsphere,1,0,4,0.046,0.032
gaia,783,"10""",skycell-rw,1,0,3,0.044,0.017
gaia,783,"10""",q3c,1,0,300,2.457,0.524
gaia,783,"10""",skycell,1,0,3,0.05,0.023
gaia,529,"10""",skycell-rw,1,0,7,0.062,0.026
gaia,529,"10""",q3c,1,0,300,2.503,0.593
gaia,529,"10""",skycell,1,0,8,0.054,0.029
gaia,529,"10""",pgsphere,1,0,5,0.057,0.041
gaia,217,"1""",q3c,1,0,300,4.532,0.566
gaia,217,"1""",skycell,1,0,6,0.053,0.024
gaia,217,"1""",skycell-rw,1,0,6,0.061,0.016
gaia,217,"1""",pgsphere,1,0,6,0.02,0.068
gaia,1277,6',q3c,1,2,302,2.598,0.547
gaia,1277,6',skycell-rw,3,2,10,0.136,0.453
gaia,1277,6',skycell,3,2,9,0.048,0.021
gaia,1277,6',pgsphere,8,2,10,0.023,0.049
gaia,818,1',pgsphere,1,1,6,0.017,0.044
gaia,818,1',skycell,1,1,4,0.02,0.049
gaia,818,1',skycell-rw,1,1,4,0.037,0.012
gaia,818,1',q3c,1,1,301,2.597,0.533
gaia,1065,1',skycell,1,0,4,0.054,0.027
gaia,1065,1',q3c,1,0,300,2.72,0.542
gaia,1065,1',pgsphere,1,0,4,0.051,0.036
gaia,1065,1',skycell-rw,1,0,4,0.048,0.021
gaia,832,1',q3c,1,1,301,2.416,0.621
gaia,832,1',skycell,1,1,4,0.055,0.031
gaia,832,1',pgsphere,1,1,5,0.026,0.03
gaia,832,1',skycell-rw,1,1,4,0.036,0.011
gaia,759,"10""",skycell-rw,1,0,3,0.026,0.029
gaia,759,"10""",pgsphere,1,0,5,0.016,0.024
gaia,759,"10""",q3c,1,0,300,2.663,0.597
gaia,759,"10""",skycell,1,0,3,0.078,0.024
gaia,865,1',pgsphere,1,0,4,0.028,0.044
gaia,865,1',skycell,1,0,8,0.022,0.031
gaia,865,1',q3c,1,0,300,2.712,0.563
gaia,865,1',skycell-rw,1,0,7,0.084,0.035
gaia,740,"10""",skycell-rw,1,1,4,0.046,0.02
gaia,740,"10""",pgsphere,1,1,10,0.019,0.046
gaia,740,"10""",skycell,1,1,4,0.019,0.011
gaia,740,"10""",q3c,1,1,301,2.399,0.567
gaia,895,1',pgsphere,1,2,6,0.048,0.04
gaia,895,1',q3c,2,2,301,2.459,0.559
gaia,895,1',skycell-rw,1,2,5,0.069,0.464
gaia,895,1',skycell,1,2,4,0.062,0.033
gaia,213,"1""",q3c,1,0,300,2.937,0.55
gaia,213,"1""",pgsphere,1,0,4,0.054,0.035
gaia,213,"1""",skycell-rw,1,0,3,0.069,0.02
gaia,213,"1""",skycell,1,0,3,0.021,0.008
gaia,994,1',skycell-rw,1,1,4,0.063,0.076
gaia,994,1',pgsphere,1,1,6,0.022,0.048
gaia,994,1',q3c,1,1,301,3.359,0.654
gaia,994,1',skycell,1,1,8,0.06,0.034
gaia,914,1',pgsphere,1,2,5,0.028,0.084
gaia,914,1',skycell-rw,1,2,4,0.044,0.02
gaia,914,1',q3c,1,2,301,2.601,0.651
gaia,914,1',skycell,1,2,4,0.064,0.033
gaia,451,"10""",skycell-rw,1,0,6,0.066,0.036
gaia,451,"10""",pgsphere,1,0,4,0.022,0.024
gaia,451,"10""",skycell,1,0,6,0.042,0.013
gaia,451,"10""",q3c,1,0,300,2.784,0.586
gaia,842,1',pgsphere,1,1,7,0.05,0.059
gaia,842,1',q3c,1,1,301,2.312,0.624
gaia,842,1',skycell-rw,1,1,4,0.076,0.034
gaia,842,1',skycell,1,1,4,0.037,0.018
gaia,1411,1deg,skycell,3288,3545,113,0.071,0.909
gaia,1411,1deg,pgsphere,762,3545,345,0.03,1.207
gaia,1411,1deg,q3c,756,3545,369,2.675,1.436
gaia,1411,1deg,skycell-rw,3292,3545,95,0.17,0.787
gaia,489,"10""",q3c,1,0,300,2.878,0.576
gaia,489,"10""",skycell-rw,1,0,3,0.074,0.023
gaia,489,"10""",pgsphere,1,0,4,0.023,0.028
gaia,489,"10""",skycell,1,0,3,0.022,0.02
gaia,199,"1""",pgsphere,1,0,5,0.016,0.044
gaia,199,"1""",q3c,1,0,300,2.675,0.559
gaia,199,"1""",skycell,1,0,3,0.086,0.027
gaia,199,"1""",skycell-rw,1,0,3,0.053,0.012
gaia,838,1',q3c,1,3,302,2.895,0.546
gaia,838,1',pgsphere,1,3,6,0.051,0.062
gaia,838,1',skycell-rw,2,3,4,0.051,0.026
gaia,838,1',skycell,1,3,4,0.021,0.015
gaia,1282,6',skycell-rw,17,13,10,0.045,0.064
gaia,1282,6',q3c,12,13,301,2.464,0.593
gaia,1282,6',pgsphere,8,13,10,0.05,0.088
gaia,1282,6',skycell,17,13,14,0.047,0.04
gaia,1164,6',skycell-rw,5,10,6,0.037,0.045
gaia,1164,6',pgsphere,8,10,7,0.029,0.035
gaia,1164,6',skycell,5,10,6,0.02,0.021
gaia,1164,6',q3c,1,10,301,2.652,0.574
gaia,862,1',q3c,1,1,301,2.739,0.669
gaia,862,1',pgsphere,1,1,5,0.055,0.05
gaia,862,1',skycell,1,1,4,0.047,0.03
gaia,862,1',skycell-rw,1,1,4,0.039,0.015
gaia,847,1',pgsphere,1,0,4,0.02,0.024
gaia,847,1',skycell-rw,1,0,4,0.032,0.016
gaia,847,1',skycell,1,0,4,0.017,0.008
gaia,847,1',q3c,1,0,300,2.674,0.542
gaia,1179,6',skycell-rw,1,1,4,0.101,0.042
gaia,1179,6',q3c,1,1,301,2.273,0.613
gaia,1179,6',skycell,1,1,4,0.06,0.033
gaia,1179,6',pgsphere,8,1,6,0.03,0.034
gaia,462,"10""",skycell-rw,1,1,4,0.037,0.017
gaia,462,"10""",pgsphere,1,1,5,0.018,0.026
gaia,462,"10""",q3c,1,1,301,2.765,0.577
gaia,462,"10""",skycell,1,1,4,0.057,0.028
gaia,28,"1""",skycell-rw,1,1,7,0.063,0.027
gaia,28,"1""",pgsphere,1,1,6,0.02,0.045
gaia,28,"1""",skycell,1,1,7,0.019,0.021
gaia,28,"1""",q3c,1,1,301,2.381,0.538
gaia,874,1',pgsphere,1,1,7,0.051,0.089
gaia,874,1',skycell-rw,1,1,8,0.069,0.752
gaia,874,1',skycell,1,1,8,0.059,0.029
gaia,874,1',q3c,1,1,301,2.797,0.567
gaia,1096,1',skycell-rw,1,1,5,0.076,0.033
gaia,1096,1',pgsphere,1,1,5,0.031,0.045
gaia,1096,1',skycell,1,1,5,0.025,0.016
gaia,1096,1',q3c,1,1,301,2.574,0.516
gaia,347,"1""",skycell-rw,1,0,3,0.072,0.036
gaia,347,"1""",pgsphere,1,0,4,0.023,0.039
gaia,347,"1""",skycell,1,0,3,0.024,0.009
gaia,347,"1""",q3c,1,0,300,2.778,0.529
gaia,375,"1""",pgsphere,1,0,7,0.05,0.05
gaia,375,"1""",q3c,1,0,300,2.612,0.582
gaia,375,"1""",skycell-rw,1,0,6,0.086,0.032
gaia,375,"1""",skycell,1,0,6,0.032,0.011
gaia,1076,1',q3c,1,1,301,2.411,0.532
gaia,1076,1',pgsphere,1,1,7,0.053,0.05
gaia,1076,1',skycell-rw,2,1,4,0.059,0.026
gaia,1076,1',skycell,2,1,4,0.027,0.013
gaia,1365,30',pgsphere,190,79,35,0.017,0.141
gaia,1365,30',skycell,93,79,20,0.036,0.064
gaia,1365,30',q3c,41,79,305,2.318,0.576
gaia,1365,30',skycell-rw,101,79,16,0.101,0.087
gaia,85,"1""",q3c,1,0,300,2.436,0.526
gaia,85,"1""",skycell-rw,1,0,6,0.137,0.022
gaia,85,"1""",pgsphere,1,0,4,0.025,0.038
gaia,85,"1""",skycell,1,0,6,0.031,0.011
gaia,1340,30',skycell-rw,1176,1017,44,0.127,0.333
gaia,1340,30',pgsphere,190,1017,109,0.027,0.487
gaia,1340,30',q3c,470,1017,321,3.03,0.85
gaia,1340,30',skycell,1179,1017,70,0.097,0.262
gaia,422,"10""",q3c,1,1,301,2.802,0.574
gaia,422,"10""",pgsphere,1,1,12,0.053,0.094
gaia,422,"10""",skycell,1,1,8,0.042,0.037
gaia,422,"10""",skycell-rw,1,1,7,0.087,0.02
gaia,55,"1""",q3c,1,0,300,3.258,0.605
gaia,55,"1""",pgsphere,1,0,4,0.051,0.045
gaia,55,"1""",skycell-rw,1,0,3,0.05,0.017
gaia,55,"1""",skycell,1,0,3,0.019,0.008
gaia,539,"10""",skycell,1,0,3,0.017,0.01
gaia,539,"10""",q3c,1,0,300,2.628,0.558
gaia,539,"10""",pgsphere,1,0,5,0.052,0.041
gaia,539,"10""",skycell-rw,1,0,3,0.049,0.018
gaia,1,"1""",skycell,1,0,3,0.022,0.026
gaia,1,"1""",q3c,1,0,300,3.382,0.563
gaia,1,"1""",pgsphere,1,0,5,0.051,0.04
gaia,1,"1""",skycell-rw,1,0,3,0.051,0.026
gaia,136,"1""",q3c,1,1,301,2.514,0.581
gaia,136,"1""",pgsphere,1,1,5,0.051,0.048
gaia,136,"1""",skycell-rw,1,1,7,0.064,0.031
gaia,136,"1""",skycell,1,1,7,0.025,0.013
gaia,723,"10""",pgsphere,1,0,4,0.039,0.028
gaia,723,"10""",q3c,1,0,300,2.618,0.581
gaia,723,"10""",skycell-rw,1,0,3,0.08,0.025
gaia,723,"10""",skycell,1,0,3,0.037,0.011
gaia,359,"1""",skycell-rw,1,0,3,0.048,0.02
gaia,359,"1""",q3c,1,0,300,2.598,0.614
gaia,359,"1""",skycell,1,0,3,0.058,0.025
gaia,359,"1""",pgsphere,1,0,5,0.028,0.045
gaia,369,"1""",q3c,1,0,300,2.613,0.648
gaia,369,"1""",skycell,1,0,3,0.089,0.037
gaia,369,"1""",skycell-rw,1,0,3,0.043,0.011
gaia,369,"1""",pgsphere,1,0,5,0.019,0.033
gaia,774,"10""",q3c,1,1,301,2.446,0.524
gaia,774,"10""",skycell-rw,1,1,4,0.081,0.042
gaia,774,"10""",skycell,1,1,4,0.028,0.013
gaia,774,"10""",pgsphere,1,1,5,0.043,0.035
gaia,520,"10""",skycell-rw,1,1,4,0.039,0.032
gaia,520,"10""",pgsphere,1,1,6,0.016,0.031
gaia,520,"10""",q3c,1,1,301,3.52,0.522
gaia,520,"10""",skycell,1,1,4,0.067,0.032
gaia,221,"1""",q3c,1,0,300,2.88,0.585
gaia,221,"1""",skycell-rw,1,0,3,0.074,0.031
gaia,221,"1""",skycell,1,0,3,0.024,0.009
gaia,221,"1""",pgsphere,1,0,8,0.02,0.071
gaia,350,"1""",q3c,1,1,301,2.596,0.595
gaia,350,"1""",skycell-rw,1,1,4,0.074,0.062
gaia,350,"1""",pgsphere,1,1,6,0.029,0.046
gaia,350,"1""",skycell,1,1,4,0.025,0.012
gaia,1322,30',skycell,38,18,17,0.025,0.044
gaia,1322,30',pgsphere,190,18,13,0.019,0.053
gaia,1322,30',q3c,13,18,304,2.738,0.606
gaia,1322,30',skycell-rw,39,18,9,0.088,0.057
gaia,252,"1""",q3c,1,1,301,2.357,0.621
gaia,252,"1""",skycell,1,1,7,0.072,0.066
gaia,252,"1""",pgsphere,1,1,5,0.034,0.028
gaia,252,"1""",skycell-rw,1,1,7,0.049,0.016
gaia,1435,1deg,q3c,540,328,310,2.242,0.662
gaia,1435,1deg,skycell-rw,185,328,33,0.124,1.253
gaia,1435,1deg,skycell,183,328,25,0.088,0.12
gaia,1435,1deg,pgsphere,762,328,44,0.03,0.212
gaia,960,1',skycell-rw,1,1,4,0.055,0.032
gaia,960,1',q3c,1,1,301,2.644,0.558
gaia,960,1',pgsphere,1,1,5,0.057,0.04
gaia,960,1',skycell,1,1,4,0.038,0.024
gaia,929,1',skycell-rw,1,0,4,0.05,0.02
gaia,929,1',q3c,1,0,300,2.761,0.589
gaia,929,1',skycell,1,0,4,0.059,0.031
gaia,929,1',pgsphere,1,0,7,0.034,0.045
gaia,1102,6',skycell,14,13,5,0.028,0.046
gaia,1102,6',skycell-rw,14,13,6,0.046,0.039
gaia,1102,6',q3c,7,13,302,2.797,0.595
gaia,1102,6',pgsphere,8,13,12,0.052,0.077
gaia,38,"1""",pgsphere,1,1,5,0.025,0.033
gaia,38,"1""",skycell,1,1,4,0.033,0.021
gaia,38,"1""",skycell-rw,1,1,4,0.033,0.009
gaia,38,"1""",q3c,1,1,301,2.973,0.609
gaia,63,"1""",skycell-rw,1,0,3,0.076,0.035
gaia,63,"1""",skycell,1,0,3,0.027,0.01
gaia,63,"1""",pgsphere,1,0,4,0.02,0.029
gaia,63,"1""",q3c,1,0,300,3.566,0.551
gaia,237,"1""",pgsphere,1,0,5,0.12,0.04
gaia,237,"1""",skycell,1,0,3,0.04,0.018
gaia,237,"1""",q3c,1,0,300,2.621,0.517
gaia,237,"1""",skycell-rw,1,0,3,0.143,0.027
gaia,379,"1""",skycell,1,0,3,0.036,0.026
gaia,379,"1""",pgsphere,1,0,6,0.022,0.036
gaia,379,"1""",q3c,1,0,300,2.658,0.541
gaia,379,"1""",skycell-rw,1,0,3,0.076,0.03
gaia,1142,6',skycell,124,181,20,0.044,0.114
gaia,1142,6',pgsphere,8,181,30,0.059,0.134
gaia,1142,6',skycell-rw,129,181,22,0.07,1.267
gaia,1142,6',q3c,49,181,307,2.88,0.782
gaia,159,"1""",skycell-rw,1,0,3,0.077,0.024
gaia,159,"1""",skycell,1,0,3,0.027,0.01
gaia,159,"1""",q3c,1,0,300,3.033,0.585
gaia,159,"1""",pgsphere,1,0,4,0.053,0.046
gaia,1025,1',q3c,1,0,300,2.85,0.578
gaia,1025,1',skycell-rw,1,0,7,0.094,0.056
gaia,1025,1',pgsphere,1,0,5,0.03,0.037
gaia,1025,1',skycell,1,0,7,0.033,0.016
gaia,412,"10""",pgsphere,1,1,6,0.018,0.048
gaia,412,"10""",skycell-rw,1,1,4,0.033,0.016
gaia,412,"10""",q3c,1,1,301,2.697,0.608
gaia,412,"10""",skycell,1,1,4,0.06,0.032
gaia,469,"10""",skycell-rw,1,0,6,0.059,0.022
gaia,469,"10""",q3c,1,0,300,2.575,0.667
gaia,469,"10""",pgsphere,1,0,9,0.054,0.062
gaia,469,"10""",skycell,1,0,6,0.036,0.019
gaia,1079,1',pgsphere,1,0,4,0.038,0.024
gaia,1079,1',skycell,1,0,4,0.027,0.022
gaia,1079,1',q3c,1,0,300,2.562,0.568
gaia,1079,1',skycell-rw,1,0,4,0.077,0.029
gaia,776,"10""",skycell-rw,1,1,4,0.044,0.038
gaia,776,"10""",q3c,1,1,301,2.977,0.661
gaia,776,"10""",pgsphere,1,1,5,0.061,0.045
gaia,776,"10""",skycell,1,1,4,0.036,0.025
gaia,1372,30',pgsphere,190,3168,301,0.03,1.141
gaia,1372,30',skycell-rw,3215,3168,103,0.194,0.769
gaia,1372,30',q3c,1732,3168,364,2.708,1.298
gaia,1372,30',skycell,3220,3168,123,0.112,0.721
gaia,355,"1""",q3c,1,0,300,2.745,0.558
gaia,355,"1""",skycell-rw,1,0,3,0.081,0.026
gaia,355,"1""",pgsphere,1,0,7,0.027,0.045
gaia,355,"1""",skycell,1,0,3,0.023,0.009
gaia,223,"1""",skycell,1,0,3,0.017,0.013
gaia,223,"1""",pgsphere,1,0,4,0.023,0.037
gaia,223,"1""",q3c,1,0,300,2.532,0.607
gaia,223,"1""",skycell-rw,1,0,3,0.078,0.024
gaia,11,"1""",pgsphere,1,0,5,0.036,0.029
gaia,11,"1""",skycell,1,0,3,0.027,0.021
gaia,11,"1""",q3c,1,0,300,2.371,0.629
gaia,11,"1""",skycell-rw,1,0,3,0.074,0.025
gaia,657,"10""",pgsphere,1,0,7,0.057,0.074
gaia,657,"10""",skycell,1,0,7,0.035,0.022
gaia,657,"10""",skycell-rw,1,0,7,0.046,0.016
gaia,657,"10""",q3c,1,0,300,2.454,0.535
gaia,995,1',skycell,1,0,4,0.057,0.037
gaia,995,1',q3c,1,0,300,2.892,0.584
gaia,995,1',pgsphere,1,0,4,0.051,0.035
gaia,995,1',skycell-rw,1,0,4,0.05,0.021
gaia,923,1',skycell,1,0,4,0.024,0.018
gaia,923,1',q3c,1,0,300,2.432,0.592
gaia,923,1',skycell-rw,1,0,4,0.076,0.03
gaia,923,1',pgsphere,1,0,6,0.024,0.033
gaia,1342,30',skycell,678,683,46,0.07,0.263
gaia,1342,30',skycell-rw,678,683,32,0.078,0.826
gaia,1342,30',q3c,307,683,314,2.677,0.768
gaia,1342,30',pgsphere,190,683,80,0.052,0.301
gaia,37,"1""",skycell,1,0,3,0.041,0.019
gaia,37,"1""",skycell-rw,1,0,3,0.045,0.01
gaia,37,"1""",q3c,1,0,300,2.764,0.597
gaia,37,"1""",pgsphere,1,0,6,0.051,0.041
gaia,135,"1""",pgsphere,1,0,5,0.02,0.028
gaia,135,"1""",skycell-rw,1,0,3,0.044,0.017
gaia,135,"1""",skycell,1,0,3,0.022,0.009
gaia,135,"1""",q3c,1,0,300,2.658,0.566
gaia,388,"1""",skycell-rw,1,1,4,0.076,0.041
gaia,388,"1""",q3c,1,1,301,2.636,0.58
gaia,388,"1""",pgsphere,1,1,7,0.052,0.05
gaia,388,"1""",skycell,1,1,4,0.076,0.034
gaia,182,"1""",skycell,1,1,4,0.025,0.033
gaia,182,"1""",skycell-rw,1,1,4,0.035,0.009
gaia,182,"1""",pgsphere,1,1,6,0.016,0.033
gaia,182,"1""",q3c,1,1,301,2.328,0.557
gaia,1299,6',skycell,2,2,4,0.058,0.041
gaia,1299,6',q3c,1,2,301,2.57,0.579
gaia,1299,6',skycell-rw,2,2,4,0.073,0.034
gaia,1299,6',pgsphere,8,2,11,0.023,0.077
gaia,267,"1""",skycell,1,0,6,0.032,0.017
gaia,267,"1""",q3c,1,0,300,2.611,0.58
gaia,267,"1""",skycell-rw,1,0,6,0.091,0.031
gaia,267,"1""",pgsphere,1,0,4,0.042,0.032
gaia,327,"1""",q3c,1,0,300,2.3,0.579
gaia,327,"1""",pgsphere,1,0,5,0.049,0.05
gaia,327,"1""",skycell,1,0,3,0.036,0.019
gaia,327,"1""",skycell-rw,1,0,3,0.034,0.007
gaia,475,"10""",q3c,1,0,300,2.908,0.536
gaia,475,"10""",pgsphere,1,0,5,0.05,0.043
gaia,475,"10""",skycell,1,0,3,0.034,0.017
gaia,475,"10""",skycell-rw,1,0,3,0.032,0.007
gaia,3,"1""",skycell,1,0,6,0.019,0.064
gaia,3,"1""",skycell-rw,1,0,6,0.044,0.014
gaia,3,"1""",pgsphere,1,0,4,0.018,0.024
gaia,3,"1""",q3c,1,0,300,2.607,0.537
gaia,886,1',skycell,3,3,9,0.06,0.053
gaia,886,1',pgsphere,1,3,6,0.027,0.034
gaia,886,1',skycell-rw,3,3,9,0.057,0.03
gaia,886,1',q3c,1,3,301,2.668,0.565
gaia,570,"10""",skycell-rw,1,1,4,0.079,0.041
gaia,570,"10""",skycell,1,1,4,0.024,0.011
gaia,570,"10""",pgsphere,1,1,6,0.019,0.043
gaia,570,"10""",q3c,1,1,301,2.762,0.585
gaia,496,"10""",pgsphere,1,1,5,0.052,0.048
gaia,496,"10""",q3c,1,1,301,2.378,0.653
gaia,496,"10""",skycell-rw,1,1,4,0.078,0.032
gaia,496,"10""",skycell,1,1,4,0.029,0.012
gaia,1207,6',skycell-rw,1,0,4,0.031,0.033
gaia,1207,6',pgsphere,8,0,7,0.032,0.04
gaia,1207,6',skycell,1,0,4,0.02,0.013
gaia,1207,6',q3c,1,0,301,2.875,0.558
gaia,173,"1""",q3c,1,0,300,2.384,0.548
gaia,173,"1""",pgsphere,1,0,6,0.062,0.049
gaia,173,"1""",skycell,1,0,3,0.046,0.021
gaia,173,"1""",skycell-rw,1,0,3,0.059,0.011
gaia,84,"1""",skycell-rw,1,1,4,0.03,0.016
gaia,84,"1""",pgsphere,1,1,5,0.017,0.026
gaia,84,"1""",skycell,1,1,4,0.023,0.013
gaia,84,"1""",q3c,1,1,301,3.241,0.601
gaia,1144,6',q3c,28,69,303,2.609,0.67
gaia,1144,6',skycell-rw,68,69,16,0.102,0.797
gaia,1144,6',pgsphere,8,69,15,0.052,0.08
gaia,1144,6',skycell,67,69,17,0.055,0.052
gaia,411,"10""",skycell,1,0,3,0.021,0.013
gaia,411,"10""",skycell-rw,1,0,3,0.034,0.007
gaia,411,"10""",pgsphere,1,0,5,0.015,0.063
gaia,411,"10""",q3c,1,0,300,2.698,0.63
gaia,978,1',q3c,1,1,301,2.762,0.596
gaia,978,1',skycell-rw,1,1,4,0.079,0.033
gaia,978,1',skycell,1,1,4,0.025,0.012
gaia,978,1',pgsphere,1,1,5,0.027,0.032
gaia,579,"10""",skycell,1,0,3,0.023,0.014
gaia,579,"10""",skycell-rw,1,0,3,0.032,0.008
gaia,579,"10""",pgsphere,1,0,4,0.015,0.021
gaia,579,"10""",q3c,1,0,300,2.798,0.646
gaia,833,1',q3c,1,2,301,2.34,0.628
gaia,833,1',skycell,1,2,4,0.061,0.034
gaia,833,1',pgsphere,1,2,5,0.028,0.04
gaia,833,1',skycell-rw,1,2,4,0.035,0.012
gaia,235,"1""",q3c,1,0,300,2.681,0.602
gaia,235,"1""",pgsphere,1,0,6,0.064,0.058
gaia,235,"1""",skycell,1,0,3,0.038,0.019
gaia,235,"1""",skycell-rw,1,0,3,0.034,0.008
gaia,1323,30',skycell-rw,109,134,14,0.044,0.5
gaia,1323,30',skycell,109,134,19,0.065,0.078
gaia,1323,30',pgsphere,190,134,29,0.026,0.111
gaia,1323,30',q3c,82,134,307,2.423,0.713
gaia,1422,1deg,skycell,1054,1608,74,0.089,0.467
gaia,1422,1deg,skycell-rw,1064,1608,54,0.101,1.153
gaia,1422,1deg,q3c,1237,1608,332,2.782,1.045
gaia,1422,1deg,pgsphere,762,1608,245,0.053,0.653
gaia,140,"1""",skycell,1,1,4,0.05,0.025
gaia,140,"1""",pgsphere,1,1,5,0.024,0.038
gaia,140,"1""",q3c,1,1,301,2.318,0.582
gaia,140,"1""",skycell-rw,1,1,4,0.075,0.028
gaia,1284,6',skycell-rw,172,160,22,0.079,0.123
gaia,1284,6',pgsphere,8,160,22,0.032,0.12
gaia,1284,6',q3c,71,160,308,2.823,0.74
gaia,1284,6',skycell,171,160,28,0.071,0.101
gaia,308,"1""",skycell,1,1,4,0.027,0.028
gaia,308,"1""",q3c,1,1,301,2.837,0.674
gaia,308,"1""",skycell-rw,1,1,4,0.077,0.031
gaia,308,"1""",pgsphere,1,1,5,0.028,0.03
gaia,406,"10""",skycell,1,1,4,0.026,0.031
gaia,406,"10""",pgsphere,1,1,6,0.015,0.035
gaia,406,"10""",skycell-rw,1,1,4,0.035,0.011
gaia,406,"10""",q3c,1,1,301,2.884,0.586
gaia,1452,3deg,skycell,1918,2105,86,0.124,0.549
gaia,1452,3deg,skycell-rw,1921,2105,70,0.13,1.064
gaia,1452,3deg,pgsphere,6853,2105,117,0.049,0.931
gaia,1452,3deg,q3c,1271,2105,340,2.42,1.007
gaia,1330,30',q3c,487,1614,328,2.823,0.921
gaia,1330,30',pgsphere,190,1614,152,0.047,0.597
gaia,1330,30',skycell,1762,1614,86,0.088,0.414
gaia,1330,30',skycell-rw,1742,1614,67,0.148,0.31
gaia,1165,6',skycell-rw,16,15,6,0.048,0.042
gaia,1165,6',pgsphere,8,15,8,0.021,0.045
gaia,1165,6',q3c,6,15,302,2.689,0.522
gaia,1165,6',skycell,15,15,6,0.056,0.039
gaia,1120,6',q3c,63,17,303,2.658,0.6
gaia,1120,6',skycell,32,17,17,0.06,0.062
gaia,1120,6',skycell-rw,33,17,11,0.077,0.041
gaia,1120,6',pgsphere,8,17,12,0.021,0.061
gaia,647,"10""",skycell-rw,1,0,6,0.044,0.017
gaia,647,"10""",pgsphere,1,0,5,0.049,0.028
gaia,647,"10""",q3c,1,0,300,2.378,0.567
gaia,647,"10""",skycell,1,0,6,0.053,0.024
gaia,35,"1""",pgsphere,1,0,4,0.033,0.03
gaia,35,"1""",q3c,1,0,300,2.558,0.598
gaia,35,"1""",skycell,1,0,6,0.054,0.029
gaia,35,"1""",skycell-rw,1,0,6,0.049,0.015
gaia,1116,6',q3c,26,79,307,2.595,0.564
gaia,1116,6',pgsphere,8,79,27,0.045,0.102
gaia,1116,6',skycell-rw,36,79,8,0.072,0.072
gaia,1116,6',skycell,36,79,8,0.03,0.052
gaia,413,"10""",skycell-rw,1,0,3,0.031,0.013
gaia,413,"10""",pgsphere,1,0,5,0.018,0.041
gaia,413,"10""",skycell,1,0,3,0.05,0.009
gaia,413,"10""",q3c,1,0,300,2.835,0.58
gaia,45,"1""",skycell-rw,1,0,3,0.067,0.021
gaia,45,"1""",q3c,1,0,300,2.63,0.506
gaia,45,"1""",skycell,1,0,3,0.052,0.023
gaia,45,"1""",pgsphere,1,0,6,0.025,0.032
gaia,1254,6',skycell,45,41,16,0.027,0.066
gaia,1254,6',skycell-rw,45,41,8,0.045,0.061
gaia,1254,6',q3c,7,41,304,2.389,0.573
gaia,1254,6',pgsphere,8,41,17,0.047,0.078
gaia,969,1',pgsphere,1,0,7,0.024,0.035
gaia,969,1',q3c,1,0,300,2.801,0.541
gaia,969,1',skycell,1,0,8,0.057,0.034
gaia,969,1',skycell-rw,1,0,8,0.06,0.022
gaia,373,"1""",skycell-rw,1,0,3,0.036,0.029
gaia,373,"1""",skycell,1,0,3,0.024,0.009
gaia,373,"1""",pgsphere,1,0,4,0.02,0.025
gaia,373,"1""",q3c,1,0,300,2.473,0.529
gaia,1111,6',skycell,1,1,4,0.051,0.04
gaia,1111,6',skycell-rw,1,1,4,0.038,0.014
gaia,1111,6',pgsphere,8,1,6,0.021,0.033
gaia,1111,6',q3c,1,1,301,2.684,0.534
gaia,575,"10""",pgsphere,1,0,3,0.045,0.035
gaia,575,"10""",skycell,1,0,6,0.032,0.018
gaia,575,"10""",skycell-rw,1,0,6,0.046,0.013
gaia,575,"10""",q3c,1,0,300,2.522,0.49
gaia,1248,6',q3c,31,54,306,2.622,0.562
gaia,1248,6',skycell,46,54,15,0.059,0.068
gaia,1248,6',skycell-rw,46,54,8,0.044,0.052
gaia,1248,6',pgsphere,8,54,16,0.018,0.067
gaia,494,"10""",pgsphere,1,1,6,0.015,0.059
gaia,494,"10""",skycell-rw,1,1,4,0.033,0.025
gaia,494,"10""",skycell,1,1,4,0.02,0.009
gaia,494,"10""",q3c,1,1,301,2.459,0.528
gaia,331,"1""",q3c,1,0,300,2.814,0.567
gaia,331,"1""",skycell-rw,1,0,3,0.069,0.022
gaia,331,"1""",skycell,1,0,3,0.024,0.009
gaia,331,"1""",pgsphere,1,0,5,0.018,0.026
gaia,678,"10""",skycell,1,2,4,0.022,0.031
gaia,678,"10""",pgsphere,1,2,6,0.016,0.033
gaia,678,"10""",skycell-rw,1,2,5,0.028,0.011
gaia,678,"10""",q3c,1,2,301,2.821,0.522
gaia,296,"1""",q3c,1,1,301,2.302,0.517
gaia,296,"1""",skycell,1,1,4,0.053,0.055
gaia,296,"1""",skycell-rw,1,1,4,0.063,0.016
gaia,296,"1""",pgsphere,1,1,7,0.021,0.036
gaia,328,"1""",skycell-rw,1,1,4,0.036,0.017
gaia,328,"1""",q3c,1,1,301,2.799,0.592
gaia,328,"1""",skycell,1,1,4,0.05,0.027
gaia,328,"1""",pgsphere,1,1,10,0.024,0.059
gaia,491,"10""",skycell,1,0,6,0.023,0.015
gaia,491,"10""",q3c,1,0,300,2.284,0.531
gaia,491,"10""",skycell-rw,1,0,6,0.08,0.028
gaia,491,"10""",pgsphere,1,0,5,0.039,0.041
gaia,1177,6',skycell-rw,1,0,4,0.044,0.03
gaia,1177,6',pgsphere,8,0,5,0.016,0.028
gaia,1177,6',skycell,1,0,4,0.02,0.012
gaia,1177,6',q3c,1,0,301,3.243,0.501
gaia,1048,1',skycell-rw,1,1,9,0.083,0.062
gaia,1048,1',skycell,1,1,9,0.032,0.025
gaia,1048,1',q3c,1,1,301,2.637,0.577
gaia,1048,1',pgsphere,1,1,5,0.046,0.06
gaia,20,"1""",pgsphere,1,1,6,0.022,0.035
gaia,20,"1""",skycell-rw,1,1,4,0.044,0.025
gaia,20,"1""",skycell,1,1,4,0.021,0.01
gaia,20,"1""",q3c,1,1,301,2.732,0.511
gaia,1401,1deg,skycell,80,93,23,0.065,0.082
gaia,1401,1deg,pgsphere,762,93,20,0.031,0.084
gaia,1401,1deg,q3c,42,93,305,2.607,0.611
gaia,1401,1deg,skycell-rw,81,93,20,0.1,0.097
gaia,358,"1""",pgsphere,1,1,5,0.038,0.043
gaia,358,"1""",skycell,1,1,4,0.027,0.023
gaia,358,"1""",skycell-rw,1,1,4,0.028,0.008
gaia,358,"1""",q3c,1,1,301,2.74,0.531
gaia,555,"10""",pgsphere,1,0,5,0.046,0.051
gaia,555,"10""",skycell,1,0,3,0.033,0.019
gaia,555,"10""",q3c,1,0,300,2.716,0.507
gaia,555,"10""",skycell-rw,1,0,3,0.067,0.022
gaia,1331,30',skycell-rw,18,18,13,0.071,0.845
gaia,1331,30',pgsphere,190,18,10,0.044,0.06
gaia,1331,30',q3c,23,18,301,2.66,0.523
gaia,1331,30',skycell,17,18,8,0.059,0.044
gaia,334,"1""",skycell-rw,1,1,7,0.055,0.022
gaia,334,"1""",q3c,1,1,301,2.422,0.545
gaia,334,"1""",pgsphere,1,1,6,0.046,0.069
gaia,334,"1""",skycell,1,1,7,0.039,0.022
gaia,336,"1""",q3c,1,1,301,2.432,0.591
gaia,336,"1""",pgsphere,1,1,8,0.054,0.058
gaia,336,"1""",skycell,1,1,4,0.033,0.02
gaia,336,"1""",skycell-rw,1,1,4,0.032,0.009
gaia,109,"1""",skycell,1,0,3,0.017,0.013
gaia,109,"1""",skycell-rw,1,0,3,0.026,0.007
gaia,109,"1""",pgsphere,1,0,8,0.018,0.038
gaia,109,"1""",q3c,1,0,300,2.398,0.592
gaia,713,"10""",skycell,1,0,4,0.052,0.031
gaia,713,"10""",skycell-rw,1,0,4,0.037,0.01
gaia,713,"10""",pgsphere,1,0,4,0.018,0.023
gaia,713,"10""",q3c,1,0,300,2.281,0.491
gaia,1201,6',q3c,1,8,301,2.608,0.554
gaia,1201,6',skycell-rw,8,8,9,0.088,0.048
gaia,1201,6',skycell,7,8,9,0.027,0.02
gaia,1201,6',pgsphere,8,8,6,0.019,0.031
gaia,256,"1""",skycell-rw,1,1,4,0.03,0.025
gaia,256,"1""",pgsphere,1,1,7,0.02,0.064
gaia,256,"1""",skycell,1,1,4,0.022,0.013
gaia,256,"1""",q3c,1,1,301,2.482,0.523
gaia,667,"10""",pgsphere,1,0,3,0.045,0.026
gaia,667,"10""",skycell-rw,1,0,6,0.057,0.024
gaia,667,"10""",q3c,1,0,300,2.763,0.536
gaia,667,"10""",skycell,1,0,6,0.053,0.023
gaia,1121,6',skycell-rw,3,3,9,0.057,0.038
gaia,1121,6',pgsphere,8,3,7,0.025,0.039
gaia,1121,6',q3c,1,3,301,2.509,0.538
gaia,1121,6',skycell,3,3,9,0.053,0.038
gaia,619,"10""",skycell-rw,1,0,7,0.053,0.031
gaia,619,"10""",pgsphere,1,0,4,0.035,0.029
gaia,619,"10""",q3c,1,0,300,2.322,0.545
gaia,619,"10""",skycell,1,0,7,0.055,0.026
gaia,44,"1""",skycell,1,1,4,0.025,0.016
gaia,44,"1""",q3c,1,1,301,2.608,0.511
gaia,44,"1""",skycell-rw,1,1,4,0.098,0.028
gaia,44,"1""",pgsphere,1,1,5,0.027,0.031
gaia,429,"10""",skycell-rw,1,0,6,0.046,0.02
gaia,429,"10""",q3c,1,0,300,2.74,0.561
gaia,429,"10""",pgsphere,1,0,10,0.046,0.064
gaia,429,"10""",skycell,1,0,6,0.07,0.022
gaia,1172,6',skycell-rw,4,10,5,0.039,0.04
gaia,1172,6',skycell,4,10,5,0.018,0.016
gaia,1172,6',q3c,2,10,303,2.804,0.573
gaia,1172,6',pgsphere,8,10,6,0.047,0.048
gaia,1136,6',skycell-rw,1,1,4,0.048,0.032
gaia,1136,6',pgsphere,8,1,7,0.016,0.039
gaia,1136,6',q3c,1,1,301,2.661,0.526
gaia,1136,6',skycell,1,1,4,0.053,0.032
gaia,441,"10""",skycell,1,0,6,0.022,0.025
gaia,441,"10""",skycell-rw,1,0,6,0.051,0.015
gaia,441,"10""",pgsphere,1,0,4,0.02,0.034
gaia,441,"10""",q3c,1,0,300,2.478,0.677
gaia,360,"1""",pgsphere,1,1,9,0.049,0.078
gaia,360,"1""",skycell-rw,1,1,4,0.049,0.021
gaia,360,"1""",q3c,1,1,301,2.737,0.535
gaia,360,"1""",skycell,1,1,4,0.057,0.03
gaia,863,1',q3c,1,1,301,2.547,0.575
gaia,863,1',skycell,1,1,9,0.056,0.05
gaia,863,1',pgsphere,1,1,7,0.025,0.076
gaia,863,1',skycell-rw,1,1,5,0.055,0.032
gaia,1066,1',q3c,1,1,301,2.888,0.539
gaia,1066,1',pgsphere,1,1,11,0.047,0.075
gaia,1066,1',skycell-rw,2,1,5,0.054,0.026
gaia,1066,1',skycell,2,1,8,0.021,0.013
gaia,519,"10""",q3c,1,0,300,2.866,0.588
gaia,519,"10""",skycell-rw,1,0,4,0.069,0.026
gaia,519,"10""",skycell,1,0,4,0.043,0.015
gaia,519,"10""",pgsphere,1,0,6,0.022,0.034
gaia,338,"1""",q3c,1,1,301,2.375,0.601
gaia,338,"1""",pgsphere,1,1,6,0.05,0.065
gaia,338,"1""",skycell,1,1,4,0.034,0.029
gaia,338,"1""",skycell-rw,1,1,4,0.032,0.009
gaia,1133,6',skycell-rw,3,2,5,0.028,0.548
gaia,1133,6',q3c,4,2,301,2.542,0.555
gaia,1133,6',skycell,3,2,4,0.061,0.069
gaia,1133,6',pgsphere,8,2,8,0.033,0.047
gaia,609,"10""",q3c,1,0,300,2.553,0.568
gaia,609,"10""",pgsphere,1,0,4,0.07,0.044
gaia,609,"10""",skycell-rw,1,0,3,0.052,0.019
gaia,609,"10""",skycell,1,0,3,0.029,0.01
gaia,1424,1deg,skycell,3488,3564,123,0.079,0.867
gaia,1424,1deg,q3c,1309,3564,363,2.647,1.393
gaia,1424,1deg,pgsphere,762,3564,357,0.051,1.227
gaia,1424,1deg,skycell-rw,3482,3564,101,0.187,0.694
gaia,1002,1',pgsphere,1,6,11,0.039,0.096
gaia,1002,1',skycell,2,6,5,0.031,0.035
gaia,1002,1',q3c,1,6,301,2.728,0.61
gaia,1002,1',skycell-rw,2,6,5,0.075,0.04
gaia,184,"1""",pgsphere,1,1,7,0.025,0.055
gaia,184,"1""",skycell-rw,1,1,4,0.12,0.029
gaia,184,"1""",q3c,1,1,301,2.461,0.585
gaia,184,"1""",skycell,1,1,4,0.056,0.029
gaia,509,"10""",q3c,1,0,300,2.98,0.607
gaia,509,"10""",skycell-rw,1,0,3,0.075,0.034
gaia,509,"10""",pgsphere,1,0,6,0.023,0.034
gaia,509,"10""",skycell,1,0,3,0.095,0.014
gaia,1234,6',skycell,2,1,4,0.022,0.019
gaia,1234,6',q3c,1,1,301,2.896,0.536
gaia,1234,6',pgsphere,8,1,6,0.051,0.043
gaia,1234,6',skycell-rw,2,1,4,0.05,0.022
gaia,436,"10""",q3c,1,1,301,2.742,0.541
gaia,436,"10""",pgsphere,1,1,7,0.052,0.063
gaia,436,"10""",skycell-rw,1,1,4,0.05,0.028
gaia,436,"10""",skycell,1,1,4,0.02,0.011
gaia,1010,1',pgsphere,1,1,5,0.019,0.033
gaia,1010,1',q3c,1,1,301,2.437,0.534
gaia,1010,1',skycell,1,1,4,0.057,0.031
gaia,1010,1',skycell-rw,1,1,4,0.039,0.013
gaia,378,"1""",skycell,1,1,7,0.02,0.017
gaia,378,"1""",pgsphere,1,1,9,0.019,0.046
gaia,378,"1""",skycell-rw,1,1,7,0.045,0.017
gaia,378,"1""",q3c,1,1,301,2.361,0.625
gaia,1103,6',q3c,1,0,301,2.881,0.581
gaia,1103,6',pgsphere,8,0,5,0.051,0.071
gaia,1103,6',skycell,1,0,4,0.046,0.027
gaia,1103,6',skycell-rw,1,0,4,0.038,0.014
gaia,23,"1""",q3c,1,0,300,3.294,0.624
gaia,23,"1""",pgsphere,1,0,7,0.055,0.052
gaia,23,"1""",skycell-rw,1,0,3,0.056,0.021
gaia,23,"1""",skycell,1,0,3,0.02,0.008
gaia,959,1',q3c,1,0,300,3.29,0.607
gaia,959,1',pgsphere,1,0,4,0.05,0.034
gaia,959,1',skycell-rw,1,0,4,0.047,0.02
gaia,959,1',skycell,1,0,4,0.02,0.009
gaia,856,1',skycell-rw,2,3,9,0.047,0.05
gaia,856,1',pgsphere,1,3,7,0.018,0.043
gaia,856,1',q3c,1,3,301,2.678,0.536
gaia,856,1',skycell,2,3,9,0.068,0.042
gaia,945,1',q3c,1,3,301,2.733,0.543
gaia,945,1',skycell-rw,1,3,8,0.101,0.047
gaia,945,1',skycell,1,3,8,0.037,0.017
gaia,945,1',pgsphere,1,3,6,0.022,0.048
gaia,57,"1""",pgsphere,1,0,8,0.015,0.053
gaia,57,"1""",q3c,1,0,300,2.898,0.624
gaia,57,"1""",skycell,1,0,3,0.058,0.045
gaia,57,"1""",skycell-rw,1,0,3,0.043,0.009
gaia,608,"10""",skycell-rw,1,1,4,0.028,0.065
gaia,608,"10""",pgsphere,1,1,6,0.022,0.049
gaia,608,"10""",q3c,1,1,301,2.859,0.597
gaia,608,"10""",skycell,1,1,4,0.057,0.03
gaia,1428,1deg,q3c,1496,2244,343,2.752,1.056
gaia,1428,1deg,skycell,2441,2244,91,0.147,0.544
gaia,1428,1deg,skycell-rw,2485,2244,73,0.151,0.469
gaia,1428,1deg,pgsphere,762,2244,204,0.034,0.73
gaia,1195,6',skycell,1,0,4,0.046,0.023
gaia,1195,6',q3c,3,0,301,3.307,0.541
gaia,1195,6',pgsphere,8,0,6,0.049,0.058
gaia,1195,6',skycell-rw,1,0,4,0.091,0.024
gaia,1219,6',skycell-rw,2,1,8,0.059,0.036
gaia,1219,6',skycell,1,1,8,0.026,0.012
gaia,1219,6',q3c,1,1,301,2.88,0.596
gaia,1219,6',pgsphere,8,1,6,0.08,0.045
gaia,387,"1""",skycell-rw,1,0,3,0.054,0.017
gaia,387,"1""",pgsphere,1,0,5,0.016,0.025
gaia,387,"1""",skycell,1,0,3,0.02,0.008
gaia,387,"1""",q3c,1,0,300,2.744,0.558
gaia,1056,1',skycell-rw,1,2,8,0.086,0.082
gaia,1056,1',q3c,1,2,301,3.257,0.599
gaia,1056,1',pgsphere,1,2,6,0.053,0.068
gaia,1056,1',skycell,1,2,8,0.05,0.033
gaia,920,1',q3c,2,5,303,2.632,0.559
gaia,920,1',pgsphere,1,5,14,0.051,0.081
gaia,920,1',skycell,6,5,8,0.044,0.029
gaia,920,1',skycell-rw,6,5,6,0.036,0.403
gaia,39,"1""",q3c,1,0,300,2.667,0.587
gaia,39,"1""",skycell,1,0,3,0.056,0.024
gaia,39,"1""",pgsphere,1,0,4,0.025,0.025
gaia,39,"1""",skycell-rw,1,0,3,0.032,0.008
gaia,5,"1""",q3c,1,0,300,2.759,0.563
gaia,5,"1""",skycell,1,0,3,0.056,0.055
gaia,5,"1""",pgsphere,1,0,4,0.033,0.03
gaia,5,"1""",skycell-rw,1,0,3,0.036,0.009
gaia,363,"1""",pgsphere,1,0,4,0.015,0.048
gaia,363,"1""",skycell,1,0,3,0.018,0.012
gaia,363,"1""",q3c,1,0,300,2.682,0.558
gaia,363,"1""",skycell-rw,1,0,3,0.104,0.026
gaia,196,"1""",skycell,1,1,7,0.036,0.034
gaia,196,"1""",pgsphere,1,1,8,0.022,0.045
gaia,196,"1""",skycell-rw,1,1,7,0.044,0.017
gaia,196,"1""",q3c,1,1,301,2.729,0.584
gaia,178,"1""",pgsphere,1,1,6,0.058,0.051
gaia,178,"1""",skycell,1,1,7,0.036,0.027
gaia,178,"1""",skycell-rw,1,1,7,0.045,0.016
gaia,178,"1""",q3c,1,1,301,2.561,0.534
gaia,569,"10""",skycell,1,0,7,0.056,0.027
gaia,569,"10""",skycell-rw,1,0,7,0.088,0.019
gaia,569,"10""",pgsphere,1,0,4,0.023,0.024
gaia,569,"10""",q3c,1,0,300,2.781,0.52
gaia,661,"10""",skycell,1,0,3,0.058,0.033
gaia,661,"10""",pgsphere,1,0,5,0.025,0.036
gaia,661,"10""",skycell-rw,1,0,3,0.051,0.011
gaia,661,"10""",q3c,1,0,300,2.48,0.599
gaia,445,"10""",skycell,1,0,3,0.059,0.023
gaia,445,"10""",pgsphere,1,0,4,0.024,0.026
gaia,445,"10""",q3c,1,0,300,2.484,0.55
gaia,445,"10""",skycell-rw,1,0,3,0.074,0.023
gaia,1418,1deg,skycell,5927,8831,174,0.113,1.741
gaia,1418,1deg,pgsphere,762,8831,593,0.079,2.363
gaia,1418,1deg,q3c,159,8831,431,3.269,2.207
gaia,1418,1deg,skycell-rw,5884,8831,166,0.149,2.206
gaia,1394,30',skycell,859,783,45,0.086,0.281
gaia,1394,30',q3c,571,783,320,3.205,0.898
gaia,1394,30',pgsphere,190,783,88,0.054,0.48
gaia,1394,30',skycell-rw,798,783,40,0.149,0.61
gaia,416,"10""",pgsphere,1,1,7,0.048,0.047
gaia,416,"10""",skycell-rw,1,1,5,0.052,0.06
gaia,416,"10""",q3c,1,1,301,2.677,0.626
gaia,416,"10""",skycell,1,1,5,0.058,0.032
gaia,318,"1""",pgsphere,1,1,5,0.035,0.034
gaia,318,"1""",q3c,1,1,301,2.721,0.568
gaia,318,"1""",skycell,1,1,7,0.06,0.034
gaia,318,"1""",skycell-rw,1,1,7,0.063,0.021
gaia,512,"10""",pgsphere,1,1,6,0.022,0.036
gaia,512,"10""",skycell-rw,1,1,8,0.04,0.026
gaia,512,"10""",q3c,1,1,301,2.808,0.662
gaia,512,"10""",skycell,1,1,8,0.058,0.035
gaia,1405,1deg,pgsphere,762,72,16,0.028,0.121
gaia,1405,1deg,q3c,49,72,302,2.352,0.624
gaia,1405,1deg,skycell,118,72,23,0.075,0.079
gaia,1405,1deg,skycell-rw,115,72,23,0.082,0.589
gaia,289,"1""",q3c,1,0,300,2.683,0.652
gaia,289,"1""",skycell-rw,1,0,6,0.115,0.042
gaia,289,"1""",skycell,1,0,6,0.034,0.011
gaia,289,"1""",pgsphere,1,0,4,0.023,0.026
gaia,330,"1""",pgsphere,1,1,7,0.015,0.037
gaia,330,"1""",q3c,1,1,301,2.714,0.592
gaia,330,"1""",skycell-rw,1,1,4,0.085,0.031
gaia,330,"1""",skycell,1,1,4,0.028,0.011
gaia,1212,6',pgsphere,8,42,13,0.023,0.065
gaia,1212,6',q3c,48,42,303,2.836,0.669
gaia,1212,6',skycell,31,42,5,0.062,0.058
gaia,1212,6',skycell-rw,31,42,5,0.044,0.036
gaia,181,"1""",q3c,1,0,300,2.65,0.659
gaia,181,"1""",skycell-rw,1,0,6,0.089,0.031
gaia,181,"1""",pgsphere,1,0,5,0.025,0.029
gaia,181,"1""",skycell,1,0,6,0.022,0.01
gaia,281,"1""",pgsphere,1,0,9,0.015,0.058
gaia,281,"1""",skycell-rw,1,0,3,0.058,0.017
gaia,281,"1""",skycell,1,0,3,0.019,0.007
gaia,281,"1""",q3c,1,0,300,2.736,0.526
gaia,174,"1""",skycell-rw,1,1,4,0.075,0.041
gaia,174,"1""",q3c,1,1,301,2.449,0.581
gaia,174,"1""",skycell,1,1,4,0.056,0.03
gaia,174,"1""",pgsphere,1,1,6,0.048,0.039
gaia,24,"1""",q3c,1,1,301,2.458,0.571
gaia,24,"1""",skycell,1,1,4,0.057,0.031
gaia,24,"1""",pgsphere,1,1,5,0.03,0.03
gaia,24,"1""",skycell-rw,1,1,4,0.039,0.012
gaia,930,1',skycell-rw,3,4,4,0.029,0.024
gaia,930,1',pgsphere,1,4,7,0.014,0.099
gaia,930,1',q3c,1,4,302,2.641,0.576
gaia,930,1',skycell,3,4,4,0.059,0.034
gaia,424,"10""",skycell,1,1,5,0.026,0.035
gaia,424,"10""",q3c,1,1,301,2.819,0.599
gaia,424,"10""",pgsphere,1,1,7,0.084,0.076
gaia,424,"10""",skycell-rw,1,1,5,0.053,0.025
gaia,142,"1""",skycell-rw,1,1,4,0.034,0.025
gaia,142,"1""",pgsphere,1,1,6,0.016,0.034
gaia,142,"1""",q3c,1,1,301,2.656,0.567
gaia,142,"1""",skycell,1,1,4,0.057,0.064
gaia,1233,6',q3c,1,1,301,2.87,0.517
gaia,1233,6',skycell-rw,1,1,5,0.075,0.035
gaia,1233,6',pgsphere,8,1,6,0.024,0.04
gaia,1233,6',skycell,1,1,5,0.022,0.013
gaia,497,"10""",skycell-rw,1,0,3,0.035,0.024
gaia,497,"10""",skycell,1,0,3,0.017,0.007
gaia,497,"10""",pgsphere,1,0,5,0.016,0.028
gaia,497,"10""",q3c,1,0,300,2.769,0.523
gaia,1367,30',skycell,35,39,22,0.062,0.073
gaia,1367,30',pgsphere,190,39,12,0.034,0.068
gaia,1367,30',skycell-rw,38,39,15,0.062,0.72
gaia,1367,30',q3c,57,39,302,2.762,0.585
gaia,112,"1""",q3c,1,1,301,2.536,0.563
gaia,112,"1""",pgsphere,1,1,6,0.052,0.075
gaia,112,"1""",skycell-rw,1,1,7,0.069,0.042
gaia,112,"1""",skycell,1,1,7,0.024,0.012
gaia,481,"10""",q3c,1,0,300,2.423,0.543
gaia,481,"10""",pgsphere,1,0,5,0.051,0.034
gaia,481,"10""",skycell-rw,1,0,7,0.096,0.031
gaia,481,"10""",skycell,1,0,7,0.028,0.012
gaia,613,"10""",skycell,1,0,4,0.016,0.02
gaia,613,"10""",q3c,1,0,300,2.706,0.582
gaia,613,"10""",pgsphere,1,0,4,0.08,0.036
gaia,613,"10""",skycell-rw,1,0,4,0.051,0.031
gaia,951,1',skycell-rw,1,0,6,0.045,0.02
gaia,951,1',skycell,1,0,6,0.018,0.008
gaia,951,1',q3c,1,0,300,2.815,0.596
gaia,951,1',pgsphere,1,0,6,0.052,0.042
gaia,702,"10""",skycell-rw,1,1,4,0.051,0.024
gaia,702,"10""",pgsphere,1,1,6,0.016,0.041
gaia,702,"10""",skycell,1,1,4,0.02,0.01
gaia,702,"10""",q3c,1,1,301,2.536,0.571
gaia,77,"1""",skycell,1,0,3,0.057,0.022
gaia,77,"1""",skycell-rw,1,0,3,0.054,0.011
gaia,77,"1""",pgsphere,1,0,4,0.019,0.023
gaia,77,"1""",q3c,1,0,300,2.525,0.52
gaia,343,"1""",skycell-rw,1,0,3,0.078,0.036
gaia,343,"1""",pgsphere,1,0,3,0.022,0.022
gaia,343,"1""",q3c,1,0,300,2.833,0.558
gaia,343,"1""",skycell,1,0,3,0.062,0.027
gaia,724,"10""",q3c,1,1,301,2.869,0.537
gaia,724,"10""",skycell,1,1,4,0.06,0.042
gaia,724,"10""",pgsphere,1,1,8,0.028,0.044
gaia,724,"10""",skycell-rw,1,1,4,0.05,0.017
gaia,164,"1""",skycell-rw,1,1,4,0.028,0.017
gaia,164,"1""",skycell,1,1,4,0.017,0.009
gaia,164,"1""",q3c,1,1,301,4.643,0.55
gaia,164,"1""",pgsphere,1,1,7,0.053,0.053
gaia,428,"10""",skycell,1,1,7,0.036,0.026
gaia,428,"10""",pgsphere,1,1,6,0.083,0.627
gaia,428,"10""",q3c,1,1,301,3.785,1.257
gaia,428,"10""",skycell-rw,1,1,7,0.731,0.045
gaia,1168,6',pgsphere,8,5,10,0.029,0.054
gaia,1168,6',skycell-rw,7,5,4,0.045,0.026
gaia,1168,6',q3c,8,5,301,3.757,1.254
gaia,1168,6',skycell,7,5,4,0.066,0.041
gaia,1227,6',skycell,20,12,9,0.028,0.034
gaia,1227,6',skycell-rw,20,12,5,0.039,0.029
gaia,1227,6',pgsphere,8,12,17,0.035,0.106
gaia,1227,6',q3c,8,12,303,4.253,1.255
gaia,130,"1""",q3c,1,1,301,4.736,1.469
gaia,130,"1""",pgsphere,1,1,5,0.058,0.081
gaia,130,"1""",skycell,1,1,4,0.056,0.031
gaia,130,"1""",skycell-rw,1,1,4,0.043,0.011
gaia,183,"1""",skycell-rw,1,0,3,0.028,0.013
gaia,183,"1""",skycell,1,0,3,0.062,0.024
gaia,183,"1""",pgsphere,1,0,6,0.033,0.038
gaia,183,"1""",q3c,1,0,300,4.487,1.221
gaia,377,"1""",q3c,1,0,300,4.462,1.396
gaia,377,"1""",skycell,1,0,3,0.065,0.029
gaia,377,"1""",pgsphere,1,0,4,0.029,0.03
gaia,377,"1""",skycell-rw,1,0,3,0.035,0.009
gaia,1338,30',pgsphere,190,3304,302,0.041,1.997
gaia,1338,30',skycell,2829,3304,128,0.695,1.502
gaia,1338,30',skycell-rw,2830,3304,91,0.175,1.365
gaia,1338,30',q3c,958,3304,361,4.967,2.014
gaia,1062,1',skycell,1,1,4,0.064,0.039
gaia,1062,1',q3c,1,1,301,4.637,0.648
gaia,1062,1',skycell-rw,1,1,4,0.16,0.04
gaia,1062,1',pgsphere,1,1,7,0.034,0.051
gaia,81,"1""",skycell-rw,1,0,6,0.767,0.047
gaia,81,"1""",skycell,1,0,6,0.04,0.011
gaia,81,"1""",q3c,1,0,300,5.091,1.352
gaia,81,"1""",pgsphere,1,0,6,0.057,0.05
gaia,931,1',skycell,1,0,4,0.037,0.636
gaia,931,1',q3c,1,0,300,4.65,0.608
gaia,931,1',skycell-rw,1,0,4,0.102,0.033
gaia,931,1',pgsphere,1,0,4,0.029,0.032
gaia,272,"1""",pgsphere,1,1,5,0.034,0.037
gaia,272,"1""",skycell,1,1,4,0.03,0.03
gaia,272,"1""",q3c,1,1,301,4.595,1.201
gaia,272,"1""",skycell-rw,1,1,4,0.105,0.034
gaia,219,"1""",skycell-rw,1,0,3,0.047,0.03
gaia,219,"1""",pgsphere,1,0,8,0.03,0.057
gaia,219,"1""",q3c,1,0,300,4.896,0.579
gaia,219,"1""",skycell,1,0,3,0.063,0.027
gaia,1021,1',pgsphere,1,0,7,0.039,0.046
gaia,1021,1',q3c,1,0,300,4.243,0.611
gaia,1021,1',skycell-rw,1,0,5,0.085,0.04
gaia,1021,1',skycell,1,0,5,0.027,0.011
gaia,669,"10""",q3c,1,0,300,2.753,0.553
gaia,669,"10""",skycell-rw,1,0,3,0.08,0.027
gaia,669,"10""",pgsphere,1,0,5,0.034,0.038
gaia,669,"10""",skycell,1,0,3,0.024,0.01
gaia,590,"10""",skycell-rw,1,1,4,0.066,0.023
gaia,590,"10""",q3c,1,1,301,2.494,0.601
gaia,590,"10""",pgsphere,1,1,5,0.063,0.046
gaia,590,"10""",skycell,1,1,4,0.034,0.024
gaia,1198,6',skycell-rw,47,36,17,0.08,0.08
gaia,1198,6',pgsphere,8,36,13,0.019,0.053
gaia,1198,6',q3c,13,36,303,2.846,0.588
gaia,1198,6',skycell,46,36,17,0.064,0.064
gaia,1031,1',skycell-rw,1,0,4,0.046,0.02
gaia,1031,1',q3c,1,0,300,3.291,0.623
gaia,1031,1',skycell,1,0,4,0.057,0.032
gaia,1031,1',pgsphere,1,0,3,0.033,0.027
gaia,745,"10""",q3c,1,0,300,2.35,0.549
gaia,745,"10""",skycell-rw,1,0,6,0.09,0.029
gaia,745,"10""",skycell,1,0,6,0.034,0.012
gaia,745,"10""",pgsphere,1,0,4,0.022,0.025
gaia,92,"1""",q3c,1,1,301,2.506,0.569
gaia,92,"1""",pgsphere,1,1,7,0.053,0.062
gaia,92,"1""",skycell,1,1,4,0.049,0.023
gaia,92,"1""",skycell-rw,1,1,4,0.033,0.01
gaia,1161,6',pgsphere,8,0,6,0.018,0.035
gaia,1161,6',q3c,1,0,301,2.856,0.557
gaia,1161,6',skycell,1,0,4,0.072,0.032
gaia,1161,6',skycell-rw,1,0,4,0.042,0.013
gaia,773,"10""",q3c,1,0,300,2.393,0.523
gaia,773,"10""",skycell-rw,1,0,3,0.105,0.027
gaia,773,"10""",pgsphere,1,0,3,0.029,0.024
gaia,773,"10""",skycell,1,0,3,0.023,0.009
gaia,752,"10""",skycell,1,1,4,0.016,0.028
gaia,752,"10""",q3c,1,1,301,2.68,0.556
gaia,752,"10""",skycell-rw,1,1,4,0.074,0.03
gaia,752,"10""",pgsphere,1,1,5,0.024,0.028
gaia,317,"1""",pgsphere,1,0,4,0.015,0.031
gaia,317,"1""",skycell,1,0,3,0.023,0.015
gaia,317,"1""",skycell-rw,1,0,3,0.027,0.007
gaia,317,"1""",q3c,1,0,300,2.577,0.543
gaia,1274,6',q3c,16,49,304,2.56,0.651
gaia,1274,6',skycell-rw,39,49,12,0.09,0.09
gaia,1274,6',skycell,39,49,19,0.038,0.039
gaia,1274,6',pgsphere,8,49,17,0.022,0.07
gaia,548,"10""",skycell,1,1,4,0.024,0.018
gaia,548,"10""",skycell-rw,1,1,4,0.031,0.009
gaia,548,"10""",pgsphere,1,1,7,0.016,0.035
gaia,548,"10""",q3c,1,1,301,2.445,0.502
gaia,1151,6',pgsphere,8,3,9,0.051,0.095
gaia,1151,6',skycell-rw,3,3,8,0.067,0.042
gaia,1151,6',skycell,3,3,8,0.022,0.028
gaia,1151,6',q3c,1,3,301,2.683,0.537
gaia,533,"10""",skycell,1,0,3,0.056,0.032
gaia,533,"10""",q3c,1,0,300,2.791,0.529
gaia,533,"10""",pgsphere,1,0,6,0.052,0.046
gaia,533,"10""",skycell-rw,1,0,3,0.055,0.019
gaia,1159,6',pgsphere,8,2,6,0.017,0.038
gaia,1159,6',skycell,1,2,4,0.02,0.019
gaia,1159,6',q3c,3,2,301,3.223,0.541
gaia,1159,6',skycell-rw,1,2,4,0.073,0.031
gaia,361,"1""",pgsphere,1,0,4,0.03,0.028
gaia,361,"1""",skycell,1,0,3,0.024,0.014
gaia,361,"1""",skycell-rw,1,0,3,0.032,0.008
gaia,361,"1""",q3c,1,0,300,2.535,0.541
gaia,801,1',skycell,1,0,4,0.056,0.042
gaia,801,1',q3c,1,0,300,2.55,0.507
gaia,801,1',skycell-rw,1,0,4,0.074,0.03
gaia,801,1',pgsphere,1,0,5,0.031,0.031
gaia,1414,1deg,skycell-rw,1640,1965,56,0.115,0.796
gaia,1414,1deg,skycell,1653,1965,83,0.09,0.492
gaia,1414,1deg,q3c,1351,1965,340,2.653,0.968
gaia,1414,1deg,pgsphere,762,1965,202,0.05,0.709
gaia,402,"10""",q3c,1,1,301,2.778,0.65
gaia,402,"10""",pgsphere,1,1,8,0.051,0.08
gaia,402,"10""",skycell,1,1,4,0.041,0.025
gaia,402,"10""",skycell-rw,1,1,4,0.034,0.009
gaia,261,"1""",q3c,1,0,300,3.162,0.628
gaia,261,"1""",skycell,1,0,6,0.058,0.027
gaia,261,"1""",skycell-rw,1,0,6,0.051,0.014
gaia,261,"1""",pgsphere,1,0,4,0.021,0.027
gaia,1016,1',pgsphere,1,2,7,0.014,0.057
gaia,1016,1',skycell,1,2,4,0.022,0.02
gaia,1016,1',skycell-rw,1,2,4,0.028,0.01
gaia,1016,1',q3c,1,2,301,2.506,0.668
gaia,501,"10""",pgsphere,1,0,4,0.049,0.029
gaia,501,"10""",q3c,1,0,300,2.614,0.561
gaia,501,"10""",skycell,1,0,3,0.057,0.039
gaia,501,"10""",skycell-rw,1,0,3,0.041,0.009
gaia,933,1',q3c,1,0,300,2.575,0.619
gaia,933,1',skycell,1,0,4,0.057,0.039
gaia,933,1',pgsphere,1,0,7,0.032,0.037
gaia,933,1',skycell-rw,1,0,4,0.034,0.011
gaia,269,"1""",pgsphere,1,0,5,0.014,0.02
gaia,269,"1""",skycell-rw,1,0,3,0.032,0.012
gaia,269,"1""",skycell,1,0,3,0.016,0.007
gaia,269,"1""",q3c,1,0,300,2.419,0.538
gaia,825,1',pgsphere,1,1,6,0.051,0.051
gaia,825,1',skycell-rw,1,1,4,0.047,0.021
gaia,825,1',q3c,1,1,301,2.858,0.541
gaia,825,1',skycell,1,1,4,0.056,0.031
gaia,881,1',skycell,1,0,4,0.024,0.016
gaia,881,1',pgsphere,1,0,4,0.022,0.028
gaia,881,1',q3c,1,0,300,2.488,0.544
gaia,881,1',skycell-rw,1,0,4,0.071,0.027
gaia,499,"10""",skycell-rw,1,0,3,0.047,0.017
gaia,499,"10""",pgsphere,1,0,4,0.019,0.024
gaia,499,"10""",skycell,1,0,3,0.019,0.008
gaia,499,"10""",q3c,1,0,300,2.291,0.6
gaia,332,"1""",pgsphere,1,1,5,0.06,0.048
gaia,332,"1""",q3c,1,1,301,2.609,0.544
gaia,332,"1""",skycell,1,1,4,0.058,0.032
gaia,332,"1""",skycell-rw,1,1,4,0.04,0.016
gaia,32,"1""",pgsphere,1,1,5,0.02,0.03
gaia,32,"1""",skycell-rw,1,1,4,0.028,0.016
gaia,32,"1""",q3c,1,1,301,2.647,0.539
gaia,32,"1""",skycell,1,1,4,0.06,0.034
gaia,1188,6',pgsphere,8,2,7,0.028,0.038
gaia,1188,6',skycell-rw,2,2,5,0.036,0.523
gaia,1188,6',skycell,2,2,4,0.066,0.028
gaia,1188,6',q3c,4,2,301,2.774,0.539
gaia,588,"10""",skycell-rw,1,1,4,0.076,0.03
gaia,588,"10""",pgsphere,1,1,10,0.022,0.049
gaia,588,"10""",skycell,1,1,4,0.022,0.011
gaia,588,"10""",q3c,1,1,301,2.816,0.573
gaia,751,"10""",q3c,1,0,300,2.62,0.585
gaia,751,"10""",skycell-rw,1,0,3,0.075,0.026
gaia,751,"10""",pgsphere,1,0,4,0.036,0.026
gaia,751,"10""",skycell,1,0,3,0.022,0.009
gaia,348,"1""",skycell,1,1,4,0.02,0.018
gaia,348,"1""",q3c,1,1,301,2.584,0.534
gaia,348,"1""",pgsphere,1,1,5,0.085,0.042
gaia,348,"1""",skycell-rw,1,1,4,0.059,0.024
gaia,650,"10""",pgsphere,1,1,6,0.021,0.05
gaia,650,"10""",skycell-rw,1,1,4,0.032,0.025
gaia,650,"10""",q3c,1,1,301,2.158,0.495
gaia,650,"10""",skycell,1,1,4,0.055,0.029
gaia,769,"10""",pgsphere,1,0,11,0.026,0.058
gaia,769,"10""",skycell,1,0,3,0.019,0.013
gaia,769,"10""",q3c,1,0,300,2.489,0.542
gaia,769,"10""",skycell-rw,1,0,3,0.082,0.025
gaia,335,"1""",q3c,1,0,300,2.487,0.525
gaia,335,"1""",skycell,1,0,3,0.057,0.024
gaia,335,"1""",skycell-rw,1,0,3,0.047,0.012
gaia,335,"1""",pgsphere,1,0,6,0.018,0.035
gaia,133,"1""",pgsphere,1,0,4,0.013,0.032
gaia,133,"1""",skycell-rw,1,0,3,0.027,0.013
gaia,133,"1""",skycell,1,0,3,0.015,0.007
gaia,133,"1""",q3c,1,0,300,2.272,0.543
gaia,27,"1""",skycell,1,0,3,0.056,0.023
gaia,27,"1""",pgsphere,1,0,4,0.024,0.024
gaia,27,"1""",skycell-rw,1,0,3,0.033,0.009
gaia,27,"1""",q3c,1,0,300,2.448,0.579
gaia,391,"1""",skycell-rw,1,0,3,0.07,0.054
gaia,391,"1""",skycell,1,0,3,0.032,0.01
gaia,391,"1""",q3c,1,0,300,2.548,0.514
gaia,391,"1""",pgsphere,1,0,4,0.051,0.033
gaia,365,"1""",skycell-rw,1,0,3,0.053,0.023
gaia,365,"1""",pgsphere,1,0,4,0.02,0.025
gaia,365,"1""",q3c,1,0,300,2.533,0.586
gaia,365,"1""",skycell,1,0,3,0.058,0.024
gaia,893,1',skycell,1,0,4,0.034,0.031
gaia,893,1',pgsphere,1,0,5,0.024,0.032
gaia,893,1',q3c,1,0,300,2.383,0.515
gaia,893,1',skycell-rw,1,0,4,0.074,0.03
gaia,919,1',skycell-rw,1,0,4,0.036,0.03
gaia,919,1',pgsphere,1,0,6,0.018,0.031
gaia,919,1',q3c,1,0,300,2.178,0.559
gaia,919,1',skycell,1,0,4,0.086,0.031
gaia,1044,1',skycell,1,2,4,0.024,0.022
gaia,1044,1',skycell-rw,1,2,4,0.033,0.012
gaia,1044,1',q3c,1,2,301,2.488,0.497
gaia,1044,1',pgsphere,1,2,7,0.049,0.051
gaia,423,"10""",q3c,1,0,300,2.567,0.587
gaia,423,"10""",skycell,1,0,6,0.059,0.028
gaia,423,"10""",skycell-rw,1,0,6,0.053,0.016
gaia,423,"10""",pgsphere,1,0,6,0.018,0.037
gaia,376,"1""",skycell,1,1,4,0.019,0.028
gaia,376,"1""",q3c,1,1,301,2.531,0.586
gaia,376,"1""",skycell-rw,1,1,4,0.074,0.029
gaia,376,"1""",pgsphere,1,1,7,0.025,0.04
gaia,1150,6',skycell,65,60,18,0.042,0.067
gaia,1150,6',q3c,13,60,305,2.07,0.553
gaia,1150,6',skycell-rw,65,60,14,0.099,0.08
gaia,1150,6',pgsphere,8,60,13,0.033,0.071
gaia,1383,30',pgsphere,190,26,14,0.017,0.08
gaia,1383,30',q3c,23,26,304,2.275,0.58
gaia,1383,30',skycell-rw,24,26,6,0.078,0.054
gaia,1383,30',skycell,24,26,9,0.03,0.02
gaia,1134,6',skycell,5,3,8,0.017,0.019
gaia,1134,6',pgsphere,8,3,6,0.02,0.033
gaia,1134,6',skycell-rw,5,3,4,0.028,0.017
gaia,1134,6',q3c,3,3,302,2.405,0.534
gaia,855,1',skycell,1,0,4,0.056,0.036
gaia,855,1',q3c,1,0,301,2.297,0.493
gaia,855,1',skycell-rw,1,0,4,0.075,0.03
gaia,855,1',pgsphere,1,0,8,0.021,0.047
gaia,1314,30',pgsphere,190,59,15,0.013,0.074
gaia,1314,30',skycell,46,59,15,0.03,0.068
gaia,1314,30',skycell-rw,46,59,11,0.037,0.374
gaia,1314,30',q3c,32,59,302,2.387,0.577
gaia,962,1',skycell-rw,2,1,5,0.077,0.048
gaia,962,1',pgsphere,1,1,6,0.022,0.032
gaia,962,1',q3c,1,1,301,2.326,0.526
gaia,962,1',skycell,2,1,9,0.06,0.036
gaia,455,"10""",skycell-rw,1,0,4,0.041,0.016
gaia,455,"10""",pgsphere,1,0,5,0.017,0.028
gaia,455,"10""",q3c,1,0,300,2.263,0.531
gaia,455,"10""",skycell,1,0,4,0.059,0.029
gaia,1328,30',pgsphere,190,690,78,0.027,0.334
gaia,1328,30',skycell-rw,672,690,29,0.078,0.772
gaia,1328,30',q3c,316,690,317,2.474,0.743
gaia,1328,30',skycell,713,690,43,0.088,0.184
gaia,91,"1""",q3c,1,0,300,2.545,0.567
gaia,91,"1""",skycell,1,0,6,0.056,0.025
gaia,91,"1""",pgsphere,1,0,4,0.036,0.029
gaia,91,"1""",skycell-rw,1,0,6,0.059,0.02
gaia,1366,30',pgsphere,190,4006,326,0.017,1.128
gaia,1366,30',q3c,1280,4006,368,2.291,1.375
gaia,1366,30',skycell,4018,4006,132,0.1,0.805
gaia,1366,30',skycell-rw,3998,4006,107,0.141,0.671
gaia,1197,6',pgsphere,8,0,5,0.036,0.034
gaia,1197,6',q3c,1,0,300,2.398,0.503
gaia,1197,6',skycell,1,0,4,0.057,0.031
gaia,1197,6',skycell-rw,1,0,4,0.037,0.024
gaia,76,"1""",skycell,1,1,4,0.019,0.016
gaia,76,"1""",pgsphere,1,1,11,0.022,0.062
gaia,76,"1""",skycell-rw,1,1,4,0.029,0.009
gaia,76,"1""",q3c,1,1,301,2.495,0.558
gaia,1260,6',skycell,104,158,16,0.067,0.12
gaia,1260,6',skycell-rw,105,158,13,0.068,0.076
gaia,1260,6',q3c,87,158,307,2.613,0.619
gaia,1260,6',pgsphere,8,158,30,0.081,0.125
gaia,1166,6',skycell,43,33,19,0.044,0.047
gaia,1166,6',skycell-rw,43,33,8,0.038,0.045
gaia,1166,6',pgsphere,8,33,12,0.03,0.046
gaia,1166,6',q3c,4,33,303,2.709,0.586
gaia,593,"10""",skycell,1,0,3,0.061,0.024
gaia,593,"10""",pgsphere,1,0,8,0.024,0.048
gaia,593,"10""",skycell-rw,1,0,3,0.03,0.007
gaia,593,"10""",q3c,1,0,300,2.424,0.522
gaia,1045,1',skycell,1,0,3,0.055,0.021
gaia,1045,1',q3c,1,0,300,2.541,0.541
gaia,1045,1',pgsphere,1,0,4,0.051,0.032
gaia,1045,1',skycell-rw,1,0,3,0.046,0.016
gaia,1298,6',skycell,1,1,4,0.021,0.028
gaia,1298,6',pgsphere,8,1,6,0.016,0.041
gaia,1298,6',skycell-rw,1,1,4,0.082,0.018
gaia,1298,6',q3c,1,1,301,2.478,0.546
gaia,126,"1""",q3c,1,1,301,2.408,0.578
gaia,126,"1""",skycell,1,1,4,0.059,0.028
gaia,126,"1""",skycell-rw,1,1,4,0.073,0.012
gaia,126,"1""",pgsphere,1,1,5,0.019,0.029
gaia,1137,6',skycell,1,3,8,0.023,0.034
gaia,1137,6',skycell-rw,1,3,8,0.043,0.02
gaia,1137,6',pgsphere,8,3,7,0.016,0.036
gaia,1137,6',q3c,1,3,301,2.69,0.525
gaia,1189,6',skycell,9,4,5,0.063,0.046
gaia,1189,6',pgsphere,8,4,9,0.03,0.05
gaia,1189,6',skycell-rw,9,4,5,0.077,0.019
gaia,1189,6',q3c,3,4,302,2.631,0.54
gaia,238,"1""",skycell-rw,1,1,4,0.08,0.029
gaia,238,"1""",pgsphere,1,1,6,0.022,0.033
gaia,238,"1""",q3c,1,1,301,2.315,0.605
gaia,238,"1""",skycell,1,1,4,0.087,0.08
gaia,329,"1""",q3c,1,0,300,2.3,0.609
gaia,329,"1""",skycell-rw,1,0,3,0.084,0.026
gaia,329,"1""",skycell,1,0,3,0.064,0.012
gaia,329,"1""",pgsphere,1,0,4,0.021,0.025
gaia,293,"1""",skycell,1,0,6,0.018,0.012
gaia,293,"1""",pgsphere,1,0,6,0.013,0.026
gaia,293,"1""",q3c,1,0,300,2.595,0.57
gaia,293,"1""",skycell-rw,1,0,6,0.087,0.03
gaia,1450,3deg,q3c,1518,1614,336,2.699,0.939
gaia,1450,3deg,pgsphere,6853,1614,74,0.052,0.548
gaia,1450,3deg,skycell,2764,1614,84,0.107,0.357
gaia,1450,3deg,skycell-rw,2773,1614,75,0.147,0.997
gaia,438,"10""",pgsphere,1,1,7,0.051,0.055
gaia,438,"10""",q3c,1,1,301,2.608,0.546
gaia,438,"10""",skycell-rw,1,1,4,0.076,0.041
gaia,438,"10""",skycell,1,1,4,0.028,0.011
gaia,208,"1""",q3c,1,1,301,2.646,0.625
gaia,208,"1""",pgsphere,1,1,6,0.057,0.051
gaia,208,"1""",skycell,1,1,4,0.035,0.034
gaia,208,"1""",skycell-rw,1,1,4,0.035,0.009
gaia,1408,1deg,q3c,1740,7080,433,2.702,2.153
gaia,1408,1deg,pgsphere,762,7080,856,0.052,2.119
gaia,1408,1deg,skycell-rw,5741,7080,152,0.166,1.566
gaia,1408,1deg,skycell,5830,7080,170,0.098,1.228
gaia,841,1',q3c,1,0,300,3.13,0.553
gaia,841,1',pgsphere,1,0,5,0.053,0.037
gaia,841,1',skycell,1,0,4,0.034,0.021
gaia,841,1',skycell-rw,1,0,4,0.048,0.012
gaia,396,"1""",skycell-rw,1,1,4,0.026,0.026
gaia,396,"1""",pgsphere,1,1,5,0.022,0.04
gaia,396,"1""",skycell,1,1,4,0.02,0.01
gaia,396,"1""",q3c,1,1,301,2.777,0.531
gaia,191,"1""",skycell,1,0,3,0.057,0.031
gaia,191,"1""",pgsphere,1,0,9,0.038,0.126
gaia,191,"1""",q3c,1,0,300,2.61,0.587
gaia,191,"1""",skycell-rw,1,0,3,0.075,0.024
gaia,74,"1""",pgsphere,1,1,6,0.024,0.047
gaia,74,"1""",skycell-rw,1,1,4,0.031,0.016
gaia,74,"1""",skycell,1,1,4,0.016,0.009
gaia,74,"1""",q3c,1,1,301,2.647,0.537
gaia,1247,6',pgsphere,8,0,5,0.051,0.055
gaia,1247,6',q3c,1,0,301,3.099,0.538
gaia,1247,6',skycell,1,0,9,0.06,0.037
gaia,1247,6',skycell-rw,1,0,9,0.052,0.022
gaia,36,"1""",skycell,1,1,7,0.023,0.018
gaia,36,"1""",q3c,1,1,301,2.371,0.544
gaia,36,"1""",skycell-rw,1,1,7,0.089,0.035
gaia,36,"1""",pgsphere,1,1,7,0.028,0.04
gaia,1242,6',skycell,4,2,8,0.03,0.033
gaia,1242,6',skycell-rw,4,2,8,0.041,0.022
gaia,1242,6',pgsphere,8,2,7,0.015,0.034
gaia,1242,6',q3c,5,2,301,2.704,0.576
gaia,602,"10""",skycell,1,1,4,0.059,0.028
gaia,602,"10""",q3c,1,1,301,2.779,0.568
gaia,602,"10""",pgsphere,1,1,7,0.053,0.046
gaia,602,"10""",skycell-rw,1,1,4,0.056,0.022
gaia,697,"10""",pgsphere,1,0,5,0.017,0.027
gaia,697,"10""",skycell-rw,1,0,3,0.026,0.011
gaia,697,"10""",q3c,1,0,300,3.051,0.558
gaia,697,"10""",skycell,1,0,3,0.058,0.025
gaia,1123,6',q3c,2,0,300,2.474,0.595
gaia,1123,6',skycell,1,0,4,0.07,0.031
gaia,1123,6',pgsphere,8,0,6,0.066,0.071
gaia,1123,6',skycell-rw,1,0,4,0.044,0.015
gaia,532,"10""",skycell,1,1,4,0.02,0.017
gaia,532,"10""",pgsphere,1,1,9,0.016,0.062
gaia,532,"10""",q3c,1,1,301,2.511,0.522
gaia,532,"10""",skycell-rw,1,1,4,0.075,0.028
gaia,626,"10""",skycell-rw,1,2,5,0.038,0.03
gaia,626,"10""",pgsphere,1,2,8,0.02,0.056
gaia,626,"10""",q3c,1,2,301,2.649,0.568
gaia,626,"10""",skycell,1,2,5,0.057,0.065
gaia,514,"10""",q3c,1,1,301,2.714,0.54
gaia,514,"10""",skycell-rw,1,1,4,0.074,0.03
gaia,514,"10""",pgsphere,1,1,5,0.028,0.029
gaia,514,"10""",skycell,1,1,4,0.02,0.011
gaia,1308,30',skycell,2994,4114,119,0.065,0.879
gaia,1308,30',pgsphere,190,4114,369,0.037,1.356
gaia,1308,30',skycell-rw,2884,4114,104,0.153,0.969
gaia,1308,30',q3c,2422,4114,385,2.38,1.452
gaia,784,"10""",skycell-rw,1,1,4,0.081,0.029
gaia,784,"10""",skycell,1,1,4,0.028,0.011
gaia,784,"10""",pgsphere,1,1,5,0.02,0.028
gaia,784,"10""",q3c,1,1,301,2.068,0.529
gaia,453,"10""",skycell-rw,1,0,3,0.072,0.05
gaia,453,"10""",skycell,1,0,3,0.031,0.047
gaia,453,"10""",pgsphere,1,0,5,0.023,0.048
gaia,453,"10""",q3c,1,0,300,2.585,0.534
gaia,168,"1""",q3c,1,1,301,2.579,0.646
gaia,168,"1""",skycell,1,1,4,0.059,0.031
gaia,168,"1""",skycell-rw,1,1,4,0.051,0.016
gaia,168,"1""",pgsphere,1,1,5,0.019,0.03
gaia,180,"1""",pgsphere,1,1,5,0.02,0.036
gaia,180,"1""",q3c,1,1,301,2.183,0.513
gaia,180,"1""",skycell,1,1,4,0.058,0.067
gaia,180,"1""",skycell-rw,1,1,4,0.048,0.011
gaia,284,"1""",pgsphere,1,1,7,0.019,0.037
gaia,284,"1""",skycell,1,1,4,0.017,0.016
gaia,284,"1""",q3c,1,1,301,2.456,0.526
gaia,284,"1""",skycell-rw,1,1,4,0.073,0.029
gaia,1291,6',q3c,1,0,300,2.466,0.514
gaia,1291,6',pgsphere,8,0,6,0.052,0.044
gaia,1291,6',skycell-rw,1,0,4,0.048,0.02
gaia,1291,6',skycell,1,0,4,0.017,0.008
gaia,1223,6',q3c,1,0,300,2.244,0.679
gaia,1223,6',skycell,1,0,8,0.058,0.036
gaia,1223,6',skycell-rw,1,0,8,0.052,0.019
gaia,1223,6',pgsphere,8,0,5,0.021,0.028
gaia,1230,6',skycell-rw,9,16,8,0.064,0.065
gaia,1230,6',skycell,9,16,16,0.024,0.019
gaia,1230,6',q3c,8,16,303,2.348,0.604
gaia,1230,6',pgsphere,8,16,10,0.049,0.058
gaia,996,1',q3c,1,1,301,2.321,0.554
gaia,996,1',skycell-rw,1,1,5,0.091,0.035
gaia,996,1',skycell,1,1,5,0.065,0.015
gaia,996,1',pgsphere,1,1,9,0.021,0.048
gaia,744,"10""",skycell,1,1,7,0.029,0.02
gaia,744,"10""",q3c,1,1,301,3.742,0.569
gaia,744,"10""",pgsphere,1,1,5,0.059,0.074
gaia,744,"10""",skycell-rw,1,1,7,0.077,0.038
gaia,908,1',skycell,1,1,4,0.039,0.035
gaia,908,1',q3c,1,1,301,2.622,0.65
gaia,908,1',skycell-rw,1,1,4,0.077,0.032
gaia,908,1',pgsphere,1,1,5,0.024,0.029
gaia,754,"10""",pgsphere,1,1,6,0.022,0.032
gaia,754,"10""",q3c,1,1,301,2.749,0.677
gaia,754,"10""",skycell,1,1,4,0.06,0.035
gaia,754,"10""",skycell-rw,1,1,4,0.048,0.016
gaia,704,"10""",pgsphere,1,1,8,0.037,0.046
gaia,704,"10""",skycell,1,1,4,0.03,0.02
gaia,704,"10""",skycell-rw,1,1,4,0.06,0.018
gaia,704,"10""",q3c,1,1,301,2.243,0.66
gaia,542,"10""",pgsphere,1,1,8,0.06,0.057
gaia,542,"10""",q3c,1,1,301,2.714,0.582
gaia,542,"10""",skycell,1,1,5,0.059,0.036
gaia,542,"10""",skycell-rw,1,1,5,0.044,0.014
gaia,1087,1',skycell,1,0,4,0.034,0.021
gaia,1087,1',pgsphere,1,0,4,0.024,0.022
gaia,1087,1',q3c,1,0,300,3.726,0.606
gaia,1087,1',skycell-rw,1,0,4,0.09,0.034
gaia,537,"10""",skycell,1,0,3,0.077,0.019
gaia,537,"10""",skycell-rw,1,0,3,0.034,0.009
gaia,537,"10""",q3c,1,0,300,2.462,0.626
gaia,537,"10""",pgsphere,1,0,6,0.079,0.057
gaia,737,"10""",pgsphere,1,0,7,0.036,0.039
gaia,737,"10""",skycell-rw,1,0,6,0.07,0.027
gaia,737,"10""",skycell,1,0,6,0.042,0.029
gaia,737,"10""",q3c,1,0,300,2.819,0.627
gaia,248,"1""",skycell-rw,1,1,7,0.1,0.057
gaia,248,"1""",q3c,1,1,301,2.755,0.624
gaia,248,"1""",pgsphere,1,1,6,0.055,0.046
gaia,248,"1""",skycell,1,1,7,0.048,0.063
gaia,890,1',skycell,1,1,4,0.036,0.023
gaia,890,1',q3c,1,1,301,2.923,0.584
gaia,890,1',pgsphere,1,1,5,0.094,0.046
gaia,890,1',skycell-rw,1,1,4,0.056,0.024
gaia,607,"10""",pgsphere,1,0,5,0.02,0.04
gaia,607,"10""",skycell,1,0,6,0.038,0.018
gaia,607,"10""",q3c,1,0,300,2.639,0.62
gaia,607,"10""",skycell-rw,1,0,6,0.092,0.033
gaia,664,"10""",pgsphere,1,1,8,0.036,0.076
gaia,664,"10""",skycell,1,1,7,0.085,0.029
gaia,664,"10""",skycell-rw,1,1,7,0.054,0.017
gaia,664,"10""",q3c,1,1,301,3.249,0.653
gaia,934,1',pgsphere,1,2,7,0.053,0.069
gaia,934,1',skycell-rw,3,2,5,0.067,0.036
gaia,934,1',q3c,1,2,302,2.804,0.631
gaia,934,1',skycell,3,2,8,0.062,0.042
gaia,463,"10""",skycell-rw,1,0,6,0.081,0.03
gaia,463,"10""",pgsphere,1,0,8,0.03,0.062
gaia,463,"10""",skycell,1,0,6,0.041,0.019
gaia,463,"10""",q3c,1,0,300,2.68,0.642
gaia,950,1',pgsphere,1,1,5,0.054,0.038
gaia,950,1',skycell,1,1,8,0.057,0.035
gaia,950,1',skycell-rw,1,1,8,0.06,0.023
gaia,950,1',q3c,1,1,301,3.034,0.606
gaia,654,"10""",q3c,1,1,301,2.541,0.764
gaia,654,"10""",pgsphere,1,1,5,0.063,0.046
gaia,654,"10""",skycell,1,1,5,0.047,0.031
gaia,654,"10""",skycell-rw,1,1,5,0.04,0.013
gaia,1255,6',skycell-rw,1,0,7,0.077,0.031
gaia,1255,6',q3c,1,0,301,2.78,0.671
gaia,1255,6',skycell,1,0,8,0.064,0.034
gaia,1255,6',pgsphere,8,0,6,0.037,0.038
gaia,706,"10""",q3c,1,1,301,2.953,0.623
gaia,706,"10""",pgsphere,1,1,10,0.059,0.067
gaia,706,"10""",skycell-rw,1,1,4,0.055,0.03
gaia,706,"10""",skycell,1,1,4,0.035,0.016
gaia,746,"10""",skycell-rw,1,1,4,0.035,0.02
gaia,746,"10""",skycell,1,1,4,0.017,0.009
gaia,746,"10""",q3c,1,1,301,3.041,0.598
gaia,746,"10""",pgsphere,1,1,5,0.055,0.046
gaia,1303,30',skycell-rw,14,10,11,0.098,0.086
gaia,1303,30',pgsphere,190,10,7,0.033,0.036
gaia,1303,30',skycell,13,10,16,0.03,0.027
gaia,1303,30',q3c,13,10,302,2.733,0.626
gaia,263,"1""",pgsphere,1,0,6,0.056,0.049
gaia,263,"1""",q3c,1,0,300,3.366,0.702
gaia,263,"1""",skycell,1,0,6,0.088,0.036
gaia,263,"1""",skycell-rw,1,0,6,0.084,0.028
gaia,231,"1""",q3c,1,0,300,2.586,0.683
gaia,231,"1""",skycell-rw,1,0,3,0.097,0.034
gaia,231,"1""",skycell,1,0,3,0.04,0.014
gaia,231,"1""",pgsphere,1,0,5,0.036,0.031
gaia,1288,6',q3c,13,21,303,2.976,0.676
gaia,1288,6',skycell,26,21,13,0.067,0.051
gaia,1288,6',pgsphere,8,21,9,0.079,0.065
gaia,1288,6',skycell-rw,26,21,5,0.058,0.054
gaia,983,1',q3c,1,0,301,2.881,0.657
gaia,983,1',pgsphere,1,0,6,0.054,0.049
gaia,983,1',skycell-rw,1,0,7,0.1,0.047
gaia,983,1',skycell,1,0,8,0.038,0.015
gaia,1415,1deg,skycell,3400,3537,111,0.088,0.909
gaia,1415,1deg,q3c,651,3537,367,2.874,1.582
gaia,1415,1deg,pgsphere,762,3537,338,0.055,1.217
gaia,1415,1deg,skycell-rw,3417,3537,90,0.171,0.768
gaia,871,1',pgsphere,1,0,8,0.048,0.05
gaia,871,1',skycell,1,0,4,0.046,0.024
gaia,871,1',skycell-rw,1,0,4,0.048,0.014
gaia,871,1',q3c,1,0,300,2.941,0.682
gaia,400,"1""",skycell,1,1,4,0.071,0.046
gaia,400,"1""",pgsphere,1,1,10,0.04,0.059
gaia,400,"1""",skycell-rw,1,1,4,0.107,0.026
gaia,400,"1""",q3c,1,1,301,2.445,0.67
gaia,1229,6',q3c,1,2,301,2.901,0.711
gaia,1229,6',pgsphere,8,2,8,0.056,0.056
gaia,1229,6',skycell-rw,1,2,4,0.104,0.035
gaia,1229,6',skycell,1,2,4,0.041,0.018
gaia,878,1',skycell,2,2,8,0.025,0.049
gaia,878,1',q3c,1,2,301,2.898,0.656
gaia,878,1',pgsphere,1,2,6,0.061,0.052
gaia,878,1',skycell-rw,2,2,8,0.07,0.043
gaia,285,"1""",skycell-rw,1,0,3,0.057,0.018
gaia,285,"1""",skycell,1,0,3,0.022,0.008
gaia,285,"1""",pgsphere,1,0,4,0.019,0.024
gaia,285,"1""",q3c,1,0,300,2.563,0.631
gaia,686,"10""",q3c,1,1,301,3.064,0.626
gaia,686,"10""",skycell,1,1,4,0.069,0.042
gaia,686,"10""",pgsphere,1,1,7,0.037,0.04
gaia,686,"10""",skycell-rw,1,1,4,0.044,0.015
gaia,1392,30',skycell,33,52,7,0.029,0.059
gaia,1392,30',q3c,28,52,305,2.792,0.633
gaia,1392,30',pgsphere,190,52,9,0.054,0.06
gaia,1392,30',skycell-rw,33,52,7,0.126,0.059
gaia,766,"10""",skycell,1,1,4,0.037,0.019
gaia,766,"10""",skycell-rw,1,1,4,0.031,0.02
gaia,766,"10""",pgsphere,1,1,6,0.024,0.043
gaia,766,"10""",q3c,1,1,301,2.989,0.665
gaia,1403,1deg,pgsphere,762,158,26,0.052,0.156
gaia,1403,1deg,skycell,213,158,21,0.071,0.094
gaia,1403,1deg,q3c,153,158,306,2.842,0.645
gaia,1403,1deg,skycell-rw,214,158,17,0.108,0.113
gaia,1360,30',skycell,2874,3372,115,0.1,0.828
gaia,1360,30',pgsphere,190,3372,293,0.048,1.15
gaia,1360,30',q3c,1037,3372,364,2.777,1.461
gaia,1360,30',skycell-rw,2866,3372,95,0.19,0.842
gaia,1293,6',pgsphere,8,0,4,0.052,0.048
gaia,1293,6',skycell,1,0,4,0.045,0.028
gaia,1293,6',q3c,1,0,300,2.884,0.628
gaia,1293,6',skycell-rw,1,0,4,0.078,0.031
gaia,612,"10""",skycell,1,1,4,0.048,0.026
gaia,612,"10""",skycell-rw,1,1,4,0.082,0.02
gaia,612,"10""",q3c,1,1,301,2.882,0.614
gaia,612,"10""",pgsphere,1,1,5,0.065,0.052
gaia,1063,1',q3c,1,0,300,2.967,0.623
gaia,1063,1',pgsphere,1,0,5,0.056,0.041
gaia,1063,1',skycell,1,0,3,0.039,0.023
gaia,1063,1',skycell-rw,1,0,3,0.06,0.015
gaia,1444,3deg,skycell-rw,28134,26658,482,0.312,4.879
gaia,1444,3deg,pgsphere,6853,26658,865,0.082,8.335
gaia,1444,3deg,skycell,28257,26658,485,0.142,4.919
gaia,1444,3deg,q3c,8417,26658,693,2.502,5.831
gaia,1256,6',skycell,5,4,5,0.067,0.051
gaia,1256,6',q3c,2,4,301,2.554,0.728
gaia,1256,6',pgsphere,8,4,10,0.07,0.12
gaia,1256,6',skycell-rw,5,4,5,0.088,0.047
gaia,14,"1""",pgsphere,1,1,6,0.049,0.047
gaia,14,"1""",skycell,1,1,4,0.042,0.055
gaia,14,"1""",q3c,1,1,301,2.767,0.638
gaia,14,"1""",skycell-rw,1,1,4,0.079,0.03
gaia,119,"1""",q3c,1,0,300,2.881,0.628
gaia,119,"1""",skycell,1,0,3,0.065,0.028
gaia,119,"1""",skycell-rw,1,0,3,0.068,0.021
gaia,119,"1""",pgsphere,1,0,4,0.029,0.027
gaia,942,1',skycell,1,1,4,0.027,0.023
gaia,942,1',q3c,1,1,301,2.662,0.653
gaia,942,1',pgsphere,1,1,7,0.055,0.078
gaia,942,1',skycell-rw,1,1,4,0.056,0.024
gaia,725,"10""",q3c,1,0,300,2.864,0.651
gaia,725,"10""",skycell,1,0,3,0.062,0.028
gaia,725,"10""",skycell-rw,1,0,3,0.094,0.017
gaia,725,"10""",pgsphere,1,0,5,0.03,0.04
gaia,61,"1""",skycell,1,0,3,0.034,0.017
gaia,61,"1""",skycell-rw,1,0,3,0.035,0.008
gaia,61,"1""",q3c,1,0,300,2.725,0.66
gaia,61,"1""",pgsphere,1,0,4,0.055,0.048
gaia,1451,3deg,skycell,496,460,18,0.088,0.166
gaia,1451,3deg,q3c,173,460,315,2.755,0.796
gaia,1451,3deg,pgsphere,6853,460,30,0.053,0.296
gaia,1451,3deg,skycell-rw,512,460,31,0.122,1.211
gaia,1363,30',pgsphere,190,329,90,0.051,0.336
gaia,1363,30',skycell-rw,845,329,33,0.122,0.561
gaia,1363,30',q3c,870,329,309,2.942,0.899
gaia,1363,30',skycell,845,329,45,0.113,0.152
gaia,218,"1""",pgsphere,1,1,6,0.041,0.106
gaia,218,"1""",skycell-rw,1,1,4,0.058,0.023
gaia,218,"1""",q3c,1,1,301,2.835,0.665
gaia,218,"1""",skycell,1,1,4,0.061,0.034
gaia,1336,30',skycell-rw,401,151,24,0.108,0.627
gaia,1336,30',skycell,410,151,38,0.103,0.081
gaia,1336,30',q3c,70,151,304,2.776,0.708
gaia,1336,30',pgsphere,190,151,28,0.064,0.211
gaia,87,"1""",q3c,1,0,300,2.83,0.617
gaia,87,"1""",pgsphere,1,0,4,0.057,0.082
gaia,87,"1""",skycell-rw,1,0,3,0.071,0.024
gaia,87,"1""",skycell,1,0,3,0.028,0.011
gaia,192,"1""",skycell-rw,1,1,4,0.068,0.026
gaia,192,"1""",q3c,1,1,301,2.547,0.711
gaia,192,"1""",skycell,1,1,4,0.062,0.032
gaia,192,"1""",pgsphere,1,1,5,0.076,0.046
gaia,944,1',pgsphere,1,2,6,0.029,0.033
gaia,944,1',skycell,1,2,4,0.03,0.029
gaia,944,1',skycell-rw,1,2,4,0.038,0.02
gaia,944,1',q3c,1,2,302,2.603,0.722
gaia,1104,6',pgsphere,8,1,7,0.053,0.05
gaia,1104,6',skycell,1,1,4,0.073,0.033
gaia,1104,6',q3c,1,1,301,2.458,0.645
gaia,1104,6',skycell-rw,1,1,4,0.122,0.041
gaia,545,"10""",skycell,1,0,4,0.042,0.02
gaia,545,"10""",skycell-rw,1,0,4,0.049,0.01
gaia,545,"10""",q3c,1,0,300,2.82,0.63
gaia,545,"10""",pgsphere,1,0,6,0.06,0.061
gaia,670,"10""",pgsphere,1,1,6,0.042,0.035
gaia,670,"10""",q3c,1,1,301,2.879,0.623
gaia,670,"10""",skycell,1,1,7,0.063,0.036
gaia,670,"10""",skycell-rw,1,1,7,0.092,0.029
gaia,1050,1',skycell,1,3,8,0.032,0.105
gaia,1050,1',q3c,1,3,302,3.527,0.701
gaia,1050,1',pgsphere,1,3,7,0.058,0.053
gaia,1050,1',skycell-rw,1,3,8,0.07,0.043
gaia,902,1',skycell-rw,1,1,4,0.088,0.03
gaia,902,1',q3c,1,1,301,3.023,0.622
gaia,902,1',skycell,1,1,4,0.105,0.038
gaia,902,1',pgsphere,1,1,7,0.038,0.042
gaia,1243,6',pgsphere,8,3,9,0.018,0.075
gaia,1243,6',skycell,3,3,5,0.038,0.033
gaia,1243,6',skycell-rw,3,3,5,0.066,0.052
gaia,1243,6',q3c,7,3,301,2.716,0.66
gaia,535,"10""",q3c,1,0,300,2.857,0.666
gaia,535,"10""",skycell,1,0,3,0.072,0.029
gaia,535,"10""",skycell-rw,1,0,3,0.06,0.013
gaia,535,"10""",pgsphere,1,0,3,0.022,0.023
gaia,809,1',skycell,1,1,4,0.025,0.077
gaia,809,1',pgsphere,1,1,11,0.034,0.074
gaia,809,1',q3c,1,1,301,2.701,0.577
gaia,809,1',skycell-rw,1,1,4,0.079,0.031
gaia,486,"10""",q3c,1,1,301,2.943,0.873
gaia,486,"10""",pgsphere,1,1,6,0.058,0.084
gaia,486,"10""",skycell,1,1,4,0.054,0.03
gaia,486,"10""",skycell-rw,1,1,4,0.04,0.012
gaia,147,"1""",pgsphere,1,0,4,0.048,0.033
gaia,147,"1""",q3c,1,0,300,2.727,0.72
gaia,147,"1""",skycell,1,0,3,0.105,0.031
gaia,147,"1""",skycell-rw,1,0,3,0.062,0.015
gaia,166,"1""",q3c,1,1,301,2.838,0.657
gaia,166,"1""",skycell,1,1,4,0.061,0.033
gaia,166,"1""",pgsphere,1,1,5,0.073,0.045
gaia,166,"1""",skycell-rw,1,1,4,0.055,0.019
gaia,446,"10""",skycell-rw,1,1,7,0.051,0.073
gaia,446,"10""",q3c,1,1,302,2.572,0.697
gaia,446,"10""",skycell,1,1,7,0.063,0.036
gaia,446,"10""",pgsphere,1,1,6,0.04,0.101
gaia,371,"1""",skycell-rw,1,0,3,0.056,0.02
gaia,371,"1""",pgsphere,1,0,4,0.025,0.027
gaia,371,"1""",skycell,1,0,3,0.032,0.013
gaia,371,"1""",q3c,1,0,300,2.869,0.666
gaia,1009,1',q3c,1,0,300,2.916,0.741
gaia,1009,1',skycell,1,0,5,0.137,0.04
gaia,1009,1',pgsphere,1,0,5,0.04,0.047
gaia,1009,1',skycell-rw,1,0,5,0.087,0.03
gaia,840,1',q3c,1,2,302,3.146,0.882
gaia,840,1',skycell-rw,1,2,4,0.119,0.054
gaia,840,1',pgsphere,1,2,5,0.043,0.038
gaia,840,1',skycell,1,2,4,0.033,0.018
gaia,810,1',skycell,2,4,4,0.022,0.022
gaia,810,1',pgsphere,1,4,5,0.027,0.043
gaia,810,1',skycell-rw,2,4,4,0.057,0.024
gaia,810,1',q3c,1,4,301,2.761,0.636
gaia,956,1',skycell,6,6,11,0.066,0.074
gaia,956,1',q3c,2,6,301,2.782,0.69
gaia,956,1',skycell-rw,6,6,11,0.101,0.063
gaia,956,1',pgsphere,1,6,7,0.041,0.046
gaia,29,"1""",q3c,1,0,300,2.719,0.612
gaia,29,"1""",skycell,1,0,3,0.061,0.027
gaia,29,"1""",skycell-rw,1,0,3,0.047,0.011
gaia,29,"1""",pgsphere,1,0,5,0.031,0.044
gaia,1072,1',q3c,1,5,301,2.761,0.657
gaia,1072,1',pgsphere,1,5,6,0.054,0.048
gaia,1072,1',skycell-rw,3,5,5,0.073,0.042
gaia,1072,1',skycell,3,5,8,0.033,0.018
gaia,216,"1""",skycell,1,1,4,0.02,0.027
gaia,216,"1""",pgsphere,1,1,5,0.032,0.034
gaia,216,"1""",q3c,1,1,301,2.975,0.627
gaia,216,"1""",skycell-rw,1,1,4,0.1,0.04
gaia,193,"1""",skycell-rw,1,0,6,0.09,0.05
gaia,193,"1""",pgsphere,1,0,5,0.035,0.054
gaia,193,"1""",skycell,1,0,6,0.038,0.014
gaia,193,"1""",q3c,1,0,300,2.858,0.641
gaia,1026,1',pgsphere,1,2,6,0.062,0.067
gaia,1026,1',skycell-rw,1,2,4,0.054,0.118
gaia,1026,1',q3c,1,2,301,2.605,0.658
gaia,1026,1',skycell,1,2,4,0.062,0.034
gaia,314,"1""",q3c,1,1,301,2.749,0.615
gaia,314,"1""",pgsphere,1,1,6,0.056,0.047
gaia,314,"1""",skycell,1,1,4,0.048,0.028
gaia,314,"1""",skycell-rw,1,1,4,0.039,0.047
gaia,990,1',skycell,1,1,4,0.033,0.024
gaia,990,1',pgsphere,1,1,6,0.029,0.041
gaia,990,1',skycell-rw,1,1,4,0.048,0.019
gaia,990,1',q3c,1,1,301,2.666,0.671
gaia,1191,6',skycell-rw,3,6,7,0.088,0.057
gaia,1191,6',skycell,3,6,9,0.046,0.026
gaia,1191,6',pgsphere,8,6,6,0.028,0.048
gaia,1191,6',q3c,3,6,302,2.792,0.691
gaia,66,"1""",pgsphere,1,1,7,0.054,0.048
gaia,66,"1""",skycell-rw,1,1,4,0.05,0.036
gaia,66,"1""",skycell,1,1,4,0.039,0.017
gaia,66,"1""",q3c,1,1,301,3.405,0.652
gaia,699,"10""",skycell-rw,1,0,3,0.093,0.027
gaia,699,"10""",pgsphere,1,0,9,0.026,0.048
gaia,699,"10""",skycell,1,0,3,0.054,0.02
gaia,699,"10""",q3c,1,0,300,2.89,0.564
gaia,700,"10""",q3c,1,1,301,2.511,0.668
gaia,700,"10""",pgsphere,1,1,5,0.058,0.044
gaia,700,"10""",skycell-rw,1,1,4,0.053,0.024
gaia,700,"10""",skycell,1,1,4,0.046,0.02
gaia,646,"10""",skycell,1,1,4,0.024,0.022
gaia,646,"10""",skycell-rw,1,1,4,0.033,0.021
gaia,646,"10""",q3c,1,1,301,2.602,0.592
gaia,646,"10""",pgsphere,1,1,6,0.056,0.073
gaia,1285,6',skycell-rw,8,5,8,0.075,0.066
gaia,1285,6',pgsphere,8,5,10,0.04,0.07
gaia,1285,6',q3c,1,5,302,2.58,0.644
gaia,1285,6',skycell,8,5,8,0.068,0.048
gaia,104,"1""",pgsphere,1,1,5,0.042,0.038
gaia,104,"1""",skycell,1,1,4,0.034,0.022
gaia,104,"1""",skycell-rw,1,1,4,0.05,0.015
gaia,104,"1""",q3c,1,1,301,2.697,0.74
gaia,122,"1""",skycell-rw,1,1,4,0.112,0.058
gaia,122,"1""",q3c,1,1,301,2.798,0.642
gaia,122,"1""",skycell,1,1,4,0.066,0.041
gaia,122,"1""",pgsphere,1,1,5,0.042,0.049
gaia,1454,3deg,pgsphere,6853,34597,1072,0.022,9.873
gaia,1454,3deg,skycell,34649,34597,570,0.14,6.654
gaia,1454,3deg,q3c,11819,34597,880,2.839,7.766
gaia,1454,3deg,skycell-rw,34607,34597,570,0.3,5.308
gaia,395,"1""",skycell,1,0,3,0.059,0.022
gaia,395,"1""",skycell-rw,1,0,3,0.043,0.01
gaia,395,"1""",q3c,1,0,300,3.292,0.693
gaia,395,"1""",pgsphere,1,0,4,0.051,0.041
gaia,404,"10""",pgsphere,1,1,7,0.04,0.043
gaia,404,"10""",skycell,1,1,4,0.039,0.03
gaia,404,"10""",q3c,1,1,301,2.267,1.286
gaia,404,"10""",skycell-rw,1,1,4,0.118,0.04
gaia,883,1',skycell-rw,1,0,4,0.049,0.032
gaia,883,1',q3c,1,0,300,2.475,0.78
gaia,883,1',pgsphere,1,0,9,0.049,0.064
gaia,883,1',skycell,1,0,4,0.034,0.022
gaia,679,"10""",pgsphere,1,0,3,0.018,0.022
gaia,679,"10""",skycell-rw,1,0,3,0.035,0.014
gaia,679,"10""",q3c,1,0,300,2.704,0.641
gaia,679,"10""",skycell,1,0,3,0.058,0.025
gaia,115,"1""",skycell,1,0,3,0.024,0.014
gaia,115,"1""",skycell-rw,1,0,3,0.035,0.008
gaia,115,"1""",pgsphere,1,0,4,0.038,0.028
gaia,115,"1""",q3c,1,0,300,2.69,0.59
gaia,524,"10""",pgsphere,1,1,6,0.049,0.039
gaia,524,"10""",skycell-rw,1,1,4,0.051,0.022
gaia,524,"10""",q3c,1,1,301,2.746,0.603
gaia,524,"10""",skycell,1,1,4,0.055,0.029
gaia,660,"10""",pgsphere,1,1,5,0.027,0.035
gaia,660,"10""",skycell,1,1,4,0.018,0.017
gaia,660,"10""",skycell-rw,1,1,4,0.032,0.01
gaia,660,"10""",q3c,1,1,301,2.337,0.574
gaia,866,1',q3c,1,2,301,2.59,0.62
gaia,866,1',skycell,1,2,5,0.057,0.033
gaia,866,1',skycell-rw,1,2,5,0.105,0.019
gaia,866,1',pgsphere,1,2,5,0.022,0.029
gaia,356,"1""",skycell-rw,1,1,4,0.03,0.026
gaia,356,"1""",skycell,1,1,4,0.017,0.008
gaia,356,"1""",pgsphere,1,1,5,0.016,0.024
gaia,356,"1""",q3c,1,1,301,2.557,0.534
gaia,1175,6',pgsphere,8,6,11,0.046,0.083
gaia,1175,6',skycell-rw,4,6,4,0.054,0.026
gaia,1175,6',skycell,4,6,4,0.027,0.013
gaia,1175,6',q3c,2,6,302,2.301,0.608
gaia,1208,6',q3c,12,19,302,2.325,0.631
gaia,1208,6',skycell,18,19,5,0.06,0.044
gaia,1208,6',pgsphere,8,19,10,0.025,0.054
gaia,1208,6',skycell-rw,18,19,5,0.035,0.025
gaia,853,1',skycell,1,0,4,0.02,0.017
gaia,853,1',pgsphere,1,0,4,0.015,0.055
gaia,853,1',q3c,1,0,300,2.795,0.511
gaia,853,1',skycell-rw,1,0,4,0.067,0.029
gaia,1000,1',pgsphere,1,1,7,0.023,0.048
gaia,1000,1',skycell,1,1,4,0.027,0.016
gaia,1000,1',skycell-rw,1,1,4,0.027,0.009
gaia,1000,1',q3c,1,1,301,3.204,0.541
gaia,224,"1""",skycell,1,1,4,0.062,0.039
gaia,224,"1""",pgsphere,1,1,7,0.027,0.034
gaia,224,"1""",q3c,1,1,301,2.576,0.56
gaia,224,"1""",skycell-rw,1,1,4,0.103,0.028
gaia,1011,1',pgsphere,1,0,7,0.025,0.038
gaia,1011,1',skycell,1,0,8,0.026,0.017
gaia,1011,1',q3c,1,0,300,2.321,0.531
gaia,1011,1',skycell-rw,1,0,7,0.078,0.033
gaia,858,1',pgsphere,1,2,6,0.039,0.047
gaia,858,1',skycell,1,2,4,0.025,0.02
gaia,858,1',q3c,1,2,301,2.451,0.522
gaia,858,1',skycell-rw,1,2,4,0.068,0.03
gaia,17,"1""",pgsphere,1,0,6,0.031,0.033
gaia,17,"1""",skycell-rw,1,0,6,0.047,0.02
gaia,17,"1""",q3c,1,0,300,2.385,0.57
gaia,17,"1""",skycell,1,0,6,0.052,0.024
gaia,326,"1""",pgsphere,1,1,5,0.026,0.032
gaia,326,"1""",skycell-rw,1,1,4,0.035,0.018
gaia,326,"1""",q3c,1,1,301,2.76,0.622
gaia,326,"1""",skycell,1,1,4,0.051,0.028
gaia,1204,6',skycell-rw,1,2,5,0.039,0.019
gaia,1204,6',skycell,1,2,5,0.027,0.011
gaia,1204,6',q3c,1,2,301,2.652,0.523
gaia,1204,6',pgsphere,8,2,5,0.047,0.039
gaia,662,"10""",skycell-rw,1,1,4,0.046,0.033
gaia,662,"10""",pgsphere,1,1,10,0.017,0.05
gaia,662,"10""",q3c,1,1,301,2.762,0.63
gaia,662,"10""",skycell,1,1,4,0.052,0.028
gaia,42,"1""",pgsphere,1,1,5,0.038,0.042
gaia,42,"1""",q3c,1,1,301,2.863,0.602
gaia,42,"1""",skycell-rw,1,1,7,0.079,0.034
gaia,42,"1""",skycell,1,1,7,0.029,0.013
gaia,1110,6',skycell-rw,60,53,11,0.085,0.097
gaia,1110,6',pgsphere,8,53,12,0.054,0.168
gaia,1110,6',q3c,18,53,302,2.789,0.582
gaia,1110,6',skycell,59,53,14,0.088,0.072
gaia,78,"1""",skycell,1,1,7,0.036,0.029
gaia,78,"1""",skycell-rw,1,1,7,0.048,0.016
gaia,78,"1""",pgsphere,1,1,5,0.024,0.032
gaia,78,"1""",q3c,1,1,301,2.454,0.535
gaia,972,1',q3c,1,1,301,2.473,0.583
gaia,972,1',pgsphere,1,1,6,0.046,0.044
gaia,972,1',skycell-rw,1,1,4,0.047,0.021
gaia,972,1',skycell,1,1,4,0.019,0.01
gaia,595,"10""",pgsphere,1,0,6,0.018,0.034
gaia,595,"10""",skycell,1,0,6,0.019,0.013
gaia,595,"10""",skycell-rw,1,0,6,0.044,0.014
gaia,595,"10""",q3c,1,0,300,2.333,0.512
gaia,228,"1""",skycell-rw,1,1,4,0.065,0.033
gaia,228,"1""",pgsphere,1,1,6,0.026,0.036
gaia,228,"1""",skycell,1,1,4,0.023,0.013
gaia,228,"1""",q3c,1,1,301,2.722,0.54
gaia,1170,6',q3c,1,2,302,3.325,0.585
gaia,1170,6',skycell,2,2,4,0.055,0.031
gaia,1170,6',skycell-rw,2,2,4,0.038,0.013
gaia,1170,6',pgsphere,8,2,6,0.02,0.038
gaia,869,1',skycell,1,0,4,0.02,0.016
gaia,869,1',pgsphere,1,0,5,0.018,0.026
gaia,869,1',skycell-rw,1,0,4,0.029,0.01
gaia,869,1',q3c,1,0,300,3.237,0.567
gaia,1119,6',q3c,1,1,301,3.205,0.605
gaia,1119,6',skycell,1,1,8,0.055,0.061
gaia,1119,6',pgsphere,8,1,8,0.031,0.041
gaia,1119,6',skycell-rw,1,1,5,0.035,0.018
gaia,616,"10""",q3c,1,1,301,2.446,0.491
gaia,616,"10""",skycell-rw,1,1,7,0.14,0.045
gaia,616,"10""",skycell,1,1,7,0.06,0.026
gaia,616,"10""",pgsphere,1,1,7,0.042,0.065
gaia,487,"10""",skycell-rw,1,0,3,0.059,0.019
gaia,487,"10""",q3c,1,0,300,2.967,0.507
gaia,487,"10""",pgsphere,1,0,6,0.047,0.071
gaia,487,"10""",skycell,1,0,3,0.037,0.018
gaia,477,"10""",q3c,1,0,300,2.844,0.524
gaia,477,"10""",pgsphere,1,0,4,0.045,0.033
gaia,477,"10""",skycell,1,0,3,0.035,0.019
gaia,477,"10""",skycell-rw,1,0,3,0.033,0.008
gaia,970,1',q3c,1,1,301,2.333,0.611
gaia,970,1',skycell-rw,1,1,4,0.16,0.03
gaia,970,1',skycell,1,1,4,0.04,0.017
gaia,970,1',pgsphere,1,1,6,0.025,0.05
gaia,827,1',q3c,1,0,300,2.58,0.5
gaia,827,1',skycell-rw,1,0,3,0.068,0.023
gaia,827,1',skycell,1,0,3,0.057,0.013
gaia,827,1',pgsphere,1,0,4,0.021,0.024
gaia,958,1',q3c,1,1,301,3.181,0.588
gaia,958,1',skycell,1,1,8,0.054,0.035
gaia,958,1',pgsphere,1,1,6,0.025,0.035
gaia,958,1',skycell-rw,1,1,8,0.046,0.021
gaia,1268,6',skycell-rw,2,2,4,0.03,0.031
gaia,1268,6',skycell,2,2,4,0.021,0.012
gaia,1268,6',q3c,1,2,301,3.005,0.537
gaia,1268,6',pgsphere,8,2,5,0.048,0.046
gaia,772,"10""",q3c,1,1,301,2.376,0.564
gaia,772,"10""",skycell,1,1,4,0.056,0.031
gaia,772,"10""",skycell-rw,1,1,4,0.041,0.012
gaia,772,"10""",pgsphere,1,1,5,0.019,0.028
gaia,312,"1""",skycell-rw,1,1,4,0.033,0.029
gaia,312,"1""",q3c,1,1,301,2.573,0.553
gaia,312,"1""",skycell,1,1,4,0.083,0.03
gaia,312,"1""",pgsphere,1,1,5,0.031,0.031
gaia,1390,30',pgsphere,190,1296,136,0.016,0.432
gaia,1390,30',skycell,1464,1296,68,0.134,0.666
gaia,1390,30',q3c,434,1296,331,4.412,0.984
gaia,1390,30',skycell-rw,1470,1296,65,0.174,0.474
gaia,500,"10""",pgsphere,1,1,6,0.072,0.116
gaia,500,"10""",q3c,1,1,301,2.87,0.644
gaia,500,"10""",skycell,1,1,5,0.054,0.032
gaia,500,"10""",skycell-rw,1,1,5,0.067,0.032
gaia,479,"10""",skycell-rw,1,0,4,0.052,0.034
gaia,479,"10""",skycell,1,0,4,0.024,0.009
gaia,479,"10""",pgsphere,1,0,4,0.186,0.039
gaia,479,"10""",q3c,1,0,300,3.058,0.553
gaia,543,"10""",skycell,1,0,3,0.053,0.022
gaia,543,"10""",q3c,1,0,300,3.253,0.554
gaia,543,"10""",skycell-rw,1,0,3,0.07,0.024
gaia,543,"10""",pgsphere,1,0,6,0.024,0.035
gaia,1058,1',q3c,1,1,301,2.373,0.613
gaia,1058,1',pgsphere,1,1,11,0.044,0.07
gaia,1058,1',skycell-rw,1,1,4,0.061,0.023
gaia,1058,1',skycell,1,1,4,0.022,0.011
gaia,1184,6',pgsphere,8,4,6,0.017,0.033
gaia,1184,6',skycell-rw,5,4,5,0.034,0.029
gaia,1184,6',skycell,5,4,8,0.018,0.014
gaia,1184,6',q3c,1,4,301,2.242,0.592
gaia,843,1',pgsphere,1,0,5,0.045,0.034
gaia,843,1',skycell,1,0,4,0.03,0.019
gaia,843,1',q3c,1,0,301,2.407,0.502
gaia,843,1',skycell-rw,1,0,4,0.067,0.025
gaia,171,"1""",skycell-rw,1,0,3,0.046,0.024
gaia,171,"1""",q3c,1,0,300,2.292,0.567
gaia,171,"1""",pgsphere,1,0,4,0.044,0.035
gaia,171,"1""",skycell,1,0,3,0.031,0.016
gaia,845,1',q3c,1,0,300,2.57,0.534
gaia,845,1',skycell,1,0,4,0.053,0.061
gaia,845,1',skycell-rw,1,0,4,0.049,0.013
gaia,845,1',pgsphere,1,0,5,0.019,0.027
gaia,1368,30',q3c,170,143,307,2.509,0.576
gaia,1368,30',skycell-rw,120,143,22,0.099,0.832
gaia,1368,30',pgsphere,190,143,29,0.048,0.131
gaia,1368,30',skycell,113,143,16,0.111,0.07
gaia,1302,30',skycell,726,329,50,0.061,0.131
gaia,1302,30',pgsphere,190,329,43,0.022,0.182
gaia,1302,30',skycell-rw,730,329,36,0.125,0.114
gaia,1302,30',q3c,326,329,307,2.758,0.644
gaia,1251,6',skycell-rw,1,3,8,0.08,0.04
gaia,1251,6',skycell,1,3,8,0.031,0.017
gaia,1251,6',q3c,1,3,301,2.281,0.575
gaia,1251,6',pgsphere,8,3,6,0.046,0.041
gaia,1379,30',pgsphere,190,83,22,0.02,0.078
gaia,1379,30',q3c,57,83,305,2.623,0.607
gaia,1379,30',skycell-rw,55,83,16,0.094,0.095
gaia,1379,30',skycell,54,83,23,0.042,0.056
gaia,1359,30',skycell,171,273,17,0.031,0.118
gaia,1359,30',skycell-rw,168,273,19,0.061,0.742
gaia,1359,30',pgsphere,190,273,58,0.033,0.251
gaia,1359,30',q3c,246,273,307,2.744,0.615
gaia,629,"10""",skycell-rw,1,0,3,0.068,0.021
gaia,629,"10""",pgsphere,1,0,5,0.031,0.032
gaia,629,"10""",skycell,1,0,3,0.024,0.011
gaia,629,"10""",q3c,1,0,300,2.742,0.506
gaia,383,"1""",q3c,1,0,300,2.703,0.59
gaia,383,"1""",pgsphere,1,0,6,0.074,0.049
gaia,383,"1""",skycell-rw,1,0,3,0.054,0.029
gaia,383,"1""",skycell,1,0,3,0.02,0.008
gaia,820,1',skycell,1,2,8,0.019,0.031
gaia,820,1',skycell-rw,1,2,9,0.04,0.405
gaia,820,1',pgsphere,1,2,6,0.029,0.037
gaia,820,1',q3c,1,2,301,3.905,1.273
gaia,1391,30',q3c,47,43,306,4.799,1.429
gaia,1391,30',skycell,53,43,10,0.075,0.06
gaia,1391,30',skycell-rw,54,43,6,0.051,0.035
gaia,1391,30',pgsphere,190,43,15,0.046,0.082
gaia,876,1',skycell,1,4,8,0.054,0.052
gaia,876,1',pgsphere,1,4,8,0.02,0.042
gaia,876,1',skycell-rw,2,4,8,0.045,0.02
gaia,876,1',q3c,1,4,301,3.862,1.275
gaia,880,1',pgsphere,1,1,7,0.05,0.052
gaia,880,1',skycell,1,1,4,0.04,0.024
gaia,880,1',q3c,1,1,301,4.235,1.215
gaia,880,1',skycell-rw,1,1,4,0.08,0.632
gaia,351,"1""",skycell-rw,1,0,6,0.07,0.028
gaia,351,"1""",pgsphere,1,0,5,0.028,0.05
gaia,351,"1""",q3c,1,0,300,4.25,1.246
gaia,351,"1""",skycell,1,0,6,0.068,0.03
gaia,901,1',skycell-rw,1,0,4,0.047,0.026
gaia,901,1',q3c,1,0,300,7.304,1.829
gaia,901,1',skycell,1,0,4,0.085,0.044
gaia,901,1',pgsphere,1,0,5,0.071,0.063
gaia,90,"1""",skycell-rw,1,1,4,0.113,0.058
gaia,90,"1""",q3c,1,1,301,8.459,1.844
gaia,90,"1""",skycell,1,1,4,0.103,0.042
gaia,90,"1""",pgsphere,1,1,7,0.049,0.073
gaia,913,1',skycell-rw,1,0,7,0.107,0.06
gaia,913,1',skycell,1,0,8,0.073,0.036
gaia,913,1',q3c,1,0,300,7.619,0.944
gaia,913,1',pgsphere,1,0,4,0.076,0.055
gaia,879,1',skycell-rw,1,0,8,0.112,0.051
gaia,879,1',pgsphere,1,0,4,0.063,0.052
gaia,879,1',skycell,1,0,9,0.052,0.039
gaia,879,1',q3c,1,0,300,7.646,1.762
gaia,821,1',pgsphere,1,0,6,0.068,0.068
gaia,821,1',skycell-rw,1,0,4,0.097,0.037
gaia,821,1',q3c,1,0,300,7.767,0.931
gaia,821,1',skycell,1,0,4,0.084,0.043
gaia,835,1',pgsphere,1,0,5,0.052,0.08
gaia,835,1',skycell,1,0,4,0.047,0.988
gaia,835,1',skycell-rw,1,0,4,0.121,0.028
gaia,835,1',q3c,1,0,300,10.094,1.938
gaia,515,"10""",q3c,1,0,300,7.061,0.947
gaia,515,"10""",pgsphere,1,0,5,0.078,0.059
gaia,515,"10""",skycell-rw,1,0,6,0.236,0.037
gaia,515,"10""",skycell,1,0,6,0.05,0.019
gaia,1347,30',q3c,263,218,308,5.032,0.724
gaia,1347,30',skycell-rw,151,218,29,0.133,1.111
gaia,1347,30',pgsphere,190,218,41,0.052,0.155
gaia,1347,30',skycell,150,218,32,0.057,0.097
gaia,1406,1deg,skycell-rw,534,665,29,0.073,0.579
gaia,1406,1deg,q3c,360,665,317,2.617,0.749
gaia,1406,1deg,skycell,533,665,37,0.092,0.189
gaia,1406,1deg,pgsphere,762,665,73,0.043,0.292
gaia,471,"10""",skycell,1,0,4,0.044,0.023
gaia,471,"10""",skycell-rw,1,0,4,0.047,0.01
gaia,471,"10""",q3c,1,0,300,2.345,0.568
gaia,471,"10""",pgsphere,1,0,4,0.047,0.059
gaia,597,"10""",q3c,1,0,300,2.676,0.607
gaia,597,"10""",skycell,1,0,3,0.056,0.024
gaia,597,"10""",pgsphere,1,0,5,0.032,0.031
gaia,597,"10""",skycell-rw,1,0,3,0.036,0.011
gaia,762,"10""",pgsphere,1,1,5,0.017,0.026
gaia,762,"10""",q3c,1,1,301,2.883,0.584
gaia,762,"10""",skycell,1,1,4,0.053,0.028
gaia,762,"10""",skycell-rw,1,1,4,0.037,0.011
gaia,523,"10""",pgsphere,1,0,5,0.02,0.029
gaia,523,"10""",q3c,1,0,300,2.724,0.54
gaia,523,"10""",skycell-rw,1,0,6,0.08,0.028
gaia,523,"10""",skycell,1,0,6,0.03,0.01
gaia,733,"10""",skycell-rw,1,0,3,0.028,0.026
gaia,733,"10""",q3c,1,0,300,2.673,0.538
gaia,733,"10""",pgsphere,1,0,7,0.046,0.046
gaia,733,"10""",skycell,1,0,3,0.032,0.018
gaia,1399,30',skycell,119,72,27,0.039,0.06
gaia,1399,30',q3c,21,72,304,2.546,0.597
gaia,1399,30',skycell-rw,120,72,12,0.093,0.962
gaia,1399,30',pgsphere,190,72,19,0.052,0.093
gaia,1252,6',pgsphere,8,44,13,0.023,0.063
gaia,1252,6',skycell-rw,57,44,11,0.073,0.395
gaia,1252,6',skycell,57,44,17,0.055,0.037
gaia,1252,6',q3c,27,44,303,2.78,0.605
gaia,716,"10""",skycell,1,1,4,0.058,0.03
gaia,716,"10""",skycell-rw,1,1,4,0.046,0.014
gaia,716,"10""",pgsphere,1,1,8,0.02,0.062
gaia,716,"10""",q3c,1,1,301,2.841,0.663
gaia,743,"10""",pgsphere,1,0,4,0.049,0.032
gaia,743,"10""",skycell-rw,1,0,4,0.048,0.022
gaia,743,"10""",skycell,1,0,4,0.03,0.011
gaia,743,"10""",q3c,1,0,300,2.684,0.525
gaia,681,"10""",skycell,1,0,3,0.056,0.023
gaia,681,"10""",q3c,1,0,300,2.905,0.528
gaia,681,"10""",skycell-rw,1,0,3,0.075,0.024
gaia,681,"10""",pgsphere,1,0,6,0.023,0.039
gaia,172,"1""",skycell-rw,1,1,4,0.033,0.031
gaia,172,"1""",q3c,1,1,301,2.81,0.562
gaia,172,"1""",skycell,1,1,4,0.061,0.033
gaia,172,"1""",pgsphere,1,1,10,0.029,0.066
gaia,1214,6',skycell,82,80,10,0.036,0.068
gaia,1214,6',q3c,36,80,306,2.518,0.6
gaia,1214,6',skycell-rw,83,80,11,0.095,0.782
gaia,1214,6',pgsphere,8,80,13,0.082,0.12
gaia,582,"10""",pgsphere,1,1,5,0.037,0.027
gaia,582,"10""",skycell-rw,1,1,7,0.057,0.028
gaia,582,"10""",skycell,1,1,8,0.023,0.013
gaia,582,"10""",q3c,1,1,301,2.438,0.539
gaia,1416,1deg,q3c,3588,10376,487,2.881,2.824
gaia,1416,1deg,pgsphere,762,10376,911,0.053,3.11
gaia,1416,1deg,skycell,9936,10376,243,0.116,2.136
gaia,1416,1deg,skycell-rw,9895,10376,240,0.229,1.833
gaia,1205,6',pgsphere,8,1,5,0.043,0.033
gaia,1205,6',skycell,1,1,8,0.046,0.03
gaia,1205,6',q3c,1,1,301,2.606,0.574
gaia,1205,6',skycell-rw,2,1,8,0.089,0.042
gaia,1387,30',skycell,13,11,9,0.04,0.046
gaia,1387,30',skycell-rw,14,11,9,0.047,0.025
gaia,1387,30',q3c,6,11,302,2.75,0.662
gaia,1387,30',pgsphere,190,11,10,0.052,0.052
gaia,156,"1""",q3c,1,1,301,2.673,0.622
gaia,156,"1""",pgsphere,1,1,5,0.049,0.04
gaia,156,"1""",skycell-rw,1,1,4,0.05,0.021
gaia,156,"1""",skycell,1,1,4,0.032,0.011
gaia,1238,6',skycell-rw,55,154,18,0.052,0.722
gaia,1238,6',pgsphere,8,154,40,0.043,0.176
gaia,1238,6',skycell,54,154,16,0.051,0.083
gaia,1238,6',q3c,71,154,307,2.779,0.669
gaia,587,"10""",skycell,1,0,4,0.056,0.029
gaia,587,"10""",skycell-rw,1,0,4,0.051,0.013
gaia,587,"10""",q3c,1,0,300,2.475,0.626
gaia,587,"10""",pgsphere,1,0,6,0.05,0.041
gaia,674,"10""",pgsphere,1,1,7,0.06,0.045
gaia,674,"10""",skycell-rw,1,1,4,0.044,0.021
gaia,674,"10""",q3c,1,1,301,2.739,0.534
gaia,674,"10""",skycell,1,1,4,0.057,0.03
gaia,974,1',pgsphere,1,2,7,0.031,0.061
gaia,974,1',skycell-rw,1,2,4,0.075,0.022
gaia,974,1',skycell,1,2,4,0.021,0.01
gaia,974,1',q3c,1,2,301,2.432,0.642
gaia,1035,1',q3c,1,0,300,2.582,0.591
gaia,1035,1',skycell,1,0,4,0.057,0.028
gaia,1035,1',skycell-rw,1,0,4,0.038,0.01
gaia,1035,1',pgsphere,1,0,4,0.021,0.023
gaia,576,"10""",skycell-rw,1,1,4,0.029,0.018
gaia,576,"10""",q3c,1,1,301,2.714,0.554
gaia,576,"10""",skycell,1,1,4,0.062,0.031
gaia,576,"10""",pgsphere,1,1,8,0.029,0.047
gaia,492,"10""",skycell-rw,1,1,4,0.041,0.021
gaia,492,"10""",q3c,1,1,301,2.325,0.561
gaia,492,"10""",pgsphere,1,1,7,0.05,0.084
gaia,492,"10""",skycell,1,1,4,0.043,0.024
gaia,1090,1',q3c,1,1,301,2.483,0.57
gaia,1090,1',skycell-rw,1,1,7,0.087,0.037
gaia,1090,1',skycell,1,1,8,0.035,0.017
gaia,1090,1',pgsphere,1,1,6,0.022,0.034
gaia,685,"10""",q3c,1,0,300,2.729,0.543
gaia,685,"10""",pgsphere,1,0,5,0.055,0.042
gaia,685,"10""",skycell-rw,1,0,3,0.05,0.031
gaia,685,"10""",skycell,1,0,3,0.021,0.008
gaia,714,"10""",pgsphere,1,1,5,0.016,0.027
gaia,714,"10""",skycell,1,1,7,0.022,0.018
gaia,714,"10""",skycell-rw,1,1,7,0.041,0.016
gaia,714,"10""",q3c,1,1,301,2.839,0.581
gaia,811,1',skycell,1,0,4,0.056,0.027
gaia,811,1',q3c,1,0,300,2.567,0.641
gaia,811,1',skycell-rw,1,0,4,0.118,0.036
gaia,811,1',pgsphere,1,0,4,0.03,0.024
gaia,1317,30',q3c,14,10,303,2.559,0.617
gaia,1317,30',skycell,12,10,17,0.058,0.05
gaia,1317,30',skycell-rw,12,10,7,0.048,0.041
gaia,1317,30',pgsphere,190,10,6,0.02,0.034
gaia,965,1',skycell,1,0,4,0.028,0.019
gaia,965,1',q3c,1,0,300,3.275,0.647
gaia,965,1',skycell-rw,1,0,4,0.074,0.037
gaia,965,1',pgsphere,1,0,4,0.026,0.032
gaia,283,"1""",q3c,1,0,300,3.284,0.532
gaia,283,"1""",skycell-rw,1,0,3,0.085,0.025
gaia,283,"1""",skycell,1,0,3,0.025,0.009
gaia,283,"1""",pgsphere,1,0,4,0.023,0.024
gaia,1060,1',skycell-rw,1,1,4,0.032,0.037
gaia,1060,1',skycell,1,1,4,0.017,0.009
gaia,1060,1',q3c,1,1,301,3.065,0.609
gaia,1060,1',pgsphere,1,1,7,0.052,0.06
gaia,957,1',q3c,1,0,300,2.429,0.852
gaia,957,1',pgsphere,1,0,4,0.052,0.044
gaia,957,1',skycell,1,0,4,0.041,0.023
gaia,957,1',skycell-rw,1,0,4,0.034,0.01
gaia,1027,1',pgsphere,1,0,5,0.02,0.04
gaia,1027,1',skycell-rw,1,0,5,0.03,0.017
gaia,1027,1',skycell,1,0,5,0.017,0.009
gaia,1027,1',q3c,1,0,300,3.252,0.585
gaia,918,1',skycell,2,2,4,0.056,0.035
gaia,918,1',q3c,1,2,301,2.549,0.565
gaia,918,1',pgsphere,1,2,5,0.05,0.042
gaia,918,1',skycell-rw,2,2,4,0.057,0.024
gaia,226,"1""",q3c,1,1,301,3.154,0.596
gaia,226,"1""",pgsphere,1,1,8,0.053,0.053
gaia,226,"1""",skycell-rw,1,1,4,0.049,0.022
gaia,226,"1""",skycell,1,1,4,0.021,0.011
gaia,69,"1""",pgsphere,1,0,7,0.052,0.096
gaia,69,"1""",skycell-rw,1,0,3,0.035,0.014
gaia,69,"1""",skycell,1,0,3,0.017,0.007
gaia,69,"1""",q3c,1,0,300,2.333,0.549
gaia,652,"10""",pgsphere,1,1,7,0.051,0.056
gaia,652,"10""",skycell-rw,1,1,4,0.047,0.02
gaia,652,"10""",skycell,1,1,4,0.019,0.01
gaia,652,"10""",q3c,1,1,301,2.646,0.665
gaia,154,"1""",skycell-rw,1,1,4,0.074,0.027
gaia,154,"1""",q3c,1,1,301,2.54,0.563
gaia,154,"1""",skycell,1,1,4,0.058,0.027
gaia,154,"1""",pgsphere,1,1,6,0.026,0.034
gaia,266,"1""",skycell,1,1,4,0.032,0.019
gaia,266,"1""",q3c,1,1,301,2.585,0.552
gaia,266,"1""",skycell-rw,1,1,4,0.093,0.032
gaia,266,"1""",pgsphere,1,1,6,0.03,0.035
gaia,1028,1',skycell-rw,2,2,4,0.08,0.039
gaia,1028,1',skycell,2,2,4,0.035,0.019
gaia,1028,1',pgsphere,1,2,12,0.023,0.061
gaia,1028,1',q3c,1,2,301,2.977,0.563
gaia,62,"1""",q3c,1,1,301,2.454,0.584
gaia,62,"1""",skycell-rw,1,1,7,0.088,0.037
gaia,62,"1""",skycell,1,1,7,0.035,0.015
gaia,62,"1""",pgsphere,1,1,7,0.021,0.038
gaia,113,"1""",pgsphere,1,0,4,0.015,0.02
gaia,113,"1""",skycell,1,0,3,0.03,0.019
gaia,113,"1""",q3c,1,0,300,2.981,0.574
gaia,113,"1""",skycell-rw,1,0,3,0.078,0.026
gaia,954,1',q3c,1,1,301,2.585,0.605
gaia,954,1',skycell,1,1,5,0.059,0.037
gaia,954,1',skycell-rw,1,1,5,0.049,0.019
gaia,954,1',pgsphere,1,1,6,0.02,0.032
gaia,1433,1deg,pgsphere,762,66,29,0.017,0.128
gaia,1433,1deg,q3c,61,66,303,2.542,0.584
gaia,1433,1deg,skycell,76,66,20,0.063,0.099
gaia,1433,1deg,skycell-rw,77,66,20,0.096,0.063
gaia,1097,1',q3c,1,0,300,2.797,0.539
gaia,1097,1',pgsphere,1,0,4,0.051,0.034
gaia,1097,1',skycell,1,0,3,0.074,0.026
gaia,1097,1',skycell-rw,1,0,3,0.035,0.008
gaia,748,"10""",skycell-rw,1,1,4,0.026,0.031
gaia,748,"10""",q3c,1,1,301,2.755,0.539
gaia,748,"10""",pgsphere,1,1,5,0.049,0.039
gaia,748,"10""",skycell,1,1,4,0.037,0.022
gaia,1155,6',q3c,1,1,301,2.818,0.669
gaia,1155,6',skycell-rw,1,1,4,0.074,0.035
gaia,1155,6',skycell,1,1,4,0.033,0.016
gaia,1155,6',pgsphere,8,1,5,0.02,0.029
gaia,1183,6',pgsphere,8,0,5,0.014,0.037
gaia,1183,6',skycell,1,0,4,0.018,0.026
gaia,1183,6',skycell-rw,1,0,4,0.03,0.009
gaia,1183,6',q3c,1,0,301,2.869,0.551
gaia,968,1',pgsphere,1,5,12,0.049,0.062
gaia,968,1',skycell-rw,4,5,9,0.067,0.046
gaia,968,1',q3c,2,5,301,2.633,0.566
gaia,968,1',skycell,4,5,9,0.061,0.04
gaia,896,1',skycell,1,4,5,0.03,0.022
gaia,896,1',pgsphere,1,4,5,0.022,0.064
gaia,896,1',skycell-rw,1,4,5,0.034,0.014
gaia,896,1',q3c,1,4,301,2.385,0.568
gaia,349,"1""",q3c,1,0,300,2.534,0.652
gaia,349,"1""",skycell,1,0,3,0.056,0.024
gaia,349,"1""",skycell-rw,1,0,3,0.04,0.009
gaia,349,"1""",pgsphere,1,0,5,0.02,0.039
gaia,1253,6',q3c,1,5,301,2.776,0.59
gaia,1253,6',skycell,3,5,16,0.063,0.051
gaia,1253,6',pgsphere,8,5,14,0.036,0.082
gaia,1253,6',skycell-rw,3,5,18,0.071,0.666
gaia,1080,1',q3c,1,7,301,3.024,0.63
gaia,1080,1',skycell-rw,2,7,17,0.102,0.059
gaia,1080,1',skycell,2,7,17,0.033,0.022
gaia,1080,1',pgsphere,1,7,10,0.031,0.051
gaia,813,1',pgsphere,1,0,6,0.018,0.035
gaia,813,1',q3c,1,0,300,2.726,0.555
gaia,813,1',skycell-rw,1,0,4,0.072,0.029
gaia,813,1',skycell,1,0,4,0.037,0.016
gaia,717,"10""",skycell,1,0,3,0.021,0.025
gaia,717,"10""",skycell-rw,1,0,3,0.031,0.007
gaia,717,"10""",pgsphere,1,0,5,0.021,0.032
gaia,717,"10""",q3c,1,0,300,2.75,0.529
gaia,73,"1""",skycell-rw,1,0,3,0.083,0.023
gaia,73,"1""",skycell,1,0,3,0.024,0.009
gaia,73,"1""",pgsphere,1,0,5,0.023,0.026
gaia,73,"1""",q3c,1,0,300,2.569,0.577
gaia,490,"10""",q3c,1,1,301,2.739,0.576
gaia,490,"10""",skycell-rw,1,1,4,0.073,0.032
gaia,490,"10""",pgsphere,1,1,6,0.023,0.032
gaia,490,"10""",skycell,1,1,4,0.022,0.011
gaia,707,"10""",skycell,1,0,3,0.021,0.014
gaia,707,"10""",pgsphere,1,0,6,0.019,0.033
gaia,707,"10""",q3c,1,0,300,2.695,0.526
gaia,707,"10""",skycell-rw,1,0,3,0.071,0.023
gaia,580,"10""",q3c,1,1,301,2.707,0.552
gaia,580,"10""",pgsphere,1,1,5,0.051,0.038
gaia,580,"10""",skycell-rw,1,1,4,0.06,0.026
gaia,580,"10""",skycell,1,1,4,0.02,0.01
gaia,538,"10""",q3c,1,1,301,2.347,0.592
gaia,538,"10""",skycell,1,1,4,0.057,0.031
gaia,538,"10""",pgsphere,1,1,6,0.035,0.033
gaia,538,"10""",skycell-rw,1,1,4,0.04,0.014
gaia,1037,1',q3c,1,0,300,2.836,0.629
gaia,1037,1',pgsphere,1,0,4,0.049,0.034
gaia,1037,1',skycell-rw,1,0,4,0.047,0.02
gaia,1037,1',skycell,1,0,4,0.019,0.02
gaia,605,"10""",skycell-rw,1,0,3,0.028,0.012
gaia,605,"10""",q3c,1,0,300,2.573,0.594
gaia,605,"10""",pgsphere,1,0,4,0.049,0.035
gaia,605,"10""",skycell,1,0,3,0.034,0.017
gaia,799,"10""",q3c,1,0,300,2.639,0.543
gaia,799,"10""",skycell,1,0,3,0.087,0.025
gaia,799,"10""",skycell-rw,1,0,3,0.038,0.009
gaia,799,"10""",pgsphere,1,0,7,0.018,0.041
gaia,907,1',skycell,3,6,8,0.022,0.041
gaia,907,1',q3c,1,6,301,2.81,0.611
gaia,907,1',skycell-rw,3,6,8,0.085,0.046
gaia,907,1',pgsphere,1,6,8,0.024,0.057
gaia,297,"1""",skycell-rw,1,0,6,0.046,0.019
gaia,297,"1""",q3c,1,0,300,2.838,0.576
gaia,297,"1""",skycell,1,0,6,0.059,0.025
gaia,297,"1""",pgsphere,1,0,4,0.032,0.029
gaia,1081,1',skycell,1,0,4,0.025,0.019
gaia,1081,1',skycell-rw,1,0,4,0.032,0.009
gaia,1081,1',q3c,1,0,300,2.453,0.583
gaia,1081,1',pgsphere,1,0,6,0.048,0.045
gaia,1158,6',skycell-rw,11,9,7,0.066,0.368
gaia,1158,6',skycell,11,9,8,0.044,0.022
gaia,1158,6',pgsphere,8,9,14,0.022,0.055
gaia,1158,6',q3c,5,9,302,2.71,0.53
gaia,867,1',pgsphere,1,0,4,0.05,0.031
gaia,867,1',skycell-rw,1,0,4,0.045,0.021
gaia,867,1',q3c,1,0,300,2.599,0.558
gaia,867,1',skycell,1,0,4,0.065,0.027
gaia,1343,30',q3c,33,50,304,2.684,0.619
gaia,1343,30',pgsphere,190,50,28,0.05,0.106
gaia,1343,30',skycell,45,50,18,0.04,0.055
gaia,1343,30',skycell-rw,46,50,19,0.061,0.046
gaia,1345,30',pgsphere,190,29,9,0.021,0.044
gaia,1345,30',skycell,19,29,13,0.026,0.041
gaia,1345,30',q3c,14,29,303,2.634,0.559
gaia,1345,30',skycell-rw,19,29,10,0.093,0.105
gaia,364,"1""",skycell,1,1,4,0.034,0.02
gaia,364,"1""",q3c,1,1,301,2.342,0.631
gaia,364,"1""",skycell-rw,1,1,4,0.07,0.028
gaia,364,"1""",pgsphere,1,1,7,0.029,0.036
gaia,1132,6',skycell-rw,16,25,14,0.087,0.078
gaia,1132,6',pgsphere,8,25,12,0.021,0.051
gaia,1132,6',skycell,12,25,17,0.024,0.045
gaia,1132,6',q3c,19,25,302,2.968,0.592
gaia,564,"10""",skycell,1,1,4,0.055,0.028
gaia,564,"10""",q3c,1,1,301,2.617,0.547
gaia,564,"10""",pgsphere,1,1,5,0.05,0.04
gaia,564,"10""",skycell-rw,1,1,4,0.046,0.02
gaia,649,"10""",skycell,1,0,4,0.028,0.031
gaia,649,"10""",skycell-rw,1,0,4,0.031,0.009
gaia,649,"10""",q3c,1,0,300,2.773,0.548
gaia,649,"10""",pgsphere,1,0,4,0.049,0.035
gaia,148,"1""",skycell,1,1,4,0.033,0.033
gaia,148,"1""",skycell-rw,1,1,4,0.048,0.039
gaia,148,"1""",pgsphere,1,1,5,0.041,0.035
gaia,148,"1""",q3c,1,1,301,2.426,0.547
gaia,1373,30',skycell,19,33,9,0.06,0.054
gaia,1373,30',q3c,8,33,302,2.596,0.595
gaia,1373,30',skycell-rw,19,33,8,0.104,0.6
gaia,1373,30',pgsphere,190,33,20,0.039,0.113
gaia,393,"1""",q3c,1,0,300,2.82,0.511
gaia,393,"1""",skycell,1,0,3,0.055,0.034
gaia,393,"1""",pgsphere,1,0,4,0.029,0.028
gaia,393,"1""",skycell-rw,1,0,3,0.039,0.01
gaia,1206,6',q3c,19,61,304,2.777,0.542
gaia,1206,6',skycell-rw,77,61,18,0.113,0.09
gaia,1206,6',pgsphere,8,61,21,0.032,0.088
gaia,1206,6',skycell,75,61,19,0.036,0.039
gaia,117,"1""",pgsphere,1,0,5,0.017,0.026
gaia,117,"1""",q3c,1,0,300,2.541,0.522
gaia,117,"1""",skycell-rw,1,0,3,0.07,0.05
gaia,117,"1""",skycell,1,0,3,0.038,0.011
gaia,635,"10""",skycell,1,0,3,0.016,0.013
gaia,635,"10""",pgsphere,1,0,4,0.02,0.028
gaia,635,"10""",q3c,1,0,300,2.774,0.555
gaia,635,"10""",skycell-rw,1,0,3,0.071,0.025
gaia,381,"1""",skycell-rw,1,0,6,0.047,0.019
gaia,381,"1""",q3c,1,0,300,2.501,0.51
gaia,381,"1""",skycell,1,0,6,0.057,0.025
gaia,381,"1""",pgsphere,1,0,6,0.029,0.034
gaia,634,"10""",skycell-rw,1,1,4,0.041,0.023
gaia,634,"10""",skycell,1,1,4,0.018,0.01
gaia,634,"10""",pgsphere,1,1,5,0.015,0.024
gaia,634,"10""",q3c,1,1,301,2.375,0.553
gaia,1088,1',skycell,1,1,4,0.059,0.03
gaia,1088,1',pgsphere,1,1,6,0.024,0.037
gaia,1088,1',skycell-rw,1,1,4,0.03,0.01
gaia,1088,1',q3c,1,1,301,2.581,0.552
gaia,1124,6',skycell-rw,3,2,5,0.074,0.042
gaia,1124,6',pgsphere,8,2,8,0.027,0.035
gaia,1124,6',q3c,4,2,301,2.328,0.532
gaia,1124,6',skycell,3,2,5,0.058,0.039
gaia,1286,6',q3c,5,15,302,2.689,0.585
gaia,1286,6',skycell,23,15,12,0.061,0.046
gaia,1286,6',skycell-rw,23,15,6,0.041,0.429
gaia,1286,6',pgsphere,8,15,11,0.088,0.054
gaia,522,"10""",pgsphere,1,1,5,0.022,0.023
gaia,522,"10""",q3c,1,1,301,2.679,0.53
gaia,522,"10""",skycell-rw,1,1,4,0.085,0.03
gaia,522,"10""",skycell,1,1,4,0.059,0.045
gaia,1332,30',q3c,126,504,312,2.442,0.689
gaia,1332,30',pgsphere,190,504,85,0.049,0.29
gaia,1332,30',skycell-rw,401,504,29,0.169,0.77
gaia,1332,30',skycell,398,504,32,0.117,0.189
gaia,302,"1""",q3c,1,1,301,3.098,0.629
gaia,302,"1""",skycell-rw,1,1,4,0.076,0.031
gaia,302,"1""",pgsphere,1,1,8,0.026,0.054
gaia,302,"1""",skycell,1,1,4,0.022,0.012
gaia,291,"1""",skycell-rw,1,0,3,0.031,0.015
gaia,291,"1""",pgsphere,1,0,4,0.014,0.024
gaia,291,"1""",q3c,1,0,300,2.592,0.63
gaia,291,"1""",skycell,1,0,3,0.057,0.024
gaia,1122,6',skycell,7,5,9,0.023,0.044
gaia,1122,6',skycell-rw,7,5,6,0.037,0.02
gaia,1122,6',q3c,1,5,301,2.388,0.831
gaia,1122,6',pgsphere,8,5,8,0.049,0.084
gaia,961,1',skycell,1,0,4,0.038,0.021
gaia,961,1',pgsphere,1,0,5,0.019,0.03
gaia,961,1',skycell-rw,1,0,4,0.034,0.011
gaia,961,1',q3c,1,0,300,2.893,0.699
gaia,922,1',skycell,1,1,4,0.058,0.04
gaia,922,1',skycell-rw,1,1,4,0.045,0.014
gaia,922,1',pgsphere,1,1,5,0.021,0.031
gaia,922,1',q3c,1,1,301,2.643,0.633
gaia,324,"1""",pgsphere,1,1,5,0.048,0.036
gaia,324,"1""",skycell-rw,1,1,4,0.053,0.022
gaia,324,"1""",q3c,1,1,301,3.077,0.752
gaia,324,"1""",skycell,1,1,4,0.056,0.028
gaia,155,"1""",skycell,1,0,3,0.024,0.025
gaia,155,"1""",skycell-rw,1,0,3,0.034,0.008
gaia,155,"1""",pgsphere,1,0,4,0.018,0.025
gaia,155,"1""",q3c,1,0,300,2.728,0.656
gaia,511,"10""",pgsphere,1,0,3,0.049,0.033
gaia,511,"10""",skycell-rw,1,0,3,0.047,0.017
gaia,511,"10""",skycell,1,0,3,0.058,0.011
gaia,511,"10""",q3c,1,0,300,2.387,0.617
gaia,43,"1""",q3c,1,0,300,3.03,0.826
gaia,43,"1""",skycell,1,0,6,0.059,0.028
gaia,43,"1""",pgsphere,1,0,6,0.026,0.053
gaia,43,"1""",skycell-rw,1,0,6,0.046,0.015
gaia,1101,6',pgsphere,8,1,6,0.016,0.031
gaia,1101,6',q3c,1,1,301,2.584,0.598
gaia,1101,6',skycell-rw,1,1,4,0.074,0.035
gaia,1101,6',skycell,1,1,4,0.022,0.014
gaia,1098,1',skycell,1,1,4,0.017,0.015
gaia,1098,1',pgsphere,1,1,6,0.023,0.04
gaia,1098,1',q3c,1,1,301,2.328,0.587
gaia,1098,1',skycell-rw,1,1,4,0.07,0.027
gaia,558,"10""",skycell-rw,1,1,7,0.047,0.023
gaia,558,"10""",q3c,1,1,301,2.606,0.62
gaia,558,"10""",pgsphere,1,1,6,0.053,0.05
gaia,558,"10""",skycell,1,1,7,0.036,0.023
gaia,859,1',skycell-rw,1,0,3,0.035,0.015
gaia,859,1',q3c,1,0,300,2.864,0.612
gaia,859,1',pgsphere,1,0,4,0.054,0.036
gaia,859,1',skycell,1,0,3,0.042,0.022
gaia,1186,6',skycell,21,15,10,0.027,0.052
gaia,1186,6',skycell-rw,21,15,10,0.05,0.034
gaia,1186,6',pgsphere,8,15,9,0.019,0.068
gaia,1186,6',q3c,6,15,303,2.592,0.666
gaia,870,1',q3c,1,1,301,2.658,0.586
gaia,870,1',skycell,1,1,4,0.056,0.031
gaia,870,1',pgsphere,1,1,6,0.026,0.036
gaia,870,1',skycell-rw,1,1,4,0.044,0.016
gaia,567,"10""",skycell,1,0,3,0.02,0.013
gaia,567,"10""",q3c,1,0,300,3.267,0.598
gaia,567,"10""",skycell-rw,1,0,3,0.072,0.023
gaia,567,"10""",pgsphere,1,0,5,0.022,0.036
gaia,1445,3deg,pgsphere,6853,470,34,0.029,0.21
gaia,1445,3deg,skycell,442,470,38,0.048,0.164
gaia,1445,3deg,skycell-rw,444,470,29,0.066,0.738
gaia,1445,3deg,q3c,575,470,311,3.031,0.726
gaia,531,"10""",skycell-rw,1,0,6,0.093,0.034
gaia,531,"10""",q3c,1,0,300,2.596,0.591
gaia,531,"10""",skycell,1,0,6,0.063,0.028
gaia,531,"10""",pgsphere,1,0,5,0.029,0.042
gaia,177,"1""",skycell,1,0,3,0.022,0.028
gaia,177,"1""",skycell-rw,1,0,3,0.034,0.008
gaia,177,"1""",q3c,1,0,300,2.332,0.652
gaia,177,"1""",pgsphere,1,0,5,0.055,0.043
gaia,1273,6',q3c,2,0,300,2.867,0.546
gaia,1273,6',skycell,1,0,4,0.061,0.033
gaia,1273,6',pgsphere,8,0,5,0.027,0.072
gaia,1273,6',skycell-rw,1,0,4,0.047,0.016
gaia,143,"1""",pgsphere,1,0,5,0.018,0.042
gaia,143,"1""",skycell-rw,1,0,3,0.03,0.014
gaia,143,"1""",q3c,1,0,300,2.771,0.658
gaia,143,"1""",skycell,1,0,3,0.1,0.03
gaia,571,"10""",skycell-rw,1,0,4,0.048,0.021
gaia,571,"10""",pgsphere,1,0,5,0.023,0.031
gaia,571,"10""",q3c,1,0,300,3.432,0.545
gaia,571,"10""",skycell,1,0,4,0.062,0.031
gaia,141,"1""",skycell,1,0,3,0.026,0.014
gaia,141,"1""",skycell-rw,1,0,3,0.036,0.049
gaia,141,"1""",q3c,1,0,300,2.494,0.597
gaia,141,"1""",pgsphere,1,0,5,0.055,0.042
gaia,1054,1',skycell,1,2,8,0.042,0.043
gaia,1054,1',skycell-rw,1,2,4,0.036,0.016
gaia,1054,1',pgsphere,1,2,7,0.077,0.048
gaia,1054,1',q3c,1,2,301,2.701,0.631
gaia,417,"10""",skycell,1,0,3,0.059,0.025
gaia,417,"10""",skycell-rw,1,0,3,0.041,0.014
gaia,417,"10""",q3c,1,0,300,2.703,0.656
gaia,417,"10""",pgsphere,1,0,5,0.053,0.044
gaia,1258,6',pgsphere,8,164,29,0.023,0.104
gaia,1258,6',q3c,83,164,307,2.808,0.701
gaia,1258,6',skycell-rw,120,164,24,0.121,0.719
gaia,1258,6',skycell,119,164,30,0.068,0.087
gaia,1041,1',skycell-rw,1,0,8,0.058,0.044
gaia,1041,1',q3c,1,0,300,3.324,0.553
gaia,1041,1',skycell,1,0,8,0.068,0.041
gaia,1041,1',pgsphere,1,0,5,0.034,0.033
gaia,1290,6',pgsphere,8,11,10,0.017,0.054
gaia,1290,6',skycell,20,11,18,0.032,0.043
gaia,1290,6',q3c,14,11,301,2.869,0.61
gaia,1290,6',skycell-rw,16,11,15,0.1,0.072
gaia,992,1',skycell,1,3,4,0.034,0.02
gaia,992,1',skycell-rw,1,3,4,0.031,0.011
gaia,992,1',pgsphere,1,3,8,0.024,0.058
gaia,992,1',q3c,1,3,301,2.832,0.546
gaia,1187,6',q3c,12,35,301,2.93,0.647
gaia,1187,6',skycell,36,35,9,0.13,0.086
gaia,1187,6',pgsphere,8,35,7,0.036,0.05
gaia,1187,6',skycell-rw,37,35,9,0.059,0.033
gaia,300,"1""",pgsphere,1,1,6,0.031,0.081
gaia,300,"1""",skycell-rw,1,1,4,0.051,0.02
gaia,300,"1""",skycell,1,1,4,0.022,0.01
gaia,300,"1""",q3c,1,1,301,2.85,0.574
gaia,298,"1""",q3c,1,1,301,2.663,0.676
gaia,298,"1""",skycell-rw,1,1,4,0.084,0.034
gaia,298,"1""",skycell,1,1,4,0.025,0.011
gaia,298,"1""",pgsphere,1,1,6,0.035,0.052
gaia,1143,6',pgsphere,8,3,7,0.016,0.045
gaia,1143,6',q3c,1,3,301,2.396,0.771
gaia,1143,6',skycell-rw,2,3,5,0.082,0.365
gaia,1143,6',skycell,2,3,4,0.053,0.065
gaia,949,1',pgsphere,1,0,6,0.035,0.04
gaia,949,1',skycell,1,0,4,0.024,0.018
gaia,949,1',q3c,1,0,300,2.854,0.724
gaia,949,1',skycell-rw,1,0,4,0.077,0.031
gaia,701,"10""",q3c,1,0,300,2.679,0.534
gaia,701,"10""",skycell-rw,1,0,4,0.077,0.03
gaia,701,"10""",skycell,1,0,4,0.026,0.01
gaia,701,"10""",pgsphere,1,0,5,0.02,0.032
gaia,906,1',q3c,1,2,301,2.517,0.561
gaia,906,1',pgsphere,1,2,5,0.056,0.042
gaia,906,1',skycell-rw,2,2,5,0.05,0.039
gaia,906,1',skycell,2,2,5,0.021,0.012
gaia,1029,1',q3c,1,3,301,2.71,0.654
gaia,1029,1',skycell-rw,1,3,5,0.079,0.045
gaia,1029,1',skycell,1,3,5,0.03,0.014
gaia,1029,1',pgsphere,1,3,5,0.02,0.03
gaia,1310,30',skycell,13,12,6,0.027,0.046
gaia,1310,30',q3c,14,12,302,2.621,0.723
gaia,1310,30',pgsphere,190,12,11,0.08,0.093
gaia,1310,30',skycell-rw,13,12,6,0.097,0.07
gaia,1344,30',pgsphere,190,24,13,0.043,0.111
gaia,1344,30',q3c,13,24,302,5.054,0.647
gaia,1344,30',skycell,28,24,13,0.07,0.06
gaia,1344,30',skycell-rw,29,24,13,0.081,0.044
gaia,1059,1',pgsphere,1,0,7,0.024,0.044
gaia,1059,1',skycell-rw,1,0,8,0.044,0.028
gaia,1059,1',q3c,1,0,300,2.879,0.599
gaia,1059,1',skycell,1,0,8,0.061,0.036
gaia,1008,1',skycell,2,2,4,0.026,0.037
gaia,1008,1',pgsphere,1,2,5,0.026,0.031
gaia,1008,1',q3c,1,2,301,2.876,0.604
gaia,1008,1',skycell-rw,2,2,4,0.076,0.035
gaia,823,1',q3c,1,0,300,2.669,0.546
gaia,823,1',skycell-rw,1,0,4,0.077,0.031
gaia,823,1',skycell,1,0,4,0.026,0.01
gaia,823,1',pgsphere,1,0,5,0.025,0.035
gaia,775,"10""",pgsphere,1,0,4,0.014,0.025
gaia,775,"10""",skycell,1,0,15,0.023,0.02
gaia,775,"10""",skycell-rw,1,0,13,0.059,0.02
gaia,775,"10""",q3c,1,0,300,2.81,0.587
gaia,1295,6',q3c,6,13,302,2.669,0.635
gaia,1295,6',skycell,13,13,16,0.065,0.057
gaia,1295,6',pgsphere,8,13,11,0.029,0.057
gaia,1295,6',skycell-rw,14,13,17,0.116,0.663
gaia,693,"10""",q3c,1,0,300,2.368,0.6
gaia,693,"10""",skycell-rw,1,0,4,0.081,0.033
gaia,693,"10""",skycell,1,0,4,0.028,0.011
gaia,693,"10""",pgsphere,1,0,5,0.019,0.033
gaia,1429,1deg,pgsphere,762,46,13,0.014,0.049
gaia,1429,1deg,q3c,73,46,303,2.599,0.648
gaia,1429,1deg,skycell-rw,52,46,12,0.136,0.079
gaia,1429,1deg,skycell,52,46,14,0.04,0.042
gaia,891,1',pgsphere,1,1,8,0.023,0.046
gaia,891,1',skycell,1,1,4,0.018,0.018
gaia,891,1',q3c,1,1,301,2.91,0.623
gaia,891,1',skycell-rw,1,1,4,0.076,0.032
gaia,233,"1""",pgsphere,1,0,4,0.03,0.027
gaia,233,"1""",q3c,1,0,300,2.677,0.584
gaia,233,"1""",skycell-rw,1,0,6,0.098,0.033
gaia,233,"1""",skycell,1,0,6,0.031,0.011
gaia,1074,1',pgsphere,1,5,9,0.022,0.063
gaia,1074,1',q3c,1,5,301,2.868,0.644
gaia,1074,1',skycell,1,5,6,0.06,0.041
gaia,1074,1',skycell-rw,1,5,6,0.04,0.018
gaia,680,"10""",q3c,1,1,301,2.453,0.547
gaia,680,"10""",skycell,1,1,4,0.06,0.034
gaia,680,"10""",pgsphere,1,1,6,0.031,0.039
gaia,680,"10""",skycell-rw,1,1,4,0.057,0.017
gaia,528,"10""",q3c,1,1,301,2.493,0.591
gaia,528,"10""",skycell-rw,1,1,4,0.076,0.032
gaia,528,"10""",skycell,1,1,4,0.026,0.011
gaia,528,"10""",pgsphere,1,1,6,0.02,0.046
gaia,788,"10""",q3c,1,1,301,2.795,0.578
gaia,788,"10""",pgsphere,1,1,5,0.052,0.042
gaia,788,"10""",skycell-rw,1,1,4,0.052,0.022
gaia,788,"10""",skycell,1,1,4,0.021,0.009
gaia,781,"10""",skycell-rw,1,0,3,0.068,0.037
gaia,781,"10""",skycell,1,0,3,0.019,0.007
gaia,781,"10""",q3c,1,0,300,2.876,0.534
gaia,781,"10""",pgsphere,1,0,6,0.089,0.048
gaia,234,"1""",skycell-rw,1,1,4,0.055,0.024
gaia,234,"1""",pgsphere,1,1,5,0.016,0.026
gaia,234,"1""",skycell,1,1,4,0.021,0.011
gaia,234,"1""",q3c,1,1,301,2.612,0.566
gaia,200,"1""",pgsphere,1,1,6,0.053,0.04
gaia,200,"1""",skycell-rw,1,1,4,0.047,0.021
gaia,200,"1""",q3c,1,1,301,2.849,0.611
gaia,200,"1""",skycell,1,1,4,0.062,0.032
gaia,979,1',q3c,1,0,300,2.897,0.621
gaia,979,1',skycell-rw,1,0,4,0.076,0.032
gaia,979,1',pgsphere,1,0,5,0.028,0.03
gaia,979,1',skycell,1,0,4,0.025,0.011
gaia,1094,1',skycell,2,3,4,0.021,0.02
gaia,1094,1',pgsphere,1,3,9,0.017,0.047
gaia,1094,1',q3c,1,3,301,2.708,0.581
gaia,1094,1',skycell-rw,3,3,4,0.091,0.034
gaia,1446,3deg,skycell-rw,4187,4983,117,0.183,1.044
gaia,1446,3deg,skycell,4178,4983,120,0.112,0.877
gaia,1446,3deg,pgsphere,6853,4983,193,0.038,1.517
gaia,1446,3deg,q3c,3237,4983,391,2.731,1.709
gaia,420,"10""",skycell,1,1,4,0.062,0.063
gaia,420,"10""",q3c,1,1,301,2.397,0.645
gaia,420,"10""",skycell-rw,1,1,4,0.08,0.032
gaia,420,"10""",pgsphere,1,1,7,0.025,0.038
gaia,357,"1""",skycell-rw,1,0,6,0.052,0.024
gaia,357,"1""",skycell,1,0,6,0.023,0.009
gaia,357,"1""",pgsphere,1,0,5,0.021,0.032
gaia,357,"1""",q3c,1,0,300,2.693,0.643
gaia,129,"1""",q3c,1,0,300,2.669,0.576
gaia,129,"1""",pgsphere,1,0,9,0.052,0.061
gaia,129,"1""",skycell-rw,1,0,3,0.051,0.019
gaia,129,"1""",skycell,1,0,3,0.032,0.012
gaia,540,"10""",pgsphere,1,1,6,0.02,0.036
gaia,540,"10""",q3c,1,1,301,2.873,0.53
gaia,540,"10""",skycell,1,1,4,0.061,0.036
gaia,540,"10""",skycell-rw,1,1,4,0.051,0.015
gaia,1178,6',skycell,112,147,19,0.036,0.085
gaia,1178,6',pgsphere,8,147,30,0.021,0.104
gaia,1178,6',q3c,16,147,304,2.437,0.613
gaia,1178,6',skycell-rw,113,147,16,0.093,0.959
gaia,1265,6',skycell,25,24,16,0.064,0.058
gaia,1265,6',q3c,6,24,304,2.386,0.599
gaia,1265,6',skycell-rw,28,24,16,0.098,0.704
gaia,1265,6',pgsphere,8,24,17,0.052,0.095
gaia,1355,30',pgsphere,190,95,21,0.026,0.103
gaia,1355,30',skycell,95,95,10,0.084,0.072
gaia,1355,30',q3c,73,95,305,2.51,0.667
gaia,1355,30',skycell-rw,96,95,12,0.095,0.665
gaia,1443,3deg,q3c,710,983,322,2.843,0.849
gaia,1443,3deg,skycell-rw,1223,983,42,0.23,0.307
gaia,1443,3deg,skycell,1227,983,65,0.099,0.263
gaia,1443,3deg,pgsphere,6853,983,56,0.032,0.379
gaia,232,"1""",q3c,1,1,301,2.698,0.591
gaia,232,"1""",skycell-rw,1,1,7,0.092,0.038
gaia,232,"1""",pgsphere,1,1,7,0.026,0.042
gaia,232,"1""",skycell,1,1,7,0.026,0.013
gaia,791,"10""",skycell-rw,1,0,3,0.033,0.015
gaia,791,"10""",pgsphere,1,0,6,0.018,0.043
gaia,791,"10""",skycell,1,0,3,0.021,0.008
gaia,791,"10""",q3c,1,0,300,2.685,0.566
gaia,844,1',q3c,1,1,301,2.727,0.562
gaia,844,1',skycell-rw,1,1,8,0.089,0.041
gaia,844,1',pgsphere,1,1,5,0.048,0.032
gaia,844,1',skycell,1,1,8,0.03,0.017
gaia,980,1',skycell,1,1,4,0.019,0.016
gaia,980,1',q3c,1,1,301,2.955,0.568
gaia,980,1',pgsphere,1,1,6,0.053,0.08
gaia,980,1',skycell-rw,1,1,4,0.059,0.024
gaia,1182,6',skycell,3,1,4,0.024,0.02
gaia,1182,6',q3c,2,1,301,2.572,0.551
gaia,1182,6',skycell-rw,3,1,4,0.075,0.033
gaia,1182,6',pgsphere,8,1,9,0.042,0.054
gaia,636,"10""",q3c,1,1,301,2.78,0.643
gaia,636,"10""",pgsphere,1,1,6,0.057,0.047
gaia,636,"10""",skycell,1,1,4,0.035,0.026
gaia,636,"10""",skycell-rw,1,1,4,0.039,0.011
gaia,294,"1""",pgsphere,1,1,5,0.019,0.026
gaia,294,"1""",skycell,1,1,7,0.02,0.017
gaia,294,"1""",q3c,1,1,301,2.68,0.58
gaia,294,"1""",skycell-rw,1,1,7,0.088,0.036
gaia,98,"1""",skycell-rw,1,1,4,0.05,0.037
gaia,98,"1""",skycell,1,1,4,0.021,0.009
gaia,98,"1""",pgsphere,1,1,7,0.019,0.04
gaia,98,"1""",q3c,1,1,301,2.974,0.6
gaia,924,1',skycell-rw,3,6,8,0.091,0.058
gaia,924,1',skycell,3,6,8,0.029,0.058
gaia,924,1',q3c,2,6,301,2.583,0.6
gaia,924,1',pgsphere,1,6,6,0.054,0.05
gaia,730,"10""",pgsphere,1,1,5,0.023,0.024
gaia,730,"10""",skycell-rw,1,1,4,0.056,0.02
gaia,730,"10""",q3c,1,1,301,3.238,0.584
gaia,730,"10""",skycell,1,1,4,0.06,0.031
gaia,1456,3deg,skycell,76240,85391,1240,0.101,13.881
gaia,1456,3deg,q3c,18856,85391,1437,2.48,15.729
gaia,1456,3deg,pgsphere,6853,85391,2051,0.07,18.315
gaia,1456,3deg,skycell-rw,75956,85391,1240,0.371,12.38
gaia,1396,30',skycell-rw,1150,1871,61,0.208,1.858
gaia,1396,30',q3c,607,1871,334,2.562,1.097
gaia,1396,30',pgsphere,190,1871,224,0.052,0.685
gaia,1396,30',skycell,1180,1871,65,0.085,0.462
gaia,778,"10""",q3c,1,1,301,2.277,0.628
gaia,778,"10""",skycell-rw,1,1,4,0.076,0.029
gaia,778,"10""",pgsphere,1,1,5,0.025,0.028
gaia,778,"10""",skycell,1,1,4,0.021,0.011
gaia,584,"10""",pgsphere,1,1,6,0.015,0.025
gaia,584,"10""",skycell,1,1,7,0.017,0.015
gaia,584,"10""",q3c,1,1,301,2.412,0.621
gaia,584,"10""",skycell-rw,1,1,7,0.085,0.034
gaia,1140,6',skycell-rw,15,15,15,0.059,0.514
gaia,1140,6',skycell,14,15,17,0.05,0.037
gaia,1140,6',q3c,5,15,301,2.733,0.675
gaia,1140,6',pgsphere,8,15,13,0.048,0.065
gaia,1073,1',skycell,1,0,4,0.041,0.022
gaia,1073,1',pgsphere,1,0,5,0.021,0.029
gaia,1073,1',skycell-rw,1,0,4,0.035,0.01
gaia,1073,1',q3c,1,0,300,2.933,0.638
gaia,928,1',pgsphere,1,1,5,0.048,0.056
gaia,928,1',q3c,1,1,301,2.99,0.626
gaia,928,1',skycell,1,1,4,0.055,0.031
gaia,928,1',skycell-rw,1,1,4,0.039,0.013
gaia,95,"1""",skycell,1,0,3,0.053,0.012
gaia,95,"1""",pgsphere,1,0,9,0.022,0.051
gaia,95,"1""",q3c,1,0,300,2.454,0.609
gaia,95,"1""",skycell-rw,1,0,3,0.071,0.023
gaia,721,"10""",q3c,1,0,300,2.906,0.608
gaia,721,"10""",skycell-rw,1,0,3,0.069,0.024
gaia,721,"10""",pgsphere,1,0,5,0.022,0.029
gaia,721,"10""",skycell,1,0,3,0.021,0.009
gaia,675,"10""",q3c,1,0,300,2.721,0.604
gaia,675,"10""",skycell,1,0,3,0.063,0.025
gaia,675,"10""",skycell-rw,1,0,3,0.04,0.009
gaia,675,"10""",pgsphere,1,0,5,0.019,0.029
gaia,426,"10""",q3c,1,1,301,2.789,0.601
gaia,426,"10""",skycell,1,1,15,0.06,0.039
gaia,426,"10""",skycell-rw,1,1,14,0.069,0.024
gaia,426,"10""",pgsphere,1,1,6,0.025,0.035
gaia,610,"10""",skycell,1,2,8,0.021,0.022
gaia,610,"10""",q3c,1,2,301,2.886,0.63
gaia,610,"10""",skycell-rw,1,2,7,0.078,0.036
gaia,610,"10""",pgsphere,1,2,7,0.031,0.039
gaia,405,"10""",q3c,1,0,300,2.536,0.586
gaia,405,"10""",pgsphere,1,0,6,0.046,0.044
gaia,405,"10""",skycell,1,0,3,0.032,0.017
gaia,405,"10""",skycell-rw,1,0,3,0.032,0.008
gaia,108,"1""",q3c,1,1,301,2.795,0.596
gaia,108,"1""",skycell,1,1,4,0.054,0.032
gaia,108,"1""",pgsphere,1,1,5,0.026,0.042
gaia,108,"1""",skycell-rw,1,1,4,0.032,0.01
gaia,756,"10""",pgsphere,1,1,5,0.019,0.055
gaia,756,"10""",skycell-rw,1,1,4,0.042,0.017
gaia,756,"10""",q3c,1,1,301,2.708,0.585
gaia,756,"10""",skycell,1,1,4,0.05,0.028
gaia,410,"10""",skycell,1,1,8,0.069,0.029
gaia,410,"10""",skycell-rw,1,1,8,0.052,0.021
gaia,410,"10""",pgsphere,1,1,9,0.02,0.054
gaia,410,"10""",q3c,1,1,301,2.47,0.534
gaia,1263,6',pgsphere,8,2,6,0.045,0.044
gaia,1263,6',skycell-rw,1,2,4,0.045,0.025
gaia,1263,6',skycell,1,2,4,0.018,0.013
gaia,1263,6',q3c,1,2,301,2.781,0.632
gaia,176,"1""",skycell,1,1,4,0.065,0.032
gaia,176,"1""",q3c,1,1,301,2.744,0.515
gaia,176,"1""",skycell-rw,1,1,4,0.07,0.027
gaia,176,"1""",pgsphere,1,1,5,0.024,0.028
gaia,287,"1""",pgsphere,1,0,7,0.022,0.038
gaia,287,"1""",skycell,1,0,6,0.027,0.026
gaia,287,"1""",skycell-rw,1,0,6,0.042,0.013
gaia,287,"1""",q3c,1,0,300,3.327,0.513
gaia,1312,30',pgsphere,190,210,28,0.046,0.121
gaia,1312,30',skycell-rw,204,210,24,0.08,0.559
gaia,1312,30',skycell,203,210,25,0.065,0.074
gaia,1312,30',q3c,57,210,307,2.774,1.669
gaia,397,"1""",skycell,1,0,3,0.052,0.023
gaia,397,"1""",pgsphere,1,0,4,0.026,0.06
gaia,397,"1""",skycell-rw,1,0,3,0.057,0.012
gaia,397,"1""",q3c,1,0,300,2.242,0.549
gaia,110,"1""",skycell,1,1,4,0.057,0.039
gaia,110,"1""",pgsphere,1,1,7,0.03,0.041
gaia,110,"1""",q3c,1,1,301,3.295,0.849
gaia,110,"1""",skycell-rw,1,1,4,0.102,0.042
gaia,1369,30',skycell-rw,24,31,6,0.082,0.129
gaia,1369,30',q3c,9,31,303,3.955,0.938
gaia,1369,30',pgsphere,190,31,7,0.061,0.078
gaia,1369,30',skycell,23,31,5,0.068,0.055
gaia,1449,3deg,q3c,4176,3456,362,4.294,2.129
gaia,1449,3deg,skycell-rw,3746,3456,98,0.287,1.576
gaia,1449,3deg,skycell,3845,3456,115,0.157,1.3
gaia,1449,3deg,pgsphere,6853,3456,151,0.062,2.057
gaia,198,"1""",skycell-rw,1,1,4,0.088,0.029
gaia,198,"1""",q3c,1,1,301,4.182,0.844
gaia,198,"1""",pgsphere,1,1,7,0.094,0.171
gaia,198,"1""",skycell,1,1,4,0.055,0.03
gaia,102,"1""",q3c,1,1,301,4.384,0.88
gaia,102,"1""",skycell,1,1,4,0.069,0.039
gaia,102,"1""",pgsphere,1,1,5,0.039,0.044
gaia,102,"1""",skycell-rw,1,1,4,0.049,0.014
gaia,1404,1deg,skycell-rw,846,760,34,0.125,0.405
gaia,1404,1deg,q3c,522,760,317,3.834,1.111
gaia,1404,1deg,skycell,844,760,59,0.12,0.389
gaia,1404,1deg,pgsphere,762,760,94,0.044,0.502
gaia,111,"1""",q3c,1,0,300,4.282,0.808
gaia,111,"1""",skycell,1,0,6,0.073,0.033
gaia,111,"1""",pgsphere,1,0,4,0.037,0.041
gaia,111,"1""",skycell-rw,1,0,6,0.077,0.022
gaia,887,1',q3c,1,0,300,4.658,0.817
gaia,887,1',pgsphere,1,0,7,0.059,0.095
gaia,887,1',skycell-rw,1,0,4,0.073,0.028
gaia,887,1',skycell,1,0,4,0.029,0.012
gaia,1019,1',skycell-rw,1,0,4,0.042,0.019
gaia,1019,1',q3c,1,0,300,4.512,0.804
gaia,1019,1',skycell,1,0,4,0.07,0.036
gaia,1019,1',pgsphere,1,0,6,0.032,0.136
gaia,708,"10""",skycell-rw,1,1,4,0.061,0.025
gaia,708,"10""",q3c,1,1,301,4.67,0.767
gaia,708,"10""",pgsphere,1,1,5,0.061,0.054
gaia,708,"10""",skycell,1,1,4,0.043,0.029
gaia,9,"1""",skycell,1,0,3,0.032,0.02
gaia,9,"1""",q3c,1,0,300,4.08,0.799
gaia,9,"1""",skycell-rw,1,0,3,0.171,0.063
gaia,9,"1""",pgsphere,1,0,4,0.115,0.077
gaia,534,"10""",skycell,1,1,7,0.133,0.077
gaia,534,"10""",pgsphere,1,1,5,0.098,0.139
gaia,534,"10""",q3c,1,1,301,4.576,0.827
gaia,534,"10""",skycell-rw,1,1,7,0.204,0.087
gaia,882,1',q3c,1,2,302,6.689,1.127
gaia,882,1',skycell,2,2,8,0.13,0.048
gaia,882,1',pgsphere,1,2,5,0.042,0.044
gaia,882,1',skycell-rw,2,2,4,0.057,0.029
gaia,806,1',skycell-rw,1,1,4,0.042,0.03
gaia,806,1',q3c,1,1,301,3.717,0.807
gaia,806,1',skycell,1,1,4,0.068,0.042
gaia,806,1',pgsphere,1,1,6,0.043,0.05
gaia,677,"10""",skycell-rw,1,0,3,0.056,0.018
gaia,677,"10""",pgsphere,1,0,3,0.02,0.023
gaia,677,"10""",q3c,1,0,300,3.44,0.766
gaia,677,"10""",skycell,1,0,3,0.066,0.028
gaia,1130,6',q3c,5,8,303,4.165,0.773
gaia,1130,6',skycell-rw,11,8,8,0.118,0.075
gaia,1130,6',pgsphere,8,8,7,0.07,0.071
gaia,1130,6',skycell,11,8,8,0.063,0.067
gaia,461,"10""",q3c,1,0,300,4.455,0.847
gaia,461,"10""",skycell-rw,1,0,3,0.078,0.027
gaia,461,"10""",skycell,1,0,3,0.027,0.009
gaia,461,"10""",pgsphere,1,0,5,0.03,0.035
gaia,1194,6',skycell,127,158,26,0.04,0.109
gaia,1194,6',skycell-rw,128,158,20,0.059,0.088
gaia,1194,6',q3c,3,158,306,2.747,0.764
gaia,1194,6',pgsphere,8,158,34,0.081,0.14
gaia,760,"10""",skycell-rw,1,2,4,0.056,0.024
gaia,760,"10""",q3c,1,2,301,2.844,0.597
gaia,760,"10""",skycell,1,2,4,0.057,0.03
gaia,760,"10""",pgsphere,1,2,7,0.027,0.039
gaia,565,"10""",pgsphere,1,0,4,0.016,0.021
gaia,565,"10""",skycell,1,0,3,0.021,0.013
gaia,565,"10""",skycell-rw,1,0,3,0.07,0.01
gaia,565,"10""",q3c,1,0,300,2.408,0.604
gaia,541,"10""",skycell,1,0,3,0.065,0.024
gaia,541,"10""",pgsphere,1,0,6,0.028,0.041
gaia,541,"10""",skycell-rw,1,0,3,0.036,0.009
gaia,541,"10""",q3c,1,0,300,2.871,0.581
gaia,578,"10""",pgsphere,1,1,5,0.05,0.043
gaia,578,"10""",skycell,1,1,4,0.033,0.023
gaia,578,"10""",skycell-rw,1,1,4,0.04,0.016
gaia,578,"10""",q3c,1,1,301,2.757,0.611
gaia,1262,6',skycell,98,102,17,0.068,0.074
gaia,1262,6',skycell-rw,98,102,16,0.057,0.752
gaia,1262,6',q3c,31,102,307,2.59,0.647
gaia,1262,6',pgsphere,8,102,25,0.054,0.111
gaia,516,"10""",q3c,1,1,301,2.294,0.559
gaia,516,"10""",skycell-rw,1,1,4,0.088,0.031
gaia,516,"10""",pgsphere,1,1,5,0.027,0.032
gaia,516,"10""",skycell,1,1,4,0.022,0.012
gaia,352,"1""",q3c,1,1,301,2.527,0.566
gaia,352,"1""",skycell,1,1,10,0.095,0.035
gaia,352,"1""",skycell-rw,1,1,10,0.068,0.021
gaia,352,"1""",pgsphere,1,1,7,0.02,0.042
gaia,79,"1""",skycell-rw,1,0,3,0.029,0.014
gaia,79,"1""",pgsphere,1,0,4,0.013,0.02
gaia,79,"1""",q3c,1,0,300,2.574,0.583
gaia,79,"1""",skycell,1,0,3,0.061,0.027
gaia,392,"1""",skycell-rw,1,1,4,0.05,0.021
gaia,392,"1""",skycell,1,1,4,0.023,0.01
gaia,392,"1""",q3c,1,1,301,2.815,0.574
gaia,392,"1""",pgsphere,1,1,8,0.052,0.054
gaia,120,"1""",pgsphere,1,1,6,0.023,0.066
gaia,120,"1""",skycell-rw,1,1,4,0.047,0.029
gaia,120,"1""",q3c,1,1,301,2.455,0.576
gaia,120,"1""",skycell,1,1,4,0.059,0.03
gaia,457,"10""",pgsphere,1,0,6,0.032,0.043
gaia,457,"10""",skycell,1,0,3,0.02,0.014
gaia,457,"10""",q3c,1,0,300,2.726,0.758
gaia,457,"10""",skycell-rw,1,0,3,0.078,0.064
gaia,1039,1',pgsphere,1,0,5,0.033,0.029
gaia,1039,1',q3c,1,0,300,2.704,0.567
gaia,1039,1',skycell-rw,1,0,4,0.117,0.032
gaia,1039,1',skycell,1,0,4,0.029,0.011
gaia,868,1',q3c,1,5,301,3.005,0.649
gaia,868,1',skycell,1,5,4,0.061,0.034
gaia,868,1',skycell-rw,1,5,4,0.043,0.016
gaia,868,1',pgsphere,1,5,8,0.021,0.051
gaia,1438,1deg,q3c,49,117,303,2.376,0.605
gaia,1438,1deg,skycell,212,117,19,0.076,0.097
gaia,1438,1deg,skycell-rw,213,117,14,0.067,0.403
gaia,1438,1deg,pgsphere,762,117,37,0.043,0.135
gaia,75,"1""",skycell-rw,1,0,6,0.083,0.13
gaia,75,"1""",skycell,1,0,6,0.044,0.014
gaia,75,"1""",q3c,1,0,300,2.827,0.72
gaia,75,"1""",pgsphere,1,0,5,0.054,0.131
gaia,265,"1""",skycell,1,0,3,0.044,0.021
gaia,265,"1""",skycell-rw,1,0,3,0.035,0.008
gaia,265,"1""",pgsphere,1,0,7,0.017,0.038
gaia,265,"1""",q3c,1,0,300,2.694,0.642
gaia,149,"1""",skycell-rw,1,0,3,0.64,0.047
gaia,149,"1""",q3c,1,0,300,5.278,1.382
gaia,149,"1""",skycell,1,0,3,0.269,0.044
gaia,149,"1""",pgsphere,1,0,5,0.059,0.048
gaia,1270,6',skycell-rw,46,98,16,0.085,0.122
gaia,1270,6',pgsphere,8,98,21,0.054,0.154
gaia,1270,6',q3c,26,98,305,6.369,1.682
gaia,1270,6',skycell,47,98,19,0.776,0.137
gaia,1352,30',skycell-rw,323,296,28,0.12,0.218
gaia,1352,30',q3c,136,296,306,5.015,1.589
gaia,1352,30',pgsphere,190,296,65,0.069,0.227
gaia,1352,30',skycell,321,296,35,0.063,0.185
gaia,169,"1""",skycell-rw,1,0,3,0.077,0.021
gaia,169,"1""",q3c,1,0,300,4.144,1.472
gaia,169,"1""",pgsphere,1,0,5,0.057,0.046
gaia,169,"1""",skycell,1,0,3,0.067,0.033
gaia,107,"1""",q3c,1,0,300,4.347,1.718
gaia,107,"1""",skycell,1,0,6,0.078,0.031
gaia,107,"1""",pgsphere,1,0,5,0.034,0.037
gaia,107,"1""",skycell-rw,1,0,6,0.054,0.017
gaia,254,"1""",pgsphere,1,1,6,0.016,0.033
gaia,254,"1""",q3c,1,1,301,4.94,0.724
gaia,254,"1""",skycell,1,1,4,0.762,0.042
gaia,254,"1""",skycell-rw,1,1,4,0.061,0.015
gaia,460,"10""",pgsphere,1,1,5,0.027,0.036
gaia,460,"10""",q3c,1,1,301,5.037,1.445
gaia,460,"10""",skycell,1,1,4,0.079,0.037
gaia,460,"10""",skycell-rw,1,1,4,0.127,0.031
gaia,1149,6',pgsphere,8,38,11,0.031,0.08
gaia,1149,6',skycell,41,38,9,0.03,0.05
gaia,1149,6',q3c,6,38,304,5.696,0.749
gaia,1149,6',skycell-rw,41,38,9,0.096,0.091
gaia,131,"1""",q3c,1,0,300,4.826,1.359
gaia,131,"1""",skycell-rw,1,0,3,0.091,0.032
gaia,131,"1""",pgsphere,1,0,8,0.029,0.055
gaia,131,"1""",skycell,1,0,3,0.03,0.013
gaia,339,"1""",skycell,1,0,3,0.019,0.015
gaia,339,"1""",q3c,1,0,300,5.458,1.896
gaia,339,"1""",skycell-rw,1,0,3,0.915,0.061
gaia,339,"1""",pgsphere,1,0,5,0.067,0.058
gaia,975,1',skycell,1,0,4,0.088,0.083
gaia,975,1',skycell-rw,1,0,4,0.084,0.029
gaia,975,1',q3c,1,0,300,7.977,1.913
gaia,975,1',pgsphere,1,0,5,0.078,0.056
gaia,1436,1deg,skycell,1582,1526,65,0.12,1.249
gaia,1436,1deg,skycell-rw,1584,1526,45,0.144,0.473
gaia,1436,1deg,pgsphere,762,1526,180,0.054,1.354
gaia,1436,1deg,q3c,747,1526,332,5.826,1.714
gaia,1193,6',pgsphere,8,4,8,0.058,0.055
gaia,1193,6',skycell-rw,3,4,8,0.09,0.055
gaia,1193,6',skycell,3,4,8,0.062,0.038
gaia,1193,6',q3c,1,4,301,3.446,1.016
gaia,771,"10""",pgsphere,1,0,5,0.053,0.039
gaia,771,"10""",skycell-rw,1,0,3,0.051,0.02
gaia,771,"10""",q3c,1,0,300,2.968,0.858
gaia,771,"10""",skycell,1,0,3,0.066,0.03
gaia,212,"1""",q3c,1,1,301,2.609,0.705
gaia,212,"1""",pgsphere,1,1,6,0.072,0.067
gaia,212,"1""",skycell,1,1,4,0.146,0.041
gaia,212,"1""",skycell-rw,1,1,4,0.059,0.016
gaia,572,"10""",skycell-rw,1,1,4,0.05,0.027
gaia,572,"10""",q3c,1,1,301,3.099,0.801
gaia,572,"10""",skycell,1,1,4,0.063,0.034
gaia,572,"10""",pgsphere,1,1,13,0.028,0.123
gaia,1235,6',skycell,6,15,7,0.031,0.064
gaia,1235,6',pgsphere,8,15,13,0.019,0.059
gaia,1235,6',q3c,6,15,301,2.616,0.668
gaia,1235,6',skycell-rw,6,15,7,0.077,0.102
gaia,925,1',skycell-rw,1,0,3,0.048,0.016
gaia,925,1',q3c,1,0,300,2.956,0.585
gaia,925,1',skycell,1,0,3,0.059,0.025
gaia,925,1',pgsphere,1,0,5,0.035,0.039
gaia,596,"10""",skycell,1,1,4,0.031,0.024
gaia,596,"10""",pgsphere,1,1,7,0.019,0.032
gaia,596,"10""",q3c,1,1,301,2.818,0.629
gaia,596,"10""",skycell-rw,1,1,4,0.097,0.036
gaia,485,"10""",pgsphere,1,0,4,0.053,0.039
gaia,485,"10""",q3c,1,0,300,3.047,0.642
gaia,485,"10""",skycell-rw,1,0,7,0.092,0.039
gaia,485,"10""",skycell,1,0,7,0.03,0.012
gaia,1022,1',pgsphere,1,9,7,0.032,0.049
gaia,1022,1',q3c,1,9,302,2.963,0.618
gaia,1022,1',skycell,6,9,8,0.082,0.062
gaia,1022,1',skycell-rw,6,9,8,0.091,0.046
gaia,160,"1""",q3c,1,1,301,2.588,0.602
gaia,160,"1""",skycell,1,1,4,0.058,0.033
gaia,160,"1""",skycell-rw,1,1,4,0.04,0.012
gaia,160,"1""",pgsphere,1,1,5,0.025,0.044
gaia,1374,30',skycell-rw,1082,1009,42,0.086,0.938
gaia,1374,30',pgsphere,190,1009,115,0.049,0.471
gaia,1374,30',skycell,1094,1009,50,0.083,0.252
gaia,1374,30',q3c,169,1009,323,2.674,0.874
gaia,666,"10""",skycell-rw,1,1,4,0.079,0.033
gaia,666,"10""",q3c,1,1,301,2.922,0.548
gaia,666,"10""",skycell,1,1,4,0.057,0.033
gaia,666,"10""",pgsphere,1,1,7,0.027,0.041
gaia,1301,30',q3c,6,25,302,2.789,0.65
gaia,1301,30',pgsphere,190,25,10,0.059,0.1
gaia,1301,30',skycell-rw,24,25,10,0.075,1.213
gaia,1301,30',skycell,23,25,5,0.065,0.045
gaia,271,"1""",q3c,1,0,300,2.83,0.54
gaia,271,"1""",pgsphere,1,0,7,0.051,0.05
gaia,271,"1""",skycell,1,0,3,0.039,0.02
gaia,271,"1""",skycell-rw,1,0,3,0.044,0.01
gaia,273,"1""",skycell,1,0,3,0.024,0.014
gaia,273,"1""",pgsphere,1,0,8,0.018,0.045
gaia,273,"1""",skycell-rw,1,0,3,0.026,0.007
gaia,273,"1""",q3c,1,0,300,2.751,0.744
gaia,1281,6',q3c,5,7,303,2.871,0.582
gaia,1281,6',skycell,4,7,6,0.077,0.081
gaia,1281,6',pgsphere,8,7,6,0.055,0.053
gaia,1281,6',skycell-rw,4,7,7,0.096,0.367
gaia,1040,1',q3c,1,7,301,2.508,0.614
gaia,1040,1',skycell-rw,2,7,5,0.076,0.049
gaia,1040,1',skycell,2,7,5,0.033,0.018
gaia,1040,1',pgsphere,1,7,6,0.041,0.066
gaia,409,"10""",skycell,1,0,3,0.039,0.027
gaia,409,"10""",q3c,1,0,300,2.348,0.54
gaia,409,"10""",skycell-rw,1,0,3,0.072,0.024
gaia,409,"10""",pgsphere,1,0,6,0.063,0.036
gaia,220,"1""",skycell,1,1,4,0.03,0.02
gaia,220,"1""",q3c,1,1,301,2.342,0.56
gaia,220,"1""",skycell-rw,1,1,4,0.074,0.031
gaia,220,"1""",pgsphere,1,1,7,0.023,0.043
gaia,826,1',skycell-rw,1,2,8,0.065,0.041
gaia,826,1',skycell,1,2,8,0.026,0.013
gaia,826,1',pgsphere,1,2,6,0.017,0.037
gaia,826,1',q3c,1,2,301,2.681,0.536
gaia,1333,30',skycell,224,165,25,0.07,0.1
gaia,1333,30',skycell-rw,221,165,18,0.076,0.075
gaia,1333,30',q3c,221,165,307,2.748,0.657
gaia,1333,30',pgsphere,190,165,36,0.053,0.121
gaia,33,"1""",q3c,1,0,300,2.423,0.512
gaia,33,"1""",skycell,1,0,3,0.084,0.027
gaia,33,"1""",pgsphere,1,0,6,0.038,0.038
gaia,33,"1""",skycell-rw,1,0,3,0.036,0.009
gaia,718,"10""",pgsphere,1,1,5,0.015,0.029
gaia,718,"10""",skycell-rw,1,1,4,0.028,0.017
gaia,718,"10""",q3c,1,1,301,2.689,0.571
gaia,718,"10""",skycell,1,1,4,0.058,0.03
gaia,1052,1',skycell,1,1,4,0.025,0.017
gaia,1052,1',q3c,1,1,301,2.721,0.596
gaia,1052,1',pgsphere,1,1,5,0.05,0.038
gaia,1052,1',skycell-rw,1,1,4,0.049,0.021
gaia,89,"1""",skycell-rw,1,0,3,0.027,0.012
gaia,89,"1""",q3c,1,0,300,2.668,0.502
gaia,89,"1""",pgsphere,1,0,6,0.052,0.045
gaia,89,"1""",skycell,1,0,3,0.051,0.023
gaia,268,"1""",pgsphere,1,1,5,0.044,0.047
gaia,268,"1""",q3c,1,1,301,3.093,0.573
gaia,268,"1""",skycell,1,1,4,0.058,0.031
gaia,268,"1""",skycell-rw,1,1,4,0.077,0.015
gaia,1241,6',pgsphere,8,13,13,0.032,0.058
gaia,1241,6',q3c,5,13,301,2.533,0.563
gaia,1241,6',skycell-rw,15,13,9,0.111,0.92
gaia,1241,6',skycell,15,13,8,0.104,0.042
gaia,589,"10""",q3c,1,0,300,2.281,0.569
gaia,589,"10""",pgsphere,1,0,5,0.051,0.04
gaia,589,"10""",skycell-rw,1,0,4,0.046,0.022
gaia,589,"10""",skycell,1,0,4,0.02,0.009
gaia,857,1',pgsphere,1,0,5,0.016,0.034
gaia,857,1',skycell-rw,1,0,3,0.033,0.016
gaia,857,1',skycell,1,0,3,0.019,0.007
gaia,857,1',q3c,1,0,300,2.356,0.565
gaia,1389,30',skycell-rw,31,34,10,0.102,0.948
gaia,1389,30',skycell,31,34,9,0.053,0.034
gaia,1389,30',pgsphere,190,34,13,0.026,0.064
gaia,1389,30',q3c,10,34,302,2.581,0.525
gaia,25,"1""",pgsphere,1,0,8,0.049,0.052
gaia,25,"1""",q3c,1,0,300,2.602,0.574
gaia,25,"1""",skycell-rw,1,0,3,0.075,0.028
gaia,25,"1""",skycell,1,0,3,0.029,0.01
gaia,301,"1""",pgsphere,1,0,5,0.024,0.036
gaia,301,"1""",q3c,1,0,300,2.563,0.526
gaia,301,"1""",skycell-rw,1,0,3,0.074,0.024
gaia,301,"1""",skycell,1,0,3,0.026,0.009
gaia,502,"10""",pgsphere,1,1,6,0.024,0.037
gaia,502,"10""",skycell,1,1,4,0.042,0.03
gaia,502,"10""",skycell-rw,1,1,4,0.042,0.014
gaia,502,"10""",q3c,1,1,301,2.535,0.522
gaia,1196,6',pgsphere,8,25,10,0.049,0.053
gaia,1196,6',q3c,5,25,303,2.612,0.553
gaia,1196,6',skycell-rw,17,25,7,0.075,0.059
gaia,1196,6',skycell,17,25,14,0.037,0.027
gaia,1315,30',skycell,183,296,22,0.036,0.135
gaia,1315,30',skycell-rw,184,296,20,0.058,0.946
gaia,1315,30',q3c,195,296,312,2.433,0.697
gaia,1315,30',pgsphere,190,296,56,0.07,0.406
gaia,583,"10""",skycell,1,0,4,0.071,0.031
gaia,583,"10""",skycell-rw,1,0,4,0.112,0.029
gaia,583,"10""",q3c,1,0,300,3.645,0.814
gaia,583,"10""",pgsphere,1,0,5,0.069,0.056
gaia,65,"1""",skycell,1,0,3,0.068,0.034
gaia,65,"1""",pgsphere,1,0,5,0.042,0.044
gaia,65,"1""",skycell-rw,1,0,3,0.07,0.023
gaia,65,"1""",q3c,1,0,300,3.852,0.826
gaia,796,"10""",pgsphere,1,1,5,0.072,0.057
gaia,796,"10""",skycell,1,1,15,0.06,0.04
gaia,796,"10""",skycell-rw,1,1,13,0.152,0.058
gaia,796,"10""",q3c,1,1,301,4.22,0.966
gaia,618,"10""",q3c,1,1,301,4.007,0.921
gaia,618,"10""",skycell,1,1,4,0.068,0.034
gaia,618,"10""",pgsphere,1,1,5,0.039,0.04
gaia,618,"10""",skycell-rw,1,1,4,0.041,0.014
gaia,816,1',pgsphere,1,3,9,0.018,0.045
gaia,816,1',q3c,1,3,301,2.901,0.853
gaia,816,1',skycell-rw,1,3,6,0.107,0.119
gaia,816,1',skycell,1,3,8,0.067,0.038
gaia,26,"1""",pgsphere,1,1,8,0.048,0.065
gaia,26,"1""",skycell,1,1,4,0.049,0.074
gaia,26,"1""",q3c,1,1,301,4.025,0.732
gaia,26,"1""",skycell-rw,1,1,4,0.099,0.04
gaia,761,"10""",q3c,1,0,300,4.114,0.77
gaia,761,"10""",skycell-rw,1,0,6,0.091,0.035
gaia,761,"10""",pgsphere,1,0,5,0.029,0.032
gaia,761,"10""",skycell,1,0,6,0.038,0.017
gaia,1012,1',q3c,1,1,301,2.437,0.785
gaia,1012,1',skycell,1,1,4,0.075,0.043
gaia,1012,1',pgsphere,1,1,6,0.043,0.052
gaia,1012,1',skycell-rw,1,1,4,0.072,0.027
gaia,644,"10""",pgsphere,1,1,8,0.05,0.084
gaia,644,"10""",q3c,1,1,301,3.931,0.856
gaia,644,"10""",skycell,1,1,7,0.066,0.156
gaia,644,"10""",skycell-rw,1,1,7,0.104,0.039
gaia,1100,1',q3c,1,4,302,3.787,0.839
gaia,1100,1',skycell,3,4,5,0.079,0.051
gaia,1100,1',pgsphere,1,4,7,0.046,0.05
gaia,1100,1',skycell-rw,3,4,5,0.05,0.023
gaia,386,"1""",q3c,1,1,301,2.561,0.592
gaia,386,"1""",skycell-rw,1,1,4,0.076,0.032
gaia,386,"1""",skycell,1,1,4,0.026,0.011
gaia,386,"1""",pgsphere,1,1,5,0.021,0.031
gaia,1305,30',pgsphere,190,133,30,0.03,0.145
gaia,1305,30',skycell,80,133,13,0.037,0.093
gaia,1305,30',q3c,22,133,306,2.821,0.744
gaia,1305,30',skycell-rw,84,133,20,0.105,1.121
gaia,527,"10""",skycell,1,0,4,0.053,0.027
gaia,527,"10""",pgsphere,1,0,6,0.027,0.04
gaia,527,"10""",q3c,1,0,300,2.809,0.571
gaia,527,"10""",skycell-rw,1,0,4,0.071,0.03
gaia,1276,6',q3c,62,179,306,2.931,0.662
gaia,1276,6',skycell,177,179,25,0.073,0.099
gaia,1276,6',skycell-rw,179,179,21,0.096,0.08
gaia,1276,6',pgsphere,8,179,31,0.026,0.112
gaia,1051,1',pgsphere,1,2,8,0.017,0.039
gaia,1051,1',q3c,1,2,301,2.607,0.622
gaia,1051,1',skycell,2,2,4,0.057,0.046
gaia,1051,1',skycell-rw,2,2,4,0.045,0.018
gaia,374,"1""",q3c,1,1,301,2.75,0.628
gaia,374,"1""",skycell,1,1,4,0.053,0.039
gaia,374,"1""",pgsphere,1,1,5,0.028,0.029
gaia,374,"1""",skycell-rw,1,1,4,0.036,0.011
gaia,1005,1',pgsphere,1,0,5,0.016,0.028
gaia,1005,1',q3c,1,0,300,2.597,0.698
gaia,1005,1',skycell-rw,1,0,3,0.068,0.023
gaia,1005,1',skycell,1,0,3,0.03,0.011
gaia,600,"10""",skycell-rw,1,1,4,0.032,0.019
gaia,600,"10""",q3c,1,1,301,2.771,0.603
gaia,600,"10""",pgsphere,1,1,5,0.074,0.093
gaia,600,"10""",skycell,1,1,4,0.041,0.022
gaia,779,"10""",skycell,1,0,3,0.02,0.014
gaia,779,"10""",skycell-rw,1,0,3,0.033,0.008
gaia,779,"10""",pgsphere,1,0,5,0.016,0.034
gaia,779,"10""",q3c,1,0,300,3.712,0.749
gaia,873,1',pgsphere,1,0,4,0.1,0.049
gaia,873,1',q3c,1,0,300,3.535,0.586
gaia,873,1',skycell-rw,1,0,7,0.104,0.045
gaia,873,1',skycell,1,0,8,0.03,0.013
gaia,323,"1""",skycell,1,0,3,0.028,0.016
gaia,323,"1""",pgsphere,1,0,6,0.022,0.038
gaia,323,"1""",skycell-rw,1,0,3,0.03,0.007
gaia,323,"1""",q3c,1,0,300,2.785,0.677
gaia,932,1',skycell-rw,1,1,4,0.144,0.047
gaia,932,1',q3c,1,1,301,2.379,0.595
gaia,932,1',skycell,1,1,4,0.059,0.033
gaia,932,1',pgsphere,1,1,5,0.026,0.033
gaia,915,1',pgsphere,1,0,5,0.015,0.028
gaia,915,1',skycell,1,0,4,0.021,0.018
gaia,915,1',skycell-rw,1,0,4,0.032,0.008
gaia,915,1',q3c,1,0,300,2.757,0.644
gaia,483,"10""",q3c,1,0,300,2.67,0.593
gaia,483,"10""",pgsphere,1,0,7,0.05,0.052
gaia,483,"10""",skycell,1,0,3,0.043,0.022
gaia,483,"10""",skycell-rw,1,0,3,0.035,0.008
gaia,1439,1deg,pgsphere,762,175,32,0.016,0.131
gaia,1439,1deg,skycell-rw,90,175,20,0.05,1.237
gaia,1439,1deg,skycell,89,175,21,0.062,0.084
gaia,1439,1deg,q3c,32,175,305,2.595,0.614
gaia,163,"1""",skycell-rw,1,0,6,0.086,0.028
gaia,163,"1""",skycell,1,0,6,0.035,0.012
gaia,163,"1""",pgsphere,1,0,6,0.022,0.038
gaia,163,"1""",q3c,1,0,300,2.474,0.682
gaia,12,"1""",q3c,1,1,301,2.63,0.659
gaia,12,"1""",skycell-rw,1,1,4,0.083,0.032
gaia,12,"1""",skycell,1,1,4,0.028,0.012
gaia,12,"1""",pgsphere,1,1,5,0.081,0.036
gaia,694,"10""",pgsphere,1,1,5,0.016,0.03
gaia,694,"10""",skycell,1,1,5,0.023,0.021
gaia,694,"10""",skycell-rw,1,1,5,0.032,0.011
gaia,694,"10""",q3c,1,1,301,2.735,0.693
gaia,938,1',skycell,1,1,4,0.133,0.03
gaia,938,1',pgsphere,1,1,6,0.031,0.036
gaia,938,1',q3c,1,1,301,2.74,0.576
gaia,938,1',skycell-rw,1,1,4,0.074,0.028
gaia,1278,6',pgsphere,8,71,15,0.024,0.112
gaia,1278,6',q3c,5,71,302,2.678,0.824
gaia,1278,6',skycell,65,71,10,0.123,0.086
gaia,1278,6',skycell-rw,66,71,8,0.065,0.172
gaia,739,"10""",skycell,1,0,3,0.04,0.025
gaia,739,"10""",q3c,1,0,300,2.994,0.655
gaia,739,"10""",skycell-rw,1,0,3,0.076,0.026
gaia,739,"10""",pgsphere,1,0,5,0.028,0.035
gaia,586,"10""",skycell,1,1,7,0.03,0.023
gaia,586,"10""",pgsphere,1,1,9,0.017,0.048
gaia,586,"10""",skycell-rw,1,1,7,0.046,0.017
gaia,586,"10""",q3c,1,1,301,3.046,0.626
gaia,984,1',skycell,1,1,4,0.064,0.044
gaia,984,1',pgsphere,1,1,11,0.027,0.063
gaia,984,1',skycell-rw,1,1,4,0.036,0.014
gaia,984,1',q3c,1,1,301,2.84,0.698
gaia,910,1',skycell-rw,1,1,4,0.079,0.031
gaia,910,1',q3c,1,1,301,2.592,0.555
gaia,910,1',pgsphere,1,1,6,0.07,0.057
gaia,910,1',skycell,1,1,4,0.063,0.037
gaia,425,"10""",skycell,1,0,3,0.043,0.023
gaia,425,"10""",skycell-rw,1,0,3,0.067,0.02
gaia,425,"10""",pgsphere,1,0,6,0.087,0.051
gaia,425,"10""",q3c,1,0,300,2.997,0.62
gaia,458,"10""",pgsphere,1,1,6,0.085,0.047
gaia,458,"10""",q3c,1,1,301,2.872,0.583
gaia,458,"10""",skycell,1,1,4,0.061,0.033
gaia,458,"10""",skycell-rw,1,1,4,0.043,0.012
gaia,303,"1""",q3c,1,0,300,2.769,0.642
gaia,303,"1""",skycell,1,0,3,0.061,0.028
gaia,303,"1""",skycell-rw,1,0,3,0.054,0.012
gaia,303,"1""",pgsphere,1,0,9,0.02,0.049
gaia,1448,3deg,q3c,33392,92191,1769,2.75,17.473
gaia,1448,3deg,pgsphere,6853,92191,2712,0.066,25.436
gaia,1448,3deg,skycell-rw,81705,92191,1341,0.343,14.017
gaia,1448,3deg,skycell,82028,92191,1341,0.172,14.669
gaia,1169,6',pgsphere,8,9,12,0.07,0.073
gaia,1169,6',skycell,8,9,13,0.05,0.049
gaia,1169,6',skycell-rw,8,9,11,0.061,0.047
gaia,1169,6',q3c,2,9,303,2.511,0.722
gaia,604,"10""",pgsphere,1,1,6,0.102,0.046
gaia,604,"10""",q3c,1,1,301,2.637,0.762
gaia,604,"10""",skycell-rw,1,1,4,0.083,0.032
gaia,604,"10""",skycell,1,1,4,0.035,0.023
gaia,1067,1',skycell,1,0,8,0.023,0.022
gaia,1067,1',q3c,1,0,300,2.798,0.709
gaia,1067,1',skycell-rw,1,0,8,0.092,0.044
gaia,1067,1',pgsphere,1,0,5,0.035,0.033
gaia,780,"10""",q3c,1,2,301,2.367,0.671
gaia,780,"10""",skycell-rw,1,2,4,0.089,0.037
gaia,780,"10""",skycell,1,2,4,0.045,0.022
gaia,780,"10""",pgsphere,1,2,6,0.028,0.036
gaia,900,1',skycell-rw,1,1,4,0.035,0.038
gaia,900,1',skycell,1,1,4,0.021,0.011
gaia,900,1',pgsphere,1,1,7,0.015,0.035
gaia,900,1',q3c,1,1,301,2.645,0.63
gaia,30,"1""",pgsphere,1,1,6,0.052,0.041
gaia,30,"1""",q3c,1,1,301,2.862,0.606
gaia,30,"1""",skycell,1,1,7,0.061,0.033
gaia,30,"1""",skycell-rw,1,1,7,0.056,0.018
gaia,286,"1""",pgsphere,1,1,6,0.025,0.037
gaia,286,"1""",skycell,1,1,4,0.019,0.072
gaia,286,"1""",q3c,1,1,301,2.983,0.585
gaia,286,"1""",skycell-rw,1,1,4,0.076,0.031
gaia,1351,30',q3c,21,16,301,2.786,0.638
gaia,1351,30',skycell-rw,13,16,7,0.08,0.072
gaia,1351,30',skycell,13,16,10,0.04,0.032
gaia,1351,30',pgsphere,190,16,12,0.033,0.051
gaia,70,"1""",q3c,1,1,301,2.454,0.597
gaia,70,"1""",pgsphere,1,1,5,0.051,0.04
gaia,70,"1""",skycell-rw,1,1,4,0.049,0.02
gaia,70,"1""",skycell,1,1,4,0.02,0.023
gaia,807,1',pgsphere,1,0,4,0.018,0.024
gaia,807,1',skycell-rw,1,0,4,0.028,0.017
gaia,807,1',q3c,1,0,300,2.713,0.564
gaia,807,1',skycell,1,0,4,0.063,0.032
gaia,1038,1',skycell,1,4,4,0.038,0.028
gaia,1038,1',pgsphere,1,4,8,0.025,0.054
gaia,1038,1',skycell-rw,1,4,4,0.034,0.015
gaia,1038,1',q3c,1,4,301,3.392,1.252
gaia,948,1',q3c,1,2,301,2.937,0.732
gaia,948,1',pgsphere,1,2,7,0.07,0.105
gaia,948,1',skycell-rw,1,2,9,0.079,0.051
gaia,948,1',skycell,1,2,9,0.025,0.024
gaia,83,"1""",q3c,1,0,300,2.779,0.561
gaia,83,"1""",skycell,1,0,3,0.06,0.027
gaia,83,"1""",skycell-rw,1,0,3,0.041,0.01
gaia,83,"1""",pgsphere,1,0,5,0.021,0.031
gaia,560,"10""",q3c,1,1,301,2.589,0.587
gaia,560,"10""",skycell,1,1,5,0.071,0.036
gaia,560,"10""",skycell-rw,1,1,5,0.043,0.013
gaia,560,"10""",pgsphere,1,1,7,0.029,0.041
gaia,124,"1""",pgsphere,1,1,7,0.017,0.03
gaia,124,"1""",skycell-rw,1,1,4,0.042,0.019
gaia,124,"1""",q3c,1,1,301,2.644,0.558
gaia,124,"1""",skycell,1,1,4,0.062,0.032
gaia,236,"1""",skycell-rw,1,1,4,0.045,0.019
gaia,236,"1""",skycell,1,1,4,0.021,0.01
gaia,236,"1""",pgsphere,1,1,5,0.036,0.038
gaia,236,"1""",q3c,1,1,301,2.509,0.705
gaia,1334,30',skycell-rw,412,561,39,0.139,0.254
gaia,1334,30',q3c,94,561,311,2.772,0.823
gaia,1334,30',pgsphere,190,561,87,0.055,0.299
gaia,1334,30',skycell,410,561,40,0.101,0.187
gaia,480,"10""",q3c,1,1,301,2.546,0.667
gaia,480,"10""",skycell-rw,1,1,8,0.098,0.046
gaia,480,"10""",skycell,1,1,8,0.036,0.018
gaia,480,"10""",pgsphere,1,1,5,0.023,0.032
gaia,179,"1""",pgsphere,1,0,5,0.015,0.028
gaia,179,"1""",skycell-rw,1,0,6,0.114,0.022
gaia,179,"1""",skycell,1,0,6,0.021,0.008
gaia,179,"1""",q3c,1,0,300,2.72,0.561
gaia,389,"1""",skycell-rw,1,0,3,0.086,0.025
gaia,389,"1""",pgsphere,1,0,5,0.025,0.029
gaia,389,"1""",q3c,1,0,300,2.504,0.633
gaia,389,"1""",skycell,1,0,3,0.061,0.025
gaia,1203,6',skycell-rw,11,5,8,0.059,0.042
gaia,1203,6',q3c,1,5,302,2.545,0.575
gaia,1203,6',pgsphere,8,5,7,0.054,0.052
gaia,1203,6',skycell,11,5,8,0.053,0.038
gaia,655,"10""",skycell-rw,1,0,6,0.055,0.024
gaia,655,"10""",q3c,1,0,300,3.352,0.591
gaia,655,"10""",pgsphere,1,0,6,0.051,0.046
gaia,655,"10""",skycell,1,0,6,0.043,0.022
gaia,601,"10""",pgsphere,1,0,5,0.021,0.025
gaia,601,"10""",skycell,1,0,6,0.021,0.013
gaia,601,"10""",skycell-rw,1,0,6,0.046,0.014
gaia,601,"10""",q3c,1,0,300,2.786,0.617
gaia,997,1',skycell,1,0,8,0.058,0.032
gaia,997,1',q3c,1,0,300,2.765,0.598
gaia,997,1',skycell-rw,1,0,7,0.089,0.038
gaia,997,1',pgsphere,1,0,7,0.029,0.044
gaia,488,"10""",pgsphere,1,1,7,0.015,0.068
gaia,488,"10""",skycell,1,1,4,0.031,0.02
gaia,488,"10""",skycell-rw,1,1,4,0.03,0.008
gaia,488,"10""",q3c,1,1,301,2.815,0.564
gaia,99,"1""",skycell,1,0,3,0.058,0.024
gaia,99,"1""",pgsphere,1,0,4,0.028,0.027
gaia,99,"1""",q3c,1,0,300,3.109,0.828
gaia,99,"1""",skycell-rw,1,0,3,0.099,0.049
gaia,940,1',pgsphere,1,1,7,0.094,0.062
gaia,940,1',skycell-rw,1,1,5,0.091,0.043
gaia,940,1',q3c,1,1,301,3.162,0.848
gaia,940,1',skycell,1,1,5,0.065,0.035
gaia,741,"10""",skycell-rw,1,0,3,0.061,0.021
gaia,741,"10""",pgsphere,1,0,5,0.024,0.038
gaia,741,"10""",skycell,1,0,3,0.051,0.022
gaia,741,"10""",q3c,1,0,300,3.149,0.612
gaia,1321,30',q3c,667,1949,333,2.537,1.027
gaia,1321,30',pgsphere,190,1949,212,0.063,0.777
gaia,1321,30',skycell-rw,1186,1949,57,0.11,1.24
gaia,1321,30',skycell,1227,1949,61,0.093,0.417
gaia,734,"10""",pgsphere,1,1,6,0.035,0.041
gaia,734,"10""",skycell-rw,1,1,7,0.053,0.025
gaia,734,"10""",skycell,1,1,8,0.019,0.011
gaia,734,"10""",q3c,1,1,301,2.487,0.552
gaia,1200,6',skycell-rw,2,71,14,0.077,0.121
gaia,1200,6',q3c,1,71,305,3.501,0.872
gaia,1200,6',skycell,2,71,16,0.064,0.203
gaia,1200,6',pgsphere,8,71,14,0.037,0.07
gaia,1153,6',pgsphere,8,1,5,0.019,0.023
gaia,1153,6',q3c,1,1,301,2.73,0.795
gaia,1153,6',skycell,1,1,4,0.059,0.033
gaia,1153,6',skycell-rw,1,1,4,0.057,0.02
gaia,333,"1""",q3c,1,0,300,2.907,0.584
gaia,333,"1""",pgsphere,1,0,8,0.052,0.058
gaia,333,"1""",skycell-rw,1,0,3,0.064,0.022
gaia,333,"1""",skycell,1,0,3,0.022,0.009
gaia,793,"10""",skycell-rw,1,0,6,0.043,0.02
gaia,793,"10""",skycell,1,0,6,0.019,0.008
gaia,793,"10""",pgsphere,1,0,6,0.018,0.067
gaia,793,"10""",q3c,1,0,300,2.668,0.608
gaia,262,"1""",skycell,1,1,4,0.072,0.041
gaia,262,"1""",skycell-rw,1,1,4,0.069,0.023
gaia,262,"1""",pgsphere,1,1,8,0.023,0.045
gaia,262,"1""",q3c,1,1,301,3.197,0.796
gaia,1001,1',q3c,1,0,300,2.892,0.791
gaia,1001,1',skycell,1,0,7,0.083,0.044
gaia,1001,1',skycell-rw,1,0,7,0.124,0.036
gaia,1001,1',pgsphere,1,0,4,0.052,0.037
gaia,1033,1',skycell,1,0,4,0.052,0.044
gaia,1033,1',q3c,1,0,300,3.407,0.792
gaia,1033,1',pgsphere,1,0,7,0.053,0.131
gaia,1033,1',skycell-rw,1,0,4,0.06,0.032
gaia,720,"10""",skycell-rw,1,1,7,0.045,0.03
gaia,720,"10""",skycell,1,1,7,0.023,0.012
gaia,720,"10""",pgsphere,1,1,5,0.072,0.039
gaia,720,"10""",q3c,1,1,301,2.994,0.603
gaia,206,"1""",skycell-rw,1,1,4,0.075,0.029
gaia,206,"1""",pgsphere,1,1,6,0.024,0.036
gaia,206,"1""",q3c,1,1,301,2.555,0.621
gaia,206,"1""",skycell,1,1,4,0.058,0.031
gaia,1319,30',skycell,46,42,24,0.072,0.064
gaia,1319,30',skycell-rw,46,42,21,0.067,0.892
gaia,1319,30',pgsphere,190,42,26,0.05,0.083
gaia,1319,30',q3c,19,42,305,3.218,0.601
gaia,209,"1""",skycell,1,0,3,0.06,0.024
gaia,209,"1""",skycell-rw,1,0,3,0.039,0.01
gaia,209,"1""",pgsphere,1,0,6,0.023,0.035
gaia,209,"1""",q3c,1,0,300,2.417,0.631
gaia,687,"10""",q3c,1,0,300,2.541,0.666
gaia,687,"10""",skycell-rw,1,0,3,0.08,0.035
gaia,687,"10""",skycell,1,0,3,0.041,0.017
gaia,687,"10""",pgsphere,1,0,3,0.026,0.022
gaia,211,"1""",pgsphere,1,0,5,0.017,0.028
gaia,211,"1""",q3c,1,0,300,2.878,0.579
gaia,211,"1""",skycell-rw,1,0,3,0.076,0.027
gaia,211,"1""",skycell,1,0,3,0.062,0.013
gaia,1093,1',skycell-rw,1,0,4,0.036,0.021
gaia,1093,1',pgsphere,1,0,6,0.019,0.033
gaia,1093,1',q3c,1,0,300,3.65,0.631
gaia,1093,1',skycell,1,0,8,0.079,0.043
gaia,559,"10""",skycell,1,0,3,0.049,0.021
gaia,559,"10""",skycell-rw,1,0,3,0.05,0.012
gaia,559,"10""",pgsphere,1,0,4,0.024,0.03
gaia,559,"10""",q3c,1,0,300,3.291,0.579
gaia,86,"1""",q3c,1,1,301,2.505,0.606
gaia,86,"1""",pgsphere,1,1,7,0.053,0.049
gaia,86,"1""",skycell,1,1,4,0.051,0.024
gaia,86,"1""",skycell-rw,1,1,4,0.035,0.01
gaia,96,"1""",skycell-rw,1,1,7,0.153,0.029
gaia,96,"1""",skycell,1,1,7,0.025,0.011
gaia,96,"1""",pgsphere,1,1,6,0.018,0.034
gaia,96,"1""",q3c,1,1,301,3.01,0.704
gaia,170,"1""",q3c,1,1,301,2.695,0.816
gaia,170,"1""",pgsphere,1,1,5,0.068,0.061
gaia,170,"1""",skycell-rw,1,1,4,0.065,0.027
gaia,170,"1""",skycell,1,1,4,0.022,0.011
gaia,814,1',q3c,2,5,303,2.483,0.758
gaia,814,1',pgsphere,1,5,9,0.084,0.061
gaia,814,1',skycell,6,5,9,0.044,0.037
gaia,814,1',skycell-rw,7,5,9,0.05,0.026
gaia,963,1',q3c,1,0,301,2.847,0.633
gaia,963,1',skycell,1,0,5,0.06,0.033
gaia,963,1',skycell-rw,1,0,5,0.044,0.014
gaia,963,1',pgsphere,1,0,6,0.02,0.033
gaia,665,"10""",q3c,1,0,300,2.338,0.798
gaia,665,"10""",skycell,1,0,4,0.065,0.033
gaia,665,"10""",pgsphere,1,0,6,0.026,0.035
gaia,665,"10""",skycell-rw,1,0,4,0.038,0.01
gaia,621,"10""",skycell-rw,1,0,4,0.027,0.015
gaia,621,"10""",skycell,1,0,4,0.052,0.01
gaia,621,"10""",pgsphere,1,0,4,0.017,0.02
gaia,621,"10""",q3c,1,0,300,2.655,0.611
gaia,1181,6',skycell,6,6,9,0.059,0.089
gaia,1181,6',skycell-rw,6,6,9,0.065,0.029
gaia,1181,6',pgsphere,8,6,8,0.02,0.039
gaia,1181,6',q3c,2,6,302,2.937,0.831
gaia,1014,1',q3c,1,1,301,2.804,0.572
gaia,1014,1',skycell-rw,1,1,4,0.078,0.034
gaia,1014,1',pgsphere,1,1,10,0.032,0.06
gaia,1014,1',skycell,1,1,4,0.034,0.016
gaia,964,1',q3c,1,1,301,2.951,0.709
gaia,964,1',pgsphere,1,1,6,0.066,0.055
gaia,964,1',skycell,2,1,9,0.043,0.034
gaia,964,1',skycell-rw,2,1,9,0.049,0.021
gaia,295,"1""",q3c,1,0,300,2.847,0.562
gaia,295,"1""",pgsphere,1,0,5,0.053,0.043
gaia,295,"1""",skycell,1,0,6,0.037,0.02
gaia,295,"1""",skycell-rw,1,0,6,0.048,0.025
gaia,747,"10""",skycell,1,0,3,0.02,0.011
gaia,747,"10""",pgsphere,1,0,4,0.029,0.029
gaia,747,"10""",q3c,1,0,300,2.859,0.586
gaia,747,"10""",skycell-rw,1,0,3,0.085,0.023
gaia,623,"10""",q3c,1,0,300,2.656,0.567
gaia,623,"10""",pgsphere,1,0,4,0.078,0.037
gaia,623,"10""",skycell,1,0,6,0.042,0.02
gaia,623,"10""",skycell-rw,1,0,6,0.046,0.014
gaia,897,1',pgsphere,1,0,4,0.024,0.027
gaia,897,1',skycell-rw,1,0,3,0.028,0.013
gaia,897,1',q3c,1,0,300,2.318,0.543
gaia,897,1',skycell,1,0,3,0.058,0.026
gaia,614,"10""",skycell-rw,1,1,4,0.041,0.078
gaia,614,"10""",skycell,1,1,4,0.023,0.009
gaia,614,"10""",q3c,1,1,301,2.331,0.63
gaia,614,"10""",pgsphere,1,1,6,0.051,0.046
gaia,1148,6',skycell-rw,52,75,12,0.071,0.659
gaia,1148,6',q3c,11,75,303,2.732,0.57
gaia,1148,6',pgsphere,8,75,25,0.05,0.119
gaia,1148,6',skycell,52,75,14,0.052,0.054
gaia,1083,1',skycell-rw,1,0,4,0.042,0.019
gaia,1083,1',q3c,1,0,300,2.999,0.553
gaia,1083,1',pgsphere,1,0,5,0.05,0.038
gaia,1083,1',skycell,1,0,4,0.044,0.025
gaia,466,"10""",skycell,1,1,4,0.02,0.017
gaia,466,"10""",skycell-rw,1,1,4,0.033,0.009
gaia,466,"10""",pgsphere,1,1,8,0.028,0.047
gaia,466,"10""",q3c,1,1,301,2.737,0.568
gaia,190,"1""",q3c,1,1,301,3.246,0.572
gaia,190,"1""",skycell,1,1,4,0.059,0.061
gaia,190,"1""",skycell-rw,1,1,4,0.049,0.014
gaia,190,"1""",pgsphere,1,1,6,0.02,0.035
gaia,210,"1""",skycell-rw,1,1,7,0.042,0.026
gaia,210,"1""",skycell,1,1,7,0.019,0.01
gaia,210,"1""",pgsphere,1,1,5,0.015,0.054
gaia,210,"1""",q3c,1,1,301,2.463,0.556
gaia,1078,1',skycell,1,3,8,0.064,0.035
gaia,1078,1',pgsphere,1,3,7,0.025,0.043
gaia,1078,1',skycell-rw,1,3,4,0.035,0.018
gaia,1078,1',q3c,1,3,301,2.644,0.534
gaia,1300,6',skycell-rw,106,144,21,0.105,0.107
gaia,1300,6',pgsphere,8,144,21,0.032,0.085
gaia,1300,6',skycell,105,144,20,0.039,0.078
gaia,1300,6',q3c,40,144,306,6.618,1.02
gaia,864,1',skycell,1,1,4,0.08,0.041
gaia,864,1',skycell-rw,1,1,4,0.087,0.033
gaia,864,1',pgsphere,1,1,5,0.056,0.058
gaia,864,1',q3c,1,1,301,4.318,0.945
gaia,611,"10""",skycell-rw,1,0,3,0.106,0.035
gaia,611,"10""",q3c,1,0,300,5.024,0.858
gaia,611,"10""",pgsphere,1,0,4,0.072,0.067
gaia,611,"10""",skycell,1,0,3,0.059,0.027
gaia,1049,1',skycell,1,0,12,0.052,0.055
gaia,1049,1',q3c,1,0,300,4.488,0.892
gaia,1049,1',pgsphere,1,0,4,0.08,0.059
gaia,1049,1',skycell-rw,1,0,11,0.144,0.073
gaia,1176,6',skycell-rw,32,27,11,0.159,0.117
gaia,1176,6',skycell,32,27,17,0.09,0.087
gaia,1176,6',pgsphere,8,27,9,0.074,0.153
gaia,1176,6',q3c,16,27,303,3.989,1.123
gaia,495,"10""",pgsphere,1,0,4,0.078,0.051
gaia,495,"10""",q3c,1,0,300,3.559,0.978
gaia,495,"10""",skycell-rw,1,0,7,0.141,0.067
gaia,495,"10""",skycell,1,0,7,0.076,0.03
gaia,805,1',q3c,1,6,301,3.796,0.899
gaia,805,1',skycell-rw,3,6,10,0.116,0.068
gaia,805,1',pgsphere,1,6,17,0.039,0.165
gaia,805,1',skycell,3,6,10,0.057,0.039
gaia,276,"1""",skycell-rw,1,1,7,0.096,0.034
gaia,276,"1""",pgsphere,1,1,5,0.046,0.043
gaia,276,"1""",q3c,1,1,301,4.011,0.822
gaia,276,"1""",skycell,1,1,7,0.083,0.044
gaia,1125,6',pgsphere,8,2,5,0.045,0.059
gaia,1125,6',skycell,2,2,4,0.044,0.029
gaia,1125,6',skycell-rw,3,2,4,0.057,0.024
gaia,1125,6',q3c,1,2,301,3.773,0.768
gaia,16,"1""",skycell-rw,1,1,7,0.121,0.057
gaia,16,"1""",pgsphere,1,1,7,0.042,0.061
gaia,16,"1""",q3c,1,1,301,3.547,0.833
gaia,16,"1""",skycell,1,1,7,0.086,0.042
gaia,850,1',q3c,1,2,301,3.475,1.474
gaia,850,1',skycell-rw,1,2,4,0.125,0.056
gaia,850,1',skycell,1,2,4,0.081,0.043
gaia,850,1',pgsphere,1,2,7,0.054,0.076
gaia,889,1',pgsphere,1,0,4,0.058,0.087
gaia,889,1',q3c,1,0,300,3.467,0.923
gaia,889,1',skycell,1,0,4,0.086,0.058
gaia,889,1',skycell-rw,1,0,4,0.127,0.098
gaia,146,"1""",skycell,1,1,4,0.104,0.086
gaia,146,"1""",skycell-rw,1,1,4,0.136,0.059
gaia,146,"1""",pgsphere,1,1,8,0.088,0.118
gaia,146,"1""",q3c,1,1,301,4.348,0.913
gaia,158,"1""",q3c,1,1,301,4.141,0.971
gaia,158,"1""",skycell,1,1,4,0.085,0.047
gaia,158,"1""",skycell-rw,1,1,4,0.086,0.031
gaia,158,"1""",pgsphere,1,1,11,0.045,0.092
gaia,145,"1""",skycell-rw,1,0,3,0.083,0.027
gaia,145,"1""",skycell,1,0,3,0.053,0.017
gaia,145,"1""",pgsphere,1,0,5,0.047,0.057
gaia,145,"1""",q3c,1,0,300,3.772,0.601
gaia,204,"1""",skycell-rw,1,1,4,0.076,0.03
gaia,204,"1""",skycell,1,1,4,0.03,0.012
gaia,204,"1""",q3c,1,1,301,2.672,0.64
gaia,204,"1""",pgsphere,1,1,5,0.051,0.037
gaia,727,"10""",skycell,1,0,3,0.039,0.019
gaia,727,"10""",pgsphere,1,0,5,0.018,0.029
gaia,727,"10""",skycell-rw,1,0,3,0.046,0.014
gaia,727,"10""",q3c,1,0,300,3.237,0.719
gaia,648,"10""",q3c,1,1,301,2.869,0.756
gaia,648,"10""",pgsphere,1,1,5,0.067,0.053
gaia,648,"10""",skycell,1,1,4,0.076,0.032
gaia,648,"10""",skycell-rw,1,1,4,0.102,0.028
gaia,93,"1""",skycell,1,0,3,0.053,0.022
gaia,93,"1""",pgsphere,1,0,7,0.038,0.068
gaia,93,"1""",skycell-rw,1,0,3,0.061,0.017
gaia,93,"1""",q3c,1,0,300,3.581,0.775
gaia,1047,1',skycell-rw,1,0,4,0.105,0.076
gaia,1047,1',q3c,1,0,300,4.127,0.84
gaia,1047,1',skycell,1,0,4,0.081,0.048
gaia,1047,1',pgsphere,1,0,5,0.049,0.049
gaia,1085,1',q3c,1,0,300,3.974,0.785
gaia,1085,1',pgsphere,1,0,4,0.055,0.037
gaia,1085,1',skycell,1,0,4,0.037,0.024
gaia,1085,1',skycell-rw,1,0,4,0.036,0.009
gaia,414,"10""",skycell,1,1,4,0.02,0.02
gaia,414,"10""",pgsphere,1,1,6,0.017,0.032
gaia,414,"10""",q3c,1,1,301,2.319,0.599
gaia,414,"10""",skycell-rw,1,1,4,0.078,0.032
gaia,1289,6',skycell-rw,16,10,9,0.056,0.042
gaia,1289,6',pgsphere,8,10,10,0.023,0.056
gaia,1289,6',q3c,6,10,302,3.26,0.577
gaia,1289,6',skycell,16,10,8,0.073,0.044
gaia,683,"10""",skycell-rw,1,0,3,0.045,0.015
gaia,683,"10""",pgsphere,1,0,4,0.026,0.024
gaia,683,"10""",skycell,1,0,3,0.02,0.009
gaia,683,"10""",q3c,1,0,300,2.326,0.683
gaia,563,"10""",pgsphere,1,0,3,0.05,0.028
gaia,563,"10""",skycell-rw,1,0,3,0.049,0.018
gaia,563,"10""",q3c,1,0,300,2.383,0.565
gaia,563,"10""",skycell,1,0,3,0.058,0.025
gaia,22,"1""",q3c,1,1,301,2.626,0.588
gaia,22,"1""",skycell-rw,1,1,4,0.077,0.031
gaia,22,"1""",pgsphere,1,1,6,0.032,0.039
gaia,22,"1""",skycell,1,1,4,0.028,0.013
gaia,935,1',skycell-rw,1,0,4,0.033,0.018
gaia,935,1',pgsphere,1,0,7,0.018,0.038
gaia,935,1',q3c,1,0,300,2.624,0.566
gaia,935,1',skycell,1,0,4,0.06,0.03
gaia,1400,30',skycell,708,545,46,0.074,0.166
gaia,1400,30',skycell-rw,703,545,27,0.07,0.16
gaia,1400,30',pgsphere,190,545,78,0.022,0.342
gaia,1400,30',q3c,1150,545,314,2.538,0.689
gaia,1440,1deg,skycell-rw,759,606,34,0.197,0.224
gaia,1440,1deg,pgsphere,762,606,70,0.036,0.253
gaia,1440,1deg,skycell,757,606,56,0.067,0.16
gaia,1440,1deg,q3c,589,606,313,2.982,0.747
gaia,1106,6',skycell-rw,66,60,19,0.104,0.108
gaia,1106,6',q3c,11,60,303,2.304,0.565
gaia,1106,6',skycell,67,60,21,0.071,0.067
gaia,1106,6',pgsphere,8,60,16,0.027,0.072
gaia,837,1',q3c,1,0,301,2.877,0.597
gaia,837,1',skycell-rw,1,0,7,0.087,0.034
gaia,837,1',pgsphere,1,0,6,0.028,0.035
gaia,837,1',skycell,1,0,7,0.025,0.012
gaia,1032,1',pgsphere,1,1,6,0.02,0.035
gaia,1032,1',skycell,1,1,8,0.02,0.019
gaia,1032,1',skycell-rw,1,1,7,0.042,0.016
gaia,1032,1',q3c,1,1,301,2.634,0.539
gaia,1376,30',skycell,3625,3972,112,0.109,0.84
gaia,1376,30',skycell-rw,3626,3972,101,0.159,0.657
gaia,1376,30',pgsphere,190,3972,371,0.039,1.315
gaia,1376,30',q3c,1590,3972,373,2.697,1.452
gaia,1209,6',pgsphere,8,81,21,0.049,0.204
gaia,1209,6',q3c,26,81,305,2.852,0.645
gaia,1209,6',skycell-rw,86,81,8,0.092,0.08
gaia,1209,6',skycell,86,81,19,0.042,0.041
gaia,517,"10""",skycell,1,0,3,0.022,0.025
gaia,517,"10""",skycell-rw,1,0,3,0.032,0.008
gaia,517,"10""",pgsphere,1,0,3,0.018,0.021
gaia,517,"10""",q3c,1,0,300,2.799,0.581
gaia,943,1',skycell-rw,1,0,7,0.085,0.038
gaia,943,1',q3c,1,0,300,2.52,0.572
gaia,943,1',pgsphere,1,0,5,0.052,0.041
gaia,943,1',skycell,1,0,8,0.036,0.024
gaia,1318,30',q3c,2162,5262,392,2.682,1.818
gaia,1318,30',pgsphere,190,5262,468,0.053,1.533
gaia,1318,30',skycell-rw,4871,5262,122,0.201,0.973
gaia,1318,30',skycell,4872,5262,144,0.107,0.936
gaia,21,"1""",q3c,1,0,300,2.574,0.63
gaia,21,"1""",skycell,1,0,3,0.057,0.025
gaia,21,"1""",skycell-rw,1,0,3,0.047,0.011
gaia,21,"1""",pgsphere,1,0,4,0.019,0.023
gaia,632,"10""",skycell-rw,1,1,4,0.027,0.018
gaia,632,"10""",q3c,1,1,301,2.446,0.55
gaia,632,"10""",pgsphere,1,1,6,0.05,0.045
gaia,632,"10""",skycell,1,1,4,0.04,0.022
gaia,306,"1""",pgsphere,1,1,5,0.025,0.03
gaia,306,"1""",skycell-rw,1,1,4,0.033,0.016
gaia,306,"1""",skycell,1,1,4,0.018,0.009
gaia,306,"1""",q3c,1,1,301,2.406,0.564
gaia,1420,1deg,pgsphere,762,6990,717,0.05,2.373
gaia,1420,1deg,skycell,6536,6990,159,0.105,1.395
gaia,1420,1deg,skycell-rw,6525,6990,155,0.183,1.196
gaia,1420,1deg,q3c,2189,6990,419,2.54,2.025
gaia,1017,1',q3c,1,3,302,2.767,0.636
gaia,1017,1',skycell,1,3,4,0.061,0.032
gaia,1017,1',skycell-rw,1,3,4,0.077,0.019
gaia,1017,1',pgsphere,1,3,6,0.021,0.035
gaia,310,"1""",q3c,1,1,301,2.527,0.581
gaia,310,"1""",skycell,1,1,4,0.059,0.031
gaia,310,"1""",skycell-rw,1,1,4,0.048,0.014
gaia,310,"1""",pgsphere,1,1,5,0.021,0.028
gaia,40,"1""",skycell-rw,1,1,4,0.045,0.02
gaia,40,"1""",skycell,1,1,4,0.023,0.011
gaia,40,"1""",q3c,1,1,301,2.61,0.599
gaia,40,"1""",pgsphere,1,1,11,0.05,0.068
gaia,1324,30',q3c,422,949,322,2.379,0.806
gaia,1324,30',pgsphere,190,949,125,0.05,0.447
gaia,1324,30',skycell,1233,949,49,0.086,0.241
gaia,1324,30',skycell-rw,1236,949,39,0.115,0.226
gaia,97,"1""",pgsphere,1,0,5,0.028,0.029
gaia,97,"1""",skycell,1,0,3,0.023,0.013
gaia,97,"1""",skycell-rw,1,0,3,0.036,0.008
gaia,97,"1""",q3c,1,0,300,2.356,0.584
gaia,1220,6',q3c,30,55,303,2.715,0.58
gaia,1220,6',skycell-rw,38,55,15,0.1,0.082
gaia,1220,6',skycell,37,55,15,0.035,0.043
gaia,1220,6',pgsphere,8,55,16,0.024,0.065
gaia,615,"10""",skycell,1,0,3,0.021,0.026
gaia,615,"10""",q3c,1,0,300,2.45,0.593
gaia,615,"10""",pgsphere,1,0,3,0.053,0.031
gaia,615,"10""",skycell-rw,1,0,3,0.049,0.018
gaia,505,"10""",q3c,1,0,300,2.752,0.593
gaia,505,"10""",skycell,1,0,6,0.059,0.027
gaia,505,"10""",pgsphere,1,0,7,0.033,0.048
gaia,505,"10""",skycell-rw,1,0,6,0.049,0.016
gaia,1077,1',q3c,1,0,300,2.69,0.56
gaia,1077,1',skycell-rw,1,0,4,0.086,0.032
gaia,1077,1',pgsphere,1,0,4,0.023,0.027
gaia,1077,1',skycell,1,0,4,0.026,0.013
gaia,344,"1""",skycell-rw,1,1,4,0.03,0.015
gaia,344,"1""",skycell,1,1,4,0.016,0.009
gaia,344,"1""",q3c,1,1,301,2.726,0.549
gaia,344,"1""",pgsphere,1,1,6,0.05,0.043
gaia,1381,30',pgsphere,190,28,11,0.02,0.042
gaia,1381,30',skycell,40,28,17,0.038,0.057
gaia,1381,30',q3c,18,28,303,3.236,0.619
gaia,1381,30',skycell-rw,40,28,10,0.088,0.617
gaia,464,"10""",pgsphere,1,1,7,0.046,0.042
gaia,464,"10""",skycell-rw,1,1,4,0.048,0.023
gaia,464,"10""",skycell,1,1,4,0.04,0.016
gaia,464,"10""",q3c,1,1,301,2.736,0.606
gaia,875,1',skycell-rw,1,0,4,0.073,0.029
gaia,875,1',q3c,1,0,300,2.444,0.583
gaia,875,1',pgsphere,1,0,5,0.049,0.042
gaia,875,1',skycell,1,0,4,0.035,0.022
gaia,456,"10""",pgsphere,1,1,5,0.021,0.032
gaia,456,"10""",skycell,1,1,4,0.019,0.017
gaia,456,"10""",q3c,1,1,301,2.388,0.547
gaia,456,"10""",skycell-rw,1,1,4,0.073,0.03
gaia,1413,1deg,skycell-rw,110,56,18,0.07,0.543
gaia,1413,1deg,q3c,72,56,303,2.516,0.584
gaia,1413,1deg,skycell,109,56,16,0.072,0.055
gaia,1413,1deg,pgsphere,762,56,18,0.033,0.071
gaia,250,"1""",pgsphere,1,1,8,0.017,0.042
gaia,250,"1""",q3c,1,1,301,2.479,0.562
gaia,250,"1""",skycell-rw,1,1,7,0.088,0.038
gaia,250,"1""",skycell,1,1,7,0.036,0.017
gaia,757,"10""",pgsphere,1,0,4,0.023,0.026
gaia,757,"10""",skycell-rw,1,0,4,0.032,0.014
gaia,757,"10""",skycell,1,0,4,0.02,0.009
gaia,757,"10""",q3c,1,0,300,2.502,0.575
gaia,132,"1""",q3c,1,1,301,2.827,0.578
gaia,132,"1""",pgsphere,1,1,9,0.049,0.061
gaia,132,"1""",skycell-rw,1,1,4,0.055,0.023
gaia,132,"1""",skycell,1,1,4,0.02,0.01
gaia,1147,6',skycell-rw,1,0,4,0.033,0.019
gaia,1147,6',q3c,1,0,301,2.629,0.537
gaia,1147,6',skycell,1,0,4,0.07,0.031
gaia,1147,6',pgsphere,8,0,6,0.027,0.034
gaia,1272,6',skycell-rw,164,159,15,0.066,0.099
gaia,1272,6',q3c,46,159,306,2.801,0.602
gaia,1272,6',skycell,163,159,19,0.069,0.098
gaia,1272,6',pgsphere,8,159,24,0.028,0.087
gaia,1244,6',pgsphere,8,196,38,0.023,0.292
gaia,1244,6',skycell,142,196,27,0.062,0.12
gaia,1244,6',skycell-rw,143,196,25,0.079,0.591
gaia,1244,6',q3c,79,196,308,2.959,0.65
gaia,1388,30',skycell-rw,17,21,14,0.1,0.974
gaia,1388,30',pgsphere,190,21,9,0.05,0.082
gaia,1388,30',skycell,16,21,8,0.044,0.035
gaia,1388,30',q3c,16,21,303,2.525,0.61
gaia,1156,6',pgsphere,8,5,12,0.051,0.074
gaia,1156,6',skycell,4,5,5,0.038,0.034
gaia,1156,6',q3c,13,5,302,2.676,0.591
gaia,1156,6',skycell-rw,4,5,5,0.075,0.042
gaia,1294,6',skycell,28,27,9,0.034,0.051
gaia,1294,6',q3c,14,27,301,2.522,0.584
gaia,1294,6',skycell-rw,29,27,9,0.094,0.053
gaia,1294,6',pgsphere,8,27,14,0.026,0.056
gaia,653,"10""",skycell,1,0,3,0.026,0.015
gaia,653,"10""",pgsphere,1,0,7,0.016,0.037
gaia,653,"10""",skycell-rw,1,0,3,0.034,0.009
gaia,653,"10""",q3c,1,0,300,2.643,0.544
gaia,625,"10""",skycell-rw,1,0,7,0.086,0.033
gaia,625,"10""",pgsphere,1,0,5,0.024,0.031
gaia,625,"10""",skycell,1,0,7,0.026,0.013
gaia,625,"10""",q3c,1,0,300,2.707,0.561
gaia,834,1',q3c,1,1,301,2.295,0.666
gaia,834,1',skycell-rw,2,1,5,0.075,0.043
gaia,834,1',skycell,2,1,8,0.026,0.015
gaia,834,1',pgsphere,1,1,9,0.018,0.044
gaia,139,"1""",skycell,1,0,3,0.02,0.014
gaia,139,"1""",pgsphere,1,0,5,0.017,0.027
gaia,139,"1""",skycell-rw,1,0,3,0.052,0.006
gaia,139,"1""",q3c,1,0,300,2.569,0.556
gaia,245,"1""",skycell,1,0,6,0.062,0.025
gaia,245,"1""",pgsphere,1,0,4,0.025,0.028
gaia,245,"1""",skycell-rw,1,0,6,0.043,0.014
gaia,245,"1""",q3c,1,0,300,2.997,0.593
gaia,926,1',q3c,1,1,301,2.389,0.559
gaia,926,1',pgsphere,1,1,7,0.051,0.048
gaia,926,1',skycell,1,1,8,0.038,0.026
gaia,926,1',skycell-rw,1,1,7,0.056,0.023
gaia,450,"10""",skycell-rw,1,1,4,0.032,0.019
gaia,450,"10""",q3c,1,1,301,2.397,0.547
gaia,450,"10""",skycell,1,1,4,0.056,0.03
gaia,450,"10""",pgsphere,1,1,11,0.026,0.055
gaia,758,"10""",skycell-rw,1,1,4,0.035,0.018
gaia,758,"10""",skycell,1,1,4,0.03,0.01
gaia,758,"10""",q3c,1,1,301,2.64,0.581
gaia,758,"10""",pgsphere,1,1,8,0.049,0.062
gaia,50,"1""",skycell-rw,1,1,7,0.068,0.029
gaia,50,"1""",q3c,1,1,301,2.439,0.543
gaia,50,"1""",pgsphere,1,1,7,0.077,0.053
gaia,50,"1""",skycell,1,1,7,0.041,0.022
gaia,240,"1""",skycell-rw,1,1,4,0.034,0.015
gaia,240,"1""",pgsphere,1,1,5,0.015,0.026
gaia,240,"1""",q3c,1,1,301,2.524,0.544
gaia,240,"1""",skycell,1,1,4,0.056,0.029
gaia,443,"10""",q3c,1,0,300,2.665,0.543
gaia,443,"10""",skycell,1,0,3,0.056,0.022
gaia,443,"10""",pgsphere,1,0,3,0.029,0.024
gaia,443,"10""",skycell-rw,1,0,3,0.043,0.012
gaia,836,1',q3c,2,6,302,2.639,0.562
gaia,836,1',skycell,3,6,8,0.058,0.038
gaia,836,1',skycell-rw,4,6,9,0.05,0.663
gaia,836,1',pgsphere,1,6,9,0.04,0.043
gaia,100,"1""",skycell,1,1,4,0.029,0.02
gaia,100,"1""",pgsphere,1,1,7,0.015,0.031
gaia,100,"1""",q3c,1,1,301,2.684,0.638
gaia,100,"1""",skycell-rw,1,1,4,0.107,0.074
gaia,750,"10""",pgsphere,1,1,5,0.033,0.029
gaia,750,"10""",skycell-rw,1,1,7,0.048,0.025
gaia,750,"10""",skycell,1,1,8,0.021,0.012
gaia,750,"10""",q3c,1,1,301,2.173,0.499
gaia,241,"1""",q3c,1,0,300,2.581,0.567
gaia,241,"1""",skycell,1,0,3,0.062,0.026
gaia,241,"1""",pgsphere,1,0,6,0.032,0.038
gaia,241,"1""",skycell-rw,1,0,3,0.035,0.009
gaia,264,"1""",skycell-rw,1,1,4,0.046,0.022
gaia,264,"1""",q3c,1,1,301,3.68,1.18
gaia,264,"1""",skycell,1,1,4,0.059,0.032
gaia,264,"1""",pgsphere,1,1,6,0.042,0.04
gaia,742,"10""",skycell,1,1,4,0.029,0.021
gaia,742,"10""",pgsphere,1,1,11,0.02,0.056
gaia,742,"10""",q3c,1,1,301,4.151,0.574
gaia,742,"10""",skycell-rw,1,1,4,0.668,0.037
gaia,161,"1""",skycell,1,0,3,0.039,0.016
gaia,161,"1""",pgsphere,1,0,4,0.021,0.027
gaia,161,"1""",q3c,1,0,300,4.43,1.224
gaia,161,"1""",skycell-rw,1,0,3,0.076,0.027
gaia,1082,1',q3c,1,2,301,3.728,1.181
gaia,1082,1',skycell-rw,1,2,5,0.697,44.704
gaia,1082,1',pgsphere,1,2,6,0.087,0.053
gaia,1082,1',skycell,1,2,4,0.058,0.032
gaia,394,"1""",skycell,1,1,4,0.041,0.024
gaia,394,"1""",skycell-rw,1,1,4,0.044,0.01
gaia,394,"1""",q3c,1,1,301,4.61,1.522
gaia,394,"1""",pgsphere,1,1,8,0.059,0.06
gaia,253,"1""",q3c,1,0,300,4.398,1.292
gaia,253,"1""",pgsphere,1,0,4,0.058,0.039
gaia,253,"1""",skycell,1,0,3,0.069,0.023
gaia,253,"1""",skycell-rw,1,0,3,0.641,0.018
gaia,1043,1',q3c,1,0,300,4.255,0.862
gaia,1043,1',skycell-rw,1,0,7,0.104,0.039
gaia,1043,1',pgsphere,1,0,3,0.664,0.033
gaia,1043,1',skycell,1,0,7,0.041,0.023
gaia,59,"1""",skycell-rw,1,0,3,0.036,0.029
gaia,59,"1""",skycell,1,0,3,0.015,0.006
gaia,59,"1""",q3c,1,0,300,4.322,0.618
gaia,59,"1""",pgsphere,1,0,4,0.06,0.043
gaia,549,"10""",q3c,1,0,300,4.589,1.25
gaia,549,"10""",skycell,1,0,6,0.075,0.026
gaia,549,"10""",pgsphere,1,0,4,0.032,0.034
gaia,549,"10""",skycell-rw,1,0,6,0.068,0.022
gaia,1266,6',skycell-rw,5,5,4,0.038,0.026
gaia,1266,6',skycell,5,5,4,0.02,0.014
gaia,1266,6',q3c,2,5,303,3.463,1.244
gaia,1266,6',pgsphere,8,5,8,0.053,0.649
gaia,1192,6',q3c,12,21,303,4.512,0.684
gaia,1192,6',skycell-rw,20,21,11,0.092,0.646
gaia,1192,6',pgsphere,8,21,17,0.045,0.122
gaia,1192,6',skycell,20,21,6,0.045,0.031
gaia,659,"10""",pgsphere,1,0,4,0.023,0.023
gaia,659,"10""",skycell-rw,1,0,6,0.044,0.019
gaia,659,"10""",skycell,1,0,6,0.02,0.009
gaia,659,"10""",q3c,1,0,300,2.386,0.569
gaia,1280,6',q3c,41,139,306,2.501,0.659
gaia,1280,6',skycell-rw,127,139,15,0.093,0.107
gaia,1280,6',skycell,127,139,15,0.039,0.056
gaia,1280,6',pgsphere,8,139,25,0.02,0.128
gaia,1250,6',q3c,16,16,302,2.568,0.565
gaia,1250,6',skycell-rw,16,16,17,0.1,0.078
gaia,1250,6',skycell,16,16,17,0.033,0.023
gaia,1250,6',pgsphere,8,16,12,0.022,0.052
gaia,594,"10""",pgsphere,1,1,7,0.019,0.037
gaia,594,"10""",skycell-rw,1,1,4,0.033,0.017
gaia,594,"10""",q3c,1,1,301,2.763,0.521
gaia,594,"10""",skycell,1,1,4,0.057,0.031
gaia,898,1',skycell-rw,1,1,4,0.094,0.044
gaia,898,1',skycell,1,1,4,0.097,0.048
gaia,898,1',q3c,1,1,301,4.537,0.881
gaia,898,1',pgsphere,1,1,5,0.096,0.058
gaia,536,"10""",q3c,1,1,301,3.877,0.82
gaia,536,"10""",pgsphere,1,1,7,0.054,0.061
gaia,536,"10""",skycell-rw,1,1,4,0.073,0.028
gaia,536,"10""",skycell,1,1,4,0.023,0.011
gaia,399,"1""",pgsphere,1,0,4,0.017,0.026
gaia,399,"1""",skycell,1,0,6,0.037,0.018
gaia,399,"1""",skycell-rw,1,0,6,0.052,0.015
gaia,399,"1""",q3c,1,0,300,2.642,0.572
gaia,1455,3deg,pgsphere,6853,726,41,0.051,0.292
gaia,1455,3deg,q3c,418,726,318,2.545,0.811
gaia,1455,3deg,skycell,903,726,53,0.092,0.278
gaia,1455,3deg,skycell-rw,906,726,45,0.13,0.184
gaia,947,1',skycell,1,0,4,0.03,0.018
gaia,947,1',q3c,1,0,300,2.699,0.619
gaia,947,1',pgsphere,1,0,5,0.053,0.044
gaia,947,1',skycell-rw,1,0,4,0.07,0.025
gaia,711,"10""",q3c,1,0,300,2.466,0.613
gaia,711,"10""",skycell-rw,1,0,3,0.08,0.026
gaia,711,"10""",skycell,1,0,3,0.023,0.009
gaia,711,"10""",pgsphere,1,0,4,0.025,0.029
gaia,989,1',q3c,1,0,300,2.35,0.594
gaia,989,1',skycell-rw,1,0,4,0.079,0.032
gaia,989,1',skycell,1,0,4,0.026,0.011
gaia,989,1',pgsphere,1,0,4,0.021,0.063
gaia,804,1',pgsphere,1,1,6,0.024,0.034
gaia,804,1',skycell,1,1,5,0.022,0.019
gaia,804,1',q3c,1,1,301,2.457,0.596
gaia,804,1',skycell-rw,1,1,5,0.077,0.032
gaia,562,"10""",skycell-rw,1,1,4,0.048,0.021
gaia,562,"10""",pgsphere,1,1,5,0.02,0.029
gaia,562,"10""",skycell,1,1,4,0.022,0.011
gaia,562,"10""",q3c,1,1,301,2.868,0.615
gaia,258,"1""",skycell,1,1,4,0.06,0.031
gaia,258,"1""",q3c,1,1,301,2.691,0.545
gaia,258,"1""",skycell-rw,1,1,4,0.076,0.032
gaia,258,"1""",pgsphere,1,1,8,0.024,0.043
gaia,222,"1""",skycell,1,1,4,0.025,0.02
gaia,222,"1""",pgsphere,1,1,5,0.015,0.024
gaia,222,"1""",skycell-rw,1,1,4,0.041,0.014
gaia,222,"1""",q3c,1,1,301,2.546,0.586
gaia,1261,6',pgsphere,8,11,7,0.051,0.047
gaia,1261,6',skycell-rw,9,11,10,0.078,0.05
gaia,1261,6',skycell,8,11,10,0.029,0.023
gaia,1261,6',q3c,3,11,302,2.349,0.62
gaia,1421,1deg,skycell,909,861,50,0.178,0.282
gaia,1421,1deg,pgsphere,762,861,115,0.035,0.464
gaia,1421,1deg,skycell-rw,912,861,40,0.1,0.819
gaia,1421,1deg,q3c,278,861,317,2.673,0.778
gaia,448,"10""",q3c,1,1,301,2.524,0.598
gaia,448,"10""",skycell-rw,1,1,4,0.08,0.032
gaia,448,"10""",pgsphere,1,1,6,0.044,0.04
gaia,448,"10""",skycell,1,1,4,0.026,0.014
gaia,82,"1""",skycell-rw,1,1,4,0.032,0.016
gaia,82,"1""",pgsphere,1,1,5,0.015,0.025
gaia,82,"1""",q3c,1,1,301,2.939,0.722
gaia,82,"1""",skycell,1,1,4,0.058,0.032
gaia,476,"10""",pgsphere,1,1,5,0.044,0.032
gaia,476,"10""",q3c,1,1,301,2.469,0.56
gaia,476,"10""",skycell-rw,1,1,7,0.091,0.04
gaia,476,"10""",skycell,1,1,8,0.042,0.021
gaia,1210,6',skycell,61,74,18,0.07,0.066
gaia,1210,6',q3c,6,74,304,2.505,0.601
gaia,1210,6',skycell-rw,63,74,22,0.122,0.36
gaia,1210,6',pgsphere,8,74,23,0.051,0.138
gaia,1226,6',skycell-rw,51,88,10,0.09,0.077
gaia,1226,6',q3c,12,88,303,3.053,0.709
gaia,1226,6',pgsphere,8,88,20,0.052,0.099
gaia,1226,6',skycell,54,88,13,0.071,0.063
gaia,668,"10""",skycell-rw,1,1,4,0.066,0.025
gaia,668,"10""",skycell,1,1,4,0.039,0.016
gaia,668,"10""",pgsphere,1,1,6,0.027,0.034
gaia,668,"10""",q3c,1,1,301,3.199,0.562
gaia,251,"1""",pgsphere,1,0,4,0.239,0.041
gaia,251,"1""",skycell-rw,1,0,3,0.065,0.019
gaia,251,"1""",skycell,1,0,3,0.024,0.009
gaia,251,"1""",q3c,1,0,300,2.875,0.594
gaia,709,"10""",skycell,1,0,3,0.092,0.034
gaia,709,"10""",q3c,1,0,300,4.437,0.657
gaia,709,"10""",pgsphere,1,0,4,0.056,0.038
gaia,709,"10""",skycell-rw,1,0,3,0.052,0.019
gaia,202,"1""",q3c,1,1,301,2.64,0.653
gaia,202,"1""",skycell,1,1,4,0.063,0.033
gaia,202,"1""",pgsphere,1,1,5,0.028,0.032
gaia,202,"1""",skycell-rw,1,1,4,0.035,0.011
gaia,430,"10""",q3c,1,1,301,3.547,0.613
gaia,430,"10""",skycell,1,1,4,0.061,0.034
gaia,430,"10""",skycell-rw,1,1,4,0.041,0.013
gaia,430,"10""",pgsphere,1,1,5,0.023,0.041
gaia,819,1',skycell,1,1,4,0.025,0.022
gaia,819,1',pgsphere,1,1,5,0.015,0.023
gaia,819,1',skycell-rw,1,1,4,0.031,0.012
gaia,819,1',q3c,1,1,301,2.504,0.544
gaia,307,"1""",skycell-rw,1,0,3,0.076,0.024
gaia,307,"1""",skycell,1,0,3,0.023,0.008
gaia,307,"1""",pgsphere,1,0,6,0.025,0.038
gaia,307,"1""",q3c,1,0,300,2.602,0.596
gaia,846,1',q3c,1,5,301,2.721,0.592
gaia,846,1',skycell,2,5,8,0.063,0.045
gaia,846,1',pgsphere,1,5,7,0.027,0.043
gaia,846,1',skycell-rw,3,5,5,0.037,0.031
gaia,525,"10""",skycell-rw,1,0,3,0.028,0.015
gaia,525,"10""",skycell,1,0,3,0.055,0.009
gaia,525,"10""",q3c,1,0,300,2.886,0.515
gaia,525,"10""",pgsphere,1,0,6,0.054,0.051
gaia,785,"10""",q3c,1,0,300,2.863,0.564
gaia,785,"10""",pgsphere,1,0,4,0.061,0.045
gaia,785,"10""",skycell-rw,1,0,3,0.071,0.024
gaia,785,"10""",skycell,1,0,3,0.023,0.008
gaia,860,1',skycell-rw,1,3,6,0.03,0.04
gaia,860,1',q3c,1,3,301,9.907,1.401
gaia,860,1',pgsphere,1,3,6,0.089,0.049
gaia,860,1',skycell,1,3,8,0.044,0.043
gaia,1030,1',pgsphere,1,11,8,0.042,0.056
gaia,1030,1',q3c,2,11,301,2.556,0.607
gaia,1030,1',skycell,6,11,13,0.065,0.044
gaia,1030,1',skycell-rw,6,11,6,0.047,0.029
gaia,877,1',pgsphere,1,0,4,0.021,0.027
gaia,877,1',skycell,1,0,4,0.024,0.018
gaia,877,1',q3c,1,0,300,2.622,0.57
gaia,877,1',skycell-rw,1,0,4,0.075,0.028
gaia,640,"10""",skycell-rw,1,1,4,0.035,0.056
gaia,640,"10""",skycell,1,1,4,0.025,0.011
gaia,640,"10""",q3c,1,1,301,2.271,0.589
gaia,640,"10""",pgsphere,1,1,6,0.051,0.041
gaia,257,"1""",pgsphere,1,0,5,0.022,0.028
gaia,257,"1""",q3c,1,0,300,2.363,0.548
gaia,257,"1""",skycell-rw,1,0,6,0.1,0.032
gaia,257,"1""",skycell,1,0,6,0.04,0.014
gaia,987,1',pgsphere,1,0,4,0.024,0.03
gaia,987,1',skycell,1,0,4,0.018,0.017
gaia,987,1',q3c,1,0,300,2.409,0.55
gaia,987,1',skycell-rw,1,0,4,0.074,0.032
gaia,1064,1',skycell,2,2,5,0.037,0.028
gaia,1064,1',q3c,1,2,301,2.645,0.609
gaia,1064,1',pgsphere,1,2,10,0.052,0.068
gaia,1064,1',skycell-rw,2,2,5,0.049,0.026
gaia,1409,1deg,pgsphere,762,250,50,0.017,0.237
gaia,1409,1deg,q3c,575,250,309,2.667,0.731
gaia,1409,1deg,skycell-rw,162,250,21,0.089,1.163
gaia,1409,1deg,skycell,162,250,23,0.068,0.099
gaia,566,"10""",q3c,1,1,301,2.786,0.542
gaia,566,"10""",skycell-rw,1,1,8,0.088,0.041
gaia,566,"10""",skycell,1,1,8,0.03,0.014
gaia,566,"10""",pgsphere,1,1,5,0.029,0.035
gaia,1071,1',skycell,1,0,4,0.023,0.018
gaia,1071,1',q3c,1,0,300,2.765,0.538
gaia,1071,1',pgsphere,1,0,6,0.05,0.049
gaia,1071,1',skycell-rw,1,0,4,0.049,0.021
gaia,1228,6',pgsphere,8,25,13,0.016,0.065
gaia,1228,6',skycell-rw,19,25,15,0.058,0.079
gaia,1228,6',skycell,18,25,18,0.034,0.032
gaia,1228,6',q3c,5,25,302,2.742,0.552
gaia,1354,30',skycell-rw,4647,4638,122,0.175,1.013
gaia,1354,30',q3c,1342,4638,380,2.445,1.518
gaia,1354,30',skycell,4640,4638,145,0.106,1
gaia,1354,30',pgsphere,190,4638,411,0.039,1.268
gaia,46,"1""",q3c,1,1,301,2.531,0.638
gaia,46,"1""",skycell,1,1,4,0.057,0.031
gaia,46,"1""",pgsphere,1,1,5,0.029,0.031
gaia,46,"1""",skycell-rw,1,1,4,0.045,0.013
gaia,1023,1',pgsphere,1,1,9,0.016,0.05
gaia,1023,1',q3c,1,1,301,2.842,0.618
gaia,1023,1',skycell-rw,1,1,4,0.074,0.031
gaia,1023,1',skycell,1,1,4,0.026,0.012
gaia,1069,1',q3c,1,2,301,2.586,0.526
gaia,1069,1',pgsphere,1,2,6,0.051,0.042
gaia,1069,1',skycell-rw,2,2,8,0.06,0.035
gaia,1069,1',skycell,2,2,8,0.028,0.024
gaia,848,1',q3c,1,5,302,2.511,0.737
gaia,848,1',skycell,5,5,4,0.061,0.046
gaia,848,1',pgsphere,1,5,11,0.048,0.057
gaia,848,1',skycell-rw,5,5,4,0.047,0.023
gaia,1304,30',skycell,544,592,48,0.056,0.205
gaia,1304,30',q3c,463,592,314,2.449,0.734
gaia,1304,30',skycell-rw,558,592,38,0.122,1.176
gaia,1304,30',pgsphere,190,592,88,0.052,0.308
gaia,1431,1deg,q3c,902,751,318,3.211,0.816
gaia,1431,1deg,pgsphere,762,751,90,0.048,0.339
gaia,1431,1deg,skycell,783,751,49,0.093,0.208
gaia,1431,1deg,skycell-rw,786,751,38,0.121,0.152
gaia,651,"10""",q3c,1,0,300,2.921,0.524
gaia,651,"10""",pgsphere,1,0,6,0.06,0.079
gaia,651,"10""",skycell,1,0,3,0.061,0.026
gaia,651,"10""",skycell-rw,1,0,3,0.061,0.016
gaia,692,"10""",pgsphere,1,1,7,0.038,0.056
gaia,692,"10""",skycell-rw,1,1,4,0.079,0.029
gaia,692,"10""",q3c,1,1,301,3.842,0.64
gaia,692,"10""",skycell,1,1,4,0.063,0.031
gaia,19,"1""",skycell,1,0,6,0.028,0.014
gaia,19,"1""",q3c,1,0,300,2.43,0.538
gaia,19,"1""",skycell-rw,1,0,6,0.087,0.03
gaia,19,"1""",pgsphere,1,0,4,0.028,0.048
gaia,60,"1""",skycell,1,1,4,0.031,0.022
gaia,60,"1""",pgsphere,1,1,7,0.016,0.035
gaia,60,"1""",skycell-rw,1,1,4,0.029,0.009
gaia,60,"1""",q3c,1,1,301,2.718,0.603
gaia,696,"10""",q3c,1,1,301,2.845,0.601
gaia,696,"10""",skycell-rw,1,1,7,0.107,0.04
gaia,696,"10""",pgsphere,1,1,5,0.037,0.041
gaia,696,"10""",skycell,1,1,8,0.026,0.015
gaia,1434,1deg,q3c,1444,2066,348,2.701,1.063
gaia,1434,1deg,skycell,2281,2066,91,0.105,0.517
gaia,1434,1deg,pgsphere,762,2066,247,0.037,0.911
gaia,1434,1deg,skycell-rw,2283,2066,69,0.163,0.45
gaia,592,"10""",pgsphere,1,1,6,0.033,0.034
gaia,592,"10""",skycell-rw,1,1,4,0.038,0.019
gaia,592,"10""",skycell,1,1,4,0.021,0.01
gaia,592,"10""",q3c,1,1,301,2.523,0.593
gaia,1427,1deg,pgsphere,762,706,87,0.046,0.361
gaia,1427,1deg,skycell,421,706,41,0.077,0.231
gaia,1427,1deg,skycell-rw,439,706,35,0.191,0.55
gaia,1427,1deg,q3c,113,706,318,2.72,0.749
gaia,239,"1""",skycell-rw,1,0,3,0.077,0.022
gaia,239,"1""",q3c,1,0,300,3.24,0.57
gaia,239,"1""",skycell,1,0,3,0.054,0.022
gaia,239,"1""",pgsphere,1,0,6,0.027,0.035
gaia,581,"10""",pgsphere,1,0,6,0.015,0.029
gaia,581,"10""",skycell,1,0,4,0.021,0.03
gaia,581,"10""",q3c,1,0,300,2.743,0.607
gaia,581,"10""",skycell-rw,1,0,4,0.068,0.027
gaia,911,1',pgsphere,1,0,6,0.03,0.049
gaia,911,1',skycell-rw,1,0,4,0.036,0.021
gaia,911,1',q3c,1,0,300,2.453,0.552
gaia,911,1',skycell,1,0,4,0.053,0.027
gaia,1185,6',q3c,1,0,301,2.764,0.522
gaia,1185,6',skycell,2,0,4,0.066,0.031
gaia,1185,6',pgsphere,8,0,6,0.066,0.037
gaia,1185,6',skycell-rw,2,0,5,0.07,0.428
gaia,203,"1""",skycell,1,0,3,0.096,0.026
gaia,203,"1""",skycell-rw,1,0,3,0.072,0.022
gaia,203,"1""",pgsphere,1,0,4,0.04,0.037
gaia,203,"1""",q3c,1,0,300,2.639,0.524
gaia,1007,1',skycell,1,1,8,0.057,0.044
gaia,1007,1',q3c,1,1,301,2.865,0.594
gaia,1007,1',skycell-rw,1,1,8,0.103,0.055
gaia,1007,1',pgsphere,1,1,8,0.044,0.054
gaia,67,"1""",skycell-rw,1,0,3,0.052,0.02
gaia,67,"1""",q3c,1,0,300,3.049,0.621
gaia,67,"1""",pgsphere,1,0,7,0.049,0.047
gaia,67,"1""",skycell,1,0,3,0.034,0.017
gaia,1218,6',q3c,1,6,302,2.736,0.72
gaia,1218,6',skycell,7,6,8,0.077,0.089
gaia,1218,6',pgsphere,8,6,9,0.06,0.076
gaia,1218,6',skycell-rw,7,6,8,0.103,0.052
gaia,427,"10""",q3c,1,0,300,3.25,0.775
gaia,427,"10""",skycell-rw,1,0,3,0.13,0.024
gaia,427,"10""",skycell,1,0,3,0.049,0.019
gaia,427,"10""",pgsphere,1,0,5,0.037,0.14
gaia,732,"10""",q3c,1,1,301,3.353,0.725
gaia,732,"10""",pgsphere,1,1,7,0.049,0.051
gaia,732,"10""",skycell-rw,1,1,4,0.049,0.027
gaia,732,"10""",skycell,1,1,4,0.021,0.012
gaia,165,"1""",pgsphere,1,0,4,0.03,0.035
gaia,165,"1""",q3c,1,0,300,2.653,0.621
gaia,165,"1""",skycell,1,0,3,0.067,0.033
gaia,165,"1""",skycell-rw,1,0,3,0.065,0.069
gaia,553,"10""",pgsphere,1,1,5,0.05,0.045
gaia,553,"10""",q3c,1,1,301,3.42,0.85
gaia,553,"10""",skycell,1,1,8,0.079,0.042
gaia,553,"10""",skycell-rw,1,1,7,0.069,0.026
gaia,1313,30',skycell-rw,271,397,28,0.094,0.289
gaia,1313,30',q3c,197,397,313,3.004,0.793
gaia,1313,30',pgsphere,190,397,78,0.063,0.288
gaia,1313,30',skycell,269,397,28,0.068,0.259
gaia,431,"10""",pgsphere,1,0,6,0.049,0.057
gaia,431,"10""",skycell-rw,1,0,3,0.051,0.017
gaia,431,"10""",skycell,1,0,3,0.026,0.009
gaia,431,"10""",q3c,1,0,300,2.463,0.595
gaia,1180,6',pgsphere,8,13,12,0.047,0.069
gaia,1180,6',skycell-rw,23,13,10,0.061,0.334
gaia,1180,6',skycell,22,13,9,0.07,0.053
gaia,1180,6',q3c,6,13,304,2.748,0.555
gaia,1425,1deg,skycell-rw,111,65,19,0.103,0.091
gaia,1425,1deg,skycell,110,65,19,0.04,0.143
gaia,1425,1deg,pgsphere,762,65,30,0.033,0.141
gaia,1425,1deg,q3c,34,65,305,2.679,0.846
gaia,637,"10""",skycell-rw,1,0,3,0.068,0.022
gaia,637,"10""",q3c,1,0,300,2.789,0.523
gaia,637,"10""",skycell,1,0,3,0.07,0.031
gaia,637,"10""",pgsphere,1,0,4,0.038,0.039
gaia,909,1',q3c,1,0,301,3.355,0.744
gaia,909,1',skycell-rw,1,0,4,0.091,0.032
gaia,909,1',skycell,1,0,4,0.043,0.02
gaia,909,1',pgsphere,1,0,4,0.035,0.035
gaia,432,"10""",skycell-rw,1,1,4,0.074,0.03
gaia,432,"10""",q3c,1,1,301,3.369,0.589
gaia,432,"10""",pgsphere,1,1,5,0.06,0.048
gaia,432,"10""",skycell,1,1,4,0.046,0.033
gaia,186,"1""",skycell,1,1,4,0.078,0.032
gaia,186,"1""",skycell-rw,1,1,4,0.052,0.016
gaia,186,"1""",q3c,1,1,301,2.73,0.538
gaia,186,"1""",pgsphere,1,1,5,0.048,0.041
gaia,941,1',skycell,1,1,8,0.087,0.043
gaia,941,1',skycell-rw,1,1,8,0.065,0.028
gaia,941,1',pgsphere,1,1,6,0.021,0.041
gaia,941,1',q3c,1,1,301,2.669,1.107
gaia,1327,30',q3c,22,14,303,3.954,0.987
gaia,1327,30',skycell-rw,26,14,9,0.101,0.498
gaia,1327,30',pgsphere,190,14,10,0.044,0.056
gaia,1327,30',skycell,23,14,12,0.04,0.028
gaia,137,"1""",skycell,1,0,3,0.02,0.014
gaia,137,"1""",skycell-rw,1,0,3,0.046,0.011
gaia,137,"1""",q3c,1,0,300,2.476,0.615
gaia,137,"1""",pgsphere,1,0,6,0.05,0.043
gaia,1146,6',skycell,117,148,24,0.068,0.142
gaia,1146,6',pgsphere,8,148,26,0.027,0.1
gaia,1146,6',skycell-rw,117,148,22,0.067,0.138
gaia,1146,6',q3c,30,148,307,2.405,0.659
gaia,1267,6',pgsphere,8,3,9,0.051,0.061
gaia,1267,6',skycell-rw,6,3,5,0.052,0.026
gaia,1267,6',q3c,1,3,301,2.802,0.629
gaia,1267,6',skycell,6,3,8,0.061,0.035
gaia,617,"10""",pgsphere,1,1,7,0.028,0.043
gaia,617,"10""",skycell-rw,1,1,4,0.053,0.02
gaia,617,"10""",skycell,1,1,4,0.019,0.009
gaia,617,"10""",q3c,1,1,301,2.756,0.553
gaia,1361,30',q3c,51,177,306,2.877,0.773
gaia,1361,30',skycell-rw,161,177,11,0.086,0.13
gaia,1361,30',pgsphere,190,177,34,0.034,0.122
gaia,1361,30',skycell,161,177,22,0.041,0.073
gaia,1311,30',pgsphere,190,31,10,0.018,0.053
gaia,1311,30',skycell-rw,36,31,14,0.056,0.871
gaia,1311,30',q3c,14,31,301,2.693,0.666
gaia,1311,30',skycell,36,31,10,0.066,0.084
gaia,1316,30',skycell,696,415,32,0.074,0.142
gaia,1316,30',q3c,379,415,313,2.598,0.691
gaia,1316,30',skycell-rw,691,415,26,0.115,0.955
gaia,1316,30',pgsphere,190,415,70,0.052,0.233
gaia,354,"1""",pgsphere,1,1,11,0.037,0.059
gaia,354,"1""",skycell-rw,1,1,7,0.063,0.028
gaia,354,"1""",skycell,1,1,7,0.024,0.012
gaia,354,"1""",q3c,1,1,301,2.761,0.642
gaia,243,"1""",pgsphere,1,0,5,0.052,0.041
gaia,243,"1""",q3c,1,0,300,2.733,0.612
gaia,243,"1""",skycell-rw,1,0,6,0.091,0.033
gaia,243,"1""",skycell,1,0,6,0.03,0.01
gaia,418,"10""",q3c,1,1,301,2.464,0.56
gaia,418,"10""",skycell-rw,1,1,7,0.089,0.037
gaia,418,"10""",skycell,1,1,7,0.032,0.015
gaia,418,"10""",pgsphere,1,1,6,0.023,0.034
gaia,638,"10""",skycell,1,1,4,0.107,0.02
gaia,638,"10""",q3c,1,1,301,2.591,0.603
gaia,638,"10""",pgsphere,1,1,6,0.053,0.044
gaia,638,"10""",skycell-rw,1,1,4,0.132,0.028
gaia,735,"10""",skycell-rw,1,0,6,0.055,0.021
gaia,735,"10""",skycell,1,0,6,0.021,0.008
gaia,735,"10""",q3c,1,0,300,2.415,0.56
gaia,735,"10""",pgsphere,1,0,4,0.055,0.038
gaia,1126,6',skycell,34,56,14,0.043,0.056
gaia,1126,6',q3c,19,56,305,2.371,0.585
gaia,1126,6',pgsphere,8,56,13,0.053,0.146
gaia,1126,6',skycell-rw,34,56,8,0.072,0.068
gaia,768,"10""",skycell,1,1,4,0.024,0.02
gaia,768,"10""",q3c,1,1,301,2.828,0.665
gaia,768,"10""",pgsphere,1,1,11,0.058,0.074
gaia,768,"10""",skycell-rw,1,1,4,0.053,0.022
gaia,1441,3deg,q3c,1055,6255,400,2.327,1.932
gaia,1441,3deg,pgsphere,6853,6255,198,0.053,1.629
gaia,1441,3deg,skycell,6338,6255,168,0.12,1.253
gaia,1441,3deg,skycell-rw,6331,6255,135,0.19,1.006
gaia,1349,30',q3c,67,330,311,2.7,0.73
gaia,1349,30',skycell,229,330,28,0.076,0.151
gaia,1349,30',skycell-rw,229,330,24,0.07,1.254
gaia,1349,30',pgsphere,190,330,42,0.053,0.188
gaia,642,"10""",skycell-rw,1,2,4,0.062,0.026
gaia,642,"10""",skycell,1,2,4,0.024,0.012
gaia,642,"10""",q3c,1,2,301,2.639,0.58
gaia,642,"10""",pgsphere,1,2,7,0.061,0.054
gaia,244,"1""",pgsphere,1,1,7,0.023,0.035
gaia,244,"1""",skycell,1,1,4,0.031,0.023
gaia,244,"1""",q3c,1,1,301,2.798,0.614
gaia,244,"1""",skycell-rw,1,1,4,0.078,0.029
gaia,10,"1""",pgsphere,1,1,5,0.027,0.032
gaia,10,"1""",skycell,1,1,7,0.025,0.02
gaia,10,"1""",q3c,1,1,301,2.387,0.6
gaia,10,"1""",skycell-rw,1,1,7,0.088,0.035
gaia,731,"10""",q3c,1,0,300,2.776,0.606
gaia,731,"10""",skycell,1,0,4,0.06,0.031
gaia,731,"10""",skycell-rw,1,0,4,0.041,0.013
gaia,731,"10""",pgsphere,1,0,4,0.019,0.026
gaia,227,"1""",pgsphere,1,0,9,0.021,0.062
gaia,227,"1""",skycell,1,0,3,0.026,0.014
gaia,227,"1""",skycell-rw,1,0,3,0.028,0.007
gaia,227,"1""",q3c,1,0,300,2.736,0.56
gaia,51,"1""",q3c,1,0,300,2.851,0.619
gaia,51,"1""",skycell,1,0,12,0.064,0.028
gaia,51,"1""",skycell-rw,1,0,12,0.067,0.018
gaia,51,"1""",pgsphere,1,0,5,0.038,0.035
gaia,803,1',skycell-rw,1,0,8,0.046,0.03
gaia,803,1',pgsphere,1,0,8,0.018,0.043
gaia,803,1',skycell,1,0,8,0.02,0.012
gaia,803,1',q3c,1,0,300,2.537,0.527
gaia,454,"10""",skycell,1,1,4,0.057,0.027
gaia,454,"10""",q3c,1,1,301,2.393,0.596
gaia,454,"10""",skycell-rw,1,1,4,0.077,0.031
gaia,454,"10""",pgsphere,1,1,7,0.028,0.044
gaia,1245,6',pgsphere,8,6,12,0.022,0.05
gaia,1245,6',skycell-rw,7,6,8,0.054,0.039
gaia,1245,6',skycell,7,6,8,0.022,0.019
gaia,1245,6',q3c,6,6,301,2.652,0.628
gaia,1099,1',pgsphere,1,1,6,0.052,0.043
gaia,1099,1',skycell-rw,1,1,4,0.048,0.023
gaia,1099,1',skycell,1,1,4,0.021,0.01
gaia,1099,1',q3c,1,1,301,2.759,0.599
gaia,676,"10""",skycell,1,1,4,0.089,0.039
gaia,676,"10""",pgsphere,1,1,5,0.031,0.031
gaia,676,"10""",q3c,1,1,301,2.693,0.537
gaia,676,"10""",skycell-rw,1,1,4,0.075,0.031
gaia,770,"10""",q3c,1,1,301,2.897,0.597
gaia,770,"10""",pgsphere,1,1,7,0.055,0.051
gaia,770,"10""",skycell-rw,1,1,4,0.053,0.026
gaia,770,"10""",skycell,1,1,4,0.021,0.01
gaia,368,"1""",skycell,1,1,4,0.016,0.017
gaia,368,"1""",pgsphere,1,1,7,0.017,0.039
gaia,368,"1""",skycell-rw,1,1,4,0.04,0.017
gaia,368,"1""",q3c,1,1,301,2.542,0.582
gaia,299,"1""",skycell,1,0,3,0.056,0.024
gaia,299,"1""",q3c,1,0,300,2.781,0.533
gaia,299,"1""",skycell-rw,1,0,3,0.104,0.035
gaia,299,"1""",pgsphere,1,0,4,0.029,0.028
gaia,764,"10""",pgsphere,1,1,8,0.015,0.055
gaia,764,"10""",skycell-rw,1,1,8,0.049,0.031
gaia,764,"10""",q3c,1,1,301,2.525,0.576
gaia,764,"10""",skycell,1,1,8,0.059,0.036
gaia,1350,30',pgsphere,190,148,37,0.029,0.132
gaia,1350,30',q3c,44,148,307,2.754,0.653
gaia,1350,30',skycell,146,148,27,0.075,0.103
gaia,1350,30',skycell-rw,147,148,21,0.075,0.78
gaia,831,1',q3c,1,0,300,2.712,0.583
gaia,831,1',pgsphere,1,0,6,0.088,0.05
gaia,831,1',skycell-rw,1,0,4,0.065,0.026
gaia,831,1',skycell,1,0,4,0.022,0.01
gaia,1211,6',skycell-rw,1,0,5,0.031,0.023
gaia,1211,6',pgsphere,8,0,6,0.015,0.028
gaia,1211,6',q3c,1,0,301,2.837,0.62
gaia,1211,6',skycell,1,0,5,0.062,0.036
gaia,1264,6',q3c,21,30,303,2.861,0.654
gaia,1264,6',skycell,68,30,12,0.067,0.046
gaia,1264,6',skycell-rw,69,30,5,0.048,0.028
gaia,1264,6',pgsphere,8,30,10,0.02,0.05
gaia,508,"10""",skycell-rw,1,1,4,0.034,0.019
gaia,508,"10""",q3c,1,1,301,2.676,0.86
gaia,508,"10""",skycell,1,1,4,0.066,0.033
gaia,508,"10""",pgsphere,1,1,9,0.028,0.049
gaia,854,1',pgsphere,1,2,6,0.015,0.029
gaia,854,1',skycell-rw,1,2,4,0.039,0.022
gaia,854,1',skycell,1,2,4,0.024,0.013
gaia,854,1',q3c,1,2,301,2.61,0.565
gaia,1154,6',skycell-rw,57,51,17,0.104,0.084
gaia,1154,6',pgsphere,8,51,18,0.032,0.071
gaia,1154,6',q3c,19,51,307,2.668,0.564
gaia,1154,6',skycell,57,51,17,0.067,0.062
gaia,1215,6',q3c,1,3,301,2.677,0.559
gaia,1215,6',skycell,5,3,17,0.058,0.051
gaia,1215,6',skycell-rw,5,3,17,0.07,0.029
gaia,1215,6',pgsphere,8,3,8,0.02,0.072
gaia,991,1',skycell,1,0,4,0.025,0.017
gaia,991,1',skycell-rw,1,0,4,0.033,0.009
gaia,991,1',pgsphere,1,0,6,0.015,0.05
gaia,991,1',q3c,1,0,300,3.165,0.554
gaia,367,"1""",q3c,1,0,300,3.184,0.536
gaia,367,"1""",skycell-rw,1,0,3,0.072,0.024
gaia,367,"1""",skycell,1,0,3,0.023,0.009
gaia,367,"1""",pgsphere,1,0,4,0.018,0.026
gaia,817,1',pgsphere,1,0,6,0.018,0.029
gaia,817,1',q3c,1,0,300,2.526,0.545
gaia,817,1',skycell,1,0,4,0.058,0.029
gaia,817,1',skycell-rw,1,0,4,0.045,0.012
gaia,822,1',skycell-rw,1,2,4,0.028,0.022
gaia,822,1',q3c,1,2,301,2.453,0.568
gaia,822,1',skycell,1,2,4,0.057,0.032
gaia,822,1',pgsphere,1,2,5,0.03,0.036
gaia,114,"1""",pgsphere,1,1,8,0.015,0.045
gaia,114,"1""",skycell,1,1,7,0.026,0.021
gaia,114,"1""",q3c,1,1,301,2.563,0.627
gaia,114,"1""",skycell-rw,1,1,7,0.088,0.042
gaia,1364,30',q3c,770,1993,337,2.301,0.971
gaia,1364,30',skycell-rw,1973,1993,58,0.149,0.511
gaia,1364,30',skycell,1973,1993,68,0.093,0.414
gaia,1364,30',pgsphere,190,1993,181,0.033,0.626
gaia,1174,6',skycell-rw,29,57,10,0.07,0.063
gaia,1174,6',pgsphere,8,57,15,0.023,0.06
gaia,1174,6',q3c,9,57,305,2.485,0.564
gaia,1174,6',skycell,28,57,10,0.061,0.067
gaia,1128,6',skycell-rw,8,14,7,0.044,0.046
gaia,1128,6',pgsphere,8,14,8,0.018,0.043
gaia,1128,6',q3c,3,14,301,2.72,0.6
gaia,1128,6',skycell,8,14,10,0.061,0.057
gaia,41,"1""",q3c,1,0,300,3.295,0.573
gaia,41,"1""",skycell,1,0,3,0.061,0.025
gaia,41,"1""",pgsphere,1,0,6,0.03,0.039
gaia,41,"1""",skycell-rw,1,0,3,0.037,0.009
gaia,64,"1""",pgsphere,1,1,7,0.019,0.047
gaia,64,"1""",q3c,1,1,301,3.252,0.571
gaia,64,"1""",skycell,1,1,4,0.091,0.032
gaia,64,"1""",skycell-rw,1,1,4,0.048,0.013
gaia,1378,30',skycell,98,64,14,0.038,0.076
gaia,1378,30',q3c,24,64,302,2.75,0.622
gaia,1378,30',pgsphere,190,64,16,0.081,0.096
gaia,1378,30',skycell-rw,99,64,11,0.076,0.069
gaia,337,"1""",q3c,1,0,300,2.751,0.538
gaia,337,"1""",skycell-rw,1,0,3,0.078,0.06
gaia,337,"1""",pgsphere,1,0,4,0.033,0.032
gaia,337,"1""",skycell,1,0,3,0.026,0.01
gaia,197,"1""",skycell,1,0,12,0.019,0.015
gaia,197,"1""",skycell-rw,1,0,12,0.057,0.016
gaia,197,"1""",pgsphere,1,0,5,0.019,0.048
gaia,197,"1""",q3c,1,0,300,2.824,0.576
gaia,1127,6',pgsphere,8,2,5,0.081,0.038
gaia,1127,6',skycell,1,2,4,0.037,0.027
gaia,1127,6',skycell-rw,1,2,4,0.034,0.012
gaia,1127,6',q3c,1,2,301,2.898,0.633
gaia,1129,6',skycell-rw,1,0,8,0.087,0.038
gaia,1129,6',skycell,1,0,8,0.027,0.053
gaia,1129,6',pgsphere,8,0,6,0.029,0.034
gaia,1129,6',q3c,1,0,301,2.345,0.622
gaia,401,"10""",skycell-rw,1,0,6,0.087,0.028
gaia,401,"10""",skycell,1,0,6,0.039,0.014
gaia,401,"10""",pgsphere,1,0,4,0.024,0.027
gaia,401,"10""",q3c,1,0,300,2.228,0.584
gaia,705,"10""",skycell,1,0,7,0.058,0.029
gaia,705,"10""",skycell-rw,1,0,7,0.051,0.016
gaia,705,"10""",q3c,1,0,300,2.946,0.625
gaia,705,"10""",pgsphere,1,0,5,0.052,0.041
gaia,188,"1""",pgsphere,1,1,5,0.022,0.034
gaia,188,"1""",skycell,1,1,4,0.031,0.022
gaia,188,"1""",q3c,1,1,301,2.446,0.645
gaia,188,"1""",skycell-rw,1,1,4,0.076,0.031
gaia,316,"1""",q3c,1,1,301,2.524,0.538
gaia,316,"1""",pgsphere,1,1,5,0.061,0.043
gaia,316,"1""",skycell,1,1,4,0.037,0.024
gaia,316,"1""",skycell-rw,1,1,4,0.034,0.009
gaia,195,"1""",skycell,1,0,3,0.018,0.012
gaia,195,"1""",pgsphere,1,0,5,0.016,0.029
gaia,195,"1""",q3c,1,0,300,2.888,0.665
gaia,195,"1""",skycell-rw,1,0,3,0.081,0.027
gaia,13,"1""",skycell,1,0,3,0.029,0.016
gaia,13,"1""",q3c,1,0,300,2.702,0.558
gaia,13,"1""",pgsphere,1,0,5,0.053,0.039
gaia,13,"1""",skycell-rw,1,0,3,0.051,0.018
gaia,452,"10""",skycell,1,1,4,0.024,0.02
gaia,452,"10""",pgsphere,1,1,7,0.016,0.035
gaia,452,"10""",q3c,1,1,301,2.798,0.6
gaia,452,"10""",skycell-rw,1,1,4,0.074,0.032
gaia,1346,30',pgsphere,190,2021,205,0.027,0.812
gaia,1346,30',skycell,1752,2021,71,0.128,0.489
gaia,1346,30',skycell-rw,1756,2021,62,0.133,0.475
gaia,1346,30',q3c,1049,2021,341,2.916,1.127
gaia,839,1',q3c,1,0,300,2.711,0.623
gaia,839,1',skycell,1,0,4,0.068,0.04
gaia,839,1',pgsphere,1,0,4,0.03,0.033
gaia,839,1',skycell-rw,1,0,4,0.036,0.011
gaia,187,"1""",skycell,1,0,3,0.02,0.016
gaia,187,"1""",q3c,1,0,300,2.785,0.607
gaia,187,"1""",pgsphere,1,0,4,0.053,0.036
gaia,187,"1""",skycell-rw,1,0,3,0.057,0.019
gaia,8,"1""",q3c,1,1,301,2.744,0.646
gaia,8,"1""",pgsphere,1,1,6,0.125,0.056
gaia,8,"1""",skycell,1,1,4,0.041,0.022
gaia,8,"1""",skycell-rw,1,1,4,0.035,0.009
gaia,340,"1""",skycell,1,1,4,0.017,0.018
gaia,340,"1""",q3c,1,1,301,2.57,0.548
gaia,340,"1""",pgsphere,1,1,6,0.052,0.044
gaia,340,"1""",skycell-rw,1,1,4,0.061,0.024
gaia,767,"10""",skycell-rw,1,0,3,0.032,0.014
gaia,767,"10""",q3c,1,0,300,2.62,0.542
gaia,767,"10""",pgsphere,1,0,7,0.05,0.051
gaia,767,"10""",skycell,1,0,3,0.038,0.018
gaia,899,1',pgsphere,1,0,4,0.024,0.025
gaia,899,1',skycell-rw,1,0,5,0.037,0.023
gaia,899,1',q3c,1,0,300,2.86,0.642
gaia,899,1',skycell,1,0,5,0.058,0.033
gaia,1329,30',pgsphere,190,27,8,0.039,0.052
gaia,1329,30',q3c,22,27,302,3.2,0.678
gaia,1329,30',skycell,23,27,8,0.068,0.048
gaia,1329,30',skycell-rw,26,27,8,0.057,0.031
gaia,912,1',skycell-rw,1,1,4,0.029,0.02
gaia,912,1',pgsphere,1,1,6,0.019,0.041
gaia,912,1',q3c,1,1,301,2.417,0.648
gaia,912,1',skycell,1,1,4,0.065,0.032
gaia,1224,6',pgsphere,8,63,13,0.03,0.067
gaia,1224,6',skycell,59,63,9,0.038,0.068
gaia,1224,6',skycell-rw,59,63,8,0.04,0.174
gaia,1224,6',q3c,63,63,304,2.754,0.574
gaia,577,"10""",skycell,1,0,3,0.059,0.061
gaia,577,"10""",skycell-rw,1,0,3,0.051,0.011
gaia,577,"10""",pgsphere,1,0,8,0.02,0.042
gaia,577,"10""",q3c,1,0,300,2.721,0.573
gaia,309,"1""",skycell,1,0,3,0.057,0.025
gaia,309,"1""",q3c,1,0,300,2.5,0.638
gaia,309,"1""",skycell-rw,1,0,3,0.075,0.026
gaia,309,"1""",pgsphere,1,0,5,0.024,0.033
gaia,904,1',pgsphere,1,1,5,0.015,0.029
gaia,904,1',skycell-rw,2,1,5,0.034,0.03
gaia,904,1',skycell,2,1,5,0.02,0.017
gaia,904,1',q3c,1,1,301,2.431,0.712
gaia,437,"10""",q3c,1,0,300,2.669,0.58
gaia,437,"10""",pgsphere,1,0,6,0.05,0.047
gaia,437,"10""",skycell,1,0,4,0.039,0.094
gaia,437,"10""",skycell-rw,1,0,4,0.041,0.011
gaia,1432,1deg,pgsphere,762,76,18,0.017,0.09
gaia,1432,1deg,skycell-rw,88,76,24,0.069,0.094
gaia,1432,1deg,skycell,87,76,27,0.05,0.044
gaia,1432,1deg,q3c,24,76,305,2.652,0.666
gaia,4,"1""",q3c,1,1,301,2.501,0.596
gaia,4,"1""",skycell-rw,1,1,7,0.088,0.037
gaia,4,"1""",pgsphere,1,1,6,0.035,0.038
gaia,4,"1""",skycell,1,1,7,0.027,0.015
gaia,1271,6',pgsphere,8,0,9,0.024,0.05
gaia,1271,6',q3c,1,0,300,2.771,0.632
gaia,1271,6',skycell-rw,1,0,4,0.075,0.03
gaia,1271,6',skycell,1,0,4,0.026,0.012
gaia,167,"1""",q3c,1,0,300,2.524,0.538
gaia,167,"1""",pgsphere,1,0,4,0.055,0.036
gaia,167,"1""",skycell-rw,1,0,6,0.06,0.025
gaia,167,"1""",skycell,1,0,6,0.021,0.009
gaia,274,"1""",skycell,1,1,4,0.016,0.02
gaia,274,"1""",pgsphere,1,1,6,0.02,0.037
gaia,274,"1""",skycell-rw,1,1,4,0.03,0.01
gaia,274,"1""",q3c,1,1,301,2.642,0.62
gaia,279,"1""",skycell,1,0,6,0.054,0.024
gaia,279,"1""",pgsphere,1,0,4,0.034,0.025
gaia,279,"1""",skycell-rw,1,0,6,0.05,0.017
gaia,279,"1""",q3c,1,0,300,2.613,0.579
gaia,894,1',skycell,6,5,5,0.059,0.04
gaia,894,1',q3c,2,5,302,2.474,0.563
gaia,894,1',skycell-rw,6,5,5,0.08,0.049
gaia,894,1',pgsphere,1,5,10,0.022,0.049
gaia,872,1',skycell,3,4,4,0.028,0.022
gaia,872,1',q3c,1,4,302,2.586,0.575
gaia,872,1',pgsphere,1,4,7,0.05,0.05
gaia,872,1',skycell-rw,4,4,9,0.062,1.019
gaia,1006,1',skycell,1,1,4,0.053,0.036
gaia,1006,1',pgsphere,1,1,5,0.029,0.033
gaia,1006,1',q3c,1,1,301,2.69,0.529
gaia,1006,1',skycell-rw,1,1,4,0.071,0.028
gaia,459,"10""",skycell,1,0,6,0.03,0.016
gaia,459,"10""",q3c,1,0,300,3.392,0.581
gaia,459,"10""",skycell-rw,1,0,6,0.083,0.03
gaia,459,"10""",pgsphere,1,0,5,0.031,0.032
gaia,321,"1""",skycell-rw,1,0,3,0.036,0.016
gaia,321,"1""",pgsphere,1,0,6,0.015,0.032
gaia,321,"1""",skycell,1,0,3,0.041,0.017
gaia,321,"1""",q3c,1,0,300,2.786,0.545
gaia,789,"10""",q3c,1,0,300,2.695,0.58
gaia,789,"10""",skycell-rw,1,0,3,0.071,0.025
gaia,789,"10""",pgsphere,1,0,4,0.023,0.033
gaia,789,"10""",skycell,1,0,3,0.022,0.009
gaia,1382,30',pgsphere,190,351,54,0.016,0.254
gaia,1382,30',skycell-rw,347,351,20,0.073,0.398
gaia,1382,30',q3c,157,351,312,2.43,0.683
gaia,1382,30',skycell,346,351,26,0.102,0.116
gaia,1075,1',q3c,1,0,300,2.523,0.525
gaia,1075,1',skycell-rw,1,0,4,0.07,0.028
gaia,1075,1',skycell,1,0,4,0.026,0.011
gaia,1075,1',pgsphere,1,0,6,0.019,0.033
gaia,1015,1',q3c,1,0,300,2.719,0.554
gaia,1015,1',pgsphere,1,0,4,0.047,0.062
gaia,1015,1',skycell,1,0,4,0.04,0.023
gaia,1015,1',skycell-rw,1,0,4,0.034,0.009
gaia,144,"1""",q3c,1,1,301,2.348,0.589
gaia,144,"1""",skycell-rw,1,1,4,0.069,0.029
gaia,144,"1""",pgsphere,1,1,7,0.023,0.041
gaia,144,"1""",skycell,1,1,4,0.021,0.011
gaia,1362,30',skycell,1409,1945,69,0.059,0.502
gaia,1362,30',pgsphere,190,1945,193,0.022,0.727
gaia,1362,30',skycell-rw,1413,1945,58,0.127,0.358
gaia,1362,30',q3c,162,1945,340,2.511,1.004
gaia,380,"1""",pgsphere,1,1,12,0.048,0.074
gaia,380,"1""",q3c,1,1,301,2.51,0.551
gaia,380,"1""",skycell-rw,1,1,4,0.072,0.028
gaia,380,"1""",skycell,1,1,4,0.03,0.013
gaia,598,"10""",pgsphere,1,1,5,0.022,0.03
gaia,598,"10""",skycell,1,1,4,0.024,0.019
gaia,598,"10""",skycell-rw,1,1,4,0.032,0.01
gaia,598,"10""",q3c,1,1,301,2.701,0.54
gaia,1297,6',pgsphere,8,8,9,0.046,0.055
gaia,1297,6',q3c,5,8,303,2.765,0.552
gaia,1297,6',skycell-rw,7,8,4,0.07,0.038
gaia,1297,6',skycell,7,8,4,0.025,0.019
gaia,503,"10""",q3c,1,0,300,2.431,0.522
gaia,503,"10""",skycell,1,0,4,0.054,0.027
gaia,503,"10""",skycell-rw,1,0,4,0.044,0.01
gaia,503,"10""",pgsphere,1,0,4,0.019,0.026
gaia,722,"10""",skycell-rw,1,1,4,0.031,0.019
gaia,722,"10""",pgsphere,1,1,5,0.016,0.024
gaia,722,"10""",q3c,1,1,301,2.682,0.524
gaia,722,"10""",skycell,1,1,4,0.053,0.028
gaia,1437,1deg,skycell-rw,105,74,21,0.09,0.734
gaia,1437,1deg,pgsphere,762,74,17,0.055,0.098
gaia,1437,1deg,q3c,255,74,304,2.211,0.612
gaia,1437,1deg,skycell,106,74,17,0.079,0.067
gaia,52,"1""",pgsphere,1,1,9,0.041,0.053
gaia,52,"1""",skycell,1,1,4,0.024,0.019
gaia,52,"1""",q3c,1,1,301,2.605,0.557
gaia,52,"1""",skycell-rw,1,1,4,0.093,0.034
gaia,242,"1""",q3c,1,1,301,2.735,0.61
gaia,242,"1""",skycell,1,1,4,0.092,0.035
gaia,242,"1""",pgsphere,1,1,6,0.033,0.04
gaia,242,"1""",skycell-rw,1,1,4,0.037,0.011
gaia,433,"10""",skycell,1,0,4,0.022,0.016
gaia,433,"10""",pgsphere,1,0,7,0.015,0.033
gaia,433,"10""",q3c,1,0,300,2.839,0.605
gaia,433,"10""",skycell-rw,1,0,4,0.078,0.029
gaia,152,"1""",q3c,1,1,301,2.562,0.576
gaia,152,"1""",pgsphere,1,1,5,0.052,0.043
gaia,152,"1""",skycell-rw,1,1,4,0.049,0.022
gaia,152,"1""",skycell,1,1,4,0.018,0.009
gaia,905,1',pgsphere,1,0,6,0.017,0.035
gaia,905,1',skycell-rw,1,0,4,0.114,0.019
gaia,905,1',q3c,1,0,300,2.556,0.591
gaia,905,1',skycell,1,0,4,0.057,0.029
gaia,1114,6',q3c,21,32,303,2.644,0.667
gaia,1114,6',pgsphere,8,32,15,0.051,0.081
gaia,1114,6',skycell-rw,29,32,11,0.065,0.063
gaia,1114,6',skycell,24,32,15,0.112,0.048
gaia,1240,6',q3c,42,129,308,2.787,0.635
gaia,1240,6',skycell,92,129,25,0.145,0.129
gaia,1240,6',skycell-rw,99,129,23,0.082,0.456
gaia,1240,6',pgsphere,8,129,29,0.042,0.112
gaia,1217,6',skycell,1,1,4,0.034,0.021
gaia,1217,6',skycell-rw,1,1,4,0.034,0.009
gaia,1217,6',q3c,1,1,302,2.452,0.55
gaia,1217,6',pgsphere,8,1,6,0.051,0.044
gaia,1296,6',q3c,4,170,306,2.938,0.639
gaia,1296,6',skycell,160,170,21,0.072,0.108
gaia,1296,6',pgsphere,8,170,30,0.029,0.106
gaia,1296,6',skycell-rw,162,170,14,0.06,0.075
gaia,249,"1""",skycell,1,0,6,0.025,0.016
gaia,249,"1""",skycell-rw,1,0,6,0.04,0.011
gaia,249,"1""",q3c,1,0,300,2.751,0.542
gaia,249,"1""",pgsphere,1,0,4,0.052,0.036
gaia,1202,6',skycell-rw,9,10,10,0.066,0.047
gaia,1202,6',skycell,8,10,10,0.023,0.019
gaia,1202,6',q3c,6,10,302,2.661,0.602
gaia,1202,6',pgsphere,8,10,8,0.053,0.056
gaia,346,"1""",pgsphere,1,1,7,0.029,0.037
gaia,346,"1""",skycell-rw,1,1,4,0.042,0.02
gaia,346,"1""",q3c,1,1,301,2.562,0.635
gaia,346,"1""",skycell,1,1,4,0.059,0.031
gaia,1070,1',skycell-rw,1,1,4,0.08,0.031
gaia,1070,1',pgsphere,1,1,6,0.029,0.033
gaia,1070,1',skycell,1,1,4,0.022,0.012
gaia,1070,1',q3c,1,1,301,2.966,0.591
gaia,790,"10""",pgsphere,1,1,8,0.05,0.051
gaia,790,"10""",skycell,1,1,4,0.032,0.021
gaia,790,"10""",skycell-rw,1,1,4,0.038,0.01
gaia,790,"10""",q3c,1,1,301,2.556,0.625
gaia,472,"10""",skycell,1,1,4,0.058,0.028
gaia,472,"10""",pgsphere,1,1,8,0.026,0.047
gaia,472,"10""",q3c,1,1,301,2.591,0.575
gaia,472,"10""",skycell-rw,1,1,4,0.078,0.03
gaia,777,"10""",skycell,1,0,6,0.031,0.017
gaia,777,"10""",q3c,1,0,300,2.839,0.66
gaia,777,"10""",skycell-rw,1,0,6,0.088,0.032
gaia,777,"10""",pgsphere,1,0,4,0.025,0.028
gaia,278,"1""",q3c,1,1,301,2.556,0.574
gaia,278,"1""",skycell-rw,1,1,4,0.076,0.033
gaia,278,"1""",pgsphere,1,1,7,0.025,0.046
gaia,278,"1""",skycell,1,1,4,0.022,0.011
gaia,470,"10""",pgsphere,1,1,6,0.015,0.034
gaia,470,"10""",q3c,1,1,301,2.807,0.603
gaia,470,"10""",skycell,1,1,4,0.07,0.033
gaia,470,"10""",skycell-rw,1,1,4,0.042,0.011
