rows_m,class,method,plan_ms,exec_ms,buffers,n
2,Q05,pgsphere,0.066,0.252,105,292
2,Q05,skycell-rw,0.198,0.347,88,292
2,Q05,skycell,0.042,0.17,79,292
2,Q05,pgsphere,0.031,0.192,70,222
2,Q05,skycell-rw,0.162,0.239,77,222
2,Q05,skycell,0.042,0.157,72,222
2,Q05,skycell,0.032,0.181,53,218
2,Q05,skycell-rw,0.073,0.172,66,218
2,Q05,pgsphere,0.035,0.116,56,218
2,Q05,skycell,0.032,0.14,66,210
2,Q05,pgsphere,0.035,0.142,70,210
2,Q05,skycell-rw,0.089,0.229,75,210
2,Q05,pgsphere,0.014,0.097,83,201
2,Q05,skycell,0.033,0.094,77,201
2,Q05,skycell-rw,0.065,0.124,77,201
2,Q05,skycell,0.015,0.043,35,87
2,Q05,pgsphere,0.016,0.046,19,87
2,Q05,skycell-rw,0.048,0.051,35,87
2,Q05,pgsphere,0.017,0.083,59,170
2,Q05,skycell-rw,0.038,0.143,83,170
2,Q05,skycell,0.014,0.076,66,170
2,Q05,skycell-rw,0.035,0.108,48,139
2,Q05,skycell,0.012,0.055,43,139
2,Q05,pgsphere,0.012,0.07,52,139
2,Q05,skycell,0.017,0.092,70,287
2,Q05,pgsphere,0.012,0.097,92,287
2,Q05,skycell-rw,0.059,0.125,72,287
2,Q05,skycell,0.021,0.067,46,108
2,Q05,pgsphere,0.012,0.055,35,108
2,Q05,skycell-rw,0.032,0.069,51,108
2,Q05,skycell-rw,0.044,0.088,66,133
2,Q05,pgsphere,0.013,0.071,40,133
2,Q05,skycell,0.012,0.056,53,133
2,Q05,skycell-rw,0.098,0.181,126,369
2,Q05,pgsphere,0.017,0.129,152,369
2,Q05,skycell,0.012,0.169,123,369
2,Q05,skycell-rw,0.043,0.153,94,315
2,Q05,skycell,0.015,0.117,90,315
2,Q05,pgsphere,0.012,0.161,128,315
2,Q05,pgsphere,0.014,0.053,32,156
2,Q05,skycell,0.012,0.052,43,156
2,Q05,skycell-rw,0.068,0.08,56,156
2,Q05,skycell,0.024,0.192,115,464
2,Q05,skycell-rw,0.056,0.204,121,464
2,Q05,pgsphere,0.012,0.168,211,464
2,Q05,skycell,0.02,0.174,136,512
2,Q05,skycell-rw,0.07,0.192,129,512
2,Q05,pgsphere,0.02,0.205,251,512
2,Q05,skycell,0.024,0.234,142,560
2,Q05,pgsphere,0.013,0.232,248,560
2,Q05,skycell-rw,0.049,0.205,142,560
2,Q05,skycell-rw,0.053,0.11,68,209
2,Q05,pgsphere,0.014,0.109,106,209
2,Q05,skycell,0.012,0.085,70,209
2,Q05,pgsphere,0.015,0.207,272,601
2,Q05,skycell,0.019,0.169,133,601
2,Q05,skycell-rw,0.067,0.244,144,601
2,Q05,skycell,0.023,0.119,98,280
2,Q05,skycell-rw,0.055,0.197,102,280
2,Q05,pgsphere,0.013,0.103,90,280
2,Q05,skycell,0.021,0.165,114,491
2,Q05,pgsphere,0.019,0.179,183,491
2,Q05,skycell-rw,0.044,0.175,112,491
2,Q05,pgsphere,0.014,0.142,169,362
2,Q05,skycell-rw,0.087,0.159,121,362
2,Q05,skycell,0.015,0.119,122,362
2,Q05,skycell,0.024,0.242,146,577
2,Q05,skycell-rw,0.072,0.244,147,577
2,Q05,pgsphere,0.013,0.228,251,577
2,Q05,skycell,0.014,0.074,72,183
2,Q05,pgsphere,0.011,0.106,67,183
2,Q05,skycell-rw,0.049,0.101,78,183
2,Q05,skycell,0.025,0.084,66,246
2,Q05,pgsphere,0.011,0.105,106,246
2,Q05,skycell-rw,0.061,0.089,65,246
2,Q05,skycell,0.052,0.137,93,346
2,Q05,pgsphere,0.013,0.144,132,346
2,Q05,skycell-rw,0.03,0.659,1738,346
2,Q05,pgsphere,0.018,0.141,134,424
2,Q05,skycell,0.017,0.115,80,424
2,Q05,skycell-rw,0.099,0.132,83,424
2,Q05,skycell,0.056,0.161,106,350
2,Q05,pgsphere,0.013,0.13,141,350
2,Q05,skycell-rw,0.087,0.158,107,350
2,Q05,skycell-rw,0.071,0.186,132,476
2,Q05,pgsphere,0.016,0.157,178,476
2,Q05,skycell,0.019,0.187,130,476
2,Q05,skycell,0.013,0.07,57,167
2,Q05,skycell-rw,0.062,0.107,66,167
2,Q05,pgsphere,0.012,0.084,65,167
2,Q05,skycell,0.017,0.168,133,601
2,Q05,skycell-rw,0.079,0.216,144,601
2,Q05,pgsphere,0.017,0.216,272,601
2,Q05,pgsphere,0.012,0.261,251,512
2,Q05,skycell-rw,0.058,0.19,129,512
2,Q05,skycell,0.017,0.167,136,512
2,Q05,pgsphere,0.017,0.103,83,201
2,Q05,skycell,0.012,0.08,77,201
2,Q05,skycell-rw,0.111,0.09,77,201
2,Q05,pgsphere,0.012,0.127,128,315
2,Q05,skycell-rw,0.045,0.152,94,315
2,Q05,skycell,0.016,0.124,90,315
2,Q05,skycell,0.012,0.081,66,210
2,Q05,skycell-rw,0.041,0.13,75,210
2,Q05,pgsphere,0.014,0.08,70,210
2,Q05,pgsphere,0.017,0.2,251,577
2,Q05,skycell,0.022,0.22,146,577
2,Q05,skycell-rw,0.074,0.245,147,577
2,Q05,skycell,0.013,0.052,43,156
2,Q05,skycell-rw,0.053,0.084,56,156
2,Q05,pgsphere,0.011,0.058,32,156
2,Q05,skycell,0.019,0.132,98,280
2,Q05,skycell-rw,0.055,0.155,102,280
2,Q05,pgsphere,0.012,0.102,90,280
2,Q05,pgsphere,0.014,0.133,132,346
2,Q05,skycell-rw,0.029,0.59,1738,346
2,Q05,skycell,0.017,0.129,93,346
2,Q05,skycell,0.012,0.053,43,139
2,Q05,pgsphere,0.011,0.073,52,139
2,Q05,skycell-rw,0.033,0.068,48,139
2,Q05,skycell,0.019,0.151,106,350
2,Q05,pgsphere,0.012,0.128,141,350
2,Q05,skycell-rw,0.073,0.163,107,350
2,Q05,pgsphere,0.016,0.12,106,209
2,Q05,skycell-rw,0.048,0.107,68,209
2,Q05,skycell,0.015,0.086,70,209
2,Q05,skycell-rw,0.063,0.16,83,424
2,Q05,pgsphere,0.012,0.136,134,424
2,Q05,skycell,0.017,0.127,80,424
2,Q05,pgsphere,0.012,0.161,183,491
2,Q05,skycell,0.014,0.158,114,491
2,Q05,skycell-rw,0.109,0.196,112,491
2,Q05,skycell,0.013,0.077,66,246
2,Q05,skycell-rw,0.059,0.093,65,246
2,Q05,pgsphere,0.011,0.103,106,246
2,Q05,pgsphere,0.011,0.049,19,87
2,Q05,skycell-rw,0.071,0.049,35,87
2,Q05,skycell,0.019,0.041,35,87
2,Q05,skycell,0.011,0.241,115,464
2,Q05,pgsphere,0.013,0.163,211,464
2,Q05,skycell-rw,0.066,0.169,121,464
2,Q05,skycell-rw,0.068,0.111,77,222
2,Q05,pgsphere,0.011,0.082,70,222
2,Q05,skycell,0.011,0.087,72,222
2,Q05,skycell,0.012,0.136,123,369
2,Q05,skycell-rw,0.078,0.146,126,369
2,Q05,pgsphere,0.015,0.127,152,369
2,Q05,skycell,0.012,0.074,72,183
2,Q05,skycell-rw,0.046,0.1,78,183
2,Q05,pgsphere,0.012,0.072,67,183
2,Q05,skycell-rw,0.033,0.068,51,108
2,Q05,skycell,0.01,0.05,46,108
2,Q05,pgsphere,0.016,0.056,35,108
2,Q05,skycell-rw,0.047,0.119,72,287
2,Q05,pgsphere,0.014,0.093,92,287
2,Q05,skycell,0.011,0.088,70,287
2,Q05,pgsphere,0.015,0.058,40,133
2,Q05,skycell,0.011,0.052,53,133
2,Q05,skycell-rw,0.037,0.085,66,133
2,Q05,skycell-rw,0.045,0.085,66,167
2,Q05,skycell,0.011,0.13,57,167
2,Q05,pgsphere,0.013,0.081,65,167
2,Q05,skycell,0.021,0.228,142,560
2,Q05,pgsphere,0.013,0.193,248,560
2,Q05,skycell-rw,0.051,0.202,142,560
2,Q05,skycell-rw,0.064,0.193,132,476
2,Q05,skycell,0.016,0.157,130,476
2,Q05,pgsphere,0.046,0.157,178,476
2,Q05,pgsphere,0.011,0.074,59,170
2,Q05,skycell,0.011,0.072,66,170
2,Q05,skycell-rw,0.033,0.148,83,170
2,Q05,skycell,0.016,0.14,122,362
2,Q05,pgsphere,0.012,0.134,169,362
2,Q05,skycell-rw,0.087,0.137,121,362
2,Q05,skycell,0.019,0.109,79,292
2,Q05,skycell-rw,0.051,0.137,88,292
2,Q05,pgsphere,0.013,0.106,105,292
2,Q05,pgsphere,0.01,0.075,56,218
2,Q05,skycell,0.011,0.079,53,218
2,Q05,skycell-rw,0.03,0.095,66,218
2,Q05,skycell,0.016,0.172,130,476
2,Q05,skycell-rw,0.065,0.187,132,476
2,Q05,pgsphere,0.013,0.183,178,476
2,Q05,skycell,0.013,0.085,70,209
2,Q05,pgsphere,0.011,0.137,106,209
2,Q05,skycell-rw,0.047,0.104,68,209
2,Q05,pgsphere,0.054,0.082,67,183
2,Q05,skycell-rw,0.054,0.103,78,183
2,Q05,skycell,0.012,0.071,72,183
2,Q05,skycell,0.011,0.192,146,577
2,Q05,pgsphere,0.016,0.193,251,577
2,Q05,skycell-rw,0.08,0.22,147,577
2,Q05,skycell,0.047,0.098,43,156
2,Q05,pgsphere,0.012,0.051,32,156
2,Q05,skycell-rw,0.045,0.087,56,156
2,Q05,pgsphere,0.012,0.041,19,87
2,Q05,skycell-rw,0.046,0.048,35,87
2,Q05,skycell,0.011,0.04,35,87
2,Q05,skycell,0.012,0.197,142,560
2,Q05,skycell-rw,0.05,0.2,142,560
2,Q05,pgsphere,0.021,0.205,248,560
2,Q05,pgsphere,0.017,0.134,152,369
2,Q05,skycell,0.013,0.139,123,369
2,Q05,skycell-rw,0.101,0.155,126,369
2,Q05,pgsphere,0.02,0.204,251,512
2,Q05,skycell,0.056,0.199,136,512
2,Q05,skycell-rw,0.058,0.19,129,512
2,Q05,pgsphere,0.013,0.137,134,424
2,Q05,skycell,0.017,0.126,80,424
2,Q05,skycell-rw,0.061,0.123,83,424
2,Q05,skycell,0.012,0.055,43,139
2,Q05,skycell-rw,0.031,0.067,48,139
2,Q05,pgsphere,0.013,0.074,52,139
2,Q05,skycell,0.012,0.143,98,280
2,Q05,pgsphere,0.013,0.103,90,280
2,Q05,skycell-rw,0.07,0.191,102,280
2,Q05,skycell,0.012,0.066,57,167
2,Q05,pgsphere,0.016,0.087,65,167
2,Q05,skycell-rw,0.046,0.094,66,167
2,Q05,skycell,0.018,0.094,66,246
2,Q05,skycell-rw,0.046,0.087,65,246
2,Q05,pgsphere,0.014,0.106,106,246
2,Q05,skycell,0.012,0.094,79,292
2,Q05,pgsphere,0.014,0.111,105,292
2,Q05,skycell-rw,0.056,0.141,88,292
2,Q05,pgsphere,0.012,0.09,83,201
2,Q05,skycell-rw,0.071,0.109,77,201
2,Q05,skycell,0.011,0.084,77,201
2,Q05,skycell-rw,0.043,0.088,66,133
2,Q05,pgsphere,0.011,0.063,40,133
2,Q05,skycell,0.012,0.055,53,133
2,Q05,skycell,0.011,0.12,93,346
2,Q05,pgsphere,0.016,0.123,132,346
2,Q05,skycell-rw,0.033,0.605,1738,346
2,Q05,skycell,0.023,0.173,115,464
2,Q05,skycell-rw,0.057,0.217,121,464
2,Q05,pgsphere,0.015,0.197,211,464
2,Q05,pgsphere,0.014,0.127,128,315
2,Q05,skycell-rw,0.082,0.208,94,315
2,Q05,skycell,0.058,0.123,90,315
2,Q05,skycell,0.014,0.164,133,601
2,Q05,pgsphere,0.016,0.206,272,601
2,Q05,skycell-rw,0.06,0.227,144,601
2,Q05,pgsphere,0.022,0.168,169,362
2,Q05,skycell-rw,0.071,0.167,121,362
2,Q05,skycell,0.013,0.12,122,362
2,Q05,skycell-rw,0.075,0.162,107,350
2,Q05,pgsphere,0.018,0.142,141,350
2,Q05,skycell,0.012,0.133,106,350
2,Q05,skycell,0.021,0.168,114,491
2,Q05,pgsphere,0.012,0.195,183,491
2,Q05,skycell-rw,0.042,0.176,112,491
2,Q05,skycell,0.014,0.082,72,222
2,Q05,skycell-rw,0.061,0.098,77,222
2,Q05,pgsphere,0.012,0.084,70,222
2,Q05,skycell-rw,0.113,0.119,66,218
2,Q05,skycell,0.012,0.075,53,218
2,Q05,pgsphere,0.011,0.11,56,218
2,Q05,pgsphere,0.013,0.052,35,108
2,Q05,skycell-rw,0.035,0.069,51,108
2,Q05,skycell,0.012,0.059,46,108
2,Q05,skycell,0.011,0.081,66,210
2,Q05,skycell-rw,0.041,0.123,75,210
2,Q05,pgsphere,0.012,0.082,70,210
2,Q05,pgsphere,0.016,0.108,92,287
2,Q05,skycell-rw,0.047,0.123,72,287
2,Q05,skycell,0.013,0.087,70,287
2,Q05,pgsphere,0.012,0.077,59,170
2,Q05,skycell-rw,0.041,0.127,83,170
2,Q05,skycell,0.011,0.077,66,170
2,Q06,skycell,0.054,9.184,1590,44434
2,Q06,pgsphere,0.051,13.565,11573,44434
2,Q06,skycell-rw,0.191,8.517,1587,44434
2,Q06,pgsphere,0.072,32.336,28578,88782
2,Q06,skycell,0.087,20.169,3800,88782
2,Q06,skycell-rw,0.266,20.601,3800,88782
2,Q06,skycell-rw,0.211,16.211,2890,74200
2,Q06,pgsphere,0.083,23.344,19762,74200
2,Q06,skycell,0.096,16.456,2893,74200
2,Q06,pgsphere,0.091,8.335,4971,27602
2,Q06,skycell-rw,0.224,6.797,1306,27602
2,Q06,skycell,0.056,6.384,1306,27602
2,Q06,pgsphere,0.05,7.102,4266,25340
2,Q06,skycell,0.056,5.658,1134,25340
2,Q06,skycell-rw,0.202,5.579,1134,25340
2,Q06,pgsphere,0.055,11.49,7495,35595
2,Q06,skycell,0.093,8.051,1532,35595
2,Q06,skycell-rw,0.168,7.839,1532,35595
2,Q06,pgsphere,0.063,17.55,14196,51519
2,Q06,skycell-rw,0.152,10.897,1946,51519
2,Q06,skycell,0.059,10.8,1946,51519
2,Q06,skycell,0.058,15.687,2845,73559
2,Q06,skycell-rw,0.22,15.898,2845,73559
2,Q06,pgsphere,0.066,23.611,19938,73559
2,Q06,pgsphere,0.059,9.912,6252,32924
2,Q06,skycell-rw,0.272,7.319,1436,32924
2,Q06,skycell,0.054,7.202,1436,32924
2,Q06,skycell,0.066,21.265,3757,89319
2,Q06,skycell-rw,0.25,20.664,3757,89319
2,Q06,pgsphere,0.084,33.724,27426,89319
2,Q06,skycell,0.063,4.459,849,19479
2,Q06,skycell-rw,0.162,4.048,849,19479
2,Q06,pgsphere,0.047,4.876,3043,19479
2,Q06,pgsphere,0.084,35.349,24219,81449
2,Q06,skycell-rw,0.352,28.263,3223,81449
2,Q06,skycell,0.117,27.608,3223,81449
2,Q06,skycell,0.096,11.932,1425,34202
2,Q06,skycell-rw,0.293,11.52,1425,34202
2,Q06,pgsphere,0.081,11.281,6857,34202
2,Q06,skycell,0.059,6.23,1185,22452
2,Q06,skycell-rw,0.187,5.777,1185,22452
2,Q06,pgsphere,0.048,8.244,5368,22452
2,Q06,skycell-rw,0.207,11.707,1968,49737
2,Q06,pgsphere,0.057,16.092,11720,49737
2,Q06,skycell,0.096,11.179,1968,49737
2,Q06,pgsphere,0.062,11.758,7482,34531
2,Q06,skycell,0.065,8.254,1536,34531
2,Q06,skycell-rw,0.186,7.82,1536,34531
2,Q06,skycell,0.067,15.419,2789,64521
2,Q06,skycell-rw,0.22,15.342,2789,64521
2,Q06,pgsphere,0.074,22.805,17490,64521
2,Q06,skycell,0.071,6.72,1271,28824
2,Q06,skycell-rw,0.195,6.337,1271,28824
2,Q06,pgsphere,0.05,8.056,4691,28824
2,Q06,pgsphere,0.066,10.05,6171,32064
2,Q06,skycell,0.09,7.472,1438,32064
2,Q06,skycell-rw,0.178,7.081,1438,32064
2,Q06,skycell,0.056,16.293,2635,74883
2,Q06,pgsphere,0.068,23.742,20873,74883
2,Q06,skycell-rw,0.188,16.644,2635,74883
2,Q06,skycell,0.057,5.684,1094,25035
2,Q06,skycell-rw,0.156,5.363,1094,25035
2,Q06,pgsphere,0.074,6.383,3827,25035
2,Q06,skycell-rw,0.325,7.374,1326,27969
2,Q06,pgsphere,0.043,9.005,4953,27969
2,Q06,skycell,0.097,6.699,1326,27969
2,Q06,pgsphere,0.053,11.151,6963,35065
2,Q06,skycell,0.061,8.245,1577,35065
2,Q06,skycell-rw,0.198,8.005,1577,35065
2,Q06,pgsphere,0.084,12.208,9669,39288
2,Q06,skycell,0.063,9.104,1672,39288
2,Q06,skycell-rw,0.168,8.616,1672,39288
2,Q06,pgsphere,0.067,16.308,11126,47346
2,Q06,skycell,0.072,11.386,2143,47346
2,Q06,skycell-rw,0.208,11.233,2143,47346
2,Q06,skycell,0.071,9.019,1639,36070
2,Q06,pgsphere,0.057,11.567,7367,36070
2,Q06,skycell-rw,0.193,8.792,1639,36070
2,Q06,skycell,0.062,7.228,1342,27805
2,Q06,pgsphere,0.054,8.486,5105,27805
2,Q06,skycell-rw,0.184,6.641,1342,27805
2,Q06,skycell-rw,0.179,15.759,2571,73439
2,Q06,skycell,0.066,15.649,2571,73439
2,Q06,pgsphere,0.082,24.328,20646,73439
2,Q06,pgsphere,0.066,8.57,5318,27619
2,Q06,skycell-rw,0.284,6.424,1324,27619
2,Q06,skycell,0.048,6.277,1324,27619
2,Q06,pgsphere,0.083,20.086,18201,68282
2,Q06,skycell-rw,0.183,13.909,2295,68282
2,Q06,skycell,0.063,13.879,2295,68282
2,Q06,pgsphere,0.081,32.906,28578,88782
2,Q06,skycell-rw,0.273,20.866,3800,88782
2,Q06,skycell,0.096,21.158,3800,88782
2,Q06,skycell-rw,0.202,11.83,2143,47346
2,Q06,pgsphere,0.074,15.454,11126,47346
2,Q06,skycell,0.062,11.112,2143,47346
2,Q06,skycell,0.082,6.768,1271,28824
2,Q06,skycell-rw,0.193,6.336,1271,28824
2,Q06,pgsphere,0.083,7.953,4691,28824
2,Q06,skycell,0.056,8.592,1577,35065
2,Q06,skycell-rw,0.196,11.452,1577,35065
2,Q06,pgsphere,0.107,17.699,6963,35065
2,Q06,pgsphere,0.086,42.743,20873,74883
2,Q06,skycell-rw,0.225,16.515,2635,74883
2,Q06,skycell,0.076,16.551,2635,74883
2,Q06,skycell-rw,0.191,9.48,1672,39288
2,Q06,pgsphere,0.061,12.481,9669,39288
2,Q06,skycell,0.064,8.978,1672,39288
2,Q06,skycell-rw,0.255,22.186,3757,89319
2,Q06,skycell,0.072,21.695,3757,89319
2,Q06,pgsphere,0.092,34.483,27426,89319
2,Q06,pgsphere,0.112,12.048,7482,34531
2,Q06,skycell,0.098,8.239,1536,34531
2,Q06,skycell-rw,0.201,7.994,1536,34531
2,Q06,skycell-rw,0.179,15.938,2571,73439
2,Q06,skycell,0.115,17.721,2571,73439
2,Q06,pgsphere,0.077,24.511,20646,73439
2,Q06,skycell-rw,0.25,7.04,1306,27602
2,Q06,skycell,0.082,6.475,1306,27602
2,Q06,pgsphere,0.06,8.979,4971,27602
2,Q06,skycell-rw,0.211,7.983,1436,32924
2,Q06,pgsphere,0.052,10.452,6252,32924
2,Q06,skycell,0.061,7.448,1436,32924
2,Q06,skycell-rw,0.158,14.752,2295,68282
2,Q06,pgsphere,0.072,21.698,18201,68282
2,Q06,skycell,0.078,14.367,2295,68282
2,Q06,pgsphere,0.078,16.352,11720,49737
2,Q06,skycell-rw,0.248,11.218,1968,49737
2,Q06,skycell,0.068,11.231,1968,49737
2,Q06,skycell,0.062,7.079,1326,27969
2,Q06,skycell-rw,0.246,6.684,1326,27969
2,Q06,pgsphere,0.051,8.398,4953,27969
2,Q06,skycell-rw,0.185,4.605,849,19479
2,Q06,pgsphere,0.053,5.322,3043,19479
2,Q06,skycell,0.094,4.35,849,19479
2,Q06,skycell,0.055,5.903,1094,25035
2,Q06,skycell-rw,0.173,5.872,1094,25035
2,Q06,pgsphere,0.052,7.278,3827,25035
2,Q06,skycell-rw,0.239,16.943,2845,73559
2,Q06,skycell,0.068,16.555,2845,73559
2,Q06,pgsphere,0.086,28.003,19938,73559
2,Q06,pgsphere,0.074,7.364,4266,25340
2,Q06,skycell,0.059,5.967,1134,25340
2,Q06,skycell-rw,0.206,5.602,1134,25340
2,Q06,pgsphere,0.056,9.954,6171,32064
2,Q06,skycell,0.058,7.386,1438,32064
2,Q06,skycell-rw,0.175,7,1438,32064
2,Q06,skycell-rw,0.186,9.091,1639,36070
2,Q06,pgsphere,0.051,11.321,7367,36070
2,Q06,skycell,0.053,8.312,1639,36070
2,Q06,skycell-rw,0.195,15.434,2789,64521
2,Q06,pgsphere,0.066,21.896,17490,64521
2,Q06,skycell,0.063,14.618,2789,64521
2,Q06,skycell-rw,0.191,8.479,1532,35595
2,Q06,pgsphere,0.063,12.919,7495,35595
2,Q06,skycell,0.055,7.902,1532,35595
2,Q06,pgsphere,0.054,8.102,5368,22452
2,Q06,skycell-rw,0.442,10.195,1185,22452
2,Q06,skycell,0.063,9.879,1185,22452
2,Q06,skycell-rw,0.385,12.053,1342,27805
2,Q06,skycell,0.064,11.116,1342,27805
2,Q06,pgsphere,0.07,14.768,5105,27805
2,Q06,skycell,0.076,18.858,1946,51519
2,Q06,skycell-rw,0.234,18.62,1946,51519
2,Q06,pgsphere,0.061,16.86,14196,51519
2,Q06,skycell,0.066,16.8,2893,74200
2,Q06,skycell-rw,0.258,16.512,2890,74200
2,Q06,pgsphere,0.064,23.604,19762,74200
2,Q06,skycell,0.057,7.817,1425,34202
2,Q06,skycell-rw,0.173,7.241,1425,34202
2,Q06,pgsphere,0.045,10.399,6857,34202
2,Q06,skycell,0.055,18.574,3223,81449
2,Q06,pgsphere,0.065,28.162,24219,81449
2,Q06,skycell-rw,0.196,18.17,3223,81449
2,Q06,skycell,0.078,10.923,1590,44434
2,Q06,skycell-rw,0.199,9.628,1587,44434
2,Q06,pgsphere,0.053,14.569,11573,44434
2,Q06,pgsphere,0.06,9.198,5318,27619
2,Q06,skycell,0.066,6.711,1324,27619
2,Q06,skycell-rw,0.225,6.67,1324,27619
2,Q06,skycell,0.059,7.936,1438,32064
2,Q06,skycell-rw,0.214,7.211,1438,32064
2,Q06,pgsphere,0.056,9.881,6171,32064
2,Q06,skycell,0.065,19.714,3223,81449
2,Q06,skycell-rw,0.202,18.899,3223,81449
2,Q06,pgsphere,0.085,31.143,24219,81449
2,Q06,pgsphere,0.079,12.144,7482,34531
2,Q06,skycell-rw,0.211,8.691,1536,34531
2,Q06,skycell,0.057,7.801,1536,34531
2,Q06,skycell-rw,0.17,7.975,1425,34202
2,Q06,pgsphere,0.057,11.501,6857,34202
2,Q06,skycell,0.058,7.507,1425,34202
2,Q06,skycell,0.052,4.494,849,19479
2,Q06,pgsphere,0.075,5.166,3043,19479
2,Q06,skycell-rw,0.248,4.614,849,19479
2,Q06,skycell-rw,0.192,6.831,1271,28824
2,Q06,pgsphere,0.056,8.062,4691,28824
2,Q06,skycell,0.056,6.5,1271,28824
2,Q06,skycell,0.057,9.426,1590,44434
2,Q06,pgsphere,0.062,14.001,11573,44434
2,Q06,skycell-rw,0.2,8.904,1587,44434
2,Q06,skycell,0.054,6.895,1324,27619
2,Q06,skycell-rw,0.224,6.38,1324,27619
2,Q06,pgsphere,0.059,8.887,5318,27619
2,Q06,skycell-rw,0.203,5.933,1094,25035
2,Q06,skycell,0.059,5.558,1094,25035
2,Q06,pgsphere,0.082,7.143,3827,25035
2,Q06,pgsphere,0.049,8.389,4971,27602
2,Q06,skycell-rw,0.216,6.854,1306,27602
2,Q06,skycell,0.056,6.488,1306,27602
2,Q06,pgsphere,0.057,10.526,6252,32924
2,Q06,skycell-rw,0.21,7.912,1436,32924
2,Q06,skycell,0.059,7.608,1436,32924
2,Q06,skycell-rw,0.203,17.176,2890,74200
2,Q06,pgsphere,0.076,25.41,19762,74200
2,Q06,skycell,0.082,16.608,2893,74200
2,Q06,skycell-rw,0.261,22.465,3800,88782
2,Q06,pgsphere,0.098,34.906,28578,88782
2,Q06,skycell,0.119,27.818,3800,88782
2,Q06,pgsphere,0.08,11.961,9669,39288
2,Q06,skycell,0.069,8.87,1672,39288
2,Q06,skycell-rw,0.17,8.69,1672,39288
2,Q06,pgsphere,0.066,21.128,18201,68282
2,Q06,skycell-rw,0.168,13.85,2295,68282
2,Q06,skycell,0.065,13.99,2295,68282
2,Q06,pgsphere,0.063,11.373,6963,35065
2,Q06,skycell-rw,0.293,8.266,1577,35065
2,Q06,skycell,0.049,7.806,1577,35065
2,Q06,skycell,0.057,16.648,2635,74883
2,Q06,pgsphere,0.085,24.212,20873,74883
2,Q06,skycell-rw,0.195,15.399,2635,74883
2,Q06,pgsphere,0.074,22.879,17490,64521
2,Q06,skycell,0.081,14.912,2789,64521
2,Q06,skycell-rw,0.225,14.86,2789,64521
2,Q06,pgsphere,0.063,8.819,5105,27805
2,Q06,skycell-rw,0.208,6.884,1342,27805
2,Q06,skycell,0.053,6.643,1342,27805
2,Q06,skycell-rw,0.245,6.631,1326,27969
2,Q06,pgsphere,0.047,8.236,4953,27969
2,Q06,skycell,0.049,6.584,1326,27969
2,Q06,pgsphere,0.054,11.393,7367,36070
2,Q06,skycell-rw,0.182,9.162,1639,36070
2,Q06,skycell,0.055,8.626,1639,36070
2,Q06,skycell,0.05,11.504,1968,49737
2,Q06,skycell-rw,0.202,11.06,1968,49737
2,Q06,pgsphere,0.058,15.399,11720,49737
2,Q06,skycell-rw,0.214,17.443,2845,73559
2,Q06,pgsphere,0.07,25.425,19938,73559
2,Q06,skycell,0.13,21.265,2845,73559
2,Q06,pgsphere,0.066,8.186,5368,22452
2,Q06,skycell,0.057,6.862,1185,22452
2,Q06,skycell-rw,0.208,7.006,1185,22452
2,Q06,skycell-rw,0.183,12.039,2143,47346
2,Q06,pgsphere,0.089,15.432,11126,47346
2,Q06,skycell,0.062,11.069,2143,47346
2,Q06,pgsphere,0.056,17.069,14196,51519
2,Q06,skycell-rw,0.153,10.968,1946,51519
2,Q06,skycell,0.108,10.772,1946,51519
2,Q06,pgsphere,0.086,34.019,27426,89319
2,Q06,skycell,0.081,20.656,3757,89319
2,Q06,skycell-rw,0.262,20.965,3757,89319
2,Q06,pgsphere,0.06,7.124,4266,25340
2,Q06,skycell,0.058,5.716,1134,25340
2,Q06,skycell-rw,0.237,5.644,1134,25340
2,Q06,skycell,0.048,8.373,1532,35595
2,Q06,skycell-rw,0.16,7.906,1532,35595
2,Q06,pgsphere,0.06,11.779,7495,35595
2,Q06,pgsphere,0.093,24.574,20646,73439
2,Q06,skycell-rw,0.184,15.643,2571,73439
2,Q06,skycell,0.079,15.107,2571,73439
2,Q07,skycell-rw,0.137,0.4,168,803
2,Q07,skycell,0.032,0.337,171,803
2,Q07,pgsphere,0.028,0.388,273,803
2,Q07,skycell-rw,0.17,1.397,385,3126
2,Q07,skycell,0.049,1.227,381,3126
2,Q07,pgsphere,0.043,1.681,1554,3126
2,Q07,skycell-rw,0.126,0.68,206,1683
2,Q07,skycell,0.074,0.765,225,1683
2,Q07,pgsphere,0.039,0.878,544,1683
2,Q07,pgsphere,0.034,0.711,431,1492
2,Q07,skycell,0.035,0.472,167,1492
2,Q07,skycell-rw,0.128,0.514,164,1492
2,Q07,skycell-rw,0.196,1.721,460,3804
2,Q07,pgsphere,0.047,2.089,2123,3804
2,Q07,skycell,0.052,1.526,460,3804
2,Q07,pgsphere,0.038,0.895,588,1552
2,Q07,skycell,0.033,0.529,207,1552
2,Q07,skycell-rw,0.126,0.635,198,1552
2,Q07,skycell-rw,0.134,0.689,207,1640
2,Q07,skycell,0.034,0.611,215,1640
2,Q07,pgsphere,0.033,0.716,566,1640
2,Q07,pgsphere,0.042,1.305,1253,2227
2,Q07,skycell-rw,0.148,1.13,322,2227
2,Q07,skycell,0.045,0.961,313,2227
2,Q07,skycell,0.06,0.818,265,2107
2,Q07,skycell-rw,0.119,0.847,268,2107
2,Q07,pgsphere,0.039,1.055,855,2107
2,Q07,pgsphere,0.056,2.172,1641,3731
2,Q07,skycell,0.051,1.339,401,3731
2,Q07,skycell-rw,0.243,1.419,401,3731
2,Q07,pgsphere,0.04,0.346,208,767
2,Q07,skycell,0.029,0.299,152,767
2,Q07,skycell-rw,0.102,0.322,149,767
2,Q07,pgsphere,0.043,1.389,1243,3211
2,Q07,skycell,0.103,1.058,296,3211
2,Q07,skycell-rw,0.178,1.153,298,3211
2,Q07,pgsphere,0.035,0.544,353,1276
2,Q07,skycell-rw,0.137,0.481,178,1276
2,Q07,skycell,0.034,0.422,176,1276
2,Q07,skycell-rw,0.201,1.886,482,4550
2,Q07,skycell,0.05,1.654,482,4550
2,Q07,pgsphere,0.049,2.47,2502,4550
2,Q07,pgsphere,0.037,0.761,554,1629
2,Q07,skycell,0.038,0.565,245,1629
2,Q07,skycell-rw,0.124,0.623,238,1629
2,Q07,skycell,0.041,0.775,230,1790
2,Q07,skycell-rw,0.141,0.685,234,1790
2,Q07,pgsphere,0.048,1.029,576,1790
2,Q07,skycell-rw,0.163,0.75,203,1524
2,Q07,pgsphere,0.04,0.644,427,1524
2,Q07,skycell,0.037,0.528,204,1524
2,Q07,pgsphere,0.043,0.927,764,1839
2,Q07,skycell-rw,0.133,0.82,229,1839
2,Q07,skycell,0.048,0.657,231,1839
2,Q07,pgsphere,0.05,1.954,1932,3862
2,Q07,skycell,0.05,1.453,430,3862
2,Q07,skycell-rw,0.235,1.563,430,3862
2,Q07,skycell-rw,0.217,1.541,428,3534
2,Q07,pgsphere,0.047,1.924,1868,3534
2,Q07,skycell,0.052,1.337,428,3534
2,Q07,pgsphere,0.061,1.04,737,1862
2,Q07,skycell,0.057,0.796,272,1862
2,Q07,skycell-rw,0.152,0.756,272,1862
2,Q07,pgsphere,0.042,0.703,485,1573
2,Q07,skycell,0.035,0.591,218,1573
2,Q07,skycell-rw,0.134,0.665,208,1573
2,Q07,skycell,0.039,0.55,209,1455
2,Q07,pgsphere,0.039,0.684,474,1455
2,Q07,skycell-rw,0.145,0.567,201,1455
2,Q07,pgsphere,0.034,0.414,280,969
2,Q07,skycell,0.027,0.407,162,969
2,Q07,skycell-rw,0.127,0.414,157,969
2,Q07,skycell,0.051,1.21,362,2913
2,Q07,skycell-rw,0.153,1.282,361,2913
2,Q07,pgsphere,0.091,1.631,1470,2913
2,Q07,skycell,0.059,1.734,489,3898
2,Q07,skycell-rw,0.214,1.736,489,3898
2,Q07,pgsphere,0.05,2.242,2242,3898
2,Q07,skycell-rw,0.197,1.1,249,2453
2,Q07,pgsphere,0.046,1.522,921,2453
2,Q07,skycell,0.048,0.757,249,2453
2,Q07,skycell-rw,0.231,1.459,371,3167
2,Q07,pgsphere,0.048,1.549,1477,3167
2,Q07,skycell,0.048,1.245,372,3167
2,Q07,skycell-rw,0.162,0.576,198,1428
2,Q07,skycell,0.033,0.536,197,1428
2,Q07,pgsphere,0.032,0.609,424,1428
2,Q07,skycell,0.026,0.198,99,478
2,Q07,pgsphere,0.018,0.237,144,478
2,Q07,skycell-rw,0.075,0.234,109,478
2,Q07,skycell,0.038,0.579,215,1640
2,Q07,skycell-rw,0.138,0.719,207,1640
2,Q07,pgsphere,0.038,0.678,566,1640
2,Q07,skycell-rw,0.073,0.241,109,478
2,Q07,pgsphere,0.021,0.255,144,478
2,Q07,skycell,0.02,0.183,99,478
2,Q07,skycell,0.033,0.614,230,1790
2,Q07,pgsphere,0.037,0.798,576,1790
2,Q07,skycell-rw,0.142,0.678,234,1790
2,Q07,skycell,0.049,1.191,362,2913
2,Q07,skycell-rw,0.166,1.25,361,2913
2,Q07,pgsphere,0.074,1.941,1470,2913
2,Q07,skycell,0.052,0.73,245,1629
2,Q07,skycell-rw,0.132,0.644,238,1629
2,Q07,pgsphere,0.04,0.793,554,1629
2,Q07,skycell,0.047,1.297,381,3126
2,Q07,pgsphere,0.05,1.699,1554,3126
2,Q07,skycell-rw,0.195,1.287,385,3126
2,Q07,skycell,0.05,1.511,430,3862
2,Q07,skycell-rw,0.205,1.485,430,3862
2,Q07,pgsphere,0.05,1.958,1932,3862
2,Q07,pgsphere,0.06,1.102,855,2107
2,Q07,skycell,0.055,0.823,265,2107
2,Q07,skycell-rw,0.135,0.822,268,2107
2,Q07,skycell-rw,0.189,1.44,401,3731
2,Q07,skycell,0.081,1.265,401,3731
2,Q07,pgsphere,0.049,2.237,1641,3731
2,Q07,pgsphere,0.061,2.456,2242,3898
2,Q07,skycell,0.063,1.591,489,3898
2,Q07,skycell-rw,0.236,1.645,489,3898
2,Q07,pgsphere,0.051,1.937,1868,3534
2,Q07,skycell-rw,0.233,1.558,428,3534
2,Q07,skycell,0.05,1.31,428,3534
2,Q07,pgsphere,0.033,0.417,273,803
2,Q07,skycell-rw,0.134,0.413,168,803
2,Q07,skycell,0.028,0.403,171,803
2,Q07,skycell-rw,0.109,0.459,157,969
2,Q07,pgsphere,0.027,0.415,280,969
2,Q07,skycell,0.024,0.435,162,969
2,Q07,pgsphere,0.04,1.034,921,2453
2,Q07,skycell,0.043,0.814,249,2453
2,Q07,skycell-rw,0.195,0.833,249,2453
2,Q07,skycell,0.047,1.044,313,2227
2,Q07,pgsphere,0.06,1.365,1253,2227
2,Q07,skycell-rw,0.172,1.099,322,2227
2,Q07,pgsphere,0.04,0.605,431,1492
2,Q07,skycell-rw,0.122,0.522,164,1492
2,Q07,skycell,0.032,0.481,167,1492
2,Q07,pgsphere,0.04,0.769,544,1683
2,Q07,skycell-rw,0.127,0.666,206,1683
2,Q07,skycell,0.037,0.572,225,1683
2,Q07,skycell-rw,0.142,0.598,198,1552
2,Q07,pgsphere,0.039,0.726,588,1552
2,Q07,skycell,0.029,0.543,207,1552
2,Q07,pgsphere,0.036,0.548,353,1276
2,Q07,skycell,0.027,0.437,176,1276
2,Q07,skycell-rw,0.167,0.468,178,1276
2,Q07,skycell-rw,0.146,0.803,272,1862
2,Q07,pgsphere,0.041,0.861,737,1862
2,Q07,skycell,0.041,0.675,272,1862
2,Q07,skycell,0.048,1.595,460,3804
2,Q07,skycell-rw,0.205,1.577,460,3804
2,Q07,pgsphere,0.057,2.158,2123,3804
2,Q07,skycell-rw,0.163,0.345,149,767
2,Q07,pgsphere,0.071,0.584,208,767
2,Q07,skycell,0.048,0.331,152,767
2,Q07,pgsphere,0.044,0.636,427,1524
2,Q07,skycell,0.04,0.592,204,1524
2,Q07,skycell-rw,0.127,0.549,203,1524
2,Q07,skycell,0.037,0.58,218,1573
2,Q07,pgsphere,0.038,0.686,485,1573
2,Q07,skycell-rw,0.138,0.624,208,1573
2,Q07,skycell,0.036,0.67,231,1839
2,Q07,skycell-rw,0.123,0.722,229,1839
2,Q07,pgsphere,0.039,0.914,764,1839
2,Q07,skycell-rw,0.228,1.889,482,4550
2,Q07,skycell,0.058,1.694,482,4550
2,Q07,pgsphere,0.049,2.337,2502,4550
2,Q07,skycell-rw,0.151,0.596,201,1455
2,Q07,pgsphere,0.041,0.637,474,1455
2,Q07,skycell,0.034,0.504,209,1455
2,Q07,skycell,0.052,1.061,296,3211
2,Q07,pgsphere,0.054,1.361,1243,3211
2,Q07,skycell-rw,0.172,1.063,298,3211
2,Q07,pgsphere,0.082,1.017,424,1428
2,Q07,skycell-rw,0.141,0.61,198,1428
2,Q07,skycell,0.037,0.643,197,1428
2,Q07,skycell,0.053,1.381,372,3167
2,Q07,pgsphere,0.046,1.576,1477,3167
2,Q07,skycell-rw,0.148,1.336,371,3167
2,Q07,skycell,0.049,1.37,401,3731
2,Q07,pgsphere,0.076,1.798,1641,3731
2,Q07,skycell-rw,0.231,1.344,401,3731
2,Q07,skycell,0.039,0.493,204,1524
2,Q07,skycell-rw,0.131,0.593,203,1524
2,Q07,pgsphere,0.045,0.63,427,1524
2,Q07,skycell-rw,0.15,0.601,198,1428
2,Q07,skycell,0.04,0.5,197,1428
2,Q07,pgsphere,0.033,0.624,424,1428
2,Q07,skycell-rw,0.145,1.126,322,2227
2,Q07,skycell,0.045,1.081,313,2227
2,Q07,pgsphere,0.043,1.3,1253,2227
2,Q07,skycell-rw,0.293,2.275,482,4550
2,Q07,skycell,0.052,1.835,482,4550
2,Q07,pgsphere,0.058,2.482,2502,4550
2,Q07,skycell-rw,0.13,0.936,268,2107
2,Q07,skycell,0.044,0.742,265,2107
2,Q07,pgsphere,0.042,1.072,855,2107
2,Q07,skycell-rw,0.215,0.741,234,1790
2,Q07,skycell,0.039,0.609,230,1790
2,Q07,pgsphere,0.039,0.795,576,1790
2,Q07,pgsphere,0.073,2.263,2242,3898
2,Q07,skycell-rw,0.213,1.819,489,3898
2,Q07,skycell,0.06,1.647,489,3898
2,Q07,pgsphere,0.062,0.926,737,1862
2,Q07,skycell,0.046,0.729,272,1862
2,Q07,skycell-rw,0.197,0.732,272,1862
2,Q07,skycell,0.037,0.424,176,1276
2,Q07,skycell-rw,0.202,0.595,178,1276
2,Q07,pgsphere,0.037,0.608,353,1276
2,Q07,pgsphere,0.038,0.748,566,1640
2,Q07,skycell,0.04,0.589,215,1640
2,Q07,skycell-rw,0.173,0.672,207,1640
2,Q07,skycell,0.04,0.544,207,1552
2,Q07,pgsphere,0.038,0.738,588,1552
2,Q07,skycell-rw,0.167,0.675,198,1552
2,Q07,skycell,0.052,1.277,372,3167
2,Q07,skycell-rw,0.154,1.275,371,3167
2,Q07,pgsphere,0.047,1.562,1477,3167
2,Q07,pgsphere,0.042,0.96,764,1839
2,Q07,skycell,0.04,0.668,231,1839
2,Q07,skycell-rw,0.13,0.781,229,1839
2,Q07,pgsphere,0.047,1.463,1243,3211
2,Q07,skycell-rw,0.174,1.218,298,3211
2,Q07,skycell,0.047,0.996,296,3211
2,Q07,pgsphere,0.053,0.707,431,1492
2,Q07,skycell-rw,0.121,0.528,164,1492
2,Q07,skycell,0.075,0.481,167,1492
2,Q07,pgsphere,0.03,0.255,144,478
2,Q07,skycell-rw,0.132,0.393,109,478
2,Q07,skycell,0.038,0.321,99,478
2,Q07,pgsphere,0.038,0.342,208,767
2,Q07,skycell,0.032,0.319,152,767
2,Q07,skycell-rw,0.113,0.407,149,767
2,Q07,skycell-rw,0.128,0.691,206,1683
2,Q07,pgsphere,0.039,0.798,544,1683
2,Q07,skycell,0.039,0.593,225,1683
2,Q07,skycell,0.051,1.349,381,3126
2,Q07,skycell-rw,0.17,1.354,385,3126
2,Q07,pgsphere,0.046,1.725,1554,3126
2,Q07,skycell-rw,0.228,0.974,249,2453
2,Q07,pgsphere,0.045,1.061,921,2453
2,Q07,skycell,0.057,0.843,249,2453
2,Q07,skycell,0.039,0.54,209,1455
2,Q07,skycell-rw,0.158,0.598,201,1455
2,Q07,pgsphere,0.06,0.753,474,1455
2,Q07,pgsphere,0.05,2.24,1932,3862
2,Q07,skycell,0.059,1.581,430,3862
2,Q07,skycell-rw,0.204,1.812,430,3862
2,Q07,skycell,0.059,1.563,428,3534
2,Q07,skycell-rw,0.284,2.08,428,3534
2,Q07,pgsphere,0.054,2.008,1868,3534
2,Q07,pgsphere,0.057,2.269,2123,3804
2,Q07,skycell,0.058,1.629,460,3804
2,Q07,skycell-rw,0.213,1.615,460,3804
2,Q07,skycell-rw,0.134,0.415,168,803
2,Q07,pgsphere,0.038,0.401,273,803
2,Q07,skycell,0.031,0.33,171,803
2,Q07,skycell,0.036,0.605,245,1629
2,Q07,pgsphere,0.036,0.765,554,1629
2,Q07,skycell-rw,0.13,0.651,238,1629
2,Q07,skycell,0.052,1.177,362,2913
2,Q07,skycell-rw,0.165,1.272,361,2913
2,Q07,pgsphere,0.115,1.506,1470,2913
2,Q07,pgsphere,0.066,0.671,280,969
2,Q07,skycell-rw,0.127,0.494,157,969
2,Q07,skycell,0.036,0.394,162,969
2,Q07,pgsphere,0.054,0.818,485,1573
2,Q07,skycell-rw,0.158,0.627,208,1573
2,Q07,skycell,0.107,0.567,218,1573
2,Q12,pgsphere,0.021,0.019,4,1
2,Q12,skycell,0.011,0.006,6,1
2,Q12,skycell-rw,0.02,0.011,6,1
2,Q12,skycell-rw,0.032,0.013,8,1
2,Q12,pgsphere,0.011,0.019,6,1
2,Q12,skycell,0.011,0.007,9,1
2,Q12,skycell,0.01,0.008,9,1
2,Q12,skycell-rw,0.029,0.01,8,1
2,Q12,pgsphere,0.011,0.013,4,1
2,Q12,skycell,0.01,0.006,9,1
2,Q12,pgsphere,0.01,0.012,4,1
2,Q12,skycell-rw,0.037,0.012,8,1
2,Q12,pgsphere,0.016,0.015,4,1
2,Q12,skycell,0.011,0.007,6,1
2,Q12,skycell-rw,0.019,0.007,6,1
2,Q12,pgsphere,0.01,0.023,5,1
2,Q12,skycell-rw,0.019,0.006,6,1
2,Q12,skycell,0.011,0.006,6,1
2,Q12,pgsphere,0.01,0.013,4,1
2,Q12,skycell,0.01,0.006,6,1
2,Q12,skycell-rw,0.019,0.006,6,1
2,Q12,skycell,0.011,0.006,6,1
2,Q12,skycell-rw,0.019,0.006,6,1
2,Q12,pgsphere,0.01,0.013,4,1
2,Q12,skycell-rw,0.018,0.007,6,1
2,Q12,skycell,0.01,0.006,6,1
2,Q12,pgsphere,0.01,0.013,4,1
2,Q12,skycell,0.011,0.006,6,1
2,Q12,pgsphere,0.01,0.022,7,1
2,Q12,skycell-rw,0.018,0.006,6,1
2,Q12,skycell,0.01,0.005,6,1
2,Q12,pgsphere,0.01,0.016,5,1
2,Q12,skycell-rw,0.027,0.008,6,1
2,Q12,pgsphere,0.01,0.013,4,1
2,Q12,skycell,0.01,0.006,6,1
2,Q12,skycell-rw,0.018,0.006,6,1
2,Q12,skycell-rw,0.018,0.006,6,1
2,Q12,skycell,0.011,0.006,6,1
2,Q12,pgsphere,0.01,0.012,4,1
2,Q12,skycell-rw,0.018,0.006,6,1
2,Q12,skycell,0.01,0.006,6,1
2,Q12,pgsphere,0.01,0.011,4,1
2,Q12,pgsphere,0.014,0.015,4,1
2,Q12,skycell,0.01,0.006,6,1
2,Q12,skycell-rw,0.019,0.006,6,1
2,Q12,skycell-rw,0.028,0.011,8,1
2,Q12,skycell,0.01,0.007,9,1
2,Q12,pgsphere,0.011,0.016,6,1
2,Q12,skycell,0.01,0.007,9,1
2,Q12,pgsphere,0.01,0.012,4,1
2,Q12,skycell-rw,0.038,0.012,8,1
2,Q12,skycell-rw,0.032,0.01,8,1
2,Q12,pgsphere,0.011,0.014,4,1
2,Q12,skycell,0.01,0.046,9,1
2,Q12,skycell-rw,0.02,0.006,6,1
2,Q12,skycell,0.011,0.006,6,1
2,Q12,pgsphere,0.01,0.012,4,1
2,Q12,skycell,0.01,0.005,6,1
2,Q12,skycell-rw,0.018,0.006,6,1
2,Q12,pgsphere,0.01,0.011,4,1
2,Q12,skycell,0.013,0.006,6,1
2,Q12,skycell-rw,0.018,0.006,6,1
2,Q12,pgsphere,0.01,0.013,4,1
2,Q12,skycell-rw,0.019,0.007,6,1
2,Q12,skycell,0.01,0.006,6,1
2,Q12,pgsphere,0.011,0.018,6,1
2,Q12,skycell,0.01,0.006,6,1
2,Q12,pgsphere,0.01,0.014,4,1
2,Q12,skycell-rw,0.019,0.006,6,1
2,Q12,skycell,0.01,0.006,6,1
2,Q12,pgsphere,0.015,0.015,4,1
2,Q12,skycell-rw,0.019,0.007,6,1
2,Q12,skycell,0.01,0.006,6,1
2,Q12,skycell-rw,0.018,0.006,6,1
2,Q12,pgsphere,0.011,0.013,4,1
2,Q12,skycell-rw,0.019,0.006,6,1
2,Q12,pgsphere,0.01,0.012,4,1
2,Q12,skycell,0.01,0.006,6,1
2,Q12,skycell-rw,0.018,0.006,6,1
2,Q12,skycell,0.01,0.006,6,1
2,Q12,pgsphere,0.014,0.017,5,1
2,Q12,skycell,0.01,0.006,6,1
2,Q12,skycell-rw,0.018,0.006,6,1
2,Q12,pgsphere,0.01,0.014,5,1
2,Q12,pgsphere,0.01,0.013,4,1
2,Q12,skycell,0.033,0.008,6,1
2,Q12,skycell-rw,0.018,0.006,6,1
2,Q12,pgsphere,0.011,0.018,6,1
2,Q12,skycell,0.012,0.006,9,1
2,Q12,skycell-rw,0.029,0.012,8,1
2,Q12,skycell-rw,0.019,0.007,6,1
2,Q12,pgsphere,0.011,0.013,4,1
2,Q12,skycell,0.01,0.006,6,1
2,Q12,skycell,0.01,0.006,9,1
2,Q12,skycell-rw,0.036,0.012,8,1
2,Q12,pgsphere,0.011,0.018,6,1
2,Q12,skycell,0.01,0.006,6,1
2,Q12,skycell-rw,0.021,0.008,6,1
2,Q12,pgsphere,0.011,0.017,6,1
2,Q12,skycell,0.01,0.006,9,1
2,Q12,pgsphere,0.01,0.013,4,1
2,Q12,skycell-rw,0.028,0.009,8,1
2,Q12,skycell-rw,0.019,0.007,6,1
2,Q12,skycell,0.011,0.007,6,1
2,Q12,pgsphere,0.01,0.012,4,1
2,Q12,pgsphere,0.01,0.011,4,1
2,Q12,skycell-rw,0.018,0.006,6,1
2,Q12,skycell,0.01,0.006,6,1
2,Q12,skycell,0.011,0.006,6,1
2,Q12,skycell-rw,0.018,0.006,6,1
2,Q12,pgsphere,0.019,0.024,7,1
2,Q12,skycell,0.012,0.007,6,1
2,Q12,pgsphere,0.01,0.012,4,1
2,Q12,skycell-rw,0.019,0.006,6,1
2,Q12,pgsphere,0.01,0.013,4,1
2,Q12,skycell,0.01,0.006,6,1
2,Q12,skycell-rw,0.018,0.006,6,1
2,Q12,pgsphere,0.011,0.013,4,1
2,Q12,skycell,0.011,0.006,6,1
2,Q12,skycell-rw,0.018,0.006,6,1
2,Q12,skycell,0.01,0.006,6,1
2,Q12,skycell-rw,0.019,0.006,6,1
2,Q12,pgsphere,0.01,0.013,4,1
2,Q12,skycell-rw,0.019,0.006,6,1
2,Q12,pgsphere,0.01,0.011,4,1
2,Q12,skycell,0.01,0.005,6,1
2,Q12,skycell,0.01,0.005,6,1
2,Q12,skycell-rw,0.019,0.006,6,1
2,Q12,pgsphere,0.031,0.017,4,1
2,Q12,skycell,0.011,0.006,9,1
2,Q12,pgsphere,0.01,0.011,4,1
2,Q12,skycell-rw,0.029,0.01,8,1
2,Q12,skycell-rw,0.019,0.007,6,1
2,Q12,pgsphere,0.011,0.012,4,1
2,Q12,skycell,0.011,0.006,6,1
2,Q12,skycell,0.01,0.007,9,1
2,Q12,pgsphere,0.013,0.017,6,1
2,Q12,skycell-rw,0.028,0.01,8,1
2,Q12,skycell-rw,0.019,0.006,6,1
2,Q12,skycell,0.01,0.005,6,1
2,Q12,pgsphere,0.01,0.013,4,1
2,Q12,skycell-rw,0.019,0.006,6,1
2,Q12,skycell,0.011,0.006,6,1
2,Q12,pgsphere,0.011,0.016,5,1
2,Q12,pgsphere,0.014,0.021,4,1
2,Q12,skycell,0.014,0.006,6,1
2,Q12,skycell-rw,0.098,0.015,6,1
2,Q12,skycell-rw,0.02,0.006,6,1
2,Q12,skycell,0.01,0.006,6,1
2,Q12,pgsphere,0.011,0.013,4,1
2,Q12,skycell,0.01,0.006,9,1
2,Q12,pgsphere,0.011,0.013,4,1
2,Q12,skycell-rw,0.028,0.011,8,1
2,Q12,skycell,0.01,0.006,6,1
2,Q12,skycell-rw,0.019,0.006,6,1
2,Q12,pgsphere,0.014,0.013,4,1
2,Q12,skycell-rw,0.027,0.01,8,1
2,Q12,skycell,0.04,0.009,9,1
2,Q12,pgsphere,0.012,0.012,4,1
2,Q12,skycell,0.01,0.006,6,1
2,Q12,skycell-rw,0.019,0.007,6,1
2,Q12,pgsphere,0.01,0.013,4,1
2,Q12,pgsphere,0.01,0.014,5,1
2,Q12,skycell-rw,0.02,0.007,6,1
2,Q12,skycell,0.01,0.005,6,1
2,Q12,pgsphere,0.011,0.014,4,1
2,Q12,skycell,0.01,0.005,6,1
2,Q12,skycell-rw,0.018,0.006,6,1
2,Q12,skycell,0.012,0.007,6,1
2,Q12,pgsphere,0.01,0.012,4,1
2,Q12,skycell-rw,0.019,0.006,6,1
2,Q12,pgsphere,0.01,0.014,5,1
2,Q12,skycell,0.009,0.005,6,1
2,Q12,skycell-rw,0.018,0.006,6,1
2,Q12,skycell-rw,0.028,0.011,8,1
2,Q12,skycell,0.011,0.007,9,1
2,Q12,pgsphere,0.01,0.018,6,1
2,Q12,skycell,0.01,0.005,6,1
2,Q12,pgsphere,0.01,0.014,5,1
2,Q12,skycell-rw,0.025,0.008,6,1
2,Q12,skycell-rw,0.018,0.006,6,1
2,Q12,pgsphere,0.011,0.017,6,1
2,Q12,skycell,0.01,0.006,6,1
2,Q12,skycell,0.01,0.006,6,1
2,Q12,pgsphere,0.022,0.021,4,1
2,Q12,skycell-rw,0.02,0.007,6,1
2,Q12,skycell,0.015,0.022,9,1
2,Q12,pgsphere,0.024,0.025,4,1
2,Q12,skycell-rw,0.056,0.02,8,1
2,Q12,skycell,0.055,0.019,6,1
2,Q12,skycell-rw,0.071,0.019,6,1
2,Q12,pgsphere,0.018,0.018,4,1
2,Q12,skycell-rw,0.048,0.016,8,1
2,Q12,pgsphere,0.02,0.02,6,1
2,Q12,skycell,0.011,0.007,9,1
2,Q12,skycell,0.01,0.007,9,1
2,Q12,pgsphere,0.01,0.012,4,1
2,Q12,skycell-rw,0.034,0.011,8,1
2,Q12,pgsphere,0.01,0.017,4,1
2,Q12,skycell,0.01,0.006,6,1
2,Q12,skycell-rw,0.02,0.006,6,1
2,Q12,skycell-rw,0.025,0.008,6,1
2,Q12,skycell,0.01,0.005,6,1
2,Q12,pgsphere,0.01,0.014,5,1
2,Q12,skycell,0.01,0.006,9,1
2,Q12,pgsphere,0.012,0.018,6,1
2,Q12,skycell-rw,0.028,0.041,8,1
2,Q12,skycell-rw,0.019,0.007,6,1
2,Q12,skycell,0.013,0.008,6,1
2,Q12,pgsphere,0.019,0.034,7,1
2,Q12,pgsphere,0.012,0.013,4,1
2,Q12,skycell,0.01,0.006,6,1
2,Q12,skycell-rw,0.018,0.006,6,1
2,Q12,skycell,0.01,0.006,9,1
2,Q12,skycell-rw,0.037,0.013,8,1
2,Q12,pgsphere,0.01,0.011,4,1
2,Q12,skycell,0.01,0.006,6,1
2,Q12,skycell-rw,0.029,0.007,6,1
2,Q12,pgsphere,0.011,0.015,5,1
2,Q12,pgsphere,0.011,0.014,5,1
2,Q12,skycell,0.01,0.006,6,1
2,Q12,skycell-rw,0.018,0.006,6,1
2,Q12,skycell-rw,0.021,0.007,6,1
2,Q12,pgsphere,0.01,0.012,4,1
2,Q12,skycell,0.01,0.006,6,1
2,Q12,skycell,0.009,0.006,6,1
2,Q12,skycell-rw,0.026,0.009,6,1
2,Q12,pgsphere,0.013,0.014,4,1
2,Q12,pgsphere,0.044,0.071,4,1
2,Q12,skycell-rw,0.02,0.007,6,1
2,Q12,skycell,0.01,0.006,6,1
2,Q12,skycell,0.01,0.005,6,1
2,Q12,pgsphere,0.01,0.012,4,1
2,Q12,skycell-rw,0.023,0.006,6,1
2,Q12,skycell,0.01,0.006,6,1
2,Q12,skycell-rw,0.018,0.006,6,1
2,Q12,pgsphere,0.01,0.013,4,1
2,Q12,skycell,0.01,0.005,6,1
2,Q12,pgsphere,0.014,0.015,4,1
2,Q12,skycell-rw,0.019,0.006,6,1
2,Q12,skycell,0.01,0.006,6,1
2,Q12,skycell-rw,0.047,0.008,6,1
2,Q12,pgsphere,0.012,0.013,4,1
2,Q12,skycell-rw,0.044,0.009,6,1
2,Q12,skycell,0.01,0.005,6,1
2,Q12,pgsphere,0.01,0.012,4,1
2,Q12,pgsphere,0.01,0.016,5,1
2,Q12,skycell-rw,0.024,0.008,6,1
2,Q12,skycell,0.01,0.005,6,1
2,Q12,skycell,0.01,0.006,6,1
2,Q12,pgsphere,0.01,0.013,4,1
2,Q12,skycell-rw,0.018,0.006,6,1
2,Q12,skycell-rw,0.018,0.006,6,1
2,Q12,skycell,0.01,0.005,6,1
2,Q12,pgsphere,0.011,0.025,4,1
2,Q12,skycell,0.01,0.007,9,1
2,Q12,pgsphere,0.01,0.017,6,1
2,Q12,skycell-rw,0.028,0.011,8,1
2,Q12,skycell-rw,0.024,0.007,6,1
2,Q12,skycell,0.01,0.005,6,1
2,Q12,pgsphere,0.01,0.014,4,1
2,Q12,pgsphere,0.01,0.012,4,1
2,Q12,skycell-rw,0.019,0.007,6,1
2,Q12,skycell,0.009,0.006,6,1
2,Q12,skycell-rw,0.019,0.006,6,1
2,Q12,pgsphere,0.01,0.013,4,1
2,Q12,skycell,0.01,0.006,6,1
2,Q12,skycell-rw,0.03,0.011,8,1
2,Q12,skycell,0.011,0.007,9,1
2,Q12,pgsphere,0.01,0.013,4,1
10,Q05,pgsphere,0.05,1.064,1627,2151
10,Q05,skycell,0.073,1.134,384,2151
10,Q05,skycell-rw,0.142,0.854,383,2151
10,Q05,skycell-rw,0.084,0.176,95,208
10,Q05,pgsphere,0.015,0.095,83,208
10,Q05,skycell,0.074,0.109,94,208
10,Q05,skycell-rw,0.067,0.842,1886,346
10,Q05,pgsphere,0.031,0.152,151,346
10,Q05,skycell,0.034,0.156,94,346
10,Q05,pgsphere,0.028,0.265,334,677
10,Q05,skycell-rw,0.102,0.366,163,677
10,Q05,skycell,0.026,0.2,144,677
10,Q05,pgsphere,0.028,0.398,452,915
10,Q05,skycell,0.04,0.381,189,915
10,Q05,skycell-rw,0.106,0.459,222,915
10,Q05,skycell,0.034,0.338,169,787
10,Q05,pgsphere,0.019,0.314,436,787
10,Q05,skycell-rw,0.096,0.38,174,787
10,Q05,skycell-rw,0.13,1.097,399,2508
10,Q05,skycell,0.047,0.901,405,2508
10,Q05,pgsphere,0.04,0.951,1626,2508
10,Q05,skycell-rw,0.112,0.28,127,539
10,Q05,pgsphere,0.019,0.236,241,539
10,Q05,skycell,0.014,0.211,125,539
10,Q05,pgsphere,0.018,0.122,96,341
10,Q05,skycell,0.034,0.117,63,341
10,Q05,skycell-rw,0.062,0.164,75,341
10,Q05,skycell-rw,0.116,0.832,293,1731
10,Q05,pgsphere,0.035,0.717,1222,1731
10,Q05,skycell,0.033,0.572,295,1731
10,Q05,skycell,0.058,0.123,80,284
10,Q05,pgsphere,0.013,0.122,102,284
10,Q05,skycell-rw,0.077,0.203,93,284
10,Q05,skycell-rw,0.079,0.174,90,407
10,Q05,pgsphere,0.014,0.154,167,407
10,Q05,skycell,0.012,0.435,90,407
10,Q05,skycell-rw,0.113,0.444,181,804
10,Q05,pgsphere,0.021,0.329,438,804
10,Q05,skycell,0.021,0.272,176,804
10,Q05,skycell,0.049,0.883,359,2086
10,Q05,pgsphere,0.029,0.946,1337,2086
10,Q05,skycell-rw,0.141,0.744,358,2086
10,Q05,skycell,0.053,0.512,226,1123
10,Q05,pgsphere,0.031,0.469,703,1123
10,Q05,skycell-rw,0.179,0.465,224,1123
10,Q05,pgsphere,0.016,0.061,36,139
10,Q05,skycell-rw,0.104,0.521,182,139
10,Q05,skycell,0.029,0.282,120,139
10,Q05,skycell,0.049,0.795,323,1908
10,Q05,pgsphere,0.032,0.684,1149,1908
10,Q05,skycell-rw,0.117,0.753,318,1908
10,Q05,skycell,0.077,0.874,346,2029
10,Q05,pgsphere,0.036,0.809,1445,2029
10,Q05,skycell-rw,0.108,0.737,348,2029
10,Q05,skycell-rw,0.151,1.014,345,1914
10,Q05,skycell,0.079,0.769,329,1914
10,Q05,pgsphere,0.034,0.722,1192,1914
10,Q05,skycell-rw,0.097,0.24,127,525
10,Q05,pgsphere,0.041,0.231,243,525
10,Q05,skycell,0.028,0.204,130,525
10,Q05,skycell-rw,0.118,0.564,233,1048
10,Q05,pgsphere,0.035,0.405,591,1048
10,Q05,skycell,0.026,0.351,218,1048
10,Q05,skycell-rw,0.137,0.667,250,1326
10,Q05,skycell,0.03,0.467,237,1326
10,Q05,pgsphere,0.026,0.495,768,1326
10,Q05,pgsphere,0.031,0.462,515,990
10,Q05,skycell,0.061,0.528,215,990
10,Q05,skycell-rw,0.112,0.479,224,990
10,Q05,skycell,0.046,0.261,125,585
10,Q05,skycell-rw,0.087,0.212,124,585
10,Q05,pgsphere,0.027,0.24,280,585
10,Q05,skycell-rw,0.131,0.686,262,1304
10,Q05,pgsphere,0.045,0.614,751,1304
10,Q05,skycell,0.04,0.445,248,1304
10,Q05,pgsphere,0.02,0.108,99,250
10,Q05,skycell-rw,0.093,0.173,99,250
10,Q05,skycell,0.021,0.102,75,250
10,Q05,skycell-rw,0.095,0.269,129,589
10,Q05,pgsphere,0.024,0.207,221,589
10,Q05,skycell,0.035,0.242,127,589
10,Q05,skycell,0.053,0.944,371,2145
10,Q05,pgsphere,0.044,0.821,1281,2145
10,Q05,skycell-rw,0.188,0.836,371,2145
10,Q05,pgsphere,0.032,0.281,334,698
10,Q05,skycell-rw,0.122,0.355,149,698
10,Q05,skycell,0.026,0.211,142,698
10,Q05,pgsphere,0.025,0.215,248,520
10,Q05,skycell-rw,0.108,0.243,144,520
10,Q05,skycell,0.023,0.159,126,520
10,Q05,pgsphere,0.014,0.217,248,520
10,Q05,skycell,0.018,0.157,126,520
10,Q05,skycell-rw,0.074,0.223,144,520
10,Q05,skycell-rw,0.114,0.379,174,787
10,Q05,skycell,0.063,0.315,169,787
10,Q05,pgsphere,0.032,0.3,436,787
10,Q05,skycell,0.041,0.243,142,698
10,Q05,skycell-rw,0.083,0.264,149,698
10,Q05,pgsphere,0.063,0.342,334,698
10,Q05,skycell-rw,0.123,0.877,224,1123
10,Q05,pgsphere,0.049,0.577,703,1123
10,Q05,skycell,0.031,0.584,226,1123
10,Q05,skycell,0.047,0.48,248,1304
10,Q05,pgsphere,0.025,0.554,751,1304
10,Q05,skycell-rw,0.11,0.499,262,1304
10,Q05,skycell,0.037,0.717,323,1908
10,Q05,skycell-rw,0.102,0.693,318,1908
10,Q05,pgsphere,0.034,0.733,1149,1908
10,Q05,pgsphere,0.039,0.431,515,990
10,Q05,skycell,0.027,0.373,215,990
10,Q05,skycell-rw,0.113,0.487,224,990
10,Q05,skycell-rw,0.171,1.043,371,2145
10,Q05,pgsphere,0.075,0.884,1281,2145
10,Q05,skycell,0.054,0.895,371,2145
10,Q05,skycell-rw,0.096,0.311,124,585
10,Q05,skycell,0.027,0.269,125,585
10,Q05,pgsphere,0.023,0.231,280,585
10,Q05,pgsphere,0.013,0.119,96,341
10,Q05,skycell,0.013,0.099,63,341
10,Q05,skycell-rw,0.042,0.211,75,341
10,Q05,skycell-rw,0.106,0.688,1886,346
10,Q05,skycell,0.019,0.137,94,346
10,Q05,pgsphere,0.015,0.144,151,346
10,Q05,skycell,0.017,0.219,144,677
10,Q05,skycell-rw,0.073,0.255,163,677
10,Q05,pgsphere,0.028,0.249,334,677
10,Q05,skycell-rw,0.088,0.204,127,539
10,Q05,pgsphere,0.019,0.209,241,539
10,Q05,skycell,0.016,0.188,125,539
10,Q05,pgsphere,0.039,1.001,1626,2508
10,Q05,skycell-rw,0.124,1.004,399,2508
10,Q05,skycell,0.056,0.922,405,2508
10,Q05,pgsphere,0.052,0.718,768,1326
10,Q05,skycell,0.036,0.453,237,1326
10,Q05,skycell-rw,0.099,0.59,250,1326
10,Q05,pgsphere,0.038,0.882,1445,2029
10,Q05,skycell,0.042,0.716,346,2029
10,Q05,skycell-rw,0.101,0.776,348,2029
10,Q05,pgsphere,0.016,0.091,83,208
10,Q05,skycell-rw,0.049,0.162,95,208
10,Q05,skycell,0.015,0.093,94,208
10,Q05,skycell,0.023,0.301,120,139
10,Q05,pgsphere,0.012,0.133,36,139
10,Q05,skycell-rw,0.047,0.496,182,139
10,Q05,skycell,0.031,0.297,189,915
10,Q05,pgsphere,0.02,0.34,452,915
10,Q05,skycell-rw,0.108,0.422,222,915
10,Q05,pgsphere,0.024,0.212,243,525
10,Q05,skycell-rw,0.08,0.242,127,525
10,Q05,skycell,0.015,0.246,130,525
10,Q05,pgsphere,0.018,0.331,438,804
10,Q05,skycell,0.017,0.264,176,804
10,Q05,skycell-rw,0.072,0.338,181,804
10,Q05,pgsphere,0.032,0.408,591,1048
10,Q05,skycell,0.022,0.301,218,1048
10,Q05,skycell-rw,0.083,0.435,233,1048
10,Q05,skycell,0.024,0.142,90,407
10,Q05,skycell-rw,0.051,0.127,90,407
10,Q05,pgsphere,0.014,0.166,167,407
10,Q05,pgsphere,0.031,0.777,1222,1731
10,Q05,skycell-rw,0.133,0.771,293,1731
10,Q05,skycell,0.04,0.674,295,1731
10,Q05,skycell,0.015,0.111,75,250
10,Q05,pgsphere,0.012,0.146,99,250
10,Q05,skycell-rw,0.072,0.148,99,250
10,Q05,pgsphere,0.073,1.17,1337,2086
10,Q05,skycell,0.05,0.864,359,2086
10,Q05,skycell-rw,0.147,0.825,358,2086
10,Q05,pgsphere,0.045,1.028,1627,2151
10,Q05,skycell,0.044,0.911,384,2151
10,Q05,skycell-rw,0.147,0.908,383,2151
10,Q05,skycell,0.04,0.243,127,589
10,Q05,skycell-rw,0.089,0.249,129,589
10,Q05,pgsphere,0.033,0.211,221,589
10,Q05,pgsphere,0.085,0.882,1192,1914
10,Q05,skycell,0.061,0.827,329,1914
10,Q05,skycell-rw,0.137,0.78,345,1914
10,Q05,skycell-rw,0.064,0.156,93,284
10,Q05,skycell,0.064,0.279,80,284
10,Q05,pgsphere,0.021,0.115,102,284
10,Q05,skycell-rw,0.129,0.921,318,1908
10,Q05,skycell,0.038,0.66,323,1908
10,Q05,pgsphere,0.034,0.745,1149,1908
10,Q05,skycell,0.03,0.333,215,990
10,Q05,skycell-rw,0.089,0.634,224,990
10,Q05,pgsphere,0.037,0.375,515,990
10,Q05,pgsphere,0.021,0.155,167,407
10,Q05,skycell-rw,0.054,0.16,90,407
10,Q05,skycell,0.042,0.17,90,407
10,Q05,skycell,0.022,0.106,63,341
10,Q05,skycell-rw,0.043,0.232,75,341
10,Q05,pgsphere,0.015,0.12,96,341
10,Q05,pgsphere,0.035,0.956,1627,2151
10,Q05,skycell-rw,0.175,0.832,383,2151
10,Q05,skycell,0.04,0.837,384,2151
10,Q05,pgsphere,0.028,0.45,438,804
10,Q05,skycell-rw,0.109,0.492,181,804
10,Q05,skycell,0.038,0.27,176,804
10,Q05,skycell-rw,0.14,0.969,348,2029
10,Q05,pgsphere,0.04,0.805,1445,2029
10,Q05,skycell,0.04,0.689,346,2029
10,Q05,pgsphere,0.023,0.291,241,539
10,Q05,skycell,0.02,0.189,125,539
10,Q05,skycell-rw,0.075,0.208,127,539
10,Q05,skycell,0.013,0.109,80,284
10,Q05,skycell-rw,0.057,0.157,93,284
10,Q05,pgsphere,0.012,0.111,102,284
10,Q05,skycell-rw,0.138,0.798,358,2086
10,Q05,pgsphere,0.036,0.87,1337,2086
10,Q05,skycell,0.036,0.707,359,2086
10,Q05,skycell,0.033,0.296,189,915
10,Q05,skycell-rw,0.087,0.412,222,915
10,Q05,pgsphere,0.023,0.328,452,915
10,Q05,pgsphere,0.065,0.732,1192,1914
10,Q05,skycell,0.028,0.674,329,1914
10,Q05,skycell-rw,0.128,0.815,345,1914
10,Q05,skycell,0.037,0.477,237,1326
10,Q05,pgsphere,0.026,0.55,768,1326
10,Q05,skycell-rw,0.099,0.565,250,1326
10,Q05,skycell-rw,0.099,0.657,293,1731
10,Q05,skycell,0.032,0.555,295,1731
10,Q05,pgsphere,0.029,0.708,1222,1731
10,Q05,skycell,0.043,0.907,405,2508
10,Q05,skycell-rw,0.129,0.998,399,2508
10,Q05,pgsphere,0.041,0.948,1626,2508
10,Q05,skycell,0.038,0.414,226,1123
10,Q05,pgsphere,0.024,0.456,703,1123
10,Q05,skycell-rw,0.083,0.449,224,1123
10,Q05,skycell,0.029,0.179,126,520
10,Q05,skycell-rw,0.089,0.212,144,520
10,Q05,pgsphere,0.02,0.211,248,520
10,Q05,skycell,0.017,0.169,94,346
10,Q05,pgsphere,0.012,0.138,151,346
10,Q05,skycell-rw,0.047,0.682,1886,346
10,Q05,skycell-rw,0.087,0.287,163,677
10,Q05,skycell,0.021,0.192,144,677
10,Q05,pgsphere,0.015,0.314,334,677
10,Q05,skycell-rw,0.11,0.275,149,698
10,Q05,pgsphere,0.023,0.264,334,698
10,Q05,skycell,0.029,0.23,142,698
10,Q05,skycell-rw,0.188,0.9,371,2145
10,Q05,skycell,0.041,0.799,371,2145
10,Q05,pgsphere,0.036,0.777,1281,2145
10,Q05,pgsphere,0.033,0.144,36,139
10,Q05,skycell-rw,0.071,0.542,182,139
10,Q05,skycell,0.041,0.344,120,139
10,Q05,skycell,0.043,0.318,127,589
10,Q05,pgsphere,0.026,0.271,221,589
10,Q05,skycell-rw,0.065,0.263,129,589
10,Q05,skycell-rw,0.081,0.212,127,525
10,Q05,skycell,0.029,0.197,130,525
10,Q05,pgsphere,0.015,0.287,243,525
10,Q05,pgsphere,0.018,0.269,280,585
10,Q05,skycell,0.017,0.192,125,585
10,Q05,skycell-rw,0.069,0.293,124,585
10,Q05,pgsphere,0.034,0.112,99,250
10,Q05,skycell,0.023,0.11,75,250
10,Q05,skycell-rw,0.061,0.144,99,250
10,Q05,pgsphere,0.022,0.461,591,1048
10,Q05,skycell-rw,0.106,0.518,233,1048
10,Q05,skycell,0.026,0.316,218,1048
10,Q05,skycell-rw,0.063,0.133,95,208
10,Q05,skycell,0.012,0.09,94,208
10,Q05,pgsphere,0.013,0.091,83,208
10,Q05,skycell,0.035,0.291,169,787
10,Q05,pgsphere,0.022,0.358,436,787
10,Q05,skycell-rw,0.079,0.331,174,787
10,Q05,skycell,0.027,0.518,248,1304
10,Q05,pgsphere,0.024,0.489,751,1304
10,Q05,skycell-rw,0.098,0.501,262,1304
10,Q06,pgsphere,0.107,134.933,123872,228528
10,Q06,skycell-rw,0.251,74.622,8422,228528
10,Q06,skycell,0.171,73.666,8422,228528
10,Q06,skycell-rw,0.227,40.813,6165,172011
10,Q06,skycell,0.109,39.187,6165,172011
10,Q06,pgsphere,0.11,85.491,73219,172011
10,Q06,skycell-rw,0.256,4.816,955,21472
10,Q06,pgsphere,0.061,6.635,4354,21472
10,Q06,skycell,0.059,4.519,955,21472
10,Q06,pgsphere,0.107,42.706,32396,96838
10,Q06,skycell-rw,0.238,22.852,4051,96838
10,Q06,skycell,0.123,23.117,4051,96838
10,Q06,skycell,0.111,39.721,6507,181684
10,Q06,skycell-rw,0.247,38.19,6507,181684
10,Q06,pgsphere,0.113,85.364,74576,181684
10,Q06,pgsphere,0.109,32.317,25136,73855
10,Q06,skycell,0.108,18.05,3077,73855
10,Q06,skycell-rw,0.27,18.146,3077,73855
10,Q06,skycell-rw,0.201,15.046,2492,63815
10,Q06,skycell,0.115,15.17,2492,63815
10,Q06,pgsphere,0.093,22.982,18066,63815
10,Q06,skycell,0.121,82.487,13101,320462
10,Q06,skycell-rw,0.238,77.184,13101,320462
10,Q06,pgsphere,0.113,192.89,181985,320462
10,Q06,skycell-rw,0.227,22.33,3951,93141
10,Q06,skycell,0.1,22.035,3951,93141
10,Q06,pgsphere,0.104,41.221,31821,93141
10,Q06,skycell-rw,0.303,62.702,10631,268588
10,Q06,skycell,0.156,72.506,10631,268588
10,Q06,pgsphere,0.11,141.691,138005,268588
10,Q06,skycell,0.094,9.395,1701,36896
10,Q06,pgsphere,0.069,11.436,7201,36896
10,Q06,skycell-rw,0.329,8.979,1701,36896
10,Q06,skycell,0.073,19.066,3134,82665
10,Q06,pgsphere,0.082,29.664,23285,82665
10,Q06,skycell-rw,0.196,18.35,3134,82665
10,Q06,pgsphere,0.088,27.08,24204,74987
10,Q06,skycell-rw,0.215,17.873,2995,74987
10,Q06,skycell,0.088,17.637,2998,74987
10,Q06,skycell-rw,0.24,10.81,1850,41907
10,Q06,skycell,0.095,11.781,1850,41907
10,Q06,pgsphere,0.122,15.291,10076,41907
10,Q06,skycell-rw,0.365,79.135,10750,273851
10,Q06,skycell,0.109,67.674,10750,273851
10,Q06,pgsphere,0.145,167.009,132726,273851
10,Q06,skycell-rw,0.293,43.041,7247,171666
10,Q06,pgsphere,0.11,87.281,77940,171666
10,Q06,skycell,0.115,43.333,7247,171666
10,Q06,skycell,0.099,14.037,2430,55985
10,Q06,skycell-rw,0.209,13.872,2430,55985
10,Q06,pgsphere,0.081,20.418,14339,55985
10,Q06,pgsphere,0.113,84.996,63719,159987
10,Q06,skycell,0.125,40.813,6343,159987
10,Q06,skycell-rw,0.282,39.517,6343,159987
10,Q06,skycell,0.145,19.861,2509,27507
10,Q06,skycell-rw,0.223,24.088,3037,27507
10,Q06,pgsphere,0.108,15.622,7297,27507
10,Q06,skycell-rw,0.23,45.882,7354,183731
10,Q06,skycell,0.117,47.364,7354,183731
10,Q06,pgsphere,0.144,92.726,79013,183731
10,Q06,skycell-rw,0.253,8.38,1506,33289
10,Q06,skycell,0.065,7.798,1506,33289
10,Q06,pgsphere,0.066,10.978,6429,33289
10,Q06,skycell-rw,0.285,57.505,9061,223457
10,Q06,pgsphere,0.113,126.176,122732,223457
10,Q06,skycell,0.198,58.732,9015,223457
10,Q06,skycell-rw,0.265,29.457,5112,121629
10,Q06,pgsphere,0.134,54.694,47253,121629
10,Q06,skycell,0.113,30.047,5112,121629
10,Q06,skycell,0.126,82.025,12762,349215
10,Q06,pgsphere,0.147,189.967,185944,349215
10,Q06,skycell-rw,0.437,82.961,12762,349215
10,Q06,skycell,0.116,46.302,7693,175524
10,Q06,pgsphere,0.116,94.948,78500,175524
10,Q06,skycell-rw,0.302,45.968,7693,175524
10,Q06,pgsphere,0.111,150.283,142516,301279
10,Q06,skycell-rw,0.312,82.24,11967,301279
10,Q06,skycell,0.113,76.372,11967,301279
10,Q06,skycell-rw,0.327,29.423,4579,112805
10,Q06,skycell,0.104,27.331,4579,112805
10,Q06,pgsphere,0.097,44.807,40124,112805
10,Q06,skycell,0.108,109.892,17666,412495
10,Q06,skycell-rw,0.339,123.082,17666,412495
10,Q06,pgsphere,0.104,272.737,262287,412495
10,Q06,pgsphere,0.139,40.279,33387,101633
10,Q06,skycell,0.114,24.33,4124,101633
10,Q06,skycell-rw,0.245,24.809,4124,101633
10,Q06,pgsphere,0.097,14.872,9092,41457
10,Q06,skycell-rw,0.4,14.334,1862,41457
10,Q06,skycell,0.149,13.864,1862,41457
10,Q06,skycell,0.115,46.298,7354,183731
10,Q06,skycell-rw,0.239,47.079,7354,183731
10,Q06,pgsphere,0.118,99.217,79013,183731
10,Q06,pgsphere,0.093,15.715,10076,41907
10,Q06,skycell,0.076,10.174,1850,41907
10,Q06,skycell-rw,0.225,9.654,1850,41907
10,Q06,skycell,0.057,14.13,2430,55985
10,Q06,pgsphere,0.066,19.351,14339,55985
10,Q06,skycell-rw,0.22,13.602,2430,55985
10,Q06,pgsphere,0.08,20.948,18066,63815
10,Q06,skycell,0.079,16.12,2492,63815
10,Q06,skycell-rw,0.174,14.58,2492,63815
10,Q06,skycell-rw,0.325,75.352,11967,301279
10,Q06,skycell,0.114,77.271,11967,301279
10,Q06,pgsphere,0.11,166.597,142516,301279
10,Q06,pgsphere,0.117,201.498,185944,349215
10,Q06,skycell-rw,0.346,80.829,12762,349215
10,Q06,skycell,0.109,82.179,12762,349215
10,Q06,skycell-rw,0.343,39.917,6165,172011
10,Q06,pgsphere,0.108,83.758,73219,172011
10,Q06,skycell,0.124,39.46,6165,172011
10,Q06,pgsphere,0.107,30.244,23285,82665
10,Q06,skycell,0.117,18.895,3134,82665
10,Q06,skycell-rw,0.208,19.091,3134,82665
10,Q06,skycell,0.085,17.845,2998,74987
10,Q06,skycell-rw,0.217,17.546,2995,74987
10,Q06,pgsphere,0.098,26.895,24204,74987
10,Q06,skycell-rw,0.308,30.074,5112,121629
10,Q06,pgsphere,0.113,57.705,47253,121629
10,Q06,skycell,0.115,30.254,5112,121629
10,Q06,skycell,0.081,5.006,955,21472
10,Q06,pgsphere,0.056,7.165,4354,21472
10,Q06,skycell-rw,0.167,4.958,955,21472
10,Q06,skycell-rw,0.194,18.728,3077,73855
10,Q06,skycell,0.085,18.25,3077,73855
10,Q06,pgsphere,0.106,32.227,25136,73855
10,Q06,skycell,0.111,9.201,1701,36896
10,Q06,skycell-rw,0.244,8.482,1701,36896
10,Q06,pgsphere,0.062,11.555,7201,36896
10,Q06,pgsphere,0.109,44.916,32396,96838
10,Q06,skycell-rw,0.27,24.226,4051,96838
10,Q06,skycell,0.107,24.632,4051,96838
10,Q06,skycell,0.108,28.006,4579,112805
10,Q06,skycell-rw,0.279,28.013,4579,112805
10,Q06,pgsphere,0.106,53.887,40124,112805
10,Q06,skycell,0.122,67.433,10750,273851
10,Q06,pgsphere,0.119,145.566,132726,273851
10,Q06,skycell-rw,0.34,67.672,10750,273851
10,Q06,skycell,0.11,40.744,6507,181684
10,Q06,skycell-rw,0.266,40.711,6507,181684
10,Q06,pgsphere,0.108,88.444,74576,181684
10,Q06,skycell,0.134,53.501,8422,228528
10,Q06,skycell-rw,0.39,52.835,8422,228528
10,Q06,pgsphere,0.11,127.78,123872,228528
10,Q06,skycell,0.098,10.374,1862,41457
10,Q06,pgsphere,0.075,13.952,9092,41457
10,Q06,skycell-rw,0.252,9.875,1862,41457
10,Q06,skycell-rw,0.369,111.509,17666,412495
10,Q06,pgsphere,0.11,289.324,262287,412495
10,Q06,skycell,0.119,122.563,17666,412495
10,Q06,skycell,0.114,45.572,7247,171666
10,Q06,skycell-rw,0.385,54.416,7247,171666
10,Q06,pgsphere,0.176,96.334,77940,171666
10,Q06,skycell-rw,0.264,82.743,13101,320462
10,Q06,pgsphere,0.108,208.42,181985,320462
10,Q06,skycell,0.186,83.652,13101,320462
10,Q06,skycell-rw,0.253,26.595,3951,93141
10,Q06,skycell,0.101,23.702,3951,93141
10,Q06,pgsphere,0.106,45.095,31821,93141
10,Q06,skycell,0.086,8.443,1506,33289
10,Q06,skycell-rw,0.21,7.864,1506,33289
10,Q06,pgsphere,0.058,10.568,6429,33289
10,Q06,pgsphere,0.063,10.035,7297,27507
10,Q06,skycell,0.074,13.998,2509,27507
10,Q06,skycell-rw,0.135,17.679,3037,27507
10,Q06,pgsphere,0.116,152.962,138005,268588
10,Q06,skycell,0.13,69.087,10631,268588
10,Q06,skycell-rw,0.333,73.244,10631,268588
10,Q06,pgsphere,0.11,45.532,33387,101633
10,Q06,skycell,0.109,29.564,4124,101633
10,Q06,skycell-rw,0.257,24.748,4124,101633
10,Q06,skycell-rw,0.29,38.959,6343,159987
10,Q06,pgsphere,0.139,72.643,63719,159987
10,Q06,skycell,0.111,37.916,6343,159987
10,Q06,pgsphere,0.134,119.796,122732,223457
10,Q06,skycell-rw,0.253,56.046,9061,223457
10,Q06,skycell,0.112,55.199,9015,223457
10,Q06,pgsphere,0.109,93.785,78500,175524
10,Q06,skycell,0.117,44.934,7693,175524
10,Q06,skycell-rw,0.281,45.074,7693,175524
10,Q06,pgsphere,0.086,10.556,6429,33289
10,Q06,skycell,0.07,7.897,1506,33289
10,Q06,skycell-rw,0.202,7.626,1506,33289
10,Q06,pgsphere,0.111,124.629,122732,223457
10,Q06,skycell,0.116,56.176,9015,223457
10,Q06,skycell-rw,0.293,56.115,9061,223457
10,Q06,pgsphere,0.107,56.968,47253,121629
10,Q06,skycell,0.113,29.615,5112,121629
10,Q06,skycell-rw,0.264,29.772,5112,121629
10,Q06,skycell,0.103,28.071,4579,112805
10,Q06,pgsphere,0.106,49.528,40124,112805
10,Q06,skycell-rw,0.269,27.289,4579,112805
10,Q06,skycell,0.123,51.719,8422,228528
10,Q06,skycell-rw,0.25,51.622,8422,228528
10,Q06,pgsphere,0.111,131.467,123872,228528
10,Q06,pgsphere,0.113,42.015,31821,93141
10,Q06,skycell-rw,0.236,23.48,3951,93141
10,Q06,skycell,0.099,23.558,3951,93141
10,Q06,skycell,0.091,10.348,1850,41907
10,Q06,skycell-rw,0.217,9.924,1850,41907
10,Q06,pgsphere,0.067,14.813,10076,41907
10,Q06,skycell,0.158,18.436,3077,73855
10,Q06,skycell-rw,0.242,18.495,3077,73855
10,Q06,pgsphere,0.102,31.138,25136,73855
10,Q06,pgsphere,0.116,43.412,33387,101633
10,Q06,skycell-rw,0.282,24.934,4124,101633
10,Q06,skycell,0.108,24.685,4124,101633
10,Q06,skycell,0.106,9.546,1701,36896
10,Q06,skycell-rw,0.331,9.213,1701,36896
10,Q06,pgsphere,0.064,11.367,7201,36896
10,Q06,pgsphere,0.096,24.662,18066,63815
10,Q06,skycell-rw,0.198,14.927,2492,63815
10,Q06,skycell,0.087,14.74,2492,63815
10,Q06,pgsphere,0.119,90.848,74576,181684
10,Q06,skycell-rw,0.28,41.46,6507,181684
10,Q06,skycell,0.12,42.059,6507,181684
10,Q06,pgsphere,0.118,92.487,77940,171666
10,Q06,skycell-rw,0.334,42.68,7247,171666
10,Q06,skycell,0.112,42.618,7247,171666
10,Q06,skycell-rw,0.241,23.582,4051,96838
10,Q06,pgsphere,0.11,41.716,32396,96838
10,Q06,skycell,0.104,23.159,4051,96838
10,Q06,pgsphere,0.12,198.707,185944,349215
10,Q06,skycell,0.113,84.232,12762,349215
10,Q06,skycell-rw,0.271,85.534,12762,349215
10,Q06,skycell,0.117,71.784,10750,273851
10,Q06,skycell-rw,0.254,68.823,10750,273851
10,Q06,pgsphere,0.111,137.578,132726,273851
10,Q06,skycell-rw,0.277,19.252,3134,82665
10,Q06,skycell,0.093,18.939,3134,82665
10,Q06,pgsphere,0.099,30.023,23285,82665
10,Q06,pgsphere,0.066,6.737,4354,21472
10,Q06,skycell,0.114,4.679,955,21472
10,Q06,skycell-rw,0.17,4.988,955,21472
10,Q06,skycell-rw,0.338,67.137,10631,268588
10,Q06,pgsphere,0.103,152.704,138005,268588
10,Q06,skycell,0.12,73.315,10631,268588
10,Q06,skycell,0.203,62.061,6165,172011
10,Q06,skycell-rw,0.244,40.107,6165,172011
10,Q06,pgsphere,0.113,82.355,73219,172011
10,Q06,skycell,0.091,23.984,2430,55985
10,Q06,skycell-rw,0.377,23.36,2430,55985
10,Q06,pgsphere,0.141,39.982,14339,55985
10,Q06,skycell-rw,0.311,39.449,6343,159987
10,Q06,skycell,0.109,39.606,6343,159987
10,Q06,pgsphere,0.139,74.755,63719,159987
10,Q06,skycell-rw,0.253,10.911,1862,41457
10,Q06,pgsphere,0.075,14.032,9092,41457
10,Q06,skycell,0.077,9.965,1862,41457
10,Q06,skycell,0.076,14.968,2509,27507
10,Q06,skycell-rw,0.124,17.137,3037,27507
10,Q06,pgsphere,0.078,10.236,7297,27507
10,Q06,skycell,0.103,45.972,7354,183731
10,Q06,pgsphere,0.111,100.699,79013,183731
10,Q06,skycell-rw,0.261,44.678,7354,183731
10,Q06,pgsphere,0.107,199.676,181985,320462
10,Q06,skycell-rw,0.236,80.485,13101,320462
10,Q06,skycell,0.119,82.374,13101,320462
10,Q06,skycell,0.117,76.943,11967,301279
10,Q06,skycell-rw,0.318,75.449,11967,301279
10,Q06,pgsphere,0.147,214.287,142516,301279
10,Q06,skycell,0.12,130.289,17666,412495
10,Q06,pgsphere,0.115,311.814,262287,412495
10,Q06,skycell-rw,0.303,109.632,17666,412495
10,Q06,skycell-rw,0.248,17.286,2995,74987
10,Q06,skycell,0.096,17.264,2998,74987
10,Q06,pgsphere,0.092,25.879,24204,74987
10,Q06,skycell,0.114,45.271,7693,175524
10,Q06,pgsphere,0.111,90.089,78500,175524
10,Q06,skycell-rw,0.35,45.189,7693,175524
10,Q07,skycell-rw,0.203,1.881,470,4344
10,Q07,pgsphere,0.053,2.502,2490,4344
10,Q07,skycell,0.08,1.783,470,4344
10,Q07,skycell-rw,0.148,0.748,207,1797
10,Q07,skycell,0.041,0.586,210,1797
10,Q07,pgsphere,0.056,0.881,542,1797
10,Q07,skycell-rw,0.178,0.792,253,2044
10,Q07,skycell,0.04,0.669,253,2044
10,Q07,pgsphere,0.037,0.78,601,2044
10,Q07,skycell,0.053,2.884,703,6967
10,Q07,skycell-rw,0.243,2.794,703,6967
10,Q07,pgsphere,0.051,3.761,4468,6967
10,Q07,pgsphere,0.069,10.784,15102,16166
10,Q07,skycell,0.071,6.492,1517,16166
10,Q07,skycell-rw,0.175,6.377,1517,16166
10,Q07,pgsphere,0.073,2.147,1912,4071
10,Q07,skycell-rw,0.15,1.787,446,4071
10,Q07,skycell,0.058,1.48,440,4071
10,Q07,pgsphere,0.049,2.208,2195,3922
10,Q07,skycell,0.05,1.549,449,3922
10,Q07,skycell-rw,0.17,1.542,449,3922
10,Q07,skycell,0.053,3.911,891,8540
10,Q07,skycell-rw,0.163,3.522,891,8540
10,Q07,pgsphere,0.061,5.321,6709,8540
10,Q07,skycell,0.05,1.531,422,3824
10,Q07,pgsphere,0.045,1.733,1809,3824
10,Q07,skycell-rw,0.203,1.537,426,3824
10,Q07,skycell,0.052,1.896,448,4722
10,Q07,pgsphere,0.047,2.3,2574,4722
10,Q07,skycell-rw,0.178,1.866,448,4722
10,Q07,pgsphere,0.05,2.254,2237,3887
10,Q07,skycell-rw,0.202,1.641,448,3887
10,Q07,skycell,0.062,1.493,448,3887
10,Q07,skycell,0.056,3.103,749,7485
10,Q07,skycell-rw,0.202,3.079,749,7485
10,Q07,pgsphere,0.056,3.962,4773,7485
10,Q07,pgsphere,0.057,3.779,4084,7115
10,Q07,skycell-rw,0.304,2.882,704,7115
10,Q07,skycell,0.055,3.099,704,7115
10,Q07,skycell-rw,0.13,0.912,252,1952
10,Q07,skycell,0.044,0.928,252,1952
10,Q07,pgsphere,0.043,0.921,700,1952
10,Q07,skycell,0.058,8.037,1389,13743
10,Q07,pgsphere,0.124,7.968,11374,13743
10,Q07,skycell-rw,0.243,7.504,1389,13743
10,Q07,skycell-rw,0.216,6.514,1229,16218
10,Q07,pgsphere,0.064,10.832,13413,16218
10,Q07,skycell,0.067,5.873,1229,16218
10,Q07,skycell,0.051,2.05,443,1297
10,Q07,pgsphere,0.036,0.594,483,1297
10,Q07,skycell-rw,0.106,1.915,443,1297
10,Q07,skycell-rw,0.124,0.978,265,2296
10,Q07,skycell,0.044,0.874,275,2296
10,Q07,pgsphere,0.084,1.094,836,2296
10,Q07,pgsphere,0.052,7.323,10431,12062
10,Q07,skycell-rw,0.191,5.386,1254,12062
10,Q07,skycell,0.057,5.096,1254,12062
10,Q07,skycell-rw,0.209,7.226,1547,15457
10,Q07,pgsphere,0.058,8.788,12907,15457
10,Q07,skycell,0.065,6.627,1547,15457
10,Q07,skycell-rw,0.163,0.975,261,2421
10,Q07,pgsphere,0.046,1.132,944,2421
10,Q07,skycell,0.044,0.826,266,2421
10,Q07,pgsphere,0.071,2.286,2239,3718
10,Q07,skycell-rw,0.164,1.682,440,3718
10,Q07,skycell,0.052,1.491,440,3718
10,Q07,skycell-rw,0.182,6.317,1280,15097
10,Q07,skycell,0.057,5.588,1280,15097
10,Q07,pgsphere,0.054,9.192,12925,15097
10,Q07,skycell-rw,0.243,4.433,992,9522
10,Q07,pgsphere,0.053,5.599,7192,9522
10,Q07,skycell,0.067,4.021,992,9522
10,Q07,skycell,0.057,6.176,1388,14291
10,Q07,pgsphere,0.055,7.927,11126,14291
10,Q07,skycell-rw,0.268,6.071,1388,14291
10,Q07,skycell-rw,0.198,2.026,521,4707
10,Q07,pgsphere,0.048,2.673,2879,4707
10,Q07,skycell,0.058,1.778,521,4707
10,Q07,skycell,0.054,3.764,875,9187
10,Q07,skycell-rw,0.232,3.513,875,9187
10,Q07,pgsphere,0.054,5.151,6668,9187
10,Q07,skycell,0.039,0.495,159,1391
10,Q07,pgsphere,0.03,0.608,424,1391
10,Q07,skycell-rw,0.085,0.522,151,1391
10,Q07,skycell-rw,0.191,2.71,621,6191
10,Q07,pgsphere,0.049,3.221,3567,6191
10,Q07,skycell,0.056,2.413,621,6191
10,Q07,pgsphere,0.066,9.292,13668,15542
10,Q07,skycell-rw,0.229,6.769,1496,15542
10,Q07,skycell,0.057,6.26,1496,15542
10,Q07,skycell,0.06,1.578,448,3887
10,Q07,skycell-rw,0.179,1.696,448,3887
10,Q07,pgsphere,0.05,2.306,2237,3887
10,Q07,pgsphere,0.052,5.511,6709,8540
10,Q07,skycell-rw,0.182,3.814,891,8540
10,Q07,skycell,0.059,3.445,891,8540
10,Q07,skycell-rw,0.202,7.523,1547,15457
10,Q07,pgsphere,0.063,8.736,12907,15457
10,Q07,skycell,0.064,6.627,1547,15457
10,Q07,skycell,0.042,0.854,275,2296
10,Q07,pgsphere,0.041,1.147,836,2296
10,Q07,skycell-rw,0.125,0.928,265,2296
10,Q07,skycell,0.052,1.819,448,4722
10,Q07,pgsphere,0.051,2.402,2574,4722
10,Q07,skycell-rw,0.188,1.828,448,4722
10,Q07,skycell,0.053,6.277,1389,13743
10,Q07,skycell-rw,0.263,6.05,1389,13743
10,Q07,pgsphere,0.058,7.925,11374,13743
10,Q07,pgsphere,0.065,10.436,15102,16166
10,Q07,skycell-rw,0.187,6.673,1517,16166
10,Q07,skycell,0.061,7.121,1517,16166
10,Q07,skycell-rw,0.186,1.729,449,3922
10,Q07,skycell,0.05,1.484,449,3922
10,Q07,pgsphere,0.05,2.167,2195,3922
10,Q07,skycell,0.053,2.922,703,6967
10,Q07,pgsphere,0.052,3.786,4468,6967
10,Q07,skycell-rw,0.232,2.883,703,6967
10,Q07,skycell,0.044,0.435,159,1391
10,Q07,skycell-rw,0.083,0.613,151,1391
10,Q07,pgsphere,0.035,0.619,424,1391
10,Q07,pgsphere,0.043,0.933,601,2044
10,Q07,skycell,0.039,0.689,253,2044
10,Q07,skycell-rw,0.14,0.783,253,2044
10,Q07,pgsphere,0.046,2.513,2490,4344
10,Q07,skycell,0.052,1.739,470,4344
10,Q07,skycell-rw,0.18,1.755,470,4344
10,Q07,skycell-rw,0.201,1.748,426,3824
10,Q07,pgsphere,0.046,1.799,1809,3824
10,Q07,skycell,0.048,1.522,422,3824
10,Q07,skycell-rw,0.146,1.751,446,4071
10,Q07,skycell,0.05,1.506,440,4071
10,Q07,pgsphere,0.047,1.909,1912,4071
10,Q07,pgsphere,0.034,0.603,483,1297
10,Q07,skycell,0.078,1.998,443,1297
10,Q07,skycell-rw,0.138,2.605,443,1297
10,Q07,skycell,0.059,3.185,749,7485
10,Q07,skycell-rw,0.187,2.921,749,7485
10,Q07,pgsphere,0.124,4.243,4773,7485
10,Q07,skycell-rw,0.143,0.701,207,1797
10,Q07,skycell,0.105,0.566,210,1797
10,Q07,pgsphere,0.034,0.766,542,1797
10,Q07,skycell-rw,0.191,6.4,1388,14291
10,Q07,pgsphere,0.06,7.663,11126,14291
10,Q07,skycell,0.062,5.911,1388,14291
10,Q07,skycell,0.073,4.595,992,9522
10,Q07,pgsphere,0.055,5.602,7192,9522
10,Q07,skycell-rw,0.259,4.523,992,9522
10,Q07,skycell-rw,0.189,6.069,1254,12062
10,Q07,skycell,0.089,5.022,1254,12062
10,Q07,pgsphere,0.056,7.371,10431,12062
10,Q07,pgsphere,0.066,10.348,13668,15542
10,Q07,skycell-rw,0.207,6.915,1496,15542
10,Q07,skycell,0.062,6.399,1496,15542
10,Q07,skycell-rw,0.274,6.443,1280,15097
10,Q07,skycell,0.058,5.524,1280,15097
10,Q07,pgsphere,0.061,8.264,12925,15097
10,Q07,pgsphere,0.051,2.749,2879,4707
10,Q07,skycell,0.061,1.972,521,4707
10,Q07,skycell-rw,0.198,1.897,521,4707
10,Q07,skycell,0.041,0.865,266,2421
10,Q07,skycell-rw,0.202,0.985,261,2421
10,Q07,pgsphere,0.048,1.118,944,2421
10,Q07,skycell,0.055,6.086,1229,16218
10,Q07,skycell-rw,0.194,5.731,1229,16218
10,Q07,pgsphere,0.064,8.826,13413,16218
10,Q07,skycell,0.057,2.484,621,6191
10,Q07,skycell-rw,0.199,2.443,621,6191
10,Q07,pgsphere,0.05,3.26,3567,6191
10,Q07,pgsphere,0.046,2.255,2239,3718
10,Q07,skycell,0.05,1.597,440,3718
10,Q07,skycell-rw,0.154,1.58,440,3718
10,Q07,pgsphere,0.08,5.755,6668,9187
10,Q07,skycell-rw,0.245,3.761,875,9187
10,Q07,skycell,0.054,3.349,875,9187
10,Q07,skycell-rw,0.133,0.88,252,1952
10,Q07,pgsphere,0.039,0.921,700,1952
10,Q07,skycell,0.072,0.698,252,1952
10,Q07,skycell,0.051,2.791,704,7115
10,Q07,skycell-rw,0.22,2.774,704,7115
10,Q07,pgsphere,0.05,3.834,4084,7115
10,Q07,skycell,0.059,1.564,440,3718
10,Q07,skycell-rw,0.16,1.756,440,3718
10,Q07,pgsphere,0.051,2.222,2239,3718
10,Q07,skycell,0.053,3.782,891,8540
10,Q07,pgsphere,0.052,5.4,6709,8540
10,Q07,skycell-rw,0.169,3.692,891,8540
10,Q07,pgsphere,0.045,1.128,944,2421
10,Q07,skycell-rw,0.18,0.941,261,2421
10,Q07,skycell,0.043,0.988,266,2421
10,Q07,pgsphere,0.057,4.194,4468,6967
10,Q07,skycell,0.06,2.85,703,6967
10,Q07,skycell-rw,0.233,2.802,703,6967
10,Q07,pgsphere,0.051,3.231,3567,6191
10,Q07,skycell-rw,0.189,2.53,621,6191
10,Q07,skycell,0.053,2.281,621,6191
10,Q07,skycell-rw,0.138,1.66,446,4071
10,Q07,skycell,0.07,2.207,440,4071
10,Q07,pgsphere,0.062,2.061,1912,4071
10,Q07,pgsphere,0.054,8.572,12925,15097
10,Q07,skycell-rw,0.193,5.958,1280,15097
10,Q07,skycell,0.068,6.156,1280,15097
10,Q07,skycell-rw,0.179,1.439,252,1952
10,Q07,skycell,0.048,0.736,252,1952
10,Q07,pgsphere,0.039,0.937,700,1952
10,Q07,pgsphere,0.037,0.621,424,1391
10,Q07,skycell-rw,0.091,0.503,151,1391
10,Q07,skycell,0.027,0.476,159,1391
10,Q07,pgsphere,0.051,2.291,2237,3887
10,Q07,skycell-rw,0.177,1.624,448,3887
10,Q07,skycell,0.051,1.458,448,3887
10,Q07,pgsphere,0.059,2.801,2490,4344
10,Q07,skycell-rw,0.209,1.879,470,4344
10,Q07,skycell,0.053,1.685,470,4344
10,Q07,pgsphere,0.065,9.898,13668,15542
10,Q07,skycell-rw,0.198,6.84,1496,15542
10,Q07,skycell,0.057,6.185,1496,15542
10,Q07,skycell,0.054,3.157,704,7115
10,Q07,skycell-rw,0.23,2.743,704,7115
10,Q07,pgsphere,0.08,3.481,4084,7115
10,Q07,skycell-rw,0.205,7.482,1547,15457
10,Q07,skycell,0.067,6.704,1547,15457
10,Q07,pgsphere,0.087,8.799,12907,15457
10,Q07,skycell,0.058,2.027,443,1297
10,Q07,skycell-rw,0.097,1.907,443,1297
10,Q07,pgsphere,0.035,0.599,483,1297
10,Q07,skycell-rw,0.206,2.044,521,4707
10,Q07,pgsphere,0.049,2.787,2879,4707
10,Q07,skycell,0.053,1.844,521,4707
10,Q07,skycell,0.054,6.353,1229,16218
10,Q07,skycell-rw,0.202,5.851,1229,16218
10,Q07,pgsphere,0.068,8.595,13413,16218
10,Q07,pgsphere,0.056,5.593,7192,9522
10,Q07,skycell,0.072,4.112,992,9522
10,Q07,skycell-rw,0.241,3.991,992,9522
10,Q07,skycell,0.042,0.86,275,2296
10,Q07,skycell-rw,0.121,0.906,265,2296
10,Q07,pgsphere,0.046,1.041,836,2296
10,Q07,skycell-rw,0.141,0.681,207,1797
10,Q07,pgsphere,0.041,0.747,542,1797
10,Q07,skycell,0.033,0.602,210,1797
10,Q07,skycell-rw,0.193,6.551,1388,14291
10,Q07,pgsphere,0.064,8.057,11126,14291
10,Q07,skycell,0.07,5.879,1388,14291
10,Q07,skycell,0.058,3.672,875,9187
10,Q07,skycell-rw,0.217,3.578,875,9187
10,Q07,pgsphere,0.052,6.51,6668,9187
10,Q07,skycell-rw,0.179,6.961,1517,16166
10,Q07,pgsphere,0.064,10.312,15102,16166
10,Q07,skycell,0.074,6.729,1517,16166
10,Q07,pgsphere,0.047,1.797,1809,3824
10,Q07,skycell-rw,0.249,1.774,426,3824
10,Q07,skycell,0.053,1.432,422,3824
10,Q07,skycell-rw,0.145,0.761,253,2044
10,Q07,pgsphere,0.036,0.819,601,2044
10,Q07,skycell,0.075,1.027,253,2044
10,Q07,skycell-rw,0.311,2.262,448,4722
10,Q07,pgsphere,0.066,2.658,2574,4722
10,Q07,skycell,0.067,1.804,448,4722
10,Q07,skycell-rw,0.208,1.714,449,3922
10,Q07,skycell,0.072,1.883,449,3922
10,Q07,pgsphere,0.061,2.541,2195,3922
10,Q07,pgsphere,0.08,7.666,10431,12062
10,Q07,skycell-rw,0.234,5.407,1254,12062
10,Q07,skycell,0.071,5.321,1254,12062
10,Q07,skycell-rw,0.205,3.446,749,7485
10,Q07,pgsphere,0.059,4.073,4773,7485
10,Q07,skycell,0.062,2.993,749,7485
10,Q07,skycell-rw,0.28,6.863,1389,13743
10,Q07,pgsphere,0.065,8.874,11374,13743
10,Q07,skycell,0.072,6.234,1389,13743
10,Q12,skycell,0.014,0.008,6,1
10,Q12,skycell-rw,0.023,0.008,6,1
10,Q12,pgsphere,0.016,0.026,7,1
10,Q12,skycell,0.012,0.008,6,1
10,Q12,skycell-rw,0.02,0.007,6,1
10,Q12,pgsphere,0.011,0.014,5,1
10,Q12,pgsphere,0.01,0.013,5,1
10,Q12,skycell-rw,0.022,0.008,6,1
10,Q12,skycell,0.021,0.009,6,1
10,Q12,skycell-rw,0.019,0.007,6,1
10,Q12,pgsphere,0.012,0.015,5,1
10,Q12,skycell,0.011,0.006,6,1
10,Q12,skycell,0.01,0.006,6,1
10,Q12,skycell-rw,0.023,0.007,6,1
10,Q12,pgsphere,0.011,0.052,7,1
10,Q12,skycell-rw,0.021,0.007,6,1
10,Q12,skycell,0.011,0.006,6,1
10,Q12,pgsphere,0.011,0.02,7,1
10,Q12,pgsphere,0.01,0.022,8,1
10,Q12,skycell-rw,0.02,0.007,6,1
10,Q12,skycell,0.011,0.006,6,1
10,Q12,skycell-rw,0.019,0.006,6,1
10,Q12,skycell,0.011,0.006,6,1
10,Q12,pgsphere,0.011,0.02,7,1
10,Q12,skycell,0.011,0.008,8,1
10,Q12,pgsphere,0.011,0.013,5,1
10,Q12,skycell-rw,0.02,0.008,8,1
10,Q12,skycell-rw,0.02,0.006,6,1
10,Q12,pgsphere,0.065,0.017,5,1
10,Q12,skycell,0.012,0.007,6,1
10,Q12,pgsphere,0.011,0.017,6,1
10,Q12,skycell,0.011,0.007,8,1
10,Q12,skycell-rw,0.02,0.007,8,1
10,Q12,skycell,0.011,0.006,6,1
10,Q12,skycell-rw,0.02,0.006,6,1
10,Q12,pgsphere,0.011,0.014,5,1
10,Q12,skycell-rw,0.019,0.006,6,1
10,Q12,skycell,0.039,0.009,6,1
10,Q12,pgsphere,0.011,0.014,5,1
10,Q12,skycell,0.011,0.006,6,1
10,Q12,pgsphere,0.011,0.014,6,1
10,Q12,skycell-rw,0.022,0.007,6,1
10,Q12,pgsphere,0.014,0.017,5,1
10,Q12,skycell,0.019,0.009,6,1
10,Q12,skycell-rw,0.02,0.007,6,1
10,Q12,skycell,0.01,0.006,6,1
10,Q12,pgsphere,0.012,0.017,6,1
10,Q12,skycell-rw,0.025,0.007,6,1
10,Q12,skycell-rw,0.02,0.006,6,1
10,Q12,skycell,0.011,0.006,6,1
10,Q12,pgsphere,0.011,0.015,5,1
10,Q12,pgsphere,0.01,0.014,5,1
10,Q12,skycell,0.011,0.008,15,1
10,Q12,skycell-rw,0.046,0.015,14,1
10,Q12,skycell-rw,0.029,0.012,8,1
10,Q12,pgsphere,0.014,0.021,7,1
10,Q12,skycell,0.011,0.007,9,1
10,Q12,skycell-rw,0.03,0.011,8,1
10,Q12,skycell,0.011,0.007,9,1
10,Q12,pgsphere,0.013,0.015,5,1
10,Q12,skycell-rw,0.02,0.006,6,1
10,Q12,pgsphere,0.011,0.012,5,1
10,Q12,skycell,0.01,0.006,6,1
10,Q12,skycell,0.012,0.007,8,1
10,Q12,pgsphere,0.011,0.02,6,1
10,Q12,skycell-rw,0.021,0.007,8,1
10,Q12,pgsphere,0.011,0.025,9,1
10,Q12,skycell,0.012,0.007,6,1
10,Q12,skycell-rw,0.02,0.01,6,1
10,Q12,pgsphere,0.012,0.013,5,1
10,Q12,skycell-rw,0.03,0.012,8,1
10,Q12,skycell,0.011,0.007,9,1
10,Q12,skycell-rw,0.029,0.011,8,1
10,Q12,pgsphere,0.011,0.015,5,1
10,Q12,skycell,0.011,0.006,9,1
10,Q12,pgsphere,0.011,0.014,5,1
10,Q12,skycell-rw,0.02,0.007,6,1
10,Q12,skycell,0.011,0.006,6,1
10,Q12,pgsphere,0.011,0.019,7,1
10,Q12,skycell,0.011,0.007,6,1
10,Q12,skycell-rw,0.02,0.007,6,1
10,Q12,pgsphere,0.012,0.023,8,1
10,Q12,skycell,0.013,0.006,6,1
10,Q12,skycell-rw,0.02,0.006,6,1
10,Q12,skycell-rw,0.021,0.006,6,1
10,Q12,skycell,0.013,0.007,6,1
10,Q12,pgsphere,0.011,0.013,5,1
10,Q12,skycell-rw,0.019,0.007,6,1
10,Q12,pgsphere,0.011,0.019,7,1
10,Q12,skycell,0.011,0.007,6,1
10,Q12,skycell-rw,0.02,0.006,6,1
10,Q12,skycell,0.011,0.006,6,1
10,Q12,pgsphere,0.011,0.016,5,1
10,Q12,skycell,0.011,0.007,8,1
10,Q12,pgsphere,0.011,0.02,6,1
10,Q12,skycell-rw,0.019,0.007,8,1
10,Q12,skycell,0.014,0.009,15,1
10,Q12,skycell-rw,0.129,0.025,14,1
10,Q12,pgsphere,0.012,0.015,5,1
10,Q12,pgsphere,0.011,0.02,7,1
10,Q12,skycell-rw,0.029,0.01,6,1
10,Q12,skycell,0.011,0.006,6,1
10,Q12,skycell-rw,0.02,0.008,8,1
10,Q12,pgsphere,0.011,0.013,5,1
10,Q12,skycell,0.011,0.008,8,1
10,Q12,skycell,0.011,0.006,6,1
10,Q12,pgsphere,0.014,0.015,5,1
10,Q12,skycell-rw,0.02,0.006,6,1
10,Q12,pgsphere,0.012,0.023,8,1
10,Q12,skycell,0.011,0.006,6,1
10,Q12,skycell-rw,0.019,0.007,6,1
10,Q12,skycell,0.011,0.006,6,1
10,Q12,skycell-rw,0.019,0.006,6,1
10,Q12,pgsphere,0.011,0.013,5,1
10,Q12,skycell,0.01,0.007,6,1
10,Q12,pgsphere,0.013,0.014,5,1
10,Q12,skycell-rw,0.019,0.006,6,1
10,Q12,pgsphere,0.011,0.02,7,1
10,Q12,skycell,0.01,0.006,6,1
10,Q12,skycell-rw,0.02,0.009,6,1
10,Q12,skycell,0.011,0.006,6,1
10,Q12,pgsphere,0.011,0.02,7,1
10,Q12,skycell-rw,0.019,0.006,6,1
10,Q12,skycell,0.053,0.009,6,1
10,Q12,pgsphere,0.011,0.013,5,1
10,Q12,skycell-rw,0.019,0.006,6,1
10,Q12,pgsphere,0.011,0.02,7,1
10,Q12,skycell,0.01,0.007,9,1
10,Q12,skycell-rw,0.034,0.013,8,1
10,Q12,skycell,0.011,0.007,6,1
10,Q12,skycell-rw,0.019,0.007,6,1
10,Q12,pgsphere,0.011,0.013,5,1
10,Q12,pgsphere,0.014,0.015,6,1
10,Q12,skycell,0.018,0.011,6,1
10,Q12,skycell-rw,0.032,0.012,6,1
10,Q12,skycell,0.014,0.008,6,1
10,Q12,pgsphere,0.022,0.022,5,1
10,Q12,skycell-rw,0.031,0.012,6,1
10,Q12,pgsphere,0.012,0.015,5,1
10,Q12,skycell-rw,0.021,0.017,6,1
10,Q12,skycell,0.011,0.006,6,1
10,Q12,skycell-rw,0.02,0.006,6,1
10,Q12,pgsphere,0.011,0.019,7,1
10,Q12,skycell,0.025,0.008,6,1
10,Q12,skycell,0.015,0.009,6,1
10,Q12,skycell-rw,0.023,0.007,6,1
10,Q12,pgsphere,0.102,0.022,5,1
10,Q12,skycell-rw,0.02,0.007,6,1
10,Q12,skycell,0.011,0.007,6,1
10,Q12,pgsphere,0.011,0.023,8,1
10,Q12,skycell,0.016,0.008,6,1
10,Q12,pgsphere,0.02,0.017,5,1
10,Q12,skycell-rw,0.02,0.006,6,1
10,Q12,skycell-rw,0.029,0.012,8,1
10,Q12,skycell,0.016,0.007,9,1
10,Q12,pgsphere,0.014,0.015,5,1
10,Q12,skycell,0.011,0.006,6,1
10,Q12,skycell-rw,0.019,0.007,6,1
10,Q12,pgsphere,0.011,0.019,7,1
10,Q12,pgsphere,0.011,0.019,6,1
10,Q12,skycell,0.011,0.007,8,1
10,Q12,skycell-rw,0.019,0.007,8,1
10,Q12,pgsphere,0.011,0.019,6,1
10,Q12,skycell-rw,0.019,0.007,6,1
10,Q12,skycell,0.02,0.008,6,1
10,Q12,skycell-rw,0.019,0.007,6,1
10,Q12,pgsphere,0.01,0.015,5,1
10,Q12,skycell,0.01,0.006,6,1
10,Q12,skycell,0.011,0.006,6,1
10,Q12,pgsphere,0.012,0.026,9,1
10,Q12,skycell-rw,0.02,0.006,6,1
10,Q12,skycell,0.01,0.007,9,1
10,Q12,skycell-rw,0.03,0.012,8,1
10,Q12,pgsphere,0.013,0.014,5,1
10,Q12,skycell-rw,0.029,0.01,8,1
10,Q12,pgsphere,0.011,0.014,5,1
10,Q12,skycell,0.012,0.007,9,1
10,Q12,pgsphere,0.013,0.021,7,1
10,Q12,skycell,0.01,0.006,6,1
10,Q12,skycell-rw,0.029,0.01,6,1
10,Q12,skycell-rw,0.037,0.014,8,1
10,Q12,pgsphere,0.011,0.014,5,1
10,Q12,skycell,0.011,0.007,9,1
10,Q12,skycell,0.01,0.006,6,1
10,Q12,pgsphere,0.011,0.02,7,1
10,Q12,skycell-rw,0.02,0.006,6,1
10,Q12,skycell-rw,0.019,0.007,8,1
10,Q12,pgsphere,0.011,0.016,6,1
10,Q12,skycell,0.015,0.009,8,1
10,Q12,pgsphere,0.011,0.02,5,1
10,Q12,skycell-rw,0.019,0.006,6,1
10,Q12,skycell,0.01,0.006,6,1
10,Q12,pgsphere,0.011,0.015,5,1
10,Q12,skycell-rw,0.03,0.012,8,1
10,Q12,skycell,0.011,0.006,9,1
10,Q12,skycell-rw,0.019,0.007,6,1
10,Q12,skycell,0.01,0.006,6,1
10,Q12,pgsphere,0.017,0.022,7,1
10,Q12,pgsphere,0.012,0.02,7,1
10,Q12,skycell,0.01,0.007,6,1
10,Q12,skycell-rw,0.019,0.007,6,1
10,Q12,skycell,0.01,0.006,6,1
10,Q12,pgsphere,0.011,0.013,5,1
10,Q12,skycell-rw,0.02,0.006,6,1
10,Q12,pgsphere,0.011,0.019,7,1
10,Q12,skycell,0.011,0.006,6,1
10,Q12,skycell-rw,0.019,0.007,6,1
10,Q12,pgsphere,0.011,0.021,7,1
10,Q12,skycell-rw,0.019,0.006,6,1
10,Q12,skycell,0.011,0.006,6,1
10,Q12,skycell-rw,0.019,0.007,6,1
10,Q12,pgsphere,0.014,0.016,5,1
10,Q12,skycell,0.011,0.006,6,1
10,Q12,skycell,0.01,0.005,6,1
10,Q12,skycell-rw,0.019,0.006,6,1
10,Q12,pgsphere,0.011,0.018,7,1
10,Q12,skycell,0.048,0.011,6,1
10,Q12,pgsphere,0.019,0.014,5,1
10,Q12,skycell-rw,0.02,0.006,6,1
10,Q12,skycell-rw,0.019,0.006,6,1
10,Q12,skycell,0.017,0.009,6,1
10,Q12,pgsphere,0.013,0.027,9,1
10,Q12,skycell-rw,0.02,0.007,6,1
10,Q12,skycell,0.011,0.006,6,1
10,Q12,pgsphere,0.011,0.013,5,1
10,Q12,skycell,0.011,0.007,6,1
10,Q12,pgsphere,0.012,0.014,5,1
10,Q12,skycell-rw,0.019,0.006,6,1
10,Q12,pgsphere,0.011,0.015,5,1
10,Q12,skycell,0.01,0.006,6,1
10,Q12,skycell-rw,0.02,0.007,6,1
10,Q12,skycell-rw,0.046,0.015,14,1
10,Q12,pgsphere,0.012,0.016,5,1
10,Q12,skycell,0.012,0.009,15,1
10,Q12,skycell,0.011,0.007,8,1
10,Q12,pgsphere,0.011,0.02,6,1
10,Q12,skycell-rw,0.02,0.007,8,1
10,Q12,skycell-rw,0.02,0.007,6,1
10,Q12,skycell,0.01,0.006,6,1
10,Q12,pgsphere,0.011,0.023,8,1
10,Q12,skycell,0.011,0.007,9,1
10,Q12,skycell-rw,0.059,0.015,8,1
10,Q12,pgsphere,0.011,0.013,5,1
10,Q12,skycell,0.011,0.006,6,1
10,Q12,pgsphere,0.011,0.014,6,1
10,Q12,skycell-rw,0.052,0.009,6,1
10,Q12,skycell-rw,0.019,0.015,6,1
10,Q12,pgsphere,0.011,0.015,5,1
10,Q12,skycell,0.01,0.006,6,1
10,Q12,pgsphere,0.011,0.013,5,1
10,Q12,skycell,0.017,0.009,8,1
10,Q12,skycell-rw,0.024,0.009,8,1
10,Q12,pgsphere,0.014,0.019,5,1
10,Q12,skycell-rw,0.021,0.007,6,1
10,Q12,skycell,0.011,0.006,6,1
10,Q12,skycell-rw,0.02,0.006,6,1
10,Q12,pgsphere,0.011,0.014,5,1
10,Q12,skycell,0.01,0.005,6,1
10,Q12,skycell,0.016,0.009,6,1
10,Q12,pgsphere,0.011,0.018,6,1
10,Q12,skycell-rw,0.019,0.006,6,1
10,Q12,pgsphere,0.011,0.024,8,1
10,Q12,skycell,0.01,0.006,6,1
10,Q12,skycell-rw,0.022,0.006,6,1
10,Q12,pgsphere,0.013,0.02,7,1
10,Q12,skycell-rw,0.042,0.015,8,1
10,Q12,skycell,0.011,0.007,9,1
10,Q12,skycell-rw,0.024,0.009,6,1
10,Q12,pgsphere,0.011,0.014,5,1
10,Q12,skycell,0.01,0.006,6,1
0.5,Q05,skycell-rw,0.083,0.167,88,215
0.5,Q05,skycell,0.019,0.095,74,215
0.5,Q05,pgsphere,0.019,0.098,74,215
0.5,Q05,skycell,0.017,0.068,47,148
0.5,Q05,pgsphere,0.012,0.065,44,148
0.5,Q05,skycell-rw,0.057,0.34,872,148
0.5,Q05,pgsphere,0.014,0.081,48,168
0.5,Q05,skycell-rw,0.043,0.13,65,168
0.5,Q05,skycell,0.022,0.067,54,168
0.5,Q05,skycell-rw,0.063,0.118,62,195
0.5,Q05,pgsphere,0.013,0.104,94,195
0.5,Q05,skycell,0.047,0.121,55,195
0.5,Q05,skycell,0.014,0.099,60,241
0.5,Q05,skycell-rw,0.076,0.13,62,241
0.5,Q05,pgsphere,0.012,0.143,87,241
0.5,Q05,skycell,0.018,0.107,71,256
0.5,Q05,skycell-rw,0.059,0.116,66,256
0.5,Q05,pgsphere,0.013,0.094,75,256
0.5,Q05,skycell-rw,0.061,0.138,77,301
0.5,Q05,skycell,0.017,0.106,76,301
0.5,Q05,pgsphere,0.012,0.166,81,301
0.5,Q05,pgsphere,0.012,0.087,62,226
0.5,Q05,skycell,0.013,0.126,55,226
0.5,Q05,skycell-rw,0.067,0.12,63,226
0.5,Q05,skycell,0.017,0.076,56,201
0.5,Q05,pgsphere,0.012,0.078,68,201
0.5,Q05,skycell-rw,0.066,0.094,60,201
0.5,Q05,pgsphere,0.032,0.076,50,125
0.5,Q05,skycell,0.016,0.069,54,125
0.5,Q05,skycell-rw,0.055,0.076,54,125
0.5,Q05,skycell,0.014,0.149,46,210
0.5,Q05,skycell-rw,0.026,0.422,1118,210
0.5,Q05,pgsphere,0.012,0.096,73,210
0.5,Q05,skycell-rw,0.046,0.309,808,132
0.5,Q05,skycell,0.02,0.071,52,132
0.5,Q05,pgsphere,0.012,0.069,48,132
0.5,Q05,skycell,0.013,0.045,38,98
0.5,Q05,pgsphere,0.014,0.061,42,98
0.5,Q05,skycell-rw,0.036,0.077,42,98
0.5,Q05,skycell,0.015,0.098,73,299
0.5,Q05,pgsphere,0.013,0.154,128,299
0.5,Q05,skycell-rw,0.033,0.13,75,299
0.5,Q05,skycell-rw,0.059,0.098,62,162
0.5,Q05,pgsphere,0.014,0.077,58,162
0.5,Q05,skycell,0.012,0.066,56,162
0.5,Q05,pgsphere,0.012,0.07,44,137
0.5,Q05,skycell-rw,0.068,0.089,72,137
0.5,Q05,skycell,0.012,0.062,61,137
0.5,Q05,skycell,0.013,0.053,42,129
0.5,Q05,skycell-rw,0.045,0.08,47,129
0.5,Q05,pgsphere,0.012,0.053,31,129
0.5,Q05,pgsphere,0.02,0.094,74,211
0.5,Q05,skycell,0.022,0.084,62,211
0.5,Q05,skycell-rw,0.051,0.107,65,211
0.5,Q05,skycell,0.014,0.076,66,188
0.5,Q05,pgsphere,0.012,0.07,52,188
0.5,Q05,skycell-rw,0.047,0.101,69,188
0.5,Q05,skycell,0.019,0.074,54,169
0.5,Q05,pgsphere,0.012,0.066,45,169
0.5,Q05,skycell-rw,0.054,0.08,58,169
0.5,Q05,pgsphere,0.018,0.09,65,235
0.5,Q05,skycell-rw,0.048,0.125,80,235
0.5,Q05,skycell,0.013,0.083,65,235
0.5,Q05,pgsphere,0.013,0.069,47,224
0.5,Q05,skycell,0.012,0.07,43,224
0.5,Q05,skycell-rw,0.031,0.092,42,224
0.5,Q05,pgsphere,0.019,0.042,29,91
0.5,Q05,skycell,0.028,0.393,140,91
0.5,Q05,skycell-rw,0.046,0.356,140,91
0.5,Q05,skycell,0.02,0.059,54,107
0.5,Q05,skycell-rw,0.025,0.338,818,107
0.5,Q05,pgsphere,0.012,0.058,42,107
0.5,Q05,pgsphere,0.013,0.08,69,221
0.5,Q05,skycell,0.015,0.087,58,221
0.5,Q05,skycell-rw,0.049,0.105,60,221
0.5,Q05,skycell,0.014,0.077,57,202
0.5,Q05,skycell-rw,0.049,0.101,64,202
0.5,Q05,pgsphere,0.012,0.086,64,202
0.5,Q05,skycell-rw,0.077,0.096,66,182
0.5,Q05,skycell,0.018,0.079,61,182
0.5,Q05,pgsphere,0.012,0.073,59,182
0.5,Q05,skycell-rw,0.07,0.126,65,232
0.5,Q05,skycell,0.014,0.08,59,232
0.5,Q05,pgsphere,0.012,0.079,67,232
0.5,Q05,skycell-rw,0.049,0.076,63,132
0.5,Q05,pgsphere,0.012,0.061,36,132
0.5,Q05,skycell,0.012,0.072,53,132
0.5,Q05,skycell-rw,0.05,0.094,71,159
0.5,Q05,pgsphere,0.013,0.07,56,159
0.5,Q05,skycell,0.012,0.077,73,159
0.5,Q05,pgsphere,0.012,0.092,67,232
0.5,Q05,skycell-rw,0.076,0.127,65,232
0.5,Q05,skycell,0.013,0.166,59,232
0.5,Q05,pgsphere,0.014,0.071,52,188
0.5,Q05,skycell-rw,0.095,0.113,69,188
0.5,Q05,skycell,0.012,0.083,66,188
0.5,Q05,pgsphere,0.016,0.083,69,221
0.5,Q05,skycell-rw,0.047,0.115,60,221
0.5,Q05,skycell,0.014,0.084,58,221
0.5,Q05,skycell,0.011,0.057,54,107
0.5,Q05,pgsphere,0.012,0.057,42,107
0.5,Q05,skycell-rw,0.028,0.286,818,107
0.5,Q05,pgsphere,0.013,0.064,44,148
0.5,Q05,skycell-rw,0.029,0.303,872,148
0.5,Q05,skycell,0.012,0.073,47,148
0.5,Q05,skycell-rw,0.048,0.095,71,159
0.5,Q05,pgsphere,0.012,0.074,56,159
0.5,Q05,skycell,0.09,0.111,73,159
0.5,Q05,skycell-rw,0.056,0.112,62,241
0.5,Q05,skycell,0.013,0.086,60,241
0.5,Q05,pgsphere,0.013,0.093,87,241
0.5,Q05,skycell,0.012,0.062,52,132
0.5,Q05,pgsphere,0.011,0.076,48,132
0.5,Q05,skycell-rw,0.028,0.283,808,132
0.5,Q05,skycell-rw,0.032,0.204,42,224
0.5,Q05,skycell,0.014,0.069,43,224
0.5,Q05,pgsphere,0.011,0.11,47,224
0.5,Q05,pgsphere,0.012,0.061,44,137
0.5,Q05,skycell,0.014,0.063,61,137
0.5,Q05,skycell-rw,0.067,0.087,72,137
0.5,Q05,skycell,0.014,0.13,71,256
0.5,Q05,skycell-rw,0.061,0.132,66,256
0.5,Q05,pgsphere,0.02,0.094,75,256
0.5,Q05,skycell,0.014,0.063,53,132
0.5,Q05,pgsphere,0.016,0.063,36,132
0.5,Q05,skycell-rw,0.039,0.072,63,132
0.5,Q05,skycell,0.017,0.085,55,195
0.5,Q05,skycell-rw,0.054,0.105,62,195
0.5,Q05,pgsphere,0.017,0.105,94,195
0.5,Q05,skycell,0.014,0.123,76,301
0.5,Q05,skycell-rw,0.064,0.123,77,301
0.5,Q05,pgsphere,0.012,0.127,81,301
0.5,Q05,skycell-rw,0.033,0.122,75,299
0.5,Q05,pgsphere,0.016,0.125,128,299
0.5,Q05,skycell,0.012,0.095,73,299
0.5,Q05,skycell-rw,0.055,0.116,63,226
0.5,Q05,skycell,0.011,0.083,55,226
0.5,Q05,pgsphere,0.015,0.09,62,226
0.5,Q05,skycell,0.013,0.045,38,98
0.5,Q05,pgsphere,0.012,0.061,42,98
0.5,Q05,skycell-rw,0.031,0.078,42,98
0.5,Q05,skycell-rw,0.049,0.121,80,235
0.5,Q05,skycell,0.012,0.082,65,235
0.5,Q05,pgsphere,0.012,0.087,65,235
0.5,Q05,skycell,0.014,0.091,74,215
0.5,Q05,pgsphere,0.016,0.088,74,215
0.5,Q05,skycell-rw,0.06,0.121,88,215
0.5,Q05,skycell-rw,0.048,0.118,65,211
0.5,Q05,pgsphere,0.016,0.096,74,211
0.5,Q05,skycell,0.012,0.079,62,211
0.5,Q05,skycell,0.011,0.065,56,162
0.5,Q05,skycell-rw,0.046,0.09,62,162
0.5,Q05,pgsphere,0.011,0.076,58,162
0.5,Q05,pgsphere,0.012,0.065,45,169
0.5,Q05,skycell,0.014,0.067,54,169
0.5,Q05,skycell-rw,0.055,0.08,58,169
0.5,Q05,skycell,0.014,0.076,57,202
0.5,Q05,pgsphere,0.012,0.075,64,202
0.5,Q05,skycell-rw,0.05,0.1,64,202
0.5,Q05,skycell-rw,0.039,0.072,47,129
0.5,Q05,skycell,0.013,0.05,42,129
0.5,Q05,pgsphere,0.017,0.054,31,129
0.5,Q05,pgsphere,0.011,0.072,59,182
0.5,Q05,skycell-rw,0.099,0.099,66,182
0.5,Q05,skycell,0.014,0.075,61,182
0.5,Q05,skycell,0.02,0.382,140,91
0.5,Q05,pgsphere,0.012,0.042,29,91
0.5,Q05,skycell-rw,0.038,0.444,140,91
0.5,Q05,skycell,0.014,0.081,46,210
0.5,Q05,skycell-rw,0.022,0.423,1118,210
0.5,Q05,pgsphere,0.012,0.095,73,210
0.5,Q05,skycell,0.014,0.068,54,125
0.5,Q05,skycell-rw,0.047,0.067,54,125
0.5,Q05,pgsphere,0.014,0.067,50,125
0.5,Q05,skycell,0.019,0.077,56,201
0.5,Q05,pgsphere,0.013,0.088,68,201
0.5,Q05,skycell-rw,0.072,0.093,60,201
0.5,Q05,skycell,0.013,0.06,54,168
0.5,Q05,skycell-rw,0.032,0.089,65,168
0.5,Q05,pgsphere,0.013,0.074,48,168
0.5,Q05,pgsphere,0.012,0.072,48,168
0.5,Q05,skycell,0.011,0.059,54,168
0.5,Q05,skycell-rw,0.032,0.089,65,168
0.5,Q05,skycell,0.012,0.045,38,98
0.5,Q05,skycell-rw,0.033,0.069,42,98
0.5,Q05,pgsphere,0.015,0.063,42,98
0.5,Q05,skycell-rw,0.066,0.142,66,182
0.5,Q05,pgsphere,0.012,0.073,59,182
0.5,Q05,skycell,0.012,0.11,61,182
0.5,Q05,skycell-rw,0.055,0.118,65,232
0.5,Q05,skycell,0.013,0.086,59,232
0.5,Q05,pgsphere,0.012,0.079,67,232
0.5,Q05,skycell,0.043,0.142,54,125
0.5,Q05,pgsphere,0.012,0.066,50,125
0.5,Q05,skycell-rw,0.047,0.071,54,125
0.5,Q05,skycell,0.014,0.096,56,162
0.5,Q05,skycell-rw,0.087,0.098,62,162
0.5,Q05,pgsphere,0.012,0.086,58,162
0.5,Q05,skycell-rw,0.054,0.103,71,159
0.5,Q05,pgsphere,0.013,0.066,56,159
0.5,Q05,skycell,0.026,0.1,73,159
0.5,Q05,pgsphere,0.012,0.1,75,256
0.5,Q05,skycell-rw,0.066,0.129,66,256
0.5,Q05,skycell,0.013,0.094,71,256
0.5,Q05,pgsphere,0.013,0.081,69,221
0.5,Q05,skycell,0.014,0.085,58,221
0.5,Q05,skycell-rw,0.048,0.104,60,221
0.5,Q05,skycell,0.045,0.081,66,188
0.5,Q05,skycell-rw,0.046,0.099,69,188
0.5,Q05,pgsphere,0.023,0.124,52,188
0.5,Q05,pgsphere,0.012,0.052,31,129
0.5,Q05,skycell,0.012,0.052,42,129
0.5,Q05,skycell-rw,0.042,0.073,47,129
0.5,Q05,pgsphere,0.012,0.079,68,201
0.5,Q05,skycell,0.013,0.075,56,201
0.5,Q05,skycell-rw,0.065,0.095,60,201
0.5,Q05,pgsphere,0.013,0.088,65,235
0.5,Q05,skycell,0.016,0.159,65,235
0.5,Q05,skycell-rw,0.042,0.117,80,235
0.5,Q05,skycell-rw,0.065,0.116,62,241
0.5,Q05,skycell,0.013,0.184,60,241
0.5,Q05,pgsphere,0.013,0.093,87,241
0.5,Q05,pgsphere,0.011,0.099,45,169
0.5,Q05,skycell-rw,0.048,0.081,58,169
0.5,Q05,skycell,0.012,0.092,54,169
0.5,Q05,pgsphere,0.012,0.096,81,301
0.5,Q05,skycell,0.013,0.102,76,301
0.5,Q05,skycell-rw,0.058,0.124,77,301
0.5,Q05,pgsphere,0.015,0.106,94,195
0.5,Q05,skycell-rw,0.058,0.142,62,195
0.5,Q05,skycell,0.012,0.077,55,195
0.5,Q05,pgsphere,0.016,0.073,48,132
0.5,Q05,skycell,0.011,0.062,52,132
0.5,Q05,skycell-rw,0.04,0.324,808,132
0.5,Q05,skycell-rw,0.052,0.218,88,215
0.5,Q05,skycell,0.022,0.093,74,215
0.5,Q05,pgsphere,0.036,0.105,74,215
0.5,Q05,pgsphere,0.012,0.041,29,91
0.5,Q05,skycell-rw,0.058,0.443,140,91
0.5,Q05,skycell,0.019,0.432,140,91
0.5,Q05,skycell-rw,0.045,0.075,63,132
0.5,Q05,skycell,0.012,0.06,53,132
0.5,Q05,pgsphere,0.014,0.062,36,132
0.5,Q05,skycell-rw,0.08,0.093,72,137
0.5,Q05,pgsphere,0.012,0.115,44,137
0.5,Q05,skycell,0.013,0.063,61,137
0.5,Q05,skycell,0.013,0.066,47,148
0.5,Q05,pgsphere,0.016,0.064,44,148
0.5,Q05,skycell-rw,0.025,0.332,872,148
0.5,Q05,pgsphere,0.012,0.133,128,299
0.5,Q05,skycell,0.026,0.125,73,299
0.5,Q05,skycell-rw,0.033,0.13,75,299
0.5,Q05,skycell-rw,0.043,0.098,64,202
0.5,Q05,skycell,0.026,0.099,57,202
0.5,Q05,pgsphere,0.012,0.075,64,202
0.5,Q05,skycell,0.024,0.079,54,107
0.5,Q05,pgsphere,0.012,0.058,42,107
0.5,Q05,skycell-rw,0.057,0.29,818,107
0.5,Q05,pgsphere,0.012,0.095,62,226
0.5,Q05,skycell-rw,0.056,0.111,63,226
0.5,Q05,skycell,0.013,0.072,55,226
0.5,Q05,skycell,0.029,0.075,43,224
0.5,Q05,pgsphere,0.013,0.069,47,224
0.5,Q05,skycell-rw,0.047,0.085,42,224
0.5,Q05,skycell,0.014,0.081,62,211
0.5,Q05,pgsphere,0.023,0.095,74,211
0.5,Q05,skycell-rw,0.053,0.105,65,211
0.5,Q05,skycell,0.013,0.08,46,210
0.5,Q05,skycell-rw,0.032,0.408,1118,210
0.5,Q05,pgsphere,0.016,0.097,73,210
0.5,Q06,skycell-rw,0.217,5.042,886,20399
0.5,Q06,skycell,0.046,4.42,886,20399
0.5,Q06,pgsphere,0.043,6.765,3978,20399
0.5,Q06,skycell-rw,0.126,7.827,1491,15873
0.5,Q06,pgsphere,0.096,4.533,2733,15873
0.5,Q06,skycell,0.115,4.789,986,15873
0.5,Q06,skycell,0.051,6.087,1103,27026
0.5,Q06,pgsphere,0.056,6.95,3943,27026
0.5,Q06,skycell-rw,0.214,6.067,1103,27026
0.5,Q06,skycell,0.055,6.763,1253,26954
0.5,Q06,pgsphere,0.052,8.012,4792,26954
0.5,Q06,skycell-rw,0.179,6.507,1253,26954
0.5,Q06,pgsphere,0.059,7.954,4681,26278
0.5,Q06,skycell-rw,0.232,6.478,1294,26278
0.5,Q06,skycell,0.052,6.46,1294,26278
0.5,Q06,pgsphere,0.05,5.166,3027,17788
0.5,Q06,skycell,0.054,4.245,836,17788
0.5,Q06,skycell-rw,0.191,4.066,836,17788
0.5,Q06,skycell,0.051,6.275,1221,26528
0.5,Q06,skycell-rw,0.173,6.02,1221,26528
0.5,Q06,pgsphere,0.051,7.393,4539,26528
0.5,Q06,pgsphere,0.054,9.416,6041,32666
0.5,Q06,skycell-rw,0.208,7.393,1411,32666
0.5,Q06,skycell,0.081,7.047,1411,32666
0.5,Q06,pgsphere,0.062,10.776,6996,33543
0.5,Q06,skycell-rw,0.21,8.202,1589,33543
0.5,Q06,skycell,0.061,8,1589,33543
0.5,Q06,skycell-rw,0.181,6.883,1374,30515
0.5,Q06,skycell,0.052,6.807,1374,30515
0.5,Q06,pgsphere,0.05,9.017,5601,30515
0.5,Q06,skycell,0.056,5.384,988,23278
0.5,Q06,pgsphere,0.05,6.445,3839,23278
0.5,Q06,skycell-rw,0.194,5.224,985,23278
0.5,Q06,skycell-rw,0.193,6.794,1260,30011
0.5,Q06,pgsphere,0.049,8.731,5289,30011
0.5,Q06,skycell,0.056,6.652,1260,30011
0.5,Q06,pgsphere,0.05,7.326,4425,25920
0.5,Q06,skycell,0.057,6.253,1222,25920
0.5,Q06,skycell-rw,0.208,5.972,1222,25920
0.5,Q06,skycell-rw,0.193,7.948,1460,35669
0.5,Q06,pgsphere,0.055,10.416,6817,35669
0.5,Q06,skycell,0.062,7.767,1460,35669
0.5,Q06,pgsphere,0.054,9.631,5945,31628
0.5,Q06,skycell-rw,0.199,7.337,1437,31628
0.5,Q06,skycell,0.058,7.256,1437,31628
0.5,Q06,skycell,0.053,6.478,1261,25242
0.5,Q06,skycell-rw,0.195,6.029,1261,25242
0.5,Q06,pgsphere,0.046,7.66,4767,25242
0.5,Q06,skycell,0.055,5.746,1095,25684
0.5,Q06,skycell-rw,0.206,5.413,1095,25684
0.5,Q06,pgsphere,0.049,6.578,3791,25684
0.5,Q06,pgsphere,0.053,4.808,2788,18970
0.5,Q06,skycell,0.054,3.99,788,18970
0.5,Q06,skycell-rw,0.169,3.978,788,18970
0.5,Q06,pgsphere,0.05,10.256,6607,33795
0.5,Q06,skycell-rw,0.182,7.786,1437,33795
0.5,Q06,skycell,0.059,7.565,1437,33795
0.5,Q06,skycell,0.054,7.014,1331,29729
0.5,Q06,pgsphere,0.053,8.147,4917,29729
0.5,Q06,skycell-rw,0.173,6.735,1331,29729
0.5,Q06,skycell,0.052,6.901,1345,29245
0.5,Q06,skycell-rw,0.18,6.581,1345,29245
0.5,Q06,pgsphere,0.052,8.937,5229,29245
0.5,Q06,skycell,0.053,6.846,1306,27659
0.5,Q06,skycell-rw,0.178,6.483,1306,27659
0.5,Q06,pgsphere,0.05,8.401,5259,27659
0.5,Q06,skycell,0.054,6.334,1152,27310
0.5,Q06,skycell-rw,0.183,6.139,1152,27310
0.5,Q06,pgsphere,0.049,6.979,4271,27310
0.5,Q06,skycell,0.053,6.592,1302,26834
0.5,Q06,skycell-rw,0.23,7.101,1302,26834
0.5,Q06,pgsphere,0.051,8.21,4771,26834
0.5,Q06,skycell-rw,0.291,6.729,1279,26128
0.5,Q06,skycell,0.058,6.186,1279,26128
0.5,Q06,pgsphere,0.052,7.473,4416,26128
0.5,Q06,pgsphere,0.054,7.015,4038,26286
0.5,Q06,skycell-rw,0.171,5.62,1007,26286
0.5,Q06,skycell,0.054,5.498,1007,26286
0.5,Q06,skycell-rw,0.186,6.769,1218,29257
0.5,Q06,skycell,0.053,6.443,1218,29257
0.5,Q06,pgsphere,0.048,8.61,5865,29257
0.5,Q06,skycell-rw,0.175,6.564,1261,26950
0.5,Q06,skycell,0.049,6.094,1261,26950
0.5,Q06,pgsphere,0.046,7.657,4668,26950
0.5,Q06,skycell-rw,0.171,4.236,805,20843
0.5,Q06,skycell,0.047,4.061,808,20843
0.5,Q06,pgsphere,0.041,5.328,3207,20843
0.5,Q06,skycell-rw,0.171,5.39,1007,24636
0.5,Q06,skycell,0.046,5.089,1007,24636
0.5,Q06,pgsphere,0.044,6.505,3860,24636
0.5,Q06,pgsphere,0.044,4.842,2788,18970
0.5,Q06,skycell-rw,0.171,4.025,788,18970
0.5,Q06,skycell,0.047,3.862,788,18970
0.5,Q06,pgsphere,0.053,8.478,5289,30011
0.5,Q06,skycell,0.048,6.451,1260,30011
0.5,Q06,skycell-rw,0.211,6.353,1260,30011
0.5,Q06,skycell,0.046,6.447,1302,26834
0.5,Q06,pgsphere,0.048,7.855,4771,26834
0.5,Q06,skycell-rw,0.205,6.24,1302,26834
0.5,Q06,skycell,0.048,7.445,1437,31628
0.5,Q06,pgsphere,0.052,13.67,5945,31628
0.5,Q06,skycell-rw,0.221,7.223,1437,31628
0.5,Q06,skycell,0.05,6.614,1253,26954
0.5,Q06,skycell-rw,0.197,6.147,1253,26954
0.5,Q06,pgsphere,0.047,7.668,4792,26954
0.5,Q06,pgsphere,0.047,6.901,4038,26286
0.5,Q06,skycell-rw,0.174,5.473,1007,26286
0.5,Q06,skycell,0.047,5.218,1007,26286
0.5,Q06,skycell-rw,0.2,5.498,1095,25684
0.5,Q06,skycell,0.047,5.343,1095,25684
0.5,Q06,pgsphere,0.044,6.5,3791,25684
0.5,Q06,skycell,0.055,6.437,1294,26278
0.5,Q06,pgsphere,0.048,7.534,4681,26278
0.5,Q06,skycell-rw,0.218,6.297,1294,26278
0.5,Q06,skycell-rw,0.164,5.346,1007,24636
0.5,Q06,pgsphere,0.043,6.513,3860,24636
0.5,Q06,skycell,0.05,5.166,1007,24636
0.5,Q06,pgsphere,0.044,4.432,2733,15873
0.5,Q06,skycell-rw,0.12,7.646,1491,15873
0.5,Q06,skycell,0.077,4.75,986,15873
0.5,Q06,skycell,0.044,4.103,808,20843
0.5,Q06,pgsphere,0.044,5.369,3207,20843
0.5,Q06,skycell-rw,0.163,4.022,805,20843
0.5,Q06,pgsphere,0.048,9.992,6607,33795
0.5,Q06,skycell-rw,0.169,7.631,1437,33795
0.5,Q06,skycell,0.05,7.506,1437,33795
0.5,Q06,skycell-rw,0.178,7.824,1460,35669
0.5,Q06,skycell,0.048,7.362,1460,35669
0.5,Q06,pgsphere,0.06,10.426,6817,35669
0.5,Q06,skycell-rw,0.212,7.469,1411,32666
0.5,Q06,pgsphere,0.049,9.443,6041,32666
0.5,Q06,skycell,0.063,7.143,1411,32666
0.5,Q06,skycell,0.052,6.181,1103,27026
0.5,Q06,skycell-rw,0.215,5.739,1103,27026
0.5,Q06,pgsphere,0.05,6.793,3943,27026
0.5,Q06,skycell,0.061,4.594,886,20399
0.5,Q06,skycell-rw,0.194,4.235,886,20399
0.5,Q06,pgsphere,0.045,5.93,3978,20399
0.5,Q06,skycell,0.05,6.743,1261,26950
0.5,Q06,skycell-rw,0.177,6.715,1261,26950
0.5,Q06,pgsphere,0.052,7.804,4668,26950
0.5,Q06,skycell-rw,0.213,6.409,1279,26128
0.5,Q06,pgsphere,0.045,7.222,4416,26128
0.5,Q06,skycell,0.052,6.086,1279,26128
0.5,Q06,pgsphere,0.045,6.203,3839,23278
0.5,Q06,skycell-rw,0.193,5.105,985,23278
0.5,Q06,skycell,0.047,5.112,988,23278
0.5,Q06,pgsphere,0.05,8.963,5601,30515
0.5,Q06,skycell-rw,0.165,6.699,1374,30515
0.5,Q06,skycell,0.049,6.723,1374,30515
0.5,Q06,skycell-rw,0.181,6.185,1221,26528
0.5,Q06,skycell,0.053,5.757,1221,26528
0.5,Q06,pgsphere,0.047,7.491,4539,26528
0.5,Q06,skycell-rw,0.191,4.285,836,17788
0.5,Q06,skycell,0.056,4.149,836,17788
0.5,Q06,pgsphere,0.043,5.329,3027,17788
0.5,Q06,pgsphere,0.051,7.663,4767,25242
0.5,Q06,skycell-rw,0.198,6.163,1261,25242
0.5,Q06,skycell,0.053,5.899,1261,25242
0.5,Q06,skycell-rw,0.16,6.756,1331,29729
0.5,Q06,pgsphere,0.05,7.946,4917,29729
0.5,Q06,skycell,0.057,6.567,1331,29729
0.5,Q06,pgsphere,0.05,8.927,5229,29245
0.5,Q06,skycell,0.052,6.751,1345,29245
0.5,Q06,skycell-rw,0.198,6.542,1345,29245
0.5,Q06,pgsphere,0.054,8.685,5259,27659
0.5,Q06,skycell-rw,0.181,6.767,1306,27659
0.5,Q06,skycell,0.048,6.363,1306,27659
0.5,Q06,pgsphere,0.05,8.866,4271,27310
0.5,Q06,skycell,0.063,7.253,1152,27310
0.5,Q06,skycell-rw,0.254,6.955,1152,27310
0.5,Q06,skycell,0.059,9.318,1589,33543
0.5,Q06,pgsphere,0.075,11.795,6996,33543
0.5,Q06,skycell-rw,0.254,8.661,1589,33543
0.5,Q06,skycell-rw,0.239,6.837,1222,25920
0.5,Q06,skycell,0.058,6.269,1222,25920
0.5,Q06,pgsphere,0.049,7.912,4425,25920
0.5,Q06,skycell,0.059,7.274,1218,29257
0.5,Q06,pgsphere,0.083,9.754,5865,29257
0.5,Q06,skycell-rw,0.2,7.267,1218,29257
0.5,Q06,skycell-rw,0.244,7.144,1302,26834
0.5,Q06,skycell,0.056,6.715,1302,26834
0.5,Q06,pgsphere,0.054,9.46,4771,26834
0.5,Q06,skycell,0.066,7.754,1374,30515
0.5,Q06,skycell-rw,0.181,7.231,1374,30515
0.5,Q06,pgsphere,0.055,9.9,5601,30515
0.5,Q06,skycell,0.083,5.685,988,23278
0.5,Q06,pgsphere,0.058,7.034,3839,23278
0.5,Q06,skycell-rw,0.217,5.255,985,23278
0.5,Q06,skycell-rw,0.191,7.306,1218,29257
0.5,Q06,pgsphere,0.053,9.776,5865,29257
0.5,Q06,skycell,0.061,7.253,1218,29257
0.5,Q06,pgsphere,0.059,11.665,6996,33543
0.5,Q06,skycell-rw,0.21,9.135,1589,33543
0.5,Q06,skycell,0.061,8.19,1589,33543
0.5,Q06,skycell-rw,0.205,7.166,1260,30011
0.5,Q06,skycell,0.053,7.123,1260,30011
0.5,Q06,pgsphere,0.059,9.5,5289,30011
0.5,Q06,pgsphere,0.058,10.313,6041,32666
0.5,Q06,skycell,0.066,7.721,1411,32666
0.5,Q06,skycell-rw,0.215,7.587,1411,32666
0.5,Q06,pgsphere,0.056,7.7,3860,24636
0.5,Q06,skycell,0.058,6.093,1007,24636
0.5,Q06,skycell-rw,0.243,5.463,1007,24636
0.5,Q06,skycell,0.053,4.635,886,20399
0.5,Q06,skycell-rw,0.206,5.062,886,20399
0.5,Q06,pgsphere,0.048,6.438,3978,20399
0.5,Q06,skycell,0.056,7.435,1253,26954
0.5,Q06,skycell-rw,0.236,6.763,1253,26954
0.5,Q06,pgsphere,0.062,8.603,4792,26954
0.5,Q06,skycell-rw,0.281,6.772,1279,26128
0.5,Q06,skycell,0.054,6.939,1279,26128
0.5,Q06,pgsphere,0.053,9.379,4416,26128
0.5,Q06,pgsphere,0.09,10.088,5945,31628
0.5,Q06,skycell-rw,0.207,8.478,1437,31628
0.5,Q06,skycell,0.053,6.957,1437,31628
0.5,Q06,skycell,0.046,4.15,808,20843
0.5,Q06,pgsphere,0.045,5.273,3207,20843
0.5,Q06,skycell-rw,0.162,4.141,805,20843
0.5,Q06,pgsphere,0.041,5.098,3027,17788
0.5,Q06,skycell,0.048,4.161,836,17788
0.5,Q06,skycell-rw,0.163,4.172,836,17788
0.5,Q06,skycell-rw,0.163,6.731,1331,29729
0.5,Q06,pgsphere,0.043,7.962,4917,29729
0.5,Q06,skycell,0.049,6.499,1331,29729
0.5,Q06,skycell-rw,0.2,5.728,1095,25684
0.5,Q06,skycell,0.049,5.448,1095,25684
0.5,Q06,pgsphere,0.045,6.574,3791,25684
0.5,Q06,skycell-rw,0.246,6.277,1261,25242
0.5,Q06,pgsphere,0.045,7.695,4767,25242
0.5,Q06,skycell,0.053,6.258,1261,25242
0.5,Q06,skycell,0.046,6.702,1294,26278
0.5,Q06,skycell-rw,0.219,7.648,1294,26278
0.5,Q06,pgsphere,0.065,8.6,4681,26278
0.5,Q06,skycell-rw,0.196,4.593,788,18970
0.5,Q06,skycell,0.051,4.006,788,18970
0.5,Q06,pgsphere,0.044,7.071,2788,18970
0.5,Q06,skycell-rw,0.206,6.963,1261,26950
0.5,Q06,pgsphere,0.058,8.681,4668,26950
0.5,Q06,skycell,0.07,7.282,1261,26950
0.5,Q06,pgsphere,0.059,8.461,4539,26528
0.5,Q06,skycell-rw,0.347,7.303,1221,26528
0.5,Q06,skycell,0.058,6.509,1221,26528
0.5,Q06,skycell,0.057,6.581,1222,25920
0.5,Q06,skycell-rw,0.282,6.524,1222,25920
0.5,Q06,pgsphere,0.061,8.281,4425,25920
0.5,Q06,skycell-rw,0.194,7.395,1152,27310
0.5,Q06,skycell,0.059,6.492,1152,27310
0.5,Q06,pgsphere,0.066,8.274,4271,27310
0.5,Q06,pgsphere,0.052,4.493,2733,15873
0.5,Q06,skycell,0.065,5.048,986,15873
0.5,Q06,skycell-rw,0.156,7.711,1491,15873
0.5,Q06,skycell,0.054,7.389,1345,29245
0.5,Q06,pgsphere,0.087,9.885,5229,29245
0.5,Q06,skycell-rw,0.204,6.759,1345,29245
0.5,Q06,skycell-rw,0.164,8.142,1437,33795
0.5,Q06,pgsphere,0.056,10.535,6607,33795
0.5,Q06,skycell,0.069,7.872,1437,33795
0.5,Q06,pgsphere,0.07,7.093,4038,26286
0.5,Q06,skycell,0.057,5.677,1007,26286
0.5,Q06,skycell-rw,0.174,5.443,1007,26286
0.5,Q06,skycell-rw,0.184,7.131,1306,27659
0.5,Q06,skycell,0.058,6.641,1306,27659
0.5,Q06,pgsphere,0.056,8.914,5259,27659
0.5,Q06,skycell,0.067,6.23,1103,27026
0.5,Q06,pgsphere,0.053,7.143,3943,27026
0.5,Q06,skycell-rw,0.267,6.173,1103,27026
0.5,Q06,skycell,0.08,8.074,1460,35669
0.5,Q06,pgsphere,0.06,10.881,6817,35669
0.5,Q06,skycell-rw,0.212,8.021,1460,35669
0.5,Q07,skycell,0.054,0.552,180,1304
0.5,Q07,skycell-rw,0.109,0.484,174,1304
0.5,Q07,pgsphere,0.038,0.615,476,1304
0.5,Q07,pgsphere,0.022,0.299,242,851
0.5,Q07,skycell-rw,0.081,0.861,223,851
0.5,Q07,skycell,0.125,1.055,223,851
0.5,Q07,skycell,0.063,0.625,197,1325
0.5,Q07,pgsphere,0.037,0.559,401,1325
0.5,Q07,skycell-rw,0.215,0.737,193,1325
0.5,Q07,skycell-rw,0.113,0.433,172,890
0.5,Q07,skycell,0.033,0.422,177,890
0.5,Q07,pgsphere,0.03,0.456,257,890
0.5,Q07,skycell-rw,0.129,0.629,193,1591
0.5,Q07,pgsphere,0.048,0.705,517,1591
0.5,Q07,skycell,0.043,0.61,198,1591
0.5,Q07,skycell,0.048,0.651,217,1477
0.5,Q07,skycell-rw,0.124,0.58,216,1477
0.5,Q07,pgsphere,0.06,1.83,603,1477
0.5,Q07,skycell,0.045,0.552,169,1155
0.5,Q07,skycell-rw,0.121,0.659,171,1155
0.5,Q07,pgsphere,0.049,0.616,380,1155
0.5,Q07,skycell-rw,0.116,0.486,152,1026
0.5,Q07,skycell,0.037,0.632,156,1026
0.5,Q07,pgsphere,0.043,0.476,278,1026
0.5,Q07,skycell-rw,0.152,0.726,181,1412
0.5,Q07,pgsphere,0.074,0.763,427,1412
0.5,Q07,skycell,0.074,0.89,182,1412
0.5,Q07,skycell,0.045,0.414,144,1201
0.5,Q07,skycell-rw,0.116,0.422,133,1201
0.5,Q07,pgsphere,0.04,0.485,348,1201
0.5,Q07,skycell,0.07,0.818,213,930
0.5,Q07,pgsphere,0.03,0.597,418,930
0.5,Q07,skycell-rw,0.128,0.533,216,930
0.5,Q07,skycell-rw,0.391,0.875,178,1257
0.5,Q07,pgsphere,0.038,0.559,378,1257
0.5,Q07,skycell,0.044,1.719,181,1257
0.5,Q07,skycell,0.038,0.305,139,828
0.5,Q07,skycell-rw,0.116,0.314,139,828
0.5,Q07,pgsphere,0.03,0.408,218,828
0.5,Q07,skycell-rw,0.097,0.486,150,1049
0.5,Q07,pgsphere,0.029,0.591,334,1049
0.5,Q07,skycell,0.041,0.4,153,1049
0.5,Q07,pgsphere,0.031,0.485,311,1125
0.5,Q07,skycell-rw,0.128,0.468,173,1125
0.5,Q07,skycell,0.032,0.457,174,1125
0.5,Q07,pgsphere,0.04,0.495,303,890
0.5,Q07,skycell,0.025,0.341,149,890
0.5,Q07,skycell-rw,0.152,0.538,135,890
0.5,Q07,skycell,0.046,0.413,185,970
0.5,Q07,skycell-rw,0.154,0.439,184,970
0.5,Q07,pgsphere,0.026,0.568,373,970
0.5,Q07,skycell,0.036,0.544,205,1455
0.5,Q07,skycell-rw,0.156,0.69,191,1455
0.5,Q07,pgsphere,0.037,0.606,432,1455
0.5,Q07,pgsphere,0.039,0.481,338,1148
0.5,Q07,skycell,0.027,0.43,190,1148
0.5,Q07,skycell-rw,0.133,0.497,181,1148
0.5,Q07,pgsphere,0.037,0.702,400,1194
0.5,Q07,skycell,0.039,0.435,196,1194
0.5,Q07,skycell-rw,0.146,0.574,186,1194
0.5,Q07,pgsphere,0.058,0.604,343,1020
0.5,Q07,skycell-rw,0.152,0.631,194,1020
0.5,Q07,skycell,0.041,0.449,194,1020
0.5,Q07,skycell-rw,0.14,0.761,188,1359
0.5,Q07,skycell,0.031,0.541,198,1359
0.5,Q07,pgsphere,0.037,0.694,445,1359
0.5,Q07,skycell,0.041,0.425,192,1207
0.5,Q07,pgsphere,0.056,0.517,301,1207
0.5,Q07,skycell-rw,0.124,0.5,174,1207
0.5,Q07,pgsphere,0.034,0.564,394,1447
0.5,Q07,skycell-rw,0.202,0.585,194,1447
0.5,Q07,skycell,0.04,0.482,197,1447
0.5,Q07,skycell,0.033,0.382,177,1126
0.5,Q07,skycell-rw,0.109,0.466,176,1126
0.5,Q07,pgsphere,0.031,0.466,302,1126
0.5,Q07,skycell-rw,0.138,0.803,225,1840
0.5,Q07,skycell,0.035,0.655,240,1840
0.5,Q07,pgsphere,0.04,0.844,700,1840
0.5,Q07,skycell,0.061,0.385,178,814
0.5,Q07,pgsphere,0.022,0.513,318,814
0.5,Q07,skycell-rw,0.134,0.432,178,814
0.5,Q07,pgsphere,0.034,0.478,329,1002
0.5,Q07,skycell,0.036,0.408,170,1002
0.5,Q07,skycell-rw,0.13,0.436,174,1002
0.5,Q07,skycell,0.034,0.632,232,1567
0.5,Q07,pgsphere,0.036,0.761,473,1567
0.5,Q07,skycell-rw,0.136,0.781,229,1567
0.5,Q07,pgsphere,0.038,0.429,278,1190
0.5,Q07,skycell,0.033,0.35,160,1190
0.5,Q07,skycell-rw,0.106,0.47,172,1190
0.5,Q07,skycell-rw,0.153,0.479,184,970
0.5,Q07,skycell,0.039,0.495,185,970
0.5,Q07,pgsphere,0.044,0.544,373,970
0.5,Q07,skycell,0.029,0.52,178,814
0.5,Q07,skycell-rw,0.155,0.543,178,814
0.5,Q07,pgsphere,0.035,0.437,318,814
0.5,Q07,skycell-rw,0.085,0.427,135,890
0.5,Q07,skycell,0.034,0.314,149,890
0.5,Q07,pgsphere,0.1,0.463,303,890
0.5,Q07,pgsphere,0.064,0.479,338,1148
0.5,Q07,skycell-rw,0.132,0.5,181,1148
0.5,Q07,skycell,0.04,0.409,190,1148
0.5,Q07,skycell,0.041,0.786,223,851
0.5,Q07,pgsphere,0.026,0.476,242,851
0.5,Q07,skycell-rw,0.094,0.849,223,851
0.5,Q07,skycell-rw,0.153,0.609,178,1257
0.5,Q07,pgsphere,0.029,0.556,378,1257
0.5,Q07,skycell,0.037,0.466,181,1257
0.5,Q07,skycell-rw,0.174,0.537,194,1020
0.5,Q07,skycell,0.027,0.439,194,1020
0.5,Q07,pgsphere,0.054,0.511,343,1020
0.5,Q07,skycell,0.032,0.433,192,1207
0.5,Q07,skycell-rw,0.114,0.516,174,1207
0.5,Q07,pgsphere,0.035,0.504,301,1207
0.5,Q07,skycell,0.034,0.462,196,1194
0.5,Q07,pgsphere,0.032,0.617,400,1194
0.5,Q07,skycell-rw,0.129,0.498,186,1194
0.5,Q07,pgsphere,0.038,0.44,257,890
0.5,Q07,skycell-rw,0.111,0.386,172,890
0.5,Q07,skycell,0.025,0.384,177,890
0.5,Q07,skycell,0.038,0.553,198,1591
0.5,Q07,skycell-rw,0.161,0.554,193,1591
0.5,Q07,pgsphere,0.054,0.721,517,1591
0.5,Q07,skycell-rw,0.149,0.333,139,828
0.5,Q07,pgsphere,0.032,0.366,218,828
0.5,Q07,skycell,0.022,0.278,139,828
0.5,Q07,pgsphere,0.032,0.558,334,1049
0.5,Q07,skycell,0.03,0.431,153,1049
0.5,Q07,skycell-rw,0.094,0.47,150,1049
0.5,Q07,pgsphere,0.045,0.456,278,1190
0.5,Q07,skycell-rw,0.122,0.502,172,1190
0.5,Q07,skycell,0.046,0.412,160,1190
0.5,Q07,skycell,0.048,0.55,197,1447
0.5,Q07,pgsphere,0.034,0.974,394,1447
0.5,Q07,skycell-rw,0.119,0.681,194,1447
0.5,Q07,skycell,0.057,0.658,217,1477
0.5,Q07,skycell-rw,0.13,0.645,216,1477
0.5,Q07,pgsphere,0.042,0.719,603,1477
0.5,Q07,pgsphere,0.036,0.473,278,1026
0.5,Q07,skycell,0.033,0.376,156,1026
0.5,Q07,skycell-rw,0.149,0.497,152,1026
0.5,Q07,skycell,0.049,0.657,240,1840
0.5,Q07,skycell-rw,0.156,0.774,225,1840
0.5,Q07,pgsphere,0.04,0.888,700,1840
0.5,Q07,skycell-rw,0.146,0.585,181,1412
0.5,Q07,pgsphere,0.042,0.607,427,1412
0.5,Q07,skycell,0.029,0.517,182,1412
0.5,Q07,pgsphere,0.035,0.547,380,1155
0.5,Q07,skycell,0.025,0.432,169,1155
0.5,Q07,skycell-rw,0.154,0.485,171,1155
0.5,Q07,skycell,0.026,0.664,180,1304
0.5,Q07,skycell-rw,0.124,0.562,174,1304
0.5,Q07,pgsphere,0.037,0.664,476,1304
0.5,Q07,skycell,0.039,0.688,232,1567
0.5,Q07,skycell-rw,0.119,0.714,229,1567
0.5,Q07,pgsphere,0.051,0.735,473,1567
0.5,Q07,pgsphere,0.05,0.665,418,930
0.5,Q07,skycell,0.038,0.439,213,930
0.5,Q07,skycell-rw,0.127,0.555,216,930
0.5,Q07,skycell,0.077,0.54,205,1455
0.5,Q07,pgsphere,0.06,0.612,432,1455
0.5,Q07,skycell-rw,0.285,0.688,191,1455
0.5,Q07,skycell,0.046,0.77,198,1359
0.5,Q07,pgsphere,0.044,0.662,445,1359
0.5,Q07,skycell-rw,0.15,0.581,188,1359
0.5,Q07,skycell,0.046,0.423,174,1125
0.5,Q07,pgsphere,0.024,0.58,311,1125
0.5,Q07,skycell-rw,0.142,0.552,173,1125
0.5,Q07,skycell-rw,0.128,0.556,174,1002
0.5,Q07,skycell,0.035,0.444,170,1002
0.5,Q07,pgsphere,0.023,0.501,329,1002
0.5,Q07,pgsphere,0.029,0.509,348,1201
0.5,Q07,skycell-rw,0.203,0.503,133,1201
0.5,Q07,skycell,0.029,0.39,144,1201
0.5,Q07,pgsphere,0.032,0.469,302,1126
0.5,Q07,skycell,0.11,0.501,177,1126
0.5,Q07,skycell-rw,0.124,0.406,176,1126
0.5,Q07,skycell,0.03,0.527,197,1325
0.5,Q07,skycell-rw,0.153,0.664,193,1325
0.5,Q07,pgsphere,0.052,0.691,401,1325
0.5,Q07,skycell,0.04,0.377,174,1125
0.5,Q07,pgsphere,0.023,0.484,311,1125
0.5,Q07,skycell-rw,0.123,0.442,173,1125
0.5,Q07,skycell-rw,0.11,0.519,174,1304
0.5,Q07,skycell,0.053,0.494,180,1304
0.5,Q07,pgsphere,0.05,0.699,476,1304
0.5,Q07,pgsphere,0.052,0.781,603,1477
0.5,Q07,skycell-rw,0.22,0.822,216,1477
0.5,Q07,skycell,0.304,0.619,217,1477
0.5,Q07,skycell,0.037,0.576,213,930
0.5,Q07,skycell-rw,0.14,0.551,216,930
0.5,Q07,pgsphere,0.039,0.561,418,930
0.5,Q07,skycell-rw,0.133,0.472,178,814
0.5,Q07,pgsphere,0.036,0.457,318,814
0.5,Q07,skycell,0.036,0.358,178,814
0.5,Q07,skycell-rw,0.194,0.56,181,1148
0.5,Q07,pgsphere,0.025,0.497,338,1148
0.5,Q07,skycell,0.035,0.404,190,1148
0.5,Q07,skycell-rw,0.108,0.442,172,890
0.5,Q07,skycell,0.031,0.329,177,890
0.5,Q07,pgsphere,0.029,0.427,257,890
0.5,Q07,pgsphere,0.027,0.673,427,1412
0.5,Q07,skycell-rw,0.221,0.583,181,1412
0.5,Q07,skycell,0.074,0.503,182,1412
0.5,Q07,pgsphere,0.059,0.686,473,1567
0.5,Q07,skycell,0.042,0.624,232,1567
0.5,Q07,skycell-rw,0.12,0.778,229,1567
0.5,Q07,skycell-rw,0.116,0.538,171,1155
0.5,Q07,skycell,0.03,0.471,169,1155
0.5,Q07,pgsphere,0.033,0.56,380,1155
0.5,Q07,pgsphere,0.024,0.627,301,1207
0.5,Q07,skycell,0.041,0.463,192,1207
0.5,Q07,skycell-rw,0.112,0.512,174,1207
0.5,Q07,pgsphere,0.033,0.637,401,1325
0.5,Q07,skycell,0.034,0.433,197,1325
0.5,Q07,skycell-rw,0.117,0.575,193,1325
0.5,Q07,skycell,0.028,0.589,197,1447
0.5,Q07,pgsphere,0.042,0.613,394,1447
0.5,Q07,skycell-rw,0.13,0.542,194,1447
0.5,Q07,skycell-rw,0.099,0.47,150,1049
0.5,Q07,pgsphere,0.055,0.564,334,1049
0.5,Q07,skycell,0.031,0.39,153,1049
0.5,Q07,skycell,0.024,0.406,185,970
0.5,Q07,pgsphere,0.033,0.499,373,970
0.5,Q07,skycell-rw,0.137,0.444,184,970
0.5,Q07,skycell,0.034,0.361,160,1190
0.5,Q07,skycell-rw,0.131,0.523,172,1190
0.5,Q07,pgsphere,0.034,0.42,278,1190
0.5,Q07,skycell-rw,0.124,0.637,193,1591
0.5,Q07,pgsphere,0.039,0.725,517,1591
0.5,Q07,skycell,0.044,0.54,198,1591
0.5,Q07,pgsphere,0.053,0.525,329,1002
0.5,Q07,skycell,0.046,0.395,170,1002
0.5,Q07,skycell-rw,0.112,0.448,174,1002
0.5,Q07,pgsphere,0.034,0.655,445,1359
0.5,Q07,skycell-rw,0.141,0.566,188,1359
0.5,Q07,skycell,0.057,0.511,198,1359
0.5,Q07,pgsphere,0.03,0.668,432,1455
0.5,Q07,skycell-rw,0.132,0.606,191,1455
0.5,Q07,skycell,0.037,0.575,205,1455
0.5,Q07,skycell,0.04,0.508,156,1026
0.5,Q07,skycell-rw,0.105,0.474,152,1026
0.5,Q07,pgsphere,0.033,0.435,278,1026
0.5,Q07,skycell-rw,0.084,0.397,135,890
0.5,Q07,pgsphere,0.032,0.433,303,890
0.5,Q07,skycell,0.041,0.312,149,890
0.5,Q07,pgsphere,0.03,0.584,400,1194
0.5,Q07,skycell-rw,0.211,0.675,186,1194
0.5,Q07,skycell,0.038,0.402,196,1194
0.5,Q07,pgsphere,0.059,0.538,378,1257
0.5,Q07,skycell,0.038,0.474,181,1257
0.5,Q07,skycell-rw,0.166,0.493,178,1257
0.5,Q07,pgsphere,0.025,0.571,302,1126
0.5,Q07,skycell-rw,0.111,0.445,176,1126
0.5,Q07,skycell,0.046,0.382,177,1126
0.5,Q07,pgsphere,0.055,0.861,700,1840
0.5,Q07,skycell,0.048,0.645,240,1840
0.5,Q07,skycell-rw,0.201,0.883,225,1840
0.5,Q07,skycell,0.042,0.314,139,828
0.5,Q07,skycell-rw,0.108,0.329,139,828
0.5,Q07,pgsphere,0.033,0.371,218,828
0.5,Q07,pgsphere,0.026,0.307,242,851
0.5,Q07,skycell,0.043,0.808,223,851
0.5,Q07,skycell-rw,0.079,0.791,223,851
0.5,Q07,pgsphere,0.032,0.512,343,1020
0.5,Q07,skycell,0.033,0.441,194,1020
0.5,Q07,skycell-rw,0.147,0.568,194,1020
0.5,Q07,skycell-rw,0.099,0.45,133,1201
0.5,Q07,skycell,0.042,0.375,144,1201
0.5,Q07,pgsphere,0.034,0.502,348,1201
0.5,Q12,skycell,0.013,0.007,6,1
0.5,Q12,pgsphere,0.012,0.017,6,1
0.5,Q12,skycell-rw,0.021,0.007,6,1
0.5,Q12,pgsphere,0.011,0.016,4,1
0.5,Q12,skycell,0.011,0.007,6,1
0.5,Q12,skycell-rw,0.02,0.006,6,1
0.5,Q12,skycell,0.011,0.006,6,1
0.5,Q12,pgsphere,0.013,0.02,6,1
0.5,Q12,skycell-rw,0.02,0.006,6,1
0.5,Q12,pgsphere,0.016,0.017,4,1
0.5,Q12,skycell-rw,0.021,0.007,6,1
0.5,Q12,skycell,0.012,0.007,6,1
0.5,Q12,skycell-rw,0.02,0.007,6,1
0.5,Q12,pgsphere,0.011,0.023,8,1
0.5,Q12,skycell,0.011,0.006,6,1
0.5,Q12,pgsphere,0.011,0.009,4,1
0.5,Q12,skycell-rw,0.02,0.006,6,1
0.5,Q12,skycell,0.011,0.005,6,1
0.5,Q12,skycell,0.01,0.006,6,1
0.5,Q12,skycell-rw,0.02,0.006,6,1
0.5,Q12,pgsphere,0.013,0.013,4,1
0.5,Q12,pgsphere,0.011,0.012,4,1
0.5,Q12,skycell,0.011,0.007,9,1
0.5,Q12,skycell-rw,0.031,0.012,8,1
0.5,Q12,skycell,0.013,0.007,6,1
0.5,Q12,pgsphere,0.013,0.015,6,1
0.5,Q12,skycell-rw,0.02,0.006,6,1
0.5,Q12,skycell,0.011,0.006,6,1
0.5,Q12,skycell-rw,0.072,0.011,6,1
0.5,Q12,pgsphere,0.011,0.012,4,1
0.5,Q12,skycell-rw,0.02,0.007,6,1
0.5,Q12,pgsphere,0.013,0.018,6,1
0.5,Q12,skycell,0.011,0.006,6,1
0.5,Q12,skycell-rw,0.032,0.012,8,1
0.5,Q12,pgsphere,0.013,0.014,4,1
0.5,Q12,skycell,0.011,0.008,9,1
0.5,Q12,skycell,0.01,0.034,6,1
0.5,Q12,skycell-rw,0.02,0.006,6,1
0.5,Q12,pgsphere,0.011,0.018,6,1
0.5,Q12,skycell,0.011,0.006,6,1
0.5,Q12,pgsphere,0.01,0.012,5,1
0.5,Q12,skycell-rw,0.026,0.009,6,1
0.5,Q12,skycell-rw,0.02,0.006,6,1
0.5,Q12,skycell,0.01,0.006,6,1
0.5,Q12,pgsphere,0.01,0.01,4,1
0.5,Q12,pgsphere,0.012,0.012,4,1
0.5,Q12,skycell,0.047,0.018,6,1
0.5,Q12,skycell-rw,0.02,0.006,6,1
0.5,Q12,pgsphere,0.011,0.021,7,1
0.5,Q12,skycell,0.011,0.006,6,1
0.5,Q12,skycell-rw,0.019,0.006,6,1
0.5,Q12,skycell-rw,0.021,0.007,6,1
0.5,Q12,pgsphere,0.011,0.011,4,1
0.5,Q12,skycell,0.011,0.006,6,1
0.5,Q12,skycell,0.015,0.01,6,1
0.5,Q12,pgsphere,0.026,0.019,4,1
0.5,Q12,skycell-rw,0.021,0.007,6,1
0.5,Q12,pgsphere,0.011,0.035,4,1
0.5,Q12,skycell-rw,0.019,0.006,6,1
0.5,Q12,skycell,0.011,0.006,6,1
0.5,Q12,skycell,0.011,0.006,6,1
0.5,Q12,skycell-rw,0.033,0.01,6,1
0.5,Q12,pgsphere,0.014,0.013,4,1
0.5,Q12,skycell-rw,0.02,0.007,6,1
0.5,Q12,pgsphere,0.012,0.014,4,1
0.5,Q12,skycell,0.011,0.006,6,1
0.5,Q12,pgsphere,0.015,0.021,6,1
0.5,Q12,skycell,0.012,0.008,6,1
0.5,Q12,skycell-rw,0.021,0.006,6,1
0.5,Q12,skycell-rw,0.02,0.006,6,1
0.5,Q12,skycell,0.014,0.008,6,1
0.5,Q12,pgsphere,0.014,0.014,4,1
0.5,Q12,skycell,0.011,0.007,6,1
0.5,Q12,skycell-rw,0.021,0.007,6,1
0.5,Q12,pgsphere,0.011,0.019,7,1
0.5,Q12,pgsphere,0.027,0.017,4,1
0.5,Q12,skycell-rw,0.021,0.008,6,1
0.5,Q12,skycell,0.012,0.007,6,1
0.5,Q12,pgsphere,0.011,0.097,6,1
0.5,Q12,skycell-rw,0.033,0.013,8,1
0.5,Q12,skycell,0.01,0.006,9,1
0.5,Q12,skycell,0.01,0.006,6,1
0.5,Q12,pgsphere,0.013,0.022,6,1
0.5,Q12,skycell-rw,0.02,0.007,6,1
0.5,Q12,pgsphere,0.011,0.012,4,1
0.5,Q12,skycell-rw,0.02,0.007,6,1
0.5,Q12,skycell,0.01,0.006,6,1
0.5,Q12,skycell-rw,0.03,0.013,8,1
0.5,Q12,pgsphere,0.011,0.015,4,1
0.5,Q12,skycell,0.011,0.007,9,1
0.5,Q12,skycell-rw,0.026,0.008,6,1
0.5,Q12,pgsphere,0.011,0.009,4,1
0.5,Q12,skycell,0.011,0.005,6,1
0.5,Q12,pgsphere,0.011,0.011,4,1
0.5,Q12,skycell,0.01,0.006,6,1
0.5,Q12,skycell-rw,0.092,0.018,6,1
0.5,Q12,pgsphere,0.011,0.02,7,1
0.5,Q12,skycell,0.01,0.006,6,1
0.5,Q12,skycell-rw,0.02,0.006,6,1
0.5,Q12,skycell-rw,0.019,0.006,6,1
0.5,Q12,pgsphere,0.011,0.012,4,1
0.5,Q12,skycell,0.011,0.006,6,1
0.5,Q12,pgsphere,0.011,0.01,4,1
0.5,Q12,skycell-rw,0.019,0.007,6,1
0.5,Q12,skycell,0.011,0.006,6,1
0.5,Q12,skycell,0.012,0.006,6,1
0.5,Q12,skycell-rw,0.021,0.007,6,1
0.5,Q12,pgsphere,0.011,0.012,4,1
0.5,Q12,skycell-rw,0.031,0.008,6,1
0.5,Q12,skycell,0.012,0.006,6,1
0.5,Q12,pgsphere,0.056,0.031,6,1
0.5,Q12,skycell-rw,0.021,0.008,6,1
0.5,Q12,pgsphere,0.063,0.02,5,1
0.5,Q12,skycell,0.011,0.007,6,1
0.5,Q12,skycell,0.011,0.007,6,1
0.5,Q12,pgsphere,0.012,0.013,4,1
0.5,Q12,skycell-rw,0.03,0.01,6,1
0.5,Q12,skycell-rw,0.02,0.007,6,1
0.5,Q12,skycell,0.011,0.006,6,1
0.5,Q12,pgsphere,0.026,0.026,6,1
0.5,Q12,pgsphere,0.012,0.013,4,1
0.5,Q12,skycell-rw,0.022,0.008,6,1
0.5,Q12,skycell,0.021,0.01,6,1
0.5,Q12,skycell,0.013,0.007,6,1
0.5,Q12,pgsphere,0.011,0.015,4,1
0.5,Q12,skycell-rw,0.02,0.008,6,1
0.5,Q12,skycell,0.01,0.006,6,1
0.5,Q12,skycell-rw,0.019,0.006,6,1
0.5,Q12,pgsphere,0.014,0.02,6,1
0.5,Q12,pgsphere,0.011,0.021,8,1
0.5,Q12,skycell-rw,0.019,0.007,6,1
0.5,Q12,skycell,0.01,0.006,6,1
0.5,Q12,skycell,0.014,0.008,6,1
0.5,Q12,skycell-rw,0.021,0.006,6,1
0.5,Q12,pgsphere,0.013,0.017,6,1
0.5,Q12,skycell,0.01,0.006,6,1
0.5,Q12,skycell-rw,0.019,0.007,6,1
0.5,Q12,pgsphere,0.011,0.017,6,1
0.5,Q12,pgsphere,0.011,0.012,4,1
0.5,Q12,skycell,0.014,0.008,6,1
0.5,Q12,skycell-rw,0.02,0.006,6,1
0.5,Q12,skycell,0.011,0.006,6,1
0.5,Q12,pgsphere,0.012,0.015,6,1
0.5,Q12,skycell-rw,0.02,0.006,6,1
0.5,Q12,skycell,0.011,0.006,6,1
0.5,Q12,pgsphere,0.027,0.016,4,1
0.5,Q12,skycell-rw,0.029,0.011,6,1
0.5,Q12,skycell-rw,0.02,0.006,6,1
0.5,Q12,pgsphere,0.011,0.012,4,1
0.5,Q12,skycell,0.014,0.008,6,1
0.5,Q12,skycell,0.011,0.006,9,1
0.5,Q12,pgsphere,0.023,0.017,4,1
0.5,Q12,skycell-rw,0.031,0.013,8,1
0.5,Q12,pgsphere,0.012,0.014,4,1
0.5,Q12,skycell,0.012,0.008,9,1
0.5,Q12,skycell-rw,0.03,0.011,8,1
0.5,Q12,skycell,0.012,0.007,6,1
0.5,Q12,skycell-rw,0.02,0.006,6,1
0.5,Q12,pgsphere,0.012,0.015,4,1
0.5,Q12,skycell,0.011,0.006,6,1
0.5,Q12,pgsphere,0.038,0.014,4,1
0.5,Q12,skycell-rw,0.021,0.006,6,1
0.5,Q12,pgsphere,0.011,0.021,7,1
0.5,Q12,skycell-rw,0.022,0.007,6,1
0.5,Q12,skycell,0.01,0.005,6,1
0.5,Q12,skycell,0.011,0.006,6,1
0.5,Q12,pgsphere,0.011,0.02,6,1
0.5,Q12,skycell-rw,0.019,0.007,6,1
0.5,Q12,skycell-rw,0.029,0.011,8,1
0.5,Q12,pgsphere,0.012,0.019,6,1
0.5,Q12,skycell,0.011,0.006,9,1
0.5,Q12,skycell-rw,0.029,0.011,8,1
0.5,Q12,skycell,0.01,0.007,9,1
0.5,Q12,pgsphere,0.013,0.012,4,1
0.5,Q12,pgsphere,0.011,0.012,4,1
0.5,Q12,skycell,0.011,0.006,6,1
0.5,Q12,skycell-rw,0.02,0.006,6,1
0.5,Q12,skycell,0.011,0.006,6,1
0.5,Q12,pgsphere,0.012,0.014,4,1
0.5,Q12,skycell-rw,0.019,0.006,6,1
0.5,Q12,skycell-rw,0.019,0.006,6,1
0.5,Q12,skycell,0.01,0.005,6,1
0.5,Q12,pgsphere,0.011,0.012,4,1
0.5,Q12,pgsphere,0.011,0.02,7,1
0.5,Q12,skycell,0.011,0.006,6,1
0.5,Q12,skycell-rw,0.021,0.007,6,1
0.5,Q12,skycell,0.012,0.007,6,1
0.5,Q12,skycell-rw,0.021,0.007,6,1
0.5,Q12,pgsphere,0.011,0.012,4,1
0.5,Q12,skycell,0.012,0.006,6,1
0.5,Q12,pgsphere,0.015,0.083,6,1
0.5,Q12,skycell-rw,0.022,0.007,6,1
0.5,Q12,skycell,0.011,0.007,6,1
0.5,Q12,pgsphere,0.01,0.014,4,1
0.5,Q12,skycell-rw,0.019,0.007,6,1
0.5,Q12,skycell-rw,0.022,0.008,6,1
0.5,Q12,pgsphere,0.011,0.015,4,1
0.5,Q12,skycell,0.011,0.007,6,1
0.5,Q12,skycell,0.01,0.007,9,1
0.5,Q12,skycell-rw,0.037,0.014,8,1
0.5,Q12,pgsphere,0.011,0.011,4,1
0.5,Q12,skycell,0.012,0.007,6,1
0.5,Q12,skycell-rw,0.019,0.006,6,1
0.5,Q12,pgsphere,0.039,0.023,6,1
0.5,Q12,skycell,0.011,0.006,9,1
0.5,Q12,pgsphere,0.011,0.018,6,1
0.5,Q12,skycell-rw,0.03,0.011,8,1
0.5,Q12,skycell,0.011,0.007,6,1
0.5,Q12,skycell-rw,0.02,0.007,6,1
0.5,Q12,pgsphere,0.011,0.012,4,1
0.5,Q12,skycell,0.042,0.015,6,1
0.5,Q12,skycell-rw,0.032,0.009,6,1
0.5,Q12,pgsphere,0.011,0.012,4,1
0.5,Q12,skycell-rw,0.02,0.007,6,1
0.5,Q12,pgsphere,0.012,0.017,6,1
0.5,Q12,skycell,0.011,0.006,6,1
0.5,Q12,pgsphere,0.011,0.011,4,1
0.5,Q12,skycell,0.012,0.008,6,1
0.5,Q12,skycell-rw,0.023,0.008,6,1
0.5,Q12,skycell-rw,0.02,0.007,6,1
0.5,Q12,pgsphere,0.011,0.012,4,1
0.5,Q12,skycell,0.024,0.012,6,1
0.5,Q12,pgsphere,0.014,0.021,6,1
0.5,Q12,skycell-rw,0.02,0.006,6,1
0.5,Q12,skycell,0.01,0.006,6,1
0.5,Q12,skycell,0.016,0.008,6,1
0.5,Q12,pgsphere,0.013,0.012,4,1
0.5,Q12,skycell-rw,0.02,0.007,6,1
0.5,Q12,skycell,0.011,0.006,6,1
0.5,Q12,skycell-rw,0.023,0.007,6,1
0.5,Q12,pgsphere,0.011,0.01,4,1
0.5,Q12,skycell,0.011,0.006,6,1
0.5,Q12,skycell-rw,0.019,0.006,6,1
0.5,Q12,pgsphere,0.012,0.013,5,1
0.5,Q12,pgsphere,0.01,0.013,4,1
0.5,Q12,skycell,0.011,0.007,9,1
0.5,Q12,skycell-rw,0.03,0.011,8,1
0.5,Q12,pgsphere,0.011,0.012,4,1
0.5,Q12,skycell-rw,0.02,0.007,6,1
0.5,Q12,skycell,0.011,0.006,6,1
0.5,Q12,skycell,0.01,0.006,6,1
0.5,Q12,pgsphere,0.016,0.064,7,1
0.5,Q12,skycell-rw,0.02,0.007,6,1
0.5,Q12,skycell,0.01,0.006,6,1
0.5,Q12,pgsphere,0.011,0.012,4,1
0.5,Q12,skycell-rw,0.019,0.006,6,1
0.5,Q12,skycell,0.014,0.007,6,1
0.5,Q12,skycell-rw,0.019,0.006,6,1
0.5,Q12,pgsphere,0.011,0.02,6,1
0.5,Q12,skycell,0.011,0.008,9,1
0.5,Q12,skycell-rw,0.03,0.011,8,1
0.5,Q12,pgsphere,0.012,0.013,4,1
0.5,Q12,skycell,0.011,0.006,6,1
0.5,Q12,pgsphere,0.01,0.022,8,1
0.5,Q12,skycell-rw,0.02,0.007,6,1
0.5,Q12,pgsphere,0.011,0.018,6,1
0.5,Q12,skycell-rw,0.02,0.007,6,1
0.5,Q12,skycell,0.01,0.006,6,1
0.5,Q12,skycell-rw,0.019,0.006,6,1
0.5,Q12,skycell,0.01,0.005,6,1
0.5,Q12,pgsphere,0.012,0.019,6,1
0.5,Q12,pgsphere,0.01,0.009,4,1
0.5,Q12,skycell,0.016,0.01,6,1
0.5,Q12,skycell-rw,0.021,0.007,6,1
0.5,Q12,pgsphere,0.012,0.014,4,1
0.5,Q12,skycell,0.012,0.007,6,1
0.5,Q12,skycell-rw,0.02,0.006,6,1
0.5,Q12,pgsphere,0.011,0.014,4,1
0.5,Q12,skycell,0.011,0.007,6,1
0.5,Q12,skycell-rw,0.027,0.009,6,1
