corpus,qid,label,method,est,act,buffers,plan_ms,exec_ms
gaia50,507,"10""",skycell,1,0,4,0.549,0.148
gaia50,507,"10""",q3c,1,0,400,4.05,0.798
gaia50,507,"10""",pgsphere,1,0,28,2.113,0.108
gaia50,507,"10""",skycell-rw,1,0,4,0.089,0.02
gaia50,311,"1""",skycell,1,0,4,0.042,0.051
gaia50,311,"1""",pgsphere,1,0,4,0.023,0.049
gaia50,311,"1""",q3c,1,0,400,2.793,0.814
gaia50,311,"1""",skycell-rw,1,0,4,0.068,0.026
gaia50,630,"10""",q3c,1,1,401,2.731,0.675
gaia50,630,"10""",pgsphere,1,1,7,0.048,0.089
gaia50,630,"10""",skycell-rw,1,1,5,0.049,0.049
gaia50,630,"10""",skycell,1,1,5,0.034,0.013
gaia50,442,"10""",q3c,1,1,401,2.266,0.583
gaia50,442,"10""",pgsphere,1,1,6,0.047,0.072
gaia50,442,"10""",skycell-rw,1,1,10,0.063,0.049
gaia50,442,"10""",skycell,1,1,11,0.034,0.027
gaia50,47,"1""",skycell-rw,1,0,4,0.032,0.047
gaia50,47,"1""",pgsphere,1,0,4,0.017,0.054
gaia50,47,"1""",q3c,1,0,400,2.558,0.549
gaia50,47,"1""",skycell,1,0,4,0.055,0.025
gaia50,1003,1',skycell,1,0,5,0.037,0.061
gaia50,1003,1',pgsphere,1,0,5,0.023,0.062
gaia50,1003,1',q3c,1,0,400,2.893,0.57
gaia50,1003,1',skycell-rw,1,0,5,0.069,0.028
gaia50,946,1',pgsphere,1,24,11,0.022,0.182
gaia50,946,1',skycell,30,24,10,0.036,0.085
gaia50,946,1',q3c,7,24,404,2.429,0.698
gaia50,946,1',skycell-rw,30,24,10,0.081,0.051
gaia50,691,"10""",skycell-rw,1,0,4,0.084,0.039
gaia50,691,"10""",pgsphere,1,0,4,0.025,0.024
gaia50,691,"10""",skycell,1,0,4,0.026,0.014
gaia50,691,"10""",q3c,1,0,400,2.334,0.554
gaia50,408,"10""",skycell,1,4,5,0.055,0.071
gaia50,408,"10""",pgsphere,1,4,6,0.034,0.1
gaia50,408,"10""",q3c,1,4,401,2.445,0.588
gaia50,408,"10""",skycell-rw,1,4,5,0.072,0.031
gaia50,1370,30',skycell-rw,1310,2553,81,0.148,2.08
gaia50,1370,30',pgsphere,952,2553,264,0.049,1.085
gaia50,1370,30',q3c,933,2553,455,2.701,1.46
gaia50,1370,30',skycell,1248,2553,84,0.104,0.566
gaia50,802,1',skycell,10,12,11,0.053,0.09
gaia50,802,1',skycell-rw,10,12,11,0.051,0.041
gaia50,802,1',pgsphere,1,12,9,0.022,0.062
gaia50,802,1',q3c,6,12,402,2.63,0.534
gaia50,1341,30',pgsphere,952,70,17,0.047,0.135
gaia50,1341,30',q3c,56,70,405,2.548,0.579
gaia50,1341,30',skycell-rw,66,70,12,0.087,0.101
gaia50,1341,30',skycell,66,70,17,0.042,0.049
gaia50,415,"10""",q3c,1,0,400,2.615,0.496
gaia50,415,"10""",pgsphere,1,0,8,0.045,0.071
gaia50,415,"10""",skycell-rw,1,0,5,0.046,0.037
gaia50,415,"10""",skycell,1,0,5,0.024,0.014
gaia50,153,"1""",skycell,1,0,4,0.023,0.033
gaia50,153,"1""",q3c,1,0,400,2.533,0.519
gaia50,153,"1""",skycell-rw,1,0,4,0.066,0.023
gaia50,153,"1""",pgsphere,1,0,4,0.021,0.029
gaia50,315,"1""",skycell,1,0,4,0.023,0.042
gaia50,315,"1""",skycell-rw,1,0,4,0.025,0.007
gaia50,315,"1""",pgsphere,1,0,8,0.012,0.079
gaia50,315,"1""",q3c,1,0,400,2.367,0.474
gaia50,382,"1""",pgsphere,1,1,6,0.056,0.091
gaia50,382,"1""",q3c,1,1,401,2.763,0.517
gaia50,382,"1""",skycell,1,1,9,0.056,0.051
gaia50,382,"1""",skycell-rw,1,1,9,0.072,0.023
gaia50,966,1',pgsphere,1,4,8,0.021,0.064
gaia50,966,1',skycell,2,4,6,0.027,0.036
gaia50,966,1',q3c,2,4,401,2.868,0.592
gaia50,966,1',skycell-rw,2,4,6,0.071,0.044
gaia50,658,"10""",skycell-rw,1,1,9,0.086,0.067
gaia50,658,"10""",q3c,1,1,401,2.568,0.556
gaia50,658,"10""",skycell,1,1,10,0.094,0.034
gaia50,658,"10""",pgsphere,1,1,8,0.029,0.055
gaia50,672,"10""",skycell,1,1,5,0.031,0.048
gaia50,672,"10""",q3c,1,1,401,2.822,0.524
gaia50,672,"10""",skycell-rw,1,1,5,0.071,0.033
gaia50,672,"10""",pgsphere,1,1,7,0.025,0.059
gaia50,1385,30',pgsphere,952,71,19,0.027,0.102
gaia50,1385,30',skycell,61,71,14,0.091,0.1
gaia50,1385,30',q3c,43,71,404,2.764,0.625
gaia50,1385,30',skycell-rw,62,71,14,0.09,0.076
gaia50,205,"1""",skycell,1,0,8,0.032,0.057
gaia50,205,"1""",pgsphere,1,0,4,0.023,0.034
gaia50,205,"1""",skycell-rw,1,0,8,0.042,0.014
gaia50,205,"1""",q3c,1,0,400,2.472,0.576
gaia50,797,"10""",pgsphere,1,0,4,0.079,0.051
gaia50,797,"10""",skycell,1,0,4,0.036,0.019
gaia50,797,"10""",skycell-rw,1,0,4,0.042,0.01
gaia50,797,"10""",q3c,1,0,400,2.639,0.495
gaia50,1417,1deg,skycell-rw,1027,1139,44,0.124,0.694
gaia50,1417,1deg,pgsphere,3808,1139,144,0.045,0.794
gaia50,1417,1deg,q3c,740,1139,426,2.904,0.863
gaia50,1417,1deg,skycell,1025,1139,55,0.107,0.444
gaia50,260,"1""",skycell,1,1,9,0.101,0.072
gaia50,260,"1""",q3c,1,1,401,2.972,0.644
gaia50,260,"1""",skycell-rw,1,1,9,0.105,0.045
gaia50,260,"1""",pgsphere,1,1,6,0.041,0.063
gaia50,671,"10""",q3c,1,0,400,2.928,0.525
gaia50,671,"10""",skycell-rw,1,0,10,0.078,0.048
gaia50,671,"10""",pgsphere,1,0,6,0.04,0.05
gaia50,671,"10""",skycell,1,0,10,0.031,0.019
gaia50,270,"1""",pgsphere,1,1,7,0.016,0.051
gaia50,270,"1""",skycell,1,1,9,0.023,0.025
gaia50,270,"1""",skycell-rw,1,1,9,0.038,0.015
gaia50,270,"1""",q3c,1,1,401,3.116,0.542
gaia50,15,"1""",q3c,1,0,400,2.394,0.562
gaia50,15,"1""",skycell-rw,1,0,4,0.075,0.026
gaia50,15,"1""",skycell,1,0,4,0.037,0.014
gaia50,15,"1""",pgsphere,1,0,4,0.038,0.028
gaia50,999,1',skycell-rw,2,1,7,0.061,0.074
gaia50,999,1',pgsphere,1,1,6,0.033,0.047
gaia50,999,1',q3c,1,1,401,3.064,0.668
gaia50,999,1',skycell,2,1,7,0.075,0.054
gaia50,513,"10""",skycell,1,0,5,0.045,0.066
gaia50,513,"10""",q3c,1,0,400,3.052,0.632
gaia50,513,"10""",skycell-rw,1,0,5,0.08,0.032
gaia50,513,"10""",pgsphere,1,0,7,0.023,0.054
gaia50,927,1',skycell,1,0,10,0.029,0.044
gaia50,927,1',pgsphere,1,0,5,0.016,0.03
gaia50,927,1',skycell-rw,1,0,9,0.049,0.022
gaia50,927,1',q3c,1,0,400,2.771,0.52
gaia50,568,"10""",skycell,1,2,6,0.054,0.038
gaia50,568,"10""",q3c,1,2,401,2.892,0.541
gaia50,568,"10""",pgsphere,1,2,9,0.049,0.07
gaia50,568,"10""",skycell-rw,1,2,6,0.108,0.028
gaia50,94,"1""",pgsphere,1,1,5,0.02,0.038
gaia50,94,"1""",skycell-rw,1,1,5,0.04,0.029
gaia50,94,"1""",q3c,1,1,401,2.474,0.515
gaia50,94,"1""",skycell,1,1,5,0.054,0.029
gaia50,952,1',skycell,9,12,11,0.035,0.074
gaia50,952,1',pgsphere,1,12,10,0.022,0.061
gaia50,952,1',skycell-rw,10,12,11,0.054,0.04
gaia50,952,1',q3c,3,12,402,2.357,0.56
gaia50,229,"1""",skycell-rw,1,0,4,0.082,0.053
gaia50,229,"1""",skycell,1,0,4,0.034,0.01
gaia50,229,"1""",pgsphere,1,0,5,0.018,0.03
gaia50,229,"1""",q3c,1,0,400,2.572,0.502
gaia50,288,"1""",skycell,1,1,5,0.068,0.049
gaia50,288,"1""",pgsphere,1,1,8,0.034,0.063
gaia50,288,"1""",skycell-rw,1,1,5,0.041,0.017
gaia50,288,"1""",q3c,1,1,401,2.47,0.533
gaia50,885,1',skycell,1,0,5,0.055,0.054
gaia50,885,1',skycell-rw,1,0,5,0.047,0.014
gaia50,885,1',pgsphere,1,0,6,0.018,0.048
gaia50,885,1',q3c,1,0,400,2.25,0.52
gaia50,800,"10""",q3c,1,1,401,2.585,0.621
gaia50,800,"10""",skycell,1,1,10,0.059,0.053
gaia50,800,"10""",skycell-rw,1,1,9,0.068,0.024
gaia50,800,"10""",pgsphere,1,1,7,0.02,0.059
gaia50,116,"1""",skycell,1,1,9,0.028,0.036
gaia50,116,"1""",q3c,1,1,401,2.852,0.563
gaia50,116,"1""",pgsphere,1,1,10,0.047,0.082
gaia50,116,"1""",skycell-rw,1,1,9,0.068,0.031
gaia50,1239,6',pgsphere,38,2,8,0.021,0.076
gaia50,1239,6',q3c,2,2,401,2.57,0.544
gaia50,1239,6',skycell-rw,4,2,5,0.067,0.034
gaia50,1239,6',skycell,4,2,5,0.044,0.019
gaia50,150,"1""",skycell-rw,1,1,5,0.031,0.033
gaia50,150,"1""",q3c,1,1,401,2.434,0.52
gaia50,150,"1""",skycell,1,1,5,0.055,0.029
gaia50,150,"1""",pgsphere,1,1,5,0.024,0.046
gaia50,189,"1""",skycell-rw,1,0,4,0.071,0.039
gaia50,189,"1""",q3c,1,0,400,2.351,0.508
gaia50,189,"1""",skycell,1,0,4,0.056,0.025
gaia50,189,"1""",pgsphere,1,0,4,0.025,0.039
gaia50,1423,1deg,pgsphere,3808,379,58,0.016,0.239
gaia50,1423,1deg,skycell-rw,476,379,24,0.074,0.209
gaia50,1423,1deg,q3c,218,379,412,2.306,0.664
gaia50,1423,1deg,skycell,475,379,32,0.079,0.146
gaia50,385,"1""",q3c,1,0,400,2.847,0.559
gaia50,385,"1""",pgsphere,1,0,3,0.047,0.036
gaia50,385,"1""",skycell,1,0,4,0.045,0.02
gaia50,385,"1""",skycell-rw,1,0,4,0.032,0.008
gaia50,444,"10""",q3c,1,2,401,2.771,0.546
gaia50,444,"10""",skycell-rw,1,2,10,0.08,0.055
gaia50,444,"10""",pgsphere,1,2,9,0.028,0.051
gaia50,444,"10""",skycell,1,2,10,0.027,0.016
gaia50,755,"10""",skycell,1,0,5,0.026,0.033
gaia50,755,"10""",pgsphere,1,0,6,0.017,0.035
gaia50,755,"10""",q3c,1,0,401,2.652,0.577
gaia50,755,"10""",skycell-rw,1,0,5,0.066,0.029
gaia50,518,"10""",q3c,1,2,401,2.211,0.538
gaia50,518,"10""",skycell,1,2,5,0.054,0.047
gaia50,518,"10""",pgsphere,1,2,8,0.024,0.065
gaia50,518,"10""",skycell-rw,1,2,5,0.035,0.012
gaia50,175,"1""",pgsphere,1,0,5,0.021,0.035
gaia50,175,"1""",skycell-rw,1,0,4,0.035,0.015
gaia50,175,"1""",q3c,1,0,400,2.384,0.545
gaia50,175,"1""",skycell,1,0,4,0.054,0.022
gaia50,259,"1""",pgsphere,1,0,4,0.036,0.056
gaia50,259,"1""",skycell-rw,1,0,4,0.038,0.026
gaia50,259,"1""",q3c,1,0,400,2.901,0.579
gaia50,259,"1""",skycell,1,0,4,0.056,0.032
gaia50,1036,1',pgsphere,1,9,7,0.035,0.078
gaia50,1036,1',skycell,6,9,16,0.037,0.056
gaia50,1036,1',q3c,4,9,402,2.551,0.531
gaia50,1036,1',skycell-rw,6,9,14,0.087,0.071
gaia50,134,"1""",pgsphere,1,1,7,0.035,0.082
gaia50,134,"1""",skycell,1,1,5,0.054,0.052
gaia50,134,"1""",q3c,1,1,401,2.7,0.549
gaia50,134,"1""",skycell-rw,1,1,5,0.067,0.029
gaia50,201,"1""",skycell-rw,1,0,4,0.034,0.024
gaia50,201,"1""",q3c,1,0,400,2.896,0.52
gaia50,201,"1""",pgsphere,1,0,6,0.045,0.04
gaia50,201,"1""",skycell,1,0,4,0.041,0.026
gaia50,1407,1deg,q3c,345,12673,611,2.757,3.187
gaia50,1407,1deg,pgsphere,3808,12673,1087,0.055,3.992
gaia50,1407,1deg,skycell,9639,12673,270,0.097,2.713
gaia50,1407,1deg,skycell-rw,8870,12673,272,0.149,3.3
gaia50,903,1',skycell-rw,1,1,5,0.066,0.044
gaia50,903,1',q3c,1,1,401,2.987,0.582
gaia50,903,1',skycell,1,1,5,0.063,0.03
gaia50,903,1',pgsphere,1,1,5,0.026,0.042
gaia50,606,"10""",skycell,1,1,5,0.045,0.055
gaia50,606,"10""",skycell-rw,1,1,5,0.045,0.016
gaia50,606,"10""",q3c,1,1,401,2.808,0.544
gaia50,606,"10""",pgsphere,1,1,5,0.054,0.036
gaia50,1055,1',skycell,1,0,5,0.036,0.034
gaia50,1055,1',skycell-rw,1,0,5,0.072,0.025
gaia50,1055,1',q3c,1,0,400,2.414,0.537
gaia50,1055,1',pgsphere,1,0,7,0.049,0.045
gaia50,521,"10""",pgsphere,1,0,4,0.048,0.045
gaia50,521,"10""",skycell,1,0,4,0.042,0.035
gaia50,521,"10""",q3c,1,0,400,2.666,1.298
gaia50,521,"10""",skycell-rw,1,0,4,0.067,0.025
gaia50,1160,6',skycell-rw,361,427,22,0.122,0.2
gaia50,1160,6',pgsphere,38,427,73,0.027,0.25
gaia50,1160,6',q3c,96,427,414,2.322,0.594
gaia50,1160,6',skycell,361,427,30,0.069,0.21
gaia50,18,"1""",skycell,1,1,5,0.048,0.043
gaia50,18,"1""",skycell-rw,1,1,5,0.045,0.027
gaia50,18,"1""",pgsphere,1,1,5,0.02,0.029
gaia50,18,"1""",q3c,1,1,401,2.329,0.486
gaia50,1453,3deg,skycell,3608,3357,128,0.122,0.87
gaia50,1453,3deg,pgsphere,34262,3357,137,0.044,1.07
gaia50,1453,3deg,skycell-rw,3615,3357,116,0.251,0.67
gaia50,1453,3deg,q3c,1530,3357,466,2.654,1.31
gaia50,372,"1""",pgsphere,1,1,7,0.046,0.041
gaia50,372,"1""",q3c,1,1,401,2.625,0.507
gaia50,372,"1""",skycell,1,1,5,0.058,0.038
gaia50,372,"1""",skycell-rw,1,1,5,0.041,0.013
gaia50,1402,1deg,skycell-rw,10527,10104,229,0.197,2.027
gaia50,1402,1deg,pgsphere,3808,10104,1023,0.041,3.567
gaia50,1402,1deg,skycell,10571,10104,233,0.113,1.962
gaia50,1402,1deg,q3c,3956,10104,556,2.218,2.411
gaia50,645,"10""",skycell-rw,1,0,4,0.067,0.048
gaia50,645,"10""",pgsphere,1,0,5,0.022,0.043
gaia50,645,"10""",q3c,1,0,400,2.875,0.485
gaia50,645,"10""",skycell,1,0,4,0.055,0.023
gaia50,1358,30',pgsphere,952,12426,1044,0.029,3.338
gaia50,1358,30',skycell-rw,10534,12426,257,0.211,2.458
gaia50,1358,30',skycell,10580,12426,259,0.104,2.375
gaia50,1358,30',q3c,5350,12426,605,2.575,2.924
gaia50,656,"10""",skycell,1,2,10,0.055,0.058
gaia50,656,"10""",skycell-rw,1,2,10,0.054,0.022
gaia50,656,"10""",q3c,1,2,401,2.377,0.506
gaia50,656,"10""",pgsphere,1,2,5,0.048,0.049
gaia50,1089,1',skycell-rw,1,3,5,0.059,0.047
gaia50,1089,1',skycell,1,3,5,0.035,0.017
gaia50,1089,1',pgsphere,1,3,5,0.022,0.031
gaia50,1089,1',q3c,1,3,401,2.615,0.508
gaia50,105,"1""",skycell-rw,1,0,5,0.066,0.061
gaia50,105,"1""",skycell,1,0,5,0.034,0.012
gaia50,105,"1""",pgsphere,1,0,4,0.018,0.041
gaia50,105,"1""",q3c,1,0,400,2.306,0.485
gaia50,812,1',skycell,13,15,10,0.058,0.07
gaia50,812,1',skycell-rw,13,15,10,0.057,0.03
gaia50,812,1',q3c,4,15,403,2.542,0.534
gaia50,812,1',pgsphere,1,15,7,0.044,0.044
gaia50,673,"10""",q3c,1,0,400,2.577,0.506
gaia50,673,"10""",pgsphere,1,0,4,0.049,0.03
gaia50,673,"10""",skycell-rw,1,0,4,0.057,0.038
gaia50,673,"10""",skycell,1,0,4,0.033,0.011
gaia50,162,"1""",skycell,1,1,5,0.023,0.035
gaia50,162,"1""",skycell-rw,1,1,5,0.028,0.009
gaia50,162,"1""",pgsphere,1,1,5,0.016,0.027
gaia50,162,"1""",q3c,1,1,401,2.532,0.525
gaia50,884,1',q3c,2,16,402,2.418,0.563
gaia50,884,1',skycell,16,16,11,0.059,0.084
gaia50,884,1',skycell-rw,17,16,11,0.058,0.032
gaia50,884,1',pgsphere,1,16,7,0.02,0.098
gaia50,939,1',skycell-rw,1,1,5,0.035,0.02
gaia50,939,1',skycell,1,1,5,0.019,0.009
gaia50,939,1',q3c,1,1,401,2.396,0.675
gaia50,939,1',pgsphere,1,1,8,0.049,0.069
gaia50,888,1',pgsphere,1,2,7,0.021,0.069
gaia50,888,1',skycell,1,2,10,0.034,0.042
gaia50,888,1',q3c,1,2,402,2.356,0.508
gaia50,888,1',skycell-rw,1,2,10,0.08,0.044
gaia50,398,"1""",skycell-rw,1,1,5,0.041,0.045
gaia50,398,"1""",pgsphere,1,1,6,0.137,0.063
gaia50,398,"1""",skycell,1,1,5,0.029,0.016
gaia50,398,"1""",q3c,1,1,401,2.759,0.518
gaia50,1112,6',q3c,267,941,422,2.61,0.776
gaia50,1112,6',pgsphere,38,941,96,0.048,0.339
gaia50,1112,6',skycell-rw,952,941,46,0.115,0.281
gaia50,1112,6',skycell,942,941,63,0.072,0.345
gaia50,682,"10""",skycell,1,1,10,0.04,0.044
gaia50,682,"10""",skycell-rw,1,1,9,0.049,0.02
gaia50,682,"10""",q3c,1,1,401,2.544,0.509
gaia50,682,"10""",pgsphere,1,1,7,0.053,0.056
gaia50,530,"10""",q3c,1,1,401,2.747,0.597
gaia50,530,"10""",pgsphere,1,1,8,0.045,0.06
gaia50,530,"10""",skycell-rw,1,1,10,0.06,0.044
gaia50,530,"10""",skycell,1,1,10,0.037,0.022
gaia50,973,1',q3c,1,0,400,2.477,0.516
gaia50,973,1',pgsphere,1,0,4,0.049,0.048
gaia50,973,1',skycell-rw,1,0,5,0.046,0.023
gaia50,973,1',skycell,1,0,5,0.026,0.011
gaia50,465,"10""",q3c,1,0,400,2.698,0.542
gaia50,465,"10""",skycell-rw,1,0,5,0.068,0.048
gaia50,465,"10""",pgsphere,1,0,5,0.022,0.029
gaia50,465,"10""",skycell,1,0,5,0.041,0.016
gaia50,366,"1""",skycell-rw,1,1,5,0.033,0.029
gaia50,366,"1""",q3c,1,1,401,2.778,0.515
gaia50,366,"1""",skycell,1,1,5,0.056,0.029
gaia50,366,"1""",pgsphere,1,1,8,0.024,0.052
gaia50,493,"10""",skycell-rw,1,0,5,0.035,0.031
gaia50,493,"10""",pgsphere,1,0,5,0.014,0.035
gaia50,493,"10""",q3c,1,0,400,2.622,0.525
gaia50,493,"10""",skycell,1,0,5,0.053,0.026
gaia50,194,"1""",pgsphere,1,1,7,0.032,0.057
gaia50,194,"1""",skycell-rw,1,1,5,0.036,0.027
gaia50,194,"1""",skycell,1,1,5,0.021,0.009
gaia50,194,"1""",q3c,1,1,401,2.483,0.524
gaia50,1325,30',skycell-rw,158,175,23,0.087,0.157
gaia50,1325,30',skycell,157,175,23,0.039,0.085
gaia50,1325,30',q3c,201,175,405,2.828,0.663
gaia50,1325,30',pgsphere,952,175,29,0.08,0.108
gaia50,1237,6',skycell,4,5,6,0.043,0.048
gaia50,1237,6',pgsphere,38,5,7,0.02,0.055
gaia50,1237,6',q3c,9,5,403,2.519,0.608
gaia50,1237,6',skycell-rw,5,5,7,0.067,0.072
gaia50,641,"10""",q3c,1,0,400,2.239,0.488
gaia50,641,"10""",skycell-rw,1,0,4,0.064,0.022
gaia50,641,"10""",skycell,1,0,4,0.031,0.016
gaia50,641,"10""",pgsphere,1,0,4,0.027,0.037
gaia50,384,"1""",skycell-rw,1,1,5,0.033,0.029
gaia50,384,"1""",q3c,1,1,401,6.224,0.569
gaia50,384,"1""",skycell,1,1,5,0.109,0.036
gaia50,384,"1""",pgsphere,1,1,5,0.031,0.034
gaia50,557,"10""",q3c,1,0,400,3.55,0.57
gaia50,557,"10""",skycell-rw,1,0,5,0.069,0.037
gaia50,557,"10""",pgsphere,1,0,5,0.03,0.031
gaia50,557,"10""",skycell,1,0,5,0.026,0.015
gaia50,1163,6',q3c,38,72,407,2.584,0.55
gaia50,1163,6',skycell-rw,94,72,29,0.103,0.104
gaia50,1163,6',skycell,93,72,29,0.04,0.05
gaia50,1163,6',pgsphere,38,72,25,0.024,0.145
gaia50,993,1',skycell-rw,1,0,5,0.039,0.019
gaia50,993,1',skycell,1,0,5,0.02,0.009
gaia50,993,1',pgsphere,1,0,5,0.014,0.025
gaia50,993,1',q3c,1,0,400,2.741,0.486
gaia50,1232,6',q3c,138,178,407,2.686,0.623
gaia50,1232,6',pgsphere,38,178,27,0.084,0.137
gaia50,1232,6',skycell-rw,273,178,17,0.077,0.092
gaia50,1232,6',skycell,272,178,17,0.037,0.061
gaia50,80,"1""",skycell,1,1,5,0.021,0.056
gaia50,80,"1""",pgsphere,1,1,6,0.021,0.036
gaia50,80,"1""",skycell-rw,1,1,5,0.038,0.014
gaia50,80,"1""",q3c,1,1,401,2.381,0.502
gaia50,1380,30',skycell-rw,486,577,43,0.146,0.23
gaia50,1380,30',skycell,483,577,47,0.053,0.152
gaia50,1380,30',q3c,578,577,412,2.79,0.658
gaia50,1380,30',pgsphere,952,577,93,0.047,0.338
gaia50,917,1',pgsphere,1,0,4,0.027,0.025
gaia50,917,1',skycell-rw,1,0,6,0.04,0.03
gaia50,917,1',skycell,1,0,6,0.026,0.018
gaia50,917,1',q3c,1,0,400,2.436,0.531
gaia50,981,1',skycell,2,3,18,0.055,0.083
gaia50,981,1',pgsphere,1,3,10,0.031,0.043
gaia50,981,1',q3c,4,3,401,2.507,0.567
gaia50,981,1',skycell-rw,3,3,21,0.089,0.781
gaia50,1259,6',skycell-rw,73,64,24,0.096,0.11
gaia50,1259,6',skycell,72,64,24,0.042,0.046
gaia50,1259,6',pgsphere,38,64,21,0.025,0.089
gaia50,1259,6',q3c,28,64,404,2.777,0.577
gaia50,573,"10""",q3c,1,0,400,2.78,0.584
gaia50,573,"10""",skycell-rw,1,0,4,0.075,0.026
gaia50,573,"10""",skycell,1,0,4,0.043,0.013
gaia50,573,"10""",pgsphere,1,0,5,0.019,0.028
gaia50,118,"1""",skycell,1,1,5,0.02,0.029
gaia50,118,"1""",skycell-rw,1,1,5,0.032,0.011
gaia50,118,"1""",pgsphere,1,1,5,0.016,0.039
gaia50,118,"1""",q3c,1,1,401,2.403,0.579
gaia50,419,"10""",skycell-rw,1,0,4,0.067,0.035
gaia50,419,"10""",q3c,1,0,400,2.427,0.533
gaia50,419,"10""",pgsphere,1,0,5,0.047,0.04
gaia50,419,"10""",skycell,1,0,4,0.035,0.02
gaia50,1042,1',skycell,1,3,5,0.023,0.047
gaia50,1042,1',q3c,1,3,401,2.845,0.642
gaia50,1042,1',skycell-rw,2,3,5,0.068,0.032
gaia50,1042,1',pgsphere,1,3,8,0.022,0.069
gaia50,1442,3deg,skycell-rw,145005,134247,1968,0.219,37.465
gaia50,1442,3deg,skycell,145203,134247,1968,0.512,40.588
gaia50,1442,3deg,q3c,102995,134247,2822,4.346,44.791
gaia50,1442,3deg,pgsphere,34262,134247,4180,0.077,70.842
gaia50,1257,6',q3c,8,8,403,4.857,1.616
gaia50,1257,6',pgsphere,38,8,9,0.06,0.075
gaia50,1257,6',skycell,14,8,21,0.075,0.071
gaia50,1257,6',skycell-rw,14,8,21,0.126,0.042
gaia50,1222,6',q3c,34,80,404,4.695,1.548
gaia50,1222,6',skycell,51,80,11,0.083,0.156
gaia50,1222,6',pgsphere,38,80,18,0.045,0.094
gaia50,1222,6',skycell-rw,51,80,11,0.054,0.072
gaia50,1395,30',skycell,115,138,24,0.054,0.106
gaia50,1395,30',pgsphere,952,138,29,0.026,0.121
gaia50,1395,30',skycell-rw,113,138,21,0.073,0.554
gaia50,1395,30',q3c,69,138,406,3.974,1.41
gaia50,434,"10""",pgsphere,1,2,6,0.05,0.067
gaia50,434,"10""",skycell,1,2,5,0.039,0.043
gaia50,434,"10""",q3c,1,2,401,4.829,1.288
gaia50,434,"10""",skycell-rw,1,2,5,0.074,0.035
gaia50,1309,30',skycell,2900,2548,107,0.086,0.673
gaia50,1309,30',q3c,777,2548,446,4.346,1.695
gaia50,1309,30',skycell-rw,2918,2548,94,0.184,1.282
gaia50,1309,30',pgsphere,952,2548,292,0.045,1.507
gaia50,953,1',skycell,1,0,5,0.06,0.027
gaia50,953,1',pgsphere,1,0,5,0.035,0.033
gaia50,953,1',skycell-rw,1,0,5,0.037,0.016
gaia50,953,1',q3c,1,0,400,2.644,0.533
gaia50,1152,6',q3c,30,122,406,2.401,0.621
gaia50,1152,6',skycell-rw,64,122,12,0.071,0.111
gaia50,1152,6',skycell,64,122,12,0.046,0.074
gaia50,1152,6',pgsphere,38,122,25,0.02,0.098
gaia50,1292,6',pgsphere,38,159,32,0.013,0.123
gaia50,1292,6',skycell-rw,193,159,26,0.066,0.136
gaia50,1292,6',q3c,95,159,409,2.752,0.603
gaia50,1292,6',skycell,184,159,34,0.071,0.098
gaia50,101,"1""",pgsphere,1,0,4,0.027,0.041
gaia50,101,"1""",skycell-rw,1,0,4,0.05,0.018
gaia50,101,"1""",q3c,1,0,400,2.36,0.524
gaia50,101,"1""",skycell,1,0,4,0.057,0.024
gaia50,544,"10""",q3c,1,2,401,2.196,0.556
gaia50,544,"10""",skycell,1,2,5,0.085,0.042
gaia50,544,"10""",pgsphere,1,2,6,0.029,0.036
gaia50,544,"10""",skycell-rw,1,2,5,0.031,0.012
gaia50,690,"10""",q3c,1,1,401,2.416,0.56
gaia50,690,"10""",skycell-rw,1,1,12,0.078,0.062
gaia50,690,"10""",skycell,1,1,11,0.035,0.019
gaia50,690,"10""",pgsphere,1,1,7,0.018,0.065
gaia50,1353,30',pgsphere,952,158,32,0.019,0.105
gaia50,1353,30',skycell-rw,153,158,21,0.055,0.611
gaia50,1353,30',q3c,80,158,404,2.458,0.569
gaia50,1353,30',skycell,152,158,19,0.09,0.098
gaia50,971,1',skycell,1,0,5,0.056,0.052
gaia50,971,1',pgsphere,1,0,7,0.03,0.058
gaia50,971,1',skycell-rw,1,0,6,0.041,0.319
gaia50,971,1',q3c,1,0,401,2.498,0.573
gaia50,1339,30',skycell,173,152,18,0.088,0.099
gaia50,1339,30',q3c,53,152,403,2.278,0.596
gaia50,1339,30',skycell-rw,174,152,20,0.1,1.038
gaia50,1339,30',pgsphere,952,152,28,0.054,0.28
gaia50,643,"10""",skycell-rw,1,0,8,0.09,0.066
gaia50,643,"10""",skycell,1,0,8,0.038,0.012
gaia50,643,"10""",q3c,1,0,400,3.355,0.629
gaia50,643,"10""",pgsphere,1,0,6,0.053,0.053
gaia50,230,"1""",skycell,1,1,5,0.043,0.03
gaia50,230,"1""",pgsphere,1,1,5,0.019,0.028
gaia50,230,"1""",q3c,1,1,401,2.884,0.541
gaia50,230,"1""",skycell-rw,1,1,5,0.074,0.029
gaia50,663,"10""",pgsphere,1,0,4,0.032,0.037
gaia50,663,"10""",skycell-rw,1,0,9,0.068,0.049
gaia50,663,"10""",q3c,1,0,400,2.488,0.557
gaia50,663,"10""",skycell,1,0,9,0.061,0.032
gaia50,628,"10""",q3c,1,1,401,2.759,0.573
gaia50,628,"10""",pgsphere,1,1,6,0.059,0.06
gaia50,628,"10""",skycell-rw,1,1,5,0.047,0.035
gaia50,628,"10""",skycell,1,1,5,0.034,0.016
gaia50,1397,30',pgsphere,952,607,101,0.019,0.356
gaia50,1397,30',skycell-rw,594,607,33,0.078,0.222
gaia50,1397,30',q3c,172,607,416,3.265,0.809
gaia50,1397,30',skycell,592,607,36,0.076,0.198
gaia50,937,1',skycell,1,0,6,0.036,0.035
gaia50,937,1',q3c,1,0,401,2.643,0.841
gaia50,937,1',pgsphere,1,0,8,0.053,0.069
gaia50,937,1',skycell-rw,1,0,6,0.109,0.033
gaia50,1108,6',skycell-rw,72,56,15,0.058,0.099
gaia50,1108,6',pgsphere,38,56,14,0.024,0.089
gaia50,1108,6',skycell,72,56,24,0.033,0.089
gaia50,1108,6',q3c,27,56,404,3.268,0.679
gaia50,828,1',skycell,1,3,6,0.063,0.059
gaia50,828,1',skycell-rw,1,3,6,0.045,0.019
gaia50,828,1',q3c,1,3,401,2.665,0.667
gaia50,828,1',pgsphere,1,3,5,0.053,0.066
gaia50,247,"1""",pgsphere,1,0,4,0.028,0.042
gaia50,247,"1""",q3c,1,0,400,2.847,0.63
gaia50,247,"1""",skycell-rw,1,0,4,0.079,0.029
gaia50,247,"1""",skycell,1,0,4,0.029,0.011
gaia50,1216,6',skycell,348,327,28,0.046,0.183
gaia50,1216,6',q3c,106,327,407,3.835,0.813
gaia50,1216,6',skycell-rw,349,327,25,0.105,0.148
gaia50,1216,6',pgsphere,38,327,48,0.039,0.286
gaia50,795,"10""",skycell-rw,1,0,4,0.063,0.022
gaia50,795,"10""",q3c,1,0,400,2.814,0.604
gaia50,795,"10""",pgsphere,1,0,4,0.053,0.052
gaia50,795,"10""",skycell,1,0,4,0.041,0.022
gaia50,1157,6',skycell,11,7,11,0.026,0.059
gaia50,1157,6',q3c,3,7,402,2.96,0.583
gaia50,1157,6',pgsphere,38,7,9,0.057,0.078
gaia50,1157,6',skycell-rw,12,7,11,0.073,0.099
gaia50,7,"1""",skycell-rw,1,0,8,0.078,0.055
gaia50,7,"1""",skycell,1,0,8,0.037,0.012
gaia50,7,"1""",pgsphere,1,0,4,0.02,0.042
gaia50,7,"1""",q3c,1,0,400,2.88,0.541
gaia50,1046,1',skycell-rw,20,25,8,0.078,0.088
gaia50,1046,1',pgsphere,1,25,11,0.053,0.079
gaia50,1046,1',skycell,20,25,8,0.04,0.06
gaia50,1046,1',q3c,7,25,402,2.846,0.79
gaia50,128,"1""",pgsphere,1,1,5,0.052,0.056
gaia50,128,"1""",skycell,1,1,10,0.046,0.043
gaia50,128,"1""",q3c,1,1,401,2.508,0.622
gaia50,128,"1""",skycell-rw,1,1,10,0.09,0.045
gaia50,1115,6',q3c,2,3,401,2.915,0.618
gaia50,1115,6',skycell-rw,4,3,12,0.088,0.563
gaia50,1115,6',pgsphere,38,3,5,0.048,0.037
gaia50,1115,6',skycell,4,3,20,0.036,0.032
gaia50,599,"10""",skycell-rw,1,0,4,0.037,0.082
gaia50,599,"10""",skycell,1,0,4,0.035,0.013
gaia50,599,"10""",q3c,1,0,400,2.906,0.532
gaia50,599,"10""",pgsphere,1,0,4,0.052,0.035
gaia50,1320,30',skycell,7377,9611,223,0.091,2.513
gaia50,1320,30',skycell-rw,7324,9611,213,0.223,1.878
gaia50,1320,30',q3c,2845,9611,550,3.075,2.538
gaia50,1320,30',pgsphere,952,9611,809,0.055,6.86
gaia50,1139,6',skycell,4,4,10,0.067,0.059
gaia50,1139,6',q3c,1,4,402,3.755,0.789
gaia50,1139,6',skycell-rw,4,4,10,0.088,0.051
gaia50,1139,6',pgsphere,38,4,6,0.037,0.069
gaia50,1386,30',skycell,448,529,33,0.05,0.248
gaia50,1386,30',q3c,354,529,413,2.797,0.771
gaia50,1386,30',pgsphere,952,529,70,0.065,0.419
gaia50,1386,30',skycell-rw,450,529,34,0.111,0.526
gaia50,998,1',q3c,1,1,402,3.845,0.713
gaia50,998,1',skycell-rw,1,1,5,0.093,0.054
gaia50,998,1',pgsphere,1,1,8,0.081,0.055
gaia50,998,1',skycell,1,1,5,0.041,0.024
gaia50,1326,30',pgsphere,952,944,93,0.023,0.403
gaia50,1326,30',skycell-rw,1340,944,61,0.106,0.609
gaia50,1326,30',skycell,1361,944,71,0.085,0.38
gaia50,1326,30',q3c,552,944,424,3.656,1.185
gaia50,1246,6',skycell-rw,110,74,29,0.151,0.932
gaia50,1246,6',q3c,4,74,403,3.031,0.825
gaia50,1246,6',skycell,109,74,18,0.085,0.093
gaia50,1246,6',pgsphere,38,74,20,0.055,0.107
gaia50,726,"10""",pgsphere,1,1,6,0.045,0.065
gaia50,726,"10""",skycell,1,1,11,0.052,0.06
gaia50,726,"10""",skycell-rw,1,1,10,0.086,0.041
gaia50,726,"10""",q3c,1,1,401,3.225,0.76
gaia50,1135,6',skycell,19,25,21,0.099,0.09
gaia50,1135,6',skycell-rw,19,25,23,0.122,0.626
gaia50,1135,6',q3c,15,25,402,2.249,0.525
gaia50,1135,6',pgsphere,38,25,17,0.051,0.108
gaia50,31,"1""",skycell,1,0,4,0.048,0.043
gaia50,31,"1""",pgsphere,1,0,4,0.021,0.022
gaia50,31,"1""",q3c,1,0,400,2.525,0.531
gaia50,31,"1""",skycell-rw,1,0,4,0.075,0.027
gaia50,49,"1""",skycell,1,0,4,0.034,0.035
gaia50,49,"1""",skycell-rw,1,0,4,0.03,0.008
gaia50,49,"1""",pgsphere,1,0,4,0.022,0.035
gaia50,49,"1""",q3c,1,0,400,2.517,0.596
gaia50,6,"1""",q3c,1,1,401,2.239,0.662
gaia50,6,"1""",pgsphere,1,1,6,0.051,0.044
gaia50,6,"1""",skycell-rw,1,1,5,0.068,0.027
gaia50,6,"1""",skycell,1,1,5,0.028,0.012
gaia50,121,"1""",q3c,1,0,400,2.425,0.533
gaia50,121,"1""",skycell-rw,1,0,4,0.263,0.069
gaia50,121,"1""",skycell,1,0,4,0.099,0.03
gaia50,121,"1""",pgsphere,1,0,4,0.037,0.029
gaia50,561,"10""",skycell,1,0,4,0.039,0.023
gaia50,561,"10""",q3c,1,0,400,3.765,0.676
gaia50,561,"10""",skycell-rw,1,0,4,0.077,0.028
gaia50,561,"10""",pgsphere,1,0,5,0.03,0.034
gaia50,688,"10""",skycell,1,1,20,0.048,0.061
gaia50,688,"10""",pgsphere,1,1,9,0.033,0.079
gaia50,688,"10""",q3c,1,1,401,2.319,0.528
gaia50,688,"10""",skycell-rw,1,1,17,0.099,0.042
gaia50,280,"1""",q3c,1,1,401,2.656,0.538
gaia50,280,"1""",skycell,1,1,9,0.062,0.063
gaia50,280,"1""",skycell-rw,1,1,9,0.141,0.037
gaia50,280,"1""",pgsphere,1,1,7,0.029,0.04
gaia50,1131,6',q3c,4,11,401,2.54,0.533
gaia50,1131,6',pgsphere,38,11,8,0.062,0.071
gaia50,1131,6',skycell,13,11,17,0.046,0.047
gaia50,1131,6',skycell-rw,13,11,12,0.078,0.054
gaia50,1092,1',skycell,2,2,5,0.06,0.047
gaia50,1092,1',skycell-rw,2,2,5,0.034,0.013
gaia50,1092,1',pgsphere,1,2,5,0.016,0.034
gaia50,1092,1',q3c,1,2,401,2.226,0.614
gaia50,1384,30',skycell-rw,105,76,14,0.098,0.085
gaia50,1384,30',skycell,104,76,14,0.04,0.043
gaia50,1384,30',pgsphere,952,76,20,0.019,0.08
gaia50,1384,30',q3c,75,76,404,2.606,0.524
gaia50,986,1',skycell-rw,14,14,8,0.08,0.078
gaia50,986,1',q3c,3,14,402,2.489,0.513
gaia50,986,1',skycell,14,14,12,0.065,0.056
gaia50,986,1',pgsphere,1,14,8,0.026,0.097
gaia50,639,"10""",skycell-rw,1,0,4,0.048,0.018
gaia50,639,"10""",skycell,1,0,4,0.02,0.008
gaia50,639,"10""",pgsphere,1,0,4,0.014,0.019
gaia50,639,"10""",q3c,1,0,400,2.008,0.632
gaia50,58,"1""",q3c,1,1,401,2.276,0.546
gaia50,58,"1""",pgsphere,1,1,5,0.052,0.039
gaia50,58,"1""",skycell,1,1,5,0.036,0.119
gaia50,58,"1""",skycell-rw,1,1,5,0.043,0.014
gaia50,736,"10""",q3c,1,1,401,1.956,0.479
gaia50,736,"10""",skycell-rw,1,1,6,0.07,0.054
gaia50,736,"10""",skycell,1,1,6,0.029,0.013
gaia50,736,"10""",pgsphere,1,1,5,0.024,0.058
gaia50,1398,30',q3c,427,876,418,2.122,0.709
gaia50,1398,30',skycell,765,876,63,0.087,0.28
gaia50,1398,30',pgsphere,952,876,91,0.035,0.261
gaia50,1398,30',skycell-rw,789,876,49,0.077,0.729
gaia50,815,1',pgsphere,1,0,4,0.045,0.046
gaia50,815,1',skycell,1,0,5,0.067,0.061
gaia50,815,1',q3c,1,0,400,2.402,0.516
gaia50,815,1',skycell-rw,1,0,5,0.103,0.032
gaia50,1053,1',pgsphere,1,0,7,0.03,0.05
gaia50,1053,1',skycell-rw,1,0,10,0.049,0.03
gaia50,1053,1',q3c,1,0,401,2.054,0.526
gaia50,1053,1',skycell,1,0,10,0.061,0.033
gaia50,603,"10""",q3c,1,0,400,2.291,0.476
gaia50,603,"10""",skycell-rw,1,0,4,0.071,0.025
gaia50,603,"10""",pgsphere,1,0,4,0.021,0.024
gaia50,603,"10""",skycell,1,0,4,0.022,0.009
gaia50,1068,1',pgsphere,1,1,6,0.012,0.057
gaia50,1068,1',q3c,1,1,401,2.4,0.588
gaia50,1068,1',skycell,1,1,10,0.061,0.042
gaia50,1068,1',skycell-rw,1,1,10,0.053,0.148
gaia50,1337,30',skycell,95,116,26,0.048,0.125
gaia50,1337,30',q3c,50,116,406,2.578,0.808
gaia50,1337,30',pgsphere,952,116,23,0.051,0.096
gaia50,1337,30',skycell-rw,96,116,26,0.154,0.109
gaia50,550,"10""",q3c,1,1,401,2.619,0.545
gaia50,550,"10""",pgsphere,1,1,5,0.059,0.06
gaia50,550,"10""",skycell,1,1,6,0.04,0.037
gaia50,550,"10""",skycell-rw,1,1,6,0.032,0.016
gaia50,319,"1""",q3c,1,0,400,2.532,0.492
gaia50,319,"1""",pgsphere,1,0,6,0.049,0.053
gaia50,319,"1""",skycell,1,0,4,0.036,0.02
gaia50,319,"1""",skycell-rw,1,0,4,0.674,0.025
gaia50,1307,30',pgsphere,952,87,24,0.038,0.115
gaia50,1307,30',q3c,80,87,403,2.573,0.609
gaia50,1307,30',skycell,105,87,13,0.066,0.082
gaia50,1307,30',skycell-rw,106,87,13,0.093,0.07
gaia50,1162,6',pgsphere,38,28,9,0.028,0.069
gaia50,1162,6',skycell-rw,33,28,12,0.048,0.051
gaia50,1162,6',q3c,6,28,404,1.98,0.505
gaia50,1162,6',skycell,33,28,12,0.064,0.064
gaia50,798,"10""",skycell,1,1,5,0.032,0.029
gaia50,798,"10""",pgsphere,1,1,6,0.022,0.035
gaia50,798,"10""",q3c,1,1,401,2.22,0.537
gaia50,798,"10""",skycell-rw,1,1,5,0.081,0.031
gaia50,829,1',q3c,3,3,401,2.158,0.49
gaia50,829,1',skycell-rw,4,3,6,0.078,0.038
gaia50,829,1',pgsphere,1,3,7,0.022,0.041
gaia50,829,1',skycell,3,3,6,0.023,0.014
gaia50,1061,1',skycell,1,1,5,0.018,0.072
gaia50,1061,1',pgsphere,1,1,6,0.04,0.043
gaia50,1061,1',skycell-rw,1,1,5,0.056,0.028
gaia50,1061,1',q3c,1,1,401,2.26,0.551
gaia50,390,"1""",q3c,1,1,401,4.136,0.937
gaia50,390,"1""",skycell-rw,1,1,5,0.086,0.057
gaia50,390,"1""",pgsphere,1,1,6,0.039,0.045
gaia50,390,"1""",skycell,1,1,5,0.038,0.018
gaia50,765,"10""",pgsphere,1,0,6,0.017,0.045
gaia50,765,"10""",skycell,1,0,8,0.028,0.018
gaia50,765,"10""",skycell-rw,1,0,8,0.118,0.033
gaia50,765,"10""",q3c,1,0,400,2.251,0.594
gaia50,478,"10""",pgsphere,1,1,8,0.057,0.257
gaia50,478,"10""",skycell,1,1,5,0.059,0.038
gaia50,478,"10""",skycell-rw,1,1,5,0.045,0.015
gaia50,478,"10""",q3c,1,1,401,2.354,0.506
gaia50,467,"10""",q3c,1,0,400,2.673,0.574
gaia50,467,"10""",skycell-rw,1,0,4,0.081,0.037
gaia50,467,"10""",skycell,1,0,4,0.029,0.01
gaia50,467,"10""",pgsphere,1,0,5,0.017,0.031
gaia50,1335,30',pgsphere,952,72,26,0.016,0.111
gaia50,1335,30',skycell-rw,65,72,21,0.055,0.108
gaia50,1335,30',skycell,64,72,29,0.048,0.063
gaia50,1335,30',q3c,201,72,406,2.677,0.58
gaia50,313,"1""",skycell,1,0,4,0.059,0.043
gaia50,313,"1""",skycell-rw,1,0,4,0.041,0.01
gaia50,313,"1""",pgsphere,1,0,5,0.017,0.036
gaia50,313,"1""",q3c,1,0,400,2.687,0.535
gaia50,1117,6',q3c,4,4,401,2.562,0.559
gaia50,1117,6',skycell-rw,3,4,11,0.085,0.054
gaia50,1117,6',pgsphere,38,4,10,0.025,0.058
gaia50,1117,6',skycell,3,4,11,0.032,0.022
gaia50,892,1',q3c,1,11,402,2.234,0.472
gaia50,892,1',pgsphere,1,11,6,0.052,0.047
gaia50,892,1',skycell-rw,8,11,7,0.048,0.074
gaia50,892,1',skycell,8,11,7,0.05,0.037
gaia50,712,"10""",pgsphere,1,1,8,0.027,0.044
gaia50,712,"10""",skycell-rw,1,1,5,0.034,0.019
gaia50,712,"10""",q3c,1,1,401,2.541,0.482
gaia50,712,"10""",skycell,1,1,5,0.075,0.042
gaia50,468,"10""",skycell-rw,1,1,10,0.083,0.041
gaia50,468,"10""",skycell,1,1,10,0.034,0.015
gaia50,468,"10""",q3c,1,1,401,2.36,0.616
gaia50,468,"10""",pgsphere,1,1,5,0.05,0.039
gaia50,103,"1""",q3c,1,0,400,2.407,0.505
gaia50,103,"1""",skycell,1,0,8,0.061,0.038
gaia50,103,"1""",skycell-rw,1,0,8,0.049,0.016
gaia50,103,"1""",pgsphere,1,0,6,0.017,0.14
gaia50,1018,1',skycell,18,19,11,0.049,0.063
gaia50,1018,1',q3c,4,19,401,2.291,0.555
gaia50,1018,1',pgsphere,1,19,14,0.08,0.107
gaia50,1018,1',skycell-rw,19,19,11,0.068,0.043
gaia50,921,1',skycell-rw,1,1,5,0.032,0.024
gaia50,921,1',pgsphere,1,1,8,0.015,0.033
gaia50,921,1',skycell,1,1,5,0.018,0.01
gaia50,921,1',q3c,1,1,401,2.463,0.49
gaia50,1213,6',skycell-rw,60,56,24,0.092,0.135
gaia50,1213,6',skycell,59,56,28,0.045,0.054
gaia50,1213,6',pgsphere,38,56,20,0.037,0.117
gaia50,1213,6',q3c,60,56,404,2.382,0.488
gaia50,955,1',q3c,1,2,401,2.677,0.554
gaia50,955,1',skycell-rw,6,2,10,0.093,0.047
gaia50,955,1',skycell,5,2,10,0.034,0.018
gaia50,955,1',pgsphere,1,2,13,0.022,0.071
gaia50,620,"10""",skycell,1,1,5,0.021,0.03
gaia50,620,"10""",skycell-rw,1,1,5,0.037,0.018
gaia50,620,"10""",pgsphere,1,1,8,0.019,0.043
gaia50,620,"10""",q3c,1,1,401,2.381,0.504
gaia50,695,"10""",pgsphere,1,1,5,0.05,0.037
gaia50,695,"10""",skycell-rw,1,1,5,0.05,0.04
gaia50,695,"10""",q3c,1,1,401,2.425,0.58
gaia50,695,"10""",skycell,1,1,5,0.06,0.038
gaia50,498,"10""",pgsphere,1,1,6,0.031,0.05
gaia50,498,"10""",skycell,1,1,10,0.029,0.035
gaia50,498,"10""",q3c,1,1,401,2.296,0.489
gaia50,498,"10""",skycell-rw,1,1,9,0.083,0.049
gaia50,782,"10""",q3c,1,2,401,2.071,0.529
gaia50,782,"10""",skycell,1,2,6,0.059,0.046
gaia50,782,"10""",skycell-rw,1,2,6,0.039,0.016
gaia50,782,"10""",pgsphere,1,2,5,0.016,0.028
gaia50,786,"10""",pgsphere,1,1,6,0.011,0.058
gaia50,786,"10""",q3c,1,1,401,2.135,0.539
gaia50,786,"10""",skycell,1,1,5,0.058,0.042
gaia50,786,"10""",skycell-rw,1,1,5,0.038,0.011
gaia50,1057,1',q3c,3,0,400,2.251,0.547
gaia50,1057,1',skycell,2,0,5,0.058,0.031
gaia50,1057,1',pgsphere,1,0,6,0.032,0.035
gaia50,1057,1',skycell-rw,2,0,5,0.033,0.014
gaia50,787,"10""",pgsphere,1,0,6,0.013,0.039
gaia50,787,"10""",skycell-rw,1,0,5,0.024,0.013
gaia50,787,"10""",q3c,1,0,400,2.329,0.494
gaia50,787,"10""",skycell,1,0,5,0.089,0.031
gaia50,1118,6',skycell,37,33,9,0.041,0.055
gaia50,1118,6',pgsphere,38,33,15,0.021,0.054
gaia50,1118,6',q3c,18,33,405,2.495,0.537
gaia50,1118,6',skycell-rw,37,33,9,0.075,0.063
gaia50,703,"10""",skycell-rw,1,0,5,0.048,0.034
gaia50,703,"10""",pgsphere,1,0,5,0.024,0.028
gaia50,703,"10""",q3c,1,0,400,2.565,0.504
gaia50,703,"10""",skycell,1,0,5,0.059,0.031
gaia50,1412,1deg,skycell-rw,10704,14483,307,0.151,2.934
gaia50,1412,1deg,skycell,10795,14483,312,0.105,2.707
gaia50,1412,1deg,q3c,4917,14483,685,2.732,3.725
gaia50,1412,1deg,pgsphere,3808,14483,1262,0.082,3.839
gaia50,370,"1""",q3c,1,1,401,2.741,0.711
gaia50,370,"1""",skycell-rw,1,1,9,0.09,0.07
gaia50,370,"1""",pgsphere,1,1,5,0.043,0.068
gaia50,370,"1""",skycell,1,1,10,0.032,0.018
gaia50,1377,30',q3c,63,137,408,2.791,0.724
gaia50,1377,30',pgsphere,952,137,25,0.053,0.12
gaia50,1377,30',skycell,203,137,27,0.067,0.112
gaia50,1377,30',skycell-rw,203,137,27,0.084,0.07
gaia50,1287,6',skycell-rw,3,0,6,0.053,0.036
gaia50,1287,6',pgsphere,38,0,14,0.027,0.079
gaia50,1287,6',q3c,4,0,401,2.675,0.557
gaia50,1287,6',skycell,3,0,6,0.065,0.034
gaia50,1283,6',pgsphere,38,18,8,0.029,0.056
gaia50,1283,6',q3c,3,18,401,2.813,0.578
gaia50,1283,6',skycell-rw,17,18,8,0.084,3.447
gaia50,1283,6',skycell,17,18,7,0.069,0.095
gaia50,138,"1""",q3c,1,1,401,2.86,0.53
gaia50,138,"1""",pgsphere,1,1,6,0.051,0.047
gaia50,138,"1""",skycell-rw,1,1,9,0.071,0.033
gaia50,138,"1""",skycell,1,1,9,0.025,0.013
gaia50,830,1',pgsphere,1,14,14,0.027,0.107
gaia50,830,1',q3c,1,14,402,2.385,0.64
gaia50,830,1',skycell-rw,9,14,11,0.089,0.09
gaia50,830,1',skycell,9,14,11,0.038,0.022
gaia50,1231,6',q3c,15,15,401,2.633,0.482
gaia50,1231,6',pgsphere,38,15,10,0.046,0.05
gaia50,1231,6',skycell,18,15,11,0.051,0.04
gaia50,1231,6',skycell-rw,18,15,11,0.049,0.033
gaia50,1447,3deg,pgsphere,34262,5712,214,0.022,1.655
gaia50,1447,3deg,q3c,1714,5712,510,2.579,1.921
gaia50,1447,3deg,skycell-rw,7341,5712,147,0.203,1.199
gaia50,1447,3deg,skycell,7361,5712,171,0.12,1.029
gaia50,1348,30',q3c,80,199,409,2.675,0.58
gaia50,1348,30',skycell-rw,278,199,17,0.086,0.387
gaia50,1348,30',pgsphere,952,199,25,0.042,0.133
gaia50,1348,30',skycell,277,199,16,0.045,0.08
gaia50,1190,6',q3c,60,719,420,2.623,0.797
gaia50,1190,6',skycell,705,719,52,0.082,0.375
gaia50,1190,6',skycell-rw,707,719,41,0.093,0.444
gaia50,1190,6',pgsphere,38,719,84,0.044,0.303
gaia50,275,"1""",skycell-rw,1,0,4,0.048,0.026
gaia50,275,"1""",q3c,1,0,400,2.425,0.508
gaia50,275,"1""",skycell,1,0,4,0.061,0.028
gaia50,275,"1""",pgsphere,1,0,7,0.025,0.057
gaia50,225,"1""",pgsphere,1,0,8,0.014,0.044
gaia50,225,"1""",skycell,1,0,4,0.021,0.021
gaia50,225,"1""",skycell-rw,1,0,4,0.028,0.007
gaia50,225,"1""",q3c,1,0,400,2.526,0.48
gaia50,1269,6',skycell-rw,11,6,7,0.071,0.061
gaia50,1269,6',q3c,2,6,401,2.692,0.609
gaia50,1269,6',pgsphere,38,6,7,0.046,0.056
gaia50,1269,6',skycell,11,6,20,0.037,0.034
gaia50,1084,1',skycell-rw,5,5,10,0.056,0.051
gaia50,1084,1',pgsphere,1,5,7,0.018,0.035
gaia50,1084,1',skycell,5,5,10,0.021,0.019
gaia50,1084,1',q3c,4,5,401,2.36,0.52
gaia50,985,1',pgsphere,1,0,6,0.051,0.044
gaia50,985,1',q3c,1,0,401,2.824,0.547
gaia50,985,1',skycell-rw,1,0,11,0.103,0.07
gaia50,985,1',skycell,1,0,11,0.053,0.029
gaia50,1173,6',skycell,3,1,5,0.042,0.044
gaia50,1173,6',q3c,2,1,403,2.783,0.522
gaia50,1173,6',skycell-rw,3,1,5,0.068,0.034
gaia50,1173,6',pgsphere,38,1,6,0.022,0.027
gaia50,738,"10""",skycell-rw,1,1,5,0.066,0.07
gaia50,738,"10""",skycell,1,1,5,0.033,0.015
gaia50,738,"10""",pgsphere,1,1,8,0.025,0.067
gaia50,738,"10""",q3c,1,1,401,2.131,0.542
gaia50,277,"1""",skycell-rw,1,0,4,0.068,0.045
gaia50,277,"1""",q3c,1,0,400,2.194,0.529
gaia50,277,"1""",pgsphere,1,0,10,0.05,0.071
gaia50,277,"1""",skycell,1,0,4,0.039,0.02
gaia50,72,"1""",pgsphere,1,1,6,0.028,0.052
gaia50,72,"1""",skycell-rw,1,1,5,0.037,0.025
gaia50,72,"1""",skycell,1,1,5,0.019,0.01
gaia50,72,"1""",q3c,1,1,401,2.231,0.52
gaia50,2,"1""",skycell-rw,1,1,9,0.131,0.049
gaia50,2,"1""",skycell,1,1,9,0.031,0.013
gaia50,2,"1""",pgsphere,1,1,5,0.018,0.03
gaia50,2,"1""",q3c,1,1,401,2.47,0.483
gaia50,526,"10""",skycell-rw,1,1,10,0.083,0.058
gaia50,526,"10""",skycell,1,1,10,0.027,0.015
gaia50,526,"10""",q3c,1,1,401,2.303,0.586
gaia50,526,"10""",pgsphere,1,1,6,0.048,0.062
gaia50,325,"1""",skycell-rw,1,0,8,0.058,0.026
gaia50,325,"1""",skycell,1,0,8,0.036,0.016
gaia50,325,"1""",pgsphere,1,0,4,0.018,0.045
gaia50,325,"1""",q3c,1,0,400,2.782,0.479
gaia50,71,"1""",skycell,1,0,4,0.056,0.023
gaia50,71,"1""",pgsphere,1,0,4,0.024,0.023
gaia50,71,"1""",skycell-rw,1,0,4,0.034,0.086
gaia50,71,"1""",q3c,1,0,400,2.677,0.512
gaia50,123,"1""",pgsphere,1,0,11,0.055,0.096
gaia50,123,"1""",skycell,1,0,4,0.053,0.035
gaia50,123,"1""",skycell-rw,1,0,4,0.043,0.013
gaia50,123,"1""",q3c,1,0,400,2.672,0.592
gaia50,1086,1',skycell,1,1,5,0.058,0.04
gaia50,1086,1',q3c,1,1,401,2.259,0.482
gaia50,1086,1',pgsphere,1,1,7,0.049,0.057
gaia50,1086,1',skycell-rw,1,1,5,0.047,0.022
gaia50,305,"1""",skycell-rw,1,0,8,0.04,0.053
gaia50,305,"1""",skycell,1,0,8,0.031,0.011
gaia50,305,"1""",pgsphere,1,0,4,0.016,0.023
gaia50,305,"1""",q3c,1,0,400,2.551,0.526
gaia50,627,"10""",pgsphere,1,0,5,0.054,0.061
gaia50,627,"10""",skycell-rw,1,0,4,0.044,0.029
gaia50,627,"10""",q3c,1,0,400,2.546,0.526
gaia50,627,"10""",skycell,1,0,4,0.081,0.036
gaia50,440,"10""",pgsphere,1,1,7,0.05,0.079
gaia50,440,"10""",skycell-rw,1,1,5,0.087,0.043
gaia50,440,"10""",skycell,1,1,5,0.062,0.03
gaia50,440,"10""",q3c,1,1,401,3.76,0.888
gaia50,345,"1""",q3c,1,0,400,3.829,0.848
gaia50,345,"1""",pgsphere,1,0,4,0.072,0.126
gaia50,345,"1""",skycell,1,0,4,0.066,0.032
gaia50,345,"1""",skycell-rw,1,0,4,0.065,0.021
gaia50,792,"10""",skycell-rw,1,1,5,0.453,0.041
gaia50,792,"10""",q3c,1,1,401,4.109,0.809
gaia50,792,"10""",pgsphere,1,1,8,0.07,0.107
gaia50,792,"10""",skycell,1,1,5,0.063,0.037
gaia50,552,"10""",pgsphere,1,1,5,0.038,0.055
gaia50,552,"10""",q3c,1,1,401,3.35,0.829
gaia50,552,"10""",skycell,1,1,5,0.083,0.146
gaia50,552,"10""",skycell-rw,1,1,5,0.091,0.033
gaia50,215,"1""",pgsphere,1,0,4,0.045,0.065
gaia50,215,"1""",q3c,1,0,400,3.574,0.872
gaia50,215,"1""",skycell,1,0,4,0.082,0.041
gaia50,215,"1""",skycell-rw,1,0,4,0.071,0.024
gaia50,977,1',pgsphere,1,1,7,0.037,0.189
gaia50,977,1',skycell,1,1,5,0.072,0.053
gaia50,977,1',skycell-rw,1,1,5,0.07,0.027
gaia50,977,1',q3c,1,1,401,3.998,0.824
gaia50,849,1',skycell-rw,1,0,5,0.103,0.068
gaia50,849,1',skycell,1,0,5,0.058,0.03
gaia50,849,1',q3c,1,0,400,3.761,0.84
gaia50,849,1',pgsphere,1,0,6,0.056,0.045
gaia50,861,1',q3c,1,0,401,2.884,0.587
gaia50,861,1',skycell-rw,1,0,5,0.079,0.035
gaia50,861,1',skycell,1,0,5,0.029,0.013
gaia50,861,1',pgsphere,1,0,8,0.026,0.044
gaia50,976,1',skycell-rw,9,10,11,0.057,0.084
gaia50,976,1',skycell,9,10,11,0.032,0.025
gaia50,976,1',q3c,3,10,402,2.563,0.554
gaia50,976,1',pgsphere,1,10,10,0.082,0.074
gaia50,936,1',q3c,7,26,402,2.513,0.599
gaia50,936,1',skycell-rw,30,26,12,0.094,0.085
gaia50,936,1',skycell,30,26,12,0.047,0.047
gaia50,936,1',pgsphere,1,26,12,0.023,0.11
gaia50,749,"10""",q3c,1,0,400,2.85,0.599
gaia50,749,"10""",skycell,1,0,4,0.065,0.027
gaia50,749,"10""",pgsphere,1,0,5,0.027,0.044
gaia50,749,"10""",skycell-rw,1,0,4,0.036,0.009
gaia50,719,"10""",skycell,1,0,5,0.021,0.026
gaia50,719,"10""",pgsphere,1,0,6,0.022,0.037
gaia50,719,"10""",q3c,1,0,400,2.685,0.575
gaia50,719,"10""",skycell-rw,1,0,5,0.077,0.032
gaia50,1249,6',skycell,4,6,5,0.046,0.039
gaia50,1249,6',pgsphere,38,6,6,0.024,0.036
gaia50,1249,6',q3c,1,6,402,2.228,0.642
gaia50,1249,6',skycell-rw,4,6,5,0.075,0.037
gaia50,689,"10""",pgsphere,1,0,6,0.027,0.059
gaia50,689,"10""",skycell,1,0,4,0.046,0.025
gaia50,689,"10""",skycell-rw,1,0,4,0.034,0.009
gaia50,689,"10""",q3c,1,0,400,2.332,0.576
gaia50,808,1',skycell,9,21,12,0.063,0.064
gaia50,808,1',pgsphere,1,21,11,0.028,0.056
gaia50,808,1',q3c,7,21,403,2.566,0.601
gaia50,808,1',skycell-rw,9,21,9,0.076,0.317
gaia50,106,"1""",skycell,1,1,5,0.055,0.04
gaia50,106,"1""",pgsphere,1,1,6,0.042,0.039
gaia50,106,"1""",skycell-rw,1,1,5,0.044,0.019
gaia50,106,"1""",q3c,1,1,401,2.79,0.567
gaia50,510,"10""",q3c,1,2,401,2.418,0.755
gaia50,510,"10""",pgsphere,1,2,6,0.054,0.046
gaia50,510,"10""",skycell,1,2,10,0.041,0.031
gaia50,510,"10""",skycell-rw,1,2,10,0.06,0.03
gaia50,1371,30',pgsphere,952,3703,397,0.027,1.726
gaia50,1371,30',q3c,689,3703,463,2.647,1.311
gaia50,1371,30',skycell,4024,3703,109,0.114,0.832
gaia50,1371,30',skycell-rw,4026,3703,96,0.148,0.716
gaia50,362,"1""",q3c,1,1,401,2.684,0.657
gaia50,362,"1""",skycell-rw,1,1,5,0.078,0.031
gaia50,362,"1""",skycell,1,1,5,0.029,0.013
gaia50,362,"1""",pgsphere,1,1,6,0.019,0.039
gaia50,342,"1""",q3c,1,1,401,2.515,0.623
gaia50,342,"1""",skycell,1,1,5,0.071,0.036
gaia50,342,"1""",pgsphere,1,1,9,0.027,0.054
gaia50,342,"1""",skycell-rw,1,1,5,0.047,0.013
gaia50,551,"10""",skycell,1,0,9,0.028,0.037
gaia50,551,"10""",skycell-rw,1,0,9,0.042,0.016
gaia50,551,"10""",q3c,1,0,400,2.71,0.523
gaia50,551,"10""",pgsphere,1,0,4,0.097,0.054
gaia50,585,"10""",skycell,1,1,5,0.045,0.028
gaia50,585,"10""",pgsphere,1,1,5,0.018,0.03
gaia50,585,"10""",q3c,1,1,401,2.745,0.546
gaia50,585,"10""",skycell-rw,1,1,5,0.076,0.033
gaia50,304,"1""",q3c,1,1,401,2.305,0.653
gaia50,304,"1""",skycell-rw,1,1,5,0.076,0.046
gaia50,304,"1""",pgsphere,1,1,6,0.029,0.037
gaia50,304,"1""",skycell,1,1,5,0.037,0.015
gaia50,1113,6',skycell-rw,3,4,5,0.036,0.02
gaia50,1113,6',skycell,3,4,5,0.021,0.012
gaia50,1113,6',pgsphere,38,4,6,0.014,0.033
gaia50,1113,6',q3c,7,4,402,2.653,0.509
gaia50,447,"10""",pgsphere,1,0,4,0.069,0.081
gaia50,447,"10""",skycell,1,0,17,0.048,0.051
gaia50,447,"10""",q3c,1,0,400,2.694,0.59
gaia50,447,"10""",skycell-rw,1,0,17,0.102,0.044
gaia50,1024,1',skycell-rw,6,3,5,0.054,0.04
gaia50,1024,1',skycell,6,3,5,0.028,0.016
gaia50,1024,1',q3c,1,3,402,2.59,0.544
gaia50,1024,1',pgsphere,1,3,8,0.097,0.082
gaia50,1306,30',skycell-rw,173,143,10,0.064,0.103
gaia50,1306,30',pgsphere,952,143,34,0.019,0.141
gaia50,1306,30',skycell,173,143,15,0.04,0.071
gaia50,1306,30',q3c,60,143,404,2.455,0.661
gaia50,1357,30',skycell,114,313,27,0.069,0.274
gaia50,1357,30',q3c,253,313,409,2.771,0.671
gaia50,1357,30',skycell-rw,114,313,27,0.094,0.206
gaia50,1357,30',pgsphere,952,313,40,0.032,0.167
gaia50,214,"1""",pgsphere,1,1,7,0.023,0.083
gaia50,214,"1""",skycell,1,1,5,0.035,0.023
gaia50,214,"1""",skycell-rw,1,1,5,0.031,0.009
gaia50,214,"1""",q3c,1,1,401,2.625,0.525
gaia50,474,"10""",skycell-rw,1,1,5,0.072,0.048
gaia50,474,"10""",skycell,1,1,5,0.027,0.012
gaia50,474,"10""",q3c,1,1,401,2.641,0.591
gaia50,474,"10""",pgsphere,1,1,5,0.056,0.04
gaia50,88,"1""",pgsphere,1,1,7,0.03,0.084
gaia50,88,"1""",skycell,1,1,5,0.036,0.04
gaia50,88,"1""",q3c,1,1,401,2.653,0.593
gaia50,88,"1""",skycell-rw,1,1,5,0.086,0.035
gaia50,547,"10""",skycell,1,0,9,0.041,0.046
gaia50,547,"10""",pgsphere,1,0,4,0.024,0.028
gaia50,547,"10""",q3c,1,0,400,2.549,0.538
gaia50,547,"10""",skycell-rw,1,0,9,0.086,0.037
gaia50,1107,6',skycell,4,2,5,0.033,0.026
gaia50,1107,6',q3c,1,2,402,2.234,0.57
gaia50,1107,6',pgsphere,38,2,5,0.056,0.047
gaia50,1107,6',skycell-rw,4,2,5,0.055,0.028
gaia50,473,"10""",skycell,1,1,5,0.041,0.033
gaia50,473,"10""",pgsphere,1,1,5,0.018,0.028
gaia50,473,"10""",skycell-rw,1,1,5,0.085,0.014
gaia50,473,"10""",q3c,1,1,401,2.854,0.568
gaia50,48,"1""",skycell-rw,1,1,9,0.085,0.064
gaia50,48,"1""",q3c,1,1,401,2.578,0.556
gaia50,48,"1""",pgsphere,1,1,5,0.049,0.05
gaia50,48,"1""",skycell,1,1,9,0.048,0.029
gaia50,1138,6',skycell-rw,361,285,30,0.073,0.153
gaia50,1138,6',q3c,95,285,409,2.307,0.632
gaia50,1138,6',pgsphere,38,285,39,0.05,0.231
gaia50,1138,6',skycell,360,285,38,0.067,0.157
gaia50,53,"1""",skycell,1,0,8,0.03,0.026
gaia50,53,"1""",skycell-rw,1,0,8,0.046,0.014
gaia50,53,"1""",pgsphere,1,0,9,0.023,0.051
gaia50,53,"1""",q3c,1,0,400,2.764,0.565
gaia50,1430,1deg,skycell-rw,64372,75187,1250,0.198,13.758
gaia50,1430,1deg,skycell,64414,75187,1250,0.112,13.778
gaia50,1430,1deg,pgsphere,3808,75187,6619,0.053,22.121
gaia50,1430,1deg,q3c,25596,75187,1487,2.301,13.973
gaia50,1095,1',q3c,1,0,400,2.687,0.701
gaia50,1095,1',pgsphere,1,0,6,0.053,0.065
gaia50,1095,1',skycell-rw,1,0,5,0.066,0.028
gaia50,1095,1',skycell,1,0,5,0.028,0.013
gaia50,1419,1deg,skycell,829,1166,53,0.06,0.326
gaia50,1419,1deg,q3c,253,1166,428,2.863,0.915
gaia50,1419,1deg,pgsphere,3808,1166,118,0.053,0.415
gaia50,1419,1deg,skycell-rw,831,1166,52,0.143,1.216
gaia50,556,"10""",skycell,1,1,5,0.063,0.052
gaia50,556,"10""",skycell-rw,1,1,5,0.051,0.02
gaia50,556,"10""",pgsphere,1,1,6,0.019,0.052
gaia50,556,"10""",q3c,1,1,401,2.269,0.688
gaia50,715,"10""",q3c,1,0,400,2.838,0.616
gaia50,715,"10""",skycell,1,0,5,0.075,0.035
gaia50,715,"10""",skycell-rw,1,0,5,0.07,0.021
gaia50,715,"10""",pgsphere,1,0,4,0.02,0.027
gaia50,320,"1""",skycell-rw,1,1,9,0.042,0.048
gaia50,320,"1""",q3c,1,1,401,2.853,0.621
gaia50,320,"1""",skycell,1,1,9,0.064,0.035
gaia50,320,"1""",pgsphere,1,1,8,0.03,0.055
gaia50,684,"10""",skycell-rw,1,1,10,0.062,0.037
gaia50,684,"10""",q3c,1,1,401,2.735,0.638
gaia50,684,"10""",skycell,1,1,10,0.098,0.055
gaia50,684,"10""",pgsphere,1,1,8,0.044,0.057
gaia50,1275,6',pgsphere,38,2,7,0.024,0.049
gaia50,1275,6',q3c,2,2,401,2.865,0.535
gaia50,1275,6',skycell,4,2,20,0.063,0.048
gaia50,1275,6',skycell-rw,4,2,18,0.061,0.447
gaia50,763,"10""",q3c,1,0,400,2.875,0.583
gaia50,763,"10""",skycell-rw,1,0,4,0.075,0.028
gaia50,763,"10""",skycell,1,0,4,0.03,0.011
gaia50,763,"10""",pgsphere,1,0,4,0.019,0.065
gaia50,1141,6',skycell-rw,21,18,11,0.049,0.071
gaia50,1141,6',skycell,20,18,12,0.034,0.026
gaia50,1141,6',q3c,5,18,402,2.674,0.586
gaia50,1141,6',pgsphere,38,18,6,0.051,0.049
gaia50,1410,1deg,skycell-rw,28098,32842,567,0.202,5.67
gaia50,1410,1deg,pgsphere,3808,32842,2928,0.049,9.45
gaia50,1410,1deg,q3c,16023,32842,902,2.508,6.502
gaia50,1410,1deg,skycell,28095,32842,567,0.115,5.773
gaia50,824,1',skycell-rw,2,3,5,0.078,0.04
gaia50,824,1',q3c,1,3,401,2.375,0.544
gaia50,824,1',skycell,2,3,5,0.062,0.034
gaia50,824,1',pgsphere,1,3,5,0.038,0.039
gaia50,622,"10""",q3c,1,1,401,2.944,0.591
gaia50,622,"10""",skycell,1,1,5,0.063,0.046
gaia50,622,"10""",pgsphere,1,1,7,0.028,0.046
gaia50,622,"10""",skycell-rw,1,1,5,0.032,0.011
gaia50,1279,6',q3c,3,1,402,2.535,0.552
gaia50,1279,6',skycell-rw,3,1,5,0.075,0.035
gaia50,1279,6',skycell,3,1,5,0.03,0.019
gaia50,1279,6',pgsphere,38,1,6,0.018,0.049
gaia50,255,"1""",skycell-rw,1,0,4,0.029,0.023
gaia50,255,"1""",q3c,1,0,400,2.979,0.624
gaia50,255,"1""",skycell,1,0,4,0.062,0.027
gaia50,255,"1""",pgsphere,1,0,5,0.027,0.032
gaia50,185,"1""",q3c,1,0,400,2.898,0.648
gaia50,185,"1""",pgsphere,1,0,4,0.111,0.041
gaia50,185,"1""",skycell,1,0,4,0.041,0.023
gaia50,185,"1""",skycell-rw,1,0,4,0.033,0.009
gaia50,68,"1""",skycell,1,1,5,0.023,0.03
gaia50,68,"1""",pgsphere,1,1,8,0.018,0.072
gaia50,68,"1""",skycell-rw,1,1,5,0.044,0.017
gaia50,68,"1""",q3c,1,1,401,2.39,0.644
gaia50,353,"1""",q3c,1,0,400,2.475,0.594
gaia50,353,"1""",pgsphere,1,0,6,0.053,0.045
gaia50,353,"1""",skycell,1,0,4,0.061,0.025
gaia50,353,"1""",skycell-rw,1,0,4,0.035,0.009
gaia50,504,"10""",q3c,1,1,401,2.888,0.606
gaia50,504,"10""",pgsphere,1,1,5,0.053,0.085
gaia50,504,"10""",skycell,1,1,5,0.043,0.036
gaia50,504,"10""",skycell-rw,1,1,5,0.035,0.011
gaia50,591,"10""",q3c,1,3,401,2.316,0.534
gaia50,591,"10""",pgsphere,1,3,6,0.053,0.056
gaia50,591,"10""",skycell-rw,1,3,5,0.051,0.028
gaia50,591,"10""",skycell,1,3,5,0.033,0.02
gaia50,292,"1""",pgsphere,1,1,6,0.02,0.036
gaia50,292,"1""",q3c,1,1,401,2.912,0.555
gaia50,292,"1""",skycell-rw,1,1,9,0.098,0.044
gaia50,292,"1""",skycell,1,1,9,0.049,0.026
gaia50,982,1',skycell-rw,7,4,11,0.053,0.043
gaia50,982,1',q3c,2,4,401,2.754,0.625
gaia50,982,1',pgsphere,1,4,7,0.055,0.048
gaia50,982,1',skycell,7,4,11,0.043,0.038
gaia50,916,1',pgsphere,1,26,15,0.021,0.102
gaia50,916,1',skycell,13,26,10,0.028,0.081
gaia50,916,1',q3c,12,26,403,2.385,0.656
gaia50,916,1',skycell-rw,13,26,10,0.077,0.075
gaia50,341,"1""",q3c,1,0,400,2.663,0.539
gaia50,341,"1""",skycell-rw,1,0,4,0.083,0.037
gaia50,341,"1""",skycell,1,0,4,0.099,0.023
gaia50,341,"1""",pgsphere,1,0,4,0.028,0.044
gaia50,290,"1""",q3c,1,1,401,2.705,0.56
gaia50,290,"1""",pgsphere,1,1,5,0.063,0.053
gaia50,290,"1""",skycell-rw,1,1,5,0.209,0.034
gaia50,290,"1""",skycell,1,1,5,0.042,0.016
gaia50,1020,1',skycell,6,7,5,0.025,0.035
gaia50,1020,1',q3c,3,7,401,3.094,0.619
gaia50,1020,1',skycell-rw,6,7,5,0.073,0.044
gaia50,1020,1',pgsphere,1,7,7,0.059,0.063
gaia50,1004,1',q3c,1,3,401,2.813,0.609
gaia50,1004,1',skycell-rw,1,3,5,0.076,0.051
gaia50,1004,1',pgsphere,1,3,6,0.035,0.039
gaia50,1004,1',skycell,1,3,5,0.029,0.03
gaia50,574,"10""",q3c,1,1,401,2.963,0.572
gaia50,574,"10""",skycell,1,1,9,0.061,0.042
gaia50,574,"10""",pgsphere,1,1,6,0.046,0.049
gaia50,574,"10""",skycell-rw,1,1,9,0.059,0.035
gaia50,988,1',q3c,1,1,401,2.563,0.57
gaia50,988,1',skycell-rw,1,1,5,0.081,0.054
gaia50,988,1',skycell,1,1,5,0.041,0.021
gaia50,988,1',pgsphere,1,1,5,0.024,0.032
gaia50,435,"10""",skycell-rw,1,0,4,0.038,0.028
gaia50,435,"10""",skycell,1,0,4,0.029,0.011
gaia50,435,"10""",q3c,1,0,400,2.866,0.593
gaia50,435,"10""",pgsphere,1,0,6,0.061,0.056
gaia50,1013,1',skycell-rw,2,0,5,0.103,0.038
gaia50,1013,1',q3c,1,0,400,2.842,0.571
gaia50,1013,1',skycell,2,0,5,0.116,0.04
gaia50,1013,1',pgsphere,1,0,6,0.032,0.041
gaia50,794,"10""",pgsphere,1,2,9,0.023,0.066
gaia50,794,"10""",skycell,1,2,5,0.027,0.027
gaia50,794,"10""",skycell-rw,1,2,5,0.036,0.015
gaia50,794,"10""",q3c,1,2,401,2.733,0.677
gaia50,1426,1deg,skycell-rw,86197,100443,1590,0.351,19.511
gaia50,1426,1deg,skycell,86273,100443,1590,0.126,20.635
gaia50,1426,1deg,q3c,22701,100443,1801,2.67,19.488
gaia50,1426,1deg,pgsphere,3808,100443,8255,0.067,30.164
gaia50,554,"10""",skycell-rw,1,2,5,0.11,0.038
gaia50,554,"10""",pgsphere,1,2,6,0.025,0.034
gaia50,554,"10""",q3c,1,2,401,2.476,0.815
gaia50,554,"10""",skycell,1,2,5,0.072,0.036
gaia50,633,"10""",q3c,1,0,400,3.011,0.742
gaia50,633,"10""",skycell-rw,1,0,4,0.081,0.034
gaia50,633,"10""",pgsphere,1,0,4,0.051,0.048
gaia50,633,"10""",skycell,1,0,4,0.044,0.023
gaia50,34,"1""",skycell-rw,1,1,5,0.037,0.02
gaia50,34,"1""",q3c,1,1,401,3.038,0.741
gaia50,34,"1""",pgsphere,1,1,7,0.056,0.063
gaia50,34,"1""",skycell,1,1,5,0.04,0.026
gaia50,127,"1""",skycell-rw,1,0,8,0.055,0.024
gaia50,127,"1""",q3c,1,0,400,2.907,0.909
gaia50,127,"1""",pgsphere,1,0,6,0.056,0.092
gaia50,127,"1""",skycell,1,0,8,0.065,0.032
gaia50,1221,6',pgsphere,38,14,9,0.031,0.07
gaia50,1221,6',skycell,5,14,11,0.029,0.036
gaia50,1221,6',skycell-rw,5,14,11,0.07,0.045
gaia50,1221,6',q3c,5,14,402,2.716,0.649
gaia50,421,"10""",q3c,1,0,400,2.928,0.677
gaia50,421,"10""",skycell-rw,1,0,5,0.08,0.033
gaia50,421,"10""",pgsphere,1,0,6,0.041,0.048
gaia50,421,"10""",skycell,1,0,5,0.034,0.021
gaia50,1034,1',skycell-rw,14,12,11,0.06,0.077
gaia50,1034,1',pgsphere,1,12,12,0.028,0.065
gaia50,1034,1',skycell,14,12,11,0.045,0.037
gaia50,1034,1',q3c,3,12,402,2.916,0.615
gaia50,1091,1',skycell-rw,1,0,5,0.085,0.045
gaia50,1091,1',skycell,1,0,5,0.031,0.012
gaia50,1091,1',pgsphere,1,0,6,0.019,0.045
gaia50,1091,1',q3c,1,0,400,3.208,0.832
gaia50,439,"10""",q3c,1,0,400,2.863,0.766
gaia50,439,"10""",skycell-rw,1,0,4,0.076,0.029
gaia50,439,"10""",skycell,1,0,4,0.031,0.011
gaia50,439,"10""",pgsphere,1,0,6,0.029,0.057
gaia50,54,"1""",skycell-rw,1,1,5,0.037,0.03
gaia50,54,"1""",pgsphere,1,1,8,0.018,0.041
gaia50,54,"1""",q3c,1,1,401,2.741,0.543
gaia50,54,"1""",skycell,1,1,5,0.063,0.034
gaia50,56,"1""",skycell-rw,1,1,5,0.044,0.115
gaia50,56,"1""",pgsphere,1,1,6,0.033,0.045
gaia50,56,"1""",skycell,1,1,5,0.028,0.02
gaia50,56,"1""",q3c,1,1,401,2.947,0.697
gaia50,1105,6',q3c,2,3,401,2.855,0.687
gaia50,1105,6',skycell-rw,3,3,11,0.09,0.057
gaia50,1105,6',pgsphere,38,3,6,0.025,0.061
gaia50,1105,6',skycell,3,3,11,0.062,0.042
gaia50,151,"1""",skycell-rw,1,0,4,0.058,0.04
gaia50,151,"1""",q3c,1,0,400,2.911,0.722
gaia50,151,"1""",pgsphere,1,0,5,0.056,0.044
gaia50,151,"1""",skycell,1,0,4,0.039,0.023
gaia50,710,"10""",pgsphere,1,1,6,0.029,0.046
gaia50,710,"10""",skycell,1,1,10,0.029,0.028
gaia50,710,"10""",q3c,1,1,401,2.768,0.56
gaia50,710,"10""",skycell-rw,1,1,10,0.089,0.047
gaia50,125,"1""",skycell,1,0,4,0.076,0.035
gaia50,125,"1""",skycell-rw,1,0,4,0.037,0.009
gaia50,125,"1""",q3c,1,0,400,2.365,0.648
gaia50,125,"1""",pgsphere,1,0,6,0.051,0.044
gaia50,1356,30',skycell-rw,4680,4816,141,0.221,1.196
gaia50,1356,30',q3c,2686,4816,474,2.741,2.303
gaia50,1356,30',skycell,4669,4816,162,0.116,1.052
gaia50,1356,30',pgsphere,952,4816,506,0.05,1.987
gaia50,967,1',skycell-rw,1,0,5,0.153,0.029
gaia50,967,1',q3c,1,0,400,2.577,0.595
gaia50,967,1',skycell,1,0,5,0.062,0.031
gaia50,967,1',pgsphere,1,0,6,0.026,0.033
gaia50,1171,6',skycell,37,32,20,0.03,0.063
gaia50,1171,6',skycell-rw,38,32,20,0.14,0.048
gaia50,1171,6',pgsphere,38,32,15,0.02,0.084
gaia50,1171,6',q3c,17,32,402,2.216,0.63
gaia50,1109,6',pgsphere,38,1,5,0.05,0.054
gaia50,1109,6',skycell,3,1,10,0.037,0.033
gaia50,1109,6',skycell-rw,3,1,10,0.045,0.022
gaia50,1109,6',q3c,2,1,401,2.16,0.556
gaia50,631,"10""",skycell-rw,1,0,4,0.109,0.026
gaia50,631,"10""",pgsphere,1,0,6,0.026,0.034
gaia50,631,"10""",skycell,1,0,4,0.026,0.012
gaia50,631,"10""",q3c,1,0,400,2.605,0.574
gaia50,852,1',skycell-rw,6,7,10,0.086,0.094
gaia50,852,1',pgsphere,1,7,7,0.033,0.047
gaia50,852,1',skycell,6,7,10,0.033,0.019
gaia50,852,1',q3c,2,7,401,2.361,0.597
gaia50,728,"10""",skycell-rw,1,1,5,0.072,0.045
gaia50,728,"10""",pgsphere,1,1,6,0.023,0.031
gaia50,728,"10""",skycell,1,1,5,0.025,0.012
gaia50,728,"10""",q3c,1,1,401,3.369,0.566
gaia50,1236,6',pgsphere,38,9,6,0.052,0.054
gaia50,1236,6',skycell-rw,11,9,16,0.072,0.078
gaia50,1236,6',q3c,11,9,402,2.666,0.586
gaia50,1236,6',skycell,10,9,16,0.151,0.061
gaia50,1199,6',skycell-rw,4,5,5,0.132,0.043
gaia50,1199,6',q3c,5,5,403,2.904,0.692
gaia50,1199,6',pgsphere,38,5,7,0.053,0.064
gaia50,1199,6',skycell,4,5,5,0.038,0.035
gaia50,1393,30',q3c,1306,2237,443,3.308,1.118
gaia50,1393,30',skycell-rw,2204,2237,74,0.147,0.648
gaia50,1393,30',skycell,2177,2237,82,0.088,0.544
gaia50,1393,30',pgsphere,952,2237,252,0.036,1.037
gaia50,729,"10""",q3c,1,0,400,2.584,0.643
gaia50,729,"10""",pgsphere,1,0,6,0.053,0.053
gaia50,729,"10""",skycell-rw,1,0,4,0.056,0.03
gaia50,729,"10""",skycell,1,0,4,0.036,0.054
gaia50,851,1',pgsphere,1,0,4,0.028,0.044
gaia50,851,1',skycell,1,0,10,0.076,0.031
gaia50,851,1',q3c,1,0,400,2.823,0.68
gaia50,851,1',skycell-rw,1,0,9,0.101,0.046
gaia50,698,"10""",q3c,1,1,401,2.771,0.613
gaia50,698,"10""",pgsphere,1,1,5,0.052,0.054
gaia50,698,"10""",skycell,1,1,5,0.043,0.037
gaia50,698,"10""",skycell-rw,1,1,5,0.036,0.011
gaia50,207,"1""",q3c,1,0,400,3.321,0.777
gaia50,207,"1""",pgsphere,1,0,6,0.103,0.046
gaia50,207,"1""",skycell,1,0,4,0.04,0.027
gaia50,207,"1""",skycell-rw,1,0,4,0.036,0.01
gaia50,1145,6',q3c,15,17,401,2.744,0.632
gaia50,1145,6',skycell,29,17,21,0.064,0.05
gaia50,1145,6',skycell-rw,29,17,8,0.044,0.042
gaia50,1145,6',pgsphere,38,17,9,0.017,0.057
gaia50,546,"10""",pgsphere,1,1,5,0.014,0.049
gaia50,546,"10""",q3c,1,1,401,2.309,0.546
gaia50,546,"10""",skycell-rw,1,1,10,0.092,0.067
gaia50,546,"10""",skycell,1,1,9,0.046,0.021
gaia50,157,"1""",pgsphere,1,0,7,0.036,0.049
gaia50,157,"1""",q3c,1,0,400,6.547,0.951
gaia50,157,"1""",skycell,1,0,4,0.067,0.033
gaia50,157,"1""",skycell-rw,1,0,4,0.058,0.018
gaia50,1167,6',skycell-rw,88,101,17,0.064,0.086
gaia50,1167,6',pgsphere,38,101,22,0.033,0.106
gaia50,1167,6',skycell,89,101,17,0.072,0.343
gaia50,1167,6',q3c,16,101,408,7.088,1.309
gaia50,322,"1""",skycell-rw,1,1,5,0.081,0.046
gaia50,322,"1""",pgsphere,1,1,5,0.041,0.043
gaia50,322,"1""",q3c,1,1,401,4.519,1.568
gaia50,322,"1""",skycell,1,1,5,0.066,0.035
gaia50,403,"10""",skycell,1,0,5,0.053,0.026
gaia50,403,"10""",q3c,1,0,401,4.653,0.954
gaia50,403,"10""",skycell-rw,1,0,5,0.076,0.037
gaia50,403,"10""",pgsphere,1,0,6,0.042,0.043
gaia50,484,"10""",pgsphere,1,1,9,0.019,0.51
gaia50,484,"10""",skycell-rw,1,1,5,0.058,0.039
gaia50,484,"10""",skycell,1,1,5,0.035,0.019
gaia50,484,"10""",q3c,1,1,401,3.793,1.309
gaia50,449,"10""",skycell-rw,1,0,4,0.079,0.028
gaia50,449,"10""",skycell,1,0,4,0.028,0.01
gaia50,449,"10""",pgsphere,1,0,5,0.033,0.052
gaia50,449,"10""",q3c,1,0,400,4.991,1.581
gaia50,753,"10""",skycell,1,0,4,0.067,0.04
gaia50,753,"10""",skycell-rw,1,0,4,0.059,0.015
gaia50,753,"10""",pgsphere,1,0,9,0.608,0.084
gaia50,753,"10""",q3c,1,0,400,5.103,1.11
gaia50,1375,30',pgsphere,952,6300,523,0.055,4.434
gaia50,1375,30',skycell-rw,8298,6300,177,0.232,2.829
gaia50,1375,30',skycell,8313,6300,181,0.111,2.204
gaia50,1375,30',q3c,6172,6300,520,3.986,3.93
gaia50,482,"10""",pgsphere,1,1,6,0.057,0.061
gaia50,482,"10""",q3c,1,1,401,4.092,1.517
gaia50,482,"10""",skycell-rw,1,1,9,0.911,0.072
gaia50,482,"10""",skycell,1,1,10,0.055,0.022
gaia50,282,"1""",skycell-rw,1,1,9,0.092,0.076
gaia50,282,"1""",skycell,1,1,9,0.36,0.034
gaia50,282,"1""",q3c,1,1,401,4.815,0.657
gaia50,282,"1""",pgsphere,1,1,5,0.056,0.045
gaia50,624,"10""",pgsphere,1,1,6,0.021,0.121
gaia50,624,"10""",q3c,1,1,401,5.951,0.713
gaia50,624,"10""",skycell-rw,1,1,5,0.084,0.039
gaia50,624,"10""",skycell,1,1,5,0.036,0.016
gaia50,1225,6',skycell-rw,46,9,10,0.597,0.052
gaia50,1225,6',skycell,45,9,10,0.039,0.022
gaia50,1225,6',pgsphere,38,9,8,0.021,0.064
gaia50,1225,6',q3c,31,9,403,6.477,1.641
gaia50,407,"10""",skycell,1,0,8,0.454,0.038
gaia50,407,"10""",skycell-rw,1,0,8,0.069,0.021
gaia50,407,"10""",q3c,1,0,400,5.552,0.789
gaia50,407,"10""",pgsphere,1,0,6,0.047,0.046
gaia50,506,"10""",skycell,1,1,5,0.054,0.044
gaia50,506,"10""",q3c,1,1,401,3.645,1.344
gaia50,506,"10""",pgsphere,1,1,8,0.051,0.058
gaia50,506,"10""",skycell-rw,1,1,5,0.051,0.025
gaia50,246,"1""",skycell-rw,1,1,5,0.043,0.016
gaia50,246,"1""",skycell,1,1,5,0.039,0.022
gaia50,246,"1""",pgsphere,1,1,5,0.019,0.036
gaia50,246,"1""",q3c,1,1,401,4.44,1.081
gaia50,783,"10""",pgsphere,1,0,6,0.048,0.586
gaia50,783,"10""",skycell-rw,1,0,4,0.059,0.021
gaia50,783,"10""",q3c,1,0,400,5.138,0.575
gaia50,783,"10""",skycell,1,0,4,0.066,0.029
gaia50,529,"10""",skycell-rw,1,0,4,0.829,0.036
gaia50,529,"10""",q3c,1,0,400,4.159,0.536
gaia50,529,"10""",skycell,1,0,4,0.067,0.036
gaia50,529,"10""",pgsphere,1,0,8,0.032,0.051
gaia50,217,"1""",q3c,1,0,400,2.605,0.601
gaia50,217,"1""",skycell,1,0,4,0.056,0.025
gaia50,217,"1""",skycell-rw,1,0,4,0.048,0.014
gaia50,217,"1""",pgsphere,1,0,7,0.018,0.04
gaia50,1277,6',q3c,96,932,423,2.449,0.789
gaia50,1277,6',skycell-rw,1056,932,48,0.124,0.346
gaia50,1277,6',skycell,1053,932,48,0.081,0.215
gaia50,1277,6',pgsphere,38,932,98,0.034,0.392
gaia50,818,1',pgsphere,1,1,5,0.029,0.044
gaia50,818,1',skycell,1,1,5,0.029,0.022
gaia50,818,1',skycell-rw,1,1,5,0.029,0.01
gaia50,818,1',q3c,1,1,401,2.38,0.493
gaia50,1065,1',skycell,1,0,10,0.058,0.035
gaia50,1065,1',q3c,1,0,400,2.251,0.483
gaia50,1065,1',pgsphere,1,0,5,0.047,0.038
gaia50,1065,1',skycell-rw,1,0,10,0.062,0.033
gaia50,832,1',q3c,3,3,401,2.47,0.543
gaia50,832,1',skycell,5,3,6,0.055,0.047
gaia50,832,1',pgsphere,1,3,5,0.03,0.055
gaia50,832,1',skycell-rw,5,3,6,0.038,0.018
gaia50,759,"10""",skycell-rw,1,0,4,0.025,0.026
gaia50,759,"10""",pgsphere,1,0,7,0.014,0.046
gaia50,759,"10""",q3c,1,0,400,2.626,0.487
gaia50,759,"10""",skycell,1,0,4,0.053,0.025
gaia50,865,1',pgsphere,1,0,4,0.025,0.05
gaia50,865,1',skycell,1,0,5,0.028,0.03
gaia50,865,1',q3c,1,0,400,2.689,0.504
gaia50,865,1',skycell-rw,1,0,5,0.065,0.036
gaia50,740,"10""",skycell-rw,1,1,9,0.055,0.04
gaia50,740,"10""",pgsphere,1,1,8,0.025,0.05
gaia50,740,"10""",skycell,1,1,10,0.024,0.016
gaia50,740,"10""",q3c,1,1,401,2.687,0.473
gaia50,895,1',pgsphere,1,0,4,0.045,0.03
gaia50,895,1',q3c,1,0,400,2.54,0.48
gaia50,895,1',skycell-rw,1,0,5,0.066,0.029
gaia50,895,1',skycell,1,0,5,0.027,0.012
gaia50,213,"1""",q3c,1,0,400,2.244,0.475
gaia50,213,"1""",pgsphere,1,0,4,0.044,0.03
gaia50,213,"1""",skycell-rw,1,0,5,0.048,0.021
gaia50,213,"1""",skycell,1,0,5,0.022,0.009
gaia50,994,1',skycell-rw,2,1,5,0.036,0.024
gaia50,994,1',pgsphere,1,1,5,0.016,0.028
gaia50,994,1',q3c,1,1,401,2.502,0.56
gaia50,994,1',skycell,2,1,5,0.054,0.031
gaia50,914,1',pgsphere,1,16,7,0.025,0.053
gaia50,914,1',skycell-rw,13,16,12,0.048,0.048
gaia50,914,1',q3c,6,16,402,2.825,0.544
gaia50,914,1',skycell,13,16,12,0.057,0.046
gaia50,451,"10""",skycell-rw,1,0,5,0.049,0.033
gaia50,451,"10""",pgsphere,1,0,4,0.02,0.023
gaia50,451,"10""",skycell,1,0,5,0.02,0.021
gaia50,451,"10""",q3c,1,0,400,2.421,0.494
gaia50,842,1',pgsphere,1,5,6,0.076,0.055
gaia50,842,1',q3c,2,5,401,2.378,0.532
gaia50,842,1',skycell-rw,2,5,6,0.078,0.048
gaia50,842,1',skycell,2,5,6,0.029,0.015
gaia50,1411,1deg,skycell,1508,1779,71,0.054,0.567
gaia50,1411,1deg,pgsphere,3808,1779,177,0.037,0.621
gaia50,1411,1deg,q3c,788,1779,432,2.418,1.034
gaia50,1411,1deg,skycell-rw,1513,1779,66,0.132,0.468
gaia50,489,"10""",q3c,1,0,400,2.085,0.503
gaia50,489,"10""",skycell-rw,1,0,4,0.089,0.03
gaia50,489,"10""",pgsphere,1,0,4,0.032,0.026
gaia50,489,"10""",skycell,1,0,4,0.029,0.014
gaia50,199,"1""",pgsphere,1,0,4,0.027,0.044
gaia50,199,"1""",q3c,1,0,400,2.654,0.541
gaia50,199,"1""",skycell,1,0,4,0.054,0.027
gaia50,199,"1""",skycell-rw,1,0,4,0.043,0.013
gaia50,838,1',q3c,1,2,401,2.677,0.51
gaia50,838,1',pgsphere,1,2,5,0.048,0.047
gaia50,838,1',skycell-rw,3,2,5,0.046,0.025
gaia50,838,1',skycell,3,2,5,0.022,0.012
gaia50,1282,6',skycell-rw,251,168,15,0.054,0.136
gaia50,1282,6',q3c,123,168,409,2.346,0.576
gaia50,1282,6',pgsphere,38,168,27,0.046,0.146
gaia50,1282,6',skycell,251,168,15,0.05,0.093
gaia50,1164,6',skycell-rw,925,1096,50,0.104,0.431
gaia50,1164,6',pgsphere,38,1096,126,0.036,0.451
gaia50,1164,6',skycell,922,1096,50,0.077,0.333
gaia50,1164,6',q3c,267,1096,428,2.524,0.907
gaia50,862,1',q3c,1,1,401,2.654,0.594
gaia50,862,1',pgsphere,1,1,9,0.052,0.068
gaia50,862,1',skycell,1,1,5,0.046,0.028
gaia50,862,1',skycell-rw,1,1,6,0.042,0.281
gaia50,847,1',pgsphere,1,0,4,0.041,0.051
gaia50,847,1',skycell-rw,1,0,5,0.042,0.031
gaia50,847,1',skycell,1,0,5,0.024,0.011
gaia50,847,1',q3c,1,0,400,2.559,0.79
gaia50,1179,6',skycell-rw,287,275,26,0.101,0.141
gaia50,1179,6',q3c,76,275,409,2.713,0.614
gaia50,1179,6',skycell,285,275,26,0.065,0.236
gaia50,1179,6',pgsphere,38,275,40,0.051,0.2
gaia50,462,"10""",skycell-rw,1,2,9,0.07,0.033
gaia50,462,"10""",pgsphere,1,2,8,0.03,0.04
gaia50,462,"10""",q3c,1,2,402,2.754,0.512
gaia50,462,"10""",skycell,1,2,10,0.057,0.033
gaia50,28,"1""",skycell-rw,1,1,5,0.059,0.025
gaia50,28,"1""",pgsphere,1,1,8,0.021,0.04
gaia50,28,"1""",skycell,1,1,5,0.022,0.011
gaia50,28,"1""",q3c,1,1,401,2.313,0.597
gaia50,874,1',pgsphere,1,27,12,0.05,0.104
gaia50,874,1',skycell-rw,24,27,8,0.049,0.073
gaia50,874,1',skycell,24,27,11,0.063,0.033
gaia50,874,1',q3c,6,27,402,2.216,0.541
gaia50,1096,1',skycell-rw,24,34,7,0.067,0.053
gaia50,1096,1',pgsphere,1,34,7,0.026,0.055
gaia50,1096,1',skycell,24,34,7,0.033,0.027
gaia50,1096,1',q3c,9,34,402,2.478,0.569
gaia50,347,"1""",skycell-rw,1,0,4,0.08,0.041
gaia50,347,"1""",pgsphere,1,0,4,0.036,0.029
gaia50,347,"1""",skycell,1,0,4,0.039,0.021
gaia50,347,"1""",q3c,1,0,400,2.462,0.485
gaia50,375,"1""",pgsphere,1,0,7,0.045,0.06
gaia50,375,"1""",q3c,1,0,400,2.702,0.491
gaia50,375,"1""",skycell-rw,1,0,4,0.068,0.024
gaia50,375,"1""",skycell,1,0,4,0.027,0.009
gaia50,1076,1',q3c,1,3,402,2.742,0.532
gaia50,1076,1',pgsphere,1,3,6,0.048,0.041
gaia50,1076,1',skycell-rw,3,3,5,0.045,0.063
gaia50,1076,1',skycell,3,3,5,0.03,0.021
gaia50,1365,30',pgsphere,952,392,63,0.018,0.205
gaia50,1365,30',skycell,430,392,36,0.04,0.149
gaia50,1365,30',q3c,891,392,414,2.561,0.686
gaia50,1365,30',skycell-rw,430,392,33,0.113,0.16
gaia50,85,"1""",q3c,1,0,400,2.68,0.515
gaia50,85,"1""",skycell-rw,1,0,8,0.081,0.065
gaia50,85,"1""",pgsphere,1,0,5,0.033,0.033
gaia50,85,"1""",skycell,1,0,8,0.028,0.013
gaia50,1340,30',skycell-rw,4698,8141,172,0.124,1.788
gaia50,1340,30',pgsphere,952,8141,639,0.043,2.164
gaia50,1340,30',q3c,1950,8141,529,2.859,2.151
gaia50,1340,30',skycell,4691,8141,183,0.104,1.544
gaia50,422,"10""",q3c,1,1,401,2.607,0.559
gaia50,422,"10""",pgsphere,1,1,5,0.079,0.069
gaia50,422,"10""",skycell,1,1,5,0.045,0.049
gaia50,422,"10""",skycell-rw,1,1,5,0.036,0.011
gaia50,55,"1""",q3c,1,0,400,2.91,0.62
gaia50,55,"1""",pgsphere,1,0,6,0.052,0.086
gaia50,55,"1""",skycell-rw,1,0,8,0.071,0.027
gaia50,55,"1""",skycell,1,0,8,0.026,0.011
gaia50,539,"10""",skycell,1,0,4,0.02,0.026
gaia50,539,"10""",q3c,1,0,400,2.551,0.495
gaia50,539,"10""",pgsphere,1,0,8,0.051,0.055
gaia50,539,"10""",skycell-rw,1,0,4,0.047,0.019
gaia50,1,"1""",skycell,1,0,4,0.033,0.026
gaia50,1,"1""",q3c,1,0,400,2.551,0.622
gaia50,1,"1""",pgsphere,1,0,4,0.05,0.033
gaia50,1,"1""",skycell-rw,1,0,4,0.045,0.018
gaia50,136,"1""",q3c,1,1,401,2.611,0.581
gaia50,136,"1""",pgsphere,1,1,7,0.054,0.062
gaia50,136,"1""",skycell-rw,1,1,5,0.072,0.032
gaia50,136,"1""",skycell,1,1,5,0.043,0.019
gaia50,723,"10""",pgsphere,1,0,6,0.028,0.115
gaia50,723,"10""",q3c,1,0,400,2.761,0.587
gaia50,723,"10""",skycell-rw,1,0,4,0.075,0.026
gaia50,723,"10""",skycell,1,0,4,0.037,0.015
gaia50,359,"1""",skycell-rw,1,0,4,0.051,0.021
gaia50,359,"1""",q3c,1,0,400,3.006,0.504
gaia50,359,"1""",skycell,1,0,4,0.055,0.026
gaia50,359,"1""",pgsphere,1,0,4,0.028,0.025
gaia50,369,"1""",q3c,1,0,400,2.495,0.5
gaia50,369,"1""",skycell,1,0,4,0.055,0.024
gaia50,369,"1""",skycell-rw,1,0,4,0.047,0.011
gaia50,369,"1""",pgsphere,1,0,7,0.017,0.047
gaia50,774,"10""",q3c,1,1,401,2.36,0.514
gaia50,774,"10""",skycell-rw,1,1,5,0.072,0.029
gaia50,774,"10""",skycell,1,1,5,0.031,0.013
gaia50,774,"10""",pgsphere,1,1,5,0.023,0.028
gaia50,520,"10""",skycell-rw,1,1,9,0.081,0.051
gaia50,520,"10""",pgsphere,1,1,7,0.017,0.057
gaia50,520,"10""",q3c,1,1,401,2.409,0.509
gaia50,520,"10""",skycell,1,1,10,0.054,0.059
gaia50,221,"1""",q3c,1,0,400,2.362,0.53
gaia50,221,"1""",skycell-rw,1,0,4,0.066,0.024
gaia50,221,"1""",skycell,1,0,4,0.027,0.048
gaia50,221,"1""",pgsphere,1,0,4,0.022,0.039
gaia50,350,"1""",q3c,1,1,401,2.391,0.653
gaia50,350,"1""",skycell-rw,1,1,5,0.069,0.122
gaia50,350,"1""",pgsphere,1,1,6,0.039,0.058
gaia50,350,"1""",skycell,1,1,5,0.035,0.019
gaia50,1322,30',skycell,6725,6395,181,0.07,1.462
gaia50,1322,30',pgsphere,952,6395,507,0.039,1.782
gaia50,1322,30',q3c,4312,6395,523,2.71,1.939
gaia50,1322,30',skycell-rw,6712,6395,176,0.167,1.144
gaia50,252,"1""",q3c,1,1,401,2.245,0.554
gaia50,252,"1""",skycell,1,1,5,0.059,0.032
gaia50,252,"1""",pgsphere,1,1,7,0.025,0.036
gaia50,252,"1""",skycell-rw,1,1,5,0.036,0.013
gaia50,1435,1deg,q3c,1675,2904,451,2.365,1.115
gaia50,1435,1deg,skycell-rw,2280,2904,92,0.138,0.892
gaia50,1435,1deg,skycell,2338,2904,108,0.101,0.587
gaia50,1435,1deg,pgsphere,3808,2904,297,0.035,0.931
gaia50,960,1',skycell-rw,14,14,6,0.072,0.05
gaia50,960,1',q3c,10,14,403,2.533,0.54
gaia50,960,1',pgsphere,1,14,7,0.064,0.061
gaia50,960,1',skycell,14,14,6,0.046,0.035
gaia50,929,1',skycell-rw,1,1,5,0.036,0.036
gaia50,929,1',q3c,1,1,401,2.211,0.56
gaia50,929,1',skycell,1,1,5,0.062,0.044
gaia50,929,1',pgsphere,1,1,6,0.03,0.048
gaia50,1102,6',skycell,253,369,30,0.043,0.214
gaia50,1102,6',skycell-rw,255,369,30,0.077,0.109
gaia50,1102,6',q3c,81,369,411,2.599,0.655
gaia50,1102,6',pgsphere,38,369,41,0.052,0.202
gaia50,38,"1""",pgsphere,1,1,5,0.047,0.033
gaia50,38,"1""",skycell,1,1,5,0.034,0.024
gaia50,38,"1""",skycell-rw,1,1,5,0.031,0.01
gaia50,38,"1""",q3c,1,1,401,2.824,0.712
gaia50,63,"1""",skycell-rw,1,0,4,0.078,0.037
gaia50,63,"1""",skycell,1,0,4,0.058,0.023
gaia50,63,"1""",pgsphere,1,0,8,0.027,0.047
gaia50,63,"1""",q3c,1,0,400,3.201,0.644
gaia50,237,"1""",pgsphere,1,0,5,0.081,0.051
gaia50,237,"1""",skycell,1,0,4,0.038,0.02
gaia50,237,"1""",q3c,1,0,400,3.34,0.523
gaia50,237,"1""",skycell-rw,1,0,4,0.074,0.023
gaia50,379,"1""",skycell,1,0,4,0.036,0.016
gaia50,379,"1""",pgsphere,1,0,4,0.05,0.027
gaia50,379,"1""",q3c,1,0,400,3.171,0.517
gaia50,379,"1""",skycell-rw,1,0,4,0.1,0.034
gaia50,1142,6',skycell,223,272,27,0.061,0.156
gaia50,1142,6',pgsphere,38,272,34,0.027,0.151
gaia50,1142,6',skycell-rw,225,272,27,0.115,0.133
gaia50,1142,6',q3c,138,272,409,2.735,0.595
gaia50,159,"1""",skycell-rw,1,0,4,0.08,0.029
gaia50,159,"1""",skycell,1,0,4,0.044,0.014
gaia50,159,"1""",q3c,1,0,400,2.756,0.613
gaia50,159,"1""",pgsphere,1,0,4,0.052,0.035
gaia50,1025,1',q3c,1,0,400,2.911,0.611
gaia50,1025,1',skycell-rw,1,0,5,0.074,0.034
gaia50,1025,1',pgsphere,1,0,5,0.023,0.03
gaia50,1025,1',skycell,1,0,5,0.037,0.017
gaia50,412,"10""",pgsphere,1,2,7,0.018,0.037
gaia50,412,"10""",skycell-rw,1,2,5,0.031,0.03
gaia50,412,"10""",q3c,1,2,401,2.396,0.6
gaia50,412,"10""",skycell,1,2,5,0.06,0.034
gaia50,469,"10""",skycell-rw,1,0,8,0.068,0.039
gaia50,469,"10""",q3c,1,0,400,2.355,0.594
gaia50,469,"10""",pgsphere,1,0,4,0.049,0.039
gaia50,469,"10""",skycell,1,0,8,0.117,0.027
gaia50,1079,1',pgsphere,1,0,12,0.028,0.074
gaia50,1079,1',skycell,1,0,5,0.028,0.019
gaia50,1079,1',q3c,1,0,401,2.743,0.529
gaia50,1079,1',skycell-rw,1,0,5,0.073,0.034
gaia50,776,"10""",skycell-rw,1,1,9,0.054,0.029
gaia50,776,"10""",q3c,1,1,401,2.362,0.568
gaia50,776,"10""",pgsphere,1,1,6,0.051,0.043
gaia50,776,"10""",skycell,1,1,9,0.038,0.027
gaia50,1372,30',pgsphere,952,4613,430,0.025,1.487
gaia50,1372,30',skycell-rw,4687,4613,122,0.196,0.86
gaia50,1372,30',q3c,1817,4613,479,2.548,1.599
gaia50,1372,30',skycell,4674,4613,136,0.11,1.073
gaia50,355,"1""",q3c,1,0,400,3.653,0.652
gaia50,355,"1""",skycell-rw,1,0,8,0.127,0.042
gaia50,355,"1""",pgsphere,1,0,10,0.032,0.055
gaia50,355,"1""",skycell,1,0,8,0.032,0.015
gaia50,223,"1""",skycell,1,0,4,0.019,0.031
gaia50,223,"1""",pgsphere,1,0,4,0.015,0.121
gaia50,223,"1""",q3c,1,0,400,2.685,0.519
gaia50,223,"1""",skycell-rw,1,0,4,0.086,0.017
gaia50,11,"1""",pgsphere,1,0,5,0.023,0.044
gaia50,11,"1""",skycell,1,0,4,0.027,0.016
gaia50,11,"1""",q3c,1,0,400,2.578,0.487
gaia50,11,"1""",skycell-rw,1,0,4,0.067,0.023
gaia50,657,"10""",pgsphere,1,0,5,0.036,0.039
gaia50,657,"10""",skycell,1,0,5,0.026,0.032
gaia50,657,"10""",skycell-rw,1,0,5,0.025,0.008
gaia50,657,"10""",q3c,1,0,400,2.185,0.516
gaia50,995,1',skycell,1,0,5,0.056,0.03
gaia50,995,1',q3c,1,0,400,2.407,0.495
gaia50,995,1',pgsphere,1,0,4,0.131,0.035
gaia50,995,1',skycell-rw,1,0,5,0.048,0.03
gaia50,923,1',skycell,1,0,5,0.031,0.027
gaia50,923,1',q3c,1,0,400,2.441,0.489
gaia50,923,1',skycell-rw,1,0,5,0.072,0.03
gaia50,923,1',pgsphere,1,0,6,0.02,0.037
gaia50,1342,30',skycell,12408,11587,256,0.084,2.182
gaia50,1342,30',skycell-rw,12418,11587,256,0.191,1.853
gaia50,1342,30',q3c,1753,11587,594,2.395,2.716
gaia50,1342,30',pgsphere,952,11587,1050,0.047,3.384
gaia50,37,"1""",skycell,1,0,4,0.055,0.023
gaia50,37,"1""",skycell-rw,1,0,4,0.08,0.016
gaia50,37,"1""",q3c,1,0,400,2.064,0.496
gaia50,37,"1""",pgsphere,1,0,4,0.051,0.036
gaia50,135,"1""",pgsphere,1,0,3,0.018,0.017
gaia50,135,"1""",skycell-rw,1,0,4,0.075,0.018
gaia50,135,"1""",skycell,1,0,4,0.022,0.008
gaia50,135,"1""",q3c,1,0,400,2.183,0.483
gaia50,388,"1""",skycell-rw,1,1,5,0.148,0.045
gaia50,388,"1""",q3c,1,1,401,2.358,0.529
gaia50,388,"1""",pgsphere,1,1,5,0.051,0.038
gaia50,388,"1""",skycell,1,1,5,0.034,0.029
gaia50,182,"1""",skycell,1,1,5,0.02,0.038
gaia50,182,"1""",skycell-rw,1,1,5,0.09,0.048
gaia50,182,"1""",pgsphere,1,1,6,0.044,0.072
gaia50,182,"1""",q3c,1,1,401,3.004,0.777
gaia50,1299,6',skycell,124,101,24,0.081,0.149
gaia50,1299,6',q3c,31,101,406,3.267,0.879
gaia50,1299,6',skycell-rw,115,101,17,0.111,0.362
gaia50,1299,6',pgsphere,38,101,27,0.063,0.141
gaia50,267,"1""",skycell,1,0,4,0.079,0.033
gaia50,267,"1""",q3c,1,0,400,3.679,0.757
gaia50,267,"1""",skycell-rw,1,0,4,0.089,0.033
gaia50,267,"1""",pgsphere,1,0,6,0.044,0.053
gaia50,327,"1""",q3c,1,0,400,3.44,0.727
gaia50,327,"1""",pgsphere,1,0,7,0.061,0.098
gaia50,327,"1""",skycell,1,0,4,0.068,0.035
gaia50,327,"1""",skycell-rw,1,0,4,0.074,0.026
gaia50,475,"10""",q3c,1,0,400,2.966,0.727
gaia50,475,"10""",pgsphere,1,0,6,0.062,0.059
gaia50,475,"10""",skycell,1,0,4,0.064,0.03
gaia50,475,"10""",skycell-rw,1,0,4,0.065,0.02
gaia50,3,"1""",skycell,1,0,8,0.047,0.039
gaia50,3,"1""",skycell-rw,1,0,8,0.1,0.031
gaia50,3,"1""",pgsphere,1,0,5,0.037,0.066
gaia50,3,"1""",q3c,1,0,400,3.592,0.755
gaia50,886,1',skycell,1,1,5,0.069,0.057
gaia50,886,1',pgsphere,1,1,6,0.048,0.052
gaia50,886,1',skycell-rw,1,1,5,0.073,0.033
gaia50,886,1',q3c,1,1,401,4.057,0.722
gaia50,570,"10""",skycell-rw,1,1,5,0.091,0.065
gaia50,570,"10""",skycell,1,1,5,0.168,0.046
gaia50,570,"10""",pgsphere,1,1,8,0.047,0.106
gaia50,570,"10""",q3c,1,1,401,4.381,0.67
gaia50,496,"10""",pgsphere,1,2,7,0.066,0.197
gaia50,496,"10""",q3c,1,2,401,3.95,0.694
gaia50,496,"10""",skycell-rw,1,2,9,0.106,0.052
gaia50,496,"10""",skycell,1,2,9,0.062,0.04
gaia50,1207,6',skycell-rw,27,28,14,0.092,0.947
gaia50,1207,6',pgsphere,38,28,12,0.082,0.095
gaia50,1207,6',skycell,27,28,12,0.075,0.069
gaia50,1207,6',q3c,13,28,402,3.117,0.755
gaia50,173,"1""",q3c,1,0,400,2.719,0.541
gaia50,173,"1""",pgsphere,1,0,4,0.051,0.037
gaia50,173,"1""",skycell,1,0,4,0.034,0.02
gaia50,173,"1""",skycell-rw,1,0,4,0.031,0.009
gaia50,84,"1""",skycell-rw,1,1,9,0.046,0.027
gaia50,84,"1""",pgsphere,1,1,6,0.017,0.051
gaia50,84,"1""",skycell,1,1,9,0.022,0.012
gaia50,84,"1""",q3c,1,1,401,2.522,0.492
gaia50,1144,6',q3c,33,126,405,2.301,0.647
gaia50,1144,6',skycell-rw,90,126,28,0.094,0.855
gaia50,1144,6',pgsphere,38,126,24,0.041,0.115
gaia50,1144,6',skycell,89,126,34,0.049,0.08
gaia50,411,"10""",skycell,1,0,10,0.03,0.032
gaia50,411,"10""",skycell-rw,1,0,9,0.041,0.016
gaia50,411,"10""",pgsphere,1,0,8,0.017,0.039
gaia50,411,"10""",q3c,1,0,400,2.378,0.477
gaia50,978,1',q3c,1,2,401,2.465,0.568
gaia50,978,1',skycell-rw,1,2,6,0.068,0.049
gaia50,978,1',skycell,1,2,6,0.04,0.086
gaia50,978,1',pgsphere,1,2,7,0.034,0.041
gaia50,579,"10""",skycell,1,0,8,0.031,0.018
gaia50,579,"10""",skycell-rw,1,0,8,0.041,0.013
gaia50,579,"10""",pgsphere,1,0,3,0.015,0.017
gaia50,579,"10""",q3c,1,0,400,2.395,0.444
gaia50,833,1',q3c,1,4,402,2.313,0.585
gaia50,833,1',skycell,4,4,10,0.07,0.052
gaia50,833,1',pgsphere,1,4,10,0.027,0.06
gaia50,833,1',skycell-rw,4,4,6,0.034,0.026
gaia50,235,"1""",q3c,1,0,400,2.527,0.558
gaia50,235,"1""",pgsphere,1,0,4,0.05,0.038
gaia50,235,"1""",skycell,1,0,4,0.036,0.019
gaia50,235,"1""",skycell-rw,1,0,4,0.031,0.008
gaia50,1323,30',skycell-rw,1101,847,45,0.153,2.782
gaia50,1323,30',skycell,1099,847,55,0.091,0.226
gaia50,1323,30',pgsphere,952,847,106,0.03,0.37
gaia50,1323,30',q3c,2095,847,421,2.509,0.813
gaia50,1422,1deg,skycell,6187,7259,206,0.102,1.555
gaia50,1422,1deg,skycell-rw,6160,7259,191,0.193,1.255
gaia50,1422,1deg,q3c,3625,7259,550,2.692,2.226
gaia50,1422,1deg,pgsphere,3808,7259,797,0.045,2.334
gaia50,140,"1""",skycell,1,1,5,0.058,0.049
gaia50,140,"1""",pgsphere,1,1,5,0.033,0.028
gaia50,140,"1""",q3c,1,1,401,2.299,0.615
gaia50,140,"1""",skycell-rw,1,1,5,0.066,0.027
gaia50,1284,6',skycell-rw,409,305,33,0.081,0.645
gaia50,1284,6',pgsphere,38,305,63,0.042,0.212
gaia50,1284,6',q3c,228,305,414,2.427,0.671
gaia50,1284,6',skycell,411,305,36,0.161,0.139
gaia50,308,"1""",skycell,1,1,5,0.029,0.027
gaia50,308,"1""",q3c,1,1,401,2.262,0.606
gaia50,308,"1""",skycell-rw,1,1,5,0.07,0.036
gaia50,308,"1""",pgsphere,1,1,9,0.022,0.059
gaia50,406,"10""",skycell,1,2,5,0.026,0.023
gaia50,406,"10""",pgsphere,1,2,12,0.013,0.119
gaia50,406,"10""",skycell-rw,1,2,5,0.034,0.018
gaia50,406,"10""",q3c,1,2,401,2.598,0.545
gaia50,1452,3deg,skycell,352497,392525,5285,0.133,78.121
gaia50,1452,3deg,skycell-rw,351276,392525,5285,0.311,58.05
gaia50,1452,3deg,pgsphere,34262,392525,9681,0.089,87.917
gaia50,1452,3deg,q3c,92423,392525,5677,2.652,61.781
gaia50,1330,30',q3c,3961,7000,510,2.761,2.122
gaia50,1330,30',pgsphere,952,7000,645,0.058,1.967
gaia50,1330,30',skycell,9663,7000,173,0.12,1.371
gaia50,1330,30',skycell-rw,9672,7000,173,0.197,1.071
gaia50,1165,6',skycell-rw,14,12,14,0.075,0.088
gaia50,1165,6',pgsphere,38,12,8,0.028,0.037
gaia50,1165,6',q3c,4,12,401,2.656,0.626
gaia50,1165,6',skycell,14,12,21,0.064,0.105
gaia50,1120,6',q3c,106,215,407,2.58,0.701
gaia50,1120,6',skycell,181,215,32,0.075,0.178
gaia50,1120,6',skycell-rw,182,215,25,0.089,0.134
gaia50,1120,6',pgsphere,38,215,42,0.029,0.183
gaia50,647,"10""",skycell-rw,1,0,6,0.062,0.034
gaia50,647,"10""",pgsphere,1,0,6,0.02,0.042
gaia50,647,"10""",q3c,1,0,400,2.292,0.579
gaia50,647,"10""",skycell,1,0,6,0.054,0.028
gaia50,35,"1""",pgsphere,1,0,7,0.036,0.062
gaia50,35,"1""",q3c,1,0,400,2.3,0.519
gaia50,35,"1""",skycell,1,0,4,0.053,0.032
gaia50,35,"1""",skycell-rw,1,0,4,0.046,0.014
gaia50,1116,6',q3c,370,996,423,2.61,0.829
gaia50,1116,6',pgsphere,38,996,104,0.048,0.397
gaia50,1116,6',skycell-rw,958,996,43,0.115,0.256
gaia50,1116,6',skycell,955,996,43,0.133,0.218
gaia50,413,"10""",skycell-rw,1,0,4,0.045,0.031
gaia50,413,"10""",pgsphere,1,0,5,0.023,0.031
gaia50,413,"10""",skycell,1,0,4,0.02,0.008
gaia50,413,"10""",q3c,1,0,400,2.505,0.57
gaia50,45,"1""",skycell-rw,1,0,4,0.143,0.025
gaia50,45,"1""",q3c,1,0,400,2.626,0.547
gaia50,45,"1""",skycell,1,0,4,0.053,0.024
gaia50,45,"1""",pgsphere,1,0,7,0.026,0.038
gaia50,1254,6',skycell,81,113,21,0.026,0.111
gaia50,1254,6',skycell-rw,82,113,17,0.057,0.076
gaia50,1254,6',q3c,25,113,406,2.489,0.604
gaia50,1254,6',pgsphere,38,113,22,0.044,0.09
gaia50,969,1',pgsphere,1,1,6,0.025,0.026
gaia50,969,1',q3c,1,1,401,2.311,0.528
gaia50,969,1',skycell,1,1,5,0.144,0.035
gaia50,969,1',skycell-rw,1,1,5,0.063,0.026
gaia50,373,"1""",skycell-rw,1,0,4,0.034,0.015
gaia50,373,"1""",skycell,1,0,4,0.02,0.008
gaia50,373,"1""",pgsphere,1,0,5,0.016,0.037
gaia50,373,"1""",q3c,1,0,400,2.786,0.554
gaia50,1111,6',skycell,3,2,5,0.064,0.045
gaia50,1111,6',skycell-rw,3,2,5,0.047,0.02
gaia50,1111,6',pgsphere,38,2,5,0.018,0.035
gaia50,1111,6',q3c,2,2,401,2.618,0.512
gaia50,575,"10""",pgsphere,1,0,6,0.045,0.053
gaia50,575,"10""",skycell,1,0,4,0.041,0.023
gaia50,575,"10""",skycell-rw,1,0,4,0.032,0.009
gaia50,575,"10""",q3c,1,0,400,2.699,0.506
gaia50,1248,6',q3c,167,261,410,2.753,0.625
gaia50,1248,6',skycell,300,261,34,0.063,0.174
gaia50,1248,6',skycell-rw,301,261,30,0.083,0.113
gaia50,1248,6',pgsphere,38,261,44,0.034,0.18
gaia50,494,"10""",pgsphere,1,1,5,0.05,0.035
gaia50,494,"10""",skycell-rw,1,1,5,0.041,0.023
gaia50,494,"10""",skycell,1,1,5,0.022,0.015
gaia50,494,"10""",q3c,1,1,401,2.427,0.539
gaia50,331,"1""",q3c,1,0,400,2.687,0.518
gaia50,331,"1""",skycell-rw,1,0,4,0.074,0.027
gaia50,331,"1""",skycell,1,0,4,0.03,0.011
gaia50,331,"1""",pgsphere,1,0,7,0.019,0.043
gaia50,678,"10""",skycell,1,1,5,0.021,0.029
gaia50,678,"10""",pgsphere,1,1,8,0.014,0.041
gaia50,678,"10""",skycell-rw,1,1,5,0.041,0.016
gaia50,678,"10""",q3c,1,1,401,2.528,0.536
gaia50,296,"1""",q3c,1,1,401,2.567,0.595
gaia50,296,"1""",skycell,1,1,5,0.061,0.034
gaia50,296,"1""",skycell-rw,1,1,5,0.062,0.02
gaia50,296,"1""",pgsphere,1,1,7,0.034,0.056
gaia50,328,"1""",skycell-rw,1,1,5,0.033,0.029
gaia50,328,"1""",q3c,1,1,401,2.642,0.564
gaia50,328,"1""",skycell,1,1,5,0.169,0.049
gaia50,328,"1""",pgsphere,1,1,6,0.052,0.065
gaia50,491,"10""",skycell,1,0,4,0.053,0.031
gaia50,491,"10""",q3c,1,0,400,3.595,0.579
gaia50,491,"10""",skycell-rw,1,0,4,0.072,0.028
gaia50,491,"10""",pgsphere,1,0,5,0.026,0.029
gaia50,1177,6',skycell-rw,27,32,11,0.039,0.172
gaia50,1177,6',pgsphere,38,32,11,0.038,0.07
gaia50,1177,6',skycell,27,32,23,0.037,0.048
gaia50,1177,6',q3c,17,32,403,2.812,0.504
gaia50,1048,1',skycell-rw,20,8,10,0.079,0.062
gaia50,1048,1',skycell,20,8,10,0.033,0.023
gaia50,1048,1',q3c,7,8,402,2.472,0.515
gaia50,1048,1',pgsphere,1,8,9,0.046,0.075
gaia50,20,"1""",pgsphere,1,1,5,0.03,0.035
gaia50,20,"1""",skycell-rw,1,1,5,0.041,0.028
gaia50,20,"1""",skycell,1,1,5,0.023,0.013
gaia50,20,"1""",q3c,1,1,401,2.145,0.76
gaia50,1401,1deg,skycell,1431,1641,72,0.091,0.421
gaia50,1401,1deg,pgsphere,3808,1641,188,0.032,0.59
gaia50,1401,1deg,q3c,483,1641,432,2.279,0.848
gaia50,1401,1deg,skycell-rw,1435,1641,65,0.14,0.413
gaia50,358,"1""",pgsphere,1,1,7,0.034,0.055
gaia50,358,"1""",skycell,1,1,5,0.028,0.018
gaia50,358,"1""",skycell-rw,1,1,5,0.038,0.012
gaia50,358,"1""",q3c,1,1,401,2.084,0.482
gaia50,555,"10""",pgsphere,1,0,9,0.043,0.073
gaia50,555,"10""",skycell,1,0,5,0.073,0.024
gaia50,555,"10""",q3c,1,0,400,2.509,0.503
gaia50,555,"10""",skycell-rw,1,0,5,0.092,0.028
gaia50,1331,30',skycell-rw,180,116,14,0.058,0.444
gaia50,1331,30',pgsphere,952,116,25,0.064,0.136
gaia50,1331,30',q3c,355,116,403,2.803,0.567
gaia50,1331,30',skycell,179,116,18,0.079,0.121
gaia50,334,"1""",skycell-rw,1,1,9,0.069,0.049
gaia50,334,"1""",q3c,1,1,401,2.224,0.553
gaia50,334,"1""",pgsphere,1,1,10,0.06,0.057
gaia50,334,"1""",skycell,1,1,9,0.039,0.024
gaia50,336,"1""",q3c,1,1,401,2.663,0.571
gaia50,336,"1""",pgsphere,1,1,5,0.052,0.037
gaia50,336,"1""",skycell,1,1,5,0.044,0.028
gaia50,336,"1""",skycell-rw,1,1,5,0.032,0.009
gaia50,109,"1""",skycell,1,0,4,0.019,0.026
gaia50,109,"1""",skycell-rw,1,0,4,0.03,0.008
gaia50,109,"1""",pgsphere,1,0,4,0.015,0.021
gaia50,109,"1""",q3c,1,0,400,2.371,0.567
gaia50,713,"10""",skycell,1,0,5,0.06,0.036
gaia50,713,"10""",skycell-rw,1,0,5,0.046,0.013
gaia50,713,"10""",pgsphere,1,0,5,0.017,0.075
gaia50,713,"10""",q3c,1,0,400,2.414,0.565
gaia50,1201,6',q3c,4,2,402,2.535,0.653
gaia50,1201,6',skycell-rw,3,2,11,0.094,0.064
gaia50,1201,6',skycell,3,2,11,0.041,0.023
gaia50,1201,6',pgsphere,38,2,6,0.022,0.034
gaia50,256,"1""",skycell-rw,1,1,9,0.051,0.025
gaia50,256,"1""",pgsphere,1,1,8,0.019,0.064
gaia50,256,"1""",skycell,1,1,9,0.031,0.016
gaia50,256,"1""",q3c,1,1,401,2.611,0.552
gaia50,667,"10""",pgsphere,1,0,7,0.051,0.059
gaia50,667,"10""",skycell-rw,1,0,4,0.056,0.021
gaia50,667,"10""",q3c,1,0,400,2.872,0.551
gaia50,667,"10""",skycell,1,0,4,0.062,0.027
gaia50,1121,6',skycell-rw,3,2,6,0.052,0.324
gaia50,1121,6',pgsphere,38,2,5,0.044,0.036
gaia50,1121,6',q3c,2,2,402,2.678,0.603
gaia50,1121,6',skycell,3,2,5,0.063,0.036
gaia50,619,"10""",skycell-rw,1,0,4,0.045,0.026
gaia50,619,"10""",pgsphere,1,0,5,0.028,0.045
gaia50,619,"10""",q3c,1,0,400,2.66,0.578
gaia50,619,"10""",skycell,1,0,4,0.06,0.033
gaia50,44,"1""",skycell,1,1,5,0.03,0.035
gaia50,44,"1""",q3c,1,1,401,2.769,0.572
gaia50,44,"1""",skycell-rw,1,1,5,0.094,0.043
gaia50,44,"1""",pgsphere,1,1,7,0.054,0.068
gaia50,429,"10""",skycell-rw,1,0,5,0.076,0.037
gaia50,429,"10""",q3c,1,0,400,3.335,0.807
gaia50,429,"10""",pgsphere,1,0,7,0.065,0.088
gaia50,429,"10""",skycell,1,0,5,0.068,0.054
gaia50,1172,6',skycell-rw,60,78,16,0.085,0.194
gaia50,1172,6',skycell,60,78,19,0.086,0.123
gaia50,1172,6',q3c,11,78,403,3.876,0.881
gaia50,1172,6',pgsphere,38,78,18,0.108,0.139
gaia50,1136,6',skycell-rw,535,807,47,0.168,0.564
gaia50,1136,6',pgsphere,38,807,87,0.063,0.641
gaia50,1136,6',q3c,176,807,421,3.153,0.855
gaia50,1136,6',skycell,531,807,54,0.09,0.254
gaia50,441,"10""",skycell,1,0,9,0.044,0.051
gaia50,441,"10""",skycell-rw,1,0,9,0.049,0.018
gaia50,441,"10""",pgsphere,1,0,4,0.02,0.026
gaia50,441,"10""",q3c,1,0,400,2.604,0.529
gaia50,360,"1""",pgsphere,1,1,5,0.05,0.038
gaia50,360,"1""",skycell-rw,1,1,9,0.059,0.066
gaia50,360,"1""",q3c,1,1,401,2.58,0.571
gaia50,360,"1""",skycell,1,1,9,0.065,0.034
gaia50,863,1',q3c,1,1,401,3.006,0.592
gaia50,863,1',skycell,1,1,5,0.099,0.058
gaia50,863,1',pgsphere,1,1,7,0.046,0.059
gaia50,863,1',skycell-rw,1,1,5,0.048,0.021
gaia50,1066,1',q3c,3,9,401,2.775,0.59
gaia50,1066,1',pgsphere,1,9,8,0.055,0.054
gaia50,1066,1',skycell-rw,8,9,6,0.053,0.047
gaia50,1066,1',skycell,8,9,6,0.033,0.02
gaia50,519,"10""",q3c,1,0,400,2.947,0.565
gaia50,519,"10""",skycell-rw,1,0,8,0.089,0.034
gaia50,519,"10""",skycell,1,0,8,0.044,0.016
gaia50,519,"10""",pgsphere,1,0,4,0.022,0.026
gaia50,338,"1""",q3c,1,1,401,2.591,0.647
gaia50,338,"1""",pgsphere,1,1,6,0.056,0.05
gaia50,338,"1""",skycell,1,1,5,0.039,0.027
gaia50,338,"1""",skycell-rw,1,1,5,0.036,0.011
gaia50,1133,6',skycell-rw,10,2,10,0.04,0.035
gaia50,1133,6',q3c,4,2,401,2.654,0.564
gaia50,1133,6',skycell,10,2,10,0.097,0.057
gaia50,1133,6',pgsphere,38,2,11,0.04,0.068
gaia50,609,"10""",q3c,1,0,400,2.74,0.529
gaia50,609,"10""",pgsphere,1,0,6,0.053,0.042
gaia50,609,"10""",skycell-rw,1,0,4,0.057,0.022
gaia50,609,"10""",skycell,1,0,4,0.026,0.01
gaia50,1424,1deg,skycell,13181,16098,299,0.073,3.287
gaia50,1424,1deg,q3c,5243,16098,685,2.745,4.043
gaia50,1424,1deg,pgsphere,3808,16098,1372,0.054,4.386
gaia50,1424,1deg,skycell-rw,13187,16098,299,0.183,2.812
gaia50,1002,1',pgsphere,1,3,5,0.05,0.055
gaia50,1002,1',skycell,2,3,5,0.037,0.024
gaia50,1002,1',q3c,3,3,401,2.568,0.561
gaia50,1002,1',skycell-rw,2,3,5,0.078,0.033
gaia50,184,"1""",pgsphere,1,1,6,0.025,0.05
gaia50,184,"1""",skycell-rw,1,1,5,0.126,0.033
gaia50,184,"1""",q3c,1,1,401,2.897,0.552
gaia50,184,"1""",skycell,1,1,5,0.064,0.039
gaia50,509,"10""",q3c,1,0,400,2.89,0.582
gaia50,509,"10""",skycell-rw,1,0,4,0.075,0.025
gaia50,509,"10""",pgsphere,1,0,5,0.037,0.031
gaia50,509,"10""",skycell,1,0,4,0.029,0.011
gaia50,1234,6',skycell,52,56,13,0.026,0.072
gaia50,1234,6',q3c,41,56,403,2.301,0.56
gaia50,1234,6',pgsphere,38,56,13,0.052,0.088
gaia50,1234,6',skycell-rw,52,56,13,0.074,0.065
gaia50,436,"10""",q3c,1,1,401,2.722,0.548
gaia50,436,"10""",pgsphere,1,1,5,0.062,0.058
gaia50,436,"10""",skycell-rw,1,1,10,0.064,0.052
gaia50,436,"10""",skycell,1,1,10,0.03,0.019
gaia50,1010,1',pgsphere,1,3,5,0.018,0.029
gaia50,1010,1',q3c,1,3,401,2.725,0.564
gaia50,1010,1',skycell,1,3,5,0.057,0.032
gaia50,1010,1',skycell-rw,1,3,5,0.038,0.019
gaia50,378,"1""",skycell,1,1,5,0.021,0.027
gaia50,378,"1""",pgsphere,1,1,5,0.019,0.027
gaia50,378,"1""",skycell-rw,1,1,5,0.024,0.008
gaia50,378,"1""",q3c,1,1,401,2.741,0.543
gaia50,1103,6',q3c,10,8,401,2.44,0.521
gaia50,1103,6',pgsphere,38,8,10,0.054,0.064
gaia50,1103,6',skycell,9,8,15,0.036,0.037
gaia50,1103,6',skycell-rw,9,8,7,0.032,0.063
gaia50,23,"1""",q3c,1,0,400,2.647,0.51
gaia50,23,"1""",pgsphere,1,0,5,0.046,0.039
gaia50,23,"1""",skycell-rw,1,0,8,0.065,0.025
gaia50,23,"1""",skycell,1,0,8,0.029,0.014
gaia50,959,1',q3c,1,0,401,2.64,0.537
gaia50,959,1',pgsphere,1,0,6,0.048,0.042
gaia50,959,1',skycell-rw,1,0,5,0.052,0.026
gaia50,959,1',skycell,1,0,5,0.029,0.016
gaia50,856,1',skycell-rw,8,13,7,0.031,0.055
gaia50,856,1',pgsphere,1,13,9,0.017,0.046
gaia50,856,1',q3c,3,13,402,3.595,0.917
gaia50,856,1',skycell,8,13,7,0.067,0.076
gaia50,945,1',q3c,1,0,400,2.547,0.589
gaia50,945,1',skycell-rw,1,0,10,0.089,0.048
gaia50,945,1',skycell,1,0,10,0.04,0.018
gaia50,945,1',pgsphere,1,0,5,0.021,0.035
gaia50,57,"1""",pgsphere,1,0,5,0.082,0.046
gaia50,57,"1""",q3c,1,0,400,2.325,0.597
gaia50,57,"1""",skycell,1,0,4,0.061,0.065
gaia50,57,"1""",skycell-rw,1,0,4,0.051,0.012
gaia50,608,"10""",skycell-rw,1,1,5,0.069,0.034
gaia50,608,"10""",pgsphere,1,1,6,0.034,0.051
gaia50,608,"10""",q3c,1,1,401,2.585,0.607
gaia50,608,"10""",skycell,1,1,5,0.063,0.033
gaia50,1428,1deg,q3c,26249,47186,1135,2.465,9.159
gaia50,1428,1deg,skycell,56276,47186,818,0.113,9.478
gaia50,1428,1deg,skycell-rw,56253,47186,818,0.21,8.227
gaia50,1428,1deg,pgsphere,3808,47186,3995,0.053,13.404
gaia50,1195,6',skycell,4,3,5,0.063,0.037
gaia50,1195,6',q3c,9,3,401,2.561,0.626
gaia50,1195,6',pgsphere,38,3,7,0.054,0.054
gaia50,1195,6',skycell-rw,5,3,5,0.059,0.036
gaia50,1219,6',skycell-rw,13,19,17,0.07,0.108
gaia50,1219,6',skycell,17,19,20,0.039,0.028
gaia50,1219,6',q3c,8,19,402,2.714,0.659
gaia50,1219,6',pgsphere,38,19,11,0.057,0.073
gaia50,387,"1""",skycell-rw,1,0,4,0.057,0.021
gaia50,387,"1""",pgsphere,1,0,4,0.02,0.028
gaia50,387,"1""",skycell,1,0,4,0.04,0.019
gaia50,387,"1""",q3c,1,0,400,2.344,0.608
gaia50,1056,1',skycell-rw,1,4,6,0.075,0.049
gaia50,1056,1',q3c,1,4,401,2.847,0.571
gaia50,1056,1',pgsphere,1,4,7,0.055,0.102
gaia50,1056,1',skycell,1,4,6,0.046,0.035
gaia50,920,1',q3c,1,3,401,2.556,0.551
gaia50,920,1',pgsphere,1,3,9,0.063,0.065
gaia50,920,1',skycell,1,3,5,0.038,0.029
gaia50,920,1',skycell-rw,1,3,5,0.034,0.012
gaia50,39,"1""",q3c,1,0,400,2.284,0.546
gaia50,39,"1""",skycell,1,0,4,0.064,0.068
gaia50,39,"1""",pgsphere,1,0,9,0.036,0.069
gaia50,39,"1""",skycell-rw,1,0,4,0.05,0.013
gaia50,5,"1""",q3c,1,0,400,2.692,0.543
gaia50,5,"1""",skycell,1,0,4,0.062,0.026
gaia50,5,"1""",pgsphere,1,0,4,0.027,0.027
gaia50,5,"1""",skycell-rw,1,0,4,0.045,0.014
gaia50,363,"1""",pgsphere,1,0,4,0.016,0.039
gaia50,363,"1""",skycell,1,0,8,0.027,0.017
gaia50,363,"1""",q3c,1,0,400,2.341,0.57
gaia50,363,"1""",skycell-rw,1,0,8,0.105,0.034
gaia50,196,"1""",skycell,1,1,5,0.033,0.034
gaia50,196,"1""",pgsphere,1,1,6,0.057,0.047
gaia50,196,"1""",skycell-rw,1,1,5,0.031,0.011
gaia50,196,"1""",q3c,1,1,401,2.478,0.557
gaia50,178,"1""",pgsphere,1,1,6,0.051,0.05
gaia50,178,"1""",skycell,1,1,5,0.041,0.025
gaia50,178,"1""",skycell-rw,1,1,5,0.05,0.016
gaia50,178,"1""",q3c,1,1,401,3.108,0.61
gaia50,569,"10""",skycell,1,1,5,0.062,0.033
gaia50,569,"10""",skycell-rw,1,1,5,0.05,0.016
gaia50,569,"10""",pgsphere,1,1,6,0.019,0.032
gaia50,569,"10""",q3c,1,1,401,2.781,0.622
gaia50,661,"10""",skycell,1,0,4,0.071,0.028
gaia50,661,"10""",pgsphere,1,0,4,0.028,0.042
gaia50,661,"10""",skycell-rw,1,0,4,0.033,0.01
gaia50,661,"10""",q3c,1,0,400,2.769,0.545
gaia50,445,"10""",skycell,1,0,8,0.063,0.027
gaia50,445,"10""",pgsphere,1,0,4,0.026,0.024
gaia50,445,"10""",q3c,1,0,400,2.361,0.544
gaia50,445,"10""",skycell-rw,1,0,8,0.087,0.038
gaia50,1418,1deg,skycell,24614,20145,402,0.088,3.971
gaia50,1418,1deg,pgsphere,3808,20145,2014,0.05,6.349
gaia50,1418,1deg,q3c,7071,20145,738,2.303,4.515
gaia50,1418,1deg,skycell-rw,24619,20145,402,0.234,3.727
gaia50,1394,30',skycell,298,264,30,0.087,0.233
gaia50,1394,30',q3c,409,264,409,2.474,0.722
gaia50,1394,30',pgsphere,952,264,44,0.053,0.164
gaia50,1394,30',skycell-rw,279,264,27,0.124,0.484
gaia50,416,"10""",pgsphere,1,2,6,0.067,0.08
gaia50,416,"10""",skycell-rw,1,2,7,0.061,0.033
gaia50,416,"10""",q3c,1,2,402,3.408,0.594
gaia50,416,"10""",skycell,1,2,7,0.1,0.039
gaia50,318,"1""",pgsphere,1,1,6,0.038,0.053
gaia50,318,"1""",q3c,1,1,401,2.398,0.581
gaia50,318,"1""",skycell,1,1,9,0.064,0.036
gaia50,318,"1""",skycell-rw,1,1,9,0.059,0.022
gaia50,512,"10""",pgsphere,1,1,6,0.021,0.035
gaia50,512,"10""",skycell-rw,1,1,5,0.03,0.054
gaia50,512,"10""",q3c,1,1,401,2.302,0.57
gaia50,512,"10""",skycell,1,1,5,0.063,0.031
gaia50,1405,1deg,pgsphere,3808,13257,1293,0.038,5.235
gaia50,1405,1deg,q3c,3959,13257,593,2.664,3.547
gaia50,1405,1deg,skycell,14410,13257,295,0.135,2.669
gaia50,1405,1deg,skycell-rw,14420,13257,295,0.228,2.245
gaia50,289,"1""",q3c,1,0,400,2.763,0.586
gaia50,289,"1""",skycell-rw,1,0,4,0.085,0.047
gaia50,289,"1""",skycell,1,0,4,0.041,0.012
gaia50,289,"1""",pgsphere,1,0,5,0.02,0.033
gaia50,330,"1""",pgsphere,1,1,8,0.028,0.067
gaia50,330,"1""",q3c,1,1,401,2.225,0.629
gaia50,330,"1""",skycell-rw,1,1,5,0.101,0.043
gaia50,330,"1""",skycell,1,1,5,0.063,0.03
gaia50,1212,6',pgsphere,38,451,64,0.145,0.252
gaia50,1212,6',q3c,84,451,411,3.658,0.974
gaia50,1212,6',skycell,540,451,33,0.111,0.244
gaia50,1212,6',skycell-rw,542,451,32,0.125,0.288
gaia50,181,"1""",q3c,1,0,400,3.474,0.721
gaia50,181,"1""",skycell-rw,1,0,4,0.095,0.08
gaia50,181,"1""",pgsphere,1,0,5,0.048,0.048
gaia50,181,"1""",skycell,1,0,4,0.053,0.026
gaia50,281,"1""",pgsphere,1,0,7,0.034,0.078
gaia50,281,"1""",skycell-rw,1,0,4,0.069,0.026
gaia50,281,"1""",skycell,1,0,4,0.033,0.013
gaia50,281,"1""",q3c,1,0,400,3.575,0.72
gaia50,174,"1""",skycell-rw,1,1,5,0.108,0.046
gaia50,174,"1""",q3c,1,1,401,2.34,0.583
gaia50,174,"1""",skycell,1,1,5,0.073,0.036
gaia50,174,"1""",pgsphere,1,1,5,0.047,0.04
gaia50,24,"1""",q3c,1,1,401,2.44,0.573
gaia50,24,"1""",skycell,1,1,5,0.072,0.048
gaia50,24,"1""",pgsphere,1,1,5,0.032,0.029
gaia50,24,"1""",skycell-rw,1,1,5,0.047,0.015
gaia50,930,1',skycell-rw,27,31,7,0.03,0.035
gaia50,930,1',pgsphere,1,31,10,0.014,0.054
gaia50,930,1',q3c,1,31,404,2.577,0.643
gaia50,930,1',skycell,27,31,7,0.074,0.056
gaia50,424,"10""",skycell,1,1,10,0.037,0.043
gaia50,424,"10""",q3c,1,1,401,2.39,0.529
gaia50,424,"10""",pgsphere,1,1,9,0.066,0.096
gaia50,424,"10""",skycell-rw,1,1,10,0.066,0.041
gaia50,142,"1""",skycell-rw,1,1,9,0.09,0.054
gaia50,142,"1""",pgsphere,1,1,12,0.026,0.065
gaia50,142,"1""",q3c,1,1,401,2.459,0.532
gaia50,142,"1""",skycell,1,1,9,0.067,0.034
gaia50,1233,6',q3c,6,31,402,2.172,0.53
gaia50,1233,6',skycell-rw,23,31,7,0.088,0.364
gaia50,1233,6',pgsphere,38,31,14,0.044,0.068
gaia50,1233,6',skycell,23,31,6,0.048,0.046
gaia50,497,"10""",skycell-rw,1,0,8,0.054,0.024
gaia50,497,"10""",skycell,1,0,8,0.025,0.01
gaia50,497,"10""",pgsphere,1,0,8,0.018,0.042
gaia50,497,"10""",q3c,1,0,400,3.979,0.533
gaia50,1367,30',skycell,893,623,40,0.102,0.848
gaia50,1367,30',pgsphere,952,623,80,0.041,0.291
gaia50,1367,30',skycell-rw,896,623,38,0.094,28.131
gaia50,1367,30',q3c,163,623,420,4.078,1.422
gaia50,112,"1""",q3c,1,1,401,4.532,1.531
gaia50,112,"1""",pgsphere,1,1,5,0.061,0.053
gaia50,112,"1""",skycell-rw,1,1,9,0.095,0.059
gaia50,112,"1""",skycell,1,1,9,0.035,0.014
gaia50,481,"10""",q3c,1,0,400,4.357,1.084
gaia50,481,"10""",pgsphere,1,0,4,0.058,0.049
gaia50,481,"10""",skycell-rw,1,0,4,0.072,0.029
gaia50,481,"10""",skycell,1,0,4,0.028,0.011
gaia50,613,"10""",skycell,1,0,4,0.018,0.018
gaia50,613,"10""",q3c,1,0,400,4.357,0.635
gaia50,613,"10""",pgsphere,1,0,4,0.055,0.039
gaia50,613,"10""",skycell-rw,1,0,4,0.057,0.692
gaia50,951,1',skycell-rw,1,0,5,0.096,0.043
gaia50,951,1',skycell,1,0,5,0.056,0.032
gaia50,951,1',q3c,1,0,400,4.529,1.267
gaia50,951,1',pgsphere,1,0,4,0.056,0.04
gaia50,702,"10""",skycell-rw,1,1,5,0.542,0.057
gaia50,702,"10""",pgsphere,1,1,6,0.027,0.044
gaia50,702,"10""",skycell,1,1,5,0.028,0.024
gaia50,702,"10""",q3c,1,1,401,5.008,1.39
gaia50,77,"1""",skycell,1,0,4,0.059,0.647
gaia50,77,"1""",skycell-rw,1,0,4,0.068,0.019
gaia50,77,"1""",pgsphere,1,0,6,0.019,0.057
gaia50,77,"1""",q3c,1,0,400,6.776,0.821
gaia50,343,"1""",skycell-rw,1,0,4,0.078,0.043
gaia50,343,"1""",pgsphere,1,0,4,0.023,0.028
gaia50,343,"1""",q3c,1,0,400,3.969,0.614
gaia50,343,"1""",skycell,1,0,4,0.062,0.033
gaia50,724,"10""",q3c,1,1,401,3.653,0.676
gaia50,724,"10""",skycell,1,1,10,0.082,0.056
gaia50,724,"10""",pgsphere,1,1,10,0.048,0.063
gaia50,724,"10""",skycell-rw,1,1,9,0.098,0.04
gaia50,164,"1""",skycell-rw,1,1,9,0.06,0.03
gaia50,164,"1""",skycell,1,1,9,0.035,0.017
gaia50,164,"1""",q3c,1,1,401,2.495,0.625
gaia50,164,"1""",pgsphere,1,1,6,0.056,0.05
gaia50,428,"10""",skycell,1,1,10,0.04,0.03
gaia50,428,"10""",pgsphere,1,1,5,0.017,0.031
gaia50,428,"10""",q3c,1,1,401,2.619,0.648
gaia50,428,"10""",skycell-rw,1,1,9,0.084,0.044
gaia50,1168,6',pgsphere,38,122,28,0.038,0.181
gaia50,1168,6',skycell-rw,86,122,24,0.122,0.129
gaia50,1168,6',q3c,36,122,406,2.631,0.563
gaia50,1168,6',skycell,85,122,24,0.067,0.113
gaia50,1227,6',skycell,6,7,11,0.031,0.034
gaia50,1227,6',skycell-rw,6,7,11,0.047,0.028
gaia50,1227,6',pgsphere,38,7,7,0.03,0.061
gaia50,1227,6',q3c,4,7,402,2.74,0.538
gaia50,130,"1""",q3c,1,1,401,3.318,0.809
gaia50,130,"1""",pgsphere,1,1,5,0.05,0.038
gaia50,130,"1""",skycell,1,1,5,0.037,0.023
gaia50,130,"1""",skycell-rw,1,1,5,0.031,0.009
gaia50,183,"1""",skycell-rw,1,0,4,0.025,0.012
gaia50,183,"1""",skycell,1,0,4,0.022,0.009
gaia50,183,"1""",pgsphere,1,0,8,0.02,0.059
gaia50,183,"1""",q3c,1,0,400,3.089,0.478
gaia50,377,"1""",q3c,1,0,400,2.751,0.596
gaia50,377,"1""",skycell,1,0,4,0.057,0.026
gaia50,377,"1""",pgsphere,1,0,5,0.034,0.037
gaia50,377,"1""",skycell-rw,1,0,4,0.064,0.009
gaia50,1338,30',pgsphere,952,23127,1923,0.014,7.151
gaia50,1338,30',skycell,22389,23127,419,0.107,4.28
gaia50,1338,30',skycell-rw,22394,23127,419,0.209,3.93
gaia50,1338,30',q3c,9151,23127,784,4.569,5.118
gaia50,1062,1',skycell,6,10,6,0.064,0.05
gaia50,1062,1',q3c,7,10,401,2.943,0.602
gaia50,1062,1',skycell-rw,6,10,6,0.077,0.043
gaia50,1062,1',pgsphere,1,10,6,0.022,0.036
gaia50,81,"1""",skycell-rw,1,0,4,0.059,0.025
gaia50,81,"1""",skycell,1,0,4,0.037,0.016
gaia50,81,"1""",q3c,1,0,400,2.609,0.583
gaia50,81,"1""",pgsphere,1,0,5,0.054,0.041
gaia50,931,1',skycell,1,0,10,0.04,0.029
gaia50,931,1',q3c,1,0,401,2.744,0.603
gaia50,931,1',skycell-rw,1,0,9,0.088,0.04
gaia50,931,1',pgsphere,1,0,6,0.038,0.047
gaia50,272,"1""",pgsphere,1,1,6,0.024,0.047
gaia50,272,"1""",skycell,1,1,5,0.031,0.023
gaia50,272,"1""",q3c,1,1,401,2.415,0.565
gaia50,272,"1""",skycell-rw,1,1,5,0.07,0.03
gaia50,219,"1""",skycell-rw,1,0,4,0.067,0.041
gaia50,219,"1""",pgsphere,1,0,4,0.032,0.027
gaia50,219,"1""",q3c,1,0,400,2.229,0.521
gaia50,219,"1""",skycell,1,0,4,0.058,0.025
gaia50,1021,1',pgsphere,1,1,6,0.027,0.047
gaia50,1021,1',q3c,3,1,401,2.334,0.508
gaia50,1021,1',skycell-rw,4,1,5,0.072,0.032
gaia50,1021,1',skycell,3,1,5,0.03,0.015
gaia50,669,"10""",q3c,1,0,400,2.614,0.564
gaia50,669,"10""",skycell-rw,1,0,4,0.072,0.025
gaia50,669,"10""",pgsphere,1,0,4,0.022,0.025
gaia50,669,"10""",skycell,1,0,4,0.024,0.011
gaia50,590,"10""",skycell-rw,1,1,6,0.026,0.02
gaia50,590,"10""",q3c,1,1,401,2.738,0.609
gaia50,590,"10""",pgsphere,1,1,9,0.052,0.055
gaia50,590,"10""",skycell,1,1,6,0.044,0.031
gaia50,1198,6',skycell-rw,28,37,8,0.038,0.068
gaia50,1198,6',pgsphere,38,37,7,0.017,0.083
gaia50,1198,6',q3c,15,37,403,2.864,0.586
gaia50,1198,6',skycell,28,37,8,0.076,0.064
gaia50,1031,1',skycell-rw,2,2,5,0.046,0.041
gaia50,1031,1',q3c,2,2,401,2.697,0.559
gaia50,1031,1',skycell,2,2,5,0.063,0.037
gaia50,1031,1',pgsphere,1,2,5,0.028,0.031
gaia50,745,"10""",q3c,1,0,400,2.397,0.622
gaia50,745,"10""",skycell-rw,1,0,4,0.083,0.039
gaia50,745,"10""",skycell,1,0,4,0.039,0.014
gaia50,745,"10""",pgsphere,1,0,6,0.021,0.032
gaia50,92,"1""",q3c,1,1,401,2.7,0.567
gaia50,92,"1""",pgsphere,1,1,8,0.06,0.072
gaia50,92,"1""",skycell,1,1,5,0.048,0.034
gaia50,92,"1""",skycell-rw,1,1,5,0.046,0.016
gaia50,1161,6',pgsphere,38,3,8,0.018,0.05
gaia50,1161,6',q3c,5,3,401,2.912,0.626
gaia50,1161,6',skycell,4,3,6,0.11,0.043
gaia50,1161,6',skycell-rw,4,3,7,0.047,0.282
gaia50,773,"10""",q3c,1,0,400,2.752,0.582
gaia50,773,"10""",skycell-rw,1,0,5,0.072,0.048
gaia50,773,"10""",pgsphere,1,0,7,0.023,0.068
gaia50,773,"10""",skycell,1,0,5,0.028,0.012
gaia50,752,"10""",skycell,1,1,5,0.019,0.023
gaia50,752,"10""",q3c,1,1,401,2.501,0.523
gaia50,752,"10""",skycell-rw,1,1,5,0.101,0.032
gaia50,752,"10""",pgsphere,1,1,6,0.029,0.034
gaia50,317,"1""",pgsphere,1,0,5,0.014,0.037
gaia50,317,"1""",skycell,1,0,4,0.029,0.015
gaia50,317,"1""",skycell-rw,1,0,4,0.032,0.008
gaia50,317,"1""",q3c,1,0,400,2.862,0.557
gaia50,1274,6',q3c,58,245,407,2.037,0.742
gaia50,1274,6',skycell-rw,316,245,18,0.098,0.136
gaia50,1274,6',skycell,315,245,26,0.05,0.081
gaia50,1274,6',pgsphere,38,245,39,0.032,0.195
gaia50,548,"10""",skycell,1,1,5,0.031,0.022
gaia50,548,"10""",skycell-rw,1,1,5,0.047,0.013
gaia50,548,"10""",pgsphere,1,1,5,0.016,0.026
gaia50,548,"10""",q3c,1,1,401,2.753,0.618
gaia50,1151,6',pgsphere,38,6,9,0.073,0.116
gaia50,1151,6',skycell-rw,4,6,5,0.061,0.032
gaia50,1151,6',skycell,4,6,5,0.033,0.023
gaia50,1151,6',q3c,2,6,401,2.891,0.661
gaia50,533,"10""",skycell,1,0,4,0.074,0.047
gaia50,533,"10""",q3c,1,0,400,2.641,0.627
gaia50,533,"10""",pgsphere,1,0,5,0.053,0.04
gaia50,533,"10""",skycell-rw,1,0,4,0.06,0.024
gaia50,1159,6',pgsphere,38,1,5,0.02,0.041
gaia50,1159,6',skycell,3,1,10,0.037,0.031
gaia50,1159,6',q3c,3,1,401,2.374,0.609
gaia50,1159,6',skycell-rw,3,1,11,0.151,0.064
gaia50,361,"1""",pgsphere,1,0,4,0.046,0.042
gaia50,361,"1""",skycell,1,0,4,0.031,0.018
gaia50,361,"1""",skycell-rw,1,0,4,0.028,0.007
gaia50,361,"1""",q3c,1,0,400,2.72,0.657
gaia50,801,1',skycell,1,0,5,0.062,0.039
gaia50,801,1',q3c,1,0,400,2.503,0.598
gaia50,801,1',skycell-rw,1,0,5,0.078,0.035
gaia50,801,1',pgsphere,1,0,4,0.028,0.028
gaia50,1414,1deg,skycell-rw,54554,55720,911,0.196,9.446
gaia50,1414,1deg,skycell,54573,55720,911,0.121,9.537
gaia50,1414,1deg,q3c,11043,55720,1248,2.742,10.654
gaia50,1414,1deg,pgsphere,3808,55720,4573,0.055,15.58
gaia50,402,"10""",q3c,1,1,401,2.308,0.71
gaia50,402,"10""",pgsphere,1,1,5,0.054,0.041
gaia50,402,"10""",skycell,1,1,10,0.073,0.04
gaia50,402,"10""",skycell-rw,1,1,10,0.059,0.024
gaia50,261,"1""",q3c,1,0,400,2.588,0.61
gaia50,261,"1""",skycell,1,0,4,0.073,0.035
gaia50,261,"1""",skycell-rw,1,0,4,0.05,0.011
gaia50,261,"1""",pgsphere,1,0,4,0.022,0.025
gaia50,1016,1',pgsphere,1,6,9,0.014,0.049
gaia50,1016,1',skycell,5,6,10,0.041,0.04
gaia50,1016,1',skycell-rw,5,6,10,0.058,0.032
gaia50,1016,1',q3c,4,6,403,2.336,0.639
gaia50,501,"10""",pgsphere,1,0,5,0.052,0.046
gaia50,501,"10""",q3c,1,0,400,2.638,0.601
gaia50,501,"10""",skycell,1,0,4,0.067,0.03
gaia50,501,"10""",skycell-rw,1,0,4,0.041,0.01
gaia50,933,1',q3c,1,1,402,2.227,0.597
gaia50,933,1',skycell,3,1,11,0.067,0.047
gaia50,933,1',pgsphere,1,1,8,0.035,0.065
gaia50,933,1',skycell-rw,3,1,11,0.052,0.031
gaia50,269,"1""",pgsphere,1,0,6,0.02,0.03
gaia50,269,"1""",skycell-rw,1,0,4,0.033,0.013
gaia50,269,"1""",skycell,1,0,4,0.031,0.018
gaia50,269,"1""",q3c,1,0,400,2.775,0.623
gaia50,825,1',pgsphere,1,3,5,0.06,0.051
gaia50,825,1',skycell-rw,2,3,5,0.05,0.029
gaia50,825,1',q3c,1,3,402,2.543,1.2
gaia50,825,1',skycell,2,3,5,0.073,0.041
gaia50,881,1',skycell,1,0,5,0.046,0.042
gaia50,881,1',pgsphere,1,0,5,0.028,0.031
gaia50,881,1',q3c,1,0,400,2.391,0.612
gaia50,881,1',skycell-rw,1,0,5,0.078,0.035
gaia50,499,"10""",skycell-rw,1,0,4,0.058,0.024
gaia50,499,"10""",pgsphere,1,0,11,0.02,0.087
gaia50,499,"10""",skycell,1,0,4,0.027,0.012
gaia50,499,"10""",q3c,1,0,400,2.527,0.548
gaia50,332,"1""",pgsphere,1,1,5,0.055,0.051
gaia50,332,"1""",q3c,1,1,401,2.802,0.546
gaia50,332,"1""",skycell,1,1,9,0.062,0.036
gaia50,332,"1""",skycell-rw,1,1,9,0.053,0.02
gaia50,32,"1""",pgsphere,1,1,8,0.023,0.05
gaia50,32,"1""",skycell-rw,1,1,5,0.037,0.019
gaia50,32,"1""",q3c,1,1,401,2.811,0.698
gaia50,32,"1""",skycell,1,1,5,0.059,0.033
gaia50,1188,6',pgsphere,38,245,34,0.026,0.184
gaia50,1188,6',skycell-rw,249,245,33,0.079,0.149
gaia50,1188,6',skycell,247,245,33,0.034,0.09
gaia50,1188,6',q3c,159,245,406,2.448,0.66
gaia50,588,"10""",skycell-rw,1,1,6,0.074,0.047
gaia50,588,"10""",pgsphere,1,1,6,0.03,0.039
gaia50,588,"10""",skycell,1,1,5,0.029,0.016
gaia50,588,"10""",q3c,1,1,401,2.726,0.573
gaia50,751,"10""",q3c,1,0,400,2.72,0.579
gaia50,751,"10""",skycell-rw,1,0,4,0.11,0.018
gaia50,751,"10""",pgsphere,1,0,5,0.026,0.033
gaia50,751,"10""",skycell,1,0,4,0.026,0.011
gaia50,348,"1""",skycell,1,1,9,0.019,0.021
gaia50,348,"1""",q3c,1,1,401,2.665,0.621
gaia50,348,"1""",pgsphere,1,1,7,0.053,0.049
gaia50,348,"1""",skycell-rw,1,1,9,0.061,0.03
gaia50,650,"10""",pgsphere,1,2,6,0.031,0.057
gaia50,650,"10""",skycell-rw,1,2,5,0.04,0.023
gaia50,650,"10""",q3c,1,2,401,2.398,0.703
gaia50,650,"10""",skycell,1,2,5,0.06,0.034
gaia50,769,"10""",pgsphere,1,0,4,0.073,0.033
gaia50,769,"10""",skycell,1,0,4,0.034,0.018
gaia50,769,"10""",q3c,1,0,400,2.447,0.56
gaia50,769,"10""",skycell-rw,1,0,4,0.071,0.025
gaia50,335,"1""",q3c,1,0,400,2.844,0.606
gaia50,335,"1""",skycell,1,0,4,0.067,0.045
gaia50,335,"1""",skycell-rw,1,0,4,0.049,0.012
gaia50,335,"1""",pgsphere,1,0,4,0.024,0.027
gaia50,133,"1""",pgsphere,1,0,7,0.016,0.035
gaia50,133,"1""",skycell-rw,1,0,4,0.036,0.015
gaia50,133,"1""",skycell,1,0,4,0.02,0.008
gaia50,133,"1""",q3c,1,0,400,2.484,0.595
gaia50,27,"1""",skycell,1,0,4,0.062,0.028
gaia50,27,"1""",pgsphere,1,0,5,0.026,0.045
gaia50,27,"1""",skycell-rw,1,0,4,0.041,0.014
gaia50,27,"1""",q3c,1,0,400,2.965,0.51
gaia50,391,"1""",skycell-rw,1,0,4,0.074,0.025
gaia50,391,"1""",skycell,1,0,4,0.03,0.011
gaia50,391,"1""",q3c,1,0,400,2.374,0.51
gaia50,391,"1""",pgsphere,1,0,7,0.047,0.049
gaia50,365,"1""",skycell-rw,1,0,4,0.057,0.02
gaia50,365,"1""",pgsphere,1,0,5,0.015,0.034
gaia50,365,"1""",q3c,1,0,400,2.457,0.595
gaia50,365,"1""",skycell,1,0,4,0.062,0.028
gaia50,893,1',skycell,1,0,5,0.03,0.029
gaia50,893,1',pgsphere,1,0,10,0.029,0.049
gaia50,893,1',q3c,1,0,401,2.551,0.515
gaia50,893,1',skycell-rw,1,0,5,0.068,0.028
gaia50,919,1',skycell-rw,1,0,6,0.05,0.038
gaia50,919,1',pgsphere,1,0,5,0.019,0.03
gaia50,919,1',q3c,1,0,400,2.522,0.512
gaia50,919,1',skycell,1,0,6,0.059,0.035
gaia50,1044,1',skycell,4,4,20,0.036,0.041
gaia50,1044,1',skycell-rw,4,4,20,0.092,0.041
gaia50,1044,1',q3c,2,4,402,2.574,0.53
gaia50,1044,1',pgsphere,1,4,10,0.046,0.139
gaia50,423,"10""",q3c,1,0,400,2.602,0.524
gaia50,423,"10""",skycell,1,0,5,0.064,0.039
gaia50,423,"10""",skycell-rw,1,0,5,0.059,0.02
gaia50,423,"10""",pgsphere,1,0,6,0.023,0.038
gaia50,376,"1""",skycell,1,1,5,0.039,0.038
gaia50,376,"1""",q3c,1,1,401,2.422,0.553
gaia50,376,"1""",skycell-rw,1,1,5,0.066,0.026
gaia50,376,"1""",pgsphere,1,1,5,0.021,0.031
gaia50,1150,6',skycell,126,103,24,0.041,0.088
gaia50,1150,6',q3c,64,103,407,2.725,0.622
gaia50,1150,6',skycell-rw,126,103,22,0.097,1.104
gaia50,1150,6',pgsphere,38,103,27,0.044,0.119
gaia50,1383,30',pgsphere,952,165,37,0.027,0.131
gaia50,1383,30',q3c,219,165,407,2.6,0.618
gaia50,1383,30',skycell-rw,221,165,20,0.091,0.162
gaia50,1383,30',skycell,221,165,28,0.061,0.081
gaia50,1134,6',skycell,204,234,37,0.041,0.155
gaia50,1134,6',pgsphere,38,234,46,0.034,0.158
gaia50,1134,6',skycell-rw,206,234,28,0.074,0.146
gaia50,1134,6',q3c,59,234,408,2.192,0.579
gaia50,855,1',skycell,1,0,10,0.058,0.083
gaia50,855,1',q3c,1,0,400,2.516,0.546
gaia50,855,1',skycell-rw,1,0,10,0.081,0.045
gaia50,855,1',pgsphere,1,0,5,0.038,0.036
gaia50,1314,30',pgsphere,952,414,67,0.016,0.261
gaia50,1314,30',skycell,447,414,37,0.045,0.189
gaia50,1314,30',skycell-rw,447,414,25,0.054,0.158
gaia50,1314,30',q3c,100,414,412,2.61,0.754
gaia50,962,1',skycell-rw,6,4,12,0.089,0.072
gaia50,962,1',pgsphere,1,4,10,0.027,0.106
gaia50,962,1',q3c,3,4,401,2.627,0.559
gaia50,962,1',skycell,6,4,12,0.058,0.051
gaia50,455,"10""",skycell-rw,1,0,16,0.073,0.027
gaia50,455,"10""",pgsphere,1,0,3,0.027,0.021
gaia50,455,"10""",q3c,1,0,400,2.538,0.524
gaia50,455,"10""",skycell,1,0,16,0.058,0.027
gaia50,1328,30',pgsphere,952,21689,1734,0.026,5.916
gaia50,1328,30',skycell-rw,16469,21689,421,0.224,3.608
gaia50,1328,30',q3c,1299,21689,748,2.453,4.747
gaia50,1328,30',skycell,16458,21689,421,0.227,3.848
gaia50,91,"1""",q3c,1,0,400,2.335,0.539
gaia50,91,"1""",skycell,1,0,16,0.084,0.028
gaia50,91,"1""",pgsphere,1,0,5,0.028,0.034
gaia50,91,"1""",skycell-rw,1,0,16,0.057,0.018
gaia50,1366,30',pgsphere,952,5617,541,0.017,1.869
gaia50,1366,30',q3c,2491,5617,495,2.266,1.593
gaia50,1366,30',skycell,5079,5617,178,0.107,1.114
gaia50,1366,30',skycell-rw,5086,5617,149,0.212,1.119
gaia50,1197,6',pgsphere,38,19,10,0.045,0.062
gaia50,1197,6',q3c,39,19,403,2.274,0.661
gaia50,1197,6',skycell,24,19,6,0.061,0.046
gaia50,1197,6',skycell-rw,24,19,6,0.042,0.031
gaia50,76,"1""",skycell,1,1,9,0.035,0.02
gaia50,76,"1""",pgsphere,1,1,5,0.019,0.028
gaia50,76,"1""",skycell-rw,1,1,9,0.04,0.017
gaia50,76,"1""",q3c,1,1,401,2.467,0.612
gaia50,1260,6',skycell,3,4,11,0.062,0.05
gaia50,1260,6',skycell-rw,3,4,11,0.065,0.033
gaia50,1260,6',q3c,1,4,402,2.276,0.543
gaia50,1260,6',pgsphere,38,4,8,0.047,0.064
gaia50,1166,6',skycell,594,112,29,0.069,0.08
gaia50,1166,6',skycell-rw,596,112,22,0.101,0.067
gaia50,1166,6',pgsphere,38,112,24,0.022,0.147
gaia50,1166,6',q3c,326,112,406,2.576,0.648
gaia50,593,"10""",skycell,1,0,4,0.056,0.043
gaia50,593,"10""",pgsphere,1,0,6,0.028,0.044
gaia50,593,"10""",skycell-rw,1,0,4,0.037,0.01
gaia50,593,"10""",q3c,1,0,400,2.506,0.569
gaia50,1045,1',skycell,1,0,16,0.058,0.033
gaia50,1045,1',q3c,1,0,400,2.44,0.496
gaia50,1045,1',pgsphere,1,0,4,0.111,0.032
gaia50,1045,1',skycell-rw,1,0,14,0.087,0.048
gaia50,1298,6',skycell,40,58,12,0.049,0.075
gaia50,1298,6',pgsphere,38,58,12,0.036,0.074
gaia50,1298,6',skycell-rw,45,58,13,0.055,0.484
gaia50,1298,6',q3c,45,58,403,2.474,0.552
gaia50,126,"1""",q3c,1,1,401,3.155,0.575
gaia50,126,"1""",skycell,1,1,5,0.057,0.031
gaia50,126,"1""",skycell-rw,1,1,5,0.052,0.014
gaia50,126,"1""",pgsphere,1,1,6,0.021,0.031
gaia50,1137,6',skycell,36,25,11,0.027,0.09
gaia50,1137,6',skycell-rw,36,25,11,0.05,0.033
gaia50,1137,6',pgsphere,38,25,11,0.015,0.055
gaia50,1137,6',q3c,7,25,402,2.891,0.574
gaia50,1189,6',skycell,10,17,9,0.056,0.074
gaia50,1189,6',pgsphere,38,17,7,0.039,0.039
gaia50,1189,6',skycell-rw,10,17,9,0.035,0.044
gaia50,1189,6',q3c,18,17,402,2.24,0.521
gaia50,238,"1""",skycell-rw,1,1,5,0.077,0.043
gaia50,238,"1""",pgsphere,1,1,5,0.023,0.033
gaia50,238,"1""",q3c,1,1,401,7.59,0.616
gaia50,238,"1""",skycell,1,1,5,0.087,0.043
gaia50,329,"1""",q3c,1,0,400,2.782,0.613
gaia50,329,"1""",skycell-rw,1,0,4,0.152,0.03
gaia50,329,"1""",skycell,1,0,4,0.039,0.011
gaia50,329,"1""",pgsphere,1,0,4,0.02,0.027
gaia50,293,"1""",skycell,1,0,4,0.022,0.017
gaia50,293,"1""",pgsphere,1,0,6,0.014,0.029
gaia50,293,"1""",q3c,1,0,400,2.622,0.604
gaia50,293,"1""",skycell-rw,1,0,4,0.08,0.033
gaia50,1450,3deg,q3c,246457,755611,12471,2.929,137.682
gaia50,1450,3deg,pgsphere,34262,755611,18126,0.124,169.824
gaia50,1450,3deg,skycell,698565,755611,10184,0.225,126.772
gaia50,1450,3deg,skycell-rw,693168,755611,10184,0.415,110.256
gaia50,438,"10""",pgsphere,1,1,6,0.101,0.07
gaia50,438,"10""",q3c,1,1,401,2.888,0.856
gaia50,438,"10""",skycell-rw,1,1,5,0.089,0.032
gaia50,438,"10""",skycell,1,1,5,0.03,0.025
gaia50,208,"1""",q3c,1,1,401,2.822,0.717
gaia50,208,"1""",pgsphere,1,1,6,0.058,0.063
gaia50,208,"1""",skycell,1,1,5,0.055,0.041
gaia50,208,"1""",skycell-rw,1,1,5,0.043,0.013
gaia50,1408,1deg,q3c,612,1256,428,2.433,1.168
gaia50,1408,1deg,pgsphere,3808,1256,153,0.053,0.469
gaia50,1408,1deg,skycell-rw,1108,1256,54,0.128,1.22
gaia50,1408,1deg,skycell,1106,1256,60,0.183,0.314
gaia50,841,1',q3c,1,1,401,2.648,0.639
gaia50,841,1',pgsphere,1,1,7,0.063,0.056
gaia50,841,1',skycell,1,1,10,0.043,0.027
gaia50,841,1',skycell-rw,1,1,9,0.047,0.019
gaia50,396,"1""",skycell-rw,1,1,5,0.028,0.032
gaia50,396,"1""",pgsphere,1,1,6,0.021,0.039
gaia50,396,"1""",skycell,1,1,5,0.023,0.011
gaia50,396,"1""",q3c,1,1,401,2.489,0.664
gaia50,191,"1""",skycell,1,0,4,0.06,0.028
gaia50,191,"1""",pgsphere,1,0,5,0.026,0.036
gaia50,191,"1""",q3c,1,0,400,2.391,0.66
gaia50,191,"1""",skycell-rw,1,0,4,0.074,0.029
gaia50,74,"1""",pgsphere,1,1,8,0.042,0.084
gaia50,74,"1""",skycell-rw,1,1,5,0.043,0.032
gaia50,74,"1""",skycell,1,1,5,0.023,0.011
gaia50,74,"1""",q3c,1,1,401,2.721,0.667
gaia50,1247,6',pgsphere,38,7,7,0.15,0.062
gaia50,1247,6',q3c,2,7,401,2.611,0.613
gaia50,1247,6',skycell,12,7,11,0.062,0.042
gaia50,1247,6',skycell-rw,12,7,6,0.059,0.022
gaia50,36,"1""",skycell,1,1,5,0.022,0.033
gaia50,36,"1""",q3c,1,1,401,2.506,0.67
gaia50,36,"1""",skycell-rw,1,1,5,0.085,0.066
gaia50,36,"1""",pgsphere,1,1,5,0.03,0.031
gaia50,1242,6',skycell,361,414,39,0.04,0.192
gaia50,1242,6',skycell-rw,362,414,30,0.065,0.13
gaia50,1242,6',pgsphere,38,414,48,0.023,0.191
gaia50,1242,6',q3c,49,414,412,2.079,0.688
gaia50,602,"10""",skycell,1,1,5,0.066,0.035
gaia50,602,"10""",q3c,1,1,401,2.671,0.598
gaia50,602,"10""",pgsphere,1,1,5,0.054,0.04
gaia50,602,"10""",skycell-rw,1,1,5,0.049,0.025
gaia50,697,"10""",pgsphere,1,0,4,0.039,0.043
gaia50,697,"10""",skycell-rw,1,0,8,0.055,0.026
gaia50,697,"10""",q3c,1,0,400,2.401,0.533
gaia50,697,"10""",skycell,1,0,8,0.061,0.029
gaia50,1123,6',q3c,5,13,401,2.549,0.588
gaia50,1123,6',skycell,16,13,12,0.079,0.063
gaia50,1123,6',pgsphere,38,13,9,0.031,0.051
gaia50,1123,6',skycell-rw,17,13,8,0.127,0.043
gaia50,532,"10""",skycell,1,1,10,0.03,0.019
gaia50,532,"10""",pgsphere,1,1,5,0.016,0.037
gaia50,532,"10""",q3c,1,1,401,2.175,0.617
gaia50,532,"10""",skycell-rw,1,1,9,0.092,0.04
gaia50,626,"10""",skycell-rw,1,1,9,0.051,0.04
gaia50,626,"10""",pgsphere,1,1,6,0.034,0.038
gaia50,626,"10""",q3c,1,1,401,2.712,0.565
gaia50,626,"10""",skycell,1,1,10,0.063,0.034
gaia50,514,"10""",q3c,1,1,401,2.799,0.551
gaia50,514,"10""",skycell-rw,1,1,6,0.075,0.041
gaia50,514,"10""",pgsphere,1,1,7,0.025,0.041
gaia50,514,"10""",skycell,1,1,6,0.028,0.018
gaia50,1308,30',skycell,7557,8732,227,0.112,1.842
gaia50,1308,30',pgsphere,952,8732,995,0.047,3.215
gaia50,1308,30',skycell-rw,7568,8732,227,0.228,1.604
gaia50,1308,30',q3c,1648,8732,538,2.349,2.305
gaia50,784,"10""",skycell-rw,1,1,5,0.074,0.031
gaia50,784,"10""",skycell,1,1,5,0.028,0.013
gaia50,784,"10""",pgsphere,1,1,8,0.089,0.072
gaia50,784,"10""",q3c,1,1,401,2.422,1.748
gaia50,453,"10""",skycell-rw,1,0,4,0.08,0.043
gaia50,453,"10""",skycell,1,0,4,0.036,0.012
gaia50,453,"10""",pgsphere,1,0,4,0.019,0.027
gaia50,453,"10""",q3c,1,0,400,6.978,1.471
gaia50,168,"1""",q3c,1,1,401,2.27,0.607
gaia50,168,"1""",skycell,1,1,5,0.061,0.03
gaia50,168,"1""",skycell-rw,1,1,5,0.057,0.019
gaia50,168,"1""",pgsphere,1,1,6,0.021,0.032
gaia50,180,"1""",pgsphere,1,1,8,0.014,0.046
gaia50,180,"1""",q3c,1,1,401,2.598,0.505
gaia50,180,"1""",skycell,1,1,5,0.064,0.032
gaia50,180,"1""",skycell-rw,1,1,5,0.039,0.012
gaia50,284,"1""",pgsphere,1,1,7,0.028,0.052
gaia50,284,"1""",skycell,1,1,5,0.026,0.019
gaia50,284,"1""",q3c,1,1,401,2.171,0.717
gaia50,284,"1""",skycell-rw,1,1,5,0.08,0.03
gaia50,1291,6',q3c,7,6,401,2.349,0.571
gaia50,1291,6',pgsphere,38,6,7,0.05,0.059
gaia50,1291,6',skycell-rw,7,6,5,0.058,0.034
gaia50,1291,6',skycell,6,6,5,0.04,0.025
gaia50,1223,6',q3c,19,36,404,2.421,0.526
gaia50,1223,6',skycell,38,36,12,0.063,0.067
gaia50,1223,6',skycell-rw,38,36,12,0.092,0.049
gaia50,1223,6',pgsphere,38,36,9,0.029,0.048
gaia50,1230,6',skycell-rw,607,679,37,0.066,1.202
gaia50,1230,6',skycell,612,679,32,0.085,0.186
gaia50,1230,6',q3c,278,679,418,3.62,0.848
gaia50,1230,6',pgsphere,38,679,88,0.053,0.302
gaia50,996,1',q3c,1,7,402,2.397,0.655
gaia50,996,1',skycell-rw,8,7,6,0.076,0.046
gaia50,996,1',skycell,8,7,6,0.033,0.022
gaia50,996,1',pgsphere,1,7,5,0.027,0.034
gaia50,744,"10""",skycell,1,2,15,0.035,0.037
gaia50,744,"10""",q3c,1,2,401,2.621,0.562
gaia50,744,"10""",pgsphere,1,2,6,0.055,0.052
gaia50,744,"10""",skycell-rw,1,2,14,0.069,0.043
gaia50,908,1',skycell,1,1,10,0.036,0.046
gaia50,908,1',q3c,1,1,401,2.619,0.637
gaia50,908,1',skycell-rw,1,1,10,0.093,0.047
gaia50,908,1',pgsphere,1,1,7,0.032,0.048
gaia50,754,"10""",pgsphere,1,2,8,0.015,0.057
gaia50,754,"10""",q3c,1,2,401,2.27,0.624
gaia50,754,"10""",skycell,1,2,5,0.061,0.034
gaia50,754,"10""",skycell-rw,1,2,5,0.042,0.014
gaia50,704,"10""",pgsphere,1,1,7,0.019,0.04
gaia50,704,"10""",skycell,1,1,9,0.029,0.024
gaia50,704,"10""",skycell-rw,1,1,9,0.041,0.017
gaia50,704,"10""",q3c,1,1,401,2.839,0.543
gaia50,542,"10""",pgsphere,1,1,10,0.051,0.067
gaia50,542,"10""",q3c,1,1,401,2.708,0.51
gaia50,542,"10""",skycell,1,1,20,0.072,0.046
gaia50,542,"10""",skycell-rw,1,1,19,0.07,0.028
gaia50,1087,1',skycell,1,0,5,0.034,0.022
gaia50,1087,1',pgsphere,1,0,5,0.02,0.034
gaia50,1087,1',q3c,1,0,400,2.734,0.521
gaia50,1087,1',skycell-rw,1,0,5,0.072,0.032
gaia50,537,"10""",skycell,1,0,5,0.04,0.043
gaia50,537,"10""",skycell-rw,1,0,5,0.032,0.01
gaia50,537,"10""",q3c,1,0,400,2.734,0.575
gaia50,537,"10""",pgsphere,1,0,5,0.052,0.04
gaia50,737,"10""",pgsphere,1,0,4,0.029,0.024
gaia50,737,"10""",skycell-rw,1,0,4,0.041,0.019
gaia50,737,"10""",skycell,1,0,4,0.022,0.008
gaia50,737,"10""",q3c,1,0,400,2.572,0.516
gaia50,248,"1""",skycell-rw,1,1,5,0.072,0.091
gaia50,248,"1""",q3c,1,1,401,2.475,0.586
gaia50,248,"1""",pgsphere,1,1,5,0.053,0.041
gaia50,248,"1""",skycell,1,1,5,0.039,0.024
gaia50,890,1',skycell,1,1,10,0.022,0.02
gaia50,890,1',q3c,1,1,401,2.44,0.624
gaia50,890,1',pgsphere,1,1,8,0.053,0.053
gaia50,890,1',skycell-rw,1,1,10,0.064,0.036
gaia50,607,"10""",pgsphere,1,0,7,0.033,0.047
gaia50,607,"10""",skycell,1,0,4,0.031,0.021
gaia50,607,"10""",q3c,1,0,400,2.546,0.534
gaia50,607,"10""",skycell-rw,1,0,4,0.074,0.028
gaia50,664,"10""",pgsphere,1,1,7,0.024,0.042
gaia50,664,"10""",skycell,1,1,10,0.034,0.026
gaia50,664,"10""",skycell-rw,1,1,9,0.041,0.018
gaia50,664,"10""",q3c,1,1,401,2.2,0.564
gaia50,934,1',pgsphere,1,49,11,0.05,0.09
gaia50,934,1',skycell-rw,30,49,8,0.05,0.065
gaia50,934,1',q3c,6,49,404,2.574,0.547
gaia50,934,1',skycell,30,49,11,0.064,0.099
gaia50,463,"10""",skycell-rw,1,0,8,0.063,0.022
gaia50,463,"10""",pgsphere,1,0,4,0.02,0.026
gaia50,463,"10""",skycell,1,0,8,0.021,0.01
gaia50,463,"10""",q3c,1,0,400,2.745,0.604
gaia50,950,1',pgsphere,1,11,7,0.051,0.053
gaia50,950,1',skycell,13,11,5,0.035,0.032
gaia50,950,1',skycell-rw,14,11,5,0.033,0.016
gaia50,950,1',q3c,2,11,401,2.77,0.56
gaia50,654,"10""",q3c,1,2,401,2.33,0.598
gaia50,654,"10""",pgsphere,1,2,6,0.051,0.045
gaia50,654,"10""",skycell,1,2,5,0.048,0.032
gaia50,654,"10""",skycell-rw,1,2,5,0.037,0.013
gaia50,1255,6',skycell-rw,7,3,21,0.051,0.064
gaia50,1255,6',q3c,5,3,402,3.025,0.619
gaia50,1255,6',skycell,6,3,21,0.061,0.053
gaia50,1255,6',pgsphere,38,3,9,0.071,0.049
gaia50,706,"10""",q3c,1,1,401,3.148,0.546
gaia50,706,"10""",pgsphere,1,1,6,0.053,0.047
gaia50,706,"10""",skycell-rw,1,1,19,0.074,0.045
gaia50,706,"10""",skycell,1,1,20,0.026,0.02
gaia50,746,"10""",skycell-rw,1,1,18,0.049,0.054
gaia50,746,"10""",skycell,1,1,20,0.032,0.022
gaia50,746,"10""",q3c,1,1,401,2.709,0.624
gaia50,746,"10""",pgsphere,1,1,5,0.053,0.041
gaia50,1303,30',skycell-rw,90,73,18,0.079,0.093
gaia50,1303,30',pgsphere,952,73,15,0.031,0.081
gaia50,1303,30',skycell,89,73,18,0.045,0.06
gaia50,1303,30',q3c,35,73,405,3.458,0.589
gaia50,263,"1""",pgsphere,1,0,4,0.058,0.05
gaia50,263,"1""",q3c,1,0,400,2.591,0.555
gaia50,263,"1""",skycell,1,0,4,0.06,0.027
gaia50,263,"1""",skycell-rw,1,0,4,0.068,0.033
gaia50,231,"1""",q3c,1,0,400,2.783,0.556
gaia50,231,"1""",skycell-rw,1,0,8,0.093,0.04
gaia50,231,"1""",skycell,1,0,8,0.036,0.013
gaia50,231,"1""",pgsphere,1,0,5,0.03,0.036
gaia50,1288,6',q3c,177,310,412,3.044,1
gaia50,1288,6',skycell,450,310,22,0.123,0.125
gaia50,1288,6',pgsphere,38,310,57,0.032,0.245
gaia50,1288,6',skycell-rw,451,310,24,0.093,0.423
gaia50,983,1',q3c,1,0,400,2.599,0.543
gaia50,983,1',pgsphere,1,0,6,0.051,0.046
gaia50,983,1',skycell-rw,1,0,5,0.049,0.026
gaia50,983,1',skycell,1,0,5,0.023,0.01
gaia50,1415,1deg,skycell,256,260,34,0.036,0.142
gaia50,1415,1deg,q3c,231,260,406,2.421,0.98
gaia50,1415,1deg,pgsphere,3808,260,37,0.061,0.158
gaia50,1415,1deg,skycell-rw,257,260,23,0.076,0.176
gaia50,871,1',pgsphere,1,0,6,0.028,0.124
gaia50,871,1',skycell,1,0,5,0.042,0.023
gaia50,871,1',skycell-rw,1,0,5,0.042,0.012
gaia50,871,1',q3c,1,0,401,2.648,0.51
gaia50,400,"1""",skycell,1,1,9,0.057,0.164
gaia50,400,"1""",pgsphere,1,1,7,0.037,0.053
gaia50,400,"1""",skycell-rw,1,1,9,0.059,0.023
gaia50,400,"1""",q3c,1,1,401,2.456,0.507
gaia50,1229,6',q3c,3,3,402,2.531,0.534
gaia50,1229,6',pgsphere,38,3,7,0.061,0.052
gaia50,1229,6',skycell-rw,6,3,6,0.053,0.029
gaia50,1229,6',skycell,6,3,6,0.036,0.02
gaia50,878,1',skycell,18,25,18,0.025,0.067
gaia50,878,1',q3c,6,25,402,2.305,1.683
gaia50,878,1',pgsphere,1,25,18,0.047,0.083
gaia50,878,1',skycell-rw,18,25,18,0.08,0.068
gaia50,285,"1""",skycell-rw,1,0,4,0.041,0.016
gaia50,285,"1""",skycell,1,0,4,0.022,0.008
gaia50,285,"1""",pgsphere,1,0,5,0.017,0.031
gaia50,285,"1""",q3c,1,0,400,2.715,0.633
gaia50,686,"10""",q3c,1,1,401,2.291,0.621
gaia50,686,"10""",skycell,1,1,5,0.063,0.034
gaia50,686,"10""",pgsphere,1,1,6,0.028,0.052
gaia50,686,"10""",skycell-rw,1,1,5,0.038,0.014
gaia50,1392,30',skycell,25650,24268,459,0.076,4.769
gaia50,1392,30',q3c,6566,24268,801,2.465,5.2
gaia50,1392,30',pgsphere,952,24268,1975,0.047,11.68
gaia50,1392,30',skycell-rw,25654,24268,459,0.333,5.885
gaia50,766,"10""",skycell,1,3,5,0.084,0.053
gaia50,766,"10""",skycell-rw,1,3,5,0.062,0.025
gaia50,766,"10""",pgsphere,1,3,7,0.026,0.048
gaia50,766,"10""",q3c,1,3,402,3.44,0.708
gaia50,1403,1deg,pgsphere,3808,1433,150,0.06,0.741
gaia50,1403,1deg,skycell,1469,1433,70,0.108,0.532
gaia50,1403,1deg,q3c,3126,1433,433,3.91,1.449
gaia50,1403,1deg,skycell-rw,1472,1433,66,0.289,0.447
gaia50,1360,30',skycell,2204,2473,88,0.117,0.949
gaia50,1360,30',pgsphere,952,2473,266,0.061,1.42
gaia50,1360,30',q3c,935,2473,450,3.497,1.733
gaia50,1360,30',skycell-rw,2205,2473,83,0.488,1.147
gaia50,1293,6',pgsphere,38,8,11,0.073,0.142
gaia50,1293,6',skycell,5,8,6,0.085,0.063
gaia50,1293,6',q3c,1,8,402,3.047,1.18
gaia50,1293,6',skycell-rw,5,8,6,0.069,0.039
gaia50,612,"10""",skycell,1,2,10,0.038,0.041
gaia50,612,"10""",skycell-rw,1,2,10,0.042,0.02
gaia50,612,"10""",q3c,1,2,401,2.748,0.601
gaia50,612,"10""",pgsphere,1,2,8,0.049,0.05
gaia50,1063,1',q3c,1,0,400,2.647,0.678
gaia50,1063,1',pgsphere,1,0,4,0.047,0.032
gaia50,1063,1',skycell,1,0,5,0.059,0.03
gaia50,1063,1',skycell-rw,1,0,5,0.039,0.013
gaia50,1444,3deg,skycell-rw,3418,2198,84,0.161,0.566
gaia50,1444,3deg,pgsphere,34262,2198,100,0.038,0.734
gaia50,1444,3deg,skycell,3418,2198,93,0.113,0.481
gaia50,1444,3deg,q3c,1286,2198,440,2.682,0.969
gaia50,1256,6',skycell,29,46,12,0.058,0.059
gaia50,1256,6',q3c,16,46,403,2.596,0.576
gaia50,1256,6',pgsphere,38,46,9,0.056,0.059
gaia50,1256,6',skycell-rw,29,46,13,0.059,0.56
gaia50,14,"1""",pgsphere,1,1,6,0.042,0.036
gaia50,14,"1""",skycell,1,1,9,0.055,0.049
gaia50,14,"1""",q3c,1,1,401,2.472,0.525
gaia50,14,"1""",skycell-rw,1,1,9,0.081,0.038
gaia50,119,"1""",q3c,1,0,400,2.588,0.572
gaia50,119,"1""",skycell,1,0,4,0.056,0.025
gaia50,119,"1""",skycell-rw,1,0,4,0.149,0.021
gaia50,119,"1""",pgsphere,1,0,4,0.025,0.025
gaia50,942,1',skycell,5,5,6,0.05,0.034
gaia50,942,1',q3c,2,5,402,2.425,0.563
gaia50,942,1',pgsphere,1,5,7,0.047,0.05
gaia50,942,1',skycell-rw,5,5,6,0.043,0.026
gaia50,725,"10""",q3c,1,0,400,2.374,0.509
gaia50,725,"10""",skycell,1,0,4,0.06,0.068
gaia50,725,"10""",skycell-rw,1,0,4,0.073,0.018
gaia50,725,"10""",pgsphere,1,0,4,0.022,0.025
gaia50,61,"1""",skycell,1,0,4,0.031,0.017
gaia50,61,"1""",skycell-rw,1,0,4,0.028,0.01
gaia50,61,"1""",q3c,1,0,400,2.543,0.495
gaia50,61,"1""",pgsphere,1,0,7,0.048,0.048
gaia50,1451,3deg,skycell,2362,2264,97,0.167,0.53
gaia50,1451,3deg,q3c,2081,2264,440,2.995,1.022
gaia50,1451,3deg,pgsphere,34262,2264,104,0.048,0.777
gaia50,1451,3deg,skycell-rw,2368,2264,84,0.17,1.949
gaia50,1363,30',pgsphere,952,324,49,0.046,0.212
gaia50,1363,30',skycell-rw,371,324,31,0.096,0.141
gaia50,1363,30',q3c,512,324,411,2.712,0.742
gaia50,1363,30',skycell,369,324,31,0.068,0.132
gaia50,218,"1""",pgsphere,1,1,5,0.028,0.041
gaia50,218,"1""",skycell-rw,1,1,5,0.069,0.031
gaia50,218,"1""",q3c,1,1,401,2.707,0.64
gaia50,218,"1""",skycell,1,1,5,0.058,0.031
gaia50,1336,30',skycell-rw,16532,19489,377,0.161,3.427
gaia50,1336,30',skycell,16526,19489,377,0.099,3.487
gaia50,1336,30',q3c,6277,19489,692,2.371,3.871
gaia50,1336,30',pgsphere,952,19489,1979,0.048,4.962
gaia50,87,"1""",q3c,1,0,400,2.799,0.514
gaia50,87,"1""",pgsphere,1,0,7,0.048,0.042
gaia50,87,"1""",skycell-rw,1,0,4,0.045,0.018
gaia50,87,"1""",skycell,1,0,4,0.025,0.01
gaia50,192,"1""",skycell-rw,1,1,5,0.025,0.017
gaia50,192,"1""",q3c,1,1,401,2.608,0.756
gaia50,192,"1""",skycell,1,1,5,0.057,0.029
gaia50,192,"1""",pgsphere,1,1,5,0.045,0.037
gaia50,944,1',pgsphere,1,14,8,0.02,0.057
gaia50,944,1',skycell,10,14,6,0.034,0.036
gaia50,944,1',skycell-rw,10,14,6,0.038,0.026
gaia50,944,1',q3c,2,14,402,2.239,0.628
gaia50,1104,6',pgsphere,38,3,6,0.045,0.038
gaia50,1104,6',skycell,4,3,5,0.039,0.028
gaia50,1104,6',q3c,4,3,401,2.543,0.511
gaia50,1104,6',skycell-rw,4,3,5,0.067,0.032
gaia50,545,"10""",skycell,1,0,4,0.033,0.013
gaia50,545,"10""",skycell-rw,1,0,4,0.025,0.007
gaia50,545,"10""",q3c,1,0,400,2.186,0.518
gaia50,545,"10""",pgsphere,1,0,4,0.047,0.033
gaia50,670,"10""",pgsphere,1,2,6,0.018,0.027
gaia50,670,"10""",q3c,1,2,402,2.61,0.52
gaia50,670,"10""",skycell,1,2,5,0.058,0.031
gaia50,670,"10""",skycell-rw,1,2,5,0.037,0.011
gaia50,1050,1',skycell,18,16,11,0.022,0.044
gaia50,1050,1',q3c,9,16,403,2.586,0.619
gaia50,1050,1',pgsphere,1,16,17,0.047,0.062
gaia50,1050,1',skycell-rw,19,16,11,0.074,0.053
gaia50,902,1',skycell-rw,6,7,10,0.038,0.07
gaia50,902,1',q3c,4,7,401,2.207,0.495
gaia50,902,1',skycell,5,7,10,0.059,0.041
gaia50,902,1',pgsphere,1,7,7,0.029,0.047
gaia50,1243,6',pgsphere,38,6,7,0.015,0.044
gaia50,1243,6',skycell,7,6,6,0.029,0.027
gaia50,1243,6',skycell-rw,7,6,6,0.029,0.012
gaia50,1243,6',q3c,3,6,401,2.23,0.556
gaia50,535,"10""",q3c,1,0,400,2.491,0.497
gaia50,535,"10""",skycell,1,0,4,0.057,0.023
gaia50,535,"10""",skycell-rw,1,0,4,0.038,0.02
gaia50,535,"10""",pgsphere,1,0,5,0.018,0.029
gaia50,809,1',skycell,1,0,5,0.021,0.04
gaia50,809,1',pgsphere,1,0,5,0.031,0.041
gaia50,809,1',q3c,1,0,400,2.374,0.686
gaia50,809,1',skycell-rw,1,0,5,0.066,0.029
gaia50,486,"10""",q3c,1,1,401,2.178,0.547
gaia50,486,"10""",pgsphere,1,1,6,0.046,0.05
gaia50,486,"10""",skycell,1,1,5,0.041,0.03
gaia50,486,"10""",skycell-rw,1,1,5,0.06,0.042
gaia50,147,"1""",pgsphere,1,0,4,0.046,0.039
gaia50,147,"1""",q3c,1,0,400,2.482,0.515
gaia50,147,"1""",skycell,1,0,8,0.057,0.026
gaia50,147,"1""",skycell-rw,1,0,8,0.055,0.018
gaia50,166,"1""",q3c,1,1,401,2.413,0.593
gaia50,166,"1""",skycell,1,1,5,0.055,0.041
gaia50,166,"1""",pgsphere,1,1,7,0.024,0.038
gaia50,166,"1""",skycell-rw,1,1,5,0.042,0.013
gaia50,446,"10""",skycell-rw,1,1,5,0.027,0.029
gaia50,446,"10""",q3c,1,1,401,2.245,0.532
gaia50,446,"10""",skycell,1,1,5,0.056,0.036
gaia50,446,"10""",pgsphere,1,1,5,0.024,0.05
gaia50,371,"1""",skycell-rw,1,0,4,0.044,0.025
gaia50,371,"1""",pgsphere,1,0,4,0.014,0.025
gaia50,371,"1""",skycell,1,0,4,0.019,0.008
gaia50,371,"1""",q3c,1,0,400,2.33,0.502
gaia50,1009,1',q3c,3,3,401,2.536,0.547
gaia50,1009,1',skycell,6,3,10,0.059,0.035
gaia50,1009,1',pgsphere,1,3,5,0.025,0.039
gaia50,1009,1',skycell-rw,6,3,5,0.037,0.02
gaia50,840,1',q3c,1,2,401,2.264,0.477
gaia50,840,1',skycell-rw,2,2,5,0.154,0.037
gaia50,840,1',pgsphere,1,2,5,0.023,0.03
gaia50,840,1',skycell,1,2,5,0.025,0.014
gaia50,810,1',skycell,18,24,8,0.023,0.041
gaia50,810,1',pgsphere,1,24,17,0.014,0.083
gaia50,810,1',skycell-rw,18,24,8,0.064,0.062
gaia50,810,1',q3c,6,24,402,2.273,0.595
gaia50,956,1',skycell,8,16,11,0.075,0.049
gaia50,956,1',q3c,3,16,402,2.429,0.645
gaia50,956,1',skycell-rw,8,16,11,0.087,0.046
gaia50,956,1',pgsphere,1,16,6,0.025,0.033
gaia50,29,"1""",q3c,1,0,400,2.562,0.611
gaia50,29,"1""",skycell,1,0,4,0.056,0.024
gaia50,29,"1""",skycell-rw,1,0,4,0.043,0.011
gaia50,29,"1""",pgsphere,1,0,7,0.017,0.034
gaia50,1072,1',q3c,2,26,402,2.555,0.746
gaia50,1072,1',pgsphere,1,26,15,0.048,0.063
gaia50,1072,1',skycell-rw,22,26,19,0.071,0.077
gaia50,1072,1',skycell,22,26,19,0.03,0.03
gaia50,216,"1""",skycell,1,1,5,0.021,0.017
gaia50,216,"1""",pgsphere,1,1,5,0.028,0.052
gaia50,216,"1""",q3c,1,1,401,3.064,0.524
gaia50,216,"1""",skycell-rw,1,1,5,0.069,0.029
gaia50,193,"1""",skycell-rw,1,0,4,0.033,0.026
gaia50,193,"1""",pgsphere,1,0,4,0.019,0.024
gaia50,193,"1""",skycell,1,0,4,0.021,0.009
gaia50,193,"1""",q3c,1,0,400,2.626,0.602
gaia50,1026,1',pgsphere,1,2,9,0.047,0.071
gaia50,1026,1',skycell-rw,2,2,20,0.105,0.087
gaia50,1026,1',q3c,2,2,401,2.544,0.495
gaia50,1026,1',skycell,2,2,20,0.057,0.045
gaia50,314,"1""",q3c,1,1,401,2.334,0.508
gaia50,314,"1""",pgsphere,1,1,5,0.047,0.039
gaia50,314,"1""",skycell,1,1,5,0.04,0.024
gaia50,314,"1""",skycell-rw,1,1,5,0.057,0.024
gaia50,990,1',skycell,28,27,22,0.048,0.093
gaia50,990,1',pgsphere,1,27,13,0.029,0.067
gaia50,990,1',skycell-rw,29,27,22,0.079,0.061
gaia50,990,1',q3c,12,27,402,2.336,0.54
gaia50,1191,6',skycell-rw,3,3,11,0.081,0.063
gaia50,1191,6',skycell,3,3,11,0.029,0.016
gaia50,1191,6',pgsphere,38,3,16,0.021,0.079
gaia50,1191,6',q3c,15,3,401,2.779,0.572
gaia50,66,"1""",pgsphere,1,1,5,0.058,0.05
gaia50,66,"1""",skycell-rw,1,1,5,0.076,0.035
gaia50,66,"1""",skycell,1,1,5,0.046,0.023
gaia50,66,"1""",q3c,1,1,401,3.796,0.787
gaia50,699,"10""",skycell-rw,1,0,4,0.085,0.029
gaia50,699,"10""",pgsphere,1,0,6,0.029,0.057
gaia50,699,"10""",skycell,1,0,4,0.06,0.024
gaia50,699,"10""",q3c,1,0,400,3.344,0.701
gaia50,700,"10""",q3c,1,1,401,3.452,0.769
gaia50,700,"10""",pgsphere,1,1,6,0.085,0.063
gaia50,700,"10""",skycell-rw,1,1,5,0.07,0.03
gaia50,700,"10""",skycell,1,1,5,0.044,0.018
gaia50,646,"10""",skycell,1,1,5,0.028,0.036
gaia50,646,"10""",skycell-rw,1,1,5,0.058,0.022
gaia50,646,"10""",q3c,1,1,401,3.594,0.689
gaia50,646,"10""",pgsphere,1,1,5,0.093,0.051
gaia50,1285,6',skycell-rw,122,123,28,0.125,1.424
gaia50,1285,6',pgsphere,38,123,22,0.046,0.144
gaia50,1285,6',q3c,4,123,404,2.097,0.555
gaia50,1285,6',skycell,121,123,18,0.066,0.065
gaia50,104,"1""",pgsphere,1,1,6,0.041,0.049
gaia50,104,"1""",skycell,1,1,5,0.028,0.031
gaia50,104,"1""",skycell-rw,1,1,5,0.028,0.008
gaia50,104,"1""",q3c,1,1,401,2.148,0.61
gaia50,122,"1""",skycell-rw,1,1,5,0.065,0.044
gaia50,122,"1""",q3c,1,1,401,2.425,0.544
gaia50,122,"1""",skycell,1,1,5,0.054,0.03
gaia50,122,"1""",pgsphere,1,1,5,0.03,0.027
gaia50,1454,3deg,pgsphere,34262,210051,5897,0.014,50.465
gaia50,1454,3deg,skycell,176662,210051,3043,0.145,32.511
gaia50,1454,3deg,q3c,55587,210051,4100,2.753,39.32
gaia50,1454,3deg,skycell-rw,176365,210051,3043,0.341,28.856
gaia50,395,"1""",skycell,1,0,8,0.149,0.03
gaia50,395,"1""",skycell-rw,1,0,8,0.06,0.018
gaia50,395,"1""",q3c,1,0,400,2.952,0.755
gaia50,395,"1""",pgsphere,1,0,4,0.063,0.046
gaia50,404,"10""",pgsphere,1,2,8,0.022,0.054
gaia50,404,"10""",skycell,1,2,5,0.04,0.027
gaia50,404,"10""",q3c,1,2,401,3.597,0.74
gaia50,404,"10""",skycell-rw,1,2,5,0.084,0.039
gaia50,883,1',skycell-rw,1,0,5,0.04,0.03
gaia50,883,1',q3c,1,0,400,2.628,0.659
gaia50,883,1',pgsphere,1,0,6,0.055,0.087
gaia50,883,1',skycell,1,0,5,0.045,0.025
gaia50,679,"10""",pgsphere,1,0,5,0.02,0.041
gaia50,679,"10""",skycell-rw,1,0,4,0.036,0.013
gaia50,679,"10""",q3c,1,0,400,2.398,0.555
gaia50,679,"10""",skycell,1,0,4,0.063,0.026
gaia50,115,"1""",skycell,1,0,4,0.028,0.016
gaia50,115,"1""",skycell-rw,1,0,4,0.049,0.051
gaia50,115,"1""",pgsphere,1,0,4,0.021,0.025
gaia50,115,"1""",q3c,1,0,400,2.376,0.629
gaia50,524,"10""",pgsphere,1,1,6,0.054,0.042
gaia50,524,"10""",skycell-rw,1,1,5,0.051,0.025
gaia50,524,"10""",q3c,1,1,401,2.489,0.599
gaia50,524,"10""",skycell,1,1,5,0.061,0.032
gaia50,660,"10""",pgsphere,1,1,6,0.029,0.047
gaia50,660,"10""",skycell,1,1,6,0.022,0.019
gaia50,660,"10""",skycell-rw,1,1,6,0.03,0.024
gaia50,660,"10""",q3c,1,1,401,2.348,0.632
gaia50,866,1',q3c,1,3,401,2.652,0.607
gaia50,866,1',skycell,1,3,6,0.062,0.034
gaia50,866,1',skycell-rw,1,3,6,0.041,0.034
gaia50,866,1',pgsphere,1,3,7,0.025,0.037
gaia50,356,"1""",skycell-rw,1,1,5,0.032,0.017
gaia50,356,"1""",skycell,1,1,5,0.019,0.014
gaia50,356,"1""",pgsphere,1,1,8,0.013,0.041
gaia50,356,"1""",q3c,1,1,401,2.34,0.534
gaia50,1175,6',pgsphere,38,1,7,0.05,0.064
gaia50,1175,6',skycell-rw,4,1,12,0.114,0.576
gaia50,1175,6',skycell,4,1,11,0.047,0.034
gaia50,1175,6',q3c,8,1,401,2.535,0.519
gaia50,1208,6',q3c,15,1188,430,2.587,0.945
gaia50,1208,6',skycell,979,1188,65,0.088,0.407
gaia50,1208,6',pgsphere,38,1188,112,0.044,0.454
gaia50,1208,6',skycell-rw,983,1188,60,0.14,0.509
gaia50,853,1',skycell,1,0,5,0.073,0.031
gaia50,853,1',pgsphere,1,0,5,0.039,0.035
gaia50,853,1',q3c,1,0,401,2.562,0.688
gaia50,853,1',skycell-rw,1,0,5,0.172,0.036
gaia50,1000,1',pgsphere,1,1,6,0.03,0.038
gaia50,1000,1',skycell,1,1,5,0.029,0.022
gaia50,1000,1',skycell-rw,1,1,5,0.029,0.01
gaia50,1000,1',q3c,1,1,401,2.586,0.534
gaia50,224,"1""",skycell,1,1,5,0.184,0.102
gaia50,224,"1""",pgsphere,1,1,6,0.047,0.052
gaia50,224,"1""",q3c,1,1,401,2.518,0.575
gaia50,224,"1""",skycell-rw,1,1,5,0.076,0.032
gaia50,1011,1',pgsphere,1,0,4,0.041,0.029
gaia50,1011,1',skycell,1,0,5,0.035,0.026
gaia50,1011,1',q3c,1,0,400,2.742,0.573
gaia50,1011,1',skycell-rw,1,0,5,0.074,0.031
gaia50,858,1',pgsphere,1,7,5,0.041,0.038
gaia50,858,1',skycell,3,7,6,0.035,0.033
gaia50,858,1',q3c,2,7,401,2.62,0.585
gaia50,858,1',skycell-rw,3,7,6,0.077,0.04
gaia50,17,"1""",pgsphere,1,0,4,0.132,0.037
gaia50,17,"1""",skycell-rw,1,0,4,0.096,0.025
gaia50,17,"1""",q3c,1,0,400,2.358,0.573
gaia50,17,"1""",skycell,1,0,4,0.062,0.027
gaia50,326,"1""",pgsphere,1,1,5,0.041,0.037
gaia50,326,"1""",skycell-rw,1,1,5,0.059,0.029
gaia50,326,"1""",q3c,1,1,401,2.678,0.581
gaia50,326,"1""",skycell,1,1,5,0.062,0.033
gaia50,1204,6',skycell-rw,574,439,33,0.177,1.664
gaia50,1204,6',skycell,572,439,23,0.08,0.134
gaia50,1204,6',q3c,56,439,412,2.089,0.656
gaia50,1204,6',pgsphere,38,439,54,0.056,0.207
gaia50,662,"10""",skycell-rw,1,1,5,0.059,0.023
gaia50,662,"10""",pgsphere,1,1,7,0.035,0.04
gaia50,662,"10""",q3c,1,1,401,2.301,0.474
gaia50,662,"10""",skycell,1,1,5,0.056,0.058
gaia50,42,"1""",pgsphere,1,1,6,0.031,0.048
gaia50,42,"1""",q3c,1,1,401,2.534,0.579
gaia50,42,"1""",skycell-rw,1,1,9,0.076,0.036
gaia50,42,"1""",skycell,1,1,9,0.032,0.014
gaia50,1110,6',skycell-rw,216,173,21,0.055,0.133
gaia50,1110,6',pgsphere,38,173,37,0.028,0.21
gaia50,1110,6',q3c,117,173,404,2.559,0.541
gaia50,1110,6',skycell,216,173,30,0.061,0.084
gaia50,78,"1""",skycell,1,1,9,0.026,0.018
gaia50,78,"1""",skycell-rw,1,1,9,0.038,0.015
gaia50,78,"1""",pgsphere,1,1,7,0.02,0.037
gaia50,78,"1""",q3c,1,1,401,2.947,0.476
gaia50,972,1',q3c,6,27,402,2.596,0.555
gaia50,972,1',pgsphere,1,27,12,0.052,0.067
gaia50,972,1',skycell-rw,32,27,12,0.061,0.058
gaia50,972,1',skycell,32,27,12,0.111,0.044
gaia50,595,"10""",pgsphere,1,0,5,0.027,0.04
gaia50,595,"10""",skycell,1,0,5,0.027,0.018
gaia50,595,"10""",skycell-rw,1,0,5,0.04,0.009
gaia50,595,"10""",q3c,1,0,400,2.456,0.465
gaia50,228,"1""",skycell-rw,1,1,5,0.064,0.038
gaia50,228,"1""",pgsphere,1,1,6,0.023,0.03
gaia50,228,"1""",skycell,1,1,5,0.023,0.017
gaia50,228,"1""",q3c,1,1,401,2.333,0.51
gaia50,1170,6',q3c,240,270,405,2.314,0.577
gaia50,1170,6',skycell,239,270,22,0.063,0.116
gaia50,1170,6',skycell-rw,239,270,18,0.057,0.089
gaia50,1170,6',pgsphere,38,270,52,0.025,0.158
gaia50,869,1',skycell,1,2,5,0.034,0.03
gaia50,869,1',pgsphere,1,2,7,0.016,0.037
gaia50,869,1',skycell-rw,1,2,5,0.032,0.011
gaia50,869,1',q3c,1,2,401,2.368,0.463
gaia50,1119,6',q3c,7,15,402,2.474,0.531
gaia50,1119,6',skycell,14,15,16,0.058,0.067
gaia50,1119,6',pgsphere,38,15,8,0.03,0.04
gaia50,1119,6',skycell-rw,14,15,9,0.038,0.048
gaia50,616,"10""",q3c,1,1,401,2.21,0.844
gaia50,616,"10""",skycell-rw,1,1,5,0.067,0.027
gaia50,616,"10""",skycell,1,1,5,0.057,0.026
gaia50,616,"10""",pgsphere,1,1,5,0.029,0.034
gaia50,487,"10""",skycell-rw,1,0,4,0.04,0.016
gaia50,487,"10""",q3c,1,0,400,2.67,0.778
gaia50,487,"10""",pgsphere,1,0,4,0.046,0.039
gaia50,487,"10""",skycell,1,0,4,0.038,0.018
gaia50,477,"10""",q3c,1,0,400,2.405,0.551
gaia50,477,"10""",pgsphere,1,0,4,0.045,0.042
gaia50,477,"10""",skycell,1,0,4,0.038,0.023
gaia50,477,"10""",skycell-rw,1,0,4,0.034,0.008
gaia50,970,1',q3c,1,1,401,2.548,0.496
gaia50,970,1',skycell-rw,1,1,5,0.068,0.13
gaia50,970,1',skycell,1,1,5,0.048,0.022
gaia50,970,1',pgsphere,1,1,9,0.023,0.047
gaia50,827,1',q3c,1,0,400,2.203,0.53
gaia50,827,1',skycell-rw,1,0,5,0.065,0.029
gaia50,827,1',skycell,1,0,5,0.027,0.011
gaia50,827,1',pgsphere,1,0,7,0.016,0.035
gaia50,958,1',q3c,1,2,402,2.258,0.476
gaia50,958,1',skycell,1,2,6,0.056,0.034
gaia50,958,1',pgsphere,1,2,6,0.037,0.041
gaia50,958,1',skycell-rw,1,2,6,0.038,0.019
gaia50,1268,6',skycell-rw,280,299,26,0.064,0.143
gaia50,1268,6',skycell,278,299,26,0.113,0.097
gaia50,1268,6',q3c,185,299,410,2.53,0.86
gaia50,1268,6',pgsphere,38,299,44,0.045,0.171
gaia50,772,"10""",q3c,1,1,401,2.291,0.568
gaia50,772,"10""",skycell,1,1,5,0.059,0.035
gaia50,772,"10""",skycell-rw,1,1,5,0.044,0.014
gaia50,772,"10""",pgsphere,1,1,8,0.018,0.042
gaia50,312,"1""",skycell-rw,1,1,5,0.035,0.027
gaia50,312,"1""",q3c,1,1,401,3.462,0.505
gaia50,312,"1""",skycell,1,1,5,0.054,0.03
gaia50,312,"1""",pgsphere,1,1,8,0.037,0.042
gaia50,1390,30',pgsphere,952,4305,533,0.015,1.616
gaia50,1390,30',skycell,5388,4305,150,0.104,0.901
gaia50,1390,30',q3c,2649,4305,472,2.332,1.34
gaia50,1390,30',skycell-rw,5396,4305,132,0.181,0.802
gaia50,500,"10""",pgsphere,1,1,5,0.039,0.03
gaia50,500,"10""",q3c,1,1,401,2.154,0.486
gaia50,500,"10""",skycell,1,1,5,0.055,0.076
gaia50,500,"10""",skycell-rw,1,1,5,0.046,0.014
gaia50,479,"10""",skycell-rw,1,0,4,0.026,0.014
gaia50,479,"10""",skycell,1,0,4,0.017,0.007
gaia50,479,"10""",pgsphere,1,0,6,0.017,0.035
gaia50,479,"10""",q3c,1,0,400,2.507,0.508
gaia50,543,"10""",skycell,1,0,5,0.053,0.026
gaia50,543,"10""",q3c,1,0,400,2.419,0.513
gaia50,543,"10""",skycell-rw,1,0,5,0.084,0.059
gaia50,543,"10""",pgsphere,1,0,6,0.028,0.032
gaia50,1058,1',q3c,3,8,403,2.481,0.53
gaia50,1058,1',pgsphere,1,8,13,0.042,0.059
gaia50,1058,1',skycell-rw,16,8,12,0.061,0.05
gaia50,1058,1',skycell,16,8,12,0.028,0.026
gaia50,1184,6',pgsphere,38,417,52,0.016,0.235
gaia50,1184,6',skycell-rw,367,417,26,0.063,0.152
gaia50,1184,6',skycell,365,417,26,0.032,0.122
gaia50,1184,6',q3c,100,417,409,2.594,0.622
gaia50,843,1',pgsphere,1,0,10,0.043,0.085
gaia50,843,1',skycell,2,0,5,0.038,0.024
gaia50,843,1',q3c,1,0,400,2.077,0.48
gaia50,843,1',skycell-rw,2,0,5,0.065,0.029
gaia50,171,"1""",skycell-rw,1,0,8,0.057,0.033
gaia50,171,"1""",q3c,1,0,400,2.292,0.537
gaia50,171,"1""",pgsphere,1,0,4,0.049,0.037
gaia50,171,"1""",skycell,1,0,8,0.045,0.022
gaia50,845,1',q3c,1,0,400,2.401,0.566
gaia50,845,1',skycell,1,0,10,0.057,0.042
gaia50,845,1',skycell-rw,1,0,9,0.049,0.018
gaia50,845,1',pgsphere,1,0,6,0.03,0.035
gaia50,1368,30',q3c,655,2413,445,2.137,0.975
gaia50,1368,30',skycell-rw,1164,2413,87,0.112,1.444
gaia50,1368,30',pgsphere,952,2413,260,0.043,0.848
gaia50,1368,30',skycell,1048,2413,79,0.078,0.478
gaia50,1302,30',skycell,14995,14904,296,0.083,2.494
gaia50,1302,30',pgsphere,952,14904,1221,0.038,3.438
gaia50,1302,30',skycell-rw,15002,14904,296,0.186,2.322
gaia50,1302,30',q3c,3143,14904,668,2.397,3.283
gaia50,1251,6',skycell-rw,117,158,23,0.09,0.791
gaia50,1251,6',skycell,125,158,22,0.065,0.082
gaia50,1251,6',q3c,63,158,405,2.464,0.604
gaia50,1251,6',pgsphere,38,158,25,0.047,0.121
gaia50,1379,30',pgsphere,952,678,95,0.019,0.316
gaia50,1379,30',q3c,193,678,417,2.573,0.736
gaia50,1379,30',skycell-rw,926,678,41,0.115,0.554
gaia50,1379,30',skycell,923,678,38,0.083,0.182
gaia50,1359,30',skycell,266,243,37,0.041,0.166
gaia50,1359,30',skycell-rw,267,243,29,0.069,0.113
gaia50,1359,30',pgsphere,952,243,33,0.023,0.148
gaia50,1359,30',q3c,206,243,408,2.427,0.556
gaia50,629,"10""",skycell-rw,1,0,5,0.065,0.027
gaia50,629,"10""",pgsphere,1,0,4,0.02,0.026
gaia50,629,"10""",skycell,1,0,5,0.029,0.014
gaia50,629,"10""",q3c,1,0,400,2.362,0.506
gaia50,383,"1""",q3c,1,0,400,2.528,0.536
gaia50,383,"1""",pgsphere,1,0,5,0.045,0.042
gaia50,383,"1""",skycell-rw,1,0,4,0.049,0.019
gaia50,383,"1""",skycell,1,0,4,0.021,0.008
gaia50,820,1',skycell,2,2,7,0.023,0.028
gaia50,820,1',skycell-rw,2,2,7,0.026,0.014
gaia50,820,1',pgsphere,1,2,7,0.013,0.03
gaia50,820,1',q3c,1,2,401,2.39,0.526
gaia50,1391,30',q3c,174,65,402,2.556,0.582
gaia50,1391,30',skycell,63,65,20,0.098,0.08
gaia50,1391,30',skycell-rw,79,65,13,0.078,0.052
gaia50,1391,30',pgsphere,952,65,17,0.02,0.069
gaia50,876,1',skycell,22,19,23,0.025,0.066
gaia50,876,1',pgsphere,1,19,8,0.019,0.055
gaia50,876,1',skycell-rw,23,19,23,0.056,0.043
gaia50,876,1',q3c,9,19,401,2.548,0.491
gaia50,880,1',pgsphere,1,42,11,0.044,0.073
gaia50,880,1',skycell,29,42,8,0.04,0.081
gaia50,880,1',q3c,9,42,401,2.147,0.499
gaia50,880,1',skycell-rw,29,42,8,0.069,0.058
gaia50,351,"1""",skycell-rw,1,0,4,0.038,0.016
gaia50,351,"1""",pgsphere,1,0,4,0.016,0.025
gaia50,351,"1""",q3c,1,0,400,2.285,0.471
gaia50,351,"1""",skycell,1,0,4,0.053,0.033
gaia50,901,1',skycell-rw,1,0,10,0.054,0.043
gaia50,901,1',q3c,1,0,401,2.47,0.518
gaia50,901,1',skycell,1,0,10,0.053,0.03
gaia50,901,1',pgsphere,1,0,5,0.028,0.03
gaia50,90,"1""",skycell-rw,1,1,5,0.032,0.03
gaia50,90,"1""",q3c,1,1,401,2.305,0.494
gaia50,90,"1""",skycell,1,1,5,0.052,0.029
gaia50,90,"1""",pgsphere,1,1,7,0.039,0.042
gaia50,913,1',skycell-rw,1,0,10,0.049,0.038
gaia50,913,1',skycell,1,0,10,0.032,0.017
gaia50,913,1',q3c,1,0,400,2.36,0.539
gaia50,913,1',pgsphere,1,0,4,0.044,0.031
gaia50,879,1',skycell-rw,1,1,5,0.044,0.023
gaia50,879,1',pgsphere,1,1,5,0.019,0.026
gaia50,879,1',skycell,1,1,5,0.022,0.026
gaia50,879,1',q3c,1,1,401,2.53,0.53
gaia50,821,1',pgsphere,1,0,10,0.043,0.084
gaia50,821,1',skycell-rw,1,0,10,0.061,0.031
gaia50,821,1',q3c,1,0,400,2.588,0.48
gaia50,821,1',skycell,1,0,10,0.083,0.031
gaia50,835,1',pgsphere,1,2,6,0.027,0.043
gaia50,835,1',skycell,1,2,10,0.023,0.028
gaia50,835,1',skycell-rw,1,2,10,0.051,0.022
gaia50,835,1',q3c,2,2,402,2.614,0.505
gaia50,515,"10""",q3c,1,0,400,2.233,0.524
gaia50,515,"10""",pgsphere,1,0,4,0.045,0.043
gaia50,515,"10""",skycell-rw,1,0,5,0.08,0.025
gaia50,515,"10""",skycell,1,0,5,0.026,0.011
gaia50,1347,30',q3c,45,63,405,2.349,0.541
gaia50,1347,30',skycell-rw,67,63,12,0.079,0.072
gaia50,1347,30',pgsphere,952,63,22,0.03,0.078
gaia50,1347,30',skycell,66,63,12,0.031,0.041
gaia50,1406,1deg,skycell-rw,5633,4869,142,0.163,0.994
gaia50,1406,1deg,q3c,6811,4869,494,2.613,1.633
gaia50,1406,1deg,skycell,5619,4869,147,0.104,0.955
gaia50,1406,1deg,pgsphere,3808,4869,469,0.035,1.488
gaia50,471,"10""",skycell,1,0,8,0.05,0.021
gaia50,471,"10""",skycell-rw,1,0,8,0.063,0.014
gaia50,471,"10""",q3c,1,0,400,2.391,0.524
gaia50,471,"10""",pgsphere,1,0,4,0.045,0.036
gaia50,597,"10""",q3c,1,0,400,2.607,0.507
gaia50,597,"10""",skycell,1,0,5,0.055,0.037
gaia50,597,"10""",pgsphere,1,0,6,0.03,0.043
gaia50,597,"10""",skycell-rw,1,0,5,0.035,0.012
gaia50,762,"10""",pgsphere,1,1,7,0.014,0.043
gaia50,762,"10""",q3c,1,1,401,2.213,0.566
gaia50,762,"10""",skycell,1,1,5,0.052,0.029
gaia50,762,"10""",skycell-rw,1,1,5,0.108,0.017
gaia50,523,"10""",pgsphere,1,0,4,0.022,0.035
gaia50,523,"10""",q3c,1,0,400,2.233,0.496
gaia50,523,"10""",skycell-rw,1,0,4,0.063,0.024
gaia50,523,"10""",skycell,1,0,4,0.03,0.01
gaia50,733,"10""",skycell-rw,1,0,4,0.027,0.024
gaia50,733,"10""",q3c,1,0,400,3.179,0.481
gaia50,733,"10""",pgsphere,1,0,4,0.047,0.033
gaia50,733,"10""",skycell,1,0,4,0.035,0.017
gaia50,1399,30',skycell,179,360,29,0.032,0.153
gaia50,1399,30',q3c,138,360,409,2.211,0.563
gaia50,1399,30',skycell-rw,181,360,32,0.095,0.76
gaia50,1399,30',pgsphere,952,360,48,0.039,0.191
gaia50,1252,6',pgsphere,38,41,13,0.024,0.05
gaia50,1252,6',skycell-rw,36,41,21,0.07,0.075
gaia50,1252,6',skycell,35,41,21,0.031,0.045
gaia50,1252,6',q3c,21,41,403,2.431,0.491
gaia50,716,"10""",skycell,1,2,10,0.054,0.037
gaia50,716,"10""",skycell-rw,1,2,10,0.055,0.025
gaia50,716,"10""",pgsphere,1,2,6,0.018,0.034
gaia50,716,"10""",q3c,1,2,401,2.266,0.484
gaia50,743,"10""",pgsphere,1,0,8,0.044,0.048
gaia50,743,"10""",skycell-rw,1,0,4,0.08,0.019
gaia50,743,"10""",skycell,1,0,4,0.025,0.009
gaia50,743,"10""",q3c,1,0,400,2.462,0.502
gaia50,681,"10""",skycell,1,0,5,0.108,0.031
gaia50,681,"10""",q3c,1,0,400,2.385,0.551
gaia50,681,"10""",skycell-rw,1,0,5,0.065,0.028
gaia50,681,"10""",pgsphere,1,0,10,0.026,0.065
gaia50,172,"1""",skycell-rw,1,1,5,0.036,0.034
gaia50,172,"1""",q3c,1,1,401,2.314,0.496
gaia50,172,"1""",skycell,1,1,5,0.057,0.031
gaia50,172,"1""",pgsphere,1,1,6,0.035,0.035
gaia50,1214,6',skycell,3,3,6,0.038,0.032
gaia50,1214,6',q3c,2,3,401,2.624,0.517
gaia50,1214,6',skycell-rw,3,3,6,0.07,0.043
gaia50,1214,6',pgsphere,38,3,8,0.026,0.122
gaia50,582,"10""",pgsphere,1,1,6,0.034,0.033
gaia50,582,"10""",skycell-rw,1,1,5,0.037,0.025
gaia50,582,"10""",skycell,1,1,5,0.027,0.013
gaia50,582,"10""",q3c,1,1,401,2.646,0.517
gaia50,1416,1deg,q3c,11950,30059,856,2.605,5.703
gaia50,1416,1deg,pgsphere,3808,30059,2488,0.045,7.552
gaia50,1416,1deg,skycell,28187,30059,538,0.111,5.444
gaia50,1416,1deg,skycell-rw,28189,30059,538,0.195,4.702
gaia50,1205,6',pgsphere,38,4,6,0.041,0.047
gaia50,1205,6',skycell,6,4,10,0.082,0.031
gaia50,1205,6',q3c,4,4,401,3.177,0.531
gaia50,1205,6',skycell-rw,6,4,10,0.079,0.041
gaia50,1387,30',skycell,92,69,21,0.048,0.075
gaia50,1387,30',skycell-rw,93,69,18,0.061,0.052
gaia50,1387,30',q3c,48,69,405,2.348,0.595
gaia50,1387,30',pgsphere,952,69,19,0.045,0.084
gaia50,156,"1""",q3c,1,1,401,2.389,0.523
gaia50,156,"1""",pgsphere,1,1,5,0.044,0.063
gaia50,156,"1""",skycell-rw,1,1,5,0.049,0.022
gaia50,156,"1""",skycell,1,1,5,0.022,0.01
gaia50,1238,6',skycell-rw,389,447,37,0.073,0.213
gaia50,1238,6',pgsphere,38,447,48,0.023,0.208
gaia50,1238,6',skycell,388,447,44,0.034,0.166
gaia50,1238,6',q3c,123,447,412,2.625,0.714
gaia50,587,"10""",skycell,1,0,4,0.088,0.026
gaia50,587,"10""",skycell-rw,1,0,4,0.042,0.01
gaia50,587,"10""",q3c,1,0,400,2.495,0.528
gaia50,587,"10""",pgsphere,1,0,6,0.046,0.04
gaia50,674,"10""",pgsphere,1,1,5,0.029,0.027
gaia50,674,"10""",skycell-rw,1,1,5,0.041,0.019
gaia50,674,"10""",q3c,1,1,401,2.354,0.544
gaia50,674,"10""",skycell,1,1,5,0.055,0.058
gaia50,974,1',pgsphere,1,29,12,0.031,0.086
gaia50,974,1',skycell-rw,27,29,22,0.063,0.091
gaia50,974,1',skycell,26,29,22,0.029,0.036
gaia50,974,1',q3c,1,29,402,2.296,0.558
gaia50,1035,1',q3c,1,0,400,2.418,0.515
gaia50,1035,1',skycell,1,0,10,0.054,0.04
gaia50,1035,1',skycell-rw,1,0,9,0.052,0.021
gaia50,1035,1',pgsphere,1,0,4,0.054,0.027
gaia50,576,"10""",skycell-rw,1,1,10,0.043,0.045
gaia50,576,"10""",q3c,1,1,401,2.502,0.536
gaia50,576,"10""",skycell,1,1,9,0.057,0.032
gaia50,576,"10""",pgsphere,1,1,5,0.027,0.03
gaia50,492,"10""",skycell-rw,1,1,5,0.033,0.019
gaia50,492,"10""",q3c,1,1,401,2.582,0.606
gaia50,492,"10""",pgsphere,1,1,7,0.047,0.12
gaia50,492,"10""",skycell,1,1,5,0.044,0.025
gaia50,1090,1',q3c,1,11,402,2.518,0.532
gaia50,1090,1',skycell-rw,2,11,10,0.076,0.041
gaia50,1090,1',skycell,2,11,10,0.035,0.021
gaia50,1090,1',pgsphere,1,11,6,0.018,0.03
gaia50,685,"10""",q3c,1,0,400,2.258,0.502
gaia50,685,"10""",pgsphere,1,0,6,0.045,0.04
gaia50,685,"10""",skycell-rw,1,0,4,0.042,0.016
gaia50,685,"10""",skycell,1,0,4,0.023,0.009
gaia50,714,"10""",pgsphere,1,1,5,0.014,0.026
gaia50,714,"10""",skycell,1,1,5,0.018,0.016
gaia50,714,"10""",skycell-rw,1,1,5,0.03,0.01
gaia50,714,"10""",q3c,1,1,401,2.223,0.522
gaia50,811,1',skycell,1,0,5,0.063,0.026
gaia50,811,1',q3c,1,0,400,2.381,0.49
gaia50,811,1',skycell-rw,1,0,6,0.065,0.438
gaia50,811,1',pgsphere,1,0,4,0.041,0.059
gaia50,1317,30',q3c,302,529,412,2.497,0.734
gaia50,1317,30',skycell,585,529,48,0.069,0.214
gaia50,1317,30',skycell-rw,588,529,44,0.094,0.193
gaia50,1317,30',pgsphere,952,529,81,0.025,0.278
gaia50,965,1',skycell,1,1,10,0.034,0.036
gaia50,965,1',q3c,1,1,401,2.588,0.534
gaia50,965,1',skycell-rw,1,1,10,0.08,0.042
gaia50,965,1',pgsphere,1,1,5,0.03,0.031
gaia50,283,"1""",q3c,1,0,400,2.584,0.556
gaia50,283,"1""",skycell-rw,1,0,4,0.138,0.025
gaia50,283,"1""",skycell,1,0,4,0.031,0.011
gaia50,283,"1""",pgsphere,1,0,9,0.019,0.048
gaia50,1060,1',skycell-rw,1,1,5,0.031,0.028
gaia50,1060,1',skycell,1,1,5,0.022,0.012
gaia50,1060,1',q3c,1,1,401,2.705,0.706
gaia50,1060,1',pgsphere,1,1,7,0.047,0.06
gaia50,957,1',q3c,1,1,401,2.482,0.516
gaia50,957,1',pgsphere,1,1,5,0.053,0.051
gaia50,957,1',skycell,1,1,5,0.038,0.025
gaia50,957,1',skycell-rw,1,1,5,0.101,0.017
gaia50,1027,1',pgsphere,1,0,9,0.022,0.047
gaia50,1027,1',skycell-rw,1,0,5,0.031,0.022
gaia50,1027,1',skycell,1,0,5,0.02,0.023
gaia50,1027,1',q3c,1,0,401,2.301,0.514
gaia50,918,1',skycell,5,4,5,0.055,0.055
gaia50,918,1',q3c,1,4,401,2.311,0.495
gaia50,918,1',pgsphere,1,4,9,0.045,0.07
gaia50,918,1',skycell-rw,5,4,5,0.054,0.031
gaia50,226,"1""",q3c,1,1,401,2.607,0.588
gaia50,226,"1""",pgsphere,1,1,7,0.063,0.052
gaia50,226,"1""",skycell-rw,1,1,9,0.065,0.05
gaia50,226,"1""",skycell,1,1,10,0.038,0.017
gaia50,69,"1""",pgsphere,1,0,4,0.02,0.028
gaia50,69,"1""",skycell-rw,1,0,4,0.033,0.015
gaia50,69,"1""",skycell,1,0,4,0.018,0.007
gaia50,69,"1""",q3c,1,0,400,2.713,0.525
gaia50,652,"10""",pgsphere,1,1,8,0.054,0.072
gaia50,652,"10""",skycell-rw,1,1,5,0.053,0.039
gaia50,652,"10""",skycell,1,1,5,0.027,0.012
gaia50,652,"10""",q3c,1,1,401,2.461,0.547
gaia50,154,"1""",skycell-rw,1,1,5,0.074,0.029
gaia50,154,"1""",q3c,1,1,401,2.295,0.531
gaia50,154,"1""",skycell,1,1,5,0.066,0.032
gaia50,154,"1""",pgsphere,1,1,10,0.033,0.048
gaia50,266,"1""",skycell,1,1,5,0.032,0.029
gaia50,266,"1""",q3c,1,1,401,2.637,0.602
gaia50,266,"1""",skycell-rw,1,1,5,0.087,0.035
gaia50,266,"1""",pgsphere,1,1,8,0.028,0.05
gaia50,1028,1',skycell-rw,1,1,5,0.037,0.022
gaia50,1028,1',skycell,1,1,5,0.022,0.011
gaia50,1028,1',pgsphere,1,1,6,0.02,0.034
gaia50,1028,1',q3c,1,1,401,2.219,0.551
gaia50,62,"1""",q3c,1,1,401,2.872,0.613
gaia50,62,"1""",skycell-rw,1,1,9,0.09,0.047
gaia50,62,"1""",skycell,1,1,9,0.042,0.02
gaia50,62,"1""",pgsphere,1,1,8,0.022,0.074
gaia50,113,"1""",pgsphere,1,0,4,0.018,0.025
gaia50,113,"1""",skycell,1,0,4,0.022,0.017
gaia50,113,"1""",q3c,1,0,400,2.539,0.523
gaia50,113,"1""",skycell-rw,1,0,4,0.075,0.026
gaia50,954,1',q3c,9,21,405,2.92,0.589
gaia50,954,1',skycell,20,21,16,0.068,0.063
gaia50,954,1',skycell-rw,21,21,16,0.063,0.051
gaia50,954,1',pgsphere,1,21,13,0.028,0.066
gaia50,1433,1deg,pgsphere,3808,943,133,0.016,0.556
gaia50,1433,1deg,q3c,1828,943,423,2.779,0.86
gaia50,1433,1deg,skycell,1307,943,63,0.103,0.271
gaia50,1433,1deg,skycell-rw,1310,943,57,0.134,0.53
gaia50,1097,1',q3c,1,0,400,2.708,0.636
gaia50,1097,1',pgsphere,1,0,4,0.054,0.039
gaia50,1097,1',skycell,1,0,11,0.043,0.034
gaia50,1097,1',skycell-rw,1,0,10,0.046,0.02
gaia50,748,"10""",skycell-rw,1,1,5,0.035,0.02
gaia50,748,"10""",q3c,1,1,401,2.35,0.617
gaia50,748,"10""",pgsphere,1,1,7,0.052,0.066
gaia50,748,"10""",skycell,1,1,5,0.05,0.03
gaia50,1155,6',q3c,2,3,402,2.697,0.568
gaia50,1155,6',skycell-rw,5,3,5,0.076,0.051
gaia50,1155,6',skycell,5,3,5,0.046,0.021
gaia50,1155,6',pgsphere,38,3,7,0.022,0.055
gaia50,1183,6',pgsphere,38,4,9,0.017,0.059
gaia50,1183,6',skycell,4,4,5,0.025,0.022
gaia50,1183,6',skycell-rw,4,4,6,0.029,0.049
gaia50,1183,6',q3c,5,4,402,2.485,0.66
gaia50,968,1',pgsphere,1,16,9,0.057,0.059
gaia50,968,1',skycell-rw,14,16,11,0.084,0.059
gaia50,968,1',q3c,7,16,402,2.48,0.569
gaia50,968,1',skycell,14,16,11,0.074,0.054
gaia50,896,1',skycell,1,2,5,0.042,0.025
gaia50,896,1',pgsphere,1,2,5,0.024,0.03
gaia50,896,1',skycell-rw,1,2,5,0.032,0.013
gaia50,896,1',q3c,1,2,401,2.604,0.597
gaia50,349,"1""",q3c,1,0,400,2.684,0.697
gaia50,349,"1""",skycell,1,0,4,0.064,0.026
gaia50,349,"1""",skycell-rw,1,0,4,0.052,0.012
gaia50,349,"1""",pgsphere,1,0,4,0.018,0.027
gaia50,1253,6',q3c,1,2,402,2.733,0.61
gaia50,1253,6',skycell,4,2,6,0.127,0.041
gaia50,1253,6',pgsphere,38,2,7,0.034,0.039
gaia50,1253,6',skycell-rw,4,2,6,0.053,0.017
gaia50,1080,1',q3c,2,5,402,2.665,0.552
gaia50,1080,1',skycell-rw,6,5,6,0.088,0.36
gaia50,1080,1',skycell,6,5,5,0.058,0.027
gaia50,1080,1',pgsphere,1,5,8,0.029,0.044
gaia50,813,1',pgsphere,1,0,5,0.021,0.029
gaia50,813,1',q3c,1,0,400,3.174,0.57
gaia50,813,1',skycell-rw,1,0,5,0.076,0.038
gaia50,813,1',skycell,1,0,5,0.029,0.012
gaia50,717,"10""",skycell,1,0,4,0.019,0.049
gaia50,717,"10""",skycell-rw,1,0,4,0.033,0.008
gaia50,717,"10""",pgsphere,1,0,4,0.017,0.026
gaia50,717,"10""",q3c,1,0,400,2.925,0.541
gaia50,73,"1""",skycell-rw,1,0,4,0.076,0.027
gaia50,73,"1""",skycell,1,0,4,0.037,0.012
gaia50,73,"1""",pgsphere,1,0,5,0.02,0.029
gaia50,73,"1""",q3c,1,0,400,2.425,0.625
gaia50,490,"10""",q3c,1,2,401,2.755,0.95
gaia50,490,"10""",skycell-rw,1,2,5,0.069,0.144
gaia50,490,"10""",pgsphere,1,2,7,0.035,0.042
gaia50,490,"10""",skycell,1,2,5,0.03,0.018
gaia50,707,"10""",skycell,1,0,5,0.022,0.016
gaia50,707,"10""",pgsphere,1,0,5,0.016,0.024
gaia50,707,"10""",q3c,1,0,400,2.717,0.596
gaia50,707,"10""",skycell-rw,1,0,5,0.067,0.028
gaia50,580,"10""",q3c,1,2,401,2.97,0.608
gaia50,580,"10""",pgsphere,1,2,5,0.058,0.048
gaia50,580,"10""",skycell-rw,1,2,5,0.061,0.034
gaia50,580,"10""",skycell,1,2,5,0.03,0.012
gaia50,538,"10""",q3c,1,1,401,2.671,0.628
gaia50,538,"10""",skycell,1,1,10,0.066,0.049
gaia50,538,"10""",pgsphere,1,1,8,0.031,0.044
gaia50,538,"10""",skycell-rw,1,1,10,0.055,0.065
gaia50,1037,1',q3c,1,0,400,2.954,0.584
gaia50,1037,1',pgsphere,1,0,4,0.053,0.034
gaia50,1037,1',skycell-rw,1,0,5,0.065,0.036
gaia50,1037,1',skycell,1,0,5,0.059,0.029
gaia50,605,"10""",skycell-rw,1,0,5,0.066,0.029
gaia50,605,"10""",q3c,1,0,400,3.088,0.64
gaia50,605,"10""",pgsphere,1,0,5,0.051,0.04
gaia50,605,"10""",skycell,1,0,5,0.054,0.03
gaia50,799,"10""",q3c,1,0,400,2.895,0.757
gaia50,799,"10""",skycell,1,0,4,0.06,0.029
gaia50,799,"10""",skycell-rw,1,0,4,0.053,0.017
gaia50,799,"10""",pgsphere,1,0,4,0.04,0.051
gaia50,907,1',skycell,1,0,5,0.039,0.026
gaia50,907,1',q3c,1,0,400,2.841,0.606
gaia50,907,1',skycell-rw,1,0,5,0.08,0.031
gaia50,907,1',pgsphere,1,0,5,0.031,0.034
gaia50,297,"1""",skycell-rw,1,0,4,0.084,0.019
gaia50,297,"1""",q3c,1,0,400,2.752,0.614
gaia50,297,"1""",skycell,1,0,4,0.07,0.08
gaia50,297,"1""",pgsphere,1,0,4,0.06,0.047
gaia50,1081,1',skycell,1,0,5,0.058,0.036
gaia50,1081,1',skycell-rw,1,0,5,0.052,0.065
gaia50,1081,1',q3c,1,0,400,2.66,0.581
gaia50,1081,1',pgsphere,1,0,4,0.051,0.036
gaia50,1158,6',skycell-rw,55,52,12,0.066,0.091
gaia50,1158,6',skycell,55,52,12,0.085,0.056
gaia50,1158,6',pgsphere,38,52,18,0.024,0.084
gaia50,1158,6',q3c,14,52,404,3.411,0.651
gaia50,867,1',pgsphere,1,0,5,0.063,0.051
gaia50,867,1',skycell-rw,1,0,10,0.123,0.049
gaia50,867,1',q3c,1,0,400,2.475,0.6
gaia50,867,1',skycell,1,0,10,0.062,0.042
gaia50,1343,30',q3c,144,124,407,2.725,0.8
gaia50,1343,30',pgsphere,952,124,23,0.052,0.111
gaia50,1343,30',skycell,104,124,20,0.044,0.106
gaia50,1343,30',skycell-rw,105,124,20,0.07,0.085
gaia50,1345,30',pgsphere,952,164,24,0.023,0.109
gaia50,1345,30',skycell,221,164,22,0.04,0.08
gaia50,1345,30',q3c,454,164,404,2.367,0.645
gaia50,1345,30',skycell-rw,221,164,15,0.102,0.384
gaia50,364,"1""",skycell,1,1,5,0.079,0.04
gaia50,364,"1""",q3c,1,1,401,3.002,0.642
gaia50,364,"1""",skycell-rw,1,1,5,0.077,0.034
gaia50,364,"1""",pgsphere,1,1,5,0.022,0.031
gaia50,1132,6',skycell-rw,76,63,13,0.057,0.069
gaia50,1132,6',pgsphere,38,63,20,0.016,0.064
gaia50,1132,6',skycell,76,63,17,0.029,0.039
gaia50,1132,6',q3c,40,63,407,2.611,0.627
gaia50,564,"10""",skycell,1,1,5,0.059,0.031
gaia50,564,"10""",q3c,1,1,401,2.263,0.604
gaia50,564,"10""",pgsphere,1,1,7,0.052,0.05
gaia50,564,"10""",skycell-rw,1,1,5,0.098,0.029
gaia50,649,"10""",skycell,1,0,8,0.034,0.029
gaia50,649,"10""",skycell-rw,1,0,8,0.046,0.019
gaia50,649,"10""",q3c,1,0,400,2.447,0.515
gaia50,649,"10""",pgsphere,1,0,4,0.052,0.036
gaia50,148,"1""",skycell,1,1,9,0.094,0.03
gaia50,148,"1""",skycell-rw,1,1,9,0.048,0.018
gaia50,148,"1""",pgsphere,1,1,7,0.016,0.056
gaia50,148,"1""",q3c,1,1,401,2.721,0.523
gaia50,1373,30',skycell,641,567,40,0.123,0.214
gaia50,1373,30',q3c,280,567,412,2.776,0.66
gaia50,1373,30',skycell-rw,644,567,36,0.154,0.227
gaia50,1373,30',pgsphere,952,567,74,0.041,0.467
gaia50,393,"1""",q3c,1,0,400,2.83,0.508
gaia50,393,"1""",skycell,1,0,8,0.061,0.03
gaia50,393,"1""",pgsphere,1,0,4,0.035,0.034
gaia50,393,"1""",skycell-rw,1,0,8,0.054,0.018
gaia50,1206,6',q3c,370,833,420,2.758,0.878
gaia50,1206,6',skycell-rw,749,833,49,0.109,0.283
gaia50,1206,6',pgsphere,38,833,94,0.037,0.331
gaia50,1206,6',skycell,747,833,50,0.06,0.316
gaia50,117,"1""",pgsphere,1,0,9,0.029,0.051
gaia50,117,"1""",q3c,1,0,400,2.668,0.527
gaia50,117,"1""",skycell-rw,1,0,4,0.072,0.026
gaia50,117,"1""",skycell,1,0,4,0.029,0.01
gaia50,635,"10""",skycell,1,0,4,0.019,0.013
gaia50,635,"10""",pgsphere,1,0,5,0.017,0.029
gaia50,635,"10""",q3c,1,0,400,2.718,0.56
gaia50,635,"10""",skycell-rw,1,0,4,0.077,0.027
gaia50,381,"1""",skycell-rw,1,0,5,0.048,0.036
gaia50,381,"1""",q3c,1,0,400,4.129,0.921
gaia50,381,"1""",skycell,1,0,5,0.084,0.048
gaia50,381,"1""",pgsphere,1,0,5,0.049,0.063
gaia50,634,"10""",skycell-rw,1,2,5,0.076,0.042
gaia50,634,"10""",skycell,1,2,5,0.053,0.027
gaia50,634,"10""",pgsphere,1,2,10,0.091,0.166
gaia50,634,"10""",q3c,1,2,401,3.812,0.849
gaia50,1088,1',skycell,1,1,5,0.078,0.045
gaia50,1088,1',pgsphere,1,1,5,0.052,0.048
gaia50,1088,1',skycell-rw,1,1,5,0.101,0.053
gaia50,1088,1',q3c,1,1,401,4.407,0.821
gaia50,1124,6',skycell-rw,98,74,16,0.115,0.784
gaia50,1124,6',pgsphere,38,74,22,0.061,0.15
gaia50,1124,6',q3c,29,74,404,3.662,0.886
gaia50,1124,6',skycell,98,74,20,0.088,0.111
gaia50,1286,6',q3c,69,145,406,4.528,1.023
gaia50,1286,6',skycell,134,145,24,0.088,0.173
gaia50,1286,6',skycell-rw,135,145,22,0.114,0.427
gaia50,1286,6',pgsphere,38,145,23,0.064,0.177
gaia50,522,"10""",pgsphere,1,1,8,0.057,0.066
gaia50,522,"10""",q3c,1,1,401,4.303,0.783
gaia50,522,"10""",skycell-rw,1,1,6,0.093,0.043
gaia50,522,"10""",skycell,1,1,6,0.047,0.022
gaia50,1332,30',q3c,150,1021,420,3.848,1.443
gaia50,1332,30',pgsphere,952,1021,117,0.063,0.611
gaia50,1332,30',skycell-rw,859,1021,47,0.123,0.507
gaia50,1332,30',skycell,856,1021,50,0.086,0.246
gaia50,302,"1""",q3c,1,1,401,2.765,0.668
gaia50,302,"1""",skycell-rw,1,1,9,0.085,0.054
gaia50,302,"1""",pgsphere,1,1,8,0.036,0.132
gaia50,302,"1""",skycell,1,1,9,0.089,0.028
gaia50,291,"1""",skycell-rw,1,0,4,0.044,0.016
gaia50,291,"1""",pgsphere,1,0,12,0.017,0.066
gaia50,291,"1""",q3c,1,0,400,2.684,0.541
gaia50,291,"1""",skycell,1,0,4,0.059,0.03
gaia50,1122,6',skycell,89,161,19,0.05,0.118
gaia50,1122,6',skycell-rw,88,161,20,0.071,0.717
gaia50,1122,6',q3c,96,161,407,2.931,0.579
gaia50,1122,6',pgsphere,38,161,31,0.053,0.135
gaia50,961,1',skycell,2,3,6,0.055,0.038
gaia50,961,1',pgsphere,1,3,8,0.024,0.045
gaia50,961,1',skycell-rw,2,3,6,0.036,0.016
gaia50,961,1',q3c,2,3,401,2.708,0.551
gaia50,922,1',skycell,15,16,20,0.112,0.066
gaia50,922,1',skycell-rw,16,16,20,0.084,0.039
gaia50,922,1',pgsphere,1,16,15,0.027,0.09
gaia50,922,1',q3c,6,16,402,2.843,0.588
gaia50,324,"1""",pgsphere,1,1,8,0.052,0.066
gaia50,324,"1""",skycell-rw,1,1,5,0.058,0.025
gaia50,324,"1""",q3c,1,1,401,3.052,0.648
gaia50,324,"1""",skycell,1,1,5,0.063,0.036
gaia50,155,"1""",skycell,1,0,4,0.038,0.02
gaia50,155,"1""",skycell-rw,1,0,4,0.036,0.009
gaia50,155,"1""",pgsphere,1,0,4,0.017,0.027
gaia50,155,"1""",q3c,1,0,400,2.32,0.586
gaia50,511,"10""",pgsphere,1,0,4,0.049,0.033
gaia50,511,"10""",skycell-rw,1,0,4,0.056,0.021
gaia50,511,"10""",skycell,1,0,4,0.084,0.013
gaia50,511,"10""",q3c,1,0,400,2.702,0.56
gaia50,43,"1""",q3c,1,0,400,2.76,0.622
gaia50,43,"1""",skycell,1,0,8,0.065,0.032
gaia50,43,"1""",pgsphere,1,0,5,0.03,0.033
gaia50,43,"1""",skycell-rw,1,0,8,0.046,0.017
gaia50,1101,6',pgsphere,38,15,14,0.042,0.108
gaia50,1101,6',q3c,27,15,402,2.401,0.572
gaia50,1101,6',skycell-rw,10,15,12,0.089,0.067
gaia50,1101,6',skycell,9,15,12,0.048,0.05
gaia50,1098,1',skycell,16,15,21,0.026,0.064
gaia50,1098,1',pgsphere,1,15,15,0.022,0.065
gaia50,1098,1',q3c,6,15,402,2.564,0.585
gaia50,1098,1',skycell-rw,16,15,21,0.098,0.07
gaia50,558,"10""",skycell-rw,1,2,5,0.072,0.038
gaia50,558,"10""",q3c,1,2,401,3.12,0.722
gaia50,558,"10""",pgsphere,1,2,5,0.055,0.043
gaia50,558,"10""",skycell,1,2,5,0.04,0.026
gaia50,859,1',skycell-rw,1,1,5,0.034,0.033
gaia50,859,1',q3c,1,1,401,2.291,0.557
gaia50,859,1',pgsphere,1,1,5,0.05,0.04
gaia50,859,1',skycell,1,1,5,0.035,0.026
gaia50,1186,6',skycell,193,166,30,0.035,0.096
gaia50,1186,6',skycell-rw,193,166,17,0.064,0.077
gaia50,1186,6',pgsphere,38,166,29,0.017,0.1
gaia50,1186,6',q3c,79,166,405,2.762,0.609
gaia50,870,1',q3c,3,5,402,2.369,0.626
gaia50,870,1',skycell,4,5,6,0.062,0.046
gaia50,870,1',pgsphere,1,5,7,0.027,0.039
gaia50,870,1',skycell-rw,4,5,6,0.034,0.022
gaia50,567,"10""",skycell,1,0,4,0.021,0.016
gaia50,567,"10""",q3c,1,0,400,2.237,0.51
gaia50,567,"10""",skycell-rw,1,0,4,0.072,0.026
gaia50,567,"10""",pgsphere,1,0,5,0.051,0.063
gaia50,1445,3deg,pgsphere,34262,4654,183,0.031,1.636
gaia50,1445,3deg,skycell,4025,4654,127,0.114,0.942
gaia50,1445,3deg,skycell-rw,4032,4654,117,0.177,1.024
gaia50,1445,3deg,q3c,9660,4654,484,2.655,1.621
gaia50,531,"10""",skycell-rw,1,0,9,0.134,0.055
gaia50,531,"10""",q3c,1,0,400,2.465,0.569
gaia50,531,"10""",skycell,1,0,9,0.061,0.034
gaia50,531,"10""",pgsphere,1,0,5,0.032,0.034
gaia50,177,"1""",skycell,1,0,4,0.038,0.023
gaia50,177,"1""",skycell-rw,1,0,4,0.07,0.026
gaia50,177,"1""",q3c,1,0,400,2.989,0.602
gaia50,177,"1""",pgsphere,1,0,5,0.051,0.042
gaia50,1273,6',q3c,236,509,412,2.035,0.714
gaia50,1273,6',skycell,572,509,36,0.085,0.19
gaia50,1273,6',pgsphere,38,509,66,0.029,0.255
gaia50,1273,6',skycell-rw,574,509,30,0.076,0.441
gaia50,143,"1""",pgsphere,1,0,4,0.04,0.04
gaia50,143,"1""",skycell-rw,1,0,4,0.045,0.016
gaia50,143,"1""",q3c,1,0,400,2.5,0.517
gaia50,143,"1""",skycell,1,0,4,0.062,0.032
gaia50,571,"10""",skycell-rw,1,0,9,0.067,0.031
gaia50,571,"10""",pgsphere,1,0,5,0.023,0.037
gaia50,571,"10""",q3c,1,0,400,2.684,0.523
gaia50,571,"10""",skycell,1,0,9,0.077,0.04
gaia50,141,"1""",skycell,1,0,4,0.042,0.017
gaia50,141,"1""",skycell-rw,1,0,4,0.033,0.009
gaia50,141,"1""",q3c,1,0,400,2.987,0.737
gaia50,141,"1""",pgsphere,1,0,5,0.055,0.043
gaia50,1054,1',skycell,14,15,8,0.098,0.069
gaia50,1054,1',skycell-rw,14,15,8,0.043,0.03
gaia50,1054,1',pgsphere,1,15,8,0.016,0.077
gaia50,1054,1',q3c,4,15,403,2.59,0.554
gaia50,417,"10""",skycell,1,0,4,0.058,0.024
gaia50,417,"10""",skycell-rw,1,0,4,0.048,0.013
gaia50,417,"10""",q3c,1,0,400,2.318,0.574
gaia50,417,"10""",pgsphere,1,0,8,0.05,0.05
gaia50,1258,6',pgsphere,38,758,92,0.019,0.285
gaia50,1258,6',q3c,170,758,414,2.337,0.678
gaia50,1258,6',skycell-rw,687,758,44,0.195,0.253
gaia50,1258,6',skycell,684,758,51,0.075,0.193
gaia50,1041,1',skycell-rw,1,0,5,0.057,0.025
gaia50,1041,1',q3c,1,0,400,2.416,0.631
gaia50,1041,1',skycell,1,0,5,0.059,0.034
gaia50,1041,1',pgsphere,1,0,5,0.051,0.048
gaia50,1290,6',pgsphere,38,174,27,0.034,0.132
gaia50,1290,6',skycell,242,174,28,0.051,0.109
gaia50,1290,6',q3c,105,174,406,3.059,0.588
gaia50,1290,6',skycell-rw,243,174,20,0.144,0.109
gaia50,992,1',skycell,1,2,5,0.047,0.052
gaia50,992,1',skycell-rw,1,2,6,0.035,0.291
gaia50,992,1',pgsphere,1,2,7,0.031,0.046
gaia50,992,1',q3c,1,2,401,2.656,0.541
gaia50,1187,6',q3c,1,3,401,2.527,0.562
gaia50,1187,6',skycell,3,3,13,0.061,0.073
gaia50,1187,6',pgsphere,38,3,6,0.04,0.073
gaia50,1187,6',skycell-rw,3,3,13,0.055,0.043
gaia50,300,"1""",pgsphere,1,1,5,0.02,0.043
gaia50,300,"1""",skycell-rw,1,1,5,0.032,0.019
gaia50,300,"1""",skycell,1,1,5,0.02,0.01
gaia50,300,"1""",q3c,1,1,401,2.605,0.587
gaia50,298,"1""",q3c,1,1,401,2.769,0.566
gaia50,298,"1""",skycell-rw,1,1,5,0.074,0.032
gaia50,298,"1""",skycell,1,1,5,0.037,0.015
gaia50,298,"1""",pgsphere,1,1,5,0.02,0.031
gaia50,1143,6',pgsphere,38,3,8,0.014,0.056
gaia50,1143,6',q3c,7,3,401,2.492,0.52
gaia50,1143,6',skycell-rw,4,3,9,0.094,0.317
gaia50,1143,6',skycell,4,3,15,0.055,0.028
gaia50,949,1',pgsphere,1,1,6,0.045,0.052
gaia50,949,1',skycell,1,1,5,0.041,0.025
gaia50,949,1',q3c,1,1,401,2.766,0.648
gaia50,949,1',skycell-rw,1,1,5,0.078,0.036
gaia50,701,"10""",q3c,1,0,400,2.923,0.685
gaia50,701,"10""",skycell-rw,1,0,5,0.083,0.036
gaia50,701,"10""",skycell,1,0,5,0.034,0.013
gaia50,701,"10""",pgsphere,1,0,5,0.025,0.035
gaia50,906,1',q3c,4,9,402,3.105,0.591
gaia50,906,1',pgsphere,1,9,9,0.053,0.082
gaia50,906,1',skycell-rw,7,9,10,0.068,0.07
gaia50,906,1',skycell,7,9,10,0.035,0.036
gaia50,1029,1',q3c,1,1,401,2.877,0.555
gaia50,1029,1',skycell-rw,1,1,5,0.085,0.047
gaia50,1029,1',skycell,1,1,5,0.042,0.022
gaia50,1029,1',pgsphere,1,1,6,0.021,0.041
gaia50,1310,30',skycell,345,215,25,0.038,0.151
gaia50,1310,30',q3c,62,215,408,2.617,0.731
gaia50,1310,30',pgsphere,952,215,38,0.052,0.201
gaia50,1310,30',skycell-rw,345,215,15,0.086,0.1
gaia50,1344,30',pgsphere,952,1120,142,0.021,0.702
gaia50,1344,30',q3c,438,1120,423,2.584,1.146
gaia50,1344,30',skycell,1561,1120,59,0.1,0.523
gaia50,1344,30',skycell-rw,1479,1120,46,0.14,0.445
gaia50,1059,1',pgsphere,1,2,7,0.052,0.066
gaia50,1059,1',skycell-rw,1,2,5,0.114,0.038
gaia50,1059,1',q3c,3,2,402,3.252,0.738
gaia50,1059,1',skycell,1,2,5,0.071,0.107
gaia50,1008,1',skycell,2,4,7,0.039,0.047
gaia50,1008,1',pgsphere,1,4,8,0.027,0.053
gaia50,1008,1',q3c,1,4,401,3.393,0.574
gaia50,1008,1',skycell-rw,3,4,7,0.077,0.039
gaia50,823,1',q3c,1,0,400,2.576,0.624
gaia50,823,1',skycell-rw,1,0,5,0.078,0.036
gaia50,823,1',skycell,1,0,5,0.049,0.02
gaia50,823,1',pgsphere,1,0,4,0.026,0.029
gaia50,775,"10""",pgsphere,1,0,6,0.022,0.039
gaia50,775,"10""",skycell,1,0,4,0.042,0.025
gaia50,775,"10""",skycell-rw,1,0,4,0.064,0.02
gaia50,775,"10""",q3c,1,0,400,2.62,0.572
gaia50,1295,6',q3c,2,4,401,2.904,0.584
gaia50,1295,6',skycell,8,4,6,0.08,0.103
gaia50,1295,6',pgsphere,38,4,7,0.038,0.049
gaia50,1295,6',skycell-rw,8,4,6,0.045,0.023
gaia50,693,"10""",q3c,1,0,400,2.912,0.579
gaia50,693,"10""",skycell-rw,1,0,5,0.093,0.033
gaia50,693,"10""",skycell,1,0,5,0.041,0.016
gaia50,693,"10""",pgsphere,1,0,7,0.022,0.055
gaia50,1429,1deg,pgsphere,3808,45411,3525,0.017,13.186
gaia50,1429,1deg,q3c,5423,45411,1061,2.66,8.994
gaia50,1429,1deg,skycell-rw,47546,45411,766,0.201,7.882
gaia50,1429,1deg,skycell,47556,45411,766,0.105,8.366
gaia50,891,1',pgsphere,1,0,4,0.051,0.035
gaia50,891,1',skycell,1,0,6,0.035,0.023
gaia50,891,1',q3c,1,0,400,2.747,0.673
gaia50,891,1',skycell-rw,1,0,6,0.077,0.031
gaia50,233,"1""",pgsphere,1,0,4,0.037,0.03
gaia50,233,"1""",q3c,1,0,400,2.79,0.591
gaia50,233,"1""",skycell-rw,1,0,4,0.112,0.028
gaia50,233,"1""",skycell,1,0,4,0.035,0.012
gaia50,1074,1',pgsphere,1,5,7,0.023,0.063
gaia50,1074,1',q3c,1,5,401,2.657,0.584
gaia50,1074,1',skycell,1,5,10,0.064,0.039
gaia50,1074,1',skycell-rw,1,5,10,0.054,0.025
gaia50,680,"10""",q3c,1,1,401,2.637,0.588
gaia50,680,"10""",skycell,1,1,5,0.062,0.037
gaia50,680,"10""",pgsphere,1,1,7,0.064,0.046
gaia50,680,"10""",skycell-rw,1,1,5,0.042,0.017
gaia50,528,"10""",q3c,1,1,401,2.427,0.648
gaia50,528,"10""",skycell-rw,1,1,5,0.086,0.061
gaia50,528,"10""",skycell,1,1,5,0.036,0.016
gaia50,528,"10""",pgsphere,1,1,5,0.021,0.059
gaia50,788,"10""",q3c,1,1,401,2.984,0.598
gaia50,788,"10""",pgsphere,1,1,6,0.059,0.065
gaia50,788,"10""",skycell-rw,1,1,7,0.086,0.035
gaia50,788,"10""",skycell,1,1,7,0.029,0.016
gaia50,781,"10""",skycell-rw,1,0,4,0.029,0.024
gaia50,781,"10""",skycell,1,0,4,0.02,0.008
gaia50,781,"10""",q3c,1,0,400,2.894,0.581
gaia50,781,"10""",pgsphere,1,0,6,0.051,0.056
gaia50,234,"1""",skycell-rw,1,1,5,0.054,0.025
gaia50,234,"1""",pgsphere,1,1,9,0.016,0.044
gaia50,234,"1""",skycell,1,1,5,0.029,0.015
gaia50,234,"1""",q3c,1,1,401,2.829,0.538
gaia50,200,"1""",pgsphere,1,1,7,0.049,0.056
gaia50,200,"1""",skycell-rw,1,1,9,0.068,0.03
gaia50,200,"1""",q3c,1,1,401,2.49,0.556
gaia50,200,"1""",skycell,1,1,9,0.062,0.031
gaia50,979,1',q3c,1,1,401,2.293,0.54
gaia50,979,1',skycell-rw,2,1,11,0.086,0.063
gaia50,979,1',pgsphere,1,1,7,0.038,0.042
gaia50,979,1',skycell,2,1,11,0.031,0.023
gaia50,1094,1',skycell,8,9,22,0.026,0.044
gaia50,1094,1',pgsphere,1,9,9,0.015,0.04
gaia50,1094,1',q3c,3,9,401,2.405,0.54
gaia50,1094,1',skycell-rw,9,9,24,0.099,0.258
gaia50,1446,3deg,skycell-rw,39135,34272,597,0.291,5.762
gaia50,1446,3deg,skycell,39131,34272,597,0.129,5.592
gaia50,1446,3deg,pgsphere,34262,34272,973,0.049,8.176
gaia50,1446,3deg,q3c,44485,34272,984,2.78,7.607
gaia50,420,"10""",skycell,1,1,5,0.062,0.037
gaia50,420,"10""",q3c,1,1,401,2.913,0.596
gaia50,420,"10""",skycell-rw,1,1,5,0.102,0.035
gaia50,420,"10""",pgsphere,1,1,5,0.025,0.033
gaia50,357,"1""",skycell-rw,1,0,4,0.039,0.018
gaia50,357,"1""",skycell,1,0,4,0.023,0.008
gaia50,357,"1""",pgsphere,1,0,7,0.014,0.038
gaia50,357,"1""",q3c,1,0,400,2.94,0.595
gaia50,129,"1""",q3c,1,0,400,2.568,0.581
gaia50,129,"1""",pgsphere,1,0,5,0.052,0.041
gaia50,129,"1""",skycell-rw,1,0,4,0.059,0.022
gaia50,129,"1""",skycell,1,0,4,0.023,0.009
gaia50,540,"10""",pgsphere,1,2,7,0.018,0.039
gaia50,540,"10""",q3c,1,2,401,2.826,0.572
gaia50,540,"10""",skycell,1,2,5,0.06,0.065
gaia50,540,"10""",skycell-rw,1,2,5,0.049,0.015
gaia50,1178,6',skycell,431,555,41,0.051,0.202
gaia50,1178,6',pgsphere,38,555,59,0.022,0.274
gaia50,1178,6',q3c,262,555,414,2.908,0.711
gaia50,1178,6',skycell-rw,432,555,37,0.108,1.354
gaia50,1265,6',skycell,53,115,17,0.111,0.129
gaia50,1265,6',q3c,41,115,406,2.813,0.611
gaia50,1265,6',skycell-rw,53,115,17,0.119,0.109
gaia50,1265,6',pgsphere,38,115,27,0.04,0.122
gaia50,1355,30',pgsphere,952,228,40,0.022,0.146
gaia50,1355,30',skycell,248,228,31,0.047,0.121
gaia50,1355,30',q3c,76,228,408,2.529,0.664
gaia50,1355,30',skycell-rw,249,228,22,0.106,0.126
gaia50,1443,3deg,q3c,903,2928,451,2.342,1.224
gaia50,1443,3deg,skycell-rw,3210,2928,68,0.151,1.347
gaia50,1443,3deg,skycell,3208,2928,88,0.117,0.678
gaia50,1443,3deg,pgsphere,34262,2928,107,0.041,0.874
gaia50,232,"1""",q3c,1,1,401,2.85,0.6
gaia50,232,"1""",skycell-rw,1,1,5,0.075,0.032
gaia50,232,"1""",pgsphere,1,1,9,0.024,0.047
gaia50,232,"1""",skycell,1,1,5,0.029,0.014
gaia50,791,"10""",skycell-rw,1,0,5,0.031,0.018
gaia50,791,"10""",pgsphere,1,0,4,0.015,0.025
gaia50,791,"10""",skycell,1,0,5,0.024,0.012
gaia50,791,"10""",q3c,1,0,400,2.579,0.572
gaia50,844,1',q3c,3,5,401,2.541,0.669
gaia50,844,1',skycell-rw,8,5,7,0.076,0.065
gaia50,844,1',pgsphere,1,5,8,0.034,0.051
gaia50,844,1',skycell,8,5,6,0.032,0.027
gaia50,980,1',skycell,17,19,18,0.025,0.049
gaia50,980,1',q3c,3,19,402,2.726,0.547
gaia50,980,1',pgsphere,1,19,8,0.052,0.051
gaia50,980,1',skycell-rw,17,19,9,0.064,0.06
gaia50,1182,6',skycell,39,28,11,0.052,0.054
gaia50,1182,6',q3c,6,28,402,2.858,0.617
gaia50,1182,6',skycell-rw,39,28,11,0.091,0.056
gaia50,1182,6',pgsphere,38,28,7,0.029,0.044
gaia50,636,"10""",q3c,1,1,401,3.374,0.564
gaia50,636,"10""",pgsphere,1,1,8,0.053,0.055
gaia50,636,"10""",skycell,1,1,10,0.04,0.032
gaia50,636,"10""",skycell-rw,1,1,10,0.057,0.026
gaia50,294,"1""",pgsphere,1,1,5,0.019,0.029
gaia50,294,"1""",skycell,1,1,5,0.026,0.02
gaia50,294,"1""",q3c,1,1,401,2.698,0.552
gaia50,294,"1""",skycell-rw,1,1,5,0.073,0.032
gaia50,98,"1""",skycell-rw,1,1,5,0.05,0.021
gaia50,98,"1""",skycell,1,1,5,0.024,0.011
gaia50,98,"1""",pgsphere,1,1,6,0.02,0.033
gaia50,98,"1""",q3c,1,1,401,2.779,0.543
gaia50,924,1',skycell-rw,11,17,11,0.091,0.062
gaia50,924,1',skycell,10,17,11,0.039,0.034
gaia50,924,1',q3c,3,17,403,2.497,0.573
gaia50,924,1',pgsphere,1,17,8,0.052,0.056
gaia50,730,"10""",pgsphere,1,1,8,0.025,0.076
gaia50,730,"10""",skycell-rw,1,1,5,0.047,0.022
gaia50,730,"10""",q3c,1,1,401,2.771,0.532
gaia50,730,"10""",skycell,1,1,5,0.059,0.033
gaia50,1456,3deg,skycell,175659,166851,2472,0.136,27.706
gaia50,1456,3deg,q3c,69922,166851,3086,2.7,30.332
gaia50,1456,3deg,pgsphere,34262,166851,5498,0.066,56.077
gaia50,1456,3deg,skycell-rw,175348,166851,2472,0.446,24.535
gaia50,1396,30',skycell-rw,23817,23979,457,0.289,4.514
gaia50,1396,30',q3c,9421,23979,806,3.025,5.886
gaia50,1396,30',pgsphere,952,23979,2033,0.051,5.978
gaia50,1396,30',skycell,23810,23979,457,0.105,4.552
gaia50,778,"10""",q3c,1,1,401,2.353,0.587
gaia50,778,"10""",skycell-rw,1,1,5,0.071,0.031
gaia50,778,"10""",pgsphere,1,1,6,0.033,0.038
gaia50,778,"10""",skycell,1,1,5,0.029,0.017
gaia50,584,"10""",pgsphere,1,1,8,0.039,0.049
gaia50,584,"10""",skycell,1,1,5,0.032,0.021
gaia50,584,"10""",q3c,1,1,401,2.042,0.655
gaia50,584,"10""",skycell-rw,1,1,5,0.116,0.03
gaia50,1140,6',skycell-rw,1043,1050,51,0.139,0.36
gaia50,1140,6',skycell,1040,1050,51,0.091,0.323
gaia50,1140,6',q3c,220,1050,424,2.179,0.885
gaia50,1140,6',pgsphere,38,1050,105,0.052,0.443
gaia50,1073,1',skycell,5,3,6,0.049,0.035
gaia50,1073,1',pgsphere,1,3,6,0.021,0.027
gaia50,1073,1',skycell-rw,5,3,6,0.028,0.014
gaia50,1073,1',q3c,3,3,402,2.105,0.509
gaia50,928,1',pgsphere,1,4,9,0.049,0.061
gaia50,928,1',q3c,3,4,402,2.251,0.508
gaia50,928,1',skycell,4,4,5,0.072,0.045
gaia50,928,1',skycell-rw,4,4,5,0.061,0.026
gaia50,95,"1""",skycell,1,0,4,0.034,0.017
gaia50,95,"1""",pgsphere,1,0,5,0.018,0.03
gaia50,95,"1""",q3c,1,0,400,2.126,0.58
gaia50,95,"1""",skycell-rw,1,0,4,0.089,0.027
gaia50,721,"10""",q3c,1,0,400,2.511,0.598
gaia50,721,"10""",skycell-rw,1,0,4,0.067,0.024
gaia50,721,"10""",pgsphere,1,0,8,0.063,0.037
gaia50,721,"10""",skycell,1,0,4,0.029,0.013
gaia50,675,"10""",q3c,1,0,400,2.141,0.674
gaia50,675,"10""",skycell,1,0,5,0.102,0.059
gaia50,675,"10""",skycell-rw,1,0,5,0.065,0.024
gaia50,675,"10""",pgsphere,1,0,6,0.019,0.033
gaia50,426,"10""",q3c,1,1,401,3.298,0.464
gaia50,426,"10""",skycell,1,1,10,0.057,0.059
gaia50,426,"10""",skycell-rw,1,1,10,0.053,0.022
gaia50,426,"10""",pgsphere,1,1,8,0.023,0.062
gaia50,610,"10""",skycell,1,1,5,0.025,0.02
gaia50,610,"10""",q3c,1,1,401,2.113,0.575
gaia50,610,"10""",skycell-rw,1,1,5,0.113,0.039
gaia50,610,"10""",pgsphere,1,1,8,0.032,0.048
gaia50,405,"10""",q3c,1,0,400,2.057,0.453
gaia50,405,"10""",pgsphere,1,0,5,0.047,0.037
gaia50,405,"10""",skycell,1,0,5,0.057,0.034
gaia50,405,"10""",skycell-rw,1,0,5,0.052,0.016
gaia50,108,"1""",q3c,1,1,401,2.222,0.604
gaia50,108,"1""",skycell,1,1,5,0.057,0.031
gaia50,108,"1""",pgsphere,1,1,5,0.024,0.029
gaia50,108,"1""",skycell-rw,1,1,5,0.03,0.011
gaia50,756,"10""",pgsphere,1,1,10,0.012,0.04
gaia50,756,"10""",skycell-rw,1,1,5,0.024,0.016
gaia50,756,"10""",q3c,1,1,401,2.268,0.451
gaia50,756,"10""",skycell,1,1,5,0.072,0.036
gaia50,410,"10""",skycell,1,2,10,0.029,0.027
gaia50,410,"10""",skycell-rw,1,2,9,0.046,0.018
gaia50,410,"10""",pgsphere,1,2,5,0.018,0.034
gaia50,410,"10""",q3c,1,2,401,2.354,0.521
gaia50,1263,6',pgsphere,38,6,10,0.049,0.06
gaia50,1263,6',skycell-rw,8,6,11,0.09,0.068
gaia50,1263,6',skycell,7,6,11,0.052,0.051
gaia50,1263,6',q3c,10,6,402,2.352,0.61
gaia50,176,"1""",skycell,1,1,5,0.057,0.031
gaia50,176,"1""",q3c,1,1,401,2.256,0.537
gaia50,176,"1""",skycell-rw,1,1,5,0.067,0.029
gaia50,176,"1""",pgsphere,1,1,7,0.02,0.072
gaia50,287,"1""",pgsphere,1,0,4,0.018,0.02
gaia50,287,"1""",skycell,1,0,4,0.024,0.025
gaia50,287,"1""",skycell-rw,1,0,4,0.024,0.006
gaia50,287,"1""",q3c,1,0,400,2.172,0.492
gaia50,1312,30',pgsphere,952,2276,253,0.046,0.732
gaia50,1312,30',skycell-rw,2361,2276,73,0.117,0.469
gaia50,1312,30',skycell,2321,2276,94,0.073,0.481
gaia50,1312,30',q3c,1568,2276,453,2.583,1.212
gaia50,397,"1""",skycell,1,0,8,0.057,0.024
gaia50,397,"1""",pgsphere,1,0,4,0.031,0.031
gaia50,397,"1""",skycell-rw,1,0,8,0.086,0.034
gaia50,397,"1""",q3c,1,0,400,2.361,0.524
gaia50,110,"1""",skycell,1,1,5,0.097,0.049
gaia50,110,"1""",pgsphere,1,1,7,0.039,0.051
gaia50,110,"1""",q3c,1,1,401,2.089,0.497
gaia50,110,"1""",skycell-rw,1,1,5,0.068,0.029
gaia50,1369,30',skycell-rw,97,70,24,0.136,0.073
gaia50,1369,30',q3c,394,70,405,2.276,0.51
gaia50,1369,30',pgsphere,952,70,23,0.054,0.084
gaia50,1369,30',skycell,97,70,24,0.044,0.129
gaia50,1449,3deg,q3c,3833,9178,548,2.227,2.237
gaia50,1449,3deg,skycell-rw,9339,9178,217,0.288,1.488
gaia50,1449,3deg,skycell,9338,9178,243,0.113,1.369
gaia50,1449,3deg,pgsphere,34262,9178,317,0.042,2.093
gaia50,198,"1""",skycell-rw,1,1,5,0.065,0.025
gaia50,198,"1""",q3c,1,1,401,2.096,0.489
gaia50,198,"1""",pgsphere,1,1,6,0.046,0.042
gaia50,198,"1""",skycell,1,1,5,0.035,0.021
gaia50,102,"1""",q3c,1,1,401,2.228,0.46
gaia50,102,"1""",skycell,1,1,5,0.057,0.031
gaia50,102,"1""",pgsphere,1,1,6,0.045,0.047
gaia50,102,"1""",skycell-rw,1,1,5,0.048,0.019
gaia50,1404,1deg,skycell-rw,18839,17585,353,0.175,2.908
gaia50,1404,1deg,q3c,3561,17585,748,2.128,3.794
gaia50,1404,1deg,skycell,18832,17585,353,0.098,2.855
gaia50,1404,1deg,pgsphere,3808,17585,1564,0.048,4.538
gaia50,111,"1""",q3c,1,0,400,2.039,0.49
gaia50,111,"1""",skycell,1,0,8,0.06,0.025
gaia50,111,"1""",pgsphere,1,0,7,0.025,0.036
gaia50,111,"1""",skycell-rw,1,0,8,0.045,0.015
gaia50,887,1',q3c,1,2,401,2.229,0.523
gaia50,887,1',pgsphere,1,2,5,0.063,0.06
gaia50,887,1',skycell-rw,1,2,10,0.087,0.044
gaia50,887,1',skycell,1,2,10,0.046,0.026
gaia50,1019,1',skycell-rw,1,0,5,0.067,0.041
gaia50,1019,1',q3c,1,0,400,2.943,0.716
gaia50,1019,1',skycell,1,0,5,0.071,0.042
gaia50,1019,1',pgsphere,1,0,6,0.056,0.057
gaia50,708,"10""",skycell-rw,1,1,5,0.091,0.042
gaia50,708,"10""",q3c,1,1,401,2.779,0.812
gaia50,708,"10""",pgsphere,1,1,6,0.07,0.062
gaia50,708,"10""",skycell,1,1,5,0.066,0.04
gaia50,9,"1""",skycell,1,0,4,0.044,0.021
gaia50,9,"1""",q3c,1,0,400,1.985,0.567
gaia50,9,"1""",skycell-rw,1,0,4,0.082,0.034
gaia50,9,"1""",pgsphere,1,0,7,0.036,0.047
gaia50,534,"10""",skycell,1,2,6,0.071,0.037
gaia50,534,"10""",pgsphere,1,2,6,0.022,0.028
gaia50,534,"10""",q3c,1,2,401,2.336,0.497
gaia50,534,"10""",skycell-rw,1,2,6,0.069,0.045
gaia50,882,1',q3c,1,14,402,2.19,0.512
gaia50,882,1',skycell,9,14,7,0.064,0.05
gaia50,882,1',pgsphere,1,14,9,0.03,0.047
gaia50,882,1',skycell-rw,9,14,7,0.032,0.021
gaia50,806,1',skycell-rw,5,5,6,0.037,0.025
gaia50,806,1',q3c,1,5,402,2.489,0.48
gaia50,806,1',skycell,5,5,6,0.058,0.035
gaia50,806,1',pgsphere,1,5,6,0.025,0.032
gaia50,677,"10""",skycell-rw,1,0,4,0.039,0.018
gaia50,677,"10""",pgsphere,1,0,4,0.028,0.036
gaia50,677,"10""",q3c,1,0,400,1.868,0.559
gaia50,677,"10""",skycell,1,0,4,0.06,0.027
gaia50,1130,6',q3c,420,1032,423,2.501,0.918
gaia50,1130,6',skycell-rw,1081,1032,50,0.127,0.312
gaia50,1130,6',pgsphere,38,1032,121,0.035,0.444
gaia50,1130,6',skycell,1077,1032,57,0.063,0.216
gaia50,461,"10""",q3c,1,0,400,2.571,0.453
gaia50,461,"10""",skycell-rw,1,0,9,0.078,0.039
gaia50,461,"10""",skycell,1,0,9,0.049,0.024
gaia50,461,"10""",pgsphere,1,0,6,0.024,0.031
gaia50,1194,6',skycell,114,334,27,0.158,0.187
gaia50,1194,6',skycell-rw,133,334,27,0.054,1.074
gaia50,1194,6',q3c,88,334,412,2.535,0.631
gaia50,1194,6',pgsphere,38,334,44,0.057,0.225
gaia50,760,"10""",skycell-rw,1,1,5,0.058,0.029
gaia50,760,"10""",q3c,1,1,401,2.936,0.668
gaia50,760,"10""",skycell,1,1,5,0.058,0.033
gaia50,760,"10""",pgsphere,1,1,6,0.036,0.047
gaia50,565,"10""",pgsphere,1,0,4,0.028,0.024
gaia50,565,"10""",skycell,1,0,8,0.03,0.058
gaia50,565,"10""",skycell-rw,1,0,8,0.065,0.02
gaia50,565,"10""",q3c,1,0,400,2.491,0.539
gaia50,541,"10""",skycell,1,0,4,0.063,0.038
gaia50,541,"10""",pgsphere,1,0,3,0.024,0.021
gaia50,541,"10""",skycell-rw,1,0,4,0.028,0.008
gaia50,541,"10""",q3c,1,0,400,2.526,0.53
gaia50,578,"10""",pgsphere,1,2,6,0.049,0.044
gaia50,578,"10""",skycell,1,2,5,0.035,0.025
gaia50,578,"10""",skycell-rw,1,2,5,0.043,0.016
gaia50,578,"10""",q3c,1,2,401,2.56,0.632
gaia50,1262,6',skycell,51,48,17,0.061,0.07
gaia50,1262,6',skycell-rw,49,48,9,0.042,0.048
gaia50,1262,6',q3c,70,48,402,3.663,0.498
gaia50,1262,6',pgsphere,38,48,22,0.05,0.082
gaia50,516,"10""",q3c,1,1,401,2.36,0.465
gaia50,516,"10""",skycell-rw,1,1,5,0.072,0.029
gaia50,516,"10""",pgsphere,1,1,7,0.034,0.048
gaia50,516,"10""",skycell,1,1,5,0.046,0.025
gaia50,352,"1""",q3c,1,1,401,2.519,0.5
gaia50,352,"1""",skycell,1,1,5,0.056,0.031
gaia50,352,"1""",skycell-rw,1,1,5,0.036,0.011
gaia50,352,"1""",pgsphere,1,1,8,0.02,0.112
gaia50,79,"1""",skycell-rw,1,0,8,0.064,0.032
gaia50,79,"1""",pgsphere,1,0,4,0.02,0.021
gaia50,79,"1""",q3c,1,0,400,2.197,0.491
gaia50,79,"1""",skycell,1,0,8,0.101,0.031
gaia50,392,"1""",skycell-rw,1,1,5,0.062,0.03
gaia50,392,"1""",skycell,1,1,5,0.036,0.017
gaia50,392,"1""",q3c,1,1,401,1.999,0.506
gaia50,392,"1""",pgsphere,1,1,5,0.048,0.042
gaia50,120,"1""",pgsphere,1,1,8,0.029,0.036
gaia50,120,"1""",skycell-rw,1,1,9,0.05,0.028
gaia50,120,"1""",q3c,1,1,401,1.951,0.453
gaia50,120,"1""",skycell,1,1,9,0.057,0.033
gaia50,457,"10""",pgsphere,1,0,7,0.025,0.044
gaia50,457,"10""",skycell,1,0,4,0.03,0.017
gaia50,457,"10""",q3c,1,0,400,1.945,0.557
gaia50,457,"10""",skycell-rw,1,0,4,0.066,0.024
gaia50,1039,1',pgsphere,1,0,4,0.022,0.025
gaia50,1039,1',q3c,1,0,400,1.941,0.531
gaia50,1039,1',skycell-rw,1,0,5,0.068,0.03
gaia50,1039,1',skycell,1,0,5,0.038,0.015
gaia50,868,1',q3c,2,9,402,2.143,0.493
gaia50,868,1',skycell,5,9,5,0.059,0.037
gaia50,868,1',skycell-rw,5,9,5,0.036,0.017
gaia50,868,1',pgsphere,1,9,12,0.02,0.053
gaia50,1438,1deg,q3c,10634,55250,1210,2.231,10.71
gaia50,1438,1deg,skycell,52117,55250,894,0.13,8.837
gaia50,1438,1deg,skycell-rw,52095,55250,894,0.191,7.935
gaia50,1438,1deg,pgsphere,3808,55250,4609,0.124,14.24
gaia50,75,"1""",skycell-rw,1,0,4,0.067,0.019
gaia50,75,"1""",skycell,1,0,4,0.024,0.009
gaia50,75,"1""",q3c,1,0,400,2.355,0.565
gaia50,75,"1""",pgsphere,1,0,6,0.118,0.045
gaia50,265,"1""",skycell,1,0,4,0.047,0.022
gaia50,265,"1""",skycell-rw,1,0,4,0.034,0.009
gaia50,265,"1""",pgsphere,1,0,4,0.014,0.021
gaia50,265,"1""",q3c,1,0,400,2.034,0.557
gaia50,149,"1""",skycell-rw,1,0,4,0.067,0.024
gaia50,149,"1""",q3c,1,0,400,2.153,0.5
gaia50,149,"1""",skycell,1,0,4,0.065,0.025
gaia50,149,"1""",pgsphere,1,0,4,0.027,0.026
gaia50,1270,6',skycell-rw,321,523,38,0.064,0.206
gaia50,1270,6',pgsphere,38,523,76,0.022,0.23
gaia50,1270,6',q3c,140,523,412,2.194,0.66
gaia50,1270,6',skycell,320,523,42,0.069,0.197
gaia50,1352,30',skycell-rw,2017,1757,75,0.176,0.492
gaia50,1352,30',q3c,1163,1757,439,2.314,0.891
gaia50,1352,30',pgsphere,952,1757,222,0.047,0.652
gaia50,1352,30',skycell,2013,1757,93,0.087,0.386
gaia50,169,"1""",skycell-rw,1,0,4,0.05,0.014
gaia50,169,"1""",q3c,1,0,400,2.038,0.453
gaia50,169,"1""",pgsphere,1,0,6,0.064,0.069
gaia50,169,"1""",skycell,1,0,4,0.05,0.023
gaia50,107,"1""",q3c,1,0,400,2.649,0.448
gaia50,107,"1""",skycell,1,0,4,0.06,0.026
gaia50,107,"1""",pgsphere,1,0,8,0.024,0.044
gaia50,107,"1""",skycell-rw,1,0,4,0.035,0.019
gaia50,254,"1""",pgsphere,1,1,6,0.016,0.043
gaia50,254,"1""",q3c,1,1,401,2.019,0.463
gaia50,254,"1""",skycell,1,1,5,0.074,0.038
gaia50,254,"1""",skycell-rw,1,1,5,0.073,0.021
gaia50,460,"10""",pgsphere,1,1,9,0.029,0.053
gaia50,460,"10""",q3c,1,1,401,2.531,0.546
gaia50,460,"10""",skycell,1,1,5,0.256,0.043
gaia50,460,"10""",skycell-rw,1,1,5,0.065,0.024
gaia50,1149,6',pgsphere,38,3,6,0.022,0.035
gaia50,1149,6',skycell,3,3,10,0.082,0.041
gaia50,1149,6',q3c,1,3,402,2.444,0.838
gaia50,1149,6',skycell-rw,3,3,10,0.083,0.056
gaia50,131,"1""",q3c,1,0,400,2.505,0.579
gaia50,131,"1""",skycell-rw,1,0,4,0.069,0.026
gaia50,131,"1""",pgsphere,1,0,5,0.022,0.03
gaia50,131,"1""",skycell,1,0,4,0.044,0.014
gaia50,339,"1""",skycell,1,0,4,0.027,0.054
gaia50,339,"1""",q3c,1,0,400,2.465,0.525
gaia50,339,"1""",skycell-rw,1,0,4,0.072,0.024
gaia50,339,"1""",pgsphere,1,0,8,0.019,0.041
gaia50,975,1',skycell,1,1,10,0.038,0.031
gaia50,975,1',skycell-rw,1,1,10,0.05,0.025
gaia50,975,1',q3c,1,1,401,1.933,0.442
gaia50,975,1',pgsphere,1,1,11,0.056,0.061
gaia50,1436,1deg,skycell,6868,7954,214,0.094,1.695
gaia50,1436,1deg,skycell-rw,6857,7954,210,0.295,1.987
gaia50,1436,1deg,pgsphere,3808,7954,774,0.058,4.073
gaia50,1436,1deg,q3c,3253,7954,548,3.513,3.583
gaia50,1193,6',pgsphere,38,17,5,0.07,0.053
gaia50,1193,6',skycell-rw,13,17,13,0.082,0.077
gaia50,1193,6',skycell,13,17,13,0.044,0.049
gaia50,1193,6',q3c,16,17,402,3.406,0.694
gaia50,771,"10""",pgsphere,1,0,6,0.062,0.054
gaia50,771,"10""",skycell-rw,1,0,6,0.053,0.027
gaia50,771,"10""",q3c,1,0,400,2.949,0.673
gaia50,771,"10""",skycell,1,0,6,0.089,0.045
gaia50,212,"1""",q3c,1,1,401,3.003,0.694
gaia50,212,"1""",pgsphere,1,1,6,0.059,0.044
gaia50,212,"1""",skycell,1,1,5,0.065,0.031
gaia50,212,"1""",skycell-rw,1,1,5,0.048,0.017
gaia50,572,"10""",skycell-rw,1,1,5,0.046,0.024
gaia50,572,"10""",q3c,1,1,401,2.611,0.681
gaia50,572,"10""",skycell,1,1,5,0.073,0.039
gaia50,572,"10""",pgsphere,1,1,6,0.05,0.054
gaia50,1235,6',skycell,3,4,6,0.05,0.041
gaia50,1235,6',pgsphere,38,4,8,0.031,0.053
gaia50,1235,6',q3c,7,4,401,3.395,0.77
gaia50,1235,6',skycell-rw,3,4,6,0.111,0.056
gaia50,925,1',skycell-rw,1,1,6,0.069,0.037
gaia50,925,1',q3c,1,1,401,3.547,0.668
gaia50,925,1',skycell,1,1,6,0.076,0.047
gaia50,925,1',pgsphere,1,1,5,0.058,0.05
gaia50,596,"10""",skycell,1,1,10,0.054,0.036
gaia50,596,"10""",pgsphere,1,1,6,0.037,0.044
gaia50,596,"10""",q3c,1,1,401,3.218,0.67
gaia50,596,"10""",skycell-rw,1,1,10,0.109,0.048
gaia50,485,"10""",pgsphere,1,1,5,0.035,0.04
gaia50,485,"10""",q3c,1,1,401,3.811,0.516
gaia50,485,"10""",skycell-rw,1,1,5,0.07,0.031
gaia50,485,"10""",skycell,1,1,5,0.044,0.022
gaia50,1022,1',pgsphere,1,8,7,0.023,0.044
gaia50,1022,1',q3c,2,8,401,2.425,0.462
gaia50,1022,1',skycell,2,8,5,0.058,0.033
gaia50,1022,1',skycell-rw,3,8,5,0.037,0.014
gaia50,160,"1""",q3c,1,1,401,2.345,0.437
gaia50,160,"1""",skycell,1,1,5,0.059,0.031
gaia50,160,"1""",skycell-rw,1,1,5,0.036,0.011
gaia50,160,"1""",pgsphere,1,1,6,0.017,0.035
gaia50,1374,30',skycell-rw,4233,3560,94,0.106,0.676
gaia50,1374,30',pgsphere,952,3560,399,0.026,1.185
gaia50,1374,30',skycell,4228,3560,103,0.095,0.695
gaia50,1374,30',q3c,3020,3560,459,2.349,1.13
gaia50,666,"10""",skycell-rw,1,1,5,0.094,0.041
gaia50,666,"10""",q3c,1,1,401,2.138,0.545
gaia50,666,"10""",skycell,1,1,5,0.06,0.031
gaia50,666,"10""",pgsphere,1,1,6,0.024,0.033
gaia50,1301,30',q3c,49,144,405,2.459,0.498
gaia50,1301,30',pgsphere,952,144,25,0.05,0.108
gaia50,1301,30',skycell-rw,116,144,27,0.08,0.117
gaia50,1301,30',skycell,114,144,27,0.037,0.067
gaia50,271,"1""",q3c,1,0,400,2.452,0.529
gaia50,271,"1""",pgsphere,1,0,9,0.053,0.056
gaia50,271,"1""",skycell,1,0,4,0.035,0.021
gaia50,271,"1""",skycell-rw,1,0,4,0.03,0.007
gaia50,273,"1""",skycell,1,0,4,0.017,0.027
gaia50,273,"1""",pgsphere,1,0,4,0.074,0.031
gaia50,273,"1""",skycell-rw,1,0,4,0.042,0.014
gaia50,273,"1""",q3c,1,0,400,2.502,0.564
gaia50,1281,6',q3c,10,4,403,2.504,0.976
gaia50,1281,6',skycell,9,4,11,0.062,0.062
gaia50,1281,6',pgsphere,38,4,11,0.03,0.053
gaia50,1281,6',skycell-rw,9,4,11,0.044,0.029
gaia50,1040,1',q3c,1,3,401,2.376,0.618
gaia50,1040,1',skycell-rw,1,3,6,0.078,0.053
gaia50,1040,1',skycell,1,3,6,0.036,0.025
gaia50,1040,1',pgsphere,1,3,7,0.048,0.059
gaia50,409,"10""",skycell,1,0,9,0.058,0.031
gaia50,409,"10""",q3c,1,0,400,2.818,0.756
gaia50,409,"10""",skycell-rw,1,0,9,0.087,0.039
gaia50,409,"10""",pgsphere,1,0,5,0.023,0.033
gaia50,220,"1""",skycell,1,1,5,0.024,0.02
gaia50,220,"1""",q3c,1,1,401,2.587,0.566
gaia50,220,"1""",skycell-rw,1,1,5,0.072,0.034
gaia50,220,"1""",pgsphere,1,1,9,0.048,0.061
gaia50,826,1',skycell-rw,1,4,20,0.073,0.072
gaia50,826,1',skycell,1,4,20,0.049,0.035
gaia50,826,1',pgsphere,1,4,8,0.042,0.045
gaia50,826,1',q3c,3,4,401,2.471,0.59
gaia50,1333,30',skycell,447,515,38,0.072,0.288
gaia50,1333,30',skycell-rw,449,515,34,0.092,0.153
gaia50,1333,30',q3c,103,515,413,2.465,0.629
gaia50,1333,30',pgsphere,952,515,67,0.051,0.225
gaia50,33,"1""",q3c,1,0,400,2.392,0.517
gaia50,33,"1""",skycell,1,0,4,0.073,0.049
gaia50,33,"1""",pgsphere,1,0,4,0.044,0.04
gaia50,33,"1""",skycell-rw,1,0,4,0.045,0.018
gaia50,718,"10""",pgsphere,1,1,8,0.034,0.052
gaia50,718,"10""",skycell-rw,1,1,5,0.045,0.024
gaia50,718,"10""",q3c,1,1,401,2.43,0.508
gaia50,718,"10""",skycell,1,1,5,0.059,0.033
gaia50,1052,1',skycell,6,8,11,0.036,0.035
gaia50,1052,1',q3c,3,8,402,2.573,0.47
gaia50,1052,1',pgsphere,1,8,6,0.066,0.044
gaia50,1052,1',skycell-rw,6,8,7,0.048,0.042
gaia50,89,"1""",skycell-rw,1,0,4,0.027,0.014
gaia50,89,"1""",q3c,1,0,400,2.554,0.482
gaia50,89,"1""",pgsphere,1,0,8,0.047,0.048
gaia50,89,"1""",skycell,1,0,4,0.036,0.018
gaia50,268,"1""",pgsphere,1,1,7,0.015,0.036
gaia50,268,"1""",q3c,1,1,401,2.153,0.464
gaia50,268,"1""",skycell,1,1,5,0.067,0.031
gaia50,268,"1""",skycell-rw,1,1,5,0.056,0.02
gaia50,1241,6',pgsphere,38,2,8,0.023,0.042
gaia50,1241,6',q3c,4,2,401,2.567,0.466
gaia50,1241,6',skycell-rw,4,2,5,0.071,0.034
gaia50,1241,6',skycell,4,2,5,0.027,0.014
gaia50,589,"10""",q3c,1,0,400,2.584,0.451
gaia50,589,"10""",pgsphere,1,0,4,0.077,0.034
gaia50,589,"10""",skycell-rw,1,0,5,0.05,0.024
gaia50,589,"10""",skycell,1,0,5,0.022,0.009
gaia50,857,1',pgsphere,1,0,5,0.014,0.028
gaia50,857,1',skycell-rw,1,0,5,0.024,0.014
gaia50,857,1',skycell,1,0,5,0.018,0.01
gaia50,857,1',q3c,1,0,400,2.389,0.44
gaia50,1389,30',skycell-rw,180,148,21,0.092,1.001
gaia50,1389,30',skycell,186,148,14,0.07,0.07
gaia50,1389,30',pgsphere,952,148,26,0.03,0.13
gaia50,1389,30',q3c,210,148,407,2.156,0.494
gaia50,25,"1""",pgsphere,1,0,5,0.049,0.036
gaia50,25,"1""",q3c,1,0,400,2.86,0.817
gaia50,25,"1""",skycell-rw,1,0,4,0.07,0.025
gaia50,25,"1""",skycell,1,0,4,0.027,0.009
gaia50,301,"1""",pgsphere,1,0,4,0.06,0.026
gaia50,301,"1""",q3c,1,0,400,3.332,0.494
gaia50,301,"1""",skycell-rw,1,0,4,0.068,0.025
gaia50,301,"1""",skycell,1,0,4,0.028,0.01
gaia50,502,"10""",pgsphere,1,1,6,0.017,0.031
gaia50,502,"10""",skycell,1,1,5,0.017,0.017
gaia50,502,"10""",skycell-rw,1,1,5,0.038,0.011
gaia50,502,"10""",q3c,1,1,401,2.331,0.48
gaia50,1196,6',pgsphere,38,134,26,0.046,0.086
gaia50,1196,6',q3c,99,134,406,2.939,0.594
gaia50,1196,6',skycell-rw,289,134,25,0.155,0.153
gaia50,1196,6',skycell,309,134,30,0.084,0.221
gaia50,1315,30',skycell,23456,24344,441,0.134,7.559
gaia50,1315,30',skycell-rw,23460,24344,441,0.316,6.726
gaia50,1315,30',q3c,9313,24344,787,3.959,8.68
gaia50,1315,30',pgsphere,952,24344,2016,0.066,11.665
gaia50,583,"10""",skycell,1,0,4,0.076,0.033
gaia50,583,"10""",skycell-rw,1,0,4,0.077,0.023
gaia50,583,"10""",q3c,1,0,400,4.152,0.62
gaia50,583,"10""",pgsphere,1,0,3,0.054,0.03
gaia50,65,"1""",skycell,1,0,4,0.057,0.037
gaia50,65,"1""",pgsphere,1,0,5,0.02,0.03
gaia50,65,"1""",skycell-rw,1,0,4,0.033,0.009
gaia50,65,"1""",q3c,1,0,400,2.43,0.559
gaia50,796,"10""",pgsphere,1,1,9,0.052,0.09
gaia50,796,"10""",skycell,1,1,10,0.047,0.031
gaia50,796,"10""",skycell-rw,1,1,10,0.05,0.022
gaia50,796,"10""",q3c,1,1,401,2.742,0.586
gaia50,618,"10""",q3c,1,1,401,2.863,0.706
gaia50,618,"10""",skycell,1,1,10,0.065,0.042
gaia50,618,"10""",pgsphere,1,1,6,0.038,0.05
gaia50,618,"10""",skycell-rw,1,1,10,0.069,0.032
gaia50,816,1',pgsphere,1,4,7,0.025,0.051
gaia50,816,1',q3c,1,4,401,3.105,0.728
gaia50,816,1',skycell-rw,2,4,10,0.126,0.052
gaia50,816,1',skycell,2,4,10,0.04,0.021
gaia50,26,"1""",pgsphere,1,1,8,0.031,0.067
gaia50,26,"1""",skycell,1,1,9,0.03,0.02
gaia50,26,"1""",q3c,1,1,401,2.755,1.08
gaia50,26,"1""",skycell-rw,1,1,9,0.102,0.05
gaia50,761,"10""",q3c,1,0,400,2.559,0.574
gaia50,761,"10""",skycell-rw,1,0,4,0.085,0.03
gaia50,761,"10""",pgsphere,1,0,5,0.041,0.035
gaia50,761,"10""",skycell,1,0,4,0.052,0.016
gaia50,1012,1',q3c,2,3,401,3.05,0.556
gaia50,1012,1',skycell,1,3,6,0.078,0.052
gaia50,1012,1',pgsphere,1,3,6,0.038,0.039
gaia50,1012,1',skycell-rw,1,3,6,0.048,0.032
gaia50,644,"10""",pgsphere,1,1,8,0.035,0.084
gaia50,644,"10""",q3c,1,1,401,2.989,0.693
gaia50,644,"10""",skycell,1,1,5,0.064,0.053
gaia50,644,"10""",skycell-rw,1,1,5,0.068,0.028
gaia50,1100,1',q3c,7,18,402,3.084,0.699
gaia50,1100,1',skycell,20,18,11,0.086,0.088
gaia50,1100,1',pgsphere,1,18,9,0.034,0.06
gaia50,1100,1',skycell-rw,20,18,11,0.08,0.06
gaia50,386,"1""",q3c,1,1,401,3.311,0.564
gaia50,386,"1""",skycell-rw,1,1,5,0.082,0.046
gaia50,386,"1""",skycell,1,1,5,0.072,0.032
gaia50,386,"1""",pgsphere,1,1,5,0.043,0.037
gaia50,1305,30',pgsphere,952,157,27,0.018,0.13
gaia50,1305,30',skycell,179,157,19,0.052,0.102
gaia50,1305,30',q3c,355,157,406,3.775,0.688
gaia50,1305,30',skycell-rw,180,157,17,0.095,0.389
gaia50,527,"10""",skycell,1,0,4,0.064,0.024
gaia50,527,"10""",pgsphere,1,0,4,0.029,0.03
gaia50,527,"10""",q3c,1,0,400,2.643,0.657
gaia50,527,"10""",skycell-rw,1,0,4,0.076,0.038
gaia50,1276,6',q3c,35,62,407,3.227,0.683
gaia50,1276,6',skycell,64,62,13,0.071,0.071
gaia50,1276,6',skycell-rw,64,62,13,0.081,0.106
gaia50,1276,6',pgsphere,38,62,16,0.029,0.085
gaia50,1051,1',pgsphere,1,2,10,0.021,0.068
gaia50,1051,1',q3c,4,2,401,2.54,0.566
gaia50,1051,1',skycell,5,2,12,0.069,0.067
gaia50,1051,1',skycell-rw,5,2,12,0.065,0.049
gaia50,374,"1""",q3c,1,1,401,2.571,0.655
gaia50,374,"1""",skycell,1,1,5,0.119,0.038
gaia50,374,"1""",pgsphere,1,1,8,0.048,0.049
gaia50,374,"1""",skycell-rw,1,1,5,0.049,0.024
gaia50,1005,1',pgsphere,1,21,8,0.023,0.052
gaia50,1005,1',q3c,7,21,401,2.733,0.57
gaia50,1005,1',skycell-rw,15,21,8,0.088,0.067
gaia50,1005,1',skycell,15,21,11,0.055,0.077
gaia50,600,"10""",skycell-rw,1,1,5,0.054,0.021
gaia50,600,"10""",q3c,1,1,401,2.744,1.22
gaia50,600,"10""",pgsphere,1,1,6,0.053,0.045
gaia50,600,"10""",skycell,1,1,5,0.039,0.025
gaia50,779,"10""",skycell,1,0,4,0.029,0.017
gaia50,779,"10""",skycell-rw,1,0,4,0.033,0.008
gaia50,779,"10""",pgsphere,1,0,7,0.021,0.052
gaia50,779,"10""",q3c,1,0,400,2.612,0.536
gaia50,873,1',pgsphere,1,0,4,0.055,0.08
gaia50,873,1',q3c,1,0,400,3.546,0.72
gaia50,873,1',skycell-rw,1,0,5,0.087,0.034
gaia50,873,1',skycell,1,0,5,0.043,0.023
gaia50,323,"1""",skycell,1,0,4,0.059,0.028
gaia50,323,"1""",pgsphere,1,0,4,0.032,0.03
gaia50,323,"1""",skycell-rw,1,0,4,0.05,0.014
gaia50,323,"1""",q3c,1,0,400,2.944,0.757
gaia50,932,1',skycell-rw,2,2,11,0.1,0.07
gaia50,932,1',q3c,1,2,401,2.998,0.639
gaia50,932,1',skycell,2,2,11,0.078,0.055
gaia50,932,1',pgsphere,1,2,8,0.04,0.049
gaia50,915,1',pgsphere,1,0,5,0.017,0.031
gaia50,915,1',skycell,1,0,5,0.031,0.024
gaia50,915,1',skycell-rw,1,0,5,0.045,0.015
gaia50,915,1',q3c,1,0,400,3.119,2.404
gaia50,483,"10""",q3c,1,0,400,2.741,0.689
gaia50,483,"10""",pgsphere,1,0,6,0.068,0.045
gaia50,483,"10""",skycell,1,0,4,0.039,0.021
gaia50,483,"10""",skycell-rw,1,0,4,0.046,0.014
gaia50,1439,1deg,pgsphere,3808,282,37,0.018,0.158
gaia50,1439,1deg,skycell-rw,454,282,33,0.089,0.147
gaia50,1439,1deg,skycell,452,282,42,0.059,0.113
gaia50,1439,1deg,q3c,171,282,406,2.501,0.614
gaia50,163,"1""",skycell-rw,1,0,4,0.069,0.023
gaia50,163,"1""",skycell,1,0,4,0.026,0.016
gaia50,163,"1""",pgsphere,1,0,4,0.018,0.025
gaia50,163,"1""",q3c,1,0,400,2.463,0.531
gaia50,12,"1""",q3c,1,1,401,2.243,0.668
gaia50,12,"1""",skycell-rw,1,1,5,0.102,0.042
gaia50,12,"1""",skycell,1,1,5,0.072,0.035
gaia50,12,"1""",pgsphere,1,1,7,0.051,0.073
gaia50,694,"10""",pgsphere,1,1,7,0.059,0.065
gaia50,694,"10""",skycell,1,1,10,0.083,0.044
gaia50,694,"10""",skycell-rw,1,1,9,0.139,0.046
gaia50,694,"10""",q3c,1,1,401,3.026,1.011
gaia50,938,1',skycell,1,2,5,0.115,0.049
gaia50,938,1',pgsphere,1,2,10,0.047,0.079
gaia50,938,1',q3c,1,2,401,2.93,0.853
gaia50,938,1',skycell-rw,1,2,5,0.113,0.042
gaia50,1278,6',pgsphere,38,206,31,0.047,0.191
gaia50,1278,6',q3c,29,206,408,4.195,0.955
gaia50,1278,6',skycell,194,206,22,0.098,0.163
gaia50,1278,6',skycell-rw,195,206,22,0.13,0.166
gaia50,739,"10""",skycell,1,0,8,0.079,0.052
gaia50,739,"10""",q3c,1,0,400,3.327,0.754
gaia50,739,"10""",skycell-rw,1,0,8,0.143,0.044
gaia50,739,"10""",pgsphere,1,0,4,0.05,0.043
gaia50,586,"10""",skycell,1,1,9,0.055,0.035
gaia50,586,"10""",pgsphere,1,1,5,0.047,0.044
gaia50,586,"10""",skycell-rw,1,1,9,0.103,0.078
gaia50,586,"10""",q3c,1,1,401,3.429,1.05
gaia50,984,1',skycell,1,1,6,0.073,0.056
gaia50,984,1',pgsphere,1,1,7,0.049,0.058
gaia50,984,1',skycell-rw,1,1,6,0.069,0.039
gaia50,984,1',q3c,1,1,401,3.806,0.809
gaia50,910,1',skycell-rw,30,39,13,0.173,0.149
gaia50,910,1',q3c,11,39,404,3.092,0.838
gaia50,910,1',pgsphere,1,39,12,0.067,0.132
gaia50,910,1',skycell,30,39,16,0.069,0.081
gaia50,425,"10""",skycell,1,0,4,0.069,0.05
gaia50,425,"10""",skycell-rw,1,0,4,0.082,0.03
gaia50,425,"10""",pgsphere,1,0,8,0.031,0.068
gaia50,425,"10""",q3c,1,0,400,2.829,0.509
gaia50,458,"10""",pgsphere,1,1,6,0.048,0.042
gaia50,458,"10""",q3c,1,1,401,2.114,0.509
gaia50,458,"10""",skycell,1,1,6,0.059,0.034
gaia50,458,"10""",skycell-rw,1,1,6,0.046,0.014
gaia50,303,"1""",q3c,1,0,400,2.254,0.476
gaia50,303,"1""",skycell,1,0,4,0.06,0.047
gaia50,303,"1""",skycell-rw,1,0,4,0.055,0.014
gaia50,303,"1""",pgsphere,1,0,7,0.018,0.034
gaia50,1448,3deg,q3c,270642,924763,14351,2.298,166.81
gaia50,1448,3deg,pgsphere,34262,924763,20839,0.107,211.289
gaia50,1448,3deg,skycell-rw,849827,924763,12365,0.338,143.631
gaia50,1448,3deg,skycell,856362,924763,12365,0.208,148.064
gaia50,1169,6',pgsphere,38,4,8,0.098,0.068
gaia50,1169,6',skycell,9,4,11,0.054,0.039
gaia50,1169,6',skycell-rw,9,4,11,0.057,0.034
gaia50,1169,6',q3c,3,4,402,2.903,0.779
gaia50,604,"10""",pgsphere,1,1,5,0.057,0.039
gaia50,604,"10""",q3c,1,1,401,2.808,1.015
gaia50,604,"10""",skycell-rw,1,1,5,0.079,0.032
gaia50,604,"10""",skycell,1,1,5,0.032,0.015
gaia50,1067,1',skycell,1,0,5,0.033,0.021
gaia50,1067,1',q3c,1,0,400,2.468,0.628
gaia50,1067,1',skycell-rw,1,0,5,0.075,0.028
gaia50,1067,1',pgsphere,1,0,4,0.026,0.026
gaia50,780,"10""",q3c,1,1,401,2.529,0.56
gaia50,780,"10""",skycell-rw,1,1,5,0.07,0.028
gaia50,780,"10""",skycell,1,1,5,0.027,0.012
gaia50,780,"10""",pgsphere,1,1,5,0.018,0.027
gaia50,900,1',skycell-rw,6,6,6,0.027,0.025
gaia50,900,1',skycell,5,6,6,0.073,0.021
gaia50,900,1',pgsphere,1,6,6,0.019,0.033
gaia50,900,1',q3c,3,6,402,2.86,0.549
gaia50,30,"1""",pgsphere,1,1,6,0.063,0.05
gaia50,30,"1""",q3c,1,1,401,2.577,0.513
gaia50,30,"1""",skycell,1,1,9,0.073,0.034
gaia50,30,"1""",skycell-rw,1,1,9,0.073,0.027
gaia50,286,"1""",pgsphere,1,1,5,0.034,0.033
gaia50,286,"1""",skycell,1,1,5,0.064,0.028
gaia50,286,"1""",q3c,1,1,401,2.309,0.497
gaia50,286,"1""",skycell-rw,1,1,5,0.074,0.031
gaia50,1351,30',q3c,2256,9520,553,2.182,2.372
gaia50,1351,30',skycell-rw,9994,9520,219,0.217,1.823
gaia50,1351,30',skycell,9985,9520,219,0.106,1.77
gaia50,1351,30',pgsphere,952,9520,909,0.049,3.189
gaia50,70,"1""",q3c,1,1,401,3.335,0.586
gaia50,70,"1""",pgsphere,1,1,6,0.052,0.04
gaia50,70,"1""",skycell-rw,1,1,5,0.047,0.024
gaia50,70,"1""",skycell,1,1,5,0.038,0.018
gaia50,807,1',pgsphere,1,14,14,0.021,0.069
gaia50,807,1',skycell-rw,9,14,5,0.032,0.037
gaia50,807,1',q3c,6,14,402,2.58,0.494
gaia50,807,1',skycell,9,14,5,0.067,0.042
gaia50,1038,1',skycell,5,4,7,0.026,0.035
gaia50,1038,1',pgsphere,1,4,6,0.021,0.045
gaia50,1038,1',skycell-rw,5,4,7,0.03,0.015
gaia50,1038,1',q3c,3,4,401,2.167,0.502
gaia50,948,1',q3c,6,15,402,2.431,0.526
gaia50,948,1',pgsphere,1,15,9,0.049,0.053
gaia50,948,1',skycell-rw,18,15,10,0.058,0.049
gaia50,948,1',skycell,18,15,10,0.032,0.03
gaia50,83,"1""",q3c,1,0,400,2.357,0.687
gaia50,83,"1""",skycell,1,0,4,0.061,0.028
gaia50,83,"1""",skycell-rw,1,0,4,0.057,0.014
gaia50,83,"1""",pgsphere,1,0,4,0.03,0.034
gaia50,560,"10""",q3c,1,1,401,2.244,0.58
gaia50,560,"10""",skycell,1,1,9,0.062,0.032
gaia50,560,"10""",skycell-rw,1,1,9,0.05,0.018
gaia50,560,"10""",pgsphere,1,1,5,0.026,0.032
gaia50,124,"1""",pgsphere,1,1,9,0.013,0.044
gaia50,124,"1""",skycell-rw,1,1,5,0.031,0.016
gaia50,124,"1""",q3c,1,1,401,3.052,0.595
gaia50,124,"1""",skycell,1,1,5,0.061,0.03
gaia50,236,"1""",skycell-rw,1,1,6,0.053,0.033
gaia50,236,"1""",skycell,1,1,6,0.026,0.01
gaia50,236,"1""",pgsphere,1,1,9,0.017,0.048
gaia50,236,"1""",q3c,1,1,401,2.369,0.592
gaia50,1334,30',skycell-rw,1236,1849,63,0.138,0.439
gaia50,1334,30',q3c,347,1849,436,2.695,0.938
gaia50,1334,30',pgsphere,952,1849,225,0.061,0.93
gaia50,1334,30',skycell,1217,1849,67,0.131,0.454
gaia50,480,"10""",q3c,1,1,401,2.605,0.456
gaia50,480,"10""",skycell-rw,1,1,10,0.087,0.045
gaia50,480,"10""",skycell,1,1,10,0.03,0.017
gaia50,480,"10""",pgsphere,1,1,8,0.022,0.042
gaia50,179,"1""",pgsphere,1,0,4,0.013,0.02
gaia50,179,"1""",skycell-rw,1,0,4,0.033,0.016
gaia50,179,"1""",skycell,1,0,4,0.02,0.008
gaia50,179,"1""",q3c,1,0,400,2.394,0.654
gaia50,389,"1""",skycell-rw,1,0,4,0.076,0.028
gaia50,389,"1""",pgsphere,1,0,4,0.022,0.025
gaia50,389,"1""",q3c,1,0,400,2.613,0.522
gaia50,389,"1""",skycell,1,0,4,0.061,0.026
gaia50,1203,6',skycell-rw,5,4,7,0.044,0.049
gaia50,1203,6',q3c,3,4,401,4.119,0.926
gaia50,1203,6',pgsphere,38,4,9,0.068,0.076
gaia50,1203,6',skycell,5,4,11,0.08,0.052
gaia50,655,"10""",skycell-rw,1,0,5,0.061,0.072
gaia50,655,"10""",q3c,1,0,400,3.107,0.579
gaia50,655,"10""",pgsphere,1,0,5,0.094,0.047
gaia50,655,"10""",skycell,1,0,5,0.044,0.029
gaia50,601,"10""",pgsphere,1,0,4,0.019,0.026
gaia50,601,"10""",skycell,1,0,4,0.02,0.017
gaia50,601,"10""",skycell-rw,1,0,4,0.034,0.008
gaia50,601,"10""",q3c,1,0,400,2.909,0.572
gaia50,997,1',skycell,1,0,20,0.07,0.044
gaia50,997,1',q3c,1,0,401,2.693,0.548
gaia50,997,1',skycell-rw,1,0,18,0.121,0.052
gaia50,997,1',pgsphere,1,0,5,0.028,0.036
gaia50,488,"10""",pgsphere,1,1,6,0.015,0.034
gaia50,488,"10""",skycell,1,1,5,0.03,0.029
gaia50,488,"10""",skycell-rw,1,1,5,0.043,0.018
gaia50,488,"10""",q3c,1,1,401,2.509,0.75
gaia50,99,"1""",skycell,1,0,8,0.061,0.03
gaia50,99,"1""",pgsphere,1,0,5,0.026,0.03
gaia50,99,"1""",q3c,1,0,400,2.731,0.551
gaia50,99,"1""",skycell-rw,1,0,8,0.083,0.033
gaia50,940,1',pgsphere,1,10,9,0.026,0.047
gaia50,940,1',skycell-rw,8,10,7,0.059,0.051
gaia50,940,1',q3c,3,10,401,2.496,0.544
gaia50,940,1',skycell,8,10,5,0.067,0.037
gaia50,741,"10""",skycell-rw,1,0,5,0.063,0.05
gaia50,741,"10""",pgsphere,1,0,5,0.051,0.042
gaia50,741,"10""",skycell,1,0,5,0.046,0.026
gaia50,741,"10""",q3c,1,0,400,2.688,0.573
gaia50,1321,30',q3c,628,586,414,3.076,0.788
gaia50,1321,30',pgsphere,952,586,73,0.052,0.289
gaia50,1321,30',skycell-rw,602,586,44,0.125,0.234
gaia50,1321,30',skycell,600,586,48,0.054,0.186
gaia50,734,"10""",pgsphere,1,1,8,0.024,0.051
gaia50,734,"10""",skycell-rw,1,1,5,0.036,0.02
gaia50,734,"10""",skycell,1,1,5,0.026,0.012
gaia50,734,"10""",q3c,1,1,401,2.459,0.522
gaia50,1200,6',skycell-rw,581,790,46,0.122,0.45
gaia50,1200,6',q3c,254,790,418,2.499,0.667
gaia50,1200,6',skycell,577,790,54,0.086,0.237
gaia50,1200,6',pgsphere,38,790,73,0.039,0.336
gaia50,1153,6',pgsphere,38,12,13,0.034,0.059
gaia50,1153,6',q3c,22,12,403,2.184,0.503
gaia50,1153,6',skycell,15,12,20,0.061,0.05
gaia50,1153,6',skycell-rw,15,12,20,0.057,0.028
gaia50,333,"1""",q3c,1,0,400,2.08,0.491
gaia50,333,"1""",pgsphere,1,0,8,0.082,0.05
gaia50,333,"1""",skycell-rw,1,0,4,0.051,0.019
gaia50,333,"1""",skycell,1,0,4,0.022,0.008
gaia50,793,"10""",skycell-rw,1,0,4,0.024,0.013
gaia50,793,"10""",skycell,1,0,4,0.015,0.006
gaia50,793,"10""",pgsphere,1,0,4,0.013,0.021
gaia50,793,"10""",q3c,1,0,400,2.55,0.452
gaia50,262,"1""",skycell,1,1,5,0.059,0.03
gaia50,262,"1""",skycell-rw,1,1,5,0.036,0.01
gaia50,262,"1""",pgsphere,1,1,7,0.016,0.037
gaia50,262,"1""",q3c,1,1,401,2.381,0.489
gaia50,1001,1',q3c,1,0,400,2.404,0.571
gaia50,1001,1',skycell,1,0,5,0.06,0.029
gaia50,1001,1',skycell-rw,1,0,5,0.037,0.011
gaia50,1001,1',pgsphere,1,0,8,0.033,0.05
gaia50,1033,1',skycell,1,0,11,0.035,0.03
gaia50,1033,1',q3c,1,0,400,2.47,0.505
gaia50,1033,1',pgsphere,1,0,8,0.051,0.048
gaia50,1033,1',skycell-rw,1,0,11,0.131,0.033
gaia50,720,"10""",skycell-rw,1,1,5,0.036,0.03
gaia50,720,"10""",skycell,1,1,5,0.021,0.01
gaia50,720,"10""",pgsphere,1,1,6,0.014,0.03
gaia50,720,"10""",q3c,1,1,401,2.381,0.484
gaia50,206,"1""",skycell-rw,1,1,5,0.069,0.027
gaia50,206,"1""",pgsphere,1,1,5,0.021,0.026
gaia50,206,"1""",q3c,1,1,401,2.397,0.463
gaia50,206,"1""",skycell,1,1,5,0.06,0.03
gaia50,1319,30',skycell,208,182,24,0.04,0.104
gaia50,1319,30',skycell-rw,209,182,26,0.063,10.027
gaia50,1319,30',pgsphere,952,182,32,0.068,0.204
gaia50,1319,30',q3c,110,182,408,4.491,0.949
gaia50,209,"1""",skycell,1,0,4,0.064,0.029
gaia50,209,"1""",skycell-rw,1,0,4,0.049,0.014
gaia50,209,"1""",pgsphere,1,0,6,0.019,0.033
gaia50,209,"1""",q3c,1,0,400,2.959,0.576
gaia50,687,"10""",q3c,1,0,400,2.519,0.571
gaia50,687,"10""",skycell-rw,1,0,5,0.079,0.033
gaia50,687,"10""",skycell,1,0,5,0.037,0.013
gaia50,687,"10""",pgsphere,1,0,4,0.019,0.027
gaia50,211,"1""",pgsphere,1,0,3,0.013,0.018
gaia50,211,"1""",q3c,1,0,400,2.774,0.604
gaia50,211,"1""",skycell-rw,1,0,4,0.1,0.054
gaia50,211,"1""",skycell,1,0,4,0.049,0.019
gaia50,1093,1',skycell-rw,1,1,5,0.039,0.029
gaia50,1093,1',pgsphere,1,1,6,0.029,0.04
gaia50,1093,1',q3c,1,1,401,2.676,0.579
gaia50,1093,1',skycell,1,1,5,0.061,0.037
gaia50,559,"10""",skycell,1,0,5,0.028,0.052
gaia50,559,"10""",skycell-rw,1,0,5,0.051,0.016
gaia50,559,"10""",pgsphere,1,0,6,0.034,0.043
gaia50,559,"10""",q3c,1,0,400,2.66,0.513
gaia50,86,"1""",q3c,1,1,401,2.609,0.531
gaia50,86,"1""",pgsphere,1,1,5,0.051,0.042
gaia50,86,"1""",skycell,1,1,5,0.103,0.037
gaia50,86,"1""",skycell-rw,1,1,5,0.044,0.014
gaia50,96,"1""",skycell-rw,1,1,5,0.033,0.018
gaia50,96,"1""",skycell,1,1,5,0.02,0.009
gaia50,96,"1""",pgsphere,1,1,6,0.017,0.035
gaia50,96,"1""",q3c,1,1,401,2.5,0.568
gaia50,170,"1""",q3c,1,1,401,2.546,0.567
gaia50,170,"1""",pgsphere,1,1,7,0.054,0.07
gaia50,170,"1""",skycell-rw,1,1,5,0.092,0.039
gaia50,170,"1""",skycell,1,1,5,0.063,0.123
gaia50,814,1',q3c,1,4,401,2.822,0.573
gaia50,814,1',pgsphere,1,4,6,0.053,0.051
gaia50,814,1',skycell,1,4,5,0.04,0.034
gaia50,814,1',skycell-rw,1,4,5,0.036,0.014
gaia50,963,1',q3c,1,1,401,2.607,0.515
gaia50,963,1',skycell,1,1,5,0.077,0.042
gaia50,963,1',skycell-rw,1,1,5,0.047,0.015
gaia50,963,1',pgsphere,1,1,6,0.029,0.043
gaia50,665,"10""",q3c,1,0,400,3.036,0.568
gaia50,665,"10""",skycell,1,0,5,0.062,0.032
gaia50,665,"10""",pgsphere,1,0,5,0.037,0.035
gaia50,665,"10""",skycell-rw,1,0,5,0.035,0.013
gaia50,621,"10""",skycell-rw,1,0,5,0.036,0.056
gaia50,621,"10""",skycell,1,0,5,0.026,0.011
gaia50,621,"10""",pgsphere,1,0,4,0.019,0.026
gaia50,621,"10""",q3c,1,0,400,2.649,0.533
gaia50,1181,6',skycell,37,28,17,0.067,0.075
gaia50,1181,6',skycell-rw,37,28,13,0.057,0.044
gaia50,1181,6',pgsphere,38,28,14,0.033,0.097
gaia50,1181,6',q3c,17,28,402,2.92,0.627
gaia50,1014,1',q3c,10,27,401,2.551,0.556
gaia50,1014,1',skycell-rw,17,27,14,0.093,0.098
gaia50,1014,1',pgsphere,1,27,14,0.027,0.069
gaia50,1014,1',skycell,17,27,23,0.029,0.028
gaia50,964,1',q3c,4,10,401,2.729,0.563
gaia50,964,1',pgsphere,1,10,6,0.053,0.049
gaia50,964,1',skycell,7,10,6,0.042,0.038
gaia50,964,1',skycell-rw,7,10,7,0.034,0.026
gaia50,295,"1""",q3c,1,0,400,3.091,0.502
gaia50,295,"1""",pgsphere,1,0,6,0.052,0.067
gaia50,295,"1""",skycell,1,0,4,0.042,0.061
gaia50,295,"1""",skycell-rw,1,0,4,0.042,0.01
gaia50,747,"10""",skycell,1,0,4,0.022,0.015
gaia50,747,"10""",pgsphere,1,0,4,0.016,0.024
gaia50,747,"10""",q3c,1,0,400,2.683,0.508
gaia50,747,"10""",skycell-rw,1,0,4,0.078,0.031
gaia50,623,"10""",q3c,1,0,400,2.269,0.537
gaia50,623,"10""",pgsphere,1,0,4,0.052,0.034
gaia50,623,"10""",skycell,1,0,5,0.037,0.026
gaia50,623,"10""",skycell-rw,1,0,5,0.033,0.009
gaia50,897,1',pgsphere,1,0,5,0.015,0.028
gaia50,897,1',skycell-rw,1,0,6,0.025,0.018
gaia50,897,1',q3c,1,0,400,3.161,0.513
gaia50,897,1',skycell,1,0,6,0.066,0.039
gaia50,614,"10""",skycell-rw,1,1,5,0.097,0.033
gaia50,614,"10""",skycell,1,1,5,0.035,0.016
gaia50,614,"10""",q3c,1,1,401,2.37,0.542
gaia50,614,"10""",pgsphere,1,1,5,0.055,0.056
gaia50,1148,6',skycell-rw,63,41,17,0.074,0.085
gaia50,1148,6',q3c,76,41,403,2.555,0.624
gaia50,1148,6',pgsphere,38,41,17,0.06,0.102
gaia50,1148,6',skycell,62,41,21,0.048,0.065
gaia50,1083,1',skycell-rw,1,1,6,0.1,0.037
gaia50,1083,1',q3c,1,1,401,2.672,0.521
gaia50,1083,1',pgsphere,1,1,5,0.059,0.042
gaia50,1083,1',skycell,1,1,6,0.039,0.028
gaia50,466,"10""",skycell,1,3,10,0.022,0.028
gaia50,466,"10""",skycell-rw,1,3,10,0.077,0.042
gaia50,466,"10""",pgsphere,1,3,5,0.029,0.035
gaia50,466,"10""",q3c,1,3,401,2.389,0.547
gaia50,190,"1""",q3c,1,1,401,2.551,0.523
gaia50,190,"1""",skycell,1,1,10,0.066,0.039
gaia50,190,"1""",skycell-rw,1,1,9,0.075,0.031
gaia50,190,"1""",pgsphere,1,1,5,0.023,0.035
gaia50,210,"1""",skycell-rw,1,1,9,0.043,0.025
gaia50,210,"1""",skycell,1,1,10,0.045,0.028
gaia50,210,"1""",pgsphere,1,1,7,0.022,0.039
gaia50,210,"1""",q3c,1,1,401,2.683,0.501
gaia50,1078,1',skycell,9,13,6,0.064,0.047
gaia50,1078,1',pgsphere,1,13,9,0.051,0.058
gaia50,1078,1',skycell-rw,9,13,7,0.049,0.166
gaia50,1078,1',q3c,2,13,402,2.597,0.514
gaia50,1300,6',skycell-rw,232,220,11,0.082,0.151
gaia50,1300,6',pgsphere,38,220,23,0.029,0.112
gaia50,1300,6',skycell,231,220,11,0.035,0.075
gaia50,1300,6',q3c,84,220,407,2.79,0.619
gaia50,864,1',skycell,1,1,5,0.114,0.045
gaia50,864,1',skycell-rw,1,1,5,0.061,0.019
gaia50,864,1',pgsphere,1,1,6,0.02,0.039
gaia50,864,1',q3c,1,1,401,2.672,0.538
gaia50,611,"10""",skycell-rw,1,0,4,0.074,0.028
gaia50,611,"10""",q3c,1,0,400,3.085,0.635
gaia50,611,"10""",pgsphere,1,0,5,0.128,0.063
gaia50,611,"10""",skycell,1,0,4,0.067,0.027
gaia50,1049,1',skycell,1,0,5,0.053,0.032
gaia50,1049,1',q3c,1,0,400,3.01,0.561
gaia50,1049,1',pgsphere,1,0,4,0.053,0.048
gaia50,1049,1',skycell-rw,1,0,5,0.053,0.026
gaia50,1176,6',skycell-rw,181,186,30,0.062,0.932
gaia50,1176,6',skycell,179,186,31,0.067,0.092
gaia50,1176,6',pgsphere,38,186,23,0.028,0.102
gaia50,1176,6',q3c,62,186,405,2.247,0.734
gaia50,495,"10""",pgsphere,1,0,6,0.055,0.049
gaia50,495,"10""",q3c,1,0,400,2.754,0.488
gaia50,495,"10""",skycell-rw,1,0,4,0.073,0.028
gaia50,495,"10""",skycell,1,0,4,0.028,0.01
gaia50,805,1',q3c,1,1,401,2.609,0.514
gaia50,805,1',skycell-rw,1,1,10,0.089,0.052
gaia50,805,1',pgsphere,1,1,6,0.028,0.053
gaia50,805,1',skycell,1,1,10,0.029,0.018
gaia50,276,"1""",skycell-rw,1,1,5,0.031,0.02
gaia50,276,"1""",pgsphere,1,1,5,0.037,0.043
gaia50,276,"1""",q3c,1,1,401,2.884,0.504
gaia50,276,"1""",skycell,1,1,5,0.063,0.035
gaia50,1125,6',pgsphere,38,11,9,0.034,0.054
gaia50,1125,6',skycell,4,11,7,0.026,0.036
gaia50,1125,6',skycell-rw,4,11,8,0.06,0.377
gaia50,1125,6',q3c,9,11,402,2.598,0.572
gaia50,16,"1""",skycell-rw,1,1,9,0.09,0.043
gaia50,16,"1""",pgsphere,1,1,5,0.039,0.082
gaia50,16,"1""",q3c,1,1,401,2.429,0.548
gaia50,16,"1""",skycell,1,1,9,0.064,0.037
gaia50,850,1',q3c,1,2,401,2.5,0.593
gaia50,850,1',skycell-rw,1,2,10,0.088,0.047
gaia50,850,1',skycell,1,2,10,0.033,0.017
gaia50,850,1',pgsphere,1,2,5,0.081,0.034
gaia50,889,1',pgsphere,1,1,7,0.015,0.051
gaia50,889,1',q3c,1,1,401,2.851,1.895
gaia50,889,1',skycell,1,1,6,0.063,0.052
gaia50,889,1',skycell-rw,1,1,6,0.059,0.026
gaia50,146,"1""",skycell,1,1,5,0.028,0.02
gaia50,146,"1""",skycell-rw,1,1,5,0.026,0.008
gaia50,146,"1""",pgsphere,1,1,7,0.017,0.041
gaia50,146,"1""",q3c,1,1,401,2.335,0.545
gaia50,158,"1""",q3c,1,1,401,2.717,0.53
gaia50,158,"1""",skycell,1,1,5,0.103,0.038
gaia50,158,"1""",skycell-rw,1,1,5,0.045,0.015
gaia50,158,"1""",pgsphere,1,1,5,0.031,0.035
gaia50,145,"1""",skycell-rw,1,0,8,0.062,0.039
gaia50,145,"1""",skycell,1,0,8,0.026,0.01
gaia50,145,"1""",pgsphere,1,0,4,0.016,0.025
gaia50,145,"1""",q3c,1,0,400,2.419,0.446
gaia50,204,"1""",skycell-rw,1,1,5,0.07,0.027
gaia50,204,"1""",skycell,1,1,5,0.029,0.011
gaia50,204,"1""",q3c,1,1,401,2.5,0.481
gaia50,204,"1""",pgsphere,1,1,6,0.091,0.046
gaia50,727,"10""",skycell,1,0,4,0.042,0.02
gaia50,727,"10""",pgsphere,1,0,4,0.017,0.023
gaia50,727,"10""",skycell-rw,1,0,4,0.033,0.009
gaia50,727,"10""",q3c,1,0,400,2.393,0.533
gaia50,648,"10""",q3c,1,1,401,2.569,0.601
gaia50,648,"10""",pgsphere,1,1,7,0.05,0.046
gaia50,648,"10""",skycell,1,1,5,0.035,0.06
gaia50,648,"10""",skycell-rw,1,1,5,0.061,0.018
gaia50,93,"1""",skycell,1,0,4,0.024,0.015
gaia50,93,"1""",pgsphere,1,0,4,0.015,0.023
gaia50,93,"1""",skycell-rw,1,0,4,0.025,0.007
gaia50,93,"1""",q3c,1,0,400,2.105,0.685
gaia50,1047,1',skycell-rw,1,0,5,0.072,0.033
gaia50,1047,1',q3c,1,0,400,2.631,0.538
gaia50,1047,1',skycell,1,0,5,0.069,0.037
gaia50,1047,1',pgsphere,1,0,3,0.032,0.024
gaia50,1085,1',q3c,1,0,400,3.098,0.514
gaia50,1085,1',pgsphere,1,0,5,0.048,0.115
gaia50,1085,1',skycell,1,0,10,0.052,0.039
gaia50,1085,1',skycell-rw,1,0,10,0.049,0.021
gaia50,414,"10""",skycell,1,1,5,0.026,0.022
gaia50,414,"10""",pgsphere,1,1,6,0.021,0.128
gaia50,414,"10""",q3c,1,1,401,2.548,0.525
gaia50,414,"10""",skycell-rw,1,1,5,0.068,0.061
gaia50,1289,6',skycell-rw,18,12,11,0.061,0.054
gaia50,1289,6',pgsphere,38,12,11,0.033,0.056
gaia50,1289,6',q3c,4,12,402,2.448,0.527
gaia50,1289,6',skycell,17,12,11,0.061,0.049
gaia50,683,"10""",skycell-rw,1,0,4,0.058,0.021
gaia50,683,"10""",pgsphere,1,0,4,0.019,0.024
gaia50,683,"10""",skycell,1,0,4,0.037,0.014
gaia50,683,"10""",q3c,1,0,400,2.837,0.647
gaia50,563,"10""",pgsphere,1,0,4,0.048,0.032
gaia50,563,"10""",skycell-rw,1,0,4,0.045,0.018
gaia50,563,"10""",q3c,1,0,400,2.653,0.487
gaia50,563,"10""",skycell,1,0,4,0.058,0.025
gaia50,22,"1""",q3c,1,1,401,2.357,0.58
gaia50,22,"1""",skycell-rw,1,1,5,0.073,0.033
gaia50,22,"1""",pgsphere,1,1,5,0.134,0.056
gaia50,22,"1""",skycell,1,1,5,0.083,0.032
gaia50,935,1',skycell-rw,1,3,10,0.074,0.057
gaia50,935,1',pgsphere,1,3,6,0.025,0.033
gaia50,935,1',q3c,1,3,401,2.522,0.481
gaia50,935,1',skycell,1,3,10,0.065,0.04
gaia50,1400,30',skycell,4558,5903,162,0.093,1.238
gaia50,1400,30',skycell-rw,4576,5903,148,0.172,1.098
gaia50,1400,30',pgsphere,952,5903,550,0.046,2.003
gaia50,1400,30',q3c,2402,5903,494,2.309,1.726
gaia50,1440,1deg,skycell-rw,610,660,35,0.113,0.237
gaia50,1440,1deg,pgsphere,3808,660,80,0.07,0.288
gaia50,1440,1deg,skycell,608,660,39,0.057,0.202
gaia50,1440,1deg,q3c,340,660,417,2.583,0.697
gaia50,1106,6',skycell-rw,18,26,14,0.124,0.079
gaia50,1106,6',q3c,15,26,403,2.627,0.535
gaia50,1106,6',skycell,18,26,8,0.061,0.054
gaia50,1106,6',pgsphere,38,26,9,0.025,0.044
gaia50,837,1',q3c,1,0,400,2.531,0.508
gaia50,837,1',skycell-rw,1,0,5,0.069,0.03
gaia50,837,1',pgsphere,1,0,4,0.062,0.029
gaia50,837,1',skycell,1,0,10,0.028,0.016
gaia50,1032,1',pgsphere,1,2,5,0.015,0.027
gaia50,1032,1',skycell,2,2,6,0.02,0.029
gaia50,1032,1',skycell-rw,2,2,6,0.03,0.015
gaia50,1032,1',q3c,1,2,402,2.747,0.59
gaia50,1376,30',skycell,13801,15364,306,0.124,3.237
gaia50,1376,30',skycell-rw,13808,15364,306,0.205,2.576
gaia50,1376,30',pgsphere,952,15364,1294,0.054,9.079
gaia50,1376,30',q3c,4825,15364,648,3.4,5.5
gaia50,1209,6',pgsphere,38,3,8,0.058,0.088
gaia50,1209,6',q3c,6,3,402,4.684,0.784
gaia50,1209,6',skycell-rw,4,3,6,0.105,0.079
gaia50,1209,6',skycell,4,3,6,0.061,0.032
gaia50,517,"10""",skycell,1,0,4,0.039,0.051
gaia50,517,"10""",skycell-rw,1,0,4,0.053,0.013
gaia50,517,"10""",pgsphere,1,0,5,0.041,0.044
gaia50,517,"10""",q3c,1,0,400,4.3,0.742
gaia50,943,1',skycell-rw,1,0,5,0.085,0.034
gaia50,943,1',q3c,1,0,400,3.32,0.512
gaia50,943,1',pgsphere,1,0,4,0.047,0.034
gaia50,943,1',skycell,1,0,5,0.123,0.031
gaia50,1318,30',q3c,1653,9127,545,2.66,2.485
gaia50,1318,30',pgsphere,952,9127,866,0.046,2.527
gaia50,1318,30',skycell-rw,9467,9127,209,0.195,1.771
gaia50,1318,30',skycell,9457,9127,209,0.104,1.675
gaia50,21,"1""",q3c,1,0,400,2.535,0.52
gaia50,21,"1""",skycell,1,0,4,0.058,0.025
gaia50,21,"1""",skycell-rw,1,0,4,0.05,0.013
gaia50,21,"1""",pgsphere,1,0,4,0.018,0.024
gaia50,632,"10""",skycell-rw,1,1,5,0.027,0.024
gaia50,632,"10""",q3c,1,1,401,2.547,0.547
gaia50,632,"10""",pgsphere,1,1,7,0.046,0.058
gaia50,632,"10""",skycell,1,1,5,0.047,0.023
gaia50,306,"1""",pgsphere,1,1,10,0.051,0.063
gaia50,306,"1""",skycell-rw,1,1,5,0.059,0.025
gaia50,306,"1""",skycell,1,1,5,0.029,0.013
gaia50,306,"1""",q3c,1,1,401,3.368,0.653
gaia50,1420,1deg,pgsphere,3808,3719,362,0.047,1.159
gaia50,1420,1deg,skycell,4149,3719,169,0.094,0.814
gaia50,1420,1deg,skycell-rw,4153,3719,118,0.151,0.708
gaia50,1420,1deg,q3c,882,3719,471,2.627,1.306
gaia50,1017,1',q3c,1,0,400,2.757,0.542
gaia50,1017,1',skycell,1,0,10,0.074,0.05
gaia50,1017,1',skycell-rw,1,0,11,0.104,0.922
gaia50,1017,1',pgsphere,1,0,7,0.059,0.06
gaia50,310,"1""",q3c,1,1,401,3.841,0.845
gaia50,310,"1""",skycell,1,1,5,0.161,0.05
gaia50,310,"1""",skycell-rw,1,1,5,0.081,0.032
gaia50,310,"1""",pgsphere,1,1,6,0.088,0.055
gaia50,40,"1""",skycell-rw,1,1,9,0.099,0.073
gaia50,40,"1""",skycell,1,1,9,0.064,0.035
gaia50,40,"1""",q3c,1,1,401,3.608,0.862
gaia50,40,"1""",pgsphere,1,1,8,0.057,0.062
gaia50,1324,30',q3c,2204,8926,541,2.986,2.693
gaia50,1324,30',pgsphere,952,8926,737,0.055,3.311
gaia50,1324,30',skycell,7952,8926,241,0.116,2.627
gaia50,1324,30',skycell-rw,7882,8926,230,0.267,1.988
gaia50,97,"1""",pgsphere,1,0,7,0.048,0.053
gaia50,97,"1""",skycell,1,0,4,0.037,0.081
gaia50,97,"1""",skycell-rw,1,0,4,0.043,0.009
gaia50,97,"1""",q3c,1,0,400,2.811,0.572
gaia50,1220,6',q3c,46,81,404,4.127,0.899
gaia50,1220,6',skycell-rw,135,81,19,0.116,0.127
gaia50,1220,6',skycell,135,81,23,0.071,0.085
gaia50,1220,6',pgsphere,38,81,21,0.038,0.134
gaia50,615,"10""",skycell,1,0,4,0.059,0.044
gaia50,615,"10""",q3c,1,0,400,3.201,0.749
gaia50,615,"10""",pgsphere,1,0,6,0.167,0.058
gaia50,615,"10""",skycell-rw,1,0,4,0.073,0.024
gaia50,505,"10""",q3c,1,0,400,3.35,0.809
gaia50,505,"10""",skycell,1,0,5,0.071,0.04
gaia50,505,"10""",pgsphere,1,0,4,0.038,0.039
gaia50,505,"10""",skycell-rw,1,0,5,0.063,0.027
gaia50,1077,1',q3c,1,0,400,3.695,0.78
gaia50,1077,1',skycell-rw,1,0,5,0.071,0.048
gaia50,1077,1',pgsphere,1,0,6,0.044,0.048
gaia50,1077,1',skycell,1,0,5,0.063,0.035
gaia50,344,"1""",skycell-rw,1,1,9,0.129,0.04
gaia50,344,"1""",skycell,1,1,9,0.037,0.017
gaia50,344,"1""",q3c,1,1,401,3.472,0.715
gaia50,344,"1""",pgsphere,1,1,6,0.063,0.06
gaia50,1381,30',pgsphere,952,70,19,0.031,0.126
gaia50,1381,30',skycell,92,70,32,0.098,0.132
gaia50,1381,30',q3c,55,70,407,3.873,0.865
gaia50,1381,30',skycell-rw,93,70,27,0.156,0.134
gaia50,464,"10""",pgsphere,1,1,7,0.049,0.058
gaia50,464,"10""",skycell-rw,1,1,5,0.071,0.028
gaia50,464,"10""",skycell,1,1,5,0.096,0.028
gaia50,464,"10""",q3c,1,1,401,3.622,0.692
gaia50,875,1',skycell-rw,1,0,6,0.102,0.043
gaia50,875,1',q3c,1,0,400,3.089,0.744
gaia50,875,1',pgsphere,1,0,6,0.05,0.043
gaia50,875,1',skycell,1,0,6,0.036,0.027
gaia50,456,"10""",pgsphere,1,1,5,0.021,0.031
gaia50,456,"10""",skycell,1,1,5,0.021,0.018
gaia50,456,"10""",q3c,1,1,401,2.839,0.57
gaia50,456,"10""",skycell-rw,1,1,5,0.07,0.029
gaia50,1413,1deg,skycell-rw,253,256,28,0.068,0.233
gaia50,1413,1deg,q3c,201,256,407,2.456,0.708
gaia50,1413,1deg,skycell,253,256,33,0.069,0.111
gaia50,1413,1deg,pgsphere,3808,256,41,0.029,0.133
gaia50,250,"1""",pgsphere,1,1,6,0.016,0.025
gaia50,250,"1""",q3c,1,1,401,2.503,0.833
gaia50,250,"1""",skycell-rw,1,1,5,0.096,0.04
gaia50,250,"1""",skycell,1,1,5,0.057,0.032
gaia50,757,"10""",pgsphere,1,0,4,0.048,0.033
gaia50,757,"10""",skycell-rw,1,0,4,0.119,0.031
gaia50,757,"10""",skycell,1,0,4,0.056,0.024
gaia50,757,"10""",q3c,1,0,400,3.358,0.742
gaia50,132,"1""",q3c,1,1,401,4.502,0.96
gaia50,132,"1""",pgsphere,1,1,6,0.075,0.06
gaia50,132,"1""",skycell-rw,1,1,5,0.087,0.053
gaia50,132,"1""",skycell,1,1,5,0.053,0.054
gaia50,1147,6',skycell-rw,9,6,5,0.06,0.04
gaia50,1147,6',q3c,2,6,401,3.186,0.483
gaia50,1147,6',skycell,8,6,5,0.151,0.039
gaia50,1147,6',pgsphere,38,6,7,0.031,0.04
gaia50,1272,6',skycell-rw,59,66,19,0.083,0.101
gaia50,1272,6',q3c,13,66,406,2.484,0.508
gaia50,1272,6',skycell,59,66,22,0.078,0.099
gaia50,1272,6',pgsphere,38,66,18,0.031,0.084
gaia50,1244,6',pgsphere,38,143,33,0.031,0.135
gaia50,1244,6',skycell,157,143,22,0.044,0.098
gaia50,1244,6',skycell-rw,158,143,24,0.061,1.106
gaia50,1244,6',q3c,45,143,407,3.699,0.663
gaia50,1388,30',skycell-rw,1794,1289,62,0.166,0.425
gaia50,1388,30',pgsphere,952,1289,162,0.041,0.564
gaia50,1388,30',skycell,1790,1289,75,0.085,0.315
gaia50,1388,30',q3c,666,1289,428,3.725,0.954
gaia50,1156,6',pgsphere,38,61,24,0.054,0.113
gaia50,1156,6',skycell,55,61,18,0.05,0.088
gaia50,1156,6',q3c,3,61,404,4.75,0.687
gaia50,1156,6',skycell-rw,59,61,15,0.107,0.103
gaia50,1294,6',skycell,327,685,41,0.08,0.304
gaia50,1294,6',q3c,97,685,420,2.842,0.79
gaia50,1294,6',skycell-rw,329,685,38,0.107,0.24
gaia50,1294,6',pgsphere,38,685,77,0.03,0.307
gaia50,653,"10""",skycell,1,0,5,0.04,0.021
gaia50,653,"10""",pgsphere,1,0,5,0.017,0.028
gaia50,653,"10""",skycell-rw,1,0,5,0.054,0.022
gaia50,653,"10""",q3c,1,0,400,2.816,0.568
gaia50,625,"10""",skycell-rw,1,0,4,0.067,0.023
gaia50,625,"10""",pgsphere,1,0,5,0.025,0.031
gaia50,625,"10""",skycell,1,0,4,0.025,0.01
gaia50,625,"10""",q3c,1,0,400,3.384,0.575
gaia50,834,1',q3c,2,11,401,2.633,0.658
gaia50,834,1',skycell-rw,7,11,15,0.125,0.076
gaia50,834,1',skycell,7,11,15,0.077,0.05
gaia50,834,1',pgsphere,1,11,12,0.041,0.059
gaia50,139,"1""",skycell,1,0,8,0.051,0.043
gaia50,139,"1""",pgsphere,1,0,6,0.031,0.075
gaia50,139,"1""",skycell-rw,1,0,8,0.06,0.021
gaia50,139,"1""",q3c,1,0,400,2.187,0.486
gaia50,245,"1""",skycell,1,0,4,0.055,0.025
gaia50,245,"1""",pgsphere,1,0,4,0.03,0.026
gaia50,245,"1""",skycell-rw,1,0,4,0.033,0.01
gaia50,245,"1""",q3c,1,0,400,2.727,0.536
gaia50,926,1',q3c,2,12,402,2.854,0.767
gaia50,926,1',pgsphere,1,12,7,0.047,0.054
gaia50,926,1',skycell,9,12,7,0.041,0.032
gaia50,926,1',skycell-rw,9,12,7,0.036,0.018
gaia50,450,"10""",skycell-rw,1,1,5,0.031,0.017
gaia50,450,"10""",q3c,1,1,401,2.321,0.586
gaia50,450,"10""",skycell,1,1,5,0.057,0.029
gaia50,450,"10""",pgsphere,1,1,5,0.109,0.036
gaia50,758,"10""",skycell-rw,1,1,10,0.062,0.038
gaia50,758,"10""",skycell,1,1,10,0.035,0.016
gaia50,758,"10""",q3c,1,1,401,2.33,0.523
gaia50,758,"10""",pgsphere,1,1,8,0.047,0.053
gaia50,50,"1""",skycell-rw,1,1,5,0.045,0.022
gaia50,50,"1""",q3c,1,1,401,2.858,0.508
gaia50,50,"1""",pgsphere,1,1,5,0.047,0.046
gaia50,50,"1""",skycell,1,1,5,0.047,0.029
gaia50,240,"1""",skycell-rw,1,1,9,0.068,0.036
gaia50,240,"1""",pgsphere,1,1,5,0.029,0.03
gaia50,240,"1""",q3c,1,1,401,2.478,0.898
gaia50,240,"1""",skycell,1,1,9,0.072,0.037
gaia50,443,"10""",q3c,1,0,400,2.791,0.583
gaia50,443,"10""",skycell,1,0,5,0.084,0.037
gaia50,443,"10""",pgsphere,1,0,3,0.03,0.026
gaia50,443,"10""",skycell-rw,1,0,5,0.038,0.013
gaia50,836,1',q3c,2,14,402,2.678,0.597
gaia50,836,1',skycell,13,14,12,0.064,0.07
gaia50,836,1',skycell-rw,14,14,8,0.044,0.035
gaia50,836,1',pgsphere,1,14,8,0.018,0.047
gaia50,100,"1""",skycell,1,1,10,0.034,0.025
gaia50,100,"1""",pgsphere,1,1,8,0.018,0.046
gaia50,100,"1""",q3c,1,1,401,2.427,0.573
gaia50,100,"1""",skycell-rw,1,1,9,0.088,0.04
gaia50,750,"10""",pgsphere,1,2,7,0.027,0.059
gaia50,750,"10""",skycell-rw,1,2,5,0.049,0.026
gaia50,750,"10""",skycell,1,2,5,0.025,0.014
gaia50,750,"10""",q3c,1,2,401,2.819,0.545
gaia50,241,"1""",q3c,1,0,400,2.535,0.598
gaia50,241,"1""",skycell,1,0,4,0.065,0.027
gaia50,241,"1""",pgsphere,1,0,7,0.028,0.042
gaia50,241,"1""",skycell-rw,1,0,4,0.034,0.009
gaia50,264,"1""",skycell-rw,1,1,5,0.025,0.02
gaia50,264,"1""",q3c,1,1,401,2.745,0.611
gaia50,264,"1""",skycell,1,1,5,0.062,0.033
gaia50,264,"1""",pgsphere,1,1,5,0.027,0.031
gaia50,742,"10""",skycell,1,1,5,0.025,0.025
gaia50,742,"10""",pgsphere,1,1,5,0.014,0.024
gaia50,742,"10""",q3c,1,1,401,2.458,0.522
gaia50,742,"10""",skycell-rw,1,1,5,0.077,0.036
gaia50,161,"1""",skycell,1,0,8,0.043,0.021
gaia50,161,"1""",pgsphere,1,0,9,0.022,0.052
gaia50,161,"1""",q3c,1,0,400,2.823,0.529
gaia50,161,"1""",skycell-rw,1,0,8,0.087,0.032
gaia50,1082,1',q3c,4,3,401,2.688,0.566
gaia50,1082,1',skycell-rw,2,3,6,0.084,0.055
gaia50,1082,1',pgsphere,1,3,7,0.086,0.05
gaia50,1082,1',skycell,2,3,6,0.035,0.03
gaia50,394,"1""",skycell,1,1,5,0.042,0.028
gaia50,394,"1""",skycell-rw,1,1,5,0.055,0.025
gaia50,394,"1""",q3c,1,1,401,2.512,0.612
gaia50,394,"1""",pgsphere,1,1,6,0.066,0.079
gaia50,253,"1""",q3c,1,0,400,2.373,0.572
gaia50,253,"1""",pgsphere,1,0,6,0.052,0.054
gaia50,253,"1""",skycell,1,0,4,0.064,0.031
gaia50,253,"1""",skycell-rw,1,0,4,0.069,0.021
gaia50,1043,1',q3c,1,0,400,3.055,0.582
gaia50,1043,1',skycell-rw,1,0,5,0.081,0.038
gaia50,1043,1',pgsphere,1,0,12,0.024,0.068
gaia50,1043,1',skycell,1,0,5,0.031,0.013
gaia50,59,"1""",skycell-rw,1,0,8,0.051,0.038
gaia50,59,"1""",skycell,1,0,8,0.022,0.01
gaia50,59,"1""",q3c,1,0,400,2.729,0.562
gaia50,59,"1""",pgsphere,1,0,5,0.054,0.04
gaia50,549,"10""",q3c,1,0,400,2.658,0.586
gaia50,549,"10""",skycell,1,0,4,0.065,0.031
gaia50,549,"10""",pgsphere,1,0,4,0.027,0.029
gaia50,549,"10""",skycell-rw,1,0,4,0.034,0.01
gaia50,1266,6',skycell-rw,7,3,12,0.043,0.046
gaia50,1266,6',skycell,7,3,12,0.023,0.089
gaia50,1266,6',q3c,2,3,402,2.926,0.564
gaia50,1266,6',pgsphere,38,3,5,0.053,0.044
gaia50,1192,6',q3c,33,224,407,2.876,0.675
gaia50,1192,6',skycell-rw,164,224,28,0.114,0.176
gaia50,1192,6',pgsphere,38,224,49,0.027,0.215
gaia50,1192,6',skycell,163,224,19,0.048,0.074
gaia50,659,"10""",pgsphere,1,0,7,0.02,0.059
gaia50,659,"10""",skycell-rw,1,0,8,0.055,0.027
gaia50,659,"10""",skycell,1,0,8,0.022,0.009
gaia50,659,"10""",q3c,1,0,400,2.627,0.613
gaia50,1280,6',q3c,32,98,405,2.97,1.038
gaia50,1280,6',skycell-rw,120,98,11,0.085,0.128
gaia50,1280,6',skycell,120,98,20,0.104,0.077
gaia50,1280,6',pgsphere,38,98,25,0.033,0.122
gaia50,1250,6',q3c,3,18,401,2.661,0.635
gaia50,1250,6',skycell-rw,18,18,5,0.077,0.045
gaia50,1250,6',skycell,18,18,5,0.058,0.038
gaia50,1250,6',pgsphere,38,18,7,0.035,0.053
gaia50,594,"10""",pgsphere,1,1,8,0.016,0.037
gaia50,594,"10""",skycell-rw,1,1,9,0.052,0.095
gaia50,594,"10""",q3c,1,1,401,2.914,0.547
gaia50,594,"10""",skycell,1,1,10,0.065,0.036
gaia50,898,1',skycell-rw,1,2,5,0.096,0.027
gaia50,898,1',skycell,1,2,5,0.026,0.013
gaia50,898,1',q3c,1,2,401,2.518,0.581
gaia50,898,1',pgsphere,1,2,7,0.054,0.056
gaia50,536,"10""",q3c,1,1,401,2.237,0.725
gaia50,536,"10""",pgsphere,1,1,7,0.054,0.047
gaia50,536,"10""",skycell-rw,1,1,5,0.05,0.026
gaia50,536,"10""",skycell,1,1,5,0.043,0.022
gaia50,399,"1""",pgsphere,1,0,4,0.026,0.03
gaia50,399,"1""",skycell,1,0,4,0.025,0.018
gaia50,399,"1""",skycell-rw,1,0,4,0.05,0.015
gaia50,399,"1""",q3c,1,0,400,2.679,0.642
gaia50,1455,3deg,pgsphere,34262,27702,957,0.053,8.821
gaia50,1455,3deg,q3c,13800,27702,828,2.513,5.698
gaia50,1455,3deg,skycell,21164,27702,516,0.135,5.587
gaia50,1455,3deg,skycell-rw,21178,27702,516,0.299,4.596
gaia50,947,1',skycell,1,0,5,0.062,0.029
gaia50,947,1',q3c,1,0,400,2.727,0.599
gaia50,947,1',pgsphere,1,0,5,0.059,0.041
gaia50,947,1',skycell-rw,1,0,5,0.048,0.026
gaia50,711,"10""",q3c,1,0,400,2.758,0.577
gaia50,711,"10""",skycell-rw,1,0,9,0.129,0.042
gaia50,711,"10""",skycell,1,0,9,0.056,0.027
gaia50,711,"10""",pgsphere,1,0,5,0.026,0.031
gaia50,989,1',q3c,1,0,400,2.737,0.607
gaia50,989,1',skycell-rw,1,0,5,0.081,0.035
gaia50,989,1',skycell,1,0,5,0.03,0.013
gaia50,989,1',pgsphere,1,0,5,0.023,0.037
gaia50,804,1',pgsphere,1,2,5,0.014,0.024
gaia50,804,1',skycell,1,2,5,0.021,0.018
gaia50,804,1',q3c,1,2,401,2.629,0.665
gaia50,804,1',skycell-rw,1,2,5,0.108,0.052
gaia50,562,"10""",skycell-rw,1,1,10,0.113,0.067
gaia50,562,"10""",pgsphere,1,1,6,0.06,0.053
gaia50,562,"10""",skycell,1,1,10,0.069,0.036
gaia50,562,"10""",q3c,1,1,401,2.701,0.599
gaia50,258,"1""",skycell,1,1,5,0.077,0.073
gaia50,258,"1""",q3c,1,1,401,2.42,0.594
gaia50,258,"1""",skycell-rw,1,1,5,0.074,0.033
gaia50,258,"1""",pgsphere,1,1,6,0.023,0.039
gaia50,222,"1""",skycell,1,1,5,0.027,0.024
gaia50,222,"1""",pgsphere,1,1,5,0.014,0.025
gaia50,222,"1""",skycell-rw,1,1,5,0.026,0.009
gaia50,222,"1""",q3c,1,1,401,2.293,0.592
gaia50,1261,6',pgsphere,38,89,20,0.051,0.092
gaia50,1261,6',skycell-rw,74,89,18,0.091,0.101
gaia50,1261,6',skycell,74,89,18,0.043,0.062
gaia50,1261,6',q3c,24,89,405,2.636,0.655
gaia50,1421,1deg,skycell,6623,4556,141,0.174,1.978
gaia50,1421,1deg,pgsphere,3808,4556,509,0.07,2.581
gaia50,1421,1deg,skycell-rw,6638,4556,137,0.209,0.946
gaia50,1421,1deg,q3c,2665,4556,482,2.799,1.553
gaia50,448,"10""",q3c,1,1,401,5.666,0.631
gaia50,448,"10""",skycell-rw,1,1,10,0.088,0.059
gaia50,448,"10""",pgsphere,1,1,7,0.044,0.057
gaia50,448,"10""",skycell,1,1,10,0.042,0.024
gaia50,82,"1""",skycell-rw,1,1,5,0.037,0.028
gaia50,82,"1""",pgsphere,1,1,6,0.017,0.035
gaia50,82,"1""",q3c,1,1,401,2.808,0.581
gaia50,82,"1""",skycell,1,1,5,0.062,0.033
gaia50,476,"10""",pgsphere,1,4,5,0.029,0.054
gaia50,476,"10""",q3c,1,4,401,3.07,0.612
gaia50,476,"10""",skycell-rw,1,4,5,0.072,0.046
gaia50,476,"10""",skycell,1,4,5,0.035,0.016
gaia50,1210,6',skycell,17,17,7,0.026,0.037
gaia50,1210,6',q3c,9,17,403,2.369,0.574
gaia50,1210,6',skycell-rw,17,17,8,0.069,0.392
gaia50,1210,6',pgsphere,38,17,7,0.041,0.048
gaia50,1226,6',skycell-rw,371,375,37,0.085,0.178
gaia50,1226,6',q3c,140,375,412,2.475,0.684
gaia50,1226,6',pgsphere,38,375,66,0.047,0.216
gaia50,1226,6',skycell,367,375,41,0.051,0.144
gaia50,668,"10""",skycell-rw,1,1,5,0.103,0.038
gaia50,668,"10""",skycell,1,1,5,0.025,0.01
gaia50,668,"10""",pgsphere,1,1,7,0.028,0.046
gaia50,668,"10""",q3c,1,1,401,2.254,0.604
gaia50,251,"1""",pgsphere,1,0,4,0.049,0.033
gaia50,251,"1""",skycell-rw,1,0,4,0.047,0.02
gaia50,251,"1""",skycell,1,0,4,0.022,0.009
gaia50,251,"1""",q3c,1,0,400,2.346,0.596
gaia50,709,"10""",skycell,1,0,8,0.131,0.035
gaia50,709,"10""",q3c,1,0,400,2.633,0.551
gaia50,709,"10""",pgsphere,1,0,4,0.05,0.038
gaia50,709,"10""",skycell-rw,1,0,8,0.089,0.029
gaia50,202,"1""",q3c,1,1,401,2.503,0.531
gaia50,202,"1""",skycell,1,1,10,0.059,0.032
gaia50,202,"1""",pgsphere,1,1,6,0.029,0.038
gaia50,202,"1""",skycell-rw,1,1,9,0.047,0.024
gaia50,430,"10""",q3c,1,1,402,2.473,0.586
gaia50,430,"10""",skycell,1,1,5,0.056,0.031
gaia50,430,"10""",skycell-rw,1,1,5,0.051,0.017
gaia50,430,"10""",pgsphere,1,1,7,0.025,0.04
gaia50,819,1',skycell,1,0,5,0.025,0.018
gaia50,819,1',pgsphere,1,0,4,0.013,0.021
gaia50,819,1',skycell-rw,1,0,5,0.026,0.007
gaia50,819,1',q3c,1,0,400,2.469,0.565
gaia50,307,"1""",skycell-rw,1,0,4,0.074,0.024
gaia50,307,"1""",skycell,1,0,4,0.039,0.015
gaia50,307,"1""",pgsphere,1,0,6,0.024,0.038
gaia50,307,"1""",q3c,1,0,400,2.876,0.604
gaia50,846,1',q3c,1,11,403,2.422,0.585
gaia50,846,1',skycell,6,11,10,0.06,0.061
gaia50,846,1',pgsphere,1,11,8,0.039,0.054
gaia50,846,1',skycell-rw,6,11,11,0.075,0.618
gaia50,525,"10""",skycell-rw,1,0,5,0.064,0.026
gaia50,525,"10""",skycell,1,0,5,0.026,0.011
gaia50,525,"10""",q3c,1,0,401,2.442,0.569
gaia50,525,"10""",pgsphere,1,0,4,0.05,0.037
gaia50,785,"10""",q3c,1,0,400,2.414,0.698
gaia50,785,"10""",pgsphere,1,0,4,0.054,0.035
gaia50,785,"10""",skycell-rw,1,0,8,0.08,0.029
gaia50,785,"10""",skycell,1,0,8,0.031,0.012
gaia50,860,1',skycell-rw,1,1,5,0.031,0.023
gaia50,860,1',q3c,1,1,401,3.152,0.581
gaia50,860,1',pgsphere,1,1,8,0.045,0.06
gaia50,860,1',skycell,1,1,5,0.039,0.025
gaia50,1030,1',pgsphere,1,10,10,0.02,0.04
gaia50,1030,1',q3c,5,10,401,2.595,0.588
gaia50,1030,1',skycell,7,10,6,0.061,0.046
gaia50,1030,1',skycell-rw,7,10,6,0.039,0.03
gaia50,877,1',pgsphere,1,0,7,0.067,0.075
gaia50,877,1',skycell,2,0,10,0.047,0.033
gaia50,877,1',q3c,1,0,401,5.63,0.867
gaia50,877,1',skycell-rw,3,0,10,0.085,0.04
gaia50,640,"10""",skycell-rw,1,1,5,0.05,0.027
gaia50,640,"10""",skycell,1,1,5,0.044,0.023
gaia50,640,"10""",q3c,1,1,401,2.492,0.557
gaia50,640,"10""",pgsphere,1,1,6,0.053,0.046
gaia50,257,"1""",pgsphere,1,0,6,0.023,0.035
gaia50,257,"1""",q3c,1,0,400,2.34,0.55
gaia50,257,"1""",skycell-rw,1,0,16,0.105,0.04
gaia50,257,"1""",skycell,1,0,16,0.082,0.023
gaia50,987,1',pgsphere,1,1,7,0.029,0.042
gaia50,987,1',skycell,1,1,10,0.026,0.03
gaia50,987,1',q3c,1,1,401,2.697,0.519
gaia50,987,1',skycell-rw,1,1,9,0.081,0.04
gaia50,1064,1',skycell,1,2,11,0.047,0.033
gaia50,1064,1',q3c,1,2,401,2.839,0.559
gaia50,1064,1',pgsphere,1,2,5,0.049,0.041
gaia50,1064,1',skycell-rw,1,2,7,0.092,0.344
gaia50,1409,1deg,pgsphere,3808,2646,247,0.04,0.859
gaia50,1409,1deg,q3c,722,2646,450,4.179,1.296
gaia50,1409,1deg,skycell-rw,3996,2646,93,0.171,0.581
gaia50,1409,1deg,skycell,3986,2646,126,0.09,0.541
gaia50,566,"10""",q3c,1,1,401,2.675,0.79
gaia50,566,"10""",skycell-rw,1,1,10,0.079,0.042
gaia50,566,"10""",skycell,1,1,10,0.047,0.026
gaia50,566,"10""",pgsphere,1,1,6,0.035,0.052
gaia50,1071,1',skycell,3,1,10,0.044,0.035
gaia50,1071,1',q3c,1,1,401,2.456,0.519
gaia50,1071,1',pgsphere,1,1,7,0.055,0.047
gaia50,1071,1',skycell-rw,4,1,10,0.062,0.036
gaia50,1228,6',pgsphere,38,545,68,0.026,0.324
gaia50,1228,6',skycell-rw,511,545,31,0.075,0.215
gaia50,1228,6',skycell,511,545,46,0.061,0.143
gaia50,1228,6',q3c,145,545,418,2.538,0.761
gaia50,1354,30',skycell-rw,4541,3827,121,0.168,0.866
gaia50,1354,30',q3c,1056,3827,470,2.643,1.461
gaia50,1354,30',skycell,4533,3827,134,0.099,0.808
gaia50,1354,30',pgsphere,952,3827,379,0.038,1.197
gaia50,46,"1""",q3c,1,1,401,2.635,0.525
gaia50,46,"1""",skycell,1,1,5,0.073,0.04
gaia50,46,"1""",pgsphere,1,1,6,0.041,0.05
gaia50,46,"1""",skycell-rw,1,1,5,0.066,0.027
gaia50,1023,1',pgsphere,1,0,4,0.023,0.026
gaia50,1023,1',q3c,1,0,400,2.599,0.51
gaia50,1023,1',skycell-rw,1,0,5,0.067,0.031
gaia50,1023,1',skycell,1,0,5,0.051,0.025
gaia50,1069,1',q3c,1,0,401,2.135,0.557
gaia50,1069,1',pgsphere,1,0,5,0.084,0.041
gaia50,1069,1',skycell-rw,1,0,5,0.057,0.023
gaia50,1069,1',skycell,1,0,5,0.024,0.01
gaia50,848,1',q3c,1,2,401,2.826,0.512
gaia50,848,1',skycell,1,2,10,0.057,0.034
gaia50,848,1',pgsphere,1,2,5,0.029,0.078
gaia50,848,1',skycell-rw,1,2,9,0.062,0.027
gaia50,1304,30',skycell,2155,1506,89,0.081,0.46
gaia50,1304,30',q3c,1028,1506,433,2.275,0.877
gaia50,1304,30',skycell-rw,2172,1506,77,0.175,0.479
gaia50,1304,30',pgsphere,952,1506,186,0.042,0.646
gaia50,1431,1deg,q3c,225,306,412,2.131,0.745
gaia50,1431,1deg,pgsphere,3808,306,46,0.05,0.188
gaia50,1431,1deg,skycell,368,306,26,0.054,0.121
gaia50,1431,1deg,skycell-rw,369,306,18,0.061,0.102
gaia50,651,"10""",q3c,1,0,400,2.135,0.528
gaia50,651,"10""",pgsphere,1,0,6,0.048,0.042
gaia50,651,"10""",skycell,1,0,4,0.046,0.023
gaia50,651,"10""",skycell-rw,1,0,4,0.034,0.009
gaia50,692,"10""",pgsphere,1,1,6,0.017,0.038
gaia50,692,"10""",skycell-rw,1,1,10,0.073,0.036
gaia50,692,"10""",q3c,1,1,402,2.245,0.509
gaia50,692,"10""",skycell,1,1,10,0.054,0.033
gaia50,19,"1""",skycell,1,0,12,0.034,0.016
gaia50,19,"1""",q3c,1,0,400,2.364,0.514
gaia50,19,"1""",skycell-rw,1,0,12,0.086,0.037
gaia50,19,"1""",pgsphere,1,0,5,0.04,0.033
gaia50,60,"1""",skycell,1,1,5,0.046,0.026
gaia50,60,"1""",pgsphere,1,1,5,0.022,0.032
gaia50,60,"1""",skycell-rw,1,1,5,0.03,0.01
gaia50,60,"1""",q3c,1,1,401,2.338,0.521
gaia50,696,"10""",q3c,1,1,401,2.27,0.571
gaia50,696,"10""",skycell-rw,1,1,5,0.068,0.039
gaia50,696,"10""",pgsphere,1,1,5,0.054,0.035
gaia50,696,"10""",skycell,1,1,5,0.027,0.014
gaia50,1434,1deg,q3c,16876,44142,1118,2.552,8.524
gaia50,1434,1deg,skycell,42763,44142,764,0.107,7.918
gaia50,1434,1deg,pgsphere,3808,44142,3759,0.044,12.601
gaia50,1434,1deg,skycell-rw,42755,44142,764,0.227,7.441
gaia50,592,"10""",pgsphere,1,1,5,0.048,0.037
gaia50,592,"10""",skycell-rw,1,1,10,0.057,0.066
gaia50,592,"10""",skycell,1,1,10,0.03,0.015
gaia50,592,"10""",q3c,1,1,401,2.406,0.621
gaia50,1427,1deg,pgsphere,3808,63605,5127,0.046,15.608
gaia50,1427,1deg,skycell,50382,63605,1044,0.109,11.444
gaia50,1427,1deg,skycell-rw,50365,63605,1044,0.245,10.726
gaia50,1427,1deg,q3c,15732,63605,1388,2.767,12.345
gaia50,239,"1""",skycell-rw,1,0,8,0.102,0.041
gaia50,239,"1""",q3c,1,0,400,2.66,0.659
gaia50,239,"1""",skycell,1,0,8,0.068,0.03
gaia50,239,"1""",pgsphere,1,0,7,0.044,0.044
gaia50,581,"10""",pgsphere,1,0,4,0.016,0.021
gaia50,581,"10""",skycell,1,0,5,0.026,0.021
gaia50,581,"10""",q3c,1,0,400,2.404,0.575
gaia50,581,"10""",skycell-rw,1,0,5,0.079,0.033
gaia50,911,1',pgsphere,1,0,4,0.035,0.028
gaia50,911,1',skycell-rw,1,0,5,0.035,0.02
gaia50,911,1',q3c,1,0,400,2.75,0.676
gaia50,911,1',skycell,1,0,5,0.065,0.032
gaia50,1185,6',q3c,2,5,401,2.806,0.694
gaia50,1185,6',skycell,6,5,6,0.114,0.05
gaia50,1185,6',pgsphere,38,5,7,0.05,0.082
gaia50,1185,6',skycell-rw,6,5,6,0.058,0.033
gaia50,203,"1""",skycell,1,0,4,0.041,0.02
gaia50,203,"1""",skycell-rw,1,0,4,0.03,0.008
gaia50,203,"1""",pgsphere,1,0,4,0.016,0.024
gaia50,203,"1""",q3c,1,0,400,2.676,0.703
gaia50,1007,1',skycell,1,0,5,0.062,0.032
gaia50,1007,1',q3c,1,0,400,2.334,0.613
gaia50,1007,1',skycell-rw,1,0,5,0.113,0.025
gaia50,1007,1',pgsphere,1,0,6,0.028,0.034
gaia50,67,"1""",skycell-rw,1,0,5,0.048,0.023
gaia50,67,"1""",q3c,1,0,400,2.285,0.568
gaia50,67,"1""",pgsphere,1,0,6,0.161,0.053
gaia50,67,"1""",skycell,1,0,5,0.047,0.029
gaia50,1218,6',q3c,123,286,409,2.993,0.65
gaia50,1218,6',skycell,292,286,36,0.072,0.165
gaia50,1218,6',pgsphere,38,286,56,0.055,0.189
gaia50,1218,6',skycell-rw,293,286,36,0.104,0.153
gaia50,427,"10""",q3c,1,0,400,2.627,0.567
gaia50,427,"10""",skycell-rw,1,0,9,0.092,0.052
gaia50,427,"10""",skycell,1,0,10,0.051,0.022
gaia50,427,"10""",pgsphere,1,0,6,0.078,0.059
gaia50,732,"10""",q3c,1,1,401,2.821,0.552
gaia50,732,"10""",pgsphere,1,1,7,0.064,0.049
gaia50,732,"10""",skycell-rw,1,1,5,0.052,0.025
gaia50,732,"10""",skycell,1,1,5,0.023,0.012
gaia50,165,"1""",pgsphere,1,0,8,0.02,0.04
gaia50,165,"1""",q3c,1,0,400,2.408,0.562
gaia50,165,"1""",skycell,1,0,4,0.065,0.026
gaia50,165,"1""",skycell-rw,1,0,4,0.042,0.021
gaia50,553,"10""",pgsphere,1,0,5,0.027,0.034
gaia50,553,"10""",q3c,1,0,400,2.626,0.53
gaia50,553,"10""",skycell,1,0,9,0.063,0.04
gaia50,553,"10""",skycell-rw,1,0,9,0.069,0.026
gaia50,1313,30',skycell-rw,320,226,29,0.089,0.16
gaia50,1313,30',q3c,168,226,406,2.572,0.62
gaia50,1313,30',pgsphere,952,226,31,0.054,0.146
gaia50,1313,30',skycell,319,226,43,0.078,0.11
gaia50,431,"10""",pgsphere,1,0,6,0.023,0.034
gaia50,431,"10""",skycell-rw,1,0,4,0.038,0.015
gaia50,431,"10""",skycell,1,0,4,0.023,0.008
gaia50,431,"10""",q3c,1,0,400,3.442,0.559
gaia50,1180,6',pgsphere,38,455,81,0.05,0.2
gaia50,1180,6',skycell-rw,340,455,31,0.092,0.265
gaia50,1180,6',skycell,338,455,31,0.048,0.14
gaia50,1180,6',q3c,100,455,414,2.877,0.692
gaia50,1425,1deg,skycell-rw,385,314,31,0.176,0.169
gaia50,1425,1deg,skycell,382,314,31,0.051,0.093
gaia50,1425,1deg,pgsphere,3808,314,50,0.035,0.279
gaia50,1425,1deg,q3c,300,314,409,2.786,0.663
gaia50,637,"10""",skycell-rw,1,0,4,0.072,0.025
gaia50,637,"10""",q3c,1,0,400,2.349,0.482
gaia50,637,"10""",skycell,1,0,4,0.106,0.034
gaia50,637,"10""",pgsphere,1,0,4,0.05,0.045
gaia50,909,1',q3c,1,0,400,3.018,0.574
gaia50,909,1',skycell-rw,1,0,5,0.077,0.076
gaia50,909,1',skycell,1,0,5,0.042,0.017
gaia50,909,1',pgsphere,1,0,4,0.02,0.027
gaia50,432,"10""",skycell-rw,1,1,5,0.032,0.022
gaia50,432,"10""",q3c,1,1,401,2.771,0.49
gaia50,432,"10""",pgsphere,1,1,8,0.05,0.05
gaia50,432,"10""",skycell,1,1,5,0.047,0.028
gaia50,186,"1""",skycell,1,1,5,0.021,0.017
gaia50,186,"1""",skycell-rw,1,1,5,0.032,0.009
gaia50,186,"1""",q3c,1,1,401,2.672,0.747
gaia50,186,"1""",pgsphere,1,1,8,0.069,0.074
gaia50,941,1',skycell,1,1,6,0.075,0.049
gaia50,941,1',skycell-rw,1,1,6,0.088,0.048
gaia50,941,1',pgsphere,1,1,5,0.045,0.034
gaia50,941,1',q3c,2,1,401,2.996,0.521
gaia50,1327,30',q3c,201,123,406,3.068,0.601
gaia50,1327,30',skycell-rw,134,123,17,0.105,0.542
gaia50,1327,30',pgsphere,952,123,25,0.05,0.124
gaia50,1327,30',skycell,141,123,25,0.048,0.077
gaia50,137,"1""",skycell,1,0,4,0.097,0.026
gaia50,137,"1""",skycell-rw,1,0,4,0.075,0.024
gaia50,137,"1""",q3c,1,0,400,2.788,0.802
gaia50,137,"1""",pgsphere,1,0,5,0.068,0.053
gaia50,1146,6',skycell,459,482,36,0.108,0.39
gaia50,1146,6',pgsphere,38,482,60,0.065,0.373
gaia50,1146,6',skycell-rw,461,482,37,0.152,0.933
gaia50,1146,6',q3c,233,482,415,3.176,0.717
gaia50,1267,6',pgsphere,38,1,5,0.049,0.037
gaia50,1267,6',skycell-rw,4,1,10,0.064,0.04
gaia50,1267,6',q3c,1,1,401,2.827,0.591
gaia50,1267,6',skycell,4,1,10,0.066,0.091
gaia50,617,"10""",pgsphere,1,0,6,0.036,0.04
gaia50,617,"10""",skycell-rw,1,0,4,0.038,0.015
gaia50,617,"10""",skycell,1,0,4,0.021,0.008
gaia50,617,"10""",q3c,1,0,400,2.583,0.485
gaia50,1361,30',q3c,4248,10640,578,2.628,3.801
gaia50,1361,30',skycell-rw,11211,10640,245,0.227,1.918
gaia50,1361,30',pgsphere,952,10640,1257,0.051,4.041
gaia50,1361,30',skycell,11201,10640,245,0.113,1.988
gaia50,1311,30',pgsphere,952,135,25,0.044,0.103
gaia50,1311,30',skycell-rw,93,135,16,0.103,0.109
gaia50,1311,30',q3c,86,135,408,2.73,0.54
gaia50,1311,30',skycell,92,135,16,0.065,0.109
gaia50,1316,30',skycell,1013,1345,54,0.12,0.338
gaia50,1316,30',q3c,265,1345,427,2.539,0.871
gaia50,1316,30',skycell-rw,1035,1345,51,0.107,1.15
gaia50,1316,30',pgsphere,952,1345,146,0.053,0.63
gaia50,354,"1""",pgsphere,1,1,5,0.034,0.03
gaia50,354,"1""",skycell-rw,1,1,5,0.046,0.025
gaia50,354,"1""",skycell,1,1,5,0.022,0.011
gaia50,354,"1""",q3c,1,1,401,2.771,0.582
gaia50,243,"1""",pgsphere,1,0,4,0.052,0.032
gaia50,243,"1""",q3c,1,0,400,2.801,0.573
gaia50,243,"1""",skycell-rw,1,0,8,0.087,0.033
gaia50,243,"1""",skycell,1,0,8,0.039,0.014
gaia50,418,"10""",q3c,1,1,401,2.386,0.621
gaia50,418,"10""",skycell-rw,1,1,5,0.078,0.031
gaia50,418,"10""",skycell,1,1,5,0.035,0.013
gaia50,418,"10""",pgsphere,1,1,5,0.018,0.031
gaia50,638,"10""",skycell,1,1,10,0.021,0.02
gaia50,638,"10""",q3c,1,1,401,2.252,0.51
gaia50,638,"10""",pgsphere,1,1,5,0.053,0.04
gaia50,638,"10""",skycell-rw,1,1,10,0.072,0.041
gaia50,735,"10""",skycell-rw,1,0,5,0.034,0.02
gaia50,735,"10""",skycell,1,0,5,0.03,0.012
gaia50,735,"10""",q3c,1,0,400,2.712,0.615
gaia50,735,"10""",pgsphere,1,0,5,0.056,0.049
gaia50,1126,6',skycell,335,341,39,0.05,0.193
gaia50,1126,6',q3c,185,341,412,2.68,0.671
gaia50,1126,6',pgsphere,38,341,54,0.051,0.27
gaia50,1126,6',skycell-rw,341,341,35,0.103,0.171
gaia50,768,"10""",skycell,1,2,5,0.033,0.024
gaia50,768,"10""",q3c,1,2,401,2.628,0.629
gaia50,768,"10""",pgsphere,1,2,7,0.053,0.053
gaia50,768,"10""",skycell-rw,1,2,5,0.05,0.025
gaia50,1441,3deg,q3c,2436,3438,461,2.144,1.204
gaia50,1441,3deg,pgsphere,34262,3438,135,0.05,1.003
gaia50,1441,3deg,skycell,3390,3438,111,0.142,0.679
gaia50,1441,3deg,skycell-rw,3395,3438,94,0.192,0.689
gaia50,1349,30',q3c,37,73,403,2.598,0.648
gaia50,1349,30',skycell,105,73,20,0.07,0.167
gaia50,1349,30',skycell-rw,105,73,20,0.114,0.111
gaia50,1349,30',pgsphere,952,73,20,0.071,0.121
gaia50,642,"10""",skycell-rw,1,2,5,0.074,0.033
gaia50,642,"10""",skycell,1,2,5,0.056,0.03
gaia50,642,"10""",q3c,1,2,401,3.056,0.51
gaia50,642,"10""",pgsphere,1,2,6,0.055,0.043
gaia50,244,"1""",pgsphere,1,1,5,0.024,0.025
gaia50,244,"1""",skycell,1,1,5,0.044,0.032
gaia50,244,"1""",q3c,1,1,401,2.637,0.63
gaia50,244,"1""",skycell-rw,1,1,5,0.101,0.043
gaia50,10,"1""",pgsphere,1,1,5,0.099,0.053
gaia50,10,"1""",skycell,1,1,5,0.069,0.038
gaia50,10,"1""",q3c,1,1,401,3.221,0.625
gaia50,10,"1""",skycell-rw,1,1,5,0.075,0.032
gaia50,731,"10""",q3c,1,0,400,2.81,0.565
gaia50,731,"10""",skycell,1,0,5,0.064,0.03
gaia50,731,"10""",skycell-rw,1,0,5,0.059,0.023
gaia50,731,"10""",pgsphere,1,0,5,0.019,0.032
gaia50,227,"1""",pgsphere,1,0,4,0.013,0.023
gaia50,227,"1""",skycell,1,0,4,0.023,0.015
gaia50,227,"1""",skycell-rw,1,0,4,0.026,0.008
gaia50,227,"1""",q3c,1,0,400,2.626,0.534
gaia50,51,"1""",q3c,1,0,400,2.582,0.571
gaia50,51,"1""",skycell,1,0,4,0.063,0.029
gaia50,51,"1""",skycell-rw,1,0,4,0.056,0.016
gaia50,51,"1""",pgsphere,1,0,4,0.02,0.026
gaia50,803,1',skycell-rw,1,0,5,0.031,0.023
gaia50,803,1',pgsphere,1,0,4,0.014,0.023
gaia50,803,1',skycell,1,0,5,0.02,0.01
gaia50,803,1',q3c,1,0,400,2.644,0.523
gaia50,454,"10""",skycell,1,1,5,0.06,0.031
gaia50,454,"10""",q3c,1,1,401,2.316,0.553
gaia50,454,"10""",skycell-rw,1,1,5,0.098,0.038
gaia50,454,"10""",pgsphere,1,1,5,0.031,0.037
gaia50,1245,6',pgsphere,38,6,7,0.016,0.035
gaia50,1245,6',skycell-rw,4,6,6,0.094,0.039
gaia50,1245,6',skycell,4,6,6,0.028,0.019
gaia50,1245,6',q3c,2,6,401,2.843,0.536
gaia50,1099,1',pgsphere,1,1,7,0.052,0.05
gaia50,1099,1',skycell-rw,1,1,5,0.074,0.071
gaia50,1099,1',skycell,1,1,5,0.036,0.017
gaia50,1099,1',q3c,1,1,401,2.98,0.504
gaia50,676,"10""",skycell,1,1,10,0.062,0.036
gaia50,676,"10""",pgsphere,1,1,7,0.027,0.043
gaia50,676,"10""",q3c,1,1,401,2.31,0.508
gaia50,676,"10""",skycell-rw,1,1,10,0.087,0.044
gaia50,770,"10""",q3c,1,1,401,2.695,0.608
gaia50,770,"10""",pgsphere,1,1,7,0.052,0.048
gaia50,770,"10""",skycell-rw,1,1,5,0.052,0.027
gaia50,770,"10""",skycell,1,1,5,0.023,0.013
gaia50,368,"1""",skycell,1,1,5,0.018,0.016
gaia50,368,"1""",pgsphere,1,1,5,0.014,0.111
gaia50,368,"1""",skycell-rw,1,1,5,0.034,0.013
gaia50,368,"1""",q3c,1,1,401,2.535,0.546
gaia50,299,"1""",skycell,1,0,4,0.06,0.025
gaia50,299,"1""",q3c,1,0,400,2.869,0.686
gaia50,299,"1""",skycell-rw,1,0,4,0.078,0.03
gaia50,299,"1""",pgsphere,1,0,4,0.03,0.035
gaia50,764,"10""",pgsphere,1,1,8,0.035,0.051
gaia50,764,"10""",skycell-rw,1,1,5,0.045,0.121
gaia50,764,"10""",q3c,1,1,401,2.378,0.552
gaia50,764,"10""",skycell,1,1,5,0.061,0.031
gaia50,1350,30',pgsphere,952,4765,453,0.037,1.981
gaia50,1350,30',q3c,2755,4765,481,2.465,1.615
gaia50,1350,30',skycell,5282,4765,138,0.114,1.068
gaia50,1350,30',skycell-rw,5307,4765,127,0.166,0.899
gaia50,831,1',q3c,1,0,401,2.615,0.55
gaia50,831,1',pgsphere,1,0,7,0.052,0.048
gaia50,831,1',skycell-rw,1,0,5,0.049,0.024
gaia50,831,1',skycell,1,0,5,0.023,0.011
gaia50,1211,6',skycell-rw,432,460,45,0.086,0.574
gaia50,1211,6',pgsphere,38,460,46,0.043,0.198
gaia50,1211,6',q3c,155,460,415,2.865,0.784
gaia50,1211,6',skycell,430,460,48,0.084,0.18
gaia50,1264,6',q3c,5,40,404,2.735,0.646
gaia50,1264,6',skycell,37,40,19,0.066,0.072
gaia50,1264,6',skycell-rw,37,40,15,0.068,0.059
gaia50,1264,6',pgsphere,38,40,12,0.026,0.052
gaia50,508,"10""",skycell-rw,1,1,5,0.059,0.028
gaia50,508,"10""",q3c,1,1,401,2.918,0.594
gaia50,508,"10""",skycell,1,1,5,0.078,0.039
gaia50,508,"10""",pgsphere,1,1,9,0.04,0.064
gaia50,854,1',pgsphere,1,35,15,0.02,0.079
gaia50,854,1',skycell-rw,31,35,11,0.078,0.081
gaia50,854,1',skycell,31,35,11,0.037,0.043
gaia50,854,1',q3c,7,35,402,2.597,0.541
gaia50,1154,6',skycell-rw,190,153,20,0.106,0.122
gaia50,1154,6',pgsphere,38,153,25,0.032,0.116
gaia50,1154,6',q3c,14,153,408,2.943,0.681
gaia50,1154,6',skycell,189,153,24,0.088,0.124
gaia50,1215,6',q3c,10,4,401,2.783,0.593
gaia50,1215,6',skycell,6,4,5,0.099,0.076
gaia50,1215,6',skycell-rw,6,4,5,0.059,0.021
gaia50,1215,6',pgsphere,38,4,11,0.02,0.066
gaia50,991,1',skycell,1,0,5,0.024,0.021
gaia50,991,1',skycell-rw,1,0,5,0.026,0.009
gaia50,991,1',pgsphere,1,0,5,0.013,0.028
gaia50,991,1',q3c,1,0,400,2.666,0.555
gaia50,367,"1""",q3c,1,0,400,2.62,0.565
gaia50,367,"1""",skycell-rw,1,0,4,0.077,0.026
gaia50,367,"1""",skycell,1,0,4,0.029,0.01
gaia50,367,"1""",pgsphere,1,0,9,0.018,0.048
gaia50,817,1',pgsphere,1,0,4,0.014,0.019
gaia50,817,1',q3c,1,0,400,2.652,0.527
gaia50,817,1',skycell,1,0,5,0.06,0.031
gaia50,817,1',skycell-rw,1,0,5,0.05,0.017
gaia50,822,1',skycell-rw,9,7,7,0.029,0.033
gaia50,822,1',q3c,3,7,401,2.589,0.538
gaia50,822,1',skycell,9,7,7,0.065,0.044
gaia50,822,1',pgsphere,1,7,6,0.027,0.039
gaia50,114,"1""",pgsphere,1,1,7,0.02,0.035
gaia50,114,"1""",skycell,1,1,5,0.035,0.028
gaia50,114,"1""",q3c,1,1,401,2.798,0.549
gaia50,114,"1""",skycell-rw,1,1,5,0.075,0.031
gaia50,1364,30',q3c,5955,16756,658,2.997,3.815
gaia50,1364,30',skycell-rw,16763,16756,318,0.274,3.072
gaia50,1364,30',skycell,16757,16756,318,0.11,2.859
gaia50,1364,30',pgsphere,952,16756,1387,0.047,5.149
gaia50,1174,6',skycell-rw,83,87,22,0.104,0.092
gaia50,1174,6',pgsphere,38,87,20,0.032,0.084
gaia50,1174,6',q3c,22,87,403,2.465,0.711
gaia50,1174,6',skycell,81,87,22,0.077,0.094
gaia50,1128,6',skycell-rw,47,39,14,0.066,0.127
gaia50,1128,6',pgsphere,38,39,21,0.027,0.076
gaia50,1128,6',q3c,55,39,404,2.119,0.662
gaia50,1128,6',skycell,46,39,22,0.067,0.064
gaia50,41,"1""",q3c,1,0,400,2.435,0.546
gaia50,41,"1""",skycell,1,0,4,0.061,0.027
gaia50,41,"1""",pgsphere,1,0,4,0.026,0.028
gaia50,41,"1""",skycell-rw,1,0,4,0.032,0.009
gaia50,64,"1""",pgsphere,1,1,8,0.013,0.039
gaia50,64,"1""",q3c,1,1,401,2.427,0.579
gaia50,64,"1""",skycell,1,1,5,0.06,0.032
gaia50,64,"1""",skycell-rw,1,1,5,0.05,0.024
gaia50,1378,30',skycell,3040,2608,94,0.079,0.699
gaia50,1378,30',q3c,3107,2608,447,2.271,1.16
gaia50,1378,30',pgsphere,952,2608,288,0.052,0.993
gaia50,1378,30',skycell-rw,3052,2608,90,0.156,0.56
gaia50,337,"1""",q3c,1,0,400,2.325,0.561
gaia50,337,"1""",skycell-rw,1,0,4,0.074,0.027
gaia50,337,"1""",pgsphere,1,0,4,0.029,0.026
gaia50,337,"1""",skycell,1,0,4,0.037,0.017
gaia50,197,"1""",skycell,1,0,4,0.02,0.014
gaia50,197,"1""",skycell-rw,1,0,4,0.034,0.008
gaia50,197,"1""",pgsphere,1,0,4,0.014,0.024
gaia50,197,"1""",q3c,1,0,400,2.874,0.543
gaia50,1127,6',pgsphere,38,14,8,0.05,0.049
gaia50,1127,6',skycell,14,14,10,0.047,0.038
gaia50,1127,6',skycell-rw,14,14,6,0.035,0.024
gaia50,1127,6',q3c,5,14,403,2.705,0.596
gaia50,1129,6',skycell-rw,5,6,7,0.075,0.045
gaia50,1129,6',skycell,5,6,7,0.082,0.03
gaia50,1129,6',pgsphere,38,6,7,0.028,0.039
gaia50,1129,6',q3c,2,6,401,2.279,0.62
gaia50,401,"10""",skycell-rw,1,0,4,0.149,0.03
gaia50,401,"10""",skycell,1,0,4,0.041,0.011
gaia50,401,"10""",pgsphere,1,0,5,0.02,0.036
gaia50,401,"10""",q3c,1,0,400,2.614,0.565
gaia50,705,"10""",skycell,1,0,5,0.061,0.031
gaia50,705,"10""",skycell-rw,1,0,5,0.039,0.012
gaia50,705,"10""",q3c,1,0,400,2.453,0.565
gaia50,705,"10""",pgsphere,1,0,7,0.094,0.05
gaia50,188,"1""",pgsphere,1,1,11,0.027,0.056
gaia50,188,"1""",skycell,1,1,5,0.031,0.023
gaia50,188,"1""",q3c,1,1,401,2.426,0.529
gaia50,188,"1""",skycell-rw,1,1,5,0.079,0.033
gaia50,316,"1""",q3c,1,1,401,2.516,0.52
gaia50,316,"1""",pgsphere,1,1,5,0.051,0.042
gaia50,316,"1""",skycell,1,1,5,0.036,0.026
gaia50,316,"1""",skycell-rw,1,1,5,0.031,0.009
gaia50,195,"1""",skycell,1,0,4,0.027,0.016
gaia50,195,"1""",pgsphere,1,0,5,0.016,0.025
gaia50,195,"1""",q3c,1,0,400,2.421,0.54
gaia50,195,"1""",skycell-rw,1,0,4,0.074,0.026
gaia50,13,"1""",skycell,1,0,4,0.031,0.017
gaia50,13,"1""",q3c,1,0,400,2.326,0.588
gaia50,13,"1""",pgsphere,1,0,5,0.061,0.048
gaia50,13,"1""",skycell-rw,1,0,4,0.06,0.022
gaia50,452,"10""",skycell,1,1,5,0.027,0.025
gaia50,452,"10""",pgsphere,1,1,5,0.016,0.077
gaia50,452,"10""",q3c,1,1,401,2.325,0.616
gaia50,452,"10""",skycell-rw,1,1,5,0.074,0.032
gaia50,1346,30',pgsphere,952,3392,345,0.054,1.586
gaia50,1346,30',skycell,5493,3392,152,0.111,0.912
gaia50,1346,30',skycell-rw,5515,3392,125,0.168,0.83
gaia50,1346,30',q3c,3064,3392,468,2.463,1.392
gaia50,839,1',q3c,1,0,400,2.785,0.54
gaia50,839,1',skycell,1,0,6,0.065,0.036
gaia50,839,1',pgsphere,1,0,6,0.037,0.041
gaia50,839,1',skycell-rw,1,0,6,0.042,0.021
gaia50,187,"1""",skycell,1,0,4,0.037,0.017
gaia50,187,"1""",q3c,1,0,400,2.549,0.508
gaia50,187,"1""",pgsphere,1,0,5,0.052,0.039
gaia50,187,"1""",skycell-rw,1,0,4,0.054,0.02
gaia50,8,"1""",q3c,1,1,401,2.482,0.603
gaia50,8,"1""",pgsphere,1,1,6,0.052,0.044
gaia50,8,"1""",skycell,1,1,5,0.037,0.023
gaia50,8,"1""",skycell-rw,1,1,5,0.053,0.051
gaia50,340,"1""",skycell,1,1,5,0.026,0.018
gaia50,340,"1""",q3c,1,1,401,2.736,0.612
gaia50,340,"1""",pgsphere,1,1,7,0.055,0.051
gaia50,340,"1""",skycell-rw,1,1,5,0.064,0.106
gaia50,767,"10""",skycell-rw,1,0,4,0.046,0.019
gaia50,767,"10""",q3c,1,0,400,2.744,0.584
gaia50,767,"10""",pgsphere,1,0,4,0.051,0.038
gaia50,767,"10""",skycell,1,0,4,0.048,0.022
gaia50,899,1',pgsphere,1,0,5,0.027,0.032
gaia50,899,1',skycell-rw,1,0,9,0.076,0.047
gaia50,899,1',q3c,1,0,401,2.598,0.636
gaia50,899,1',skycell,1,0,10,0.063,0.034
gaia50,1329,30',pgsphere,952,1806,244,0.041,0.751
gaia50,1329,30',q3c,566,1806,432,2.386,1.05
gaia50,1329,30',skycell,1595,1806,70,0.095,0.512
gaia50,1329,30',skycell-rw,1598,1806,69,0.1,1.272
gaia50,912,1',skycell-rw,13,16,6,0.115,0.061
gaia50,912,1',pgsphere,1,16,7,0.033,0.048
gaia50,912,1',q3c,3,16,402,2.688,0.596
gaia50,912,1',skycell,13,16,6,0.072,0.054
gaia50,1224,6',pgsphere,38,8,8,0.035,0.04
gaia50,1224,6',skycell,5,8,5,0.036,0.036
gaia50,1224,6',skycell-rw,5,8,5,0.039,0.02
gaia50,1224,6',q3c,7,8,402,2.617,0.566
gaia50,577,"10""",skycell,1,0,5,0.059,0.028
gaia50,577,"10""",skycell-rw,1,0,5,0.053,0.016
gaia50,577,"10""",pgsphere,1,0,9,0.021,0.051
gaia50,577,"10""",q3c,1,0,400,2.515,0.552
gaia50,309,"1""",skycell,1,0,8,0.071,0.036
gaia50,309,"1""",q3c,1,0,400,2.39,0.51
gaia50,309,"1""",skycell-rw,1,0,8,0.085,0.032
gaia50,309,"1""",pgsphere,1,0,6,0.028,0.073
gaia50,904,1',pgsphere,1,1,6,0.02,0.037
gaia50,904,1',skycell-rw,1,1,5,0.036,0.024
gaia50,904,1',skycell,1,1,5,0.023,0.012
gaia50,904,1',q3c,1,1,401,2.241,0.625
gaia50,437,"10""",q3c,1,0,400,2.678,0.595
gaia50,437,"10""",pgsphere,1,0,6,0.056,0.046
gaia50,437,"10""",skycell,1,0,4,0.048,0.025
gaia50,437,"10""",skycell-rw,1,0,4,0.034,0.009
gaia50,1432,1deg,pgsphere,3808,30893,2517,0.019,8.791
gaia50,1432,1deg,skycell-rw,31191,30893,559,0.232,5.098
gaia50,1432,1deg,skycell,31189,30893,559,0.11,5.414
gaia50,1432,1deg,q3c,13059,30893,952,2.947,6.557
gaia50,4,"1""",q3c,1,1,401,2.404,0.609
gaia50,4,"1""",skycell-rw,1,1,5,0.076,0.034
gaia50,4,"1""",pgsphere,1,1,7,0.026,0.044
gaia50,4,"1""",skycell,1,1,5,0.033,0.016
gaia50,1271,6',pgsphere,38,6,6,0.015,0.03
gaia50,1271,6',q3c,4,6,401,2.752,0.848
gaia50,1271,6',skycell-rw,7,6,6,0.088,0.084
gaia50,1271,6',skycell,6,6,6,0.043,0.021
gaia50,167,"1""",q3c,1,0,400,2.614,0.637
gaia50,167,"1""",pgsphere,1,0,6,0.052,0.042
gaia50,167,"1""",skycell-rw,1,0,4,0.047,0.019
gaia50,167,"1""",skycell,1,0,4,0.028,0.01
gaia50,274,"1""",skycell,1,1,9,0.02,0.019
gaia50,274,"1""",pgsphere,1,1,6,0.016,0.026
gaia50,274,"1""",skycell-rw,1,1,9,0.043,0.018
gaia50,274,"1""",q3c,1,1,401,2.567,0.55
gaia50,279,"1""",skycell,1,0,4,0.061,0.026
gaia50,279,"1""",pgsphere,1,0,4,0.034,0.028
gaia50,279,"1""",skycell-rw,1,0,4,0.036,0.011
gaia50,279,"1""",q3c,1,0,400,2.763,0.521
gaia50,894,1',skycell,3,2,5,0.062,0.039
gaia50,894,1',q3c,1,2,401,3.005,0.965
gaia50,894,1',skycell-rw,3,2,5,0.076,0.039
gaia50,894,1',pgsphere,1,2,8,0.029,0.051
gaia50,872,1',skycell,6,5,10,0.032,0.048
gaia50,872,1',q3c,1,5,402,2.702,0.622
gaia50,872,1',pgsphere,1,5,10,0.055,0.06
gaia50,872,1',skycell-rw,6,5,12,0.064,0.715
gaia50,1006,1',skycell,6,5,12,0.055,0.057
gaia50,1006,1',pgsphere,1,5,8,0.031,0.043
gaia50,1006,1',q3c,2,5,402,2.578,0.563
gaia50,1006,1',skycell-rw,6,5,13,0.089,0.516
gaia50,459,"10""",skycell,1,0,4,0.055,0.023
gaia50,459,"10""",q3c,1,0,400,2.786,0.674
gaia50,459,"10""",skycell-rw,1,0,4,0.082,0.028
gaia50,459,"10""",pgsphere,1,0,4,0.023,0.106
gaia50,321,"1""",skycell-rw,1,0,4,0.049,0.023
gaia50,321,"1""",pgsphere,1,0,4,0.016,0.022
gaia50,321,"1""",skycell,1,0,4,0.027,0.01
gaia50,321,"1""",q3c,1,0,400,2.757,0.622
gaia50,789,"10""",q3c,1,0,400,3.497,0.584
gaia50,789,"10""",skycell-rw,1,0,10,0.096,0.048
gaia50,789,"10""",pgsphere,1,0,5,0.031,0.034
gaia50,789,"10""",skycell,1,0,10,0.061,0.053
gaia50,1382,30',pgsphere,952,9224,729,0.026,2.872
gaia50,1382,30',skycell-rw,6576,9224,191,0.191,1.783
gaia50,1382,30',q3c,2348,9224,554,2.712,2.373
gaia50,1382,30',skycell,6582,9224,206,0.112,1.755
gaia50,1075,1',q3c,1,0,401,2.52,0.552
gaia50,1075,1',skycell-rw,1,0,10,0.103,0.051
gaia50,1075,1',skycell,1,0,10,0.031,0.015
gaia50,1075,1',pgsphere,1,0,5,0.026,0.031
gaia50,1015,1',q3c,1,0,400,2.582,0.636
gaia50,1015,1',pgsphere,1,0,6,0.053,0.044
gaia50,1015,1',skycell,1,0,6,0.038,0.028
gaia50,1015,1',skycell-rw,1,0,6,0.045,0.013
gaia50,144,"1""",q3c,1,1,401,2.598,0.547
gaia50,144,"1""",skycell-rw,1,1,5,0.082,0.031
gaia50,144,"1""",pgsphere,1,1,5,0.025,0.03
gaia50,144,"1""",skycell,1,1,5,0.027,0.012
gaia50,1362,30',skycell,6883,8616,200,0.076,1.7
gaia50,1362,30',pgsphere,952,8616,782,0.038,3.072
gaia50,1362,30',skycell-rw,6868,8616,197,0.203,1.475
gaia50,1362,30',q3c,2308,8616,538,2.488,2.223
gaia50,380,"1""",pgsphere,1,1,8,0.052,0.048
gaia50,380,"1""",q3c,1,1,401,2.426,0.564
gaia50,380,"1""",skycell-rw,1,1,9,0.087,0.036
gaia50,380,"1""",skycell,1,1,9,0.032,0.018
gaia50,598,"10""",pgsphere,1,1,5,0.021,0.042
gaia50,598,"10""",skycell,1,1,5,0.022,0.021
gaia50,598,"10""",skycell-rw,1,1,5,0.027,0.01
gaia50,598,"10""",q3c,1,1,401,2.177,0.541
gaia50,1297,6',pgsphere,38,4,7,0.045,0.049
gaia50,1297,6',q3c,2,4,402,2.71,0.526
gaia50,1297,6',skycell-rw,3,4,10,0.09,0.045
gaia50,1297,6',skycell,3,4,10,0.034,0.017
gaia50,503,"10""",q3c,1,0,400,2.724,0.555
gaia50,503,"10""",skycell,1,0,4,0.06,0.026
gaia50,503,"10""",skycell-rw,1,0,4,0.039,0.01
gaia50,503,"10""",pgsphere,1,0,5,0.017,0.029
gaia50,722,"10""",skycell-rw,1,1,5,0.031,0.022
gaia50,722,"10""",pgsphere,1,1,9,0.014,0.045
gaia50,722,"10""",q3c,1,1,401,2.563,0.545
gaia50,722,"10""",skycell,1,1,5,0.06,0.036
gaia50,1437,1deg,skycell-rw,596,530,31,0.08,0.257
gaia50,1437,1deg,pgsphere,3808,530,69,0.028,0.252
gaia50,1437,1deg,q3c,303,530,414,2.503,0.714
gaia50,1437,1deg,skycell,594,530,31,0.073,0.218
gaia50,52,"1""",pgsphere,1,1,6,0.039,0.037
gaia50,52,"1""",skycell,1,1,5,0.03,0.02
gaia50,52,"1""",q3c,1,1,401,2.681,0.525
gaia50,52,"1""",skycell-rw,1,1,5,0.068,0.027
gaia50,242,"1""",q3c,1,1,401,2.705,0.573
gaia50,242,"1""",skycell,1,1,5,0.059,0.034
gaia50,242,"1""",pgsphere,1,1,8,0.026,0.109
gaia50,242,"1""",skycell-rw,1,1,5,0.043,0.016
gaia50,433,"10""",skycell,1,0,4,0.024,0.016
gaia50,433,"10""",pgsphere,1,0,6,0.016,0.035
gaia50,433,"10""",q3c,1,0,400,2.63,0.518
gaia50,433,"10""",skycell-rw,1,0,4,0.068,0.035
gaia50,152,"1""",q3c,1,1,401,2.339,0.501
gaia50,152,"1""",pgsphere,1,1,7,0.046,0.045
gaia50,152,"1""",skycell-rw,1,1,5,0.057,0.021
gaia50,152,"1""",skycell,1,1,5,0.024,0.01
gaia50,905,1',pgsphere,1,0,6,0.016,0.035
gaia50,905,1',skycell-rw,1,0,10,0.046,0.029
gaia50,905,1',q3c,1,0,400,2.542,0.51
gaia50,905,1',skycell,1,0,10,0.061,0.034
gaia50,1114,6',q3c,18,13,402,2.561,0.521
gaia50,1114,6',pgsphere,38,13,10,0.047,0.061
gaia50,1114,6',skycell-rw,13,13,10,0.073,0.046
gaia50,1114,6',skycell,13,13,10,0.039,0.034
gaia50,1240,6',q3c,115,371,408,2.641,0.644
gaia50,1240,6',skycell,270,371,25,0.065,0.162
gaia50,1240,6',skycell-rw,268,371,22,0.065,0.116
gaia50,1240,6',pgsphere,38,371,54,0.026,0.198
gaia50,1217,6',skycell,42,54,17,0.034,0.054
gaia50,1217,6',skycell-rw,43,54,12,0.043,0.043
gaia50,1217,6',q3c,9,54,404,2.682,0.536
gaia50,1217,6',pgsphere,38,54,12,0.047,0.075
gaia50,1296,6',q3c,35,244,408,2.406,0.654
gaia50,1296,6',skycell,270,244,36,0.068,0.14
gaia50,1296,6',pgsphere,38,244,35,0.032,0.136
gaia50,1296,6',skycell-rw,268,244,29,0.078,0.119
gaia50,249,"1""",skycell,1,0,4,0.026,0.014
gaia50,249,"1""",skycell-rw,1,0,4,0.029,0.008
gaia50,249,"1""",q3c,1,0,400,2.575,0.487
gaia50,249,"1""",pgsphere,1,0,6,0.046,0.037
gaia50,1202,6',skycell-rw,47,59,8,0.057,0.058
gaia50,1202,6',skycell,47,59,8,0.07,0.047
gaia50,1202,6',q3c,6,59,403,2.752,0.528
gaia50,1202,6',pgsphere,38,59,13,0.045,0.061
gaia50,346,"1""",pgsphere,1,1,7,0.024,0.032
gaia50,346,"1""",skycell-rw,1,1,13,0.059,0.03
gaia50,346,"1""",q3c,1,1,401,2.73,0.526
gaia50,346,"1""",skycell,1,1,13,0.085,0.033
gaia50,1070,1',skycell-rw,1,1,5,0.042,0.021
gaia50,1070,1',pgsphere,1,1,6,0.017,0.033
gaia50,1070,1',skycell,1,1,5,0.023,0.015
gaia50,1070,1',q3c,1,1,401,2.349,0.515
gaia50,790,"10""",pgsphere,1,1,6,0.045,0.04
gaia50,790,"10""",skycell,1,1,5,0.033,0.023
gaia50,790,"10""",skycell-rw,1,1,5,0.034,0.014
gaia50,790,"10""",q3c,1,1,401,2.638,0.486
gaia50,472,"10""",skycell,1,1,5,0.057,0.032
gaia50,472,"10""",pgsphere,1,1,8,0.086,0.043
gaia50,472,"10""",q3c,1,1,401,2.273,0.527
gaia50,472,"10""",skycell-rw,1,1,5,0.085,0.065
gaia50,777,"10""",skycell,1,0,4,0.038,0.018
gaia50,777,"10""",q3c,1,0,400,2.223,0.538
gaia50,777,"10""",skycell-rw,1,0,4,0.095,0.025
gaia50,777,"10""",pgsphere,1,0,6,0.026,0.03
gaia50,278,"1""",q3c,1,1,401,2.258,0.523
gaia50,278,"1""",skycell-rw,1,1,5,0.096,0.029
gaia50,278,"1""",pgsphere,1,1,6,0.022,0.031
gaia50,278,"1""",skycell,1,1,5,0.027,0.013
gaia50,470,"10""",pgsphere,1,1,6,0.017,0.033
gaia50,470,"10""",q3c,1,1,401,2.593,0.493
gaia50,470,"10""",skycell,1,1,5,0.056,0.033
gaia50,470,"10""",skycell-rw,1,1,5,0.074,0.016
