rows_m,class,method,plan_ms,exec_ms,buffers,n
0.5,Q05,skycell-rw,0.075,0.078,29,49
0.5,Q05,pgsphere,0.017,0.028,5,49
0.5,Q05,skycell,0.019,0.036,21,49
0.5,Q05,pgsphere,0.011,0.024,5,55
0.5,Q05,skycell,0.014,0.024,7,55
0.5,Q05,skycell-rw,0.021,0.104,260,55
0.5,Q05,skycell-rw,0.035,0.062,214,33
0.5,Q05,pgsphere,0.015,0.025,9,33
0.5,Q05,skycell,0.011,0.028,14,33
0.5,Q05,skycell-rw,0.02,0.082,196,37
0.5,Q05,pgsphere,0.017,0.023,6,37
0.5,Q05,skycell,0.011,0.019,8,37
0.5,Q05,skycell,0.012,0.024,18,40
0.5,Q05,skycell-rw,0.078,0.058,28,40
0.5,Q05,pgsphere,0.012,0.027,9,40
0.5,Q05,pgsphere,0.01,0.031,6,41
0.5,Q05,skycell-rw,0.031,0.382,1134,41
0.5,Q05,skycell,0.012,0.053,25,41
0.5,Q05,skycell-rw,0.04,0.026,15,36
0.5,Q05,skycell,0.011,0.023,15,36
0.5,Q05,pgsphere,0.012,0.022,7,36
0.5,Q05,skycell-rw,0.022,0.095,214,42
0.5,Q05,pgsphere,0.011,0.05,5,42
0.5,Q05,skycell,0.011,0.02,7,42
0.5,Q05,skycell,0.011,0.028,16,56
0.5,Q05,skycell-rw,0.033,0.039,16,56
0.5,Q05,pgsphere,0.011,0.03,14,56
0.5,Q05,skycell-rw,0.021,0.09,262,62
0.5,Q05,pgsphere,0.011,0.021,5,62
0.5,Q05,skycell,0.011,0.025,11,62
0.5,Q05,skycell,0.01,0.024,16,45
0.5,Q05,pgsphere,0.011,0.018,5,45
0.5,Q05,skycell-rw,0.038,0.028,16,45
0.5,Q05,pgsphere,0.011,0.068,6,61
0.5,Q05,skycell-rw,0.031,0.074,242,61
0.5,Q05,skycell,0.015,0.026,11,61
0.5,Q05,skycell,0.011,0.022,7,31
0.5,Q05,pgsphere,0.011,0.017,5,31
0.5,Q05,skycell-rw,0.022,0.098,260,31
0.5,Q05,pgsphere,0.011,0.026,7,66
0.5,Q05,skycell-rw,0.022,0.186,518,66
0.5,Q05,skycell,0.013,0.038,16,66
0.5,Q05,skycell,0.011,0.023,10,58
0.5,Q05,skycell-rw,0.029,0.033,10,58
0.5,Q05,pgsphere,0.016,0.026,5,58
0.5,Q05,skycell-rw,0.034,0.248,734,83
0.5,Q05,skycell,0.012,0.05,22,83
0.5,Q05,pgsphere,0.011,0.026,8,83
0.5,Q05,skycell,0.027,0.026,8,56
0.5,Q05,skycell-rw,0.027,0.102,260,56
0.5,Q05,pgsphere,0.011,0.024,6,56
0.5,Q05,skycell-rw,0.023,0.186,490,69
0.5,Q05,skycell,0.011,0.034,15,69
0.5,Q05,pgsphere,0.011,0.029,12,69
0.5,Q05,skycell-rw,0.022,0.087,260,44
0.5,Q05,skycell,0.011,0.022,7,44
0.5,Q05,pgsphere,0.011,0.021,5,44
0.5,Q05,skycell-rw,0.023,0.096,260,92
0.5,Q05,pgsphere,0.011,0.026,5,92
0.5,Q05,skycell,0.011,0.025,13,92
0.5,Q05,skycell-rw,0.031,0.042,11,31
0.5,Q05,skycell,0.011,0.018,11,31
0.5,Q05,pgsphere,0.011,0.018,5,31
0.5,Q05,skycell-rw,0.061,0.043,25,68
0.5,Q05,skycell,0.017,0.027,17,68
0.5,Q05,pgsphere,0.011,0.029,8,68
0.5,Q05,skycell-rw,0.024,0.096,262,33
0.5,Q05,skycell,0.011,0.022,8,33
0.5,Q05,pgsphere,0.011,0.018,5,33
0.5,Q05,pgsphere,0.01,0.021,6,56
0.5,Q05,skycell-rw,0.027,0.076,262,56
0.5,Q05,skycell,0.011,0.024,12,56
0.5,Q05,pgsphere,0.01,0.02,5,47
0.5,Q05,skycell,0.012,0.023,11,47
0.5,Q05,skycell-rw,0.03,0.032,11,47
0.5,Q05,skycell-rw,0.028,0.024,10,47
0.5,Q05,pgsphere,0.011,0.021,5,47
0.5,Q05,skycell,0.011,0.022,10,47
0.5,Q05,skycell,0.01,0.028,8,62
0.5,Q05,pgsphere,0.01,0.02,5,62
0.5,Q05,skycell-rw,0.02,0.087,262,62
0.5,Q05,skycell,0.011,0.021,8,48
0.5,Q05,skycell-rw,0.019,0.093,262,48
0.5,Q05,pgsphere,0.011,0.021,5,48
0.5,Q05,skycell-rw,0.026,0.108,256,44
0.5,Q05,pgsphere,0.014,0.021,6,44
0.5,Q05,skycell,0.015,0.024,9,44
0.5,Q05,pgsphere,0.011,0.024,6,80
0.5,Q05,skycell-rw,0.022,0.079,262,80
0.5,Q05,skycell,0.011,0.023,9,80
0.5,Q05,skycell,0.01,0.022,7,55
0.5,Q05,skycell-rw,0.018,0.107,260,55
0.5,Q05,pgsphere,0.014,0.024,5,55
0.5,Q05,skycell-rw,0.027,0.096,262,48
0.5,Q05,pgsphere,0.012,0.021,5,48
0.5,Q05,skycell,0.039,0.025,8,48
0.5,Q05,pgsphere,0.011,0.028,14,56
0.5,Q05,skycell,0.013,0.042,16,56
0.5,Q05,skycell-rw,0.039,0.05,16,56
0.5,Q05,pgsphere,0.027,0.034,9,40
0.5,Q05,skycell-rw,0.031,0.035,28,40
0.5,Q05,skycell,0.017,0.023,18,40
0.5,Q05,skycell,0.014,0.024,8,56
0.5,Q05,pgsphere,0.011,0.023,6,56
0.5,Q05,skycell-rw,0.019,0.106,260,56
0.5,Q05,skycell-rw,0.036,0.029,10,58
0.5,Q05,pgsphere,0.011,0.022,5,58
0.5,Q05,skycell,0.01,0.023,10,58
0.5,Q05,skycell,0.011,0.022,7,44
0.5,Q05,skycell-rw,0.024,0.085,260,44
0.5,Q05,pgsphere,0.01,0.02,5,44
0.5,Q05,skycell,0.011,0.024,13,92
0.5,Q05,pgsphere,0.01,0.024,5,92
0.5,Q05,skycell-rw,0.023,0.092,260,92
0.5,Q05,skycell-rw,0.022,0.377,1134,41
0.5,Q05,skycell,0.012,0.051,25,41
0.5,Q05,pgsphere,0.012,0.02,6,41
0.5,Q05,skycell-rw,0.025,0.073,256,44
0.5,Q05,skycell,0.01,0.022,9,44
0.5,Q05,pgsphere,0.01,0.019,6,44
0.5,Q05,pgsphere,0.01,0.022,6,61
0.5,Q05,skycell-rw,0.025,0.065,242,61
0.5,Q05,skycell,0.01,0.022,11,61
0.5,Q05,skycell,0.01,0.024,8,37
0.5,Q05,pgsphere,0.019,0.022,6,37
0.5,Q05,skycell-rw,0.033,0.072,196,37
0.5,Q05,skycell,0.012,0.025,9,80
0.5,Q05,pgsphere,0.013,0.026,6,80
0.5,Q05,skycell-rw,0.046,0.089,262,80
0.5,Q05,skycell,0.011,0.024,12,56
0.5,Q05,pgsphere,0.01,0.021,6,56
0.5,Q05,skycell-rw,0.033,0.216,262,56
0.5,Q05,skycell,0.017,0.067,14,33
0.5,Q05,pgsphere,0.012,0.024,9,33
0.5,Q05,skycell-rw,0.054,0.063,214,33
0.5,Q05,skycell-rw,0.046,0.04,25,68
0.5,Q05,pgsphere,0.015,0.033,8,68
0.5,Q05,skycell,0.014,0.028,17,68
0.5,Q05,skycell,0.012,0.024,10,47
0.5,Q05,skycell-rw,0.03,0.026,10,47
0.5,Q05,pgsphere,0.011,0.022,5,47
0.5,Q05,skycell,0.012,0.029,11,47
0.5,Q05,skycell-rw,0.039,0.028,11,47
0.5,Q05,pgsphere,0.015,0.023,5,47
0.5,Q05,pgsphere,0.011,0.026,8,83
0.5,Q05,skycell,0.011,0.055,22,83
0.5,Q05,skycell-rw,0.021,0.241,734,83
0.5,Q05,skycell-rw,0.027,0.087,214,42
0.5,Q05,skycell,0.011,0.021,7,42
0.5,Q05,pgsphere,0.011,0.02,5,42
0.5,Q05,pgsphere,0.011,0.019,5,49
0.5,Q05,skycell,0.024,0.032,21,49
0.5,Q05,skycell-rw,0.05,0.049,29,49
0.5,Q05,skycell-rw,0.043,0.027,15,36
0.5,Q05,skycell,0.011,0.022,15,36
0.5,Q05,pgsphere,0.012,0.022,7,36
0.5,Q05,skycell-rw,0.043,0.029,16,45
0.5,Q05,skycell,0.011,0.025,16,45
0.5,Q05,pgsphere,0.011,0.019,5,45
0.5,Q05,skycell-rw,0.033,0.162,490,69
0.5,Q05,pgsphere,0.013,0.031,12,69
0.5,Q05,skycell,0.027,0.044,15,69
0.5,Q05,skycell,0.011,0.025,11,62
0.5,Q05,skycell-rw,0.021,0.103,262,62
0.5,Q05,pgsphere,0.016,0.024,5,62
0.5,Q05,skycell-rw,0.021,0.179,518,66
0.5,Q05,pgsphere,0.011,0.026,7,66
0.5,Q05,skycell,0.012,0.04,16,66
0.5,Q05,skycell,0.011,0.018,11,31
0.5,Q05,skycell-rw,0.031,0.029,11,31
0.5,Q05,pgsphere,0.012,0.018,5,31
0.5,Q05,skycell-rw,0.07,0.107,262,33
0.5,Q05,pgsphere,0.011,0.019,5,33
0.5,Q05,skycell,0.011,0.023,8,33
0.5,Q05,skycell-rw,0.021,0.093,260,31
0.5,Q05,skycell,0.017,0.029,7,31
0.5,Q05,pgsphere,0.014,0.019,5,31
0.5,Q05,skycell,0.017,0.027,8,62
0.5,Q05,skycell-rw,0.023,0.098,262,62
0.5,Q05,pgsphere,0.011,0.023,5,62
0.5,Q05,pgsphere,0.011,0.018,5,33
0.5,Q05,skycell,0.011,0.022,8,33
0.5,Q05,skycell-rw,0.024,0.113,262,33
0.5,Q05,pgsphere,0.011,0.019,5,42
0.5,Q05,skycell,0.011,0.023,7,42
0.5,Q05,skycell-rw,0.044,0.132,214,42
0.5,Q05,skycell-rw,0.033,0.022,11,31
0.5,Q05,pgsphere,0.017,0.02,5,31
0.5,Q05,skycell,0.012,0.019,11,31
0.5,Q05,pgsphere,0.012,0.03,14,56
0.5,Q05,skycell,0.011,0.03,16,56
0.5,Q05,skycell-rw,0.03,0.032,16,56
0.5,Q05,pgsphere,0.013,0.019,5,45
0.5,Q05,skycell-rw,0.042,0.03,16,45
0.5,Q05,skycell,0.011,0.025,16,45
0.5,Q05,pgsphere,0.014,0.024,5,58
0.5,Q05,skycell-rw,0.033,0.028,10,58
0.5,Q05,skycell,0.011,0.024,10,58
0.5,Q05,pgsphere,0.014,0.028,5,92
0.5,Q05,skycell-rw,0.026,0.103,260,92
0.5,Q05,skycell,0.012,0.026,13,92
0.5,Q05,skycell-rw,0.135,0.061,15,36
0.5,Q05,skycell,0.012,0.023,15,36
0.5,Q05,pgsphere,0.012,0.022,7,36
0.5,Q05,pgsphere,0.011,0.021,5,44
0.5,Q05,skycell,0.011,0.023,7,44
0.5,Q05,skycell-rw,0.021,0.099,260,44
0.5,Q05,pgsphere,0.016,0.027,5,55
0.5,Q05,skycell,0.011,0.023,7,55
0.5,Q05,skycell-rw,0.02,0.111,260,55
0.5,Q05,skycell,0.043,0.04,15,69
0.5,Q05,skycell-rw,0.021,0.276,490,69
0.5,Q05,pgsphere,0.028,0.037,12,69
0.5,Q05,skycell,0.012,0.025,8,62
0.5,Q05,skycell-rw,0.042,0.098,262,62
0.5,Q05,pgsphere,0.012,0.023,5,62
0.5,Q05,skycell,0.011,0.024,9,80
0.5,Q05,skycell-rw,0.022,0.083,262,80
0.5,Q05,pgsphere,0.012,0.026,6,80
0.5,Q05,skycell-rw,0.039,0.084,262,56
0.5,Q05,skycell,0.012,0.026,12,56
0.5,Q05,pgsphere,0.011,0.022,6,56
0.5,Q05,skycell-rw,0.049,0.042,28,40
0.5,Q05,skycell,0.014,0.025,18,40
0.5,Q05,pgsphere,0.024,0.034,9,40
0.5,Q05,skycell-rw,0.022,0.062,214,33
0.5,Q05,skycell,0.011,0.022,14,33
0.5,Q05,pgsphere,0.011,0.023,9,33
0.5,Q05,skycell,0.011,0.023,9,44
0.5,Q05,skycell-rw,0.023,0.076,256,44
0.5,Q05,pgsphere,0.011,0.02,6,44
0.5,Q05,pgsphere,0.011,0.017,5,31
0.5,Q05,skycell,0.015,0.024,7,31
0.5,Q05,skycell-rw,0.021,0.101,260,31
0.5,Q05,skycell-rw,0.058,0.051,29,49
0.5,Q05,skycell,0.011,0.029,21,49
0.5,Q05,pgsphere,0.011,0.021,5,49
0.5,Q05,pgsphere,0.011,0.023,6,61
0.5,Q05,skycell-rw,0.02,0.068,242,61
0.5,Q05,skycell,0.01,0.024,11,61
0.5,Q05,skycell-rw,0.054,0.044,25,68
0.5,Q05,pgsphere,0.012,0.03,8,68
0.5,Q05,skycell,0.013,0.027,17,68
0.5,Q05,pgsphere,0.014,0.021,5,47
0.5,Q05,skycell-rw,0.03,0.026,11,47
0.5,Q05,skycell,0.022,0.026,11,47
0.5,Q05,skycell,0.011,0.024,8,56
0.5,Q05,skycell-rw,0.023,0.104,260,56
0.5,Q05,pgsphere,0.012,0.029,6,56
0.5,Q05,skycell,0.012,0.02,8,37
0.5,Q05,pgsphere,0.011,0.019,6,37
0.5,Q05,skycell-rw,0.021,0.106,196,37
0.5,Q05,skycell-rw,0.027,0.101,262,48
0.5,Q05,pgsphere,0.012,0.022,5,48
0.5,Q05,skycell,0.037,0.026,8,48
0.5,Q05,skycell-rw,0.021,0.744,1134,41
0.5,Q05,pgsphere,0.017,0.022,6,41
0.5,Q05,skycell,0.021,0.057,25,41
0.5,Q05,skycell,0.011,0.051,22,83
0.5,Q05,skycell-rw,0.031,0.243,734,83
0.5,Q05,pgsphere,0.012,0.027,8,83
0.5,Q05,skycell-rw,0.028,0.181,518,66
0.5,Q05,pgsphere,0.011,0.027,7,66
0.5,Q05,skycell,0.025,0.102,16,66
0.5,Q05,skycell,0.014,0.025,10,47
0.5,Q05,skycell-rw,0.062,0.04,10,47
0.5,Q05,pgsphere,0.012,0.023,5,47
0.5,Q05,skycell-rw,0.023,0.148,262,62
0.5,Q05,pgsphere,0.054,0.026,5,62
0.5,Q05,skycell,0.011,0.025,11,62
0.5,Q06,pgsphere,0.011,0.117,12,256
0.5,Q06,skycell-rw,0.058,0.136,48,256
0.5,Q06,skycell,0.014,0.09,42,256
0.5,Q06,pgsphere,0.014,0.031,6,128
0.5,Q06,skycell,0.028,0.04,20,128
0.5,Q06,skycell-rw,0.032,0.062,23,128
0.5,Q06,skycell-rw,0.066,0.164,41,640
0.5,Q06,pgsphere,0.026,0.541,24,640
0.5,Q06,skycell,0.033,0.112,40,640
0.5,Q06,skycell,0.018,0.042,25,128
0.5,Q06,skycell-rw,0.036,0.045,16,128
0.5,Q06,pgsphere,0.012,0.031,6,128
0.5,Q06,skycell,0.048,1.026,310,3900
0.5,Q06,skycell-rw,0.183,1.224,304,3900
0.5,Q06,pgsphere,0.047,1.046,291,3900
0.5,Q06,skycell,0.027,0.212,69,990
0.5,Q06,skycell-rw,0.06,0.177,66,990
0.5,Q06,pgsphere,0.014,0.175,37,990
0.5,Q06,skycell-rw,0.12,0.348,103,1177
0.5,Q06,pgsphere,0.019,0.282,56,1177
0.5,Q06,skycell,0.02,0.265,101,1177
0.5,Q06,pgsphere,0.012,0.112,23,512
0.5,Q06,skycell,0.018,0.128,43,512
0.5,Q06,skycell-rw,0.07,0.106,44,512
0.5,Q06,skycell-rw,0.089,0.313,102,1295
0.5,Q06,pgsphere,0.045,0.285,87,1295
0.5,Q06,skycell,0.027,0.362,102,1295
0.5,Q06,skycell-rw,0.088,0.366,124,1485
0.5,Q06,skycell,0.018,0.285,117,1485
0.5,Q06,pgsphere,0.014,0.351,67,1485
0.5,Q06,skycell-rw,0.188,0.336,90,1020
0.5,Q06,skycell,0.026,0.19,85,1020
0.5,Q06,pgsphere,0.028,0.296,47,1020
0.5,Q06,pgsphere,0.012,0.055,11,163
0.5,Q06,skycell-rw,0.092,0.127,43,163
0.5,Q06,skycell,0.046,0.083,43,163
0.5,Q06,pgsphere,0.027,0.363,96,1509
0.5,Q06,skycell-rw,0.133,0.341,138,1509
0.5,Q06,skycell,0.024,0.267,131,1509
0.5,Q06,skycell,0.067,0.529,185,2448
0.5,Q06,pgsphere,0.026,0.703,158,2448
0.5,Q06,skycell-rw,0.124,0.525,184,2448
0.5,Q06,skycell-rw,0.058,0.158,38,128
0.5,Q06,skycell,0.021,0.085,37,128
0.5,Q06,pgsphere,0.063,0.068,12,128
0.5,Q06,skycell-rw,0.722,0.206,49,874
0.5,Q06,pgsphere,0.029,0.159,30,874
0.5,Q06,skycell,0.016,0.127,52,874
0.5,Q06,pgsphere,0.028,0.092,18,256
0.5,Q06,skycell-rw,0.058,0.104,46,256
0.5,Q06,skycell,0.018,0.056,32,256
0.5,Q06,pgsphere,0.011,0.03,5,128
0.5,Q06,skycell-rw,0.039,0.04,13,128
0.5,Q06,skycell,0.011,0.025,13,128
0.5,Q06,skycell,0.043,0.086,38,384
0.5,Q06,skycell-rw,0.068,0.079,38,384
0.5,Q06,pgsphere,0.012,0.098,23,384
0.5,Q06,skycell-rw,0.094,0.364,123,1090
0.5,Q06,skycell,0.028,0.338,114,1090
0.5,Q06,pgsphere,0.033,0.349,81,1090
0.5,Q06,skycell,0.015,0.075,40,256
0.5,Q06,skycell-rw,0.073,0.094,32,256
0.5,Q06,pgsphere,0.011,0.06,11,256
0.5,Q06,skycell,0.039,0.86,288,3109
0.5,Q06,skycell-rw,0.157,0.875,281,3109
0.5,Q06,pgsphere,0.041,0.798,227,3109
0.5,Q06,pgsphere,0.025,0.033,5,128
0.5,Q06,skycell-rw,0.082,0.077,31,128
0.5,Q06,skycell,0.044,0.114,21,128
0.5,Q06,skycell,0.036,0.317,115,1393
0.5,Q06,pgsphere,0.049,0.417,73,1393
0.5,Q06,skycell-rw,0.102,0.365,112,1393
0.5,Q06,pgsphere,0.026,0.094,20,262
0.5,Q06,skycell-rw,0.043,0.119,47,262
0.5,Q06,skycell,0.014,0.093,39,262
0.5,Q06,skycell,0.052,1.398,227,2534
0.5,Q06,skycell-rw,0.181,0.816,215,2534
0.5,Q06,pgsphere,0.03,0.659,165,2534
0.5,Q06,skycell-rw,0.121,0.168,35,256
0.5,Q06,pgsphere,0.034,0.117,12,256
0.5,Q06,skycell,0.029,0.109,35,256
0.5,Q06,skycell-rw,0.08,0.082,34,128
0.5,Q06,skycell,0.015,0.053,32,128
0.5,Q06,pgsphere,0.014,0.031,5,128
0.5,Q06,skycell,0.031,0.054,22,128
0.5,Q06,skycell-rw,0.087,0.051,16,128
0.5,Q06,pgsphere,0.014,0.034,8,128
0.5,Q06,pgsphere,0.028,0.372,129,1370
0.5,Q06,skycell-rw,0.129,0.593,165,1370
0.5,Q06,skycell,0.039,0.413,163,1370
0.5,Q06,skycell,0.013,0.147,43,512
0.5,Q06,skycell-rw,0.055,0.101,44,512
0.5,Q06,pgsphere,0.014,0.167,23,512
0.5,Q06,pgsphere,0.022,0.44,129,1370
0.5,Q06,skycell,0.035,0.373,163,1370
0.5,Q06,skycell-rw,0.119,0.458,165,1370
0.5,Q06,skycell,0.054,0.082,32,256
0.5,Q06,pgsphere,0.028,0.094,18,256
0.5,Q06,skycell-rw,0.064,0.111,46,256
0.5,Q06,pgsphere,0.037,0.085,5,128
0.5,Q06,skycell-rw,0.072,0.082,34,128
0.5,Q06,skycell,0.013,0.053,32,128
0.5,Q06,skycell-rw,0.134,0.462,123,1090
0.5,Q06,pgsphere,0.019,0.311,81,1090
0.5,Q06,skycell,0.016,0.274,114,1090
0.5,Q06,skycell,0.018,0.282,101,1177
0.5,Q06,skycell-rw,0.083,0.262,103,1177
0.5,Q06,pgsphere,0.019,0.245,56,1177
0.5,Q06,skycell-rw,0.101,0.594,215,2534
0.5,Q06,skycell,0.032,0.572,227,2534
0.5,Q06,pgsphere,0.032,0.627,165,2534
0.5,Q06,skycell,0.016,0.026,13,128
0.5,Q06,pgsphere,0.015,0.03,5,128
0.5,Q06,skycell-rw,0.078,0.045,13,128
0.5,Q06,pgsphere,0.018,0.227,47,1020
0.5,Q06,skycell,0.015,0.206,85,1020
0.5,Q06,skycell-rw,0.083,0.372,90,1020
0.5,Q06,skycell,0.032,0.09,37,128
0.5,Q06,pgsphere,0.022,0.109,12,128
0.5,Q06,skycell-rw,0.051,0.142,38,128
0.5,Q06,skycell-rw,0.109,0.312,112,1393
0.5,Q06,pgsphere,0.031,0.39,73,1393
0.5,Q06,skycell,0.021,0.301,115,1393
0.5,Q06,skycell-rw,0.057,0.14,49,874
0.5,Q06,skycell,0.014,0.124,52,874
0.5,Q06,pgsphere,0.023,0.16,30,874
0.5,Q06,skycell-rw,0.17,0.904,281,3109
0.5,Q06,skycell,0.044,1.143,288,3109
0.5,Q06,pgsphere,0.041,0.82,227,3109
0.5,Q06,skycell-rw,0.079,0.122,35,256
0.5,Q06,pgsphere,0.013,0.057,12,256
0.5,Q06,skycell,0.013,0.069,35,256
0.5,Q06,pgsphere,0.011,0.108,23,384
0.5,Q06,skycell-rw,0.07,0.074,38,384
0.5,Q06,skycell,0.014,0.064,38,384
0.5,Q06,skycell,0.015,0.039,22,128
0.5,Q06,pgsphere,0.011,0.034,8,128
0.5,Q06,skycell-rw,0.029,0.037,16,128
0.5,Q06,skycell,0.015,0.044,25,128
0.5,Q06,pgsphere,0.056,0.032,6,128
0.5,Q06,skycell-rw,0.028,0.049,16,128
0.5,Q06,skycell-rw,0.071,0.259,102,1295
0.5,Q06,skycell,0.051,0.55,102,1295
0.5,Q06,pgsphere,0.031,0.332,87,1295
0.5,Q06,skycell,0.017,0.179,69,990
0.5,Q06,pgsphere,0.014,0.176,37,990
0.5,Q06,skycell-rw,0.097,0.183,66,990
0.5,Q06,skycell,0.015,0.092,42,256
0.5,Q06,pgsphere,0.013,0.06,12,256
0.5,Q06,skycell-rw,0.067,0.168,48,256
0.5,Q06,skycell-rw,0.124,0.402,138,1509
0.5,Q06,skycell,0.022,0.306,131,1509
0.5,Q06,pgsphere,0.024,0.37,96,1509
0.5,Q06,pgsphere,0.021,0.044,5,128
0.5,Q06,skycell-rw,0.053,0.1,31,128
0.5,Q06,skycell,0.013,0.033,21,128
0.5,Q06,skycell-rw,0.076,0.797,43,163
0.5,Q06,pgsphere,0.024,0.058,11,163
0.5,Q06,skycell,0.013,0.072,43,163
0.5,Q06,skycell,0.013,0.28,117,1485
0.5,Q06,pgsphere,0.014,0.344,67,1485
0.5,Q06,skycell-rw,0.105,0.427,124,1485
0.5,Q06,skycell-rw,0.231,1.088,304,3900
0.5,Q06,pgsphere,0.049,1.06,291,3900
0.5,Q06,skycell,0.043,0.96,310,3900
0.5,Q06,pgsphere,0.019,0.09,20,262
0.5,Q06,skycell,0.013,0.098,39,262
0.5,Q06,skycell-rw,0.041,0.174,47,262
0.5,Q06,skycell,0.03,0.551,185,2448
0.5,Q06,pgsphere,0.048,0.602,158,2448
0.5,Q06,skycell-rw,0.13,0.561,184,2448
0.5,Q06,skycell,0.014,0.03,20,128
0.5,Q06,pgsphere,0.013,0.03,6,128
0.5,Q06,skycell-rw,0.032,0.054,23,128
0.5,Q06,pgsphere,0.012,0.06,11,256
0.5,Q06,skycell-rw,0.038,0.083,32,256
0.5,Q06,skycell,0.013,0.114,40,256
0.5,Q06,pgsphere,0.011,0.119,24,640
0.5,Q06,skycell-rw,0.041,0.1,41,640
0.5,Q06,skycell,0.011,0.092,40,640
0.5,Q06,skycell,0.02,0.039,22,128
0.5,Q06,pgsphere,0.011,0.034,8,128
0.5,Q06,skycell-rw,0.029,0.038,16,128
0.5,Q06,skycell-rw,0.069,0.162,41,640
0.5,Q06,skycell,0.079,0.159,40,640
0.5,Q06,pgsphere,0.033,0.209,24,640
0.5,Q06,skycell,0.023,0.175,39,262
0.5,Q06,skycell-rw,0.083,0.243,47,262
0.5,Q06,pgsphere,0.031,0.148,20,262
0.5,Q06,pgsphere,0.041,0.498,56,1177
0.5,Q06,skycell,0.04,0.308,101,1177
0.5,Q06,skycell-rw,0.104,0.333,103,1177
0.5,Q06,skycell-rw,0.215,0.91,184,2448
0.5,Q06,pgsphere,0.054,0.642,158,2448
0.5,Q06,skycell,0.039,0.586,185,2448
0.5,Q06,skycell,0.031,0.085,40,256
0.5,Q06,pgsphere,0.011,0.059,11,256
0.5,Q06,skycell-rw,0.145,0.092,32,256
0.5,Q06,skycell,0.022,0.258,131,1509
0.5,Q06,pgsphere,0.019,0.325,96,1509
0.5,Q06,skycell-rw,0.094,0.394,138,1509
0.5,Q06,skycell,0.045,0.969,310,3900
0.5,Q06,pgsphere,0.044,1.047,291,3900
0.5,Q06,skycell-rw,0.15,0.963,304,3900
0.5,Q06,skycell,0.031,0.086,38,384
0.5,Q06,skycell-rw,0.063,0.069,38,384
0.5,Q06,pgsphere,0.013,0.099,23,384
0.5,Q06,pgsphere,0.017,0.323,81,1090
0.5,Q06,skycell,0.014,0.298,114,1090
0.5,Q06,skycell-rw,0.101,0.413,123,1090
0.5,Q06,skycell-rw,0.167,0.84,281,3109
0.5,Q06,pgsphere,0.039,1.068,227,3109
0.5,Q06,skycell,0.053,0.781,288,3109
0.5,Q06,skycell-rw,0.098,0.079,43,163
0.5,Q06,skycell,0.014,0.07,43,163
0.5,Q06,pgsphere,0.011,0.059,11,163
0.5,Q06,pgsphere,0.017,0.181,37,990
0.5,Q06,skycell,0.013,0.158,69,990
0.5,Q06,skycell-rw,0.06,0.221,66,990
0.5,Q06,skycell-rw,0.074,0.065,31,128
0.5,Q06,pgsphere,0.013,0.034,5,128
0.5,Q06,skycell,0.015,0.033,21,128
0.5,Q06,skycell-rw,0.063,0.212,90,1020
0.5,Q06,pgsphere,0.012,0.222,47,1020
0.5,Q06,skycell,0.02,0.182,85,1020
0.5,Q06,skycell,0.017,0.309,117,1485
0.5,Q06,skycell-rw,0.057,0.339,124,1485
0.5,Q06,pgsphere,0.019,0.341,67,1485
0.5,Q06,pgsphere,0.011,0.062,12,128
0.5,Q06,skycell-rw,0.047,0.087,38,128
0.5,Q06,skycell,0.011,0.046,37,128
0.5,Q06,skycell-rw,0.112,0.642,215,2534
0.5,Q06,pgsphere,0.028,0.612,165,2534
0.5,Q06,skycell,0.032,0.614,227,2534
0.5,Q06,pgsphere,0.027,0.349,129,1370
0.5,Q06,skycell,0.021,0.362,163,1370
0.5,Q06,skycell-rw,0.089,0.424,165,1370
0.5,Q06,skycell-rw,0.081,0.117,48,256
0.5,Q06,pgsphere,0.011,0.058,12,256
0.5,Q06,skycell,0.011,0.119,42,256
0.5,Q06,skycell-rw,0.054,0.07,34,128
0.5,Q06,skycell,0.011,0.052,32,128
0.5,Q06,pgsphere,0.011,0.03,5,128
0.5,Q06,skycell-rw,0.157,0.391,112,1393
0.5,Q06,skycell,0.024,0.272,115,1393
0.5,Q06,pgsphere,0.02,0.343,73,1393
0.5,Q06,pgsphere,0.017,0.157,30,874
0.5,Q06,skycell,0.012,0.144,52,874
0.5,Q06,skycell-rw,0.062,0.14,49,874
0.5,Q06,skycell,0.019,0.028,13,128
0.5,Q06,skycell-rw,0.054,0.031,13,128
0.5,Q06,pgsphere,0.011,0.029,5,128
0.5,Q06,skycell-rw,0.07,0.121,44,512
0.5,Q06,skycell,0.012,0.089,43,512
0.5,Q06,pgsphere,0.011,0.119,23,512
0.5,Q06,skycell,0.012,0.027,20,128
0.5,Q06,skycell-rw,0.05,0.103,23,128
0.5,Q06,pgsphere,0.021,0.032,6,128
0.5,Q06,pgsphere,0.011,0.055,12,256
0.5,Q06,skycell-rw,0.068,0.076,35,256
0.5,Q06,skycell,0.012,0.068,35,256
0.5,Q06,pgsphere,0.014,0.029,6,128
0.5,Q06,skycell-rw,0.03,0.04,16,128
0.5,Q06,skycell,0.01,0.039,25,128
0.5,Q06,pgsphere,0.015,0.09,18,256
0.5,Q06,skycell,0.011,0.052,32,256
0.5,Q06,skycell-rw,0.045,0.1,46,256
0.5,Q06,skycell-rw,0.084,0.275,102,1295
0.5,Q06,pgsphere,0.014,0.296,87,1295
0.5,Q06,skycell,0.018,0.234,102,1295
0.5,Q07,pgsphere,0.018,0.064,19,205
0.5,Q07,skycell,0.016,0.057,36,205
0.5,Q07,skycell-rw,0.036,0.387,1152,205
0.5,Q07,skycell-rw,0.039,0.082,36,128
0.5,Q07,pgsphere,0.015,0.069,16,128
0.5,Q07,skycell,0.019,0.072,36,128
0.5,Q07,pgsphere,0.014,0.053,18,140
0.5,Q07,skycell-rw,0.06,0.046,38,140
0.5,Q07,skycell,0.015,0.041,39,140
0.5,Q07,skycell,0.014,0.025,7,128
0.5,Q07,skycell-rw,0.027,0.133,260,128
0.5,Q07,pgsphere,0.021,0.051,5,128
0.5,Q07,skycell-rw,0.044,0.418,1270,42
0.5,Q07,skycell,0.016,0.073,28,42
0.5,Q07,pgsphere,0.014,0.056,18,42
0.5,Q07,pgsphere,0.018,0.029,5,0
0.5,Q07,skycell,0.015,0.02,17,0
0.5,Q07,skycell-rw,0.051,0.027,17,0
0.5,Q07,skycell,0.02,0.036,19,16
0.5,Q07,pgsphere,0.016,0.044,11,16
0.5,Q07,skycell-rw,0.035,0.047,24,16
0.5,Q07,pgsphere,0.017,0.033,5,128
0.5,Q07,skycell-rw,0.034,0.029,11,128
0.5,Q07,skycell,0.014,0.027,11,128
0.5,Q07,skycell-rw,0.026,0.098,260,0
0.5,Q07,skycell,0.014,0.034,8,0
0.5,Q07,pgsphere,0.014,0.027,6,0
0.5,Q07,skycell-rw,0.041,0.073,40,128
0.5,Q07,pgsphere,0.014,0.07,29,128
0.5,Q07,skycell,0.016,0.075,40,128
0.5,Q07,skycell,0.014,0.075,35,128
0.5,Q07,skycell-rw,0.043,0.083,35,128
0.5,Q07,pgsphere,0.014,0.063,22,128
0.5,Q07,skycell,0.014,0.026,14,128
0.5,Q07,skycell-rw,0.056,0.032,14,128
0.5,Q07,pgsphere,0.014,0.03,5,128
0.5,Q07,skycell,0.014,0.025,7,128
0.5,Q07,skycell-rw,0.027,0.102,260,128
0.5,Q07,pgsphere,0.014,0.031,5,128
0.5,Q07,pgsphere,0.014,0.123,37,259
0.5,Q07,skycell-rw,0.096,0.172,52,259
0.5,Q07,skycell,0.04,0.148,49,259
0.5,Q07,pgsphere,0.023,0.034,5,128
0.5,Q07,skycell,0.015,0.025,8,128
0.5,Q07,skycell-rw,0.025,0.093,262,128
0.5,Q07,skycell,0.017,0.056,32,159
0.5,Q07,skycell-rw,0.052,0.065,29,159
0.5,Q07,pgsphere,0.015,0.056,8,159
0.5,Q07,skycell-rw,0.036,0.04,15,128
0.5,Q07,skycell,0.033,0.031,8,128
0.5,Q07,pgsphere,0.015,0.031,5,128
0.5,Q07,skycell-rw,0.052,0.131,41,173
0.5,Q07,pgsphere,0.015,0.06,14,173
0.5,Q07,skycell,0.014,0.062,32,173
0.5,Q07,skycell-rw,0.074,0.059,28,254
0.5,Q07,skycell,0.014,0.051,25,254
0.5,Q07,pgsphere,0.015,0.056,11,254
0.5,Q07,skycell-rw,0.025,0.076,262,0
0.5,Q07,pgsphere,0.014,0.026,6,0
0.5,Q07,skycell,0.015,0.02,12,0
0.5,Q07,skycell-rw,0.034,0.028,10,128
0.5,Q07,skycell,0.014,0.026,10,128
0.5,Q07,pgsphere,0.015,0.031,5,128
0.5,Q07,skycell-rw,0.043,0.03,15,128
0.5,Q07,skycell,0.014,0.027,15,128
0.5,Q07,pgsphere,0.015,0.032,6,128
0.5,Q07,skycell,0.015,0.066,47,207
0.5,Q07,skycell-rw,0.051,0.068,46,207
0.5,Q07,pgsphere,0.021,0.065,21,207
0.5,Q07,skycell,0.015,0.045,14,190
0.5,Q07,pgsphere,0.014,0.053,9,190
0.5,Q07,skycell-rw,0.024,0.159,520,190
0.5,Q07,skycell,0.042,0.028,7,128
0.5,Q07,skycell-rw,0.025,0.101,260,128
0.5,Q07,pgsphere,0.014,0.03,5,128
0.5,Q07,pgsphere,0.013,0.031,5,128
0.5,Q07,skycell,0.014,0.026,11,128
0.5,Q07,skycell-rw,0.033,0.032,11,128
0.5,Q07,skycell-rw,0.05,0.133,260,128
0.5,Q07,pgsphere,0.014,0.261,6,128
0.5,Q07,skycell,0.014,0.026,11,128
0.5,Q07,skycell-rw,0.064,0.045,22,128
0.5,Q07,skycell,0.015,0.039,22,128
0.5,Q07,pgsphere,0.014,0.057,6,128
0.5,Q07,skycell,0.016,0.019,7,0
0.5,Q07,skycell-rw,0.024,0.087,260,0
0.5,Q07,pgsphere,0.013,0.025,5,0
0.5,Q07,skycell-rw,0.053,0.041,21,128
0.5,Q07,pgsphere,0.014,0.035,5,128
0.5,Q07,skycell,0.013,0.032,17,128
0.5,Q07,pgsphere,0.026,0.053,18,140
0.5,Q07,skycell,0.015,0.04,39,140
0.5,Q07,skycell-rw,0.049,0.07,38,140
0.5,Q07,skycell-rw,0.061,0.066,29,159
0.5,Q07,pgsphere,0.03,0.05,8,159
0.5,Q07,skycell,0.04,0.062,32,159
0.5,Q07,skycell-rw,0.031,0.097,260,128
0.5,Q07,skycell,0.014,0.025,7,128
0.5,Q07,pgsphere,0.014,0.031,5,128
0.5,Q07,skycell-rw,0.042,0.03,10,128
0.5,Q07,skycell,0.014,0.025,10,128
0.5,Q07,pgsphere,0.014,0.03,5,128
0.5,Q07,skycell-rw,0.037,0.079,40,128
0.5,Q07,pgsphere,0.014,0.067,29,128
0.5,Q07,skycell,0.014,0.087,40,128
0.5,Q07,pgsphere,0.016,0.105,22,128
0.5,Q07,skycell-rw,0.039,0.081,35,128
0.5,Q07,skycell,0.017,0.073,35,128
0.5,Q07,pgsphere,0.014,0.026,6,0
0.5,Q07,skycell-rw,0.023,0.098,262,0
0.5,Q07,skycell,0.024,0.021,12,0
0.5,Q07,pgsphere,0.014,0.029,5,128
0.5,Q07,skycell-rw,0.041,0.028,14,128
0.5,Q07,skycell,0.014,0.026,14,128
0.5,Q07,skycell,0.023,0.032,8,128
0.5,Q07,skycell-rw,0.025,0.091,262,128
0.5,Q07,pgsphere,0.025,0.038,5,128
0.5,Q07,skycell-rw,0.025,0.088,260,128
0.5,Q07,pgsphere,0.014,0.055,5,128
0.5,Q07,skycell,0.016,0.026,7,128
0.5,Q07,skycell,0.013,0.026,11,128
0.5,Q07,skycell-rw,0.023,0.099,260,128
0.5,Q07,pgsphere,0.014,0.03,6,128
0.5,Q07,skycell,0.014,0.019,17,0
0.5,Q07,pgsphere,0.013,0.026,5,0
0.5,Q07,skycell-rw,0.049,0.026,17,0
0.5,Q07,skycell,0.014,0.018,8,0
0.5,Q07,skycell-rw,0.024,0.094,260,0
0.5,Q07,pgsphere,0.018,0.028,6,0
0.5,Q07,skycell,0.021,0.072,36,128
0.5,Q07,skycell-rw,0.033,0.078,36,128
0.5,Q07,pgsphere,0.016,0.054,16,128
0.5,Q07,pgsphere,0.013,0.03,6,128
0.5,Q07,skycell,0.014,0.039,22,128
0.5,Q07,skycell-rw,0.061,0.043,22,128
0.5,Q07,pgsphere,0.014,0.03,5,128
0.5,Q07,skycell,0.014,0.025,11,128
0.5,Q07,skycell-rw,0.032,0.041,11,128
0.5,Q07,pgsphere,0.014,0.06,14,173
0.5,Q07,skycell-rw,0.055,0.092,41,173
0.5,Q07,skycell,0.015,0.059,32,173
0.5,Q07,pgsphere,0.047,0.035,5,128
0.5,Q07,skycell-rw,0.046,0.032,11,128
0.5,Q07,skycell,0.014,0.026,11,128
0.5,Q07,skycell,0.019,0.068,47,207
0.5,Q07,pgsphere,0.014,0.061,21,207
0.5,Q07,skycell-rw,0.049,0.065,46,207
0.5,Q07,skycell,0.014,0.033,17,128
0.5,Q07,pgsphere,0.014,0.03,5,128
0.5,Q07,skycell-rw,0.071,0.042,21,128
0.5,Q07,skycell-rw,0.046,0.101,52,259
0.5,Q07,pgsphere,0.015,0.104,37,259
0.5,Q07,skycell,0.015,0.092,49,259
0.5,Q07,pgsphere,0.017,0.086,11,254
0.5,Q07,skycell-rw,0.059,0.054,28,254
0.5,Q07,skycell,0.014,0.049,25,254
0.5,Q07,pgsphere,0.014,0.062,9,190
0.5,Q07,skycell,0.014,0.041,14,190
0.5,Q07,skycell-rw,0.024,0.185,520,190
0.5,Q07,skycell-rw,0.073,0.481,1270,42
0.5,Q07,pgsphere,0.02,0.056,18,42
0.5,Q07,skycell,0.015,0.067,28,42
0.5,Q07,skycell-rw,0.069,0.05,15,128
0.5,Q07,pgsphere,0.016,0.576,6,128
0.5,Q07,skycell,0.017,0.028,15,128
0.5,Q07,pgsphere,0.014,0.042,11,16
0.5,Q07,skycell,0.034,0.047,19,16
0.5,Q07,skycell-rw,0.034,0.045,24,16
0.5,Q07,skycell,0.017,0.69,36,205
0.5,Q07,pgsphere,0.018,0.062,19,205
0.5,Q07,skycell-rw,0.047,0.38,1152,205
0.5,Q07,skycell-rw,0.461,0.052,15,128
0.5,Q07,skycell,0.017,0.027,8,128
0.5,Q07,pgsphere,0.015,0.031,5,128
0.5,Q07,pgsphere,0.018,0.033,5,128
0.5,Q07,skycell,0.04,0.029,7,128
0.5,Q07,skycell-rw,0.053,0.111,260,128
0.5,Q07,skycell,0.019,0.031,7,0
0.5,Q07,skycell-rw,0.043,0.103,260,0
0.5,Q07,pgsphere,0.015,0.027,5,0
0.5,Q07,skycell,0.016,0.027,11,128
0.5,Q07,skycell-rw,0.035,0.028,11,128
0.5,Q07,pgsphere,0.63,0.045,5,128
0.5,Q07,pgsphere,0.028,0.064,19,205
0.5,Q07,skycell-rw,0.061,0.412,1152,205
0.5,Q07,skycell,0.019,0.06,36,205
0.5,Q07,pgsphere,0.015,0.028,6,0
0.5,Q07,skycell,0.014,0.019,8,0
0.5,Q07,skycell-rw,0.053,0.137,260,0
0.5,Q07,pgsphere,0.038,0.049,11,16
0.5,Q07,skycell-rw,0.037,0.049,24,16
0.5,Q07,skycell,0.017,0.036,19,16
0.5,Q07,skycell,0.035,0.022,7,0
0.5,Q07,skycell-rw,0.658,0.123,260,0
0.5,Q07,pgsphere,0.015,0.027,5,0
0.5,Q07,skycell-rw,0.024,0.688,262,0
0.5,Q07,pgsphere,0.015,0.027,6,0
0.5,Q07,skycell,0.014,0.02,12,0
0.5,Q07,skycell,0.014,0.645,15,128
0.5,Q07,pgsphere,0.016,0.032,6,128
0.5,Q07,skycell-rw,0.045,0.031,15,128
0.5,Q07,skycell-rw,0.026,0.097,260,128
0.5,Q07,pgsphere,0.015,0.032,5,128
0.5,Q07,skycell,0.016,0.026,7,128
0.5,Q07,skycell-rw,0.027,0.103,260,128
0.5,Q07,skycell,0.026,0.028,7,128
0.5,Q07,pgsphere,0.015,0.07,5,128
0.5,Q07,skycell-rw,0.044,0.043,21,128
0.5,Q07,pgsphere,0.015,0.031,5,128
0.5,Q07,skycell,0.014,0.032,17,128
0.5,Q07,skycell-rw,0.052,0.042,22,128
0.5,Q07,pgsphere,0.014,0.042,6,128
0.5,Q07,skycell,0.02,0.042,22,128
0.5,Q07,pgsphere,0.053,0.03,5,0
0.5,Q07,skycell-rw,0.057,0.036,17,0
0.5,Q07,skycell,0.014,0.02,17,0
0.5,Q07,skycell,0.019,0.04,39,140
0.5,Q07,skycell-rw,0.049,0.062,38,140
0.5,Q07,pgsphere,0.023,0.054,18,140
0.5,Q07,pgsphere,0.016,0.107,21,207
0.5,Q07,skycell,0.288,0.083,47,207
0.5,Q07,skycell-rw,0.106,0.117,46,207
0.5,Q07,pgsphere,0.051,0.169,29,128
0.5,Q07,skycell-rw,0.068,0.089,40,128
0.5,Q07,skycell,0.018,0.061,40,128
0.5,Q07,pgsphere,0.044,0.057,9,190
0.5,Q07,skycell,0.015,0.042,14,190
0.5,Q07,skycell-rw,0.053,0.169,520,190
0.5,Q07,skycell,0.016,0.523,36,128
0.5,Q07,skycell-rw,0.066,0.911,36,128
0.5,Q07,pgsphere,0.02,0.057,16,128
0.5,Q07,skycell,0.037,0.086,35,128
0.5,Q07,skycell-rw,0.043,0.08,35,128
0.5,Q07,pgsphere,0.018,0.485,22,128
0.5,Q07,pgsphere,0.017,0.055,18,42
0.5,Q07,skycell-rw,0.051,0.397,1270,42
0.5,Q07,skycell,0.04,0.408,28,42
0.5,Q07,pgsphere,0.019,0.033,5,128
0.5,Q07,skycell-rw,0.035,0.028,11,128
0.5,Q07,skycell,0.017,0.051,11,128
0.5,Q07,skycell-rw,0.052,0.089,41,173
0.5,Q07,skycell,0.02,0.063,32,173
0.5,Q07,pgsphere,0.032,0.088,14,173
0.5,Q07,skycell-rw,0.082,0.032,10,128
0.5,Q07,skycell,0.016,0.026,10,128
0.5,Q07,pgsphere,0.014,0.031,5,128
0.5,Q07,pgsphere,0.043,0.664,5,128
0.5,Q07,skycell-rw,0.067,0.038,14,128
0.5,Q07,skycell,0.015,0.027,14,128
0.5,Q07,skycell-rw,0.076,0.124,52,259
0.5,Q07,pgsphere,0.019,0.72,37,259
0.5,Q07,skycell,0.018,0.1,49,259
0.5,Q07,skycell,0.014,0.024,8,128
0.5,Q07,pgsphere,0.028,0.033,5,128
0.5,Q07,skycell-rw,0.03,0.107,262,128
0.5,Q07,pgsphere,0.015,0.044,5,128
0.5,Q07,skycell-rw,0.024,0.091,260,128
0.5,Q07,skycell,0.014,0.025,7,128
0.5,Q07,skycell,0.016,0.055,32,159
0.5,Q07,skycell-rw,0.056,0.067,29,159
0.5,Q07,pgsphere,0.039,0.056,8,159
0.5,Q07,skycell,0.016,0.051,25,254
0.5,Q07,skycell-rw,0.102,0.063,28,254
0.5,Q07,pgsphere,0.015,0.055,11,254
0.5,Q07,skycell-rw,0.035,0.039,15,128
0.5,Q07,skycell,0.037,0.028,8,128
0.5,Q07,pgsphere,0.015,0.03,5,128
0.5,Q07,pgsphere,0.014,0.03,6,128
0.5,Q07,skycell-rw,0.024,0.619,260,128
0.5,Q07,skycell,0.015,0.026,11,128
0.5,Q12,skycell-rw,0.02,0.005,3,0
0.5,Q12,pgsphere,0.01,0.011,3,0
0.5,Q12,skycell,0.601,0.016,3,0
0.5,Q12,skycell,0.014,0.006,3,0
0.5,Q12,skycell-rw,0.02,0.005,3,0
0.5,Q12,pgsphere,0.012,0.011,3,0
0.5,Q12,skycell-rw,0.019,0.005,3,0
0.5,Q12,skycell,0.011,0.005,3,0
0.5,Q12,pgsphere,0.01,0.011,3,0
0.5,Q12,pgsphere,0.01,0.01,3,0
0.5,Q12,skycell-rw,0.02,0.005,3,0
0.5,Q12,skycell,0.014,0.005,3,0
0.5,Q12,skycell-rw,0.031,0.006,3,0
0.5,Q12,skycell,0.01,0.004,3,0
0.5,Q12,pgsphere,0.01,0.01,3,0
0.5,Q12,pgsphere,0.009,0.009,3,0
0.5,Q12,skycell,0.01,0.004,3,0
0.5,Q12,skycell-rw,0.02,0.005,3,0
0.5,Q12,skycell,0.01,0.004,3,0
0.5,Q12,skycell-rw,0.019,0.005,3,0
0.5,Q12,pgsphere,0.01,0.01,3,0
0.5,Q12,skycell-rw,0.046,0.009,6,0
0.5,Q12,skycell,0.01,0.005,6,0
0.5,Q12,pgsphere,0.01,0.012,3,0
0.5,Q12,skycell,0.01,0.004,3,0
0.5,Q12,pgsphere,0.011,0.011,3,0
0.5,Q12,skycell-rw,0.026,0.007,3,0
0.5,Q12,pgsphere,0.01,0.009,3,0
0.5,Q12,skycell,0.669,0.017,3,0
0.5,Q12,skycell-rw,0.025,0.006,3,0
0.5,Q12,skycell-rw,0.018,0.004,3,0
0.5,Q12,pgsphere,0.01,0.008,2,0
0.5,Q12,skycell,0.01,0.004,3,0
0.5,Q12,skycell,0.018,0.005,3,0
0.5,Q12,pgsphere,0.01,0.012,3,0
0.5,Q12,skycell-rw,0.018,0.005,3,0
0.5,Q12,pgsphere,0.01,0.01,3,0
0.5,Q12,skycell,0.027,0.006,3,0
0.5,Q12,skycell-rw,0.019,0.005,3,0
0.5,Q12,skycell,0.014,0.006,3,0
0.5,Q12,skycell-rw,0.018,0.005,3,0
0.5,Q12,pgsphere,0.024,0.021,4,0
0.5,Q12,skycell-rw,0.02,0.005,3,0
0.5,Q12,pgsphere,0.01,0.011,3,0
0.5,Q12,skycell,0.01,0.004,3,0
0.5,Q12,pgsphere,0.618,0.025,3,0
0.5,Q12,skycell-rw,0.02,0.005,3,0
0.5,Q12,skycell,0.01,0.004,3,0
0.5,Q12,pgsphere,0.01,0.01,3,0
0.5,Q12,skycell,0.011,0.005,3,0
0.5,Q12,skycell-rw,0.018,0.005,3,0
0.5,Q12,skycell-rw,0.018,0.005,3,0
0.5,Q12,skycell,0.01,0.004,3,0
0.5,Q12,pgsphere,0.023,0.013,3,0
0.5,Q12,pgsphere,0.01,0.01,3,0
0.5,Q12,skycell-rw,0.019,0.005,3,0
0.5,Q12,skycell,0.009,0.004,3,0
0.5,Q12,skycell-rw,0.018,0.547,3,0
0.5,Q12,pgsphere,0.011,0.013,4,0
0.5,Q12,skycell,0.01,0.004,3,0
0.5,Q12,pgsphere,0.011,0.011,3,0
0.5,Q12,skycell,0.01,0.004,3,0
0.5,Q12,skycell-rw,0.025,0.006,3,0
0.5,Q12,pgsphere,0.012,0.011,3,0
0.5,Q12,skycell,0.01,0.004,3,0
0.5,Q12,skycell-rw,0.018,0.005,3,0
0.5,Q12,pgsphere,0.023,0.016,3,0
0.5,Q12,skycell-rw,0.019,0.005,3,0
0.5,Q12,skycell,0.01,0.004,3,0
0.5,Q12,skycell-rw,0.018,0.006,6,0
0.5,Q12,pgsphere,0.021,0.015,3,0
0.5,Q12,skycell,0.01,0.006,6,0
0.5,Q12,pgsphere,0.01,0.031,3,0
0.5,Q12,skycell-rw,0.018,0.005,3,0
0.5,Q12,skycell,0.013,0.005,3,0
0.5,Q12,skycell-rw,0.018,0.005,3,0
0.5,Q12,pgsphere,0.013,0.013,3,0
0.5,Q12,skycell,0.011,0.004,3,0
0.5,Q12,skycell-rw,0.028,0.467,6,0
0.5,Q12,pgsphere,0.01,0.012,3,0
0.5,Q12,skycell,0.01,0.005,6,0
0.5,Q12,skycell-rw,0.028,0.007,6,0
0.5,Q12,skycell,0.011,0.005,6,0
0.5,Q12,pgsphere,0.011,0.017,5,0
0.5,Q12,pgsphere,0.01,0.009,3,0
0.5,Q12,skycell,0.023,0.009,3,0
0.5,Q12,skycell-rw,0.025,0.006,3,0
0.5,Q12,skycell,0.012,0.005,3,0
0.5,Q12,skycell-rw,0.018,0.005,3,0
0.5,Q12,pgsphere,0.01,0.013,3,0
0.5,Q12,pgsphere,0.014,0.013,3,0
0.5,Q12,skycell-rw,0.02,0.005,3,0
0.5,Q12,skycell,0.01,0.004,3,0
0.5,Q12,skycell-rw,0.018,0.005,3,0
0.5,Q12,skycell,0.01,0.004,3,0
0.5,Q12,pgsphere,0.018,0.012,3,0
0.5,Q12,pgsphere,0.014,0.011,3,0
0.5,Q12,skycell,0.02,0.008,6,0
0.5,Q12,skycell-rw,0.018,0.006,6,0
0.5,Q12,skycell,0.01,0.004,3,0
0.5,Q12,skycell-rw,0.019,0.005,3,0
0.5,Q12,pgsphere,0.01,0.011,3,0
0.5,Q12,skycell,0.01,0.004,3,0
0.5,Q12,skycell-rw,0.038,0.007,3,0
0.5,Q12,pgsphere,0.01,0.011,3,0
0.5,Q12,skycell,0.015,0.007,6,0
0.5,Q12,pgsphere,0.01,0.022,3,0
0.5,Q12,skycell-rw,0.028,0.009,6,0
0.5,Q12,pgsphere,0.011,0.011,3,0
0.5,Q12,skycell-rw,0.018,0.005,3,0
0.5,Q12,skycell,0.01,0.004,3,0
0.5,Q12,skycell,0.009,0.025,3,0
0.5,Q12,skycell-rw,0.018,0.005,3,0
0.5,Q12,pgsphere,0.016,0.013,3,0
0.5,Q12,skycell,0.01,0.005,3,0
0.5,Q12,pgsphere,0.01,0.01,3,0
0.5,Q12,skycell-rw,0.018,0.005,3,0
0.5,Q12,skycell-rw,0.028,0.012,6,0
0.5,Q12,skycell,0.015,0.005,6,0
0.5,Q12,pgsphere,0.01,0.012,3,0
0.5,Q12,pgsphere,0.01,0.008,2,0
0.5,Q12,skycell-rw,0.019,0.005,3,0
0.5,Q12,skycell,0.01,0.004,3,0
0.5,Q12,skycell-rw,0.018,0.004,3,0
0.5,Q12,pgsphere,0.01,0.011,3,0
0.5,Q12,skycell,0.009,0.004,3,0
0.5,Q12,pgsphere,0.016,0.01,3,0
0.5,Q12,skycell-rw,0.018,0.004,3,0
0.5,Q12,skycell,0.009,0.004,3,0
0.5,Q12,skycell-rw,0.018,0.005,3,0
0.5,Q12,pgsphere,0.011,0.449,3,0
0.5,Q12,skycell,0.01,0.004,3,0
0.5,Q12,skycell-rw,0.018,0.005,3,0
0.5,Q12,pgsphere,0.01,0.009,3,0
0.5,Q12,skycell,0.01,0.004,3,0
0.5,Q12,skycell,0.01,0.004,3,0
0.5,Q12,skycell-rw,0.018,0.005,3,0
0.5,Q12,pgsphere,0.01,0.013,4,0
0.5,Q12,pgsphere,0.01,0.01,3,0
0.5,Q12,skycell-rw,0.025,0.007,3,0
0.5,Q12,skycell,0.013,0.005,3,0
0.5,Q12,skycell-rw,0.02,0.005,3,0
0.5,Q12,pgsphere,0.011,0.561,3,0
0.5,Q12,skycell,0.012,0.005,3,0
0.5,Q12,skycell,0.01,0.004,3,0
0.5,Q12,skycell-rw,0.019,0.005,3,0
0.5,Q12,pgsphere,0.01,0.085,3,0
0.5,Q12,skycell-rw,0.021,0.005,3,0
0.5,Q12,pgsphere,0.011,0.013,4,0
0.5,Q12,skycell,0.01,0.004,3,0
0.5,Q12,skycell,0.01,0.005,6,0
0.5,Q12,skycell-rw,0.036,0.009,6,0
0.5,Q12,pgsphere,0.019,0.018,5,0
0.5,Q12,skycell-rw,0.019,0.005,3,0
0.5,Q12,skycell,0.01,0.004,3,0
0.5,Q12,pgsphere,0.012,0.011,3,0
0.5,Q12,skycell,0.012,0.005,3,0
0.5,Q12,pgsphere,0.01,0.009,3,0
0.5,Q12,skycell-rw,0.019,0.005,3,0
0.5,Q12,skycell-rw,0.018,0.005,3,0
0.5,Q12,pgsphere,0.015,0.013,3,0
0.5,Q12,skycell,0.01,0.004,3,0
0.5,Q12,pgsphere,0.01,0.01,3,0
0.5,Q12,skycell-rw,0.019,0.005,3,0
0.5,Q12,skycell,0.009,0.004,3,0
0.5,Q12,skycell,0.009,0.004,3,0
0.5,Q12,pgsphere,0.01,0.01,3,0
0.5,Q12,skycell-rw,0.019,0.005,3,0
0.5,Q12,skycell-rw,0.017,0.004,3,0
0.5,Q12,skycell,0.009,0.004,3,0
0.5,Q12,pgsphere,0.01,0.009,3,0
0.5,Q12,pgsphere,0.01,0.009,3,0
0.5,Q12,skycell-rw,0.019,0.005,3,0
0.5,Q12,skycell,0.01,0.04,3,0
0.5,Q12,skycell-rw,0.018,0.005,3,0
0.5,Q12,skycell,0.009,0.004,3,0
0.5,Q12,pgsphere,0.01,0.009,3,0
0.5,Q12,skycell,0.01,0.004,3,0
0.5,Q12,pgsphere,0.011,0.01,3,0
0.5,Q12,skycell-rw,0.018,0.005,3,0
0.5,Q12,pgsphere,0.01,0.01,3,0
0.5,Q12,skycell-rw,0.018,0.006,6,0
0.5,Q12,skycell,0.018,0.011,6,0
0.5,Q12,pgsphere,0.011,0.012,3,0
0.5,Q12,skycell-rw,0.018,0.005,3,0
0.5,Q12,skycell,0.01,0.004,3,0
0.5,Q12,skycell,0.009,0.004,3,0
0.5,Q12,skycell-rw,0.02,0.005,3,0
0.5,Q12,pgsphere,0.01,0.011,3,0
0.5,Q12,skycell,0.01,0.004,3,0
0.5,Q12,pgsphere,0.009,0.011,3,0
0.5,Q12,skycell-rw,0.018,0.004,3,0
0.5,Q12,skycell-rw,0.02,0.005,3,0
0.5,Q12,skycell,0.01,0.004,3,0
0.5,Q12,pgsphere,0.011,0.012,3,0
0.5,Q12,skycell,0.01,0.004,3,0
0.5,Q12,pgsphere,0.01,0.01,3,0
0.5,Q12,skycell-rw,0.019,0.005,3,0
0.5,Q12,pgsphere,0.011,0.016,5,0
0.5,Q12,skycell-rw,0.028,0.008,6,0
0.5,Q12,skycell,0.01,0.005,6,0
0.5,Q12,skycell,0.01,0.004,3,0
0.5,Q12,pgsphere,0.01,0.01,3,0
0.5,Q12,skycell-rw,0.019,0.005,3,0
0.5,Q12,skycell,0.01,0.004,3,0
0.5,Q12,pgsphere,0.01,0.011,3,0
0.5,Q12,skycell-rw,0.018,0.004,3,0
0.5,Q12,skycell-rw,0.019,0.005,3,0
0.5,Q12,pgsphere,0.01,0.01,3,0
0.5,Q12,skycell,0.01,0.004,3,0
0.5,Q12,skycell-rw,0.018,0.005,3,0
0.5,Q12,skycell,0.01,0.004,3,0
0.5,Q12,pgsphere,0.01,0.033,3,0
0.5,Q12,pgsphere,0.01,0.01,3,0
0.5,Q12,skycell-rw,0.025,0.007,3,0
0.5,Q12,skycell,0.009,0.004,3,0
0.5,Q12,skycell-rw,0.017,0.005,3,0
0.5,Q12,pgsphere,0.01,0.01,3,0
0.5,Q12,skycell,0.01,0.004,3,0
0.5,Q12,skycell-rw,0.018,0.005,3,0
0.5,Q12,skycell,0.01,0.004,3,0
0.5,Q12,pgsphere,0.01,0.01,3,0
0.5,Q12,pgsphere,0.009,0.009,3,0
0.5,Q12,skycell-rw,0.023,0.006,3,0
0.5,Q12,skycell,0.01,0.004,3,0
0.5,Q12,skycell-rw,0.018,0.004,3,0
0.5,Q12,skycell,0.01,0.004,3,0
0.5,Q12,pgsphere,0.01,0.01,3,0
0.5,Q12,pgsphere,0.01,0.01,3,0
0.5,Q12,skycell,0.014,0.007,6,0
0.5,Q12,skycell-rw,0.032,0.009,6,0
0.5,Q12,pgsphere,0.018,0.011,3,0
0.5,Q12,skycell-rw,0.019,0.062,3,0
0.5,Q12,skycell,0.019,0.039,3,0
0.5,Q12,pgsphere,0.013,0.011,3,0
0.5,Q12,skycell,0.011,0.006,3,0
0.5,Q12,skycell-rw,0.029,0.006,3,0
0.5,Q12,skycell-rw,0.02,0.005,3,0
0.5,Q12,pgsphere,0.01,0.012,3,0
0.5,Q12,skycell,0.01,0.004,3,0
0.5,Q12,skycell,0.01,0.004,3,0
0.5,Q12,skycell-rw,0.018,0.005,3,0
0.5,Q12,pgsphere,0.01,0.008,2,0
0.5,Q12,skycell,0.01,0.004,3,0
0.5,Q12,skycell-rw,0.018,0.005,3,0
0.5,Q12,pgsphere,0.01,0.013,4,0
0.5,Q12,skycell-rw,0.018,0.004,3,0
0.5,Q12,skycell,0.01,0.004,3,0
0.5,Q12,pgsphere,0.012,0.009,3,0
0.5,Q12,skycell-rw,0.023,0.005,3,0
0.5,Q12,skycell,0.01,0.004,3,0
0.5,Q12,pgsphere,0.018,0.013,3,0
0.5,Q12,pgsphere,0.011,0.013,4,0
0.5,Q12,skycell,0.01,0.004,3,0
0.5,Q12,skycell-rw,0.018,0.004,3,0
0.5,Q12,pgsphere,0.01,0.01,3,0
0.5,Q12,skycell-rw,0.023,0.006,3,0
0.5,Q12,skycell,0.009,0.004,3,0
0.5,Q12,skycell-rw,0.018,0.005,3,0
0.5,Q12,pgsphere,0.01,0.01,3,0
0.5,Q12,skycell,0.01,0.004,3,0
0.5,Q12,pgsphere,0.01,0.01,3,0
0.5,Q12,skycell,0.011,0.005,3,0
0.5,Q12,skycell-rw,0.018,0.005,3,0
0.5,Q12,pgsphere,0.01,0.011,3,0
0.5,Q12,skycell,0.01,0.005,6,0
0.5,Q12,skycell-rw,0.028,0.008,6,0
0.5,Q12,pgsphere,0.01,0.011,3,0
0.5,Q12,skycell-rw,0.019,0.005,3,0
0.5,Q12,skycell,0.01,0.004,3,0
10,Q05,skycell-rw,0.101,0.862,1290,225
10,Q05,pgsphere,0.032,0.183,68,225
10,Q05,skycell,0.037,0.211,58,225
10,Q05,pgsphere,0.028,0.097,12,60
10,Q05,skycell,0.068,0.114,16,60
10,Q05,skycell-rw,0.081,0.129,16,60
10,Q05,skycell-rw,0.12,0.18,59,209
10,Q05,pgsphere,0.014,0.102,65,209
10,Q05,skycell,0.015,0.087,60,209
10,Q05,skycell-rw,0.082,0.065,22,83
10,Q05,pgsphere,0.05,0.123,19,83
10,Q05,skycell,0.027,0.087,22,83
10,Q05,skycell,0.057,0.142,65,243
10,Q05,skycell-rw,0.035,0.177,66,243
10,Q05,pgsphere,0.028,0.119,89,243
10,Q05,pgsphere,0.02,0.071,31,112
10,Q05,skycell-rw,0.084,0.113,54,112
10,Q05,skycell,0.015,0.062,40,112
10,Q05,skycell-rw,0.117,0.306,148,511
10,Q05,skycell,0.017,0.181,150,511
10,Q05,pgsphere,0.014,0.196,236,511
10,Q05,skycell-rw,0.026,0.101,196,31
10,Q05,pgsphere,0.011,0.03,6,31
10,Q05,skycell,0.013,0.02,7,31
10,Q05,skycell,0.045,0.101,65,124
10,Q05,skycell-rw,0.068,0.088,63,124
10,Q05,pgsphere,0.017,0.105,87,124
10,Q05,skycell-rw,0.136,0.188,64,240
10,Q05,pgsphere,0.016,0.133,55,240
10,Q05,skycell,0.019,0.1,58,240
10,Q05,skycell,0.055,0.4,147,572
10,Q05,pgsphere,0.036,0.248,267,572
10,Q05,skycell-rw,0.075,0.265,148,572
10,Q05,pgsphere,0.032,0.103,71,211
10,Q05,skycell-rw,0.077,0.104,57,211
10,Q05,skycell,0.016,0.076,51,211
10,Q05,skycell,0.028,0.039,27,28
10,Q05,pgsphere,0.013,0.03,11,28
10,Q05,skycell-rw,0.032,0.037,24,28
10,Q05,pgsphere,0.017,0.106,98,206
10,Q05,skycell-rw,0.065,0.146,72,206
10,Q05,skycell,0.064,0.114,72,206
10,Q05,skycell,0.03,0.071,29,64
10,Q05,skycell-rw,0.066,0.053,30,64
2,Q05,skycell-rw,0.052,0.123,31,130
2,Q05,skycell,0.012,0.064,31,130
2,Q05,pgsphere,0.012,0.065,38,130
2,Q05,skycell,0.012,0.026,8,63
2,Q05,skycell-rw,0.021,0.085,262,63
2,Q05,pgsphere,0.021,0.03,5,63
2,Q05,skycell-rw,0.025,0.441,1140,108
2,Q05,skycell,0.012,0.048,27,108
2,Q05,pgsphere,0.022,0.051,25,108
2,Q05,skycell-rw,0.026,0.224,602,38
2,Q05,skycell,0.012,0.032,23,38
2,Q05,pgsphere,0.011,0.021,6,38
2,Q05,skycell-rw,0.048,0.062,16,92
2,Q05,pgsphere,0.012,0.029,5,92
2,Q05,skycell,0.011,0.026,16,92
2,Q05,skycell-rw,0.032,0.023,10,21
2,Q05,skycell,0.011,0.018,10,21
2,Q05,pgsphere,0.011,0.018,5,21
2,Q05,skycell-rw,0.072,0.065,33,120
2,Q05,skycell,0.013,0.047,32,120
2,Q05,pgsphere,0.012,0.052,27,120
2,Q05,skycell-rw,0.025,0.089,278,30
2,Q05,skycell,0.011,0.029,12,30
2,Q05,pgsphere,0.011,0.025,8,30
2,Q05,pgsphere,0.014,0.05,19,168
10,Q05,pgsphere,0.024,0.07,26,64
10,Q05,skycell-rw,0.076,0.184,80,268
10,Q05,skycell,0.021,0.118,76,268
10,Q05,pgsphere,0.012,0.124,101,268
10,Q05,skycell,0.023,0.035,7,72
10,Q05,skycell-rw,0.022,0.093,260,72
10,Q05,pgsphere,0.016,0.042,12,72
10,Q05,skycell-rw,0.094,0.127,52,220
10,Q05,skycell,0.015,0.104,52,220
10,Q05,pgsphere,0.018,0.133,110,220
10,Q05,skycell-rw,0.075,0.043,20,37
10,Q05,skycell,0.012,0.027,20,37
10,Q05,pgsphere,0.011,0.024,9,37
10,Q05,skycell-rw,0.096,0.086,20,129
10,Q05,pgsphere,0.018,0.044,13,129
10,Q05,skycell,0.012,0.054,20,129
10,Q05,skycell-rw,0.093,0.18,52,134
10,Q05,skycell,0.034,0.106,47,134
10,Q05,pgsphere,0.027,0.085,59,134
10,Q05,skycell-rw,0.073,0.165,89,346
10,Q05,skycell,0.028,0.139,77,346
10,Q05,pgsphere,0.017,0.181,173,346
10,Q05,skycell-rw,0.045,0.348,838,99
10,Q05,skycell,0.013,0.043,29,99
10,Q05,pgsphere,0.019,0.089,27,99
10,Q05,pgsphere,0.012,0.073,27,215
10,Q05,skycell-rw,0.068,0.111,36,215
10,Q05,skycell,0.019,0.072,30,215
10,Q05,pgsphere,0.012,0.029,8,41
10,Q05,skycell,0.024,0.034,15,41
10,Q05,skycell-rw,0.033,0.034,15,41
10,Q05,skycell-rw,0.058,0.088,33,143
10,Q05,pgsphere,0.012,0.06,33,143
10,Q05,skycell,0.012,0.092,33,143
10,Q05,skycell,0.02,0.036,12,69
10,Q05,pgsphere,0.012,0.037,13,69
10,Q05,skycell-rw,1.101,0.686,358,69
10,Q05,skycell,0.046,0.116,30,122
10,Q05,skycell-rw,0.026,0.215,546,122
10,Q05,pgsphere,0.012,0.051,19,122
10,Q05,skycell-rw,0.056,0.133,382,54
10,Q05,pgsphere,0.019,0.044,13,54
10,Q05,skycell,0.015,0.03,11,54
10,Q05,pgsphere,0.011,0.057,19,122
10,Q05,skycell-rw,0.055,0.28,716,122
10,Q05,skycell,0.015,0.045,23,122
10,Q05,skycell,0.011,0.036,16,60
10,Q05,skycell-rw,0.031,0.042,16,60
10,Q05,pgsphere,0.012,0.03,12,60
10,Q05,skycell-rw,0.023,0.22,546,122
10,Q05,pgsphere,0.011,0.05,19,122
10,Q05,skycell,0.011,0.046,30,122
10,Q05,pgsphere,0.029,0.125,87,124
10,Q05,skycell,0.014,0.078,65,124
10,Q05,skycell-rw,0.052,0.08,63,124
10,Q05,pgsphere,0.014,0.162,89,243
10,Q05,skycell-rw,0.032,0.103,66,243
10,Q05,skycell,0.018,0.093,65,243
10,Q05,skycell,0.017,0.027,7,72
10,Q05,pgsphere,0.018,0.053,12,72
10,Q05,skycell-rw,0.025,0.131,260,72
10,Q05,skycell-rw,0.055,0.052,30,64
10,Q05,pgsphere,0.012,0.056,26,64
10,Q05,skycell,0.011,0.039,29,64
10,Q05,skycell,0.011,0.026,20,37
10,Q05,skycell-rw,0.047,0.03,20,37
10,Q05,pgsphere,0.011,0.033,9,37
10,Q05,skycell,0.038,0.047,20,129
10,Q05,pgsphere,0.012,0.064,13,129
10,Q05,skycell-rw,0.078,0.059,20,129
10,Q05,skycell-rw,0.081,0.092,54,112
10,Q05,skycell,0.018,0.063,40,112
10,Q05,pgsphere,0.011,0.097,31,112
10,Q05,skycell-rw,0.027,0.127,382,54
10,Q05,skycell,0.016,0.029,11,54
10,Q05,pgsphere,0.012,0.029,13,54
10,Q05,pgsphere,0.011,0.093,71,211
10,Q05,skycell-rw,0.06,0.094,57,211
10,Q05,skycell,0.023,0.077,51,211
10,Q05,skycell,0.015,0.04,22,83
10,Q05,pgsphere,0.011,0.045,19,83
10,Q05,skycell-rw,0.048,0.045,22,83
10,Q05,skycell,0.012,0.043,23,122
10,Q05,pgsphere,0.011,0.05,19,122
10,Q05,skycell-rw,0.061,0.27,716,122
10,Q05,skycell,0.024,0.073,30,215
10,Q05,pgsphere,0.037,0.076,27,215
10,Q05,skycell-rw,0.04,0.089,36,215
10,Q05,skycell,0.012,0.096,60,209
10,Q05,pgsphere,0.016,0.089,65,209
10,Q05,skycell-rw,0.031,0.096,59,209
10,Q05,skycell-rw,0.039,0.127,89,346
10,Q05,pgsphere,0.013,0.191,173,346
10,Q05,skycell,0.025,0.118,77,346
10,Q05,skycell,0.026,0.085,33,143
10,Q05,skycell-rw,0.033,0.083,33,143
10,Q05,pgsphere,0.014,0.062,33,143
10,Q05,skycell,0.012,0.027,15,41
10,Q05,skycell-rw,0.031,0.063,15,41
10,Q05,pgsphere,0.012,0.026,8,41
10,Q05,pgsphere,0.013,0.11,101,268
10,Q05,skycell,0.024,0.128,76,268
10,Q05,skycell-rw,0.085,0.216,80,268
10,Q05,skycell-rw,0.039,0.082,196,31
10,Q05,skycell,0.016,0.026,7,31
10,Q05,pgsphere,0.012,0.023,6,31
10,Q05,pgsphere,0.022,0.107,68,225
10,Q05,skycell,0.032,0.219,58,225
10,Q05,skycell-rw,0.077,0.58,1290,225
10,Q05,skycell-rw,0.086,0.32,148,511
10,Q05,skycell,0.038,0.206,150,511
10,Q05,pgsphere,0.036,0.208,236,511
10,Q05,skycell-rw,0.06,0.234,148,572
10,Q05,skycell,0.019,0.2,147,572
10,Q05,pgsphere,0.024,0.286,267,572
10,Q05,skycell-rw,0.048,0.1,52,220
10,Q05,pgsphere,0.012,0.127,110,220
10,Q05,skycell,0.012,0.121,52,220
10,Q05,skycell,0.012,0.113,58,240
10,Q05,skycell-rw,0.057,0.145,64,240
10,Q05,pgsphere,0.013,0.091,55,240
10,Q05,skycell-rw,0.042,0.215,72,206
10,Q05,pgsphere,0.015,0.133,98,206
10,Q05,skycell,0.014,0.104,72,206
10,Q05,skycell,0.013,0.073,47,134
10,Q05,skycell-rw,0.033,0.083,52,134
10,Q05,pgsphere,0.013,0.079,59,134
10,Q05,skycell-rw,0.023,0.29,838,99
10,Q05,pgsphere,0.015,0.058,27,99
10,Q05,skycell,0.054,0.047,29,99
10,Q05,skycell-rw,0.043,0.037,24,28
10,Q05,skycell,0.011,0.029,27,28
10,Q05,pgsphere,0.011,0.029,11,28
10,Q05,skycell,0.011,0.031,12,69
10,Q05,skycell-rw,0.026,0.127,358,69
10,Q05,pgsphere,0.011,0.035,13,69
10,Q05,pgsphere,0.013,0.055,27,99
10,Q05,skycell,0.015,0.043,29,99
10,Q05,skycell-rw,0.021,0.297,838,99
10,Q05,pgsphere,0.011,0.022,6,31
10,Q05,skycell,0.011,0.02,7,31
10,Q05,skycell-rw,0.022,0.072,196,31
10,Q05,skycell-rw,0.032,0.084,52,134
10,Q05,pgsphere,0.013,0.079,59,134
10,Q05,skycell,0.014,0.073,47,134
10,Q05,pgsphere,0.012,0.103,87,124
10,Q05,skycell,0.042,0.069,65,124
10,Q05,skycell-rw,0.047,0.079,63,124
10,Q05,pgsphere,0.061,0.383,267,572
10,Q05,skycell-rw,0.058,0.256,148,572
10,Q05,skycell,0.017,0.193,147,572
10,Q05,pgsphere,0.013,0.057,26,64
10,Q05,skycell-rw,0.089,0.08,30,64
10,Q05,skycell,0.028,0.059,29,64
10,Q05,pgsphere,0.023,0.066,13,129
10,Q05,skycell-rw,0.054,0.05,20,129
10,Q05,skycell,0.012,0.043,20,129
10,Q05,skycell-rw,0.131,0.249,148,511
10,Q05,skycell,0.03,0.233,150,511
10,Q05,pgsphere,0.021,0.204,236,511
10,Q05,pgsphere,0.011,0.023,9,37
10,Q05,skycell,0.014,0.028,20,37
10,Q05,skycell-rw,0.053,0.033,20,37
10,Q05,pgsphere,0.019,0.034,12,60
10,Q05,skycell,0.021,0.046,16,60
10,Q05,skycell-rw,0.031,0.04,16,60
10,Q05,skycell,0.017,0.13,52,220
10,Q05,skycell-rw,0.05,0.099,52,220
10,Q05,pgsphere,0.018,0.13,110,220
10,Q05,skycell,0.012,0.031,12,69
10,Q05,skycell-rw,0.021,0.152,358,69
10,Q05,pgsphere,0.011,0.036,13,69
10,Q05,skycell,0.012,0.044,23,122
10,Q05,skycell-rw,0.027,0.252,716,122
10,Q05,pgsphere,0.011,0.058,19,122
10,Q05,skycell-rw,0.041,0.094,36,215
10,Q05,skycell,0.026,0.093,30,215
10,Q05,pgsphere,0.014,0.074,27,215
10,Q05,skycell-rw,0.055,0.204,66,243
10,Q05,skycell,0.015,0.103,65,243
10,Q05,pgsphere,0.017,0.117,89,243
10,Q05,skycell-rw,0.045,0.118,59,209
10,Q05,skycell,0.026,0.092,60,209
10,Q05,pgsphere,0.013,0.144,65,209
10,Q05,skycell,0.012,0.028,11,54
10,Q05,skycell-rw,0.024,0.15,382,54
10,Q05,pgsphere,0.011,0.029,13,54
10,Q05,pgsphere,0.011,0.028,11,28
10,Q05,skycell,0.012,0.03,27,28
10,Q05,skycell-rw,0.033,0.036,24,28
10,Q05,skycell-rw,0.029,0.493,1290,225
10,Q05,skycell,0.028,0.152,58,225
10,Q05,pgsphere,0.016,0.113,68,225
10,Q05,pgsphere,0.02,0.098,71,211
10,Q05,skycell-rw,0.053,0.087,57,211
10,Q05,skycell,0.012,0.075,51,211
10,Q05,skycell-rw,0.038,0.223,89,346
10,Q05,pgsphere,0.021,0.165,173,346
10,Q05,skycell,0.016,0.102,77,346
10,Q05,pgsphere,0.013,0.027,8,41
10,Q05,skycell-rw,0.052,0.032,15,41
10,Q05,skycell,0.011,0.026,15,41
10,Q05,skycell,0.011,0.024,7,72
10,Q05,skycell-rw,0.028,0.086,260,72
10,Q05,pgsphere,0.011,0.039,12,72
10,Q05,skycell,0.011,0.039,22,83
10,Q05,pgsphere,0.015,0.047,19,83
10,Q05,skycell-rw,0.041,0.044,22,83
10,Q05,skycell-rw,0.043,0.21,546,122
10,Q05,pgsphere,0.023,0.057,19,122
10,Q05,skycell,0.012,0.048,30,122
10,Q05,skycell-rw,0.05,0.125,54,112
10,Q05,pgsphere,0.013,0.066,31,112
10,Q05,skycell,0.016,0.062,40,112
10,Q05,skycell,0.02,0.123,76,268
10,Q05,skycell-rw,0.062,0.158,80,268
10,Q05,pgsphere,0.016,0.11,101,268
10,Q05,skycell-rw,0.034,0.109,72,206
10,Q05,pgsphere,0.017,0.106,98,206
10,Q05,skycell,0.013,0.103,72,206
10,Q05,skycell,0.011,0.074,33,143
10,Q05,skycell-rw,0.045,0.07,33,143
10,Q05,pgsphere,0.012,0.062,33,143
10,Q05,skycell-rw,0.068,0.135,64,240
10,Q05,pgsphere,0.013,0.09,55,240
10,Q05,skycell,0.012,0.108,58,240
10,Q06,pgsphere,0.047,0.803,160,2813
10,Q06,skycell-rw,0.142,0.834,229,2813
10,Q06,skycell,0.032,0.685,227,2813
10,Q06,pgsphere,0.05,0.332,53,1107
10,Q06,skycell,0.042,0.25,95,1107
10,Q06,skycell-rw,0.092,0.315,96,1107
10,Q06,skycell-rw,0.179,2.431,604,8373
10,Q06,pgsphere,0.093,3.098,1069,8373
10,Q06,skycell,0.05,2.136,604,8373
10,Q06,skycell,0.057,0.221,61,391
10,Q06,skycell-rw,0.091,0.149,55,391
10,Q06,pgsphere,0.015,0.139,34,391
10,Q06,skycell,0.082,24.897,5250,83333
10,Q06,skycell-rw,0.217,23.156,5250,83333
10,Q06,pgsphere,0.077,34.238,23447,83333
10,Q06,skycell,0.06,3.592,866,14641
10,Q06,skycell-rw,0.216,3.255,866,14641
10,Q06,pgsphere,0.062,6.08,1915,14641
10,Q06,skycell-rw,0.174,6.921,1618,25500
10,Q06,pgsphere,0.083,8.219,4654,25500
10,Q06,skycell,0.091,6.169,1618,25500
10,Q06,pgsphere,0.042,1.644,491,5104
10,Q06,skycell,0.089,1.469,384,5104
10,Q06,skycell-rw,0.215,1.465,385,5104
10,Q06,skycell-rw,0.147,5.737,1377,20769
10,Q06,pgsphere,0.05,6.839,3916,20769
10,Q06,skycell,0.053,5.476,1377,20769
10,Q06,skycell-rw,0.26,5.716,1335,19591
10,Q06,skycell,0.049,5.386,1335,19591
10,Q06,pgsphere,0.063,10.932,3931,19591
10,Q06,skycell-rw,0.144,3.973,1074,15694
10,Q06,skycell,0.041,3.174,1074,15694
10,Q06,pgsphere,0.039,4.183,1997,15694
10,Q06,pgsphere,0.036,1.821,889,8326
10,Q06,skycell-rw,0.2,1.74,578,8326
10,Q06,skycell,0.044,1.639,578,8326
10,Q06,pgsphere,0.041,7.277,4529,24973
10,Q06,skycell-rw,0.179,5.12,1614,24973
10,Q06,skycell,0.044,5.033,1614,24973
10,Q06,skycell,0.064,14.553,3057,48055
10,Q06,pgsphere,0.056,17.776,13171,48055
10,Q06,skycell-rw,0.282,12.759,3057,48055
10,Q06,skycell-rw,0.16,0.931,231,3178
10,Q06,skycell,0.044,0.752,236,3178
10,Q06,pgsphere,0.045,1.015,220,3178
10,Q06,skycell-rw,0.368,3.352,671,9642
10,Q06,pgsphere,0.068,3.268,1289,9642
10,Q06,skycell,0.051,2.399,677,9642
10,Q06,pgsphere,0.046,1.667,375,3288
10,Q06,skycell-rw,0.193,1.344,304,3288
10,Q06,skycell,0.048,0.922,287,3288
10,Q06,pgsphere,0.018,0.071,17,256
10,Q06,skycell-rw,0.092,0.113,42,256
10,Q06,skycell,0.015,0.122,49,256
10,Q06,skycell,0.054,1.972,504,7262
10,Q06,skycell-rw,0.148,1.821,504,7262
10,Q06,pgsphere,0.111,3.5,811,7262
10,Q06,skycell-rw,0.373,8.715,1803,25223
10,Q06,skycell,0.056,6.627,1803,25223
10,Q06,pgsphere,0.054,8.294,3459,25223
10,Q06,skycell,0.107,1.683,383,4901
10,Q06,skycell-rw,0.205,1.324,393,4901
10,Q06,pgsphere,0.081,2.132,728,4901
10,Q06,skycell,0.064,24.622,5394,83461
10,Q06,skycell-rw,0.272,23.518,5394,83461
10,Q06,pgsphere,0.088,30.906,23529,83461
10,Q06,pgsphere,0.054,1.368,370,4465
10,Q06,skycell-rw,0.158,1.161,285,4465
10,Q06,skycell,0.045,0.977,288,4465
10,Q06,skycell,0.057,5.791,1349,22203
10,Q06,pgsphere,0.051,8.253,3792,22203
10,Q06,skycell-rw,0.204,5.569,1349,22203
10,Q06,pgsphere,0.043,0.745,178,2055
10,Q06,skycell-rw,0.375,1.352,204,2055
10,Q06,skycell,0.059,1.064,211,2055
10,Q06,skycell,0.091,20.853,2907,44382
10,Q06,skycell-rw,0.488,20.729,2907,44382
10,Q06,pgsphere,0.094,14.762,11419,44382
10,Q06,skycell-rw,0.199,1.573,418,6271
10,Q06,pgsphere,0.043,1.778,597,6271
10,Q06,skycell,0.047,1.387,418,6271
10,Q06,skycell-rw,0.164,0.945,255,2981
10,Q06,skycell,0.036,0.741,259,2981
10,Q06,pgsphere,0.033,0.791,247,2981
10,Q06,skycell,0.045,0.602,187,2254
10,Q06,skycell-rw,0.113,0.565,179,2254
10,Q06,pgsphere,0.076,0.667,190,2254
10,Q06,pgsphere,0.05,11.024,7727,35882
10,Q06,skycell-rw,0.195,9.123,2313,35882
10,Q06,skycell,0.052,9.403,2313,35882
10,Q06,skycell,0.047,1.449,384,5104
10,Q06,skycell-rw,0.168,1.482,385,5104
10,Q06,pgsphere,0.043,1.66,491,5104
10,Q06,pgsphere,0.044,11.136,7727,35882
10,Q06,skycell,0.051,8.779,2313,35882
10,Q06,skycell-rw,0.194,8.635,2313,35882
10,Q06,skycell,0.038,0.899,287,3288
10,Q06,pgsphere,0.425,2.556,375,3288
10,Q06,skycell-rw,0.131,1.4,304,3288
10,Q06,pgsphere,0.042,1.232,247,2981
10,Q06,skycell-rw,0.155,1.31,255,2981
10,Q06,skycell,0.045,1.37,259,2981
10,Q06,skycell-rw,0.235,7.242,1803,25223
10,Q06,pgsphere,0.044,7.832,3459,25223
10,Q06,skycell,0.047,6.671,1803,25223
10,Q06,skycell,0.052,6.803,1618,25500
10,Q06,skycell-rw,0.175,6.313,1618,25500
10,Q06,pgsphere,0.044,7.842,4654,25500
10,Q06,skycell-rw,0.209,12.475,2907,44382
10,Q06,skycell,0.052,10.861,2907,44382
10,Q06,pgsphere,0.05,14.726,11419,44382
10,Q06,skycell,0.017,0.071,49,256
10,Q06,pgsphere,0.014,0.08,17,256
10,Q06,skycell-rw,0.114,0.142,42,256
10,Q06,pgsphere,0.06,4.32,1997,15694
10,Q06,skycell,0.046,3.288,1074,15694
10,Q06,skycell-rw,0.142,3.409,1074,15694
10,Q06,skycell,0.039,0.661,236,3178
10,Q06,pgsphere,0.042,0.818,220,3178
10,Q06,skycell-rw,0.113,0.77,231,3178
10,Q06,skycell-rw,0.169,4.68,1349,22203
10,Q06,pgsphere,0.048,7.704,3792,22203
10,Q06,skycell,0.047,4.805,1349,22203
10,Q06,skycell-rw,0.202,2.665,671,9642
10,Q06,skycell,0.045,1.905,677,9642
10,Q06,pgsphere,0.043,3.339,1289,9642
10,Q06,skycell-rw,0.236,23.131,5394,83461
10,Q06,skycell,0.07,26.983,5394,83461
10,Q06,pgsphere,0.101,24.877,23529,83461
10,Q06,skycell-rw,0.13,1.263,418,6271
10,Q06,pgsphere,0.043,1.569,597,6271
10,Q06,skycell,0.036,1.148,418,6271
10,Q06,pgsphere,0.034,2.244,811,7262
10,Q06,skycell-rw,0.114,1.517,504,7262
10,Q06,skycell,0.041,1.507,504,7262
10,Q06,skycell,0.027,0.406,187,2254
10,Q06,pgsphere,0.043,0.809,190,2254
10,Q06,skycell-rw,0.128,1.055,179,2254
10,Q06,skycell,0.035,0.156,61,391
10,Q06,pgsphere,0.035,0.228,34,391
10,Q06,skycell-rw,0.133,0.354,55,391
10,Q06,skycell-rw,0.257,7.382,1377,20769
10,Q06,skycell,0.053,5.151,1377,20769
10,Q06,pgsphere,0.048,6.695,3916,20769
10,Q06,skycell,0.051,3.527,866,14641
10,Q06,pgsphere,0.06,4.027,1915,14641
10,Q06,skycell-rw,0.193,3.726,866,14641
10,Q06,skycell,0.047,0.775,227,2813
10,Q06,pgsphere,0.033,0.658,160,2813
10,Q06,skycell-rw,0.147,0.828,229,2813
10,Q06,skycell-rw,0.279,6.922,1614,24973
10,Q06,skycell,0.053,6.13,1614,24973
10,Q06,pgsphere,0.046,10.24,4529,24973
10,Q06,pgsphere,0.054,1.536,370,4465
10,Q06,skycell-rw,0.183,1.114,285,4465
10,Q06,skycell,0.037,0.988,288,4465
10,Q06,skycell-rw,0.201,2.167,578,8326
10,Q06,pgsphere,0.04,2.062,889,8326
10,Q06,skycell,0.046,1.859,578,8326
10,Q06,skycell,0.043,5.604,1335,19591
10,Q06,pgsphere,0.043,6.608,3931,19591
10,Q06,skycell-rw,0.185,4.761,1335,19591
10,Q06,skycell-rw,0.194,22.404,5250,83333
10,Q06,pgsphere,0.054,28.594,23447,83333
10,Q06,skycell,0.057,20.305,5250,83333
10,Q06,pgsphere,0.03,0.544,178,2055
10,Q06,skycell,0.027,0.489,211,2055
10,Q06,skycell-rw,0.18,0.571,204,2055
10,Q06,skycell,0.053,12.863,3057,48055
10,Q06,pgsphere,0.08,17.478,13171,48055
10,Q06,skycell-rw,0.227,11.518,3057,48055
10,Q06,skycell,0.028,0.208,95,1107
10,Q06,pgsphere,0.015,0.266,53,1107
10,Q06,skycell-rw,0.065,0.253,96,1107
10,Q06,pgsphere,0.043,1.605,728,4901
10,Q06,skycell-rw,0.186,1.293,393,4901
10,Q06,skycell,0.053,1.13,383,4901
10,Q06,pgsphere,0.043,2.832,1069,8373
10,Q06,skycell-rw,0.221,2.34,604,8373
10,Q06,skycell,0.061,2.049,604,8373
10,Q06,skycell,0.034,0.519,187,2254
10,Q06,pgsphere,0.032,0.675,190,2254
10,Q06,skycell-rw,0.152,0.604,179,2254
10,Q06,skycell-rw,0.166,2.474,604,8373
10,Q06,skycell,0.049,2.056,604,8373
10,Q06,pgsphere,0.046,3.219,1069,8373
10,Q06,skycell,0.026,0.533,211,2055
10,Q06,skycell-rw,0.137,0.59,204,2055
10,Q06,pgsphere,0.029,0.564,178,2055
10,Q06,pgsphere,0.044,6.841,4654,25500
10,Q06,skycell,0.052,5.29,1618,25500
10,Q06,skycell-rw,0.142,4.852,1618,25500
10,Q06,skycell-rw,0.187,11.528,3057,48055
10,Q06,pgsphere,0.051,16.234,13171,48055
10,Q06,skycell,0.063,12.817,3057,48055
10,Q06,skycell,0.043,1.183,383,4901
10,Q06,pgsphere,0.052,1.794,728,4901
10,Q06,skycell-rw,0.194,1.382,393,4901
10,Q06,skycell,0.051,6.82,1614,24973
10,Q06,pgsphere,0.049,8.31,4529,24973
10,Q06,skycell-rw,0.218,6.507,1614,24973
10,Q06,skycell,0.057,25.725,5250,83333
10,Q06,pgsphere,0.103,34.679,23447,83333
10,Q06,skycell-rw,0.283,23.898,5250,83333
10,Q06,skycell,0.071,2.227,504,7262
10,Q06,skycell-rw,0.15,1.813,504,7262
10,Q06,pgsphere,0.041,2.728,811,7262
10,Q06,pgsphere,0.047,8.473,3459,25223
10,Q06,skycell,0.098,6.663,1803,25223
10,Q06,skycell-rw,0.243,6.645,1803,25223
10,Q06,skycell-rw,0.244,23.826,5394,83461
10,Q06,pgsphere,0.069,30.735,23529,83461
10,Q06,skycell,0.109,22.772,5394,83461
10,Q06,skycell-rw,0.213,2.132,578,8326
10,Q06,skycell,0.045,1.959,578,8326
10,Q06,pgsphere,0.058,2.561,889,8326
10,Q06,pgsphere,0.048,3.888,1915,14641
10,Q06,skycell,0.05,3.266,866,14641
10,Q06,skycell-rw,0.176,3.349,866,14641
10,Q06,skycell-rw,0.121,1.084,285,4465
10,Q06,pgsphere,0.046,1.217,370,4465
10,Q06,skycell,0.042,0.974,288,4465
10,Q06,skycell-rw,0.175,4.442,1074,15694
10,Q06,pgsphere,0.045,5.193,1997,15694
10,Q06,skycell,0.05,3.9,1074,15694
10,Q06,skycell,0.052,5.307,1335,19591
10,Q06,skycell-rw,0.191,4.839,1335,19591
10,Q06,pgsphere,0.046,7.337,3931,19591
10,Q06,pgsphere,0.037,0.936,220,3178
10,Q06,skycell-rw,0.141,0.814,231,3178
10,Q06,skycell,0.036,0.71,236,3178
10,Q06,skycell-rw,0.238,12.776,2907,44382
10,Q06,pgsphere,0.072,25.55,11419,44382
10,Q06,skycell,0.051,9.496,2907,44382
10,Q06,pgsphere,0.045,10.674,7727,35882
10,Q06,skycell,0.049,8.629,2313,35882
10,Q06,skycell-rw,0.165,7.076,2313,35882
10,Q06,skycell-rw,0.116,0.901,229,2813
10,Q06,pgsphere,0.029,0.903,160,2813
10,Q06,skycell,0.021,0.531,227,2813
10,Q06,skycell-rw,0.115,0.701,255,2981
10,Q06,skycell,0.032,0.726,259,2981
10,Q06,pgsphere,0.051,1.11,247,2981
10,Q06,skycell-rw,0.173,4.793,1349,22203
10,Q06,skycell,0.051,4.891,1349,22203
10,Q06,pgsphere,0.046,6.684,3792,22203
10,Q06,pgsphere,0.077,2.631,1289,9642
10,Q06,skycell,0.04,1.928,677,9642
10,Q06,skycell-rw,0.176,1.844,671,9642
10,Q06,skycell,0.022,0.066,49,256
10,Q06,skycell-rw,0.045,0.068,42,256
10,Q06,pgsphere,0.012,0.055,17,256
10,Q06,skycell-rw,0.16,1.408,385,5104
10,Q06,skycell,0.035,0.992,384,5104
10,Q06,pgsphere,0.036,1.301,491,5104
10,Q06,skycell,0.016,0.251,95,1107
10,Q06,skycell-rw,0.055,0.178,96,1107
10,Q06,pgsphere,0.022,0.239,53,1107
10,Q06,pgsphere,0.035,1.629,597,6271
10,Q06,skycell-rw,0.113,1.69,418,6271
10,Q06,skycell,0.04,1.129,418,6271
10,Q06,pgsphere,0.015,0.112,34,391
10,Q06,skycell-rw,0.055,0.133,55,391
10,Q06,skycell,0.014,0.112,61,391
10,Q06,pgsphere,0.03,1.24,375,3288
10,Q06,skycell,0.043,0.819,287,3288
10,Q06,skycell-rw,0.108,0.91,304,3288
10,Q06,skycell-rw,0.118,4.63,1377,20769
10,Q06,pgsphere,0.038,5.697,3916,20769
10,Q06,skycell,0.04,4.191,1377,20769
10,Q07,pgsphere,0.042,0.491,417,1197
10,Q07,skycell,0.03,0.372,182,1197
10,Q07,skycell-rw,0.088,0.388,176,1197
10,Q07,skycell-rw,0.08,0.309,134,1054
10,Q07,pgsphere,0.018,0.393,316,1054
10,Q07,skycell,0.018,0.25,136,1054
10,Q07,pgsphere,0.047,1.603,1942,4023
10,Q07,skycell-rw,0.137,1.466,546,4023
10,Q07,skycell,0.045,1.253,546,4023
10,Q07,skycell,0.036,0.057,42,128
10,Q07,skycell-rw,0.054,0.05,39,128
10,Q07,pgsphere,0.027,0.046,16,128
10,Q07,skycell-rw,0.052,0.298,126,484
10,Q07,skycell,0.015,0.154,122,484
10,Q07,pgsphere,0.034,0.261,179,484
10,Q07,pgsphere,0.026,0.262,124,369
10,Q07,skycell,0.028,0.196,92,369
10,Q07,skycell-rw,0.104,0.213,118,369
10,Q07,skycell,0.025,0.367,156,1034
10,Q07,pgsphere,0.031,0.379,227,1034
10,Q07,skycell-rw,0.083,0.412,160,1034
10,Q07,pgsphere,0.019,0.068,21,231
10,Q07,skycell-rw,0.035,0.09,45,231
10,Q07,skycell,0.018,0.059,44,231
10,Q07,skycell-rw,0.032,0.334,966,206
10,Q07,skycell,0.032,0.079,34,206
10,Q07,pgsphere,0.015,0.061,22,206
10,Q07,skycell-rw,0.165,0.644,306,1356
10,Q07,pgsphere,0.05,0.747,700,1356
10,Q07,skycell,0.028,0.504,300,1356
10,Q07,skycell,0.027,0.357,153,1137
10,Q07,skycell-rw,0.098,0.377,163,1137
10,Q07,pgsphere,0.019,0.329,310,1137
10,Q07,skycell,0.014,0.049,34,157
10,Q07,skycell-rw,0.047,0.409,1504,157
10,Q07,pgsphere,0.122,0.08,20,157
10,Q07,skycell,0.018,0.045,24,249
10,Q07,skycell-rw,0.032,0.23,760,249
10,Q07,pgsphere,0.012,0.044,13,249
10,Q07,pgsphere,0.034,0.898,970,2510
10,Q07,skycell-rw,0.178,0.956,338,2510
10,Q07,skycell,0.045,0.801,340,2510
10,Q07,pgsphere,0.018,0.071,20,147
10,Q07,skycell,0.013,0.053,41,147
10,Q07,skycell-rw,0.06,0.072,40,147
10,Q07,skycell,0.038,0.46,200,1647
10,Q07,skycell-rw,0.094,0.481,202,1647
10,Q07,pgsphere,0.048,0.728,433,1647
10,Q07,skycell-rw,0.104,0.141,65,520
10,Q07,skycell,0.016,0.108,65,520
10,Q07,pgsphere,0.017,0.174,61,520
10,Q07,skycell-rw,0.169,0.556,191,1344
10,Q07,pgsphere,0.044,0.5,447,1344
10,Q07,skycell,0.026,0.336,194,1344
10,Q07,skycell-rw,0.075,0.318,157,1053
10,Q07,skycell,0.018,0.267,151,1053
10,Q07,pgsphere,0.024,0.346,255,1053
10,Q07,skycell-rw,0.048,0.068,38,126
10,Q07,pgsphere,0.054,0.051,16,126
10,Q07,skycell,0.015,0.05,35,126
10,Q07,skycell-rw,0.044,0.073,46,141
10,Q07,skycell,0.028,0.102,52,141
10,Q07,pgsphere,0.016,0.165,84,141
10,Q07,skycell-rw,0.142,0.697,241,1366
10,Q07,skycell,0.037,0.435,240,1366
10,Q07,pgsphere,0.05,0.603,447,1366
10,Q07,skycell,0.062,1.932,538,3448
10,Q07,skycell-rw,0.218,1.482,551,3448
10,Q07,pgsphere,0.044,1.602,1760,3448
10,Q07,skycell,0.019,0.157,86,897
10,Q07,pgsphere,0.028,0.298,85,897
10,Q07,skycell-rw,0.069,0.208,77,897
10,Q07,skycell,0.025,0.07,37,256
10,Q07,skycell-rw,0.045,0.076,43,256
10,Q07,pgsphere,0.013,0.135,23,256
10,Q07,pgsphere,0.016,0.28,173,979
10,Q07,skycell,0.024,0.226,99,979
10,Q07,skycell-rw,0.072,0.252,111,979
10,Q07,skycell-rw,0.042,0.036,19,128
10,Q07,pgsphere,0.012,0.035,12,128
10,Q07,skycell,0.012,0.024,16,128
10,Q07,skycell-rw,0.066,0.226,78,467
10,Q07,skycell,0.034,0.199,69,467
10,Q07,pgsphere,0.045,0.237,73,467
10,Q07,skycell,0.041,0.146,60,219
10,Q07,skycell-rw,0.098,0.158,66,219
10,Q07,pgsphere,0.034,0.137,53,219
10,Q07,skycell-rw,0.102,0.177,54,330
10,Q07,pgsphere,0.038,0.22,61,330
10,Q07,skycell,0.075,0.16,60,330
10,Q07,pgsphere,0.074,5.619,1942,4023
10,Q07,skycell,0.065,4.35,546,4023
10,Q07,skycell-rw,0.25,2.658,546,4023
10,Q07,skycell-rw,0.151,0.65,202,1647
10,Q07,pgsphere,0.055,0.82,433,1647
10,Q07,skycell,0.041,0.521,200,1647
10,Q07,skycell-rw,0.059,0.098,43,256
10,Q07,skycell,0.016,0.082,37,256
10,Q07,pgsphere,0.015,0.085,23,256
10,Q07,skycell-rw,0.056,0.096,46,141
10,Q07,skycell,0.02,0.083,52,141
10,Q07,pgsphere,0.016,0.154,84,141
10,Q07,skycell-rw,0.177,0.854,306,1356
10,Q07,pgsphere,0.054,0.867,700,1356
10,Q07,skycell,0.045,0.645,300,1356
10,Q07,pgsphere,0.032,0.437,310,1137
10,Q07,skycell-rw,0.122,0.43,163,1137
10,Q07,skycell,0.022,0.384,153,1137
10,Q07,pgsphere,0.017,0.056,16,126
10,Q07,skycell-rw,0.092,0.092,38,126
10,Q07,skycell,0.021,0.064,35,126
10,Q07,pgsphere,0.024,0.074,20,157
10,Q07,skycell-rw,0.036,0.49,1504,157
10,Q07,skycell,0.016,0.086,34,157
10,Q07,skycell,0.016,0.068,41,147
10,Q07,skycell-rw,0.054,0.087,40,147
10,Q07,pgsphere,0.022,0.09,20,147
10,Q07,skycell-rw,0.094,0.071,39,128
10,Q07,pgsphere,0.015,0.055,16,128
10,Q07,skycell,0.015,0.088,42,128
10,Q07,skycell,0.015,0.03,16,128
10,Q07,skycell-rw,0.035,0.043,19,128
10,Q07,pgsphere,0.02,0.046,12,128
10,Q07,skycell,0.033,0.233,92,369
10,Q07,pgsphere,0.03,0.298,124,369
10,Q07,skycell-rw,0.101,0.324,118,369
10,Q07,skycell,0.017,0.076,34,206
10,Q07,skycell-rw,0.029,0.327,966,206
10,Q07,pgsphere,0.022,0.083,22,206
10,Q07,skycell,0.036,0.35,136,1054
10,Q07,skycell-rw,0.087,0.34,134,1054
10,Q07,pgsphere,0.07,0.58,316,1054
10,Q07,pgsphere,0.029,0.187,73,467
10,Q07,skycell,0.025,0.152,69,467
10,Q07,skycell-rw,0.072,0.198,78,467
10,Q07,pgsphere,0.034,0.354,173,979
10,Q07,skycell,0.034,0.253,99,979
10,Q07,skycell-rw,0.069,0.281,111,979
10,Q07,pgsphere,0.057,0.775,447,1344
10,Q07,skycell-rw,0.149,0.575,191,1344
10,Q07,skycell,0.03,0.575,194,1344
10,Q07,pgsphere,0.039,0.079,21,231
10,Q07,skycell-rw,0.041,0.103,45,231
10,Q07,skycell,0.018,0.078,44,231
10,Q07,skycell,0.052,1.802,538,3448
10,Q07,pgsphere,0.057,1.904,1760,3448
10,Q07,skycell-rw,0.194,1.72,551,3448
10,Q07,skycell,0.044,0.143,60,330
10,Q07,pgsphere,0.04,0.142,61,330
10,Q07,skycell-rw,0.056,0.116,54,330
10,Q07,skycell-rw,0.158,1.415,338,2510
10,Q07,pgsphere,0.051,1.212,970,2510
10,Q07,skycell,0.049,0.984,340,2510
10,Q07,pgsphere,0.039,0.448,255,1053
10,Q07,skycell-rw,0.108,0.406,157,1053
10,Q07,skycell,0.032,0.327,151,1053
10,Q07,pgsphere,0.029,0.327,85,897
10,Q07,skycell,0.018,0.233,86,897
10,Q07,skycell-rw,0.056,0.228,77,897
10,Q07,skycell-rw,0.061,0.38,126,484
10,Q07,pgsphere,0.038,0.362,179,484
10,Q07,skycell,0.026,0.222,122,484
10,Q07,skycell-rw,0.154,0.674,241,1366
10,Q07,pgsphere,0.041,0.625,447,1366
10,Q07,skycell,0.041,0.562,240,1366
10,Q07,pgsphere,0.038,0.507,227,1034
10,Q07,skycell,0.035,0.374,156,1034
10,Q07,skycell-rw,0.087,0.427,160,1034
10,Q07,skycell,0.091,0.566,182,1197
10,Q07,pgsphere,0.059,0.579,417,1197
10,Q07,skycell-rw,0.103,0.593,176,1197
10,Q07,skycell-rw,0.076,0.138,65,520
10,Q07,skycell,0.022,0.135,65,520
10,Q07,pgsphere,0.016,0.157,61,520
10,Q07,pgsphere,0.029,0.057,13,249
10,Q07,skycell,0.015,0.055,24,249
10,Q07,skycell-rw,0.032,0.327,760,249
10,Q07,skycell,0.017,0.098,60,219
10,Q07,skycell-rw,0.094,0.209,66,219
10,Q07,pgsphere,0.02,0.102,53,219
10,Q07,skycell,0.028,0.087,44,231
10,Q07,skycell-rw,0.039,0.141,45,231
10,Q07,pgsphere,0.031,0.083,21,231
10,Q07,pgsphere,0.071,0.69,417,1197
10,Q07,skycell-rw,0.11,0.508,176,1197
10,Q07,skycell,0.05,0.431,182,1197
10,Q07,pgsphere,0.024,0.087,22,206
10,Q07,skycell,0.014,0.066,34,206
10,Q07,skycell-rw,0.032,0.332,966,206
10,Q07,pgsphere,0.04,0.464,227,1034
10,Q07,skycell-rw,0.122,0.717,160,1034
10,Q07,skycell,0.053,0.594,156,1034
10,Q07,skycell,0.042,0.131,60,219
10,Q07,skycell-rw,0.099,0.151,66,219
10,Q07,pgsphere,0.037,0.17,53,219
10,Q07,skycell-rw,0.128,0.135,38,126
10,Q07,pgsphere,0.033,0.071,16,126
10,Q07,skycell,0.032,0.099,35,126
10,Q07,skycell,0.04,0.639,240,1366
10,Q07,pgsphere,0.08,1.04,447,1366
10,Q07,skycell-rw,0.193,0.786,241,1366
10,Q07,skycell-rw,0.083,0.107,43,256
10,Q07,pgsphere,0.017,0.09,23,256
10,Q07,skycell,0.019,0.079,37,256
10,Q07,skycell-rw,0.095,0.333,760,249
10,Q07,skycell,0.018,0.059,24,249
10,Q07,pgsphere,0.019,0.064,13,249
10,Q07,skycell-rw,0.056,0.118,54,330
10,Q07,pgsphere,0.016,0.133,61,330
10,Q07,skycell,0.015,0.14,60,330
10,Q07,skycell-rw,0.074,0.176,78,467
10,Q07,pgsphere,0.023,0.174,73,467
10,Q07,skycell,0.022,0.152,69,467
10,Q07,pgsphere,0.043,0.293,124,369
10,Q07,skycell-rw,0.112,0.258,118,369
10,Q07,skycell,0.02,0.169,92,369
10,Q07,skycell,0.064,2.322,546,4023
10,Q07,skycell-rw,0.171,2.317,546,4023
10,Q07,pgsphere,0.062,2.193,1942,4023
10,Q07,pgsphere,0.135,2.979,1760,3448
10,Q07,skycell,0.081,2.344,538,3448
10,Q07,skycell-rw,0.225,2.358,551,3448
10,Q07,pgsphere,0.072,0.821,700,1356
10,Q07,skycell-rw,0.168,0.772,306,1356
10,Q07,skycell,0.047,0.634,300,1356
10,Q07,pgsphere,0.035,0.284,85,897
10,Q07,skycell,0.018,0.222,86,897
10,Q07,skycell-rw,0.067,0.225,77,897
10,Q07,skycell,0.019,0.341,136,1054
10,Q07,skycell-rw,0.074,0.365,134,1054
10,Q07,pgsphere,0.039,0.502,316,1054
10,Q07,skycell,0.023,0.438,153,1137
10,Q07,skycell-rw,0.112,0.425,163,1137
10,Q07,pgsphere,0.025,0.428,310,1137
10,Q07,pgsphere,0.026,0.303,179,484
10,Q07,skycell-rw,0.071,0.342,126,484
10,Q07,skycell,0.028,0.206,122,484
10,Q07,pgsphere,0.027,0.297,173,979
10,Q07,skycell-rw,0.068,0.279,111,979
10,Q07,skycell,0.019,0.232,99,979
10,Q07,skycell-rw,0.119,0.541,191,1344
10,Q07,skycell,0.038,0.425,194,1344
10,Q07,pgsphere,0.026,0.63,447,1344
10,Q07,skycell-rw,0.074,0.109,46,141
10,Q07,skycell,0.016,0.081,52,141
10,Q07,pgsphere,0.018,0.173,84,141
10,Q07,pgsphere,0.016,0.117,20,157
10,Q07,skycell-rw,0.031,0.55,1504,157
10,Q07,skycell,0.017,0.063,34,157
10,Q07,skycell-rw,0.153,1.066,338,2510
10,Q07,pgsphere,0.071,1.17,970,2510
10,Q07,skycell,0.05,0.926,340,2510
10,Q07,skycell,0.031,0.075,41,147
10,Q07,pgsphere,0.016,0.086,20,147
10,Q07,skycell-rw,0.056,0.188,40,147
10,Q07,pgsphere,0.016,0.054,16,128
10,Q07,skycell-rw,0.061,0.064,39,128
10,Q07,skycell,0.015,0.053,42,128
10,Q07,skycell,0.024,0.642,200,1647
10,Q07,skycell-rw,0.121,0.609,202,1647
10,Q07,pgsphere,0.039,0.777,433,1647
10,Q07,skycell,0.039,0.323,151,1053
10,Q07,skycell-rw,0.101,0.382,157,1053
10,Q07,pgsphere,0.029,0.401,255,1053
10,Q07,skycell-rw,0.078,0.164,65,520
10,Q07,skycell,0.016,0.154,65,520
10,Q07,pgsphere,0.022,0.166,61,520
10,Q07,pgsphere,0.015,0.073,12,128
10,Q07,skycell-rw,0.037,0.045,19,128
10,Q07,skycell,0.015,0.03,16,128
10,Q12,skycell-rw,0.022,0.006,3,0
10,Q12,pgsphere,0.011,0.013,4,0
10,Q12,skycell,0.011,0.005,3,0
10,Q12,skycell,0.01,0.004,3,0
10,Q12,skycell-rw,0.02,0.005,3,0
10,Q12,pgsphere,0.011,0.044,14,0
10,Q12,skycell-rw,0.02,0.005,3,0
10,Q12,skycell,0.011,0.005,3,0
10,Q12,pgsphere,0.016,0.015,4,0
10,Q12,pgsphere,0.011,0.021,7,0
10,Q12,skycell-rw,0.021,0.006,3,0
10,Q12,skycell,0.01,0.005,3,0
10,Q12,skycell-rw,0.019,0.005,3,0
10,Q12,skycell,0.013,0.005,3,0
10,Q12,pgsphere,0.011,0.02,6,0
10,Q12,pgsphere,0.01,0.034,8,0
10,Q12,skycell,0.01,0.004,3,0
10,Q12,skycell-rw,0.022,0.005,3,0
10,Q12,skycell,0.011,0.005,3,0
10,Q12,skycell-rw,0.019,0.005,3,0
10,Q12,pgsphere,0.011,0.021,6,0
10,Q12,skycell-rw,0.03,0.009,6,0
10,Q12,skycell,0.011,0.005,6,0
10,Q12,pgsphere,0.011,0.027,9,0
10,Q12,skycell,0.01,0.004,3,0
10,Q12,pgsphere,0.01,0.023,7,0
10,Q12,skycell-rw,0.02,0.005,3,0
10,Q12,pgsphere,0.015,0.027,8,0
10,Q12,skycell,0.01,0.005,3,0
10,Q12,skycell-rw,0.02,0.005,3,0
10,Q12,skycell-rw,0.024,0.006,3,0
10,Q12,pgsphere,0.011,0.023,7,0
10,Q12,skycell,0.01,0.007,3,0
10,Q12,skycell,0.01,0.004,3,0
10,Q12,pgsphere,0.011,0.02,6,0
10,Q12,skycell-rw,0.02,0.005,3,0
10,Q12,pgsphere,0.011,0.015,5,0
10,Q12,skycell,0.01,0.004,3,0
10,Q12,skycell-rw,0.019,0.005,3,0
10,Q12,skycell,0.01,0.004,3,0
10,Q12,skycell-rw,0.019,0.005,3,0
10,Q12,pgsphere,0.011,0.024,7,0
10,Q12,skycell-rw,0.019,0.005,3,0
10,Q12,pgsphere,0.011,0.014,5,0
10,Q12,skycell,0.01,0.004,3,0
10,Q12,pgsphere,0.012,0.02,7,0
10,Q12,skycell-rw,0.026,0.007,3,0
10,Q12,skycell,0.01,0.005,3,0
10,Q12,pgsphere,0.011,0.02,7,0
10,Q12,skycell,0.016,0.006,3,0
10,Q12,skycell-rw,0.021,0.005,3,0
10,Q12,skycell-rw,0.023,0.005,3,0
10,Q12,skycell,0.01,0.004,3,0
10,Q12,pgsphere,0.011,0.024,8,0
10,Q12,pgsphere,0.011,0.014,4,0
10,Q12,skycell-rw,0.02,0.005,3,0
10,Q12,skycell,0.01,0.004,3,0
10,Q12,skycell-rw,0.019,0.005,3,0
10,Q12,pgsphere,0.011,0.026,8,0
10,Q12,skycell,0.02,0.006,3,0
10,Q12,pgsphere,0.011,0.012,4,0
10,Q12,skycell,0.01,0.004,3,0
10,Q12,skycell-rw,0.019,0.005,3,0
10,Q12,pgsphere,0.011,0.01,4,0
10,Q12,skycell,0.011,0.014,3,0
10,Q12,skycell-rw,0.023,0.005,3,0
10,Q12,pgsphere,0.011,0.023,8,0
10,Q12,skycell-rw,0.019,0.005,3,0
10,Q12,skycell,0.011,0.005,3,0
10,Q12,skycell-rw,0.019,0.005,3,0
10,Q12,pgsphere,0.011,0.028,10,0
10,Q12,skycell,0.02,0.007,3,0
10,Q12,pgsphere,0.01,0.013,4,0
10,Q12,skycell-rw,0.02,0.005,3,0
10,Q12,skycell,0.01,0.004,3,0
10,Q12,skycell-rw,0.019,0.005,3,0
10,Q12,pgsphere,0.011,0.038,14,0
10,Q12,skycell,0.01,0.004,3,0
10,Q12,skycell-rw,0.032,0.01,6,0
10,Q12,pgsphere,0.01,0.012,4,0
10,Q12,skycell,0.011,0.005,6,0
10,Q12,skycell-rw,0.029,0.01,6,0
10,Q12,skycell,0.011,0.006,6,0
10,Q12,pgsphere,0.011,0.03,9,0
10,Q12,pgsphere,0.01,0.012,4,0
10,Q12,skycell,0.011,0.004,3,0
10,Q12,skycell-rw,0.031,0.006,3,0
10,Q12,skycell,0.011,0.004,3,0
10,Q12,skycell-rw,0.02,0.005,3,0
10,Q12,pgsphere,0.01,0.025,8,0
10,Q12,pgsphere,0.013,0.025,8,0
10,Q12,skycell-rw,0.02,0.005,3,0
10,Q12,skycell,0.01,0.004,3,0
10,Q12,skycell-rw,0.02,0.005,3,0
10,Q12,skycell,0.01,0.004,3,0
10,Q12,pgsphere,0.012,0.015,5,0
10,Q12,pgsphere,0.01,0.028,10,0
10,Q12,skycell,0.01,0.004,3,0
10,Q12,skycell-rw,0.019,0.005,3,0
10,Q12,skycell,0.01,0.004,3,0
10,Q12,skycell-rw,0.019,0.005,3,0
10,Q12,pgsphere,0.045,0.019,5,0
10,Q12,skycell,0.011,0.004,3,0
10,Q12,skycell-rw,0.019,0.005,3,0
10,Q12,pgsphere,0.011,0.01,4,0
10,Q12,skycell,0.11,0.01,6,0
10,Q12,pgsphere,0.012,0.027,9,0
10,Q12,skycell-rw,0.03,0.009,6,0
10,Q12,pgsphere,0.011,0.024,4,0
10,Q12,skycell-rw,0.02,0.005,3,0
10,Q12,skycell,0.01,0.004,3,0
10,Q12,skycell,0.01,0.004,3,0
10,Q12,skycell-rw,0.053,0.018,3,0
10,Q12,pgsphere,0.012,0.013,4,0
10,Q12,skycell,0.01,0.004,3,0
10,Q12,pgsphere,0.01,0.021,6,0
10,Q12,skycell-rw,0.045,0.008,3,0
10,Q12,skycell-rw,0.031,0.009,6,0
10,Q12,skycell,0.011,0.005,6,0
10,Q12,pgsphere,0.011,0.012,4,0
10,Q12,pgsphere,0.011,0.023,7,0
10,Q12,skycell-rw,0.02,0.005,3,0
10,Q12,skycell,0.021,0.008,3,0
10,Q12,skycell-rw,0.021,0.005,3,0
10,Q12,pgsphere,0.011,0.012,4,0
10,Q12,skycell,0.011,0.004,3,0
10,Q12,pgsphere,0.01,0.02,7,0
10,Q12,skycell-rw,0.02,0.005,3,0
10,Q12,skycell,0.01,0.004,3,0
10,Q12,skycell-rw,0.019,0.005,3,0
10,Q12,pgsphere,0.011,0.034,8,0
10,Q12,skycell,0.01,0.004,3,0
10,Q12,skycell-rw,0.02,0.005,3,0
10,Q12,pgsphere,0.011,0.013,4,0
10,Q12,skycell,0.01,0.004,3,0
10,Q12,skycell,0.011,0.004,3,0
10,Q12,skycell-rw,0.072,0.012,3,0
10,Q12,pgsphere,0.02,0.028,7,0
10,Q12,pgsphere,0.02,0.017,4,0
10,Q12,skycell-rw,0.02,0.005,3,0
10,Q12,skycell,0.01,0.004,3,0
10,Q12,skycell-rw,0.019,0.005,3,0
10,Q12,pgsphere,0.013,0.055,7,0
10,Q12,skycell,0.012,0.005,3,0
10,Q12,skycell,0.01,0.004,3,0
10,Q12,skycell-rw,0.019,0.005,3,0
10,Q12,pgsphere,0.011,0.012,4,0
10,Q12,skycell-rw,0.023,0.006,3,0
10,Q12,pgsphere,0.011,0.026,8,0
10,Q12,skycell,0.01,0.004,3,0
10,Q12,skycell,0.047,0.016,6,0
10,Q12,skycell-rw,0.042,0.011,6,0
10,Q12,pgsphere,0.011,0.03,9,0
10,Q12,skycell-rw,0.026,0.007,3,0
10,Q12,skycell,0.012,0.005,3,0
10,Q12,pgsphere,0.01,0.02,6,0
10,Q12,skycell,0.01,0.004,3,0
10,Q12,pgsphere,0.01,0.019,6,0
10,Q12,skycell-rw,0.025,0.006,3,0
10,Q12,skycell-rw,0.019,0.005,3,0
10,Q12,pgsphere,0.011,0.037,14,0
10,Q12,skycell,0.01,0.004,3,0
10,Q12,pgsphere,0.021,0.024,7,0
10,Q12,skycell-rw,0.02,0.007,3,0
10,Q12,skycell,0.014,0.006,3,0
10,Q12,skycell,0.01,0.004,3,0
10,Q12,pgsphere,0.011,0.023,8,0
10,Q12,skycell-rw,0.019,0.005,3,0
10,Q12,skycell-rw,0.023,0.005,3,0
10,Q12,skycell,0.011,0.004,3,0
10,Q12,pgsphere,0.01,0.037,14,0
10,Q12,pgsphere,0.011,0.021,7,0
10,Q12,skycell-rw,0.019,0.005,3,0
10,Q12,skycell,0.01,0.004,3,0
10,Q12,skycell-rw,0.019,0.005,3,0
10,Q12,skycell,0.01,0.004,3,0
10,Q12,pgsphere,0.013,0.021,8,0
10,Q12,skycell,0.011,0.005,3,0
10,Q12,pgsphere,0.011,0.025,8,0
10,Q12,skycell-rw,0.019,0.005,3,0
10,Q12,pgsphere,0.012,0.028,10,0
10,Q12,skycell-rw,0.02,0.005,3,0
10,Q12,skycell,0.018,0.036,3,0
10,Q12,pgsphere,0.012,0.016,5,0
10,Q12,skycell-rw,0.02,0.005,3,0
10,Q12,skycell,0.01,0.005,3,0
10,Q12,skycell,0.01,0.004,3,0
10,Q12,skycell-rw,0.02,0.015,3,0
10,Q12,pgsphere,0.011,0.012,4,0
10,Q12,skycell,0.01,0.004,3,0
10,Q12,pgsphere,0.011,0.02,6,0
10,Q12,skycell-rw,0.019,0.005,3,0
10,Q12,skycell-rw,0.023,0.006,3,0
10,Q12,skycell,0.01,0.004,3,0
10,Q12,pgsphere,0.011,0.038,14,0
10,Q12,skycell,0.01,0.004,3,0
10,Q12,pgsphere,0.031,0.015,4,0
10,Q12,skycell-rw,0.022,0.006,3,0
10,Q12,pgsphere,0.01,0.028,9,0
10,Q12,skycell-rw,0.03,0.012,6,0
10,Q12,skycell,0.018,0.007,6,0
10,Q12,skycell,0.011,0.005,3,0
10,Q12,pgsphere,0.011,0.022,6,0
10,Q12,skycell-rw,0.019,0.005,3,0
10,Q12,skycell,0.013,0.005,3,0
10,Q12,pgsphere,0.011,0.023,8,0
10,Q12,skycell-rw,0.019,0.005,3,0
10,Q12,skycell-rw,0.027,0.007,3,0
10,Q12,pgsphere,0.011,0.014,4,0
10,Q12,skycell,0.01,0.004,3,0
10,Q12,skycell-rw,0.019,0.005,3,0
10,Q12,skycell,0.01,0.004,3,0
10,Q12,pgsphere,0.011,0.02,6,0
10,Q12,pgsphere,0.011,0.024,8,0
10,Q12,skycell-rw,0.019,0.005,3,0
10,Q12,skycell,0.01,0.004,3,0
10,Q12,skycell-rw,0.019,0.005,3,0
10,Q12,pgsphere,0.011,0.015,5,0
10,Q12,skycell,0.016,0.007,3,0
10,Q12,skycell-rw,0.019,0.005,3,0
10,Q12,skycell,0.01,0.004,3,0
10,Q12,pgsphere,0.011,0.048,7,0
10,Q12,pgsphere,0.012,0.021,8,0
10,Q12,skycell-rw,0.019,0.005,3,0
10,Q12,skycell,0.01,0.004,3,0
10,Q12,skycell-rw,0.019,0.005,3,0
10,Q12,skycell,0.011,0.029,3,0
10,Q12,pgsphere,0.012,0.036,14,0
10,Q12,pgsphere,0.01,0.011,4,0
10,Q12,skycell,0.01,0.005,6,0
10,Q12,skycell-rw,0.03,0.009,6,0
10,Q12,pgsphere,0.013,0.021,7,0
10,Q12,skycell-rw,0.02,0.005,3,0
10,Q12,skycell,0.011,0.004,3,0
10,Q12,pgsphere,0.01,0.013,4,0
10,Q12,skycell,0.01,0.029,3,0
10,Q12,skycell-rw,0.022,0.006,3,0
10,Q12,skycell-rw,0.029,0.007,3,0
10,Q12,pgsphere,0.013,0.015,4,0
10,Q12,skycell,0.011,0.005,3,0
10,Q12,skycell,0.01,0.004,3,0
10,Q12,skycell-rw,0.019,0.005,3,0
10,Q12,pgsphere,0.011,0.024,7,0
10,Q12,skycell,0.012,0.005,3,0
10,Q12,skycell-rw,0.022,0.005,3,0
10,Q12,pgsphere,0.011,0.026,8,0
10,Q12,skycell-rw,0.019,0.005,3,0
10,Q12,skycell,0.011,0.004,3,0
10,Q12,pgsphere,0.014,0.026,8,0
10,Q12,skycell-rw,0.019,0.005,3,0
10,Q12,skycell,0.01,0.004,3,0
10,Q12,pgsphere,0.011,0.025,8,0
10,Q12,pgsphere,0.01,0.022,7,0
10,Q12,skycell,0.011,0.005,3,0
10,Q12,skycell-rw,0.082,0.012,3,0
10,Q12,pgsphere,0.012,0.014,4,0
10,Q12,skycell-rw,0.019,0.005,3,0
10,Q12,skycell,0.011,0.005,3,0
10,Q12,skycell-rw,0.019,0.005,3,0
10,Q12,pgsphere,0.01,0.021,7,0
10,Q12,skycell,0.01,0.005,3,0
10,Q12,pgsphere,0.011,0.051,7,0
10,Q12,skycell,0.012,0.005,3,0
10,Q12,skycell-rw,0.019,0.005,3,0
10,Q12,pgsphere,0.011,0.026,9,0
10,Q12,skycell,0.01,0.005,6,0
10,Q12,skycell-rw,0.029,0.009,6,0
10,Q12,pgsphere,0.011,0.01,4,0
10,Q12,skycell-rw,0.02,0.005,3,0
10,Q12,skycell,0.01,0.004,3,0
2,Q05,skycell-rw,0.096,0.095,29,69
2,Q05,pgsphere,0.026,0.062,11,69
2,Q05,skycell,0.027,0.058,12,69
2,Q05,pgsphere,0.015,0.049,11,60
2,Q05,skycell,0.03,0.067,14,60
2,Q05,skycell-rw,0.03,0.318,520,60
2,Q05,skycell-rw,0.092,0.087,29,66
2,Q05,pgsphere,0.016,0.058,22,66
2,Q05,skycell,0.022,0.075,29,66
2,Q05,skycell-rw,0.035,0.35,566,104
2,Q05,pgsphere,0.015,0.06,12,104
2,Q05,skycell,0.02,0.076,16,104
2,Q05,skycell,0.018,0.047,21,49
2,Q05,skycell-rw,0.066,0.068,28,49
2,Q05,pgsphere,0.015,0.046,13,49
2,Q05,pgsphere,0.015,0.049,14,66
2,Q05,skycell-rw,0.115,0.094,29,66
2,Q05,skycell,0.016,0.072,29,66
2,Q05,skycell-rw,0.097,0.1,40,48
2,Q05,skycell,0.019,0.077,43,48
2,Q05,pgsphere,0.016,0.054,17,48
2,Q05,skycell-rw,0.047,0.145,222,45
2,Q05,pgsphere,0.015,0.076,6,45
2,Q05,skycell,0.015,0.035,8,45
2,Q05,skycell,0.017,0.069,28,74
2,Q05,skycell-rw,0.058,0.087,29,74
2,Q05,pgsphere,0.021,0.082,25,74
2,Q05,skycell-rw,0.034,0.308,502,52
2,Q05,pgsphere,0.016,0.039,5,52
2,Q05,skycell,0.014,0.061,17,52
2,Q05,skycell,0.017,0.105,38,151
2,Q05,pgsphere,0.025,0.123,43,151
2,Q05,skycell-rw,0.05,0.117,38,151
2,Q05,pgsphere,0.016,0.066,12,133
2,Q05,skycell-rw,0.062,0.088,18,133
2,Q05,skycell,0.017,0.068,22,133
2,Q05,skycell,0.019,0.035,11,24
2,Q05,pgsphere,0.014,0.028,5,24
2,Q05,skycell-rw,0.117,0.186,400,24
2,Q05,pgsphere,0.022,0.043,12,61
2,Q05,skycell-rw,0.028,0.373,846,61
2,Q05,skycell,0.014,0.055,24,61
2,Q05,skycell,0.012,0.028,17,70
2,Q05,skycell-rw,0.048,0.031,17,70
2,Q05,pgsphere,0.012,0.028,6,70
2,Q05,skycell-rw,0.033,0.063,19,168
2,Q05,skycell,0.013,0.068,19,168
2,Q05,pgsphere,0.016,0.027,5,46
2,Q05,skycell,0.012,0.023,10,46
2,Q05,skycell-rw,0.031,0.037,10,46
2,Q05,skycell-rw,0.032,0.027,12,37
2,Q05,pgsphere,0.016,0.025,6,37
2,Q05,skycell,0.012,0.023,12,37
2,Q05,skycell,0.011,0.024,8,54
2,Q05,pgsphere,0.011,0.026,5,54
2,Q05,skycell-rw,0.026,0.1,262,54
2,Q05,skycell,0.011,0.023,9,45
2,Q05,skycell-rw,0.026,0.097,246,45
2,Q05,pgsphere,0.014,0.027,5,45
2,Q05,skycell-rw,0.021,0.073,244,50
2,Q05,pgsphere,0.011,0.021,5,50
2,Q05,skycell,0.015,0.024,7,50
2,Q05,pgsphere,0.011,0.072,7,75
2,Q05,skycell-rw,0.023,0.113,354,75
2,Q05,skycell,0.011,0.042,12,75
2,Q05,skycell,0.011,0.036,14,60
2,Q05,skycell-rw,0.021,0.198,520,60
2,Q05,pgsphere,0.012,0.03,11,60
2,Q05,skycell-rw,0.021,0.091,246,45
2,Q05,pgsphere,0.011,0.025,5,45
2,Q05,skycell,0.022,0.03,9,45
2,Q05,pgsphere,0.012,0.042,25,74
2,Q05,skycell,0.011,0.041,28,74
2,Q05,skycell-rw,0.033,0.051,29,74
2,Q05,pgsphere,0.012,0.028,13,49
2,Q05,skycell-rw,0.045,0.05,28,49
2,Q05,skycell,0.012,0.028,21,49
2,Q05,skycell,0.011,0.023,8,63
2,Q05,pgsphere,0.013,0.055,5,63
2,Q05,skycell-rw,0.022,0.087,262,63
2,Q05,skycell-rw,0.045,0.032,17,70
2,Q05,pgsphere,0.012,0.037,6,70
2,Q05,skycell,0.011,0.026,17,70
2,Q05,skycell,0.013,0.032,23,38
2,Q05,skycell-rw,0.027,0.21,602,38
2,Q05,pgsphere,0.012,0.022,6,38
2,Q05,skycell,0.011,0.026,16,92
2,Q05,pgsphere,0.011,0.028,5,92
2,Q05,skycell-rw,0.046,0.031,16,92
2,Q05,skycell-rw,0.045,0.079,29,66
2,Q05,skycell,0.012,0.05,29,66
2,Q05,pgsphere,0.011,0.031,14,66
2,Q05,skycell-rw,0.027,0.073,244,50
2,Q05,skycell,0.011,0.022,7,50
2,Q05,pgsphere,0.011,0.021,5,50
2,Q05,pgsphere,0.01,0.039,12,133
2,Q05,skycell-rw,0.03,0.054,18,133
2,Q05,skycell,0.011,0.04,22,133
2,Q05,skycell,0.01,0.042,16,104
2,Q05,pgsphere,0.014,0.038,12,104
2,Q05,skycell-rw,0.038,0.254,566,104
2,Q05,skycell,0.013,0.031,12,75
2,Q05,pgsphere,0.011,0.03,7,75
2,Q05,skycell-rw,0.021,0.144,354,75
2,Q05,skycell,0.011,0.054,19,168
2,Q05,pgsphere,0.011,0.049,19,168
2,Q05,skycell-rw,0.068,0.067,19,168
2,Q05,skycell,0.013,0.042,29,66
2,Q05,pgsphere,0.011,0.034,22,66
2,Q05,skycell-rw,0.03,0.056,29,66
2,Q05,skycell-rw,0.076,0.077,33,120
2,Q05,pgsphere,0.015,0.053,27,120
2,Q05,skycell,0.013,0.049,32,120
2,Q05,skycell,0.011,0.024,12,37
2,Q05,skycell-rw,0.03,0.027,12,37
2,Q05,pgsphere,0.023,0.065,6,37
2,Q05,skycell,0.056,0.029,10,46
2,Q05,skycell-rw,0.035,0.026,10,46
2,Q05,pgsphere,0.015,0.024,5,46
2,Q05,pgsphere,0.011,0.052,38,130
2,Q05,skycell,0.013,0.067,31,130
2,Q05,skycell-rw,0.038,0.077,31,130
2,Q05,skycell-rw,0.02,0.091,222,45
2,Q05,skycell,0.01,0.021,8,45
2,Q05,pgsphere,0.011,0.035,6,45
2,Q05,pgsphere,0.011,0.033,11,69
2,Q05,skycell,0.011,0.027,12,69
2,Q05,skycell-rw,0.076,0.05,29,69
2,Q05,skycell-rw,0.047,0.051,40,48
2,Q05,skycell,0.011,0.055,43,48
2,Q05,pgsphere,0.011,0.032,17,48
2,Q05,skycell-rw,0.031,0.066,38,151
2,Q05,skycell,0.013,0.062,38,151
2,Q05,pgsphere,0.012,0.065,43,151
2,Q05,skycell-rw,0.029,0.393,1140,108
2,Q05,pgsphere,0.015,0.047,25,108
2,Q05,skycell,0.018,0.051,27,108
2,Q05,skycell,0.011,0.036,17,52
2,Q05,skycell-rw,0.036,0.161,502,52
2,Q05,pgsphere,0.011,0.023,5,52
2,Q05,skycell-rw,0.028,0.289,846,61
2,Q05,pgsphere,0.011,0.029,12,61
2,Q05,skycell,0.036,0.053,24,61
2,Q05,skycell,0.011,0.018,10,21
2,Q05,skycell-rw,0.031,0.02,10,21
2,Q05,pgsphere,0.054,0.022,5,21
2,Q05,skycell-rw,0.027,0.091,278,30
2,Q05,pgsphere,0.011,0.025,8,30
2,Q05,skycell,0.011,0.05,12,30
2,Q05,skycell-rw,0.022,0.129,400,24
2,Q05,skycell,0.011,0.02,11,24
2,Q05,pgsphere,0.01,0.018,5,24
2,Q05,skycell,0.013,0.024,8,54
2,Q05,skycell-rw,0.02,0.088,262,54
2,Q05,pgsphere,0.011,0.021,5,54
2,Q05,pgsphere,0.013,0.026,8,30
2,Q05,skycell,0.011,0.024,12,30
2,Q05,skycell-rw,0.02,0.087,278,30
2,Q05,pgsphere,0.012,0.048,6,45
2,Q05,skycell,0.014,0.022,8,45
2,Q05,skycell-rw,0.02,0.091,222,45
2,Q05,skycell-rw,0.03,0.021,10,21
2,Q05,pgsphere,0.012,0.018,5,21
2,Q05,skycell,0.011,0.018,10,21
2,Q05,pgsphere,0.018,0.044,25,74
2,Q05,skycell,0.012,0.042,28,74
2,Q05,skycell-rw,0.03,0.053,29,74
2,Q05,pgsphere,0.058,0.081,43,151
2,Q05,skycell-rw,0.032,0.072,38,151
2,Q05,skycell,0.011,0.063,38,151
2,Q05,pgsphere,0.013,0.028,6,70
2,Q05,skycell-rw,0.047,0.031,17,70
2,Q05,skycell,0.012,0.027,17,70
2,Q05,pgsphere,0.011,0.029,5,92
2,Q05,skycell-rw,0.046,0.031,16,92
2,Q05,skycell,0.012,0.027,16,92
2,Q05,skycell-rw,0.045,0.051,40,48
2,Q05,skycell,0.095,0.083,43,48
2,Q05,pgsphere,0.012,0.033,17,48
2,Q05,pgsphere,0.012,0.031,6,38
2,Q05,skycell,0.012,0.032,23,38
2,Q05,skycell-rw,0.021,0.232,602,38
2,Q05,pgsphere,0.011,0.03,11,60
2,Q05,skycell,0.011,0.037,14,60
2,Q05,skycell-rw,0.037,0.18,520,60
2,Q05,skycell,0.012,0.051,27,108
2,Q05,skycell-rw,0.069,0.45,1140,108
2,Q05,pgsphere,0.02,0.047,25,108
2,Q05,skycell,0.033,0.039,8,54
2,Q05,skycell-rw,0.043,0.091,262,54
2,Q05,pgsphere,0.011,0.022,5,54
2,Q05,skycell,0.011,0.03,12,75
2,Q05,skycell-rw,0.035,0.114,354,75
2,Q05,pgsphere,0.011,0.03,7,75
2,Q05,skycell-rw,0.031,0.062,19,168
2,Q05,skycell,0.063,0.06,19,168
2,Q05,pgsphere,0.012,0.049,19,168
2,Q05,skycell-rw,0.047,0.044,28,49
2,Q05,skycell,0.011,0.028,21,49
2,Q05,pgsphere,0.011,0.027,13,49
2,Q05,skycell-rw,0.037,0.047,29,66
2,Q05,skycell,0.011,0.04,29,66
2,Q05,pgsphere,0.011,0.034,22,66
2,Q05,skycell,0.015,0.025,7,50
2,Q05,skycell-rw,0.021,0.099,244,50
2,Q05,pgsphere,0.018,0.024,5,50
2,Q05,pgsphere,0.014,0.019,5,24
2,Q05,skycell,0.018,0.027,11,24
2,Q05,skycell-rw,0.02,0.129,400,24
2,Q05,skycell-rw,0.049,0.047,29,69
2,Q05,skycell,0.012,0.027,12,69
2,Q05,pgsphere,0.014,0.036,11,69
2,Q05,pgsphere,0.011,0.039,12,133
2,Q05,skycell-rw,0.051,0.066,18,133
2,Q05,skycell,0.014,0.041,22,133
2,Q05,skycell-rw,0.038,0.053,33,120
2,Q05,pgsphere,0.013,0.053,27,120
2,Q05,skycell,0.012,0.048,32,120
2,Q05,pgsphere,0.011,0.023,5,46
2,Q05,skycell-rw,0.034,0.026,10,46
2,Q05,skycell,0.011,0.022,10,46
2,Q05,skycell,0.01,0.023,8,63
2,Q05,skycell-rw,0.047,0.093,262,63
2,Q05,pgsphere,0.011,0.028,5,63
2,Q05,skycell,0.011,0.044,16,104
2,Q05,pgsphere,0.01,0.036,12,104
2,Q05,skycell-rw,0.023,0.186,566,104
2,Q05,skycell-rw,0.02,0.092,246,45
2,Q05,pgsphere,0.012,0.026,5,45
2,Q05,skycell,0.016,0.028,9,45
2,Q05,skycell-rw,0.049,0.089,29,66
2,Q05,pgsphere,0.012,0.032,14,66
2,Q05,skycell,0.011,0.044,29,66
2,Q05,skycell,0.016,0.078,31,130
2,Q05,skycell-rw,0.03,0.066,31,130
2,Q05,pgsphere,0.011,0.052,38,130
2,Q05,skycell-rw,0.024,0.286,846,61
2,Q05,pgsphere,0.011,0.038,12,61
2,Q05,skycell,0.02,0.05,24,61
2,Q05,skycell,0.011,0.023,12,37
2,Q05,skycell-rw,0.041,0.029,12,37
2,Q05,pgsphere,0.012,0.023,6,37
2,Q05,skycell-rw,0.021,0.187,502,52
2,Q05,pgsphere,0.011,0.023,5,52
2,Q05,skycell,0.011,0.036,17,52
2,Q06,pgsphere,0.016,0.189,30,753
2,Q06,skycell-rw,0.172,0.229,70,753
2,Q06,skycell,0.025,0.165,70,753
2,Q06,pgsphere,0.013,0.032,5,128
2,Q06,skycell,0.014,0.028,20,128
2,Q06,skycell-rw,0.056,0.047,30,128
2,Q06,skycell-rw,0.107,0.425,134,1767
2,Q06,pgsphere,0.02,0.498,100,1767
2,Q06,skycell,0.025,0.388,135,1767
2,Q06,skycell,0.016,0.099,37,128
2,Q06,skycell-rw,0.056,0.108,37,128
2,Q06,pgsphere,0.027,0.055,6,128
2,Q06,skycell,0.051,5.136,1216,18444
2,Q06,skycell-rw,0.191,4.8,1216,18444
2,Q06,pgsphere,0.05,5.957,2233,18444
2,Q06,skycell,0.057,0.843,223,3384
2,Q06,skycell-rw,0.14,0.732,211,3384
2,Q06,pgsphere,0.106,1.375,198,3384
2,Q06,skycell-rw,0.142,1.65,370,4937
2,Q06,pgsphere,0.05,1.579,373,4937
2,Q06,skycell,0.048,1.165,359,4937
2,Q06,pgsphere,0.048,0.458,88,1054
2,Q06,skycell,0.058,0.373,108,1054
2,Q06,skycell-rw,0.153,0.302,107,1054
2,Q06,skycell-rw,0.268,1.831,305,4510
2,Q06,pgsphere,0.066,1.715,349,4510
2,Q06,skycell,0.073,1.522,303,4510
2,Q06,skycell-rw,0.135,1.843,362,5078
2,Q06,skycell,0.044,1.223,371,5078
2,Q06,pgsphere,0.045,1.462,440,5078
2,Q06,skycell-rw,0.151,0.956,258,3780
2,Q06,skycell,0.037,0.816,256,3780
2,Q06,pgsphere,0.034,1.457,221,3780
2,Q06,pgsphere,0.035,0.39,65,1422
2,Q06,skycell-rw,0.172,0.396,135,1422
2,Q06,skycell,0.028,0.303,137,1422
2,Q06,pgsphere,0.048,1.407,443,5025
2,Q06,skycell-rw,0.184,1.315,402,5025
2,Q06,skycell,0.067,1.471,389,5025
2,Q06,skycell,0.05,2.928,663,10634
2,Q06,pgsphere,0.053,3.016,1175,10634
2,Q06,skycell-rw,0.212,2.39,660,10634
2,Q06,skycell-rw,0.144,0.31,68,640
2,Q06,skycell,0.027,0.141,68,640
2,Q06,pgsphere,0.019,0.222,40,640
2,Q06,skycell-rw,0.183,0.786,201,2527
2,Q06,pgsphere,0.03,0.556,178,2527
2,Q06,skycell,0.029,0.504,208,2527
2,Q06,pgsphere,0.023,0.186,47,261
2,Q06,skycell-rw,0.075,0.126,55,261
2,Q06,skycell,0.016,0.117,55,261
2,Q06,pgsphere,0.012,0.05,12,256
2,Q06,skycell-rw,0.045,0.067,29,256
2,Q06,skycell,0.011,0.054,28,256
2,Q06,skycell,0.039,0.242,98,911
2,Q06,skycell-rw,0.069,0.218,99,911
2,Q06,pgsphere,0.016,0.372,93,911
2,Q06,skycell-rw,0.145,1.366,382,3893
2,Q06,skycell,0.042,1.096,376,3893
2,Q06,pgsphere,0.036,1.17,331,3893
2,Q06,skycell,0.049,0.359,92,446
2,Q06,skycell-rw,0.14,0.206,95,446
2,Q06,pgsphere,0.043,0.17,34,446
2,Q06,skycell,0.15,4.981,1196,17481
2,Q06,skycell-rw,0.31,5.339,1196,17481
2,Q06,pgsphere,0.059,4.923,2251,17481
2,Q06,pgsphere,0.017,0.142,26,640
2,Q06,skycell-rw,0.077,0.165,69,640
2,Q06,skycell,0.014,0.122,59,640
2,Q06,skycell,0.049,1.366,344,4830
2,Q06,pgsphere,0.044,1.724,429,4830
2,Q06,skycell-rw,0.224,1.225,335,4830
2,Q06,pgsphere,0.021,0.163,36,646
2,Q06,skycell-rw,0.086,0.225,69,646
2,Q06,skycell,0.019,0.159,72,646
2,Q06,skycell,0.048,2.639,665,9024
2,Q06,skycell-rw,0.169,2.489,656,9024
2,Q06,pgsphere,0.059,2.583,977,9024
2,Q06,skycell-rw,0.093,0.376,131,1535
2,Q06,pgsphere,0.018,0.42,96,1535
2,Q06,skycell,0.017,0.318,126,1535
2,Q06,skycell-rw,0.072,0.104,48,384
2,Q06,skycell,0.018,0.077,51,384
2,Q06,pgsphere,0.012,0.112,16,384
2,Q06,skycell,0.048,0.15,55,434
2,Q06,skycell-rw,0.071,0.125,49,434
2,Q06,pgsphere,0.016,0.167,32,434
2,Q06,pgsphere,0.04,1.874,741,7126
2,Q06,skycell-rw,0.187,2.021,531,7126
2,Q06,skycell,0.066,1.798,532,7126
2,Q06,skycell,0.024,0.266,108,1054
2,Q06,skycell-rw,0.085,0.261,107,1054
2,Q06,pgsphere,0.024,0.391,88,1054
2,Q06,pgsphere,0.04,1.881,741,7126
2,Q06,skycell,0.044,1.766,532,7126
2,Q06,skycell-rw,0.17,1.795,531,7126
2,Q06,skycell,0.017,0.12,55,261
2,Q06,pgsphere,0.019,0.192,47,261
2,Q06,skycell-rw,0.073,0.125,55,261
2,Q06,pgsphere,0.012,0.083,16,384
2,Q06,skycell-rw,0.093,0.107,48,384
2,Q06,skycell,0.012,0.084,51,384
2,Q06,skycell-rw,0.138,1.299,382,3893
2,Q06,pgsphere,0.038,1.155,331,3893
2,Q06,skycell,0.04,1.178,376,3893
2,Q06,skycell,0.045,1.49,359,4937
2,Q06,skycell-rw,0.138,1.205,370,4937
2,Q06,pgsphere,0.048,1.197,373,4937
2,Q06,skycell-rw,0.166,2.382,656,9024
2,Q06,skycell,0.043,2.14,665,9024
2,Q06,pgsphere,0.042,2.263,977,9024
2,Q06,skycell,0.023,0.054,28,256
2,Q06,pgsphere,0.011,0.049,12,256
2,Q06,skycell-rw,0.043,0.076,29,256
2,Q06,pgsphere,0.029,0.927,221,3780
2,Q06,skycell,0.033,0.767,256,3780
2,Q06,skycell-rw,0.125,0.802,258,3780
2,Q06,skycell,0.017,0.133,68,640
2,Q06,pgsphere,0.015,0.263,40,640
2,Q06,skycell-rw,0.079,0.147,68,640
2,Q06,skycell-rw,0.149,1.167,335,4830
2,Q06,pgsphere,0.047,1.492,429,4830
2,Q06,skycell,0.051,1.058,344,4830
2,Q06,skycell-rw,0.121,0.693,201,2527
2,Q06,skycell,0.034,0.558,208,2527
2,Q06,pgsphere,0.027,0.541,178,2527
2,Q06,skycell-rw,0.205,4.778,1196,17481
2,Q06,skycell,0.051,4.218,1196,17481
2,Q06,pgsphere,0.043,4.614,2251,17481
2,Q06,skycell-rw,0.074,0.365,131,1535
2,Q06,pgsphere,0.027,0.394,96,1535
2,Q06,skycell,0.048,0.267,126,1535
2,Q06,pgsphere,0.023,0.357,93,911
2,Q06,skycell-rw,0.101,0.232,99,911
2,Q06,skycell,0.014,0.22,98,911
2,Q06,skycell,0.019,0.118,55,434
2,Q06,pgsphere,0.017,0.137,32,434
2,Q06,skycell-rw,0.054,0.127,49,434
2,Q06,skycell,0.011,0.066,37,128
2,Q06,pgsphere,0.011,0.034,6,128
2,Q06,skycell-rw,0.087,0.073,37,128
2,Q06,skycell-rw,0.115,1.05,305,4510
2,Q06,skycell,0.038,1.023,303,4510
2,Q06,pgsphere,0.038,1.108,349,4510
2,Q06,skycell,0.032,0.676,223,3384
2,Q06,pgsphere,0.028,0.718,198,3384
2,Q06,skycell-rw,0.127,0.811,211,3384
2,Q06,skycell,0.019,0.162,70,753
2,Q06,pgsphere,0.019,0.162,30,753
2,Q06,skycell-rw,0.078,0.184,70,753
2,Q06,skycell-rw,0.183,1.268,402,5025
2,Q06,skycell,0.04,1.164,389,5025
2,Q06,pgsphere,0.037,1.299,443,5025
2,Q06,pgsphere,0.019,0.139,26,640
2,Q06,skycell-rw,0.068,0.184,69,640
2,Q06,skycell,0.012,0.134,59,640
2,Q06,skycell-rw,0.104,0.352,135,1422
2,Q06,pgsphere,0.019,0.29,65,1422
2,Q06,skycell,0.019,0.323,137,1422
2,Q06,skycell,0.036,1.232,371,5078
2,Q06,pgsphere,0.037,1.242,440,5078
2,Q06,skycell-rw,0.121,1.133,362,5078
2,Q06,skycell-rw,0.192,4.952,1216,18444
2,Q06,pgsphere,0.042,4.268,2233,18444
2,Q06,skycell,0.05,5.015,1216,18444
2,Q06,pgsphere,0.02,0.222,36,646
2,Q06,skycell,0.043,0.193,72,646
2,Q06,skycell-rw,0.11,0.23,69,646
2,Q06,skycell,0.046,2.429,663,10634
2,Q06,pgsphere,0.041,2.864,1175,10634
2,Q06,skycell-rw,0.211,2.263,660,10634
2,Q06,skycell,0.015,0.027,20,128
2,Q06,pgsphere,0.011,0.066,5,128
2,Q06,skycell-rw,0.045,0.097,30,128
2,Q06,pgsphere,0.017,0.16,34,446
2,Q06,skycell-rw,0.098,0.171,95,446
2,Q06,skycell,0.017,0.208,92,446
2,Q06,pgsphere,0.03,0.495,100,1767
2,Q06,skycell-rw,0.091,0.358,134,1767
2,Q06,skycell,0.023,0.324,135,1767
2,Q06,skycell,0.015,0.113,55,434
2,Q06,pgsphere,0.013,0.128,32,434
2,Q06,skycell-rw,0.062,0.118,49,434
2,Q06,skycell-rw,0.075,0.349,134,1767
2,Q06,skycell,0.015,0.345,135,1767
2,Q06,pgsphere,0.015,0.483,100,1767
2,Q06,skycell,0.017,0.167,72,646
2,Q06,skycell-rw,0.054,0.193,69,646
2,Q06,pgsphere,0.021,0.157,36,646
2,Q06,pgsphere,0.045,1.339,373,4937
2,Q06,skycell,0.046,1.187,359,4937
2,Q06,skycell-rw,0.129,1.151,370,4937
2,Q06,skycell-rw,0.169,2.315,660,10634
2,Q06,pgsphere,0.039,2.717,1175,10634
2,Q06,skycell,0.047,2.261,663,10634
2,Q06,skycell,0.024,0.186,92,446
2,Q06,pgsphere,0.015,0.153,34,446
2,Q06,skycell-rw,0.105,0.174,95,446
2,Q06,skycell,0.052,1.418,389,5025
2,Q06,pgsphere,0.036,1.318,443,5025
2,Q06,skycell-rw,0.187,1.474,402,5025
2,Q06,skycell,0.051,4.893,1216,18444
2,Q06,pgsphere,0.046,5.007,2233,18444
2,Q06,skycell-rw,0.186,4.435,1216,18444
2,Q06,skycell,0.029,0.268,98,911
2,Q06,skycell-rw,0.079,0.225,99,911
2,Q06,pgsphere,0.03,0.38,93,911
2,Q06,pgsphere,0.055,1.459,331,3893
2,Q06,skycell,0.049,1.318,376,3893
2,Q06,skycell-rw,0.212,1.565,382,3893
2,Q06,skycell-rw,0.249,4.399,1196,17481
2,Q06,pgsphere,0.047,4.772,2251,17481
2,Q06,skycell,0.052,4.359,1196,17481
2,Q06,skycell-rw,0.136,0.359,135,1422
2,Q06,skycell,0.03,0.312,137,1422
2,Q06,pgsphere,0.019,0.272,65,1422
2,Q06,pgsphere,0.021,0.754,198,3384
2,Q06,skycell,0.036,0.683,223,3384
2,Q06,skycell-rw,0.135,0.737,211,3384
2,Q06,skycell-rw,0.108,0.261,69,640
2,Q06,pgsphere,0.015,0.167,26,640
2,Q06,skycell,0.027,0.133,59,640
2,Q06,skycell-rw,0.136,0.982,258,3780
2,Q06,pgsphere,0.053,1.634,221,3780
2,Q06,skycell,0.115,1.238,256,3780
2,Q06,skycell,0.11,1.438,371,5078
2,Q06,skycell-rw,0.138,1.229,362,5078
2,Q06,pgsphere,0.078,1.591,440,5078
2,Q06,pgsphere,0.073,0.226,40,640
2,Q06,skycell-rw,0.108,0.153,68,640
2,Q06,skycell,0.019,0.152,68,640
2,Q06,skycell-rw,0.181,2.659,656,9024
2,Q06,pgsphere,0.06,2.6,977,9024
2,Q06,skycell,0.066,2.299,665,9024
2,Q06,pgsphere,0.044,2.235,741,7126
2,Q06,skycell,0.052,2.716,532,7126
2,Q06,skycell-rw,0.231,1.885,531,7126
2,Q06,skycell-rw,0.125,0.186,70,753
2,Q06,pgsphere,0.033,0.188,30,753
2,Q06,skycell,0.015,0.158,70,753
2,Q06,skycell-rw,0.074,0.108,48,384
2,Q06,skycell,0.016,0.078,51,384
2,Q06,pgsphere,0.014,0.085,16,384
2,Q06,skycell-rw,0.156,1.205,335,4830
2,Q06,skycell,0.091,2.275,344,4830
2,Q06,pgsphere,0.053,1.984,429,4830
2,Q06,pgsphere,0.051,0.901,178,2527
2,Q06,skycell,0.031,0.535,208,2527
2,Q06,skycell-rw,0.108,0.762,201,2527
2,Q06,skycell,0.025,0.062,28,256
2,Q06,skycell-rw,0.041,0.095,29,256
2,Q06,pgsphere,0.013,0.052,12,256
2,Q06,skycell-rw,0.111,0.571,107,1054
2,Q06,skycell,0.037,0.29,108,1054
2,Q06,pgsphere,0.048,0.454,88,1054
2,Q06,skycell,0.015,0.029,20,128
2,Q06,skycell-rw,0.047,0.043,30,128
2,Q06,pgsphere,0.017,0.035,5,128
2,Q06,pgsphere,0.02,0.485,96,1535
2,Q06,skycell-rw,0.084,0.359,131,1535
2,Q06,skycell,0.017,0.44,126,1535
2,Q06,pgsphere,0.013,0.036,6,128
2,Q06,skycell-rw,0.091,0.079,37,128
2,Q06,skycell,0.012,0.067,37,128
2,Q06,pgsphere,0.016,0.2,47,261
2,Q06,skycell,0.016,0.121,55,261
2,Q06,skycell-rw,0.065,0.126,55,261
2,Q06,skycell-rw,0.128,1.198,305,4510
2,Q06,pgsphere,0.051,1.284,349,4510
2,Q06,skycell,0.057,1.661,303,4510
2,Q07,pgsphere,0.039,0.153,44,438
2,Q07,skycell,0.02,0.127,59,438
2,Q07,skycell-rw,0.058,0.133,61,438
2,Q07,skycell-rw,0.059,0.229,51,363
2,Q07,pgsphere,0.047,0.121,40,363
2,Q07,skycell,0.026,0.122,47,363
2,Q07,pgsphere,0.021,0.31,166,554
2,Q07,skycell-rw,0.118,0.396,131,554
2,Q07,skycell,0.032,0.226,134,554
2,Q07,skycell,0.016,0.034,20,128
2,Q07,skycell-rw,0.029,0.205,602,128
2,Q07,pgsphere,0.014,0.034,6,128
2,Q07,skycell-rw,0.05,0.151,57,233
2,Q07,skycell,0.029,0.127,53,233
2,Q07,pgsphere,0.018,0.128,53,233
2,Q07,pgsphere,0.028,0.079,16,93
2,Q07,skycell,0.034,0.087,45,93
2,Q07,skycell-rw,0.067,0.082,42,93
2,Q07,skycell,0.026,0.06,29,134
2,Q07,pgsphere,0.027,0.11,12,134
2,Q07,skycell-rw,0.055,0.118,40,134
2,Q07,pgsphere,0.016,0.035,5,128
2,Q07,skycell-rw,0.038,0.049,20,128
2,Q07,skycell,0.015,0.049,23,128
2,Q07,skycell-rw,0.039,0.263,756,208
2,Q07,skycell,0.015,0.055,17,208
2,Q07,pgsphere,0.017,0.069,15,208
2,Q07,skycell-rw,0.067,0.348,110,400
2,Q07,pgsphere,0.022,0.176,89,400
2,Q07,skycell,0.034,0.198,97,400
2,Q07,skycell,0.034,0.148,56,384
2,Q07,skycell-rw,0.063,0.169,82,384
2,Q07,pgsphere,0.019,0.125,52,384
2,Q07,skycell,0.027,0.045,13,131
2,Q07,skycell-rw,0.033,0.171,518,131
2,Q07,pgsphere,0.026,0.061,9,131
2,Q07,skycell,0.031,0.064,14,250
2,Q07,skycell-rw,0.099,0.358,520,250
2,Q07,pgsphere,0.054,0.086,12,250
2,Q07,pgsphere,0.075,0.421,123,562
2,Q07,skycell-rw,0.125,0.404,111,562
2,Q07,skycell,0.047,0.271,112,562
2,Q07,pgsphere,0.018,0.041,9,128
2,Q07,skycell,0.018,0.03,17,128
2,Q07,skycell-rw,0.054,0.043,14,128
2,Q07,skycell,0.041,0.199,65,299
2,Q07,skycell-rw,0.132,0.216,65,299
2,Q07,pgsphere,0.032,0.155,52,299
2,Q07,skycell-rw,0.104,0.103,33,209
2,Q07,skycell,0.034,0.058,27,209
2,Q07,pgsphere,0.03,0.065,10,209
2,Q07,skycell-rw,0.097,0.204,81,290
2,Q07,pgsphere,0.046,0.246,46,290
2,Q07,skycell,0.047,0.185,74,290
2,Q07,skycell-rw,0.061,0.129,55,382
2,Q07,skycell,0.019,0.105,49,382
2,Q07,pgsphere,0.022,0.183,50,382
2,Q07,skycell-rw,0.039,0.026,12,0
2,Q07,pgsphere,0.028,0.032,5,0
2,Q07,skycell,0.016,0.021,12,0
2,Q07,skycell-rw,0.056,0.035,17,128
2,Q07,skycell,0.038,0.053,17,128
2,Q07,pgsphere,0.038,0.044,7,128
2,Q07,skycell-rw,0.123,0.319,81,205
2,Q07,skycell,0.056,0.149,64,205
2,Q07,pgsphere,0.052,0.166,34,205
2,Q07,skycell,0.047,0.449,148,804
2,Q07,skycell-rw,0.106,0.338,143,804
2,Q07,pgsphere,0.069,0.605,173,804
2,Q07,skycell,0.029,0.09,27,443
2,Q07,pgsphere,0.036,0.111,22,443
2,Q07,skycell-rw,0.127,0.133,27,443
2,Q07,skycell,0.064,0.047,19,128
2,Q07,skycell-rw,0.045,0.044,15,128
2,Q07,pgsphere,0.042,0.044,5,128
2,Q07,pgsphere,0.029,0.037,5,128
2,Q07,skycell,0.017,0.076,16,128
2,Q07,skycell-rw,0.051,0.039,17,128
2,Q07,skycell-rw,0.036,0.03,11,128
2,Q07,pgsphere,0.016,0.035,5,128
2,Q07,skycell,0.015,0.033,11,128
2,Q07,skycell-rw,0.128,0.117,35,214
2,Q07,skycell,0.036,0.071,31,214
2,Q07,pgsphere,0.032,0.064,13,214
2,Q07,skycell,0.016,0.086,25,0
2,Q07,skycell-rw,0.038,0.494,1160,0
2,Q07,pgsphere,0.017,0.029,5,0
2,Q07,skycell-rw,0.063,0.052,24,128
2,Q07,pgsphere,0.016,0.033,6,128
2,Q07,skycell,0.015,0.038,27,128
2,Q07,pgsphere,0.045,0.39,166,554
2,Q07,skycell,0.038,0.272,134,554
2,Q07,skycell-rw,0.099,0.272,131,554
2,Q07,skycell-rw,0.109,0.158,65,299
2,Q07,pgsphere,0.019,0.189,52,299
2,Q07,skycell,0.04,0.138,65,299
2,Q07,skycell-rw,0.049,0.047,15,128
2,Q07,skycell,0.016,0.03,19,128
2,Q07,pgsphere,0.025,0.04,5,128
2,Q07,skycell-rw,0.056,0.034,17,128
2,Q07,skycell,0.03,0.035,17,128
2,Q07,pgsphere,0.015,0.038,7,128
2,Q07,skycell-rw,0.08,0.292,110,400
2,Q07,pgsphere,0.024,0.179,89,400
2,Q07,skycell,0.019,0.138,97,400
2,Q07,pgsphere,0.017,0.116,52,384
2,Q07,skycell-rw,0.057,0.21,82,384
2,Q07,skycell,0.015,0.104,56,384
2,Q07,pgsphere,0.02,0.03,5,0
2,Q07,skycell-rw,0.044,0.028,12,0
2,Q07,skycell,0.015,0.021,12,0
2,Q07,pgsphere,0.018,0.043,9,131
2,Q07,skycell-rw,0.027,0.17,518,131
2,Q07,skycell,0.02,0.043,13,131
2,Q07,skycell,0.015,0.028,17,128
2,Q07,skycell-rw,0.035,0.03,14,128
2,Q07,pgsphere,0.02,0.041,9,128
2,Q07,skycell-rw,0.025,0.204,602,128
2,Q07,pgsphere,0.018,0.034,6,128
2,Q07,skycell,0.02,0.038,20,128
2,Q07,skycell,0.014,0.027,11,128
2,Q07,skycell-rw,0.064,0.033,11,128
2,Q07,pgsphere,0.015,0.035,5,128
2,Q07,skycell,0.015,0.075,45,93
2,Q07,pgsphere,0.02,0.089,16,93
2,Q07,skycell-rw,0.066,0.08,42,93
2,Q07,skycell,0.026,0.056,17,208
2,Q07,skycell-rw,0.025,0.316,756,208
2,Q07,pgsphere,0.026,0.11,15,208
2,Q07,skycell,0.042,0.162,47,363
2,Q07,skycell-rw,0.072,0.161,51,363
2,Q07,pgsphere,0.02,0.12,40,363
2,Q07,pgsphere,0.023,0.101,13,214
2,Q07,skycell,0.02,0.066,31,214
2,Q07,skycell-rw,0.069,0.093,35,214
2,Q07,pgsphere,0.016,0.035,5,128
2,Q07,skycell,0.016,0.03,16,128
2,Q07,skycell-rw,0.046,0.045,17,128
2,Q07,pgsphere,0.034,0.124,46,290
2,Q07,skycell-rw,0.146,0.203,81,290
2,Q07,skycell,0.081,0.133,74,290
2,Q07,pgsphere,0.017,0.036,5,128
2,Q07,skycell-rw,0.076,0.057,20,128
2,Q07,skycell,0.029,0.073,23,128
2,Q07,skycell,0.036,0.305,148,804
2,Q07,pgsphere,0.025,0.329,173,804
2,Q07,skycell-rw,0.1,0.324,143,804
2,Q07,skycell,0.031,0.062,27,128
2,Q07,pgsphere,0.026,0.038,6,128
2,Q07,skycell-rw,0.046,0.04,24,128
2,Q07,skycell-rw,0.098,0.296,111,562
2,Q07,pgsphere,0.02,0.254,123,562
2,Q07,skycell,0.105,0.479,112,562
2,Q07,pgsphere,0.055,0.137,50,382
2,Q07,skycell-rw,0.062,0.129,55,382
2,Q07,skycell,0.023,0.158,49,382
2,Q07,pgsphere,0.035,0.159,22,443
2,Q07,skycell,0.034,0.091,27,443
2,Q07,skycell-rw,0.05,0.087,27,443
2,Q07,skycell-rw,0.083,0.189,57,233
2,Q07,pgsphere,0.044,0.222,53,233
2,Q07,skycell,0.031,0.162,53,233
2,Q07,skycell-rw,0.099,0.164,81,205
2,Q07,pgsphere,0.018,0.1,34,205
2,Q07,skycell,0.023,0.096,64,205
2,Q07,pgsphere,0.016,0.074,12,134
2,Q07,skycell,0.015,0.056,29,134
2,Q07,skycell-rw,0.048,0.121,40,134
2,Q07,skycell,0.047,0.13,59,438
2,Q07,pgsphere,0.015,0.138,44,438
2,Q07,skycell-rw,0.063,0.173,61,438
2,Q07,skycell-rw,0.048,0.134,33,209
2,Q07,skycell,0.016,0.048,27,209
2,Q07,pgsphere,0.015,0.056,10,209
2,Q07,pgsphere,0.024,0.056,12,250
2,Q07,skycell,0.016,0.044,14,250
2,Q07,skycell-rw,0.033,0.188,520,250
2,Q07,skycell,0.015,0.042,25,0
2,Q07,skycell-rw,0.035,0.375,1160,0
2,Q07,pgsphere,0.014,0.029,5,0
2,Q07,skycell,0.018,0.048,23,128
2,Q07,skycell-rw,0.035,0.046,20,128
2,Q07,pgsphere,0.015,0.045,5,128
2,Q07,pgsphere,0.021,0.14,44,438
2,Q07,skycell-rw,0.061,0.147,61,438
2,Q07,skycell,0.015,0.122,59,438
2,Q07,pgsphere,0.018,0.071,15,208
2,Q07,skycell,0.015,0.054,17,208
2,Q07,skycell-rw,0.032,0.269,756,208
2,Q07,pgsphere,0.015,0.072,12,134
2,Q07,skycell-rw,0.063,0.079,40,134
2,Q07,skycell,0.016,0.055,29,134
2,Q07,skycell,0.014,0.042,25,0
2,Q07,skycell-rw,0.026,0.401,1160,0
2,Q07,pgsphere,0.015,0.029,5,0
2,Q07,skycell-rw,0.036,0.026,12,0
2,Q07,pgsphere,0.015,0.038,5,0
2,Q07,skycell,0.018,0.028,12,0
2,Q07,skycell,0.017,0.13,64,205
2,Q07,pgsphere,0.025,0.102,34,205
2,Q07,skycell-rw,0.083,0.141,81,205
2,Q07,skycell-rw,0.036,0.042,15,128
2,Q07,pgsphere,0.017,0.036,5,128
2,Q07,skycell,0.015,0.029,19,128
2,Q07,skycell-rw,0.025,0.204,520,250
2,Q07,skycell,0.015,0.044,14,250
2,Q07,pgsphere,0.014,0.055,12,250
2,Q07,skycell-rw,0.053,0.041,24,128
2,Q07,pgsphere,0.015,0.033,6,128
2,Q07,skycell,0.034,0.055,27,128
2,Q07,skycell-rw,0.061,0.097,35,214
2,Q07,pgsphere,0.046,0.081,13,214
2,Q07,skycell,0.026,0.081,31,214
2,Q07,pgsphere,0.02,0.093,16,93
2,Q07,skycell-rw,0.075,0.088,42,93
2,Q07,skycell,0.02,0.074,45,93
2,Q07,skycell,0.026,0.244,134,554
2,Q07,skycell-rw,0.122,0.254,131,554
2,Q07,pgsphere,0.039,0.333,166,554
2,Q07,pgsphere,0.035,0.308,173,804
2,Q07,skycell,0.026,0.308,148,804
2,Q07,skycell-rw,0.105,0.346,143,804
2,Q07,pgsphere,0.028,0.176,89,400
2,Q07,skycell-rw,0.071,0.202,110,400
2,Q07,skycell,0.023,0.148,97,400
2,Q07,pgsphere,0.016,0.103,22,443
2,Q07,skycell,0.021,0.087,27,443
2,Q07,skycell-rw,0.044,0.084,27,443
2,Q07,skycell,0.021,0.099,47,363
2,Q07,skycell-rw,0.081,0.17,51,363
2,Q07,pgsphere,0.032,0.121,40,363
2,Q07,skycell,0.023,0.108,56,384
2,Q07,skycell-rw,0.066,0.187,82,384
2,Q07,pgsphere,0.015,0.115,52,384
2,Q07,pgsphere,0.023,0.134,53,233
2,Q07,skycell-rw,0.055,0.162,57,233
2,Q07,skycell,0.039,0.171,53,233
2,Q07,pgsphere,0.018,0.035,5,128
2,Q07,skycell-rw,0.039,0.035,17,128
2,Q07,skycell,0.021,0.031,16,128
2,Q07,skycell-rw,0.117,0.189,81,290
2,Q07,skycell,0.02,0.147,74,290
2,Q07,pgsphere,0.019,0.114,46,290
2,Q07,skycell-rw,0.069,0.035,17,128
2,Q07,skycell,0.015,0.028,17,128
2,Q07,pgsphere,0.028,0.042,7,128
2,Q07,pgsphere,0.014,0.041,9,131
2,Q07,skycell-rw,0.038,0.18,518,131
2,Q07,skycell,0.016,0.041,13,131
2,Q07,skycell-rw,0.085,0.279,111,562
2,Q07,pgsphere,0.017,0.251,123,562
2,Q07,skycell,0.047,1.418,112,562
2,Q07,skycell,0.027,0.041,17,128
2,Q07,pgsphere,0.018,0.044,9,128
2,Q07,skycell-rw,0.044,0.032,14,128
2,Q07,pgsphere,0.017,0.035,6,128
2,Q07,skycell-rw,0.028,0.205,602,128
2,Q07,skycell,0.016,0.035,20,128
2,Q07,skycell,0.017,0.193,65,299
2,Q07,skycell-rw,0.1,0.148,65,299
2,Q07,pgsphere,0.018,0.184,52,299
2,Q07,skycell,0.022,0.24,49,382
2,Q07,skycell-rw,0.06,0.128,55,382
2,Q07,pgsphere,0.041,0.377,50,382
2,Q07,skycell-rw,0.106,0.096,33,209
2,Q07,skycell,0.027,0.051,27,209
2,Q07,pgsphere,0.018,0.057,10,209
2,Q07,pgsphere,0.015,0.035,5,128
2,Q07,skycell-rw,0.038,0.03,11,128
2,Q07,skycell,0.015,0.027,11,128
2,Q12,skycell-rw,0.021,0.036,3,0
2,Q12,pgsphere,0.013,0.013,3,0
2,Q12,skycell,0.017,0.008,3,0
2,Q12,skycell,0.014,0.005,3,0
2,Q12,skycell-rw,0.02,0.005,3,0
2,Q12,pgsphere,0.012,0.017,4,0
2,Q12,skycell-rw,0.02,0.005,3,0
2,Q12,skycell,0.018,0.007,3,0
2,Q12,pgsphere,0.029,0.022,3,0
2,Q12,pgsphere,0.011,0.014,3,0
2,Q12,skycell-rw,0.031,0.007,3,0
2,Q12,skycell,0.01,0.004,3,0
2,Q12,skycell-rw,0.021,0.006,3,0
2,Q12,skycell,0.01,0.004,3,0
2,Q12,pgsphere,0.01,0.012,3,0
2,Q12,pgsphere,0.012,0.012,3,0
2,Q12,skycell,0.01,0.004,3,0
2,Q12,skycell-rw,0.02,0.005,3,0
2,Q12,skycell,0.016,0.006,3,0
2,Q12,skycell-rw,0.029,0.007,3,0
2,Q12,pgsphere,0.011,0.016,4,0
2,Q12,skycell-rw,0.032,0.009,6,0
2,Q12,skycell,0.015,0.007,6,0
2,Q12,pgsphere,0.012,0.015,3,0
2,Q12,skycell,0.031,0.009,3,0
2,Q12,pgsphere,0.012,0.014,3,0
2,Q12,skycell-rw,0.023,0.006,3,0
2,Q12,pgsphere,0.055,0.019,3,0
2,Q12,skycell,0.011,0.005,3,0
2,Q12,skycell-rw,0.029,0.007,3,0
2,Q12,skycell-rw,0.024,0.006,3,0
2,Q12,pgsphere,0.018,0.013,3,0
2,Q12,skycell,0.011,0.005,3,0
2,Q12,skycell,0.017,0.006,3,0
2,Q12,pgsphere,0.012,0.013,3,0
2,Q12,skycell-rw,0.027,0.006,3,0
2,Q12,pgsphere,0.011,0.012,3,0
2,Q12,skycell,0.015,0.007,3,0
2,Q12,skycell-rw,0.021,0.005,3,0
2,Q12,skycell,0.012,0.005,3,0
2,Q12,skycell-rw,0.02,0.005,3,0
2,Q12,pgsphere,0.011,0.017,4,0
2,Q12,skycell-rw,0.022,0.005,3,0
2,Q12,pgsphere,0.01,0.012,3,0
2,Q12,skycell,0.016,0.005,3,0
2,Q12,pgsphere,0.011,0.013,3,0
2,Q12,skycell-rw,0.019,0.005,3,0
2,Q12,skycell,0.011,0.004,3,0
2,Q12,pgsphere,0.011,0.011,3,0
2,Q12,skycell,0.01,0.004,3,0
2,Q12,skycell-rw,0.019,0.053,3,0
2,Q12,skycell-rw,0.02,0.005,3,0
2,Q12,skycell,0.013,0.005,3,0
2,Q12,pgsphere,0.015,0.015,3,0
2,Q12,pgsphere,0.011,0.01,3,0
2,Q12,skycell-rw,0.02,0.005,3,0
2,Q12,skycell,0.015,0.007,3,0
2,Q12,skycell-rw,0.025,0.007,3,0
2,Q12,pgsphere,0.012,0.012,3,0
2,Q12,skycell,0.01,0.005,3,0
2,Q12,pgsphere,0.01,0.013,3,0
2,Q12,skycell,0.01,0.004,3,0
2,Q12,skycell-rw,0.035,0.012,3,0
2,Q12,pgsphere,0.022,0.032,3,0
2,Q12,skycell,0.044,0.012,3,0
2,Q12,skycell-rw,0.095,0.013,3,0
2,Q12,pgsphere,0.025,0.023,3,0
2,Q12,skycell-rw,0.044,0.01,3,0
2,Q12,skycell,0.017,0.007,3,0
2,Q12,skycell-rw,0.044,0.011,3,0
2,Q12,pgsphere,0.019,0.022,3,0
2,Q12,skycell,0.02,0.009,3,0
2,Q12,pgsphere,0.022,0.018,3,0
2,Q12,skycell-rw,0.022,0.005,3,0
2,Q12,skycell,0.011,0.004,3,0
2,Q12,skycell-rw,0.02,0.005,3,0
2,Q12,pgsphere,0.013,0.018,4,0
2,Q12,skycell,0.015,0.006,3,0
2,Q12,skycell-rw,0.037,0.011,6,0
2,Q12,pgsphere,0.015,0.016,3,0
2,Q12,skycell,0.011,0.005,6,0
2,Q12,skycell-rw,0.031,0.01,6,0
2,Q12,skycell,0.012,0.006,6,0
2,Q12,pgsphere,0.013,0.021,5,0
2,Q12,pgsphere,0.011,0.013,3,0
2,Q12,skycell,0.011,0.004,3,0
2,Q12,skycell-rw,0.022,0.006,3,0
2,Q12,skycell,0.01,0.004,3,0
2,Q12,skycell-rw,0.02,0.005,3,0
2,Q12,pgsphere,0.011,0.012,3,0
2,Q12,pgsphere,0.01,0.013,3,0
2,Q12,skycell-rw,0.019,0.005,3,0
2,Q12,skycell,0.01,0.005,3,0
2,Q12,skycell-rw,0.019,0.005,3,0
2,Q12,skycell,0.018,0.006,3,0
2,Q12,pgsphere,0.02,0.02,3,0
2,Q12,pgsphere,0.024,0.023,3,0
2,Q12,skycell,0.017,0.007,3,0
2,Q12,skycell-rw,0.028,0.007,3,0
2,Q12,skycell,0.066,0.011,3,0
2,Q12,skycell-rw,0.032,0.008,3,0
2,Q12,pgsphere,0.011,0.013,3,0
2,Q12,skycell,0.017,0.008,3,0
2,Q12,skycell-rw,0.031,0.008,3,0
2,Q12,pgsphere,0.012,0.011,3,0
2,Q12,skycell,0.01,0.005,6,0
2,Q12,pgsphere,0.021,0.071,3,0
2,Q12,skycell-rw,0.077,0.013,6,0
2,Q12,pgsphere,0.013,0.013,3,0
2,Q12,skycell-rw,0.055,0.011,3,0
2,Q12,skycell,0.012,0.005,3,0
2,Q12,skycell,0.01,0.004,3,0
2,Q12,skycell-rw,0.019,0.005,3,0
2,Q12,pgsphere,0.011,0.013,3,0
2,Q12,skycell,0.015,0.006,3,0
2,Q12,pgsphere,0.011,0.015,4,0
2,Q12,skycell-rw,0.019,0.005,3,0
2,Q12,skycell-rw,0.029,0.008,6,0
2,Q12,skycell,0.01,0.005,6,0
2,Q12,pgsphere,0.011,0.013,3,0
2,Q12,pgsphere,0.01,0.011,3,0
2,Q12,skycell-rw,0.019,0.005,3,0
2,Q12,skycell,0.011,0.004,3,0
2,Q12,skycell-rw,0.019,0.005,3,0
2,Q12,pgsphere,0.011,0.013,3,0
2,Q12,skycell,0.049,0.007,3,0
2,Q12,pgsphere,0.01,0.014,3,0
2,Q12,skycell-rw,0.02,0.005,3,0
2,Q12,skycell,0.01,0.027,3,0
2,Q12,skycell-rw,0.023,0.005,3,0
2,Q12,pgsphere,0.011,0.013,3,0
2,Q12,skycell,0.01,0.004,3,0
2,Q12,skycell-rw,0.02,0.005,3,0
2,Q12,pgsphere,0.011,0.013,3,0
2,Q12,skycell,0.011,0.004,3,0
2,Q12,skycell,0.01,0.004,3,0
2,Q12,skycell-rw,0.019,0.005,3,0
2,Q12,pgsphere,0.011,0.016,4,0
2,Q12,pgsphere,0.042,0.013,3,0
2,Q12,skycell-rw,0.019,0.005,3,0
2,Q12,skycell,0.01,0.004,3,0
2,Q12,skycell-rw,0.018,0.005,3,0
2,Q12,pgsphere,0.011,0.013,3,0
2,Q12,skycell,0.023,0.008,3,0
2,Q12,skycell,0.01,0.004,3,0
2,Q12,skycell-rw,0.02,0.005,3,0
2,Q12,pgsphere,0.011,0.012,3,0
2,Q12,skycell-rw,0.059,0.011,3,0
2,Q12,pgsphere,0.011,0.012,3,0
2,Q12,skycell,0.01,0.005,3,0
2,Q12,skycell,0.01,0.005,6,0
2,Q12,skycell-rw,0.03,0.008,6,0
2,Q12,pgsphere,0.013,0.02,5,0
2,Q12,skycell-rw,0.025,0.006,3,0
2,Q12,skycell,0.023,0.007,3,0
2,Q12,pgsphere,0.012,0.013,3,0
2,Q12,skycell,0.012,0.005,3,0
2,Q12,pgsphere,0.011,0.013,3,0
2,Q12,skycell-rw,0.019,0.005,3,0
2,Q12,skycell-rw,0.019,0.005,3,0
2,Q12,pgsphere,0.012,0.017,4,0
2,Q12,skycell,0.011,0.005,3,0
2,Q12,pgsphere,0.011,0.013,3,0
2,Q12,skycell-rw,0.019,0.005,3,0
2,Q12,skycell,0.01,0.031,3,0
2,Q12,skycell,0.013,0.004,3,0
2,Q12,pgsphere,0.01,0.014,3,0
2,Q12,skycell-rw,0.019,0.005,3,0
2,Q12,skycell-rw,0.027,0.007,3,0
2,Q12,skycell,0.022,0.008,3,0
2,Q12,pgsphere,0.011,0.016,4,0
2,Q12,pgsphere,0.01,0.011,3,0
2,Q12,skycell-rw,0.021,0.005,3,0
2,Q12,skycell,0.01,0.004,3,0
2,Q12,skycell-rw,0.02,0.005,3,0
2,Q12,skycell,0.01,0.004,3,0
2,Q12,pgsphere,0.01,0.012,3,0
2,Q12,skycell,0.01,0.013,3,0
2,Q12,pgsphere,0.01,0.012,3,0
2,Q12,skycell-rw,0.023,0.006,3,0
2,Q12,pgsphere,0.011,0.017,3,0
2,Q12,skycell-rw,0.021,0.005,3,0
2,Q12,skycell,0.01,0.005,3,0
2,Q12,pgsphere,0.011,0.013,3,0
2,Q12,skycell-rw,0.019,0.005,3,0
2,Q12,skycell,0.01,0.004,3,0
2,Q12,skycell,0.01,0.004,3,0
2,Q12,skycell-rw,0.019,0.034,3,0
2,Q12,pgsphere,0.013,0.014,3,0
2,Q12,skycell,0.011,0.004,3,0
2,Q12,pgsphere,0.01,0.012,3,0
2,Q12,skycell-rw,0.02,0.005,3,0
2,Q12,skycell-rw,0.019,0.005,3,0
2,Q12,skycell,0.011,0.004,3,0
2,Q12,pgsphere,0.01,0.016,4,0
2,Q12,skycell,0.022,0.008,3,0
2,Q12,pgsphere,0.011,0.011,3,0
2,Q12,skycell-rw,0.022,0.037,3,0
2,Q12,pgsphere,0.011,0.02,5,0
2,Q12,skycell-rw,0.03,0.009,6,0
2,Q12,skycell,0.01,0.005,6,0
2,Q12,skycell,0.011,0.004,3,0
2,Q12,pgsphere,0.01,0.016,4,0
2,Q12,skycell-rw,0.02,0.005,3,0
2,Q12,skycell,0.01,0.004,3,0
2,Q12,pgsphere,0.01,0.014,3,0
2,Q12,skycell-rw,0.022,0.006,3,0
2,Q12,skycell-rw,0.019,0.005,3,0
2,Q12,pgsphere,0.011,0.011,3,0
2,Q12,skycell,0.01,0.004,3,0
2,Q12,skycell-rw,0.019,0.005,3,0
2,Q12,skycell,0.01,0.004,3,0
2,Q12,pgsphere,0.01,0.012,3,0
2,Q12,pgsphere,0.01,0.012,3,0
2,Q12,skycell-rw,0.019,0.005,3,0
2,Q12,skycell,0.01,0.004,3,0
2,Q12,skycell-rw,0.04,0.009,3,0
2,Q12,pgsphere,0.011,0.013,3,0
2,Q12,skycell,0.011,0.005,3,0
2,Q12,skycell-rw,0.019,0.005,3,0
2,Q12,skycell,0.02,0.008,3,0
2,Q12,pgsphere,0.012,0.014,3,0
2,Q12,pgsphere,0.01,0.012,3,0
2,Q12,skycell-rw,0.04,0.011,3,0
2,Q12,skycell,0.011,0.004,3,0
2,Q12,skycell-rw,0.02,0.005,3,0
2,Q12,skycell,0.011,0.004,3,0
2,Q12,pgsphere,0.01,0.017,4,0
2,Q12,pgsphere,0.01,0.013,3,0
2,Q12,skycell,0.011,0.005,6,0
2,Q12,skycell-rw,0.029,0.008,6,0
2,Q12,pgsphere,0.011,0.014,3,0
2,Q12,skycell-rw,0.02,0.005,3,0
2,Q12,skycell,0.01,0.004,3,0
2,Q12,pgsphere,0.011,0.013,3,0
2,Q12,skycell,0.015,0.006,3,0
2,Q12,skycell-rw,0.019,0.005,3,0
2,Q12,skycell-rw,0.019,0.005,3,0
2,Q12,pgsphere,0.015,0.012,3,0
2,Q12,skycell,0.01,0.004,3,0
2,Q12,skycell,0.01,0.004,3,0
2,Q12,skycell-rw,0.019,0.005,3,0
2,Q12,pgsphere,0.012,0.011,3,0
2,Q12,skycell,0.013,0.005,3,0
2,Q12,skycell-rw,0.019,0.005,3,0
2,Q12,pgsphere,0.011,0.011,3,0
2,Q12,skycell-rw,0.019,0.005,3,0
2,Q12,skycell,0.021,0.005,3,0
2,Q12,pgsphere,0.011,0.013,3,0
2,Q12,skycell-rw,0.019,0.005,3,0
2,Q12,skycell,0.01,0.004,3,0
2,Q12,pgsphere,0.01,0.012,3,0
2,Q12,pgsphere,0.01,0.016,4,0
2,Q12,skycell,0.01,0.004,3,0
2,Q12,skycell-rw,0.023,0.006,3,0
2,Q12,pgsphere,0.015,0.016,3,0
2,Q12,skycell-rw,0.02,0.005,3,0
2,Q12,skycell,0.011,0.005,3,0
2,Q12,skycell-rw,0.034,0.008,3,0
2,Q12,pgsphere,0.011,0.012,3,0
2,Q12,skycell,0.01,0.004,3,0
2,Q12,pgsphere,0.01,0.013,3,0
2,Q12,skycell,0.01,0.004,3,0
2,Q12,skycell-rw,0.024,0.006,3,0
2,Q12,pgsphere,0.01,0.013,3,0
2,Q12,skycell,0.01,0.005,6,0
2,Q12,skycell-rw,0.03,0.008,6,0
2,Q12,pgsphere,0.011,0.011,3,0
2,Q12,skycell-rw,0.02,0.005,3,0
2,Q12,skycell,0.01,0.004,3,0
