rows_m,class,method,plan_ms,exec_ms,buffers,n
10,Q05,pgsphere,0.026,0.111,69,243
10,Q05,skycell-rw,0.071,0.141,66,243
10,Q05,skycell,0.021,0.098,65,243
10,Q05,pgsphere,0.023,0.085,70,124
10,Q05,skycell-rw,0.099,0.127,63,124
10,Q05,skycell,0.014,0.065,65,124
10,Q05,skycell,0.038,0.125,58,240
10,Q05,skycell-rw,0.079,0.123,64,240
10,Q05,pgsphere,0.02,0.091,53,240
10,Q05,pgsphere,0.011,0.029,8,41
10,Q05,skycell,0.025,0.035,15,41
10,Q05,skycell-rw,0.031,0.034,15,41
10,Q05,pgsphere,0.011,0.103,87,209
10,Q05,skycell,0.062,0.142,58,209
10,Q05,skycell-rw,0.039,0.106,59,209
10,Q05,skycell,0.042,0.059,29,99
10,Q05,skycell-rw,0.035,0.33,838,99
10,Q05,pgsphere,0.013,0.055,23,99
10,Q05,pgsphere,0.015,0.079,53,134
10,Q05,skycell-rw,0.078,0.106,52,134
10,Q05,skycell,0.013,0.072,47,134
10,Q05,skycell-rw,0.069,0.119,52,220
10,Q05,pgsphere,0.025,0.152,99,220
10,Q05,skycell,0.018,0.077,47,220
10,Q05,pgsphere,0.013,0.102,83,206
10,Q05,skycell-rw,0.093,0.19,72,206
10,Q05,skycell,0.035,0.133,72,206
10,Q05,skycell,0.05,0.065,22,83
10,Q05,skycell-rw,0.055,0.05,22,83
10,Q05,pgsphere,0.015,0.04,17,83
10,Q05,skycell,0.081,0.055,16,60
10,Q05,pgsphere,0.012,0.038,12,60
10,Q05,skycell-rw,0.039,0.05,16,60
10,Q05,pgsphere,0.014,0.099,13,129
10,Q05,skycell,0.049,0.051,20,129
10,Q05,skycell-rw,0.047,0.048,20,129
10,Q05,skycell-rw,0.065,0.17,89,346
10,Q05,skycell,0.015,0.102,77,346
10,Q05,pgsphere,0.061,0.217,183,346
10,Q05,pgsphere,0.012,0.024,6,31
10,Q05,skycell-rw,0.06,0.083,196,31
10,Q05,skycell,0.012,0.02,7,31
10,Q05,skycell,0.04,0.056,12,69
10,Q05,pgsphere,0.012,0.031,9,69
10,Q05,skycell-rw,0.023,0.126,358,69
10,Q05,skycell-rw,0.075,0.128,57,211
10,Q05,skycell,0.014,0.077,51,211
10,Q05,pgsphere,0.017,0.139,72,211
10,Q05,skycell-rw,0.115,0.598,148,511
10,Q05,skycell,0.034,0.194,150,511
10,Q05,pgsphere,0.018,0.237,259,511
10,Q05,skycell-rw,0.062,0.049,24,28
10,Q05,pgsphere,0.013,0.027,8,28
10,Q05,skycell,0.012,0.03,27,28
10,Q05,pgsphere,0.011,0.082,27,215
10,Q05,skycell,0.03,0.078,30,215
10,Q05,skycell-rw,0.069,0.153,36,215
10,Q05,skycell,0.034,0.051,29,64
10,Q05,skycell-rw,0.061,0.05,30,64
10,Q05,pgsphere,0.02,0.086,32,64
10,Q05,pgsphere,0.013,0.035,9,37
10,Q05,skycell,0.034,0.041,20,37
10,Q05,skycell-rw,0.083,0.043,20,37
10,Q05,skycell,0.03,0.049,23,122
10,Q05,pgsphere,0.02,0.059,23,122
10,Q05,skycell-rw,0.03,0.254,546,122
10,Q05,skycell,0.028,0.04,11,54
10,Q05,skycell-rw,0.025,0.123,382,54
10,Q05,pgsphere,0.013,0.031,13,54
10,Q05,skycell-rw,0.024,0.086,260,72
10,Q05,pgsphere,0.011,0.034,8,72
10,Q05,skycell,0.012,0.024,7,72
10,Q05,skycell-rw,0.091,0.21,80,268
10,Q05,pgsphere,0.043,0.164,91,268
10,Q05,skycell,0.046,0.184,76,268
10,Q05,skycell,0.06,0.164,55,225
10,Q05,skycell-rw,0.081,0.569,1290,225
10,Q05,pgsphere,0.032,0.129,89,225
10,Q05,skycell,0.054,0.157,23,122
10,Q05,skycell-rw,0.067,0.315,844,122
10,Q05,pgsphere,0.039,0.109,24,122
10,Q05,skycell,0.052,0.116,43,112
10,Q05,skycell-rw,0.08,0.107,54,112
10,Q05,pgsphere,0.014,0.074,41,112
10,Q05,skycell-rw,0.092,0.134,33,143
10,Q05,pgsphere,0.036,0.112,32,143
10,Q05,skycell,0.018,0.113,33,143
10,Q05,pgsphere,0.03,0.302,277,572
10,Q05,skycell,0.085,0.497,147,572
10,Q05,skycell-rw,0.13,0.534,148,572
10,Q05,pgsphere,0.032,0.171,32,143
10,Q05,skycell,0.032,0.087,33,143
10,Q05,skycell-rw,0.046,0.089,33,143
10,Q05,pgsphere,0.024,0.17,89,225
10,Q05,skycell,0.022,0.119,55,225
10,Q05,skycell-rw,0.039,0.633,1290,225
10,Q05,skycell-rw,0.033,0.171,382,54
10,Q05,pgsphere,0.014,0.042,13,54
10,Q05,skycell,0.015,0.037,11,54
10,Q05,skycell-rw,0.116,0.246,64,240
10,Q05,skycell,0.04,0.229,58,240
10,Q05,pgsphere,0.022,0.17,53,240
10,Q05,skycell,0.016,0.047,27,28
10,Q05,skycell-rw,0.049,0.091,24,28
10,Q05,pgsphere,0.021,0.04,8,28
10,Q05,skycell,0.045,0.358,147,572
10,Q05,pgsphere,0.057,0.519,277,572
10,Q05,skycell-rw,0.105,0.376,148,572
10,Q05,skycell,0.032,0.212,77,346
10,Q05,pgsphere,0.076,0.359,183,346
10,Q05,skycell-rw,0.078,0.232,89,346
10,Q05,pgsphere,0.036,0.142,41,112
10,Q05,skycell,0.03,0.09,43,112
10,Q05,skycell-rw,0.111,0.155,54,112
10,Q05,skycell,0.03,0.06,22,83
10,Q05,pgsphere,0.042,0.072,17,83
10,Q05,skycell-rw,0.076,0.074,22,83
10,Q05,skycell-rw,0.052,0.371,546,122
10,Q05,skycell,0.025,0.063,23,122
10,Q05,pgsphere,0.028,0.09,23,122
10,Q05,skycell-rw,0.098,0.201,66,243
10,Q05,skycell,0.046,0.17,65,243
10,Q05,pgsphere,0.036,0.184,69,243
10,Q05,skycell-rw,0.067,0.108,16,60
10,Q05,skycell,0.023,0.059,16,60
10,Q05,pgsphere,0.044,0.063,12,60
10,Q05,skycell,0.027,0.161,58,209
10,Q05,skycell-rw,0.07,0.166,59,209
10,Q05,pgsphere,0.044,0.185,87,209
10,Q05,skycell,0.039,0.049,7,31
10,Q05,skycell-rw,0.084,0.133,196,31
10,Q05,pgsphere,0.023,0.04,6,31
10,Q05,pgsphere,0.031,0.133,70,124
10,Q05,skycell-rw,0.175,0.195,63,124
10,Q05,skycell,0.034,0.106,65,124
10,Q05,skycell-rw,0.052,0.13,260,72
10,Q05,pgsphere,0.025,0.059,8,72
10,Q05,skycell,0.043,0.06,7,72
10,Q05,skycell,0.052,0.482,150,511
10,Q05,pgsphere,0.037,0.264,259,511
10,Q05,skycell-rw,0.116,0.217,148,511
10,Q05,pgsphere,0.023,0.159,99,220
10,Q05,skycell-rw,0.042,0.102,52,220
10,Q05,skycell,0.017,0.074,47,220
10,Q05,skycell,0.012,0.075,51,211
10,Q05,skycell-rw,0.068,0.095,57,211
10,Q05,pgsphere,0.012,0.106,72,211
10,Q05,skycell,0.015,0.076,47,134
10,Q05,skycell-rw,0.03,0.082,52,134
10,Q05,pgsphere,0.014,0.093,53,134
10,Q05,skycell-rw,0.122,0.236,80,268
10,Q05,skycell,0.028,0.175,76,268
10,Q05,pgsphere,0.016,0.106,91,268
10,Q05,pgsphere,0.011,0.1,32,64
10,Q05,skycell-rw,0.077,0.066,30,64
10,Q05,skycell,0.019,0.043,29,64
10,Q05,pgsphere,0.013,0.032,9,69
10,Q05,skycell-rw,0.038,0.142,358,69
10,Q05,skycell,0.013,0.032,12,69
10,Q05,pgsphere,0.012,0.074,27,215
10,Q05,skycell-rw,0.218,0.141,36,215
10,Q05,skycell,0.02,0.066,30,215
10,Q05,skycell,0.015,0.045,29,99
10,Q05,skycell-rw,0.024,0.314,838,99
10,Q05,pgsphere,0.092,0.08,23,99
10,Q05,pgsphere,0.013,0.075,13,129
10,Q05,skycell-rw,0.063,0.053,20,129
10,Q05,skycell,0.041,0.042,20,129
10,Q05,skycell-rw,0.046,0.03,20,37
10,Q05,pgsphere,0.011,0.025,9,37
10,Q05,skycell,0.013,0.026,20,37
10,Q05,skycell-rw,0.022,0.286,844,122
10,Q05,pgsphere,0.013,0.064,24,122
10,Q05,skycell,0.012,0.043,23,122
10,Q05,pgsphere,0.05,0.107,83,206
10,Q05,skycell-rw,0.237,1.182,72,206
10,Q05,skycell,0.027,0.344,72,206
10,Q05,pgsphere,0.026,0.034,8,41
10,Q05,skycell,0.016,0.028,15,41
10,Q05,skycell-rw,0.031,0.029,15,41
10,Q05,pgsphere,0.014,0.032,13,54
10,Q05,skycell-rw,0.022,0.126,382,54
10,Q05,skycell,0.016,0.03,11,54
10,Q05,pgsphere,0.011,0.028,8,41
10,Q05,skycell,0.011,0.026,15,41
10,Q05,skycell-rw,0.03,0.028,15,41
10,Q05,skycell,0.013,0.04,22,83
10,Q05,skycell-rw,0.037,0.041,22,83
10,Q05,pgsphere,0.011,0.064,17,83
10,Q05,skycell-rw,0.047,0.112,66,243
10,Q05,skycell,0.026,0.125,65,243
10,Q05,pgsphere,0.03,0.142,69,243
10,Q05,skycell,0.02,0.205,76,268
10,Q05,skycell-rw,0.093,0.258,80,268
10,Q05,pgsphere,0.024,0.189,91,268
10,Q05,skycell,0.02,0.056,23,122
10,Q05,skycell-rw,0.066,0.273,546,122
10,Q05,pgsphere,0.017,0.118,23,122
10,Q05,pgsphere,0.023,0.117,70,124
10,Q05,skycell,0.032,0.126,65,124
10,Q05,skycell-rw,0.081,0.163,63,124
10,Q05,skycell,0.04,0.211,58,209
10,Q05,pgsphere,0.021,0.109,87,209
10,Q05,skycell-rw,0.047,0.113,59,209
10,Q05,skycell,0.012,0.02,7,31
10,Q05,pgsphere,0.014,0.025,6,31
10,Q05,skycell-rw,0.024,0.073,196,31
10,Q05,skycell,0.011,0.025,7,72
10,Q05,pgsphere,0.021,0.036,8,72
10,Q05,skycell-rw,0.02,0.084,260,72
10,Q05,skycell-rw,0.053,0.166,89,346
10,Q05,pgsphere,0.014,0.258,183,346
10,Q05,skycell,0.02,0.102,77,346
10,Q05,pgsphere,0.055,0.115,83,206
10,Q05,skycell,0.013,0.107,72,206
10,Q05,skycell-rw,0.047,0.154,72,206
10,Q05,skycell,0.013,0.093,58,240
10,Q05,pgsphere,0.015,0.085,53,240
10,Q05,skycell-rw,0.056,0.122,64,240
10,Q05,pgsphere,0.014,0.067,32,143
10,Q05,skycell,0.011,0.092,33,143
10,Q05,skycell-rw,0.077,0.069,33,143
10,Q05,skycell-rw,0.078,0.089,57,211
10,Q05,skycell,0.014,0.076,51,211
10,Q05,pgsphere,0.017,0.112,72,211
10,Q05,skycell,0.011,0.03,27,28
10,Q05,skycell-rw,0.029,0.036,24,28
10,Q05,pgsphere,0.022,0.041,8,28
10,Q05,skycell-rw,0.045,0.088,52,134
10,Q05,pgsphere,0.016,0.133,53,134
10,Q05,skycell,0.023,0.093,47,134
10,Q05,skycell,0.015,0.041,29,64
10,Q05,pgsphere,0.012,0.064,32,64
10,Q05,skycell-rw,0.082,0.051,30,64
10,Q05,pgsphere,0.012,0.073,41,112
10,Q05,skycell-rw,0.096,0.092,54,112
10,Q05,skycell,0.012,0.051,43,112
10,Q05,skycell,0.011,0.117,55,225
10,Q05,skycell-rw,3.739,0.846,1290,225
10,Q05,pgsphere,0.031,0.169,89,225
10,Q05,skycell-rw,0.034,0.041,16,60
10,Q05,pgsphere,0.012,0.029,12,60
10,Q05,skycell,0.014,0.051,16,60
10,Q05,skycell,0.026,0.198,150,511
10,Q05,skycell-rw,0.075,0.227,148,511
10,Q05,pgsphere,0.016,0.248,259,511
10,Q05,pgsphere,0.012,0.041,13,129
10,Q05,skycell-rw,0.046,0.072,20,129
10,Q05,skycell,0.021,0.043,20,129
10,Q05,pgsphere,0.011,0.069,27,215
10,Q05,skycell,0.014,0.059,30,215
10,Q05,skycell-rw,0.036,0.08,36,215
10,Q05,skycell,0.018,0.179,147,572
10,Q05,pgsphere,0.011,0.2,277,572
10,Q05,skycell-rw,0.049,0.189,148,572
10,Q05,pgsphere,0.014,0.023,9,37
10,Q05,skycell-rw,0.038,0.026,20,37
10,Q05,skycell,0.021,0.036,20,37
10,Q05,pgsphere,0.029,0.291,99,220
10,Q05,skycell-rw,0.085,0.163,52,220
10,Q05,skycell,0.03,0.118,47,220
10,Q05,skycell,0.016,0.065,23,122
10,Q05,skycell-rw,0.053,0.453,844,122
10,Q05,pgsphere,0.025,0.101,24,122
10,Q05,skycell-rw,0.057,0.449,838,99
10,Q05,pgsphere,0.025,0.085,23,99
10,Q05,skycell,0.014,0.052,29,99
10,Q05,skycell,0.012,0.039,12,69
10,Q05,skycell-rw,0.026,0.163,358,69
10,Q05,pgsphere,0.012,0.039,9,69
10,Q06,skycell-rw,0.218,1.14,225,2813
10,Q06,pgsphere,0.042,0.951,161,2813
10,Q06,skycell,0.042,0.911,233,2813
10,Q06,skycell-rw,0.215,1.746,285,4465
10,Q06,skycell,0.098,1.405,291,4465
10,Q06,pgsphere,0.06,1.992,371,4465
10,Q06,pgsphere,0.058,5.804,1888,14641
10,Q06,skycell-rw,0.258,4.332,866,14641
10,Q06,skycell,0.065,4.62,866,14641
10,Q06,pgsphere,0.114,9.779,3777,20769
10,Q06,skycell-rw,0.216,6.408,1377,20769
10,Q06,skycell,0.042,4.592,1377,20769
10,Q06,skycell,0.041,1.188,259,2981
10,Q06,skycell-rw,0.124,1.102,255,2981
10,Q06,pgsphere,0.03,0.639,250,2981
10,Q06,pgsphere,0.044,1.937,740,4901
10,Q06,skycell,0.041,0.984,383,4901
10,Q06,skycell-rw,0.172,0.919,383,4901
10,Q06,pgsphere,0.043,23.091,23209,83461
10,Q06,skycell,0.055,20.723,5394,83461
10,Q06,skycell-rw,0.216,18.615,5394,83461
10,Q06,skycell-rw,0.165,4.486,1335,19591
10,Q06,pgsphere,0.039,6.272,4046,19591
10,Q06,skycell,0.04,3.691,1335,19591
10,Q06,skycell,0.039,0.297,95,1107
10,Q06,pgsphere,0.013,0.201,53,1107
10,Q06,skycell-rw,0.074,0.176,91,1107
10,Q06,skycell-rw,0.155,10.719,3057,48055
10,Q06,skycell,0.041,10.689,3057,48055
10,Q06,pgsphere,0.05,18.268,12864,48055
10,Q06,pgsphere,0.063,0.909,220,3178
10,Q06,skycell,0.048,0.762,236,3178
10,Q06,skycell-rw,0.14,0.83,231,3178
10,Q06,skycell,0.055,23.787,5250,83333
10,Q06,skycell-rw,0.225,22.814,5250,83333
10,Q06,pgsphere,0.057,35.3,22992,83333
10,Q06,skycell,0.058,2.424,578,8326
10,Q06,skycell-rw,0.219,2.484,578,8326
10,Q06,pgsphere,0.074,2.521,894,8326
10,Q06,skycell-rw,0.232,3.247,604,8373
10,Q06,pgsphere,0.1,3.395,984,8373
10,Q06,skycell,0.05,3.915,604,8373
10,Q06,pgsphere,0.016,0.156,29,391
10,Q06,skycell,0.044,0.149,61,391
10,Q06,skycell-rw,0.05,0.126,55,391
10,Q06,skycell,0.046,1.002,287,3288
10,Q06,skycell-rw,0.112,1.079,304,3288
10,Q06,pgsphere,0.035,1.192,378,3288
10,Q06,skycell-rw,0.133,1.703,504,7262
10,Q06,skycell,0.036,1.559,504,7262
10,Q06,pgsphere,0.04,2.212,818,7262
10,Q06,skycell,0.031,0.069,49,256
10,Q06,skycell-rw,0.083,0.079,42,256
10,Q06,pgsphere,0.01,0.054,17,256
10,Q06,skycell,0.057,3.832,1074,15694
10,Q06,skycell-rw,0.133,3.261,1074,15694
10,Q06,pgsphere,0.04,5.914,2003,15694
10,Q06,skycell,0.046,2.139,677,9642
10,Q06,pgsphere,0.041,2.842,1353,9642
10,Q06,skycell-rw,0.164,1.95,671,9642
10,Q06,skycell-rw,0.135,1.531,418,6271
10,Q06,skycell,0.069,1.533,418,6271
10,Q06,pgsphere,0.047,2.28,567,6271
10,Q06,pgsphere,0.046,11.1,7972,35882
10,Q06,skycell-rw,0.169,7.706,2313,35882
10,Q06,skycell,0.045,6.756,2313,35882
10,Q06,skycell-rw,0.161,5.775,1618,25500
10,Q06,pgsphere,0.043,6.165,4260,25500
10,Q06,skycell,0.04,4.859,1618,25500
10,Q06,skycell,0.038,0.482,211,2055
10,Q06,skycell-rw,0.132,0.518,204,2055
10,Q06,pgsphere,0.021,0.456,175,2055
10,Q06,skycell,0.041,1.126,384,5104
10,Q06,pgsphere,0.041,1.31,529,5104
10,Q06,skycell-rw,0.152,1.101,382,5104
10,Q06,skycell-rw,0.179,6.057,1614,24973
10,Q06,skycell,0.043,4.923,1614,24973
10,Q06,pgsphere,0.038,6.569,4511,24973
10,Q06,skycell-rw,0.165,9.992,2907,44382
10,Q06,pgsphere,0.048,19.028,10760,44382
10,Q06,skycell,0.05,13.873,2907,44382
10,Q06,pgsphere,0.047,10.72,3760,22203
10,Q06,skycell-rw,0.242,6.916,1349,22203
10,Q06,skycell,0.045,6.519,1349,22203
10,Q06,skycell-rw,0.25,7.554,1803,25223
10,Q06,skycell,0.053,7.861,1803,25223
10,Q06,pgsphere,0.041,7.124,3334,25223
10,Q06,skycell,0.041,0.468,187,2254
10,Q06,pgsphere,0.293,0.641,185,2254
10,Q06,skycell-rw,0.094,0.424,179,2254
10,Q06,skycell-rw,0.089,0.458,179,2254
10,Q06,pgsphere,0.019,0.51,185,2254
10,Q06,skycell,0.022,0.503,187,2254
10,Q06,pgsphere,0.067,9.923,4511,24973
10,Q06,skycell,0.041,5.524,1614,24973
10,Q06,skycell-rw,0.177,5.298,1614,24973
10,Q06,skycell,0.029,0.559,259,2981
10,Q06,skycell-rw,0.103,0.672,255,2981
10,Q06,pgsphere,0.052,0.874,250,2981
10,Q06,pgsphere,0.04,13.509,12864,48055
10,Q06,skycell-rw,0.159,11.828,3057,48055
10,Q06,skycell,0.055,12.595,3057,48055
10,Q06,skycell-rw,0.243,8.017,1803,25223
10,Q06,pgsphere,0.049,8.463,3334,25223
10,Q06,skycell,0.053,6.98,1803,25223
10,Q06,skycell-rw,0.22,1.422,383,4901
10,Q06,pgsphere,0.059,2.312,740,4901
10,Q06,skycell,0.045,1.417,383,4901
10,Q06,skycell-rw,0.338,1.269,231,3178
10,Q06,skycell,0.053,0.873,236,3178
10,Q06,pgsphere,0.039,0.966,220,3178
10,Q06,pgsphere,0.067,37.079,23209,83461
10,Q06,skycell,0.074,22.716,5394,83461
10,Q06,skycell-rw,0.215,22.03,5394,83461
10,Q06,skycell,0.069,10.184,2313,35882
10,Q06,pgsphere,0.055,12.312,7972,35882
10,Q06,skycell-rw,0.197,9.431,2313,35882
10,Q06,skycell,0.072,17.959,2907,44382
10,Q06,skycell-rw,0.213,11.779,2907,44382
10,Q06,pgsphere,0.053,15.975,10760,44382
10,Q06,skycell,0.041,0.971,291,4465
10,Q06,skycell-rw,0.149,1.084,285,4465
10,Q06,pgsphere,0.036,1.136,371,4465
10,Q06,pgsphere,0.025,0.281,53,1107
10,Q06,skycell,0.016,0.217,95,1107
10,Q06,skycell-rw,0.069,0.208,91,1107
10,Q06,skycell-rw,0.053,0.147,55,391
10,Q06,pgsphere,0.018,0.134,29,391
10,Q06,skycell,0.022,0.147,61,391
10,Q06,pgsphere,0.052,8.202,4260,25500
10,Q06,skycell-rw,0.172,6.876,1618,25500
10,Q06,skycell,0.053,6.417,1618,25500
10,Q06,skycell,0.047,1.002,287,3288
10,Q06,skycell-rw,0.149,1.048,304,3288
10,Q06,pgsphere,0.051,1.556,378,3288
10,Q06,pgsphere,0.047,2.565,894,8326
10,Q06,skycell-rw,0.22,2.151,578,8326
10,Q06,skycell,0.049,1.901,578,8326
10,Q06,skycell,0.049,2.673,677,9642
10,Q06,skycell-rw,0.21,2.456,671,9642
10,Q06,pgsphere,0.05,3.198,1353,9642
10,Q06,skycell,0.052,6.09,1349,22203
10,Q06,pgsphere,0.056,10.725,3760,22203
10,Q06,skycell-rw,0.17,4.874,1349,22203
10,Q06,pgsphere,0.04,3.623,984,8373
10,Q06,skycell,0.043,2.456,604,8373
10,Q06,skycell-rw,0.206,2.222,604,8373
10,Q06,skycell,0.027,0.078,49,256
10,Q06,pgsphere,0.036,0.099,17,256
10,Q06,skycell-rw,0.088,0.114,42,256
10,Q06,pgsphere,0.05,2.087,529,5104
10,Q06,skycell,0.053,1.666,384,5104
10,Q06,skycell-rw,0.256,1.58,382,5104
10,Q06,pgsphere,0.053,4.236,818,7262
10,Q06,skycell,0.052,2.157,504,7262
10,Q06,skycell-rw,0.178,2.068,504,7262
10,Q06,pgsphere,0.049,5.093,2003,15694
10,Q06,skycell,0.06,6.954,1074,15694
10,Q06,skycell-rw,0.177,4.033,1074,15694
10,Q06,skycell-rw,0.186,5.152,1335,19591
10,Q06,skycell,0.088,4.769,1335,19591
10,Q06,pgsphere,0.042,6.719,4046,19591
10,Q06,skycell-rw,0.149,5.977,1377,20769
10,Q06,skycell,0.045,9.245,1377,20769
10,Q06,pgsphere,0.049,7.941,3777,20769
10,Q06,skycell-rw,0.161,1.949,418,6271
10,Q06,pgsphere,0.052,2.051,567,6271
10,Q06,skycell,0.045,1.456,418,6271
10,Q06,pgsphere,0.042,3.81,1888,14641
10,Q06,skycell,0.061,3.359,866,14641
10,Q06,skycell-rw,0.227,3.868,866,14641
10,Q06,skycell-rw,0.391,36.288,5250,83333
10,Q06,skycell,0.059,24.184,5250,83333
10,Q06,pgsphere,0.065,31.098,22992,83333
10,Q06,skycell-rw,0.17,0.622,204,2055
10,Q06,pgsphere,0.032,0.566,175,2055
10,Q06,skycell,0.04,0.498,211,2055
10,Q06,skycell,0.029,0.714,233,2813
10,Q06,pgsphere,0.021,0.839,161,2813
10,Q06,skycell-rw,0.176,0.829,225,2813
10,Q06,skycell,0.054,0.578,211,2055
10,Q06,pgsphere,0.04,0.607,175,2055
10,Q06,skycell-rw,0.206,0.601,204,2055
10,Q06,skycell,0.053,13.462,3057,48055
10,Q06,skycell-rw,0.194,12.82,3057,48055
10,Q06,pgsphere,0.085,29.596,12864,48055
10,Q06,pgsphere,0.068,20.042,7972,35882
10,Q06,skycell-rw,0.205,9.672,2313,35882
10,Q06,skycell,0.055,10.426,2313,35882
10,Q06,skycell,0.051,2.455,604,8373
10,Q06,skycell-rw,0.164,2.38,604,8373
10,Q06,pgsphere,0.052,3.047,984,8373
10,Q06,pgsphere,0.033,0.839,185,2254
10,Q06,skycell-rw,0.111,0.59,179,2254
10,Q06,skycell,0.037,0.564,187,2254
10,Q06,skycell,0.042,1.154,259,2981
10,Q06,pgsphere,0.036,0.967,250,2981
10,Q06,skycell-rw,0.156,0.885,255,2981
10,Q06,pgsphere,0.046,1.122,220,3178
10,Q06,skycell,0.068,1.405,236,3178
10,Q06,skycell-rw,0.242,1.203,231,3178
10,Q06,skycell,0.052,24.238,5394,83461
10,Q06,skycell-rw,0.213,22.153,5394,83461
10,Q06,pgsphere,0.051,29.748,23209,83461
10,Q06,skycell,0.096,22.675,5250,83333
10,Q06,skycell-rw,0.198,20.956,5250,83333
10,Q06,pgsphere,0.054,31.31,22992,83333
10,Q06,skycell-rw,0.202,6.844,1618,25500
10,Q06,skycell,0.05,5.924,1618,25500
10,Q06,pgsphere,0.047,7.726,4260,25500
10,Q06,skycell-rw,0.231,7.489,1803,25223
10,Q06,skycell,0.052,6.777,1803,25223
10,Q06,pgsphere,0.051,8.03,3334,25223
10,Q06,pgsphere,0.049,2.805,818,7262
10,Q06,skycell-rw,0.153,2.015,504,7262
10,Q06,skycell,0.046,1.778,504,7262
10,Q06,pgsphere,0.04,2.166,894,8326
10,Q06,skycell,0.047,1.999,578,8326
10,Q06,skycell-rw,0.232,1.938,578,8326
10,Q06,skycell,0.037,0.731,233,2813
10,Q06,pgsphere,0.029,0.677,161,2813
10,Q06,skycell-rw,0.135,0.749,225,2813
10,Q06,skycell,0.034,0.887,287,3288
10,Q06,pgsphere,0.037,1.4,378,3288
10,Q06,skycell-rw,0.124,0.985,304,3288
10,Q06,skycell-rw,0.186,5.424,1335,19591
10,Q06,skycell,0.048,5.037,1335,19591
10,Q06,pgsphere,0.089,7.129,4046,19591
10,Q06,pgsphere,0.045,6.571,3777,20769
10,Q06,skycell,0.049,5.362,1377,20769
10,Q06,skycell-rw,0.143,4.925,1377,20769
10,Q06,skycell-rw,0.235,8.508,1614,24973
10,Q06,pgsphere,0.085,8.067,4511,24973
10,Q06,skycell,0.053,6.017,1614,24973
10,Q06,pgsphere,0.04,1.862,567,6271
10,Q06,skycell,0.041,1.493,418,6271
10,Q06,skycell-rw,0.147,1.471,418,6271
10,Q06,skycell,0.039,1.184,383,4901
10,Q06,skycell-rw,0.204,1.306,383,4901
10,Q06,pgsphere,0.042,1.616,740,4901
10,Q06,skycell-rw,0.174,4.356,1074,15694
10,Q06,skycell,0.045,3.966,1074,15694
10,Q06,pgsphere,0.049,5.122,2003,15694
10,Q06,pgsphere,0.049,8.514,3760,22203
10,Q06,skycell,0.05,5.601,1349,22203
10,Q06,skycell-rw,0.212,5.302,1349,22203
10,Q06,pgsphere,0.051,1.772,529,5104
10,Q06,skycell,0.056,1.375,384,5104
10,Q06,skycell-rw,0.174,1.396,382,5104
10,Q06,pgsphere,0.038,1.234,371,4465
10,Q06,skycell,0.072,1.098,291,4465
10,Q06,skycell-rw,0.197,1.17,285,4465
10,Q06,skycell,0.019,0.073,49,256
10,Q06,pgsphere,0.013,0.069,17,256
10,Q06,skycell-rw,0.062,0.092,42,256
10,Q06,skycell,0.051,3.516,866,14641
10,Q06,pgsphere,0.043,3.768,1888,14641
10,Q06,skycell-rw,0.167,3.181,866,14641
10,Q06,skycell-rw,0.063,0.205,55,391
10,Q06,pgsphere,0.017,0.133,29,391
10,Q06,skycell,0.014,0.141,61,391
10,Q06,pgsphere,0.05,3.147,1353,9642
10,Q06,skycell-rw,0.214,2.547,671,9642
10,Q06,skycell,0.051,2.335,677,9642
10,Q06,skycell,0.025,0.241,95,1107
10,Q06,skycell-rw,0.066,0.211,91,1107
10,Q06,pgsphere,0.014,0.275,53,1107
10,Q06,skycell,0.049,12.219,2907,44382
10,Q06,skycell-rw,0.218,11.051,2907,44382
10,Q06,pgsphere,0.05,15.121,10760,44382
10,Q07,pgsphere,0.095,0.139,25,256
10,Q07,skycell-rw,0.093,0.09,37,256
10,Q07,skycell,0.077,0.163,31,256
10,Q07,skycell,0.057,0.448,136,1054
10,Q07,pgsphere,0.044,0.873,343,1054
10,Q07,skycell-rw,0.128,0.506,134,1054
10,Q07,skycell,0.035,0.09,24,249
10,Q07,pgsphere,0.029,0.06,13,249
10,Q07,skycell-rw,0.035,0.314,760,249
10,Q07,pgsphere,0.02,0.368,85,897
10,Q07,skycell,0.026,0.294,86,897
10,Q07,skycell-rw,0.088,0.326,77,897
10,Q07,pgsphere,0.392,0.546,75,330
10,Q07,skycell,0.043,0.173,57,330
10,Q07,skycell-rw,0.077,0.168,54,330
10,Q07,skycell-rw,0.074,0.073,19,128
10,Q07,skycell,0.04,0.051,16,128
10,Q07,pgsphere,0.048,0.078,9,128
10,Q07,pgsphere,0.066,1.265,463,1647
10,Q07,skycell-rw,0.141,0.79,202,1647
10,Q07,skycell,0.051,0.635,200,1647
10,Q07,skycell-rw,0.077,0.127,45,231
10,Q07,skycell,0.018,0.082,44,231
10,Q07,pgsphere,0.03,0.091,22,231
10,Q07,skycell,0.049,0.602,182,1197
10,Q07,skycell-rw,0.118,0.512,176,1197
10,Q07,pgsphere,0.071,1.064,385,1197
10,Q07,pgsphere,0.071,0.736,279,1137
10,Q07,skycell,0.04,0.414,153,1137
10,Q07,skycell-rw,0.116,0.463,163,1137
10,Q07,skycell-rw,0.111,0.526,191,1344
10,Q07,pgsphere,0.036,0.506,376,1344
10,Q07,skycell,0.03,0.452,194,1344
10,Q07,skycell-rw,0.181,0.847,306,1356
10,Q07,pgsphere,0.05,0.806,598,1356
10,Q07,skycell,0.044,0.648,300,1356
10,Q07,pgsphere,0.024,0.108,56,219
10,Q07,skycell-rw,0.068,0.118,66,219
10,Q07,skycell,0.019,0.167,60,219
10,Q07,pgsphere,0.019,0.072,20,206
10,Q07,skycell-rw,0.032,0.364,966,206
10,Q07,skycell,0.016,0.068,34,206
10,Q07,pgsphere,0.016,0.067,16,126
10,Q07,skycell,0.022,0.067,35,126
10,Q07,skycell-rw,0.046,0.085,38,126
10,Q07,skycell,0.019,0.063,34,157
10,Q07,skycell-rw,0.036,0.509,1504,157
10,Q07,pgsphere,0.026,0.077,20,157
10,Q07,skycell-rw,0.217,1.869,551,3448
10,Q07,pgsphere,0.05,1.796,1771,3448
10,Q07,skycell,0.051,1.505,538,3448
10,Q07,pgsphere,0.022,0.097,16,147
10,Q07,skycell,0.023,0.075,42,147
10,Q07,skycell-rw,0.055,0.111,40,147
10,Q07,pgsphere,0.065,0.416,180,979
10,Q07,skycell,0.025,0.613,107,979
10,Q07,skycell-rw,0.097,0.355,111,979
10,Q07,pgsphere,0.049,0.496,252,1053
10,Q07,skycell-rw,0.169,0.549,157,1053
10,Q07,skycell,0.042,0.33,151,1053
10,Q07,skycell,0.047,0.731,240,1366
10,Q07,skycell-rw,0.186,0.957,241,1366
10,Q07,pgsphere,0.043,0.64,507,1366
10,Q07,skycell,0.063,1.668,546,4023
10,Q07,skycell-rw,0.171,1.845,547,4023
10,Q07,pgsphere,0.068,3.28,2018,4023
10,Q07,pgsphere,0.038,0.176,75,467
10,Q07,skycell,0.027,0.145,69,467
10,Q07,skycell-rw,0.063,0.205,78,467
10,Q07,skycell,0.061,0.217,65,520
10,Q07,skycell-rw,0.144,0.2,65,520
10,Q07,pgsphere,0.038,0.163,50,520
10,Q07,skycell-rw,0.166,1.158,338,2510
10,Q07,pgsphere,0.056,1.186,954,2510
10,Q07,skycell,0.068,1.076,340,2510
10,Q07,skycell-rw,0.065,0.063,39,128
10,Q07,skycell,0.017,0.055,42,128
10,Q07,pgsphere,0.018,0.058,16,128
10,Q07,skycell-rw,0.115,0.217,92,369
10,Q07,skycell,0.022,0.17,92,369
10,Q07,pgsphere,0.018,0.273,132,369
10,Q07,skycell,0.031,0.225,120,484
10,Q07,skycell-rw,0.107,0.317,120,484
10,Q07,pgsphere,0.027,0.33,187,484
10,Q07,pgsphere,0.05,0.429,203,1034
10,Q07,skycell-rw,0.253,0.58,159,1034
10,Q07,skycell,0.035,0.354,156,1034
10,Q07,pgsphere,0.024,0.185,101,141
10,Q07,skycell,0.032,0.087,52,141
10,Q07,skycell-rw,0.058,0.089,46,141
10,Q07,skycell,0.017,0.059,24,249
10,Q07,skycell-rw,0.048,0.384,760,249
10,Q07,pgsphere,0.018,0.073,13,249
10,Q07,skycell,0.093,1.958,546,4023
10,Q07,pgsphere,0.054,2.429,2018,4023
10,Q07,skycell-rw,0.176,2.023,547,4023
10,Q07,pgsphere,0.021,0.077,16,126
10,Q07,skycell,0.017,0.09,35,126
10,Q07,skycell-rw,0.056,0.104,38,126
10,Q07,pgsphere,0.019,0.143,25,256
10,Q07,skycell,0.017,0.074,31,256
10,Q07,skycell-rw,0.078,0.136,37,256
10,Q07,skycell,0.052,1.896,538,3448
10,Q07,skycell-rw,0.262,2.042,551,3448
10,Q07,pgsphere,0.054,2.297,1771,3448
10,Q07,skycell-rw,0.075,0.077,39,128
10,Q07,skycell,0.017,0.067,42,128
10,Q07,pgsphere,0.019,0.075,16,128
10,Q07,pgsphere,0.022,0.094,20,157
10,Q07,skycell,0.016,0.078,34,157
10,Q07,skycell-rw,0.044,0.675,1504,157
10,Q07,skycell-rw,0.134,0.681,176,1197
10,Q07,skycell,0.04,0.572,182,1197
10,Q07,pgsphere,0.041,0.79,385,1197
10,Q07,pgsphere,0.041,0.849,507,1366
10,Q07,skycell,0.041,0.724,240,1366
10,Q07,skycell-rw,0.2,0.76,241,1366
10,Q07,skycell,0.039,0.46,151,1053
10,Q07,pgsphere,0.034,0.521,252,1053
10,Q07,skycell-rw,0.126,0.523,157,1053
10,Q07,skycell,0.032,0.179,65,520
10,Q07,pgsphere,0.018,0.196,50,520
10,Q07,skycell-rw,0.087,0.191,65,520
10,Q07,pgsphere,0.036,1.001,343,1054
10,Q07,skycell-rw,0.165,0.725,134,1054
10,Q07,skycell,0.086,0.594,136,1054
10,Q07,skycell-rw,0.082,0.096,46,141
10,Q07,pgsphere,0.026,0.172,101,141
10,Q07,skycell,0.016,0.09,52,141
10,Q07,skycell-rw,0.162,1.052,338,2510
10,Q07,pgsphere,0.045,1.096,954,2510
10,Q07,skycell,0.06,1.025,340,2510
10,Q07,pgsphere,0.041,0.396,180,979
10,Q07,skycell,0.041,0.3,107,979
10,Q07,skycell-rw,0.087,0.352,111,979
10,Q07,skycell,0.02,0.031,16,128
10,Q07,pgsphere,0.056,0.054,9,128
10,Q07,skycell-rw,0.036,0.043,19,128
10,Q07,skycell-rw,0.06,0.128,54,330
10,Q07,skycell,0.015,0.114,57,330
10,Q07,pgsphere,0.021,0.147,75,330
10,Q07,pgsphere,0.017,0.328,85,897
10,Q07,skycell-rw,0.061,0.252,77,897
10,Q07,skycell,0.019,0.221,86,897
10,Q07,skycell-rw,0.108,0.186,66,219
10,Q07,skycell,0.031,0.102,60,219
10,Q07,pgsphere,0.024,0.108,56,219
10,Q07,pgsphere,0.049,0.789,463,1647
10,Q07,skycell-rw,0.113,0.573,202,1647
10,Q07,skycell,0.037,0.494,200,1647
10,Q07,skycell-rw,0.094,0.206,92,369
10,Q07,skycell,0.024,0.179,92,369
10,Q07,pgsphere,0.024,0.277,132,369
10,Q07,pgsphere,0.024,0.313,187,484
10,Q07,skycell-rw,0.067,0.291,120,484
10,Q07,skycell,0.017,0.217,120,484
10,Q07,skycell,0.03,0.432,156,1034
10,Q07,skycell-rw,0.089,0.404,159,1034
10,Q07,pgsphere,0.027,0.428,203,1034
10,Q07,skycell,0.017,0.075,44,231
10,Q07,pgsphere,0.015,0.087,22,231
10,Q07,skycell-rw,0.046,0.101,45,231
10,Q07,skycell-rw,0.172,0.729,306,1356
10,Q07,skycell,0.045,0.588,300,1356
10,Q07,pgsphere,0.036,0.77,598,1356
10,Q07,skycell-rw,0.119,0.529,191,1344
10,Q07,pgsphere,0.028,0.526,376,1344
10,Q07,skycell,0.036,0.526,194,1344
10,Q07,skycell,0.025,0.139,69,467
10,Q07,skycell-rw,0.065,0.2,78,467
10,Q07,pgsphere,0.016,0.18,75,467
10,Q07,skycell,0.019,0.069,34,206
10,Q07,pgsphere,0.014,0.07,20,206
10,Q07,skycell-rw,0.039,0.369,966,206
10,Q07,skycell-rw,0.108,0.473,163,1137
10,Q07,pgsphere,0.03,0.386,279,1137
10,Q07,skycell,0.026,0.374,153,1137
10,Q07,skycell,0.016,0.095,42,147
10,Q07,skycell-rw,0.053,0.086,40,147
10,Q07,pgsphere,0.021,0.096,16,147
10,Q07,skycell-rw,0.286,0.773,241,1366
10,Q07,pgsphere,0.042,0.624,507,1366
10,Q07,skycell,0.033,0.62,240,1366
10,Q07,pgsphere,0.017,0.087,16,128
10,Q07,skycell-rw,0.061,0.061,39,128
10,Q07,skycell,0.015,0.081,42,128
10,Q07,skycell,0.062,2.224,546,4023
10,Q07,pgsphere,0.059,2.592,2018,4023
10,Q07,skycell-rw,0.153,1.746,547,4023
10,Q07,pgsphere,0.032,0.371,187,484
10,Q07,skycell-rw,0.092,0.325,120,484
10,Q07,skycell,0.036,0.267,120,484
10,Q07,skycell,0.026,0.112,60,219
10,Q07,skycell-rw,0.062,0.12,66,219
10,Q07,pgsphere,0.016,0.102,56,219
10,Q07,skycell-rw,0.067,0.245,77,897
10,Q07,pgsphere,0.026,0.326,85,897
10,Q07,skycell,0.044,0.221,86,897
10,Q07,skycell,0.021,0.227,92,369
10,Q07,skycell-rw,0.1,0.211,92,369
10,Q07,pgsphere,0.022,0.297,132,369
10,Q07,skycell-rw,0.17,0.729,306,1356
10,Q07,skycell,0.039,0.643,300,1356
10,Q07,pgsphere,0.038,0.727,598,1356
10,Q07,skycell-rw,0.049,0.484,1504,157
10,Q07,pgsphere,0.017,0.072,20,157
10,Q07,skycell,0.016,0.063,34,157
10,Q07,pgsphere,0.043,0.597,385,1197
10,Q07,skycell-rw,0.114,0.516,176,1197
10,Q07,skycell,0.036,0.437,182,1197
10,Q07,skycell-rw,0.09,0.355,134,1054
10,Q07,skycell,0.02,0.313,136,1054
10,Q07,pgsphere,0.03,0.528,343,1054
10,Q07,pgsphere,0.05,0.153,50,520
10,Q07,skycell-rw,0.378,0.266,65,520
10,Q07,skycell,0.029,0.148,65,520
10,Q07,skycell,0.017,0.102,42,147
10,Q07,pgsphere,0.017,0.088,16,147
10,Q07,skycell-rw,0.055,0.143,40,147
10,Q07,pgsphere,0.016,0.077,22,231
10,Q07,skycell-rw,0.045,0.107,45,231
10,Q07,skycell,0.015,0.072,44,231
10,Q07,skycell,0.026,0.148,69,467
10,Q07,skycell-rw,0.057,0.207,78,467
10,Q07,pgsphere,0.017,0.18,75,467
10,Q07,skycell,0.069,1.262,340,2510
10,Q07,skycell-rw,0.186,1.048,338,2510
10,Q07,pgsphere,0.055,1.431,954,2510
10,Q07,skycell-rw,0.083,0.13,54,330
10,Q07,pgsphere,0.039,0.201,75,330
10,Q07,skycell,0.019,0.113,57,330
10,Q07,skycell,0.046,0.461,153,1137
10,Q07,skycell-rw,0.118,0.426,163,1137
10,Q07,pgsphere,0.041,0.409,279,1137
10,Q07,pgsphere,0.033,0.404,252,1053
10,Q07,skycell-rw,0.102,0.544,157,1053
10,Q07,skycell,0.041,0.315,151,1053
10,Q07,skycell-rw,0.046,0.047,19,128
10,Q07,pgsphere,0.016,0.044,9,128
10,Q07,skycell,0.021,0.034,16,128
10,Q07,skycell,0.029,0.091,24,249
10,Q07,skycell-rw,0.099,0.333,760,249
10,Q07,pgsphere,0.023,0.066,13,249
10,Q07,pgsphere,0.044,0.354,180,979
10,Q07,skycell-rw,0.089,0.31,111,979
10,Q07,skycell,0.027,0.309,107,979
10,Q07,skycell-rw,0.118,0.554,159,1034
10,Q07,pgsphere,0.045,0.437,203,1034
10,Q07,skycell,0.034,0.384,156,1034
10,Q07,skycell,0.05,0.567,200,1647
10,Q07,skycell-rw,0.101,0.643,202,1647
10,Q07,pgsphere,0.038,0.758,463,1647
10,Q07,skycell,0.03,0.647,194,1344
10,Q07,skycell-rw,0.172,0.531,191,1344
10,Q07,pgsphere,0.036,0.522,376,1344
10,Q07,skycell,0.02,0.059,31,256
10,Q07,skycell-rw,0.07,0.094,37,256
10,Q07,pgsphere,0.016,0.086,25,256
10,Q07,skycell-rw,0.058,0.095,46,141
10,Q07,skycell,0.016,0.081,52,141
10,Q07,pgsphere,0.018,0.17,101,141
10,Q07,skycell,0.022,0.073,34,206
10,Q07,skycell-rw,0.034,0.348,966,206
10,Q07,pgsphere,0.015,0.07,20,206
10,Q07,skycell,0.063,1.902,538,3448
10,Q07,skycell-rw,0.229,1.668,551,3448
10,Q07,pgsphere,0.069,2.028,1771,3448
10,Q07,skycell,0.025,0.066,35,126
10,Q07,skycell-rw,0.052,0.08,38,126
10,Q07,pgsphere,0.06,0.061,16,126
10,Q12,skycell,0.017,0.008,3,0
10,Q12,skycell-rw,0.034,0.008,3,0
10,Q12,pgsphere,0.011,0.012,4,0
10,Q12,pgsphere,0.01,0.011,4,0
10,Q12,skycell-rw,0.02,0.005,3,0
10,Q12,skycell,0.012,0.005,3,0
10,Q12,skycell,0.01,0.004,3,0
10,Q12,skycell-rw,0.019,0.005,3,0
10,Q12,pgsphere,0.01,0.018,6,0
10,Q12,pgsphere,0.01,0.017,6,0
10,Q12,skycell-rw,0.02,0.015,3,0
10,Q12,skycell,0.011,0.005,3,0
10,Q12,skycell,0.013,0.005,3,0
10,Q12,skycell-rw,0.028,0.007,3,0
10,Q12,pgsphere,0.024,0.025,4,0
10,Q12,skycell,0.018,0.009,3,0
10,Q12,skycell-rw,0.021,0.005,3,0
10,Q12,pgsphere,0.012,0.016,4,0
10,Q12,pgsphere,0.011,0.024,8,0
10,Q12,skycell-rw,0.021,0.006,3,0
10,Q12,skycell,0.011,0.005,3,0
10,Q12,skycell-rw,0.02,0.005,3,0
10,Q12,pgsphere,0.011,0.044,14,0
10,Q12,skycell,0.01,0.004,3,0
10,Q12,skycell,0.01,0.004,3,0
10,Q12,pgsphere,0.015,0.018,6,0
10,Q12,skycell-rw,0.02,0.005,3,0
10,Q12,pgsphere,0.01,0.013,4,0
10,Q12,skycell,0.01,0.004,3,0
10,Q12,skycell-rw,0.019,0.005,3,0
10,Q12,skycell-rw,0.02,0.005,3,0
10,Q12,skycell,0.011,0.004,3,0
10,Q12,pgsphere,0.011,0.025,7,0
10,Q12,skycell,0.017,0.005,3,0
10,Q12,skycell-rw,0.025,0.007,3,0
10,Q12,pgsphere,0.012,0.025,8,0
10,Q12,skycell-rw,0.02,0.005,3,0
10,Q12,skycell,0.01,0.004,3,0
10,Q12,pgsphere,0.01,0.027,8,0
10,Q12,skycell-rw,0.02,0.005,3,0
10,Q12,skycell,0.01,0.004,3,0
10,Q12,pgsphere,0.011,0.045,16,0
10,Q12,skycell,0.01,0.005,6,0
10,Q12,skycell-rw,0.045,0.011,6,0
10,Q12,pgsphere,0.011,0.021,7,0
10,Q12,skycell,0.02,0.008,3,0
10,Q12,skycell-rw,0.027,0.007,3,0
10,Q12,pgsphere,0.011,0.033,11,0
10,Q12,skycell-rw,0.02,0.005,3,0
10,Q12,skycell,0.011,0.004,3,0
10,Q12,pgsphere,0.01,0.038,4,0
10,Q12,skycell,0.021,0.006,3,0
10,Q12,pgsphere,0.011,0.041,12,0
10,Q12,skycell-rw,0.019,0.005,3,0
10,Q12,skycell,0.01,0.004,3,0
10,Q12,pgsphere,0.014,0.024,8,0
10,Q12,skycell-rw,0.02,0.005,3,0
10,Q12,pgsphere,0.011,0.029,10,0
10,Q12,skycell-rw,0.019,0.005,3,0
10,Q12,skycell,0.01,0.004,3,0
10,Q12,skycell,0.011,0.004,3,0
10,Q12,pgsphere,0.011,0.057,21,0
10,Q12,skycell-rw,0.019,0.005,3,0
10,Q12,skycell,0.01,0.005,6,0
10,Q12,skycell-rw,0.035,0.009,6,0
10,Q12,pgsphere,0.012,0.03,11,0
10,Q12,skycell,0.011,0.005,3,0
10,Q12,skycell-rw,0.019,0.005,3,0
10,Q12,pgsphere,0.011,0.014,4,0
10,Q12,pgsphere,0.01,0.01,4,0
10,Q12,skycell,0.01,0.004,3,0
10,Q12,skycell-rw,0.019,0.005,3,0
10,Q12,skycell,0.01,0.004,3,0
10,Q12,pgsphere,0.011,0.023,8,0
10,Q12,skycell-rw,0.019,0.005,3,0
10,Q12,skycell-rw,0.019,0.005,3,0
10,Q12,skycell,0.01,0.004,3,0
10,Q12,pgsphere,0.01,0.069,15,0
10,Q12,pgsphere,0.012,0.018,6,0
10,Q12,skycell,0.011,0.005,3,0
10,Q12,skycell-rw,0.019,0.005,3,0
10,Q12,skycell,0.011,0.004,3,0
10,Q12,pgsphere,0.034,0.028,9,0
10,Q12,skycell-rw,0.022,0.005,3,0
10,Q12,pgsphere,0.011,0.025,9,0
10,Q12,skycell,0.01,0.004,3,0
10,Q12,skycell-rw,0.019,0.005,3,0
10,Q12,skycell-rw,0.034,0.01,6,0
10,Q12,skycell,0.01,0.005,6,0
10,Q12,pgsphere,0.01,0.013,4,0
10,Q12,pgsphere,0.01,0.053,8,0
10,Q12,skycell,0.011,0.014,3,0
10,Q12,skycell-rw,0.02,0.005,3,0
10,Q12,pgsphere,0.011,0.023,8,0
10,Q12,skycell-rw,0.019,0.005,3,0
10,Q12,skycell,0.01,0.005,3,0
10,Q12,pgsphere,0.011,0.014,4,0
10,Q12,skycell-rw,0.021,0.005,3,0
10,Q12,skycell,0.01,0.004,3,0
10,Q12,skycell-rw,0.019,0.005,3,0
10,Q12,skycell,0.01,0.004,3,0
10,Q12,pgsphere,0.011,0.049,4,0
10,Q12,skycell-rw,0.02,0.005,3,0
10,Q12,skycell,0.01,0.004,3,0
10,Q12,pgsphere,0.036,0.035,11,0
10,Q12,skycell,0.013,0.005,3,0
10,Q12,skycell-rw,0.019,0.005,3,0
10,Q12,pgsphere,0.011,0.014,4,0
10,Q12,skycell-rw,0.019,0.005,3,0
10,Q12,skycell,0.015,0.006,3,0
10,Q12,pgsphere,0.012,0.024,8,0
10,Q12,skycell-rw,0.019,0.005,3,0
10,Q12,skycell,0.01,0.004,3,0
10,Q12,pgsphere,0.011,0.026,9,0
10,Q12,pgsphere,0.011,0.055,15,0
10,Q12,skycell-rw,0.02,0.005,3,0
10,Q12,skycell,0.011,0.004,3,0
10,Q12,skycell,0.01,0.005,6,0
10,Q12,pgsphere,0.01,0.013,4,0
10,Q12,skycell-rw,0.036,0.01,6,0
10,Q12,pgsphere,0.012,0.03,11,0
10,Q12,skycell,0.016,0.035,6,0
10,Q12,skycell-rw,0.033,0.009,6,0
10,Q12,skycell-rw,0.019,0.005,3,0
10,Q12,skycell,0.01,0.004,3,0
10,Q12,pgsphere,0.04,0.021,6,0
10,Q12,pgsphere,0.012,0.018,6,0
10,Q12,skycell,0.01,0.004,3,0
10,Q12,skycell-rw,0.019,0.005,3,0
10,Q12,skycell,0.011,0.004,3,0
10,Q12,pgsphere,0.012,0.068,21,0
10,Q12,skycell-rw,0.02,0.005,3,0
10,Q12,skycell,0.01,0.004,3,0
10,Q12,skycell-rw,0.018,0.005,3,0
10,Q12,pgsphere,0.015,0.04,14,0
10,Q12,skycell,0.01,0.005,3,0
10,Q12,pgsphere,0.011,0.024,7,0
10,Q12,skycell-rw,0.019,0.005,3,0
10,Q12,pgsphere,0.01,0.017,6,0
10,Q12,skycell-rw,0.019,0.006,3,0
10,Q12,skycell,0.01,0.004,3,0
10,Q12,skycell,0.01,0.004,3,0
10,Q12,skycell-rw,0.018,0.005,3,0
10,Q12,pgsphere,0.01,0.014,4,0
10,Q12,pgsphere,0.02,0.032,10,0
10,Q12,skycell,0.01,0.005,3,0
10,Q12,skycell-rw,0.019,0.005,3,0
10,Q12,skycell,0.01,0.005,3,0
10,Q12,pgsphere,0.01,0.049,8,0
10,Q12,skycell-rw,0.028,0.006,3,0
10,Q12,pgsphere,0.015,0.016,4,0
10,Q12,skycell,0.011,0.004,3,0
10,Q12,skycell-rw,0.019,0.005,3,0
10,Q12,skycell,0.016,0.006,3,0
10,Q12,pgsphere,0.023,0.08,12,0
10,Q12,skycell-rw,0.02,0.005,3,0
10,Q12,pgsphere,0.011,0.046,16,0
10,Q12,skycell-rw,0.023,0.006,3,0
10,Q12,skycell,0.01,0.004,3,0
10,Q12,skycell,0.01,0.004,3,0
10,Q12,skycell-rw,0.019,0.013,3,0
10,Q12,pgsphere,0.015,0.013,4,0
10,Q12,pgsphere,0.011,0.01,4,0
10,Q12,skycell-rw,0.019,0.005,3,0
10,Q12,skycell,0.01,0.004,3,0
10,Q12,skycell,0.01,0.004,3,0
10,Q12,skycell-rw,0.044,0.008,3,0
10,Q12,pgsphere,0.013,0.018,6,0
10,Q12,skycell,0.01,0.004,3,0
10,Q12,skycell-rw,0.018,0.005,3,0
10,Q12,pgsphere,0.01,0.025,9,0
10,Q12,skycell,0.011,0.005,3,0
10,Q12,pgsphere,0.01,0.013,4,0
10,Q12,skycell-rw,0.019,0.005,3,0
10,Q12,skycell,0.01,0.004,3,0
10,Q12,skycell-rw,0.018,0.004,3,0
10,Q12,pgsphere,0.011,0.024,8,0
10,Q12,pgsphere,0.01,0.019,7,0
10,Q12,skycell,0.01,0.005,6,0
10,Q12,skycell-rw,0.028,0.008,6,0
10,Q12,skycell-rw,0.028,0.008,6,0
10,Q12,pgsphere,0.011,0.014,4,0
10,Q12,skycell,0.01,0.005,6,0
10,Q12,skycell,0.01,0.004,3,0
10,Q12,pgsphere,0.015,0.029,8,0
10,Q12,skycell-rw,0.021,0.005,3,0
10,Q12,pgsphere,0.01,0.024,9,0
10,Q12,skycell-rw,0.019,0.005,3,0
10,Q12,skycell,0.01,0.005,3,0
10,Q12,skycell,0.01,0.005,3,0
10,Q12,pgsphere,0.011,0.031,11,0
10,Q12,skycell-rw,0.018,0.005,3,0
10,Q12,pgsphere,0.01,0.024,7,0
10,Q12,skycell-rw,0.018,0.034,3,0
10,Q12,skycell,0.01,0.005,3,0
10,Q12,skycell,0.01,0.004,3,0
10,Q12,pgsphere,0.01,0.013,4,0
10,Q12,skycell-rw,0.018,0.005,3,0
10,Q12,skycell-rw,0.018,0.005,3,0
10,Q12,pgsphere,0.01,0.023,8,0
10,Q12,skycell,0.01,0.004,3,0
10,Q12,pgsphere,0.01,0.028,11,0
10,Q12,skycell,0.01,0.005,6,0
10,Q12,skycell-rw,0.028,0.009,6,0
10,Q12,pgsphere,0.02,0.024,7,0
10,Q12,skycell-rw,0.028,0.016,6,0
10,Q12,skycell,0.01,0.005,6,0
10,Q12,skycell,0.01,0.004,3,0
10,Q12,skycell-rw,0.028,0.007,3,0
10,Q12,pgsphere,0.02,0.017,4,0
10,Q12,skycell-rw,0.07,0.01,3,0
10,Q12,skycell,0.012,0.005,3,0
10,Q12,pgsphere,0.018,0.037,8,0
10,Q12,pgsphere,0.011,0.044,16,0
10,Q12,skycell-rw,0.027,0.006,3,0
10,Q12,skycell,0.011,0.004,3,0
10,Q12,pgsphere,0.01,0.029,10,0
10,Q12,skycell-rw,0.02,0.005,3,0
10,Q12,skycell,0.01,0.004,3,0
10,Q12,skycell-rw,0.019,0.005,3,0
10,Q12,skycell,0.01,0.005,3,0
10,Q12,pgsphere,0.01,0.013,4,0
10,Q12,pgsphere,0.01,0.017,6,0
10,Q12,skycell-rw,0.019,0.004,3,0
10,Q12,skycell,0.011,0.004,3,0
10,Q12,skycell,0.012,0.005,3,0
10,Q12,pgsphere,0.011,0.025,9,0
10,Q12,skycell-rw,0.019,0.005,3,0
10,Q12,skycell-rw,0.018,0.005,3,0
10,Q12,skycell,0.011,0.005,3,0
10,Q12,pgsphere,0.011,0.017,6,0
10,Q12,pgsphere,0.01,0.017,6,0
10,Q12,skycell-rw,0.018,0.005,3,0
10,Q12,skycell,0.01,0.004,3,0
10,Q12,skycell,0.014,0.006,3,0
10,Q12,skycell-rw,0.021,0.005,3,0
10,Q12,pgsphere,0.011,0.022,8,0
10,Q12,pgsphere,0.01,0.013,4,0
10,Q12,skycell-rw,0.019,0.005,3,0
10,Q12,skycell,0.01,0.004,3,0
10,Q12,pgsphere,0.012,0.037,12,0
10,Q12,skycell,0.01,0.005,3,0
10,Q12,skycell-rw,0.018,0.005,3,0
10,Q12,skycell,0.01,0.004,3,0
10,Q12,pgsphere,0.017,0.016,4,0
10,Q12,skycell-rw,0.021,0.005,3,0
10,Q12,pgsphere,0.011,0.056,21,0
10,Q12,skycell-rw,0.019,0.005,3,0
10,Q12,skycell,0.014,0.006,3,0
10,Q12,pgsphere,0.012,0.024,8,0
10,Q12,skycell,0.01,0.004,3,0
10,Q12,skycell-rw,0.018,0.005,3,0
10,Q12,skycell,0.01,0.004,3,0
10,Q12,skycell-rw,0.041,0.007,3,0
10,Q12,pgsphere,0.012,0.044,15,0
10,Q12,skycell,0.01,0.004,3,0
10,Q12,pgsphere,0.01,0.012,4,0
10,Q12,skycell-rw,0.018,0.005,3,0
10,Q12,skycell-rw,0.024,0.006,3,0
10,Q12,skycell,0.012,0.005,3,0
10,Q12,pgsphere,0.01,0.016,6,0
10,Q12,pgsphere,0.01,0.011,4,0
10,Q12,skycell-rw,0.018,0.005,3,0
10,Q12,skycell,0.01,0.004,3,0
10,Q12,skycell,0.011,0.004,3,0
10,Q12,skycell-rw,0.018,0.005,3,0
10,Q12,pgsphere,0.011,0.011,4,0
10,Q12,pgsphere,0.01,0.036,14,0
10,Q12,skycell,0.016,0.006,3,0
10,Q12,skycell-rw,0.021,0.005,3,0
0.5,Q12,pgsphere,0.018,0.015,3,0
0.5,Q12,skycell-rw,0.038,0.009,3,0
0.5,Q12,pgsphere,0.011,0.009,3,0
0.5,Q12,skycell-rw,0.028,0.008,3,0
0.5,Q12,skycell,0.013,0.005,3,0
0.5,Q12,pgsphere,0.014,0.015,3,0
0.5,Q12,skycell,0.016,0.007,3,0
0.5,Q12,skycell-rw,0.03,0.007,3,0
0.5,Q12,skycell,0.017,0.008,3,0
0.5,Q12,skycell-rw,0.047,0.016,3,0
0.5,Q12,pgsphere,0.029,0.026,4,0
0.5,Q12,skycell,0.011,0.005,3,0
0.5,Q12,pgsphere,0.01,0.009,3,0
0.5,Q12,skycell-rw,0.024,0.005,3,0
0.5,Q12,skycell-rw,0.019,0.005,3,0
0.5,Q12,skycell,0.01,0.004,3,0
0.5,Q12,pgsphere,0.02,0.015,3,0
0.5,Q12,pgsphere,0.011,0.011,3,0
0.5,Q12,skycell-rw,0.019,0.005,3,0
0.5,Q12,skycell,0.01,0.004,3,0
0.5,Q12,skycell,0.016,0.007,3,0
0.5,Q12,skycell-rw,0.019,0.006,3,0
0.5,Q12,pgsphere,0.014,0.021,3,0
0.5,Q12,pgsphere,0.012,0.047,3,0
0.5,Q12,skycell,0.012,0.007,6,0
0.5,Q12,skycell-rw,0.019,0.006,6,0
2,Q05,pgsphere,0.023,0.041,13,49
2,Q05,skycell-rw,0.052,0.048,28,49
2,Q05,skycell,0.015,0.031,21,49
2,Q05,pgsphere,0.054,0.054,27,74
2,Q05,skycell-rw,0.044,0.047,28,74
2,Q05,skycell,0.016,0.042,28,74
2,Q05,skycell,0.013,0.038,17,52
2,Q05,skycell-rw,0.028,0.175,502,52
2,Q05,pgsphere,0.012,0.024,5,52
2,Q05,pgsphere,0.011,0.022,5,46
2,Q05,skycell,0.018,0.025,10,46
2,Q05,skycell-rw,0.03,0.026,10,46
2,Q05,pgsphere,0.011,0.036,26,66
2,Q05,skycell,0.017,0.046,29,66
2,Q05,skycell-rw,0.03,0.049,29,66
2,Q05,skycell,0.019,0.028,12,30
2,Q05,skycell-rw,0.028,0.092,278,30
2,Q05,pgsphere,0.012,0.027,8,30
2,Q05,pgsphere,0.011,0.018,5,21
2,Q05,skycell-rw,0.032,0.022,10,21
2,Q05,skycell,0.011,0.017,10,21
2,Q05,skycell-rw,0.06,0.061,28,108
2,Q05,pgsphere,0.011,0.045,24,108
2,Q05,skycell,0.011,0.08,27,108
2,Q05,pgsphere,0.012,0.03,12,61
2,Q05,skycell-rw,0.027,0.239,646,61
2,Q05,skycell,0.061,0.055,24,61
2,Q05,skycell,0.012,0.044,16,104
2,Q05,skycell-rw,0.026,0.192,566,104
2,Q05,pgsphere,0.011,0.037,12,104
2,Q05,skycell,0.017,0.04,14,60
2,Q05,pgsphere,0.012,0.03,11,60
2,Q05,skycell-rw,0.021,0.171,520,60
2,Q05,pgsphere,0.014,0.03,5,92
2,Q05,skycell,0.013,0.027,16,92
2,Q05,skycell-rw,0.021,0.195,510,92
2,Q05,skycell-rw,0.054,0.058,33,120
2,Q05,skycell,0.015,0.049,32,120
2,Q05,pgsphere,0.012,0.052,27,120
2,Q05,pgsphere,0.011,0.024,6,45
2,Q05,skycell-rw,0.03,0.11,222,45
2,Q05,skycell,0.011,0.022,8,45
2,Q05,skycell,0.011,0.023,8,54
2,Q05,pgsphere,0.011,0.022,5,54
2,Q05,skycell-rw,0.023,0.178,262,54
0.5,Q05,pgsphere,0.044,0.091,6,40
0.5,Q05,skycell-rw,0.061,0.331,908,40
0.5,Q05,skycell,0.024,0.071,24,40
0.5,Q05,pgsphere,0.012,0.03,15,56
0.5,Q05,skycell-rw,0.028,0.043,16,56
0.5,Q05,skycell,0.01,0.023,16,56
0.5,Q05,skycell,0.01,0.02,11,62
0.5,Q05,skycell-rw,0.017,0.073,266,62
0.5,Q05,pgsphere,0.04,0.022,5,62
0.5,Q05,pgsphere,0.009,0.016,5,47
0.5,Q05,skycell,0.009,0.019,11,47
0.5,Q05,skycell-rw,0.035,0.042,11,47
0.5,Q05,pgsphere,0.01,0.02,9,33
0.5,Q05,skycell,0.015,0.023,11,33
0.5,Q05,skycell-rw,0.018,0.048,214,33
0.5,Q05,skycell,0.009,0.043,8,33
0.5,Q05,skycell-rw,0.016,0.065,262,33
0.5,Q05,pgsphere,0.009,0.015,5,33
0.5,Q05,pgsphere,0.008,0.013,5,31
0.5,Q05,skycell-rw,0.025,0.023,11,31
0.5,Q05,skycell,0.009,0.014,11,31
0.5,Q05,skycell-rw,0.018,0.126,490,69
0.5,Q05,pgsphere,0.009,0.023,12,69
0.5,Q05,skycell,0.009,0.026,15,69
0.5,Q05,pgsphere,0.011,0.022,7,66
0.5,Q05,skycell-rw,0.017,0.141,518,66
0.5,Q05,skycell,0.01,0.031,16,66
0.5,Q05,skycell,0.021,0.017,8,37
0.5,Q05,skycell-rw,0.016,0.057,196,37
0.5,Q05,pgsphere,0.009,0.016,6,37
0.5,Q05,skycell,0.011,0.019,7,55
0.5,Q05,pgsphere,0.009,0.019,5,55
0.5,Q05,skycell-rw,0.016,0.079,260,55
0.5,Q05,pgsphere,0.008,0.019,5,92
0.5,Q05,skycell,0.009,0.046,7,92
0.5,Q05,skycell-rw,0.016,0.085,260,92
0.5,Q05,skycell-rw,0.039,0.033,25,68
0.5,Q05,skycell,0.011,0.029,25,68
0.5,Q05,pgsphere,0.013,0.024,8,68
0.5,Q05,pgsphere,0.008,0.015,5,42
0.5,Q05,skycell-rw,0.016,0.066,214,42
0.5,Q05,skycell,0.008,0.041,7,42
0.5,Q05,skycell,0.009,0.018,8,62
0.5,Q05,pgsphere,0.012,0.018,5,62
0.5,Q05,skycell-rw,0.016,0.072,262,62
0.5,Q05,skycell-rw,0.021,0.058,262,61
0.5,Q05,skycell,0.009,0.019,11,61
0.5,Q05,pgsphere,0.009,0.019,6,61
0.5,Q05,skycell-rw,0.032,0.021,15,36
0.5,Q05,skycell,0.009,0.018,15,36
0.5,Q05,pgsphere,0.009,0.017,7,36
0.5,Q05,skycell-rw,0.016,0.072,260,31
0.5,Q05,pgsphere,0.009,0.014,5,31
0.5,Q05,skycell,0.008,0.017,7,31
0.5,Q05,pgsphere,0.009,0.015,6,56
0.5,Q05,skycell,0.01,0.02,9,56
0.5,Q05,skycell-rw,0.016,0.059,262,56
0.5,Q05,skycell,0.009,0.019,10,58
0.5,Q05,skycell-rw,0.024,0.028,10,58
0.5,Q05,pgsphere,0.022,0.024,5,58
0.5,Q05,pgsphere,0.009,0.017,5,44
0.5,Q05,skycell,0.012,0.02,7,44
0.5,Q05,skycell-rw,0.016,0.07,260,44
0.5,Q05,skycell,0.013,0.019,8,48
0.5,Q05,pgsphere,0.009,0.017,5,48
0.5,Q05,skycell-rw,0.016,0.078,262,48
0.5,Q05,skycell,0.011,0.019,9,44
0.5,Q05,skycell-rw,0.016,0.074,256,44
0.5,Q05,pgsphere,0.013,0.026,6,44
0.5,Q05,skycell-rw,0.019,0.089,260,56
0.5,Q05,pgsphere,0.009,0.02,6,56
0.5,Q05,skycell,0.009,0.068,8,56
0.5,Q05,skycell-rw,0.021,0.223,734,83
0.5,Q05,pgsphere,0.009,0.023,8,83
0.5,Q05,skycell,0.009,0.039,22,83
0.5,Q05,skycell,0.009,0.021,20,49
0.5,Q05,skycell-rw,0.036,0.027,21,49
0.5,Q05,pgsphere,0.009,0.018,6,49
0.5,Q05,skycell,0.01,0.019,9,80
0.5,Q05,skycell-rw,0.016,0.093,262,80
0.5,Q05,pgsphere,0.009,0.021,6,80
0.5,Q05,skycell,0.011,0.047,26,41
0.5,Q05,skycell-rw,0.022,0.295,1134,41
0.5,Q05,pgsphere,0.009,0.018,6,41
0.5,Q05,skycell-rw,0.024,0.026,10,47
0.5,Q05,pgsphere,0.009,0.017,5,47
0.5,Q05,skycell,0.009,0.029,10,47
0.5,Q05,pgsphere,0.009,0.015,5,45
0.5,Q05,skycell,0.009,0.021,16,45
0.5,Q05,skycell-rw,0.039,0.027,16,45
0.5,Q05,pgsphere,0.011,0.018,5,47
0.5,Q05,skycell,0.009,0.019,10,47
0.5,Q05,skycell-rw,0.023,0.022,10,47
0.5,Q05,pgsphere,0.009,0.017,6,49
0.5,Q05,skycell,0.009,0.02,20,49
0.5,Q05,skycell-rw,0.03,0.025,21,49
0.5,Q05,skycell-rw,0.016,0.077,256,44
0.5,Q05,pgsphere,0.009,0.017,6,44
0.5,Q05,skycell,0.009,0.065,9,44
0.5,Q05,skycell-rw,0.016,0.073,266,62
0.5,Q05,skycell,0.008,0.02,11,62
0.5,Q05,pgsphere,0.009,0.017,5,62
0.5,Q05,skycell,0.019,0.019,7,31
0.5,Q05,skycell-rw,0.016,0.072,260,31
0.5,Q05,pgsphere,0.009,0.014,5,31
0.5,Q05,skycell,0.013,0.023,16,45
0.5,Q05,pgsphere,0.009,0.015,5,45
0.5,Q05,skycell-rw,0.032,0.023,16,45
0.5,Q05,skycell,0.009,0.028,25,68
0.5,Q05,pgsphere,0.009,0.049,8,68
0.5,Q05,skycell-rw,0.037,0.031,25,68
0.5,Q05,pgsphere,0.009,0.017,6,41
0.5,Q05,skycell,0.009,0.045,26,41
0.5,Q05,skycell-rw,0.024,0.296,1134,41
0.5,Q05,skycell,0.009,0.016,8,37
0.5,Q05,pgsphere,0.009,0.015,6,37
0.5,Q05,skycell-rw,0.025,0.059,196,37
0.5,Q05,skycell-rw,0.015,0.077,262,48
0.5,Q05,skycell,0.008,0.017,8,48
0.5,Q05,pgsphere,0.009,0.017,5,48
0.5,Q05,skycell-rw,0.018,0.242,908,40
0.5,Q05,skycell,0.013,0.041,24,40
0.5,Q05,pgsphere,0.009,0.019,6,40
0.5,Q05,skycell-rw,0.018,0.078,260,55
0.5,Q05,skycell,0.008,0.018,7,55
0.5,Q05,pgsphere,0.008,0.019,5,55
0.5,Q05,skycell,0.009,0.017,11,33
0.5,Q05,skycell-rw,0.016,0.086,214,33
0.5,Q05,pgsphere,0.017,0.026,9,33
0.5,Q05,skycell,0.009,0.017,7,42
0.5,Q05,skycell-rw,0.017,0.066,214,42
0.5,Q05,pgsphere,0.009,0.016,5,42
0.5,Q05,pgsphere,0.008,0.028,15,56
0.5,Q05,skycell-rw,0.028,0.027,16,56
0.5,Q05,skycell,0.009,0.023,16,56
0.5,Q05,skycell-rw,0.018,0.081,260,56
0.5,Q05,pgsphere,0.009,0.019,6,56
0.5,Q05,skycell,0.023,0.033,8,56
0.5,Q05,skycell,0.01,0.018,15,36
0.5,Q05,pgsphere,0.009,0.017,7,36
0.5,Q05,skycell-rw,0.03,0.021,15,36
0.5,Q05,pgsphere,0.01,0.023,12,69
0.5,Q05,skycell-rw,0.018,0.124,490,69
0.5,Q05,skycell,0.013,0.027,15,69
0.5,Q05,skycell,0.009,0.019,11,61
0.5,Q05,skycell-rw,0.017,0.057,262,61
0.5,Q05,pgsphere,0.008,0.019,6,61
0.5,Q05,skycell,0.009,0.014,11,31
0.5,Q05,skycell-rw,0.035,0.025,11,31
0.5,Q05,pgsphere,0.018,0.022,5,31
0.5,Q05,skycell-rw,0.043,0.211,734,83
0.5,Q05,skycell,0.01,0.039,22,83
0.5,Q05,pgsphere,0.009,0.022,8,83
0.5,Q05,pgsphere,0.009,0.018,5,58
0.5,Q05,skycell-rw,0.033,0.023,10,58
0.5,Q05,skycell,0.009,0.019,10,58
0.5,Q05,pgsphere,0.038,0.019,5,62
0.5,Q05,skycell-rw,0.016,0.072,262,62
0.5,Q05,skycell,0.009,0.019,8,62
0.5,Q05,pgsphere,0.009,0.016,6,56
0.5,Q05,skycell-rw,0.016,0.086,262,56
0.5,Q05,skycell,0.009,0.019,9,56
0.5,Q05,skycell,0.015,0.022,8,33
0.5,Q05,skycell-rw,0.016,0.064,262,33
0.5,Q05,pgsphere,0.009,0.015,5,33
0.5,Q05,pgsphere,0.009,0.02,5,92
0.5,Q05,skycell-rw,0.017,0.078,260,92
0.5,Q05,skycell,0.009,0.019,7,92
0.5,Q05,skycell-rw,0.015,0.116,260,44
0.5,Q05,pgsphere,0.009,0.018,5,44
0.5,Q05,skycell,0.013,0.021,7,44
0.5,Q05,skycell-rw,0.016,0.065,262,80
0.5,Q05,pgsphere,0.008,0.02,6,80
0.5,Q05,skycell,0.009,0.02,9,80
0.5,Q05,pgsphere,0.009,0.031,7,66
0.5,Q05,skycell-rw,0.016,0.141,518,66
0.5,Q05,skycell,0.012,0.033,16,66
0.5,Q05,pgsphere,0.008,0.016,5,47
0.5,Q05,skycell,0.01,0.018,11,47
0.5,Q05,skycell-rw,0.023,0.021,11,47
0.5,Q05,pgsphere,0.009,0.016,6,44
0.5,Q05,skycell-rw,0.022,0.06,256,44
0.5,Q05,skycell,0.009,0.018,9,44
0.5,Q05,pgsphere,0.009,0.017,5,47
0.5,Q05,skycell,0.009,0.018,11,47
0.5,Q05,skycell-rw,0.047,0.024,11,47
0.5,Q05,skycell,0.009,0.015,8,37
0.5,Q05,skycell-rw,0.122,0.184,196,37
0.5,Q05,pgsphere,0.017,0.024,6,37
0.5,Q05,skycell-rw,0.069,0.334,908,40
0.5,Q05,skycell,0.03,0.058,24,40
0.5,Q05,pgsphere,0.064,0.03,6,40
0.5,Q05,skycell,0.017,0.052,22,83
0.5,Q05,skycell-rw,0.023,0.241,734,83
0.5,Q05,pgsphere,0.011,0.027,8,83
0.5,Q05,skycell,0.012,0.023,8,48
0.5,Q05,skycell-rw,0.02,0.098,262,48
0.5,Q05,pgsphere,0.011,0.022,5,48
0.5,Q05,pgsphere,0.011,0.031,15,56
0.5,Q05,skycell,0.011,0.029,16,56
0.5,Q05,skycell-rw,0.03,0.033,16,56
0.5,Q05,skycell,0.025,0.035,11,33
0.5,Q05,pgsphere,0.022,0.027,9,33
0.5,Q05,skycell-rw,0.022,0.066,214,33
0.5,Q05,skycell,0.015,0.022,7,42
0.5,Q05,pgsphere,0.011,0.02,5,42
0.5,Q05,skycell-rw,0.029,0.124,214,42
0.5,Q05,skycell,0.012,0.025,8,56
0.5,Q05,pgsphere,0.011,0.024,6,56
0.5,Q05,skycell-rw,0.02,0.13,260,56
0.5,Q05,skycell-rw,0.047,0.042,25,68
0.5,Q05,pgsphere,0.011,0.03,8,68
0.5,Q05,skycell,0.012,0.037,25,68
0.5,Q05,pgsphere,0.016,0.03,7,66
0.5,Q05,skycell,0.019,0.041,16,66
0.5,Q05,skycell-rw,0.027,0.202,518,66
0.5,Q05,skycell,0.012,0.025,11,62
0.5,Q05,pgsphere,0.011,0.022,5,62
0.5,Q05,skycell-rw,0.021,0.095,266,62
0.5,Q05,pgsphere,0.011,0.021,5,47
0.5,Q05,skycell,0.013,0.025,10,47
0.5,Q05,skycell-rw,0.056,0.031,10,47
0.5,Q05,skycell-rw,0.02,0.072,262,61
0.5,Q05,skycell,0.013,0.025,11,61
0.5,Q05,pgsphere,0.012,0.025,6,61
0.5,Q05,skycell,0.012,0.023,7,31
0.5,Q05,skycell-rw,0.023,0.092,260,31
0.5,Q05,pgsphere,0.011,0.018,5,31
0.5,Q05,skycell-rw,0.03,0.022,11,31
0.5,Q05,pgsphere,0.011,0.017,5,31
0.5,Q05,skycell,0.016,0.021,11,31
0.5,Q05,skycell,0.011,0.024,10,58
0.5,Q05,pgsphere,0.011,0.022,5,58
0.5,Q05,skycell-rw,0.033,0.029,10,58
0.5,Q05,pgsphere,0.012,0.02,6,41
0.5,Q05,skycell-rw,0.023,0.396,1134,41
0.5,Q05,skycell,0.019,0.061,26,41
0.5,Q05,skycell,0.013,0.025,20,49
0.5,Q05,skycell-rw,0.046,0.034,21,49
0.5,Q05,pgsphere,0.011,0.028,6,49
0.5,Q05,skycell-rw,0.022,0.099,260,55
0.5,Q05,pgsphere,0.011,0.024,5,55
0.5,Q05,skycell,0.01,0.023,7,55
0.5,Q05,skycell,0.01,0.022,15,36
0.5,Q05,skycell-rw,0.038,0.025,15,36
0.5,Q05,pgsphere,0.011,0.022,7,36
0.5,Q05,pgsphere,0.01,0.025,5,92
0.5,Q05,skycell-rw,0.021,0.099,260,92
0.5,Q05,skycell,0.011,0.024,7,92
0.5,Q05,pgsphere,0.013,0.02,6,56
0.5,Q05,skycell,0.013,0.025,9,56
0.5,Q05,skycell-rw,0.026,0.078,262,56
0.5,Q05,skycell,0.011,0.025,16,45
0.5,Q05,pgsphere,0.011,0.019,5,45
0.5,Q05,skycell-rw,0.038,0.029,16,45
0.5,Q05,pgsphere,0.016,0.031,5,44
0.5,Q05,skycell-rw,0.04,0.098,260,44
0.5,Q05,skycell,0.013,0.024,7,44
0.5,Q05,pgsphere,0.011,0.028,12,69
0.5,Q05,skycell-rw,0.023,0.157,490,69
0.5,Q05,skycell,0.012,0.033,15,69
0.5,Q05,skycell,0.011,0.024,9,80
0.5,Q05,skycell-rw,0.02,0.084,262,80
0.5,Q05,pgsphere,0.011,0.026,6,80
0.5,Q05,skycell-rw,0.02,0.081,262,33
0.5,Q05,pgsphere,0.011,0.018,5,33
0.5,Q05,skycell,0.015,0.024,8,33
0.5,Q05,skycell,0.01,0.023,8,62
0.5,Q05,skycell-rw,0.019,0.091,262,62
0.5,Q05,pgsphere,0.011,0.02,5,62
0.5,Q06,skycell-rw,0.054,0.106,43,256
0.5,Q06,pgsphere,0.016,0.062,12,256
0.5,Q06,skycell,0.033,0.114,42,256
0.5,Q06,skycell-rw,0.061,0.094,31,128
0.5,Q06,skycell,0.112,0.058,23,128
0.5,Q06,pgsphere,0.021,0.034,5,128
0.5,Q06,pgsphere,0.014,0.208,37,990
0.5,Q06,skycell-rw,0.073,0.285,66,990
0.5,Q06,skycell,0.024,0.202,71,990
0.5,Q06,pgsphere,0.02,0.384,91,1295
0.5,Q06,skycell-rw,0.135,0.349,102,1295
0.5,Q06,skycell,0.022,0.247,100,1295
0.5,Q06,skycell,0.015,0.055,29,128
0.5,Q06,skycell-rw,0.067,0.097,37,128
0.5,Q06,pgsphere,0.02,0.051,5,128
0.5,Q06,pgsphere,0.013,0.061,11,256
0.5,Q06,skycell,0.016,0.086,38,256
0.5,Q06,skycell-rw,0.042,0.135,32,256
0.5,Q06,pgsphere,0.052,0.978,223,3109
0.5,Q06,skycell,0.047,0.828,282,3109
0.5,Q06,skycell-rw,0.169,0.908,283,3109
0.5,Q06,skycell-rw,0.1,0.347,122,1485
0.5,Q06,pgsphere,0.038,0.714,67,1485
0.5,Q06,skycell,0.034,0.291,117,1485
0.5,Q06,skycell,0.016,0.031,17,128
0.5,Q06,pgsphere,0.015,0.051,6,128
0.5,Q06,skycell-rw,0.141,0.183,32,128
0.5,Q06,skycell-rw,0.216,1.048,184,2448
0.5,Q06,skycell,0.03,0.892,187,2448
0.5,Q06,pgsphere,0.031,0.608,157,2448
0.5,Q06,pgsphere,0.047,0.135,12,128
0.5,Q06,skycell,0.037,0.173,34,128
0.5,Q06,skycell-rw,0.078,0.087,36,128
0.5,Q06,skycell,0.053,1.038,313,3900
0.5,Q06,skycell-rw,0.168,1.068,306,3900
0.5,Q06,pgsphere,0.075,1.39,286,3900
0.5,Q06,skycell,0.042,0.092,43,163
0.5,Q06,skycell-rw,0.1,0.112,51,163
0.5,Q06,pgsphere,0.028,0.143,11,163
0.5,Q06,skycell-rw,0.137,0.177,41,640
0.5,Q06,pgsphere,0.015,0.124,24,640
0.5,Q06,skycell,0.014,0.143,43,640
0.5,Q06,pgsphere,0.02,0.048,6,128
0.5,Q06,skycell,0.025,0.066,19,128
0.5,Q06,skycell-rw,0.052,0.121,16,128
0.5,Q06,skycell,0.022,0.083,29,256
0.5,Q06,skycell-rw,0.069,0.136,46,256
0.5,Q06,pgsphere,0.028,0.194,18,256
0.5,Q06,skycell-rw,0.133,0.144,36,384
0.5,Q06,skycell,0.013,0.109,36,384
0.5,Q06,pgsphere,0.012,0.1,23,384
0.5,Q06,skycell,0.014,0.027,13,128
0.5,Q06,skycell-rw,0.066,0.049,13,128
0.5,Q06,pgsphere,0.032,0.05,5,128
0.5,Q06,skycell,0.032,0.268,85,1020
0.5,Q06,skycell-rw,0.128,0.464,91,1020
0.5,Q06,pgsphere,0.03,0.301,47,1020
0.5,Q06,skycell,0.023,0.133,52,874
0.5,Q06,pgsphere,0.027,0.277,30,874
0.5,Q06,skycell-rw,0.109,0.217,49,874
0.5,Q06,skycell-rw,0.073,0.084,35,256
0.5,Q06,skycell,0.038,0.121,35,256
0.5,Q06,pgsphere,0.024,0.096,12,256
0.5,Q06,pgsphere,0.052,0.488,127,1370
0.5,Q06,skycell-rw,0.194,0.602,168,1370
0.5,Q06,skycell,0.059,0.666,159,1370
0.5,Q06,skycell-rw,0.169,0.601,103,1177
0.5,Q06,pgsphere,0.04,0.298,56,1177
0.5,Q06,skycell,0.029,0.508,101,1177
0.5,Q06,skycell,0.02,0.11,39,262
0.5,Q06,skycell-rw,0.061,0.1,39,262
0.5,Q06,pgsphere,0.024,0.097,20,262
0.5,Q06,skycell,0.03,0.096,43,512
0.5,Q06,pgsphere,0.016,0.317,23,512
0.5,Q06,skycell-rw,0.083,0.112,44,512
0.5,Q06,skycell-rw,0.121,0.385,138,1509
0.5,Q06,skycell,0.025,0.293,137,1509
0.5,Q06,pgsphere,0.022,0.341,104,1509
0.5,Q06,skycell-rw,0.174,0.652,223,2534
0.5,Q06,pgsphere,0.034,0.625,158,2534
0.5,Q06,skycell,0.044,0.708,229,2534
0.5,Q06,pgsphere,0.029,0.372,76,1393
0.5,Q06,skycell-rw,0.106,0.369,112,1393
0.5,Q06,skycell,0.024,0.281,115,1393
0.5,Q06,skycell-rw,0.113,0.417,123,1090
0.5,Q06,skycell,0.027,0.277,117,1090
0.5,Q06,pgsphere,0.018,0.564,84,1090
0.5,Q06,skycell,0.075,0.053,22,128
0.5,Q06,pgsphere,0.018,0.039,8,128
0.5,Q06,skycell-rw,0.034,0.04,16,128
0.5,Q06,skycell-rw,0.036,0.04,16,128
0.5,Q06,pgsphere,0.011,0.09,8,128
0.5,Q06,skycell,0.012,0.042,22,128
0.5,Q06,pgsphere,0.025,0.348,104,1509
0.5,Q06,skycell,0.017,0.33,137,1509
0.5,Q06,skycell-rw,0.099,0.335,138,1509
0.5,Q06,skycell,0.018,0.055,29,128
0.5,Q06,skycell-rw,0.049,0.097,37,128
0.5,Q06,pgsphere,0.011,0.034,5,128
0.5,Q06,pgsphere,0.02,0.592,157,2448
0.5,Q06,skycell-rw,0.15,0.758,184,2448
0.5,Q06,skycell,0.063,0.696,187,2448
0.5,Q06,skycell-rw,0.084,0.392,123,1090
0.5,Q06,pgsphere,0.02,0.35,84,1090
0.5,Q06,skycell,0.046,0.364,117,1090
0.5,Q06,skycell-rw,0.045,0.118,32,256
0.5,Q06,pgsphere,0.012,0.06,11,256
0.5,Q06,skycell,0.012,0.089,38,256
0.5,Q06,skycell-rw,0.047,0.073,36,128
0.5,Q06,skycell,0.011,0.047,34,128
0.5,Q06,pgsphere,0.012,0.064,12,128
0.5,Q06,pgsphere,0.033,0.875,223,3109
0.5,Q06,skycell,0.035,0.795,282,3109
0.5,Q06,skycell-rw,0.185,0.888,283,3109
0.5,Q06,skycell,0.048,0.414,159,1370
0.5,Q06,pgsphere,0.029,0.372,127,1370
0.5,Q06,skycell-rw,0.137,0.63,168,1370
0.5,Q06,skycell,0.041,0.651,229,2534
0.5,Q06,skycell-rw,0.193,0.666,223,2534
0.5,Q06,pgsphere,0.045,1.078,158,2534
0.5,Q06,skycell,0.019,0.053,23,128
0.5,Q06,skycell-rw,0.054,0.076,31,128
0.5,Q06,pgsphere,0.022,0.044,5,128
0.5,Q06,pgsphere,0.013,0.033,6,128
0.5,Q06,skycell,0.013,0.031,17,128
0.5,Q06,skycell-rw,0.054,0.179,32,128
0.5,Q06,skycell-rw,0.059,0.057,16,128
0.5,Q06,pgsphere,0.013,0.031,6,128
0.5,Q06,skycell,0.011,0.04,19,128
0.5,Q06,pgsphere,0.04,0.565,56,1177
0.5,Q06,skycell-rw,0.102,0.314,103,1177
0.5,Q06,skycell,0.033,0.257,101,1177
0.5,Q06,skycell,0.013,0.102,29,256
0.5,Q06,skycell-rw,0.119,0.196,46,256
0.5,Q06,pgsphere,0.014,0.104,18,256
0.5,Q06,pgsphere,0.021,0.094,11,163
0.5,Q06,skycell-rw,0.155,0.141,51,163
0.5,Q06,skycell,0.239,0.112,43,163
0.5,Q06,skycell,0.054,0.28,52,874
0.5,Q06,skycell-rw,0.106,0.162,49,874
0.5,Q06,pgsphere,0.019,0.199,30,874
0.5,Q06,skycell,0.026,0.33,115,1393
0.5,Q06,pgsphere,0.021,0.39,76,1393
0.5,Q06,skycell-rw,0.097,0.338,112,1393
0.5,Q06,pgsphere,0.019,0.127,24,640
0.5,Q06,skycell,0.012,0.097,43,640
0.5,Q06,skycell-rw,0.084,0.107,41,640
0.5,Q06,skycell,0.033,0.033,13,128
0.5,Q06,pgsphere,0.022,0.037,5,128
0.5,Q06,skycell-rw,0.039,0.029,13,128
0.5,Q06,pgsphere,0.012,0.142,23,512
0.5,Q06,skycell,0.012,0.091,43,512
0.5,Q06,skycell-rw,0.056,0.104,44,512
0.5,Q06,pgsphere,0.012,0.1,23,384
0.5,Q06,skycell,0.012,0.06,36,384
0.5,Q06,skycell-rw,0.053,0.12,36,384
0.5,Q06,pgsphere,0.019,0.235,47,1020
0.5,Q06,skycell,0.015,0.225,85,1020
0.5,Q06,skycell-rw,0.056,0.246,91,1020
0.5,Q06,skycell-rw,0.073,0.36,122,1485
0.5,Q06,skycell,0.022,0.272,117,1485
0.5,Q06,pgsphere,0.015,0.38,67,1485
0.5,Q06,skycell-rw,0.081,0.316,102,1295
0.5,Q06,skycell,0.018,0.227,100,1295
0.5,Q06,pgsphere,0.017,0.309,91,1295
0.5,Q06,skycell-rw,0.056,0.076,35,256
0.5,Q06,pgsphere,0.012,0.059,12,256
0.5,Q06,skycell,0.011,0.07,35,256
0.5,Q06,pgsphere,0.012,0.204,37,990
0.5,Q06,skycell,0.012,0.155,71,990
0.5,Q06,skycell-rw,0.063,0.17,66,990
0.5,Q06,skycell-rw,0.159,1.031,306,3900
0.5,Q06,skycell,0.047,0.939,313,3900
0.5,Q06,pgsphere,0.034,0.998,286,3900
0.5,Q06,skycell-rw,0.083,0.108,39,262
0.5,Q06,pgsphere,0.012,0.088,20,262
0.5,Q06,skycell,0.012,0.119,39,262
0.5,Q06,skycell,0.011,0.089,42,256
0.5,Q06,pgsphere,0.013,0.059,12,256
0.5,Q06,skycell-rw,0.051,0.101,43,256
0.5,Q06,skycell,0.014,0.094,39,262
0.5,Q06,pgsphere,0.012,0.13,20,262
0.5,Q06,skycell-rw,0.042,0.103,39,262
0.5,Q06,skycell,0.021,0.541,187,2448
0.5,Q06,skycell-rw,0.131,0.571,184,2448
0.5,Q06,pgsphere,0.035,0.582,157,2448
0.5,Q06,pgsphere,0.058,0.378,127,1370
0.5,Q06,skycell-rw,0.158,0.468,168,1370
0.5,Q06,skycell,0.022,0.379,159,1370
0.5,Q06,skycell,0.012,0.11,43,640
0.5,Q06,skycell-rw,0.047,0.1,41,640
0.5,Q06,pgsphere,0.013,0.125,24,640
0.5,Q06,pgsphere,0.011,0.035,8,128
0.5,Q06,skycell-rw,0.032,0.04,16,128
0.5,Q06,skycell,0.044,0.041,22,128
0.5,Q06,skycell,0.011,0.053,29,128
0.5,Q06,pgsphere,0.011,0.031,5,128
0.5,Q06,skycell-rw,0.071,0.088,37,128
0.5,Q06,pgsphere,0.014,0.151,12,128
0.5,Q06,skycell,0.025,0.056,34,128
0.5,Q06,skycell-rw,0.047,0.073,36,128
0.5,Q06,skycell,0.038,0.753,282,3109
0.5,Q06,skycell-rw,0.164,0.848,283,3109
0.5,Q06,pgsphere,0.032,0.799,223,3109
0.5,Q06,skycell,0.071,1.013,313,3900
0.5,Q06,skycell-rw,0.173,1.191,306,3900
0.5,Q06,pgsphere,0.05,1.468,286,3900
0.5,Q06,skycell-rw,0.123,0.524,103,1177
0.5,Q06,skycell,0.055,0.466,101,1177
0.5,Q06,pgsphere,0.03,0.268,56,1177
0.5,Q06,skycell-rw,0.103,0.393,123,1090
0.5,Q06,skycell,0.035,0.323,117,1090
0.5,Q06,pgsphere,0.045,0.55,84,1090
0.5,Q06,pgsphere,0.033,0.241,23,384
0.5,Q06,skycell-rw,0.062,0.08,36,384
0.5,Q06,skycell,0.021,0.066,36,384
0.5,Q06,pgsphere,0.013,0.057,11,163
0.5,Q06,skycell,0.012,0.259,43,163
0.5,Q06,skycell-rw,0.132,0.119,51,163
0.5,Q06,skycell,0.016,0.133,42,256
0.5,Q06,pgsphere,0.108,0.152,12,256
0.5,Q06,skycell-rw,0.086,0.113,43,256
0.5,Q06,skycell,0.023,0.07,29,256
0.5,Q06,pgsphere,0.042,0.196,18,256
0.5,Q06,skycell-rw,0.281,0.145,46,256
0.5,Q06,skycell-rw,0.101,0.453,122,1485
0.5,Q06,skycell,0.052,0.343,117,1485
0.5,Q06,pgsphere,0.038,0.429,67,1485
0.5,Q06,pgsphere,0.044,0.327,91,1295
0.5,Q06,skycell,0.025,0.23,100,1295
0.5,Q06,skycell-rw,0.216,0.32,102,1295
0.5,Q06,skycell-rw,0.126,0.774,138,1509
0.5,Q06,pgsphere,0.071,0.755,104,1509
0.5,Q06,skycell,0.046,0.388,137,1509
0.5,Q06,pgsphere,0.019,0.061,12,256
0.5,Q06,skycell,0.022,0.077,35,256
0.5,Q06,skycell-rw,0.095,0.143,35,256
0.5,Q06,skycell,0.018,0.087,38,256
0.5,Q06,skycell-rw,0.043,0.085,32,256
0.5,Q06,pgsphere,0.034,0.094,11,256
0.5,Q06,skycell-rw,0.069,0.287,91,1020
0.5,Q06,skycell,0.024,0.189,85,1020
0.5,Q06,pgsphere,0.017,0.243,47,1020
0.5,Q06,pgsphere,0.017,0.366,76,1393
0.5,Q06,skycell,0.02,0.278,115,1393
0.5,Q06,skycell-rw,0.089,0.286,112,1393
0.5,Q06,pgsphere,0.013,0.155,23,512
0.5,Q06,skycell,0.014,0.099,43,512
0.5,Q06,skycell-rw,0.108,0.153,44,512
0.5,Q06,pgsphere,0.013,0.031,5,128
0.5,Q06,skycell,0.013,0.045,23,128
0.5,Q06,skycell-rw,0.051,0.062,31,128
0.5,Q06,skycell,0.011,0.036,13,128
0.5,Q06,pgsphere,0.015,0.08,5,128
0.5,Q06,skycell-rw,0.234,0.055,13,128
0.5,Q06,skycell,0.023,0.163,71,990
0.5,Q06,pgsphere,0.015,0.22,37,990
0.5,Q06,skycell-rw,0.055,0.177,66,990
0.5,Q06,skycell-rw,0.03,0.044,16,128
0.5,Q06,pgsphere,0.023,0.032,6,128
0.5,Q06,skycell,0.011,0.069,19,128
0.5,Q06,pgsphere,0.016,0.165,30,874
0.5,Q06,skycell-rw,0.065,0.408,49,874
0.5,Q06,skycell,0.024,0.13,52,874
0.5,Q06,skycell,0.011,0.026,17,128
0.5,Q06,skycell-rw,0.041,0.085,32,128
0.5,Q06,pgsphere,0.02,0.045,6,128
0.5,Q06,skycell,0.044,0.697,229,2534
0.5,Q06,skycell-rw,0.133,0.624,223,2534
0.5,Q06,pgsphere,0.033,0.633,158,2534
0.5,Q07,pgsphere,0.029,0.035,5,128
0.5,Q07,skycell-rw,0.026,0.1,260,128
0.5,Q07,skycell,0.015,0.027,7,128
0.5,Q07,skycell,0.015,0.062,37,128
0.5,Q07,pgsphere,0.018,0.059,16,128
0.5,Q07,skycell-rw,0.046,0.091,36,128
0.5,Q07,skycell,0.052,0.048,7,128
0.5,Q07,pgsphere,0.047,0.045,5,128
0.5,Q07,skycell-rw,0.028,0.104,260,128
0.5,Q07,pgsphere,0.018,0.097,9,190
0.5,Q07,skycell,0.162,0.068,14,190
0.5,Q07,skycell-rw,0.046,0.177,520,190
0.5,Q07,pgsphere,0.021,0.034,5,128
0.5,Q07,skycell,0.017,0.036,17,128
0.5,Q07,skycell-rw,0.045,0.053,21,128
0.5,Q07,skycell-rw,0.026,0.105,260,128
0.5,Q07,skycell,0.015,0.027,8,128
0.5,Q07,pgsphere,0.015,0.033,6,128
0.5,Q07,pgsphere,0.025,0.053,9,159
0.5,Q07,skycell-rw,0.057,0.071,29,159
0.5,Q07,skycell,0.06,0.062,32,159
0.5,Q07,skycell-rw,0.038,0.029,11,128
0.5,Q07,skycell,0.015,0.027,11,128
0.5,Q07,pgsphere,0.014,0.034,5,128
0.5,Q07,skycell,0.041,0.144,32,205
0.5,Q07,skycell-rw,0.032,0.4,1152,205
0.5,Q07,pgsphere,0.016,0.064,16,205
0.5,Q07,pgsphere,0.014,0.064,22,128
0.5,Q07,skycell,0.02,0.082,35,128
0.5,Q07,skycell-rw,0.04,0.086,35,128
0.5,Q07,skycell-rw,0.054,0.093,41,173
0.5,Q07,pgsphere,0.021,0.065,14,173
0.5,Q07,skycell,0.015,0.063,32,173
0.5,Q07,skycell-rw,0.038,0.074,40,128
0.5,Q07,pgsphere,0.015,0.08,28,128
0.5,Q07,skycell,0.015,0.075,40,128
0.5,Q07,pgsphere,0.021,0.03,5,0
0.5,Q07,skycell-rw,0.033,0.095,260,0
0.5,Q07,skycell,0.015,0.019,7,0
0.5,Q07,pgsphere,0.018,0.03,6,0
0.5,Q07,skycell-rw,0.027,0.103,260,0
0.5,Q07,skycell,0.016,0.02,8,0
0.5,Q07,pgsphere,0.014,0.027,6,0
0.5,Q07,skycell,0.019,0.022,9,0
0.5,Q07,skycell-rw,0.032,0.08,262,0
0.5,Q07,skycell,0.021,0.039,14,128
0.5,Q07,skycell-rw,0.063,0.085,14,128
0.5,Q07,pgsphere,0.024,0.202,5,128
0.5,Q07,skycell-rw,0.066,0.076,46,207
0.5,Q07,pgsphere,0.021,0.066,21,207
0.5,Q07,skycell,0.04,0.189,47,207
0.5,Q07,pgsphere,0.018,0.032,5,128
0.5,Q07,skycell,0.017,0.027,8,128
0.5,Q07,skycell-rw,0.094,0.119,262,128
0.5,Q07,pgsphere,0.024,0.037,5,128
0.5,Q07,skycell,0.016,0.028,11,128
0.5,Q07,skycell-rw,0.039,0.03,11,128
0.5,Q07,pgsphere,0.022,0.059,11,254
0.5,Q07,skycell-rw,0.076,0.062,28,254
0.5,Q07,skycell,0.021,0.054,28,254
0.5,Q07,skycell,0.016,0.039,15,128
0.5,Q07,skycell-rw,0.07,0.071,15,128
0.5,Q07,pgsphere,0.05,0.052,6,128
0.5,Q07,skycell,0.024,0.047,39,140
0.5,Q07,skycell-rw,0.059,0.049,38,140
0.5,Q07,pgsphere,0.018,0.056,18,140
0.5,Q07,pgsphere,0.015,0.033,6,128
0.5,Q07,skycell,0.015,0.042,22,128
0.5,Q07,skycell-rw,0.083,0.067,22,128
0.5,Q07,skycell,0.018,0.027,8,128
0.5,Q07,skycell-rw,0.053,0.201,15,128
0.5,Q07,pgsphere,0.017,0.076,5,128
0.5,Q07,skycell-rw,0.049,0.111,52,259
0.5,Q07,pgsphere,0.034,0.106,36,259
0.5,Q07,skycell,0.02,0.137,51,259
0.5,Q07,skycell-rw,0.057,0.134,260,128
0.5,Q07,skycell,0.024,0.028,7,128
0.5,Q07,pgsphere,0.015,0.034,5,128
0.5,Q07,skycell-rw,0.054,0.03,17,0
0.5,Q07,skycell,0.017,0.022,17,0
0.5,Q07,pgsphere,0.015,0.029,5,0
0.5,Q07,skycell,0.02,0.075,28,42
0.5,Q07,skycell-rw,0.029,0.445,1270,42
0.5,Q07,pgsphere,0.025,0.062,18,42
0.5,Q07,pgsphere,0.016,0.048,11,16
0.5,Q07,skycell-rw,0.045,0.042,19,16
0.5,Q07,skycell,0.018,0.037,19,16
0.5,Q07,pgsphere,0.015,0.031,5,128
0.5,Q07,skycell,0.015,0.027,10,128
0.5,Q07,skycell-rw,0.036,0.056,10,128
0.5,Q07,skycell,0.015,0.026,7,128
0.5,Q07,skycell-rw,0.036,0.104,260,128
0.5,Q07,pgsphere,0.017,0.033,5,128
0.5,Q07,skycell,0.023,0.046,39,140
0.5,Q07,pgsphere,0.017,0.055,18,140
0.5,Q07,skycell-rw,0.054,0.047,38,140
0.5,Q07,pgsphere,0.015,0.039,6,0
0.5,Q07,skycell,0.021,0.022,9,0
0.5,Q07,skycell-rw,0.026,0.077,262,0
0.5,Q07,pgsphere,0.015,0.031,5,128
0.5,Q07,skycell,0.014,0.027,7,128
0.5,Q07,skycell-rw,0.025,0.101,260,128
0.5,Q07,skycell,0.015,0.08,47,207
0.5,Q07,skycell-rw,0.063,0.072,46,207
0.5,Q07,pgsphere,0.016,0.074,21,207
0.5,Q07,skycell-rw,0.028,0.095,260,128
0.5,Q07,skycell,0.014,0.026,7,128
0.5,Q07,pgsphere,0.028,0.034,5,128
0.5,Q07,pgsphere,0.019,0.032,5,128
0.5,Q07,skycell,0.014,0.027,14,128
0.5,Q07,skycell-rw,0.042,0.03,14,128
0.5,Q07,skycell-rw,0.033,0.596,1152,205
0.5,Q07,skycell,0.03,0.09,32,205
0.5,Q07,pgsphere,0.021,0.068,16,205
0.5,Q07,pgsphere,0.015,0.032,6,128
0.5,Q07,skycell,0.014,0.029,15,128
0.5,Q07,skycell-rw,0.044,0.032,15,128
0.5,Q07,skycell,0.024,0.059,28,254
0.5,Q07,pgsphere,0.016,0.112,11,254
0.5,Q07,skycell-rw,0.063,0.059,28,254
0.5,Q07,skycell,0.04,0.045,8,128
0.5,Q07,pgsphere,0.03,0.049,5,128
0.5,Q07,skycell-rw,0.093,0.053,15,128
0.5,Q07,pgsphere,0.018,0.057,16,128
0.5,Q07,skycell-rw,0.073,0.091,36,128
0.5,Q07,skycell,0.015,0.062,37,128
0.5,Q07,skycell-rw,0.036,0.029,10,128
0.5,Q07,pgsphere,0.016,0.045,5,128
0.5,Q07,skycell,0.018,0.036,10,128
0.5,Q07,skycell-rw,0.072,0.13,52,259
0.5,Q07,pgsphere,0.019,0.142,36,259
0.5,Q07,skycell,0.017,0.1,51,259
0.5,Q07,pgsphere,0.015,0.032,5,128
0.5,Q07,skycell,0.015,0.027,11,128
0.5,Q07,skycell-rw,0.036,0.028,11,128
0.5,Q07,skycell,0.016,0.027,8,128
0.5,Q07,pgsphere,0.027,0.036,6,128
0.5,Q07,skycell-rw,0.026,0.116,260,128
0.5,Q07,skycell-rw,0.06,0.046,21,128
0.5,Q07,skycell,0.015,0.035,17,128
0.5,Q07,pgsphere,0.015,0.058,5,128
0.5,Q07,pgsphere,0.015,0.053,9,190
0.5,Q07,skycell-rw,0.028,0.198,520,190
0.5,Q07,skycell,0.015,0.044,14,190
0.5,Q07,skycell-rw,0.024,0.1,260,0
0.5,Q07,skycell,0.041,0.021,7,0
0.5,Q07,pgsphere,0.015,0.028,5,0
0.5,Q07,pgsphere,0.014,0.049,9,159
0.5,Q07,skycell-rw,0.054,0.105,29,159
0.5,Q07,skycell,0.017,0.057,32,159
0.5,Q07,skycell-rw,0.063,0.03,17,0
0.5,Q07,skycell,0.02,0.03,17,0
0.5,Q07,pgsphere,0.027,0.031,5,0
0.5,Q07,pgsphere,0.033,0.105,18,42
0.5,Q07,skycell-rw,0.033,0.437,1270,42
0.5,Q07,skycell,0.016,0.07,28,42
0.5,Q07,skycell,0.021,0.039,19,16
0.5,Q07,skycell-rw,0.045,0.041,19,16
0.5,Q07,pgsphere,0.016,0.046,11,16
0.5,Q07,skycell,0.021,0.307,11,128
0.5,Q07,pgsphere,0.076,0.046,5,128
0.5,Q07,skycell-rw,0.039,0.03,11,128
0.5,Q07,skycell-rw,0.054,0.082,40,128
0.5,Q07,skycell,0.027,0.066,40,128
0.5,Q07,pgsphere,0.053,0.096,28,128
0.5,Q07,skycell-rw,0.072,0.104,41,173
0.5,Q07,pgsphere,0.027,0.062,14,173
0.5,Q07,skycell,0.018,0.062,32,173
0.5,Q07,skycell,0.015,0.04,22,128
0.5,Q07,skycell-rw,0.054,0.045,22,128
0.5,Q07,pgsphere,0.019,0.034,6,128
0.5,Q07,skycell,0.03,0.028,8,0
0.5,Q07,pgsphere,0.015,0.028,6,0
0.5,Q07,skycell-rw,0.025,0.109,260,0
0.5,Q07,skycell-rw,0.046,0.093,35,128
0.5,Q07,pgsphere,0.02,0.067,22,128
0.5,Q07,skycell,0.061,0.091,35,128
0.5,Q07,skycell,0.029,0.326,8,128
0.5,Q07,skycell-rw,0.033,0.129,262,128
0.5,Q07,pgsphere,0.022,0.034,5,128
0.5,Q07,skycell-rw,0.075,0.042,15,128
0.5,Q07,pgsphere,0.024,0.035,6,128
0.5,Q07,skycell,0.016,0.029,15,128
0.5,Q07,pgsphere,0.019,0.035,5,128
0.5,Q07,skycell-rw,0.028,0.096,260,128
0.5,Q07,skycell,0.016,0.027,7,128
0.5,Q07,skycell,0.02,0.227,39,140
0.5,Q07,pgsphere,0.017,0.056,18,140
0.5,Q07,skycell-rw,0.055,0.103,38,140
0.5,Q07,pgsphere,0.026,0.16,18,42
0.5,Q07,skycell-rw,0.054,0.464,1270,42
0.5,Q07,skycell,0.022,0.072,28,42
0.5,Q07,skycell,0.015,0.019,7,0
0.5,Q07,skycell-rw,0.025,0.092,260,0
0.5,Q07,pgsphere,0.016,0.028,5,0
0.5,Q07,skycell-rw,0.025,0.173,520,190
0.5,Q07,pgsphere,0.015,0.063,9,190
0.5,Q07,skycell,0.021,0.046,14,190
0.5,Q07,skycell,0.015,0.021,17,0
0.5,Q07,skycell-rw,0.052,0.027,17,0
0.5,Q07,pgsphere,0.015,0.029,5,0
0.5,Q07,skycell-rw,0.214,0.114,40,128
0.5,Q07,skycell,0.018,0.065,40,128
0.5,Q07,pgsphere,0.018,0.074,28,128
0.5,Q07,skycell-rw,0.051,0.032,14,128
0.5,Q07,pgsphere,0.019,0.032,5,128
0.5,Q07,skycell,0.018,0.029,14,128
0.5,Q07,pgsphere,0.015,0.111,16,205
0.5,Q07,skycell-rw,0.085,0.489,1152,205
0.5,Q07,skycell,0.036,0.095,32,205
0.5,Q07,skycell-rw,0.094,0.182,36,128
0.5,Q07,skycell,0.019,0.074,37,128
0.5,Q07,pgsphere,0.022,0.059,16,128
0.5,Q07,pgsphere,0.051,0.044,5,128
0.5,Q07,skycell-rw,0.042,0.043,15,128
0.5,Q07,skycell,0.015,0.027,8,128
0.5,Q07,skycell,0.014,0.03,8,128
0.5,Q07,pgsphere,0.015,0.032,5,128
0.5,Q07,skycell-rw,0.03,0.255,262,128
0.5,Q07,pgsphere,0.029,0.037,5,128
0.5,Q07,skycell-rw,0.038,0.042,11,128
0.5,Q07,skycell,0.016,0.028,11,128
0.5,Q07,skycell,0.026,0.046,22,128
0.5,Q07,skycell-rw,0.072,0.055,22,128
0.5,Q07,pgsphere,0.019,0.035,6,128
0.5,Q07,skycell,0.022,0.11,51,259
0.5,Q07,skycell-rw,0.05,0.111,52,259
0.5,Q07,pgsphere,0.02,0.108,36,259
0.5,Q07,skycell-rw,0.061,0.043,21,128
0.5,Q07,pgsphere,0.027,0.033,5,128
0.5,Q07,skycell,0.021,0.038,17,128
0.5,Q07,skycell,0.015,0.078,35,128
0.5,Q07,skycell-rw,0.038,0.084,35,128
0.5,Q07,pgsphere,0.016,0.07,22,128
0.5,Q07,pgsphere,0.019,0.097,11,254
0.5,Q07,skycell-rw,0.1,0.091,28,254
0.5,Q07,skycell,0.018,0.112,28,254
0.5,Q07,skycell-rw,0.032,0.157,260,128
0.5,Q07,pgsphere,0.016,0.034,6,128
0.5,Q07,skycell,0.015,0.035,8,128
0.5,Q07,skycell,0.014,0.054,7,128
0.5,Q07,skycell-rw,0.026,0.101,260,128
0.5,Q07,pgsphere,0.022,0.053,5,128
0.5,Q07,pgsphere,0.021,0.034,5,128
0.5,Q07,skycell-rw,0.037,0.029,11,128
0.5,Q07,skycell,0.089,0.046,11,128
0.5,Q07,skycell-rw,0.05,0.041,19,16
0.5,Q07,pgsphere,0.023,0.183,11,16
0.5,Q07,skycell,0.033,0.044,19,16
0.5,Q07,skycell,0.018,0.056,32,159
0.5,Q07,skycell-rw,0.057,0.077,29,159
0.5,Q07,pgsphere,0.015,0.05,9,159
0.5,Q07,skycell,0.015,0.061,32,173
0.5,Q07,skycell-rw,0.085,0.094,41,173
0.5,Q07,pgsphere,0.015,0.061,14,173
0.5,Q07,skycell,0.018,0.069,7,128
0.5,Q07,skycell-rw,0.038,0.155,260,128
0.5,Q07,pgsphere,0.025,0.036,5,128
0.5,Q07,skycell-rw,0.036,0.029,10,128
0.5,Q07,skycell,0.02,0.027,10,128
0.5,Q07,pgsphere,0.017,0.03,5,128
0.5,Q07,skycell,0.014,0.019,8,0
0.5,Q07,skycell-rw,0.025,0.109,260,0
0.5,Q07,pgsphere,0.019,0.029,6,0
0.5,Q07,skycell,0.022,0.076,47,207
0.5,Q07,skycell-rw,0.059,0.098,46,207
0.5,Q07,pgsphere,0.019,0.088,21,207
0.5,Q07,skycell,0.028,0.025,9,0
0.5,Q07,skycell-rw,0.026,0.076,262,0
0.5,Q07,pgsphere,0.016,0.028,6,0
0.5,Q12,skycell,0.012,0.005,3,0
0.5,Q12,skycell-rw,0.019,0.005,3,0
0.5,Q12,pgsphere,0.01,0.012,3,0
0.5,Q12,pgsphere,0.01,0.01,3,0
0.5,Q12,skycell-rw,0.02,0.005,3,0
0.5,Q12,skycell,0.011,0.004,3,0
0.5,Q12,skycell,0.01,0.004,3,0
0.5,Q12,skycell-rw,0.025,0.006,3,0
0.5,Q12,pgsphere,0.011,0.011,3,0
0.5,Q12,pgsphere,0.011,0.013,3,0
0.5,Q12,skycell-rw,0.021,0.005,3,0
0.5,Q12,skycell,0.011,0.005,3,0
0.5,Q12,skycell,0.01,0.004,3,0
0.5,Q12,skycell-rw,0.053,0.007,3,0
0.5,Q12,pgsphere,0.011,0.01,3,0
0.5,Q12,skycell,0.01,0.004,3,0
0.5,Q12,skycell-rw,0.019,0.005,3,0
0.5,Q12,pgsphere,0.011,0.01,3,0
0.5,Q12,pgsphere,0.015,0.017,4,0
0.5,Q12,skycell-rw,0.02,0.005,3,0
0.5,Q12,skycell,0.01,0.004,3,0
0.5,Q12,skycell-rw,0.019,0.007,6,0
0.5,Q12,pgsphere,0.011,0.009,3,0
0.5,Q12,skycell,0.018,0.009,6,0
0.5,Q12,skycell,0.01,0.004,3,0
0.5,Q12,pgsphere,0.016,0.012,3,0
0.5,Q12,skycell-rw,0.02,0.005,3,0
0.5,Q12,pgsphere,0.011,0.009,3,0
0.5,Q12,skycell,0.01,0.004,3,0
0.5,Q12,skycell-rw,0.019,0.005,3,0
0.5,Q12,skycell-rw,0.019,0.005,3,0
0.5,Q12,skycell,0.013,0.006,3,0
0.5,Q12,pgsphere,0.019,0.018,3,0
0.5,Q12,skycell,0.014,0.005,3,0
0.5,Q12,skycell-rw,0.02,0.005,3,0
0.5,Q12,pgsphere,0.013,0.012,3,0
0.5,Q12,skycell-rw,0.019,0.006,3,0
0.5,Q12,skycell,0.011,0.005,3,0
0.5,Q12,pgsphere,0.01,0.011,3,0
0.5,Q12,skycell-rw,0.031,0.008,3,0
0.5,Q12,skycell,0.016,0.006,3,0
0.5,Q12,pgsphere,0.012,0.013,3,0
0.5,Q12,skycell,0.015,0.007,6,0
0.5,Q12,skycell-rw,0.044,0.014,6,0
0.5,Q12,pgsphere,0.014,0.014,3,0
0.5,Q12,skycell,0.011,0.005,3,0
0.5,Q12,skycell-rw,0.027,0.007,3,0
0.5,Q12,pgsphere,0.011,0.011,3,0
0.5,Q12,skycell-rw,0.02,0.005,3,0
0.5,Q12,skycell,0.011,0.004,3,0
0.5,Q12,pgsphere,0.01,0.011,3,0
0.5,Q12,skycell,0.011,0.004,3,0
0.5,Q12,pgsphere,0.01,0.035,3,0
0.5,Q12,skycell-rw,0.02,0.005,3,0
0.5,Q12,skycell,0.01,0.004,3,0
0.5,Q12,pgsphere,0.01,0.01,3,0
0.5,Q12,skycell-rw,0.023,0.006,3,0
0.5,Q12,pgsphere,0.011,0.011,3,0
0.5,Q12,skycell-rw,0.019,0.005,3,0
0.5,Q12,skycell,0.011,0.005,3,0
0.5,Q12,skycell,0.011,0.004,3,0
0.5,Q12,pgsphere,0.012,0.009,3,0
0.5,Q12,skycell-rw,0.02,0.005,3,0
0.5,Q12,skycell,0.011,0.005,6,0
0.5,Q12,skycell-rw,0.029,0.008,6,0
0.5,Q12,pgsphere,0.018,0.02,5,0
0.5,Q12,skycell,0.011,0.005,3,0
0.5,Q12,skycell-rw,0.02,0.005,3,0
0.5,Q12,pgsphere,0.011,0.011,3,0
0.5,Q12,pgsphere,0.01,0.011,3,0
0.5,Q12,skycell,0.018,0.006,3,0
0.5,Q12,skycell-rw,0.019,0.005,3,0
0.5,Q12,skycell,0.011,0.004,3,0
0.5,Q12,pgsphere,0.01,0.009,3,0
0.5,Q12,skycell-rw,0.019,0.005,3,0
0.5,Q12,skycell-rw,0.019,0.005,3,0
0.5,Q12,skycell,0.036,0.055,3,0
0.5,Q12,pgsphere,0.017,0.018,4,0
0.5,Q12,pgsphere,0.02,0.017,3,0
0.5,Q12,skycell,0.012,0.005,3,0
0.5,Q12,skycell-rw,0.021,0.006,3,0
0.5,Q12,skycell,0.011,0.005,3,0
0.5,Q12,pgsphere,0.011,0.008,2,0
0.5,Q12,skycell-rw,0.021,0.005,3,0
0.5,Q12,pgsphere,0.011,0.011,3,0
0.5,Q12,skycell,0.01,0.004,3,0
0.5,Q12,skycell-rw,0.03,0.008,3,0
0.5,Q12,skycell-rw,0.037,0.009,6,0
0.5,Q12,skycell,0.013,0.005,6,0
0.5,Q12,pgsphere,0.011,0.013,3,0
0.5,Q12,pgsphere,0.044,0.027,4,0
0.5,Q12,skycell,0.011,0.005,3,0
0.5,Q12,skycell-rw,0.021,0.005,3,0
0.5,Q12,pgsphere,0.012,0.01,3,0
0.5,Q12,skycell-rw,0.02,0.006,3,0
0.5,Q12,skycell,0.012,0.005,3,0
0.5,Q12,pgsphere,0.01,0.009,3,0
0.5,Q12,skycell-rw,0.02,0.005,3,0
0.5,Q12,skycell,0.011,0.004,3,0
0.5,Q12,skycell-rw,0.025,0.006,3,0
0.5,Q12,skycell,0.011,0.004,3,0
0.5,Q12,pgsphere,0.011,0.01,3,0
0.5,Q12,skycell-rw,0.019,0.005,3,0
0.5,Q12,skycell,0.011,0.004,3,0
0.5,Q12,pgsphere,0.01,0.01,3,0
0.5,Q12,skycell,0.011,0.005,3,0
0.5,Q12,skycell-rw,0.019,0.005,3,0
0.5,Q12,pgsphere,0.011,0.009,3,0
0.5,Q12,skycell-rw,0.022,0.005,3,0
0.5,Q12,skycell,0.014,0.007,3,0
0.5,Q12,pgsphere,0.012,0.011,3,0
0.5,Q12,skycell-rw,0.021,0.005,3,0
0.5,Q12,skycell,0.01,0.005,3,0
0.5,Q12,pgsphere,0.012,0.011,3,0
0.5,Q12,pgsphere,0.011,0.014,4,0
0.5,Q12,skycell-rw,0.02,0.005,3,0
0.5,Q12,skycell,0.01,0.004,3,0
0.5,Q12,skycell,0.012,0.005,6,0
0.5,Q12,pgsphere,0.011,0.012,3,0
0.5,Q12,skycell-rw,0.029,0.009,6,0
0.5,Q12,pgsphere,0.01,0.016,5,0
0.5,Q12,skycell,0.01,0.005,6,0
0.5,Q12,skycell-rw,0.034,0.01,6,0
0.5,Q12,skycell-rw,0.019,0.005,3,0
0.5,Q12,skycell,0.01,0.004,3,0
0.5,Q12,pgsphere,0.01,0.009,3,0
0.5,Q12,pgsphere,0.013,0.013,3,0
0.5,Q12,skycell,0.011,0.005,3,0
0.5,Q12,skycell-rw,0.019,0.005,3,0
0.5,Q12,skycell,0.01,0.004,3,0
0.5,Q12,pgsphere,0.01,0.009,3,0
0.5,Q12,skycell-rw,0.018,0.032,3,0
0.5,Q12,skycell,0.013,0.007,6,0
0.5,Q12,skycell-rw,0.018,0.006,6,0
0.5,Q12,pgsphere,0.01,0.009,3,0
0.5,Q12,skycell,0.01,0.004,3,0
0.5,Q12,pgsphere,0.01,0.011,3,0
0.5,Q12,skycell-rw,0.019,0.005,3,0
0.5,Q12,pgsphere,0.024,0.017,3,0
0.5,Q12,skycell-rw,0.019,0.005,3,0
0.5,Q12,skycell,0.01,0.004,3,0
0.5,Q12,skycell,0.021,0.007,3,0
0.5,Q12,skycell-rw,0.027,0.007,3,0
0.5,Q12,pgsphere,0.016,0.016,3,0
0.5,Q12,pgsphere,0.01,0.011,3,0
0.5,Q12,skycell,0.012,0.005,3,0
0.5,Q12,skycell-rw,0.019,0.005,3,0
0.5,Q12,skycell,0.01,0.004,3,0
0.5,Q12,pgsphere,0.011,0.01,3,0
0.5,Q12,skycell-rw,0.018,0.005,3,0
0.5,Q12,pgsphere,0.011,0.009,3,0
0.5,Q12,skycell,0.009,0.004,3,0
0.5,Q12,skycell-rw,0.018,0.005,3,0
0.5,Q12,skycell,0.011,0.004,3,0
0.5,Q12,pgsphere,0.01,0.011,3,0
0.5,Q12,skycell-rw,0.018,0.005,3,0
0.5,Q12,pgsphere,0.01,0.011,3,0
0.5,Q12,skycell-rw,0.018,0.005,3,0
0.5,Q12,skycell,0.012,0.005,3,0
0.5,Q12,skycell,0.01,0.004,3,0
0.5,Q12,skycell-rw,0.019,0.005,3,0
0.5,Q12,pgsphere,0.01,0.011,3,0
0.5,Q12,pgsphere,0.009,0.01,3,0
0.5,Q12,skycell-rw,0.02,0.005,3,0
0.5,Q12,skycell,0.013,0.006,3,0
0.5,Q12,skycell,0.015,0.006,3,0
0.5,Q12,skycell-rw,0.035,0.007,3,0
0.5,Q12,pgsphere,0.011,0.01,3,0
0.5,Q12,skycell,0.011,0.005,3,0
0.5,Q12,skycell-rw,0.019,0.005,3,0
0.5,Q12,pgsphere,0.01,0.008,2,0
0.5,Q12,skycell,0.01,0.004,3,0
0.5,Q12,pgsphere,0.01,0.011,3,0
0.5,Q12,skycell-rw,0.022,0.005,3,0
0.5,Q12,skycell,0.01,0.004,3,0
0.5,Q12,skycell-rw,0.027,0.007,3,0
0.5,Q12,pgsphere,0.016,0.025,3,0
0.5,Q12,pgsphere,0.016,0.013,3,0
0.5,Q12,skycell,0.013,0.005,6,0
0.5,Q12,skycell-rw,0.028,0.009,6,0
0.5,Q12,skycell-rw,0.029,0.008,6,0
0.5,Q12,pgsphere,0.012,0.012,3,0
0.5,Q12,skycell,0.011,0.005,6,0
0.5,Q12,skycell,0.01,0.004,3,0
0.5,Q12,pgsphere,0.011,0.01,3,0
0.5,Q12,skycell-rw,0.019,0.005,3,0
0.5,Q12,pgsphere,0.01,0.01,3,0
0.5,Q12,skycell-rw,0.018,0.005,3,0
0.5,Q12,skycell,0.011,0.004,3,0
0.5,Q12,skycell,0.01,0.004,3,0
0.5,Q12,pgsphere,0.011,0.01,3,0
0.5,Q12,skycell-rw,0.028,0.008,3,0
0.5,Q12,pgsphere,0.01,0.011,3,0
0.5,Q12,skycell-rw,0.019,0.005,3,0
0.5,Q12,skycell,0.01,0.004,3,0
0.5,Q12,skycell,0.016,0.006,3,0
0.5,Q12,pgsphere,0.018,0.017,3,0
0.5,Q12,skycell-rw,0.019,0.005,3,0
0.5,Q12,skycell-rw,0.019,0.004,3,0
2,Q05,skycell-rw,0.033,0.046,18,133
2,Q05,skycell,0.012,0.041,22,133
2,Q05,pgsphere,0.012,0.041,12,133
2,Q05,skycell-rw,0.074,0.068,40,48
2,Q05,skycell,0.012,0.047,43,48
2,Q05,pgsphere,0.011,0.062,16,48
2,Q05,skycell-rw,0.033,0.025,11,24
2,Q05,pgsphere,0.011,0.018,5,24
2,Q05,skycell,0.011,0.02,11,24
2,Q05,pgsphere,0.013,0.051,19,168
2,Q05,skycell,0.012,0.056,19,168
2,Q05,skycell-rw,0.08,0.072,19,168
2,Q05,skycell,0.018,0.028,17,70
2,Q05,skycell-rw,0.079,0.034,17,70
2,Q05,pgsphere,0.012,0.028,6,70
2,Q05,pgsphere,0.011,0.02,6,38
2,Q05,skycell,0.018,0.036,23,38
2,Q05,skycell-rw,0.022,0.197,602,38
2,Q05,skycell,0.011,0.049,9,45
2,Q05,pgsphere,0.013,0.027,5,45
2,Q05,skycell-rw,0.025,0.09,246,45
2,Q05,skycell,0.011,0.023,7,50
2,Q05,skycell-rw,0.023,0.073,244,50
2,Q05,pgsphere,0.012,0.026,5,50
2,Q05,skycell-rw,0.055,0.09,262,63
2,Q05,pgsphere,0.011,0.028,5,63
2,Q05,skycell,0.011,0.025,8,63
2,Q05,skycell-rw,0.074,0.081,31,130
2,Q05,pgsphere,0.011,0.052,38,130
2,Q05,skycell,0.011,0.066,31,130
2,Q05,skycell,0.024,0.029,12,69
2,Q05,skycell-rw,0.048,0.047,29,69
2,Q05,pgsphere,0.015,0.036,11,69
2,Q05,skycell,0.018,0.034,12,75
2,Q05,skycell-rw,0.025,0.111,354,75
2,Q05,pgsphere,0.014,0.031,7,75
2,Q05,skycell,0.013,0.045,29,66
2,Q05,skycell-rw,0.046,0.08,29,66
2,Q05,pgsphere,0.011,0.03,14,66
2,Q05,skycell-rw,0.031,0.028,12,37
2,Q05,pgsphere,0.011,0.023,6,37
2,Q05,skycell,0.011,0.023,12,37
2,Q05,pgsphere,0.011,0.062,38,151
2,Q05,skycell,0.018,0.081,38,151
2,Q05,skycell-rw,0.032,0.067,38,151
2,Q05,pgsphere,0.012,0.024,6,37
2,Q05,skycell,0.011,0.023,12,37
2,Q05,skycell-rw,0.03,0.026,12,37
2,Q05,pgsphere,0.016,0.038,11,69
2,Q05,skycell,0.011,0.027,12,69
2,Q05,skycell-rw,0.046,0.046,29,69
2,Q05,skycell-rw,0.021,0.082,244,50
2,Q05,pgsphere,0.011,0.021,5,50
2,Q05,skycell,0.01,0.022,7,50
2,Q05,skycell-rw,0.027,0.174,502,52
2,Q05,skycell,0.012,0.036,17,52
2,Q05,pgsphere,0.025,0.03,5,52
2,Q05,skycell,0.012,0.021,11,24
2,Q05,skycell-rw,0.03,0.024,11,24
2,Q05,pgsphere,0.016,0.021,5,24
2,Q05,skycell,0.012,0.063,38,151
2,Q05,pgsphere,0.011,0.062,38,151
2,Q05,skycell-rw,0.069,0.071,38,151
2,Q05,skycell,0.012,0.048,32,120
2,Q05,pgsphere,0.011,0.051,27,120
2,Q05,skycell-rw,0.042,0.064,33,120
2,Q05,pgsphere,0.012,0.03,14,66
2,Q05,skycell,0.016,0.047,29,66
2,Q05,skycell-rw,0.047,0.048,29,66
2,Q05,skycell,0.011,0.042,16,104
2,Q05,pgsphere,0.011,0.047,12,104
2,Q05,skycell-rw,0.02,0.191,566,104
2,Q05,skycell-rw,0.025,0.1,246,45
2,Q05,skycell,0.017,0.034,9,45
2,Q05,pgsphere,0.016,0.027,5,45
2,Q05,skycell-rw,0.096,0.054,28,49
2,Q05,skycell,0.011,0.028,21,49
2,Q05,pgsphere,0.014,0.031,13,49
2,Q05,skycell-rw,0.021,0.168,520,60
2,Q05,skycell,0.012,0.036,14,60
2,Q05,pgsphere,0.011,0.03,11,60
2,Q05,skycell,0.011,0.041,29,66
2,Q05,skycell-rw,0.03,0.073,29,66
2,Q05,pgsphere,0.012,0.036,26,66
2,Q05,skycell,0.016,0.021,8,45
2,Q05,skycell-rw,0.02,0.117,222,45
2,Q05,pgsphere,0.013,0.025,6,45
2,Q05,pgsphere,0.011,0.046,27,74
2,Q05,skycell-rw,0.038,0.075,28,74
2,Q05,skycell,0.012,0.041,28,74
2,Q05,skycell-rw,0.02,0.086,262,63
2,Q05,pgsphere,0.015,0.03,5,63
2,Q05,skycell,0.012,0.025,8,63
2,Q05,skycell,0.011,0.052,43,48
2,Q05,pgsphere,0.016,0.035,16,48
2,Q05,skycell-rw,0.048,0.051,40,48
2,Q05,pgsphere,0.011,0.044,24,108
2,Q05,skycell-rw,0.041,0.097,28,108
2,Q05,skycell,0.012,0.047,27,108
2,Q05,skycell,0.014,0.041,22,133
2,Q05,skycell-rw,0.03,0.042,18,133
2,Q05,pgsphere,0.011,0.04,12,133
2,Q05,skycell,0.014,0.018,10,21
2,Q05,skycell-rw,0.029,0.02,10,21
2,Q05,pgsphere,0.011,0.018,5,21
2,Q05,skycell-rw,0.039,0.076,31,130
2,Q05,skycell,0.011,0.064,31,130
2,Q05,pgsphere,0.011,0.052,38,130
2,Q05,pgsphere,0.014,0.027,6,70
2,Q05,skycell-rw,0.057,0.035,17,70
2,Q05,skycell,0.011,0.026,17,70
2,Q05,pgsphere,0.012,0.022,5,54
2,Q05,skycell-rw,0.02,0.089,262,54
2,Q05,skycell,0.011,0.023,8,54
2,Q05,pgsphere,0.015,0.051,19,168
2,Q05,skycell-rw,0.03,0.061,19,168
2,Q05,skycell,0.011,0.055,19,168
2,Q05,skycell,0.016,0.024,12,30
2,Q05,skycell-rw,0.02,0.087,278,30
2,Q05,pgsphere,0.011,0.025,8,30
2,Q05,pgsphere,0.011,0.052,5,92
2,Q05,skycell-rw,0.029,0.17,510,92
2,Q05,skycell,0.011,0.027,16,92
2,Q05,skycell-rw,0.023,0.2,602,38
2,Q05,pgsphere,0.011,0.021,6,38
2,Q05,skycell,0.01,0.032,23,38
2,Q05,skycell-rw,0.023,0.112,354,75
2,Q05,pgsphere,0.011,0.029,7,75
2,Q05,skycell,0.01,0.03,12,75
2,Q05,pgsphere,0.011,0.037,12,61
2,Q05,skycell-rw,0.02,0.208,646,61
2,Q05,skycell,0.012,0.049,24,61
2,Q05,pgsphere,0.016,0.023,5,46
2,Q05,skycell,0.011,0.023,10,46
2,Q05,skycell-rw,0.061,0.029,10,46
2,Q05,pgsphere,0.012,0.021,5,50
2,Q05,skycell-rw,0.02,0.071,244,50
2,Q05,skycell,0.016,0.025,7,50
2,Q05,pgsphere,0.012,0.023,5,46
2,Q05,skycell,0.011,0.022,10,46
2,Q05,skycell-rw,0.029,0.025,10,46
2,Q05,skycell,0.011,0.044,16,104
2,Q05,skycell-rw,0.02,0.187,566,104
2,Q05,pgsphere,0.016,0.04,12,104
2,Q05,skycell-rw,0.095,0.048,28,49
2,Q05,skycell,0.011,0.028,21,49
2,Q05,pgsphere,0.012,0.03,13,49
2,Q05,skycell,0.011,0.065,31,130
2,Q05,skycell-rw,0.029,0.065,31,130
2,Q05,pgsphere,0.014,0.053,38,130
2,Q05,skycell,0.011,0.023,9,45
2,Q05,skycell-rw,0.02,0.09,246,45
2,Q05,pgsphere,0.012,0.026,5,45
2,Q05,pgsphere,0.011,0.046,27,74
2,Q05,skycell,0.011,0.041,28,74
2,Q05,skycell-rw,0.045,0.046,28,74
2,Q05,skycell,0.011,0.041,29,66
2,Q05,pgsphere,0.011,0.036,26,66
2,Q05,skycell-rw,0.041,0.046,29,66
2,Q05,skycell,0.011,0.022,8,45
2,Q05,pgsphere,0.011,0.024,6,45
2,Q05,skycell-rw,0.026,0.103,222,45
2,Q05,skycell,0.011,0.024,8,63
2,Q05,pgsphere,0.011,0.028,5,63
2,Q05,skycell-rw,0.026,0.089,262,63
2,Q05,skycell-rw,0.038,0.052,33,120
2,Q05,pgsphere,0.011,0.052,27,120
2,Q05,skycell,0.014,0.048,32,120
2,Q05,pgsphere,0.012,0.029,12,61
2,Q05,skycell,0.011,0.049,24,61
2,Q05,skycell-rw,0.023,0.21,646,61
2,Q05,skycell,0.011,0.036,17,52
2,Q05,pgsphere,0.014,0.023,5,52
2,Q05,skycell-rw,0.02,0.159,502,52
2,Q05,pgsphere,0.011,0.023,6,37
2,Q05,skycell,0.011,0.023,12,37
2,Q05,skycell-rw,0.029,0.026,12,37
2,Q05,skycell-rw,0.028,0.042,18,133
2,Q05,skycell,0.011,0.052,22,133
2,Q05,pgsphere,0.016,0.041,12,133
2,Q05,skycell,0.011,0.02,11,24
2,Q05,skycell-rw,0.038,0.026,11,24
2,Q05,pgsphere,0.011,0.017,5,24
2,Q05,skycell-rw,0.029,0.02,10,21
2,Q05,pgsphere,0.011,0.045,5,21
2,Q05,skycell,0.014,0.019,10,21
2,Q05,skycell,0.01,0.026,17,70
2,Q05,pgsphere,0.011,0.027,6,70
2,Q05,skycell-rw,0.045,0.058,17,70
2,Q05,pgsphere,0.012,0.03,14,66
2,Q05,skycell-rw,0.045,0.048,29,66
2,Q05,skycell,0.013,0.044,29,66
2,Q05,skycell,0.011,0.027,12,69
2,Q05,skycell-rw,0.046,0.072,29,69
2,Q05,pgsphere,0.012,0.034,11,69
2,Q05,skycell-rw,0.021,0.203,520,60
2,Q05,pgsphere,0.011,0.03,11,60
2,Q05,skycell,0.011,0.036,14,60
2,Q05,skycell,0.01,0.047,43,48
2,Q05,skycell-rw,0.049,0.051,40,48
2,Q05,pgsphere,0.012,0.031,16,48
2,Q05,pgsphere,0.011,0.028,5,92
2,Q05,skycell-rw,0.029,0.169,510,92
2,Q05,skycell,0.011,0.027,16,92
2,Q05,pgsphere,0.011,0.064,19,168
2,Q05,skycell,0.011,0.055,19,168
2,Q05,skycell-rw,0.03,0.061,19,168
2,Q05,skycell,0.013,0.065,38,151
2,Q05,pgsphere,0.012,0.063,38,151
2,Q05,skycell-rw,0.058,0.07,38,151
2,Q05,pgsphere,0.012,0.022,6,38
2,Q05,skycell-rw,0.02,0.225,602,38
2,Q05,skycell,0.012,0.031,23,38
2,Q05,pgsphere,0.012,0.045,24,108
2,Q05,skycell-rw,0.073,0.061,28,108
2,Q05,skycell,0.011,0.047,27,108
2,Q05,skycell,0.011,0.029,12,75
2,Q05,skycell-rw,0.038,0.16,354,75
2,Q05,pgsphere,0.013,0.03,7,75
2,Q05,skycell-rw,0.033,0.093,278,30
2,Q05,pgsphere,0.012,0.027,8,30
2,Q05,skycell,0.013,0.026,12,30
2,Q05,skycell,0.016,0.027,8,54
2,Q05,skycell-rw,0.022,0.089,262,54
2,Q05,pgsphere,0.012,0.022,5,54
2,Q06,skycell-rw,0.066,0.239,71,753
2,Q06,pgsphere,0.013,0.17,30,753
2,Q06,skycell,0.015,0.177,68,753
2,Q06,skycell-rw,0.08,0.224,70,640
2,Q06,skycell,0.026,0.129,62,640
2,Q06,pgsphere,0.012,0.155,26,640
2,Q06,pgsphere,0.02,0.764,194,3384
2,Q06,skycell-rw,0.138,0.722,214,3384
2,Q06,skycell,0.035,0.702,223,3384
2,Q06,pgsphere,0.037,1.128,359,4510
2,Q06,skycell-rw,0.129,1.062,305,4510
2,Q06,skycell,0.039,1.02,303,4510
2,Q06,skycell,0.019,0.078,48,384
2,Q06,skycell-rw,0.068,0.103,48,384
2,Q06,pgsphere,0.017,0.089,16,384
2,Q06,pgsphere,0.017,0.158,34,446
2,Q06,skycell,0.053,0.213,92,446
2,Q06,skycell-rw,0.102,0.18,95,446
2,Q06,pgsphere,0.042,4.933,2262,17481
2,Q06,skycell,0.047,4.631,1196,17481
2,Q06,skycell-rw,0.224,4.368,1196,17481
2,Q06,skycell-rw,0.176,1.331,368,5078
2,Q06,pgsphere,0.036,1.314,435,5078
2,Q06,skycell,0.037,1.225,375,5078
2,Q06,skycell,0.031,0.032,20,128
2,Q06,pgsphere,0.012,0.032,5,128
2,Q06,skycell-rw,0.048,0.044,30,128
2,Q06,skycell-rw,0.175,2.624,660,10634
2,Q06,skycell,0.043,2.325,663,10634
2,Q06,pgsphere,0.067,2.784,1156,10634
2,Q06,pgsphere,0.022,0.207,40,640
2,Q06,skycell,0.035,0.148,68,640
2,Q06,skycell-rw,0.064,0.175,66,640
2,Q06,skycell,0.046,4.691,1216,18444
2,Q06,skycell-rw,0.182,4.384,1216,18444
2,Q06,pgsphere,0.042,4.834,2245,18444
2,Q06,skycell,0.072,0.333,138,1422
2,Q06,skycell-rw,0.117,0.342,137,1422
2,Q06,pgsphere,0.024,0.274,66,1422
2,Q06,skycell-rw,0.122,0.39,131,1767
2,Q06,pgsphere,0.024,0.459,94,1767
2,Q06,skycell,0.023,0.358,139,1767
2,Q06,pgsphere,0.013,0.035,6,128
2,Q06,skycell,0.013,0.069,37,128
2,Q06,skycell-rw,0.042,0.083,35,128
2,Q06,skycell,0.021,0.135,55,261
2,Q06,skycell-rw,0.062,0.125,55,261
2,Q06,pgsphere,0.019,0.191,47,261
2,Q06,skycell-rw,0.08,0.237,99,911
2,Q06,skycell,0.013,0.194,98,911
2,Q06,pgsphere,0.016,0.351,93,911
2,Q06,skycell,0.016,0.099,28,256
2,Q06,skycell-rw,0.04,0.065,29,256
2,Q06,pgsphere,0.013,0.051,12,256
2,Q06,skycell,0.041,0.837,256,3780
2,Q06,skycell-rw,0.139,0.848,258,3780
2,Q06,pgsphere,0.033,0.985,221,3780
2,Q06,skycell,0.037,0.557,208,2527
2,Q06,pgsphere,0.027,0.613,188,2527
2,Q06,skycell-rw,0.126,0.767,201,2527
2,Q06,skycell-rw,0.083,0.427,131,1535
2,Q06,skycell,0.041,0.286,126,1535
2,Q06,pgsphere,0.02,0.362,96,1535
2,Q06,pgsphere,0.037,1.898,752,7126
2,Q06,skycell-rw,0.169,2.004,537,7126
2,Q06,skycell,0.046,1.781,532,7126
2,Q06,skycell-rw,0.144,1.277,361,4937
2,Q06,pgsphere,0.038,1.172,377,4937
2,Q06,skycell,0.039,1.111,362,4937
2,Q06,skycell,0.037,0.174,69,646
2,Q06,skycell-rw,0.09,0.193,69,646
2,Q06,pgsphere,0.013,0.189,36,646
2,Q06,skycell,0.019,0.27,111,1054
2,Q06,pgsphere,0.013,0.356,88,1054
2,Q06,skycell-rw,0.083,0.269,102,1054
2,Q06,skycell-rw,0.196,1.344,384,5025
2,Q06,skycell,0.041,1.251,380,5025
2,Q06,pgsphere,0.04,1.294,475,5025
2,Q06,skycell-rw,0.177,2.515,656,9024
2,Q06,pgsphere,0.043,2.558,1019,9024
2,Q06,skycell,0.044,2.302,659,9024
2,Q06,pgsphere,0.036,1.484,430,4830
2,Q06,skycell-rw,0.178,1.166,343,4830
2,Q06,skycell,0.068,1.038,344,4830
2,Q06,skycell-rw,0.152,1.369,381,3893
2,Q06,skycell,0.044,1.15,376,3893
2,Q06,pgsphere,0.072,1.236,339,3893
2,Q06,skycell,0.02,0.204,52,434
2,Q06,pgsphere,0.014,0.134,32,434
2,Q06,skycell-rw,0.063,0.134,49,434
2,Q06,skycell-rw,0.053,0.151,49,434
2,Q06,pgsphere,0.013,0.135,32,434
2,Q06,skycell,0.015,0.126,52,434
2,Q06,pgsphere,0.06,1.318,475,5025
2,Q06,skycell,0.038,1.191,380,5025
2,Q06,skycell-rw,0.235,1.221,384,5025
2,Q06,skycell,0.02,0.08,48,384
2,Q06,skycell-rw,0.062,0.115,48,384
2,Q06,pgsphere,0.014,0.085,16,384
2,Q06,pgsphere,0.038,2.81,1156,10634
2,Q06,skycell-rw,0.214,2.516,660,10634
2,Q06,skycell,0.041,2.353,663,10634
2,Q06,skycell-rw,0.158,1.357,381,3893
2,Q06,pgsphere,0.041,1.251,339,3893
2,Q06,skycell,0.043,1.107,376,3893
2,Q06,skycell-rw,0.113,0.255,95,446
2,Q06,pgsphere,0.018,0.158,34,446
2,Q06,skycell,0.014,0.177,92,446
2,Q06,skycell-rw,0.065,0.154,66,640
2,Q06,skycell,0.012,0.136,68,640
2,Q06,pgsphere,0.018,0.214,40,640
2,Q06,pgsphere,0.047,4.84,2262,17481
2,Q06,skycell,0.045,5.211,1196,17481
2,Q06,skycell-rw,0.236,4.326,1196,17481
2,Q06,skycell,0.043,1.879,532,7126
2,Q06,pgsphere,0.039,1.843,752,7126
2,Q06,skycell-rw,0.166,1.783,537,7126
2,Q06,skycell,0.045,2.439,659,9024
2,Q06,skycell-rw,0.179,2.23,656,9024
2,Q06,pgsphere,0.04,2.4,1019,9024
2,Q06,skycell,0.016,0.127,62,640
2,Q06,skycell-rw,0.059,0.16,70,640
2,Q06,pgsphere,0.021,0.151,26,640
2,Q06,pgsphere,0.011,0.03,5,128
2,Q06,skycell,0.012,0.028,20,128
2,Q06,skycell-rw,0.068,0.046,30,128
2,Q06,skycell-rw,0.104,0.1,35,128
2,Q06,pgsphere,0.012,0.035,6,128
2,Q06,skycell,0.012,0.112,37,128
2,Q06,pgsphere,0.03,1.168,377,4937
2,Q06,skycell-rw,0.135,1.336,361,4937
2,Q06,skycell,0.042,1.119,362,4937
2,Q06,skycell,0.016,0.126,55,261
2,Q06,skycell-rw,0.068,0.127,55,261
2,Q06,pgsphere,0.019,0.203,47,261
2,Q06,pgsphere,0.015,0.321,66,1422
2,Q06,skycell-rw,0.105,0.369,137,1422
2,Q06,skycell,0.018,0.282,138,1422
2,Q06,skycell,0.031,0.567,208,2527
2,Q06,skycell-rw,0.104,0.632,201,2527
2,Q06,pgsphere,0.038,0.653,188,2527
2,Q06,skycell,0.034,1.063,344,4830
2,Q06,pgsphere,0.039,1.428,430,4830
2,Q06,skycell-rw,0.174,1.076,343,4830
2,Q06,pgsphere,0.027,0.474,94,1767
2,Q06,skycell,0.03,0.407,139,1767
2,Q06,skycell-rw,0.076,0.341,131,1767
2,Q06,skycell,0.013,0.057,28,256
2,Q06,pgsphere,0.012,0.051,12,256
2,Q06,skycell-rw,0.046,0.068,29,256
2,Q06,pgsphere,0.04,0.351,88,1054
2,Q06,skycell,0.014,0.253,111,1054
2,Q06,skycell-rw,0.081,0.265,102,1054
2,Q06,pgsphere,0.054,0.376,93,911
2,Q06,skycell,0.013,0.224,98,911
2,Q06,skycell-rw,0.073,0.221,99,911
2,Q06,pgsphere,0.03,0.94,221,3780
2,Q06,skycell,0.035,0.801,256,3780
2,Q06,skycell-rw,0.125,0.81,258,3780
2,Q06,skycell-rw,0.142,1.294,368,5078
2,Q06,skycell,0.039,1.164,375,5078
2,Q06,pgsphere,0.035,1.373,435,5078
2,Q06,skycell-rw,0.158,1.246,305,4510
2,Q06,skycell,0.037,0.959,303,4510
2,Q06,pgsphere,0.09,1.147,359,4510
2,Q06,skycell-rw,0.082,0.343,131,1535
2,Q06,pgsphere,0.016,0.375,96,1535
2,Q06,skycell,0.02,0.295,126,1535
2,Q06,pgsphere,0.025,0.733,194,3384
2,Q06,skycell,0.025,0.706,223,3384
2,Q06,skycell-rw,0.121,0.67,214,3384
2,Q06,skycell-rw,0.215,4.752,1216,18444
2,Q06,skycell,0.044,4.443,1216,18444
2,Q06,pgsphere,0.039,4.824,2245,18444
2,Q06,skycell-rw,0.087,0.191,69,646
2,Q06,pgsphere,0.012,0.164,36,646
2,Q06,skycell,0.014,0.16,69,646
2,Q06,skycell,0.043,0.192,68,753
2,Q06,pgsphere,0.027,0.178,30,753
2,Q06,skycell-rw,0.072,0.194,71,753
2,Q06,skycell,0.014,0.158,69,646
2,Q06,pgsphere,0.017,0.174,36,646
2,Q06,skycell-rw,0.048,0.177,69,646
2,Q06,skycell,0.072,2.583,663,10634
2,Q06,skycell-rw,0.174,2.339,660,10634
2,Q06,pgsphere,0.039,2.744,1156,10634
2,Q06,pgsphere,0.038,1.876,752,7126
2,Q06,skycell-rw,0.191,1.895,537,7126
2,Q06,skycell,0.041,1.784,532,7126
2,Q06,skycell,0.031,0.379,139,1767
2,Q06,skycell-rw,0.081,0.354,131,1767
2,Q06,pgsphere,0.028,0.488,94,1767
2,Q06,pgsphere,0.014,0.134,32,434
2,Q06,skycell-rw,0.064,0.138,49,434
2,Q06,skycell,0.012,0.112,52,434
2,Q06,skycell,0.014,0.077,48,384
2,Q06,pgsphere,0.011,0.084,16,384
2,Q06,skycell-rw,0.071,0.1,48,384
2,Q06,pgsphere,0.013,0.229,40,640
2,Q06,skycell,0.013,0.142,68,640
2,Q06,skycell-rw,0.071,0.159,66,640
2,Q06,skycell,0.045,4.646,1196,17481
2,Q06,skycell-rw,0.2,4.265,1196,17481
2,Q06,pgsphere,0.045,4.729,2262,17481
2,Q06,skycell,0.101,4.408,1216,18444
2,Q06,skycell-rw,0.2,4.329,1216,18444
2,Q06,pgsphere,0.04,4.73,2245,18444
2,Q06,skycell-rw,0.177,1.24,361,4937
2,Q06,skycell,0.041,1.137,362,4937
2,Q06,pgsphere,0.034,1.212,377,4937
2,Q06,skycell-rw,0.174,1.305,381,3893
2,Q06,skycell,0.049,1.082,376,3893
2,Q06,pgsphere,0.036,1.18,339,3893
2,Q06,pgsphere,0.02,0.487,93,911
2,Q06,skycell-rw,0.127,0.264,99,911
2,Q06,skycell,0.021,0.208,98,911
2,Q06,pgsphere,0.014,0.299,66,1422
2,Q06,skycell,0.013,0.309,138,1422
2,Q06,skycell-rw,0.09,0.356,137,1422
2,Q06,skycell,0.025,0.199,68,753
2,Q06,pgsphere,0.013,0.172,30,753
2,Q06,skycell-rw,0.06,0.181,71,753
2,Q06,skycell,0.015,0.123,55,261
2,Q06,pgsphere,0.012,0.215,47,261
2,Q06,skycell-rw,0.072,0.129,55,261
2,Q06,skycell-rw,0.144,1.281,368,5078
2,Q06,skycell,0.039,1.201,375,5078
2,Q06,pgsphere,0.037,1.328,435,5078
2,Q06,pgsphere,0.035,1.195,359,4510
2,Q06,skycell,0.038,1,303,4510
2,Q06,skycell-rw,0.114,0.997,305,4510
2,Q06,skycell-rw,0.228,1.411,384,5025
2,Q06,pgsphere,0.047,1.359,475,5025
2,Q06,skycell,0.041,1.202,380,5025
2,Q06,pgsphere,0.021,0.388,96,1535
2,Q06,skycell,0.016,0.3,126,1535
2,Q06,skycell-rw,0.059,0.348,131,1535
2,Q06,skycell,0.015,0.178,92,446
2,Q06,skycell-rw,0.101,0.174,95,446
2,Q06,pgsphere,0.014,0.157,34,446
2,Q06,skycell-rw,0.135,0.854,258,3780
2,Q06,skycell,0.032,0.758,256,3780
2,Q06,pgsphere,0.031,0.977,221,3780
2,Q06,pgsphere,0.037,1.425,430,4830
2,Q06,skycell,0.039,1.077,344,4830
2,Q06,skycell-rw,0.232,1.134,343,4830
2,Q06,pgsphere,0.026,0.334,88,1054
2,Q06,skycell,0.018,0.224,111,1054
2,Q06,skycell-rw,0.092,0.291,102,1054
2,Q06,pgsphere,0.018,0.147,26,640
2,Q06,skycell,0.012,0.154,62,640
2,Q06,skycell-rw,0.056,0.159,70,640
2,Q06,skycell,0.012,0.066,28,256
2,Q06,pgsphere,0.011,0.051,12,256
2,Q06,skycell-rw,0.038,0.066,29,256
2,Q06,skycell,0.03,0.656,223,3384
2,Q06,pgsphere,0.025,0.748,194,3384
2,Q06,skycell-rw,0.131,0.679,214,3384
2,Q06,skycell-rw,0.05,0.086,35,128
2,Q06,pgsphere,0.014,0.041,6,128
2,Q06,skycell,0.012,0.077,37,128
2,Q06,pgsphere,0.021,0.628,188,2527
2,Q06,skycell-rw,0.098,0.688,201,2527
2,Q06,skycell,0.026,0.561,208,2527
2,Q06,skycell,0.014,0.028,20,128
2,Q06,skycell-rw,0.056,0.046,30,128
2,Q06,pgsphere,0.012,0.031,5,128
2,Q06,skycell,0.079,2.61,659,9024
2,Q06,skycell-rw,0.165,2.268,656,9024
2,Q06,pgsphere,0.04,2.38,1019,9024
2,Q07,pgsphere,0.022,0.036,5,128
2,Q07,skycell-rw,0.034,0.198,510,128
2,Q07,skycell,0.016,0.039,15,128
2,Q07,skycell,0.015,0.095,49,363
2,Q07,pgsphere,0.018,0.156,42,363
2,Q07,skycell-rw,0.064,0.141,49,363
2,Q07,skycell,0.016,0.045,14,250
2,Q07,pgsphere,0.015,0.08,12,250
2,Q07,skycell-rw,0.029,0.183,520,250
2,Q07,pgsphere,0.015,0.126,22,443
2,Q07,skycell,0.017,0.083,27,443
2,Q07,skycell-rw,0.044,0.084,27,443
2,Q07,pgsphere,0.022,0.037,6,128
2,Q07,skycell,0.016,0.039,27,128
2,Q07,skycell-rw,0.052,0.04,24,128
2,Q07,skycell-rw,0.025,0.089,262,128
2,Q07,skycell,0.014,0.053,11,128
2,Q07,pgsphere,0.017,0.035,5,128
2,Q07,pgsphere,0.015,0.151,54,299
2,Q07,skycell-rw,0.077,0.133,65,299
2,Q07,skycell,0.021,0.131,65,299
2,Q07,skycell-rw,0.038,0.058,20,128
2,Q07,skycell,0.015,0.046,20,128
2,Q07,pgsphere,0.015,0.035,5,128
2,Q07,skycell,0.016,0.158,59,438
2,Q07,skycell-rw,0.041,0.154,67,438
2,Q07,pgsphere,0.021,0.151,44,438
2,Q07,pgsphere,0.016,0.116,50,384
2,Q07,skycell,0.023,0.119,56,384
2,Q07,skycell-rw,0.056,0.194,82,384
2,Q07,skycell-rw,0.065,0.152,81,290
2,Q07,pgsphere,0.017,0.116,46,290
2,Q07,skycell,0.022,0.123,74,290
2,Q07,skycell-rw,0.058,0.193,110,400
2,Q07,pgsphere,0.023,0.179,94,400
2,Q07,skycell,0.022,0.143,97,400
2,Q07,pgsphere,0.015,0.028,5,0
2,Q07,skycell-rw,0.041,0.484,1160,0
2,Q07,skycell,0.02,0.043,25,0
2,Q07,pgsphere,0.016,0.068,15,208
2,Q07,skycell-rw,0.071,0.266,776,208
2,Q07,skycell,0.015,0.076,17,208
2,Q07,pgsphere,0.016,0.028,5,0
2,Q07,skycell,0.014,0.02,12,0
2,Q07,skycell-rw,0.035,0.025,12,0
2,Q07,skycell,0.015,0.041,13,131
2,Q07,skycell-rw,0.024,0.169,518,131
2,Q07,pgsphere,0.025,0.043,9,131
2,Q07,skycell-rw,0.125,0.47,142,804
2,Q07,pgsphere,0.022,0.321,161,804
2,Q07,skycell,0.021,0.308,148,804
2,Q07,pgsphere,0.016,0.04,9,128
2,Q07,skycell,0.014,0.027,17,128
2,Q07,skycell-rw,0.035,0.03,14,128
2,Q07,pgsphere,0.053,0.038,5,128
2,Q07,skycell,0.015,0.029,16,128
2,Q07,skycell-rw,0.062,0.036,17,128
2,Q07,pgsphere,0.016,0.126,53,382
2,Q07,skycell-rw,0.064,0.142,55,382
2,Q07,skycell,0.016,0.098,50,382
2,Q07,skycell,0.018,0.09,64,205
2,Q07,skycell-rw,0.062,0.174,78,205
2,Q07,pgsphere,0.017,0.102,34,205
2,Q07,skycell,0.041,0.245,134,554
2,Q07,skycell-rw,0.091,0.244,130,554
2,Q07,pgsphere,0.031,0.332,150,554
2,Q07,pgsphere,0.025,0.062,13,214
2,Q07,skycell,0.017,0.062,31,214
2,Q07,skycell-rw,0.057,0.078,35,214
2,Q07,skycell,0.016,0.082,27,209
2,Q07,skycell-rw,0.047,0.081,33,209
2,Q07,pgsphere,0.015,0.056,10,209
2,Q07,skycell-rw,0.091,0.344,111,562
2,Q07,pgsphere,0.018,0.259,132,562
2,Q07,skycell,0.017,0.203,118,562
2,Q07,skycell-rw,0.028,0.198,602,128
2,Q07,skycell,0.014,0.034,20,128
2,Q07,pgsphere,0.024,0.034,6,128
2,Q07,skycell-rw,0.06,0.081,42,93
2,Q07,skycell,0.018,0.109,45,93
2,Q07,pgsphere,0.015,0.075,16,93
2,Q07,skycell,0.029,0.119,50,233
2,Q07,skycell-rw,0.045,0.142,57,233
2,Q07,pgsphere,0.016,0.128,62,233
2,Q07,pgsphere,0.014,0.072,12,134
2,Q07,skycell-rw,0.046,0.076,40,134
2,Q07,skycell,0.015,0.054,29,134
2,Q07,pgsphere,0.015,0.037,7,128
2,Q07,skycell,0.017,0.029,17,128
2,Q07,skycell-rw,0.051,0.031,17,128
2,Q07,skycell,0.015,0.043,14,250
2,Q07,skycell-rw,0.025,0.206,520,250
2,Q07,pgsphere,0.016,0.054,12,250
2,Q07,skycell,0.017,0.257,134,554
2,Q07,pgsphere,0.016,0.265,150,554
2,Q07,skycell-rw,0.092,0.246,130,554
2,Q07,pgsphere,0.016,0.028,5,0
2,Q07,skycell,0.014,0.02,12,0
2,Q07,skycell-rw,0.041,0.027,12,0
2,Q07,pgsphere,0.015,0.034,5,128
2,Q07,skycell,0.015,0.038,15,128
2,Q07,skycell-rw,0.031,0.174,510,128
2,Q07,skycell,0.021,0.431,148,804
2,Q07,skycell-rw,0.105,0.346,142,804
2,Q07,pgsphere,0.024,0.291,161,804
2,Q07,skycell-rw,0.03,0.204,602,128
2,Q07,skycell,0.014,0.033,20,128
2,Q07,pgsphere,0.014,0.034,6,128
2,Q07,pgsphere,0.015,0.041,9,131
2,Q07,skycell,0.014,0.041,13,131
2,Q07,skycell-rw,0.028,0.167,518,131
2,Q07,skycell-rw,0.039,0.185,67,438
2,Q07,skycell,0.016,0.119,59,438
2,Q07,pgsphere,0.02,0.139,44,438
2,Q07,pgsphere,0.015,0.097,34,205
2,Q07,skycell,0.015,0.117,64,205
2,Q07,skycell-rw,0.072,0.142,78,205
2,Q07,skycell,0.018,0.095,50,382
2,Q07,pgsphere,0.021,0.127,53,382
2,Q07,skycell-rw,0.054,0.121,55,382
2,Q07,skycell,0.055,0.057,27,209
2,Q07,pgsphere,0.015,0.054,10,209
2,Q07,skycell-rw,0.042,0.077,33,209
2,Q07,pgsphere,0.025,0.118,42,363
2,Q07,skycell-rw,0.059,0.133,49,363
2,Q07,skycell,0.015,0.091,49,363
2,Q07,skycell-rw,0.082,0.042,17,128
2,Q07,pgsphere,0.015,0.037,7,128
2,Q07,skycell,0.014,0.028,17,128
2,Q07,skycell-rw,0.093,0.27,111,562
2,Q07,pgsphere,0.025,0.234,132,562
2,Q07,skycell,0.024,0.207,118,562
2,Q07,pgsphere,0.014,0.065,5,128
2,Q07,skycell,0.017,0.03,16,128
2,Q07,skycell-rw,0.034,0.033,17,128
2,Q07,skycell,0.014,0.026,11,128
2,Q07,pgsphere,0.014,0.044,5,128
2,Q07,skycell-rw,0.024,0.093,262,128
2,Q07,skycell-rw,0.074,0.044,24,128
2,Q07,skycell,0.019,0.037,27,128
2,Q07,pgsphere,0.014,0.033,6,128
2,Q07,pgsphere,0.015,0.11,22,443
2,Q07,skycell-rw,0.043,0.082,27,443
2,Q07,skycell,0.015,0.088,27,443
2,Q07,skycell-rw,0.025,0.405,1160,0
2,Q07,skycell,0.014,0.04,25,0
2,Q07,pgsphere,0.014,0.027,5,0
2,Q07,pgsphere,0.017,0.191,54,299
2,Q07,skycell-rw,0.099,0.133,65,299
2,Q07,skycell,0.021,0.127,65,299
2,Q07,skycell-rw,0.07,0.09,42,93
2,Q07,skycell,0.015,0.103,45,93
2,Q07,pgsphere,0.016,0.075,16,93
2,Q07,pgsphere,0.014,0.126,62,233
2,Q07,skycell-rw,0.058,0.15,57,233
2,Q07,skycell,0.031,0.167,50,233
2,Q07,skycell,0.017,0.054,29,134
2,Q07,skycell-rw,0.064,0.075,40,134
2,Q07,pgsphere,0.015,0.072,12,134
2,Q07,skycell,0.018,0.046,20,128
2,Q07,pgsphere,0.014,0.033,5,128
2,Q07,skycell-rw,0.034,0.055,20,128
2,Q07,skycell-rw,0.072,0.218,110,400
2,Q07,skycell,0.02,0.133,97,400
2,Q07,pgsphere,0.016,0.206,94,400
2,Q07,skycell-rw,0.063,0.147,81,290
2,Q07,pgsphere,0.016,0.112,46,290
2,Q07,skycell,0.015,0.145,74,290
2,Q07,skycell,0.022,0.065,31,214
2,Q07,skycell-rw,0.057,0.118,35,214
2,Q07,pgsphere,0.019,0.058,13,214
2,Q07,skycell,0.015,0.053,17,208
2,Q07,pgsphere,0.015,0.078,15,208
2,Q07,skycell-rw,0.025,0.282,776,208
2,Q07,skycell-rw,0.059,0.171,82,384
2,Q07,pgsphere,0.019,0.159,50,384
2,Q07,skycell,0.016,0.101,56,384
2,Q07,skycell,0.017,0.028,17,128
2,Q07,skycell-rw,0.034,0.029,14,128
2,Q07,pgsphere,0.014,0.039,9,128
2,Q07,skycell-rw,0.062,0.14,78,205
2,Q07,pgsphere,0.018,0.1,34,205
2,Q07,skycell,0.015,0.087,64,205
2,Q07,pgsphere,0.021,0.037,6,128
2,Q07,skycell-rw,0.032,0.2,602,128
2,Q07,skycell,0.019,0.036,20,128
2,Q07,skycell,0.017,0.218,134,554
2,Q07,pgsphere,0.024,0.273,150,554
2,Q07,skycell-rw,0.101,0.245,130,554
2,Q07,pgsphere,0.019,0.18,62,233
2,Q07,skycell-rw,0.046,0.17,57,233
2,Q07,skycell,0.016,0.115,50,233
2,Q07,skycell,0.019,0.101,25,0
2,Q07,skycell-rw,0.031,0.408,1160,0
2,Q07,pgsphere,0.016,0.028,5,0
2,Q07,skycell-rw,0.044,0.116,27,443
2,Q07,pgsphere,0.021,0.101,22,443
2,Q07,skycell,0.015,0.104,27,443
2,Q07,skycell,0.016,0.072,45,93
2,Q07,skycell-rw,0.058,0.077,42,93
2,Q07,pgsphere,0.015,0.075,16,93
2,Q07,skycell-rw,0.081,0.239,110,400
2,Q07,skycell,0.049,0.153,97,400
2,Q07,pgsphere,0.023,0.172,94,400
2,Q07,skycell-rw,0.028,0.167,518,131
2,Q07,pgsphere,0.014,0.041,9,131
2,Q07,skycell,0.02,0.044,13,131
2,Q07,pgsphere,0.015,0.137,44,438
2,Q07,skycell-rw,0.077,0.157,67,438
2,Q07,skycell,0.016,0.12,59,438
2,Q07,skycell-rw,0.091,0.155,49,363
2,Q07,skycell,0.015,0.125,49,363
2,Q07,pgsphere,0.02,0.114,42,363
2,Q07,pgsphere,0.014,0.053,10,209
2,Q07,skycell-rw,0.052,0.082,33,209
2,Q07,skycell,0.015,0.046,27,209
2,Q07,skycell,0.015,0.027,17,128
2,Q07,pgsphere,0.014,0.039,9,128
2,Q07,skycell-rw,0.034,0.03,14,128
2,Q07,pgsphere,0.015,0.033,5,128
2,Q07,skycell-rw,0.043,0.056,20,128
2,Q07,skycell,0.014,0.074,20,128
2,Q07,skycell,0.016,0.059,31,214
2,Q07,skycell-rw,0.051,0.075,35,214
2,Q07,pgsphere,0.017,0.059,13,214
2,Q07,skycell,0.017,0.239,118,562
2,Q07,skycell-rw,0.086,0.3,111,562
2,Q07,pgsphere,0.018,0.257,132,562
2,Q07,skycell-rw,0.045,0.04,24,128
2,Q07,pgsphere,0.014,0.032,6,128
2,Q07,skycell,0.015,0.037,27,128
2,Q07,skycell,0.015,0.101,56,384
2,Q07,skycell-rw,0.061,0.18,82,384
2,Q07,pgsphere,0.015,0.113,50,384
2,Q07,pgsphere,0.027,0.132,53,382
2,Q07,skycell-rw,0.085,0.129,55,382
2,Q07,skycell,0.015,0.094,50,382
2,Q07,skycell-rw,0.031,0.089,262,128
2,Q07,pgsphere,0.015,0.034,5,128
2,Q07,skycell,0.014,0.026,11,128
2,Q07,skycell,0.014,0.07,14,250
2,Q07,skycell-rw,0.028,0.173,520,250
2,Q07,pgsphere,0.014,0.053,12,250
2,Q07,pgsphere,0.014,0.041,5,128
2,Q07,skycell-rw,0.035,0.034,17,128
2,Q07,skycell,0.014,0.028,16,128
2,Q07,skycell-rw,0.044,0.09,40,134
2,Q07,pgsphere,0.014,0.071,12,134
2,Q07,skycell,0.017,0.056,29,134
2,Q07,skycell,0.015,0.12,65,299
2,Q07,skycell-rw,0.089,0.17,65,299
2,Q07,pgsphere,0.038,0.202,54,299
2,Q07,skycell,0.066,0.126,74,290
2,Q07,skycell-rw,0.062,0.143,81,290
2,Q07,pgsphere,0.018,0.113,46,290
2,Q07,skycell,0.015,0.038,15,128
2,Q07,skycell-rw,0.04,0.171,510,128
2,Q07,pgsphere,0.014,0.033,5,128
2,Q07,skycell-rw,0.061,0.037,17,128
2,Q07,skycell,0.016,0.028,17,128
2,Q07,pgsphere,0.014,0.036,7,128
2,Q07,skycell,0.014,0.064,17,208
2,Q07,skycell-rw,0.025,0.281,776,208
2,Q07,pgsphere,0.017,0.068,15,208
2,Q07,skycell,0.02,0.349,148,804
2,Q07,skycell-rw,0.104,0.329,142,804
2,Q07,pgsphere,0.026,0.295,161,804
2,Q07,skycell,0.015,0.02,12,0
2,Q07,skycell-rw,0.034,0.025,12,0
2,Q07,pgsphere,0.014,0.027,5,0
2,Q12,skycell,0.011,0.005,3,0
2,Q12,skycell-rw,0.051,0.007,3,0
2,Q12,pgsphere,0.01,0.023,3,0
2,Q12,pgsphere,0.01,0.012,3,0
2,Q12,skycell-rw,0.019,0.005,3,0
2,Q12,skycell,0.01,0.004,3,0
2,Q12,skycell,0.01,0.005,3,0
2,Q12,skycell-rw,0.03,0.006,3,0
2,Q12,pgsphere,0.011,0.013,3,0
2,Q12,pgsphere,0.01,0.012,3,0
2,Q12,skycell-rw,0.019,0.005,3,0
2,Q12,skycell,0.011,0.005,3,0
2,Q12,skycell,0.011,0.004,3,0
2,Q12,skycell-rw,0.019,0.005,3,0
2,Q12,pgsphere,0.01,0.012,3,0
2,Q12,skycell,0.01,0.004,3,0
2,Q12,skycell-rw,0.027,0.007,3,0
2,Q12,pgsphere,0.01,0.02,3,0
2,Q12,pgsphere,0.01,0.012,3,0
2,Q12,skycell-rw,0.024,0.005,3,0
2,Q12,skycell,0.01,0.004,3,0
2,Q12,skycell-rw,0.018,0.005,3,0
2,Q12,pgsphere,0.01,0.012,3,0
2,Q12,skycell,0.01,0.004,3,0
2,Q12,skycell,0.009,0.004,3,0
2,Q12,pgsphere,0.01,0.013,3,0
2,Q12,skycell-rw,0.019,0.005,3,0
2,Q12,pgsphere,0.01,0.011,3,0
2,Q12,skycell,0.011,0.004,3,0
2,Q12,skycell-rw,0.019,0.005,3,0
2,Q12,skycell-rw,0.018,0.005,3,0
2,Q12,skycell,0.01,0.004,3,0
2,Q12,pgsphere,0.011,0.012,3,0
2,Q12,skycell,0.01,0.004,3,0
2,Q12,skycell-rw,0.019,0.005,3,0
2,Q12,pgsphere,0.01,0.012,3,0
2,Q12,skycell-rw,0.019,0.005,3,0
2,Q12,skycell,0.015,0.006,3,0
2,Q12,pgsphere,0.01,0.021,3,0
2,Q12,skycell-rw,0.019,0.005,3,0
2,Q12,skycell,0.01,0.004,3,0
2,Q12,pgsphere,0.01,0.015,4,0
2,Q12,skycell,0.01,0.005,6,0
2,Q12,skycell-rw,0.029,0.008,6,0
2,Q12,pgsphere,0.01,0.013,3,0
2,Q12,skycell,0.011,0.004,3,0
2,Q12,skycell-rw,0.019,0.005,3,0
2,Q12,pgsphere,0.011,0.011,3,0
2,Q12,skycell-rw,0.019,0.005,3,0
2,Q12,skycell,0.011,0.004,3,0
2,Q12,pgsphere,0.01,0.012,3,0
2,Q12,skycell,0.01,0.004,3,0
2,Q12,pgsphere,0.01,0.013,3,0
2,Q12,skycell-rw,0.019,0.005,3,0
2,Q12,skycell,0.01,0.004,3,0
2,Q12,pgsphere,0.01,0.012,3,0
2,Q12,skycell-rw,0.019,0.005,3,0
2,Q12,pgsphere,0.01,0.013,3,0
2,Q12,skycell-rw,0.019,0.005,3,0
2,Q12,skycell,0.01,0.004,3,0
2,Q12,skycell,0.01,0.004,3,0
2,Q12,pgsphere,0.01,0.016,4,0
2,Q12,skycell-rw,0.021,0.005,3,0
2,Q12,skycell,0.012,0.006,6,0
2,Q12,skycell-rw,0.028,0.008,6,0
2,Q12,pgsphere,0.01,0.019,5,0
2,Q12,skycell,0.029,0.006,3,0
2,Q12,skycell-rw,0.019,0.005,3,0
2,Q12,pgsphere,0.014,0.012,3,0
2,Q12,pgsphere,0.01,0.01,3,0
2,Q12,skycell,0.01,0.004,3,0
2,Q12,skycell-rw,0.025,0.006,3,0
2,Q12,skycell,0.021,0.005,3,0
2,Q12,pgsphere,0.01,0.011,3,0
2,Q12,skycell-rw,0.107,0.011,3,0
2,Q12,skycell-rw,0.019,0.006,3,0
2,Q12,skycell,0.011,0.004,3,0
2,Q12,pgsphere,0.011,0.017,4,0
2,Q12,pgsphere,0.01,0.01,3,0
2,Q12,skycell,0.01,0.004,3,0
2,Q12,skycell-rw,0.027,0.008,3,0
2,Q12,skycell,0.013,0.005,3,0
2,Q12,pgsphere,0.011,0.011,3,0
2,Q12,skycell-rw,0.019,0.005,3,0
2,Q12,pgsphere,0.01,0.013,3,0
2,Q12,skycell,0.02,0.008,3,0
2,Q12,skycell-rw,0.02,0.005,3,0
2,Q12,skycell-rw,0.029,0.008,6,0
2,Q12,skycell,0.01,0.005,6,0
2,Q12,pgsphere,0.011,0.013,3,0
2,Q12,pgsphere,0.01,0.012,3,0
2,Q12,skycell,0.01,0.004,3,0
2,Q12,skycell-rw,0.018,0.005,3,0
2,Q12,pgsphere,0.01,0.012,3,0
2,Q12,skycell-rw,0.02,0.005,3,0
2,Q12,skycell,0.012,0.005,3,0
2,Q12,pgsphere,0.01,0.011,3,0
2,Q12,skycell-rw,0.019,0.005,3,0
2,Q12,skycell,0.01,0.004,3,0
2,Q12,skycell-rw,0.018,0.005,3,0
2,Q12,skycell,0.01,0.004,3,0
2,Q12,pgsphere,0.01,0.013,3,0
2,Q12,skycell-rw,0.018,0.005,3,0
2,Q12,skycell,0.01,0.004,3,0
2,Q12,pgsphere,0.01,0.011,3,0
2,Q12,skycell,0.01,0.004,3,0
2,Q12,skycell-rw,0.019,0.005,3,0
2,Q12,pgsphere,0.01,0.013,3,0
2,Q12,skycell-rw,0.019,0.005,3,0
2,Q12,skycell,0.01,0.004,3,0
2,Q12,pgsphere,0.01,0.011,3,0
2,Q12,skycell-rw,0.019,0.005,3,0
2,Q12,skycell,0.01,0.004,3,0
2,Q12,pgsphere,0.01,0.013,3,0
2,Q12,pgsphere,0.01,0.015,4,0
2,Q12,skycell-rw,0.019,0.005,3,0
2,Q12,skycell,0.01,0.004,3,0
2,Q12,skycell,0.01,0.004,6,0
2,Q12,pgsphere,0.01,0.012,3,0
2,Q12,skycell-rw,0.028,0.008,6,0
2,Q12,pgsphere,0.011,0.019,5,0
2,Q12,skycell,0.01,0.005,6,0
2,Q12,skycell-rw,0.028,0.007,6,0
2,Q12,skycell-rw,0.019,0.005,3,0
2,Q12,skycell,0.01,0.004,3,0
2,Q12,pgsphere,0.012,0.013,3,0
2,Q12,pgsphere,0.011,0.014,3,0
2,Q12,skycell,0.01,0.004,3,0
2,Q12,skycell-rw,0.018,0.004,3,0
2,Q12,skycell,0.01,0.004,3,0
2,Q12,pgsphere,0.012,0.017,4,0
2,Q12,skycell-rw,0.018,0.005,3,0
2,Q12,skycell,0.01,0.004,3,0
2,Q12,skycell-rw,0.018,0.005,3,0
2,Q12,pgsphere,0.014,0.014,3,0
2,Q12,skycell,0.01,0.004,3,0
2,Q12,pgsphere,0.01,0.011,3,0
2,Q12,skycell-rw,0.019,0.005,3,0
2,Q12,pgsphere,0.01,0.011,3,0
2,Q12,skycell-rw,0.018,0.005,3,0
2,Q12,skycell,0.01,0.005,3,0
2,Q12,skycell,0.01,0.004,3,0
2,Q12,skycell-rw,0.018,0.005,3,0
2,Q12,pgsphere,0.01,0.011,3,0
2,Q12,pgsphere,0.01,0.012,3,0
2,Q12,skycell,0.01,0.004,3,0
2,Q12,skycell-rw,0.02,0.005,3,0
2,Q12,skycell,0.011,0.005,3,0
2,Q12,pgsphere,0.01,0.022,3,0
2,Q12,skycell-rw,0.019,0.005,3,0
2,Q12,pgsphere,0.01,0.013,3,0
2,Q12,skycell,0.01,0.004,3,0
2,Q12,skycell-rw,0.018,0.005,3,0
2,Q12,skycell,0.01,0.004,3,0
2,Q12,pgsphere,0.01,0.012,3,0
2,Q12,skycell-rw,0.019,0.005,3,0
2,Q12,pgsphere,0.012,0.015,4,0
2,Q12,skycell-rw,0.018,0.005,3,0
2,Q12,skycell,0.009,0.004,3,0
2,Q12,skycell,0.009,0.004,3,0
2,Q12,skycell-rw,0.018,0.004,3,0
2,Q12,pgsphere,0.01,0.012,3,0
2,Q12,pgsphere,0.01,0.01,3,0
2,Q12,skycell-rw,0.018,0.005,3,0
2,Q12,skycell,0.01,0.004,3,0
2,Q12,skycell,0.01,0.004,3,0
2,Q12,skycell-rw,0.019,0.005,3,0
2,Q12,pgsphere,0.01,0.013,3,0
2,Q12,skycell,0.015,0.005,3,0
2,Q12,skycell-rw,0.019,0.005,3,0
2,Q12,pgsphere,0.01,0.011,3,0
2,Q12,skycell,0.01,0.004,3,0
2,Q12,pgsphere,0.011,0.012,3,0
2,Q12,skycell-rw,0.019,0.005,3,0
2,Q12,skycell,0.01,0.004,3,0
2,Q12,skycell-rw,0.018,0.004,3,0
2,Q12,pgsphere,0.011,0.013,3,0
2,Q12,pgsphere,0.01,0.012,3,0
2,Q12,skycell,0.01,0.005,6,0
2,Q12,skycell-rw,0.028,0.008,6,0
2,Q12,skycell-rw,0.036,0.009,6,0
2,Q12,pgsphere,0.011,0.013,3,0
2,Q12,skycell,0.01,0.005,6,0
2,Q12,skycell,0.01,0.004,3,0
2,Q12,pgsphere,0.01,0.012,3,0
2,Q12,skycell-rw,0.019,0.005,3,0
2,Q12,pgsphere,0.01,0.013,3,0
2,Q12,skycell-rw,0.019,0.005,3,0
2,Q12,skycell,0.01,0.004,3,0
2,Q12,skycell,0.01,0.004,3,0
2,Q12,pgsphere,0.011,0.011,3,0
2,Q12,skycell-rw,0.02,0.005,3,0
2,Q12,pgsphere,0.01,0.011,3,0
2,Q12,skycell-rw,0.02,0.005,3,0
2,Q12,skycell,0.015,0.006,3,0
2,Q12,skycell,0.011,0.005,3,0
2,Q12,pgsphere,0.01,0.013,3,0
2,Q12,skycell-rw,0.018,0.005,3,0
2,Q12,skycell-rw,0.018,0.005,3,0
2,Q12,pgsphere,0.01,0.012,3,0
2,Q12,skycell,0.01,0.004,3,0
2,Q12,pgsphere,0.01,0.019,5,0
2,Q12,skycell,0.01,0.005,6,0
2,Q12,skycell-rw,0.028,0.008,6,0
2,Q12,pgsphere,0.012,0.013,3,0
2,Q12,skycell-rw,0.029,0.008,6,0
2,Q12,skycell,0.011,0.005,6,0
2,Q12,skycell,0.01,0.004,3,0
2,Q12,skycell-rw,0.04,0.008,3,0
2,Q12,pgsphere,0.011,0.01,3,0
2,Q12,skycell-rw,0.019,0.005,3,0
2,Q12,skycell,0.01,0.004,3,0
2,Q12,pgsphere,0.01,0.012,3,0
2,Q12,pgsphere,0.01,0.015,4,0
2,Q12,skycell-rw,0.02,0.005,3,0
2,Q12,skycell,0.01,0.004,3,0
2,Q12,pgsphere,0.01,0.012,3,0
2,Q12,skycell-rw,0.026,0.005,3,0
2,Q12,skycell,0.01,0.004,3,0
2,Q12,skycell-rw,0.019,0.005,3,0
2,Q12,skycell,0.01,0.004,3,0
2,Q12,pgsphere,0.01,0.011,3,0
2,Q12,pgsphere,0.01,0.012,3,0
2,Q12,skycell-rw,0.018,0.005,3,0
2,Q12,skycell,0.014,0.006,3,0
2,Q12,skycell,0.01,0.004,3,0
2,Q12,pgsphere,0.014,0.012,3,0
2,Q12,skycell-rw,0.019,0.005,3,0
2,Q12,skycell-rw,0.018,0.005,3,0
2,Q12,skycell,0.014,0.005,3,0
2,Q12,pgsphere,0.021,0.013,3,0
2,Q12,pgsphere,0.01,0.011,3,0
2,Q12,skycell-rw,0.019,0.005,3,0
2,Q12,skycell,0.01,0.004,3,0
2,Q12,skycell,0.01,0.004,3,0
2,Q12,skycell-rw,0.018,0.005,3,0
2,Q12,pgsphere,0.01,0.011,3,0
2,Q12,pgsphere,0.01,0.011,3,0
2,Q12,skycell-rw,0.018,0.005,3,0
2,Q12,skycell,0.01,0.004,3,0
2,Q12,pgsphere,0.011,0.013,3,0
2,Q12,skycell,0.012,0.005,3,0
2,Q12,skycell-rw,0.019,0.005,3,0
2,Q12,skycell,0.01,0.004,3,0
2,Q12,pgsphere,0.01,0.012,3,0
2,Q12,skycell-rw,0.048,0.007,3,0
2,Q12,pgsphere,0.033,0.019,4,0
2,Q12,skycell-rw,0.019,0.005,3,0
2,Q12,skycell,0.01,0.004,3,0
2,Q12,pgsphere,0.01,0.012,3,0
2,Q12,skycell,0.012,0.005,3,0
2,Q12,skycell-rw,0.021,0.006,3,0
2,Q12,skycell,0.01,0.004,3,0
2,Q12,skycell-rw,0.018,0.005,3,0
2,Q12,pgsphere,0.01,0.015,4,0
2,Q12,skycell,0.014,0.006,3,0
2,Q12,pgsphere,0.01,0.021,3,0
2,Q12,skycell-rw,0.019,0.004,3,0
2,Q12,skycell-rw,0.018,0.004,3,0
2,Q12,skycell,0.01,0.004,3,0
2,Q12,pgsphere,0.01,0.013,3,0
2,Q12,pgsphere,0.01,0.011,3,0
2,Q12,skycell-rw,0.019,0.005,3,0
2,Q12,skycell,0.01,0.004,3,0
2,Q12,skycell,0.01,0.004,3,0
2,Q12,skycell-rw,0.018,0.005,3,0
2,Q12,pgsphere,0.011,0.013,3,0
2,Q12,pgsphere,0.01,0.012,3,0
2,Q12,skycell,0.018,0.007,3,0
2,Q12,skycell-rw,0.018,0.005,3,0
0.5,Q12,pgsphere,0.015,0.023,4,0
0.5,Q12,skycell,0.015,0.006,3,0
0.5,Q12,pgsphere,0.011,0.017,5,0
0.5,Q12,skycell,0.011,0.006,6,0
0.5,Q12,skycell-rw,0.116,0.015,6,0
0.5,Q12,pgsphere,0.023,0.013,3,0
0.5,Q12,skycell-rw,0.042,0.048,6,0
0.5,Q12,skycell,0.013,0.006,6,0
0.5,Q12,skycell,0.01,0.004,3,0
0.5,Q12,skycell-rw,0.03,0.008,3,0
0.5,Q12,pgsphere,0.012,0.012,3,0
0.5,Q12,skycell-rw,0.02,0.005,3,0
0.5,Q12,skycell,0.012,0.005,3,0
0.5,Q12,pgsphere,0.011,0.01,3,0
0.5,Q12,pgsphere,0.021,0.015,3,0
0.5,Q12,skycell-rw,0.02,0.005,3,0
0.5,Q12,skycell,0.015,0.007,3,0
0.5,Q12,pgsphere,0.013,0.012,3,0
0.5,Q12,skycell-rw,0.019,0.005,3,0
0.5,Q12,skycell,0.012,0.005,3,0
0.5,Q12,skycell-rw,0.019,0.005,3,0
0.5,Q12,skycell,0.01,0.004,3,0
0.5,Q12,pgsphere,0.015,0.013,3,0
0.5,Q12,pgsphere,0.012,0.01,3,0
0.5,Q12,skycell-rw,0.019,0.005,3,0
0.5,Q12,skycell,0.01,0.004,3,0
0.5,Q12,skycell,0.012,0.004,3,0
0.5,Q12,pgsphere,0.01,0.009,2,0
0.5,Q12,skycell-rw,0.019,0.005,3,0
0.5,Q12,skycell-rw,0.019,0.005,3,0
0.5,Q12,skycell,0.015,0.006,3,0
0.5,Q12,pgsphere,0.011,0.011,3,0
0.5,Q12,pgsphere,0.05,0.016,3,0
0.5,Q12,skycell-rw,0.028,0.007,3,0
0.5,Q12,skycell,0.011,0.005,3,0
0.5,Q12,skycell,0.01,0.004,3,0
0.5,Q12,skycell-rw,0.019,0.005,3,0
0.5,Q12,pgsphere,0.012,0.01,3,0
0.5,Q12,pgsphere,0.01,0.01,3,0
0.5,Q12,skycell-rw,0.019,0.005,3,0
0.5,Q12,skycell,0.01,0.004,3,0
0.5,Q12,pgsphere,0.012,0.011,3,0
0.5,Q12,skycell,0.01,0.004,3,0
0.5,Q12,skycell-rw,0.019,0.005,3,0
0.5,Q12,skycell,0.011,0.004,3,0
