method,label,qid,seq,n,hit,rd,io_ms,plan_ms,exec_ms
pgsphere,"1""",1164,1,0,23,7,256.734,7.034,257.213
pgsphere,"1""",1195,2,0,1,5,321.226,0.084,321.41
pgsphere,"1""",1283,3,1,2,3,520.73,0.086,520.962
pgsphere,"1""",1329,4,1,2,3,582.646,0.084,582.918
pgsphere,"1""",1089,5,0,2,2,276.832,0.097,277.476
pgsphere,"1""",1338,6,0,2,2,375.629,0.148,375.764
pgsphere,"1""",1077,7,0,2,4,260.421,0.118,260.592
pgsphere,"1""",1428,8,1,2,5,358.003,0.098,358.303
pgsphere,"1""",1289,9,0,2,2,0.58,0.129,0.65
pgsphere,"1""",1396,10,1,2,4,337.052,0.053,337.249
pgsphere,"1""",1149,11,0,3,2,0.543,0.145,0.661
pgsphere,"1""",1173,12,0,2,2,49.754,0.073,49.851
pgsphere,"1""",1455,13,1,2,3,476.778,0.112,476.964
pgsphere,"1""",1158,14,1,2,5,281.27,0.107,281.449
pgsphere,"1""",1388,15,1,2,5,486.999,0.093,487.24
pgsphere,"1""",1265,16,0,3,1,0.423,0.102,0.506
pgsphere,"1""",1183,17,0,3,2,48.444,0.073,48.532
pgsphere,"1""",1369,18,1,3,7,296.539,0.101,296.775
pgsphere,"1""",1412,19,1,3,2,91.028,0.131,91.159
pgsphere,"1""",1347,20,1,2,4,35.79,0.103,35.91
pgsphere,"1""",1288,21,0,2,3,44.362,0.099,44.46
pgsphere,"1""",1422,22,1,1,4,512.838,0.093,513.029
pgsphere,"1""",1117,23,0,3,6,1.679,0.101,1.795
pgsphere,"1""",1166,24,0,2,4,149.423,0.094,149.562
pgsphere,"1""",1206,25,0,4,1,0.365,0.131,0.439
pgsphere,"1""",1202,26,0,3,1,0.325,0.061,0.389
pgsphere,"1""",1395,27,1,2,5,495.386,0.121,495.564
pgsphere,"1""",1190,28,0,2,2,114.613,0.111,114.772
pgsphere,"1""",1159,29,0,1,5,160.937,0.843,161.125
pgsphere,"1""",1261,30,0,2,2,159.482,0.101,159.61
pgsphere,"1""",1327,31,0,3,4,83.859,0.114,83.999
pgsphere,"1""",1139,32,0,4,1,0.29,0.158,0.357
pgsphere,"1""",1404,33,1,2,5,263.853,0.05,264.032
pgsphere,"1""",1175,34,0,3,1,0.282,0.095,0.336
pgsphere,"1""",1268,35,0,2,1,42.24,0.045,42.307
pgsphere,"1""",1071,36,1,2,4,216.28,0.078,216.418
pgsphere,"1""",1241,37,0,3,1,0.535,0.098,0.595
pgsphere,"1""",1282,38,1,3,3,49.43,0.066,49.555
pgsphere,"1""",1221,39,0,3,2,52.455,0.093,52.544
pgsphere,"1""",1169,40,0,3,4,183.856,0.092,184.011
pgsphere,"1""",1100,41,0,2,3,73.04,0.117,73.153
pgsphere,"1""",1319,42,0,3,2,52.34,0.109,52.457
pgsphere,"1""",1435,43,1,4,3,237.51,0.144,237.685
pgsphere,"1""",1143,44,1,2,5,220.444,0.115,220.591
pgsphere,"1""",1112,45,1,3,7,276.083,0.104,276.26
pgsphere,"1""",1397,46,1,2,3,54.817,0.095,54.929
pgsphere,"1""",1064,47,1,2,3,94.16,0.272,94.284
pgsphere,"1""",1416,48,1,2,3,233.275,0.138,233.471
pgsphere,"1""",1284,49,1,2,3,46.906,0.157,47.06
pgsphere,"1""",1225,50,0,2,2,3.027,1.308,5.645
pgsphere,"1""",1258,51,0,3,2,0.557,0.081,0.65
pgsphere,"1""",1219,52,0,3,1,0.238,0.048,0.274
pgsphere,"1""",1296,53,0,3,2,0.563,0.04,0.603
pgsphere,"1""",1211,54,0,4,2,0.585,0.052,0.638
pgsphere,"1""",1155,55,0,3,3,234.649,0.046,234.765
pgsphere,"1""",1297,56,0,2,3,165.384,0.103,165.518
pgsphere,"1""",1332,57,1,3,3,39.504,0.104,39.628
pgsphere,"1""",1402,58,1,2,3,210.679,0.159,210.812
pgsphere,"1""",1060,59,1,2,3,308.485,0.097,308.708
pgsphere,"1""",1426,60,1,3,3,57.76,0.096,57.892
pgsphere,"1""",1320,61,0,4,0,0,0.134,0.051
pgsphere,"1""",1181,62,0,2,3,42.012,0.024,42.089
pgsphere,"1""",1150,63,0,3,3,40.057,0.182,40.168
pgsphere,"1""",1186,64,0,3,0,0,0.104,0.04
pgsphere,"1""",1249,65,0,3,1,0.288,0.026,0.322
pgsphere,"1""",1389,66,1,3,2,318.417,0.043,318.532
pgsphere,"1""",1244,67,1,2,3,248.962,0.095,249.166
pgsphere,"1""",1110,68,0,2,4,1.12,0.163,1.218
pgsphere,"1""",1123,69,1,3,3,226.309,0.069,226.435
pgsphere,"1""",1242,70,1,2,6,253.325,0.105,253.549
pgsphere,"1""",1301,71,0,4,2,0.948,0.112,1.037
pgsphere,"1""",1449,72,1,2,4,186.049,0.066,186.244
pgsphere,"1""",1168,73,0,3,4,98.463,0.104,98.601
pgsphere,"1""",1418,74,1,3,3,50.188,0.101,50.327
pgsphere,"1""",1419,75,1,4,2,335.947,0.092,336.173
pgsphere,"1""",1229,76,0,2,4,49.911,0.1,50.035
pgsphere,"1""",1067,77,1,4,2,0.93,0.104,1.009
pgsphere,"1""",1226,78,1,3,3,489.975,0.066,490.12
pgsphere,"1""",1213,79,0,3,1,0.423,0.101,0.517
pgsphere,"1""",1341,80,1,3,3,243.841,0.056,243.975
pgsphere,"1""",1174,81,0,3,1,0.424,0.14,0.487
pgsphere,"1""",1325,82,0,4,1,0.269,0.05,0.311
pgsphere,"1""",1390,83,1,2,4,206.744,0.041,206.908
pgsphere,"1""",1386,84,1,2,3,181.241,0.097,181.356
pgsphere,"1""",1172,85,0,2,2,139.264,0.106,139.384
pgsphere,"1""",1081,86,1,4,3,123.886,0.12,124.043
pgsphere,"1""",1161,87,1,2,4,457.772,0.106,457.958
pgsphere,"1""",1073,88,0,3,2,0.933,0.155,1.015
pgsphere,"1""",1216,89,0,3,1,44.495,0.069,44.691
pgsphere,"1""",1248,90,0,3,2,51.837,0.084,51.933
pgsphere,"1""",1222,91,0,5,1,0.255,0.134,0.315
pgsphere,"1""",1121,92,1,2,4,104.511,0.041,104.643
pgsphere,"1""",1122,93,0,3,1,0.515,0.091,0.584
pgsphere,"1""",1454,94,1,3,2,234.54,0.074,234.694
pgsphere,"1""",1255,95,0,2,2,0.645,0.101,0.701
pgsphere,"1""",1336,96,0,2,3,1.072,0.046,1.148
pgsphere,"1""",1405,97,1,3,5,314.671,0.062,314.851
pgsphere,"1""",1351,98,1,2,4,396.878,0.195,397.089
pgsphere,"1""",1170,99,0,2,2,0.684,0.099,0.805
pgsphere,"1""",1218,100,1,2,4,149.95,0.066,150.116
pgsphere,"1""",1128,101,0,2,2,0.62,0.177,0.695
pgsphere,"1""",1287,102,1,3,3,302.635,0.062,302.76
pgsphere,"1""",1430,103,1,2,3,437.043,0.143,437.213
pgsphere,"1""",1230,104,0,3,2,0.975,0.147,1.074
pgsphere,"1""",1094,105,1,2,4,113.324,0.075,113.484
pgsphere,"1""",1079,106,0,3,1,0.343,0.103,0.395
pgsphere,"1""",1223,107,0,3,3,0.989,0.048,1.053
pgsphere,"1""",1066,108,1,2,3,294.406,0.049,294.508
pgsphere,"1""",1309,109,0,5,3,47.846,0.096,47.975
pgsphere,"1""",1144,110,0,3,1,0.327,0.146,0.407
pgsphere,"1""",1292,111,0,4,2,0.587,0.071,0.667
pgsphere,"1""",1152,112,0,2,2,341.152,0.138,341.268
pgsphere,"1""",1075,113,1,2,3,51.374,0.148,51.527
pgsphere,"1""",1323,114,0,2,2,0.715,0.135,0.804
pgsphere,"1""",1407,115,1,3,6,303.992,0.078,304.206
pgsphere,"1""",1136,116,1,3,2,54.802,0.132,54.919
pgsphere,"1""",1424,117,1,4,2,51.12,0.095,51.226
pgsphere,"1""",1203,118,0,2,3,43.619,0.095,43.716
pgsphere,"1""",1059,119,1,3,6,158.935,0.087,159.142
pgsphere,"1""",1130,120,0,3,1,0.417,0.106,0.478
pgsphere,"1""",1328,121,0,2,2,57.407,0.062,57.488
pgsphere,"1""",1199,122,0,4,1,0.327,0.077,0.394
pgsphere,"1""",1104,123,1,5,2,47.32,0.062,47.423
pgsphere,"1""",1382,124,1,3,3,49.931,0.073,50.055
pgsphere,"1""",1096,125,1,4,2,66.501,0.146,66.644
pgsphere,"1""",1207,126,0,3,1,0.391,0.195,0.473
pgsphere,"1""",1403,127,1,3,2,147.967,0.065,148.078
pgsphere,"1""",1085,128,1,2,3,66.564,0.152,66.695
pgsphere,"1""",1187,129,1,3,3,59.818,0.109,59.952
pgsphere,"1""",1340,130,1,4,2,163.292,0.094,163.406
pgsphere,"1""",1387,131,1,3,5,46.24,0.107,46.382
pgsphere,"1""",1314,132,1,2,5,170.828,0.088,171.03
pgsphere,"1""",1410,133,1,4,5,94.646,0.15,94.812
pgsphere,"1""",1192,134,0,2,1,0.293,0.147,0.354
pgsphere,"1""",1078,135,1,3,3,287.671,0.047,287.777
pgsphere,"1""",1310,136,0,2,2,0.909,0.109,0.989
pgsphere,"1""",1453,137,1,3,4,58.004,0.06,58.132
pgsphere,"1""",1068,138,0,3,3,0.977,0.11,1.065
pgsphere,"1""",1411,139,1,3,4,341.89,0.05,342.031
pgsphere,"1""",1439,140,1,5,2,121.75,0.1,121.872
pgsphere,"1""",1153,141,0,2,2,43.301,0.101,43.409
pgsphere,"1""",1429,142,1,3,2,46.466,0.133,46.582
pgsphere,"1""",1432,143,1,4,3,55.207,0.125,55.346
pgsphere,"1""",1185,144,1,3,3,100.29,0.1,100.43
pgsphere,"1""",1132,145,1,2,4,314.686,0.143,314.853
pgsphere,"1""",1413,146,1,5,6,50.144,0.141,50.29
pgsphere,"1""",1384,147,1,3,3,81.723,0.112,81.839
pgsphere,"1""",1304,148,1,4,2,0.814,0.095,0.912
pgsphere,"1""",1342,149,1,2,5,176.175,0.064,176.327
pgsphere,"1""",1456,150,1,2,3,286.557,0.136,286.732
pgsphere,"1""",1245,151,0,3,2,0.606,0.19,0.71
pgsphere,"1""",1399,152,1,2,3,50.363,0.079,50.469
pgsphere,"1""",1343,153,1,2,3,55.502,0.109,55.608
pgsphere,"1""",1452,154,1,2,3,168.77,0.09,168.918
pgsphere,"1""",1127,155,1,5,4,36.111,0.098,36.454
pgsphere,"1""",1259,156,0,3,1,0.404,0.091,0.454
pgsphere,"1""",1093,157,0,4,1,0.365,0.048,0.406
pgsphere,"1""",1224,158,1,4,2,0.481,0.041,0.542
pgsphere,"1""",1129,159,0,3,2,0.624,0.05,0.668
pgsphere,"1""",1092,160,0,2,3,87.17,0.047,87.253
pgsphere,"1""",1366,161,1,7,4,1.255,0.158,1.602
pgsphere,"1""",1217,162,1,4,4,36.243,0.067,36.365
pgsphere,"1""",1231,163,0,3,2,0.728,0.059,0.791
pgsphere,"1""",1368,164,1,2,4,193.038,0.057,193.178
pgsphere,"1""",1063,165,1,2,4,107.738,0.101,107.885
pgsphere,"1""",1264,166,0,5,1,0.22,0.119,0.275
pgsphere,"1""",1408,167,1,5,2,51.319,0.035,51.451
pgsphere,"1""",1163,168,0,3,0,0,0.096,0.043
pgsphere,"1""",1180,169,0,3,2,193.363,0.025,193.457
pgsphere,"1""",1300,170,0,4,1,106.999,0.098,107.129
pgsphere,"1""",1290,171,0,5,3,0.973,0.103,1.061
pgsphere,"1""",1074,172,1,3,3,127.903,0.048,128.01
pgsphere,"1""",1375,173,1,3,2,0.768,0.101,0.861
pgsphere,"1""",1291,174,0,4,2,0.717,0.062,0.797
pgsphere,"1""",1080,175,0,3,1,0.341,0.06,0.385
pgsphere,"1""",1201,176,0,3,2,0.434,0.048,0.476
pgsphere,"1""",1091,177,0,4,1,0.172,0.044,0.21
pgsphere,"1""",1318,178,0,5,3,0.527,0.03,0.578
pgsphere,"1""",1272,179,0,3,1,0.254,0.043,0.283
pgsphere,"1""",1434,180,1,2,3,243.791,0.061,243.948
pgsphere,"1""",1374,181,1,2,3,119.285,0.146,119.448
pgsphere,"1""",1306,182,1,2,6,87.554,0.105,87.704
pgsphere,"1""",1376,183,1,3,4,202.642,0.093,202.813
pgsphere,"1""",1414,184,1,2,3,413.437,0.095,413.572
pgsphere,"1""",1409,185,1,3,4,62.427,0.104,62.572
pgsphere,"1""",1311,186,1,3,4,46.44,0.112,46.58
pgsphere,"1""",1236,187,1,5,4,52.341,0.094,52.539
pgsphere,"1""",1293,188,1,2,4,44.62,0.098,44.732
pgsphere,"1""",1134,189,1,4,2,0.641,0.105,0.719
pgsphere,"1""",1178,190,0,3,1,0.32,0.06,0.373
pgsphere,"1""",1209,191,0,3,1,0.423,0.06,0.49
pgsphere,"1""",1263,192,0,3,1,0.357,0.066,0.41
pgsphere,"1""",1391,193,1,4,2,44.31,0.043,44.397
pgsphere,"1""",1137,194,0,3,1,0.39,0.082,0.454
pgsphere,"1""",1451,195,1,4,3,0.916,0.061,1.008
pgsphere,"1""",1082,196,0,4,1,0.407,0.047,0.45
pgsphere,"1""",1371,197,1,2,3,239.063,0.07,239.238
pgsphere,"1""",1234,198,0,3,1,0.479,0.191,0.595
pgsphere,"1""",1250,199,0,3,2,0.567,0.065,0.622
pgsphere,"1""",1140,200,0,3,1,0.321,0.078,0.369
pgsphere,"1""",1346,201,1,7,3,143.227,0.039,143.342
pgsphere,"1""",1189,202,0,3,2,0.708,0.145,0.799
pgsphere,"1""",1251,203,0,2,2,0.56,0.077,0.607
pgsphere,"1""",1358,204,1,2,4,275.253,0.046,275.371
pgsphere,"1""",1177,205,0,3,2,0.778,0.107,0.865
pgsphere,"1""",1294,206,0,3,4,0.514,0.078,0.579
pgsphere,"1""",1423,207,1,2,3,0.355,0.046,0.403
pgsphere,"1""",1119,208,0,3,1,0.174,0.043,0.205
pgsphere,"1""",1345,209,1,2,4,0.579,0.028,0.622
pgsphere,"1""",1350,210,1,3,2,0.245,0.034,0.276
pgsphere,"1""",1385,211,1,2,4,348.508,0.032,348.63
pgsphere,"1""",1254,212,0,3,1,0.413,0.107,0.468
pgsphere,"1""",1160,213,0,2,2,0.389,0.038,0.42
pgsphere,"1""",1076,214,1,2,3,243.456,0.035,243.547
pgsphere,"1""",1146,215,0,3,1,0.52,0.127,0.601
pgsphere,"1""",1352,216,1,2,3,52.881,0.075,53.082
pgsphere,"1""",1090,217,1,3,3,50.263,0.083,50.381
pgsphere,"1""",1142,218,0,3,1,0.3,0.089,0.352
pgsphere,"1""",1359,219,1,2,3,484.505,0.045,484.622
pgsphere,"1""",1378,220,1,3,2,1.197,0.104,1.26
pgsphere,"1""",1266,221,1,2,3,113.217,0.048,113.343
pgsphere,"1""",1334,222,0,5,1,0.34,0.134,0.428
pgsphere,"1""",1109,223,0,4,1,0.224,0.062,0.316
pgsphere,"1""",1446,224,1,3,3,0.653,0.062,0.731
pgsphere,"1""",1443,225,1,2,4,54.035,0.064,54.135
pgsphere,"1""",1246,226,1,2,4,440.617,0.077,440.792
pgsphere,"1""",1420,227,1,2,3,44.746,0.098,44.878
pgsphere,"1""",1317,228,0,2,3,0.649,0.1,0.713
pgsphere,"1""",1285,229,0,4,2,0.41,0.049,0.461
pgsphere,"1""",1363,230,1,3,2,60.255,0.047,60.343
pgsphere,"1""",1401,231,1,3,3,303.997,0.122,304.121
pgsphere,"1""",1427,232,1,2,3,140.083,0.107,140.225
pgsphere,"1""",1184,233,1,3,2,0.684,0.156,0.803
pgsphere,"1""",1356,234,1,4,2,0.649,0.081,0.745
pgsphere,"1""",1279,235,0,3,1,0.217,0.12,0.273
pgsphere,"1""",1302,236,1,6,3,0.67,0.069,0.791
pgsphere,"1""",1235,237,0,3,1,0.383,0.068,0.433
pgsphere,"1""",1417,238,1,3,2,0.651,0.058,0.755
pgsphere,"1""",1193,239,0,3,1,0.43,0.068,0.489
pgsphere,"1""",1421,240,1,3,2,46.129,0.068,46.229
pgsphere,"1""",1196,241,0,3,1,0.331,0.089,0.405
pgsphere,"1""",1113,242,1,4,2,50.643,0.057,50.741
pgsphere,"1""",1335,243,0,3,1,0.37,0.087,0.422
pgsphere,"1""",1167,244,0,2,2,0.502,0.046,0.539
pgsphere,"1""",1084,245,0,3,0,0,0.076,0.029
pgsphere,"1""",1099,246,1,3,2,0.763,0.022,0.803
pgsphere,"1""",1212,247,0,3,2,0.61,0.046,0.652
pgsphere,"1""",1299,248,1,2,3,164.283,0.045,164.429
pgsphere,"1""",1308,249,0,4,2,0.634,0.099,0.726
pgsphere,"1""",1171,250,0,5,1,0.284,0.054,0.337
pgsphere,"1""",1072,251,0,4,1,0.385,0.039,0.421
pgsphere,"1""",1147,252,0,4,2,0.262,0.043,0.306
pgsphere,"1""",1065,253,1,2,4,0.762,0.04,0.817
pgsphere,"1""",1367,254,1,4,3,0.257,0.044,0.305
pgsphere,"1""",1087,255,1,3,2,0.178,0.033,0.21
pgsphere,"1""",1252,256,0,3,1,0.126,0.026,0.149
pgsphere,"1""",1165,257,0,3,1,0.101,0.02,0.124
pgsphere,"1""",1425,258,1,2,3,249.781,0.019,249.906
pgsphere,"1""",1194,259,0,4,1,0.211,0.105,0.27
pgsphere,"1""",1215,260,0,2,3,0.616,0.051,0.657
pgsphere,"1""",1344,261,1,3,4,0.943,0.044,0.997
pgsphere,"1""",1298,262,0,5,1,0.238,0.052,0.284
pgsphere,"1""",1208,263,1,3,5,177.042,0.041,177.216
pgsphere,"1""",1098,264,0,5,2,0.5,0.105,0.591
pgsphere,"1""",1415,265,1,3,3,156.463,0.046,156.574
pgsphere,"1""",1176,266,0,2,3,0.699,0.103,0.762
pgsphere,"1""",1157,267,0,3,1,0.302,0.05,0.373
pgsphere,"1""",1061,268,0,3,1,0.301,0.065,0.346
pgsphere,"1""",1437,269,1,2,3,243.564,0.051,243.651
pgsphere,"1""",1240,270,1,2,3,53.626,0.107,53.732
pgsphere,"1""",1362,271,1,2,4,166.108,0.097,166.298
pgsphere,"1""",1237,272,0,4,1,0.332,0.161,0.399
pgsphere,"1""",1103,273,0,3,1,0.286,0.064,0.33
pgsphere,"1""",1278,274,0,4,2,0.596,0.052,0.655
pgsphere,"1""",1162,275,0,5,1,0.173,0.05,0.218
pgsphere,"1""",1393,276,1,2,4,188.423,0.086,188.529
pgsphere,"1""",1197,277,0,3,1,0.415,0.099,0.466
pgsphere,"1""",1105,278,0,2,2,0.344,0.042,0.379
pgsphere,"1""",1354,279,1,3,5,384.386,0.038,384.566
pgsphere,"1""",1444,280,1,2,3,141.109,0.096,141.26
pgsphere,"1""",1433,281,1,3,2,97.748,0.105,97.883
pgsphere,"1""",1088,282,0,3,1,0.578,0.109,0.655
pgsphere,"1""",1441,283,1,3,2,46.876,0.119,46.98
pgsphere,"1""",1191,284,0,3,1,0.519,0.091,0.591
pgsphere,"1""",1220,285,0,4,1,0.333,0.061,0.381
pgsphere,"1""",1445,286,1,3,3,54.216,0.044,54.298
pgsphere,"1""",1239,287,0,2,2,0.508,0.081,0.608
pgsphere,"1""",1253,288,0,3,1,0.295,0.047,0.33
pgsphere,"1""",1058,289,0,6,2,0.346,0.04,0.397
pgsphere,"1""",1267,290,0,4,2,0.257,0.036,0.295
pgsphere,"1""",1205,291,0,4,1,0.143,0.029,0.172
pgsphere,"1""",1111,292,0,2,2,0.3,0.028,0.327
pgsphere,"1""",1406,293,1,3,2,337.676,0.025,337.79
pgsphere,"1""",1355,294,1,6,5,1.287,0.093,1.45
pgsphere,"1""",1108,295,0,3,2,0.326,0.06,0.382
pgsphere,"1""",1379,296,1,4,2,34.164,0.047,34.321
pgsphere,"1""",1275,297,1,2,4,269.462,0.064,269.593
pgsphere,"1""",1324,298,0,3,1,0.525,0.103,0.578
pgsphere,"1""",1349,299,1,4,2,0.443,0.043,0.489
pgsphere,"1""",1392,300,1,2,4,111.823,0.043,111.943
pgsphere,"1""",1286,301,0,4,1,0.431,0.098,0.494
pgsphere,"1""",1271,302,0,2,2,0.656,0.072,0.725
pgsphere,"1""",1125,303,0,4,1,0.357,0.058,0.402
pgsphere,"1""",1357,304,1,3,2,0.953,0.056,1.037
pgsphere,"1""",1138,305,0,3,0,0,0.053,0.032
pgsphere,"1""",1188,306,0,4,1,0.342,0.025,0.377
pgsphere,"1""",1227,307,0,3,0,0,0.037,0.022
pgsphere,"1""",1198,308,1,2,3,283.268,0.015,283.409
pgsphere,"1""",1450,309,1,2,4,90.49,0.089,90.643
pgsphere,"1""",1120,310,0,2,2,423.261,0.103,423.427
pgsphere,"1""",1118,311,0,4,1,0.367,0.143,0.517
pgsphere,"1""",1102,312,0,4,1,0.449,0.078,0.522
pgsphere,"1""",1101,313,0,5,2,0.62,0.073,0.714
pgsphere,"1""",1326,314,0,3,0,0,0.059,0.033
pgsphere,"1""",1348,315,1,3,2,51.459,0.019,51.523
pgsphere,"1""",1124,316,1,8,4,57.739,0.058,57.868
pgsphere,"1""",1270,317,1,2,3,103.645,0.07,103.771
pgsphere,"1""",1214,318,0,4,1,0.366,0.095,0.482
pgsphere,"1""",1447,319,1,4,2,55.31,0.068,55.414
pgsphere,"1""",1106,320,1,2,5,228.153,0.083,228.37
pgsphere,"1""",1383,321,1,2,3,47.182,0.103,47.297
pgsphere,"1""",1257,322,0,3,1,0.247,0.099,0.297
pgsphere,"1""",1062,323,0,3,1,0.342,0.04,0.383
pgsphere,"1""",1365,324,1,4,2,0.484,0.04,0.528
pgsphere,"1""",1361,325,1,3,3,77.433,0.04,77.585
pgsphere,"1""",1339,326,0,3,1,0.482,0.112,0.549
pgsphere,"1""",1370,327,1,7,4,58.958,0.059,59.084
pgsphere,"1""",1303,328,0,5,1,0.185,0.076,0.238
pgsphere,"1""",1238,329,1,4,3,1.609,0.035,1.68
pgsphere,"1""",1095,330,0,3,2,0.685,0.045,0.739
pgsphere,"1""",1114,331,0,3,1,0.368,0.047,0.407
pgsphere,"1""",1277,332,1,2,4,249.274,0.052,249.393
pgsphere,"1""",1381,333,1,2,3,1.058,0.094,1.161
pgsphere,"1""",1057,334,0,3,1,0.261,0.071,0.304
pgsphere,"1""",1086,335,0,4,2,0.429,0.036,0.472
pgsphere,"1""",1281,336,0,3,1,0.202,0.038,0.23
pgsphere,"1""",1398,337,1,4,2,131.823,0.029,131.945
pgsphere,"1""",1280,338,0,3,2,0.489,0.141,0.588
pgsphere,"1""",1179,339,0,3,1,0.408,0.08,0.476
pgsphere,"1""",1097,340,1,3,2,142.788,0.079,142.903
pgsphere,"1""",1438,341,1,4,2,0.5,0.094,0.597
pgsphere,"1""",1262,342,1,2,3,52.995,0.04,53.132
pgsphere,"1""",1070,343,1,4,3,42.006,0.086,42.122
pgsphere,"1""",1295,344,0,3,1,0.265,0.106,0.317
pgsphere,"1""",1322,345,1,3,3,0.846,0.059,0.92
pgsphere,"1""",1116,346,0,5,2,0.522,0.048,0.572
pgsphere,"1""",1148,347,0,4,2,0.553,0.041,0.589
pgsphere,"1""",1315,348,1,3,3,0.882,0.034,0.927
pgsphere,"1""",1269,349,0,3,1,0.409,0.041,0.444
pgsphere,"1""",1233,350,0,3,1,0.354,0.058,0.393
pgsphere,"1""",1331,351,1,3,2,0.523,0.065,0.571
pgsphere,"1""",1431,352,1,4,2,0.537,0.036,0.576
pgsphere,"1""",1115,353,0,3,1,0.406,0.037,0.454
pgsphere,"1""",1243,354,0,3,1,0.343,0.061,0.388
pgsphere,"1""",1156,355,1,2,3,0.767,0.04,0.966
pgsphere,"1""",1256,356,0,5,2,0.515,0.047,0.564
pgsphere,"1""",1337,357,0,3,1,0.517,0.071,0.584
pgsphere,"1""",1232,358,1,6,4,1.462,0.053,1.552
pgsphere,"1""",1373,359,1,3,2,0.509,0.069,0.557
pgsphere,"1""",1107,360,0,4,1,0.291,0.042,0.326
pgsphere,"1""",1083,361,1,2,4,416.179,0.041,416.304
pgsphere,"1""",1247,362,0,3,1,0.877,0.162,0.936
pgsphere,"1""",1274,363,1,4,3,48.999,0.052,49.097
pgsphere,"1""",1154,364,0,2,2,0.917,0.156,1.01
pgsphere,"1""",1448,365,1,3,3,49.516,0.068,49.616
pgsphere,"1""",1380,366,1,3,3,0.856,0.093,0.955
pgsphere,"1""",1436,367,1,4,2,40.872,0.057,40.951
pgsphere,"1""",1228,368,0,4,1,0.391,0.063,0.437
pgsphere,"1""",1353,369,1,5,2,40.233,0.042,40.305
pgsphere,"1""",1364,370,1,2,4,1.63,0.057,1.705
pgsphere,"1""",1394,371,1,2,3,211.75,0.054,211.873
pgsphere,"1""",1313,372,1,3,2,0.858,0.142,0.96
pgsphere,"1""",1400,373,1,2,3,61.916,0.071,62.034
pgsphere,"1""",1151,374,0,3,1,0.435,0.092,0.483
pgsphere,"1""",1312,375,0,3,2,0.554,0.047,0.616
pgsphere,"1""",1372,376,1,3,2,0.806,0.061,0.871
pgsphere,"1""",1316,377,0,4,1,0.296,0.05,0.341
pgsphere,"1""",1260,378,0,2,3,0.614,0.048,0.66
pgsphere,"1""",1182,379,0,3,1,0.1,0.074,0.132
pgsphere,"1""",1440,380,1,5,3,0.568,0.032,0.616
pgsphere,"1""",1377,381,1,3,3,99.391,0.031,99.484
pgsphere,"1""",1442,382,1,3,3,163.592,0.099,163.747
pgsphere,"1""",1210,383,0,3,1,0.398,0.136,0.532
pgsphere,"1""",1141,384,0,5,0,0,0.068,0.049
pgsphere,"1""",1273,385,0,5,1,0.389,0.027,0.436
pgsphere,"1""",1307,386,0,4,2,0.727,0.049,0.785
pgsphere,"1""",1321,387,1,4,3,0.894,0.06,0.983
pgsphere,"1""",1204,388,0,3,2,0.629,0.087,0.787
pgsphere,"1""",1360,389,1,3,2,54.268,0.053,54.346
pgsphere,"1""",1276,390,1,3,3,52.776,0.126,52.89
pgsphere,"1""",1069,391,1,2,3,183.088,0.089,183.193
pgsphere,"1""",1133,392,1,4,2,0.936,0.104,1.046
pgsphere,"1""",1135,393,0,2,3,0.666,0.068,0.714
pgsphere,"1""",1305,394,1,3,2,54.193,0.058,54.268
pgsphere,"1""",1200,395,0,4,1,0.535,0.078,0.596
pgsphere,"1""",1330,396,1,3,2,145.174,0.047,145.347
pgsphere,"1""",1131,397,0,2,4,40.707,0.109,40.816
pgsphere,"1""",1145,398,0,3,0,0,0.097,0.038
pgsphere,"1""",1333,399,0,3,1,0.337,0.022,0.364
pgsphere,"1""",1126,400,1,3,2,0.706,0.03,0.754
skycell,"1""",1164,1,0,0,3,763.431,4.554,763.699
skycell,"1""",1195,2,0,1,2,96.938,0.408,97.029
skycell,"1""",1283,3,1,1,3,205.468,0.104,205.625
skycell,"1""",1329,4,1,1,3,375.438,0.123,375.622
skycell,"1""",1089,5,0,1,2,184.742,0.177,184.878
skycell,"1""",1338,6,0,1,2,0.597,0.14,0.649
skycell,"1""",1077,7,0,1,2,97.569,0.061,97.645
skycell,"1""",1428,8,1,1,3,296.144,0.15,296.332
skycell,"1""",1289,9,0,4,2,1.578,0.127,1.723
skycell,"1""",1396,10,1,1,3,487.866,0.089,487.995
skycell,"1""",1149,11,0,2,1,0.42,0.233,0.495
skycell,"1""",1173,12,0,2,1,129.523,0.096,129.601
skycell,"1""",1455,13,1,4,3,214.139,0.122,214.323
skycell,"1""",1158,14,1,1,3,449.832,0.148,449.979
skycell,"1""",1388,15,1,3,4,232.1,0.14,232.295
skycell,"1""",1265,16,0,2,1,46.672,0.131,46.753
skycell,"1""",1183,17,0,1,2,59.902,0.123,59.986
skycell,"1""",1369,18,1,4,3,483.268,0.149,483.49
skycell,"1""",1412,19,1,2,2,0.879,0.167,0.975
skycell,"1""",1347,20,1,2,2,61.881,0.223,61.981
skycell,"1""",1288,21,0,1,2,48.228,0.121,48.313
skycell,"1""",1422,22,1,1,3,191.796,0.134,191.923
skycell,"1""",1117,23,0,4,2,0.388,0.14,0.451
skycell,"1""",1166,24,0,1,2,84.682,0.091,84.775
skycell,"1""",1206,25,0,5,1,0.649,0.122,0.762
skycell,"1""",1202,26,0,1,2,10.921,0.075,10.978
skycell,"1""",1395,27,1,4,3,213.202,0.103,213.405
skycell,"1""",1190,28,0,2,1,0.566,0.131,0.625
skycell,"1""",1159,29,0,1,2,43.314,0.054,43.389
skycell,"1""",1261,30,0,1,2,95.094,0.154,95.186
skycell,"1""",1327,31,0,1,2,0.641,0.12,0.711
skycell,"1""",1139,32,0,5,1,45.877,0.128,45.967
skycell,"1""",1404,33,1,5,2,328.099,0.119,328.227
skycell,"1""",1175,34,0,2,1,0.367,0.114,0.43
skycell,"1""",1268,35,0,4,2,61.463,0.089,61.565
skycell,"1""",1071,36,1,1,3,188.535,0.167,188.689
skycell,"1""",1241,37,0,2,1,1.226,0.177,1.379
skycell,"1""",1282,38,1,2,2,48.321,0.113,48.411
skycell,"1""",1221,39,0,2,1,0.354,0.097,0.414
skycell,"1""",1169,40,0,1,2,41.627,0.072,41.74
skycell,"1""",1100,41,0,8,1,0.295,0.106,0.332
skycell,"1""",1319,42,0,2,1,1.407,0.042,1.446
skycell,"1""",1435,43,1,1,3,448.565,0.071,448.687
skycell,"1""",1143,44,1,1,3,208.47,0.118,208.815
skycell,"1""",1112,45,1,1,3,213.638,0.116,213.774
skycell,"1""",1397,46,1,2,2,139.348,0.154,139.471
skycell,"1""",1064,47,1,4,3,48.142,0.158,48.26
skycell,"1""",1416,48,1,5,2,49.446,0.131,49.545
skycell,"1""",1284,49,1,2,2,177.285,0.122,177.409
skycell,"1""",1225,50,0,2,1,0.423,0.125,0.473
skycell,"1""",1258,51,0,2,1,47.548,0.07,47.617
skycell,"1""",1219,52,0,2,1,0.506,0.126,0.556
skycell,"1""",1296,53,0,2,1,44.668,0.084,44.741
skycell,"1""",1211,54,0,2,1,0.465,0.13,0.53
skycell,"1""",1155,55,0,2,1,0.42,0.101,0.471
skycell,"1""",1297,56,0,2,1,0.295,0.087,0.349
skycell,"1""",1332,57,1,5,2,42.647,0.073,42.727
skycell,"1""",1402,58,1,5,2,179.047,0.142,179.191
skycell,"1""",1060,59,1,2,2,392.329,0.166,392.476
skycell,"1""",1426,60,1,5,2,56.537,0.173,56.666
skycell,"1""",1320,61,0,2,1,0.362,0.127,0.402
skycell,"1""",1181,62,0,1,2,46.585,0.058,46.653
skycell,"1""",1150,63,0,2,1,42.008,0.117,42.082
skycell,"1""",1186,64,0,2,1,0.577,0.122,0.672
skycell,"1""",1249,65,0,2,1,0.22,0.059,0.246
skycell,"1""",1389,66,1,2,2,139.79,0.049,139.879
skycell,"1""",1244,67,1,1,3,509.678,0.123,509.831
skycell,"1""",1110,68,0,2,1,0.505,0.123,0.617
skycell,"1""",1123,69,1,2,2,58.279,0.08,58.365
skycell,"1""",1242,70,1,1,3,150.435,0.114,150.595
skycell,"1""",1301,71,0,2,1,0.295,0.124,0.344
skycell,"1""",1449,72,1,4,3,295.042,0.107,295.194
skycell,"1""",1168,73,0,1,2,0.622,0.121,0.655
skycell,"1""",1418,74,1,1,3,110.656,0.058,110.779
skycell,"1""",1419,75,1,2,2,56.373,0.162,56.484
skycell,"1""",1229,76,0,2,1,0.268,0.156,0.309
skycell,"1""",1067,77,1,2,2,0.826,0.043,0.887
skycell,"1""",1226,78,1,4,3,265.746,0.079,265.892
skycell,"1""",1213,79,0,5,1,0.404,0.131,0.453
skycell,"1""",1341,80,1,1,3,62.021,0.051,62.147
skycell,"1""",1174,81,0,2,1,0.34,0.114,0.4
skycell,"1""",1325,82,0,2,1,0.198,0.066,0.235
skycell,"1""",1390,83,1,5,2,87.285,0.05,87.447
skycell,"1""",1386,84,1,2,2,107.175,0.167,107.298
skycell,"1""",1172,85,0,1,2,620.491,0.145,620.6
skycell,"1""",1081,86,1,2,2,82.11,0.162,82.228
skycell,"1""",1161,87,1,1,3,316.996,0.124,317.133
skycell,"1""",1073,88,0,2,1,0.512,0.121,0.566
skycell,"1""",1216,89,0,2,1,0.265,0.06,0.3
skycell,"1""",1248,90,0,2,1,0.193,0.055,0.22
skycell,"1""",1222,91,0,2,1,0.273,0.051,0.298
skycell,"1""",1121,92,1,5,2,152.161,0.052,152.241
skycell,"1""",1122,93,0,2,1,0.35,0.123,0.397
skycell,"1""",1454,94,1,5,2,141.475,0.05,141.611
skycell,"1""",1255,95,0,2,1,0.483,0.175,0.567
skycell,"1""",1336,96,0,1,2,45.089,0.081,45.158
skycell,"1""",1405,97,1,4,3,115.258,0.106,115.446
skycell,"1""",1351,98,1,1,3,439.07,0.132,439.244
skycell,"1""",1170,99,0,5,1,0.424,0.136,0.491
skycell,"1""",1218,100,1,2,2,86.15,0.07,86.255
skycell,"1""",1128,101,0,2,1,0.433,0.232,0.501
skycell,"1""",1287,102,1,2,2,247.319,0.083,247.566
skycell,"1""",1430,103,1,4,3,91.776,0.16,91.955
skycell,"1""",1230,104,0,2,1,0.414,0.126,0.462
skycell,"1""",1094,105,1,2,2,0.705,0.063,0.748
skycell,"1""",1079,106,0,2,1,0.229,0.055,0.255
skycell,"1""",1223,107,0,2,1,0.212,0.043,0.234
skycell,"1""",1066,108,1,1,3,358.006,0.037,358.127
skycell,"1""",1309,109,0,2,1,37.706,0.177,37.887
skycell,"1""",1144,110,0,5,1,0.353,0.168,0.433
skycell,"1""",1292,111,0,2,1,0.236,0.082,0.276
skycell,"1""",1152,112,0,2,1,0.229,0.077,0.266
skycell,"1""",1075,113,1,5,2,0.549,0.099,0.764
skycell,"1""",1323,114,0,2,1,0.226,0.073,0.25
skycell,"1""",1407,115,1,1,3,234.664,0.043,234.883
skycell,"1""",1136,116,1,2,2,44.421,0.182,44.536
skycell,"1""",1424,117,1,2,2,0.714,0.124,0.805
skycell,"1""",1203,118,0,2,1,0.271,0.075,0.305
skycell,"1""",1059,119,1,1,3,112.074,0.059,112.187
skycell,"1""",1130,120,0,5,1,0.51,0.118,0.575
skycell,"1""",1328,121,0,2,1,0.337,0.078,0.374
skycell,"1""",1199,122,0,5,1,0.308,0.059,0.337
skycell,"1""",1104,123,1,2,2,42.137,0.047,42.226
skycell,"1""",1382,124,1,2,2,0.783,0.092,0.837
skycell,"1""",1096,125,1,2,2,40.641,0.055,40.716
skycell,"1""",1207,126,0,2,1,0.404,0.086,0.438
skycell,"1""",1403,127,1,2,2,148.799,0.048,148.882
skycell,"1""",1085,128,1,2,2,48.136,0.118,48.278
skycell,"1""",1187,129,1,2,2,1.107,0.206,1.207
skycell,"1""",1340,130,1,2,2,44.28,0.144,44.382
skycell,"1""",1387,131,1,2,2,278.82,0.154,278.972
skycell,"1""",1314,132,1,2,2,44.878,0.125,44.983
skycell,"1""",1410,133,1,5,2,48.303,0.131,48.491
skycell,"1""",1192,134,0,2,1,0.387,0.135,0.451
skycell,"1""",1078,135,1,5,2,57.553,0.086,57.666
skycell,"1""",1310,136,0,2,1,0.397,0.128,0.443
skycell,"1""",1453,137,1,2,2,81.696,0.065,81.793
skycell,"1""",1068,138,0,2,1,0.508,0.142,0.571
skycell,"1""",1411,139,1,5,2,56.331,0.087,56.426
skycell,"1""",1439,140,1,5,2,0.775,0.12,0.88
skycell,"1""",1153,141,0,2,1,1.285,0.086,1.336
skycell,"1""",1429,142,1,2,2,128.451,0.071,128.565
skycell,"1""",1432,143,1,2,2,44.723,0.139,44.827
skycell,"1""",1185,144,1,1,3,91.085,0.13,91.235
skycell,"1""",1132,145,1,1,3,478.451,0.166,478.582
skycell,"1""",1413,146,1,5,2,54.449,0.138,54.578
skycell,"1""",1384,147,1,2,2,43.351,0.149,43.473
skycell,"1""",1304,148,1,2,2,45.284,0.128,45.379
skycell,"1""",1342,149,1,2,2,190.724,0.117,190.837
skycell,"1""",1456,150,1,1,3,129.72,0.123,129.852
skycell,"1""",1245,151,0,2,1,0.501,0.141,1.716
skycell,"1""",1399,152,1,2,2,64.369,0.095,64.455
skycell,"1""",1343,153,1,2,2,0.809,1.689,0.9
skycell,"1""",1452,154,1,1,3,59.526,0.078,59.611
skycell,"1""",1127,155,1,2,2,131.163,0.154,131.276
skycell,"1""",1259,156,0,2,1,0.607,0.232,0.683
skycell,"1""",1093,157,0,2,1,0.334,0.092,0.38
skycell,"1""",1224,158,1,2,2,0.534,0.079,0.612
skycell,"1""",1129,159,0,2,1,0.304,0.08,0.349
skycell,"1""",1092,160,0,1,2,0.518,0.076,0.564
skycell,"1""",1366,161,1,5,2,0.694,0.081,0.763
skycell,"1""",1217,162,1,2,2,0.597,0.075,0.653
skycell,"1""",1231,163,0,2,1,0.247,0.072,0.286
skycell,"1""",1368,164,1,1,3,277.302,0.069,277.443
skycell,"1""",1063,165,1,2,2,48.496,0.129,48.646
skycell,"1""",1264,166,0,2,1,0.3,0.151,0.349
skycell,"1""",1408,167,1,5,2,48.544,0.095,48.657
skycell,"1""",1163,168,0,5,1,0.437,0.094,0.468
skycell,"1""",1180,169,0,4,2,128.003,0.049,128.087
skycell,"1""",1300,170,0,2,1,0.326,0.124,0.361
skycell,"1""",1290,171,0,2,1,0.32,0.086,0.344
skycell,"1""",1074,172,1,4,3,252.261,0.048,252.451
skycell,"1""",1375,173,1,2,2,0.666,0.123,0.719
skycell,"1""",1291,174,0,2,1,0.186,0.07,0.222
skycell,"1""",1080,175,0,2,1,0.445,0.062,0.498
skycell,"1""",1201,176,0,2,1,0.332,0.088,0.363
skycell,"1""",1091,177,0,2,1,0.236,0.051,0.26
skycell,"1""",1318,178,0,5,1,0.23,0.05,0.259
skycell,"1""",1272,179,0,2,1,0.275,0.046,0.305
skycell,"1""",1434,180,1,2,2,39.775,0.046,39.85
skycell,"1""",1374,181,1,1,3,174.41,0.1,174.532
skycell,"1""",1306,182,1,2,2,0.585,0.128,0.654
skycell,"1""",1376,183,1,1,3,207.78,0.069,207.896
skycell,"1""",1414,184,1,2,2,48.397,0.125,48.506
skycell,"1""",1409,185,1,2,2,45.129,0.125,45.236
skycell,"1""",1311,186,1,5,2,1.979,0.123,2.089
skycell,"1""",1236,187,1,5,2,115.547,0.081,115.649
skycell,"1""",1293,188,1,2,2,0.625,0.153,0.71
skycell,"1""",1134,189,1,5,2,0.457,0.081,0.512
skycell,"1""",1178,190,0,5,1,0.176,0.052,0.197
skycell,"1""",1209,191,0,2,1,0.173,0.036,0.19
skycell,"1""",1263,192,0,3,0,0,0.036,0.016
skycell,"1""",1391,193,1,5,2,0.921,0.023,0.964
skycell,"1""",1137,194,0,2,1,0.406,0.068,0.443
skycell,"1""",1451,195,1,5,2,0.537,0.055,0.575
skycell,"1""",1082,196,0,2,1,0.219,0.049,0.238
skycell,"1""",1371,197,1,1,3,225.908,0.039,226.017
skycell,"1""",1234,198,0,2,1,0.588,0.175,0.643
skycell,"1""",1250,199,0,2,1,0.487,0.073,0.523
skycell,"1""",1140,200,0,1,2,0.889,0.06,0.972
skycell,"1""",1346,201,1,2,2,36.807,0.072,36.926
skycell,"1""",1189,202,0,2,1,0.349,0.093,0.382
skycell,"1""",1251,203,0,2,1,0.315,0.048,0.402
skycell,"1""",1358,204,1,2,2,57.926,0.082,58.007
skycell,"1""",1177,205,0,5,1,0.503,0.104,0.583
skycell,"1""",1294,206,0,5,1,0.515,0.082,0.561
skycell,"1""",1423,207,1,2,2,1.516,0.07,1.59
skycell,"1""",1119,208,0,2,1,0.281,0.089,0.317
skycell,"1""",1345,209,1,2,2,0.619,0.053,0.676
skycell,"1""",1350,210,1,2,2,4.867,0.075,4.939
skycell,"1""",1385,211,1,1,3,249.058,0.16,249.198
skycell,"1""",1254,212,0,2,1,0.816,0.186,0.864
skycell,"1""",1160,213,0,2,1,0.371,0.077,0.398
skycell,"1""",1076,214,1,2,2,64.753,0.091,64.834
skycell,"1""",1146,215,0,2,1,0.641,0.098,0.681
skycell,"1""",1352,216,1,2,2,49.725,0.056,49.819
skycell,"1""",1090,217,1,2,2,49.067,0.11,49.157
skycell,"1""",1142,218,0,2,1,0.579,0.103,0.628
skycell,"1""",1359,219,1,1,3,216.111,0.082,216.237
skycell,"1""",1378,220,1,2,2,0.807,0.13,0.902
skycell,"1""",1266,221,1,2,2,45.859,0.087,45.998
skycell,"1""",1334,222,0,2,1,0.401,0.113,0.443
skycell,"1""",1109,223,0,2,1,0.375,0.066,0.404
skycell,"1""",1446,224,1,8,2,0.915,0.062,0.971
skycell,"1""",1443,225,1,2,2,52.758,0.062,52.832
skycell,"1""",1246,226,1,1,3,626.424,0.13,626.549
skycell,"1""",1420,227,1,2,2,42.53,0.117,42.622
skycell,"1""",1317,228,0,2,1,0.559,0.143,0.63
skycell,"1""",1285,229,0,2,1,0.33,0.09,0.366
skycell,"1""",1363,230,1,2,2,49.566,0.066,49.652
skycell,"1""",1401,231,1,2,2,48.952,0.156,49.044
skycell,"1""",1427,232,1,1,3,149.699,0.117,149.837
skycell,"1""",1184,233,1,2,2,0.611,0.158,0.74
skycell,"1""",1356,234,1,5,2,0.801,0.104,0.892
skycell,"1""",1279,235,0,2,1,0.383,0.08,0.439
skycell,"1""",1302,236,1,2,2,48.38,0.091,48.489
skycell,"1""",1235,237,0,2,1,0.271,0.093,0.316
skycell,"1""",1417,238,1,2,2,47.871,0.055,47.936
skycell,"1""",1193,239,0,2,1,0.339,0.101,0.375
skycell,"1""",1421,240,1,2,2,55.841,0.053,55.925
skycell,"1""",1196,241,0,5,1,0.529,0.113,0.61
skycell,"1""",1113,242,1,2,2,0.653,0.08,0.713
skycell,"1""",1335,243,0,2,1,0.381,0.065,0.423
skycell,"1""",1167,244,0,2,1,0.264,0.066,0.293
skycell,"1""",1084,245,0,5,1,0.22,0.103,0.25
skycell,"1""",1099,246,1,2,2,41.844,0.05,41.907
skycell,"1""",1212,247,0,2,1,0.258,0.089,0.295
skycell,"1""",1299,248,1,1,3,95.352,0.055,95.466
skycell,"1""",1308,249,0,5,1,0.421,0.175,0.519
skycell,"1""",1171,250,0,2,1,0.459,0.088,0.513
skycell,"1""",1072,251,0,2,1,0.386,0.084,0.434
skycell,"1""",1147,252,0,5,1,0.299,0.082,0.359
skycell,"1""",1065,253,1,2,2,51.94,0.139,52.056
skycell,"1""",1367,254,1,2,2,0.941,0.212,1.036
skycell,"1""",1087,255,1,2,2,0.535,0.088,0.6
skycell,"1""",1252,256,0,2,1,0.186,0.081,0.276
skycell,"1""",1165,257,0,3,0,0,0.116,0.032
skycell,"1""",1425,258,1,2,2,47.314,0.05,47.393
skycell,"1""",1194,259,0,2,1,0.402,0.132,0.466
skycell,"1""",1215,260,0,2,1,0.34,0.09,0.39
skycell,"1""",1344,261,1,2,2,0.419,0.084,0.48
skycell,"1""",1298,262,0,2,1,0.326,0.08,0.37
skycell,"1""",1208,263,1,2,2,52.706,0.127,52.807
skycell,"1""",1098,264,0,2,1,0.355,0.137,0.415
skycell,"1""",1415,265,1,5,2,0.395,0.067,0.444
skycell,"1""",1176,266,0,2,1,0.193,0.074,0.23
skycell,"1""",1157,267,0,2,1,0.177,0.073,0.214
skycell,"1""",1061,268,0,2,1,0.168,0.128,0.215
skycell,"1""",1437,269,1,2,2,78.665,0.067,78.754
skycell,"1""",1240,270,1,5,2,93.296,0.126,93.505
skycell,"1""",1362,271,1,2,2,58.904,0.142,59.015
skycell,"1""",1237,272,0,2,1,0.262,0.121,0.301
skycell,"1""",1103,273,0,2,1,0.565,0.054,0.748
skycell,"1""",1278,274,0,11,1,0.255,0.091,0.291
skycell,"1""",1162,275,0,2,1,0.219,0.06,0.315
skycell,"1""",1393,276,1,1,3,423.906,0.055,424.022
skycell,"1""",1197,277,0,2,1,0.348,0.112,0.404
skycell,"1""",1105,278,0,2,1,0.223,0.056,0.249
skycell,"1""",1354,279,1,1,3,295.086,0.047,295.214
skycell,"1""",1444,280,1,2,2,72.414,0.131,72.526
skycell,"1""",1433,281,1,1,3,379.698,0.134,379.896
skycell,"1""",1088,282,0,2,1,0.366,0.182,0.416
skycell,"1""",1441,283,1,5,2,66.291,0.065,66.424
skycell,"1""",1191,284,0,5,1,0.387,0.151,0.487
skycell,"1""",1220,285,0,2,1,0.421,0.084,0.47
skycell,"1""",1445,286,1,2,2,0.574,0.074,0.638
skycell,"1""",1239,287,0,2,1,0.22,0.076,0.257
skycell,"1""",1253,288,0,5,1,0.191,0.077,0.232
skycell,"1""",1058,289,0,2,1,0.535,0.082,0.579
skycell,"1""",1267,290,0,2,1,0.198,0.075,0.239
skycell,"1""",1205,291,0,2,1,0.376,0.073,0.427
skycell,"1""",1111,292,0,2,1,0.421,0.076,0.466
skycell,"1""",1406,293,1,1,3,428.705,0.075,428.89
skycell,"1""",1355,294,1,2,2,60.781,0.136,60.88
skycell,"1""",1108,295,0,2,1,0.352,0.138,0.413
skycell,"1""",1379,296,1,2,2,0.551,0.054,0.614
skycell,"1""",1275,297,1,1,3,135.989,0.081,136.158
skycell,"1""",1324,298,0,5,1,0.382,0.168,0.478
skycell,"1""",1349,299,1,2,2,0.6,0.081,0.654
skycell,"1""",1392,300,1,2,2,0.38,0.075,0.428
skycell,"1""",1286,301,0,2,1,0.206,0.069,0.242
skycell,"1""",1271,302,0,5,1,0.478,0.074,0.521
skycell,"1""",1125,303,0,2,1,0.347,0.075,0.388
skycell,"1""",1357,304,1,5,2,0.652,0.069,0.716
skycell,"1""",1138,305,0,2,1,0.26,0.077,0.315
skycell,"1""",1188,306,0,5,1,0.343,0.081,0.397
skycell,"1""",1227,307,0,2,1,0.407,0.076,0.447
skycell,"1""",1198,308,1,1,3,218.856,0.088,218.953
skycell,"1""",1450,309,1,2,2,0.708,0.153,0.792
skycell,"1""",1120,310,0,2,1,51.257,0.078,51.318
skycell,"1""",1118,311,0,2,1,0.398,0.098,0.457
skycell,"1""",1102,312,0,2,1,0.294,0.09,0.341
skycell,"1""",1101,313,0,2,1,0.476,0.109,0.51
skycell,"1""",1326,314,0,5,1,2.23,0.057,2.275
skycell,"1""",1348,315,1,2,2,0.81,0.075,0.869
skycell,"1""",1124,316,1,2,2,0.61,0.065,0.702
skycell,"1""",1270,317,1,2,2,54.936,0.061,55.017
skycell,"1""",1214,318,0,2,1,0.285,0.111,0.332
skycell,"1""",1447,319,1,2,2,50.111,0.057,50.202
skycell,"1""",1106,320,1,1,3,108.213,0.1,108.319
skycell,"1""",1383,321,1,2,2,76.176,0.127,76.297
skycell,"1""",1257,322,0,5,1,0.298,0.126,0.377
skycell,"1""",1062,323,0,2,1,0.123,0.056,0.147
skycell,"1""",1365,324,1,2,2,0.473,0.044,0.509
skycell,"1""",1361,325,1,2,2,59.915,0.053,59.998
skycell,"1""",1339,326,0,2,1,0.209,0.181,0.27
skycell,"1""",1370,327,1,2,2,70.224,0.066,70.345
skycell,"1""",1303,328,0,2,1,0.39,0.149,0.5
skycell,"1""",1238,329,1,2,2,0.645,0.1,0.706
skycell,"1""",1095,330,0,2,1,0.279,0.061,0.311
skycell,"1""",1114,331,0,2,1,0.939,0.06,0.981
skycell,"1""",1277,332,1,1,3,406.133,0.067,406.257
skycell,"1""",1381,333,1,5,2,0.582,0.124,0.714
skycell,"1""",1057,334,0,2,1,0.302,0.086,0.333
skycell,"1""",1086,335,0,2,1,0.218,0.06,0.249
skycell,"1""",1281,336,0,2,1,0.206,0.053,0.229
skycell,"1""",1398,337,1,2,2,0.314,0.044,0.346
skycell,"1""",1280,338,0,2,1,0.193,0.054,0.214
skycell,"1""",1179,339,0,2,1,0.179,0.044,0.199
skycell,"1""",1097,340,1,5,2,249.933,0.031,250.021
skycell,"1""",1438,341,1,2,2,0.668,0.127,0.811
skycell,"1""",1262,342,1,2,2,67.735,0.067,67.825
skycell,"1""",1070,343,1,2,2,76.635,0.115,76.738
skycell,"1""",1295,344,0,2,1,0.572,0.161,0.618
skycell,"1""",1322,345,1,5,2,0.433,0.052,0.475
skycell,"1""",1116,346,0,2,1,0.325,0.05,0.345
skycell,"1""",1148,347,0,2,1,0.01,0.036,0.047
skycell,"1""",1315,348,1,2,2,0.469,0.028,0.521
skycell,"1""",1269,349,0,2,1,0.204,0.077,0.234
skycell,"1""",1233,350,0,2,1,0.148,0.064,0.169
skycell,"1""",1331,351,1,2,2,0.279,0.034,0.311
skycell,"1""",1431,352,1,2,2,0.339,0.029,0.359
skycell,"1""",1115,353,0,2,1,0.122,0.056,0.141
skycell,"1""",1243,354,0,2,1,0.194,0.04,0.213
skycell,"1""",1156,355,1,2,2,62.104,0.035,62.206
skycell,"1""",1256,356,0,5,1,0.325,0.111,0.371
skycell,"1""",1337,357,0,2,1,0.197,0.056,0.22
skycell,"1""",1232,358,1,2,2,0.63,0.044,0.677
skycell,"1""",1373,359,1,5,2,0.329,0.062,0.365
skycell,"1""",1107,360,0,2,1,0.129,0.052,0.149
skycell,"1""",1083,361,1,1,3,168.006,0.033,168.117
skycell,"1""",1247,362,0,2,1,0.361,0.121,0.409
skycell,"1""",1274,363,1,2,2,61.488,0.058,61.572
skycell,"1""",1154,364,0,5,1,0.333,0.128,0.396
skycell,"1""",1448,365,1,5,2,69.509,0.097,69.593
skycell,"1""",1380,366,1,2,2,0.697,0.16,0.775
skycell,"1""",1436,367,1,2,2,72.04,0.082,72.133
skycell,"1""",1228,368,0,2,1,0.454,0.135,0.552
skycell,"1""",1353,369,1,2,2,0.814,0.103,0.872
skycell,"1""",1364,370,1,5,2,0.634,0.118,0.705
skycell,"1""",1394,371,1,1,3,264.153,0.078,264.292
skycell,"1""",1313,372,1,2,2,0.57,0.132,0.66
skycell,"1""",1400,373,1,2,2,60.164,0.064,60.259
skycell,"1""",1151,374,0,2,1,0.279,0.191,0.335
skycell,"1""",1312,375,0,2,1,0.433,0.073,0.486
skycell,"1""",1372,376,1,2,2,0.456,0.074,0.51
skycell,"1""",1316,377,0,2,1,0.302,0.067,0.336
skycell,"1""",1260,378,0,2,1,0.287,0.073,0.321
skycell,"1""",1182,379,0,2,1,0.259,0.067,0.287
skycell,"1""",1440,380,1,2,2,0.592,0.059,0.642
skycell,"1""",1377,381,1,5,2,183.354,0.069,183.508
skycell,"1""",1442,382,1,5,2,149.144,0.131,149.307
skycell,"1""",1210,383,0,2,1,0.322,0.121,0.364
skycell,"1""",1141,384,0,2,1,0.308,0.058,0.335
skycell,"1""",1273,385,0,2,1,0.201,0.045,0.24
skycell,"1""",1307,386,0,2,1,0.256,0.043,0.277
skycell,"1""",1321,387,1,2,2,0.35,0.046,0.381
skycell,"1""",1204,388,0,2,1,0.155,0.042,0.175
skycell,"1""",1360,389,1,5,2,52.787,0.033,52.906
skycell,"1""",1276,390,1,2,2,108.137,0.164,108.255
skycell,"1""",1069,391,1,5,2,67.484,0.267,67.711
skycell,"1""",1133,392,1,3,1,57.939,0.233,58.072
skycell,"1""",1135,393,0,2,1,0.506,0.166,0.582
skycell,"1""",1305,394,1,2,2,0.528,0.097,0.64
skycell,"1""",1200,395,0,2,1,0.232,0.142,0.292
skycell,"1""",1330,396,1,2,2,0.474,0.08,0.539
skycell,"1""",1131,397,0,2,1,0.465,0.079,0.51
skycell,"1""",1145,398,0,2,1,0.373,0.082,0.42
skycell,"1""",1333,399,0,5,1,0.515,0.081,0.568
skycell,"1""",1126,400,1,2,2,0.356,0.064,0.392
skycell,"10""",833,1,0,0,3,0.278,2.033,0.355
skycell,"10""",899,2,0,1,2,0.242,0.072,0.27
skycell,"10""",1024,3,1,1,3,64.744,0.038,64.813
skycell,"10""",890,4,1,1,3,67.926,0.157,68.046
skycell,"10""",841,5,1,2,2,0.579,0.1,0.644
skycell,"10""",1019,6,1,1,3,50.395,0.061,50.492
skycell,"10""",933,7,0,1,2,0.677,0.093,0.742
skycell,"10""",744,8,0,1,2,0.49,0.073,0.54
skycell,"10""",896,9,0,4,2,0.711,0.08,0.766
skycell,"10""",762,10,1,1,3,0.911,0.057,0.952
skycell,"10""",1021,11,1,4,3,150.542,0.061,150.688
skycell,"10""",889,12,0,1,2,0.558,0.119,0.637
skycell,"10""",689,13,0,1,2,0.418,0.09,0.462
skycell,"10""",713,14,0,2,1,0.353,0.051,0.395
skycell,"10""",723,15,0,2,1,0.471,0.125,0.507
skycell,"10""",682,16,1,4,3,134.097,0.054,134.214
skycell,"10""",1016,17,1,2,2,0.521,0.118,0.58
skycell,"10""",888,18,0,2,1,0.327,0.067,0.357
skycell,"10""",996,19,1,1,3,70.459,0.053,70.54
skycell,"10""",696,20,0,2,1,0.603,0.116,0.702
skycell,"10""",929,21,0,2,1,0.37,0.072,0.421
skycell,"10""",726,22,0,1,2,0.467,0.08,0.519
skycell,"10""",674,23,1,1,3,0.662,0.072,0.71
skycell,"10""",885,24,1,1,3,164.611,0.071,164.746
skycell,"10""",959,25,0,1,2,0.348,0.117,0.391
skycell,"10""",659,26,0,2,1,0.533,0.051,0.589
skycell,"10""",1044,27,1,1,3,54.188,0.126,54.281
skycell,"10""",686,28,1,5,3,0.764,0.133,0.86
skycell,"10""",691,29,0,5,1,0.349,0.113,0.446
skycell,"10""",802,30,0,2,1,0.272,0.08,0.318
skycell,"10""",1046,31,1,5,3,51.457,0.077,51.58
skycell,"10""",1008,32,2,1,3,130.097,0.16,130.506
skycell,"10""",681,33,1,1,3,63.646,0.229,63.823
skycell,"10""",956,34,0,2,1,0.256,0.157,0.324
skycell,"10""",884,35,1,2,2,0.667,0.09,0.747
skycell,"10""",670,36,1,1,3,218.685,0.106,218.809
skycell,"10""",746,37,0,1,2,0.416,0.122,0.492
skycell,"10""",801,38,0,1,2,0.457,0.057,0.485
skycell,"10""",668,39,1,1,3,391.948,0.055,392.092
skycell,"10""",863,40,0,2,1,0.209,0.126,0.255
skycell,"10""",712,41,0,2,1,0.282,0.063,0.307
skycell,"10""",803,42,1,1,3,55.195,0.054,55.282
skycell,"10""",951,43,1,1,3,76.142,0.154,76.252
skycell,"10""",930,44,0,2,1,0.518,0.111,0.584
skycell,"10""",963,45,1,2,2,0.547,0.085,0.647
skycell,"10""",918,46,1,1,3,60.603,0.066,60.7
skycell,"10""",1010,47,1,2,2,66.152,0.114,66.253
skycell,"10""",709,48,0,1,2,0.581,0.19,0.647
skycell,"10""",850,49,0,1,2,0.375,0.083,0.414
skycell,"10""",927,50,0,2,1,0.207,0.073,0.239
skycell,"10""",880,51,0,2,1,0.392,0.06,0.423
skycell,"10""",864,52,0,2,1,0.384,0.069,0.422
skycell,"10""",895,53,0,1,3,0.525,0.05,0.568
skycell,"10""",1047,54,1,4,3,0.394,0.066,0.437
skycell,"10""",883,55,0,2,1,0.16,0.058,0.188
skycell,"10""",738,56,0,3,3,0.635,0.053,0.673
skycell,"10""",664,57,1,1,3,172.097,0.065,172.21
skycell,"10""",852,58,1,1,3,469.416,0.134,469.523
skycell,"10""",870,59,0,2,1,0.341,0.123,0.387
skycell,"10""",1005,60,1,1,3,0.784,0.086,0.863
skycell,"10""",916,61,0,2,1,0.474,0.076,0.521
skycell,"10""",1026,62,1,1,3,115.949,0.076,116.065
skycell,"10""",683,63,1,2,2,0.551,0.124,0.605
skycell,"10""",915,64,0,5,1,0.226,0.061,0.266
skycell,"10""",1039,65,1,1,3,103.837,0.049,103.974
skycell,"10""",756,66,0,5,1,0.535,0.122,0.597
skycell,"10""",799,67,0,2,1,0.382,0.106,0.448
skycell,"10""",981,68,1,1,3,5.061,0.088,5.14
skycell,"10""",769,69,1,1,3,106.58,0.06,106.677
skycell,"10""",1015,70,1,1,3,80.505,0.186,80.615
skycell,"10""",859,71,0,2,1,0.612,0.129,0.693
skycell,"10""",912,72,3,11,3,70.448,0.102,70.601
skycell,"10""",978,73,1,1,3,1.103,0.118,1.275
skycell,"10""",719,74,1,1,3,60.907,0.116,61.035
skycell,"10""",957,75,0,2,1,0.422,0.12,0.468
skycell,"10""",995,76,1,5,2,0.69,0.08,0.774
skycell,"10""",760,77,1,2,2,0.664,0.072,0.728
skycell,"10""",790,78,1,2,2,75.301,0.071,75.399
skycell,"10""",672,79,1,2,2,42.501,0.138,42.622
skycell,"10""",741,80,0,2,1,0.517,0.132,0.603
skycell,"10""",658,81,0,1,2,0.663,0.12,0.733
skycell,"10""",943,82,1,1,3,75.633,0.08,75.73
skycell,"10""",834,83,1,5,2,1.032,0.214,1.148
skycell,"10""",817,84,0,1,2,0.821,0.1,0.878
skycell,"10""",1009,85,1,5,3,1.152,0.092,1.261
skycell,"10""",809,86,1,5,2,0.652,0.087,0.723
skycell,"10""",685,87,0,11,1,0.399,0.08,0.455
skycell,"10""",877,88,1,1,3,0.707,0.079,0.785
skycell,"10""",796,89,0,2,1,0.611,0.153,0.67
skycell,"10""",787,90,0,5,1,0.694,0.08,0.814
skycell,"10""",848,91,0,2,1,0.322,0.093,0.366
skycell,"10""",1028,92,1,2,2,0.747,0.131,0.815
skycell,"10""",661,93,0,2,1,0.661,0.084,0.713
skycell,"10""",768,94,1,1,3,662.798,0.077,662.973
skycell,"10""",865,95,0,2,1,0.256,0.142,0.321
skycell,"10""",819,96,0,2,1,0.303,0.053,0.33
skycell,"10""",949,97,0,2,1,0.426,0.066,0.453
skycell,"10""",843,98,0,1,2,0.397,0.054,0.423
skycell,"10""",939,99,0,2,1,0.291,0.051,0.317
skycell,"10""",919,100,0,2,1,0.163,0.052,0.186
skycell,"10""",921,101,1,1,3,0.654,0.044,0.685
skycell,"10""",974,102,1,2,2,0.435,0.047,0.489
skycell,"10""",960,103,0,2,1,0.215,0.038,0.238
skycell,"10""",816,104,1,2,2,55.252,0.041,55.311
skycell,"10""",872,105,0,2,1,0.371,0.08,0.407
skycell,"10""",821,106,0,2,1,0.331,0.062,0.382
skycell,"10""",1051,107,1,2,2,52.106,0.094,52.206
skycell,"10""",757,108,0,5,1,0.395,0.214,0.467
skycell,"10""",869,109,0,5,2,0.705,0.173,0.802
skycell,"10""",705,110,0,5,1,0.468,0.09,0.537
skycell,"10""",894,111,0,11,2,0.797,0.059,0.876
skycell,"10""",785,112,1,1,3,105.35,0.096,105.516
skycell,"10""",875,113,1,5,2,2.084,0.132,2.198
skycell,"10""",945,114,0,2,2,62.884,0.094,62.965
skycell,"10""",1056,115,1,2,2,1.079,0.125,1.193
skycell,"10""",835,116,1,2,2,1.181,0.109,1.297
skycell,"10""",934,117,0,5,1,1.29,0.064,1.346
skycell,"10""",774,118,1,1,3,1.357,0.08,1.466
skycell,"10""",966,119,1,2,2,8.506,0.071,8.565
skycell,"10""",770,120,0,2,1,0.476,0.06,0.556
skycell,"10""",990,121,1,5,2,145.848,0.069,145.955
skycell,"10""",707,122,0,2,1,0.362,0.166,0.412
skycell,"10""",1050,123,1,2,2,54.709,0.062,54.807
skycell,"10""",718,124,1,2,2,62.071,0.132,62.186
skycell,"10""",874,125,1,2,2,0.479,0.121,0.533
skycell,"10""",1040,126,1,1,3,110.754,0.066,110.885
skycell,"10""",1055,127,1,1,3,70.436,0.15,70.655
skycell,"10""",693,128,0,2,1,0.305,0.168,0.39
skycell,"10""",694,129,0,2,1,0.262,0.108,0.313
skycell,"10""",985,130,1,2,2,63.465,0.065,63.562
skycell,"10""",684,131,1,1,3,168.029,0.114,168.147
skycell,"10""",897,132,1,6,2,48.245,0.204,48.483
skycell,"10""",729,133,1,2,2,0.482,0.12,0.535
skycell,"10""",764,134,0,2,1,0.286,0.075,0.319
skycell,"10""",1049,135,1,2,2,5.983,0.062,6.06
skycell,"10""",948,136,1,2,2,69.705,0.084,69.801
skycell,"10""",731,137,0,2,1,0.348,0.15,0.403
skycell,"10""",669,138,0,2,1,0.319,0.077,0.353
skycell,"10""",743,139,1,5,2,0.492,0.082,0.548
skycell,"10""",962,140,1,2,2,67.12,0.06,67.233
skycell,"10""",1017,141,1,2,2,0.905,0.152,1.039
skycell,"10""",671,142,1,2,2,50.72,0.079,50.799
skycell,"10""",862,143,0,2,2,0.859,0.144,0.94
skycell,"10""",745,144,1,2,2,2.635,0.085,2.718
skycell,"10""",720,145,0,2,1,0.372,0.099,0.417
skycell,"10""",711,146,1,5,2,0.651,0.063,0.75
skycell,"10""",786,147,0,2,2,1.026,0.078,1.078
skycell,"10""",907,148,0,4,2,0.634,0.108,0.681
skycell,"10""",823,149,0,2,1,0.59,0.058,0.629
skycell,"10""",954,150,0,2,2,0.659,0.059,0.71
skycell,"10""",944,151,1,2,2,0.552,0.092,0.628
skycell,"10""",1020,152,1,2,2,69.669,0.085,69.83
skycell,"10""",971,153,1,5,3,61.435,0.145,61.618
skycell,"10""",811,154,0,2,1,0.993,0.119,1.057
skycell,"10""",824,155,1,4,3,1.112,0.116,1.205
skycell,"10""",876,156,0,2,1,0.404,0.149,0.452
skycell,"10""",779,157,0,2,1,0.843,0.079,0.896
skycell,"10""",789,158,0,8,1,0.791,0.144,0.866
skycell,"10""",660,159,1,2,2,54.345,0.061,54.421
skycell,"10""",991,160,1,1,3,48.579,0.113,48.784
skycell,"10""",983,161,1,5,3,96.629,0.134,96.82
skycell,"10""",1013,162,1,2,2,0.581,0.135,0.626
skycell,"10""",736,163,0,2,1,0.386,0.051,0.435
skycell,"10""",733,164,1,2,2,0.61,0.151,0.667
skycell,"10""",882,165,0,2,1,0.352,0.117,0.415
skycell,"10""",735,166,0,2,1,0.574,0.065,0.614
skycell,"10""",967,167,1,3,4,97.351,1.021,97.495
skycell,"10""",920,168,0,5,1,0.188,0.13,0.226
skycell,"10""",1038,169,1,5,2,50.332,0.046,50.427
skycell,"10""",783,170,0,5,1,0.601,0.15,0.685
skycell,"10""",807,171,1,2,2,1.279,0.162,1.363
skycell,"10""",753,172,0,2,1,0.456,0.091,0.519
skycell,"10""",886,173,1,2,2,65.461,0.08,65.56
skycell,"10""",781,174,1,6,2,48.993,0.16,49.123
skycell,"10""",677,175,0,5,2,0.612,0.105,0.91
skycell,"10""",815,176,1,11,2,0.881,0.157,1.004
skycell,"10""",832,177,1,2,2,0.666,0.063,0.713
skycell,"10""",782,178,1,2,2,96.223,0.061,96.321
skycell,"10""",938,179,0,2,1,0.318,0.128,1.222
skycell,"10""",881,180,0,5,1,1.071,0.128,1.149
skycell,"10""",914,181,0,1,2,87.905,0.073,87.984
skycell,"10""",1014,182,1,2,2,50.33,0.152,50.437
skycell,"10""",717,183,0,1,2,0.483,0.132,0.523
skycell,"10""",826,184,1,2,2,0.587,0.049,0.669
skycell,"10""",800,185,0,2,1,0.308,0.052,0.337
skycell,"10""",993,186,1,2,2,0.609,0.083,0.666
skycell,"10""",795,187,1,2,2,0.576,0.051,0.63
skycell,"10""",1048,188,1,2,2,69.601,0.058,69.684
skycell,"10""",887,189,1,2,2,0.585,0.114,0.699
skycell,"10""",724,190,1,2,2,0.451,0.085,0.498
skycell,"10""",687,191,1,4,3,112.159,0.062,112.293
skycell,"10""",1011,192,1,2,2,0.637,0.131,0.687
skycell,"10""",925,193,0,2,1,0.148,0.075,0.182
skycell,"10""",1053,194,1,1,3,64.506,0.176,64.604
skycell,"10""",964,195,1,2,2,0.588,0.127,0.647
skycell,"10""",812,196,0,2,1,0.229,0.099,0.256
skycell,"10""",794,197,0,2,2,1.495,0.051,1.555
skycell,"10""",1025,198,1,2,2,1.251,0.07,1.313
skycell,"10""",725,199,0,2,1,0.346,0.066,0.382
skycell,"10""",1036,200,1,2,2,95.229,0.069,95.359
skycell,"10""",665,201,1,2,2,1.562,0.207,1.672
skycell,"10""",805,202,0,2,1,0.402,0.126,0.466
skycell,"10""",857,203,0,2,1,0.329,0.083,0.373
skycell,"10""",1029,204,1,2,2,0.589,0.059,0.638
skycell,"10""",846,205,1,5,2,1.813,0.064,1.891
skycell,"10""",992,206,1,2,2,1,0.161,1.066
skycell,"10""",773,207,0,2,1,0.343,0.069,0.39
skycell,"10""",754,208,1,2,2,0.901,0.084,0.976
skycell,"10""",663,209,0,2,1,0.374,0.086,0.419
skycell,"10""",1027,210,1,2,2,0.763,0.093,0.828
skycell,"10""",761,211,0,2,1,0.36,0.091,0.408
skycell,"10""",901,212,0,2,2,0.926,0.077,0.985
skycell,"10""",970,213,1,2,2,0.533,0.084,0.647
skycell,"10""",697,214,1,2,2,106.034,0.133,106.156
skycell,"10""",913,215,0,2,1,4.354,0.146,4.483
skycell,"10""",908,216,0,2,1,0.505,0.113,0.548
skycell,"10""",856,217,0,2,1,0.423,0.062,0.457
skycell,"10""",776,218,0,2,1,0.362,0.099,0.397
skycell,"10""",747,219,0,5,1,0.505,0.069,0.574
skycell,"10""",940,220,0,2,1,0.345,0.056,0.374
skycell,"10""",715,221,1,2,2,0.683,0.048,0.755
skycell,"10""",830,222,2,1,3,191.264,0.086,191.412
skycell,"10""",968,223,1,6,2,1.042,0.206,1.229
skycell,"10""",839,224,2,1,3,52.432,0.085,52.527
skycell,"10""",675,225,0,2,1,0.387,0.12,0.438
skycell,"10""",936,226,0,2,1,0.148,0.163,0.208
skycell,"10""",751,227,0,2,1,1.05,0.064,1.092
skycell,"10""",941,228,0,2,1,0.36,0.059,0.395
skycell,"10""",953,229,0,5,1,0.33,0.046,0.363
skycell,"10""",1006,230,1,1,3,60.17,0.112,60.3
skycell,"10""",975,231,1,1,3,56.331,0.163,56.455
skycell,"10""",851,232,1,2,2,71.268,0.171,71.378
skycell,"10""",994,233,1,2,2,0.763,0.153,0.85
skycell,"10""",1022,234,1,2,2,0.54,0.069,0.607
skycell,"10""",766,235,1,5,2,43.178,0.083,43.287
skycell,"10""",814,236,0,6,0,0,0.129,0.047
skycell,"10""",792,237,1,2,2,0.894,0.07,1.02
skycell,"10""",873,238,0,5,1,0.183,0.126,0.233
skycell,"10""",988,239,1,2,2,1.164,0.092,1.233
skycell,"10""",1032,240,1,2,2,59.899,0.082,60.02
skycell,"10""",698,241,0,2,1,0.409,0.123,0.454
skycell,"10""",998,242,1,5,3,62.809,0.06,62.938
skycell,"10""",1042,243,1,2,2,0.977,0.212,1.062
skycell,"10""",976,244,1,2,2,0.926,0.095,1.068
skycell,"10""",706,245,1,2,2,1.097,0.101,1.16
skycell,"10""",798,246,0,3,0,0,0.08,0.032
skycell,"10""",673,247,0,2,1,1.072,0.044,1.104
skycell,"10""",931,248,0,5,1,0.294,0.074,0.345
skycell,"10""",678,249,0,2,1,1.341,0.07,1.387
skycell,"10""",1045,250,1,1,3,1.039,0.078,1.103
skycell,"10""",989,251,1,2,2,54.79,0.057,54.862
skycell,"10""",752,252,0,5,2,0.503,0.088,0.551
skycell,"10""",1035,253,1,2,2,0.436,0.054,0.473
skycell,"10""",950,254,1,2,2,53.759,0.051,53.832
skycell,"10""",909,255,0,1,2,286.629,0.108,286.755
skycell,"10""",737,256,0,2,1,0.318,0.197,0.404
skycell,"10""",898,257,0,5,1,0.399,0.069,0.431
skycell,"10""",858,258,0,2,2,0.774,0.055,0.82
skycell,"10""",780,259,0,5,3,57.603,0.083,57.732
skycell,"10""",808,260,0,5,1,0.272,0.106,0.344
skycell,"10""",1000,261,1,2,2,0.658,0.064,0.696
skycell,"10""",903,262,1,2,2,64.824,0.055,64.905
skycell,"10""",1003,263,1,5,2,0.893,0.179,0.964
skycell,"10""",836,264,0,2,1,4.877,0.094,4.926
skycell,"10""",721,265,1,6,2,0.625,0.075,0.675
skycell,"10""",900,266,0,2,1,0.26,0.069,0.301
skycell,"10""",855,267,1,2,2,0.504,0.066,0.551
skycell,"10""",708,268,0,5,1,0.291,0.062,0.32
skycell,"10""",871,269,0,5,1,0.201,0.044,0.223
skycell,"10""",699,270,0,2,1,0.186,0.044,0.216
skycell,"10""",822,271,0,2,1,0.089,0.04,0.106
skycell,"10""",1031,272,1,2,2,0.413,0.031,0.444
skycell,"10""",853,273,0,5,1,0.127,0.076,0.157
skycell,"10""",749,274,0,2,2,0.341,0.043,0.368
skycell,"10""",837,275,0,2,3,3.574,0.049,3.629
skycell,"10""",750,276,1,2,2,59.523,0.077,59.617
skycell,"10""",702,277,0,5,1,0.482,0.105,0.543
skycell,"10""",657,278,0,5,1,2.427,0.069,2.502
skycell,"10""",701,279,1,2,2,0.832,0.264,0.903
skycell,"10""",942,280,0,2,2,63.874,0.126,63.969
skycell,"10""",911,281,0,2,1,0.306,0.108,0.348
skycell,"10""",667,282,1,2,2,78.486,0.063,78.641
skycell,"10""",902,283,0,5,1,0.248,0.142,0.289
skycell,"10""",810,284,0,2,1,0.3,0.046,0.367
skycell,"10""",999,285,1,5,2,0.542,0.055,0.585
skycell,"10""",937,286,1,5,3,59.495,0.064,59.615
skycell,"10""",771,287,0,2,1,0.325,0.127,0.371
skycell,"10""",845,288,0,4,2,0.267,0.077,0.32
skycell,"10""",1001,289,1,10,4,1.186,0.085,1.336
skycell,"10""",1043,290,1,2,2,0.524,0.07,0.575
skycell,"10""",732,291,0,2,2,416.362,0.07,416.47
skycell,"10""",1034,292,1,2,2,0.464,0.199,0.554
skycell,"10""",662,293,0,2,1,0.997,0.062,1.051
skycell,"10""",924,294,0,2,1,0.343,0.095,0.385
skycell,"10""",797,295,0,5,1,0.306,0.122,0.373
skycell,"10""",758,296,0,3,0,0,0.069,0.021
skycell,"10""",690,297,0,2,1,0.264,0.032,0.29
skycell,"10""",775,298,0,5,1,0.416,0.076,0.47
skycell,"10""",788,299,1,2,2,67.851,0.059,67.934
skycell,"10""",972,300,1,2,2,0.675,0.117,0.755
skycell,"10""",828,301,1,9,2,0.549,0.13,0.601
skycell,"10""",892,302,0,2,1,0.373,0.055,0.397
skycell,"10""",979,303,1,2,2,68.218,0.049,68.361
skycell,"10""",923,304,1,2,2,0.982,0.12,1.037
skycell,"10""",947,305,0,2,1,0.37,0.057,0.428
skycell,"10""",946,306,1,2,2,0.747,0.084,0.803
skycell,"10""",722,307,0,5,1,0.352,0.059,0.398
skycell,"10""",906,308,0,2,1,0.324,0.057,0.356
skycell,"10""",973,309,1,5,3,324.635,0.051,324.768
skycell,"10""",866,310,0,2,1,0.223,0.118,0.258
skycell,"10""",679,311,1,2,2,71.909,0.115,71.999
skycell,"10""",926,312,0,3,0,0,0.127,0.047
skycell,"10""",977,313,1,2,2,351.273,0.026,351.361
skycell,"10""",755,314,0,5,1,0.317,0.142,0.362
skycell,"10""",922,315,0,2,1,0.377,0.067,0.409
skycell,"10""",1023,316,1,4,3,71.581,0.058,71.69
skycell,"10""",829,317,0,2,1,0.334,0.122,0.381
skycell,"10""",891,318,1,2,2,0.585,0.063,0.634
skycell,"10""",928,319,0,2,1,0.38,0.068,0.431
skycell,"10""",714,320,0,5,2,0.475,0.063,0.521
skycell,"10""",958,321,0,2,1,0.311,0.082,0.359
skycell,"10""",932,322,0,2,1,0.251,0.062,0.286
skycell,"10""",728,323,0,2,1,0.313,0.046,0.337
skycell,"10""",879,324,1,2,2,57.185,0.077,57.286
skycell,"10""",825,325,0,2,1,0.357,0.155,0.402
skycell,"10""",893,326,0,2,1,0.295,0.128,0.358
skycell,"10""",806,327,0,2,1,2.334,0.056,2.387
skycell,"10""",730,328,0,2,1,0.539,0.108,0.594
skycell,"10""",703,329,0,2,1,0.332,0.067,0.362
skycell,"10""",961,330,0,5,1,0.306,0.061,0.359
skycell,"10""",1007,331,1,2,2,0.409,0.075,0.506
skycell,"10""",1041,332,1,5,2,0.601,0.065,0.641
skycell,"10""",980,333,1,2,2,154.546,0.053,154.645
skycell,"10""",765,334,0,2,1,0.455,0.213,0.521
skycell,"10""",984,335,1,4,3,57.239,0.148,57.351
skycell,"10""",917,336,0,2,1,0.165,0.094,0.2
skycell,"10""",793,337,1,5,2,49.338,0.053,49.416
skycell,"10""",1054,338,1,2,2,0.658,0.107,0.716
skycell,"10""",804,339,1,6,2,0.592,0.061,0.654
skycell,"10""",676,340,0,5,1,0.143,0.061,0.179
skycell,"10""",868,341,0,2,1,0.252,0.052,0.277
skycell,"10""",878,342,1,2,2,92.145,0.052,92.229
skycell,"10""",739,343,1,6,1,0.478,0.138,0.546
skycell,"10""",987,344,1,2,2,1.048,0.067,1.109
skycell,"10""",791,345,1,2,2,0.877,0.123,0.925
skycell,"10""",778,346,0,5,1,0.251,0.065,0.284
skycell,"10""",813,347,1,5,2,0.401,0.052,0.476
skycell,"10""",831,348,0,2,1,0.438,0.056,0.479
skycell,"10""",1033,349,1,2,2,0.782,0.082,0.836
skycell,"10""",910,350,0,5,1,0.56,0.068,0.641
skycell,"10""",820,351,1,2,2,44.275,0.061,44.339
skycell,"10""",748,352,0,2,1,0.284,0.085,0.336
skycell,"10""",695,353,0,2,2,0.732,0.116,0.796
skycell,"10""",1030,354,1,1,3,63.394,0.085,63.489
skycell,"10""",692,355,1,5,3,275.807,0.116,275.937
skycell,"10""",772,356,0,2,1,0.458,0.128,0.5
skycell,"10""",700,357,0,2,1,0.334,0.055,0.361
skycell,"10""",952,358,0,1,2,0.402,0.051,0.426
skycell,"10""",710,359,1,5,2,0.427,0.052,0.474
skycell,"10""",969,360,1,2,2,0.597,0.055,0.626
skycell,"10""",716,361,0,2,1,0.13,0.048,0.149
skycell,"10""",935,362,0,5,2,0.472,0.041,0.498
skycell,"10""",742,363,1,2,2,0.355,0.044,0.383
skycell,"10""",844,364,0,2,1,0.175,0.053,0.197
skycell,"10""",734,365,0,8,1,0.27,0.033,0.289
skycell,"10""",997,366,1,2,2,0.529,0.035,0.552
skycell,"10""",1037,367,1,2,2,50.832,0.039,50.907
skycell,"10""",867,368,1,2,2,0.615,0.092,0.681
skycell,"10""",740,369,0,2,1,0.222,0.051,0.246
skycell,"10""",965,370,1,1,3,212.564,0.068,212.667
skycell,"10""",763,371,0,2,1,0.394,0.126,0.442
skycell,"10""",955,372,1,5,2,0.524,0.057,0.575
skycell,"10""",1018,373,1,2,2,52.562,0.115,52.661
skycell,"10""",818,374,0,2,2,0.505,0.106,0.548
skycell,"10""",777,375,1,2,2,0.528,0.049,0.597
skycell,"10""",767,376,1,2,2,65.496,0.058,65.591
skycell,"10""",1012,377,1,2,2,109.208,0.112,109.35
skycell,"10""",847,378,0,2,1,0.259,0.124,0.308
skycell,"10""",904,379,1,2,2,0.905,0.056,0.967
skycell,"10""",1052,380,1,2,2,0.617,0.067,0.655
skycell,"10""",905,381,0,2,1,0.418,0.065,0.463
skycell,"10""",704,382,1,5,2,71.095,0.07,71.225
skycell,"10""",688,383,1,2,2,43.962,0.114,44.061
skycell,"10""",854,384,0,3,0,0,0.117,0.034
skycell,"10""",838,385,0,2,1,0.413,0.052,0.463
skycell,"10""",861,386,0,3,0,0,0.087,0.031
skycell,"10""",759,387,1,2,2,0.852,0.042,0.911
skycell,"10""",827,388,1,2,2,0.748,0.071,0.808
skycell,"10""",840,389,1,2,2,0.555,0.063,0.634
skycell,"10""",666,390,0,2,1,0.253,0.06,0.282
skycell,"10""",727,391,0,2,2,0.491,0.048,0.524
skycell,"10""",1002,392,1,2,2,0.436,0.069,0.48
skycell,"10""",842,393,0,2,1,0.153,0.043,0.172
skycell,"10""",860,394,0,2,1,0.25,0.036,0.268
skycell,"10""",784,395,0,5,1,0.308,0.034,0.337
skycell,"10""",680,396,0,2,1,0.383,0.063,0.432
skycell,"10""",986,397,1,2,2,53.965,0.067,54.041
skycell,"10""",849,398,0,2,1,0.41,0.106,0.449
skycell,"10""",982,399,2,2,2,199.619,0.083,199.746
skycell,"10""",1004,400,1,5,2,53.927,0.128,54.052
pgsphere,"10""",833,1,0,23,5,1.857,9.989,2.38
pgsphere,"10""",899,2,0,1,3,0.75,0.084,0.85
pgsphere,"10""",1024,3,1,2,4,160.465,0.061,160.594
pgsphere,"10""",890,4,1,1,7,128.145,0.162,128.333
pgsphere,"10""",841,5,1,2,5,1.043,0.114,1.144
pgsphere,"10""",1019,6,1,2,4,1.085,0.05,1.183
pgsphere,"10""",933,7,0,3,2,0.403,0.051,0.455
pgsphere,"10""",744,8,0,2,3,0.426,0.077,0.471
pgsphere,"10""",896,9,0,2,3,1.313,0.047,1.377
pgsphere,"10""",762,10,1,2,3,125.56,0.056,125.65
pgsphere,"10""",1021,11,1,3,7,62.518,0.107,62.677
pgsphere,"10""",889,12,0,2,2,0.757,0.18,0.858
pgsphere,"10""",689,13,0,2,2,1.522,0.075,1.6
pgsphere,"10""",713,14,0,2,3,0.64,0.065,0.717
pgsphere,"10""",723,15,0,4,2,0.384,0.065,0.463
pgsphere,"10""",682,16,1,2,4,61.115,0.083,61.217
pgsphere,"10""",1016,17,1,4,3,3.921,0.07,4.057
pgsphere,"10""",888,18,0,4,1,0.306,0.055,0.348
pgsphere,"10""",996,19,1,2,3,196.378,0.038,196.477
pgsphere,"10""",696,20,0,2,3,1.14,0.141,1.269
pgsphere,"10""",929,21,0,2,2,0.337,0.191,0.385
pgsphere,"10""",726,22,0,2,3,0.517,0.052,0.562
pgsphere,"10""",674,23,1,3,5,1.079,0.043,1.142
pgsphere,"10""",885,24,1,2,4,201.102,0.048,201.221
pgsphere,"10""",959,25,0,2,3,0.533,0.099,0.592
pgsphere,"10""",659,26,0,5,1,0.279,0.057,0.33
pgsphere,"10""",1044,27,1,2,3,0.617,0.048,0.668
pgsphere,"10""",686,28,1,1,4,0.789,0.047,0.837
pgsphere,"10""",691,29,0,5,2,0.317,0.054,0.363
pgsphere,"10""",802,30,0,4,2,0.354,0.049,0.405
pgsphere,"10""",1046,31,1,2,5,109.657,0.04,109.8
pgsphere,"10""",1008,32,2,2,5,364.805,0.11,364.996
pgsphere,"10""",681,33,1,2,3,294.886,0.102,295.048
pgsphere,"10""",956,34,0,4,2,0.697,0.104,0.79
pgsphere,"10""",884,35,1,3,3,1.062,0.067,1.141
pgsphere,"10""",670,36,1,2,5,189.859,0.051,190.072
pgsphere,"10""",746,37,0,3,1,0.392,0.107,0.465
pgsphere,"10""",801,38,0,2,3,0.55,0.061,0.601
pgsphere,"10""",668,39,1,2,5,798.399,0.046,799.03
pgsphere,"10""",863,40,0,3,2,0.638,0.141,0.718
pgsphere,"10""",712,41,0,4,1,0.338,0.07,0.399
pgsphere,"10""",803,42,1,3,5,326.454,0.065,326.621
pgsphere,"10""",951,43,1,3,5,104.68,0.104,105.807
pgsphere,"10""",930,44,0,2,1,0.13,0.094,0.173
pgsphere,"10""",963,45,1,2,3,0.679,0.038,0.735
pgsphere,"10""",918,46,1,2,3,0.641,0.045,0.696
pgsphere,"10""",1010,47,1,5,2,155.263,0.045,155.368
pgsphere,"10""",709,48,0,3,2,0.874,0.1,0.955
pgsphere,"10""",850,49,0,2,2,110.421,0.064,110.528
pgsphere,"10""",927,50,0,3,1,0.542,0.145,0.64
pgsphere,"10""",880,51,0,4,2,0.716,0.099,0.804
pgsphere,"10""",864,52,0,4,1,0.271,0.058,0.315
pgsphere,"10""",895,53,0,2,4,107.437,0.056,107.54
pgsphere,"10""",1047,54,1,2,4,0.862,0.096,0.936
pgsphere,"10""",883,55,0,3,2,0.427,0.053,0.474
pgsphere,"10""",738,56,0,2,3,0.537,0.042,0.576
pgsphere,"10""",664,57,1,3,6,261.803,0.041,261.949
pgsphere,"10""",852,58,1,2,3,179.29,0.1,179.396
pgsphere,"10""",870,59,0,4,2,1.011,0.093,1.095
pgsphere,"10""",1005,60,1,2,3,0.699,0.065,0.755
pgsphere,"10""",916,61,0,3,2,0.432,0.055,0.474
pgsphere,"10""",1026,62,1,3,4,483.732,0.045,483.876
pgsphere,"10""",683,63,1,4,2,0.504,0.102,0.573
pgsphere,"10""",915,64,0,2,4,0.53,0.048,0.582
pgsphere,"10""",1039,65,1,2,3,55.179,0.048,55.294
pgsphere,"10""",756,66,0,4,2,0.431,0.084,0.508
pgsphere,"10""",799,67,0,4,1,0.435,0.061,0.482
pgsphere,"10""",981,68,1,2,4,88.936,0.085,89.071
pgsphere,"10""",769,69,1,2,3,57.756,0.093,57.874
pgsphere,"10""",1015,70,1,2,3,67.572,0.153,67.696
pgsphere,"10""",859,71,0,4,0,0,0.1,0.044
pgsphere,"10""",912,72,3,2,3,0.919,0.019,0.964
pgsphere,"10""",978,73,1,3,4,190.167,0.044,190.272
pgsphere,"10""",719,74,1,3,4,1.177,0.121,1.251
pgsphere,"10""",957,75,0,2,2,0.381,0.049,0.42
pgsphere,"10""",995,76,1,2,3,0.523,0.038,0.565
pgsphere,"10""",760,77,1,2,4,219.268,0.04,219.481
pgsphere,"10""",790,78,1,4,4,70.237,0.152,70.411
pgsphere,"10""",672,79,1,3,4,57.006,0.126,57.148
pgsphere,"10""",741,80,0,4,3,1.064,0.097,1.168
pgsphere,"10""",658,81,0,4,3,0.803,0.064,0.875
pgsphere,"10""",943,82,1,4,4,268.887,0.053,269.034
pgsphere,"10""",834,83,1,4,4,0.888,0.207,1.051
pgsphere,"10""",817,84,0,3,1,0.416,0.076,0.484
pgsphere,"10""",1009,85,1,2,4,0.849,0.08,0.928
pgsphere,"10""",809,86,1,2,3,242.628,0.061,242.837
pgsphere,"10""",685,87,0,3,2,0.406,0.137,0.465
pgsphere,"10""",877,88,1,2,6,52.4,0.044,52.511
pgsphere,"10""",796,89,0,2,2,0.701,0.091,0.761
pgsphere,"10""",787,90,0,3,1,0.462,0.06,0.526
pgsphere,"10""",848,91,0,4,1,0.442,0.059,0.491
pgsphere,"10""",1028,92,1,3,3,0.742,0.051,0.867
pgsphere,"10""",661,93,0,4,3,0.708,0.051,0.762
pgsphere,"10""",768,94,1,3,4,104.091,0.049,104.205
pgsphere,"10""",865,95,0,4,1,0.442,0.148,0.53
pgsphere,"10""",819,96,0,4,1,0.396,0.105,0.445
pgsphere,"10""",949,97,0,3,2,0.497,0.042,0.549
pgsphere,"10""",843,98,0,2,2,0.351,0.049,0.39
pgsphere,"10""",939,99,0,3,3,0.561,0.043,0.609
pgsphere,"10""",919,100,0,4,1,0.304,0.046,0.344
pgsphere,"10""",921,101,1,2,3,102.903,0.054,102.999
pgsphere,"10""",974,102,1,2,3,1.095,0.104,1.164
pgsphere,"10""",960,103,0,3,1,0.276,0.082,0.326
pgsphere,"10""",816,104,1,3,2,46.289,0.053,46.427
pgsphere,"10""",872,105,0,4,2,0.425,0.078,0.502
pgsphere,"10""",821,106,0,4,3,0.81,0.043,0.879
pgsphere,"10""",1051,107,1,3,2,0.783,0.074,0.849
pgsphere,"10""",757,108,0,3,1,0.37,0.047,0.422
pgsphere,"10""",869,109,0,4,1,0.655,0.054,0.703
pgsphere,"10""",705,110,0,3,2,0.427,0.044,0.469
pgsphere,"10""",894,111,0,2,2,0.551,0.042,0.587
pgsphere,"10""",785,112,1,2,5,46.059,0.04,46.217
pgsphere,"10""",875,113,1,3,3,0.95,0.08,1.049
pgsphere,"10""",945,114,0,2,2,0.719,0.067,0.781
pgsphere,"10""",1056,115,1,3,4,0.932,0.051,1.002
pgsphere,"10""",835,116,1,4,3,0.606,0.045,0.665
pgsphere,"10""",934,117,0,4,0,0,0.146,0.038
pgsphere,"10""",774,118,1,2,4,0.718,0.036,0.76
pgsphere,"10""",966,119,1,3,7,0.68,0.037,0.738
pgsphere,"10""",770,120,0,5,2,0.356,0.029,0.409
pgsphere,"10""",990,121,1,2,3,60.262,0.063,60.358
pgsphere,"10""",707,122,0,3,1,0.456,0.097,0.501
pgsphere,"10""",1050,123,1,3,2,0.883,0.044,0.952
pgsphere,"10""",718,124,1,2,4,138.168,0.054,138.301
pgsphere,"10""",874,125,1,2,3,64.255,0.143,64.411
pgsphere,"10""",1040,126,1,2,5,196.338,0.092,196.515
pgsphere,"10""",1055,127,1,2,3,93.633,0.119,93.783
pgsphere,"10""",693,128,0,3,1,0.367,0.099,0.417
pgsphere,"10""",694,129,0,3,1,0.241,0.043,0.277
pgsphere,"10""",985,130,1,3,5,453.23,0.041,453.407
pgsphere,"10""",684,131,1,4,7,715.285,0.1,715.538
pgsphere,"10""",897,132,1,3,3,52.074,0.096,52.185
pgsphere,"10""",729,133,1,5,5,0.878,0.094,0.998
pgsphere,"10""",764,134,0,3,2,0.196,0.059,0.24
pgsphere,"10""",1049,135,1,4,8,0.557,0.04,0.635
pgsphere,"10""",948,136,1,2,3,58.141,0.037,58.226
pgsphere,"10""",731,137,0,2,2,0.795,0.085,0.875
pgsphere,"10""",669,138,0,3,4,0.586,0.116,0.66
pgsphere,"10""",743,139,1,3,2,0.321,0.063,0.371
pgsphere,"10""",962,140,1,2,5,312.795,0.043,312.985
pgsphere,"10""",1017,141,1,3,2,0.976,0.1,1.075
pgsphere,"10""",671,142,1,3,2,249.424,0.066,249.524
pgsphere,"10""",862,143,0,2,2,0.432,0.103,0.49
pgsphere,"10""",745,144,1,3,6,0.592,0.048,0.681
pgsphere,"10""",720,145,0,3,1,0.114,0.055,0.146
pgsphere,"10""",711,146,1,3,4,0.355,0.031,0.398
pgsphere,"10""",786,147,0,2,4,217.247,0.029,217.348
pgsphere,"10""",907,148,0,2,4,0.462,0.104,0.534
pgsphere,"10""",823,149,0,2,2,0.305,0.089,0.34
pgsphere,"10""",954,150,0,2,2,0.168,0.042,0.196
pgsphere,"10""",944,151,1,2,4,0.568,0.028,0.613
pgsphere,"10""",1020,152,1,2,3,52.702,0.031,52.786
pgsphere,"10""",971,153,1,2,5,345.327,0.08,345.458
pgsphere,"10""",811,154,0,3,1,0.335,0.104,0.39
pgsphere,"10""",824,155,1,2,3,1.04,0.056,1.182
pgsphere,"10""",876,156,0,4,2,0.475,0.057,0.529
pgsphere,"10""",779,157,0,2,2,0.271,0.047,0.328
pgsphere,"10""",789,158,0,3,1,0.301,0.057,0.34
pgsphere,"10""",660,159,1,3,3,52.317,0.04,52.418
pgsphere,"10""",991,160,1,2,5,48.084,0.085,48.215
pgsphere,"10""",983,161,1,2,3,475.469,0.1,475.671
pgsphere,"10""",1013,162,1,4,4,1.881,0.141,2.041
pgsphere,"10""",736,163,0,3,1,0.592,0.09,0.693
pgsphere,"10""",733,164,1,3,4,1.265,0.08,1.377
pgsphere,"10""",882,165,0,3,1,0.353,0.076,0.416
pgsphere,"10""",735,166,0,3,1,0.467,0.077,0.528
pgsphere,"10""",967,167,1,3,4,362.122,0.074,362.278
pgsphere,"10""",920,168,0,3,2,0.491,0.095,0.551
pgsphere,"10""",1038,169,1,2,5,45.563,0.056,45.692
pgsphere,"10""",783,170,0,2,2,0.688,0.082,0.757
pgsphere,"10""",807,171,1,3,3,158.182,0.067,158.282
pgsphere,"10""",753,172,0,2,3,0.678,0.094,0.797
pgsphere,"10""",886,173,1,2,3,46.826,0.074,46.937
pgsphere,"10""",781,174,1,3,3,60.205,0.072,60.301
pgsphere,"10""",677,175,0,3,2,0.895,0.084,0.98
pgsphere,"10""",815,176,1,3,3,1.279,0.066,1.363
pgsphere,"10""",832,177,1,2,3,57.144,0.053,57.227
pgsphere,"10""",782,178,1,2,3,132.591,0.116,132.699
pgsphere,"10""",938,179,0,4,2,0.754,0.1,0.818
pgsphere,"10""",881,180,0,2,2,0.394,0.047,0.426
pgsphere,"10""",914,181,0,3,2,181.426,0.043,181.517
pgsphere,"10""",1014,182,1,2,3,0.927,0.14,1.004
pgsphere,"10""",717,183,0,3,1,0.557,0.053,0.601
pgsphere,"10""",826,184,1,2,3,0.868,0.048,0.921
pgsphere,"10""",800,185,0,5,1,0.503,0.046,0.549
pgsphere,"10""",993,186,1,4,3,0.677,0.044,0.733
pgsphere,"10""",795,187,1,2,5,42.79,0.044,42.875
pgsphere,"10""",1048,188,1,3,3,114.004,0.066,114.112
pgsphere,"10""",887,189,1,3,2,0.715,0.095,0.786
pgsphere,"10""",724,190,1,2,3,0.637,0.064,0.692
pgsphere,"10""",687,191,1,2,3,269.33,0.051,269.485
pgsphere,"10""",1011,192,1,3,3,1.387,0.106,1.492
pgsphere,"10""",925,193,0,3,1,0.291,0.071,0.349
pgsphere,"10""",1053,194,1,2,3,111.277,0.07,111.412
pgsphere,"10""",964,195,1,2,3,0.753,0.128,0.861
pgsphere,"10""",812,196,0,3,1,0.347,0.078,0.417
pgsphere,"10""",794,197,0,2,2,0.711,0.067,0.787
pgsphere,"10""",1025,198,1,3,4,1.005,0.073,1.104
pgsphere,"10""",725,199,0,3,1,0.211,0.065,0.256
pgsphere,"10""",1036,200,1,2,4,56.414,0.037,56.499
pgsphere,"10""",665,201,1,3,4,0.965,0.067,1.042
pgsphere,"10""",805,202,0,3,1,0.254,0.045,0.287
pgsphere,"10""",857,203,0,3,1,0.212,0.036,0.243
pgsphere,"10""",1029,204,1,2,4,0.908,0.033,0.947
pgsphere,"10""",846,205,1,3,2,0.444,0.058,0.478
pgsphere,"10""",992,206,1,2,3,60.357,0.03,60.429
pgsphere,"10""",773,207,0,4,2,1.068,0.076,1.157
pgsphere,"10""",754,208,1,3,3,0.668,0.052,0.718
pgsphere,"10""",663,209,0,4,3,0.68,0.074,0.731
pgsphere,"10""",1027,210,1,3,2,0.337,0.054,0.38
pgsphere,"10""",761,211,0,3,2,0.522,0.033,0.554
pgsphere,"10""",901,212,0,4,2,0.302,0.031,0.338
pgsphere,"10""",970,213,1,3,5,0.691,0.026,0.735
pgsphere,"10""",697,214,1,2,3,160.928,0.026,161.059
pgsphere,"10""",913,215,0,3,3,1.471,0.112,1.618
pgsphere,"10""",908,216,0,2,2,0.88,0.058,0.956
pgsphere,"10""",856,217,0,2,2,0.776,0.066,0.84
pgsphere,"10""",776,218,0,4,1,0.423,0.123,0.484
pgsphere,"10""",747,219,0,4,2,0.673,0.042,0.741
pgsphere,"10""",940,220,0,4,2,0.692,0.056,0.774
pgsphere,"10""",715,221,1,3,2,0.703,0.076,0.777
pgsphere,"10""",830,222,2,2,3,233.549,0.065,233.68
pgsphere,"10""",968,223,1,2,3,6.466,0.101,6.61
pgsphere,"10""",839,224,2,2,6,97.779,0.062,97.965
pgsphere,"10""",675,225,0,3,1,0.568,0.113,0.671
pgsphere,"10""",936,226,0,3,1,0.314,0.045,0.349
pgsphere,"10""",751,227,0,4,1,0.556,0.046,0.598
pgsphere,"10""",941,228,0,3,1,0.62,0.057,0.676
pgsphere,"10""",953,229,0,3,1,0.672,0.066,0.731
pgsphere,"10""",1006,230,1,2,3,47.789,0.068,47.872
pgsphere,"10""",975,231,1,2,6,44.158,0.068,44.311
pgsphere,"10""",851,232,1,3,5,44.647,0.067,44.795
pgsphere,"10""",994,233,1,3,3,0.99,0.073,1.055
pgsphere,"10""",1022,234,1,4,3,1.086,0.061,1.151
pgsphere,"10""",766,235,1,4,2,54.643,0.045,54.737
pgsphere,"10""",814,236,0,4,1,0.514,0.076,0.585
pgsphere,"10""",792,237,1,3,3,0.854,0.048,0.904
pgsphere,"10""",873,238,0,4,2,0.59,0.043,0.673
pgsphere,"10""",988,239,1,7,2,0.791,0.051,0.895
pgsphere,"10""",1032,240,1,3,3,47.781,0.04,47.853
pgsphere,"10""",698,241,0,3,1,0.355,0.065,0.397
pgsphere,"10""",998,242,1,4,2,0.734,0.063,0.787
pgsphere,"10""",1042,243,1,3,3,0.646,0.05,0.695
pgsphere,"10""",976,244,1,3,5,0.893,0.057,0.951
pgsphere,"10""",706,245,1,3,3,0.488,0.042,0.535
pgsphere,"10""",798,246,0,4,0,0,0.038,0.029
pgsphere,"10""",673,247,0,3,0,0,0.023,0.018
pgsphere,"10""",931,248,0,3,2,0.767,0.023,0.796
pgsphere,"10""",678,249,0,3,1,0.263,0.041,0.292
pgsphere,"10""",1045,250,1,4,2,0.647,0.038,0.69
pgsphere,"10""",989,251,1,4,3,193.867,0.062,193.998
pgsphere,"10""",752,252,0,3,3,1.315,0.123,1.429
pgsphere,"10""",1035,253,1,4,2,0.479,0.075,0.554
pgsphere,"10""",950,254,1,3,4,161.512,0.061,161.657
pgsphere,"10""",909,255,0,2,2,0.488,0.107,0.541
pgsphere,"10""",737,256,0,4,1,0.186,0.052,0.278
pgsphere,"10""",898,257,0,4,1,0.24,0.07,0.292
pgsphere,"10""",858,258,0,3,3,0.487,0.183,0.544
pgsphere,"10""",780,259,0,2,2,0.249,0.045,0.283
pgsphere,"10""",808,260,0,3,1,0.105,0.039,0.133
pgsphere,"10""",1000,261,1,2,3,0.336,0.031,0.404
pgsphere,"10""",903,262,1,3,4,44.511,0.037,44.629
pgsphere,"10""",1003,263,1,3,4,66.936,0.066,67.046
pgsphere,"10""",836,264,0,2,3,0.522,0.108,0.571
pgsphere,"10""",721,265,1,4,4,0.702,0.047,0.757
pgsphere,"10""",900,266,0,3,1,0.133,0.042,0.162
pgsphere,"10""",855,267,1,4,3,0.318,0.029,0.356
pgsphere,"10""",708,268,0,3,1,0.13,0.027,0.156
pgsphere,"10""",871,269,0,2,4,0.351,0.024,0.382
pgsphere,"10""",699,270,0,4,1,0.157,0.025,0.183
pgsphere,"10""",822,271,0,3,2,0.345,0.042,0.372
pgsphere,"10""",1031,272,1,3,2,54.535,0.025,54.609
pgsphere,"10""",853,273,0,3,1,0.421,0.08,0.492
pgsphere,"10""",749,274,0,4,1,0.303,0.075,0.376
pgsphere,"10""",837,275,0,4,0,0,0.059,0.035
pgsphere,"10""",750,276,1,4,3,0.717,0.024,0.785
pgsphere,"10""",702,277,0,3,1,0.169,0.052,0.211
pgsphere,"10""",657,278,0,2,3,0.432,0.067,0.481
pgsphere,"10""",701,279,1,3,2,0.36,0.047,0.462
pgsphere,"10""",942,280,0,3,5,0.442,0.057,0.505
pgsphere,"10""",911,281,0,3,1,0.129,0.053,0.167
pgsphere,"10""",667,282,1,4,2,56.05,0.033,56.121
pgsphere,"10""",902,283,0,4,2,0.343,0.073,0.398
pgsphere,"10""",810,284,0,2,2,0.212,0.045,0.245
pgsphere,"10""",999,285,1,4,2,0.278,0.036,0.321
pgsphere,"10""",937,286,1,2,4,88.361,0.047,88.468
pgsphere,"10""",771,287,0,4,1,0.284,0.085,0.345
pgsphere,"10""",845,288,0,3,1,0.203,0.049,0.24
pgsphere,"10""",1001,289,1,3,3,55.49,0.042,55.578
pgsphere,"10""",1043,290,1,3,2,0.384,0.082,0.439
pgsphere,"10""",732,291,0,5,3,0.617,0.044,0.68
pgsphere,"10""",1034,292,1,2,3,0.348,0.046,0.393
pgsphere,"10""",662,293,0,3,0,0,0.036,0.025
pgsphere,"10""",924,294,0,3,0,0,0.017,0.015
pgsphere,"10""",797,295,0,3,1,0.134,0.06,0.156
pgsphere,"10""",758,296,0,6,0,0,0.022,0.032
pgsphere,"10""",690,297,0,4,2,0.491,0.012,0.523
pgsphere,"10""",775,298,0,5,2,0.304,0.036,0.353
pgsphere,"10""",788,299,1,2,3,55.29,0.029,55.359
pgsphere,"10""",972,300,1,3,4,0.717,0.073,0.777
pgsphere,"10""",828,301,1,2,5,0.446,0.046,0.492
pgsphere,"10""",892,302,0,3,1,0.154,0.092,0.184
pgsphere,"10""",979,303,1,5,4,66.625,0.03,66.736
pgsphere,"10""",923,304,1,3,2,67.889,0.092,67.994
pgsphere,"10""",947,305,0,4,2,0.487,0.126,0.582
pgsphere,"10""",946,306,1,3,2,0.607,0.073,0.697
pgsphere,"10""",722,307,0,4,2,0.457,0.071,0.586
pgsphere,"10""",906,308,0,3,1,0.27,0.067,0.32
pgsphere,"10""",973,309,1,3,4,208.411,0.059,208.553
pgsphere,"10""",866,310,0,5,1,0.438,0.135,0.529
pgsphere,"10""",679,311,1,3,4,120.292,0.07,120.446
pgsphere,"10""",926,312,0,3,1,0.345,0.111,0.399
pgsphere,"10""",977,313,1,2,4,60.009,0.064,60.133
pgsphere,"10""",755,314,0,3,2,0.622,0.114,0.787
pgsphere,"10""",922,315,0,5,3,0.825,0.083,0.936
pgsphere,"10""",1023,316,1,2,3,59.818,0.079,59.946
pgsphere,"10""",829,317,0,3,2,0.755,0.118,0.844
pgsphere,"10""",891,318,1,3,4,1.015,0.07,1.114
pgsphere,"10""",928,319,0,3,1,0.326,0.065,0.46
pgsphere,"10""",714,320,0,5,2,0.511,0.062,0.596
pgsphere,"10""",958,321,0,5,2,0.54,0.062,0.626
pgsphere,"10""",932,322,0,3,2,0.486,0.072,0.554
pgsphere,"10""",728,323,0,3,1,0.16,0.052,0.198
pgsphere,"10""",879,324,1,3,2,198.851,0.078,198.98
pgsphere,"10""",825,325,0,3,1,0.432,0.126,0.493
pgsphere,"10""",893,326,0,3,1,0.296,0.047,0.332
pgsphere,"10""",806,327,0,4,1,0.301,0.043,0.337
pgsphere,"10""",730,328,0,4,2,0.352,0.04,0.392
pgsphere,"10""",703,329,0,3,2,0.267,0.041,0.305
pgsphere,"10""",961,330,0,4,2,0.327,0.034,0.364
pgsphere,"10""",1007,331,1,4,2,54.315,0.034,54.396
pgsphere,"10""",1041,332,1,5,4,0.625,0.069,0.701
pgsphere,"10""",980,333,1,2,3,72.449,0.046,72.586
pgsphere,"10""",765,334,0,3,1,0.392,0.138,0.451
pgsphere,"10""",984,335,1,3,4,60.678,0.053,60.8
pgsphere,"10""",917,336,0,3,1,0.443,0.106,0.513
pgsphere,"10""",793,337,1,3,3,48.096,0.076,48.204
pgsphere,"10""",1054,338,1,3,2,0.558,0.069,0.61
pgsphere,"10""",804,339,1,4,3,63.734,0.045,63.864
pgsphere,"10""",676,340,0,4,2,0.356,0.087,0.421
pgsphere,"10""",868,341,0,2,2,3.73,0.046,3.778
pgsphere,"10""",878,342,1,4,2,51.104,0.049,51.195
pgsphere,"10""",739,343,1,3,2,0.578,0.067,0.686
pgsphere,"10""",987,344,1,5,3,0.486,0.056,0.547
pgsphere,"10""",791,345,1,4,2,0.397,0.045,0.457
pgsphere,"10""",778,346,0,5,4,0.482,0.04,0.532
pgsphere,"10""",813,347,1,3,2,0.284,0.038,0.325
pgsphere,"10""",831,348,0,5,0,0,0.045,0.04
pgsphere,"10""",1033,349,1,3,4,0.54,0.024,0.585
pgsphere,"10""",910,350,0,3,1,0.111,0.041,0.143
pgsphere,"10""",820,351,1,2,4,50.503,0.039,50.577
pgsphere,"10""",748,352,0,3,1,0.155,0.065,0.198
pgsphere,"10""",695,353,0,2,3,0.43,0.041,0.472
pgsphere,"10""",1030,354,1,2,3,57.05,0.045,57.127
pgsphere,"10""",692,355,1,2,3,252.649,0.078,252.761
pgsphere,"10""",772,356,0,4,1,0.374,0.172,0.471
pgsphere,"10""",700,357,0,5,1,0.513,0.069,0.64
pgsphere,"10""",952,358,0,2,2,51.73,0.045,51.792
pgsphere,"10""",710,359,1,4,2,49.627,0.105,49.738
pgsphere,"10""",969,360,1,4,3,0.518,0.082,0.588
pgsphere,"10""",716,361,0,3,2,0.357,0.053,0.405
pgsphere,"10""",935,362,0,4,2,0.275,0.046,0.318
pgsphere,"10""",742,363,1,3,2,0.208,0.034,0.243
pgsphere,"10""",844,364,0,3,2,0.208,0.028,0.238
pgsphere,"10""",734,365,0,2,2,0.341,0.024,0.368
pgsphere,"10""",997,366,1,2,3,39.693,0.032,39.754
pgsphere,"10""",1037,367,1,3,2,58.411,0.056,58.522
pgsphere,"10""",867,368,1,3,2,0.342,0.075,0.394
pgsphere,"10""",740,369,0,5,4,0.654,0.087,0.736
pgsphere,"10""",965,370,1,3,3,101.431,0.053,101.536
pgsphere,"10""",763,371,0,3,2,0.818,0.126,0.912
pgsphere,"10""",955,372,1,3,3,0.876,0.081,0.967
pgsphere,"10""",1018,373,1,2,5,115.078,0.072,115.246
pgsphere,"10""",818,374,0,4,2,0.484,0.172,0.576
pgsphere,"10""",777,375,1,2,3,1.065,0.072,1.149
pgsphere,"10""",767,376,1,2,3,232.896,0.066,233.019
pgsphere,"10""",1012,377,1,2,4,99.257,0.108,99.397
pgsphere,"10""",847,378,0,4,0,0,0.098,0.043
pgsphere,"10""",904,379,1,4,3,0.933,0.017,1.017
pgsphere,"10""",1052,380,1,2,6,0.89,0.067,0.979
pgsphere,"10""",905,381,0,4,1,0.129,0.061,0.173
pgsphere,"10""",704,382,1,5,3,46.842,0.04,46.938
pgsphere,"10""",688,383,1,3,2,47.164,0.088,47.313
pgsphere,"10""",854,384,0,3,1,0.321,0.075,0.368
pgsphere,"10""",838,385,0,5,1,0.222,0.047,0.27
pgsphere,"10""",861,386,0,3,1,0.215,0.043,0.25
pgsphere,"10""",759,387,1,3,3,0.6,0.041,0.648
pgsphere,"10""",827,388,1,6,4,0.528,0.042,0.582
pgsphere,"10""",840,389,1,5,4,93.322,0.035,93.437
pgsphere,"10""",666,390,0,3,2,0.533,0.119,0.628
pgsphere,"10""",727,391,0,3,3,0.676,0.063,0.741
pgsphere,"10""",1002,392,1,3,2,0.334,0.061,0.388
pgsphere,"10""",842,393,0,4,1,0.313,0.065,0.37
pgsphere,"10""",860,394,0,4,1,0.072,0.054,0.113
pgsphere,"10""",784,395,0,2,3,0.718,0.044,0.763
pgsphere,"10""",680,396,0,4,0,0,0.047,0.033
pgsphere,"10""",986,397,1,6,4,66.815,0.017,66.931
pgsphere,"10""",849,398,0,3,1,0.448,0.086,0.509
pgsphere,"10""",982,399,2,3,3,53.582,0.068,53.681
pgsphere,"10""",1004,400,1,4,2,0.658,0.095,0.729
pgsphere,1',363,1,0,23,5,0.481,8.005,0.931
pgsphere,1',610,2,2,1,5,0.871,0.076,0.945
pgsphere,1',381,3,2,1,6,64.352,0.039,64.463
pgsphere,1',433,4,1,3,3,46.213,0.107,46.311
pgsphere,1',550,5,1,2,4,1.226,0.082,1.336
pgsphere,1',461,6,1,1,4,0.907,0.046,0.958
pgsphere,1',595,7,2,2,5,163.881,0.047,164.03
pgsphere,1',367,8,0,2,3,0.646,0.089,0.723
pgsphere,1',629,9,2,3,7,1.32,0.067,1.397
pgsphere,1',384,10,0,2,2,0.297,0.048,0.332
pgsphere,1',498,11,0,2,3,0.253,0.039,0.298
pgsphere,1',580,12,0,2,2,0.252,0.027,0.279
pgsphere,1',521,13,1,2,3,0.376,0.023,0.407
pgsphere,1',594,14,1,3,7,68.628,0.022,68.748
pgsphere,1',510,15,0,3,4,0.711,0.083,0.797
pgsphere,1',590,16,0,3,4,0.434,0.091,0.489
pgsphere,1',597,17,0,3,3,0.403,0.046,0.449
pgsphere,1',369,18,1,2,3,77.364,0.037,77.441
pgsphere,1',408,19,0,3,1,0.408,0.09,0.455
pgsphere,1',413,20,0,3,2,0.45,0.04,0.508
pgsphere,1',639,21,2,2,5,45.82,0.071,45.942
pgsphere,1',531,22,0,2,4,0.516,0.071,0.582
pgsphere,1',646,23,1,2,4,50.639,0.052,50.735
pgsphere,1',410,24,0,3,1,0.226,0.078,0.276
pgsphere,1',512,25,0,4,3,0.593,0.047,0.664
pgsphere,1',556,26,0,2,2,0.497,0.053,0.597
pgsphere,1',527,27,0,3,1,0.24,0.063,0.28
pgsphere,1',443,28,0,2,2,0.271,0.091,0.3
pgsphere,1',376,29,0,2,2,0.194,0.034,0.221
pgsphere,1',395,30,1,5,3,0.578,0.027,0.647
pgsphere,1',441,31,3,2,3,0.38,0.054,0.423
pgsphere,1',555,32,0,3,2,0.311,0.033,0.355
pgsphere,1',438,33,3,2,3,0.541,0.05,0.595
pgsphere,1',541,34,0,5,3,0.614,0.048,0.666
pgsphere,1',564,35,0,2,4,0.42,0.044,0.459
pgsphere,1',411,36,0,3,1,0.061,0.035,0.091
pgsphere,1',627,37,1,2,3,66.414,0.033,66.495
pgsphere,1',427,38,3,2,6,53.352,0.127,53.463
pgsphere,1',400,39,1,2,5,64.972,0.123,65.103
pgsphere,1',446,40,1,2,3,59.794,0.085,59.883
pgsphere,1',558,41,2,3,4,1.053,0.094,1.192
pgsphere,1',494,42,3,2,6,1.326,0.069,1.413
pgsphere,1',473,43,1,3,6,0.461,0.044,0.517
pgsphere,1',485,44,0,3,2,0.166,0.061,0.201
pgsphere,1',625,45,3,4,8,0.674,0.025,0.747
pgsphere,1',436,46,2,2,4,0.303,0.037,0.341
pgsphere,1',432,47,0,3,1,0.114,0.03,0.144
pgsphere,1',372,48,0,3,2,0.286,0.031,0.315
pgsphere,1',456,49,0,2,2,0.203,0.033,0.226
pgsphere,1',579,50,1,2,4,0.433,0.029,0.468
pgsphere,1',425,51,1,2,4,0.273,0.027,0.305
pgsphere,1',474,52,2,1,8,179.284,0.024,179.407
pgsphere,1',470,53,0,2,2,0.418,0.106,0.477
pgsphere,1',656,54,1,3,5,0.461,0.077,0.522
pgsphere,1',633,55,1,4,2,0.222,0.041,0.27
pgsphere,1',503,56,0,3,2,0.165,0.081,0.202
pgsphere,1',394,57,0,3,1,0.113,0.047,0.142
pgsphere,1',642,58,2,2,5,0.643,0.028,0.686
pgsphere,1',532,59,1,3,6,0.432,0.035,0.521
pgsphere,1',515,60,1,2,5,41.894,0.033,41.974
pgsphere,1',523,61,0,4,2,0.27,0.121,0.319
pgsphere,1',507,62,0,3,1,0.224,0.039,0.254
pgsphere,1',493,63,2,2,6,0.52,0.034,0.567
pgsphere,1',647,64,2,2,3,68.314,0.031,68.385
pgsphere,1',589,65,1,2,3,45.272,0.085,45.377
pgsphere,1',652,66,1,4,4,0.737,0.078,0.807
pgsphere,1',535,67,0,3,1,0.081,0.044,0.112
pgsphere,1',599,68,2,2,4,0.587,0.03,0.628
pgsphere,1',591,69,1,3,3,0.352,0.038,0.399
pgsphere,1',495,70,1,2,3,0.213,0.033,0.246
pgsphere,1',399,71,0,2,2,0.107,0.024,0.137
pgsphere,1',529,72,0,4,1,0.2,0.04,0.257
pgsphere,1',622,73,1,3,3,0.422,0.055,0.475
pgsphere,1',517,74,2,4,2,0.175,0.039,0.211
pgsphere,1',508,75,3,2,4,0.319,0.026,0.363
pgsphere,1',386,76,1,3,3,60.524,0.025,60.587
pgsphere,1',559,77,1,3,3,54.675,0.073,54.763
pgsphere,1',424,78,0,4,1,0.41,0.077,0.465
pgsphere,1',499,79,0,2,3,2.884,0.05,2.943
pgsphere,1',655,80,1,2,5,0.757,0.059,0.811
pgsphere,1',513,81,0,2,3,0.523,0.041,0.566
pgsphere,1',417,82,0,3,3,0.188,0.042,0.226
pgsphere,1',371,83,0,2,2,0.211,0.028,0.239
pgsphere,1',463,84,0,3,1,0.147,0.043,0.175
pgsphere,1',457,85,0,2,2,0.283,0.026,0.309
pgsphere,1',628,86,1,3,2,0.79,0.032,0.828
pgsphere,1',415,87,7,4,6,102.312,0.075,102.442
pgsphere,1',648,88,1,2,3,49.662,0.087,49.779
pgsphere,1',606,89,1,5,3,2.596,0.196,2.725
pgsphere,1',626,90,2,2,4,67.586,0.058,67.714
pgsphere,1',582,91,0,4,1,0.302,0.087,0.4
pgsphere,1',624,92,2,2,4,0.543,0.071,0.602
pgsphere,1',453,93,1,3,3,0.514,0.049,0.569
pgsphere,1',638,94,1,4,4,39.635,0.051,39.733
pgsphere,1',562,95,1,2,4,213.858,0.064,213.97
pgsphere,1',404,96,0,5,1,0.23,0.122,0.285
pgsphere,1',382,97,7,2,4,43.064,0.044,43.168
pgsphere,1',640,98,1,2,3,0.77,0.075,0.845
pgsphere,1',462,99,1,2,4,0.759,0.066,0.843
pgsphere,1',361,100,1,3,3,0.308,0.057,0.368
pgsphere,1',522,101,1,2,4,67.174,0.043,67.26
pgsphere,1',444,102,0,5,2,0.467,0.1,0.53
pgsphere,1',651,103,3,2,3,371.477,0.039,371.614
pgsphere,1',491,104,1,6,4,48.531,0.138,48.667
pgsphere,1',492,105,1,2,4,0.688,0.097,0.752
pgsphere,1',649,106,1,5,2,0.307,0.047,0.356
pgsphere,1',539,107,2,2,4,99.38,0.038,99.494
pgsphere,1',561,108,1,2,3,269.721,0.094,269.837
pgsphere,1',615,109,1,2,3,78.786,0.097,78.89
pgsphere,1',476,110,0,2,3,0.943,0.11,1.024
pgsphere,1',514,111,0,2,2,0.304,0.074,0.406
pgsphere,1',391,112,1,2,3,0.508,0.055,0.627
pgsphere,1',501,113,0,4,2,0.239,0.054,0.291
pgsphere,1',617,114,1,2,3,0.363,0.036,0.399
pgsphere,1',554,115,2,2,5,50.813,0.034,50.901
pgsphere,1',645,116,1,4,2,0.468,0.071,0.526
pgsphere,1',537,117,0,2,2,0.435,0.054,0.482
pgsphere,1',475,118,0,2,2,0.343,0.09,0.38
pgsphere,1',366,119,2,3,3,42.364,0.043,42.438
pgsphere,1',586,120,0,2,4,0.503,0.056,0.555
pgsphere,1',519,121,3,2,4,116.123,0.083,116.3
pgsphere,1',545,122,0,3,1,0.175,0.106,0.222
pgsphere,1',536,123,0,5,2,0.279,0.037,0.335
pgsphere,1',431,124,2,2,3,44.053,0.039,44.133
pgsphere,1',414,125,0,4,1,0.599,0.079,0.67
pgsphere,1',634,126,3,2,4,1.185,0.062,1.27
pgsphere,1',641,127,1,4,6,0.838,0.053,0.932
pgsphere,1',445,128,1,2,3,0.391,0.06,0.453
pgsphere,1',465,129,1,4,2,0.284,0.049,0.34
pgsphere,1',525,130,1,4,4,0.42,0.048,0.494
pgsphere,1',402,131,0,3,0,0,0.051,0.029
pgsphere,1',635,132,2,3,4,367.308,0.036,367.472
pgsphere,1',598,133,0,5,2,0.366,0.1,0.436
pgsphere,1',557,134,0,2,2,0.184,0.046,0.215
pgsphere,1',480,135,0,3,2,0.206,0.053,0.249
pgsphere,1',426,136,0,2,2,0.134,0.034,0.186
pgsphere,1',393,137,2,3,3,0.277,0.043,0.325
pgsphere,1',497,138,0,3,1,0.093,0.039,0.121
pgsphere,1',477,139,1,2,3,0.315,0.038,0.356
pgsphere,1',429,140,0,2,2,0.129,0.031,0.155
pgsphere,1',587,141,0,3,1,0.099,0.026,0.126
pgsphere,1',616,142,2,4,2,0.269,0.02,0.304
pgsphere,1',538,143,0,4,3,0.207,0.029,0.252
pgsphere,1',486,144,2,2,4,292.384,0.054,292.576
pgsphere,1',542,145,5,2,4,57.671,0.11,58.388
pgsphere,1',419,146,0,4,1,0.279,0.136,0.342
pgsphere,1',551,147,1,3,3,0.428,0.052,0.489
pgsphere,1',459,148,1,2,3,0.984,0.103,1.076
pgsphere,1',543,149,0,2,2,0.29,0.053,0.33
pgsphere,1',401,150,2,3,3,0.554,0.048,0.646
pgsphere,1',455,151,1,3,5,57.797,0.048,57.91
pgsphere,1',614,152,1,2,3,0.585,0.094,0.681
pgsphere,1',526,153,2,2,5,51.138,0.08,51.279
pgsphere,1',489,154,0,3,1,0.479,0.085,0.554
pgsphere,1',621,155,1,4,3,0.573,0.064,0.652
pgsphere,1',468,156,0,2,2,0.31,0.047,0.343
pgsphere,1',650,157,1,2,4,0.682,0.067,0.734
pgsphere,1',569,158,0,2,1,0.169,0.073,0.196
pgsphere,1',378,159,4,2,5,51.7,0.028,51.787
pgsphere,1',644,160,3,2,4,1.117,0.077,1.212
pgsphere,1',406,161,3,3,4,64.863,0.062,65.005
pgsphere,1',548,162,10,4,7,99.04,0.089,99.261
pgsphere,1',428,163,0,4,1,0.395,0.144,0.458
pgsphere,1',471,164,0,3,1,0.251,0.084,0.295
pgsphere,1',611,165,1,3,4,0.653,0.06,0.725
pgsphere,1',563,166,1,3,3,0.377,0.095,0.426
pgsphere,1',387,167,1,2,4,0.474,0.072,0.531
pgsphere,1',416,168,5,2,6,0.604,0.045,0.665
pgsphere,1',451,169,1,2,4,0.392,0.039,0.443
pgsphere,1',452,170,0,3,1,0.314,0.045,0.345
pgsphere,1',481,171,0,2,3,0.784,0.037,0.918
pgsphere,1',552,172,1,2,3,56.069,0.056,56.207
pgsphere,1',544,173,0,3,1,0.262,0.119,0.318
pgsphere,1',460,174,0,5,3,0.789,0.042,0.914
pgsphere,1',608,175,5,3,5,124.568,0.064,124.751
pgsphere,1',567,176,0,2,2,0.474,0.13,0.571
pgsphere,1',447,177,0,3,1,0.844,0.183,0.897
pgsphere,1',583,178,2,3,3,0.751,0.048,0.824
pgsphere,1',643,179,2,2,5,60.169,0.052,60.315
pgsphere,1',448,180,0,4,1,0.409,0.075,0.465
pgsphere,1',540,181,1,2,4,48.559,0.045,48.641
pgsphere,1',365,182,1,4,2,0.815,0.07,0.942
pgsphere,1',630,183,1,4,4,0.897,0.059,0.99
pgsphere,1',604,184,3,2,4,0.592,0.054,0.648
pgsphere,1',390,185,0,4,1,0.208,0.045,0.246
pgsphere,1',379,186,0,3,1,0.171,0.032,0.199
pgsphere,1',434,187,0,3,1,0.405,0.025,0.434
pgsphere,1',487,188,0,2,2,0.424,0.046,0.458
pgsphere,1',637,189,1,2,4,107.581,0.055,107.689
pgsphere,1',623,190,2,2,4,0.935,0.102,1.019
pgsphere,1',511,191,0,5,1,0.283,0.055,0.336
pgsphere,1',576,192,3,2,3,0.876,0.069,0.957
pgsphere,1',570,193,0,3,2,1.251,0.055,1.313
pgsphere,1',578,194,0,4,1,0.245,0.051,0.284
pgsphere,1',440,195,0,4,1,0.268,0.076,0.311
pgsphere,1',409,196,1,3,3,0.714,0.039,0.764
pgsphere,1',585,197,1,5,3,0.647,0.047,0.713
pgsphere,1',560,198,0,3,1,0.205,0.063,0.252
pgsphere,1',358,199,1,2,3,74.046,0.065,74.147
pgsphere,1',654,200,1,3,3,0.731,0.085,0.822
pgsphere,1',467,201,0,3,1,0.178,0.097,0.228
pgsphere,1',632,202,1,3,3,95.464,0.041,95.599
pgsphere,1',593,203,0,4,1,0.4,0.101,0.457
pgsphere,1',374,204,1,2,3,0.857,0.042,0.905
pgsphere,1',596,205,0,2,3,0.553,0.059,0.621
pgsphere,1',601,206,1,3,2,0.439,0.056,0.488
pgsphere,1',504,207,0,4,2,0.279,0.048,0.322
pgsphere,1',496,208,0,4,2,0.384,0.04,0.428
pgsphere,1',502,209,0,3,2,0.397,0.046,0.437
pgsphere,1',420,210,3,2,4,0.595,0.039,0.646
pgsphere,1',620,211,1,3,2,0.459,0.039,0.497
pgsphere,1',398,212,1,3,3,0.395,0.032,0.431
pgsphere,1',631,213,1,3,3,0.439,0.026,0.477
pgsphere,1',412,214,1,3,2,229.818,0.026,229.902
pgsphere,1',524,215,0,3,4,0.776,0.114,0.84
pgsphere,1',364,216,0,2,3,0.639,0.048,0.677
pgsphere,1',405,217,0,4,1,0.241,0.037,0.276
pgsphere,1',403,218,0,3,2,0.678,0.04,0.716
pgsphere,1',380,219,0,3,1,0.269,0.061,0.298
pgsphere,1',383,220,3,3,5,0.899,0.025,0.958
pgsphere,1',359,221,1,2,3,0.624,0.061,0.693
pgsphere,1',442,222,0,4,1,1.23,0.058,1.294
pgsphere,1',605,223,1,4,2,52.675,0.06,52.769
pgsphere,1',602,224,3,3,7,83.871,0.081,84.019
pgsphere,1',534,225,0,4,1,0.27,0.148,0.347
pgsphere,1',488,226,2,2,5,2.302,0.08,2.401
pgsphere,1',362,227,5,4,5,63.2,0.102,63.354
pgsphere,1',490,228,0,4,0,0,0.097,0.052
pgsphere,1',636,229,1,2,3,0.606,0.041,0.664
pgsphere,1',581,230,2,2,5,47.041,0.054,47.182
pgsphere,1',547,231,0,3,2,0.691,0.096,0.784
pgsphere,1',389,232,3,3,7,252.811,0.074,253.028
pgsphere,1',571,233,0,4,2,0.608,0.159,0.686
pgsphere,1',565,234,0,2,2,0.412,0.056,0.459
pgsphere,1',549,235,0,3,1,0.241,0.051,0.285
pgsphere,1',619,236,1,3,2,0.547,0.046,0.6
pgsphere,1',500,237,0,4,3,0.628,0.047,0.691
pgsphere,1',368,238,0,4,2,0.494,0.052,0.553
pgsphere,1',520,239,1,2,3,63.241,0.05,63.331
pgsphere,1',478,240,0,2,4,65.433,0.117,65.563
pgsphere,1',458,241,2,2,3,42.41,0.158,42.523
pgsphere,1',479,242,1,3,5,48.707,0.102,48.822
pgsphere,1',418,243,2,3,2,83.502,0.091,83.632
pgsphere,1',377,244,2,2,3,0.799,0.101,0.892
pgsphere,1',600,245,5,3,5,0.945,0.062,1.013
pgsphere,1',449,246,0,3,1,0.183,0.046,0.224
pgsphere,1',530,247,1,6,4,0.554,0.033,0.611
pgsphere,1',370,248,3,2,5,52.668,0.031,52.765
pgsphere,1',609,249,5,3,5,1.026,0.072,1.103
pgsphere,1',603,250,3,4,4,48.703,0.045,48.847
pgsphere,1',388,251,1,3,2,0.83,0.069,0.911
pgsphere,1',588,252,0,5,3,1.11,0.059,1.194
pgsphere,1',566,253,2,3,5,1.284,0.082,1.365
pgsphere,1',592,254,0,3,3,0.64,0.045,0.684
pgsphere,1',469,255,2,2,5,49.365,0.037,49.462
pgsphere,1',607,256,1,4,2,0.469,0.072,0.524
pgsphere,1',385,257,0,3,3,0.34,0.039,0.379
pgsphere,1',568,258,0,5,1,0.195,0.042,0.253
pgsphere,1',435,259,0,6,2,0.252,0.03,0.297
pgsphere,1',533,260,0,3,1,0.192,0.023,0.214
pgsphere,1',421,261,0,5,2,0.519,0.022,0.562
pgsphere,1',483,262,0,3,2,0.269,0.035,0.328
pgsphere,1',509,263,1,4,3,0.571,0.044,0.62
pgsphere,1',454,264,1,4,2,0.444,0.038,0.479
pgsphere,1',397,265,1,2,3,133.812,0.032,133.889
pgsphere,1',573,266,1,3,4,0.927,0.169,1.01
pgsphere,1',572,267,5,3,4,101.019,0.055,101.22
pgsphere,1',360,268,0,2,2,0.401,0.102,0.469
pgsphere,1',466,269,1,2,5,0.756,0.066,0.837
pgsphere,1',505,270,1,4,2,0.441,0.044,0.489
pgsphere,1',653,271,3,4,5,58.723,0.035,58.882
pgsphere,1',618,272,1,4,3,0.772,0.085,0.854
pgsphere,1',484,273,4,2,5,152.285,0.073,152.469
pgsphere,1',518,274,13,3,5,174.876,0.142,175.061
pgsphere,1',546,275,1,3,3,0.601,0.178,0.685
pgsphere,1',439,276,0,2,3,0.488,0.067,0.552
pgsphere,1',472,277,0,3,2,0.53,0.127,0.596
pgsphere,1',574,278,0,2,2,0.354,0.157,0.402
pgsphere,1',464,279,1,2,5,0.634,0.049,0.694
pgsphere,1',613,280,1,3,3,0.41,0.045,0.466
pgsphere,1',553,281,0,3,2,0.361,0.048,0.401
pgsphere,1',516,282,0,3,2,0.42,0.045,0.465
pgsphere,1',528,283,0,4,1,0.232,0.039,0.273
pgsphere,1',407,284,0,3,1,0.168,0.037,0.201
pgsphere,1',584,285,0,5,2,0.307,0.029,0.358
pgsphere,1',450,286,0,3,1,0.203,0.041,0.24
pgsphere,1',375,287,0,3,1,0.17,0.035,0.195
pgsphere,1',392,288,1,2,5,0.981,0.035,1.042
pgsphere,1',430,289,0,3,4,0.43,0.04,0.473
pgsphere,1',612,290,1,4,4,0.605,0.032,0.657
pgsphere,1',482,291,1,3,2,51.939,0.047,52.002
pgsphere,1',422,292,1,7,3,0.999,0.068,1.081
pgsphere,1',396,293,0,2,2,0.651,0.078,0.73
pgsphere,1',423,294,0,4,1,0.461,0.098,0.523
pgsphere,1',357,295,0,4,2,0.897,0.047,0.956
pgsphere,1',437,296,0,4,1,0.31,0.05,0.347
pgsphere,1',577,297,0,3,1,0.31,0.038,0.342
pgsphere,1',506,298,1,2,3,0.623,0.043,0.668
pgsphere,1',373,299,0,2,2,0.462,0.052,0.556
pgsphere,1',575,300,0,5,1,0.381,0.065,0.438
skycell,1',363,1,0,0,5,0.626,2.501,0.84
skycell,1',610,2,2,5,4,0.871,0.118,0.939
skycell,1',381,3,2,1,3,62.162,0.051,62.236
skycell,1',433,4,1,4,4,90.815,0.089,91.01
skycell,1',550,5,1,4,4,0.871,0.127,1.004
skycell,1',461,6,1,1,3,0.408,0.09,0.461
skycell,1',595,7,2,1,3,293.827,0.072,294.018
skycell,1',367,8,0,1,3,0.739,0.171,0.827
skycell,1',629,9,2,1,3,0.794,0.089,0.881
skycell,1',384,10,0,2,2,0.501,0.104,0.559
skycell,1',498,11,0,6,5,0.941,0.09,1.069
skycell,1',580,12,0,1,3,0.476,0.076,0.522
skycell,1',521,13,1,2,2,0.412,0.069,0.456
skycell,1',594,14,1,1,3,126.811,0.069,126.937
skycell,1',510,15,0,5,4,1.09,0.264,1.203
skycell,1',590,16,0,1,3,1.572,0.073,1.631
skycell,1',597,17,0,1,3,2.368,0.07,2.435
skycell,1',369,18,1,2,2,116.493,0.091,116.593
skycell,1',408,19,0,2,1,0.4,0.12,0.471
skycell,1',413,20,0,2,2,0.693,0.085,0.765
skycell,1',639,21,2,1,3,364.283,0.104,364.421
skycell,1',531,22,0,2,2,1.009,0.13,1.141
skycell,1',646,23,1,2,2,0.569,0.08,0.625
skycell,1',410,24,0,5,3,2.387,0.28,2.47
skycell,1',512,25,0,2,2,0.909,0.093,0.976
skycell,1',556,26,0,1,3,1.716,0.083,1.828
skycell,1',527,27,0,5,2,1.097,0.09,1.172
skycell,1',443,28,0,1,3,147.214,0.125,147.319
skycell,1',376,29,0,1,3,53.645,0.174,53.781
skycell,1',395,30,1,2,2,0.637,0.13,0.728
skycell,1',441,31,3,11,4,180.929,0.067,181.068
skycell,1',555,32,0,4,3,0.787,0.154,0.893
skycell,1',438,33,3,1,3,130.908,0.12,131.026
skycell,1',541,34,0,2,2,1.008,0.146,1.926
skycell,1',564,35,0,2,1,0.441,0.101,0.486
skycell,1',411,36,0,2,2,0.527,0.069,0.572
skycell,1',627,37,1,1,3,0.624,0.071,0.675
skycell,1',427,38,3,3,5,114.019,0.074,114.191
skycell,1',400,39,1,2,2,0.502,0.185,0.565
skycell,1',446,40,1,5,3,49.128,0.109,49.29
skycell,1',558,41,2,2,3,0.876,0.109,0.963
skycell,1',494,42,3,1,3,0.539,0.09,0.585
skycell,1',473,43,1,2,2,0.382,0.056,0.415
skycell,1',485,44,0,4,3,0.658,0.05,0.7
skycell,1',625,45,3,1,3,0.782,0.052,0.847
skycell,1',436,46,2,2,2,180.356,0.104,180.473
skycell,1',432,47,0,2,2,0.584,0.172,0.637
skycell,1',372,48,0,1,3,1.165,0.07,1.287
skycell,1',456,49,0,2,1,0.285,0.065,0.342
skycell,1',579,50,1,2,3,0.878,0.098,0.951
skycell,1',425,51,1,2,2,0.441,0.069,0.481
skycell,1',474,52,2,1,3,229.048,0.048,229.233
skycell,1',470,53,0,5,3,0.915,0.118,1.016
skycell,1',656,54,1,1,3,1.102,0.119,1.163
skycell,1',633,55,1,4,4,1.065,0.065,1.127
skycell,1',503,56,0,2,2,0.496,0.174,0.535
skycell,1',394,57,0,2,2,0.416,0.052,0.45
skycell,1',642,58,2,1,4,0.768,0.056,0.889
skycell,1',532,59,1,2,2,0.52,0.06,0.563
skycell,1',515,60,1,2,2,0.293,0.061,0.328
skycell,1',523,61,0,2,2,0.32,0.05,0.348
skycell,1',507,62,0,2,1,0.188,0.039,0.21
skycell,1',493,63,2,2,2,0.375,0.051,0.409
skycell,1',647,64,2,1,3,158.116,0.037,158.214
skycell,1',589,65,1,2,2,76.776,0.18,76.97
skycell,1',652,66,1,2,2,1.176,0.122,1.277
skycell,1',535,67,0,2,2,0.783,0.085,0.839
skycell,1',599,68,2,1,3,1.132,0.073,1.216
skycell,1',591,69,1,2,2,0.871,0.088,0.946
skycell,1',495,70,1,2,2,0.651,0.094,0.713
skycell,1',399,71,0,1,3,92.95,0.081,93.069
skycell,1',529,72,0,5,2,0.785,0.176,0.919
skycell,1',622,73,1,2,2,54.601,0.1,54.696
skycell,1',517,74,2,2,2,0.667,0.117,0.744
skycell,1',508,75,3,1,4,1.156,0.072,1.221
skycell,1',386,76,1,2,3,0.984,0.102,1.059
skycell,1',559,77,1,6,2,0.565,0.079,0.626
skycell,1',424,78,0,2,2,0.455,0.073,0.523
skycell,1',499,79,0,5,2,0.836,0.179,0.941
skycell,1',655,80,1,2,2,0.652,0.087,0.714
skycell,1',513,81,0,1,3,0.69,0.085,0.763
skycell,1',417,82,0,2,2,0.445,0.079,0.495
skycell,1',371,83,0,5,2,0.511,0.082,0.569
skycell,1',463,84,0,5,3,1.162,0.075,1.227
skycell,1',457,85,0,5,2,0.858,0.094,0.937
skycell,1',628,86,1,1,3,0.724,0.082,0.774
skycell,1',415,87,7,3,5,177.979,0.079,178.16
skycell,1',648,88,1,4,4,1.622,0.17,1.755
skycell,1',606,89,1,5,5,1.355,0.095,1.442
skycell,1',626,90,2,4,4,52.248,0.085,52.355
skycell,1',582,91,0,13,2,0.437,0.098,0.756
skycell,1',624,92,2,3,5,2.334,0.062,2.449
skycell,1',453,93,1,2,2,0.645,0.091,0.728
skycell,1',638,94,1,2,2,0.699,0.148,0.803
skycell,1',562,95,1,12,4,588.53,0.214,588.767
skycell,1',404,96,0,2,2,0.605,0.125,0.651
skycell,1',382,97,7,2,2,51.079,0.066,51.164
skycell,1',640,98,1,2,2,0.724,0.099,0.808
skycell,1',462,99,1,2,2,0.913,0.071,0.983
skycell,1',361,100,1,2,2,0.533,0.069,0.598
skycell,1',522,101,1,2,2,0.546,0.065,0.586
skycell,1',444,102,0,3,0,0,0.054,0.052
skycell,1',651,103,3,5,7,272.57,0.029,272.745
skycell,1',491,104,1,2,2,148.544,0.173,148.643
skycell,1',492,105,1,1,3,1.245,0.125,1.342
skycell,1',649,106,1,2,2,1.064,0.089,1.177
skycell,1',539,107,2,1,3,283.273,0.065,283.373
skycell,1',561,108,1,2,3,157.834,0.13,158.02
skycell,1',615,109,1,2,2,0.794,0.162,0.915
skycell,1',476,110,0,1,3,0.776,0.133,0.859
skycell,1',514,111,0,2,2,0.285,0.073,0.321
skycell,1',391,112,1,1,3,0.396,0.061,0.434
skycell,1',501,113,0,2,2,2.2,0.048,2.249
skycell,1',617,114,1,2,2,0.79,0.063,0.854
skycell,1',554,115,2,5,3,43.804,0.065,43.902
skycell,1',645,116,1,2,2,0.499,0.105,0.615
skycell,1',537,117,0,5,3,1.211,0.059,1.273
skycell,1',475,118,0,2,2,0.417,0.061,0.446
skycell,1',366,119,2,2,2,0.379,0.048,0.413
skycell,1',586,120,0,5,3,0.698,0.042,0.739
skycell,1',519,121,3,1,3,0.598,0.042,0.64
skycell,1',545,122,0,2,2,122.151,0.065,122.233
skycell,1',536,123,0,2,2,0.776,0.209,0.855
skycell,1',431,124,2,3,5,162.783,0.072,162.959
skycell,1',414,125,0,2,2,0.481,0.124,0.535
skycell,1',634,126,3,2,2,0.674,0.066,0.723
skycell,1',641,127,1,5,3,1.003,0.058,1.14
skycell,1',445,128,1,2,2,0.685,0.088,0.737
skycell,1',465,129,1,5,2,0.463,0.069,0.525
skycell,1',525,130,1,2,2,0.559,0.075,0.603
skycell,1',402,131,0,5,2,0.291,0.067,0.325
skycell,1',635,132,2,4,5,299.249,0.098,299.444
skycell,1',598,133,0,5,4,1.256,0.127,1.331
skycell,1',557,134,0,2,2,0.939,0.295,1.012
skycell,1',480,135,0,2,2,0.828,0.069,0.89
skycell,1',426,136,0,2,2,65.615,0.069,65.739
skycell,1',393,137,2,6,2,126.347,0.105,126.509
skycell,1',497,138,0,2,1,0.356,0.17,0.409
skycell,1',477,139,1,4,3,254.191,0.091,254.31
skycell,1',429,140,0,6,2,0.884,0.129,0.967
skycell,1',587,141,0,3,1,0.391,0.074,0.439
skycell,1',616,142,2,2,2,0.686,0.077,0.764
skycell,1',538,143,0,2,2,0.537,0.073,0.585
skycell,1',486,144,2,2,2,63.354,0.069,63.448
skycell,1',542,145,5,4,4,177.924,0.099,178.102
skycell,1',419,146,0,2,1,0.713,0.146,0.782
skycell,1',551,147,1,2,2,0.916,0.103,1.002
skycell,1',459,148,1,2,3,1.171,0.08,1.245
skycell,1',543,149,0,2,2,0.714,0.084,0.777
skycell,1',401,150,2,2,3,0.838,0.077,0.903
skycell,1',455,151,1,2,2,99.402,0.063,99.517
skycell,1',614,152,1,10,2,0.839,0.128,0.904
skycell,1',526,153,2,4,4,86.952,0.058,87.089
skycell,1',489,154,0,2,2,0.426,0.147,0.483
skycell,1',621,155,1,2,2,0.483,0.067,0.564
skycell,1',468,156,0,2,2,0.29,0.07,0.326
skycell,1',650,157,1,2,2,0.3,0.052,0.376
skycell,1',569,158,0,2,2,0.224,0.057,0.263
skycell,1',378,159,4,3,6,46.614,0.052,46.757
skycell,1',644,160,3,4,4,0.85,0.077,0.936
skycell,1',406,161,3,1,3,124.639,0.077,124.722
skycell,1',548,162,10,3,5,453.224,0.187,453.447
skycell,1',428,163,0,2,2,0.782,0.146,0.832
skycell,1',471,164,0,2,1,0.419,0.061,0.447
skycell,1',611,165,1,2,2,0.515,0.051,0.595
skycell,1',563,166,1,3,1,0.338,0.052,0.392
skycell,1',387,167,1,2,2,0.559,0.08,0.599
skycell,1',416,168,5,3,5,1.487,0.055,1.561
skycell,1',451,169,1,2,2,0.699,0.063,0.754
skycell,1',452,170,0,2,2,0.429,0.061,0.468
skycell,1',481,171,0,2,2,0.547,0.053,0.579
skycell,1',552,172,1,2,2,336.428,0.046,336.527
skycell,1',544,173,0,3,0,0,0.217,0.058
skycell,1',460,174,0,2,2,0.835,0.056,0.894
skycell,1',608,175,5,1,4,329.287,0.07,329.414
skycell,1',567,176,0,5,3,65.008,0.116,65.168
skycell,1',447,177,0,5,1,0.22,0.134,0.273
skycell,1',583,178,2,1,3,0.7,0.059,0.745
skycell,1',643,179,2,1,3,61.355,0.075,61.467
skycell,1',448,180,0,5,2,0.823,0.145,0.887
skycell,1',540,181,1,1,4,56.637,0.069,56.737
skycell,1',365,182,1,5,3,0.874,0.109,0.982
skycell,1',630,183,1,2,2,0.419,0.129,0.48
skycell,1',604,184,3,2,3,0.907,0.075,0.977
skycell,1',390,185,0,2,2,0.615,0.058,0.652
skycell,1',379,186,0,2,2,0.518,0.054,0.561
skycell,1',434,187,0,5,2,0.5,0.055,0.538
skycell,1',487,188,0,2,2,0.41,0.05,0.491
skycell,1',637,189,1,2,2,0.416,0.049,0.448
skycell,1',623,190,2,2,3,0.502,0.049,0.544
skycell,1',511,191,0,2,2,0.417,0.05,0.447
skycell,1',576,192,3,5,3,0.781,0.042,0.819
skycell,1',570,193,0,2,2,52.009,0.047,52.087
skycell,1',578,194,0,2,2,0.393,0.101,0.451
skycell,1',440,195,0,2,2,0.577,0.058,0.623
skycell,1',409,196,1,1,3,0.905,0.077,0.996
skycell,1',585,197,1,5,3,0.681,0.084,0.756
skycell,1',560,198,0,2,2,0.306,0.075,0.344
skycell,1',358,199,1,4,4,171.865,0.08,171.997
skycell,1',654,200,1,5,2,0.509,0.15,0.607
skycell,1',467,201,0,2,2,0.331,0.088,0.371
skycell,1',632,202,1,2,2,44.703,0.054,44.786
skycell,1',593,203,0,2,2,0.534,0.1,0.579
skycell,1',374,204,1,4,4,1.254,0.051,1.364
skycell,1',596,205,0,2,2,0.549,0.063,0.591
skycell,1',601,206,1,2,3,1.137,0.061,1.216
skycell,1',504,207,0,2,2,0.251,0.068,0.305
skycell,1',496,208,0,2,1,0.1,0.063,0.165
skycell,1',502,209,0,2,2,0.424,0.057,0.493
skycell,1',420,210,3,2,3,0.475,0.062,0.531
skycell,1',620,211,1,2,2,0.317,0.065,0.359
skycell,1',398,212,1,2,2,0.389,0.056,0.433
skycell,1',631,213,1,6,2,0.343,0.06,0.433
skycell,1',412,214,1,2,2,0.377,0.062,0.424
skycell,1',524,215,0,2,2,0.306,0.058,0.345
skycell,1',364,216,0,2,1,0.265,0.058,0.295
skycell,1',405,217,0,2,2,0.344,0.054,0.379
skycell,1',403,218,0,2,3,0.595,0.055,0.641
skycell,1',380,219,0,5,1,0.233,0.06,0.272
skycell,1',383,220,3,1,3,0.364,0.06,0.404
skycell,1',359,221,1,2,2,0.33,0.059,0.384
skycell,1',442,222,0,2,2,0.414,0.061,0.454
skycell,1',605,223,1,4,4,67.926,0.059,68.112
skycell,1',602,224,3,4,4,1.232,0.116,1.32
skycell,1',534,225,0,2,2,0.446,0.087,0.491
skycell,1',488,226,2,2,2,0.467,0.065,0.507
skycell,1',362,227,5,1,3,0.471,0.05,0.518
skycell,1',490,228,0,2,2,0.536,0.096,0.59
skycell,1',636,229,1,1,3,0.438,0.054,0.47
skycell,1',581,230,2,1,3,0.445,0.054,0.484
skycell,1',547,231,0,2,2,0.245,0.041,0.275
skycell,1',389,232,3,3,5,140.28,0.062,140.439
skycell,1',571,233,0,2,2,0.657,0.128,0.726
skycell,1',565,234,0,12,3,0.794,0.086,0.873
skycell,1',549,235,0,2,1,0.139,0.071,0.174
skycell,1',619,236,1,5,2,191.625,0.048,191.762
skycell,1',500,237,0,2,2,0.598,0.121,0.665
skycell,1',368,238,0,2,2,0.5,0.082,0.564
skycell,1',520,239,1,2,2,0.655,0.106,0.721
skycell,1',478,240,0,1,3,355.178,0.067,355.31
skycell,1',458,241,2,5,3,60.666,0.128,60.814
skycell,1',479,242,1,2,4,0.883,0.178,1.15
skycell,1',418,243,2,2,2,0.53,0.077,0.581
skycell,1',377,244,2,2,2,0.292,0.071,0.336
skycell,1',600,245,5,5,4,0.601,0.06,0.642
skycell,1',449,246,0,2,2,0.233,0.048,0.258
skycell,1',530,247,1,2,2,0.252,0.05,0.292
skycell,1',370,248,3,1,4,129.283,0.055,129.39
skycell,1',609,249,5,2,2,0.367,0.127,0.434
skycell,1',603,250,3,2,3,58.573,0.056,58.698
skycell,1',388,251,1,6,2,0.543,0.132,0.632
skycell,1',588,252,0,2,2,0.535,0.082,0.592
skycell,1',566,253,2,4,4,0.642,0.138,0.718
skycell,1',592,254,0,2,2,0.295,0.07,0.34
skycell,1',469,255,2,1,3,89.972,0.072,90.07
skycell,1',607,256,1,6,6,1.244,0.159,1.4
skycell,1',385,257,0,2,2,0.454,0.084,0.503
skycell,1',568,258,0,2,1,0.179,0.062,0.207
skycell,1',435,259,0,2,2,0.482,0.066,0.524
skycell,1',533,260,0,2,1,0.196,0.061,0.221
skycell,1',421,261,0,2,2,0.547,0.062,0.587
skycell,1',483,262,0,6,2,0.293,0.06,0.339
skycell,1',509,263,1,2,2,0.643,0.07,0.698
skycell,1',454,264,1,2,2,0.466,0.074,0.537
skycell,1',397,265,1,1,4,81.934,0.078,82.042
skycell,1',573,266,1,6,2,0.531,0.124,0.589
skycell,1',572,267,5,7,10,522.586,0.067,522.856
skycell,1',360,268,0,2,1,0.261,0.136,0.342
skycell,1',466,269,1,2,2,0.61,0.081,0.695
skycell,1',505,270,1,6,2,0.657,0.109,0.727
skycell,1',653,271,3,2,2,54.594,0.072,54.679
skycell,1',618,272,1,6,2,0.591,0.142,0.692
skycell,1',484,273,4,2,2,54.04,0.076,54.129
skycell,1',518,274,13,1,4,107.275,0.104,107.427
skycell,1',546,275,1,2,2,0.564,0.127,0.65
skycell,1',439,276,0,2,2,0.685,0.094,0.73
skycell,1',472,277,0,2,2,0.889,0.054,0.941
skycell,1',574,278,0,2,1,0.348,0.068,0.377
skycell,1',464,279,1,2,2,0.552,0.044,0.587
skycell,1',613,280,1,2,2,0.345,0.042,0.373
skycell,1',553,281,0,2,2,0.749,0.044,0.777
skycell,1',516,282,0,2,2,0.414,0.042,0.441
skycell,1',528,283,0,2,2,0.368,0.037,0.396
skycell,1',407,284,0,2,1,0.111,0.045,0.133
skycell,1',584,285,0,2,2,0.368,0.028,0.384
skycell,1',450,286,0,2,1,0.131,0.029,0.148
skycell,1',375,287,0,2,2,0.303,0.022,0.32
skycell,1',392,288,1,2,2,0.467,0.026,0.512
skycell,1',430,289,0,2,2,0.537,0.056,0.569
skycell,1',612,290,1,2,2,0.392,0.047,0.423
skycell,1',482,291,1,4,6,0.891,0.039,0.939
skycell,1',422,292,1,2,2,0.568,0.032,0.589
skycell,1',396,293,0,2,2,67.487,0.051,67.568
skycell,1',423,294,0,2,2,0.537,0.113,0.592
skycell,1',357,295,0,6,2,0.378,0.074,0.424
skycell,1',437,296,0,2,2,0.568,0.071,0.609
skycell,1',577,297,0,2,2,0.517,0.076,0.557
skycell,1',506,298,1,1,3,0.522,0.088,0.563
skycell,1',373,299,0,2,1,0.447,0.045,0.563
skycell,1',575,300,0,2,3,0.685,0.132,0.733
skycell,6',168,1,39,11,9,3.976,2.627,4.214
skycell,6',236,2,3,1,3,0.81,0.102,0.884
skycell,6',348,3,13,1,4,1.233,0.073,1.312
skycell,6',245,4,17,1,3,0.564,0.067,0.651
skycell,6',195,5,2,5,3,0.767,0.091,0.835
skycell,6',252,6,7,1,4,60.168,0.066,60.275
skycell,6',339,7,9,10,6,1.496,0.108,1.614
skycell,6',180,8,8,1,4,0.606,0.077,0.671
skycell,6',221,9,7,4,4,0.473,0.079,0.532
skycell,6',269,10,1,1,3,0.688,0.071,0.742
skycell,6',158,11,86,9,12,67.859,0.099,68.087
skycell,6',310,12,4,5,3,0.645,0.107,0.699
skycell,6',163,13,122,9,10,251.896,0.086,252.208
skycell,6',249,14,1,1,3,0.544,0.115,0.591
skycell,6',278,15,1,1,3,0.375,0.065,0.41
skycell,6',196,16,2,3,5,0.819,0.065,0.878
skycell,6',208,17,0,1,3,0.434,0.071,0.47
skycell,6',191,18,0,2,3,0.76,0.064,0.814
skycell,6',349,19,7,1,3,61.311,0.058,61.399
skycell,6',285,20,14,3,6,2.103,0.134,2.297
skycell,6',198,21,20,1,5,273.518,0.08,273.709
skycell,6',283,22,1,1,3,0.956,0.152,1.151
skycell,6',223,23,0,2,3,0.565,0.093,0.668
skycell,6',303,24,64,7,8,155.964,0.164,156.196
skycell,6',353,25,80,4,7,1.221,0.134,1.393
skycell,6',346,26,49,8,10,1.359,0.096,1.496
skycell,6',224,27,100,5,12,2.177,0.264,2.345
skycell,6',159,28,2,2,2,0.25,0.068,0.286
skycell,6',170,29,18,7,4,67.076,0.055,67.229
skycell,6',212,30,15,3,6,59.596,0.16,59.768
skycell,6',313,31,13,8,8,1.404,0.133,1.48
skycell,6',286,32,20,3,5,1.124,0.101,1.194
skycell,6',292,33,3,4,4,0.654,0.065,0.704
skycell,6',251,34,0,1,3,0.686,0.057,0.72
skycell,6',172,35,6,2,2,0.788,0.053,0.825
skycell,6',277,36,98,7,10,80.268,0.067,80.471
skycell,6',298,37,4,3,6,1.392,0.118,1.489
skycell,6',204,38,5,3,5,1.008,0.076,1.067
skycell,6',234,39,39,7,5,0.824,0.071,0.888
skycell,6',334,40,9,12,5,1.139,0.07,1.411
skycell,6',333,41,118,8,12,66,0.085,66.224
skycell,6',187,42,10,2,2,0.423,0.106,0.47
skycell,6',320,43,3,10,5,0.772,0.083,0.829
skycell,6',240,44,68,4,7,1.667,0.068,1.817
skycell,6',301,45,7,4,4,0.804,0.066,0.879
skycell,6',337,46,169,9,13,208.214,0.139,208.618
skycell,6',169,47,1,4,5,1,0.121,1.121
skycell,6',200,48,0,2,3,1.167,0.076,1.227
skycell,6',262,49,1,4,7,1.404,0.071,1.493
skycell,6',352,50,9,6,2,0.493,0.073,0.546
skycell,6',304,51,19,2,3,0.56,0.065,0.609
skycell,6',176,52,3,1,3,0.497,0.08,0.543
skycell,6',246,53,9,2,4,0.574,0.058,0.628
skycell,6',270,54,2,1,3,0.522,0.059,0.572
skycell,6',343,55,11,2,2,0.309,0.063,0.353
skycell,6',215,56,14,10,8,1.217,0.058,1.305
skycell,6',247,57,9,1,5,0.847,0.063,0.904
skycell,6',341,58,4,2,2,0.441,0.063,0.483
skycell,6',316,59,1,2,2,0.446,0.063,0.488
skycell,6',340,60,8,8,8,1.673,0.068,1.768
skycell,6',318,61,1,12,4,0.845,0.065,0.907
skycell,6',216,62,0,6,2,0.595,0.059,0.675
skycell,6',284,63,16,5,4,0.822,0.064,0.889
skycell,6',273,64,1,2,2,0.311,0.06,0.353
skycell,6',288,65,14,2,3,0.467,0.055,0.512
skycell,6',295,66,3,4,4,0.569,0.042,0.6
skycell,6',305,67,43,3,6,66.385,0.041,66.535
skycell,6',182,68,1,4,4,0.625,0.108,0.683
skycell,6',258,69,45,5,5,0.724,0.07,0.809
skycell,6',237,70,0,2,2,0.408,0.064,0.439
skycell,6',293,71,6,1,3,0.426,0.053,0.466
skycell,6',239,72,92,9,9,86.807,0.105,87.121
skycell,6',322,73,5,2,3,0.622,0.119,0.695
skycell,6',302,74,8,1,4,74.774,0.074,74.89
skycell,6',235,75,17,7,5,0.713,0.125,0.789
skycell,6',229,76,4,5,3,0.592,0.075,0.642
skycell,6',342,77,58,11,8,193.765,0.07,193.981
skycell,6',167,78,8,3,5,2.033,0.203,2.146
skycell,6',192,79,18,3,5,146.665,0.123,146.896
skycell,6',317,80,9,1,3,122.325,0.13,122.426
skycell,6',248,81,25,2,3,2.087,0.12,2.248
skycell,6',275,82,0,2,2,0.446,0.072,0.499
skycell,6',217,83,7,7,5,1.097,0.056,1.189
skycell,6',336,84,18,10,6,0.822,0.064,0.879
skycell,6',294,85,0,1,4,0.578,0.07,0.612
skycell,6',207,86,1,2,3,0.418,0.045,0.446
skycell,6',282,87,1,2,3,0.491,0.039,0.522
skycell,6',157,88,3,1,3,0.341,0.04,0.371
skycell,6',356,89,3,2,2,0.185,0.036,0.206
skycell,6',250,90,8,2,2,0.275,0.032,0.296
skycell,6',184,91,0,2,2,0.276,0.026,0.295
skycell,6',331,92,10,5,3,0.552,0.03,0.582
skycell,6',230,93,11,1,4,0.417,0.042,0.446
skycell,6',210,94,65,4,6,415.586,0.042,415.753
skycell,6',329,95,35,3,7,1.125,0.201,1.235
skycell,6',227,96,1,2,2,0.341,0.067,0.372
skycell,6',228,97,6,4,5,0.475,0.041,0.511
skycell,6',201,98,7,2,2,0.293,0.037,0.347
skycell,6',314,99,5,2,2,0.517,0.038,0.545
skycell,6',272,100,4,3,5,0.597,0.075,0.635
skycell,6',166,101,17,10,8,1.205,0.064,1.317
skycell,6',206,102,1,2,2,0.269,0.07,0.33
skycell,6',271,103,17,4,6,0.654,0.048,0.702
skycell,6',338,104,96,11,13,445.245,0.054,445.539
skycell,6',175,105,0,5,3,0.718,0.115,0.764
skycell,6',162,106,7,1,4,0.556,0.057,0.596
skycell,6',355,107,8,5,3,0.67,0.062,0.713
skycell,6',289,108,0,4,4,0.581,0.047,0.612
skycell,6',199,109,21,11,6,1.971,0.049,2.046
skycell,6',202,110,24,7,7,61.93,0.072,62.082
skycell,6',197,111,17,4,5,3.425,0.119,3.575
skycell,6',325,112,23,2,3,0.556,0.089,0.604
skycell,6',263,113,13,3,8,1.47,0.049,1.537
skycell,6',319,114,0,2,2,0.519,0.055,0.549
skycell,6',354,115,7,12,4,0.854,0.048,0.899
skycell,6',307,116,1,2,2,0.24,0.044,0.269
skycell,6',268,117,117,11,8,71.623,0.046,71.88
skycell,6',179,118,3,1,4,3.288,0.116,3.372
skycell,6',178,119,14,4,7,1.392,0.078,1.521
skycell,6',287,120,6,5,4,1.096,0.064,1.152
skycell,6',244,121,0,2,2,0.968,0.055,1.019
skycell,6',280,122,61,7,7,0.943,0.101,1.031
skycell,6',300,123,3,2,2,0.424,0.05,0.459
skycell,6',312,124,13,4,4,0.745,0.049,0.796
skycell,6',177,125,1,5,3,0.396,0.053,0.431
skycell,6',165,126,1,6,2,0.412,0.039,0.436
skycell,6',213,127,0,4,4,0.523,0.039,0.556
skycell,6',186,128,7,2,3,0.562,0.043,0.593
skycell,6',231,129,50,9,5,94.749,0.054,94.963
skycell,6',291,130,12,4,5,1.068,0.122,1.176
skycell,6',226,131,8,8,4,0.904,0.072,1.002
skycell,6',188,132,0,2,3,0.612,0.057,0.651
skycell,6',350,133,6,4,5,0.71,0.053,0.777
skycell,6',311,134,0,4,3,0.503,0.07,0.556
skycell,6',297,135,1,2,3,0.394,0.05,0.43
skycell,6',189,136,2,2,3,0.69,0.042,0.722
skycell,6',171,137,0,2,2,0.351,0.045,0.382
skycell,6',260,138,3,5,4,1.232,0.064,1.316
skycell,6',194,139,2,2,2,0.432,0.143,0.482
skycell,6',326,140,82,5,5,62.85,0.073,63.016
skycell,6',308,141,12,4,5,3.894,0.1,4.013
skycell,6',238,142,25,11,8,71.503,0.081,71.725
skycell,6',315,143,26,9,5,1.445,0.201,1.633
skycell,6',261,144,4,9,9,2.142,0.1,2.282
skycell,6',209,145,17,2,4,0.72,0.105,0.792
skycell,6',306,146,22,4,5,0.599,0.064,0.659
skycell,6',344,147,10,13,5,0.646,0.067,0.7
skycell,6',160,148,24,2,3,1.202,0.078,1.28
skycell,6',327,149,25,12,5,138.314,0.082,138.478
skycell,6',323,150,21,5,5,1.191,0.136,1.289
skycell,6',222,151,1,5,3,0.665,0.073,0.719
skycell,6',161,152,0,5,3,0.926,0.059,0.965
skycell,6',193,153,5,2,2,0.531,0.056,0.593
skycell,6',232,154,1,2,2,0.275,0.059,0.314
skycell,6',174,155,0,3,2,0.422,0.07,0.459
skycell,6',332,156,107,6,7,0.939,0.069,1.023
skycell,6',219,157,0,2,2,0.217,0.073,0.25
skycell,6',253,158,3,4,4,0.947,0.073,1.007
skycell,6',254,159,2,2,2,0.472,0.082,0.507
skycell,6',347,160,2,2,3,0.672,0.051,0.716
skycell,6',214,161,70,8,10,78.817,0.071,79.089
skycell,6',321,162,1,2,2,0.869,0.148,0.971
skycell,6',243,163,0,2,4,1.148,0.08,1.248
skycell,6',328,164,1,2,2,0.742,0.294,0.805
skycell,6',183,165,1,2,2,0.714,0.066,0.786
skycell,6',259,166,19,1,3,47.364,0.09,47.477
skycell,6',190,167,3,2,2,0.986,0.1,1.075
skycell,6',225,168,1,2,2,0.552,0.077,0.603
skycell,6',296,169,11,2,2,73.574,0.064,73.666
skycell,6',279,170,3,2,3,0.757,0.134,0.826
skycell,6',264,171,25,6,9,6.825,0.091,7.019
skycell,6',345,172,17,2,4,1.069,0.065,1.426
skycell,6',274,173,27,8,5,1.734,0.074,1.857
skycell,6',257,174,9,6,3,0.807,0.069,1.113
skycell,6',276,175,2,2,2,0.34,0.287,0.387
skycell,6',233,176,9,5,3,0.473,0.149,0.536
skycell,6',203,177,0,2,2,0.363,0.062,0.395
skycell,6',281,178,11,8,8,1.844,0.054,1.943
skycell,6',242,179,3,4,4,0.562,0.128,0.646
skycell,6',265,180,37,5,8,0.808,0.105,0.879
skycell,6',218,181,48,6,7,58.511,0.098,58.687
skycell,6',205,182,48,8,9,1.503,0.102,1.632
skycell,6',211,183,9,5,3,2.459,0.07,2.519
skycell,6',220,184,4,8,5,0.967,0.067,1.036
skycell,6',267,185,9,2,2,0.225,0.067,0.262
skycell,6',309,186,47,10,8,59.915,0.068,60.171
skycell,6',185,187,9,4,6,0.915,0.115,1.089
skycell,6',299,188,3,2,2,0.752,0.066,0.792
skycell,6',351,189,5,5,3,1.445,0.055,1.521
skycell,6',324,190,46,6,9,148.238,0.064,148.409
skycell,6',241,191,2,2,2,0.55,0.124,0.656
skycell,6',256,192,7,2,2,0.446,0.069,0.491
skycell,6',266,193,4,9,3,0.909,0.069,0.983
skycell,6',173,194,150,10,13,74.607,0.072,74.909
skycell,6',290,195,22,4,4,71.372,0.116,71.558
skycell,6',335,196,2,2,2,0.584,0.115,0.668
skycell,6',164,197,5,4,4,1.23,0.12,1.32
skycell,6',181,198,23,10,6,61.16,0.07,61.372
skycell,6',255,199,93,10,9,286.536,0.269,286.824
skycell,6',330,200,3,2,2,0.508,0.186,0.58
pgsphere,6',168,1,39,28,13,95.573,6.701,96.021
pgsphere,6',236,2,3,1,5,0.869,0.082,0.953
pgsphere,6',348,3,13,2,7,1.197,0.036,1.269
pgsphere,6',245,4,17,2,5,0.647,0.038,0.703
pgsphere,6',195,5,2,2,5,61.701,0.031,61.818
pgsphere,6',252,6,7,2,5,0.94,0.064,1.037
pgsphere,6',339,7,9,4,11,1.295,0.052,1.387
pgsphere,6',180,8,8,3,6,0.727,0.047,0.79
pgsphere,6',221,9,7,2,4,0.575,0.085,0.623
pgsphere,6',269,10,1,3,4,0.557,0.039,0.601
pgsphere,6',158,11,86,8,12,58.142,0.035,58.311
pgsphere,6',310,12,4,3,5,0.661,0.089,0.729
pgsphere,6',163,13,122,7,12,143.939,0.053,144.19
pgsphere,6',249,14,1,3,5,0.825,0.101,0.913
pgsphere,6',278,15,1,2,4,0.767,0.069,0.824
pgsphere,6',196,16,2,2,4,0.69,0.05,0.746
pgsphere,6',208,17,0,2,5,2.814,0.048,2.915
pgsphere,6',191,18,0,3,4,1.955,0.057,2.035
pgsphere,6',349,19,7,3,6,69.122,0.048,69.232
pgsphere,6',285,20,14,2,6,0.921,0.099,1.001
pgsphere,6',198,21,20,2,5,58.673,0.044,58.803
pgsphere,6',283,22,1,2,3,0.613,0.087,0.67
pgsphere,6',223,23,0,2,3,0.649,0.048,0.714
pgsphere,6',303,24,64,5,10,160.24,0.073,160.484
pgsphere,6',353,25,80,5,9,1.215,0.125,1.359
pgsphere,6',346,26,49,5,10,1.17,0.072,1.269
pgsphere,6',224,27,100,6,12,191.142,0.062,191.398
pgsphere,6',159,28,2,3,2,0.748,0.124,1.041
pgsphere,6',170,29,18,5,5,270.729,0.256,270.913
pgsphere,6',212,30,15,2,5,0.924,0.096,0.987
pgsphere,6',313,31,13,4,8,0.822,0.046,0.883
pgsphere,6',286,32,20,3,7,0.642,0.033,0.696
pgsphere,6',292,33,3,2,5,0.391,0.031,0.429
pgsphere,6',251,34,0,2,2,0.17,0.025,0.197
pgsphere,6',172,35,6,4,4,0.545,0.023,0.593
pgsphere,6',277,36,98,10,15,143.006,0.032,143.292
pgsphere,6',298,37,4,3,6,0.925,0.096,1.012
pgsphere,6',204,38,5,4,6,0.905,0.063,1.004
pgsphere,6',234,39,39,3,6,1.226,0.051,1.405
pgsphere,6',334,40,9,3,6,0.829,0.055,0.89
pgsphere,6',333,41,118,10,16,124.962,0.042,125.276
pgsphere,6',187,42,10,2,4,0.645,0.103,0.714
pgsphere,6',320,43,3,2,7,66.334,0.049,66.446
pgsphere,6',240,44,68,7,9,1.924,0.118,2.053
pgsphere,6',301,45,7,4,6,0.821,0.092,0.892
pgsphere,6',337,46,169,17,18,230.337,0.041,230.558
pgsphere,6',169,47,1,3,8,1.18,0.098,1.253
pgsphere,6',200,48,0,3,1,0.188,0.039,0.215
pgsphere,6',262,49,1,2,5,0.657,0.037,0.702
pgsphere,6',352,50,9,4,3,0.763,0.036,0.805
pgsphere,6',304,51,19,3,3,0.788,0.049,0.853
pgsphere,6',176,52,3,4,6,0.796,0.046,0.846
pgsphere,6',246,53,9,3,3,0.43,0.035,0.47
pgsphere,6',270,54,2,3,6,0.662,0.025,0.7
pgsphere,6',343,55,11,4,4,0.357,0.023,0.408
pgsphere,6',215,56,14,6,9,1.038,0.037,1.103
pgsphere,6',247,57,9,3,4,0.505,0.034,0.565
pgsphere,6',341,58,4,3,6,0.529,0.045,0.586
pgsphere,6',316,59,1,3,3,0.423,0.036,0.463
pgsphere,6',340,60,8,3,5,0.449,0.044,0.491
pgsphere,6',318,61,1,2,4,1.022,0.032,1.073
pgsphere,6',216,62,0,3,3,0.393,0.044,0.435
pgsphere,6',284,63,16,4,7,0.705,0.032,0.753
pgsphere,6',273,64,1,4,3,0.501,0.027,0.565
pgsphere,6',288,65,14,4,9,0.991,0.032,1.058
pgsphere,6',295,66,3,2,3,0.298,0.028,0.324
pgsphere,6',305,67,43,5,8,63.924,0.024,64.154
pgsphere,6',182,68,1,4,2,0.578,0.093,0.635
pgsphere,6',258,69,45,4,10,2.52,0.048,2.639
pgsphere,6',237,70,0,4,1,0.273,0.056,0.313
pgsphere,6',293,71,6,2,5,1.316,0.04,1.375
pgsphere,6',239,72,92,10,16,177.583,0.078,177.94
pgsphere,6',322,73,5,2,4,1.321,0.109,1.454
pgsphere,6',302,74,8,2,5,190.161,0.066,190.291
pgsphere,6',235,75,17,5,6,1.384,0.098,1.515
pgsphere,6',229,76,4,2,5,0.993,0.079,1.07
pgsphere,6',342,77,58,6,11,183.875,0.051,184.084
pgsphere,6',167,78,8,2,7,1.959,0.1,2.069
pgsphere,6',192,79,18,3,7,64.396,0.069,64.529
pgsphere,6',317,80,9,4,6,369.807,0.098,369.953
pgsphere,6',248,81,25,5,7,180.04,0.104,180.269
pgsphere,6',275,82,0,3,3,0.477,0.1,0.536
pgsphere,6',217,83,7,3,5,0.571,0.074,0.627
pgsphere,6',336,84,18,6,10,0.901,0.037,0.992
pgsphere,6',294,85,0,2,2,0.295,0.049,0.329
pgsphere,6',207,86,1,2,4,0.552,0.032,0.593
pgsphere,6',282,87,1,2,4,0.593,0.032,0.629
pgsphere,6',157,88,3,2,4,0.648,0.049,0.741
pgsphere,6',356,89,3,3,6,0.654,0.046,0.714
pgsphere,6',250,90,8,2,7,0.901,0.039,0.958
pgsphere,6',184,91,0,3,5,0.592,0.035,0.639
pgsphere,6',331,92,10,4,2,0.248,0.033,0.287
pgsphere,6',230,93,11,2,5,0.672,0.024,0.745
pgsphere,6',210,94,65,7,11,197.09,0.039,197.295
pgsphere,6',329,95,35,5,9,0.87,0.09,0.96
pgsphere,6',227,96,1,2,4,0.577,0.043,0.63
pgsphere,6',228,97,6,2,5,0.759,0.043,0.808
pgsphere,6',201,98,7,4,4,0.488,0.043,0.537
pgsphere,6',314,99,5,3,6,0.935,0.028,0.998
pgsphere,6',272,100,4,2,4,0.78,0.03,0.814
pgsphere,6',166,101,17,5,8,0.993,0.029,1.056
pgsphere,6',206,102,1,3,3,0.363,0.033,0.398
pgsphere,6',271,103,17,7,10,0.937,0.024,1.008
pgsphere,6',338,104,96,7,13,175.656,0.029,175.888
pgsphere,6',175,105,0,4,4,1.044,0.15,1.141
pgsphere,6',162,106,7,4,8,1.123,0.068,1.204
pgsphere,6',355,107,8,2,6,0.654,0.054,0.714
pgsphere,6',289,108,0,4,4,0.395,0.042,0.455
pgsphere,6',199,109,21,4,9,0.91,0.048,0.986
pgsphere,6',202,110,24,3,8,0.897,0.046,0.975
pgsphere,6',197,111,17,3,6,61.727,0.048,61.858
pgsphere,6',325,112,23,4,4,0.664,0.085,0.737
pgsphere,6',263,113,13,8,9,2.036,0.062,2.199
pgsphere,6',319,114,0,4,3,0.691,0.08,0.767
pgsphere,6',354,115,7,5,3,0.804,0.05,0.903
pgsphere,6',307,116,1,4,2,0.416,0.052,0.472
pgsphere,6',268,117,117,7,13,65.824,0.045,66.05
pgsphere,6',179,118,3,3,4,0.623,0.091,0.687
pgsphere,6',178,119,14,2,7,0.9,0.046,0.985
pgsphere,6',287,120,6,2,4,0.661,0.04,0.703
pgsphere,6',244,121,0,2,3,0.322,0.04,0.365
pgsphere,6',280,122,61,7,11,67.245,0.029,67.397
pgsphere,6',300,123,3,4,3,0.72,0.111,0.805
pgsphere,6',312,124,13,10,6,0.904,0.053,0.999
pgsphere,6',177,125,1,3,2,51.058,0.052,51.135
pgsphere,6',165,126,1,3,2,0.539,0.068,0.598
pgsphere,6',213,127,0,4,5,1.003,0.043,1.074
pgsphere,6',186,128,7,3,4,0.465,0.041,0.516
pgsphere,6',231,129,50,8,9,154.248,0.039,154.4
pgsphere,6',291,130,12,6,9,1.875,0.116,1.992
pgsphere,6',226,131,8,9,4,0.797,0.096,0.906
pgsphere,6',188,132,0,3,1,0.205,0.051,0.241
pgsphere,6',350,133,6,2,7,0.641,0.061,0.708
pgsphere,6',311,134,0,3,1,0.144,0.043,0.176
pgsphere,6',297,135,1,3,4,0.455,0.031,0.502
pgsphere,6',189,136,2,2,4,0.602,0.05,0.662
pgsphere,6',171,137,0,3,1,0.148,0.041,0.178
pgsphere,6',260,138,3,3,5,66.34,0.05,66.503
pgsphere,6',194,139,2,2,3,0.858,0.093,0.936
pgsphere,6',326,140,82,11,12,147.413,0.061,147.618
pgsphere,6',308,141,12,3,6,1.172,0.095,1.274
pgsphere,6',238,142,25,4,10,73.665,0.059,73.861
pgsphere,6',315,143,26,4,4,0.777,0.082,0.878
pgsphere,6',261,144,4,2,5,58.826,0.064,58.942
pgsphere,6',209,145,17,3,5,0.874,0.086,0.973
pgsphere,6',306,146,22,3,6,0.838,0.062,0.926
pgsphere,6',344,147,10,8,5,58.705,0.075,58.848
pgsphere,6',160,148,24,2,9,1.233,0.066,1.314
pgsphere,6',327,149,25,5,5,64.032,0.047,64.137
pgsphere,6',323,150,21,5,4,1.045,0.084,1.212
pgsphere,6',222,151,1,5,2,0.51,0.063,0.572
pgsphere,6',161,152,0,4,2,0.446,0.044,0.487
pgsphere,6',193,153,5,3,9,1.301,0.04,1.397
pgsphere,6',232,154,1,5,4,0.733,0.071,0.794
pgsphere,6',174,155,0,3,3,0.445,0.04,0.494
pgsphere,6',332,156,107,7,10,1.183,0.052,1.314
pgsphere,6',219,157,0,3,2,0.339,0.051,0.385
pgsphere,6',253,158,3,3,4,0.662,0.046,0.721
pgsphere,6',254,159,2,3,2,0.325,0.042,0.362
pgsphere,6',347,160,2,3,3,0.478,0.085,0.546
pgsphere,6',214,161,70,4,9,106.037,0.049,106.198
pgsphere,6',321,162,1,2,3,0.819,0.092,0.917
pgsphere,6',243,163,0,4,2,0.548,0.069,0.611
pgsphere,6',328,164,1,4,3,0.695,0.045,0.752
pgsphere,6',183,165,1,3,2,0.382,0.046,0.418
pgsphere,6',259,166,19,2,7,68.637,0.039,68.785
pgsphere,6',190,167,3,4,2,0.679,0.088,0.749
pgsphere,6',225,168,1,5,4,0.767,0.057,0.836
pgsphere,6',296,169,11,2,5,53.237,0.043,53.359
pgsphere,6',279,170,3,2,4,1.129,0.072,1.193
pgsphere,6',264,171,25,5,7,1.698,0.048,1.782
pgsphere,6',345,172,17,2,4,0.715,0.068,0.773
pgsphere,6',274,173,27,4,7,1.565,0.039,1.633
pgsphere,6',257,174,9,3,3,0.397,0.041,0.437
pgsphere,6',276,175,2,3,3,0.825,0.032,0.886
pgsphere,6',233,176,9,3,2,0.801,0.062,0.865
pgsphere,6',203,177,0,4,3,0.58,0.042,0.631
pgsphere,6',281,178,11,3,9,1.305,0.043,1.39
pgsphere,6',242,179,3,3,3,0.449,0.08,0.511
pgsphere,6',265,180,37,3,7,56.093,0.037,56.195
pgsphere,6',218,181,48,7,10,45.839,0.075,46.027
pgsphere,6',205,182,48,3,9,1.814,0.082,1.938
pgsphere,6',211,183,9,5,5,0.875,0.06,0.947
pgsphere,6',220,184,4,4,3,0.416,0.05,0.465
pgsphere,6',267,185,9,9,6,0.791,0.043,0.931
pgsphere,6',309,186,47,6,11,221.887,0.053,222.071
pgsphere,6',185,187,9,7,8,2.636,0.1,2.8
pgsphere,6',299,188,3,4,3,0.974,0.067,1.037
pgsphere,6',351,189,5,5,3,0.786,0.05,0.848
pgsphere,6',324,190,46,7,9,52.54,0.043,52.682
pgsphere,6',241,191,2,3,4,0.685,0.078,0.745
pgsphere,6',256,192,7,3,2,0.414,0.05,0.455
pgsphere,6',266,193,4,3,3,0.743,0.04,0.801
pgsphere,6',173,194,150,13,16,51.852,0.044,52.058
pgsphere,6',290,195,22,4,7,332.401,0.073,332.558
pgsphere,6',335,196,2,4,2,0.773,0.103,0.872
pgsphere,6',164,197,5,3,4,1.24,0.064,1.34
pgsphere,6',181,198,23,4,9,79.724,0.057,79.94
pgsphere,6',255,199,93,13,12,191.804,0.122,192.136
pgsphere,6',330,200,3,3,3,0.945,0.123,1.027
pgsphere,30',138,1,644,63,36,79.498,10.776,80.436
pgsphere,30',134,2,49,9,17,2.518,0.118,2.738
pgsphere,30',63,3,39,5,6,0.883,0.05,0.992
pgsphere,30',126,4,18,5,7,1.04,0.042,1.11
pgsphere,30',60,5,27,4,8,0.794,0.041,0.863
pgsphere,30',119,6,27,4,9,0.975,0.036,1.062
pgsphere,30',59,7,1682,116,88,135.973,0.035,136.92
pgsphere,30',144,8,68,4,8,1.128,0.112,1.234
pgsphere,30',141,9,2561,128,93,120.273,0.056,121.542
pgsphere,30',140,10,522,32,31,4.361,0.1,4.646
pgsphere,30',69,11,189,26,21,2.749,0.059,2.922
pgsphere,30',131,12,22,2,4,0.948,0.078,1.062
pgsphere,30',156,13,1615,112,76,76.56,0.069,78.055
pgsphere,30',154,14,842,44,40,64.646,0.184,65.509
pgsphere,30',123,15,36,5,8,1.922,0.134,2.079
pgsphere,30',96,16,917,64,51,66.239,0.079,67.293
pgsphere,30',109,17,809,54,46,132.275,0.142,133.304
pgsphere,30',77,18,978,56,48,113.877,0.133,114.829
pgsphere,30',88,19,224,19,21,3.915,0.134,4.303
pgsphere,30',155,20,89,8,15,1.786,0.086,1.986
pgsphere,30',145,21,727,58,52,49.057,0.067,49.951
pgsphere,30',115,22,140,9,13,1.372,0.097,1.62
pgsphere,30',66,23,16,3,6,0.777,0.076,0.876
pgsphere,30',72,24,23,4,8,0.973,0.067,1.091
pgsphere,30',78,25,19,7,5,1.02,0.083,1.139
pgsphere,30',152,26,123,7,11,1.638,0.063,1.826
pgsphere,30',101,27,79,9,9,1.543,0.062,1.658
pgsphere,30',137,28,70,6,7,1.001,0.049,1.074
pgsphere,30',125,29,514,33,30,2.584,0.042,2.844
pgsphere,30',85,30,115,12,15,1.439,0.042,1.551
pgsphere,30',136,31,40,3,9,0.792,0.055,0.852
pgsphere,30',81,32,158,13,18,1.583,0.034,1.707
pgsphere,30',62,33,82,6,10,0.955,0.051,1.032
pgsphere,30',148,34,436,21,26,58.799,0.07,59.086
pgsphere,30',121,35,113,8,14,1.946,0.073,2.075
pgsphere,30',91,36,380,19,26,65.199,0.053,65.658
pgsphere,30',118,37,167,15,17,2.173,0.085,2.335
pgsphere,30',110,38,13,2,5,0.454,0.084,0.509
pgsphere,30',114,39,19,4,4,0.598,0.034,0.65
pgsphere,30',105,40,1296,73,58,269.986,0.043,270.821
pgsphere,30',132,41,169,8,16,1.966,0.093,2.176
pgsphere,30',58,42,115,7,13,1.374,0.06,1.523
pgsphere,30',84,43,224,15,19,1.756,0.057,1.926
pgsphere,30',103,44,1494,84,70,139.644,0.053,140.384
pgsphere,30',111,45,48,6,8,0.984,0.098,1.08
pgsphere,30',57,46,153,15,17,1.851,0.05,2.041
pgsphere,30',113,47,118,11,12,1.402,0.049,1.534
pgsphere,30',67,48,11,3,6,0.731,0.049,0.795
pgsphere,30',89,49,16,3,5,0.575,0.044,0.626
pgsphere,30',128,50,442,27,23,57.07,0.058,57.464
pgsphere,30',70,51,17,2,5,0.577,0.128,0.667
pgsphere,30',150,52,161,13,18,2.377,0.063,2.668
pgsphere,30',135,53,32,5,10,1.807,0.06,1.958
pgsphere,30',61,54,47,8,11,1.283,0.057,1.46
pgsphere,30',112,55,31,10,8,0.873,0.056,1.003
pgsphere,30',95,56,716,56,41,4.022,0.057,4.444
pgsphere,30',90,57,98,11,12,1.09,0.042,1.19
pgsphere,30',147,58,136,9,14,2.642,0.033,2.771
pgsphere,30',143,59,749,31,28,2.624,0.042,2.913
pgsphere,30',92,60,103,11,14,1.294,0.041,1.446
pgsphere,30',86,61,198,19,20,1.971,0.037,2.137
pgsphere,30',82,62,2867,164,101,113.959,0.069,115.172
pgsphere,30',93,63,12,2,8,0.73,0.09,0.811
pgsphere,30',130,64,375,24,24,2.607,0.043,2.834
pgsphere,30',133,65,179,15,19,2.194,0.051,2.36
pgsphere,30',122,66,219,16,19,1.871,0.048,2.028
pgsphere,30',108,67,533,35,35,3.804,0.038,4.111
pgsphere,30',68,68,21,3,4,0.601,0.057,0.665
pgsphere,30',146,69,49,7,8,1.115,0.048,1.186
pgsphere,30',142,70,496,26,28,244.864,0.047,245.235
pgsphere,30',151,71,511,35,36,4.092,0.142,4.446
pgsphere,30',107,72,17,4,7,1.033,0.067,1.1
pgsphere,30',99,73,207,19,22,1.999,0.04,2.153
pgsphere,30',74,74,121,8,14,53.007,0.037,53.203
pgsphere,30',153,75,166,14,15,1.727,0.08,1.891
pgsphere,30',116,76,43,7,8,0.883,0.064,0.973
pgsphere,30',87,77,18,4,3,0.591,0.085,0.642
pgsphere,30',124,78,14,3,3,0.413,0.034,0.449
pgsphere,30',104,79,43,4,7,0.86,0.034,0.926
pgsphere,30',75,80,17,8,6,0.643,0.038,0.699
pgsphere,30',129,81,255,11,19,2.209,0.029,2.409
pgsphere,30',79,82,1805,90,74,58.154,0.05,58.954
pgsphere,30',73,83,23,3,5,1.065,0.075,1.149
pgsphere,30',120,84,4326,262,172,167.435,0.047,169.484
pgsphere,30',139,85,222,16,19,2.008,0.091,2.17
pgsphere,30',71,86,1233,74,61,4.928,0.052,5.544
pgsphere,30',97,87,2247,158,102,106.203,0.056,107.629
pgsphere,30',64,88,135,9,15,1.339,0.094,1.515
pgsphere,30',117,89,25,6,7,0.643,0.05,0.711
pgsphere,30',127,90,25,4,4,0.452,0.048,0.503
pgsphere,30',102,91,2886,150,116,59.322,0.031,60.562
pgsphere,30',98,92,88,10,15,2.537,0.12,2.692
pgsphere,30',80,93,18,4,5,0.631,0.054,0.701
pgsphere,30',106,94,2148,119,95,405.403,0.05,406.729
pgsphere,30',149,95,159,19,21,2.251,0.105,2.453
pgsphere,30',94,96,21,7,8,0.912,0.051,0.999
pgsphere,30',100,97,3256,172,118,153.788,0.047,156.22
pgsphere,30',76,98,11,5,6,0.792,0.135,0.917
pgsphere,30',65,99,71,5,11,1.209,0.135,1.369
pgsphere,30',83,100,29,3,5,0.722,0.068,0.817
skycell,30',138,1,644,25,25,72.404,2.223,72.811
skycell,30',134,2,49,7,10,0.922,0.111,1.008
skycell,30',63,3,39,5,5,0.41,0.053,0.463
skycell,30',126,4,18,10,7,1.555,0.114,1.633
skycell,30',60,5,27,11,6,0.755,0.107,0.823
skycell,30',119,6,27,4,5,0.548,0.055,0.608
skycell,30',59,7,1682,29,47,177.615,0.176,178.415
skycell,30',144,8,68,12,9,1.542,0.134,1.667
skycell,30',141,9,2561,35,60,356.24,0.118,357.303
skycell,30',140,10,522,19,23,2.867,0.17,3.22
skycell,30',69,11,189,6,11,1.313,0.123,1.532
skycell,30',131,12,22,7,6,1.229,0.1,1.322
skycell,30',156,13,1615,33,49,70.29,0.131,71.308
skycell,30',154,14,842,25,30,241.546,0.154,242.006
skycell,30',123,15,36,6,9,2.035,0.132,2.201
skycell,30',96,16,917,20,30,1.381,0.117,1.68
skycell,30',109,17,809,23,33,3.732,0.111,4.176
skycell,30',77,18,978,37,30,319.205,0.149,319.915
skycell,30',88,19,224,11,13,1.977,0.196,2.183
skycell,30',155,20,89,18,8,0.727,0.084,0.814
skycell,30',145,21,727,27,30,4.454,0.101,4.911
skycell,30',115,22,140,7,9,1.581,0.142,1.786
skycell,30',66,23,16,5,4,0.525,0.104,0.614
skycell,30',72,24,23,4,5,1.153,0.068,1.239
skycell,30',78,25,19,9,5,0.844,0.116,0.924
skycell,30',152,26,123,11,9,1.107,0.079,1.223
skycell,30',101,27,79,10,8,1.129,0.074,1.213
skycell,30',137,28,70,14,10,1.23,0.078,1.315
skycell,30',125,29,514,9,21,2.364,0.077,2.712
skycell,30',85,30,115,8,12,2.021,0.108,2.192
skycell,30',136,31,40,4,5,0.729,0.071,0.815
skycell,30',81,32,158,17,11,0.95,0.074,1.09
skycell,30',62,33,82,7,7,1.425,0.096,1.543
skycell,30',148,34,436,28,20,325.476,0.093,325.846
skycell,30',121,35,113,12,13,1.288,0.164,1.464
skycell,30',91,36,380,23,19,78.946,0.124,79.31
skycell,30',118,37,167,11,11,1.228,0.125,1.343
skycell,30',110,38,13,2,2,0.633,0.082,0.681
skycell,30',114,39,19,4,5,0.745,0.063,0.807
skycell,30',105,40,1296,20,34,561.195,0.113,561.926
skycell,30',132,41,169,12,11,2.489,0.144,2.756
skycell,30',58,42,115,7,10,1.524,0.222,1.672
skycell,30',84,43,224,8,16,2.026,0.086,2.309
skycell,30',103,44,1494,32,48,197.093,0.105,197.814
skycell,30',111,45,48,8,9,1.046,0.134,1.144
skycell,30',57,46,153,5,8,0.737,0.088,0.959
skycell,30',113,47,118,7,12,1.947,0.081,2.114
skycell,30',67,48,11,5,7,0.636,0.066,0.691
skycell,30',89,49,16,4,6,0.591,0.072,0.644
skycell,30',128,50,442,22,15,1.107,0.106,1.345
skycell,30',70,51,17,7,7,0.56,0.065,0.622
skycell,30',150,52,161,7,14,1.419,0.086,1.536
skycell,30',135,53,32,5,6,0.403,0.055,0.452
skycell,30',61,54,47,14,6,0.582,0.048,0.637
skycell,30',112,55,31,10,7,0.566,0.048,0.614
skycell,30',95,56,716,23,24,68.139,0.112,68.543
skycell,30',90,57,98,8,7,0.914,0.128,1.01
skycell,30',147,58,136,18,13,1.5,0.094,1.603
skycell,30',143,59,749,20,21,3.449,0.085,3.798
skycell,30',92,60,103,8,11,1.428,0.092,1.547
skycell,30',86,61,198,14,12,1.205,0.104,1.334
skycell,30',82,62,2867,30,61,199.893,0.111,201.057
skycell,30',93,63,12,1,4,1.037,0.174,1.125
skycell,30',130,64,375,13,19,1.742,0.098,1.999
skycell,30',133,65,179,12,15,1.803,0.105,1.975
skycell,30',122,66,219,8,13,2.223,0.085,2.374
skycell,30',108,67,533,22,22,2.542,0.112,2.793
skycell,30',68,68,21,10,6,0.579,0.072,0.637
skycell,30',146,69,49,5,6,0.891,0.061,0.98
skycell,30',142,70,496,25,19,136.619,0.099,137.077
skycell,30',151,71,511,18,21,1.738,0.186,2.096
skycell,30',107,72,17,6,7,0.646,0.11,0.784
skycell,30',99,73,207,16,13,1.184,0.102,1.395
skycell,30',74,74,121,18,14,2.157,0.143,2.355
skycell,30',153,75,166,11,15,2.405,0.105,2.649
skycell,30',116,76,43,2,4,0.634,0.076,0.708
skycell,30',87,77,18,9,3,0.769,0.061,0.828
skycell,30',124,78,14,4,5,1.089,0.066,3.458
skycell,30',104,79,43,4,5,0.875,0.071,0.957
skycell,30',75,80,17,4,5,0.597,0.054,0.642
skycell,30',129,81,255,15,15,3.842,0.06,4.016
skycell,30',79,82,1805,21,47,3.304,0.088,3.839
skycell,30',73,83,23,1,3,0.299,0.062,0.339
skycell,30',120,84,4326,47,98,126.442,0.103,128.281
skycell,30',139,85,222,14,15,3.005,0.187,4.299
skycell,30',71,86,1233,20,34,6.652,0.183,12.938
skycell,30',97,87,2247,22,53,335.931,0.157,337.034
skycell,30',64,88,135,12,11,1.454,0.145,1.58
skycell,30',117,89,25,6,8,0.765,0.102,0.82
skycell,30',127,90,25,8,5,0.491,0.055,0.534
skycell,30',102,91,2886,30,68,75.496,0.086,76.585
skycell,30',98,92,88,9,8,1.142,0.21,1.315
skycell,30',80,93,18,9,4,0.562,0.083,0.673
skycell,30',106,94,2148,16,52,413.399,0.115,414.273
skycell,30',149,95,159,7,12,1.748,0.135,1.934
skycell,30',94,96,21,5,4,0.925,0.11,1.029
skycell,30',100,97,3256,33,70,59.453,0.139,60.536
skycell,30',76,98,11,16,4,2.861,0.116,2.975
skycell,30',65,99,71,10,8,1.704,0.117,1.856
skycell,30',83,100,29,9,7,0.695,0.075,0.772
skycell,1deg,27,1,642,15,29,4.248,2.721,4.854
skycell,1deg,43,2,70,11,9,1.168,0.128,1.319
skycell,1deg,33,3,7305,23,138,67.731,0.178,70.231
skycell,1deg,36,4,11205,31,185,408.702,0.247,411.464
skycell,1deg,35,5,41,6,6,2.081,0.127,2.304
skycell,1deg,19,6,2069,20,48,5.899,0.172,6.829
skycell,1deg,24,7,4091,44,95,115.272,0.124,116.995
skycell,1deg,51,8,396,20,18,3.647,0.219,3.983
skycell,1deg,28,9,186,10,10,2.844,0.125,3.449
skycell,1deg,41,10,1714,32,46,96.323,0.445,97.779
skycell,1deg,30,11,161,9,12,0.91,0.138,1.028
skycell,1deg,23,12,1883,32,50,5.345,0.152,5.929
skycell,1deg,21,13,69,11,10,1.54,0.167,1.66
skycell,1deg,26,14,138,11,13,1.519,0.091,1.666
skycell,1deg,32,15,1641,25,46,64.789,0.122,65.668
skycell,1deg,48,16,696,32,32,5.338,0.155,5.957
skycell,1deg,47,17,69,16,13,1.325,0.196,1.51
skycell,1deg,45,18,52,12,5,0.763,0.23,0.979
skycell,1deg,29,19,2011,27,57,7.021,0.231,8.375
skycell,1deg,18,20,13618,27,238,229.601,0.226,233.501
skycell,1deg,17,21,258,13,17,4.162,0.237,4.781
skycell,1deg,25,22,9338,36,183,374.938,0.151,377.837
skycell,1deg,20,23,1722,15,43,6.154,0.183,6.805
skycell,1deg,52,24,180,10,10,2.732,0.118,2.971
skycell,1deg,56,25,59,18,9,0.894,0.094,1.015
skycell,1deg,42,26,2815,37,68,3.527,0.266,4.382
skycell,1deg,38,27,133,18,13,1.699,0.088,1.833
skycell,1deg,37,28,2642,50,56,3.667,0.124,4.419
skycell,1deg,54,29,999,19,31,2.73,0.158,3.195
skycell,1deg,55,30,143,5,10,2.101,0.107,2.372
skycell,1deg,22,31,268,10,13,1.961,0.145,2.233
skycell,1deg,50,32,77,9,9,1.943,0.102,2.2
skycell,1deg,31,33,149,12,9,1.944,0.167,2.309
skycell,1deg,40,34,756,27,27,4.262,0.128,4.622
skycell,1deg,39,35,287,16,14,1.844,0.072,2.059
skycell,1deg,53,36,20213,26,327,496.033,0.14,502.415
skycell,1deg,46,37,11033,29,191,249.913,0.253,253.145
skycell,1deg,34,38,5700,29,112,340.545,0.215,342.74
skycell,1deg,49,39,59,7,9,1.203,0.132,1.287
skycell,1deg,44,40,1559,27,45,2.485,0.098,2.978
pgsphere,1deg,27,1,642,63,43,6.105,6.557,7.02
pgsphere,1deg,43,2,70,6,12,1.584,0.048,1.698
pgsphere,1deg,33,3,7305,320,222,93.374,0.039,96.162
pgsphere,1deg,36,4,11205,599,316,222.281,0.075,226.407
pgsphere,1deg,35,5,41,3,6,0.434,0.082,0.509
pgsphere,1deg,19,6,2069,128,93,10.157,0.03,11.179
pgsphere,1deg,24,7,4091,216,160,176.104,0.114,178.127
pgsphere,1deg,51,8,396,31,29,3.185,0.096,3.52
pgsphere,1deg,28,9,186,10,16,1.507,0.056,1.638
pgsphere,1deg,41,10,1714,119,84,174.88,0.047,176.043
pgsphere,1deg,30,11,161,13,13,1.085,0.093,1.203
pgsphere,1deg,23,12,1883,107,76,6.646,0.052,7.405
pgsphere,1deg,21,13,69,6,13,1.235,0.051,1.337
pgsphere,1deg,26,14,138,12,17,1.939,0.043,2.09
pgsphere,1deg,32,15,1641,113,74,60.192,0.048,61.344
pgsphere,1deg,48,16,696,34,34,3.845,0.133,4.189
pgsphere,1deg,47,17,69,9,12,2.116,0.063,2.254
pgsphere,1deg,45,18,52,5,8,1.002,0.054,1.078
pgsphere,1deg,29,19,2011,128,96,11.385,0.042,12.826
pgsphere,1deg,18,20,13618,914,474,260.119,0.065,268.319
pgsphere,1deg,17,21,258,19,23,3.534,0.149,3.903
pgsphere,1deg,25,22,9338,462,286,648.716,0.087,653.986
pgsphere,1deg,20,23,1722,119,88,9.77,0.106,10.851
pgsphere,1deg,52,24,180,18,20,3.182,0.077,3.39
pgsphere,1deg,56,25,59,9,11,1.553,0.068,1.665
pgsphere,1deg,42,26,2815,186,127,12.457,0.066,13.979
pgsphere,1deg,38,27,133,13,16,1.612,0.059,1.758
pgsphere,1deg,37,28,2642,167,114,169.34,0.044,171.08
pgsphere,1deg,54,29,999,61,52,4.376,0.096,4.965
pgsphere,1deg,55,30,143,12,16,1.83,0.069,1.974
pgsphere,1deg,22,31,268,19,18,1.871,0.052,2.1
pgsphere,1deg,50,32,77,7,11,1.071,0.064,1.22
pgsphere,1deg,31,33,149,13,14,1.503,0.047,1.706
pgsphere,1deg,40,34,756,47,41,3.358,0.052,3.732
pgsphere,1deg,39,35,287,18,22,2.4,0.052,2.606
pgsphere,1deg,53,36,20213,1068,566,461.029,0.05,469.273
pgsphere,1deg,46,37,11033,618,370,324.185,0.098,329.119
pgsphere,1deg,34,38,5700,326,200,588.073,0.112,591.648
pgsphere,1deg,49,39,59,6,10,1.951,0.142,2.103
pgsphere,1deg,44,40,1559,118,82,54.92,0.063,56.211
pgsphere,3deg,6,1,6905,0,234,14.501,9.733,19.02
pgsphere,3deg,9,2,881,1,46,3.221,0.092,4.144
pgsphere,3deg,11,3,24740,1,710,186.324,0.079,195.786
pgsphere,3deg,7,4,2125,2,85,6.939,0.079,8.038
pgsphere,3deg,15,5,42969,1,1237,183.266,0.059,198.573
pgsphere,3deg,4,6,76993,2,1737,372.214,0.075,394.3
pgsphere,3deg,14,7,633,3,37,4.176,0.076,4.703
pgsphere,3deg,12,8,386,2,26,2.485,0.077,2.84
pgsphere,3deg,1,9,36520,2,1173,358.173,0.05,372.346
pgsphere,3deg,13,10,1245,2,59,12.679,0.121,13.5
pgsphere,3deg,16,11,145854,4,3750,1535.374,0.29,1579.628
pgsphere,3deg,2,12,879,2,43,3.63,0.108,4.233
pgsphere,3deg,8,13,4330,3,144,12.226,0.064,13.647
pgsphere,3deg,10,14,787,2,40,5.983,0.055,6.495
pgsphere,3deg,5,15,99236,3,2898,1249.412,0.061,1285.786
pgsphere,3deg,3,16,21250,2,583,161.009,0.098,167.284
skycell,3deg,6,1,6905,27,123,4.659,2.531,6.596
skycell,3deg,9,2,881,20,31,3.085,0.104,3.515
skycell,3deg,11,3,24740,58,399,62.484,0.138,67.763
skycell,3deg,7,4,2125,22,53,3.883,0.181,4.553
skycell,3deg,15,5,42969,45,691,737.777,0.145,748.425
skycell,3deg,4,6,76993,50,1034,328.567,0.221,345.27
skycell,3deg,14,7,633,19,24,3.223,0.176,3.559
skycell,3deg,12,8,386,10,15,1.762,0.365,1.995
skycell,3deg,1,9,36520,62,600,313.134,0.161,324.624
skycell,3deg,13,10,1245,42,42,4.328,0.217,4.757
skycell,3deg,16,11,145854,45,1981,967.699,0.16,1002.513
skycell,3deg,2,12,879,29,31,1.508,0.194,1.885
skycell,3deg,8,13,4330,56,87,3.244,0.14,4.308
skycell,3deg,10,14,787,25,29,1.445,0.125,1.765
skycell,3deg,5,15,99236,43,1451,881.632,0.159,903.686
skycell,3deg,3,16,21250,41,331,156.415,0.195,161.975
