method,label,qid,seq,n,hit,rd,io_ms,plan_ms,exec_ms
pgsphere,"1""",1164,1,0,23,7,0.456,375.564,0.876
pgsphere,"1""",1195,2,0,1,3,0.22,0.046,0.322
pgsphere,"1""",1283,3,1,2,3,0.309,0.031,0.359
pgsphere,"1""",1329,4,1,2,4,0.316,0.03,0.358
pgsphere,"1""",1089,5,0,2,3,0.194,0.028,0.224
pgsphere,"1""",1338,6,0,2,2,0.141,0.02,0.17
pgsphere,"1""",1077,7,0,2,4,0.297,0.022,0.335
pgsphere,"1""",1428,8,1,2,5,0.263,0.022,0.298
pgsphere,"1""",1289,9,0,3,2,0.137,0.029,0.163
pgsphere,"1""",1396,10,1,2,4,0.216,0.018,0.247
pgsphere,"1""",1149,11,0,3,1,0.07,0.019,0.099
pgsphere,"1""",1173,12,0,2,2,0.145,0.028,0.166
pgsphere,"1""",1455,13,1,2,3,0.155,0.019,0.179
pgsphere,"1""",1158,14,1,2,3,0.178,0.017,0.243
pgsphere,"1""",1388,15,1,3,3,0.196,0.032,0.234
pgsphere,"1""",1265,16,0,3,1,0.17,0.02,0.191
pgsphere,"1""",1183,17,0,3,2,0.187,0.02,0.21
pgsphere,"1""",1369,18,1,3,6,0.385,0.02,0.43
pgsphere,"1""",1412,19,1,3,3,0.234,0.022,0.27
pgsphere,"1""",1347,20,1,3,3,0.17,0.025,0.203
pgsphere,"1""",1288,21,0,2,2,0.126,0.02,0.144
pgsphere,"1""",1422,22,1,1,5,0.297,0.017,0.334
pgsphere,"1""",1117,23,0,3,5,0.266,0.022,0.305
pgsphere,"1""",1166,24,0,2,2,0.287,0.02,0.342
pgsphere,"1""",1206,25,0,4,1,0.08,0.026,0.107
pgsphere,"1""",1202,26,0,3,1,0.074,0.017,0.099
pgsphere,"1""",1395,27,1,2,5,0.461,0.015,0.494
pgsphere,"1""",1190,28,0,2,2,0.134,0.023,0.155
pgsphere,"1""",1159,29,0,1,3,0.277,0.02,0.299
pgsphere,"1""",1261,30,0,2,3,0.225,0.02,0.248
pgsphere,"1""",1327,31,0,3,3,0.252,0.018,0.283
pgsphere,"1""",1139,32,0,4,1,0.08,0.027,0.102
pgsphere,"1""",1404,33,1,2,6,0.34,0.018,0.379
pgsphere,"1""",1175,34,0,3,1,0.189,0.021,0.211
pgsphere,"1""",1268,35,0,2,3,0.533,0.031,0.566
pgsphere,"1""",1071,36,1,2,4,0.298,0.029,0.346
pgsphere,"1""",1241,37,0,3,1,0.074,0.024,0.098
pgsphere,"1""",1282,38,1,3,3,0.19,0.02,0.218
pgsphere,"1""",1221,39,0,2,4,0.313,0.021,0.345
pgsphere,"1""",1169,40,0,3,6,0.317,0.023,0.368
pgsphere,"1""",1100,41,0,2,1,0.07,0.025,0.093
pgsphere,"1""",1319,42,0,3,2,0.149,0.019,0.173
pgsphere,"1""",1435,43,1,3,3,0.281,0.019,0.317
pgsphere,"1""",1143,44,1,2,4,0.23,0.025,0.262
pgsphere,"1""",1112,45,1,3,6,0.392,0.028,0.463
pgsphere,"1""",1397,46,1,2,3,0.217,0.039,0.251
pgsphere,"1""",1064,47,1,4,4,0.42,0.029,0.466
pgsphere,"1""",1416,48,1,2,6,0.361,0.033,0.406
pgsphere,"1""",1284,49,1,2,3,0.194,0.029,0.221
pgsphere,"1""",1225,50,0,2,3,0.261,0.021,0.289
pgsphere,"1""",1258,51,0,3,4,0.227,0.042,0.27
pgsphere,"1""",1219,52,0,2,3,0.229,0.023,0.254
pgsphere,"1""",1296,53,0,2,2,0.214,0.021,0.237
pgsphere,"1""",1211,54,0,3,2,0.22,0.033,0.252
pgsphere,"1""",1155,55,0,2,3,0.291,0.025,0.321
pgsphere,"1""",1297,56,0,3,3,0.215,0.031,0.248
pgsphere,"1""",1332,57,1,4,2,0.145,0.026,0.176
pgsphere,"1""",1402,58,1,2,3,0.236,0.05,0.262
pgsphere,"1""",1060,59,1,2,3,0.2,0.021,0.222
pgsphere,"1""",1426,60,1,3,2,0.187,0.018,0.21
pgsphere,"1""",1320,61,0,3,1,0.123,0.024,0.145
pgsphere,"1""",1181,62,0,2,4,0.29,0.019,0.317
pgsphere,"1""",1150,63,0,3,2,0.214,0.018,0.244
pgsphere,"1""",1186,64,0,3,0,0,0.019,0.015
pgsphere,"1""",1249,65,0,3,2,0.182,0.014,0.206
pgsphere,"1""",1389,66,1,3,3,0.319,0.034,0.355
pgsphere,"1""",1244,67,1,2,3,0.295,0.04,0.335
pgsphere,"1""",1110,68,0,2,3,0.218,0.033,0.287
pgsphere,"1""",1123,69,1,3,3,0.235,0.034,0.27
pgsphere,"1""",1242,70,1,2,4,0.314,0.025,0.345
pgsphere,"1""",1301,71,0,3,2,0.193,0.025,0.216
pgsphere,"1""",1449,72,1,2,4,0.279,0.02,0.309
pgsphere,"1""",1168,73,0,3,4,0.271,0.025,0.308
pgsphere,"1""",1418,74,1,2,3,0.198,0.021,0.223
pgsphere,"1""",1419,75,1,3,3,0.202,0.021,0.229
pgsphere,"1""",1229,76,0,3,2,0.155,0.021,0.183
pgsphere,"1""",1067,77,1,4,2,0.167,0.019,0.196
pgsphere,"1""",1226,78,1,3,3,0.22,0.021,0.25
pgsphere,"1""",1213,79,0,3,1,0.078,0.019,0.096
pgsphere,"1""",1341,80,1,3,3,0.277,0.018,0.306
pgsphere,"1""",1174,81,0,3,1,0.09,0.022,0.108
pgsphere,"1""",1325,82,0,4,1,0.064,0.023,0.085
pgsphere,"1""",1390,83,1,2,3,0.474,0.039,0.515
pgsphere,"1""",1386,84,1,3,3,0.271,0.033,0.305
pgsphere,"1""",1172,85,0,2,5,0.308,0.024,0.342
pgsphere,"1""",1081,86,1,3,3,0.251,0.021,0.278
pgsphere,"1""",1161,87,1,2,4,0.295,0.023,0.329
pgsphere,"1""",1073,88,0,3,2,0.195,0.021,0.22
pgsphere,"1""",1216,89,0,2,2,0.142,0.022,0.164
pgsphere,"1""",1248,90,0,4,2,0.139,0.018,0.167
pgsphere,"1""",1222,91,0,3,2,0.136,0.017,0.157
pgsphere,"1""",1121,92,1,2,4,0.261,0.027,0.291
pgsphere,"1""",1122,93,0,4,1,0.093,0.019,0.116
pgsphere,"1""",1454,94,1,3,2,0.154,0.017,0.177
pgsphere,"1""",1255,95,0,2,2,0.162,0.02,0.18
pgsphere,"1""",1336,96,0,2,2,0.178,0.018,0.202
pgsphere,"1""",1405,97,1,4,4,0.351,0.018,0.392
pgsphere,"1""",1351,98,1,2,6,0.501,0.028,0.567
pgsphere,"1""",1170,99,0,3,1,0.1,0.028,0.125
pgsphere,"1""",1218,100,1,2,4,0.234,0.019,0.266
pgsphere,"1""",1128,101,0,2,2,0.154,0.018,0.18
pgsphere,"1""",1287,102,1,4,2,0.189,0.021,0.219
pgsphere,"1""",1430,103,1,2,4,0.288,0.021,0.318
pgsphere,"1""",1230,104,0,2,2,0.13,0.025,0.151
pgsphere,"1""",1094,105,1,2,3,0.189,0.018,0.213
pgsphere,"1""",1079,106,0,3,1,0.086,0.018,0.105
pgsphere,"1""",1223,107,0,2,2,0.221,0.016,0.244
pgsphere,"1""",1066,108,1,3,4,0.309,0.026,0.344
pgsphere,"1""",1309,109,0,4,2,0.314,0.021,0.356
pgsphere,"1""",1144,110,0,4,4,0.267,0.027,0.312
pgsphere,"1""",1292,111,0,3,3,0.242,0.024,0.299
pgsphere,"1""",1152,112,0,2,3,0.218,0.021,0.241
pgsphere,"1""",1075,113,1,3,2,0.15,0.023,0.179
pgsphere,"1""",1323,114,0,3,2,0.149,0.021,0.171
pgsphere,"1""",1407,115,1,3,7,0.402,0.019,0.444
pgsphere,"1""",1136,116,1,4,2,0.207,0.019,0.237
pgsphere,"1""",1424,117,1,3,2,0.161,0.02,0.185
pgsphere,"1""",1203,118,0,2,2,0.156,0.019,0.176
pgsphere,"1""",1059,119,1,3,5,0.318,0.023,0.357
pgsphere,"1""",1130,120,0,3,1,0.094,0.021,0.115
pgsphere,"1""",1328,121,0,2,2,1.405,0.017,1.441
pgsphere,"1""",1199,122,0,4,1,0.198,0.053,0.234
pgsphere,"1""",1104,123,1,5,2,0.191,0.052,0.235
pgsphere,"1""",1382,124,1,2,4,0.29,0.028,0.321
pgsphere,"1""",1096,125,1,4,3,0.321,0.021,0.36
pgsphere,"1""",1207,126,0,4,2,0.328,0.03,0.359
pgsphere,"1""",1403,127,1,2,3,0.23,0.059,0.263
pgsphere,"1""",1085,128,1,2,4,0.312,0.024,0.348
pgsphere,"1""",1187,129,1,2,4,0.428,0.082,0.469
pgsphere,"1""",1340,130,1,3,3,0.243,0.036,0.276
pgsphere,"1""",1387,131,1,3,4,0.34,0.028,0.405
pgsphere,"1""",1314,132,1,2,3,0.404,0.042,0.442
pgsphere,"1""",1410,133,1,4,6,0.352,0.037,0.402
pgsphere,"1""",1192,134,0,2,2,0.148,0.033,0.189
pgsphere,"1""",1078,135,1,3,3,0.196,0.033,0.231
pgsphere,"1""",1310,136,0,3,2,0.172,0.024,0.203
pgsphere,"1""",1453,137,1,4,2,0.346,0.03,0.385
pgsphere,"1""",1068,138,0,4,1,0.121,0.038,0.176
pgsphere,"1""",1411,139,1,2,3,0.26,0.043,0.297
pgsphere,"1""",1439,140,1,4,2,0.19,0.031,0.223
pgsphere,"1""",1153,141,0,3,3,0.204,0.04,0.24
pgsphere,"1""",1429,142,1,4,2,0.224,0.027,0.257
pgsphere,"1""",1432,143,1,4,2,0.167,0.027,0.209
pgsphere,"1""",1185,144,1,3,3,0.273,0.036,0.306
pgsphere,"1""",1132,145,1,2,3,0.235,0.023,0.263
pgsphere,"1""",1413,146,1,3,5,0.393,0.028,0.434
pgsphere,"1""",1384,147,1,3,4,0.303,0.024,0.35
pgsphere,"1""",1304,148,1,5,3,0.315,0.045,0.359
pgsphere,"1""",1342,149,1,2,4,0.295,0.034,0.331
pgsphere,"1""",1456,150,1,2,3,0.245,0.031,0.274
pgsphere,"1""",1245,151,0,4,1,0.085,0.028,0.112
pgsphere,"1""",1399,152,1,2,3,0.241,0.022,0.267
pgsphere,"1""",1343,153,1,2,3,0.298,0.029,0.328
pgsphere,"1""",1452,154,1,2,5,0.297,0.026,0.347
pgsphere,"1""",1127,155,1,4,4,0.366,0.036,0.415
pgsphere,"1""",1259,156,0,4,2,0.228,0.045,0.268
pgsphere,"1""",1093,157,0,4,2,0.153,0.043,0.19
pgsphere,"1""",1224,158,1,4,2,0.282,0.029,0.32
pgsphere,"1""",1129,159,0,3,1,0.188,0.037,0.225
pgsphere,"1""",1092,160,0,3,6,0.435,0.04,0.492
pgsphere,"1""",1366,161,1,5,3,0.377,0.039,0.43
pgsphere,"1""",1217,162,1,4,4,0.554,0.033,0.601
pgsphere,"1""",1231,163,0,4,0,0,0.037,0.025
pgsphere,"1""",1368,164,1,3,4,0.403,0.032,0.444
pgsphere,"1""",1063,165,1,2,3,0.432,0.03,0.461
pgsphere,"1""",1264,166,0,4,1,0.117,0.026,0.144
pgsphere,"1""",1408,167,1,5,2,0.154,0.023,0.187
pgsphere,"1""",1163,168,0,3,1,0.135,0.021,0.157
pgsphere,"1""",1180,169,0,3,3,0.251,0.021,0.28
pgsphere,"1""",1300,170,0,3,2,0.169,0.019,0.192
pgsphere,"1""",1290,171,0,4,4,0.308,0.018,0.346
pgsphere,"1""",1074,172,1,2,3,0.547,0.027,0.583
pgsphere,"1""",1375,173,1,3,2,0.207,0.035,0.246
pgsphere,"1""",1291,174,0,3,3,0.246,0.039,0.287
pgsphere,"1""",1080,175,0,3,1,0.152,0.035,0.181
pgsphere,"1""",1201,176,0,2,2,0.168,0.031,0.193
pgsphere,"1""",1091,177,0,4,0,0,0.023,0.02
pgsphere,"1""",1318,178,0,4,3,0.248,0.019,0.278
pgsphere,"1""",1272,179,0,2,2,0.161,0.036,0.188
pgsphere,"1""",1434,180,1,2,3,0.238,0.025,0.269
pgsphere,"1""",1374,181,1,2,3,0.213,0.032,0.246
pgsphere,"1""",1306,182,1,3,4,0.321,0.029,0.379
pgsphere,"1""",1376,183,1,2,3,0.203,0.029,0.238
pgsphere,"1""",1414,184,1,2,4,0.254,0.027,0.307
pgsphere,"1""",1409,185,1,3,4,0.257,0.031,0.292
pgsphere,"1""",1311,186,1,2,3,0.247,0.021,0.272
pgsphere,"1""",1236,187,1,3,2,0.349,0.023,0.382
pgsphere,"1""",1293,188,1,3,4,0.487,0.039,0.532
pgsphere,"1""",1134,189,1,4,2,0.277,0.037,0.309
pgsphere,"1""",1178,190,0,3,1,0.235,0.026,0.259
pgsphere,"1""",1209,191,0,3,1,0.124,0.029,0.146
pgsphere,"1""",1263,192,0,3,1,0.093,0.021,0.112
pgsphere,"1""",1391,193,1,3,3,0.241,0.017,0.268
pgsphere,"1""",1137,194,0,3,1,0.081,0.02,0.1
pgsphere,"1""",1451,195,1,3,2,0.171,0.017,0.203
pgsphere,"1""",1082,196,0,4,1,0.118,0.05,0.197
pgsphere,"1""",1371,197,1,2,4,0.34,0.05,0.386
pgsphere,"1""",1234,198,0,3,2,0.168,0.067,0.202
pgsphere,"1""",1250,199,0,4,1,0.093,0.03,0.119
pgsphere,"1""",1140,200,0,3,2,0.157,0.023,0.179
pgsphere,"1""",1346,201,1,8,4,0.284,0.025,0.34
pgsphere,"1""",1189,202,0,3,1,0.212,0.025,0.238
pgsphere,"1""",1251,203,0,2,2,0.141,0.028,0.181
pgsphere,"1""",1358,204,1,4,6,0.344,0.021,0.396
pgsphere,"1""",1177,205,0,5,1,0.071,0.021,0.096
pgsphere,"1""",1294,206,0,2,2,0.144,0.021,0.163
pgsphere,"1""",1423,207,1,4,3,0.181,0.019,0.216
pgsphere,"1""",1119,208,0,3,1,0.072,0.018,0.092
pgsphere,"1""",1345,209,1,5,4,0.463,0.02,0.508
pgsphere,"1""",1350,210,1,3,2,0.251,0.027,0.303
pgsphere,"1""",1385,211,1,2,3,0.214,0.038,0.244
pgsphere,"1""",1254,212,0,2,2,0.26,0.023,0.28
pgsphere,"1""",1160,213,0,2,2,0.248,0.022,0.269
pgsphere,"1""",1076,214,1,2,3,0.315,0.02,0.343
pgsphere,"1""",1146,215,0,4,2,0.227,0.02,0.257
pgsphere,"1""",1352,216,1,3,2,0.168,0.022,0.195
pgsphere,"1""",1090,217,1,3,4,0.307,0.02,0.335
pgsphere,"1""",1142,218,0,5,2,0.157,0.021,0.196
pgsphere,"1""",1359,219,1,2,3,0.207,0.02,0.23
pgsphere,"1""",1378,220,1,5,2,0.201,0.019,0.231
pgsphere,"1""",1266,221,1,2,3,0.255,0.027,0.284
pgsphere,"1""",1334,222,0,4,0,0,0.031,0.025
pgsphere,"1""",1109,223,0,3,3,0.345,0.013,0.374
pgsphere,"1""",1446,224,1,4,2,0.261,0.021,0.289
pgsphere,"1""",1443,225,1,2,3,0.184,0.019,0.208
pgsphere,"1""",1246,226,1,2,3,0.242,0.018,0.272
pgsphere,"1""",1420,227,1,3,3,0.194,0.024,0.221
pgsphere,"1""",1317,228,0,3,3,0.238,0.038,0.296
pgsphere,"1""",1285,229,0,4,1,0.074,0.026,0.098
pgsphere,"1""",1363,230,1,4,3,0.268,0.018,0.3
pgsphere,"1""",1401,231,1,3,3,0.231,0.024,0.263
pgsphere,"1""",1427,232,1,2,4,0.263,0.022,0.291
pgsphere,"1""",1184,233,1,3,2,0.14,0.043,0.167
pgsphere,"1""",1356,234,1,2,3,0.477,0.022,0.507
pgsphere,"1""",1279,235,0,3,1,0.102,0.033,0.127
pgsphere,"1""",1302,236,1,8,3,0.243,0.024,0.295
pgsphere,"1""",1235,237,0,3,1,0.079,0.023,0.098
pgsphere,"1""",1417,238,1,4,3,0.212,0.02,0.247
pgsphere,"1""",1193,239,0,3,1,0.086,0.022,0.108
pgsphere,"1""",1421,240,1,3,3,0.196,0.018,0.223
pgsphere,"1""",1196,241,0,3,1,0.176,0.02,0.198
pgsphere,"1""",1113,242,1,3,2,0.163,0.022,0.189
pgsphere,"1""",1335,243,0,3,1,0.081,0.021,0.103
pgsphere,"1""",1167,244,0,2,2,0.161,0.022,0.182
pgsphere,"1""",1084,245,0,4,0,0,0.025,0.023
pgsphere,"1""",1099,246,1,4,3,0.178,0.013,0.209
pgsphere,"1""",1212,247,0,3,1,0.076,0.022,0.096
pgsphere,"1""",1299,248,1,4,4,0.259,0.018,0.302
pgsphere,"1""",1308,249,0,3,1,0.154,0.021,0.175
pgsphere,"1""",1171,250,0,4,1,0.137,0.021,0.16
pgsphere,"1""",1072,251,0,4,1,0.088,0.019,0.108
pgsphere,"1""",1147,252,0,4,3,0.21,0.018,0.242
pgsphere,"1""",1065,253,1,2,3,0.224,0.022,0.249
pgsphere,"1""",1367,254,1,3,3,0.19,0.02,0.216
pgsphere,"1""",1087,255,1,3,2,0.143,0.019,0.172
pgsphere,"1""",1252,256,0,3,1,0.104,0.022,0.136
pgsphere,"1""",1165,257,0,3,1,0.161,0.027,0.184
pgsphere,"1""",1425,258,1,3,3,0.252,0.019,0.283
pgsphere,"1""",1194,259,0,3,1,0.118,0.035,0.142
pgsphere,"1""",1215,260,0,4,1,0.09,0.018,0.113
pgsphere,"1""",1344,261,1,3,4,0.338,0.018,0.374
pgsphere,"1""",1298,262,0,5,2,0.177,0.023,0.208
pgsphere,"1""",1208,263,1,2,3,0.225,0.021,0.251
pgsphere,"1""",1098,264,0,4,2,0.182,0.022,0.21
pgsphere,"1""",1415,265,1,3,3,0.227,0.019,0.256
pgsphere,"1""",1176,266,0,3,1,0.097,0.02,0.12
pgsphere,"1""",1157,267,0,3,1,0.124,0.019,0.147
pgsphere,"1""",1061,268,0,3,1,0.095,0.022,0.117
pgsphere,"1""",1437,269,1,2,3,0.229,0.017,0.259
pgsphere,"1""",1240,270,1,3,2,0.178,0.02,0.204
pgsphere,"1""",1362,271,1,3,3,0.225,0.018,0.251
pgsphere,"1""",1237,272,0,3,1,0.099,0.019,0.118
pgsphere,"1""",1103,273,0,4,1,0.107,0.019,0.13
pgsphere,"1""",1278,274,0,4,2,0.177,0.02,0.202
pgsphere,"1""",1162,275,0,4,1,0.096,0.02,0.117
pgsphere,"1""",1393,276,1,2,6,0.388,0.021,0.428
pgsphere,"1""",1197,277,0,3,1,0.09,0.022,0.11
pgsphere,"1""",1105,278,0,5,0,0,0.017,0.017
pgsphere,"1""",1354,279,1,3,3,0.294,0.017,0.339
pgsphere,"1""",1444,280,1,3,2,0.191,0.041,0.227
pgsphere,"1""",1433,281,1,4,2,0.195,0.064,0.233
pgsphere,"1""",1088,282,0,6,2,0.167,0.028,0.202
pgsphere,"1""",1441,283,1,3,3,0.24,0.02,0.287
pgsphere,"1""",1191,284,0,3,1,0.111,0.026,0.133
pgsphere,"1""",1220,285,0,3,2,0.169,0.02,0.192
pgsphere,"1""",1445,286,1,3,2,0.225,0.019,0.25
pgsphere,"1""",1239,287,0,2,3,0.225,0.024,0.25
pgsphere,"1""",1253,288,0,3,1,0.091,0.019,0.111
pgsphere,"1""",1058,289,0,4,2,0.211,0.017,0.241
pgsphere,"1""",1267,290,0,4,1,0.138,0.037,0.168
pgsphere,"1""",1205,291,0,4,1,0.112,0.027,0.136
pgsphere,"1""",1111,292,0,3,1,0.118,0.021,0.167
pgsphere,"1""",1406,293,1,2,3,0.316,0.027,0.344
pgsphere,"1""",1355,294,1,3,3,0.369,0.022,0.407
pgsphere,"1""",1108,295,0,4,1,0.141,0.038,0.174
pgsphere,"1""",1379,296,1,5,3,0.336,0.027,0.384
pgsphere,"1""",1275,297,1,2,3,0.33,0.037,0.363
pgsphere,"1""",1324,298,0,5,1,0.121,0.027,0.15
pgsphere,"1""",1349,299,1,4,2,0.259,0.031,0.287
pgsphere,"1""",1392,300,1,3,2,0.183,0.02,0.21
pgsphere,"1""",1286,301,0,5,1,0.127,0.044,0.182
pgsphere,"1""",1271,302,0,4,1,0.151,0.046,0.183
pgsphere,"1""",1125,303,0,3,2,0.308,0.029,0.341
pgsphere,"1""",1357,304,1,3,2,0.176,0.034,0.207
pgsphere,"1""",1138,305,0,3,0,0,0.026,0.016
pgsphere,"1""",1188,306,0,4,1,0.089,0.02,0.134
pgsphere,"1""",1227,307,0,3,0,0,0.023,0.016
pgsphere,"1""",1198,308,1,3,3,0.24,0.011,0.266
pgsphere,"1""",1450,309,1,2,3,0.527,0.018,0.559
pgsphere,"1""",1120,310,0,2,2,0.193,0.037,0.216
pgsphere,"1""",1118,311,0,3,1,0.142,0.025,0.165
pgsphere,"1""",1102,312,0,5,2,0.207,0.026,0.246
pgsphere,"1""",1101,313,0,5,3,0.313,0.035,0.355
pgsphere,"1""",1326,314,0,3,1,0.129,0.036,0.155
pgsphere,"1""",1348,315,1,2,3,0.239,0.021,0.266
pgsphere,"1""",1124,316,1,5,4,0.282,0.026,0.331
pgsphere,"1""",1270,317,1,2,5,0.32,0.022,0.352
pgsphere,"1""",1214,318,0,5,1,0.101,0.023,0.127
pgsphere,"1""",1447,319,1,4,2,0.159,0.018,0.185
pgsphere,"1""",1106,320,1,2,4,0.276,0.016,0.301
pgsphere,"1""",1383,321,1,2,3,0.231,0.02,0.253
pgsphere,"1""",1257,322,0,4,1,0.104,0.019,0.128
pgsphere,"1""",1062,323,0,3,1,0.093,0.021,0.112
pgsphere,"1""",1365,324,1,4,3,0.239,0.015,0.266
pgsphere,"1""",1361,325,1,4,3,0.283,0.02,0.319
pgsphere,"1""",1339,326,0,4,1,0.1,0.032,0.149
pgsphere,"1""",1370,327,1,6,3,0.258,0.025,0.299
pgsphere,"1""",1303,328,0,4,1,0.095,0.021,0.117
pgsphere,"1""",1238,329,1,3,3,0.205,0.017,0.255
pgsphere,"1""",1095,330,0,2,2,0.182,0.025,0.204
pgsphere,"1""",1114,331,0,4,2,0.153,0.017,0.18
pgsphere,"1""",1277,332,1,2,3,0.298,0.024,0.325
pgsphere,"1""",1381,333,1,2,4,0.331,0.022,0.361
pgsphere,"1""",1057,334,0,4,1,0.108,0.024,0.135
pgsphere,"1""",1086,335,0,4,3,0.315,0.018,0.347
pgsphere,"1""",1281,336,0,3,2,0.196,0.022,0.224
pgsphere,"1""",1398,337,1,4,3,0.232,0.025,0.267
pgsphere,"1""",1280,338,0,3,2,0.16,0.021,0.184
pgsphere,"1""",1179,339,0,5,2,0.163,0.038,0.193
pgsphere,"1""",1097,340,1,2,3,0.214,0.02,0.237
pgsphere,"1""",1438,341,1,4,2,0.159,0.018,0.183
pgsphere,"1""",1262,342,1,2,3,0.231,0.017,0.252
pgsphere,"1""",1070,343,1,3,4,0.282,0.02,0.314
pgsphere,"1""",1295,344,0,3,1,0.127,0.02,0.144
pgsphere,"1""",1322,345,1,3,3,0.232,0.025,0.262
pgsphere,"1""",1116,346,0,4,2,0.203,0.018,0.231
pgsphere,"1""",1148,347,0,4,2,0.18,0.038,0.22
pgsphere,"1""",1315,348,1,3,2,0.169,0.025,0.195
pgsphere,"1""",1269,349,0,5,2,0.158,0.019,0.188
pgsphere,"1""",1233,350,0,3,1,0.111,0.02,0.132
pgsphere,"1""",1331,351,1,3,2,0.162,0.018,0.184
pgsphere,"1""",1431,352,1,5,2,0.156,0.016,0.183
pgsphere,"1""",1115,353,0,3,1,0.088,0.017,0.104
pgsphere,"1""",1243,354,0,3,1,0.092,0.016,0.12
pgsphere,"1""",1156,355,1,4,3,0.219,0.015,0.246
pgsphere,"1""",1256,356,0,4,1,0.09,0.017,0.112
pgsphere,"1""",1337,357,0,3,1,0.098,0.019,0.116
pgsphere,"1""",1232,358,1,7,3,0.241,0.018,0.285
pgsphere,"1""",1373,359,1,3,2,0.168,0.019,0.19
pgsphere,"1""",1107,360,0,4,1,0.184,0.053,0.232
pgsphere,"1""",1083,361,1,2,3,0.326,0.045,0.371
pgsphere,"1""",1247,362,0,3,1,0.133,0.038,0.16
pgsphere,"1""",1274,363,1,4,3,0.273,0.025,0.311
pgsphere,"1""",1154,364,0,3,1,0.108,0.023,0.129
pgsphere,"1""",1448,365,1,3,3,0.29,0.019,0.329
pgsphere,"1""",1380,366,1,3,3,0.308,0.036,0.344
pgsphere,"1""",1436,367,1,4,2,0.192,0.034,0.226
pgsphere,"1""",1228,368,0,4,1,0.131,0.026,0.162
pgsphere,"1""",1353,369,1,4,2,0.186,0.022,0.214
pgsphere,"1""",1364,370,1,3,4,0.339,0.02,0.376
pgsphere,"1""",1394,371,1,2,3,0.213,0.025,0.238
pgsphere,"1""",1313,372,1,3,2,0.167,0.022,0.189
pgsphere,"1""",1400,373,1,2,3,0.22,0.019,0.242
pgsphere,"1""",1151,374,0,3,1,0.098,0.019,0.116
pgsphere,"1""",1312,375,0,4,2,0.188,0.019,0.225
pgsphere,"1""",1372,376,1,3,2,0.172,0.031,0.2
pgsphere,"1""",1316,377,0,5,1,0.13,0.029,0.173
pgsphere,"1""",1260,378,0,2,2,0.203,0.028,0.223
pgsphere,"1""",1182,379,0,3,0,0,0.021,0.014
pgsphere,"1""",1440,380,1,7,3,0.378,0.024,0.427
pgsphere,"1""",1377,381,1,2,4,0.268,0.026,0.313
pgsphere,"1""",1442,382,1,3,3,0.303,0.023,0.332
pgsphere,"1""",1210,383,0,3,1,0.09,0.025,0.11
pgsphere,"1""",1141,384,0,3,1,0.112,0.019,0.128
pgsphere,"1""",1273,385,0,5,3,0.227,0.018,0.265
pgsphere,"1""",1307,386,0,3,1,0.138,0.034,0.162
pgsphere,"1""",1321,387,1,2,3,0.26,0.022,0.29
pgsphere,"1""",1204,388,0,3,1,0.173,0.03,0.195
pgsphere,"1""",1360,389,1,3,3,0.298,0.025,0.334
pgsphere,"1""",1276,390,1,3,2,0.162,0.031,0.191
pgsphere,"1""",1069,391,1,3,3,0.216,0.019,0.242
pgsphere,"1""",1133,392,1,4,2,0.135,0.019,0.179
pgsphere,"1""",1135,393,0,2,2,0.18,0.02,0.201
pgsphere,"1""",1305,394,1,3,2,0.167,0.022,0.191
pgsphere,"1""",1200,395,0,3,1,0.079,0.02,0.119
pgsphere,"1""",1330,396,1,2,4,0.278,0.02,0.304
pgsphere,"1""",1131,397,0,4,2,0.158,0.019,0.187
pgsphere,"1""",1145,398,0,5,0,0,0.016,0.04
pgsphere,"1""",1333,399,0,3,2,0.178,0.014,0.198
pgsphere,"1""",1126,400,1,3,2,0.162,0.017,0.183
skycell,"1""",1164,1,0,0,3,0.118,3.479,0.198
skycell,"1""",1195,2,0,1,2,0.174,0.12,0.211
skycell,"1""",1283,3,1,1,3,0.29,0.058,0.328
skycell,"1""",1329,4,1,1,3,0.222,0.058,0.266
skycell,"1""",1089,5,0,1,2,0.119,0.037,0.137
skycell,"1""",1338,6,0,1,2,0.156,0.04,0.177
skycell,"1""",1077,7,0,1,2,0.105,0.041,0.125
skycell,"1""",1428,8,1,1,3,0.165,0.047,0.194
skycell,"1""",1289,9,0,4,2,0.151,0.047,0.175
skycell,"1""",1396,10,1,1,3,0.168,0.028,0.194
skycell,"1""",1149,11,0,2,1,0.059,0.041,0.078
skycell,"1""",1173,12,0,2,1,0.101,0.031,0.115
skycell,"1""",1455,13,1,4,3,0.28,0.026,0.301
skycell,"1""",1158,14,1,1,3,0.301,0.028,0.334
skycell,"1""",1388,15,1,3,4,0.288,0.038,0.311
skycell,"1""",1265,16,0,2,1,0.062,0.031,0.078
skycell,"1""",1183,17,0,1,2,0.169,0.03,0.184
skycell,"1""",1369,18,1,4,3,0.355,0.028,0.377
skycell,"1""",1412,19,1,2,2,0.173,0.033,0.196
skycell,"1""",1347,20,1,2,2,0.142,0.027,0.159
skycell,"1""",1288,21,0,1,2,1.024,0.026,1.052
skycell,"1""",1422,22,1,1,3,0.199,0.11,0.239
skycell,"1""",1117,23,0,4,2,0.166,0.056,0.192
skycell,"1""",1166,24,0,1,2,0.107,0.04,0.123
skycell,"1""",1206,25,0,5,1,0.072,0.03,0.119
skycell,"1""",1202,26,0,1,2,0.18,0.048,0.214
skycell,"1""",1395,27,1,4,3,0.241,0.061,0.279
skycell,"1""",1190,28,0,2,1,0.095,0.056,0.117
skycell,"1""",1159,29,0,1,2,0.13,0.036,0.151
skycell,"1""",1261,30,0,1,2,0.177,0.085,0.205
skycell,"1""",1327,31,0,1,2,0.212,0.058,0.245
skycell,"1""",1139,32,0,5,1,0.163,0.058,0.195
skycell,"1""",1404,33,1,5,2,0.171,0.042,0.201
skycell,"1""",1175,34,0,2,1,0.171,0.057,0.198
skycell,"1""",1268,35,0,4,2,0.19,0.048,0.212
skycell,"1""",1071,36,1,1,3,0.211,0.046,0.241
skycell,"1""",1241,37,0,2,1,0.073,0.044,0.107
skycell,"1""",1282,38,1,2,2,0.179,0.038,0.208
skycell,"1""",1221,39,0,2,1,0.129,0.061,0.17
skycell,"1""",1169,40,0,1,2,0.147,0.072,0.181
skycell,"1""",1100,41,0,8,1,0.063,0.053,0.086
skycell,"1""",1319,42,0,2,1,0.054,0.029,0.068
skycell,"1""",1435,43,1,1,3,0.142,0.027,0.163
skycell,"1""",1143,44,1,1,3,0.181,0.028,0.198
skycell,"1""",1112,45,1,1,3,0.154,0.028,0.178
skycell,"1""",1397,46,1,2,2,0.146,0.052,0.191
skycell,"1""",1064,47,1,4,3,0.129,0.035,0.15
skycell,"1""",1416,48,1,5,2,0.303,0.031,0.334
skycell,"1""",1284,49,1,2,2,0.136,0.047,0.169
skycell,"1""",1225,50,0,2,1,0.058,0.038,0.075
skycell,"1""",1258,51,0,2,1,0.114,0.046,0.137
skycell,"1""",1219,52,0,2,1,0.084,0.035,0.101
skycell,"1""",1296,53,0,2,1,0.063,0.03,0.078
skycell,"1""",1211,54,0,2,1,0.076,0.024,0.118
skycell,"1""",1155,55,0,2,1,0.072,0.034,0.088
skycell,"1""",1297,56,0,2,1,0.146,0.031,0.18
skycell,"1""",1332,57,1,5,2,0.211,0.03,0.239
skycell,"1""",1402,58,1,5,2,0.157,0.065,0.193
skycell,"1""",1060,59,1,2,2,0.097,0.041,0.117
skycell,"1""",1426,60,1,5,2,0.112,0.051,0.141
skycell,"1""",1320,61,0,2,1,0.054,0.034,0.068
skycell,"1""",1181,62,0,1,2,0.1,0.036,0.113
skycell,"1""",1150,63,0,2,1,0.126,0.038,0.145
skycell,"1""",1186,64,0,2,1,0.058,0.033,0.073
skycell,"1""",1249,65,0,2,1,0.114,0.027,0.126
skycell,"1""",1389,66,1,2,2,0.112,0.025,0.13
skycell,"1""",1244,67,1,1,3,0.156,0.074,0.195
skycell,"1""",1110,68,0,2,1,0.121,0.041,0.138
skycell,"1""",1123,69,1,2,2,0.116,0.031,0.135
skycell,"1""",1242,70,1,1,3,0.156,0.052,0.184
skycell,"1""",1301,71,0,2,1,0.051,0.038,0.067
skycell,"1""",1449,72,1,4,3,0.136,0.034,0.159
skycell,"1""",1168,73,0,1,2,0.113,0.041,0.129
skycell,"1""",1418,74,1,1,3,0.125,0.03,0.149
skycell,"1""",1419,75,1,2,2,0.109,0.033,0.132
skycell,"1""",1229,76,0,2,1,0.06,0.035,0.077
skycell,"1""",1067,77,1,2,2,0.137,0.035,0.164
skycell,"1""",1226,78,1,4,3,0.155,0.047,0.183
skycell,"1""",1213,79,0,5,1,0.061,0.042,0.08
skycell,"1""",1341,80,1,1,3,0.142,0.032,0.165
skycell,"1""",1174,81,0,2,1,0.103,0.039,0.129
skycell,"1""",1325,82,0,2,1,0.06,0.036,0.102
skycell,"1""",1390,83,1,5,2,0.107,0.042,0.133
skycell,"1""",1386,84,1,2,2,0.11,0.033,0.127
skycell,"1""",1172,85,0,1,2,0.133,0.029,0.15
skycell,"1""",1081,86,1,2,2,0.109,0.029,0.126
skycell,"1""",1161,87,1,1,3,0.222,0.025,0.245
skycell,"1""",1073,88,0,2,1,0.082,0.083,0.114
skycell,"1""",1216,89,0,2,1,0.066,0.039,0.083
skycell,"1""",1248,90,0,2,1,0.078,0.049,0.098
skycell,"1""",1222,91,0,2,1,0.075,0.033,0.094
skycell,"1""",1121,92,1,5,2,0.112,0.038,0.136
skycell,"1""",1122,93,0,2,1,0.049,0.031,0.063
skycell,"1""",1454,94,1,5,2,0.119,0.028,0.139
skycell,"1""",1255,95,0,2,1,0.096,0.051,0.14
skycell,"1""",1336,96,0,1,2,0.251,0.482,0.286
skycell,"1""",1405,97,1,4,3,0.183,0.117,0.22
skycell,"1""",1351,98,1,1,3,0.139,0.043,0.166
skycell,"1""",1170,99,0,5,1,0.06,0.033,0.077
skycell,"1""",1218,100,1,2,2,0.115,0.036,0.137
skycell,"1""",1128,101,0,2,1,0.057,0.031,0.07
skycell,"1""",1287,102,1,2,2,0.109,0.028,0.16
skycell,"1""",1430,103,1,4,3,0.161,0.055,0.191
skycell,"1""",1230,104,0,2,1,0.05,0.037,0.064
skycell,"1""",1094,105,1,2,2,0.094,0.028,0.111
skycell,"1""",1079,106,0,2,1,0.068,0.029,0.107
skycell,"1""",1223,107,0,2,1,0.057,0.028,0.07
skycell,"1""",1066,108,1,1,3,0.196,0.032,0.228
skycell,"1""",1309,109,0,2,1,0.333,0.125,0.384
skycell,"1""",1144,110,0,5,1,0.165,0.064,0.193
skycell,"1""",1292,111,0,2,1,0.089,0.05,0.109
skycell,"1""",1152,112,0,2,1,0.082,0.038,0.097
skycell,"1""",1075,113,1,5,2,0.477,0.098,0.556
skycell,"1""",1323,114,0,2,1,0.139,0.06,0.168
skycell,"1""",1407,115,1,1,3,0.235,0.065,0.265
skycell,"1""",1136,116,1,2,2,0.166,0.041,0.214
skycell,"1""",1424,117,1,2,2,0.162,0.041,0.183
skycell,"1""",1203,118,0,2,1,0.068,0.036,0.093
skycell,"1""",1059,119,1,1,3,0.583,0.065,0.635
skycell,"1""",1130,120,0,5,1,0.07,0.057,0.094
skycell,"1""",1328,121,0,2,1,0.126,0.034,0.143
skycell,"1""",1199,122,0,5,1,0.076,0.037,0.094
skycell,"1""",1104,123,1,2,2,0.112,0.03,0.138
skycell,"1""",1382,124,1,2,2,0.16,0.032,0.181
skycell,"1""",1096,125,1,2,2,0.107,0.053,0.127
skycell,"1""",1207,126,0,2,1,0.061,0.027,0.073
skycell,"1""",1403,127,1,2,2,0.201,0.024,0.224
skycell,"1""",1085,128,1,2,2,0.158,0.031,0.179
skycell,"1""",1187,129,1,2,2,0.123,0.049,0.159
skycell,"1""",1340,130,1,2,2,0.102,0.035,0.127
skycell,"1""",1387,131,1,2,2,0.111,0.03,0.129
skycell,"1""",1314,132,1,2,2,0.102,0.028,0.118
skycell,"1""",1410,133,1,5,2,0.304,0.026,0.332
skycell,"1""",1192,134,0,2,1,0.098,0.061,0.129
skycell,"1""",1078,135,1,5,2,0.165,0.069,0.202
skycell,"1""",1310,136,0,2,1,0.072,0.078,0.094
skycell,"1""",1453,137,1,2,2,0.245,0.048,0.278
skycell,"1""",1068,138,0,2,1,0.065,0.036,0.078
skycell,"1""",1411,139,1,5,2,0.152,0.033,0.174
skycell,"1""",1439,140,1,5,2,0.595,0.029,3.16
skycell,"1""",1153,141,0,2,1,0.619,0.072,0.668
skycell,"1""",1429,142,1,2,2,0.357,0.071,0.399
skycell,"1""",1432,143,1,2,2,0.154,0.058,0.182
skycell,"1""",1185,144,1,1,3,0.174,0.042,0.21
skycell,"1""",1132,145,1,1,3,0.405,0.06,0.436
skycell,"1""",1413,146,1,5,2,0.158,0.043,0.185
skycell,"1""",1384,147,1,2,2,0.173,0.045,0.197
skycell,"1""",1304,148,1,2,2,0.115,0.036,0.135
skycell,"1""",1342,149,1,2,2,0.174,0.06,0.203
skycell,"1""",1456,150,1,1,3,0.282,0.059,0.346
skycell,"1""",1245,151,0,2,1,0.121,0.051,0.158
skycell,"1""",1399,152,1,2,2,0.218,0.036,0.246
skycell,"1""",1343,153,1,2,2,0.184,0.049,0.218
skycell,"1""",1452,154,1,1,3,0.185,0.047,0.21
skycell,"1""",1127,155,1,2,2,0.117,0.036,0.136
skycell,"1""",1259,156,0,2,1,0.223,0.051,0.251
skycell,"1""",1093,157,0,2,1,0.124,0.053,0.144
skycell,"1""",1224,158,1,2,2,0.182,0.121,0.229
skycell,"1""",1129,159,0,2,1,0.082,0.058,0.101
skycell,"1""",1092,160,0,1,2,0.137,0.032,0.164
skycell,"1""",1366,161,1,5,2,0.136,0.044,0.172
skycell,"1""",1217,162,1,2,2,0.122,0.033,0.14
skycell,"1""",1231,163,0,2,1,0.066,0.031,0.103
skycell,"1""",1368,164,1,1,3,0.207,0.041,0.233
skycell,"1""",1063,165,1,2,2,0.144,0.035,0.195
skycell,"1""",1264,166,0,2,1,0.081,0.067,0.1
skycell,"1""",1408,167,1,5,2,0.117,0.031,0.14
skycell,"1""",1163,168,0,5,1,0.065,0.032,0.081
skycell,"1""",1180,169,0,4,2,0.149,0.068,0.174
skycell,"1""",1300,170,0,2,1,0.064,0.037,0.079
skycell,"1""",1290,171,0,2,1,0.075,0.037,0.094
skycell,"1""",1074,172,1,4,3,0.197,0.03,0.236
skycell,"1""",1375,173,1,2,2,0.109,0.03,0.132
skycell,"1""",1291,174,0,2,1,0.098,0.028,0.111
skycell,"1""",1080,175,0,2,1,0.119,0.026,0.131
skycell,"1""",1201,176,0,2,1,0.064,0.028,0.076
skycell,"1""",1091,177,0,2,1,0.056,0.026,0.068
skycell,"1""",1318,178,0,5,1,0.117,0.028,0.132
skycell,"1""",1272,179,0,2,1,0.124,0.025,0.143
skycell,"1""",1434,180,1,2,2,0.108,0.026,0.126
skycell,"1""",1374,181,1,1,3,0.219,0.039,0.237
skycell,"1""",1306,182,1,2,2,0.245,0.143,0.3
skycell,"1""",1376,183,1,1,3,0.23,0.049,0.257
skycell,"1""",1414,184,1,2,2,0.117,0.059,0.144
skycell,"1""",1409,185,1,2,2,0.157,0.036,0.188
skycell,"1""",1311,186,1,5,2,0.096,0.031,0.122
skycell,"1""",1236,187,1,5,2,0.107,0.031,0.126
skycell,"1""",1293,188,1,2,2,0.109,0.028,0.127
skycell,"1""",1134,189,1,5,2,0.091,0.029,0.109
skycell,"1""",1178,190,0,5,1,0.074,0.028,0.088
skycell,"1""",1209,191,0,2,1,0.061,0.031,0.073
skycell,"1""",1263,192,0,3,0,0,0.034,0.013
skycell,"1""",1391,193,1,5,2,0.105,0.02,0.128
skycell,"1""",1137,194,0,2,1,0.101,0.026,0.112
skycell,"1""",1451,195,1,5,2,0.114,0.03,0.134
skycell,"1""",1082,196,0,2,1,0.055,0.037,0.07
skycell,"1""",1371,197,1,1,3,0.209,0.027,0.227
skycell,"1""",1234,198,0,2,1,0.058,0.032,0.075
skycell,"1""",1250,199,0,2,1,0.07,0.027,0.083
skycell,"1""",1140,200,0,1,2,0.156,0.027,0.174
skycell,"1""",1346,201,1,2,2,0.185,0.025,0.204
skycell,"1""",1189,202,0,2,1,0.076,0.033,0.093
skycell,"1""",1251,203,0,2,1,0.068,0.03,0.082
skycell,"1""",1358,204,1,2,2,0.102,0.026,0.125
skycell,"1""",1177,205,0,5,1,0.115,0.061,0.153
skycell,"1""",1294,206,0,5,1,0.109,0.068,0.129
skycell,"1""",1423,207,1,2,2,0.225,0.049,0.273
skycell,"1""",1119,208,0,2,1,0.109,0.043,0.127
skycell,"1""",1345,209,1,2,2,0.169,0.032,0.191
skycell,"1""",1350,210,1,2,2,0.145,0.04,0.168
skycell,"1""",1385,211,1,1,3,0.203,0.035,0.223
skycell,"1""",1254,212,0,2,1,0.104,0.048,0.124
skycell,"1""",1160,213,0,2,1,0.09,0.03,0.108
skycell,"1""",1076,214,1,2,2,0.14,0.031,0.173
skycell,"1""",1146,215,0,2,1,0.133,0.053,0.155
skycell,"1""",1352,216,1,2,2,0.124,0.049,0.148
skycell,"1""",1090,217,1,2,2,0.204,0.033,0.229
skycell,"1""",1142,218,0,2,1,0.099,0.049,0.125
skycell,"1""",1359,219,1,1,3,0.168,0.043,0.192
skycell,"1""",1378,220,1,2,2,0.119,0.075,0.148
skycell,"1""",1266,221,1,2,2,0.156,0.042,0.185
skycell,"1""",1334,222,0,2,1,0.061,0.033,0.075
skycell,"1""",1109,223,0,2,1,0.082,0.054,0.097
skycell,"1""",1446,224,1,8,2,0.1,0.029,0.122
skycell,"1""",1443,225,1,2,2,0.098,0.028,0.115
skycell,"1""",1246,226,1,1,3,0.242,0.048,0.274
skycell,"1""",1420,227,1,2,2,0.12,0.048,0.144
skycell,"1""",1317,228,0,2,1,0.055,0.037,0.077
skycell,"1""",1285,229,0,2,1,0.1,0.069,0.121
skycell,"1""",1363,230,1,2,2,0.104,0.035,0.126
skycell,"1""",1401,231,1,2,2,0.11,0.029,0.128
skycell,"1""",1427,232,1,1,3,0.167,0.028,0.207
skycell,"1""",1184,233,1,2,2,0.099,0.032,0.117
skycell,"1""",1356,234,1,5,2,0.105,0.032,0.125
skycell,"1""",1279,235,0,2,1,0.049,0.027,0.069
skycell,"1""",1302,236,1,2,2,2.913,0.033,2.959
skycell,"1""",1235,237,0,2,1,0.169,0.074,0.201
skycell,"1""",1417,238,1,2,2,0.196,0.06,0.271
skycell,"1""",1193,239,0,2,1,0.1,0.07,0.128
skycell,"1""",1421,240,1,2,2,0.221,0.054,0.26
skycell,"1""",1196,241,0,5,1,0.131,0.064,0.169
skycell,"1""",1113,242,1,2,2,0.179,0.559,0.245
skycell,"1""",1335,243,0,2,1,0.111,0.105,0.149
skycell,"1""",1167,244,0,2,1,0.114,0.075,0.143
skycell,"1""",1084,245,0,5,1,0.114,0.059,0.143
skycell,"1""",1099,246,1,2,2,0.187,0.065,0.231
skycell,"1""",1212,247,0,2,1,0.143,0.059,0.173
skycell,"1""",1299,248,1,1,3,0.254,0.063,0.291
skycell,"1""",1308,249,0,5,1,0.093,0.121,0.135
skycell,"1""",1171,250,0,2,1,0.144,0.06,0.17
skycell,"1""",1072,251,0,2,1,0.212,0.058,0.244
skycell,"1""",1147,252,0,5,1,0.126,0.066,0.158
skycell,"1""",1065,253,1,2,2,0.284,0.062,0.339
skycell,"1""",1367,254,1,2,2,0.195,0.085,0.238
skycell,"1""",1087,255,1,2,2,0.183,0.069,0.226
skycell,"1""",1252,256,0,2,1,0.143,0.068,0.212
skycell,"1""",1165,257,0,3,0,0,0.066,0.028
skycell,"1""",1425,258,1,2,2,0.205,0.035,0.236
skycell,"1""",1194,259,0,2,1,0.1,0.086,0.132
skycell,"1""",1215,260,0,2,1,0.12,0.059,0.15
skycell,"1""",1344,261,1,2,2,0.259,0.097,0.305
skycell,"1""",1298,262,0,2,1,0.097,0.061,0.136
skycell,"1""",1208,263,1,2,2,0.185,0.08,0.241
skycell,"1""",1098,264,0,2,1,0.146,0.068,0.209
skycell,"1""",1415,265,1,5,2,0.21,0.071,0.262
skycell,"1""",1176,266,0,2,1,0.185,0.073,0.217
skycell,"1""",1157,267,0,2,1,0.121,0.068,0.152
skycell,"1""",1061,268,0,2,1,0.16,0.067,0.194
skycell,"1""",1437,269,1,2,2,0.178,0.066,0.218
skycell,"1""",1240,270,1,5,2,0.19,0.06,0.244
skycell,"1""",1362,271,1,2,2,0.215,0.068,0.259
skycell,"1""",1237,272,0,2,1,0.118,0.086,0.153
skycell,"1""",1103,273,0,2,1,0.117,0.067,0.15
skycell,"1""",1278,274,0,11,1,0.11,0.07,0.165
skycell,"1""",1162,275,0,2,1,0.109,0.065,0.139
skycell,"1""",1393,276,1,1,3,0.303,0.111,0.36
skycell,"1""",1197,277,0,2,1,0.111,0.069,0.155
skycell,"1""",1105,278,0,2,1,0.138,0.075,0.176
skycell,"1""",1354,279,1,1,3,0.266,0.065,0.372
skycell,"1""",1444,280,1,2,2,0.209,0.07,0.252
skycell,"1""",1433,281,1,1,3,0.251,0.118,0.3
skycell,"1""",1088,282,0,2,1,0.102,0.066,0.132
skycell,"1""",1441,283,1,5,2,0.199,0.083,0.261
skycell,"1""",1191,284,0,5,1,0.128,0.066,0.176
skycell,"1""",1220,285,0,2,1,0.129,0.067,0.161
skycell,"1""",1445,286,1,2,2,0.208,0.075,0.288
skycell,"1""",1239,287,0,2,1,0.13,0.086,0.171
skycell,"1""",1253,288,0,5,1,0.157,0.07,0.197
skycell,"1""",1058,289,0,2,1,0.136,0.075,0.169
skycell,"1""",1267,290,0,2,1,0.131,0.066,0.162
skycell,"1""",1205,291,0,2,1,0.139,0.064,0.185
skycell,"1""",1111,292,0,2,1,0.161,0.067,0.196
skycell,"1""",1406,293,1,1,3,0.267,0.069,0.315
skycell,"1""",1355,294,1,2,2,0.173,0.143,0.215
skycell,"1""",1108,295,0,2,1,0.118,0.065,0.15
skycell,"1""",1379,296,1,2,2,0.191,0.112,0.239
skycell,"1""",1275,297,1,1,3,0.256,0.067,0.309
skycell,"1""",1324,298,0,5,1,0.115,0.073,0.164
skycell,"1""",1349,299,1,2,2,0.224,0.066,0.295
skycell,"1""",1392,300,1,2,2,0.231,0.077,0.286
skycell,"1""",1286,301,0,2,1,0.119,0.164,0.157
skycell,"1""",1271,302,0,5,1,0.13,0.068,0.166
skycell,"1""",1125,303,0,2,1,0.121,0.058,0.176
skycell,"1""",1357,304,1,5,2,0.165,0.052,0.202
skycell,"1""",1138,305,0,2,1,0.144,0.066,0.204
skycell,"1""",1188,306,0,5,1,0.143,0.07,0.179
skycell,"1""",1227,307,0,2,1,0.135,0.068,0.165
skycell,"1""",1198,308,1,1,3,0.238,0.064,0.277
skycell,"1""",1450,309,1,2,2,0.232,0.101,0.28
skycell,"1""",1120,310,0,2,1,0.128,0.069,0.162
skycell,"1""",1118,311,0,2,1,0.113,0.086,0.145
skycell,"1""",1102,312,0,2,1,0.105,0.067,0.15
skycell,"1""",1101,313,0,2,1,0.127,0.073,0.177
skycell,"1""",1326,314,0,5,1,0.113,0.067,0.15
skycell,"1""",1348,315,1,2,2,0.196,0.109,0.241
skycell,"1""",1124,316,1,2,2,0.343,0.069,0.394
skycell,"1""",1270,317,1,2,2,0.213,0.072,0.261
skycell,"1""",1214,318,0,2,1,0.156,0.076,0.234
skycell,"1""",1447,319,1,2,2,0.238,0.069,0.299
skycell,"1""",1106,320,1,1,3,0.255,0.072,0.304
skycell,"1""",1383,321,1,2,2,0.275,0.072,0.326
skycell,"1""",1257,322,0,5,1,0.124,0.078,0.163
skycell,"1""",1062,323,0,2,1,0.2,0.151,0.238
skycell,"1""",1365,324,1,2,2,0.214,0.065,0.252
skycell,"1""",1361,325,1,2,2,0.161,0.065,0.198
skycell,"1""",1339,326,0,2,1,0.129,0.107,0.166
skycell,"1""",1370,327,1,2,2,0.167,0.082,0.21
skycell,"1""",1303,328,0,2,1,0.162,0.088,0.191
skycell,"1""",1238,329,1,2,2,0.136,0.07,0.18
skycell,"1""",1095,330,0,2,1,0.088,0.056,0.113
skycell,"1""",1114,331,0,2,1,0.097,0.066,0.143
skycell,"1""",1277,332,1,1,3,0.286,0.062,0.333
skycell,"1""",1381,333,1,5,2,0.221,0.072,0.279
skycell,"1""",1057,334,0,2,1,0.094,0.058,0.119
skycell,"1""",1086,335,0,2,1,0.127,0.063,0.158
skycell,"1""",1281,336,0,2,1,0.128,0.076,0.159
skycell,"1""",1398,337,1,2,2,0.196,0.066,0.242
skycell,"1""",1280,338,0,2,1,0.204,0.066,0.241
skycell,"1""",1179,339,0,2,1,0.252,0.066,0.297
skycell,"1""",1097,340,1,5,2,0.428,0.06,0.51
skycell,"1""",1438,341,1,2,2,0.286,0.051,0.317
skycell,"1""",1262,342,1,2,2,0.188,0.047,0.212
skycell,"1""",1070,343,1,2,2,0.275,0.054,0.308
skycell,"1""",1295,344,0,2,1,0.138,0.043,0.161
skycell,"1""",1322,345,1,5,2,0.232,0.041,0.304
skycell,"1""",1116,346,0,2,1,0.152,0.047,0.171
skycell,"1""",1148,347,0,2,1,0.011,0.035,0.058
skycell,"1""",1315,348,1,2,2,0.357,0.025,0.375
skycell,"1""",1269,349,0,2,1,0.122,0.032,0.136
skycell,"1""",1233,350,0,2,1,0.184,0.029,0.197
skycell,"1""",1331,351,1,2,2,0.215,0.071,0.236
skycell,"1""",1431,352,1,2,2,0.315,0.036,0.345
skycell,"1""",1115,353,0,2,1,0.138,0.08,0.168
skycell,"1""",1243,354,0,2,1,0.165,0.046,0.194
skycell,"1""",1156,355,1,2,2,0.278,0.049,0.309
skycell,"1""",1256,356,0,5,1,0.108,0.044,0.134
skycell,"1""",1337,357,0,2,1,0.135,0.035,0.151
skycell,"1""",1232,358,1,2,2,0.306,0.041,0.332
skycell,"1""",1373,359,1,5,2,0.233,0.038,0.255
skycell,"1""",1107,360,0,2,1,0.234,0.04,0.25
skycell,"1""",1083,361,1,1,3,0.478,0.047,0.514
skycell,"1""",1247,362,0,2,1,0.109,0.041,0.127
skycell,"1""",1274,363,1,2,2,0.212,0.037,0.232
skycell,"1""",1154,364,0,5,1,0.113,0.036,0.131
skycell,"1""",1448,365,1,5,2,0.207,0.028,0.226
skycell,"1""",1380,366,1,2,2,0.162,0.03,0.18
skycell,"1""",1436,367,1,2,2,0.242,0.043,0.265
skycell,"1""",1228,368,0,2,1,0.152,0.034,0.175
skycell,"1""",1353,369,1,2,2,0.209,0.028,0.229
skycell,"1""",1364,370,1,5,2,0.228,0.039,0.258
skycell,"1""",1394,371,1,1,3,0.232,0.031,0.249
skycell,"1""",1313,372,1,2,2,0.154,0.029,0.171
skycell,"1""",1400,373,1,2,2,0.244,0.026,0.261
skycell,"1""",1151,374,0,2,1,0.094,0.063,0.11
skycell,"1""",1312,375,0,2,1,0.084,0.028,0.103
skycell,"1""",1372,376,1,2,2,0.17,0.026,0.187
skycell,"1""",1316,377,0,2,1,0.192,0.026,0.204
skycell,"1""",1260,378,0,2,1,0.094,0.025,0.108
skycell,"1""",1182,379,0,2,1,0.075,0.023,0.085
skycell,"1""",1440,380,1,2,2,0.304,0.023,0.319
skycell,"1""",1377,381,1,5,2,0.183,0.025,0.202
skycell,"1""",1442,382,1,5,2,0.198,0.024,0.226
skycell,"1""",1210,383,0,2,1,0.098,0.042,0.132
skycell,"1""",1141,384,0,2,1,0.15,0.028,0.162
skycell,"1""",1273,385,0,2,1,0.136,0.025,0.157
skycell,"1""",1307,386,0,2,1,0.111,0.027,0.123
skycell,"1""",1321,387,1,2,2,0.173,0.028,0.192
skycell,"1""",1204,388,0,2,1,0.081,0.026,0.094
skycell,"1""",1360,389,1,5,2,0.164,0.026,0.205
skycell,"1""",1276,390,1,2,2,0.22,0.04,0.245
skycell,"1""",1069,391,1,5,2,0.18,0.033,0.2
skycell,"1""",1133,392,1,3,1,0.086,0.05,0.104
skycell,"1""",1135,393,0,2,1,0.087,0.028,0.1
skycell,"1""",1305,394,1,2,2,0.155,0.024,0.17
skycell,"1""",1200,395,0,2,1,0.097,0.026,0.112
skycell,"1""",1330,396,1,2,2,0.227,0.028,0.253
skycell,"1""",1131,397,0,2,1,0.111,0.055,0.128
skycell,"1""",1145,398,0,2,1,0.128,0.029,0.142
skycell,"1""",1333,399,0,5,1,0.135,0.029,0.189
skycell,"1""",1126,400,1,2,2,0.326,0.074,0.37
skycell,"10""",833,1,0,0,3,0.163,2.107,0.232
skycell,"10""",899,2,0,1,2,0.149,0.065,0.18
skycell,"10""",1024,3,1,1,3,0.245,0.033,0.271
skycell,"10""",890,4,1,1,3,0.235,0.031,0.261
skycell,"10""",841,5,1,2,2,0.148,0.03,0.166
skycell,"10""",1019,6,1,1,3,0.184,0.026,0.203
skycell,"10""",933,7,0,1,2,0.142,0.028,0.156
skycell,"10""",744,8,0,1,2,0.131,0.025,0.144
skycell,"10""",896,9,0,4,2,0.137,0.025,0.151
skycell,"10""",762,10,1,1,3,0.412,0.023,0.43
skycell,"10""",1021,11,1,4,3,0.316,0.044,0.346
skycell,"10""",889,12,0,1,2,0.193,0.047,0.213
skycell,"10""",689,13,0,1,2,0.126,0.039,0.139
skycell,"10""",713,14,0,2,1,0.116,0.025,0.128
skycell,"10""",723,15,0,2,1,0.084,0.027,0.096
skycell,"10""",682,16,1,4,3,0.32,0.031,0.343
skycell,"10""",1016,17,1,2,2,0.153,0.054,0.173
skycell,"10""",888,18,0,2,1,0.077,0.028,0.089
skycell,"10""",996,19,1,1,3,0.312,0.024,0.328
skycell,"10""",696,20,0,2,1,0.09,0.029,0.104
skycell,"10""",929,21,0,2,1,0.075,0.024,0.085
skycell,"10""",726,22,0,1,2,0.191,0.022,0.203
skycell,"10""",674,23,1,1,3,0.288,0.023,0.304
skycell,"10""",885,24,1,1,3,0.432,0.026,0.448
skycell,"10""",959,25,0,1,2,0.135,0.023,0.175
skycell,"10""",659,26,0,2,1,0.079,0.027,0.091
skycell,"10""",1044,27,1,1,3,0.332,0.022,0.348
skycell,"10""",686,28,1,5,3,0.267,0.033,0.289
skycell,"10""",691,29,0,5,1,0.118,0.027,0.131
skycell,"10""",802,30,0,2,1,0.134,0.024,0.162
skycell,"10""",1046,31,1,5,3,0.32,0.026,0.34
skycell,"10""",1008,32,2,1,3,0.242,0.028,0.262
skycell,"10""",681,33,1,1,3,0.182,0.031,0.203
skycell,"10""",956,34,0,2,1,0.073,0.025,0.085
skycell,"10""",884,35,1,2,2,0.193,0.022,0.209
skycell,"10""",670,36,1,1,3,0.201,0.023,0.217
skycell,"10""",746,37,0,1,2,0.145,0.024,0.157
skycell,"10""",801,38,0,1,2,0.25,0.024,0.263
skycell,"10""",668,39,1,1,3,0.214,0.025,0.237
skycell,"10""",863,40,0,2,1,0.081,0.026,0.093
skycell,"10""",712,41,0,2,1,0.125,0.025,0.137
skycell,"10""",803,42,1,1,3,0.192,0.026,0.211
skycell,"10""",951,43,1,1,3,0.169,0.024,0.193
skycell,"10""",930,44,0,2,1,0.179,0.026,0.193
skycell,"10""",963,45,1,2,2,0.25,0.025,0.27
skycell,"10""",918,46,1,1,3,0.193,0.033,0.216
skycell,"10""",1010,47,1,2,2,0.136,0.028,0.153
skycell,"10""",709,48,0,1,2,0.119,0.025,0.131
skycell,"10""",850,49,0,1,2,0.155,0.025,0.17
skycell,"10""",927,50,0,2,1,0.102,0.059,0.117
skycell,"10""",880,51,0,2,1,0.071,0.026,0.083
skycell,"10""",864,52,0,2,1,0.071,0.025,0.083
skycell,"10""",895,53,0,1,3,0.258,0.024,0.275
skycell,"10""",1047,54,1,4,3,0.281,0.031,0.301
skycell,"10""",883,55,0,2,1,0.088,0.026,0.1
skycell,"10""",738,56,0,3,3,0.232,0.025,0.248
skycell,"10""",664,57,1,1,3,0.183,0.028,0.2
skycell,"10""",852,58,1,1,3,0.173,0.026,0.189
skycell,"10""",870,59,0,2,1,0.063,0.025,0.075
skycell,"10""",1005,60,1,1,3,0.215,0.029,0.241
skycell,"10""",916,61,0,2,1,0.09,0.033,0.104
skycell,"10""",1026,62,1,1,3,0.224,0.024,0.241
skycell,"10""",683,63,1,2,2,0.146,0.028,0.163
skycell,"10""",915,64,0,5,1,0.133,0.028,0.148
skycell,"10""",1039,65,1,1,3,0.165,0.027,0.183
skycell,"10""",756,66,0,5,1,0.077,0.026,0.09
skycell,"10""",799,67,0,2,1,0.118,0.024,0.134
skycell,"10""",981,68,1,1,3,0.315,0.022,0.332
skycell,"10""",769,69,1,1,3,0.266,0.027,0.284
skycell,"10""",1015,70,1,1,3,0.265,0.026,0.281
skycell,"10""",859,71,0,2,1,0.07,0.026,0.082
skycell,"10""",912,72,3,11,3,0.288,0.024,0.311
skycell,"10""",978,73,1,1,3,0.265,0.024,0.282
skycell,"10""",719,74,1,1,3,0.198,0.027,0.222
skycell,"10""",957,75,0,2,1,0.068,0.03,0.08
skycell,"10""",995,76,1,5,2,0.143,0.039,0.171
skycell,"10""",760,77,1,2,2,0.119,0.025,0.134
skycell,"10""",790,78,1,2,2,0.137,0.024,0.151
skycell,"10""",672,79,1,2,2,0.12,0.024,0.136
skycell,"10""",741,80,0,2,1,0.07,0.024,0.081
skycell,"10""",658,81,0,1,2,0.215,0.023,0.231
skycell,"10""",943,82,1,1,3,0.826,0.065,0.882
skycell,"10""",834,83,1,5,2,0.316,0.069,0.348
skycell,"10""",817,84,0,1,2,0.326,0.039,0.343
skycell,"10""",1009,85,1,5,3,0.279,0.039,0.309
skycell,"10""",809,86,1,5,2,4.769,0.055,4.816
skycell,"10""",685,87,0,11,1,2.432,0.12,2.484
skycell,"10""",877,88,1,1,3,0.687,0.061,0.73
skycell,"10""",796,89,0,2,1,0.119,0.059,0.16
skycell,"10""",787,90,0,5,1,0.095,0.047,0.12
skycell,"10""",848,91,0,2,1,0.093,0.039,0.108
skycell,"10""",1028,92,1,2,2,0.623,0.031,0.659
skycell,"10""",661,93,0,2,1,0.248,0.059,0.273
skycell,"10""",768,94,1,1,3,0.434,0.048,0.471
skycell,"10""",865,95,0,2,1,0.17,0.056,0.205
skycell,"10""",819,96,0,2,1,0.103,0.051,0.124
skycell,"10""",949,97,0,2,1,2.072,0.05,2.108
skycell,"10""",843,98,0,1,2,0.195,0.064,0.219
skycell,"10""",939,99,0,2,1,0.081,0.039,0.142
skycell,"10""",919,100,0,2,1,0.077,0.036,0.093
skycell,"10""",921,101,1,1,3,0.995,0.031,1.035
skycell,"10""",974,102,1,2,2,0.282,0.063,0.363
skycell,"10""",960,103,0,2,1,0.111,0.047,0.129
skycell,"10""",816,104,1,2,2,0.229,0.034,0.252
skycell,"10""",872,105,0,2,1,0.103,0.033,0.132
skycell,"10""",821,106,0,2,1,0.109,0.047,0.127
skycell,"10""",1051,107,1,2,2,0.357,0.029,0.398
skycell,"10""",757,108,0,5,1,0.213,0.058,0.242
skycell,"10""",869,109,0,5,2,0.26,0.044,0.364
skycell,"10""",705,110,0,5,1,0.088,0.047,0.107
skycell,"10""",894,111,0,11,2,0.249,0.068,0.299
skycell,"10""",785,112,1,1,3,0.38,0.05,0.405
skycell,"10""",875,113,1,5,2,0.195,0.044,0.228
skycell,"10""",945,114,0,2,2,0.246,0.052,0.273
skycell,"10""",1056,115,1,2,2,0.294,0.042,0.318
skycell,"10""",835,116,1,2,2,0.308,0.033,0.334
skycell,"10""",934,117,0,5,1,0.075,0.036,0.092
skycell,"10""",774,118,1,1,3,0.262,0.051,0.285
skycell,"10""",966,119,1,2,2,0.132,0.037,0.16
skycell,"10""",770,120,0,2,1,0.075,0.027,0.087
skycell,"10""",990,121,1,5,2,0.46,0.026,0.499
skycell,"10""",707,122,0,2,1,0.091,0.046,0.11
skycell,"10""",1050,123,1,2,2,0.153,0.035,0.18
skycell,"10""",718,124,1,2,2,0.142,0.033,0.171
skycell,"10""",874,125,1,2,2,0.278,0.045,0.31
skycell,"10""",1040,126,1,1,3,0.196,0.045,0.22
skycell,"10""",1055,127,1,1,3,0.31,0.038,0.337
skycell,"10""",693,128,0,2,1,0.154,0.078,0.174
skycell,"10""",694,129,0,2,1,0.138,0.04,0.157
skycell,"10""",985,130,1,2,2,0.233,0.032,0.259
skycell,"10""",684,131,1,1,3,0.232,0.033,0.253
skycell,"10""",897,132,1,6,2,0.182,0.032,0.212
skycell,"10""",729,133,1,2,2,0.22,0.053,0.245
skycell,"10""",764,134,0,2,1,0.142,0.041,0.158
skycell,"10""",1049,135,1,2,2,0.229,0.069,0.266
skycell,"10""",948,136,1,2,2,0.144,0.042,0.167
skycell,"10""",731,137,0,2,1,0.169,0.043,0.197
skycell,"10""",669,138,0,2,1,0.111,0.047,0.128
skycell,"10""",743,139,1,5,2,4.463,0.027,4.529
skycell,"10""",962,140,1,2,2,1.48,0.083,1.535
skycell,"10""",1017,141,1,2,2,0.388,0.069,0.471
skycell,"10""",671,142,1,2,2,0.335,0.063,0.372
skycell,"10""",862,143,0,2,2,0.175,0.07,0.212
skycell,"10""",745,144,1,2,2,0.231,0.063,0.274
skycell,"10""",720,145,0,2,1,0.121,0.07,0.147
skycell,"10""",711,146,1,5,2,0.165,0.058,0.201
skycell,"10""",786,147,0,2,2,0.178,0.073,0.202
skycell,"10""",907,148,0,4,2,0.163,0.042,0.182
skycell,"10""",823,149,0,2,1,0.079,0.033,0.096
skycell,"10""",954,150,0,2,2,0.236,0.067,0.269
skycell,"10""",944,151,1,2,2,0.345,0.049,0.49
skycell,"10""",1020,152,1,2,2,0.3,0.076,0.346
skycell,"10""",971,153,1,5,3,0.284,0.065,0.331
skycell,"10""",811,154,0,2,1,0.152,0.071,0.182
skycell,"10""",824,155,1,4,3,0.394,0.072,0.448
skycell,"10""",876,156,0,2,1,0.342,0.058,0.369
skycell,"10""",779,157,0,2,1,0.348,0.051,0.376
skycell,"10""",789,158,0,8,1,0.161,0.061,0.193
skycell,"10""",660,159,1,2,2,0.282,0.041,0.314
skycell,"10""",991,160,1,1,3,0.25,0.047,0.276
skycell,"10""",983,161,1,5,3,0.439,0.041,0.478
skycell,"10""",1013,162,1,2,2,0.205,0.057,0.241
skycell,"10""",736,163,0,2,1,0.257,0.31,0.284
skycell,"10""",733,164,1,2,2,0.431,0.043,0.466
skycell,"10""",882,165,0,2,1,0.175,0.059,0.235
skycell,"10""",735,166,0,2,1,0.147,0.084,0.171
skycell,"10""",967,167,1,3,4,0.401,0.039,0.429
skycell,"10""",920,168,0,5,1,0.088,0.048,0.107
skycell,"10""",1038,169,1,5,2,0.143,0.033,0.168
skycell,"10""",783,170,0,5,1,0.174,0.049,0.202
skycell,"10""",807,171,1,2,2,0.205,0.054,0.234
skycell,"10""",753,172,0,2,1,0.084,0.037,0.107
skycell,"10""",886,173,1,2,2,0.185,0.075,0.218
skycell,"10""",781,174,1,6,2,0.154,0.043,0.183
skycell,"10""",677,175,0,5,2,0.261,0.037,0.312
skycell,"10""",815,176,1,11,2,0.215,0.05,0.243
skycell,"10""",832,177,1,2,2,0.204,0.038,0.29
skycell,"10""",782,178,1,2,2,0.214,0.068,0.253
skycell,"10""",938,179,0,2,1,0.106,0.054,0.143
skycell,"10""",881,180,0,5,1,0.097,0.047,0.118
skycell,"10""",914,181,0,1,2,0.169,0.056,0.188
skycell,"10""",1014,182,1,2,2,0.185,0.048,0.215
skycell,"10""",717,183,0,1,2,0.148,0.041,0.165
skycell,"10""",826,184,1,2,2,0.17,0.035,0.193
skycell,"10""",800,185,0,2,1,0.08,0.038,0.095
skycell,"10""",993,186,1,2,2,0.193,0.024,0.216
skycell,"10""",795,187,1,2,2,0.284,0.031,0.312
skycell,"10""",1048,188,1,2,2,0.271,0.061,0.3
skycell,"10""",887,189,1,2,2,0.247,0.046,0.311
skycell,"10""",724,190,1,2,2,0.359,0.042,0.383
skycell,"10""",687,191,1,4,3,0.193,0.037,0.217
skycell,"10""",1011,192,1,2,2,0.136,0.028,0.154
skycell,"10""",925,193,0,2,1,0.082,0.029,0.101
skycell,"10""",1053,194,1,1,3,0.217,0.033,0.237
skycell,"10""",964,195,1,2,2,0.127,0.029,0.144
skycell,"10""",812,196,0,2,1,0.065,0.025,0.078
skycell,"10""",794,197,0,2,2,0.152,0.04,0.174
skycell,"10""",1025,198,1,2,2,0.129,0.03,0.147
skycell,"10""",725,199,0,2,1,0.068,0.024,0.079
skycell,"10""",1036,200,1,2,2,0.154,0.022,0.179
skycell,"10""",665,201,1,2,2,0.151,0.028,0.17
skycell,"10""",805,202,0,2,1,0.081,0.029,0.094
skycell,"10""",857,203,0,2,1,0.143,0.024,0.158
skycell,"10""",1029,204,1,2,2,0.162,0.043,0.185
skycell,"10""",846,205,1,5,2,0.228,0.028,0.258
skycell,"10""",992,206,1,2,2,0.203,0.057,0.225
skycell,"10""",773,207,0,2,1,0.091,0.027,0.115
skycell,"10""",754,208,1,2,2,0.159,0.032,0.178
skycell,"10""",663,209,0,2,1,0.094,0.031,0.111
skycell,"10""",1027,210,1,2,2,0.156,0.031,0.176
skycell,"10""",761,211,0,2,1,0.076,0.028,0.089
skycell,"10""",901,212,0,2,2,0.161,0.022,0.177
skycell,"10""",970,213,1,2,2,0.173,0.057,0.2
skycell,"10""",697,214,1,2,2,0.245,0.034,0.283
skycell,"10""",913,215,0,2,1,0.19,0.055,0.223
skycell,"10""",908,216,0,2,1,0.157,0.045,0.175
skycell,"10""",856,217,0,2,1,0.121,0.042,0.145
skycell,"10""",776,218,0,2,1,0.107,0.039,0.126
skycell,"10""",747,219,0,5,1,0.113,0.043,0.135
skycell,"10""",940,220,0,2,1,0.131,0.044,0.147
skycell,"10""",715,221,1,2,2,0.219,0.039,0.25
skycell,"10""",830,222,2,1,3,0.312,0.076,0.341
skycell,"10""",968,223,1,6,2,0.265,0.048,0.309
skycell,"10""",839,224,2,1,3,0.295,0.045,0.326
skycell,"10""",675,225,0,2,1,0.125,0.036,0.142
skycell,"10""",936,226,0,2,1,0.114,0.05,0.134
skycell,"10""",751,227,0,2,1,0.091,0.029,0.107
skycell,"10""",941,228,0,2,1,0.083,0.04,0.105
skycell,"10""",953,229,0,5,1,0.173,0.034,0.19
skycell,"10""",1006,230,1,1,3,0.239,0.03,0.265
skycell,"10""",975,231,1,1,3,0.224,0.034,0.247
skycell,"10""",851,232,1,2,2,0.156,0.031,0.178
skycell,"10""",994,233,1,2,2,0.2,0.026,0.219
skycell,"10""",1022,234,1,2,2,1.229,0.026,1.264
skycell,"10""",766,235,1,5,2,0.283,0.065,0.334
skycell,"10""",814,236,0,6,0,0,0.057,0.024
skycell,"10""",792,237,1,2,2,0.405,0.027,0.435
skycell,"10""",873,238,0,5,1,0.155,0.044,0.176
skycell,"10""",988,239,1,2,2,0.205,0.031,0.225
skycell,"10""",1032,240,1,2,2,0.202,0.078,0.226
skycell,"10""",698,241,0,2,1,0.092,0.038,0.109
skycell,"10""",998,242,1,5,3,0.225,0.042,0.261
skycell,"10""",1042,243,1,2,2,0.168,0.042,0.191
skycell,"10""",976,244,1,2,2,0.163,0.038,0.188
skycell,"10""",706,245,1,2,2,0.282,0.036,0.302
skycell,"10""",798,246,0,3,0,0,0.03,0.014
skycell,"10""",673,247,0,2,1,0.084,0.023,0.1
skycell,"10""",931,248,0,5,1,0.081,0.028,0.098
skycell,"10""",678,249,0,2,1,0.108,0.025,0.139
skycell,"10""",1045,250,1,1,3,0.238,0.043,0.271
skycell,"10""",989,251,1,2,2,0.192,0.056,0.258
skycell,"10""",752,252,0,5,2,0.214,0.062,0.253
skycell,"10""",1035,253,1,2,2,0.147,0.096,0.177
skycell,"10""",950,254,1,2,2,0.265,0.046,0.294
skycell,"10""",909,255,0,1,2,0.184,0.088,0.208
skycell,"10""",737,256,0,2,1,0.135,0.043,0.176
skycell,"10""",898,257,0,5,1,0.088,0.041,0.105
skycell,"10""",858,258,0,2,2,0.185,0.032,0.207
skycell,"10""",780,259,0,5,3,0.279,0.029,0.307
skycell,"10""",808,260,0,5,1,0.144,0.055,0.165
skycell,"10""",1000,261,1,2,2,0.191,0.035,0.217
skycell,"10""",903,262,1,2,2,0.187,0.041,0.213
skycell,"10""",1003,263,1,5,2,0.223,0.043,0.26
skycell,"10""",836,264,0,2,1,0.526,0.036,0.546
skycell,"10""",721,265,1,6,2,0.591,0.045,0.62
skycell,"10""",900,266,0,2,1,0.364,0.038,0.382
skycell,"10""",855,267,1,2,2,0.945,0.04,0.97
skycell,"10""",708,268,0,5,1,0.257,0.037,0.275
skycell,"10""",871,269,0,5,1,0.155,0.03,0.168
skycell,"10""",699,270,0,2,1,1.127,0.026,1.193
skycell,"10""",822,271,0,2,1,0.211,0.035,0.226
skycell,"10""",1031,272,1,2,2,0.743,0.028,0.77
skycell,"10""",853,273,0,5,1,1.131,0.041,1.151
skycell,"10""",749,274,0,2,2,0.75,0.037,0.769
skycell,"10""",837,275,0,2,3,0.742,0.07,0.769
skycell,"10""",750,276,1,2,2,0.403,0.039,0.431
skycell,"10""",702,277,0,5,1,0.216,0.035,0.245
skycell,"10""",657,278,0,5,1,0.157,0.042,0.173
skycell,"10""",701,279,1,2,2,0.213,0.029,0.233
skycell,"10""",942,280,0,2,2,0.401,0.032,0.424
skycell,"10""",911,281,0,2,1,0.157,0.042,0.175
skycell,"10""",667,282,1,2,2,0.675,0.032,0.698
skycell,"10""",902,283,0,5,1,0.523,0.035,0.542
skycell,"10""",810,284,0,2,1,0.188,0.033,0.471
skycell,"10""",999,285,1,5,2,0.792,0.039,0.815
skycell,"10""",937,286,1,5,3,0.203,0.036,0.229
skycell,"10""",771,287,0,2,1,0.117,0.029,0.129
skycell,"10""",845,288,0,4,2,0.346,0.033,0.364
skycell,"10""",1001,289,1,10,4,0.478,0.066,0.508
skycell,"10""",1043,290,1,2,2,0.54,0.04,0.564
skycell,"10""",732,291,0,2,2,0.336,0.035,0.393
skycell,"10""",1034,292,1,2,2,0.627,0.032,0.651
skycell,"10""",662,293,0,2,1,0.165,0.038,0.18
skycell,"10""",924,294,0,2,1,0.146,0.026,0.158
skycell,"10""",797,295,0,5,1,0.183,0.028,0.218
skycell,"10""",758,296,0,3,0,0,0.029,0.012
skycell,"10""",690,297,0,2,1,0.487,0.017,0.5
skycell,"10""",775,298,0,5,1,0.163,0.04,0.274
skycell,"10""",788,299,1,2,2,0.279,0.029,0.299
skycell,"10""",972,300,1,2,2,0.483,0.031,0.502
skycell,"10""",828,301,1,9,2,0.147,0.033,0.168
skycell,"10""",892,302,0,2,1,0.197,0.029,0.211
skycell,"10""",979,303,1,2,2,0.25,0.025,0.268
skycell,"10""",923,304,1,2,2,0.19,0.024,0.207
skycell,"10""",947,305,0,2,1,0.148,0.025,0.21
skycell,"10""",946,306,1,2,2,0.292,0.028,0.311
skycell,"10""",722,307,0,5,1,0.148,0.036,0.165
skycell,"10""",906,308,0,2,1,0.235,0.028,0.249
skycell,"10""",973,309,1,5,3,0.518,0.025,0.539
skycell,"10""",866,310,0,2,1,0.093,0.031,0.106
skycell,"10""",679,311,1,2,2,1.33,0.032,1.365
skycell,"10""",926,312,0,3,0,0,0.055,0.062
skycell,"10""",977,313,1,2,2,0.466,0.032,0.489
skycell,"10""",755,314,0,5,1,0.118,0.042,0.137
skycell,"10""",922,315,0,2,1,0.196,0.032,0.208
skycell,"10""",1023,316,1,4,3,0.358,0.032,0.384
skycell,"10""",829,317,0,2,1,0.217,0.032,0.231
skycell,"10""",891,318,1,2,2,0.365,0.034,0.393
skycell,"10""",928,319,0,2,1,0.155,0.032,0.209
skycell,"10""",714,320,0,5,2,0.307,0.039,0.327
skycell,"10""",958,321,0,2,1,0.237,0.029,0.254
skycell,"10""",932,322,0,2,1,0.19,0.041,0.213
skycell,"10""",728,323,0,2,1,0.162,0.035,0.177
skycell,"10""",879,324,1,2,2,0.336,0.03,0.368
skycell,"10""",825,325,0,2,1,0.22,0.046,0.244
skycell,"10""",893,326,0,2,1,0.192,0.035,0.261
skycell,"10""",806,327,0,2,1,0.165,0.043,0.182
skycell,"10""",730,328,0,2,1,0.136,0.034,0.151
skycell,"10""",703,329,0,2,1,0.156,0.046,0.172
skycell,"10""",961,330,0,5,1,0.149,0.027,0.163
skycell,"10""",1007,331,1,2,2,0.308,0.024,0.331
skycell,"10""",1041,332,1,5,2,0.332,0.039,0.357
skycell,"10""",980,333,1,2,2,0.334,0.033,0.405
skycell,"10""",765,334,0,2,1,0.162,0.049,0.181
skycell,"10""",984,335,1,4,3,0.43,0.034,0.461
skycell,"10""",917,336,0,2,1,0.131,0.044,0.147
skycell,"10""",793,337,1,5,2,0.299,0.034,0.33
skycell,"10""",1054,338,1,2,2,0.375,0.041,0.396
skycell,"10""",804,339,1,6,2,0.37,0.031,0.394
skycell,"10""",676,340,0,5,1,0.196,0.035,0.251
skycell,"10""",868,341,0,2,1,0.214,0.033,0.228
skycell,"10""",878,342,1,2,2,0.731,0.029,0.796
skycell,"10""",739,343,1,6,1,0.226,0.065,0.259
skycell,"10""",987,344,1,2,2,0.795,0.087,0.861
skycell,"10""",791,345,1,2,2,0.477,0.08,0.552
skycell,"10""",778,346,0,5,1,0.345,0.078,0.392
skycell,"10""",813,347,1,5,2,0.55,0.091,0.73
skycell,"10""",831,348,0,2,1,0.302,0.076,0.339
skycell,"10""",1033,349,1,2,2,0.668,0.096,0.731
skycell,"10""",910,350,0,5,1,0.322,0.078,0.369
skycell,"10""",820,351,1,2,2,0.462,0.127,0.515
skycell,"10""",748,352,0,2,1,0.27,0.071,0.304
skycell,"10""",695,353,0,2,2,0.504,0.119,0.64
skycell,"10""",1030,354,1,1,3,0.924,0.133,1.05
skycell,"10""",692,355,1,5,3,1.021,0.12,1.093
skycell,"10""",772,356,0,2,1,0.378,0.073,0.422
skycell,"10""",700,357,0,2,1,0.358,0.076,0.395
skycell,"10""",952,358,0,1,2,0.366,0.07,0.405
skycell,"10""",710,359,1,5,2,0.304,0.124,0.362
skycell,"10""",969,360,1,2,2,0.311,0.076,0.353
skycell,"10""",716,361,0,2,1,0.214,0.073,0.25
skycell,"10""",935,362,0,5,2,0.607,0.079,0.67
skycell,"10""",742,363,1,2,2,0.584,0.075,0.636
skycell,"10""",844,364,0,2,1,0.233,0.076,0.268
skycell,"10""",734,365,0,8,1,0.198,0.076,0.238
skycell,"10""",997,366,1,2,2,0.477,0.175,0.551
skycell,"10""",1037,367,1,2,2,0.469,0.116,0.535
skycell,"10""",867,368,1,2,2,0.46,0.071,0.634
skycell,"10""",740,369,0,2,1,0.207,0.077,0.278
skycell,"10""",965,370,1,1,3,0.684,0.069,0.739
skycell,"10""",763,371,0,2,1,0.229,0.084,0.266
skycell,"10""",955,372,1,5,2,0.478,0.082,0.543
skycell,"10""",1018,373,1,2,2,0.489,0.071,0.55
skycell,"10""",818,374,0,2,2,0.733,0.07,0.792
skycell,"10""",777,375,1,2,2,0.822,0.073,0.937
skycell,"10""",767,376,1,2,2,0.366,0.058,0.398
skycell,"10""",1012,377,1,2,2,0.338,0.046,0.364
skycell,"10""",847,378,0,2,1,0.202,0.037,0.218
skycell,"10""",904,379,1,2,2,0.294,0.031,0.313
skycell,"10""",1052,380,1,2,2,0.342,0.029,0.363
skycell,"10""",905,381,0,2,1,0.225,0.033,0.241
skycell,"10""",704,382,1,5,2,0.361,0.032,0.426
skycell,"10""",688,383,1,2,2,0.278,0.036,0.306
skycell,"10""",854,384,0,3,0,0,0.045,0.018
skycell,"10""",838,385,0,2,1,0.405,0.037,0.427
skycell,"10""",861,386,0,3,0,0,0.048,0.018
skycell,"10""",759,387,1,2,2,2.386,0.054,2.439
skycell,"10""",827,388,1,2,2,0.667,0.073,0.712
skycell,"10""",840,389,1,2,2,0.383,0.062,0.467
skycell,"10""",666,390,0,2,1,0.089,0.054,0.11
skycell,"10""",727,391,0,2,2,0.382,0.076,0.409
skycell,"10""",1002,392,1,2,2,0.449,0.048,0.477
skycell,"10""",842,393,0,2,1,0.206,0.047,0.228
skycell,"10""",860,394,0,2,1,0.569,0.036,0.592
skycell,"10""",784,395,0,5,1,0.216,0.056,0.24
skycell,"10""",680,396,0,2,1,0.217,0.04,0.271
skycell,"10""",986,397,1,2,2,0.374,0.035,0.4
skycell,"10""",849,398,0,2,1,0.188,0.041,0.206
skycell,"10""",982,399,2,2,2,0.31,0.032,0.335
skycell,"10""",1004,400,1,5,2,0.435,0.04,0.467
pgsphere,"10""",833,1,0,23,5,0.315,6.044,0.708
pgsphere,"10""",899,2,0,1,3,0.181,0.045,0.233
pgsphere,"10""",1024,3,1,2,4,0.292,0.028,0.338
pgsphere,"10""",890,4,1,2,6,0.395,0.024,0.441
pgsphere,"10""",841,5,1,2,3,0.194,0.024,0.224
pgsphere,"10""",1019,6,1,2,4,0.393,0.021,0.427
pgsphere,"10""",933,7,0,3,2,0.483,0.036,0.562
pgsphere,"10""",744,8,0,2,2,0.286,0.048,0.316
pgsphere,"10""",896,9,0,2,2,0.258,0.035,0.293
pgsphere,"10""",762,10,1,2,3,0.292,0.047,0.329
pgsphere,"10""",1021,11,1,3,9,0.893,0.031,0.97
pgsphere,"10""",889,12,0,2,2,0.198,0.039,0.228
pgsphere,"10""",689,13,0,2,2,0.231,0.027,0.263
pgsphere,"10""",713,14,0,2,2,0.175,0.037,0.205
pgsphere,"10""",723,15,0,4,3,0.2,0.03,0.236
pgsphere,"10""",682,16,1,2,4,0.309,0.023,0.348
pgsphere,"10""",1016,17,1,4,4,0.229,0.036,0.274
pgsphere,"10""",888,18,0,3,2,0.238,0.024,0.262
pgsphere,"10""",996,19,1,2,3,0.266,0.022,0.292
pgsphere,"10""",696,20,0,2,2,0.268,0.022,0.319
pgsphere,"10""",929,21,0,2,2,0.211,0.036,0.241
pgsphere,"10""",726,22,0,2,4,0.333,0.043,0.377
pgsphere,"10""",674,23,1,3,5,0.341,0.036,0.386
pgsphere,"10""",885,24,1,2,5,0.332,0.038,0.403
pgsphere,"10""",959,25,0,2,2,0.18,0.034,0.213
pgsphere,"10""",659,26,0,5,1,0.106,0.023,0.135
pgsphere,"10""",1044,27,1,2,5,0.314,0.027,0.348
pgsphere,"10""",686,28,1,1,4,0.387,0.023,0.421
pgsphere,"10""",691,29,0,5,2,0.195,0.036,0.23
pgsphere,"10""",802,30,0,2,4,0.387,0.025,0.416
pgsphere,"10""",1046,31,1,3,4,0.249,0.028,0.29
pgsphere,"10""",1008,32,2,2,3,0.27,0.023,0.304
pgsphere,"10""",681,33,1,2,5,0.34,0.037,0.382
pgsphere,"10""",956,34,0,4,1,0.186,0.036,0.214
pgsphere,"10""",884,35,1,3,3,0.198,0.028,0.231
pgsphere,"10""",670,36,1,3,4,0.319,0.024,0.372
pgsphere,"10""",746,37,0,3,1,0.07,0.027,0.092
pgsphere,"10""",801,38,0,2,3,0.2,0.021,0.233
pgsphere,"10""",668,39,1,2,5,0.316,0.019,0.358
pgsphere,"10""",863,40,0,3,1,0.19,0.034,0.214
pgsphere,"10""",712,41,0,5,1,0.115,0.021,0.143
pgsphere,"10""",803,42,1,3,5,0.294,0.026,0.336
pgsphere,"10""",951,43,1,3,3,0.254,0.026,0.288
pgsphere,"10""",930,44,0,2,2,0.2,0.03,0.224
pgsphere,"10""",963,45,1,4,5,0.287,0.021,0.329
pgsphere,"10""",918,46,1,2,3,0.165,0.024,0.192
pgsphere,"10""",1010,47,1,5,3,0.175,0.026,0.211
pgsphere,"10""",709,48,0,3,2,0.246,0.021,0.274
pgsphere,"10""",850,49,0,2,2,0.176,0.041,0.207
pgsphere,"10""",927,50,0,3,2,0.192,0.029,0.217
pgsphere,"10""",880,51,0,5,1,0.081,0.025,0.114
pgsphere,"10""",864,52,0,3,2,0.123,0.021,0.146
pgsphere,"10""",895,53,0,2,2,0.235,0.019,0.255
pgsphere,"10""",1047,54,1,2,3,0.194,0.021,0.224
pgsphere,"10""",883,55,0,3,2,0.22,0.019,0.242
pgsphere,"10""",738,56,0,2,2,0.197,0.018,0.218
pgsphere,"10""",664,57,1,3,4,0.266,0.02,0.298
pgsphere,"10""",852,58,1,2,3,0.249,0.021,0.275
pgsphere,"10""",870,59,0,3,2,0.157,0.028,0.184
pgsphere,"10""",1005,60,1,4,2,0.197,0.019,0.227
pgsphere,"10""",916,61,0,5,1,0.065,0.021,0.09
pgsphere,"10""",1026,62,1,3,3,0.167,0.021,0.196
pgsphere,"10""",683,63,1,3,3,0.313,0.018,0.342
pgsphere,"10""",915,64,0,2,2,0.195,0.024,0.224
pgsphere,"10""",1039,65,1,2,4,1.961,0.024,2.007
pgsphere,"10""",756,66,0,3,1,0.179,0.038,0.207
pgsphere,"10""",799,67,0,3,1,0.11,0.028,0.132
pgsphere,"10""",981,68,1,2,3,0.199,0.022,0.225
pgsphere,"10""",769,69,1,2,4,0.269,0.021,0.297
pgsphere,"10""",1015,70,1,2,5,0.304,0.023,0.337
pgsphere,"10""",859,71,0,4,0,0,0.02,0.024
pgsphere,"10""",912,72,3,2,3,0.317,0.015,0.344
pgsphere,"10""",978,73,1,3,4,0.245,0.027,0.28
pgsphere,"10""",719,74,1,3,2,0.151,0.035,0.177
pgsphere,"10""",957,75,0,2,4,0.28,0.019,0.311
pgsphere,"10""",995,76,1,2,4,0.294,0.024,0.326
pgsphere,"10""",760,77,1,2,3,0.273,0.023,0.338
pgsphere,"10""",790,78,1,4,5,0.28,0.026,0.322
pgsphere,"10""",672,79,1,3,2,0.149,0.021,0.172
pgsphere,"10""",741,80,0,4,2,0.133,0.018,0.163
pgsphere,"10""",658,81,0,3,4,0.294,0.033,0.344
pgsphere,"10""",943,82,1,4,4,0.331,0.051,0.386
pgsphere,"10""",834,83,1,4,4,0.498,0.035,0.555
pgsphere,"10""",817,84,0,3,2,0.128,0.035,0.155
pgsphere,"10""",1009,85,1,2,4,0.239,0.028,0.271
pgsphere,"10""",809,86,1,2,3,0.202,0.024,0.237
pgsphere,"10""",685,87,0,4,1,0.074,0.032,0.102
pgsphere,"10""",877,88,1,3,4,0.258,0.074,0.31
pgsphere,"10""",796,89,0,2,2,0.151,0.036,0.176
pgsphere,"10""",787,90,0,2,2,0.198,0.023,0.222
pgsphere,"10""",848,91,0,4,1,0.082,0.032,0.109
pgsphere,"10""",1028,92,1,2,4,0.235,0.022,0.266
pgsphere,"10""",661,93,0,3,2,0.178,0.021,0.2
pgsphere,"10""",768,94,1,2,5,0.271,0.022,0.306
pgsphere,"10""",865,95,0,4,1,0.064,0.02,0.085
pgsphere,"10""",819,96,0,3,1,0.085,0.017,0.105
pgsphere,"10""",949,97,0,4,1,0.068,0.018,0.09
pgsphere,"10""",843,98,0,4,3,0.198,0.021,0.229
pgsphere,"10""",939,99,0,3,2,0.376,0.019,0.401
pgsphere,"10""",919,100,0,4,1,0.093,0.023,0.117
pgsphere,"10""",921,101,1,2,4,0.33,0.018,0.36
pgsphere,"10""",974,102,1,2,3,0.234,0.021,0.261
pgsphere,"10""",960,103,0,3,1,0.105,0.039,0.133
pgsphere,"10""",816,104,1,3,3,1.159,0.026,1.231
pgsphere,"10""",872,105,0,4,3,0.303,0.042,0.344
pgsphere,"10""",821,106,0,5,2,0.152,0.026,0.221
pgsphere,"10""",1051,107,1,5,2,0.156,0.027,0.189
pgsphere,"10""",757,108,0,2,2,0.141,0.023,0.164
pgsphere,"10""",869,109,0,4,1,0.068,0.024,0.093
pgsphere,"10""",705,110,0,2,2,0.119,0.02,0.142
pgsphere,"10""",894,111,0,3,1,0.073,0.02,0.094
pgsphere,"10""",785,112,1,3,4,0.506,0.018,0.55
pgsphere,"10""",875,113,1,3,3,0.189,0.039,0.224
pgsphere,"10""",945,114,0,2,2,0.135,0.037,0.164
pgsphere,"10""",1056,115,1,2,3,0.255,0.026,0.285
pgsphere,"10""",835,116,1,3,4,0.257,0.022,0.289
pgsphere,"10""",934,117,0,4,0,0,0.02,0.019
pgsphere,"10""",774,118,1,2,3,0.303,0.018,0.341
pgsphere,"10""",966,119,1,4,8,0.427,0.047,0.498
pgsphere,"10""",770,120,0,3,1,0.07,0.032,0.094
pgsphere,"10""",990,121,1,2,3,0.187,0.022,0.224
pgsphere,"10""",707,122,0,3,1,0.066,0.025,0.088
pgsphere,"10""",1050,123,1,4,2,0.129,0.019,0.156
pgsphere,"10""",718,124,1,2,3,0.198,0.043,0.231
pgsphere,"10""",874,125,1,2,3,0.187,0.029,0.213
pgsphere,"10""",1040,126,1,2,5,0.351,0.025,0.382
pgsphere,"10""",1055,127,1,3,3,0.248,0.021,0.275
pgsphere,"10""",693,128,0,2,2,0.226,0.02,0.248
pgsphere,"10""",694,129,0,3,1,0.066,0.022,0.086
pgsphere,"10""",985,130,1,2,3,0.162,0.017,0.187
pgsphere,"10""",684,131,1,3,4,0.289,0.044,0.342
pgsphere,"10""",897,132,1,3,3,0.349,0.038,0.384
pgsphere,"10""",729,133,1,6,4,0.333,0.053,0.4
pgsphere,"10""",764,134,0,4,1,0.145,0.033,0.174
pgsphere,"10""",1049,135,1,3,6,0.344,0.026,0.389
pgsphere,"10""",948,136,1,3,3,0.222,0.03,0.252
pgsphere,"10""",731,137,0,4,2,0.16,0.023,0.19
pgsphere,"10""",669,138,0,2,2,0.14,0.021,0.167
pgsphere,"10""",743,139,1,2,3,0.283,0.026,0.317
pgsphere,"10""",962,140,1,2,4,0.343,0.038,0.376
pgsphere,"10""",1017,141,1,2,3,0.226,0.024,0.252
pgsphere,"10""",671,142,1,3,3,0.239,0.026,0.271
pgsphere,"10""",862,143,0,2,2,0.175,0.024,0.203
pgsphere,"10""",745,144,1,3,6,3.098,0.024,3.154
pgsphere,"10""",720,145,0,3,1,0.184,0.041,0.211
pgsphere,"10""",711,146,1,2,3,0.29,0.029,0.32
pgsphere,"10""",786,147,0,2,4,0.309,0.032,0.341
pgsphere,"10""",907,148,0,2,3,0.396,0.025,0.424
pgsphere,"10""",823,149,0,2,2,0.209,0.026,0.231
pgsphere,"10""",954,150,0,4,1,0.081,0.02,0.103
pgsphere,"10""",944,151,1,4,6,2.263,0.02,2.32
pgsphere,"10""",1020,152,1,2,4,0.423,0.042,0.467
pgsphere,"10""",971,153,1,3,4,0.319,0.038,0.36
pgsphere,"10""",811,154,0,4,1,0.09,0.027,0.114
pgsphere,"10""",824,155,1,3,3,0.212,0.02,0.243
pgsphere,"10""",876,156,0,4,1,0.133,0.035,0.16
pgsphere,"10""",779,157,0,2,3,2.396,0.024,2.431
pgsphere,"10""",789,158,0,2,2,0.212,0.04,0.237
pgsphere,"10""",660,159,1,2,5,0.365,0.025,0.404
pgsphere,"10""",991,160,1,2,3,0.214,0.025,0.24
pgsphere,"10""",983,161,1,3,4,0.292,0.024,0.337
pgsphere,"10""",1013,162,1,4,2,0.151,0.032,0.183
pgsphere,"10""",736,163,0,3,1,0.105,0.029,0.132
pgsphere,"10""",733,164,1,3,4,0.275,0.031,0.314
pgsphere,"10""",882,165,0,4,1,0.093,0.029,0.116
pgsphere,"10""",735,166,0,3,1,0.105,0.063,0.144
pgsphere,"10""",967,167,1,3,4,0.295,0.02,0.327
pgsphere,"10""",920,168,0,3,2,0.152,0.02,0.177
pgsphere,"10""",1038,169,1,3,3,0.188,0.02,0.218
pgsphere,"10""",783,170,0,2,2,0.156,0.02,0.177
pgsphere,"10""",807,171,1,3,3,0.203,0.018,0.229
pgsphere,"10""",753,172,0,2,2,0.137,0.019,0.155
pgsphere,"10""",886,173,1,2,4,0.221,0.017,0.247
pgsphere,"10""",781,174,1,3,4,0.256,0.018,0.286
pgsphere,"10""",677,175,0,3,2,0.134,0.02,0.158
pgsphere,"10""",815,176,1,3,4,0.238,0.018,0.268
pgsphere,"10""",832,177,1,3,3,0.192,0.05,0.225
pgsphere,"10""",782,178,1,2,7,0.406,0.025,0.453
pgsphere,"10""",938,179,0,4,2,0.198,0.048,0.231
pgsphere,"10""",881,180,0,4,2,0.124,0.022,0.154
pgsphere,"10""",914,181,0,4,3,0.18,0.021,0.214
pgsphere,"10""",1014,182,1,3,4,0.217,0.022,0.251
pgsphere,"10""",717,183,0,3,1,0.071,0.019,0.102
pgsphere,"10""",826,184,1,2,3,0.263,0.019,0.286
pgsphere,"10""",800,185,0,5,1,0.07,0.018,0.097
pgsphere,"10""",993,186,1,5,2,0.271,0.019,0.299
pgsphere,"10""",795,187,1,3,3,0.35,0.019,0.377
pgsphere,"10""",1048,188,1,3,3,0.181,0.022,0.208
pgsphere,"10""",887,189,1,3,2,0.135,0.019,0.157
pgsphere,"10""",724,190,1,2,5,0.372,0.019,0.415
pgsphere,"10""",687,191,1,2,3,0.181,0.027,0.207
pgsphere,"10""",1011,192,1,3,3,0.328,0.02,0.376
pgsphere,"10""",925,193,0,3,1,0.097,0.02,0.116
pgsphere,"10""",1053,194,1,2,4,0.702,0.017,0.731
pgsphere,"10""",964,195,1,2,3,0.183,0.026,0.208
pgsphere,"10""",812,196,0,3,2,0.212,0.023,0.242
pgsphere,"10""",794,197,0,3,1,23.834,0.03,23.878
pgsphere,"10""",1025,198,1,3,3,62.071,0.053,62.173
pgsphere,"10""",725,199,0,3,1,43.909,0.111,44
pgsphere,"10""",1036,200,1,3,4,98.209,0.149,98.354
pgsphere,"10""",665,201,1,2,3,88.421,0.108,88.546
pgsphere,"10""",805,202,0,2,2,0.26,0.108,0.311
pgsphere,"10""",857,203,0,4,1,0.146,0.047,0.233
pgsphere,"10""",1029,204,1,2,3,0.364,0.061,0.433
pgsphere,"10""",846,205,1,4,2,0.148,0.055,0.195
pgsphere,"10""",992,206,1,2,4,0.304,0.032,0.351
pgsphere,"10""",773,207,0,4,2,0.159,0.032,0.192
pgsphere,"10""",754,208,1,3,3,0.233,0.024,0.267
pgsphere,"10""",663,209,0,3,2,0.138,0.029,0.165
pgsphere,"10""",1027,210,1,3,3,0.298,0.026,0.349
pgsphere,"10""",761,211,0,3,2,0.162,0.03,0.197
pgsphere,"10""",901,212,0,3,1,0.081,0.024,0.105
pgsphere,"10""",970,213,1,3,4,0.334,0.026,0.375
pgsphere,"10""",697,214,1,3,4,0.356,0.029,0.398
pgsphere,"10""",913,215,0,3,1,0.09,0.051,0.115
pgsphere,"10""",908,216,0,2,2,0.153,0.02,0.174
pgsphere,"10""",856,217,0,3,1,0.144,0.018,0.167
pgsphere,"10""",776,218,0,4,1,0.123,0.016,0.151
pgsphere,"10""",747,219,0,4,1,0.097,0.026,0.125
pgsphere,"10""",940,220,0,3,1,0.08,0.019,0.101
pgsphere,"10""",715,221,1,3,2,0.225,0.016,0.281
pgsphere,"10""",830,222,2,3,3,0.398,0.025,0.435
pgsphere,"10""",968,223,1,4,2,0.349,0.025,0.39
pgsphere,"10""",839,224,2,2,4,0.365,0.045,0.408
pgsphere,"10""",675,225,0,3,1,0.121,0.06,0.148
pgsphere,"10""",936,226,0,3,1,0.122,0.021,0.143
pgsphere,"10""",751,227,0,4,1,0.075,0.022,0.098
pgsphere,"10""",941,228,0,3,0,0,0.017,0.014
pgsphere,"10""",953,229,0,3,1,0.076,0.037,0.097
pgsphere,"10""",1006,230,1,4,4,0.262,0.017,0.302
pgsphere,"10""",975,231,1,2,4,0.338,0.02,0.367
pgsphere,"10""",851,232,1,3,3,0.207,0.022,0.24
pgsphere,"10""",994,233,1,3,3,0.376,0.019,0.408
pgsphere,"10""",1022,234,1,3,2,0.167,0.026,0.195
pgsphere,"10""",766,235,1,4,4,0.341,0.023,0.391
pgsphere,"10""",814,236,0,4,1,0.1,0.042,0.135
pgsphere,"10""",792,237,1,3,4,0.34,0.025,0.384
pgsphere,"10""",873,238,0,2,3,0.304,0.041,0.338
pgsphere,"10""",988,239,1,6,2,0.186,0.052,0.24
pgsphere,"10""",1032,240,1,3,4,0.584,0.037,0.646
pgsphere,"10""",698,241,0,3,1,0.202,0.065,0.237
pgsphere,"10""",998,242,1,4,3,0.457,0.061,0.517
pgsphere,"10""",1042,243,1,4,3,0.356,0.046,0.411
pgsphere,"10""",976,244,1,2,5,0.729,0.035,0.777
pgsphere,"10""",706,245,1,3,2,0.155,0.051,0.192
pgsphere,"10""",798,246,0,6,1,0.071,0.035,0.106
pgsphere,"10""",673,247,0,3,0,0,0.023,0.017
pgsphere,"10""",931,248,0,4,1,0.143,0.043,0.18
pgsphere,"10""",678,249,0,4,1,0.259,0.05,0.291
pgsphere,"10""",1045,250,1,3,4,0.332,0.06,0.395
pgsphere,"10""",989,251,1,4,2,0.283,0.043,0.329
pgsphere,"10""",752,252,0,3,2,0.303,0.046,0.34
pgsphere,"10""",1035,253,1,4,2,0.159,0.082,0.2
pgsphere,"10""",950,254,1,2,4,0.231,0.05,0.269
pgsphere,"10""",909,255,0,3,3,0.232,0.074,0.284
pgsphere,"10""",737,256,0,4,3,0.274,0.044,0.318
pgsphere,"10""",898,257,0,4,2,0.16,0.03,0.195
pgsphere,"10""",858,258,0,3,1,0.075,0.025,0.097
pgsphere,"10""",780,259,0,2,3,0.177,0.022,0.203
pgsphere,"10""",808,260,0,4,1,0.072,0.027,0.102
pgsphere,"10""",1000,261,1,2,3,0.201,0.022,0.229
pgsphere,"10""",903,262,1,5,3,0.274,0.023,0.315
pgsphere,"10""",1003,263,1,4,6,0.397,0.023,0.451
pgsphere,"10""",836,264,0,2,2,0.163,0.033,0.193
pgsphere,"10""",721,265,1,5,2,0.159,0.024,0.212
pgsphere,"10""",900,266,0,3,1,0.176,0.047,0.21
pgsphere,"10""",855,267,1,4,3,0.274,0.074,0.32
pgsphere,"10""",708,268,0,3,2,0.25,0.031,0.28
pgsphere,"10""",871,269,0,3,2,0.177,0.03,0.204
pgsphere,"10""",699,270,0,3,2,0.169,0.027,0.197
pgsphere,"10""",822,271,0,3,2,0.144,0.034,0.18
pgsphere,"10""",1031,272,1,2,4,0.261,0.032,0.295
pgsphere,"10""",853,273,0,3,1,0.076,0.024,0.102
pgsphere,"10""",749,274,0,4,1,0.092,0.023,0.121
pgsphere,"10""",837,275,0,4,1,0.139,0.029,0.168
pgsphere,"10""",750,276,1,4,2,0.244,0.025,0.279
pgsphere,"10""",702,277,0,3,1,0.12,0.021,0.143
pgsphere,"10""",657,278,0,3,3,0.205,0.024,0.237
pgsphere,"10""",701,279,1,3,3,1.216,0.046,1.264
pgsphere,"10""",942,280,0,3,7,2.716,0.049,2.823
pgsphere,"10""",911,281,0,3,2,0.445,0.062,0.502
pgsphere,"10""",667,282,1,4,4,0.346,0.061,0.414
pgsphere,"10""",902,283,0,4,2,0.128,0.044,0.169
pgsphere,"10""",810,284,0,3,1,0.102,0.034,0.128
pgsphere,"10""",999,285,1,3,3,0.186,0.056,0.236
pgsphere,"10""",937,286,1,2,3,0.282,0.043,0.314
pgsphere,"10""",771,287,0,4,2,0.169,0.04,0.21
pgsphere,"10""",845,288,0,3,1,0.072,0.029,0.116
pgsphere,"10""",1001,289,1,3,3,0.244,0.049,0.296
pgsphere,"10""",1043,290,1,2,3,0.235,0.034,0.267
pgsphere,"10""",732,291,0,6,2,0.188,0.03,0.243
pgsphere,"10""",1034,292,1,4,3,0.22,0.041,0.261
pgsphere,"10""",662,293,0,4,0,0,0.039,0.024
pgsphere,"10""",924,294,0,3,1,0.105,0.016,0.125
pgsphere,"10""",797,295,0,3,1,0.135,0.019,0.16
pgsphere,"10""",758,296,0,5,1,0.115,0.023,0.149
pgsphere,"10""",690,297,0,4,1,0.228,0.059,0.274
pgsphere,"10""",775,298,0,5,2,0.354,0.041,0.396
pgsphere,"10""",788,299,1,3,3,0.186,0.039,0.224
pgsphere,"10""",972,300,1,3,2,0.148,0.042,0.188
pgsphere,"10""",828,301,1,2,4,0.514,0.043,0.555
pgsphere,"10""",892,302,0,3,1,0.181,0.04,0.214
pgsphere,"10""",979,303,1,2,3,0.285,0.04,0.328
pgsphere,"10""",923,304,1,4,2,0.143,0.042,0.182
pgsphere,"10""",947,305,0,5,2,0.129,0.033,0.168
pgsphere,"10""",946,306,1,3,3,0.262,0.025,0.304
pgsphere,"10""",722,307,0,4,2,0.206,0.045,0.251
pgsphere,"10""",906,308,0,4,1,0.106,0.037,0.137
pgsphere,"10""",973,309,1,2,4,0.243,0.027,0.279
pgsphere,"10""",866,310,0,6,2,0.148,0.026,0.188
pgsphere,"10""",679,311,1,2,7,0.477,0.028,0.525
pgsphere,"10""",926,312,0,5,1,0.569,0.025,0.61
pgsphere,"10""",977,313,1,2,4,0.354,0.083,0.405
pgsphere,"10""",755,314,0,5,1,0.514,0.04,0.549
pgsphere,"10""",922,315,0,5,2,0.148,0.034,0.188
pgsphere,"10""",1023,316,1,3,2,0.249,0.025,0.278
pgsphere,"10""",829,317,0,3,1,0.636,0.027,0.665
pgsphere,"10""",891,318,1,5,2,0.14,0.043,0.188
pgsphere,"10""",928,319,0,3,1,0.069,0.03,0.096
pgsphere,"10""",714,320,0,4,3,0.576,0.02,0.615
pgsphere,"10""",958,321,0,4,1,0.09,0.057,0.134
pgsphere,"10""",932,322,0,3,1,0.084,0.038,0.115
pgsphere,"10""",728,323,0,3,1,0.083,0.34,0.116
pgsphere,"10""",879,324,1,3,2,0.152,0.033,0.186
pgsphere,"10""",825,325,0,3,1,0.068,0.043,0.098
pgsphere,"10""",893,326,0,3,1,0.065,0.029,0.088
pgsphere,"10""",806,327,0,3,1,0.064,0.023,0.086
pgsphere,"10""",730,328,0,4,2,0.402,0.018,0.435
pgsphere,"10""",703,329,0,3,1,0.082,0.045,0.109
pgsphere,"10""",961,330,0,4,2,0.164,0.024,0.197
pgsphere,"10""",1007,331,1,3,2,0.147,0.027,0.177
pgsphere,"10""",1041,332,1,5,3,0.169,0.032,0.207
pgsphere,"10""",980,333,1,2,3,0.202,0.021,0.227
pgsphere,"10""",765,334,0,4,2,0.192,0.022,0.223
pgsphere,"10""",984,335,1,3,2,0.138,0.022,0.168
pgsphere,"10""",917,336,0,4,1,0.094,0.02,0.118
pgsphere,"10""",793,337,1,3,2,0.258,0.02,0.299
pgsphere,"10""",1054,338,1,3,2,0.491,0.028,0.527
pgsphere,"10""",804,339,1,4,3,0.456,0.038,0.5
pgsphere,"10""",676,340,0,3,1,0.09,0.04,0.117
pgsphere,"10""",868,341,0,2,2,0.23,0.032,0.255
pgsphere,"10""",878,342,1,4,2,0.151,0.053,0.187
pgsphere,"10""",739,343,1,3,2,0.113,0.024,0.14
pgsphere,"10""",987,344,1,4,2,0.105,0.021,0.134
pgsphere,"10""",791,345,1,4,2,0.162,0.018,0.215
pgsphere,"10""",778,346,0,4,5,0.392,0.021,0.443
pgsphere,"10""",813,347,1,3,2,0.131,0.034,0.201
pgsphere,"10""",831,348,0,3,1,0.068,0.028,0.092
pgsphere,"10""",1033,349,1,4,3,0.257,0.02,0.294
pgsphere,"10""",910,350,0,3,1,0.081,0.027,0.109
pgsphere,"10""",820,351,1,3,5,0.346,0.037,0.398
pgsphere,"10""",748,352,0,4,1,0.092,0.042,0.125
pgsphere,"10""",695,353,0,2,2,0.169,0.03,0.192
pgsphere,"10""",1030,354,1,2,3,0.373,0.022,0.406
pgsphere,"10""",692,355,1,3,4,0.271,0.029,0.319
pgsphere,"10""",772,356,0,3,1,0.211,0.039,0.252
pgsphere,"10""",700,357,0,4,1,0.085,0.04,0.118
pgsphere,"10""",952,358,0,2,3,0.22,0.028,0.267
pgsphere,"10""",710,359,1,4,2,0.185,0.051,0.228
pgsphere,"10""",969,360,1,4,3,0.194,0.035,0.238
pgsphere,"10""",716,361,0,3,1,0.138,0.031,0.167
pgsphere,"10""",935,362,0,3,2,0.143,0.039,0.194
pgsphere,"10""",742,363,1,3,4,0.929,0.053,0.989
pgsphere,"10""",844,364,0,3,1,0.076,0.044,0.114
pgsphere,"10""",734,365,0,3,1,0.067,0.029,0.093
pgsphere,"10""",997,366,1,2,3,0.34,0.031,0.373
pgsphere,"10""",1037,367,1,3,3,0.305,0.027,0.36
pgsphere,"10""",867,368,1,4,2,0.202,0.055,0.303
pgsphere,"10""",740,369,0,7,2,3.278,0.047,3.377
pgsphere,"10""",965,370,1,2,4,0.576,0.083,0.698
pgsphere,"10""",763,371,0,3,1,0.183,0.077,0.248
pgsphere,"10""",955,372,1,3,2,0.248,0.09,0.333
pgsphere,"10""",1018,373,1,3,3,1.184,0.07,1.284
pgsphere,"10""",818,374,0,2,2,0.502,0.077,0.574
pgsphere,"10""",777,375,1,5,2,0.923,0.073,1.027
pgsphere,"10""",767,376,1,2,3,1.064,0.073,1.157
pgsphere,"10""",1012,377,1,2,5,1.508,0.09,1.615
pgsphere,"10""",847,378,0,4,0,0,0.048,0.029
pgsphere,"10""",904,379,1,4,5,0.596,0.016,0.676
pgsphere,"10""",1052,380,1,3,4,0.612,0.04,0.68
pgsphere,"10""",905,381,0,4,1,0.101,0.041,0.134
pgsphere,"10""",704,382,1,6,4,0.594,0.026,0.641
pgsphere,"10""",688,383,1,4,2,0.257,0.026,0.286
pgsphere,"10""",854,384,0,3,1,0.093,0.031,0.12
pgsphere,"10""",838,385,0,5,1,0.059,0.026,0.089
pgsphere,"10""",861,386,0,4,1,0.077,0.018,0.098
pgsphere,"10""",759,387,1,3,4,0.308,0.016,0.358
pgsphere,"10""",827,388,1,7,3,0.219,0.039,0.276
pgsphere,"10""",840,389,1,4,2,0.162,0.026,0.196
pgsphere,"10""",666,390,0,3,1,0.072,0.024,0.097
pgsphere,"10""",727,391,0,4,4,0.278,0.019,0.318
pgsphere,"10""",1002,392,1,3,2,0.21,0.019,0.276
pgsphere,"10""",842,393,0,3,3,0.196,0.02,0.229
pgsphere,"10""",860,394,0,4,1,0.064,0.018,0.084
pgsphere,"10""",784,395,0,2,1,0.08,0.042,0.097
pgsphere,"10""",680,396,0,3,0,0,0.023,0.017
pgsphere,"10""",986,397,1,6,3,0.197,0.013,0.238
pgsphere,"10""",849,398,0,2,2,0.12,0.018,0.14
pgsphere,"10""",982,399,2,2,3,0.194,0.041,0.23
pgsphere,"10""",1004,400,1,4,2,0.122,0.03,0.152
pgsphere,1',363,1,0,23,5,0.321,6.566,0.687
pgsphere,1',610,2,2,1,7,0.404,0.044,0.483
pgsphere,1',381,3,2,1,5,0.352,0.03,0.392
pgsphere,1',433,4,1,3,3,0.198,0.033,0.241
pgsphere,1',550,5,1,2,5,0.469,0.027,0.512
pgsphere,1',461,6,1,1,5,0.279,0.033,0.313
pgsphere,1',595,7,2,2,3,0.18,0.027,0.214
pgsphere,1',367,8,0,2,4,0.22,0.024,0.251
pgsphere,1',629,9,2,3,7,0.542,0.021,0.596
pgsphere,1',384,10,0,2,3,0.413,0.027,0.453
pgsphere,1',498,11,0,2,3,0.292,0.041,0.333
pgsphere,1',580,12,0,3,2,0.165,0.045,0.202
pgsphere,1',521,13,1,2,3,0.19,0.04,0.223
pgsphere,1',594,14,1,4,6,0.374,0.036,0.435
pgsphere,1',510,15,0,3,4,0.23,0.035,0.272
pgsphere,1',590,16,0,3,2,0.154,0.049,0.182
pgsphere,1',597,17,0,3,3,0.192,0.023,0.221
pgsphere,1',369,18,1,2,3,0.196,0.021,0.222
pgsphere,1',408,19,0,3,1,0.077,0.02,0.097
pgsphere,1',413,20,0,4,1,0.079,0.017,0.102
pgsphere,1',639,21,2,3,3,0.196,0.016,0.223
pgsphere,1',531,22,0,2,3,0.238,0.039,0.278
pgsphere,1',646,23,1,2,3,0.216,0.03,0.248
pgsphere,1',410,24,0,2,2,0.122,0.03,0.145
pgsphere,1',512,25,0,3,4,0.215,0.024,0.248
pgsphere,1',556,26,0,2,2,0.155,0.02,0.185
pgsphere,1',527,27,0,3,1,0.073,0.025,0.094
pgsphere,1',443,28,0,2,2,0.131,0.018,0.15
pgsphere,1',376,29,0,2,4,0.66,0.019,0.694
pgsphere,1',395,30,1,3,3,0.269,0.027,0.303
pgsphere,1',441,31,3,2,6,0.388,0.039,0.508
pgsphere,1',555,32,0,3,1,0.105,0.036,0.137
pgsphere,1',438,33,3,2,3,0.234,0.029,0.263
pgsphere,1',541,34,0,4,1,0.084,0.024,0.109
pgsphere,1',564,35,0,2,2,0.176,0.017,0.195
pgsphere,1',411,36,0,3,1,0.079,0.02,0.1
pgsphere,1',627,37,1,2,5,0.283,0.019,0.32
pgsphere,1',427,38,3,2,6,0.502,0.02,0.544
pgsphere,1',400,39,1,2,4,0.306,0.033,0.379
pgsphere,1',446,40,1,2,5,0.296,0.033,0.337
pgsphere,1',558,41,2,3,4,0.246,0.028,0.282
pgsphere,1',494,42,3,3,3,0.179,0.025,0.209
pgsphere,1',473,43,1,5,7,0.422,0.02,0.482
pgsphere,1',485,44,0,3,1,0.151,0.024,0.173
pgsphere,1',625,45,3,4,5,0.407,0.02,0.448
pgsphere,1',436,46,2,2,3,0.205,0.025,0.23
pgsphere,1',432,47,0,4,1,0.182,0.022,0.205
pgsphere,1',372,48,0,3,4,0.277,0.047,0.348
pgsphere,1',456,49,0,2,2,0.2,0.046,0.232
pgsphere,1',579,50,1,2,3,0.244,0.043,0.316
pgsphere,1',425,51,1,2,5,0.301,0.046,0.337
pgsphere,1',474,52,2,2,7,0.457,0.039,0.511
pgsphere,1',470,53,0,2,3,0.208,0.034,0.241
pgsphere,1',656,54,1,3,3,0.193,0.027,0.225
pgsphere,1',633,55,1,4,2,0.172,0.023,0.202
pgsphere,1',503,56,0,3,2,0.324,0.058,0.354
pgsphere,1',394,57,0,3,1,0.184,0.035,0.21
pgsphere,1',642,58,2,2,5,0.459,0.029,0.503
pgsphere,1',532,59,1,3,5,0.337,0.05,0.397
pgsphere,1',515,60,1,2,5,0.306,0.041,0.349
pgsphere,1',523,61,0,4,3,0.242,0.034,0.283
pgsphere,1',507,62,0,3,1,0.09,0.039,0.116
pgsphere,1',493,63,2,3,4,0.307,0.027,0.344
pgsphere,1',647,64,2,2,4,0.25,0.032,0.282
pgsphere,1',589,65,1,2,4,0.239,0.026,0.268
pgsphere,1',652,66,1,3,3,0.171,0.025,0.201
pgsphere,1',535,67,0,3,1,0.086,0.038,0.109
pgsphere,1',599,68,2,3,5,0.336,0.021,0.38
pgsphere,1',591,69,1,3,5,0.393,0.023,0.434
pgsphere,1',495,70,1,2,3,0.367,0.023,0.393
pgsphere,1',399,71,0,3,3,0.21,0.025,0.238
pgsphere,1',529,72,0,4,1,0.094,0.026,0.121
pgsphere,1',622,73,1,4,5,0.299,0.029,0.346
pgsphere,1',517,74,2,2,3,0.158,0.023,0.183
pgsphere,1',508,75,3,3,3,0.205,0.061,0.236
pgsphere,1',386,76,1,2,4,0.248,0.024,0.278
pgsphere,1',559,77,1,3,4,0.306,0.03,0.34
pgsphere,1',424,78,0,3,1,0.083,0.024,0.106
pgsphere,1',499,79,0,2,2,0.2,0.022,0.222
pgsphere,1',655,80,1,3,4,0.353,0.025,0.395
pgsphere,1',513,81,0,2,2,0.164,0.028,0.189
pgsphere,1',417,82,0,3,4,0.26,0.025,0.298
pgsphere,1',371,83,0,3,2,0.206,0.023,0.232
pgsphere,1',463,84,0,3,3,0.262,0.02,0.289
pgsphere,1',457,85,0,2,2,0.151,0.029,0.176
pgsphere,1',628,86,1,3,2,0.225,0.025,0.279
pgsphere,1',415,87,7,2,8,0.671,0.027,0.723
pgsphere,1',648,88,1,3,2,0.142,0.028,0.169
pgsphere,1',606,89,1,5,5,0.277,0.022,0.324
pgsphere,1',626,90,2,2,3,0.206,0.055,0.234
pgsphere,1',582,91,0,4,1,0.13,0.024,0.156
pgsphere,1',624,92,2,2,5,0.34,0.019,0.376
pgsphere,1',453,93,1,3,4,0.285,0.028,0.32
pgsphere,1',638,94,1,4,4,0.295,0.022,0.353
pgsphere,1',562,95,1,2,5,0.369,0.021,0.404
pgsphere,1',404,96,0,4,1,0.071,0.021,0.096
pgsphere,1',382,97,7,3,5,0.298,0.018,0.338
pgsphere,1',640,98,1,2,3,0.228,0.02,0.252
pgsphere,1',462,99,1,2,4,0.329,0.021,0.358
pgsphere,1',361,100,1,2,4,0.241,0.024,0.273
pgsphere,1',522,101,1,2,4,0.234,0.02,0.263
pgsphere,1',444,102,0,3,2,0.134,0.019,0.163
pgsphere,1',651,103,3,2,4,0.358,0.024,0.389
pgsphere,1',491,104,1,5,3,0.361,0.023,0.406
pgsphere,1',492,105,1,2,5,0.254,0.026,0.288
pgsphere,1',649,106,1,5,2,0.123,0.021,0.157
pgsphere,1',539,107,2,2,5,0.27,0.018,0.304
pgsphere,1',561,108,1,2,4,0.257,0.021,0.286
pgsphere,1',615,109,1,2,5,0.337,0.022,0.369
pgsphere,1',476,110,0,2,3,0.248,0.021,0.291
pgsphere,1',514,111,0,3,3,0.199,0.021,0.228
pgsphere,1',391,112,1,2,5,0.277,0.02,0.311
pgsphere,1',501,113,0,2,2,0.114,0.022,0.135
pgsphere,1',617,114,1,3,4,0.236,0.019,0.269
pgsphere,1',554,115,2,3,3,0.282,0.02,0.315
pgsphere,1',645,116,1,4,3,0.193,0.029,0.237
pgsphere,1',537,117,0,2,2,0.116,0.023,0.138
pgsphere,1',475,118,0,2,2,0.133,0.031,0.157
pgsphere,1',366,119,2,3,3,0.276,0.032,0.33
pgsphere,1',586,120,0,2,3,0.247,0.081,0.28
pgsphere,1',519,121,3,2,3,0.202,0.032,0.232
pgsphere,1',545,122,0,3,1,0.083,0.025,0.107
pgsphere,1',536,123,0,5,2,0.164,0.022,0.196
pgsphere,1',431,124,2,2,4,0.31,0.021,0.339
pgsphere,1',414,125,0,4,1,0.087,0.022,0.111
pgsphere,1',634,126,3,2,4,0.282,0.018,0.309
pgsphere,1',641,127,1,3,5,0.333,0.018,0.4
pgsphere,1',445,128,1,2,3,0.234,0.04,0.264
pgsphere,1',465,129,1,2,3,0.214,0.029,0.241
pgsphere,1',525,130,1,3,5,0.287,0.03,0.328
pgsphere,1',402,131,0,3,1,0.071,0.025,0.09
pgsphere,1',635,132,2,3,3,0.188,0.023,0.217
pgsphere,1',598,133,0,5,3,0.271,0.027,0.313
pgsphere,1',557,134,0,3,1,0.178,0.024,0.2
pgsphere,1',480,135,0,3,1,0.083,0.022,0.102
pgsphere,1',426,136,0,2,3,0.197,0.017,0.221
pgsphere,1',393,137,2,3,3,0.184,0.017,0.213
pgsphere,1',497,138,0,3,1,0.167,0.028,0.191
pgsphere,1',477,139,1,2,4,0.317,0.041,0.359
pgsphere,1',429,140,0,4,4,0.306,0.038,0.353
pgsphere,1',587,141,0,3,1,0.086,0.035,0.112
pgsphere,1',616,142,2,3,4,0.301,0.031,0.338
pgsphere,1',538,143,0,5,2,0.199,0.028,0.233
pgsphere,1',486,144,2,3,4,0.266,0.022,0.325
pgsphere,1',542,145,5,2,4,0.253,0.023,0.28
pgsphere,1',419,146,0,3,2,0.415,0.02,0.451
pgsphere,1',551,147,1,2,4,0.306,0.04,0.343
pgsphere,1',459,148,1,2,3,0.215,0.036,0.248
pgsphere,1',543,149,0,4,1,0.107,0.029,0.135
pgsphere,1',401,150,2,2,4,0.265,0.022,0.301
pgsphere,1',455,151,1,4,4,0.264,0.023,0.308
pgsphere,1',614,152,1,2,4,0.235,0.023,0.265
pgsphere,1',526,153,2,3,3,0.179,0.022,0.214
pgsphere,1',489,154,0,3,1,0.067,0.021,0.088
pgsphere,1',621,155,1,3,3,0.254,0.017,0.282
pgsphere,1',468,156,0,3,2,0.13,0.024,0.155
pgsphere,1',650,157,1,2,3,0.175,0.021,0.201
pgsphere,1',569,158,0,3,1,0.067,0.019,0.106
pgsphere,1',378,159,4,3,3,0.177,0.021,0.21
pgsphere,1',644,160,3,2,3,0.171,0.035,0.196
pgsphere,1',406,161,3,3,6,0.429,0.019,0.464
pgsphere,1',548,162,10,3,5,0.301,0.02,0.347
pgsphere,1',428,163,0,2,2,0.197,0.022,0.218
pgsphere,1',471,164,0,2,2,0.141,0.021,0.163
pgsphere,1',611,165,1,3,4,0.233,0.019,0.265
pgsphere,1',563,166,1,3,2,0.123,0.021,0.147
pgsphere,1',387,167,1,3,2,0.11,0.018,0.132
pgsphere,1',416,168,5,2,5,0.255,0.018,0.286
pgsphere,1',451,169,1,2,4,0.213,0.022,0.243
pgsphere,1',452,170,0,4,1,0.065,0.022,0.088
pgsphere,1',481,171,0,2,3,0.166,0.019,0.187
pgsphere,1',552,172,1,2,3,0.189,0.019,0.212
pgsphere,1',544,173,0,3,1,0.084,0.034,0.106
pgsphere,1',460,174,0,4,1,0.122,0.023,0.144
pgsphere,1',608,175,5,3,4,0.248,0.02,0.282
pgsphere,1',567,176,0,2,2,0.152,0.03,0.174
pgsphere,1',447,177,0,3,1,0.081,0.02,0.107
pgsphere,1',583,178,2,3,3,0.268,0.034,0.318
pgsphere,1',643,179,2,2,5,0.417,0.036,0.466
pgsphere,1',448,180,0,4,2,0.163,0.041,0.2
pgsphere,1',540,181,1,3,2,0.151,0.031,0.181
pgsphere,1',365,182,1,4,2,0.133,0.029,0.166
pgsphere,1',630,183,1,3,3,0.179,0.023,0.214
pgsphere,1',604,184,3,3,3,0.228,0.027,0.279
pgsphere,1',390,185,0,3,1,0.083,0.027,0.105
pgsphere,1',379,186,0,3,2,0.137,0.021,0.165
pgsphere,1',434,187,0,4,0,0,0.022,0.046
pgsphere,1',487,188,0,2,2,0.207,0.017,0.228
pgsphere,1',637,189,1,4,4,0.227,0.019,0.266
pgsphere,1',623,190,2,4,5,0.399,0.018,0.451
pgsphere,1',511,191,0,5,1,0.088,0.027,0.119
pgsphere,1',576,192,3,2,4,0.331,0.02,0.367
pgsphere,1',570,193,0,2,2,0.133,0.021,0.154
pgsphere,1',578,194,0,4,1,0.084,0.019,0.104
pgsphere,1',440,195,0,5,2,0.143,0.016,0.174
pgsphere,1',409,196,1,2,3,0.268,0.02,0.293
pgsphere,1',585,197,1,6,3,0.206,0.02,0.246
pgsphere,1',560,198,0,4,1,0.077,0.024,0.104
pgsphere,1',358,199,1,3,3,0.183,0.019,0.212
pgsphere,1',654,200,1,3,3,0.172,0.018,0.198
pgsphere,1',467,201,0,3,1,0.063,0.019,0.084
pgsphere,1',632,202,1,3,3,0.232,0.017,0.267
pgsphere,1',593,203,0,3,1,0.082,0.026,0.105
pgsphere,1',374,204,1,2,4,0.304,0.019,0.336
pgsphere,1',596,205,0,3,3,0.183,0.021,0.211
pgsphere,1',601,206,1,4,3,0.294,0.034,0.343
pgsphere,1',504,207,0,5,1,0.088,0.04,0.132
pgsphere,1',496,208,0,4,1,0.225,0.029,0.255
pgsphere,1',502,209,0,4,2,0.174,0.037,0.209
pgsphere,1',420,210,3,3,3,0.206,0.028,0.243
pgsphere,1',620,211,1,3,2,0.176,0.036,0.207
pgsphere,1',398,212,1,2,3,0.275,0.034,0.303
pgsphere,1',631,213,1,4,2,0.162,0.028,0.194
pgsphere,1',412,214,1,3,2,0.146,0.026,0.176
pgsphere,1',524,215,0,2,3,0.161,0.023,0.183
pgsphere,1',364,216,0,3,3,0.186,0.021,0.221
pgsphere,1',405,217,0,4,1,0.096,0.044,0.128
pgsphere,1',403,218,0,3,2,0.157,0.026,0.185
pgsphere,1',380,219,0,4,2,0.16,0.032,0.193
pgsphere,1',383,220,3,2,3,0.191,0.027,0.222
pgsphere,1',359,221,1,3,3,0.258,0.021,0.285
pgsphere,1',442,222,0,3,2,0.249,0.02,0.273
pgsphere,1',605,223,1,3,3,0.172,0.018,0.202
pgsphere,1',602,224,3,2,5,0.387,0.042,0.45
pgsphere,1',534,225,0,4,0,0,0.04,0.026
pgsphere,1',488,226,2,4,4,0.3,0.028,0.346
pgsphere,1',362,227,5,2,5,0.463,0.034,0.504
pgsphere,1',490,228,0,4,0,0,0.035,0.024
pgsphere,1',636,229,1,2,4,0.251,0.019,0.283
pgsphere,1',581,230,2,3,4,0.243,0.036,0.285
pgsphere,1',547,231,0,4,2,0.323,0.029,0.357
pgsphere,1',389,232,3,3,5,0.282,0.029,0.322
pgsphere,1',571,233,0,5,1,0.145,0.025,0.172
pgsphere,1',565,234,0,3,0,0,0.019,0.02
pgsphere,1',549,235,0,3,1,0.089,0.017,0.107
pgsphere,1',619,236,1,3,2,0.132,0.016,0.155
pgsphere,1',500,237,0,4,5,0.382,0.017,0.423
pgsphere,1',368,238,0,3,1,0.077,0.027,0.098
pgsphere,1',520,239,1,2,4,0.244,0.028,0.273
pgsphere,1',478,240,0,4,4,0.263,0.021,0.304
pgsphere,1',458,241,2,3,4,0.629,0.021,0.668
pgsphere,1',479,242,1,2,5,0.321,0.029,0.362
pgsphere,1',418,243,2,3,2,0.146,0.025,0.169
pgsphere,1',377,244,2,3,5,0.286,0.022,0.321
pgsphere,1',600,245,5,3,6,0.386,0.021,0.442
pgsphere,1',449,246,0,3,1,0.172,0.042,0.201
pgsphere,1',530,247,1,5,3,0.305,0.03,0.357
pgsphere,1',370,248,3,2,6,0.374,0.038,0.417
pgsphere,1',609,249,5,3,5,0.282,0.03,0.321
pgsphere,1',603,250,3,4,4,0.23,0.029,0.266
pgsphere,1',388,251,1,3,2,0.128,0.023,0.154
pgsphere,1',588,252,0,5,2,0.147,0.027,0.184
pgsphere,1',566,253,2,3,4,0.223,0.022,0.258
pgsphere,1',592,254,0,3,2,0.14,0.02,0.168
pgsphere,1',469,255,2,4,3,0.211,0.035,0.249
pgsphere,1',607,256,1,4,2,0.143,0.029,0.174
pgsphere,1',385,257,0,3,3,0.216,0.021,0.253
pgsphere,1',568,258,0,4,1,0.089,0.035,0.118
pgsphere,1',435,259,0,5,2,0.194,0.023,0.226
pgsphere,1',533,260,0,3,1,0.092,0.02,0.111
pgsphere,1',421,261,0,3,1,0.066,0.017,0.086
pgsphere,1',483,262,0,4,1,0.081,0.017,0.104
pgsphere,1',509,263,1,4,3,0.248,0.032,0.294
pgsphere,1',454,264,1,4,2,0.173,0.032,0.207
pgsphere,1',397,265,1,2,4,0.299,0.027,0.369
pgsphere,1',573,266,1,5,2,0.193,0.026,0.226
pgsphere,1',572,267,5,3,4,0.242,0.023,0.276
pgsphere,1',360,268,0,2,3,0.201,0.027,0.23
pgsphere,1',466,269,1,3,3,0.189,0.023,0.22
pgsphere,1',505,270,1,4,4,0.245,0.02,0.285
pgsphere,1',653,271,3,3,5,0.376,0.022,0.417
pgsphere,1',618,272,1,4,3,0.196,0.022,0.255
pgsphere,1',484,273,4,3,5,0.335,0.025,0.373
pgsphere,1',518,274,13,2,4,0.258,0.023,0.322
pgsphere,1',546,275,1,3,2,0.139,0.023,0.163
pgsphere,1',439,276,0,2,2,0.161,0.02,0.181
pgsphere,1',472,277,0,3,2,0.177,0.021,0.203
pgsphere,1',574,278,0,3,1,0.159,0.023,0.18
pgsphere,1',464,279,1,3,3,0.244,0.019,0.275
pgsphere,1',613,280,1,4,3,0.199,0.02,0.232
pgsphere,1',553,281,0,3,1,0.081,0.019,0.1
pgsphere,1',516,282,0,3,2,0.145,0.016,0.166
pgsphere,1',528,283,0,4,1,0.1,0.02,0.125
pgsphere,1',407,284,0,3,2,0.15,0.018,0.172
pgsphere,1',584,285,0,4,1,0.095,0.018,0.117
pgsphere,1',450,286,0,3,1,0.153,0.047,0.175
pgsphere,1',375,287,0,3,2,0.157,0.021,0.18
pgsphere,1',392,288,1,2,3,0.211,0.018,0.236
pgsphere,1',430,289,0,2,3,0.216,0.019,0.25
pgsphere,1',612,290,1,4,2,0.169,0.04,0.204
pgsphere,1',482,291,1,4,3,0.295,0.038,0.339
pgsphere,1',422,292,1,8,3,0.263,0.043,0.321
pgsphere,1',396,293,0,3,2,0.188,0.063,0.221
pgsphere,1',423,294,0,4,1,0.088,0.029,0.114
pgsphere,1',357,295,0,3,1,0.083,0.024,0.104
pgsphere,1',437,296,0,3,3,0.209,0.045,0.236
pgsphere,1',577,297,0,3,2,0.147,0.022,0.174
pgsphere,1',506,298,1,2,3,0.292,0.019,0.319
pgsphere,1',373,299,0,3,1,0.08,0.019,0.101
pgsphere,1',575,300,0,4,1,0.087,0.017,0.111
skycell,1',363,1,0,0,5,0.409,2.189,0.509
skycell,1',610,2,2,5,4,0.284,0.081,0.336
skycell,1',381,3,2,1,3,0.489,0.036,0.519
skycell,1',433,4,1,4,4,0.35,0.043,0.386
skycell,1',550,5,1,4,4,0.319,0.04,0.353
skycell,1',461,6,1,1,3,0.312,0.035,0.335
skycell,1',595,7,2,1,3,0.273,0.033,0.295
skycell,1',367,8,0,1,3,0.347,0.03,0.37
skycell,1',629,9,2,1,3,0.274,0.04,0.296
skycell,1',384,10,0,2,2,0.237,0.028,0.255
skycell,1',498,11,0,6,5,0.389,0.045,0.423
skycell,1',580,12,0,1,3,0.257,0.034,0.274
skycell,1',521,13,1,2,2,0.218,0.03,0.235
skycell,1',594,14,1,1,3,0.257,0.023,0.272
skycell,1',510,15,0,5,4,0.267,0.03,0.285
skycell,1',590,16,0,1,3,0.212,0.023,0.226
skycell,1',597,17,0,1,3,0.183,0.021,0.217
skycell,1',369,18,1,2,2,0.169,0.025,0.184
skycell,1',408,19,0,2,1,0.09,0.022,0.1
skycell,1',413,20,0,2,2,0.149,0.055,0.164
skycell,1',639,21,2,1,3,0.255,0.026,0.273
skycell,1',531,22,0,2,2,0.139,0.027,0.153
skycell,1',646,23,1,2,2,0.144,0.043,0.168
skycell,1',410,24,0,5,3,0.215,0.026,0.231
skycell,1',512,25,0,2,2,0.137,0.022,0.154
skycell,1',556,26,0,1,3,0.193,0.025,0.208
skycell,1',527,27,0,5,2,0.132,0.023,0.147
skycell,1',443,28,0,1,3,0.359,0.021,0.372
skycell,1',376,29,0,1,3,0.255,0.031,0.272
skycell,1',395,30,1,2,2,0.18,0.024,0.197
skycell,1',441,31,3,11,4,0.226,0.028,0.255
skycell,1',555,32,0,4,3,0.188,0.025,0.209
skycell,1',438,33,3,1,3,0.291,0.025,0.311
skycell,1',541,34,0,2,2,0.167,0.027,0.182
skycell,1',564,35,0,2,1,0.094,0.024,0.105
skycell,1',411,36,0,2,2,0.161,0.02,0.174
skycell,1',627,37,1,1,3,0.274,0.023,0.29
skycell,1',427,38,3,3,5,0.46,0.048,0.509
skycell,1',400,39,1,2,2,0.328,0.041,0.354
skycell,1',446,40,1,5,3,0.246,0.041,0.269
skycell,1',558,41,2,2,3,0.251,0.033,0.272
skycell,1',494,42,3,1,3,0.222,0.026,0.241
skycell,1',473,43,1,2,2,0.175,0.025,0.191
skycell,1',485,44,0,4,3,0.215,0.023,0.231
skycell,1',625,45,3,1,3,0.234,0.024,0.25
skycell,1',436,46,2,2,2,0.19,0.029,0.217
skycell,1',432,47,0,2,2,0.452,0.029,0.487
skycell,1',372,48,0,1,3,0.238,0.031,0.254
skycell,1',456,49,0,2,1,0.29,0.084,0.327
skycell,1',579,50,1,2,3,0.314,0.049,0.348
skycell,1',425,51,1,2,2,0.199,0.047,0.265
skycell,1',474,52,2,1,3,0.246,0.04,0.269
skycell,1',470,53,0,5,3,0.288,0.034,0.31
skycell,1',656,54,1,1,3,0.267,0.046,0.288
skycell,1',633,55,1,4,4,0.36,0.031,0.387
skycell,1',503,56,0,2,2,0.193,0.034,0.21
skycell,1',394,57,0,2,2,0.189,0.028,0.207
skycell,1',642,58,2,1,4,0.29,0.031,0.315
skycell,1',532,59,1,2,2,0.187,0.029,0.205
skycell,1',515,60,1,2,2,0.203,0.033,0.224
skycell,1',523,61,0,2,2,0.17,0.026,0.186
skycell,1',507,62,0,2,1,0.095,0.024,0.107
skycell,1',493,63,2,2,2,0.181,0.027,0.2
skycell,1',647,64,2,1,3,0.243,0.025,0.258
skycell,1',589,65,1,2,2,0.269,0.024,0.287
skycell,1',652,66,1,2,2,0.19,0.028,0.207
skycell,1',535,67,0,2,2,0.187,0.025,0.209
skycell,1',599,68,2,1,3,0.243,0.036,0.308
skycell,1',591,69,1,2,2,0.156,0.027,0.173
skycell,1',495,70,1,2,2,0.396,0.024,0.415
skycell,1',399,71,0,1,3,0.25,0.031,0.273
skycell,1',529,72,0,5,2,0.241,0.026,0.258
skycell,1',622,73,1,2,2,0.207,0.031,0.226
skycell,1',517,74,2,2,2,0.201,0.026,0.223
skycell,1',508,75,3,1,4,0.253,0.054,0.296
skycell,1',386,76,1,2,3,0.28,0.051,0.315
skycell,1',559,77,1,6,2,0.228,0.046,0.257
skycell,1',424,78,0,2,2,0.224,0.037,0.241
skycell,1',499,79,0,5,2,0.191,0.037,0.212
skycell,1',655,80,1,2,2,0.145,0.029,0.165
skycell,1',513,81,0,1,3,0.488,0.03,0.521
skycell,1',417,82,0,2,2,0.255,0.052,0.277
skycell,1',371,83,0,5,2,0.155,0.04,0.179
skycell,1',463,84,0,5,3,0.305,0.03,0.326
skycell,1',457,85,0,5,2,0.188,0.04,0.209
skycell,1',628,86,1,1,3,0.193,0.034,0.211
skycell,1',415,87,7,3,5,0.333,0.031,0.364
skycell,1',648,88,1,4,4,0.244,0.03,0.272
skycell,1',606,89,1,5,5,0.424,0.025,0.45
skycell,1',626,90,2,4,4,0.301,0.032,0.324
skycell,1',582,91,0,13,2,0.142,0.028,0.161
skycell,1',624,92,2,3,5,0.297,0.031,0.323
skycell,1',453,93,1,2,2,0.136,0.028,0.154
skycell,1',638,94,1,2,2,0.176,0.025,0.197
skycell,1',562,95,1,12,4,0.339,0.03,0.37
skycell,1',404,96,0,2,2,0.157,0.028,0.19
skycell,1',382,97,7,2,2,0.154,0.026,0.174
skycell,1',640,98,1,2,2,0.146,0.023,0.162
skycell,1',462,99,1,2,2,0.156,0.021,0.169
skycell,1',361,100,1,2,2,0.159,0.024,0.174
skycell,1',522,101,1,2,2,0.149,0.023,0.164
skycell,1',444,102,0,3,0,0,0.023,0.033
skycell,1',651,103,3,5,7,0.66,0.02,0.692
skycell,1',491,104,1,2,2,0.29,0.038,0.314
skycell,1',492,105,1,1,3,0.273,0.039,0.302
skycell,1',649,106,1,2,2,0.187,0.047,0.236
skycell,1',539,107,2,1,3,0.253,0.043,0.279
skycell,1',561,108,1,2,3,0.225,0.035,0.253
skycell,1',615,109,1,2,2,0.161,0.047,0.188
skycell,1',476,110,0,1,3,0.194,0.028,0.209
skycell,1',514,111,0,2,2,0.154,0.027,0.171
skycell,1',391,112,1,1,3,0.194,0.032,0.213
skycell,1',501,113,0,2,2,0.22,0.024,0.233
skycell,1',617,114,1,2,2,0.158,0.023,0.175
skycell,1',554,115,2,5,3,0.198,0.025,0.22
skycell,1',645,116,1,2,2,0.145,0.024,0.166
skycell,1',537,117,0,5,3,0.226,0.024,0.243
skycell,1',475,118,0,2,2,0.213,0.028,0.227
skycell,1',366,119,2,2,2,0.182,0.024,0.203
skycell,1',586,120,0,5,3,0.223,0.028,0.253
skycell,1',519,121,3,1,3,0.183,0.048,0.209
skycell,1',545,122,0,2,2,0.139,0.055,0.165
skycell,1',536,123,0,2,2,0.184,0.035,0.213
skycell,1',431,124,2,3,5,0.353,0.032,0.379
skycell,1',414,125,0,2,2,0.233,0.046,0.257
skycell,1',634,126,3,2,2,0.176,0.034,0.201
skycell,1',641,127,1,5,3,0.239,0.042,0.268
skycell,1',445,128,1,2,2,0.18,0.037,0.199
skycell,1',465,129,1,5,2,0.214,0.059,0.251
skycell,1',525,130,1,2,2,0.177,0.041,0.201
skycell,1',402,131,0,5,2,0.174,0.048,0.2
skycell,1',635,132,2,4,5,0.328,0.039,0.359
skycell,1',598,133,0,5,4,0.241,0.033,0.265
skycell,1',557,134,0,2,2,0.181,0.028,0.195
skycell,1',480,135,0,2,2,0.262,0.023,0.277
skycell,1',426,136,0,2,2,0.149,0.028,0.164
skycell,1',393,137,2,6,2,0.152,0.024,0.176
skycell,1',497,138,0,2,1,0.094,0.026,0.105
skycell,1',477,139,1,4,3,0.202,0.025,0.22
skycell,1',429,140,0,6,2,0.135,0.024,0.152
skycell,1',587,141,0,3,1,0.079,0.021,0.093
skycell,1',616,142,2,2,2,0.204,0.026,0.223
skycell,1',538,143,0,2,2,0.143,0.024,0.157
skycell,1',486,144,2,2,2,0.239,0.025,0.269
skycell,1',542,145,5,4,4,0.286,0.033,0.322
skycell,1',419,146,0,2,1,0.162,0.046,0.18
skycell,1',551,147,1,2,2,0.167,0.037,0.189
skycell,1',459,148,1,2,3,0.269,0.031,0.287
skycell,1',543,149,0,2,2,0.167,0.025,0.192
skycell,1',401,150,2,2,3,0.236,0.029,0.261
skycell,1',455,151,1,2,2,0.322,0.024,0.349
skycell,1',614,152,1,10,2,0.207,0.058,0.241
skycell,1',526,153,2,4,4,0.363,0.042,0.396
skycell,1',489,154,0,2,2,0.157,0.055,0.181
skycell,1',621,155,1,2,2,0.217,0.035,0.239
skycell,1',468,156,0,2,2,0.204,0.036,0.223
skycell,1',650,157,1,2,2,0.144,0.034,0.164
skycell,1',569,158,0,2,2,0.216,0.029,0.244
skycell,1',378,159,4,3,6,0.357,0.043,0.389
skycell,1',644,160,3,1,4,0.28,0.032,0.307
skycell,1',406,161,3,1,3,0.261,0.038,0.282
skycell,1',548,162,10,3,5,0.346,0.031,0.379
skycell,1',428,163,0,2,2,0.173,0.03,0.188
skycell,1',471,164,0,2,1,0.083,0.025,0.093
skycell,1',611,165,1,2,2,0.145,0.022,0.197
skycell,1',563,166,1,3,1,0.089,0.03,0.106
skycell,1',387,167,1,2,2,0.177,0.024,0.192
skycell,1',416,168,5,3,5,0.45,0.025,0.477
skycell,1',451,169,1,2,2,0.166,0.034,0.184
skycell,1',452,170,0,2,2,0.321,0.026,0.346
skycell,1',481,171,0,2,2,0.158,0.047,0.185
skycell,1',552,172,1,2,2,0.152,0.034,0.21
skycell,1',544,173,0,3,0,0,0.04,0.015
skycell,1',460,174,0,2,2,0.217,0.018,0.233
skycell,1',608,175,5,1,4,0.3,0.029,0.324
skycell,1',567,176,0,5,3,0.191,0.029,0.214
skycell,1',447,177,0,5,1,0.078,0.025,0.092
skycell,1',583,178,2,1,3,0.221,0.021,0.238
skycell,1',643,179,2,1,3,0.212,0.031,0.24
skycell,1',448,180,0,5,2,0.212,0.027,0.228
skycell,1',540,181,1,1,4,0.242,0.029,0.264
skycell,1',365,182,1,5,3,0.263,0.026,0.292
skycell,1',630,183,1,2,2,0.127,0.061,0.147
skycell,1',604,184,3,2,3,0.199,0.029,0.218
skycell,1',390,185,0,2,2,0.151,0.025,0.166
skycell,1',379,186,0,2,2,0.122,0.054,0.143
skycell,1',434,187,0,5,2,0.177,0.024,0.191
skycell,1',487,188,0,2,2,0.134,0.022,0.147
skycell,1',637,189,1,2,2,0.197,0.022,0.215
skycell,1',623,190,2,2,3,0.207,0.027,0.233
skycell,1',511,191,0,2,2,0.153,0.024,0.168
skycell,1',576,192,3,5,3,0.25,0.038,0.276
skycell,1',570,193,0,2,2,0.212,0.026,0.232
skycell,1',578,194,0,2,2,0.198,0.022,0.212
skycell,1',440,195,0,2,2,0.172,0.026,0.187
skycell,1',409,196,1,1,3,0.196,0.024,0.216
skycell,1',585,197,1,5,3,0.253,0.024,0.275
skycell,1',560,198,0,2,2,0.15,0.028,0.163
skycell,1',358,199,1,4,4,0.263,0.023,0.282
skycell,1',654,200,1,5,2,0.152,0.026,0.176
skycell,1',467,201,0,2,2,0.144,0.025,0.158
skycell,1',632,202,1,2,2,0.163,0.023,0.181
skycell,1',593,203,0,2,2,0.172,0.028,0.188
skycell,1',374,204,1,4,4,0.314,0.026,0.337
skycell,1',596,205,0,2,2,0.184,0.025,0.2
skycell,1',601,206,1,2,3,0.201,0.026,0.221
skycell,1',504,207,0,2,2,0.16,0.025,0.184
skycell,1',496,208,0,2,1,0.136,0.038,0.152
skycell,1',502,209,0,2,2,0.16,0.028,0.178
skycell,1',420,210,3,2,3,0.262,0.023,0.286
skycell,1',620,211,1,2,2,0.172,0.031,0.194
skycell,1',398,212,1,2,2,0.142,0.025,0.158
skycell,1',631,213,1,2,2,0.168,0.024,0.206
skycell,1',412,214,1,2,2,0.148,0.031,0.172
skycell,1',524,215,0,2,2,0.188,0.026,0.202
skycell,1',364,216,0,2,1,0.119,0.029,0.133
skycell,1',405,217,0,2,2,0.165,0.023,0.18
skycell,1',403,218,0,2,3,0.25,0.022,0.267
skycell,1',380,219,0,5,1,0.099,0.024,0.12
skycell,1',383,220,3,1,3,0.236,0.027,0.254
skycell,1',359,221,1,2,2,0.147,0.023,0.17
skycell,1',442,222,0,2,2,0.196,0.022,0.211
skycell,1',605,223,1,4,4,0.34,0.03,0.366
skycell,1',602,224,3,4,4,0.484,0.026,0.511
skycell,1',534,225,0,2,2,0.152,0.036,0.168
skycell,1',488,226,2,2,2,0.283,0.025,0.303
skycell,1',362,227,5,1,3,0.235,0.028,0.255
skycell,1',490,228,0,2,2,0.325,0.023,0.351
skycell,1',636,229,1,1,3,0.217,0.036,0.24
skycell,1',581,230,2,1,3,0.236,0.031,0.264
skycell,1',547,231,0,2,2,0.155,0.029,0.172
skycell,1',389,232,3,3,5,0.295,0.026,0.323
skycell,1',571,233,0,2,2,0.238,0.024,0.258
skycell,1',565,234,0,12,3,0.251,0.057,0.285
skycell,1',549,235,0,2,1,0.115,0.04,0.142
skycell,1',619,236,1,5,2,0.198,0.04,0.219
skycell,1',500,237,0,2,2,0.221,0.029,0.236
skycell,1',368,238,0,2,2,0.152,0.029,0.169
skycell,1',520,239,1,2,2,0.161,0.025,0.181
skycell,1',478,240,0,1,3,0.302,0.026,0.318
skycell,1',458,241,2,5,3,0.211,0.026,0.231
skycell,1',479,242,1,5,4,0.306,0.039,0.399
skycell,1',418,243,2,2,2,0.162,0.049,0.188
skycell,1',377,244,2,2,2,0.122,0.036,0.142
skycell,1',600,245,5,5,4,0.701,0.027,0.757
skycell,1',449,246,0,2,2,0.161,0.045,0.203
skycell,1',530,247,1,2,2,0.182,0.031,0.201
skycell,1',370,248,3,4,4,0.244,0.025,0.272
skycell,1',609,249,5,2,2,0.197,0.032,0.224
skycell,1',603,250,3,2,3,0.201,0.027,0.225
skycell,1',388,251,1,6,2,0.191,0.026,0.213
skycell,1',588,252,0,2,2,0.16,0.034,0.176
skycell,1',566,253,2,4,4,0.322,0.024,0.346
skycell,1',592,254,0,2,2,0.132,0.047,0.148
skycell,1',469,255,2,1,3,0.196,0.025,0.211
skycell,1',607,256,1,6,6,0.364,0.028,0.423
skycell,1',385,257,0,2,2,0.19,0.042,0.206
skycell,1',568,258,0,2,1,0.124,0.026,0.135
skycell,1',435,259,0,2,2,0.165,0.021,0.18
skycell,1',533,260,0,2,1,0.08,0.024,0.091
skycell,1',421,261,0,2,2,0.151,0.023,0.165
skycell,1',483,262,0,6,2,0.148,0.024,0.165
skycell,1',509,263,1,2,2,0.196,0.031,0.227
skycell,1',454,264,1,2,2,0.166,0.048,0.19
skycell,1',397,265,1,1,4,0.256,0.037,0.284
skycell,1',573,266,1,2,2,0.265,0.047,0.291
skycell,1',572,267,5,7,10,0.544,0.044,0.595
skycell,1',360,268,0,2,1,0.139,0.038,0.154
skycell,1',466,269,1,2,2,0.156,0.035,0.175
skycell,1',505,270,1,6,2,0.142,0.032,0.167
skycell,1',653,271,3,2,2,0.149,0.075,0.191
skycell,1',618,272,1,6,2,0.151,0.032,0.172
skycell,1',484,273,4,2,2,0.139,0.028,0.157
skycell,1',518,274,13,1,4,0.341,0.055,0.38
skycell,1',546,275,1,2,2,0.22,0.045,0.244
skycell,1',439,276,0,2,2,0.143,0.042,0.166
skycell,1',472,277,0,2,2,0.143,0.033,0.165
skycell,1',574,278,0,2,1,0.077,0.028,0.096
skycell,1',464,279,1,2,2,0.151,0.052,0.171
skycell,1',613,280,1,2,2,0.22,0.023,0.237
skycell,1',553,281,0,2,2,0.16,0.025,0.203
skycell,1',516,282,0,2,2,0.187,0.039,0.209
skycell,1',528,283,0,2,2,0.138,0.028,0.155
skycell,1',407,284,0,2,1,0.073,0.025,0.094
skycell,1',584,285,0,2,2,0.148,0.025,0.162
skycell,1',450,286,0,2,1,0.076,0.022,0.086
skycell,1',375,287,0,2,2,0.136,0.019,0.149
skycell,1',392,288,1,2,2,0.161,0.023,0.183
skycell,1',430,289,0,2,2,0.165,0.038,0.185
skycell,1',612,290,1,2,2,0.142,0.028,0.159
skycell,1',482,291,1,4,6,0.371,0.04,0.415
skycell,1',422,292,1,2,2,0.142,0.031,0.157
skycell,1',396,293,0,2,2,0.151,0.035,0.168
skycell,1',423,294,0,2,2,0.2,0.027,0.216
skycell,1',357,295,0,6,2,0.199,0.025,0.216
skycell,1',437,296,0,2,2,0.142,0.028,0.157
skycell,1',577,297,0,2,2,0.127,0.024,0.142
skycell,1',506,298,1,1,3,0.16,0.022,0.179
skycell,1',373,299,0,2,2,0.145,0.026,0.162
skycell,1',575,300,0,2,3,0.187,0.024,0.208
skycell,6',168,1,39,11,9,0.439,1.709,0.588
skycell,6',236,2,3,1,3,0.179,0.076,0.222
skycell,6',348,3,13,1,4,0.173,0.038,0.206
skycell,6',245,4,17,1,3,0.152,0.113,0.209
skycell,6',195,5,2,5,3,0.141,0.047,0.174
skycell,6',252,6,7,1,4,0.248,0.043,0.282
skycell,6',339,7,9,10,6,0.269,0.035,0.309
skycell,6',180,8,8,1,4,0.177,0.036,0.204
skycell,6',221,9,7,4,4,0.174,0.036,0.201
skycell,6',269,10,1,1,3,0.15,0.045,0.173
skycell,6',158,11,86,9,12,0.407,0.035,0.533
skycell,6',310,12,4,5,3,0.189,0.037,0.216
skycell,6',163,13,122,9,10,0.631,0.042,0.747
skycell,6',249,14,1,1,3,0.131,0.047,0.15
skycell,6',278,15,1,1,3,0.136,0.03,0.152
skycell,6',196,16,2,7,5,0.216,0.033,0.241
skycell,6',208,17,0,1,3,0.125,0.028,0.141
skycell,6',191,18,0,2,3,0.155,0.026,0.175
skycell,6',349,19,7,1,3,0.126,0.046,0.148
skycell,6',285,20,14,3,6,0.272,0.035,0.309
skycell,6',198,21,20,1,5,0.209,0.039,0.247
skycell,6',283,22,1,1,3,0.202,0.028,0.219
skycell,6',223,23,0,2,3,0.2,0.027,0.222
skycell,6',303,24,64,7,8,0.331,0.04,0.402
skycell,6',353,25,80,4,7,0.333,0.041,0.41
skycell,6',346,26,49,8,10,0.375,0.037,0.463
skycell,6',224,27,100,5,12,0.557,0.039,0.671
skycell,6',159,28,2,2,2,0.098,0.083,0.125
skycell,6',170,29,18,1,4,0.182,0.038,0.214
skycell,6',212,30,15,3,6,0.268,0.036,0.34
skycell,6',313,31,13,8,8,0.336,0.04,0.375
skycell,6',286,32,20,3,5,0.201,0.037,0.255
skycell,6',292,33,3,4,4,0.189,0.037,0.218
skycell,6',251,34,0,1,3,0.134,0.029,0.154
skycell,6',172,35,6,2,2,0.126,0.052,0.15
skycell,6',277,36,98,7,10,0.483,0.037,0.549
skycell,6',298,37,4,3,6,0.241,0.033,0.269
skycell,6',204,38,5,7,5,0.194,0.048,0.226
skycell,6',234,39,39,8,5,0.239,0.066,0.292
skycell,6',334,40,9,12,5,0.228,0.038,0.263
skycell,6',333,41,118,8,12,0.623,0.046,0.714
skycell,6',187,42,10,2,2,0.128,0.084,0.155
skycell,6',320,43,3,3,5,0.28,0.038,0.309
skycell,6',240,44,68,4,7,0.405,0.052,0.499
skycell,6',301,45,7,4,4,0.184,0.042,0.217
skycell,6',337,46,169,9,13,1.041,0.044,1.259
skycell,6',169,47,1,4,4,0.314,0.099,0.382
skycell,6',200,48,0,2,3,0.199,0.066,0.235
skycell,6',262,49,1,4,7,0.428,0.036,0.466
skycell,6',352,50,9,6,2,0.206,0.058,0.255
skycell,6',304,51,19,2,3,0.269,0.066,0.409
skycell,6',176,52,3,1,3,0.237,0.065,0.288
skycell,6',246,53,9,2,4,0.292,0.065,0.343
skycell,6',270,54,2,1,3,0.257,0.057,0.299
skycell,6',343,55,11,2,2,0.174,0.063,0.223
skycell,6',215,56,14,10,8,0.593,0.07,0.668
skycell,6',247,57,9,1,5,0.416,0.07,0.483
skycell,6',341,58,4,2,2,0.189,0.078,0.234
skycell,6',316,59,1,2,2,0.168,0.058,0.202
skycell,6',340,60,8,8,8,0.502,0.075,0.579
skycell,6',318,61,1,12,4,0.276,0.058,0.331
skycell,6',216,62,0,6,2,0.346,0.042,0.375
skycell,6',284,63,16,5,4,0.255,0.051,0.291
skycell,6',273,64,1,2,2,0.287,0.032,0.306
skycell,6',288,65,14,2,3,0.193,0.037,0.229
skycell,6',295,66,3,4,4,0.239,0.03,0.265
skycell,6',305,67,43,3,6,0.311,0.031,0.364
skycell,6',182,68,1,4,4,0.206,0.027,0.229
skycell,6',258,69,45,8,5,0.276,0.039,0.322
skycell,6',237,70,0,2,2,0.111,0.039,0.13
skycell,6',293,71,6,1,3,0.153,0.033,0.176
skycell,6',239,72,92,9,9,0.607,0.038,0.684
skycell,6',322,73,5,2,3,0.174,0.034,0.202
skycell,6',302,74,8,1,4,0.232,0.029,0.277
skycell,6',235,75,17,7,5,0.352,0.038,0.384
skycell,6',229,76,4,5,3,0.302,0.026,0.326
skycell,6',342,77,58,11,8,0.367,0.036,0.423
skycell,6',167,78,8,3,5,0.459,0.038,0.492
skycell,6',192,79,18,3,5,0.303,0.037,0.333
skycell,6',317,80,9,1,3,0.229,0.026,0.248
skycell,6',248,81,25,2,3,0.252,0.029,0.289
skycell,6',275,82,0,2,2,0.134,0.028,0.153
skycell,6',217,83,7,7,5,0.306,0.033,0.335
skycell,6',336,84,18,10,6,0.396,0.029,0.454
skycell,6',294,85,0,1,4,0.228,0.032,0.247
skycell,6',207,86,1,2,3,0.174,0.025,0.193
skycell,6',282,87,1,2,3,0.258,0.028,0.304
skycell,6',157,88,3,1,3,0.165,0.062,0.215
skycell,6',356,89,3,2,2,0.12,0.041,0.148
skycell,6',250,90,8,2,2,0.085,0.038,0.109
skycell,6',184,91,0,2,2,0.098,0.031,0.119
skycell,6',331,92,10,5,3,0.121,0.053,0.149
skycell,6',230,93,11,1,4,0.161,0.027,0.187
skycell,6',210,94,65,4,6,0.237,0.034,0.305
skycell,6',329,95,35,3,7,0.268,0.037,0.322
skycell,6',227,96,1,2,2,0.1,0.033,0.12
skycell,6',228,97,6,4,5,0.193,0.04,0.224
skycell,6',201,98,7,2,2,0.1,0.029,0.121
skycell,6',314,99,5,2,2,0.082,0.031,0.103
skycell,6',272,100,4,3,5,0.258,0.023,0.294
skycell,6',166,101,17,10,8,0.289,0.037,0.334
skycell,6',206,102,1,2,2,0.113,0.031,0.152
skycell,6',271,103,17,4,6,0.266,0.032,0.304
skycell,6',338,104,96,8,13,0.504,0.032,0.585
skycell,6',175,105,0,5,3,0.158,0.034,0.18
skycell,6',162,106,7,1,4,0.224,0.029,0.26
skycell,6',355,107,8,5,3,0.132,0.032,0.158
skycell,6',289,108,0,4,4,0.177,0.025,0.196
skycell,6',199,109,21,11,6,0.272,0.027,0.318
skycell,6',202,110,24,7,7,0.315,0.031,0.357
skycell,6',197,111,17,4,5,0.266,0.034,0.301
skycell,6',325,112,23,2,3,0.135,0.035,0.163
skycell,6',263,113,13,3,8,0.378,0.027,0.422
skycell,6',319,114,0,2,2,0.122,0.044,0.143
skycell,6',354,115,7,12,4,0.193,0.035,0.224
skycell,6',307,116,1,2,2,0.118,0.041,0.149
skycell,6',268,117,117,11,8,0.299,0.047,0.397
skycell,6',179,118,3,1,4,0.213,0.204,0.262
skycell,6',178,119,14,4,7,0.263,0.044,0.314
skycell,6',287,120,6,5,4,0.229,0.045,0.273
skycell,6',244,121,0,2,2,0.097,0.038,0.118
skycell,6',280,122,61,7,7,2.317,0.038,2.41
skycell,6',300,123,3,2,2,0.096,0.05,0.127
skycell,6',312,124,13,4,4,0.236,0.038,0.272
skycell,6',177,125,1,5,3,0.158,0.036,0.189
skycell,6',165,126,1,6,2,0.095,0.037,0.115
skycell,6',213,127,0,4,4,0.297,0.031,0.323
skycell,6',186,128,7,2,3,0.146,0.03,0.172
skycell,6',231,129,50,9,5,0.253,0.04,0.299
skycell,6',291,130,12,4,5,0.249,0.034,0.291
skycell,6',226,131,8,8,4,0.213,0.037,0.242
skycell,6',188,132,0,2,3,0.138,0.029,0.158
skycell,6',350,133,6,4,5,0.198,0.025,0.228
skycell,6',311,134,0,4,3,0.155,0.027,0.18
skycell,6',297,135,1,2,3,0.14,0.026,0.162
skycell,6',189,136,2,2,3,0.149,0.024,0.166
skycell,6',171,137,0,2,2,0.138,0.024,0.158
skycell,6',260,138,3,5,4,0.217,0.043,0.27
skycell,6',194,139,2,2,2,0.1,0.031,0.118
skycell,6',326,140,82,5,5,0.332,0.033,0.551
skycell,6',308,141,12,4,5,0.339,0.052,0.387
skycell,6',238,142,25,11,8,0.29,0.048,0.367
skycell,6',315,143,26,9,5,0.192,0.041,0.246
skycell,6',261,144,4,9,9,0.285,0.039,0.342
skycell,6',209,145,17,2,3,0.135,0.036,0.162
skycell,6',306,146,22,4,7,0.383,0.047,0.457
skycell,6',344,147,10,13,5,0.359,0.058,0.406
skycell,6',160,148,24,2,3,0.131,0.044,0.167
skycell,6',327,149,25,12,7,0.311,0.037,0.369
skycell,6',323,150,21,5,5,0.274,0.049,0.317
skycell,6',222,151,1,5,3,0.183,0.08,0.225
skycell,6',161,152,0,5,3,0.139,0.037,0.162
skycell,6',193,153,5,2,2,0.095,0.031,0.122
skycell,6',232,154,1,2,2,0.091,0.031,0.11
skycell,6',174,155,0,3,2,0.086,0.025,0.103
skycell,6',332,156,107,6,7,0.291,0.037,0.402
skycell,6',219,157,0,2,2,0.101,0.036,0.123
skycell,6',253,158,3,4,4,0.184,0.032,0.217
skycell,6',254,159,2,2,2,0.056,0.028,0.072
skycell,6',347,160,2,2,3,0.142,0.029,0.17
skycell,6',214,161,70,8,10,0.349,0.043,0.426
skycell,6',321,162,1,2,2,0.081,0.033,0.099
skycell,6',243,163,0,2,4,0.156,0.025,0.185
skycell,6',328,164,1,2,2,0.097,0.027,0.116
skycell,6',183,165,1,2,2,0.103,0.023,0.12
skycell,6',259,166,19,1,3,0.125,0.031,0.157
skycell,6',190,167,3,2,2,0.116,0.044,0.143
skycell,6',225,168,1,2,2,0.121,0.06,0.145
skycell,6',296,169,11,2,2,0.165,0.038,0.188
skycell,6',279,170,3,2,3,0.171,0.031,0.202
skycell,6',264,171,25,6,9,0.356,0.066,0.407
skycell,6',345,172,17,2,4,0.168,0.036,0.229
skycell,6',274,173,27,8,5,0.199,0.037,0.26
skycell,6',257,174,9,6,3,0.131,0.034,0.158
skycell,6',276,175,2,2,2,0.091,0.029,0.109
skycell,6',233,176,9,2,3,0.147,0.037,0.178
skycell,6',203,177,0,2,2,0.078,0.027,0.094
skycell,6',281,178,11,8,8,0.36,0.028,0.399
skycell,6',242,179,3,4,4,0.161,0.034,0.188
skycell,6',265,180,37,5,8,0.385,0.044,0.43
skycell,6',218,181,48,6,7,0.282,0.037,0.347
skycell,6',205,182,48,8,9,0.44,0.041,0.5
skycell,6',211,183,9,5,3,0.194,0.037,0.224
skycell,6',220,184,4,8,5,0.247,0.03,0.299
skycell,6',267,185,9,2,2,0.156,0.033,0.181
skycell,6',309,186,47,10,6,0.306,0.06,0.359
skycell,6',185,187,9,4,6,0.179,0.04,0.214
skycell,6',299,188,3,2,2,0.082,0.028,0.1
skycell,6',351,189,5,5,3,0.229,0.023,0.25
skycell,6',324,190,46,6,9,0.281,0.029,0.352
skycell,6',241,191,2,2,2,0.098,0.03,0.129
skycell,6',256,192,7,2,2,0.087,0.033,0.107
skycell,6',266,193,4,9,3,0.118,0.027,0.148
skycell,6',173,194,150,18,13,0.498,0.054,0.627
skycell,6',290,195,22,4,4,0.184,0.056,0.233
skycell,6',335,196,2,2,2,0.156,0.045,0.18
skycell,6',164,197,5,4,4,0.181,0.03,0.206
skycell,6',181,198,23,10,6,0.298,0.039,0.343
skycell,6',255,199,93,10,9,0.261,0.043,0.321
skycell,6',330,200,3,2,2,0.137,0.039,0.169
pgsphere,6',168,1,39,27,12,0.768,7.136,1.207
pgsphere,6',236,2,3,1,6,0.429,0.055,0.551
pgsphere,6',348,3,13,2,5,0.498,0.039,0.569
pgsphere,6',245,4,17,2,6,0.574,0.04,0.642
pgsphere,6',195,5,2,2,5,0.719,0.039,0.779
pgsphere,6',252,6,7,2,5,0.403,0.041,0.454
pgsphere,6',339,7,9,6,11,0.707,0.036,0.797
pgsphere,6',180,8,8,3,4,0.245,0.045,0.289
pgsphere,6',221,9,7,2,3,0.336,0.03,0.37
pgsphere,6',269,10,1,3,4,0.25,0.031,0.287
pgsphere,6',158,11,86,9,13,0.683,0.058,0.799
pgsphere,6',310,12,4,3,7,0.392,0.036,0.444
pgsphere,6',163,13,122,13,15,0.807,0.028,0.914
pgsphere,6',249,14,1,3,4,0.26,0.032,0.298
pgsphere,6',278,15,1,2,3,0.162,0.026,0.196
pgsphere,6',196,16,2,2,4,0.231,0.023,0.263
pgsphere,6',208,17,0,3,1,0.097,0.021,0.119
pgsphere,6',191,18,0,3,3,0.179,0.019,0.208
pgsphere,6',349,19,7,3,5,0.357,0.021,0.396
pgsphere,6',285,20,14,3,8,0.448,0.023,0.501
pgsphere,6',198,21,20,2,3,0.181,0.094,0.214
pgsphere,6',283,22,1,2,4,0.252,0.029,0.286
pgsphere,6',223,23,0,2,3,0.222,0.03,0.252
pgsphere,6',303,24,64,7,11,0.588,0.025,0.69
pgsphere,6',353,25,80,5,11,0.545,0.026,0.624
pgsphere,6',346,26,49,4,11,0.573,0.055,0.638
pgsphere,6',224,27,100,8,12,0.664,0.029,0.753
pgsphere,6',159,28,2,3,3,0.209,0.03,0.241
pgsphere,6',170,29,18,2,4,0.239,0.026,0.275
pgsphere,6',212,30,15,2,5,0.383,0.029,0.42
pgsphere,6',313,31,13,5,9,0.581,0.025,0.635
pgsphere,6',286,32,20,4,9,0.49,0.033,0.557
pgsphere,6',292,33,3,3,3,0.177,0.032,0.217
pgsphere,6',251,34,0,3,1,0.07,0.026,0.104
pgsphere,6',172,35,6,4,5,0.396,0.02,0.441
pgsphere,6',277,36,98,11,14,0.77,0.024,0.863
pgsphere,6',298,37,4,2,5,0.282,0.028,0.326
pgsphere,6',204,38,5,3,8,0.444,0.023,0.5
pgsphere,6',234,39,39,7,9,0.632,0.028,0.701
pgsphere,6',334,40,9,3,5,0.246,0.027,0.282
pgsphere,6',333,41,118,8,13,0.679,0.032,0.778
pgsphere,6',187,42,10,2,3,0.198,0.033,0.232
pgsphere,6',320,43,3,2,5,0.326,0.026,0.366
pgsphere,6',240,44,68,6,8,0.484,0.028,0.551
pgsphere,6',301,45,7,4,6,0.367,0.029,0.442
pgsphere,6',337,46,169,13,19,1.088,0.03,1.242
pgsphere,6',169,47,1,3,6,0.345,0.033,0.406
pgsphere,6',200,48,0,3,1,0.136,0.028,0.16
pgsphere,6',262,49,1,2,5,0.365,0.021,0.403
pgsphere,6',352,50,9,3,4,0.267,0.023,0.303
pgsphere,6',304,51,19,3,6,0.503,0.024,0.57
pgsphere,6',176,52,3,3,7,0.553,0.031,0.605
pgsphere,6',246,53,9,3,4,0.32,0.033,0.366
pgsphere,6',270,54,2,2,6,0.498,0.028,0.54
pgsphere,6',343,55,11,4,7,0.524,0.029,0.579
pgsphere,6',215,56,14,3,8,0.436,0.028,0.486
pgsphere,6',247,57,9,2,4,0.267,0.026,0.332
pgsphere,6',341,58,4,5,3,0.212,0.032,0.253
pgsphere,6',316,59,1,3,3,0.443,0.022,0.486
pgsphere,6',340,60,8,2,6,0.561,0.041,0.625
pgsphere,6',318,61,1,2,3,0.348,0.065,0.405
pgsphere,6',216,62,0,3,2,0.23,0.057,0.28
pgsphere,6',284,63,16,3,6,0.581,0.043,0.655
pgsphere,6',273,64,1,4,3,0.269,0.045,0.319
pgsphere,6',288,65,14,7,8,0.623,0.04,0.739
pgsphere,6',295,66,3,2,4,0.309,0.042,0.357
pgsphere,6',305,67,43,5,9,0.578,0.04,0.679
pgsphere,6',182,68,1,4,2,0.259,0.04,0.303
pgsphere,6',258,69,45,4,9,0.555,0.041,0.64
pgsphere,6',237,70,0,4,1,0.12,0.043,0.154
pgsphere,6',293,71,6,3,4,0.423,0.036,0.478
pgsphere,6',239,72,92,9,13,1.062,0.041,1.203
pgsphere,6',322,73,5,2,3,0.366,0.053,0.411
pgsphere,6',302,74,8,5,8,0.598,0.047,0.672
pgsphere,6',235,75,17,4,5,0.323,0.044,0.387
pgsphere,6',229,76,4,2,5,0.373,0.04,0.425
pgsphere,6',342,77,58,6,11,0.535,0.041,0.628
pgsphere,6',167,78,8,4,8,0.581,0.042,0.652
pgsphere,6',192,79,18,3,6,0.482,0.044,0.543
pgsphere,6',317,80,9,2,4,0.296,0.041,0.34
pgsphere,6',248,81,25,6,6,0.394,0.068,0.466
pgsphere,6',275,82,0,2,4,0.379,0.041,0.426
pgsphere,6',217,83,7,3,4,0.301,0.043,0.35
pgsphere,6',336,84,18,6,10,0.58,0.041,0.68
pgsphere,6',294,85,0,2,2,0.234,0.08,0.269
pgsphere,6',207,86,1,2,5,0.393,0.043,0.448
pgsphere,6',282,87,1,2,4,0.322,0.04,0.373
pgsphere,6',157,88,3,2,6,0.446,0.037,0.508
pgsphere,6',356,89,3,2,3,0.277,0.04,0.321
pgsphere,6',250,90,8,2,6,0.433,0.043,0.505
pgsphere,6',184,91,0,2,3,0.237,0.076,0.282
pgsphere,6',331,92,10,3,3,0.25,0.041,0.297
pgsphere,6',230,93,11,2,6,0.46,0.037,0.529
pgsphere,6',210,94,65,6,9,0.57,0.038,0.664
pgsphere,6',329,95,35,3,6,0.464,0.041,0.53
pgsphere,6',227,96,1,3,4,0.293,0.04,0.364
pgsphere,6',228,97,6,4,6,0.501,0.042,0.567
pgsphere,6',201,98,7,4,4,0.318,0.048,0.38
pgsphere,6',314,99,5,3,8,0.508,0.037,0.581
pgsphere,6',272,100,4,2,4,0.324,0.041,0.371
pgsphere,6',166,101,17,4,6,0.389,0.041,0.446
pgsphere,6',206,102,1,3,3,0.284,0.038,0.331
pgsphere,6',271,103,17,7,10,0.688,0.037,0.778
pgsphere,6',338,104,96,7,11,0.626,0.041,0.735
pgsphere,6',175,105,0,4,2,0.295,0.042,0.335
pgsphere,6',162,106,7,2,5,0.331,0.045,0.391
pgsphere,6',355,107,8,4,7,0.494,0.038,0.56
pgsphere,6',289,108,0,5,4,0.368,0.041,0.449
pgsphere,6',199,109,21,4,7,0.576,0.041,0.641
pgsphere,6',202,110,24,3,7,0.474,0.041,0.54
pgsphere,6',197,111,17,7,5,0.347,0.071,0.425
pgsphere,6',325,112,23,2,7,0.547,0.039,0.612
pgsphere,6',263,113,13,7,9,0.685,0.041,0.777
pgsphere,6',319,114,0,3,2,0.264,0.041,0.299
pgsphere,6',354,115,7,6,5,0.424,0.037,0.495
pgsphere,6',307,116,1,3,3,0.245,0.104,0.301
pgsphere,6',268,117,117,10,14,0.785,0.041,0.912
pgsphere,6',179,118,3,2,4,0.301,0.04,0.35
pgsphere,6',178,119,14,3,6,0.426,0.041,0.48
pgsphere,6',287,120,6,5,5,0.346,0.042,0.402
pgsphere,6',244,121,0,3,4,0.336,0.038,0.384
pgsphere,6',280,122,61,6,10,0.522,0.04,0.609
pgsphere,6',300,123,3,4,2,0.265,0.041,0.304
pgsphere,6',312,124,13,9,8,0.513,0.037,0.606
pgsphere,6',177,125,1,4,2,0.202,0.042,0.241
pgsphere,6',165,126,1,2,4,0.28,0.039,0.328
pgsphere,6',213,127,0,3,4,0.551,0.063,0.609
pgsphere,6',186,128,7,3,3,0.307,0.065,0.367
pgsphere,6',231,129,50,5,8,0.561,0.056,0.666
pgsphere,6',291,130,12,7,6,0.426,0.042,0.506
pgsphere,6',226,131,8,8,5,0.335,0.049,0.408
pgsphere,6',188,132,0,3,1,0.118,0.039,0.148
pgsphere,6',350,133,6,4,6,0.467,0.04,0.536
pgsphere,6',311,134,0,3,2,0.184,0.07,0.227
pgsphere,6',297,135,1,3,3,0.224,0.044,0.266
pgsphere,6',189,136,2,2,3,0.236,0.04,0.306
pgsphere,6',171,137,0,5,3,0.238,0.04,0.29
pgsphere,6',260,138,3,5,4,0.286,0.043,0.344
pgsphere,6',194,139,2,3,2,0.189,0.038,0.258
pgsphere,6',326,140,82,6,9,0.55,0.037,0.645
pgsphere,6',308,141,12,4,4,0.286,0.044,0.337
pgsphere,6',238,142,25,2,6,0.39,0.038,0.445
pgsphere,6',315,143,26,3,4,0.334,0.04,0.394
pgsphere,6',261,144,4,2,4,0.295,0.079,0.34
pgsphere,6',209,145,17,3,6,0.458,0.037,0.542
pgsphere,6',306,146,22,4,7,0.51,0.045,0.589
pgsphere,6',344,147,10,9,7,0.459,0.043,0.544
pgsphere,6',160,148,24,2,7,0.415,0.043,0.489
pgsphere,6',327,149,25,5,6,0.489,0.041,0.556
pgsphere,6',323,150,21,5,5,0.395,0.04,0.489
pgsphere,6',222,151,1,3,3,0.248,0.044,0.29
pgsphere,6',161,152,0,4,2,0.252,0.039,0.296
pgsphere,6',193,153,5,4,4,0.288,0.052,0.342
pgsphere,6',232,154,1,5,2,0.174,0.039,0.221
pgsphere,6',174,155,0,3,1,0.187,0.037,0.218
pgsphere,6',332,156,107,9,16,0.94,0.064,1.089
pgsphere,6',219,157,0,2,3,0.227,0.045,0.267
pgsphere,6',253,158,3,2,5,0.35,0.037,0.4
pgsphere,6',254,159,2,3,4,0.399,0.04,0.45
pgsphere,6',347,160,2,3,3,0.247,0.036,0.289
pgsphere,6',214,161,70,5,10,0.628,0.038,0.72
pgsphere,6',321,162,1,2,3,0.341,0.04,0.388
pgsphere,6',243,163,0,4,1,0.127,0.04,0.159
pgsphere,6',328,164,1,3,3,0.32,0.033,0.366
pgsphere,6',183,165,1,4,3,0.238,0.038,0.284
pgsphere,6',259,166,19,3,8,0.539,0.036,0.619
pgsphere,6',190,167,3,4,2,0.276,0.04,0.321
pgsphere,6',225,168,1,3,2,0.229,0.039,0.277
pgsphere,6',296,169,11,2,3,0.326,0.039,0.375
pgsphere,6',279,170,3,2,3,0.26,0.038,0.302
pgsphere,6',264,171,25,4,7,0.444,0.036,0.516
pgsphere,6',345,172,17,2,7,0.503,0.04,0.568
pgsphere,6',274,173,27,3,7,0.486,0.04,0.551
pgsphere,6',257,174,9,2,3,0.273,0.039,0.314
pgsphere,6',276,175,2,3,4,0.35,0.038,0.402
pgsphere,6',233,176,9,3,4,0.258,0.041,0.311
pgsphere,6',203,177,0,5,3,0.232,0.039,0.284
pgsphere,6',281,178,11,3,9,0.572,0.038,0.648
pgsphere,6',242,179,3,4,4,0.298,0.043,0.349
pgsphere,6',265,180,37,2,9,0.564,0.039,0.642
pgsphere,6',218,181,48,10,10,0.593,0.045,0.686
pgsphere,6',205,182,48,7,9,0.548,0.048,0.636
pgsphere,6',211,183,9,3,5,0.409,0.042,0.505
pgsphere,6',220,184,4,4,3,0.264,0.04,0.306
pgsphere,6',267,185,9,10,6,0.403,0.037,0.485
pgsphere,6',309,186,47,6,9,0.548,0.05,0.631
pgsphere,6',185,187,9,5,7,0.472,0.042,0.543
pgsphere,6',299,188,3,5,3,0.309,0.042,0.361
pgsphere,6',351,189,5,5,3,0.296,0.04,0.344
pgsphere,6',324,190,46,7,10,0.648,0.038,0.737
pgsphere,6',241,191,2,4,2,0.2,0.08,0.272
pgsphere,6',256,192,7,4,2,0.191,0.05,0.233
pgsphere,6',266,193,4,2,5,0.316,0.038,0.365
pgsphere,6',173,194,150,10,15,0.789,0.041,0.934
pgsphere,6',290,195,22,2,5,0.378,0.043,0.448
pgsphere,6',335,196,2,4,4,0.313,0.048,0.369
pgsphere,6',164,197,5,3,5,0.344,0.041,0.407
pgsphere,6',181,198,23,4,8,0.492,0.04,0.563
pgsphere,6',255,199,93,11,12,0.924,0.041,1.032
pgsphere,6',330,200,3,3,3,0.246,0.045,0.291
pgsphere,30',138,1,644,69,39,1.371,6.121,1.874
pgsphere,30',134,2,49,6,12,0.557,0.049,0.666
pgsphere,30',63,3,39,3,6,0.225,0.033,0.275
pgsphere,30',126,4,18,6,8,0.338,0.026,0.393
pgsphere,30',60,5,27,6,9,0.312,0.026,0.36
pgsphere,30',119,6,27,5,9,0.33,0.054,0.388
pgsphere,30',59,7,1682,98,86,3.628,0.023,4.39
pgsphere,30',144,8,68,5,8,0.616,0.053,0.688
pgsphere,30',141,9,2561,141,94,4.076,0.038,5.01
pgsphere,30',140,10,522,37,33,1.625,0.043,1.895
pgsphere,30',69,11,189,19,19,0.968,0.04,1.117
pgsphere,30',131,12,22,2,4,0.237,0.055,0.276
pgsphere,30',156,13,1615,98,72,3.277,0.028,3.963
pgsphere,30',154,14,842,47,46,2.094,0.042,2.438
pgsphere,30',123,15,36,6,9,0.481,0.043,0.552
pgsphere,30',96,16,917,58,50,1.938,0.037,2.341
pgsphere,30',109,17,809,61,49,2.05,0.04,2.418
pgsphere,30',77,18,978,61,49,3.06,0.041,3.849
pgsphere,30',88,19,224,16,19,1.325,0.073,1.598
pgsphere,30',155,20,89,8,13,1.186,0.058,1.368
pgsphere,30',145,21,727,57,46,2.537,0.057,3.253
pgsphere,30',115,22,140,11,14,1.119,0.058,1.315
pgsphere,30',66,23,16,3,6,0.468,0.069,0.549
pgsphere,30',72,24,23,4,6,0.464,0.052,0.554
pgsphere,30',78,25,19,6,7,0.551,0.052,0.65
pgsphere,30',152,26,123,7,10,0.678,0.053,0.876
pgsphere,30',101,27,79,6,10,0.744,0.051,0.886
pgsphere,30',137,28,70,11,8,0.613,0.051,0.739
pgsphere,30',125,29,514,34,33,2.186,0.052,2.659
pgsphere,30',85,30,115,11,15,0.972,0.056,1.167
pgsphere,30',136,31,40,3,7,0.507,0.052,0.647
pgsphere,30',81,32,158,12,14,0.803,0.052,1
pgsphere,30',62,33,82,7,8,0.62,0.055,0.744
pgsphere,30',148,34,436,25,31,1.774,0.054,2.195
pgsphere,30',121,35,113,6,17,1.095,0.055,1.295
pgsphere,30',91,36,380,30,30,2.001,0.094,2.41
pgsphere,30',118,37,167,10,16,1.146,0.056,1.351
pgsphere,30',110,38,13,5,8,0.54,0.053,0.675
pgsphere,30',114,39,19,3,5,0.36,0.052,0.438
pgsphere,30',105,40,1296,66,56,3.181,0.053,4.159
pgsphere,30',132,41,169,11,19,1.054,0.054,1.264
pgsphere,30',58,42,115,7,9,0.647,0.053,0.788
pgsphere,30',84,43,224,15,18,1.078,0.055,1.327
pgsphere,30',103,44,1494,75,69,4.33,0.055,5.418
pgsphere,30',111,45,48,3,11,0.849,0.141,0.977
pgsphere,30',57,46,153,15,16,1.108,0.054,1.36
pgsphere,30',113,47,118,9,11,1.006,0.055,1.174
pgsphere,30',67,48,11,4,8,0.631,0.066,0.73
pgsphere,30',89,49,16,3,7,0.545,0.053,0.639
pgsphere,30',128,50,442,34,25,1.562,0.051,1.951
pgsphere,30',70,51,17,2,6,0.412,0.056,0.523
pgsphere,30',150,52,161,14,18,1.427,0.05,1.702
pgsphere,30',135,53,32,4,5,0.465,0.052,0.56
pgsphere,30',61,54,47,7,9,0.626,0.052,0.756
pgsphere,30',112,55,31,8,7,0.639,0.052,0.757
pgsphere,30',95,56,716,46,44,3.121,0.052,3.83
pgsphere,30',90,57,98,9,10,0.673,0.059,0.868
pgsphere,30',147,58,136,18,17,1.162,0.054,1.434
pgsphere,30',143,59,749,43,31,1.634,0.054,2.263
pgsphere,30',92,60,103,11,14,0.944,0.058,1.129
pgsphere,30',86,61,198,18,20,1.151,0.053,1.448
pgsphere,30',82,62,2867,166,107,5.882,0.058,7.964
pgsphere,30',93,63,12,2,4,0.288,0.059,0.363
pgsphere,30',130,64,375,22,24,1.202,0.056,1.548
pgsphere,30',133,65,179,15,19,1.227,0.056,1.468
pgsphere,30',122,66,219,13,18,1.009,0.091,1.275
pgsphere,30',108,67,533,39,40,2.441,0.055,3.04
pgsphere,30',68,68,21,3,3,0.255,0.052,0.302
pgsphere,30',146,69,49,8,8,0.49,0.034,0.566
pgsphere,30',142,70,496,29,28,1.186,0.043,1.472
pgsphere,30',151,71,511,33,35,1.614,0.041,1.882
pgsphere,30',107,72,17,5,9,0.607,0.041,0.669
pgsphere,30',99,73,207,20,21,1.089,0.037,1.254
pgsphere,30',74,74,121,7,15,0.798,0.035,0.909
pgsphere,30',153,75,166,17,18,1.677,0.05,1.851
pgsphere,30',116,76,43,9,9,0.618,0.05,0.719
pgsphere,30',87,77,18,5,7,0.416,0.039,0.487
pgsphere,30',124,78,14,3,4,0.303,0.033,0.347
pgsphere,30',104,79,43,4,7,0.458,0.036,0.522
pgsphere,30',75,80,17,6,6,0.349,0.034,0.405
pgsphere,30',129,81,255,16,21,1.622,0.035,1.815
pgsphere,30',79,82,1805,78,70,2.961,0.05,3.675
pgsphere,30',73,83,23,5,4,0.373,0.047,0.427
pgsphere,30',120,84,4326,279,167,11.769,0.043,13.665
pgsphere,30',139,85,222,22,25,2.688,0.057,2.912
pgsphere,30',71,86,1233,71,61,2.552,0.048,3.138
pgsphere,30',97,87,2247,126,103,4.692,0.05,5.725
pgsphere,30',64,88,135,13,16,0.964,0.05,1.097
pgsphere,30',117,89,25,7,10,0.644,0.044,0.717
pgsphere,30',127,90,25,4,4,0.283,0.037,0.333
pgsphere,30',102,91,2886,153,116,5.48,0.034,6.703
pgsphere,30',98,92,88,9,12,0.506,0.049,0.59
pgsphere,30',80,93,18,6,7,0.439,0.042,0.503
pgsphere,30',106,94,2148,120,99,3.869,0.043,4.941
pgsphere,30',149,95,159,23,23,0.989,0.057,1.155
pgsphere,30',94,96,21,4,5,0.207,0.043,0.27
pgsphere,30',100,97,3256,191,129,4.13,0.042,5.407
pgsphere,30',76,98,11,3,4,0.238,0.047,0.286
pgsphere,30',65,99,71,5,10,0.476,0.057,0.555
pgsphere,30',83,100,29,2,6,1.219,0.038,1.319
skycell,30',138,1,644,25,25,0.967,2.477,1.276
skycell,30',134,2,49,7,10,0.632,0.083,0.718
skycell,30',63,3,39,5,5,0.333,0.053,0.383
skycell,30',126,4,18,10,7,0.538,0.039,0.593
skycell,30',60,5,27,11,6,0.489,0.069,0.551
skycell,30',119,6,27,4,5,0.343,0.051,0.387
skycell,30',59,7,1682,29,47,1.424,0.09,1.884
skycell,30',144,8,68,12,9,0.608,0.079,0.698
skycell,30',141,9,2561,31,60,1.398,0.094,2.019
skycell,30',140,10,522,15,23,0.881,0.092,1.078
skycell,30',69,11,189,6,11,0.631,0.072,0.743
skycell,30',131,12,22,7,6,0.428,0.067,0.479
skycell,30',156,13,1615,26,49,1.722,0.079,2.275
skycell,30',154,14,842,25,30,1.275,0.106,1.585
skycell,30',123,15,36,6,9,0.631,0.076,0.736
skycell,30',96,16,917,20,30,0.905,0.091,1.192
skycell,30',109,17,809,30,33,1.739,0.089,2.066
skycell,30',77,18,978,37,30,1.531,0.106,1.851
skycell,30',88,19,224,6,13,0.847,0.087,0.996
skycell,30',155,20,89,6,8,0.588,0.078,0.666
skycell,30',145,21,727,27,30,1.995,0.087,2.281
skycell,30',115,22,140,7,9,0.624,0.074,0.715
skycell,30',66,23,16,5,4,0.321,0.052,0.367
skycell,30',72,24,23,4,5,0.368,0.04,0.413
skycell,30',78,25,19,5,5,0.425,0.04,0.468
skycell,30',152,26,123,11,9,0.493,0.054,0.582
skycell,30',101,27,79,10,8,0.562,0.045,0.624
skycell,30',137,28,70,14,10,0.746,0.053,0.816
skycell,30',125,29,514,12,21,1.046,0.08,1.235
skycell,30',85,30,115,8,12,0.921,0.057,1.025
skycell,30',136,31,40,4,5,0.453,0.049,0.543
skycell,30',81,32,158,13,11,0.428,0.052,0.525
skycell,30',62,33,82,7,7,0.486,0.05,0.557
skycell,30',148,34,436,28,20,0.692,0.071,0.854
skycell,30',121,35,113,14,12,0.641,0.055,0.729
skycell,30',91,36,380,23,19,0.979,0.075,1.141
skycell,30',118,37,167,11,11,0.681,0.06,0.772
skycell,30',110,38,13,2,2,0.194,0.041,0.221
skycell,30',114,39,19,4,5,0.357,0.042,0.394
skycell,30',105,40,1296,24,34,1.332,0.084,1.777
skycell,30',132,41,169,12,11,0.857,0.071,0.969
skycell,30',58,42,115,7,10,0.61,0.071,0.698
skycell,30',84,43,224,11,16,0.717,0.063,0.847
skycell,30',103,44,1494,32,48,2.321,0.078,3.869
skycell,30',111,45,48,8,9,0.792,0.089,0.889
skycell,30',57,46,153,5,8,0.462,0.066,0.567
skycell,30',113,47,118,11,12,0.694,0.055,0.789
skycell,30',67,48,11,5,7,0.52,0.049,0.579
skycell,30',89,49,16,4,6,0.419,0.052,0.465
skycell,30',128,50,442,14,15,0.454,0.134,0.609
skycell,30',70,51,17,7,7,0.542,0.043,0.607
skycell,30',150,52,161,11,14,0.798,0.063,0.901
skycell,30',135,53,32,5,6,0.398,0.054,0.45
skycell,30',61,54,47,14,6,0.358,0.052,0.409
skycell,30',112,55,31,10,7,0.402,0.045,0.458
skycell,30',95,56,716,23,24,0.915,0.078,1.163
skycell,30',90,57,98,8,7,0.369,0.054,0.43
skycell,30',147,58,136,14,13,0.719,0.087,0.799
skycell,30',143,59,749,20,21,0.681,0.089,0.905
skycell,30',92,60,103,8,11,0.522,0.054,0.594
skycell,30',86,61,198,14,12,0.583,0.07,0.684
skycell,30',82,62,2867,44,61,2.995,0.094,3.717
skycell,30',93,63,12,1,4,0.26,0.119,0.303
skycell,30',130,64,375,13,19,1.039,0.06,1.222
skycell,30',133,65,179,12,15,0.942,0.083,1.099
skycell,30',122,66,219,8,13,0.782,0.071,0.893
skycell,30',108,67,533,22,22,1.088,0.079,1.282
skycell,30',68,68,21,3,6,0.409,0.062,0.457
skycell,30',146,69,49,5,6,0.373,0.06,0.432
skycell,30',142,70,496,25,19,0.766,0.075,0.943
skycell,30',151,71,511,15,18,0.807,0.166,0.989
skycell,30',107,72,17,6,7,0.353,0.06,0.404
skycell,30',99,73,207,20,13,0.676,0.053,0.807
skycell,30',74,74,121,18,14,0.944,0.098,1.051
skycell,30',153,75,166,7,15,0.812,0.066,0.934
skycell,30',116,76,43,2,4,0.297,0.062,0.351
skycell,30',87,77,18,9,3,0.272,0.051,0.32
skycell,30',124,78,14,4,5,0.448,0.039,0.488
skycell,30',104,79,43,4,5,0.461,0.054,0.506
skycell,30',75,80,17,4,5,0.394,0.037,0.434
skycell,30',129,81,255,15,15,1.078,0.056,1.207
skycell,30',79,82,1805,21,47,1.384,0.082,1.833
skycell,30',73,83,23,1,3,0.28,0.074,0.314
skycell,30',120,84,4326,47,98,2.328,0.078,3.297
skycell,30',139,85,222,14,15,0.488,0.08,0.618
skycell,30',71,86,1233,20,34,0.992,0.09,1.284
skycell,30',97,87,2247,22,53,1.236,0.077,1.78
skycell,30',64,88,135,12,11,0.514,0.06,0.623
skycell,30',117,89,25,6,8,0.465,0.058,0.519
skycell,30',127,90,25,8,5,0.301,0.053,0.347
skycell,30',102,91,2886,30,68,1.948,0.093,2.674
skycell,30',98,92,88,9,8,0.47,0.08,0.552
skycell,30',80,93,18,9,4,0.268,0.057,0.308
skycell,30',106,94,2148,16,52,1.274,0.081,1.79
skycell,30',149,95,159,7,12,0.483,0.067,0.596
skycell,30',94,96,21,5,4,0.186,0.05,0.224
skycell,30',100,97,3256,33,70,1.444,0.088,2.187
skycell,30',76,98,11,16,4,0.311,0.066,0.362
skycell,30',65,99,71,10,8,0.493,0.051,0.575
skycell,30',83,100,29,9,7,0.476,0.05,0.521
skycell,1deg,27,1,642,15,29,1.342,2.368,1.652
skycell,1deg,43,2,70,11,9,0.447,0.126,0.539
skycell,1deg,33,3,7305,23,138,2.647,0.178,4.28
skycell,1deg,36,4,11205,31,185,3.107,0.107,5.289
skycell,1deg,35,5,41,6,6,0.523,0.063,0.582
skycell,1deg,19,6,2069,20,48,0.946,0.09,1.494
skycell,1deg,24,7,4091,44,95,1.859,0.103,2.834
skycell,1deg,51,8,396,20,18,1.13,0.098,1.336
skycell,1deg,28,9,186,10,10,0.504,0.118,0.614
skycell,1deg,41,10,1714,32,46,1.611,0.153,2.139
skycell,1deg,30,11,161,9,12,0.551,0.071,0.651
skycell,1deg,23,12,1883,32,50,5.068,0.094,5.924
skycell,1deg,21,13,69,11,10,0.633,0.071,0.731
skycell,1deg,26,14,138,11,13,0.72,0.065,0.848
skycell,1deg,32,15,1641,25,46,1.772,0.1,2.275
skycell,1deg,48,16,696,32,32,1.18,0.096,1.486
skycell,1deg,47,17,69,16,13,1.041,0.062,1.225
skycell,1deg,45,18,52,12,5,0.351,0.076,0.443
skycell,1deg,29,19,2011,30,57,1.926,0.138,2.683
skycell,1deg,18,20,13618,27,238,4.766,0.12,8.06
skycell,1deg,17,21,258,13,17,0.775,0.094,0.958
skycell,1deg,25,22,9338,36,183,3.352,0.106,5.527
skycell,1deg,20,23,1722,42,43,1.156,0.136,1.649
skycell,1deg,52,24,180,10,10,0.599,0.08,0.713
skycell,1deg,56,25,59,18,9,0.536,0.067,0.643
skycell,1deg,42,26,2815,37,68,2.417,0.104,3.259
skycell,1deg,38,27,133,18,13,0.612,0.094,0.749
skycell,1deg,37,28,2642,50,56,1.266,0.115,2.13
skycell,1deg,54,29,999,19,31,1.071,0.127,1.483
skycell,1deg,55,30,143,5,10,0.606,0.076,0.789
skycell,1deg,22,31,268,10,13,0.534,0.088,0.723
skycell,1deg,50,32,77,9,9,0.639,0.071,0.804
skycell,1deg,31,33,149,12,9,0.391,0.07,0.536
skycell,1deg,40,34,756,27,27,0.799,0.087,1.089
skycell,1deg,39,35,287,20,14,0.459,0.062,0.642
skycell,1deg,53,36,20213,26,327,5.46,0.107,12.109
skycell,1deg,46,37,11033,29,191,3.272,0.109,5.948
skycell,1deg,34,38,5700,29,112,1.773,0.108,3.156
skycell,1deg,49,39,59,7,9,0.425,0.067,0.486
skycell,1deg,44,40,1559,27,45,1.321,0.094,2.089
pgsphere,1deg,27,1,642,56,40,3.315,8.05,3.998
pgsphere,1deg,43,2,70,6,13,0.79,0.051,0.911
pgsphere,1deg,33,3,7305,340,230,9.235,0.037,11.836
pgsphere,1deg,36,4,11205,579,311,12.397,0.045,15.886
pgsphere,1deg,35,5,41,4,7,0.643,0.044,0.732
pgsphere,1deg,19,6,2069,121,99,3.847,0.04,4.814
pgsphere,1deg,24,7,4091,213,161,7.673,0.052,10.139
pgsphere,1deg,51,8,396,22,28,2.266,0.061,2.65
pgsphere,1deg,28,9,186,22,19,1.127,0.06,1.344
pgsphere,1deg,41,10,1714,114,83,4.623,0.053,5.893
pgsphere,1deg,30,11,161,13,15,1.018,0.059,1.191
pgsphere,1deg,23,12,1883,117,82,4.667,0.057,5.828
pgsphere,1deg,21,13,69,7,10,0.777,0.058,0.916
pgsphere,1deg,26,14,138,7,16,1.217,0.059,1.396
pgsphere,1deg,32,15,1641,118,81,4.929,0.056,6.112
pgsphere,1deg,48,16,696,49,36,1.914,0.044,2.236
pgsphere,1deg,47,17,69,8,13,0.772,0.039,0.856
pgsphere,1deg,45,18,52,7,9,0.57,0.03,0.631
pgsphere,1deg,29,19,2011,132,96,4.839,0.029,5.679
pgsphere,1deg,18,20,13618,802,466,17.925,0.039,23.064
pgsphere,1deg,17,21,258,18,23,1.043,0.048,1.254
pgsphere,1deg,25,22,9338,474,276,10.865,0.037,13.695
pgsphere,1deg,20,23,1722,137,93,3.697,0.045,4.457
pgsphere,1deg,52,24,180,16,21,2.079,0.049,2.283
pgsphere,1deg,56,25,59,7,9,0.657,0.054,0.756
pgsphere,1deg,42,26,2815,197,131,4.672,0.051,6.258
pgsphere,1deg,38,27,133,10,16,0.987,0.077,1.153
pgsphere,1deg,37,28,2642,158,112,4.581,0.046,5.879
pgsphere,1deg,54,29,999,81,54,2.538,0.074,3.084
pgsphere,1deg,55,30,143,12,16,0.848,0.044,0.971
pgsphere,1deg,22,31,268,19,19,0.957,0.041,1.12
pgsphere,1deg,50,32,77,4,9,0.487,0.058,0.564
pgsphere,1deg,31,33,149,14,15,0.791,0.041,0.914
pgsphere,1deg,40,34,756,61,44,1.957,0.06,2.293
pgsphere,1deg,39,35,287,18,20,0.943,0.042,1.148
pgsphere,1deg,53,36,20213,1038,570,19.428,0.074,26.131
pgsphere,1deg,46,37,11033,603,360,14.613,0.054,18.445
pgsphere,1deg,34,38,5700,305,202,7.669,0.06,9.727
pgsphere,1deg,49,39,59,5,9,0.455,0.058,0.523
pgsphere,1deg,44,40,1559,120,82,3.642,0.031,4.553
pgsphere,3deg,6,1,6905,0,230,8.698,8.46,12.428
pgsphere,3deg,9,2,881,1,46,1.985,0.077,2.576
pgsphere,3deg,11,3,24740,2,711,17.091,0.071,25.164
pgsphere,3deg,7,4,2125,2,90,3.994,0.058,4.881
pgsphere,3deg,15,5,42969,1,1242,25.032,0.041,37.436
pgsphere,3deg,4,6,76993,2,1744,34.887,0.048,58.008
pgsphere,3deg,14,7,633,5,35,1.384,0.068,1.777
pgsphere,3deg,12,8,386,2,26,1.217,0.053,1.737
pgsphere,3deg,1,9,36520,2,1180,27.588,0.103,41.541
pgsphere,3deg,13,10,1245,2,61,3.037,0.08,3.612
pgsphere,3deg,16,11,145854,4,3741,84.157,0.053,118.575
pgsphere,3deg,2,12,879,2,45,3.114,0.098,3.555
pgsphere,3deg,8,13,4330,3,141,7.583,0.06,8.765
pgsphere,3deg,10,14,787,3,43,1.638,0.056,2.012
pgsphere,3deg,5,15,99236,4,2885,62.447,0.053,87.079
pgsphere,3deg,3,16,21250,2,590,14.172,0.093,18.917
skycell,3deg,6,1,6905,27,123,1.875,2.004,3.649
skycell,3deg,9,2,881,23,31,0.878,0.104,1.26
skycell,3deg,11,3,24740,58,399,4.78,0.161,10.037
skycell,3deg,7,4,2125,28,53,1.488,0.128,2.204
skycell,3deg,15,5,42969,45,691,8.003,0.154,17.401
skycell,3deg,4,6,76993,53,1034,11.565,0.173,25.962
skycell,3deg,14,7,633,19,24,0.808,0.087,1.087
skycell,3deg,12,8,386,24,13,0.417,0.146,0.742
skycell,3deg,1,9,36520,62,600,13.427,0.215,22.377
skycell,3deg,13,10,1245,42,42,1.454,0.144,1.895
skycell,3deg,16,11,145854,45,1981,35.377,0.144,64.077
skycell,3deg,2,12,879,29,31,0.987,0.181,1.341
skycell,3deg,8,13,4330,52,87,1.752,0.118,2.989
skycell,3deg,10,14,787,22,29,0.862,0.15,1.141
skycell,3deg,5,15,99236,43,1451,16.745,0.149,36.893
skycell,3deg,3,16,21250,41,331,5.606,0.197,10.113
