qid,label,r,kind,ra0,dec0
1,"1""",0.00027777777777777778,uniform,41.43766565322957,63.97571378026466
2,"1""",0.00027777777777777778,data,268.4425539058863,-35.91723361386431
3,"1""",0.00027777777777777778,uniform,354.4587827782548,-67.15084936875732
4,"1""",0.00027777777777777778,data,249.05445688620682,-47.67464760691142
5,"1""",0.00027777777777777778,uniform,97.92827348089095,13.805366543503457
6,"1""",0.00027777777777777778,data,265.1442217498925,-45.08455735445893
7,"1""",0.00027777777777777778,uniform,33.44053827424706,-0.14530102702627154
8,"1""",0.00027777777777777778,data,272.2630649991022,-36.855590159429674
9,"1""",0.00027777777777777778,uniform,359.8362411532857,11.824062726571322
10,"1""",0.00027777777777777778,data,264.4219178007642,-40.23826923541065
11,"1""",0.00027777777777777778,uniform,291.79707602359224,-0.9767451301950184
12,"1""",0.00027777777777777778,data,157.22714676963636,-51.93585344810469
13,"1""",0.00027777777777777778,uniform,95.24925932948206,9.599945470220357
14,"1""",0.00027777777777777778,data,287.64763198636706,16.233478475882144
15,"1""",0.00027777777777777778,uniform,276.24666599248826,48.734670520949
16,"1""",0.00027777777777777778,data,121.24871376306577,-26.306441620287817
17,"1""",0.00027777777777777778,uniform,303.03368891315927,-58.12294111444559
18,"1""",0.00027777777777777778,data,160.1673394167659,-60.59095504767813
19,"1""",0.00027777777777777778,uniform,58.974069237378174,10.568957642788453
20,"1""",0.00027777777777777778,data,271.9525874514559,-9.846310555108891
21,"1""",0.00027777777777777778,uniform,319.7221302191797,-4.4304979443506545
22,"1""",0.00027777777777777778,data,111.71662672947303,-19.936233574137663
23,"1""",0.00027777777777777778,uniform,144.33548315429354,9.1651112733465
24,"1""",0.00027777777777777778,data,277.26587252395507,-21.799979949788327
25,"1""",0.00027777777777777778,uniform,66.55463957982778,39.19200722047962
26,"1""",0.00027777777777777778,data,319.9966387828115,-10.46751208915
27,"1""",0.00027777777777777778,uniform,274.3366131933251,8.186808821593786
28,"1""",0.00027777777777777778,data,166.9536602384894,-56.103173976656336
29,"1""",0.00027777777777777778,uniform,254.97471882540174,8.059261767182063
30,"1""",0.00027777777777777778,data,184.54747310854586,-61.53857504734908
31,"1""",0.00027777777777777778,uniform,239.52061233880318,-15.351046134373592
32,"1""",0.00027777777777777778,data,287.9007220611022,0.6952675027925869
33,"1""",0.00027777777777777778,uniform,194.53293054943998,3.4997677662816153
34,"1""",0.00027777777777777778,data,243.5130113393564,-59.35682681417293
35,"1""",0.00027777777777777778,uniform,70.88771390336782,-43.39378962579865
36,"1""",0.00027777777777777778,data,230.76821608471224,-25.772936363321165
37,"1""",0.00027777777777777778,uniform,23.457968377641308,-5.390100225209937
38,"1""",0.00027777777777777778,data,261.52136466966925,-25.881083626511955
39,"1""",0.00027777777777777778,uniform,186.1438101627391,-51.790218458408916
40,"1""",0.00027777777777777778,data,138.9868144484385,56.28328716196111
41,"1""",0.00027777777777777778,uniform,288.4544254329122,53.254537759313635
42,"1""",0.00027777777777777778,data,153.89176630381894,-33.44005881350361
43,"1""",0.00027777777777777778,uniform,166.62080275552793,-61.36306724955161
44,"1""",0.00027777777777777778,data,270.67961621791034,-33.13077711097627
45,"1""",0.00027777777777777778,uniform,76.20358195917407,-53.88605318246254
46,"1""",0.00027777777777777778,data,274.12159340951473,-15.84303707051285
47,"1""",0.00027777777777777778,uniform,269.7146822555762,77.04599686531428
48,"1""",0.00027777777777777778,data,259.9807665868097,-20.217631759714223
49,"1""",0.00027777777777777778,uniform,51.51986658340418,-59.34716333949945
50,"1""",0.00027777777777777778,data,287.96982467210154,13.397423545203695
51,"1""",0.00027777777777777778,uniform,278.55812671241904,38.554106124062415
52,"1""",0.00027777777777777778,data,289.2302248169372,3.6903426874283087
53,"1""",0.00027777777777777778,uniform,26.902866076221443,60.68967465838395
54,"1""",0.00027777777777777778,data,264.0170868908547,-20.396022855622732
55,"1""",0.00027777777777777778,uniform,265.21040689333,29.298871067925685
56,"1""",0.00027777777777777778,data,292.5062409039493,24.491296128986182
57,"1""",0.00027777777777777778,uniform,193.72899483479847,-3.353385843702967
58,"1""",0.00027777777777777778,data,108.76016428681947,26.91048085811337
59,"1""",0.00027777777777777778,uniform,48.22684716046213,-77.8347631665407
60,"1""",0.00027777777777777778,data,283.83359476298523,11.781106390569072
61,"1""",0.00027777777777777778,uniform,92.69121186600279,-16.706384722562365
62,"1""",0.00027777777777777778,data,185.74858224419467,-52.53112022348411
63,"1""",0.00027777777777777778,uniform,341.14901650373696,-7.549495195626747
64,"1""",0.00027777777777777778,data,345.63652423736517,-20.572973894320807
65,"1""",0.00027777777777777778,uniform,88.62271989104774,16.400507716876117
66,"1""",0.00027777777777777778,data,66.95985385840319,75.77388131315978
67,"1""",0.00027777777777777778,uniform,280.58293952925345,28.893178468375872
68,"1""",0.00027777777777777778,data,239.23015068600492,-66.53866773334263
69,"1""",0.00027777777777777778,uniform,318.42068729827673,57.7579808981257
70,"1""",0.00027777777777777778,data,337.52230417003375,55.45843372963035
71,"1""",0.00027777777777777778,uniform,33.23523186682988,11.619057192354916
72,"1""",0.00027777777777777778,data,250.5773677914031,-70.31765312698666
73,"1""",0.00027777777777777778,uniform,106.25991449003519,0.18530807565221474
74,"1""",0.00027777777777777778,data,29.4618955134178,1.5687710565096478
75,"1""",0.00027777777777777778,uniform,304.42927718291804,23.83931715649293
76,"1""",0.00027777777777777778,data,229.28541163248667,-61.01185671841405
77,"1""",0.00027777777777777778,uniform,275.792359308896,11.396506682778629
78,"1""",0.00027777777777777778,data,293.6394271697784,52.55649822160533
79,"1""",0.00027777777777777778,uniform,117.07554106787762,10.686849092680623
80,"1""",0.00027777777777777778,data,233.79769176237838,-51.69782517114056
81,"1""",0.00027777777777777778,uniform,187.56828567511013,51.17828098635883
82,"1""",0.00027777777777777778,data,181.30738187075696,-60.20704805862681
83,"1""",0.00027777777777777778,uniform,159.95302807519306,45.42836234701843
84,"1""",0.00027777777777777778,data,274.304969474782,-27.270151917696253
85,"1""",0.00027777777777777778,uniform,159.96901368809804,47.6770277565618
86,"1""",0.00027777777777777778,data,155.72000591111996,-52.11905650952162
87,"1""",0.00027777777777777778,uniform,36.60138098141191,-49.256054430416725
88,"1""",0.00027777777777777778,data,141.1579259942494,-48.57049962291754
89,"1""",0.00027777777777777778,uniform,7.474875893232866,-3.4205263603931324
90,"1""",0.00027777777777777778,data,108.04793466906945,-24.07214125542255
91,"1""",0.00027777777777777778,uniform,126.02753005973472,66.98509335371304
92,"1""",0.00027777777777777778,data,218.59442646683897,-65.06264003017036
93,"1""",0.00027777777777777778,uniform,250.97890592676657,-37.38671201948658
94,"1""",0.00027777777777777778,data,314.4588437383138,41.0624952810702
95,"1""",0.00027777777777777778,uniform,336.31910444555996,6.973517487422897
96,"1""",0.00027777777777777778,data,234.08223152388334,-47.335535883789426
97,"1""",0.00027777777777777778,uniform,112.7269311452786,80.20925612554315
98,"1""",0.00027777777777777778,data,262.0318008751601,-25.570756894960546
99,"1""",0.00027777777777777778,uniform,192.17394676332339,3.0408523197768123
100,"1""",0.00027777777777777778,data,244.17059612478934,1.8541926326373661
101,"1""",0.00027777777777777778,uniform,6.509972027634179,-41.05748018146021
102,"1""",0.00027777777777777778,data,117.87565248370761,-24.740383851590106
103,"1""",0.00027777777777777778,uniform,159.30752784247173,-79.86128674783966
104,"1""",0.00027777777777777778,data,270.50702946532715,-29.81366627876087
105,"1""",0.00027777777777777778,uniform,206.18085711490238,34.91012445961036
106,"1""",0.00027777777777777778,data,152.28308307023255,-84.2740460187881
107,"1""",0.00027777777777777778,uniform,258.1196159882144,-6.803550430493119
108,"1""",0.00027777777777777778,data,270.8343414356973,-39.24629057420261
109,"1""",0.00027777777777777778,uniform,141.2266818286892,27.788558702809976
110,"1""",0.00027777777777777778,data,229.59030314111274,-60.34260845620901
111,"1""",0.00027777777777777778,uniform,335.22085112516766,83.02893238405696
112,"1""",0.00027777777777777778,data,275.13765917844154,-18.16871757107907
113,"1""",0.00027777777777777778,uniform,145.13771908584997,1.9261386273872498
114,"1""",0.00027777777777777778,data,321.6081610008806,26.773564683309726
115,"1""",0.00027777777777777778,uniform,73.91559236092006,-23.38918539370996
116,"1""",0.00027777777777777778,data,209.99182347415777,-29.364229008454338
117,"1""",0.00027777777777777778,uniform,203.68168036889767,8.102152987987443
118,"1""",0.00027777777777777778,data,265.83323853196543,-34.92229092132529
119,"1""",0.00027777777777777778,uniform,331.4832018110457,-6.3847959980170685
120,"1""",0.00027777777777777778,data,121.11614429192882,-34.813690765956274
121,"1""",0.00027777777777777778,uniform,274.51178617631035,-55.95317853397806
122,"1""",0.00027777777777777778,data,259.671688919968,-21.919026292842645
123,"1""",0.00027777777777777778,uniform,72.24164989056165,-7.865361308028965
124,"1""",0.00027777777777777778,data,267.4599388859666,-33.45907686561341
125,"1""",0.00027777777777777778,uniform,241.3878889493201,-69.29564875382503
126,"1""",0.00027777777777777778,data,274.27438668588627,-34.46287588593256
127,"1""",0.00027777777777777778,uniform,356.72954232877044,-4.685991697347947
128,"1""",0.00027777777777777778,data,176.08255437198707,-61.33685572951844
129,"1""",0.00027777777777777778,uniform,67.65274266987579,32.81674973275543
130,"1""",0.00027777777777777778,data,261.5594040626855,-28.552174994919095
131,"1""",0.00027777777777777778,uniform,357.27756543117243,30.552504516802355
132,"1""",0.00027777777777777778,data,308.3808752009627,65.22528388977044
133,"1""",0.00027777777777777778,uniform,279.7007958440717,18.700936470204134
134,"1""",0.00027777777777777778,data,264.952434795885,-35.895680028889224
135,"1""",0.00027777777777777778,uniform,75.24129155227364,-35.565478245506476
136,"1""",0.00027777777777777778,data,267.2160868486605,-18.643227413260007
137,"1""",0.00027777777777777778,uniform,141.71435340166954,-26.566149997860787
138,"1""",0.00027777777777777778,data,130.52071506292967,30.139118842164194
139,"1""",0.00027777777777777778,uniform,139.39582820255183,8.440265994352188
140,"1""",0.00027777777777777778,data,283.44833661756894,11.718336727715663
141,"1""",0.00027777777777777778,uniform,190.13712476972174,-41.312907181229264
142,"1""",0.00027777777777777778,data,246.36125770375222,-57.6050721839266
143,"1""",0.00027777777777777778,uniform,224.07049258974146,17.23871715342418
144,"1""",0.00027777777777777778,data,280.60648375758547,-14.885245717596536
145,"1""",0.00027777777777777778,uniform,53.89173887569684,14.734960114100838
146,"1""",0.00027777777777777778,data,217.99637910730317,-67.13171044138443
147,"1""",0.00027777777777777778,uniform,90.22125634102865,-78.85183967603382
148,"1""",0.00027777777777777778,data,144.23301555532623,-60.011026177862476
149,"1""",0.00027777777777777778,uniform,54.117473272682815,36.22510714826459
150,"1""",0.00027777777777777778,data,49.07770567368122,64.78686541082796
151,"1""",0.00027777777777777778,uniform,280.88828974099323,-29.996141662933557
152,"1""",0.00027777777777777778,data,249.06270071139616,-56.71663404893696
153,"1""",0.00027777777777777778,uniform,92.28421983111157,70.5902147683334
154,"1""",0.00027777777777777778,data,264.2460173245731,-24.020444657714506
155,"1""",0.00027777777777777778,uniform,152.6786145530956,44.10684712336976
156,"1""",0.00027777777777777778,data,268.9408717806111,-35.71986840905665
157,"1""",0.00027777777777777778,uniform,73.58096623012314,53.85893574605618
158,"1""",0.00027777777777777778,data,224.71640025826792,-55.865233024527775
159,"1""",0.00027777777777777778,uniform,16.706643262637407,-81.2466248423355
160,"1""",0.00027777777777777778,data,286.2644912232781,10.976092263051562
161,"1""",0.00027777777777777778,uniform,169.5718272030564,9.125628121725109
162,"1""",0.00027777777777777778,data,68.86868597013243,49.359933372345814
163,"1""",0.00027777777777777778,uniform,278.77733560616247,18.456632104560562
164,"1""",0.00027777777777777778,data,79.96309027638259,-17.029814419974922
165,"1""",0.00027777777777777778,uniform,124.46669481287361,-15.954293744199047
166,"1""",0.00027777777777777778,data,348.3967972397355,68.45590703561999
167,"1""",0.00027777777777777778,uniform,162.02455219916453,58.087356093907395
168,"1""",0.00027777777777777778,data,255.62782371372094,-24.918604288564765
169,"1""",0.00027777777777777778,uniform,58.8962877759517,31.87183194187382
170,"1""",0.00027777777777777778,data,159.12603110936854,-61.44504939607558
171,"1""",0.00027777777777777778,uniform,184.06608669127425,-15.967277801339083
172,"1""",0.00027777777777777778,data,233.7189312706268,-50.40107841416377
173,"1""",0.00027777777777777778,uniform,85.75864024276244,-17.15961053809041
174,"1""",0.00027777777777777778,data,271.9989366616449,-40.09555035968207
175,"1""",0.00027777777777777778,uniform,354.5150745957525,-30.38909715718329
176,"1""",0.00027777777777777778,data,182.13817318450867,-66.99874765772655
177,"1""",0.00027777777777777778,uniform,216.2478026942743,-4.34273311386417
178,"1""",0.00027777777777777778,data,296.5944613053591,17.01694894233186
179,"1""",0.00027777777777777778,uniform,143.90757181875603,-59.315702759257476
180,"1""",0.00027777777777777778,data,227.92609695540844,-52.835035917091766
181,"1""",0.00027777777777777778,uniform,186.0939236007568,-34.37404792633681
182,"1""",0.00027777777777777778,data,263.554198616637,-18.263326545450816
183,"1""",0.00027777777777777778,uniform,217.58692762581197,-20.21551896752734
184,"1""",0.00027777777777777778,data,211.29279175783276,-54.3002882168528
185,"1""",0.00027777777777777778,uniform,95.09007430293141,8.656384123885395
186,"1""",0.00027777777777777778,data,272.7838008711358,-31.433026595694972
187,"1""",0.00027777777777777778,uniform,284.25932659029723,54.78443887913074
188,"1""",0.00027777777777777778,data,222.78266735898023,-57.79161144561766
189,"1""",0.00027777777777777778,uniform,99.97351516437814,-41.97629449280997
190,"1""",0.00027777777777777778,data,249.1288827924529,-46.459073046648875
191,"1""",0.00027777777777777778,uniform,119.70070370729748,-49.014686304555184
192,"1""",0.00027777777777777778,data,229.3918674614046,-60.92736531967164
193,"1""",0.00027777777777777778,uniform,32.57043350042302,-15.54910125952133
194,"1""",0.00027777777777777778,data,270.61073990339753,-26.664645233876797
195,"1""",0.00027777777777777778,uniform,31.2080845870236,-22.477237638779542
196,"1""",0.00027777777777777778,data,252.1555101414171,-34.16832162942093
197,"1""",0.00027777777777777778,uniform,187.53665666264288,-69.33717023235616
198,"1""",0.00027777777777777778,data,66.49959485455054,6.794339252873241
199,"1""",0.00027777777777777778,uniform,47.07676180338047,-17.54400642952414
200,"1""",0.00027777777777777778,data,318.21921485355335,40.18850041979482
201,"1""",0.00027777777777777778,uniform,96.55544446297827,-21.767259557891855
202,"1""",0.00027777777777777778,data,251.9659836726848,-39.86633565733135
203,"1""",0.00027777777777777778,uniform,260.2219069296343,-5.239434582976741
204,"1""",0.00027777777777777778,data,325.1763151612468,51.96298403979666
205,"1""",0.00027777777777777778,uniform,28.948908257703323,-8.390581624572638
206,"1""",0.00027777777777777778,data,343.4870717173294,-47.080129802636215
207,"1""",0.00027777777777777778,uniform,289.1685661371829,32.217674336881316
208,"1""",0.00027777777777777778,data,127.68073935278098,-25.318223377110847
209,"1""",0.00027777777777777778,uniform,359.3122142862621,33.829404625297826
210,"1""",0.00027777777777777778,data,275.4533908883043,-22.811968493740622
211,"1""",0.00027777777777777778,uniform,50.24363508802039,-46.497257309254465
212,"1""",0.00027777777777777778,data,225.14621500782243,-61.096280747988885
213,"1""",0.00027777777777777778,uniform,12.114745690085584,72.80724087309558
214,"1""",0.00027777777777777778,data,244.9828416457979,-67.99467587362903
215,"1""",0.00027777777777777778,uniform,201.5770070666767,-1.0524922972743462
216,"1""",0.00027777777777777778,data,164.10185043027673,-30.51685423897412
217,"1""",0.00027777777777777778,uniform,187.7734299118143,73.23699806721233
218,"1""",0.00027777777777777778,data,294.54252417189406,29.500662160537505
219,"1""",0.00027777777777777778,uniform,332.9661103485633,-11.628660273875054
220,"1""",0.00027777777777777778,data,254.3427811567628,-50.26688165403244
221,"1""",0.00027777777777777778,uniform,0.4896946193041618,27.245528319867173
222,"1""",0.00027777777777777778,data,258.2575266646352,-52.63494749259889
223,"1""",0.00027777777777777778,uniform,92.91047994844166,44.96345236950175
224,"1""",0.00027777777777777778,data,283.85445090456057,-2.4649426372308625
225,"1""",0.00027777777777777778,uniform,150.577091769592,-12.68073126949671
226,"1""",0.00027777777777777778,data,298.13650979759814,-25.501806342309337
227,"1""",0.00027777777777777778,uniform,121.34826250487457,25.337169060847017
228,"1""",0.00027777777777777778,data,285.13535774870763,-16.536653554160047
229,"1""",0.00027777777777777778,uniform,224.47222902730965,14.631221792148978
230,"1""",0.00027777777777777778,data,148.15899219336487,-51.271886291757184
231,"1""",0.00027777777777777778,uniform,308.6429674446288,-13.300794154109024
232,"1""",0.00027777777777777778,data,233.08212433677954,-69.59992971845035
233,"1""",0.00027777777777777778,uniform,68.7405179773282,52.40775720639961
234,"1""",0.00027777777777777778,data,226.24888508892292,-46.925728876629584
235,"1""",0.00027777777777777778,uniform,82.95672757330478,51.265685949031344
236,"1""",0.00027777777777777778,data,282.5425316236973,-8.462869734514062
237,"1""",0.00027777777777777778,uniform,299.84772742767336,-10.396122001654318
238,"1""",0.00027777777777777778,data,274.34064764302656,-30.372584691702762
239,"1""",0.00027777777777777778,uniform,92.88179346203465,61.526678617370045
240,"1""",0.00027777777777777778,data,217.5330273278304,-60.39269938737365
241,"1""",0.00027777777777777778,uniform,280.04466032536146,47.18983066488206
242,"1""",0.00027777777777777778,data,284.29132430593245,-12.807456988893499
243,"1""",0.00027777777777777778,uniform,159.11765601591227,9.022160397822685
244,"1""",0.00027777777777777778,data,267.4608926721702,-17.934207703611865
245,"1""",0.00027777777777777778,uniform,188.6909837125846,-35.307848860885
246,"1""",0.00027777777777777778,data,315.2864018960087,-67.41473960324342
247,"1""",0.00027777777777777778,uniform,331.8429529353477,16.628785583106126
248,"1""",0.00027777777777777778,data,283.6207545212665,-17.743346239865506
249,"1""",0.00027777777777777778,uniform,352.4315284354541,-52.14482292488491
250,"1""",0.00027777777777777778,data,296.7009071312405,-20.669146929782404
251,"1""",0.00027777777777777778,uniform,1.6632559190790719,48.411435560208034
252,"1""",0.00027777777777777778,data,215.52234112952826,-68.8732788182606
253,"1""",0.00027777777777777778,uniform,220.284035279663,1.38082573484157
254,"1""",0.00027777777777777778,data,279.71939353307846,-14.748999083609851
255,"1""",0.00027777777777777778,uniform,269.97838075940956,30.02264996721575
256,"1""",0.00027777777777777778,data,141.31226690459462,-7.1055129133004815
257,"1""",0.00027777777777777778,uniform,139.52230445013498,33.0577149872959
258,"1""",0.00027777777777777778,data,281.4508811292542,-14.721543236913645
259,"1""",0.00027777777777777778,uniform,133.88420915397697,78.82138826924897
260,"1""",0.00027777777777777778,data,259.54307947731354,-26.16445586605409
261,"1""",0.00027777777777777778,uniform,216.2679077241036,-15.844692292234459
262,"1""",0.00027777777777777778,data,141.23105730347544,-15.571403981245052
263,"1""",0.00027777777777777778,uniform,166.11950830156903,27.18282175158868
264,"1""",0.00027777777777777778,data,250.17247652712035,-51.75659336394718
265,"1""",0.00027777777777777778,uniform,61.14565166332316,4.191579915874149
266,"1""",0.00027777777777777778,data,283.8672619717633,-7.998920625606309
267,"1""",0.00027777777777777778,uniform,90.29576159068182,6.806679046216896
268,"1""",0.00027777777777777778,data,281.3909064133145,17.83229353353377
269,"1""",0.00027777777777777778,uniform,187.97159193403908,76.75465391949022
270,"1""",0.00027777777777777778,data,291.7477230748729,6.268642470948391
271,"1""",0.00027777777777777778,uniform,328.2646500716568,-86.56067298620742
272,"1""",0.00027777777777777778,data,350.37385126708267,39.126883865003116
273,"1""",0.00027777777777777778,uniform,227.4583252659865,40.23153772433216
274,"1""",0.00027777777777777778,data,339.6563666080668,56.49472161960686
275,"1""",0.00027777777777777778,uniform,310.2355576601163,6.31218352778522
276,"1""",0.00027777777777777778,data,285.57731306392736,28.663159174260652
277,"1""",0.00027777777777777778,uniform,247.26174250057986,-67.69189241887999
278,"1""",0.00027777777777777778,data,230.33214990759916,-50.64157168477954
279,"1""",0.00027777777777777778,uniform,261.05464185770296,-9.184603563546993
280,"1""",0.00027777777777777778,data,263.3950919176757,-20.45352190935387
281,"1""",0.00027777777777777778,uniform,230.28240892398404,15.097920992680377
282,"1""",0.00027777777777777778,data,277.97645545012256,-25.5255434570432
283,"1""",0.00027777777777777778,uniform,101.71249873408826,-9.799990576738779
284,"1""",0.00027777777777777778,data,292.41624106846547,-13.387292699097413
285,"1""",0.00027777777777777778,uniform,243.10084235418188,39.59767655535817
286,"1""",0.00027777777777777778,data,289.72260477148563,-3.974035353788619
287,"1""",0.00027777777777777778,uniform,168.51281875725874,50.959301714599206
288,"1""",0.00027777777777777778,data,96.26875381861981,13.970940809497515
289,"1""",0.00027777777777777778,uniform,196.96836359360935,23.027766054074345
290,"1""",0.00027777777777777778,data,217.90157874297748,-66.1555790204744
291,"1""",0.00027777777777777778,uniform,182.9036941068065,-77.22417027360345
292,"1""",0.00027777777777777778,data,167.21529685228273,-62.88030333232046
293,"1""",0.00027777777777777778,uniform,341.85576574101697,7.864856290235995
294,"1""",0.00027777777777777778,data,266.7047151521499,-14.816568127478567
295,"1""",0.00027777777777777778,uniform,345.1137824660765,-44.48301737428158
296,"1""",0.00027777777777777778,data,288.0861650447704,42.62894807339
297,"1""",0.00027777777777777778,uniform,263.6871908051829,-27.107511985836314
298,"1""",0.00027777777777777778,data,276.00985252735296,-44.333111680970106
299,"1""",0.00027777777777777778,uniform,283.42311775676524,-32.54026104310691
300,"1""",0.00027777777777777778,data,277.72385842127534,-35.15989606352166
301,"1""",0.00027777777777777778,uniform,255.8483861916426,29.29064315646097
302,"1""",0.00027777777777777778,data,243.0687347115236,-34.68113269945763
303,"1""",0.00027777777777777778,uniform,63.85529047425347,16.13712906224619
304,"1""",0.00027777777777777778,data,298.89422287593715,67.5053708356334
305,"1""",0.00027777777777777778,uniform,139.80196794609373,32.00083155317703
306,"1""",0.00027777777777777778,data,215.88676280089427,-70.98716219070856
307,"1""",0.00027777777777777778,uniform,84.23675015095772,-7.826132695395231
308,"1""",0.00027777777777777778,data,112.67043363258131,12.108967193611273
309,"1""",0.00027777777777777778,uniform,205.46940498537717,-84.2340614502786
310,"1""",0.00027777777777777778,data,303.6094126556633,-32.58897252717518
311,"1""",0.00027777777777777778,uniform,328.3013371222348,-18.706357569974813
312,"1""",0.00027777777777777778,data,304.4339123538383,28.73167207064617
313,"1""",0.00027777777777777778,uniform,315.33537458200243,-12.430424858049061
314,"1""",0.00027777777777777778,data,173.4274291540988,-60.17923612874319
315,"1""",0.00027777777777777778,uniform,11.811047825645122,-33.9429870895121
316,"1""",0.00027777777777777778,data,279.4263228572632,-31.093861231408948
317,"1""",0.00027777777777777778,uniform,336.8315103009328,-5.6857080987735555
318,"1""",0.00027777777777777778,data,261.39963319810914,-64.12195867153571
319,"1""",0.00027777777777777778,uniform,289.8262232185868,-34.98307677726754
320,"1""",0.00027777777777777778,data,284.38749985173934,-4.957859571136724
321,"1""",0.00027777777777777778,uniform,89.810297623756,7.31802035034458
322,"1""",0.00027777777777777778,data,335.04909546874933,56.288069343134325
323,"1""",0.00027777777777777778,uniform,231.42390894978786,-20.257076893443216
324,"1""",0.00027777777777777778,data,275.22970037770904,-26.02876804192073
325,"1""",0.00027777777777777778,uniform,121.33983860251865,-50.32459342787934
326,"1""",0.00027777777777777778,data,335.3886726590481,42.738317481626275
327,"1""",0.00027777777777777778,uniform,33.95127200884061,4.544069530206767
328,"1""",0.00027777777777777778,data,303.0164580795078,24.09236265883139
329,"1""",0.00027777777777777778,uniform,233.99240595607858,-17.05985158228659
330,"1""",0.00027777777777777778,data,267.7325479514596,-39.964816591366414
331,"1""",0.00027777777777777778,uniform,265.503537621818,73.66594141668443
332,"1""",0.00027777777777777778,data,248.61938577636204,-51.51321759437196
333,"1""",0.00027777777777777778,uniform,291.82280291805694,-0.3490244764145235
334,"1""",0.00027777777777777778,data,277.5551797138891,-17.932683994795976
335,"1""",0.00027777777777777778,uniform,11.265998118528966,17.672708507883957
336,"1""",0.00027777777777777778,data,99.02377867378473,-7.888437942108177
337,"1""",0.00027777777777777778,uniform,197.38274730606284,57.80426169517152
338,"1""",0.00027777777777777778,data,276.3441049096972,-25.491926186122942
339,"1""",0.00027777777777777778,uniform,277.60538076876253,51.26572842245263
340,"1""",0.00027777777777777778,data,90.19301435143427,-66.84441597943879
341,"1""",0.00027777777777777778,uniform,238.45748431912799,-22.766267833916675
342,"1""",0.00027777777777777778,data,255.14032412012423,-35.891494190766366
343,"1""",0.00027777777777777778,uniform,307.32452900368054,-47.22564071562531
344,"1""",0.00027777777777777778,data,267.5232136822774,-31.076047891908726
345,"1""",0.00027777777777777778,uniform,80.60204800144407,7.8423928208426945
346,"1""",0.00027777777777777778,data,253.74476855558694,-51.23618755742728
347,"1""",0.00027777777777777778,uniform,171.56636950092744,-47.965960707139864
348,"1""",0.00027777777777777778,data,226.88276728113487,-48.638619410440505
349,"1""",0.00027777777777777778,uniform,358.85742981592097,42.05532490089875
350,"1""",0.00027777777777777778,data,248.76025321729225,-13.378159387987704
351,"1""",0.00027777777777777778,uniform,165.43880122485348,-42.01386294326504
352,"1""",0.00027777777777777778,data,258.26095832109615,-11.140403217480294
353,"1""",0.00027777777777777778,uniform,171.81520790656518,-43.58401901742795
354,"1""",0.00027777777777777778,data,254.67315552539458,-52.46010854718658
355,"1""",0.00027777777777777778,uniform,27.420869378472908,33.35217323425402
356,"1""",0.00027777777777777778,data,196.78683547663334,-74.26729518232494
357,"1""",0.00027777777777777778,uniform,88.55854779970566,39.786741452072775
358,"1""",0.00027777777777777778,data,289.18427681077696,6.7321027524085375
359,"1""",0.00027777777777777778,uniform,252.7414036838488,-81.5210653958959
360,"1""",0.00027777777777777778,data,338.49962679641794,56.33736587541619
361,"1""",0.00027777777777777778,uniform,183.7475580806684,-35.49885449048968
362,"1""",0.00027777777777777778,data,274.20655019807447,-7.9583022934779
363,"1""",0.00027777777777777778,uniform,245.5113698312959,-28.109042799641337
364,"1""",0.00027777777777777778,data,225.9427103960277,-74.04096429990197
365,"1""",0.00027777777777777778,uniform,101.58812178579535,41.36929298609737
366,"1""",0.00027777777777777778,data,243.04841771284737,-46.37815659492319
367,"1""",0.00027777777777777778,uniform,245.57616292106124,66.25439787569769
368,"1""",0.00027777777777777778,data,265.15738863045004,-40.69463308935072
369,"1""",0.00027777777777777778,uniform,277.6538625147006,-22.26417775548144
370,"1""",0.00027777777777777778,data,278.44553963948135,-14.827172294074778
371,"1""",0.00027777777777777778,uniform,200.07804117269833,-55.92566800713472
372,"1""",0.00027777777777777778,data,252.02912011170622,15.043583063361654
373,"1""",0.00027777777777777778,uniform,51.658352395198676,20.026446236348598
374,"1""",0.00027777777777777778,data,83.43350723638746,-39.731300266802094
375,"1""",0.00027777777777777778,uniform,93.47154036513516,18.79852310488803
376,"1""",0.00027777777777777778,data,271.5939897804578,-33.73320303949625
377,"1""",0.00027777777777777778,uniform,282.1921891529562,3.950701744451079
378,"1""",0.00027777777777777778,data,275.9868580030399,-57.764494959758
379,"1""",0.00027777777777777778,uniform,71.8418936664776,-30.753033974866074
380,"1""",0.00027777777777777778,data,251.37769785145008,-47.7738292009554
381,"1""",0.00027777777777777778,uniform,92.82784800876543,-3.2936707342326663
382,"1""",0.00027777777777777778,data,280.0631116936334,-16.02601820986142
383,"1""",0.00027777777777777778,uniform,135.07893334555567,2.4702738127373056
384,"1""",0.00027777777777777778,data,172.1286326757766,-66.46849298409482
385,"1""",0.00027777777777777778,uniform,17.116267810164185,-51.22256711378242
386,"1""",0.00027777777777777778,data,128.75281478957376,-47.39627118546248
387,"1""",0.00027777777777777778,uniform,359.55700893914343,-37.82849518866822
388,"1""",0.00027777777777777778,data,262.5892584598845,-45.804370928574734
389,"1""",0.00027777777777777778,uniform,131.13586233524228,-50.04806934612601
390,"1""",0.00027777777777777778,data,164.18206057434284,-38.34430980839003
391,"1""",0.00027777777777777778,uniform,265.22219431823663,61.56183427769247
392,"1""",0.00027777777777777778,data,225.97997840780533,-62.271378019902066
393,"1""",0.00027777777777777778,uniform,146.7165392844001,-18.875927940265925
394,"1""",0.00027777777777777778,data,213.39132184834304,-63.72630532433462
395,"1""",0.00027777777777777778,uniform,65.72635041028835,-54.02749071015291
396,"1""",0.00027777777777777778,data,273.0504428700767,-16.671274284584797
397,"1""",0.00027777777777777778,uniform,100.23055358067757,58.97887525808943
398,"1""",0.00027777777777777778,data,132.71162685831052,-2.782880470486172
399,"1""",0.00027777777777777778,uniform,222.1728036918004,-32.46502597476754
400,"1""",0.00027777777777777778,data,345.31434948116043,-52.35445521400576
401,"10""",0.00277777777777777778,uniform,325.00656431752736,-43.41341578714959
402,"10""",0.00277777777777777778,data,277.56317314756825,-22.464996141608623
403,"10""",0.00277777777777777778,uniform,85.54880487105174,-74.88706074994668
404,"10""",0.00277777777777777778,data,296.6276584376569,32.82891463487379
405,"10""",0.00277777777777777778,uniform,228.5149036416451,26.119550650627588
406,"10""",0.00277777777777777778,data,13.341509500606302,14.147622487801364
407,"10""",0.00277777777777777778,uniform,285.37921662370735,-46.04868293189421
408,"10""",0.00277777777777777778,data,227.11819194272172,-56.9568051379131
409,"10""",0.00277777777777777778,uniform,310.30387886118575,36.60764213676443
410,"10""",0.00277777777777777778,data,243.26383995404262,-50.963457312290664
411,"10""",0.00277777777777777778,uniform,261.7144215357351,-81.96449821527744
412,"10""",0.00277777777777777778,data,312.2591616338819,27.796968076339727
413,"10""",0.00277777777777777778,uniform,82.13869684881519,77.89919721684772
414,"10""",0.00277777777777777778,data,261.17755387818414,-24.507082742583204
415,"10""",0.00277777777777777778,uniform,339.70826350787144,-63.753434941441505
416,"10""",0.00277777777777777778,data,196.82569635534648,-70.78855442853377
417,"10""",0.00277777777777777778,uniform,39.88000967648293,-32.19703608487739
418,"10""",0.00277777777777777778,data,104.3127426923486,3.1609223585185395
419,"10""",0.00277777777777777778,uniform,248.3437778774928,5.283102991620926
420,"10""",0.00277777777777777778,data,270.5607409752161,-7.336580726880378
421,"10""",0.00277777777777777778,uniform,307.57854118373547,13.454864360827722
422,"10""",0.00277777777777777778,data,156.4283354845392,66.81436076618621
423,"10""",0.00277777777777777778,uniform,346.8210060617075,7.2638657564718905
424,"10""",0.00277777777777777778,data,77.85227266889667,-67.89458102792035
425,"10""",0.00277777777777777778,uniform,66.13337000202542,-56.452354409377755
426,"10""",0.00277777777777777778,data,263.48415442068847,-44.594745971019044
427,"10""",0.00277777777777777778,uniform,78.85961969050578,50.37374903944865
428,"10""",0.00277777777777777778,data,88.84145133968248,-26.380221243711656
429,"10""",0.00277777777777777778,uniform,316.9820962499464,10.29681799482334
430,"10""",0.00277777777777777778,data,208.49995310946437,-51.088925231745826
431,"10""",0.00277777777777777778,uniform,112.37925063349724,18.66479437845951
432,"10""",0.00277777777777777778,data,250.36978913374278,-32.41007337567672
433,"10""",0.00277777777777777778,uniform,108.95406135433797,34.25627693135915
434,"10""",0.00277777777777777778,data,230.54688096936908,-45.75342528386683
435,"10""",0.00277777777777777778,uniform,23.863920475928015,-50.408922245166266
436,"10""",0.00277777777777777778,data,244.64296405232565,-56.85492406152634
437,"10""",0.00277777777777777778,uniform,359.62538934029516,33.753410009931834
438,"10""",0.00277777777777777778,data,227.71098685295937,-50.46559905891465
439,"10""",0.00277777777777777778,uniform,124.40093241336334,8.408233405070417
440,"10""",0.00277777777777777778,data,283.9150433782713,-14.458041316912595
441,"10""",0.00277777777777777778,uniform,90.69566464890967,-26.842295823543587
442,"10""",0.00277777777777777778,data,270.57136967041725,-42.92878965823789
443,"10""",0.00277777777777777778,uniform,212.40521094907635,34.48354912253721
444,"10""",0.00277777777777777778,data,274.97847568200103,-57.28397020462683
445,"10""",0.00277777777777777778,uniform,10.24750390339979,-8.723928675743114
446,"10""",0.00277777777777777778,data,293.1023516240461,12.719895093943135
447,"10""",0.00277777777777777778,uniform,221.93119433939015,40.2214810042424
448,"10""",0.00277777777777777778,data,188.04577127488955,-20.262814647905348
449,"10""",0.00277777777777777778,uniform,163.86216118757196,-51.632247218462915
450,"10""",0.00277777777777777778,data,47.68161433086031,57.72020729536465
451,"10""",0.00277777777777777778,uniform,317.3167289057331,46.5835403678242
452,"10""",0.00277777777777777778,data,274.9840301360956,-26.519974012904875
453,"10""",0.00277777777777777778,uniform,241.79145477497624,-43.833364568364544
454,"10""",0.00277777777777777778,data,233.77239473218722,-51.33037731312042
455,"10""",0.00277777777777777778,uniform,205.53381471634347,-7.434787996344849
456,"10""",0.00277777777777777778,data,205.62802449809692,-53.51247789597382
457,"10""",0.00277777777777777778,uniform,41.27708772939518,-36.82932093230251
458,"10""",0.00277777777777777778,data,269.2559859565242,-32.66932412286013
459,"10""",0.00277777777777777778,uniform,302.46685075360944,-21.573995782327952
460,"10""",0.00277777777777777778,data,143.6144318051204,-62.48400323204823
461,"10""",0.00277777777777777778,uniform,264.3177708982792,-59.13993465103793
462,"10""",0.00277777777777777778,data,224.3931542423291,-65.09371232218082
463,"10""",0.00277777777777777778,uniform,273.24232397434906,-9.601329654554776
464,"10""",0.00277777777777777778,data,143.8748963095709,-57.19348100464411
465,"10""",0.00277777777777777778,uniform,145.70258304527886,7.045028422903428
466,"10""",0.00277777777777777778,data,258.0511863627289,-28.290836485532175
467,"10""",0.00277777777777777778,uniform,252.97466201995883,68.35432906854841
468,"10""",0.00277777777777777778,data,81.45877505650346,12.002137242146286
469,"10""",0.00277777777777777778,uniform,128.2244683746459,-2.3343880544844895
470,"10""",0.00277777777777777778,data,66.40309804130844,34.732928298836015
471,"10""",0.00277777777777777778,uniform,169.25639840598416,-50.19678650212714
472,"10""",0.00277777777777777778,data,300.9800246566847,19.846816212934556
473,"10""",0.00277777777777777778,uniform,214.22751544038533,-5.377933664814956
474,"10""",0.00277777777777777778,data,165.34310638350578,-60.7040085750176
475,"10""",0.00277777777777777778,uniform,3.8061142714733176,66.91521895413251
476,"10""",0.00277777777777777778,data,265.0650420854858,-16.18996917912274
477,"10""",0.00277777777777777778,uniform,246.09262571829524,-24.420611884608718
478,"10""",0.00277777777777777778,data,252.06041501492197,-48.27241730824892
479,"10""",0.00277777777777777778,uniform,269.37427827286007,30.937458751104746
480,"10""",0.00277777777777777778,data,191.952920382716,-63.06741061796279
481,"10""",0.00277777777777777778,uniform,186.3294392000057,31.509761434788246
482,"10""",0.00277777777777777778,data,200.6721660947224,-30.271483543667507
483,"10""",0.00277777777777777778,uniform,286.18290485360103,-4.27678618742699
484,"10""",0.00277777777777777778,data,269.5288157321287,-32.519165856714686
485,"10""",0.00277777777777777778,uniform,179.40568619689373,-11.423956437954319
486,"10""",0.00277777777777777778,data,53.49213738226215,-2.343277558534455
487,"10""",0.00277777777777777778,uniform,246.00724020820155,-71.77372883865428
488,"10""",0.00277777777777777778,data,264.402633470887,-42.982544862897264
489,"10""",0.00277777777777777778,uniform,312.4425752600448,-44.214770283233754
490,"10""",0.00277777777777777778,data,276.3257996296697,-15.105064817685962
491,"10""",0.00277777777777777778,uniform,338.6140210458329,-24.315560276803392
492,"10""",0.00277777777777777778,data,305.2231840705698,17.169805278567946
493,"10""",0.00277777777777777778,uniform,191.03399030545086,-3.167229308515478
494,"10""",0.00277777777777777778,data,135.5989647326607,-52.0881308773672
495,"10""",0.00277777777777777778,uniform,26.95871937170559,-40.62531999659882
496,"10""",0.00277777777777777778,data,198.1605813141211,-22.13990092013981
497,"10""",0.00277777777777777778,uniform,106.57248424978437,65.43058228430527
498,"10""",0.00277777777777777778,data,276.3768802481141,-12.320465683896044
499,"10""",0.00277777777777777778,uniform,257.2083808434547,-37.566710592113616
500,"10""",0.00277777777777777778,data,272.5974528786295,-11.690614794295055
501,"10""",0.00277777777777777778,uniform,161.14178631470753,43.76648298393869
502,"10""",0.00277777777777777778,data,200.66710309513596,-65.95082394130772
503,"10""",0.00277777777777777778,uniform,346.5222605863507,-55.95818467465438
504,"10""",0.00277777777777777778,data,273.0177901058842,-28.12496201135846
505,"10""",0.00277777777777777778,uniform,60.14309895038757,50.89633165768896
506,"10""",0.00277777777777777778,data,278.4940043985971,-26.138324741265073
507,"10""",0.00277777777777777778,uniform,174.01666128980696,39.98942483376005
508,"10""",0.00277777777777777778,data,290.4433239436219,14.14449893164797
509,"10""",0.00277777777777777778,uniform,332.5941181511362,29.769860621113246
510,"10""",0.00277777777777777778,data,210.51026539775884,-38.582241760540676
511,"10""",0.00277777777777777778,uniform,61.59404386303224,41.44516838487816
512,"10""",0.00277777777777777778,data,174.92948700803623,-59.57290538846186
513,"10""",0.00277777777777777778,uniform,104.2690990280239,-21.280310132334947
514,"10""",0.00277777777777777778,data,240.01008417409835,-34.33568125220675
515,"10""",0.00277777777777777778,uniform,139.64674575235594,32.9075393307574
516,"10""",0.00277777777777777778,data,308.62483798134605,-58.55569539099113
517,"10""",0.00277777777777777778,uniform,271.3246401746334,9.605725700764236
518,"10""",0.00277777777777777778,data,268.8712314318077,-18.534585500693044
519,"10""",0.00277777777777777778,uniform,31.437722166838526,-29.297276604744052
520,"10""",0.00277777777777777778,data,256.0805064336381,-55.207004938190366
521,"10""",0.00277777777777777778,uniform,299.3978908394177,-0.5772384485143749
522,"10""",0.00277777777777777778,data,276.2509469396029,-21.004423557627344
523,"10""",0.00277777777777777778,uniform,158.8552345863653,-5.03677151372764
524,"10""",0.00277777777777777778,data,280.29569746542825,-12.157824619713907
525,"10""",0.00277777777777777778,uniform,290.45129890305566,40.28090309037206
526,"10""",0.00277777777777777778,data,121.9322488093075,-20.14167734010286
527,"10""",0.00277777777777777778,uniform,292.5834254342732,-8.32397285153953
528,"10""",0.00277777777777777778,data,232.2396429443787,-65.31084874068705
529,"10""",0.00277777777777777778,uniform,305.7264038896262,31.79443818188681
530,"10""",0.00277777777777777778,data,286.261145791455,-34.45076063483098
531,"10""",0.00277777777777777778,uniform,340.222357762339,-6.497971244624713
532,"10""",0.00277777777777777778,data,277.77078288910394,-17.09655983719296
533,"10""",0.00277777777777777778,uniform,328.72046884976567,15.424488593882415
534,"10""",0.00277777777777777778,data,242.72650492156944,-63.628505883560024
535,"10""",0.00277777777777777778,uniform,344.164829614194,14.480805276063933
536,"10""",0.00277777777777777778,data,156.21948756017878,-26.498571712842946
537,"10""",0.00277777777777777778,uniform,86.08514525733673,-1.3073885589655523
538,"10""",0.00277777777777777778,data,321.16586039808766,62.60321725969504
539,"10""",0.00277777777777777778,uniform,284.1881992935986,-43.3074870191137
540,"10""",0.00277777777777777778,data,257.98221600988364,-43.111869975289466
541,"10""",0.00277777777777777778,uniform,183.14636390161755,-23.01437784574361
542,"10""",0.00277777777777777778,data,290.1315978201016,25.658925587236332
543,"10""",0.00277777777777777778,uniform,308.79668292036496,66.9013777260895
544,"10""",0.00277777777777777778,data,222.26727466566922,-53.33756520789561
545,"10""",0.00277777777777777778,uniform,246.3970216253283,50.41866150266333
546,"10""",0.00277777777777777778,data,110.22737112796823,-11.677723311014162
547,"10""",0.00277777777777777778,uniform,343.82134074145625,16.37611119445812
548,"10""",0.00277777777777777778,data,131.44678927600802,-34.54220106283971
549,"10""",0.00277777777777777778,uniform,25.719709522163967,60.117361191340486
550,"10""",0.00277777777777777778,data,266.8686035789463,-36.048948077083395
551,"10""",0.00277777777777777778,uniform,22.9177396837298,-11.228520752600057
552,"10""",0.00277777777777777778,data,276.0454146178356,-9.764569901132296
553,"10""",0.00277777777777777778,uniform,194.60487207851716,45.371972579316854
554,"10""",0.00277777777777777778,data,292.74324795974627,-23.560077941911594
555,"10""",0.00277777777777777778,uniform,90.43239551498183,-15.955847504320374
556,"10""",0.00277777777777777778,data,230.11549449265925,-66.14316976890403
557,"10""",0.00277777777777777778,uniform,194.16793874489215,-19.925715227593713
558,"10""",0.00277777777777777778,data,289.0089891515769,19.361399210241945
559,"10""",0.00277777777777777778,uniform,151.24782130409662,-35.71910638137708
560,"10""",0.00277777777777777778,data,301.156336269535,11.664907097349122
561,"10""",0.00277777777777777778,uniform,167.97939572625558,-15.88286371536843
562,"10""",0.00277777777777777778,data,281.8680298060417,22.838696639422512
563,"10""",0.00277777777777777778,uniform,282.7838691934084,-78.1554470847236
564,"10""",0.00277777777777777778,data,276.58114533547996,-15.850914587221077
565,"10""",0.00277777777777777778,uniform,305.65277060746797,24.030872766384977
566,"10""",0.00277777777777777778,data,275.8340736078222,-1.200120698320147
567,"10""",0.00277777777777777778,uniform,268.7460169500374,-44.787800599634394
568,"10""",0.00277777777777777778,data,262.66964638508495,-66.84056630598087
569,"10""",0.00277777777777777778,uniform,180.11006244599926,47.42196691722567
570,"10""",0.00277777777777777778,data,248.22244920578416,-48.28510044298979
571,"10""",0.00277777777777777778,uniform,212.69143604483907,-14.417785789658474
572,"10""",0.00277777777777777778,data,257.5903005661198,-32.20842787783779
573,"10""",0.00277777777777777778,uniform,0.6353899510791905,-3.937556075693363
574,"10""",0.00277777777777777778,data,86.05463336340917,-73.22235010647606
575,"10""",0.00277777777777777778,uniform,209.86686478918017,-28.709181027900375
576,"10""",0.00277777777777777778,data,101.36301537635164,25.013129786633314
577,"10""",0.00277777777777777778,uniform,253.89838285455258,32.426325654256985
578,"10""",0.00277777777777777778,data,124.16600898261413,-55.967345775783166
579,"10""",0.00277777777777777778,uniform,337.30156257187906,-7.106793797182685
580,"10""",0.00277777777777777778,data,117.77376569754317,-16.98340431234253
581,"10""",0.00277777777777777778,uniform,188.7260973239008,20.131645252946928
582,"10""",0.00277777777777777778,data,215.41660660105532,-58.68793839369642
583,"10""",0.00277777777777777778,uniform,59.06825402161989,62.79796431680101
584,"10""",0.00277777777777777778,data,319.13715638943626,-57.438146553155605
585,"10""",0.00277777777777777778,uniform,232.79515275378057,-39.12775164949656
586,"10""",0.00277777777777777778,data,209.45808847676489,-56.30329577819603
587,"10""",0.00277777777777777778,uniform,125.92524185613354,59.250718206469465
588,"10""",0.00277777777777777778,data,248.53340109103902,-47.39011474639828
589,"10""",0.00277777777777777778,uniform,277.8374464859384,55.20378502282333
590,"10""",0.00277777777777777778,data,251.10781383338858,42.65695450707947
591,"10""",0.00277777777777777778,uniform,64.94704859875604,-6.549810356403141
592,"10""",0.00277777777777777778,data,148.03525550661692,-32.52851909453472
593,"10""",0.00277777777777777778,uniform,310.94116466290365,21.90700002875134
594,"10""",0.00277777777777777778,data,241.00414405241915,-29.97604115864002
595,"10""",0.00277777777777777778,uniform,117.25701490338483,43.11495544446765
596,"10""",0.00277777777777777778,data,261.2117248241705,-27.94676916418918
597,"10""",0.00277777777777777778,uniform,286.9554363709878,-37.79980780686757
598,"10""",0.00277777777777777778,data,263.914915610541,-20.139715332908338
599,"10""",0.00277777777777777778,uniform,120.91710443069073,-1.1534806678056793
600,"10""",0.00277777777777777778,data,264.97764431608823,-40.83370991763762
601,"10""",0.00277777777777777778,uniform,85.37102650561735,18.981050357076366
602,"10""",0.00277777777777777778,data,306.38636960437833,26.705969412161906
603,"10""",0.00277777777777777778,uniform,37.510899735200034,-2.5467077673584666
604,"10""",0.00277777777777777778,data,212.07537029210516,-57.55514476572465
605,"10""",0.00277777777777777778,uniform,53.49922189781752,83.3001668277467
606,"10""",0.00277777777777777778,data,276.001542807733,-28.804040426711573
607,"10""",0.00277777777777777778,uniform,273.5432905192839,-7.639180140729448
608,"10""",0.00277777777777777778,data,239.78273953791805,-58.15031318117936
609,"10""",0.00277777777777777778,uniform,313.6076412321688,-17.802803013997345
610,"10""",0.00277777777777777778,data,295.12460977747304,39.54635272494845
611,"10""",0.00277777777777777778,uniform,328.048564514084,-72.14761944563064
612,"10""",0.00277777777777777778,data,284.3353160789469,22.912734012710345
613,"10""",0.00277777777777777778,uniform,102.59074721982472,33.066520102172056
614,"10""",0.00277777777777777778,data,257.0671890057153,-42.89207680442434
615,"10""",0.00277777777777777778,uniform,317.38610517166364,-16.936125265829602
616,"10""",0.00277777777777777778,data,236.80407094524466,-50.108929433928935
617,"10""",0.00277777777777777778,uniform,168.7707386028634,-58.20432884953661
618,"10""",0.00277777777777777778,data,180.2398597504195,-62.71510232073788
619,"10""",0.00277777777777777778,uniform,18.59566640287256,25.408074949272496
620,"10""",0.00277777777777777778,data,284.9383389165003,-40.96040723671936
621,"10""",0.00277777777777777778,uniform,332.84488381496294,78.69519352017778
622,"10""",0.00277777777777777778,data,135.16883053701727,35.48427802643103
623,"10""",0.00277777777777777778,uniform,239.1984223825791,-56.727210110051715
624,"10""",0.00277777777777777778,data,233.66095350999186,-61.35687981416014
625,"10""",0.00277777777777777778,uniform,72.43034050313089,20.29863839987735
626,"10""",0.00277777777777777778,data,297.882835801064,73.08004160661508
627,"10""",0.00277777777777777778,uniform,177.45315589171628,0.8970558723077179
628,"10""",0.00277777777777777778,data,273.22002987463287,-54.91914719368121
629,"10""",0.00277777777777777778,uniform,226.50820018777458,-24.986328164940513
630,"10""",0.00277777777777777778,data,261.57617694718357,-61.97295245908073
631,"10""",0.00277777777777777778,uniform,293.3308754247295,-60.14581920054381
632,"10""",0.00277777777777777778,data,258.00117933097033,-33.1082386728562
633,"10""",0.00277777777777777778,uniform,143.3441108322149,36.67019970650151
634,"10""",0.00277777777777777778,data,73.58046274473891,-82.68476981672413
635,"10""",0.00277777777777777778,uniform,71.66074107874964,-45.063100011988794
636,"10""",0.00277777777777777778,data,261.4582913590667,-17.113797986038453
637,"10""",0.00277777777777777778,uniform,108.97492035395273,20.219084359604903
638,"10""",0.00277777777777777778,data,292.72868168318314,16.578665475300944
639,"10""",0.00277777777777777778,uniform,5.804370909703165,49.288794089725634
640,"10""",0.00277777777777777778,data,193.06522493733178,-67.74365777499129
641,"10""",0.00277777777777777778,uniform,11.027176258689462,13.099442353865442
642,"10""",0.00277777777777777778,data,100.07798065503945,-8.523636825692849
643,"10""",0.00277777777777777778,uniform,161.99239412281048,64.12089019879657
644,"10""",0.00277777777777777778,data,238.6980740977595,60.060399994098546
645,"10""",0.00277777777777777778,uniform,241.1039556322473,-48.35620544917991
646,"10""",0.00277777777777777778,data,257.1785215537926,-33.679899178676536
647,"10""",0.00277777777777777778,uniform,56.12342030519222,30.50031071168795
648,"10""",0.00277777777777777778,data,154.9475079509302,-51.16673566250135
649,"10""",0.00277777777777777778,uniform,232.86992572805963,-15.19182126070824
650,"10""",0.00277777777777777778,data,256.6602190548136,-31.356377753590127
651,"10""",0.00277777777777777778,uniform,227.26438783305812,40.39988814636905
652,"10""",0.00277777777777777778,data,265.32256100745286,-21.392839273149544
653,"10""",0.00277777777777777778,uniform,180.74874627754906,36.147945890335
654,"10""",0.00277777777777777778,data,265.5184955851574,-51.06325745450381
655,"10""",0.00277777777777777778,uniform,204.10446569685297,-4.128550444476523
656,"10""",0.00277777777777777778,data,153.33177632496867,-50.57915575120294
657,"10""",0.00277777777777777778,uniform,147.95189891707017,27.74440698738559
658,"10""",0.00277777777777777778,data,207.75954168981224,-73.86701055604873
659,"10""",0.00277777777777777778,uniform,252.22256526811998,-14.821571226285302
660,"10""",0.00277777777777777778,data,267.79155018038085,-31.15753356412782
661,"10""",0.00277777777777777778,uniform,36.194031882957496,6.747877717154433
662,"10""",0.00277777777777777778,data,254.87499120565434,-59.87406927694106
663,"10""",0.00277777777777777778,uniform,50.37413833455537,1.6041653208522209
664,"10""",0.00277777777777777778,data,265.0775137253357,-41.11403049076027
665,"10""",0.00277777777777777778,uniform,289.13078377868953,-40.02495903443393
666,"10""",0.00277777777777777778,data,204.3206277279051,-60.25255317618429
667,"10""",0.00277777777777777778,uniform,1.8419580859704698,22.743245442844508
668,"10""",0.00277777777777777778,data,288.56057347281984,0.14144507687314356
669,"10""",0.00277777777777777778,uniform,221.7409690347876,11.440680975658832
670,"10""",0.00277777777777777778,data,264.55347107318545,-27.993492559643304
671,"10""",0.00277777777777777778,uniform,297.9786997557638,3.5530044593327905
672,"10""",0.00277777777777777778,data,129.70099263191034,-23.061003164948605
673,"10""",0.00277777777777777778,uniform,102.21123991616132,-22.812526057513114
674,"10""",0.00277777777777777778,data,244.18952370341054,-57.446856717269014
675,"10""",0.00277777777777777778,uniform,315.1337630699605,45.965589063133166
676,"10""",0.00277777777777777778,data,268.207145200777,-37.32294137745845
677,"10""",0.00277777777777777778,uniform,208.7656325218176,65.32476411024344
678,"10""",0.00277777777777777778,data,232.9537114817371,-38.36946458730404
679,"10""",0.00277777777777777778,uniform,216.0439039053341,31.090607221694547
680,"10""",0.00277777777777777778,data,283.3085444467216,-15.823417471478361
681,"10""",0.00277777777777777778,uniform,32.90344054671923,3.542203391325769
682,"10""",0.00277777777777777778,data,226.68270551707408,-51.92967313090997
683,"10""",0.00277777777777777778,uniform,238.93408228276803,-47.74478723689199
684,"10""",0.00277777777777777778,data,221.7645269269086,-49.5691528371296
685,"10""",0.00277777777777777778,uniform,24.488513374902343,19.66153006891364
686,"10""",0.00277777777777777778,data,263.820154580044,-21.94159716723249
687,"10""",0.00277777777777777778,uniform,86.57963939022858,28.413310590181005
688,"10""",0.00277777777777777778,data,77.94785478178956,-26.652926530263827
689,"10""",0.00277777777777777778,uniform,246.91545993688737,0.7362008244916457
690,"10""",0.00277777777777777778,data,99.10583372773841,4.4964244164966125
691,"10""",0.00277777777777777778,uniform,41.53132003268081,-56.12546513477178
692,"10""",0.00277777777777777778,data,17.006167305681835,76.3167702799982
693,"10""",0.00277777777777777778,uniform,132.84627911436215,6.8842307165620475
694,"10""",0.00277777777777777778,data,263.3249740769334,-39.97802121831588
695,"10""",0.00277777777777777778,uniform,156.90761615538491,-43.16510673088081
696,"10""",0.00277777777777777778,data,282.5091708739777,-7.2898376180572315
697,"10""",0.00277777777777777778,uniform,101.34879307414596,45.95840236663873
698,"10""",0.00277777777777777778,data,130.16388923822862,-56.049953337399806
699,"10""",0.00277777777777777778,uniform,186.1674213536536,37.39663819192849
700,"10""",0.00277777777777777778,data,258.40585426594197,-23.590881828334663
701,"10""",0.00277777777777777778,uniform,65.59588084146168,30.011655427163884
702,"10""",0.00277777777777777778,data,39.461365063634105,41.58035169071345
703,"10""",0.00277777777777777778,uniform,37.20232361905203,-5.476372640920554
704,"10""",0.00277777777777777778,data,312.40737510097614,17.499346662606463
705,"10""",0.00277777777777777778,uniform,274.3411267999756,-11.584642683499016
706,"10""",0.00277777777777777778,data,232.98052839193656,-69.56969851992092
707,"10""",0.00277777777777777778,uniform,151.05933921630313,-9.498356604494209
708,"10""",0.00277777777777777778,data,109.63032001219742,-4.474535460437802
709,"10""",0.00277777777777777778,uniform,161.7247376694302,51.19990791000045
710,"10""",0.00277777777777777778,data,255.39617980452093,-41.805139814835904
711,"10""",0.00277777777777777778,uniform,344.99685039977413,-55.003966115195425
712,"10""",0.00277777777777777778,data,289.4156633566192,13.967303308586278
713,"10""",0.00277777777777777778,uniform,65.51226582634479,-38.75395423139648
714,"10""",0.00277777777777777778,data,289.1939187122404,3.7478338742564974
715,"10""",0.00277777777777777778,uniform,335.1597962800622,-38.884221537665745
716,"10""",0.00277777777777777778,data,49.5968528450422,52.167460839388035
717,"10""",0.00277777777777777778,uniform,129.27912714060957,35.154037882338734
718,"10""",0.00277777777777777778,data,216.06790719032426,-45.48783322970147
719,"10""",0.00277777777777777778,uniform,95.98946838925369,35.203977324609646
720,"10""",0.00277777777777777778,data,268.8916367495724,-14.13321723239482
721,"10""",0.00277777777777777778,uniform,54.867150030177775,67.03297978889978
722,"10""",0.00277777777777777778,data,286.6827763436836,-44.15255354774813
723,"10""",0.00277777777777777778,uniform,93.69425852157468,15.78127172950849
724,"10""",0.00277777777777777778,data,255.5923839204489,-22.457942164989333
725,"10""",0.00277777777777777778,uniform,193.64132713948797,-19.0810115201461
726,"10""",0.00277777777777777778,data,196.84621226403772,-39.67726621198735
727,"10""",0.00277777777777777778,uniform,102.4378401376633,86.14572360906371
728,"10""",0.00277777777777777778,data,102.86138475530406,9.061681621118277
729,"10""",0.00277777777777777778,uniform,90.09553753906604,32.96519746207111
730,"10""",0.00277777777777777778,data,232.65748358792501,-60.635427168878
731,"10""",0.00277777777777777778,uniform,50.32071857773012,-5.862495806725126
732,"10""",0.00277777777777777778,data,212.02265930366602,-60.207484842558515
733,"10""",0.00277777777777777778,uniform,237.55849977687134,-19.2064101603158
734,"10""",0.00277777777777777778,data,256.2227968157306,-17.01428414573798
735,"10""",0.00277777777777777778,uniform,249.5437234691624,-2.2242416666548106
736,"10""",0.00277777777777777778,data,354.245345545648,55.74009023394868
737,"10""",0.00277777777777777778,uniform,134.6268883627036,12.857056084933173
738,"10""",0.00277777777777777778,data,298.392253242574,24.816270268673772
739,"10""",0.00277777777777777778,uniform,327.1212658193249,-13.13211982529286
740,"10""",0.00277777777777777778,data,244.7590912406484,-30.327921582627138
741,"10""",0.00277777777777777778,uniform,16.793633821063096,29.947909077347987
742,"10""",0.00277777777777777778,data,76.8705134926887,-67.84857318426899
743,"10""",0.00277777777777777778,uniform,190.97377413660587,-8.797151984001243
744,"10""",0.00277777777777777778,data,60.73358231078494,38.736483043049134
745,"10""",0.00277777777777777778,uniform,315.83919010739294,21.54857770246021
746,"10""",0.00277777777777777778,data,317.86420719052865,39.296402590853916
747,"10""",0.00277777777777777778,uniform,215.88020202938566,22.52652583680546
748,"10""",0.00277777777777777778,data,286.47791019463784,14.594510430417568
749,"10""",0.00277777777777777778,uniform,6.189777263491267,42.97425361761448
750,"10""",0.00277777777777777778,data,295.4882036038861,-20.499593221403305
751,"10""",0.00277777777777777778,uniform,183.13234417322997,-62.39686655133299
752,"10""",0.00277777777777777778,data,267.78476656514385,-23.99887282360609
753,"10""",0.00277777777777777778,uniform,29.247749567532757,22.122642808450937
754,"10""",0.00277777777777777778,data,277.76978109237103,-18.468934076112955
755,"10""",0.00277777777777777778,uniform,255.69150204739128,48.236950038538545
756,"10""",0.00277777777777777778,data,281.2362456649151,-7.344567539949777
757,"10""",0.00277777777777777778,uniform,333.01864559646395,-39.11575946072633
758,"10""",0.00277777777777777778,data,173.8211963817205,-58.946213150678695
759,"10""",0.00277777777777777778,uniform,299.29281308223005,-25.70244235263465
760,"10""",0.00277777777777777778,data,225.48041828913136,-50.8832245926881
761,"10""",0.00277777777777777778,uniform,65.35009380269886,-18.589324392198304
762,"10""",0.00277777777777777778,data,284.33920678913324,14.641281360226989
763,"10""",0.00277777777777777778,uniform,29.653362487850792,62.78897710948147
764,"10""",0.00277777777777777778,data,78.41560138205463,-69.06647442820004
765,"10""",0.00277777777777777778,uniform,253.75074033578989,9.676347939236923
766,"10""",0.00277777777777777778,data,274.71730795231605,-28.751312210395756
767,"10""",0.00277777777777777778,uniform,286.77089220484254,37.193507840707184
768,"10""",0.00277777777777777778,data,33.43368855090728,11.94038865487643
769,"10""",0.00277777777777777778,uniform,342.0651195416785,39.37029486375592
770,"10""",0.00277777777777777778,data,289.40934984516673,23.772016790511323
771,"10""",0.00277777777777777778,uniform,124.77354471039142,-13.29553111876905
772,"10""",0.00277777777777777778,data,269.77683423360554,-20.39852207111792
773,"10""",0.00277777777777777778,uniform,347.38889670789797,-22.64883258056329
774,"10""",0.00277777777777777778,data,284.72078655942477,-30.87942343301491
775,"10""",0.00277777777777777778,uniform,58.72732327652699,-67.83760605914891
776,"10""",0.00277777777777777778,data,110.8785365262389,40.599313137422584
777,"10""",0.00277777777777777778,uniform,330.97478405630636,-21.208311429416593
778,"10""",0.00277777777777777778,data,195.8809382132783,-58.87726365254459
779,"10""",0.00277777777777777778,uniform,298.61857022991234,42.2446397941798
780,"10""",0.00277777777777777778,data,263.1916274111865,-35.05069701228376
781,"10""",0.00277777777777777778,uniform,19.411895830861,-25.903110423344422
782,"10""",0.00277777777777777778,data,265.38976170840283,-53.932797117892484
783,"10""",0.00277777777777777778,uniform,200.43178845382548,-35.591124924473675
784,"10""",0.00277777777777777778,data,255.11193701782872,-34.45627301349029
785,"10""",0.00277777777777777778,uniform,315.70191723600493,57.982495033739575
786,"10""",0.00277777777777777778,data,264.1339238703616,-36.340446240703955
787,"10""",0.00277777777777777778,uniform,348.8846256241849,48.50036007168756
788,"10""",0.00277777777777777778,data,120.3830329126037,73.92728270072207
789,"10""",0.00277777777777777778,uniform,68.8920871324097,-36.10031753296038
790,"10""",0.00277777777777777778,data,278.88614959981675,-18.880340901067154
791,"10""",0.00277777777777777778,uniform,271.0761810691783,46.99391121675006
792,"10""",0.00277777777777777778,data,82.77026276526085,-69.98978822036021
793,"10""",0.00277777777777777778,uniform,286.79831837989764,57.937668202843575
794,"10""",0.00277777777777777778,data,62.92128632433798,54.28562253097673
795,"10""",0.00277777777777777778,uniform,344.087140872131,14.00030271134213
796,"10""",0.00277777777777777778,data,120.39633906332772,-42.3564440084353
797,"10""",0.00277777777777777778,uniform,117.36599860263952,-27.368236103450712
798,"10""",0.00277777777777777778,data,292.049828921804,32.13220147277828
799,"10""",0.00277777777777777778,uniform,328.64375611821174,-32.50717078863351
800,"10""",0.00277777777777777778,data,239.21294583586854,-72.28220066868285
801,1',0.01666666666666666667,uniform,161.8920938231941,-36.17221929131129
802,1',0.01666666666666666667,data,220.998941538805,-51.81710539030459
803,1',0.01666666666666666667,uniform,121.4428276944676,-60.601393941798975
804,1',0.01666666666666666667,data,120.81214851545474,-62.757570196272106
805,1',0.01666666666666666667,uniform,338.8032862290794,46.82724297095381
806,1',0.01666666666666666667,data,259.86320027563556,-29.367438927169214
807,1',0.01666666666666666667,uniform,74.81608042652749,-26.204020508759825
808,1',0.01666666666666666667,data,307.3259732464043,32.639876902106984
809,1',0.01666666666666666667,uniform,230.46202577417733,21.70783228820799
810,1',0.01666666666666666667,data,277.9910624094679,-21.323846107729658
811,1',0.01666666666666666667,uniform,308.17134431416616,-33.93589667934081
812,1',0.01666666666666666667,data,79.05604756207723,53.05020021084993
813,1',0.01666666666666666667,uniform,38.68258005071947,71.84290882157649
814,1',0.01666666666666666667,data,274.2457797877708,-29.408013024043843
815,1',0.01666666666666666667,uniform,303.4836076846162,-17.502462772803483
816,1',0.01666666666666666667,data,196.14650080455488,-16.41724089368319
817,1',0.01666666666666666667,uniform,4.283576025428237,-49.41732403584892
818,1',0.01666666666666666667,data,300.41364751808504,-16.215974385643115
819,1',0.01666666666666666667,uniform,322.06056970701184,-33.86275990946197
820,1',0.01666666666666666667,data,195.7344607859926,45.96902398863217
821,1',0.01666666666666666667,uniform,93.88361390708846,-18.20830931778916
822,1',0.01666666666666666667,data,258.5216642489894,-33.6057343552474
823,1',0.01666666666666666667,uniform,280.812474639789,-14.984010945714612
824,1',0.01666666666666666667,data,70.14315323490163,45.795961012453965
825,1',0.01666666666666666667,uniform,59.88252978294437,79.30738735430462
826,1',0.01666666666666666667,data,323.61351849554586,-30.088544065287675
827,1',0.01666666666666666667,uniform,306.4479475011527,-14.06659082551408
828,1',0.01666666666666666667,data,297.26570688650827,3.718133999103264
829,1',0.01666666666666666667,uniform,243.5479938481365,9.687756080695651
830,1',0.01666666666666666667,data,294.10581552464294,22.074050282516342
831,1',0.01666666666666666667,uniform,159.0265032427892,-3.10529195216373
832,1',0.01666666666666666667,data,297.4532375401144,30.131848231169382
833,1',0.01666666666666666667,uniform,287.52013013299677,86.80442824548732
834,1',0.01666666666666666667,data,89.43048605337268,-64.55437250143963
835,1',0.01666666666666666667,uniform,198.9526325208254,-22.988132684697288
836,1',0.01666666666666666667,data,273.6699383167152,-32.94821291133218
837,1',0.01666666666666666667,uniform,97.39807351658557,-24.69059630407801
838,1',0.01666666666666666667,data,357.0528402088323,67.31921865009099
839,1',0.01666666666666666667,uniform,50.922020661143705,54.33354077807283
840,1',0.01666666666666666667,data,96.22045496728421,71.87810012117997
841,1',0.01666666666666666667,uniform,171.1759055213698,-40.46269279028113
842,1',0.01666666666666666667,data,241.95421060609524,-34.14289783516869
843,1',0.01666666666666666667,uniform,201.04552383801007,32.04711508866602
844,1',0.01666666666666666667,data,279.5460820721131,-12.694242791918674
845,1',0.01666666666666666667,uniform,87.97528768707865,14.48437622272289
846,1',0.01666666666666666667,data,269.33853317408824,38.05145694681727
847,1',0.01666666666666666667,uniform,224.85868905974434,-19.828917249295426
848,1',0.01666666666666666667,data,214.63984795913095,-39.03415863699337
849,1',0.01666666666666666667,uniform,269.8192753194156,57.79962542327688
850,1',0.01666666666666666667,data,76.58907783025101,-67.70492925472341
851,1',0.01666666666666666667,uniform,262.2522436681084,13.658068652961132
852,1',0.01666666666666666667,data,298.5606055380387,23.72702167971583
853,1',0.01666666666666666667,uniform,92.88067463200227,-7.979492367043675
854,1',0.01666666666666666667,data,73.69324076414725,41.57057426698213
855,1',0.01666666666666666667,uniform,173.93833038141048,66.28812210799778
856,1',0.01666666666666666667,data,269.19297332920877,-31.494610698492227
857,1',0.01666666666666666667,uniform,56.77778730993502,-12.654798028552545
858,1',0.01666666666666666667,data,294.3920519328193,16.574353914928153
859,1',0.01666666666666666667,uniform,82.10994528657255,-26.004072148905692
860,1',0.01666666666666666667,data,310.9480957780154,-76.94301683709935
861,1',0.01666666666666666667,uniform,32.405909511623356,-26.753171555811704
862,1',0.01666666666666666667,data,266.3183448083636,14.206300689300688
863,1',0.01666666666666666667,uniform,74.33287943870961,2.304422727600013
864,1',0.01666666666666666667,data,295.3760887267323,24.737140604554508
865,1',0.01666666666666666667,uniform,358.75555430872356,12.574328437649452
866,1',0.01666666666666666667,data,250.43261681414828,-4.844988919033498
867,1',0.01666666666666666667,uniform,23.93638301051576,-15.435921185601385
868,1',0.01666666666666666667,data,227.61669581474817,-68.24745045433878
869,1',0.01666666666666666667,uniform,233.5491951812995,9.699799995659152
870,1',0.01666666666666666667,data,264.9617102803419,-15.875303226716193
871,1',0.01666666666666666667,uniform,244.90691439469896,-55.022169714687045
872,1',0.01666666666666666667,data,217.25203782855482,-40.60014793410874
873,1',0.01666666666666666667,uniform,315.05354866451023,33.054266505339854
874,1',0.01666666666666666667,data,230.2105895866756,-51.7577216410885
875,1',0.01666666666666666667,uniform,322.5524878934438,37.94325584020062
876,1',0.01666666666666666667,data,272.34631211854406,10.893864074668487
877,1',0.01666666666666666667,uniform,346.59880097009193,21.651408489395223
878,1',0.01666666666666666667,data,281.91497047521824,4.58624356242405
879,1',0.01666666666666666667,uniform,316.09585878860526,9.674908024655178
880,1',0.01666666666666666667,data,258.2462152053694,-42.21885994364201
881,1',0.01666666666666666667,uniform,316.3278256060001,16.2962357751976
882,1',0.01666666666666666667,data,282.21774915560206,-12.262909123188836
883,1',0.01666666666666666667,uniform,224.60251161922892,26.53329518028068
884,1',0.01666666666666666667,data,276.87733065910146,-18.820256999270732
885,1',0.01666666666666666667,uniform,302.9343218773934,-9.27318255684649
886,1',0.01666666666666666667,data,261.3284537169523,-5.857186933383058
887,1',0.01666666666666666667,uniform,227.37777042357243,-38.498188619544415
888,1',0.01666666666666666667,data,318.3985101782015,15.424032159647565
889,1',0.01666666666666666667,uniform,52.022966393382475,44.52177857618766
890,1',0.01666666666666666667,data,233.482353700164,-45.291335110903084
891,1',0.01666666666666666667,uniform,54.424446695954416,70.2440826287747
892,1',0.01666666666666666667,data,284.1403310278067,-6.350908150798038
893,1',0.01666666666666666667,uniform,127.6531066287746,26.211376169535708
894,1',0.01666666666666666667,data,143.60190021668436,-56.10917001264591
895,1',0.01666666666666666667,uniform,323.1063692704505,-78.71141463115943
896,1',0.01666666666666666667,data,122.62253048103933,-0.824301924771722
897,1',0.01666666666666666667,uniform,284.6319060410149,78.37276344796906
898,1',0.01666666666666666667,data,279.8639405847978,3.691204850459726
899,1',0.01666666666666666667,uniform,163.6748433458754,16.442939936845292
900,1',0.01666666666666666667,data,268.90515418503384,12.338842529892087
901,1',0.01666666666666666667,uniform,79.76281934525883,56.02017350466415
902,1',0.01666666666666666667,data,277.2113244556382,3.2867880179935507
903,1',0.01666666666666666667,uniform,185.16875442155327,20.932506259622418
904,1',0.01666666666666666667,data,294.8140913491775,11.96037753748568
905,1',0.01666666666666666667,uniform,183.89600106327572,4.627054826137577
906,1',0.01666666666666666667,data,250.17805913259502,-73.85787772913626
907,1',0.01666666666666666667,uniform,252.0404875665816,-88.04104353534713
908,1',0.01666666666666666667,data,260.88011927231605,-22.749830540494198
909,1',0.01666666666666666667,uniform,290.8833394435421,26.488095085205934
910,1',0.01666666666666666667,data,102.0154406890978,18.668976702891577
911,1',0.01666666666666666667,uniform,155.36115767250774,-6.718692520211187
912,1',0.01666666666666666667,data,282.7501268267664,-10.229936402431726
913,1',0.01666666666666666667,uniform,99.60367211801861,-33.41123012364131
914,1',0.01666666666666666667,data,265.34816413117716,-41.01435921095935
915,1',0.01666666666666666667,uniform,197.0541005717122,28.08190042515153
916,1',0.01666666666666666667,data,330.0483648599816,48.48953718752274
917,1',0.01666666666666666667,uniform,140.09245940033804,48.49608464230006
918,1',0.01666666666666666667,data,269.8921411372748,-30.136326148742974
919,1',0.01666666666666666667,uniform,86.2445862933068,3.490348368559141
920,1',0.01666666666666666667,data,290.08637335520416,-3.5849087543993647
921,1',0.01666666666666666667,uniform,73.80743581737538,-16.74276521807685
922,1',0.01666666666666666667,data,268.5307469541214,-33.82037847006614
923,1',0.01666666666666666667,uniform,163.27670235628636,34.39054851633
924,1',0.01666666666666666667,data,262.32062140100595,-49.90698737171521
925,1',0.01666666666666666667,uniform,354.8809615259667,-0.018116248334573575
926,1',0.01666666666666666667,data,277.55191144087206,-24.068849977391174
927,1',0.01666666666666666667,uniform,135.48185716614137,-6.0008564230194015
928,1',0.01666666666666666667,data,223.3166977656016,-37.1112438941281
929,1',0.01666666666666666667,uniform,82.75882194011521,-51.70635744752341
930,1',0.01666666666666666667,data,328.2645393308807,-69.83797140391327
931,1',0.01666666666666666667,uniform,285.0130140065391,74.20014530955743
932,1',0.01666666666666666667,data,46.20147413629481,-1.7131246286284874
933,1',0.01666666666666666667,uniform,10.652402029414718,18.414423431997932
934,1',0.01666666666666666667,data,114.60310628498547,-12.079240070630766
935,1',0.01666666666666666667,uniform,52.408160424990825,-37.4811390472687
936,1',0.01666666666666666667,data,225.8883475069881,-51.571455390583985
937,1',0.01666666666666666667,uniform,294.21580894009753,35.59456183312078
938,1',0.01666666666666666667,data,265.0463814827443,-51.62483103362729
939,1',0.01666666666666666667,uniform,160.60756248998425,74.26094247900633
940,1',0.01666666666666666667,data,152.14984406909662,-52.46126034788737
941,1',0.01666666666666666667,uniform,275.94993937522247,1.0103392954315467
942,1',0.01666666666666666667,data,267.28536009790224,-30.34131233726179
943,1',0.01666666666666666667,uniform,133.77697343782017,36.70511592932131
944,1',0.01666666666666666667,data,286.2432504403442,40.81000852109054
945,1',0.01666666666666666667,uniform,286.7544202820649,37.43905393477994
946,1',0.01666666666666666667,data,132.14038037470328,19.877492552887862
947,1',0.01666666666666666667,uniform,55.723155308773904,14.345853805007383
948,1',0.01666666666666666667,data,22.916672754004264,64.82415772053146
949,1',0.01666666666666666667,uniform,185.82963272564808,-18.763006548855692
950,1',0.01666666666666666667,data,278.80277133114987,-14.404866276944976
951,1',0.01666666666666666667,uniform,124.07484557897641,63.03253904338704
952,1',0.01666666666666666667,data,269.4312467724082,-20.930595360911475
953,1',0.01666666666666666667,uniform,190.711094305662,-47.92306556824861
954,1',0.01666666666666666667,data,298.4056820281717,0.6149360647641982
955,1',0.01666666666666666667,uniform,324.3799435095908,50.54237231642129
956,1',0.01666666666666666667,data,240.00390816831796,-58.66642788072215
957,1',0.01666666666666666667,uniform,179.56874639214718,8.421814656890026
958,1',0.01666666666666666667,data,245.97635782024366,-53.28054567909047
959,1',0.01666666666666666667,uniform,284.19415910262757,16.932214061995985
960,1',0.01666666666666666667,data,74.54583246888096,-67.91664695077841
961,1',0.01666666666666666667,uniform,191.27414642612106,-46.06429388709332
962,1',0.01666666666666666667,data,257.20874304210577,-28.52324622938323
963,1',0.01666666666666666667,uniform,168.76640946412,-35.585567109780975
964,1',0.01666666666666666667,data,169.96722270033254,-80.06910823087397
965,1',0.01666666666666666667,uniform,343.1388367945166,-5.265797263930664
966,1',0.01666666666666666667,data,138.90414493922552,-38.344480178234804
967,1',0.01666666666666666667,uniform,299.8251303022359,52.11261954429658
968,1',0.01666666666666666667,data,256.93027454760886,-37.29254450843602
969,1',0.01666666666666666667,uniform,346.9633785531343,-32.94297348695844
970,1',0.01666666666666666667,data,270.6687898136693,-33.870274865867366
971,1',0.01666666666666666667,uniform,349.81227380031373,-30.743014841028018
972,1',0.01666666666666666667,data,242.18829812389998,-60.40639553379589
973,1',0.01666666666666666667,uniform,0.5285402694119501,-24.28140017077968
974,1',0.01666666666666666667,data,277.68772092288543,-23.886962553845613
975,1',0.01666666666666666667,uniform,251.30152994979184,-34.29227333210066
976,1',0.01666666666666666667,data,256.09579275106455,-34.70884819190148
977,1',0.01666666666666666667,uniform,320.6765517557309,-41.00582072099725
978,1',0.01666666666666666667,data,142.50575371148568,-51.853803793689025
979,1',0.01666666666666666667,uniform,244.44819529086834,10.344450259686184
980,1',0.01666666666666666667,data,217.64694380896222,-55.37936788347544
981,1',0.01666666666666666667,uniform,159.5548514031194,11.87759539393941
982,1',0.01666666666666666667,data,194.84801506600863,-65.03210540823054
983,1',0.01666666666666666667,uniform,82.0312895416337,-31.92415100695009
984,1',0.01666666666666666667,data,287.5044191516119,11.708278277011097
985,1',0.01666666666666666667,uniform,86.33039942563059,42.35037704731171
986,1',0.01666666666666666667,data,220.50260418736693,-52.39464149250169
987,1',0.01666666666666666667,uniform,307.97062461224317,8.19488888316763
988,1',0.01666666666666666667,data,358.328259905497,-53.279447503132246
989,1',0.01666666666666666667,uniform,300.5391070864519,-4.954328461900038
990,1',0.01666666666666666667,data,349.9956989836939,57.869284954013395
991,1',0.01666666666666666667,uniform,166.15773069007162,-3.269124475715053
992,1',0.01666666666666666667,data,278.3569596666817,-16.78890399445968
993,1',0.01666666666666666667,uniform,299.43947332722786,-76.37015305033594
994,1',0.01666666666666666667,data,234.80179482677207,-62.06843912063672
995,1',0.01666666666666666667,uniform,20.92556489936336,2.916960413398301
996,1',0.01666666666666666667,data,221.20614789059098,-39.76021685676993
997,1',0.01666666666666666667,uniform,176.53051236136514,-60.726641534737766
998,1',0.01666666666666666667,data,172.1148948343201,-45.18234843531837
999,1',0.01666666666666666667,uniform,200.00476960483775,8.484311292544115
1000,1',0.01666666666666666667,data,166.4187574091903,-55.65939726813492
1001,1',0.01666666666666666667,uniform,108.40919367822008,-3.3497774599322008
1002,1',0.01666666666666666667,data,287.5298587701905,-5.379253778115887
1003,1',0.01666666666666666667,uniform,282.3885037760514,-8.0567075345038
1004,1',0.01666666666666666667,data,338.0772102382369,45.79497675649523
1005,1',0.01666666666666666667,uniform,175.76645381772477,21.749382522195763
1006,1',0.01666666666666666667,data,262.30720358454937,-15.696136179803622
1007,1',0.01666666666666666667,uniform,331.2443167065165,16.475412509046762
1008,1',0.01666666666666666667,data,101.55102283469978,-22.050008371705477
1009,1',0.01666666666666666667,uniform,76.89593372248054,-51.06055248979363
1010,1',0.01666666666666666667,data,273.274849359875,-28.8742451288687
1011,1',0.01666666666666666667,uniform,112.27097465267403,14.731540149381333
1012,1',0.01666666666666666667,data,286.06268950605755,-14.004931971877896
1013,1',0.01666666666666666667,uniform,16.705053185015515,55.60734651553655
1014,1',0.01666666666666666667,data,241.22278293754502,-58.81753145037836
1015,1',0.01666666666666666667,uniform,161.46430097231857,-37.31900297800829
1016,1',0.01666666666666666667,data,291.5991738264028,-22.583309720643236
1017,1',0.01666666666666666667,uniform,80.82186134533583,73.1846008779069
1018,1',0.01666666666666666667,data,227.68155863672598,-47.38914559334365
1019,1',0.01666666666666666667,uniform,141.73904887101455,21.744634969029814
1020,1',0.01666666666666666667,data,242.1204668056486,-8.724519887225876
1021,1',0.01666666666666666667,uniform,294.62454333239333,-23.103803465951255
1022,1',0.01666666666666666667,data,268.2605633251949,-31.977918534307616
1023,1',0.01666666666666666667,uniform,31.30230642017718,-26.517531792485386
1024,1',0.01666666666666666667,data,128.60189349532496,-25.713298446696157
1025,1',0.01666666666666666667,uniform,153.84656845968817,9.520599680174554
1026,1',0.01666666666666666667,data,248.4302450736657,-55.205567721858145
1027,1',0.01666666666666666667,uniform,180.38483709669345,60.49772246963371
1028,1',0.01666666666666666667,data,234.91466136150652,-67.44412272769377
1029,1',0.01666666666666666667,uniform,270.57672831685557,42.71769754062598
1030,1',0.01666666666666666667,data,237.02541415804467,-39.474759697907
1031,1',0.01666666666666666667,uniform,31.522777386990413,40.5741478782541
1032,1',0.01666666666666666667,data,332.69135740116656,61.774986818251335
1033,1',0.01666666666666666667,uniform,215.76242049135908,-9.713621888472401
1034,1',0.01666666666666666667,data,262.9055364732788,-38.51450353507592
1035,1',0.01666666666666666667,uniform,168.2947693046756,-57.516743752588894
1036,1',0.01666666666666666667,data,256.969971658968,10.192157617072178
1037,1',0.01666666666666666667,uniform,172.37102684253242,-39.68097351551541
1038,1',0.01666666666666666667,data,90.11060096015434,32.54937984851396
1039,1',0.01666666666666666667,uniform,199.29680182751747,48.4207936491055
1040,1',0.01666666666666666667,data,284.9037917951465,-17.192483180209987
1041,1',0.01666666666666666667,uniform,301.1992251656095,-71.43614615247364
1042,1',0.01666666666666666667,data,73.30897148779154,2.099372436782027
1043,1',0.01666666666666666667,uniform,196.8524590824265,33.899495134065866
1044,1',0.01666666666666666667,data,102.62616692344847,-24.968400641027603
1045,1',0.01666666666666666667,uniform,74.78420939787648,18.14663339984513
1046,1',0.01666666666666666667,data,281.4629824550845,-7.011104866201776
1047,1',0.01666666666666666667,uniform,103.474650522464,19.913534800249252
1048,1',0.01666666666666666667,data,264.7374951993267,-37.21717575055486
1049,1',0.01666666666666666667,uniform,147.13502751813934,-43.042839300750465
1050,1',0.01666666666666666667,data,279.44490188735017,-4.889190226068628
1051,1',0.01666666666666666667,uniform,199.3480915839221,25.538043678708238
1052,1',0.01666666666666666667,data,276.95865583778635,-26.094416538306362
1053,1',0.01666666666666666667,uniform,132.18515111132163,-22.238870328362875
1054,1',0.01666666666666666667,data,174.30879195060683,-67.16188593481633
1055,1',0.01666666666666666667,uniform,85.38635308168205,-23.815219655588646
1056,1',0.01666666666666666667,data,207.5839910917352,-71.58867799453289
1057,1',0.01666666666666666667,uniform,227.94574573242585,-18.26881878064932
1058,1',0.01666666666666666667,data,218.36160655032992,-64.92007432081567
1059,1',0.01666666666666666667,uniform,235.32845259230342,23.542927099671118
1060,1',0.01666666666666666667,data,343.3330572988108,57.16486320883007
1061,1',0.01666666666666666667,uniform,214.97478926464518,47.6070534216513
1062,1',0.01666666666666666667,data,181.90801872881732,-57.450381246675356
1063,1',0.01666666666666666667,uniform,263.03586522264226,-59.9093640732494
1064,1',0.01666666666666666667,data,258.20620537640144,-35.229348825003086
1065,1',0.01666666666666666667,uniform,35.559254291632016,44.78701650807834
1066,1',0.01666666666666666667,data,261.3216970381122,-29.793592130064415
1067,1',0.01666666666666666667,uniform,157.96217851096168,-4.916011001469294
1068,1',0.01666666666666666667,data,340.10736133989894,28.049141609333986
1069,1',0.01666666666666666667,uniform,62.97273959706095,-53.92284324747373
1070,1',0.01666666666666666667,data,297.16727217994435,21.56484257588004
1071,1',0.01666666666666666667,uniform,21.11579695870315,22.222828708547805
1072,1',0.01666666666666666667,data,202.8415876884774,-62.686580767691666
1073,1',0.01666666666666666667,uniform,248.18809044147642,-58.832170634271044
1074,1',0.01666666666666666667,data,255.60953447350877,-66.61189720545839
1075,1',0.01666666666666666667,uniform,336.6399399356466,5.613975322779273
1076,1',0.01666666666666666667,data,107.4656383274566,-0.15971460073165933
1077,1',0.01666666666666666667,uniform,147.77133516167615,17.820864218285177
1078,1',0.01666666666666666667,data,244.20610519498308,-32.662240383800984
1079,1',0.01666666666666666667,uniform,166.8369108896139,-1.9650496347374633
1080,1',0.01666666666666666667,data,264.6322834637002,-40.46386473017486
1081,1',0.01666666666666666667,uniform,115.39933180069144,-15.370006609362521
1082,1',0.01666666666666666667,data,97.52397380976622,-49.74767241794496
1083,1',0.01666666666666666667,uniform,228.74029609788712,-19.906370580485
1084,1',0.01666666666666666667,data,142.7204067240228,-27.31916630607767
1085,1',0.01666666666666666667,uniform,37.85356625234479,-65.37175290022189
1086,1',0.01666666666666666667,data,99.79538415102299,23.5267246071982
1087,1',0.01666666666666666667,uniform,217.43730662146942,-32.12342359088984
1088,1',0.01666666666666666667,data,169.83183271646521,-64.25652261177582
1089,1',0.01666666666666666667,uniform,241.9708871187387,-33.65323199392331
1090,1',0.01666666666666666667,data,86.05073402907735,-75.41823366187381
1091,1',0.01666666666666666667,uniform,214.56428506687936,-18.951826306533295
1092,1',0.01666666666666666667,data,195.56869999726587,-63.70747987560029
1093,1',0.01666666666666666667,uniform,75.21723246848123,17.523824562007377
1094,1',0.01666666666666666667,data,357.8386916882662,-58.16266758440705
1095,1',0.01666666666666666667,uniform,147.0369508941628,-23.833728380980194
1096,1',0.01666666666666666667,data,268.5530149659209,6.7106450995025915
1097,1',0.01666666666666666667,uniform,294.5026138044026,-29.267976719259494
1098,1',0.01666666666666666667,data,333.90101939763053,-11.717883253098174
1099,1',0.01666666666666666667,uniform,21.19622640860819,31.920062253735356
1100,1',0.01666666666666666667,data,272.76698522079334,-21.437687664343528
1101,6',0.1,uniform,201.36094538016437,-4.807266553029355
1102,6',0.1,data,274.9840301360956,-26.519974012904875
1103,6',0.1,uniform,232.01727709715306,18.50612976939533
1104,6',0.1,data,233.77239473218722,-51.33037731312042
1105,6',0.1,uniform,99.80345074316955,-32.05554004512704
1106,6',0.1,data,205.62802449809692,-53.51247789597382
1107,6',0.1,uniform,132.67945902430662,-49.79350262142187
1108,6',0.1,data,269.2559859565242,-32.66932412286013
1109,6',0.1,uniform,58.8803996746188,56.7994962333938
1110,6',0.1,data,143.6144318051204,-62.48400323204823
1111,6',0.1,uniform,208.47342486059148,-75.83061415378351
1112,6',0.1,data,224.3931542423291,-65.09371232218082
1113,6',0.1,uniform,31.12604407283122,-17.761109168271698
1114,6',0.1,data,143.8748963095709,-57.19348100464411
1115,6',0.1,uniform,316.6181664463028,7.417869266986293
1116,6',0.1,data,258.0511863627289,-28.290836485532175
1117,6',0.1,uniform,299.1206027391673,-24.463942242380195
1118,6',0.1,data,81.45877505650346,12.002137242146286
1119,6',0.1,uniform,213.01914613788875,44.73078060332361
1120,6',0.1,data,66.40309804130844,34.732928298836015
1121,6',0.1,uniform,129.37306608698674,-24.99526335722572
1122,6',0.1,data,300.9800246566847,19.846816212934556
1123,6',0.1,uniform,212.98996784323242,-23.791412135060714
1124,6',0.1,data,165.34310638350578,-60.7040085750176
1125,6',0.1,uniform,175.8845489717399,81.73625115789187
1126,6',0.1,data,265.0650420854858,-16.18996917912274
1127,6',0.1,uniform,353.2576920809651,14.948300712683157
1128,6',0.1,data,252.06041501492197,-48.27241730824892
1129,6',0.1,uniform,101.17206367727727,-6.729056023530934
1130,6',0.1,data,191.952920382716,-63.06741061796279
1131,6',0.1,uniform,108.17051114048363,45.88795659009389
1132,6',0.1,data,200.6721660947224,-30.271483543667507
1133,6',0.1,uniform,339.77387630073224,-32.9725951869556
1134,6',0.1,data,269.5288157321287,-32.519165856714686
1135,6',0.1,uniform,214.747676120291,-30.513673293678334
1136,6',0.1,data,53.49213738226215,-2.343277558534455
1137,6',0.1,uniform,111.47158043121914,-21.942383258554454
1138,6',0.1,data,264.402633470887,-42.982544862897264
1139,6',0.1,uniform,296.38326402055696,-46.633893645710785
1140,6',0.1,data,276.3257996296697,-15.105064817685962
1141,6',0.1,uniform,257.89915058402784,31.123074158360545
1142,6',0.1,data,305.2231840705698,17.169805278567946
1143,6',0.1,uniform,246.0103771368942,-29.62176171023714
1144,6',0.1,data,135.5989647326607,-52.0881308773672
1145,6',0.1,uniform,234.24602285203449,5.143666756611186
1146,6',0.1,data,198.1605813141211,-22.13990092013981
1147,6',0.1,uniform,163.98486041685675,-13.557398975002965
1148,6',0.1,data,276.3768802481141,-12.320465683896044
1149,6',0.1,uniform,124.70635903457737,-43.33369372748005
1150,6',0.1,data,272.5974528786295,-11.690614794295055
1151,6',0.1,uniform,164.75237822027768,-31.638974765237442
1152,6',0.1,data,200.66710309513596,-65.95082394130772
1153,6',0.1,uniform,292.53290679651303,-52.52473101082095
1154,6',0.1,data,273.0177901058842,-28.12496201135846
1155,6',0.1,uniform,48.788657110305564,31.318258868879237
1156,6',0.1,data,278.4940043985971,-26.138324741265073
1157,6',0.1,uniform,192.3363956635679,0.8009074034366156
1158,6',0.1,data,290.4433239436219,14.14449893164797
1159,6',0.1,uniform,306.4802371569239,51.78711892114021
1160,6',0.1,data,210.51026539775884,-38.582241760540676
1161,6',0.1,uniform,158.27541941323355,-31.172862819703017
1162,6',0.1,data,174.92948700803623,-59.57290538846186
1163,6',0.1,uniform,309.63035062844085,-17.98738563653194
1164,6',0.1,data,240.01008417409835,-34.33568125220675
1165,6',0.1,uniform,159.52458376161422,-78.50655363815126
1166,6',0.1,data,308.62483798134605,-58.55569539099113
1167,6',0.1,uniform,70.71615231307348,-36.10567289490092
1168,6',0.1,data,268.8712314318077,-18.534585500693044
1169,6',0.1,uniform,186.62114456947347,-7.655984875547684
1170,6',0.1,data,256.0805064336381,-55.207004938190366
1171,6',0.1,uniform,103.26783798305738,-9.481820461220115
1172,6',0.1,data,276.2509469396029,-21.004423557627344
1173,6',0.1,uniform,218.27506174973564,-19.936503277827406
1174,6',0.1,data,280.29569746542825,-12.157824619713907
1175,6',0.1,uniform,212.16096534368208,-14.471876434975677
1176,6',0.1,data,121.9322488093075,-20.14167734010286
1177,6',0.1,uniform,311.475481123735,82.76599222614507
1178,6',0.1,data,232.2396429443787,-65.31084874068705
1179,6',0.1,uniform,248.86588635923664,-19.80105215971728
1180,6',0.1,data,286.261145791455,-34.45076063483098
1181,6',0.1,uniform,237.9470521709203,18.98339010040176
1182,6',0.1,data,277.77078288910394,-17.09655983719296
1183,6',0.1,uniform,88.19840841614253,5.380003317312663
1184,6',0.1,data,242.72650492156944,-63.628505883560024
1185,6',0.1,uniform,36.28114303433817,7.593972534804859
1186,6',0.1,data,156.21948756017878,-26.498571712842946
1187,6',0.1,uniform,207.0751418574856,36.07699166967862
1188,6',0.1,data,321.16586039808766,62.60321725969504
1189,6',0.1,uniform,355.589680518566,-57.74886769625807
1190,6',0.1,data,257.98221600988364,-43.111869975289466
1191,6',0.1,uniform,234.98788814371565,-38.38319371010922
1192,6',0.1,data,290.1315978201016,25.658925587236332
1193,6',0.1,uniform,262.80146935886944,58.867167095953256
1194,6',0.1,data,222.26727466566922,-53.33756520789561
1195,6',0.1,uniform,351.6457566854534,49.63941068518458
1196,6',0.1,data,110.22737112796823,-11.677723311014162
1197,6',0.1,uniform,22.312722104810476,3.222403016995312
1198,6',0.1,data,131.44678927600802,-34.54220106283971
1199,6',0.1,uniform,68.37264975467635,-10.724810190326231
1200,6',0.1,data,266.8686035789463,-36.048948077083395
1201,6',0.1,uniform,265.65293929497074,37.34130208560418
1202,6',0.1,data,276.0454146178356,-9.764569901132296
1203,6',0.1,uniform,354.0159140657822,75.99255560546024
1204,6',0.1,data,292.74324795974627,-23.560077941911594
1205,6',0.1,uniform,311.23355920270774,46.92093801696579
1206,6',0.1,data,230.11549449265925,-66.14316976890403
1207,6',0.1,uniform,66.18500508427198,-77.36594757806223
1208,6',0.1,data,289.0089891515769,19.361399210241945
1209,6',0.1,uniform,243.2366196134299,8.772803830803895
1210,6',0.1,data,301.156336269535,11.664907097349122
1211,6',0.1,uniform,57.443480886772385,79.59525811688843
1212,6',0.1,data,281.8680298060417,22.838696639422512
1213,6',0.1,uniform,236.33208836220362,-73.71347510067814
1214,6',0.1,data,276.58114533547996,-15.850914587221077
1215,6',0.1,uniform,176.25342799410407,20.11112956591217
1216,6',0.1,data,275.8340736078222,-1.200120698320147
1217,6',0.1,uniform,18.75114964137439,-12.46023536010332
1218,6',0.1,data,262.66964638508495,-66.84056630598087
1219,6',0.1,uniform,123.12766145543338,50.36414652809533
1220,6',0.1,data,248.22244920578416,-48.28510044298979
1221,6',0.1,uniform,122.53445008303007,26.81563682885271
1222,6',0.1,data,257.5903005661198,-32.20842787783779
1223,6',0.1,uniform,141.61408604303887,7.1728187663493586
1224,6',0.1,data,86.05463336340917,-73.22235010647606
1225,6',0.1,uniform,174.0517742907919,-50.61313530009245
1226,6',0.1,data,101.36301537635164,25.013129786633314
1227,6',0.1,uniform,291.1185560706696,-48.52305917026257
1228,6',0.1,data,124.16600898261413,-55.967345775783166
1229,6',0.1,uniform,256.12102167420153,-9.66587012503622
1230,6',0.1,data,117.77376569754317,-16.98340431234253
1231,6',0.1,uniform,263.0285676386177,-21.044128165124217
1232,6',0.1,data,215.41660660105532,-58.68793839369642
1233,6',0.1,uniform,8.336559769698288,-37.32960528775208
1234,6',0.1,data,319.13715638943626,-57.438146553155605
1235,6',0.1,uniform,344.3694867054035,36.198839045876426
1236,6',0.1,data,209.45808847676489,-56.30329577819603
1237,6',0.1,uniform,287.100493562631,-31.876416093150343
1238,6',0.1,data,248.53340109103902,-47.39011474639828
1239,6',0.1,uniform,167.21550936137422,83.1625577002854
1240,6',0.1,data,251.10781383338858,42.65695450707947
1241,6',0.1,uniform,163.17315500698845,-38.0672745227003
1242,6',0.1,data,148.03525550661692,-32.52851909453472
1243,6',0.1,uniform,291.64474700014694,-7.625743745492507
1244,6',0.1,data,241.00414405241915,-29.97604115864002
1245,6',0.1,uniform,78.77244397055063,-66.03407162936564
1246,6',0.1,data,261.2117248241705,-27.94676916418918
1247,6',0.1,uniform,85.52885761421008,-49.78803427202932
1248,6',0.1,data,263.914915610541,-20.139715332908338
1249,6',0.1,uniform,107.57938997184807,60.106096677461835
1250,6',0.1,data,264.97764431608823,-40.83370991763762
1251,6',0.1,uniform,311.81457850253355,-81.02891734623168
1252,6',0.1,data,306.38636960437833,26.705969412161906
1253,6',0.1,uniform,55.588441471698296,2.2880323507297335
1254,6',0.1,data,212.07537029210516,-57.55514476572465
1255,6',0.1,uniform,106.53095442553953,-61.614648046484206
1256,6',0.1,data,276.001542807733,-28.804040426711573
1257,6',0.1,uniform,280.7216498752484,-3.36141697982699
1258,6',0.1,data,239.78273953791805,-58.15031318117936
1259,6',0.1,uniform,255.11873397167747,63.908856058225126
1260,6',0.1,data,295.12460977747304,39.54635272494845
1261,6',0.1,uniform,64.3977031202735,54.63573638391344
1262,6',0.1,data,284.3353160789469,22.912734012710345
1263,6',0.1,uniform,68.69590984413082,11.449103240626195
1264,6',0.1,data,257.0671890057153,-42.89207680442434
1265,6',0.1,uniform,280.43977006545106,34.05705073723634
1266,6',0.1,data,236.80407094524466,-50.108929433928935
1267,6',0.1,uniform,24.087049992167692,-31.448059004249476
1268,6',0.1,data,180.2398597504195,-62.71510232073788
1269,6',0.1,uniform,309.47885768322254,-1.6793001203619509
1270,6',0.1,data,284.9383389165003,-40.96040723671936
1271,6',0.1,uniform,159.43782334457626,-16.252207299363455
1272,6',0.1,data,135.16883053701727,35.48427802643103
1273,6',0.1,uniform,270.90275739202195,-37.04462503281499
1274,6',0.1,data,233.66095350999186,-61.35687981416014
1275,6',0.1,uniform,326.3277657764978,-36.95842587472673
1276,6',0.1,data,297.882835801064,73.08004160661508
1277,6',0.1,uniform,67.23948664365862,1.3234985344326324
1278,6',0.1,data,273.22002987463287,-54.91914719368121
1279,6',0.1,uniform,50.76065475755746,-31.548277946111735
1280,6',0.1,data,261.57617694718357,-61.97295245908073
1281,6',0.1,uniform,80.96004619604444,-33.77795461416262
1282,6',0.1,data,258.00117933097033,-33.1082386728562
1283,6',0.1,uniform,216.10854461264557,26.799410481905802
1284,6',0.1,data,73.58046274473891,-82.68476981672413
1285,6',0.1,uniform,45.10089525498512,-9.485793241998744
1286,6',0.1,data,261.4582913590667,-17.113797986038453
1287,6',0.1,uniform,248.74212269987473,49.474304279924716
1288,6',0.1,data,292.72868168318314,16.578665475300944
1289,6',0.1,uniform,88.30810126542391,-20.372003221183526
1290,6',0.1,data,193.06522493733178,-67.74365777499129
1291,6',0.1,uniform,138.39336493160397,-20.52167438527262
1292,6',0.1,data,100.07798065503945,-8.523636825692849
1293,6',0.1,uniform,25.728463976784877,-30.933120799889203
1294,6',0.1,data,238.6980740977595,60.060399994098546
1295,6',0.1,uniform,39.761614704154425,-36.23110676607833
1296,6',0.1,data,257.1785215537926,-33.679899178676536
1297,6',0.1,uniform,282.9203965757054,56.20397273823184
1298,6',0.1,data,154.9475079509302,-51.16673566250135
1299,6',0.1,uniform,212.7055062535081,-58.5070584456145
1300,6',0.1,data,256.6602190548136,-31.356377753590127
1301,30',0.5,uniform,277.13789388265366,-17.29865582194298
1302,30',0.5,data,285.5840111532236,12.866647506535783
1303,30',0.5,uniform,159.32898180960248,-50.2857869829186
1304,30',0.5,data,285.5624248332379,-11.43459834746064
1305,30',0.5,uniform,324.8716866184002,-11.14518526192766
1306,30',0.5,data,316.48861402211355,62.95395458823772
1307,30',0.5,uniform,348.85990338972965,30.84106822408053
1308,30',0.5,data,196.37136541875432,-54.552216206810265
1309,30',0.5,uniform,50.05037623812121,25.90966541761721
1310,30',0.5,data,277.2336217033168,-17.26006299812519
1311,30',0.5,uniform,94.60355728050425,-61.59964926700327
1312,30',0.5,data,232.93039097053926,-59.70955527071362
1313,30',0.5,uniform,211.24857198908978,-18.86550985345641
1314,30',0.5,data,187.14655050850547,-65.24813407191198
1315,30',0.5,uniform,43.10402788414496,-59.734616190219896
1316,30',0.5,data,167.95378585499353,-59.58572207076524
1317,30',0.5,uniform,338.0180862382485,35.10014751473403
1318,30',0.5,data,263.91678458235634,-41.32218471708957
1319,30',0.5,uniform,317.040638249317,-5.511561501265809
1320,30',0.5,data,262.5615618970551,-28.163689084855108
1321,30',0.5,uniform,319.0541971359957,-37.36007066581607
1322,30',0.5,data,93.0012576793593,-7.247132692658043
1323,30',0.5,uniform,234.79460362441674,40.85111481495649
1324,30',0.5,data,282.84488177682897,-7.636041338437263
1325,30',0.5,uniform,26.103234452541724,67.88171245660776
1326,30',0.5,data,275.43317309324374,-39.731548586909206
1327,30',0.5,uniform,74.99012340177006,-19.861610525014886
1328,30',0.5,data,284.0374491216443,-8.852210202805153
1329,30',0.5,uniform,210.55408790032678,-77.9107718597686
1330,30',0.5,data,324.5970587362287,52.903735562316264
1331,30',0.5,uniform,86.1179598681778,31.69501975599788
1332,30',0.5,data,277.56317314756825,-22.464996141608623
1333,30',0.5,uniform,36.34513230457415,20.871381121406333
1334,30',0.5,data,296.6276584376569,32.82891463487379
1335,30',0.5,uniform,15.811399885706692,33.83439892997896
1336,30',0.5,data,13.341509500606302,14.147622487801364
1337,30',0.5,uniform,92.36946338176281,-8.073461221735819
1338,30',0.5,data,227.11819194272172,-56.9568051379131
1339,30',0.5,uniform,123.8207416654177,-75.56805796989686
1340,30',0.5,data,243.26383995404262,-50.963457312290664
1341,30',0.5,uniform,215.97256510213293,-44.270604919211735
1342,30',0.5,data,312.2591616338819,27.796968076339727
1343,30',0.5,uniform,345.4227116661137,-57.32484451792104
1344,30',0.5,data,261.17755387818414,-24.507082742583204
1345,30',0.5,uniform,164.44231941157366,-3.776982144006385
1346,30',0.5,data,196.82569635534648,-70.78855442853377
1347,30',0.5,uniform,202.38430601974343,20.434866718932046
1348,30',0.5,data,104.3127426923486,3.1609223585185395
1349,30',0.5,uniform,70.83590858033763,50.282722643316184
1350,30',0.5,data,270.5607409752161,-7.336580726880378
1351,30',0.5,uniform,128.7979586189804,8.048246624274825
1352,30',0.5,data,156.4283354845392,66.81436076618621
1353,30',0.5,uniform,152.079733965097,-45.942971354818674
1354,30',0.5,data,77.85227266889667,-67.89458102792035
1355,30',0.5,uniform,33.45956244443832,32.16586350224932
1356,30',0.5,data,263.48415442068847,-44.594745971019044
1357,30',0.5,uniform,57.66115712053743,1.4918821861045226
1358,30',0.5,data,88.84145133968248,-26.380221243711656
1359,30',0.5,uniform,23.590857062232573,46.97565569163522
1360,30',0.5,data,208.49995310946437,-51.088925231745826
1361,30',0.5,uniform,147.03947185676523,-28.530574815815694
1362,30',0.5,data,250.36978913374278,-32.41007337567672
1363,30',0.5,uniform,169.5575970838651,40.29099378073808
1364,30',0.5,data,230.54688096936908,-45.75342528386683
1365,30',0.5,uniform,70.15378497639544,-2.669096620539272
1366,30',0.5,data,244.64296405232565,-56.85492406152634
1367,30',0.5,uniform,56.18032697477328,23.234398911246583
1368,30',0.5,data,227.71098685295937,-50.46559905891465
1369,30',0.5,uniform,233.05047319515225,-38.60984005199886
1370,30',0.5,data,283.9150433782713,-14.458041316912595
1371,30',0.5,uniform,309.4774007080201,-33.56041258981842
1372,30',0.5,data,270.57136967041725,-42.92878965823789
1373,30',0.5,uniform,62.9126520579884,55.43287919447977
1374,30',0.5,data,274.97847568200103,-57.28397020462683
1375,30',0.5,uniform,315.11712412054635,8.663777228457706
1376,30',0.5,data,293.1023516240461,12.719895093943135
1377,30',0.5,uniform,3.0883695312051618,-16.42365319573659
1378,30',0.5,data,188.04577127488955,-20.262814647905348
1379,30',0.5,uniform,95.48792267453236,0.5866393079761834
1380,30',0.5,data,47.68161433086031,57.72020729536465
1381,30',0.5,uniform,10.985465018918594,13.51768831869587
1382,30',0.5,data,274.9840301360956,-26.519974012904875
1383,30',0.5,uniform,53.6254337086728,53.89211016184071
1384,30',0.5,data,233.77239473218722,-51.33037731312042
1385,30',0.5,uniform,134.40136135825628,43.88335830615959
1386,30',0.5,data,205.62802449809692,-53.51247789597382
1387,30',0.5,uniform,204.7892558352412,-44.17618435326769
1388,30',0.5,data,269.2559859565242,-32.66932412286013
1389,30',0.5,uniform,26.18964451721994,-44.89165328512319
1390,30',0.5,data,143.6144318051204,-62.48400323204823
1391,30',0.5,uniform,71.20547942264643,0.6260615690823909
1392,30',0.5,data,224.3931542423291,-65.09371232218082
1393,30',0.5,uniform,348.35482222364743,-48.35659672736578
1394,30',0.5,data,143.8748963095709,-57.19348100464411
1395,30',0.5,uniform,294.2986563050983,31.493431185366294
1396,30',0.5,data,258.0511863627289,-28.290836485532175
1397,30',0.5,uniform,298.9277327266443,-73.97712889411567
1398,30',0.5,data,81.45877505650346,12.002137242146286
1399,30',0.5,uniform,279.5840814525644,-40.06980652716462
1400,30',0.5,data,66.40309804130844,34.732928298836015
1401,1deg,1.0,uniform,323.7776266439812,39.190207391495264
1402,1deg,1.0,data,268.2605633251949,-31.977918534307616
1403,1deg,1.0,uniform,222.30640711481428,-57.65022059096203
1404,1deg,1.0,data,128.60189349532496,-25.713298446696157
1405,1deg,1.0,uniform,285.4195736607015,-56.08290724716066
1406,1deg,1.0,data,248.4302450736657,-55.205567721858145
1407,1deg,1.0,uniform,93.12087674252456,14.770198243429908
1408,1deg,1.0,data,234.91466136150652,-67.44412272769377
1409,1deg,1.0,uniform,312.61467489432596,-72.96374765833791
1410,1deg,1.0,data,237.02541415804467,-39.474759697907
1411,1deg,1.0,uniform,185.29001369752189,-30.774546400835476
1412,1deg,1.0,data,332.69135740116656,61.774986818251335
1413,1deg,1.0,uniform,288.8221625117536,-69.62766117865505
1414,1deg,1.0,data,262.9055364732788,-38.51450353507592
1415,1deg,1.0,uniform,215.70652626750183,-32.750620110365034
1416,1deg,1.0,data,256.969971658968,10.192157617072178
1417,1deg,1.0,uniform,159.13911821492093,67.72460338242834
1418,1deg,1.0,data,90.11060096015434,32.54937984851396
1419,1deg,1.0,uniform,257.8868874480228,46.3726180156372
1420,1deg,1.0,data,284.9037917951465,-17.192483180209987
1421,1deg,1.0,uniform,71.77831288094768,1.5742062742231249
1422,1deg,1.0,data,73.30897148779154,2.099372436782027
1423,1deg,1.0,uniform,83.134520038523,-74.92417448423785
1424,1deg,1.0,data,102.62616692344847,-24.968400641027603
1425,1deg,1.0,uniform,12.530850854762319,-7.002243300021467
1426,1deg,1.0,data,281.4629824550845,-7.011104866201776
1427,1deg,1.0,uniform,30.102327522669388,-43.5512406673118
1428,1deg,1.0,data,264.7374951993267,-37.21717575055486
1429,1deg,1.0,uniform,142.8942471791712,0.0510202714317459
1430,1deg,1.0,data,279.44490188735017,-4.889190226068628
1431,1deg,1.0,uniform,82.5444072737101,12.171313073219396
1432,1deg,1.0,data,276.95865583778635,-26.094416538306362
1433,1deg,1.0,uniform,118.00788426923147,60.04584999144592
1434,1deg,1.0,data,174.30879195060683,-67.16188593481633
1435,1deg,1.0,uniform,342.6740315073013,-18.931454941291992
1436,1deg,1.0,data,207.5839910917352,-71.58867799453289
1437,1deg,1.0,uniform,55.22380721089563,-58.7509220444366
1438,1deg,1.0,data,218.36160655032992,-64.92007432081567
1439,1deg,1.0,uniform,275.69082268665585,31.471012472201306
1440,1deg,1.0,data,343.3330572988108,57.16486320883007
1441,3deg,3.0,uniform,212.1105836730353,-58.76912289923556
1442,3deg,3.0,data,307.076773687602,23.672502733277383
1443,3deg,3.0,uniform,349.5104168166199,65.14808917014068
1444,3deg,3.0,data,266.5883914589375,-32.82232319942863
1445,3deg,3.0,uniform,200.49088484878283,-23.15104987559247
1446,3deg,3.0,data,255.8610514908395,-28.54746633824003
1447,3deg,3.0,uniform,241.59512874982977,-61.7116994339643
1448,3deg,3.0,data,288.2102340776192,16.758442368998438
1449,3deg,3.0,uniform,189.16131452243337,41.41888333121062
1450,3deg,3.0,data,14.425720851919358,62.839781141772654
1451,3deg,3.0,uniform,17.539995777859563,-26.148849753233154
1452,3deg,3.0,data,168.0182068612159,-73.0211727359843
1453,3deg,3.0,uniform,222.26068861546054,79.89810069019674
1454,3deg,3.0,data,231.9415162352781,-59.732337401580466
1455,3deg,3.0,uniform,8.075880537112248,-11.655456559698706
1456,3deg,3.0,data,280.6524730586592,-37.35230851524192
