qid,label,r,kind,ra0,dec0
1,3deg,3,data,289.87621991222477,10.64815960424911
2,3deg,3,uniform,143.7306567434081,-5.4470113609983635
3,3deg,3,data,273.723489817287,4.575087066661377
4,3deg,3,data,82.05133917348182,-69.37363096482964
5,3deg,3,data,261.88805736130917,-26.227020245581
6,3deg,3,uniform,5.178568949486673,53.55111663100507
7,3deg,3,data,74.6362787602691,13.827871190698668
8,3deg,3,data,90.85598048925728,42.777257737383756
9,3deg,3,uniform,237.92636347082316,24.470469436619904
10,3deg,3,uniform,3.5253160402487627,24.75776975616792
11,3deg,3,uniform,262.04516355896294,-12.417450171051682
12,3deg,3,uniform,184.49890698093657,30.404052696983506
13,3deg,3,uniform,323.4601584287782,-18.28850323461913
14,3deg,3,uniform,52.66893446531812,-48.38834425039596
15,3deg,3,data,261.757037084467,-51.08955709281534
16,3deg,3,data,274.8708881261086,-30.704143660553925
17,1deg,1,data,103.36730697694567,33.57821646844893
18,1deg,1,data,243.02894505683554,-55.13123143491883
19,1deg,1,uniform,251.86426930867972,-64.63111692381398
20,1deg,1,data,221.31352069814628,-46.715700205292826
21,1deg,1,uniform,217.46037376033445,48.474765729423915
22,1deg,1,uniform,178.73961737029606,-36.575624361975
23,1deg,1,data,291.575954263813,-9.80225525996008
24,1deg,1,data,166.9236518171055,-65.49016550632821
25,1deg,1,data,272.407558348565,-38.91565493354469
26,1deg,1,uniform,270.7985332861619,56.11409244355279
27,1deg,1,uniform,0.6726431748730466,73.05045069693182
28,1deg,1,uniform,317.4342107819556,-8.985516363201585
29,1deg,1,data,307.08791157341545,33.51874204996963
30,1deg,1,uniform,351.3125000852065,-78.94006971211726
31,1deg,1,data,340.27165697342315,24.70445493246608
32,1deg,1,uniform,285.0252690434667,3.0090148038703886
33,1deg,1,data,174.59259964391296,-59.61101449235028
34,1deg,1,data,247.65768445426215,-43.61554062740222
35,1deg,1,uniform,186.68687896577688,42.63617125117366
36,1deg,1,data,269.3043736131888,-20.960562977793792
37,1deg,1,data,332.90235604725376,54.40251430606703
38,1deg,1,uniform,258.2341245626365,45.711939257981804
39,1deg,1,uniform,312.0175334278377,-13.51571533927766
40,1deg,1,data,277.3768667365222,26.923805190124735
41,1deg,1,data,161.66885179347742,-51.77883285010183
42,1deg,1,data,230.27198326595519,-46.11988110005757
43,1deg,1,uniform,142.08152983757088,19.41834274277499
44,1deg,1,data,325.2964762647313,59.0297687769892
45,1deg,1,uniform,167.77702719599722,6.1505431048251475
46,1deg,1,data,279.0749601284647,-25.03958679004272
47,1deg,1,uniform,231.04983293138545,48.965814490595605
48,1deg,1,data,1.6415417889180237,68.78168868351757
49,1deg,1,uniform,351.5078882390865,-21.312812952748924
50,1deg,1,uniform,354.7013084551862,-48.45510812382899
51,1deg,1,uniform,298.30786126003574,63.339558667584456
52,1deg,1,uniform,314.89388714993424,-52.05091665199228
53,1deg,1,data,266.3621029386046,-36.16288896588613
54,1deg,1,data,338.240329181668,47.59439555179881
55,1deg,1,uniform,63.00493931030222,20.195433013318464
56,1deg,1,uniform,165.50042206831188,69.27195000033177
57,30',0.5,uniform,223.51477448269014,-79.93129526034308
58,30',0.5,uniform,92.57767647039852,-12.06372991653363
59,30',0.5,data,209.32849649174418,-67.0262851472937
60,30',0.5,uniform,42.362188655474746,24.79874008825547
61,30',0.5,uniform,327.7151856633095,-78.77830667683266
62,30',0.5,data,346.3889553024654,39.65406417875009
63,30',0.5,uniform,105.73322132304864,51.5198482309376
64,30',0.5,uniform,336.4028041417616,40.024556133112995
65,30',0.5,uniform,316.9855174386061,11.073506365002244
66,30',0.5,data,155.31370725330228,-9.681563150614927
67,30',0.5,uniform,27.52770321416154,5.191347157603179
68,30',0.5,uniform,58.07988495387625,-3.943902796953456
69,30',0.5,data,297.66133545779513,-17.70519647466892
70,30',0.5,uniform,7.735400846223648,-2.1555553578585966
71,30',0.5,data,194.19133290062882,-68.78295817823395
72,30',0.5,uniform,11.945089580346337,-56.81558603867052
73,30',0.5,uniform,195.18564349078926,22.115281375450206
74,30',0.5,data,114.08581847092935,-58.22244789631132
75,30',0.5,data,27.344684086076033,14.04691051838926
76,30',0.5,uniform,41.11570532866304,-8.568853296297322
77,30',0.5,data,294.7523093753668,7.005474969973381
78,30',0.5,uniform,137.2054001030091,4.998433505498638
79,30',0.5,data,264.84508272733757,-44.44749658361284
80,30',0.5,uniform,215.5717617687389,63.49549656549564
81,30',0.5,data,57.991341511914094,45.3105406269382
82,30',0.5,data,273.1672114082519,-23.874505489527024
83,30',0.5,uniform,203.56497945564212,-10.81938584093557
84,30',0.5,uniform,104.13226152569632,-25.013951108537192
85,30',0.5,data,300.9639279933358,-22.13646796072828
86,30',0.5,uniform,308.1845456377724,56.80228975478973
87,30',0.5,uniform,28.08113906783344,21.486788876547756
88,30',0.5,uniform,321.1178180648307,33.67699628420492
89,30',0.5,uniform,73.38744819562649,-28.981961422183797
90,30',0.5,data,309.5300512540418,40.17984071655519
91,30',0.5,uniform,198.14726326993306,-74.71425896654523
92,30',0.5,uniform,287.2348104401469,49.814428956978865
93,30',0.5,uniform,226.51547041502056,35.671666388617986
94,30',0.5,uniform,236.9901565086326,59.89361722447644
95,30',0.5,data,247.72744028993455,-32.9578917709653
96,30',0.5,data,255.1738542407128,-57.301629729800524
97,30',0.5,data,202.69909188024246,-59.43717883368533
98,30',0.5,data,82.66886645688558,8.160806998646262
99,30',0.5,uniform,111.6175630305611,-16.473455474193678
100,30',0.5,data,277.78849192071755,-20.288363558233154
101,30',0.5,data,82.84747122310596,57.49994664777261
102,30',0.5,data,282.87223457415564,-5.950466601932329
103,30',0.5,data,285.82046929549625,-8.083034925701869
104,30',0.5,uniform,96.44059673287094,-59.47941033171881
105,30',0.5,data,283.48588887980776,-21.71136307368755
106,30',0.5,data,252.15637087153422,-50.6675797664485
107,30',0.5,uniform,236.2163642267439,15.203470207304921
108,30',0.5,data,314.2382008851654,48.12311049997366
109,30',0.5,data,275.8898777164093,-15.347127444632868
110,30',0.5,uniform,60.49253008618804,-22.06095138734934
111,30',0.5,data,239.1444866666659,2.8498065737515454
112,30',0.5,uniform,131.91739814011137,1.857092877480205
113,30',0.5,uniform,115.44381272351403,-1.9302874531648586
114,30',0.5,uniform,178.2803281803621,43.467886738653156
115,30',0.5,uniform,315.89875649831924,25.134308350423115
116,30',0.5,uniform,303.6328866028816,84.41669670699268
117,30',0.5,uniform,332.9048195837714,-46.844502940904896
118,30',0.5,uniform,254.481525684208,-8.722863152335798
119,30',0.5,uniform,120.32352219916312,26.576115131600353
120,30',0.5,data,256.4965424947693,-33.67227089309158
121,30',0.5,uniform,279.30421317746766,-75.10715085934834
122,30',0.5,uniform,25.140072986862585,69.82146752759655
123,30',0.5,uniform,167.6071932880982,-28.114912920564617
124,30',0.5,uniform,31.929007044977542,-21.31743651103978
125,30',0.5,uniform,303.1594388534485,17.86720635135118
126,30',0.5,uniform,158.4281405033895,40.505720788924386
127,30',0.5,uniform,220.71055329762478,16.43787696608626
128,30',0.5,data,302.74703394434647,14.411423875270657
129,30',0.5,uniform,106.11252727251929,-3.493901162825769
130,30',0.5,data,106.3319578815122,-16.71090128191414
131,30',0.5,uniform,195.4124677975555,-5.298591089720901
132,30',0.5,uniform,82.55639816518074,34.250493861823536
133,30',0.5,data,217.69554889756049,-39.812491118182805
134,30',0.5,uniform,133.7605394166401,-7.9545061514305235
135,30',0.5,uniform,38.78347364903371,32.00730154260462
136,30',0.5,uniform,344.295192957268,26.927789809040885
137,30',0.5,data,172.4183109199615,-38.654697881057075
138,30',0.5,data,289.3184031926227,29.01728536437139
139,30',0.5,data,325.7011558234282,38.82516908768153
140,30',0.5,data,323.48259673099403,55.60359373027516
141,30',0.5,data,261.0017053853879,-42.39110437019962
142,30',0.5,data,295.9557160744155,0.47671297812290536
143,30',0.5,data,177.07619793402225,-56.13514984745417
144,30',0.5,data,185.5950325517633,-36.38562072519138
145,30',0.5,data,221.67240833487753,-51.24881859233435
146,30',0.5,data,347.9520532426439,32.118763212206396
147,30',0.5,data,267.558860824164,16.875603982864014
148,30',0.5,data,174.04613121191102,-52.87484447552355
149,30',0.5,data,37.842228538779864,51.63567868763258
150,30',0.5,data,44.783713921438476,66.6666592130488
151,30',0.5,data,156.97230605827926,-67.45377809319874
152,30',0.5,data,305.43560059672524,-7.073493683258265
153,30',0.5,data,94.36960210189389,15.440309549984557
154,30',0.5,data,292.6130127247343,2.090338420690566
155,30',0.5,data,245.97038217950185,-10.08664931754008
156,30',0.5,data,194.8388918996148,-63.65970013322435
157,6',0.1,uniform,63.38680135013136,66.68305265839952
158,6',0.1,uniform,276.2435954156248,-6.438287829877081
159,6',0.1,uniform,347.9734471549725,-2.399260865803369
160,6',0.1,data,129.37483485624423,-47.68921831341627
161,6',0.1,uniform,140.5216756145512,50.03502990443553
162,6',0.1,data,301.07677778985766,51.92136000449206
163,6',0.1,data,280.35963019815415,-11.01572958108065
164,6',0.1,uniform,76.75993439557482,21.180900847298517
165,6',0.1,uniform,144.38733580051405,-22.455811007409803
166,6',0.1,uniform,151.759510514949,-49.35917594756375
167,6',0.1,uniform,234.68078642478403,-35.82308769927839
168,6',0.1,data,195.3957600609121,-57.67403183140565
169,6',0.1,uniform,350.1615858784777,83.3929307047262
170,6',0.1,uniform,298.40313788295623,5.401051500782652
171,6',0.1,uniform,346.3488432582132,-33.50808987945459
172,6',0.1,uniform,94.60308952459607,-7.1508054640741445
173,6',0.1,data,266.1214322977705,-19.086231589721844
174,6',0.1,uniform,206.59650963165598,30.6957732525933
175,6',0.1,uniform,357.21662215099997,29.812652098544213
176,6',0.1,data,287.47280801271665,46.93178130869399
177,6',0.1,data,39.92482564415617,16.345189580672592
178,6',0.1,data,275.07628546086903,-56.29076810046311
179,6',0.1,uniform,228.65146579693632,-34.45679394243292
180,6',0.1,uniform,100.11527616631598,26.43337934376802
181,6',0.1,data,235.43776019669022,-41.88543321189628
182,6',0.1,uniform,150.10237352112873,53.929755656727366
183,6',0.1,uniform,177.89778597743367,3.8158056867164154
184,6',0.1,uniform,346.93111740269524,-43.193908907802516
185,6',0.1,uniform,116.18886038553956,-39.267237959622626
186,6',0.1,uniform,344.9704473702803,43.689299274382684
187,6',0.1,uniform,155.2989673841538,-42.62038517920548
188,6',0.1,uniform,27.0778836316262,-15.845302039673252
189,6',0.1,uniform,253.42172462683615,37.97125411307094
190,6',0.1,uniform,79.94041320697812,-41.36090964943416
191,6',0.1,uniform,146.9551748503521,37.76891307641471
192,6',0.1,data,225.83857873642276,-43.21447050890934
193,6',0.1,data,287.90806649742314,42.69847259492816
194,6',0.1,uniform,145.52028415558485,-11.843883712708642
195,6',0.1,uniform,334.5805016875481,18.114139066083286
196,6',0.1,uniform,107.49924551534974,-75.09169710821169
197,6',0.1,uniform,246.69578365542407,-69.33586912871817
198,6',0.1,data,281.1541508997805,-39.100645991658965
199,6',0.1,data,298.3436229707167,41.587008770179686
200,6',0.1,uniform,20.966033019767025,-16.987478366857573
201,6',0.1,uniform,92.82037038038949,27.594521462867316
202,6',0.1,uniform,278.67941404628993,9.311540888995522
203,6',0.1,uniform,221.8257918512345,69.70713047448577
204,6',0.1,uniform,132.79693040932466,-11.454928910586425
205,6',0.1,uniform,232.76894540364967,-66.09832110577875
206,6',0.1,uniform,239.99346861930087,48.7774521367396
207,6',0.1,uniform,179.13157937196925,11.631522239715919
208,6',0.1,uniform,336.41214592002694,-21.367330873974268
209,6',0.1,uniform,351.675617354292,64.64918911009605
210,6',0.1,data,251.22320221088535,-55.05274513037061
211,6',0.1,data,20.832607508696185,52.20905637770402
212,6',0.1,data,294.48793709070276,-6.708263593295212
213,6',0.1,uniform,290.2333702983165,59.570506388701936
214,6',0.1,data,251.12225742988517,-38.026373820355495
215,6',0.1,data,144.1406197736044,-62.39863414752426
216,6',0.1,uniform,159.47386587151982,65.04986008103072
217,6',0.1,uniform,298.4250270955893,-7.591509061413249
218,6',0.1,data,247.96550635628896,-57.709664814798785
219,6',0.1,uniform,11.273627767035705,-39.37386633497025
220,6',0.1,data,122.92363666688018,-2.9233018319671586
221,6',0.1,uniform,310.45663967760476,0.12972649677347078
222,6',0.1,uniform,142.13754085718784,10.64671071394135
223,6',0.1,uniform,18.25431072216208,16.841064727762323
224,6',0.1,data,257.65078532880676,-37.697159581103584
225,6',0.1,uniform,253.43795090663204,13.260148442217455
226,6',0.1,uniform,133.97618604914098,-30.451997331910693
227,6',0.1,data,227.09630997077642,72.93433191552765
228,6',0.1,uniform,172.5369739796419,-48.31814748487161
229,6',0.1,data,75.05675995366438,29.58332303709513
230,6',0.1,uniform,231.8435825840171,-56.21943567790574
231,6',0.1,data,282.6859880674,-26.911709684744373
232,6',0.1,uniform,150.79117398764822,81.88108639123867
233,6',0.1,data,272.9255716113694,28.216678444808935
234,6',0.1,uniform,270.940419743663,-12.560950346837782
235,6',0.1,uniform,274.7112325435248,12.364980929989567
236,6',0.1,uniform,272.01939518068923,-3.4313287393457945
237,6',0.1,uniform,169.30155617779832,56.70893419269291
238,6',0.1,uniform,280.8304289570967,14.192600304935308
239,6',0.1,data,267.8166081379133,-41.26399182603951
240,6',0.1,data,299.57933152959697,30.910824261815385
241,6',0.1,data,39.91031740931749,0.24939451282688235
242,6',0.1,uniform,190.7865570171577,-22.49137633242837
243,6',0.1,uniform,349.8307937007804,19.066692437616574
244,6',0.1,uniform,75.84463735324609,-13.999779789295903
245,6',0.1,uniform,351.8476574143504,56.37750487143133
246,6',0.1,uniform,258.00432502268507,10.799187570547065
247,6',0.1,data,25.717920893418956,52.02650473909202
248,6',0.1,uniform,251.76439401317717,-61.4990948785142
249,6',0.1,uniform,125.42641551258085,38.68477473337325
250,6',0.1,uniform,43.327237551505256,63.42863343922731
251,6',0.1,uniform,209.34978477121203,32.82383064177059
252,6',0.1,uniform,328.1218861748954,35.800306053698144
253,6',0.1,uniform,119.48250728574783,-63.53152536798807
254,6',0.1,data,27.54138175529329,-67.49949343042618
255,6',0.1,data,269.69332027169594,-26.407474484807608
256,6',0.1,data,338.59380350887915,36.51937469064346
257,6',0.1,data,287.81466245817774,-51.28693361384305
258,6',0.1,data,229.1096009927652,-58.61091485081199
259,6',0.1,data,288.2589196051263,-22.229448299006812
260,6',0.1,uniform,124.9066537644321,-0.36868760216744795
261,6',0.1,uniform,288.81183211329994,-41.0055320331721
262,6',0.1,uniform,72.91085101719754,-35.9999404330566
263,6',0.1,uniform,129.9519947147138,-35.26263882912458
264,6',0.1,uniform,301.4954610968096,11.415283413133762
265,6',0.1,data,242.76045981241347,-47.83966100822229
266,6',0.1,data,82.56190793935691,45.46514155355293
267,6',0.1,data,132.32632514882502,-33.79001495413123
268,6',0.1,data,265.2360367489848,-16.741192692001984
269,6',0.1,data,351.6178521939949,23.68695279364903
270,6',0.1,uniform,307.1187095952911,-14.266450831789493
271,6',0.1,data,121.41606842039742,-40.77150062471825
272,6',0.1,uniform,76.64960476922109,3.0409841748883735
273,6',0.1,uniform,151.17618347346496,32.36675696911472
274,6',0.1,data,302.57799190794805,23.858795375472262
275,6',0.1,uniform,242.47904035993767,-10.966759229254746
276,6',0.1,uniform,279.59516157440237,70.78579086223867
277,6',0.1,data,254.35331368871817,-35.61721470284924
278,6',0.1,uniform,195.42527894624524,25.637867565110554
279,6',0.1,uniform,189.97234885321353,-36.10133736368725
280,6',0.1,data,285.0240910997245,-2.276992638662174
281,6',0.1,data,210.97054990014638,-41.83342203408279
282,6',0.1,data,225.55804142656083,-19.640160712003198
283,6',0.1,uniform,16.275881526036315,27.441406733840026
284,6',0.1,data,333.50715047247337,65.46734803895151
285,6',0.1,data,167.254282579934,-52.58306252849759
286,6',0.1,data,198.81792823840104,-53.20965467949722
287,6',0.1,uniform,126.51747339855514,-77.39843220402702
288,6',0.1,data,137.32905622617298,-40.51886970472259
289,6',0.1,uniform,312.3128256682454,74.5158358645166
290,6',0.1,data,268.80625243218196,1.0499233964265173
291,6',0.1,uniform,294.791178047402,-17.678187683890055
292,6',0.1,uniform,12.423528173078724,41.68860982367441
293,6',0.1,data,323.33983263240384,28.231501978115602
294,6',0.1,uniform,202.64939885967547,-15.296874009806453
295,6',0.1,uniform,101.8477860704731,-66.43065522031307
296,6',0.1,data,5.363434337045473,60.71594782125933
297,6',0.1,uniform,94.4945310891052,68.70078788466073
298,6',0.1,data,251.27484753347815,5.572899692428698
299,6',0.1,uniform,338.9260385928704,20.493790261234174
300,6',0.1,uniform,355.367306599943,-17.321278366168677
301,6',0.1,uniform,116.14435848850758,-8.344067864150858
302,6',0.1,uniform,256.86904258986664,-68.82765361105466
303,6',0.1,data,257.9095253673214,-21.557170367910917
304,6',0.1,data,319.53823573958,39.34181132174675
305,6',0.1,data,218.8613515988044,-56.9728954367455
306,6',0.1,data,315.3936871061463,39.27647871154113
307,6',0.1,uniform,33.38446376938337,6.464971292975482
308,6',0.1,data,77.53976007481849,51.2225825859372
309,6',0.1,data,282.91245554543,9.495112929978538
310,6',0.1,uniform,88.75220676254922,25.230948355169886
311,6',0.1,uniform,323.6229726588556,-50.001114092872406
312,6',0.1,uniform,127.7354866055909,-30.172635179486118
313,6',0.1,data,275.3067097021013,17.258999314485155
314,6',0.1,data,107.37150494021171,-31.21576624365802
315,6',0.1,data,278.5285017936249,14.872147083284052
316,6',0.1,uniform,58.74970036740006,-71.70071310678463
317,6',0.1,uniform,238.835782196195,-14.883033519752813
318,6',0.1,uniform,273.89110513786585,31.670052607439104
319,6',0.1,uniform,47.94925276724511,-73.7716019439424
320,6',0.1,data,37.6921442017806,-69.03066383396745
321,6',0.1,data,61.62094797264361,25.92319487839052
322,6',0.1,data,309.70069543741937,-47.701487852606995
323,6',0.1,data,119.40291088690918,-38.319676259111894
324,6',0.1,data,168.24738479209634,-56.87909786596561
325,6',0.1,data,252.83889164578366,-23.89246507304618
326,6',0.1,data,296.22518871950786,29.971004387623317
327,6',0.1,data,281.1973532155058,-35.486470250162306
328,6',0.1,data,222.2304528205298,-12.728396168647562
329,6',0.1,data,256.88194717234086,-18.068292496090322
330,6',0.1,data,29.75020327592515,43.137501701675205
331,6',0.1,data,108.52741936682762,-1.6735276317367869
332,6',0.1,data,260.47243535614115,-19.974446590301152
333,6',0.1,data,238.6766542452203,-58.77423817029771
334,6',0.1,data,338.0553743467504,43.43177312498236
335,6',0.1,data,213.1701961185648,54.16964869097363
336,6',0.1,data,118.13215435188708,-25.327619408786585
337,6',0.1,data,255.5159087437845,-29.511711107200348
338,6',0.1,data,274.6612240164905,-18.658548708786146
339,6',0.1,data,145.15264135446716,-37.60657758417548
340,6',0.1,data,79.25924767150016,45.82779708326334
341,6',0.1,data,128.09610260027583,-11.258023066153687
342,6',0.1,data,165.38767270100567,-59.494969574802596
343,6',0.1,data,104.39611123719723,22.543183369213725
344,6',0.1,data,124.41408081171836,-23.38930281414844
345,6',0.1,data,157.17442771413772,-49.58653371770181
346,6',0.1,data,272.26389883152,-43.056259938122906
347,6',0.1,data,94.38742241640078,50.52133587366344
348,6',0.1,data,127.52781156815495,-57.230249118646356
349,6',0.1,data,99.47724432088125,-9.615983639940826
350,6',0.1,data,84.15070507510119,17.838569550896313
351,6',0.1,data,123.82476725712212,-5.8524761378960415
352,6',0.1,data,351.18679954485765,50.06249839576054
353,6',0.1,data,298.45196005860345,28.645129468703043
354,6',0.1,data,105.2001921276241,9.864308819679698
355,6',0.1,data,13.324902092735156,67.78798005526205
356,6',0.1,data,230.86063241692253,42.845361353845135
357,1',0.016666666666666666,uniform,175.4614031035754,5.040663989815307
358,1',0.016666666666666666,data,36.676696697925934,56.76407794956964
359,1',0.016666666666666666,data,299.74768341878183,34.41100649069521
360,1',0.016666666666666666,uniform,224.4742325251425,-25.348158874953352
361,1',0.016666666666666666,data,240.9617577449413,39.72668756403662
362,1',0.016666666666666666,data,293.44469843569374,28.581719978157608
363,1',0.016666666666666666,uniform,199.133245254725,34.66389677327899
364,1',0.016666666666666666,uniform,47.99333960274027,73.96927934444463
365,1',0.016666666666666666,data,107.727228518678,7.601300355192856
366,1',0.016666666666666666,data,285.8251380352354,18.367456695897737
367,1',0.016666666666666666,uniform,141.0385308176041,-44.61307541876127
368,1',0.016666666666666666,uniform,31.762059460005723,-39.389942435533285
369,1',0.016666666666666666,data,34.617943243040884,-2.2927744627830906
370,1',0.016666666666666666,uniform,225.26515726918612,-55.082538936727055
371,1',0.016666666666666666,uniform,177.5115333619749,-10.452110401499707
372,1',0.016666666666666666,uniform,333.94569025309943,69.96458547505777
373,1',0.016666666666666666,uniform,66.73587569208854,17.15467878853478
374,1',0.016666666666666666,data,68.56320183850106,52.52955936969963
375,1',0.016666666666666666,uniform,23.127823462977037,36.18164778808301
376,1',0.016666666666666666,uniform,276.5907897933794,40.30700212613049
377,1',0.016666666666666666,data,343.416597269884,52.17568317685727
378,1',0.016666666666666666,data,281.1018184074649,-15.515501647890733
379,1',0.016666666666666666,uniform,16.306468290028064,-58.94202547010822
380,1',0.016666666666666666,uniform,68.39538682420654,34.453993754995274
381,1',0.016666666666666666,data,236.28436770959004,-62.47663224064672
382,1',0.016666666666666666,uniform,222.82061973111237,-64.11520332959114
383,1',0.016666666666666666,data,250.87658008989044,-22.28329367127343
384,1',0.016666666666666666,uniform,147.2954859750274,-17.214077775847905
385,1',0.016666666666666666,uniform,173.04379786089007,-33.67249466013068
386,1',0.016666666666666666,data,143.6838192020594,-52.914315201381605
387,1',0.016666666666666666,data,66.05229749998567,-11.649256558517047
388,1',0.016666666666666666,data,3.717745224610438,65.7961984167278
389,1',0.016666666666666666,data,263.6953514626324,-19.436549109687707
390,1',0.016666666666666666,uniform,3.9062291741124167,-38.20703948185683
391,1',0.016666666666666666,data,287.44894020091004,21.40281778191526
392,1',0.016666666666666666,data,234.50865232739721,-39.47115803415022
393,1',0.016666666666666666,data,108.65689681815853,-5.339389562068569
394,1',0.016666666666666666,uniform,158.25842199084252,-6.389835973008704
395,1',0.016666666666666666,data,122.00153537466612,-10.375359057062088
396,1',0.016666666666666666,uniform,312.2265121475083,17.694403353922237
397,1',0.016666666666666666,data,241.85037861652805,-38.888863580120486
398,1',0.016666666666666666,data,282.824658207354,-53.95763368791556
399,1',0.016666666666666666,uniform,259.8629250332675,-71.5164117616372
400,1',0.016666666666666666,data,85.10966285772193,-43.6553824757759
401,1',0.016666666666666666,data,280.96461382160146,-2.7969645825320373
402,1',0.016666666666666666,uniform,9.217840959923729,-10.889888525616898
403,1',0.016666666666666666,uniform,284.7239991124058,40.02334005849274
404,1',0.016666666666666666,uniform,172.77113312273255,79.8678941478692
405,1',0.016666666666666666,uniform,218.0605550459581,38.72140988867077
406,1',0.016666666666666666,data,195.62993544937015,-61.06109672134185
407,1',0.016666666666666666,uniform,6.553743284055988,-13.800342860013656
408,1',0.016666666666666666,uniform,8.535986454561595,4.9043767812611385
409,1',0.016666666666666666,uniform,299.2253681333554,38.189631178719715
410,1',0.016666666666666666,uniform,350.80966539372713,-56.140611771847915
411,1',0.016666666666666666,uniform,162.1319931740672,-23.523784376117202
412,1',0.016666666666666666,data,71.82819348552846,35.294437235892666
413,1',0.016666666666666666,uniform,194.98435611647886,40.62688075406715
414,1',0.016666666666666666,uniform,150.38066792554804,63.196702161696436
415,1',0.016666666666666666,data,275.6935031641784,-25.55718150413201
416,1',0.016666666666666666,data,246.67729983218007,-47.378441863842745
417,1',0.016666666666666666,uniform,124.64916824379927,80.12175066688135
418,1',0.016666666666666666,data,307.60225963143125,18.724364456954323
419,1',0.016666666666666666,uniform,194.68705962312856,82.9131510409741
420,1',0.016666666666666666,data,287.9807688080621,-29.41022924443814
421,1',0.016666666666666666,uniform,59.192642127844024,41.74738934255754
422,1',0.016666666666666666,data,142.08341176093825,-36.61640088719599
423,1',0.016666666666666666,uniform,18.1553181639758,73.1277076446081
424,1',0.016666666666666666,uniform,242.58501160118684,51.49768184019413
425,1',0.016666666666666666,data,39.61318562055163,-34.377314495228205
426,1',0.016666666666666666,uniform,25.3240495788286,-65.51368898570034
427,1',0.016666666666666666,data,227.09762897942431,-60.574059374892094
428,1',0.016666666666666666,uniform,227.59804838349874,20.21221673728512
429,1',0.016666666666666666,uniform,335.14023522341984,-35.410705889583596
430,1',0.016666666666666666,uniform,156.16579352653446,-53.65688486191952
431,1',0.016666666666666666,data,283.8202087201875,-11.230536255296784
432,1',0.016666666666666666,uniform,6.709069802623429,3.7941565452025516
433,1',0.016666666666666666,data,98.36051549843025,-1.1219067820012705
434,1',0.016666666666666666,uniform,3.462035479892922,1.7522088760718457
435,1',0.016666666666666666,uniform,122.55388325575484,49.52920899164346
436,1',0.016666666666666666,uniform,300.97099505521885,-42.32318209546311
437,1',0.016666666666666666,uniform,353.28372058765405,9.456500708781974
438,1',0.016666666666666666,data,246.41196914722835,-59.772087526584144
439,1',0.016666666666666666,uniform,186.29438910464035,-44.04764454141863
440,1',0.016666666666666666,uniform,140.7614035558094,37.909250228268746
441,1',0.016666666666666666,data,239.38026312142708,-45.39090411169956
442,1',0.016666666666666666,uniform,284.66712554353563,43.35691947648207
443,1',0.016666666666666666,uniform,35.39757309343031,28.629952788111627
444,1',0.016666666666666666,uniform,222.71142303760305,52.98057545493146
445,1',0.016666666666666666,uniform,300.6346586753839,-62.30688042421454
446,1',0.016666666666666666,data,243.42312372113503,-30.22236355353961
447,1',0.016666666666666666,uniform,169.90208615750595,34.47989498452809
448,1',0.016666666666666666,uniform,206.9909305369621,52.75491778121447
449,1',0.016666666666666666,uniform,169.63932186756475,-12.542964983888522
450,1',0.016666666666666666,uniform,29.054149848744302,-6.241261305389915
451,1',0.016666666666666666,data,246.37472771875287,6.261951925386513
452,1',0.016666666666666666,uniform,51.10310268025839,30.139425071748686
453,1',0.016666666666666666,data,97.99692947847373,45.82046903894213
454,1',0.016666666666666666,data,194.96553772865994,50.937129307648995
455,1',0.016666666666666666,data,91.58438186398483,32.90327754554681
456,1',0.016666666666666666,uniform,20.32822894011143,-43.752810864318334
457,1',0.016666666666666666,uniform,330.41228826114707,-10.234288504463237
458,1',0.016666666666666666,uniform,301.0551241607326,29.107443172846295
459,1',0.016666666666666666,uniform,165.48907616149526,-38.879034920278635
460,1',0.016666666666666666,uniform,133.1808316139197,74.14766681738656
461,1',0.016666666666666666,data,305.361625551237,-32.02875619425151
462,1',0.016666666666666666,data,208.44004659019245,-43.21258744340748
463,1',0.016666666666666666,uniform,231.48983744877256,14.00680367007633
464,1',0.016666666666666666,data,283.03236342337766,-31.158436882550205
465,1',0.016666666666666666,data,54.25593244254527,34.70708047125707
466,1',0.016666666666666666,uniform,313.7662385688444,55.89965386827961
467,1',0.016666666666666666,uniform,340.1237405039719,-42.62064010775979
468,1',0.016666666666666666,uniform,47.19250987267709,4.5382309205649864
469,1',0.016666666666666666,data,143.50937809800874,-55.59404898567103
470,1',0.016666666666666666,uniform,254.99885015783656,-4.051942988213473
471,1',0.016666666666666666,uniform,263.4137117169163,53.18662978239337
472,1',0.016666666666666666,uniform,17.577888794260392,-15.842261980501368
473,1',0.016666666666666666,data,139.79295419738884,-38.22253358184184
474,1',0.016666666666666666,uniform,271.7340700741749,-14.857910413312757
475,1',0.016666666666666666,uniform,52.30916570741219,45.71771039969028
476,1',0.016666666666666666,uniform,293.0199782565147,-4.2336056895055965
477,1',0.016666666666666666,data,330.498690532053,21.374294843973278
478,1',0.016666666666666666,uniform,268.8842353941303,-11.235458576630556
479,1',0.016666666666666666,data,250.94356435378117,-40.49905617096857
480,1',0.016666666666666666,uniform,52.832978972451414,39.28988602102345
481,1',0.016666666666666666,uniform,301.8328810146723,3.2249589580465168
482,1',0.016666666666666666,uniform,147.34728368200868,-45.28447047776955
483,1',0.016666666666666666,uniform,195.84958701741306,43.505411922898354
484,1',0.016666666666666666,data,269.3287355490807,-16.867699804257114
485,1',0.016666666666666666,uniform,219.1621452981478,53.132150661147406
486,1',0.016666666666666666,uniform,286.1880820491122,6.3907993926812345
487,1',0.016666666666666666,uniform,154.43882427631345,28.482797092753383
488,1',0.016666666666666666,data,219.60790094634402,-69.04602958820243
489,1',0.016666666666666666,uniform,20.10427809754992,-22.74636226157401
490,1',0.016666666666666666,uniform,120.96259765490353,12.1289534522722
491,1',0.016666666666666666,data,111.61338647168941,-22.07887917703345
492,1',0.016666666666666666,data,282.658562715123,26.132126868612524
493,1',0.016666666666666666,data,236.59724525080503,-44.71264498476947
494,1',0.016666666666666666,data,339.49995558431226,56.01156423716686
495,1',0.016666666666666666,data,174.02764173448833,-43.777595972719126
496,1',0.016666666666666666,uniform,182.12856922967742,46.633094847899514
497,1',0.016666666666666666,uniform,16.211852298923645,-0.8062005434791851
498,1',0.016666666666666666,uniform,3.8844529884703594,6.266292663553603
499,1',0.016666666666666666,uniform,207.31460813323287,-25.854019779755994
500,1',0.016666666666666666,uniform,357.5239807767188,87.6567169908342
501,1',0.016666666666666666,uniform,14.357177753685901,32.67022840406041
502,1',0.016666666666666666,uniform,149.10647689284002,-47.00852566937693
503,1',0.016666666666666666,uniform,238.40222477260806,55.936799301957144
504,1',0.016666666666666666,uniform,184.64038572056504,66.58477700514057
505,1',0.016666666666666666,data,85.2417809218733,-36.973439778032464
506,1',0.016666666666666666,data,110.35097066255086,-80.43150917332983
507,1',0.016666666666666666,uniform,158.4985373443575,-21.223250155935965
508,1',0.016666666666666666,data,216.82780380238475,-66.8686178162658
509,1',0.016666666666666666,data,82.80310468285693,-63.84815097602408
510,1',0.016666666666666666,uniform,340.53913735138366,-60.893216924856254
511,1',0.016666666666666666,uniform,111.03529368824428,-4.928822392262985
512,1',0.016666666666666666,uniform,111.95766934763759,-36.536036540182955
513,1',0.016666666666666666,uniform,319.1110336686579,-28.850060791557393
514,1',0.016666666666666666,uniform,54.75082712008107,20.88787511257715
515,1',0.016666666666666666,data,292.9474506451958,48.299718807666096
516,1',0.016666666666666666,uniform,68.00426128396529,64.75990130661552
517,1',0.016666666666666666,data,65.71148638337263,43.61154572685671
518,1',0.016666666666666666,data,268.17796675975404,-32.11236839469088
519,1',0.016666666666666666,data,288.208094819813,3.5687713296112578
520,1',0.016666666666666666,data,310.34729033311015,48.1151237229613
521,1',0.016666666666666666,data,29.61778507615484,48.67285160186117
522,1',0.016666666666666666,data,312.589549863036,24.958208048499188
523,1',0.016666666666666666,uniform,121.12412503574637,41.350068899723205
524,1',0.016666666666666666,uniform,44.56819561214629,-60.65522187535255
525,1',0.016666666666666666,uniform,102.22568944850883,21.52045290914067
526,1',0.016666666666666666,data,249.614970633748,-30.731786729951857
527,1',0.016666666666666666,uniform,17.889896343519656,8.635236640452971
528,1',0.016666666666666666,uniform,102.95080900322388,40.74044594928885
529,1',0.016666666666666666,uniform,197.01160577264,-40.34065655192069
530,1',0.016666666666666666,data,115.2296666234856,-36.98550563326952
531,1',0.016666666666666666,uniform,218.00439982535735,10.548932006834422
532,1',0.016666666666666666,data,106.48812485773055,-40.316192277322735
533,1',0.016666666666666666,uniform,7.6278805472767,0.45265738098860087
534,1',0.016666666666666666,uniform,170.88903425280918,51.19488674410972
535,1',0.016666666666666666,uniform,210.7341077864495,-8.178790547241672
536,1',0.016666666666666666,uniform,104.929421524633,-36.54988138257281
537,1',0.016666666666666666,uniform,302.71082961823004,-12.28753683960379
538,1',0.016666666666666666,uniform,132.50783934045072,-5.153431624564994
539,1',0.016666666666666666,data,261.38556540954596,-45.75716186083888
540,1',0.016666666666666666,data,280.40216156847384,3.5697256347634707
541,1',0.016666666666666666,uniform,345.83268078160586,-47.67991078109955
542,1',0.016666666666666666,data,279.62543798496444,-4.643555041696286
543,1',0.016666666666666666,uniform,341.9291115269565,0.3819748230701584
544,1',0.016666666666666666,uniform,19.07911203307463,-0.7323619376343495
545,1',0.016666666666666666,uniform,313.79783445338546,-25.569711726735772
546,1',0.016666666666666666,data,290.1562513492558,19.92674138184328
547,1',0.016666666666666666,uniform,229.26547766805882,56.46653920215354
548,1',0.016666666666666666,data,265.1991318227274,-21.493608039004222
549,1',0.016666666666666666,uniform,170.13300108311523,26.407257283388343
550,1',0.016666666666666666,data,56.97788389482923,48.73373926226285
551,1',0.016666666666666666,data,176.19356701700653,-49.54223779108231
552,1',0.016666666666666666,data,288.4163378617106,0.5378353324156052
553,1',0.016666666666666666,uniform,69.67537935279695,38.95096624148942
554,1',0.016666666666666666,data,213.38059660076982,-58.489651548564446
555,1',0.016666666666666666,uniform,9.031284883480417,-34.8653808801391
556,1',0.016666666666666666,uniform,201.53896362179358,-33.31356102054365
557,1',0.016666666666666666,uniform,68.45134363158334,30.49978269582274
558,1',0.016666666666666666,data,112.93399918284486,-13.150241991803194
559,1',0.016666666666666666,data,103.12663523473859,-0.49783126893115304
560,1',0.016666666666666666,uniform,198.3376966894877,47.523635048012366
561,1',0.016666666666666666,data,269.80142425639553,-45.0966794872526
562,1',0.016666666666666666,uniform,281.95233284197036,-13.561466755828848
563,1',0.016666666666666666,data,166.0837425522967,-19.07437318261042
564,1',0.016666666666666666,uniform,60.600674362708595,39.15459165824791
565,1',0.016666666666666666,uniform,291.6656018377057,-56.066811509604854
566,1',0.016666666666666666,data,132.15290645615042,-46.3524897565481
567,1',0.016666666666666666,uniform,190.91317275634637,-56.86247201286048
568,1',0.016666666666666666,uniform,357.1428942915938,-8.229443269647883
569,1',0.016666666666666666,uniform,248.98437547422287,43.645444946367874
570,1',0.016666666666666666,uniform,82.7027866294455,37.67917790873829
571,1',0.016666666666666666,uniform,135.59897408347493,13.244905985603362
572,1',0.016666666666666666,data,264.8874646248776,-41.223889546288724
573,1',0.016666666666666666,data,317.404816008583,72.90479611963315
574,1',0.016666666666666666,uniform,189.07601042639462,24.108469009950007
575,1',0.016666666666666666,uniform,100.8867018813413,-22.66581649476231
576,1',0.016666666666666666,uniform,149.20645484632422,-60.2638624895836
577,1',0.016666666666666666,uniform,246.2408292185494,-14.522817840064135
578,1',0.016666666666666666,uniform,350.29784750659667,-16.990698592601674
579,1',0.016666666666666666,uniform,184.98458778091526,-49.82214951271615
580,1',0.016666666666666666,uniform,164.18671105384445,-20.238687513512666
581,1',0.016666666666666666,data,309.8437551348118,35.56318262685766
582,1',0.016666666666666666,uniform,219.36706875448604,7.783708426283731
583,1',0.016666666666666666,data,99.25103726245905,-12.000783853190175
584,1',0.016666666666666666,uniform,358.2423934017415,-23.49077283551033
585,1',0.016666666666666666,uniform,115.10773910163091,-29.53163467684166
586,1',0.016666666666666666,uniform,233.3671078474456,-23.908236304968632
587,1',0.016666666666666666,uniform,244.32836386205784,38.56018164705747
588,1',0.016666666666666666,uniform,126.25241509806592,-7.638724619589686
589,1',0.016666666666666666,data,274.4001850736744,-44.682660510835454
590,1',0.016666666666666666,uniform,121.38356986437009,30.861476061861552
591,1',0.016666666666666666,data,119.16975441157105,4.708201954054455
592,1',0.016666666666666666,uniform,228.87955506098876,-2.8021882398294755
593,1',0.016666666666666666,uniform,161.92381583227913,-11.986104292162945
594,1',0.016666666666666666,uniform,117.09015273002711,-30.80477425360854
595,1',0.016666666666666666,data,178.20930028364577,-63.895639021724044
596,1',0.016666666666666666,uniform,217.23976072082954,-73.77130060359853
597,1',0.016666666666666666,uniform,112.1138108881891,17.80167253781425
598,1',0.016666666666666666,uniform,105.62451418800285,-27.165172151028063
599,1',0.016666666666666666,data,272.0658346685298,-5.864026185059291
600,1',0.016666666666666666,data,292.74850596272,26.339774913005208
601,1',0.016666666666666666,data,293.0974164970883,55.62138971058773
602,1',0.016666666666666666,data,254.94856614936015,-26.547599779984804
603,1',0.016666666666666666,data,291.21990641888533,23.921756434936544
604,1',0.016666666666666666,data,321.3105946739645,43.97638349225167
605,1',0.016666666666666666,data,22.7207387018624,57.71774471794764
606,1',0.016666666666666666,data,112.46926245585202,-40.16252425830665
607,1',0.016666666666666666,data,97.01387802156967,-3.5840763322132942
608,1',0.016666666666666666,data,271.2145565511381,-35.60968151547694
609,1',0.016666666666666666,data,295.7897050871037,17.576910035948973
610,1',0.016666666666666666,data,29.40221832041432,63.18967784718472
611,1',0.016666666666666666,data,105.87841707734785,-11.322305129993428
612,1',0.016666666666666666,data,323.38607402224295,-74.11732052339948
613,1',0.016666666666666666,data,177.12488874930543,-32.60536743875128
614,1',0.016666666666666666,data,74.68763818072941,23.8033253145797
615,1',0.016666666666666666,data,285.1448056975274,-48.99130135686606
616,1',0.016666666666666666,data,343.4137704421612,61.550962466888414
617,1',0.016666666666666666,data,282.4713219431447,64.22456429613389
618,1',0.016666666666666666,data,312.7570970611976,58.26613314476505
619,1',0.016666666666666666,data,247.5955352564297,37.98838024272158
620,1',0.016666666666666666,data,242.3748408718443,19.357068173342515
621,1',0.016666666666666666,data,101.50645936393049,-6.610468232019575
622,1',0.016666666666666666,data,94.32531113971605,2.9469043162771182
623,1',0.016666666666666666,data,208.33059651848492,-59.902639597350465
624,1',0.016666666666666666,data,304.6905857897908,22.463884066700537
625,1',0.016666666666666666,data,127.94437946538014,-41.13052258058175
626,1',0.016666666666666666,data,140.65072467589366,-63.88490315696319
627,1',0.016666666666666666,data,254.5614112751395,-44.79017253114644
628,1',0.016666666666666666,data,181.8029161972909,21.52271090023452
629,1',0.016666666666666666,data,116.64688770833986,-21.54027167264898
630,1',0.016666666666666666,data,90.61145900335043,11.15216016020079
631,1',0.016666666666666666,data,299.698978669683,-25.477774579543862
632,1',0.016666666666666666,data,256.08460321186743,-16.037085764911996
633,1',0.016666666666666666,data,113.12612482716206,-7.696539361483564
634,1',0.016666666666666666,data,291.53005814554626,-16.684133973699563
635,1',0.016666666666666666,data,268.14769725296406,-24.032539004012218
636,1',0.016666666666666666,data,273.30628309530533,16.020905941536927
637,1',0.016666666666666666,data,296.5141280289863,36.40595789859498
638,1',0.016666666666666666,data,110.9940437791921,-27.006064727067308
639,1',0.016666666666666666,data,204.4496265754749,-65.17296666142829
640,1',0.016666666666666666,data,312.88207939984227,31.443978034375977
641,1',0.016666666666666666,data,128.36981383330814,-19.142946483850075
642,1',0.016666666666666666,data,146.97651985760692,-51.72396725847766
643,1',0.016666666666666666,data,294.68512445589465,32.670329003924905
644,1',0.016666666666666666,data,157.93369034511184,-58.35871335281132
645,1',0.016666666666666666,data,119.00389838637925,-8.494023649905873
646,1',0.016666666666666666,data,11.093561551160866,76.9349257944841
647,1',0.016666666666666666,data,306.47686065306266,30.014394943679847
648,1',0.016666666666666666,data,86.41010557513607,18.753168152898734
649,1',0.016666666666666666,data,115.61865889736285,13.36865552559465
650,1',0.016666666666666666,data,290.5038685773616,-28.485248230857543
651,1',0.016666666666666666,data,295.63643237058886,10.500720711274449
652,1',0.016666666666666666,data,105.59688842206847,25.907973339388167
653,1',0.016666666666666666,data,261.3805504114535,-18.013368337407396
654,1',0.016666666666666666,data,24.486201440878098,41.16322237431673
655,1',0.016666666666666666,data,135.22342770101733,-53.55397585073419
656,1',0.016666666666666666,data,88.39949187911245,22.72342158909954
657,"10""",0.002777777777777778,uniform,144.834517564689,-69.66509470459629
658,"10""",0.002777777777777778,uniform,136.15085807353609,-3.763899679151967
659,"10""",0.002777777777777778,uniform,143.10778697814388,33.14152309448066
660,"10""",0.002777777777777778,data,306.6144675062829,50.43959343631481
661,"10""",0.002777777777777778,uniform,355.56370723111377,27.642296110824464
662,"10""",0.002777777777777778,uniform,191.4816816237512,-86.62295372470072
663,"10""",0.002777777777777778,uniform,332.7469015242553,-15.373173540783052
664,"10""",0.002777777777777778,data,281.5712393807775,-29.216938168792073
665,"10""",0.002777777777777778,data,225.61542466129382,-49.3336872563198
666,"10""",0.002777777777777778,uniform,181.40171462585928,-17.88058205075929
667,"10""",0.002777777777777778,data,90.3563360698729,-17.076550257080484
668,"10""",0.002777777777777778,data,235.86773513697887,-49.4316408652084
669,"10""",0.002777777777777778,uniform,260.9615220646781,-80.80767716557958
670,"10""",0.002777777777777778,data,212.59221733060133,-64.19319245333594
671,"10""",0.002777777777777778,data,321.1422797401805,24.902115155861903
672,"10""",0.002777777777777778,data,284.8262961604426,13.979840452052127
673,"10""",0.002777777777777778,uniform,22.291747449201644,-7.7978035120089215
674,"10""",0.002777777777777778,data,112.2325746899418,-31.32456713222947
675,"10""",0.002777777777777778,uniform,152.7375426490954,-14.359279129550623
676,"10""",0.002777777777777778,uniform,12.221726690784953,39.05451794249042
677,"10""",0.002777777777777778,uniform,105.3912365744332,48.249746477984864
678,"10""",0.002777777777777778,uniform,339.1004160311622,6.046562135568097
679,"10""",0.002777777777777778,data,160.91463726909478,-55.838016477433264
680,"10""",0.002777777777777778,uniform,250.31241998019883,25.728290562209516
681,"10""",0.002777777777777778,data,299.5523669817048,25.79215535762161
682,"10""",0.002777777777777778,data,214.49216673615533,-36.29461155793513
683,"10""",0.002777777777777778,data,197.96433167336173,-12.850455290577282
684,"10""",0.002777777777777778,data,267.42795182191026,-29.613267216644648
685,"10""",0.002777777777777778,uniform,83.89446682005298,-34.27152061982945
686,"10""",0.002777777777777778,data,229.2308499355865,-42.23655442238474
687,"10""",0.002777777777777778,data,254.0352093189818,-38.433790872206245
688,"10""",0.002777777777777778,data,208.1032681143988,-55.13726733067927
689,"10""",0.002777777777777778,uniform,150.82222896993594,-9.338427601774702
690,"10""",0.002777777777777778,uniform,107.66144946491508,39.52705048160732
691,"10""",0.002777777777777778,uniform,118.88563379437996,75.90419527931085
692,"10""",0.002777777777777778,data,246.08398234070654,-52.00093213890932
693,"10""",0.002777777777777778,uniform,59.63234972182623,2.9675945921271585
694,"10""",0.002777777777777778,uniform,151.50039886474565,6.576560758081126
695,"10""",0.002777777777777778,uniform,288.48925836384507,-59.49799545972209
696,"10""",0.002777777777777778,uniform,187.56095972870528,-32.22406757337083
697,"10""",0.002777777777777778,data,304.32143955585695,40.546951964064924
698,"10""",0.002777777777777778,uniform,308.05162503895485,-3.5358565576611674
699,"10""",0.002777777777777778,uniform,277.37548319544544,38.23794715768475
700,"10""",0.002777777777777778,uniform,330.38999633433826,77.93250742485937
701,"10""",0.002777777777777778,data,214.24916389536398,-54.081416281066446
702,"10""",0.002777777777777778,uniform,251.96119620875194,65.11749392079875
703,"10""",0.002777777777777778,uniform,57.06211685139149,-30.598481331399018
704,"10""",0.002777777777777778,data,149.08242817248055,-40.40365069186473
705,"10""",0.002777777777777778,uniform,161.11796481928906,9.678296480799427
706,"10""",0.002777777777777778,data,57.075851861659,51.87648551288695
707,"10""",0.002777777777777778,uniform,90.84958726726063,-48.472196636252995
708,"10""",0.002777777777777778,uniform,45.31971426286191,-21.75052715253559
709,"10""",0.002777777777777778,uniform,348.5644494098826,52.58254543761959
710,"10""",0.002777777777777778,data,351.9721396441232,70.69495827703206
711,"10""",0.002777777777777778,data,317.68937635476783,52.33522178156044
712,"10""",0.002777777777777778,uniform,156.0520188176215,52.440057699527806
713,"10""",0.002777777777777778,uniform,41.741154258748324,-63.4089650614945
714,"10""",0.002777777777777778,uniform,236.17173420579547,42.59508903292002
715,"10""",0.002777777777777778,data,327.5377911662569,-46.81573296515024
716,"10""",0.002777777777777778,uniform,153.93464145451478,7.957785523715797
717,"10""",0.002777777777777778,uniform,175.35012492938978,35.17232232199588
718,"10""",0.002777777777777778,data,316.97517768613886,-43.613565558210745
719,"10""",0.002777777777777778,data,234.8565616924424,-52.46617574931206
720,"10""",0.002777777777777778,uniform,332.8651146402818,0.7265720810194969
721,"10""",0.002777777777777778,data,288.30857582909607,32.41060266426931
722,"10""",0.002777777777777778,uniform,320.9154695896718,5.55645515956045
723,"10""",0.002777777777777778,uniform,132.70888152011906,43.11469575359517
724,"10""",0.002777777777777778,data,236.52961406635197,-30.293393908576334
725,"10""",0.002777777777777778,uniform,153.63412305785408,3.553205834616271
726,"10""",0.002777777777777778,uniform,28.124724812775632,18.47425732988505
727,"10""",0.002777777777777778,uniform,148.46626207424308,-74.18612552689034
728,"10""",0.002777777777777778,uniform,216.62867675728725,33.68440332788177
729,"10""",0.002777777777777778,data,146.57429784111204,-28.718906768366633
730,"10""",0.002777777777777778,uniform,282.457169310542,-71.23650046531783
731,"10""",0.002777777777777778,uniform,34.572743896553824,40.239154270727106
732,"10""",0.002777777777777778,uniform,122.65220574758577,-32.49636637641682
733,"10""",0.002777777777777778,data,132.07339852715452,-50.914115579302845
734,"10""",0.002777777777777778,uniform,168.791547491994,-39.78626978875138
735,"10""",0.002777777777777778,uniform,337.3419624417102,15.735765436848563
736,"10""",0.002777777777777778,uniform,32.13372025466363,-4.086223994188312
737,"10""",0.002777777777777778,uniform,193.43936303008874,-41.155902682997656
738,"10""",0.002777777777777778,uniform,215.2686053894116,-45.62422844167111
739,"10""",0.002777777777777778,data,139.14098888198018,-0.2161673483517044
740,"10""",0.002777777777777778,uniform,138.03275169028598,-14.389884838787806
741,"10""",0.002777777777777778,uniform,358.2951737050984,-14.748456092475397
742,"10""",0.002777777777777778,data,70.99489060262981,4.327613223124848
743,"10""",0.002777777777777778,data,275.61464203226154,-62.655127659415946
744,"10""",0.002777777777777778,uniform,336.82304809016796,-7.063208813035283
745,"10""",0.002777777777777778,data,292.54445267668893,19.13465440809489
746,"10""",0.002777777777777778,uniform,145.34669412635958,-19.95725093486804
747,"10""",0.002777777777777778,uniform,52.98865323921861,-15.565433875285926
748,"10""",0.002777777777777778,uniform,62.99790826740632,-39.27195072880018
749,"10""",0.002777777777777778,uniform,92.57460270378296,73.37478019234088
750,"10""",0.002777777777777778,data,278.65170885561395,32.1521450530382
751,"10""",0.002777777777777778,uniform,354.8991453896424,-2.5582192631945055
752,"10""",0.002777777777777778,uniform,127.58350484466425,-60.69093070934737
753,"10""",0.002777777777777778,uniform,284.5271132353763,-42.09737278188585
754,"10""",0.002777777777777778,data,210.0243244019405,-52.89466444227246
755,"10""",0.002777777777777778,uniform,330.5854563995367,-56.23761025063577
756,"10""",0.002777777777777778,uniform,230.39082508555137,-8.438461204409965
757,"10""",0.002777777777777778,uniform,248.76422124953913,21.350670641914377
758,"10""",0.002777777777777778,uniform,141.66964807558452,35.11378547041039
759,"10""",0.002777777777777778,data,113.12842828227431,12.295886896714174
760,"10""",0.002777777777777778,data,179.5543410148499,0.043380412043450924
761,"10""",0.002777777777777778,uniform,180.3415289319938,14.589760535216993
762,"10""",0.002777777777777778,data,120.94867658928587,-42.96216765726499
763,"10""",0.002777777777777778,uniform,354.67046667779505,-53.02191168826913
764,"10""",0.002777777777777778,uniform,253.11040809631584,26.990732486516244
765,"10""",0.002777777777777778,uniform,164.03812973833038,17.980902533492976
766,"10""",0.002777777777777778,data,237.03282542522388,-47.11805732778197
767,"10""",0.002777777777777778,data,280.1415374518932,-7.841779557094602
768,"10""",0.002777777777777778,data,278.9770908541082,-14.512138363497682
769,"10""",0.002777777777777778,data,267.7286771589587,-55.90164814823181
770,"10""",0.002777777777777778,uniform,232.01071134886513,35.44133968633884
771,"10""",0.002777777777777778,uniform,176.38259580776094,64.54399459186726
772,"10""",0.002777777777777778,uniform,185.32039087000467,-30.10374397033905
773,"10""",0.002777777777777778,uniform,318.16906618756343,1.3844392709784934
774,"10""",0.002777777777777778,data,46.562777788277266,46.42521870833929
775,"10""",0.002777777777777778,uniform,135.8685303835411,-0.08536118152189405
776,"10""",0.002777777777777778,uniform,144.95988088512607,24.228861369386394
777,"10""",0.002777777777777778,data,215.21937282454377,-62.428450139362596
778,"10""",0.002777777777777778,uniform,155.58211404799414,-37.096786666515875
779,"10""",0.002777777777777778,uniform,56.37444892931398,41.52401191443878
780,"10""",0.002777777777777778,uniform,176.7871191586,-67.59280875187308
781,"10""",0.002777777777777778,data,295.06475759876986,20.275664507959338
782,"10""",0.002777777777777778,data,289.2483407844297,-33.00305141840328
783,"10""",0.002777777777777778,uniform,112.73761164275041,-42.56222789546649
784,"10""",0.002777777777777778,uniform,64.32685568106216,35.69471198581996
785,"10""",0.002777777777777778,data,222.5443159480842,-66.86954606669349
786,"10""",0.002777777777777778,uniform,241.91381375689235,-49.8833085788467
787,"10""",0.002777777777777778,uniform,41.71969817151637,27.64310707030876
788,"10""",0.002777777777777778,data,205.2353877179004,-51.023229189676975
789,"10""",0.002777777777777778,uniform,353.0993329611966,-63.53810161346975
790,"10""",0.002777777777777778,data,74.87656196995367,-63.86337668875993
791,"10""",0.002777777777777778,data,101.23015775254618,-11.232265388398499
792,"10""",0.002777777777777778,data,286.49284273483426,15.890502017897651
793,"10""",0.002777777777777778,data,56.28723083062483,66.61039493811025
794,"10""",0.002777777777777778,uniform,300.14623889151164,-3.9989276577475956
795,"10""",0.002777777777777778,data,271.68300287975046,-69.90725094283705
796,"10""",0.002777777777777778,uniform,67.36257972971126,76.651873800524
797,"10""",0.002777777777777778,uniform,193.60689937322775,3.070504453757913
798,"10""",0.002777777777777778,uniform,0.22054100866482962,-13.457101928687273
799,"10""",0.002777777777777778,uniform,193.36366556610128,-7.390972606596067
800,"10""",0.002777777777777778,uniform,140.33389221683345,27.18067648282557
801,"10""",0.002777777777777778,uniform,234.23438266067433,-5.628484443376096
802,"10""",0.002777777777777778,uniform,45.71162520424895,-52.42895411200512
803,"10""",0.002777777777777778,data,258.118366064451,-30.321786664432214
804,"10""",0.002777777777777778,data,326.47170829497907,42.54954153294452
805,"10""",0.002777777777777778,uniform,3.0842088689553115,-9.581068259540894
806,"10""",0.002777777777777778,uniform,315.4361743996341,-18.347899797959773
807,"10""",0.002777777777777778,data,353.8045720849371,52.040781499044414
808,"10""",0.002777777777777778,uniform,205.69574815922377,24.902654437048653
809,"10""",0.002777777777777778,data,279.16446948550777,-46.927622025621226
810,"10""",0.002777777777777778,uniform,182.5023875861663,-35.66076847915351
811,"10""",0.002777777777777778,uniform,343.1234092298472,-7.925188209789998
812,"10""",0.002777777777777778,uniform,272.3089874465001,-53.134891345025366
813,"10""",0.002777777777777778,data,307.0701514055125,22.73475780822639
814,"10""",0.002777777777777778,uniform,256.034177138408,79.71297729547243
815,"10""",0.002777777777777778,data,344.5612387837736,79.06206639634537
816,"10""",0.002777777777777778,data,221.87530279042173,-53.815160777444376
817,"10""",0.002777777777777778,uniform,18.302857430563666,30.423793480760153
818,"10""",0.002777777777777778,uniform,16.972534119193988,46.94842248851212
819,"10""",0.002777777777777778,uniform,184.9043641566628,-4.850119081707239
820,"10""",0.002777777777777778,data,149.59210468597556,-56.163932163872886
821,"10""",0.002777777777777778,uniform,348.7487265826307,-35.006965607027524
822,"10""",0.002777777777777778,uniform,9.78692681019667,-18.196350908192965
823,"10""",0.002777777777777778,uniform,71.23853861074699,44.09280380540183
824,"10""",0.002777777777777778,data,209.14789403389747,-46.05084084048042
825,"10""",0.002777777777777778,uniform,281.1268132019188,-41.90794859810417
826,"10""",0.002777777777777778,data,289.01384784048713,-3.1475706397371717
827,"10""",0.002777777777777778,data,141.31050980705047,-41.715785734636036
828,"10""",0.002777777777777778,data,311.040304060314,22.74932457019547
829,"10""",0.002777777777777778,uniform,155.7514697011657,-25.966111524630325
830,"10""",0.002777777777777778,data,267.9367894643605,-47.328139434240896
831,"10""",0.002777777777777778,uniform,185.9480320394607,3.9934228150516975
832,"10""",0.002777777777777778,data,295.15982460492376,40.707724481760806
833,"10""",0.002777777777777778,uniform,295.66053440640025,-25.155633684131324
834,"10""",0.002777777777777778,data,97.52321575598464,21.495112183013127
835,"10""",0.002777777777777778,data,239.5681453637586,8.534305334318628
836,"10""",0.002777777777777778,uniform,296.0037365724379,-11.393061354774805
837,"10""",0.002777777777777778,uniform,109.30885245717504,30.592977748549227
838,"10""",0.002777777777777778,uniform,138.1730969278579,34.53222875912585
839,"10""",0.002777777777777778,data,186.23315886366024,-65.28775679358957
840,"10""",0.002777777777777778,data,90.70503686717807,15.702412545060902
841,"10""",0.002777777777777778,data,226.980816044173,41.18441053858885
842,"10""",0.002777777777777778,uniform,277.4836907383024,23.541785554827122
843,"10""",0.002777777777777778,uniform,341.90411828087827,-40.56572078338038
844,"10""",0.002777777777777778,uniform,32.21825458803717,-51.429382898753396
845,"10""",0.002777777777777778,uniform,252.40374416748153,68.06088791365018
846,"10""",0.002777777777777778,data,340.5218874098893,-54.61276871169477
847,"10""",0.002777777777777778,uniform,150.5683619240241,-11.771994081638724
848,"10""",0.002777777777777778,uniform,100.75972456487767,73.05760778320663
849,"10""",0.002777777777777778,uniform,19.181810079276858,64.62755180248458
850,"10""",0.002777777777777778,uniform,273.8653366277643,-48.45670719321323
851,"10""",0.002777777777777778,data,278.3710818089137,-16.621049866555328
852,"10""",0.002777777777777778,data,270.07967295216844,-6.92314106880659
853,"10""",0.002777777777777778,uniform,23.387763742144145,-2.9135875585794384
854,"10""",0.002777777777777778,uniform,167.79047334834846,31.41524739038334
855,"10""",0.002777777777777778,data,281.2164344388173,36.34653047871634
856,"10""",0.002777777777777778,uniform,211.9765123401212,-30.39667001502677
857,"10""",0.002777777777777778,uniform,77.22303651751908,-35.84125679723948
858,"10""",0.002777777777777778,uniform,125.1930591721273,-43.889163942824865
859,"10""",0.002777777777777778,uniform,337.93171937764197,-16.25809433534329
860,"10""",0.002777777777777778,uniform,43.56353123624789,-38.65739632825499
861,"10""",0.002777777777777778,uniform,357.20042135051506,1.0927863142314487
862,"10""",0.002777777777777778,uniform,19.407536354459765,78.65459253872714
863,"10""",0.002777777777777778,uniform,230.1221978848946,26.65907679900966
864,"10""",0.002777777777777778,uniform,192.9006348574512,-29.77332921318449
865,"10""",0.002777777777777778,uniform,296.6285065051814,72.47064010516124
866,"10""",0.002777777777777778,uniform,112.77568349666196,77.95007203247982
867,"10""",0.002777777777777778,data,75.93430721172285,-27.126434997857054
868,"10""",0.002777777777777778,uniform,17.11818709778222,-64.08611500839395
869,"10""",0.002777777777777778,uniform,167.08458956750934,52.06883849467746
870,"10""",0.002777777777777778,uniform,132.7155735820098,5.697450650232226
871,"10""",0.002777777777777778,uniform,16.83967383087902,38.05079855745628
872,"10""",0.002777777777777778,uniform,111.52500885599994,42.1386696052317
873,"10""",0.002777777777777778,uniform,175.36776381765347,17.76296391816406
874,"10""",0.002777777777777778,data,302.0806575464663,-7.915119353118945
875,"10""",0.002777777777777778,data,235.08578739093753,78.4345065970073
876,"10""",0.002777777777777778,uniform,213.12790661944032,9.871921758107623
877,"10""",0.002777777777777778,data,271.5339241607538,-8.51169216623693
878,"10""",0.002777777777777778,data,292.9245705694465,21.500588177809526
879,"10""",0.002777777777777778,data,26.84155449563409,46.23020810714192
880,"10""",0.002777777777777778,uniform,134.14650811588618,47.09994372681298
881,"10""",0.002777777777777778,uniform,48.02345937488643,-6.010003019605876
882,"10""",0.002777777777777778,uniform,357.3423380615092,-1.7930752680912247
883,"10""",0.002777777777777778,uniform,353.98156660788277,32.82858374753128
884,"10""",0.002777777777777778,data,106.45849148503672,-20.932635853614553
885,"10""",0.002777777777777778,data,281.6411355242248,33.68472343378605
886,"10""",0.002777777777777778,data,297.70073536661585,52.74028769618719
887,"10""",0.002777777777777778,data,335.69903036306226,10.002466617645085
888,"10""",0.002777777777777778,uniform,164.21542263553653,53.7964936312179
889,"10""",0.002777777777777778,uniform,117.39349527598534,-67.91217774312341
890,"10""",0.002777777777777778,data,263.4345653610284,12.179232928354594
891,"10""",0.002777777777777778,data,271.7798444212211,-10.565575255138064
892,"10""",0.002777777777777778,uniform,237.51897709377454,-1.3534756149058746
893,"10""",0.002777777777777778,uniform,313.77578275710255,4.289196501659983
894,"10""",0.002777777777777778,uniform,257.3901814280575,3.773154148448612
895,"10""",0.002777777777777778,uniform,279.1421881162247,-1.6298657925348186
896,"10""",0.002777777777777778,uniform,46.220792708153596,-36.04685523490305
897,"10""",0.002777777777777778,data,209.37801133880336,-70.78835529412211
898,"10""",0.002777777777777778,uniform,213.73074979069924,-41.39344488489042
899,"10""",0.002777777777777778,uniform,85.58817172882831,-18.21966378111829
900,"10""",0.002777777777777778,uniform,205.8617965981115,-17.901161775622864
901,"10""",0.002777777777777778,uniform,193.98567251255812,14.048311992566898
902,"10""",0.002777777777777778,uniform,126.83755224314905,17.49908230636374
903,"10""",0.002777777777777778,data,322.9357186879165,46.03033745794396
904,"10""",0.002777777777777778,data,97.30334265521499,12.844745410004997
905,"10""",0.002777777777777778,uniform,183.1817631647553,44.39709200591324
906,"10""",0.002777777777777778,uniform,29.56708330733001,38.878751260703154
907,"10""",0.002777777777777778,uniform,36.048646323210335,67.374442046122
908,"10""",0.002777777777777778,uniform,70.97062973399194,-83.90229026204499
909,"10""",0.002777777777777778,uniform,295.3442917596451,-34.12613420064903
910,"10""",0.002777777777777778,uniform,52.194769437693765,-37.14948548696575
911,"10""",0.002777777777777778,uniform,39.22758487439922,34.93429061631316
912,"10""",0.002777777777777778,data,304.10523111393815,26.611462241332642
913,"10""",0.002777777777777778,uniform,309.26501764086083,-18.448640813478857
914,"10""",0.002777777777777778,uniform,285.41302648416433,-13.980496333156879
915,"10""",0.002777777777777778,uniform,313.39959445018883,-23.543588722250487
916,"10""",0.002777777777777778,uniform,270.6586459339218,75.47446960765404
917,"10""",0.002777777777777778,uniform,29.153048620247446,29.415225002539586
918,"10""",0.002777777777777778,data,169.65115729466706,-81.4368808570295
919,"10""",0.002777777777777778,uniform,101.7849904550641,61.89154702882179
920,"10""",0.002777777777777778,uniform,57.548499399388355,14.306745949774273
921,"10""",0.002777777777777778,data,161.9588030082897,-46.72049203770757
922,"10""",0.002777777777777778,uniform,121.58971231415893,34.75971970821518
923,"10""",0.002777777777777778,data,114.7532609873061,-51.6399032052916
924,"10""",0.002777777777777778,uniform,16.53705403208603,14.116684657888454
925,"10""",0.002777777777777778,uniform,46.90745579449881,13.75680998060829
926,"10""",0.002777777777777778,uniform,47.858188754572154,-3.984587403039532
927,"10""",0.002777777777777778,uniform,347.0632970286937,-17.157250051279
928,"10""",0.002777777777777778,uniform,199.0207757917931,20.117336475648578
929,"10""",0.002777777777777778,uniform,195.73997958762604,-22.138049001046394
930,"10""",0.002777777777777778,uniform,197.1811279755967,14.337586876363156
931,"10""",0.002777777777777778,uniform,58.587510480491204,-42.706236792034964
932,"10""",0.002777777777777778,uniform,252.6075497086472,35.937102775059756
933,"10""",0.002777777777777778,uniform,154.29598895313205,38.759220908664076
934,"10""",0.002777777777777778,uniform,153.3168248633821,36.000543022943724
935,"10""",0.002777777777777778,uniform,88.66762428551239,19.698924440559633
936,"10""",0.002777777777777778,uniform,57.11214785888447,2.5106681077887014
937,"10""",0.002777777777777778,data,276.9192036602828,-36.67835070296592
938,"10""",0.002777777777777778,uniform,69.35353468753655,-52.98330055569252
939,"10""",0.002777777777777778,uniform,128.20092533488045,-67.07211910824843
940,"10""",0.002777777777777778,uniform,335.57374978583084,-41.68490140437202
941,"10""",0.002777777777777778,uniform,325.89013289674284,-12.466885675108953
942,"10""",0.002777777777777778,uniform,121.83501770685447,-25.80601597435665
943,"10""",0.002777777777777778,data,281.08148798864784,27.64076182385413
944,"10""",0.002777777777777778,data,271.44257813203376,12.100937781082326
945,"10""",0.002777777777777778,uniform,280.5299145455984,-19.355013895053137
946,"10""",0.002777777777777778,data,220.07276459885966,-36.8324397633087
947,"10""",0.002777777777777778,uniform,318.42634409236115,-59.38435456276309
948,"10""",0.002777777777777778,data,273.40889326875856,-60.65564098791711
949,"10""",0.002777777777777778,uniform,89.49251529321045,85.24983074659423
950,"10""",0.002777777777777778,data,72.17698627098301,62.66285893471274
951,"10""",0.002777777777777778,data,92.90123829388521,22.44847064252469
952,"10""",0.002777777777777778,uniform,262.0955135175572,-38.25570734507694
953,"10""",0.002777777777777778,uniform,70.461421782324,-14.071542882315407
954,"10""",0.002777777777777778,uniform,224.79604189419862,-74.18556376944305
955,"10""",0.002777777777777778,data,278.6395880746488,52.756837531047815
956,"10""",0.002777777777777778,uniform,160.93417183824224,47.818449917403505
957,"10""",0.002777777777777778,uniform,326.6598763624277,45.28970344791571
958,"10""",0.002777777777777778,uniform,305.62865552715016,47.38721129362097
959,"10""",0.002777777777777778,uniform,321.47168964007227,13.863333848332589
960,"10""",0.002777777777777778,uniform,26.887778440934316,-12.350940408700971
961,"10""",0.002777777777777778,uniform,31.738130302496963,8.225848804617819
962,"10""",0.002777777777777778,data,244.617675463291,-35.55264862665704
963,"10""",0.002777777777777778,data,319.7043013734277,60.95019569930533
964,"10""",0.002777777777777778,data,85.7933058771952,52.04174018097161
965,"10""",0.002777777777777778,data,251.77033246051494,-19.884774294560586
966,"10""",0.002777777777777778,data,126.03849888605507,-39.10762452026353
967,"10""",0.002777777777777778,data,288.9585099588494,26.249059019556846
968,"10""",0.002777777777777778,data,298.8046303221343,22.725974181693918
969,"10""",0.002777777777777778,data,58.89300672147374,10.408113952180203
970,"10""",0.002777777777777778,data,187.0776807040088,-57.57398143345292
971,"10""",0.002777777777777778,data,220.40024096149202,-61.43870394467466
972,"10""",0.002777777777777778,data,295.5325254152234,43.53297991032312
973,"10""",0.002777777777777778,data,255.67897047385296,-24.140664563112885
974,"10""",0.002777777777777778,data,288.9597382244487,-15.917990315194666
975,"10""",0.002777777777777778,data,158.20925224193303,-62.77951312851284
976,"10""",0.002777777777777778,data,152.50444526354525,-61.505232354060766
977,"10""",0.002777777777777778,data,231.62721162078023,-62.8177209465258
978,"10""",0.002777777777777778,data,110.91562499044129,-10.491009112206973
979,"10""",0.002777777777777778,data,318.08780067600634,46.707031629686476
980,"10""",0.002777777777777778,data,275.2075799408603,-41.89114475538532
981,"10""",0.002777777777777778,data,66.71653433954688,-3.8213715091147153
982,"10""",0.002777777777777778,data,258.8186372952867,-40.13831441482135
983,"10""",0.002777777777777778,data,229.51481409706903,-68.20019858308852
984,"10""",0.002777777777777778,data,269.1943336516565,-9.082039570454944
985,"10""",0.002777777777777778,data,199.26917370537365,-67.1423179510384
986,"10""",0.002777777777777778,data,120.50989492213688,-14.707166605771135
987,"10""",0.002777777777777778,data,92.06997132025911,-27.93962890478888
988,"10""",0.002777777777777778,data,100.02379840643397,-30.552438539491135
989,"10""",0.002777777777777778,data,104.12965455236802,37.54533522926658
990,"10""",0.002777777777777778,data,101.64766669488834,-62.909490881155584
991,"10""",0.002777777777777778,data,126.4945445692686,-54.44100573193273
992,"10""",0.002777777777777778,data,296.8560316750994,21.754244743561525
993,"10""",0.002777777777777778,data,128.21656704164894,31.888846028235278
994,"10""",0.002777777777777778,data,101.42565830560386,-14.604023617287408
995,"10""",0.002777777777777778,data,193.34708407045687,37.552151692941365
996,"10""",0.002777777777777778,data,310.00458397351065,2.9651053703689847
997,"10""",0.002777777777777778,data,5.1011855750923765,46.42559980986012
998,"10""",0.002777777777777778,data,312.90372964183774,-8.016143381225296
999,"10""",0.002777777777777778,data,174.3031098992053,-26.01084652595025
1000,"10""",0.002777777777777778,data,86.17698729066808,6.200324294373358
1001,"10""",0.002777777777777778,data,192.78364133993227,-47.89866688609461
1002,"10""",0.002777777777777778,data,126.90688666229973,-52.080407936958885
1003,"10""",0.002777777777777778,data,268.6190528402158,12.124461516498531
1004,"10""",0.002777777777777778,data,150.79560130492956,-43.709106304301216
1005,"10""",0.002777777777777778,data,326.97696858319597,52.66768600861782
1006,"10""",0.002777777777777778,data,302.7389837062867,35.8559645369637
1007,"10""",0.002777777777777778,data,241.7053596183901,-82.68999398157072
1008,"10""",0.002777777777777778,data,274.0264917929877,-21.32760606289025
1009,"10""",0.002777777777777778,data,282.1074205294026,11.777672506362864
1010,"10""",0.002777777777777778,data,271.12717702085115,81.17632220218859
1011,"10""",0.002777777777777778,data,343.4473652331564,57.92551783417655
1012,"10""",0.002777777777777778,data,251.5882248097377,-33.8759515370314
1013,"10""",0.002777777777777778,data,344.0933586712557,65.4882201750772
1014,"10""",0.002777777777777778,data,139.12528002836476,-50.79018084414331
1015,"10""",0.002777777777777778,data,283.6184136463923,17.641473293564466
1016,"10""",0.002777777777777778,data,108.24421150559515,71.50035375676313
1017,"10""",0.002777777777777778,data,250.03784550522667,-15.36486368135351
1018,"10""",0.002777777777777778,data,282.45291455350525,-18.206739666120964
1019,"10""",0.002777777777777778,data,286.02577235219496,-17.0556981156005
1020,"10""",0.002777777777777778,data,311.1486794955493,45.605901593619016
1021,"10""",0.002777777777777778,data,145.8414505461729,-40.95110021634794
1022,"10""",0.002777777777777778,data,184.6870594443206,6.873190876435899
1023,"10""",0.002777777777777778,data,189.04875974621396,-67.09291058365267
1024,"10""",0.002777777777777778,data,94.44560356828916,62.220791716229144
1025,"10""",0.002777777777777778,data,318.24853767154514,54.689283639737944
1026,"10""",0.002777777777777778,data,218.2465254042173,-52.6828737117519
1027,"10""",0.002777777777777778,data,286.9015559676025,-32.02038121327369
1028,"10""",0.002777777777777778,data,317.4365822755947,7.167663092655606
1029,"10""",0.002777777777777778,data,184.8758644162043,-52.852934974750625
1030,"10""",0.002777777777777778,data,282.0855255202501,-9.675241544936558
1031,"10""",0.002777777777777778,data,61.71923210462746,58.996942457033484
1032,"10""",0.002777777777777778,data,284.7776502863685,33.1228729798479
1033,"10""",0.002777777777777778,data,118.38997657652787,-12.039163180131522
1034,"10""",0.002777777777777778,data,253.81858690614942,-78.31808819552992
1035,"10""",0.002777777777777778,data,127.18389900654991,62.66584660113976
1036,"10""",0.002777777777777778,data,116.36608032728702,-49.03564583636498
1037,"10""",0.002777777777777778,data,176.73529713463614,-41.23700167727694
1038,"10""",0.002777777777777778,data,231.36942473744608,-53.51487088931246
1039,"10""",0.002777777777777778,data,182.49360005044971,-59.638213227152086
1040,"10""",0.002777777777777778,data,241.87682039612986,-61.55052562658263
1041,"10""",0.002777777777777778,data,102.45104676369122,-38.996724272207366
1042,"10""",0.002777777777777778,data,104.28269373354479,-6.528332705023745
1043,"10""",0.002777777777777778,data,245.0131004811384,-17.860223006303222
1044,"10""",0.002777777777777778,data,329.04061428882517,29.685215080959296
1045,"10""",0.002777777777777778,data,240.42184103337283,-32.826775331027136
1046,"10""",0.002777777777777778,data,327.5103997479329,67.697020075378
1047,"10""",0.002777777777777778,data,243.0261517472282,-21.932133339647017
1048,"10""",0.002777777777777778,data,162.22127132190317,-74.42247546289853
1049,"10""",0.002777777777777778,data,99.57763018720769,-33.21657229391645
1050,"10""",0.002777777777777778,data,331.975275038303,63.178919081480956
1051,"10""",0.002777777777777778,data,328.16323093064113,-62.20550218110484
1052,"10""",0.002777777777777778,data,251.3042309097384,-27.950214279658244
1053,"10""",0.002777777777777778,data,276.5963429399463,-4.2072362538396195
1054,"10""",0.002777777777777778,data,245.92816651775232,-0.10537640389208454
1055,"10""",0.002777777777777778,data,301.7386688898708,21.59673268962067
1056,"10""",0.002777777777777778,data,251.34872792195793,-3.591011207466928
1057,"1""",0.0002777777777777778,uniform,214.54170814599368,-12.95725515123173
1058,"1""",0.0002777777777777778,uniform,119.31510731765042,48.58454299626533
1059,"1""",0.0002777777777777778,data,129.5577278891182,-38.750917856773384
1060,"1""",0.0002777777777777778,data,49.23447493795262,-80.79714336774981
1061,"1""",0.0002777777777777778,uniform,144.3151103196114,-14.452420987675497
1062,"1""",0.0002777777777777778,uniform,181.14500953738838,-43.58496312970559
1063,"1""",0.0002777777777777778,data,83.05345571517708,26.27214870593347
1064,"1""",0.0002777777777777778,data,296.54727631882804,24.280256055808305
1065,"1""",0.0002777777777777778,data,290.16333404974097,-13.454041806083007
1066,"1""",0.0002777777777777778,data,202.20993125109908,-63.266270494699995
1067,"1""",0.0002777777777777778,data,120.98506987092688,23.107334264857613
1068,"1""",0.0002777777777777778,uniform,91.42088239555792,-1.8463877704664622
1069,"1""",0.0002777777777777778,data,74.37919734100693,41.37198869466474
1070,"1""",0.0002777777777777778,data,34.060691887057615,63.43510509807285
1071,"1""",0.0002777777777777778,data,156.40020609741768,-46.17949641820654
1072,"1""",0.0002777777777777778,uniform,350.03083722056436,34.519714923775005
1073,"1""",0.0002777777777777778,uniform,178.62042270120412,47.39396808221601
1074,"1""",0.0002777777777777778,data,300.2099261425626,-29.621894544182723
1075,"1""",0.0002777777777777778,data,264.60541202587063,35.75470602998437
1076,"1""",0.0002777777777777778,data,316.5886556628701,35.91348861415402
1077,"1""",0.0002777777777777778,uniform,69.55016976051388,-49.506576704814584
1078,"1""",0.0002777777777777778,data,116.1935841977403,-13.173325905857794
1079,"1""",0.0002777777777777778,uniform,13.295306176150481,-30.868120229135318
1080,"1""",0.0002777777777777778,uniform,248.949334885179,1.5501222513822848
1081,"1""",0.0002777777777777778,data,108.09154290100712,-23.333402802782064
1082,"1""",0.0002777777777777778,uniform,343.7544967304201,48.788601002731944
1083,"1""",0.0002777777777777778,data,231.77546618139917,-60.298644075438645
1084,"1""",0.0002777777777777778,uniform,139.18687259507013,-3.0307980665296963
1085,"1""",0.0002777777777777778,data,299.1203652796397,19.847564518265763
1086,"1""",0.0002777777777777778,uniform,51.72606408892587,-63.36508342950854
1087,"1""",0.0002777777777777778,data,12.683201296951328,-82.35277224502853
1088,"1""",0.0002777777777777778,uniform,304.60974725468753,-75.16203245722816
1089,"1""",0.0002777777777777778,uniform,227.7330115732848,-14.240804078014847
1090,"1""",0.0002777777777777778,data,95.56214616571484,76.68628945217546
1091,"1""",0.0002777777777777778,uniform,31.96479630616386,-55.89512742101627
1092,"1""",0.0002777777777777778,uniform,265.86620383895223,13.924448151600751
1093,"1""",0.0002777777777777778,uniform,156.8608030499273,45.84934119216685
1094,"1""",0.0002777777777777778,data,318.4828492787356,29.737160879497427
1095,"1""",0.0002777777777777778,uniform,84.88088929396338,13.749535214982522
1096,"1""",0.0002777777777777778,data,110.55801423509968,5.50884873041389
1097,"1""",0.0002777777777777778,data,228.8302891601763,-49.21010557496428
1098,"1""",0.0002777777777777778,uniform,3.471582617011313,-73.01433147922901
1099,"1""",0.0002777777777777778,data,47.46641200959903,0.33442143599447477
1100,"1""",0.0002777777777777778,uniform,235.31022768398424,-9.296190486679142
1101,"1""",0.0002777777777777778,uniform,122.65624909622504,72.82021965064531
1102,"1""",0.0002777777777777778,uniform,288.5672903481837,68.71100452722156
1103,"1""",0.0002777777777777778,uniform,338.7769736143174,31.903872944517527
1104,"1""",0.0002777777777777778,data,101.5178749878021,23.87252450392379
1105,"1""",0.0002777777777777778,uniform,296.7290308919079,-73.20151767990201
1106,"1""",0.0002777777777777778,data,236.1069337725114,-55.16670876446271
1107,"1""",0.0002777777777777778,uniform,217.2865059117754,76.17580813228368
1108,"1""",0.0002777777777777778,uniform,207.30637660828447,59.23864310633331
1109,"1""",0.0002777777777777778,uniform,77.50970560154322,-38.01051711449332
1110,"1""",0.0002777777777777778,uniform,164.42414062367115,-49.27267554121327
1111,"1""",0.0002777777777777778,uniform,65.8034978993754,25.925671020520568
1112,"1""",0.0002777777777777778,data,297.82949135552235,15.74715538988866
1113,"1""",0.0002777777777777778,data,307.1443679206438,-21.91680321524079
1114,"1""",0.0002777777777777778,uniform,246.24011700883403,14.270771916002868
1115,"1""",0.0002777777777777778,uniform,334.7717522529992,-27.131439743104576
1116,"1""",0.0002777777777777778,uniform,138.08161681180118,58.07414598052052
1117,"1""",0.0002777777777777778,uniform,146.17485517329177,-34.00480548327435
1118,"1""",0.0002777777777777778,uniform,4.855606298811628,-56.81749037228668
1119,"1""",0.0002777777777777778,uniform,164.13554443987118,31.299370491702934
1120,"1""",0.0002777777777777778,uniform,151.7862175088717,-64.20988458688021
1121,"1""",0.0002777777777777778,data,172.36695529972192,-76.77235315051519
1122,"1""",0.0002777777777777778,uniform,28.41904121764003,-1.268243321111856
1123,"1""",0.0002777777777777778,data,234.040694796929,-26.959989582598805
1124,"1""",0.0002777777777777778,data,130.39920220001449,-29.678382561377646
1125,"1""",0.0002777777777777778,uniform,23.59105106798843,47.58756496009085
1126,"1""",0.0002777777777777778,data,187.1655567855378,-9.368375285616453
1127,"1""",0.0002777777777777778,data,107.65691431690526,-28.09160236312251
1128,"1""",0.0002777777777777778,uniform,86.49560649003905,35.529064902447345
1129,"1""",0.0002777777777777778,uniform,43.81897024927725,-27.866217201015672
1130,"1""",0.0002777777777777778,uniform,203.10307207792647,-7.981196678662641
1131,"1""",0.0002777777777777778,uniform,276.5493716490714,34.42747147103647
1132,"1""",0.0002777777777777778,data,276.5388929597712,-9.11088089129831
1133,"1""",0.0002777777777777778,data,124.5895271479172,9.036350587917127
1134,"1""",0.0002777777777777778,data,118.51927041994077,22.355777916012578
1135,"1""",0.0002777777777777778,uniform,305.6160342206755,2.1606728892761713
1136,"1""",0.0002777777777777778,data,253.24826293537762,56.16989216754813
1137,"1""",0.0002777777777777778,uniform,243.61697256842785,17.094893428047698
1138,"1""",0.0002777777777777778,uniform,242.74019465946884,33.26301024665533
1139,"1""",0.0002777777777777778,uniform,12.225388621471396,-11.998178588490616
1140,"1""",0.0002777777777777778,uniform,315.14824445447636,-15.108554094764663
1141,"1""",0.0002777777777777778,uniform,332.4036654630062,-75.98411922858823
1142,"1""",0.0002777777777777778,uniform,331.5353927137955,40.29247026371737
1143,"1""",0.0002777777777777778,data,296.2281861203989,27.83999414623178
1144,"1""",0.0002777777777777778,uniform,345.0725305979468,-37.85934427476176
1145,"1""",0.0002777777777777778,uniform,238.84430556104618,13.777948362324603
1146,"1""",0.0002777777777777778,uniform,72.30552215889962,-5.227747818556052
1147,"1""",0.0002777777777777778,uniform,217.7535968740391,-0.10654764144707005
1148,"1""",0.0002777777777777778,uniform,54.158372827172215,8.307791377507908
1149,"1""",0.0002777777777777778,uniform,305.6688321113758,-19.488204360868206
1150,"1""",0.0002777777777777778,uniform,98.24832691100906,8.999333338280582
1151,"1""",0.0002777777777777778,uniform,40.33123547301304,-21.398811766541424
1152,"1""",0.0002777777777777778,uniform,170.23925232274271,-43.21102150457881
1153,"1""",0.0002777777777777778,uniform,195.712119907092,-44.52136749121245
1154,"1""",0.0002777777777777778,uniform,124.43861195637832,-87.1134881566663
1155,"1""",0.0002777777777777778,uniform,311.1152534878987,-80.7225007737026
1156,"1""",0.0002777777777777778,data,327.98995246928143,48.348261246760416
1157,"1""",0.0002777777777777778,uniform,319.2896177022518,-22.35727332824394
1158,"1""",0.0002777777777777778,data,309.3711659130407,27.753385693901556
1159,"1""",0.0002777777777777778,uniform,282.5604555225993,22.407691898420058
1160,"1""",0.0002777777777777778,uniform,182.4065828629213,9.011709150690578
1161,"1""",0.0002777777777777778,data,263.61848402102527,-33.709171692060856
1162,"1""",0.0002777777777777778,uniform,11.931463592731149,-14.258650495523097
1163,"1""",0.0002777777777777778,uniform,246.32514674359717,-3.5096430498969853
1164,"1""",0.0002777777777777778,uniform,184.60637963842115,50.05076423235662
1165,"1""",0.0002777777777777778,uniform,225.55150388196705,9.78247014740429
1166,"1""",0.0002777777777777778,uniform,299.1264798402496,-49.08799193909318
1167,"1""",0.0002777777777777778,uniform,57.40613441856826,22.175009659733018
1168,"1""",0.0002777777777777778,uniform,105.61166529850487,18.823931691765864
1169,"1""",0.0002777777777777778,uniform,271.41279356447205,40.519506278274086
1170,"1""",0.0002777777777777778,uniform,276.92704737792053,65.22732395700197
1171,"1""",0.0002777777777777778,uniform,356.0293761143877,13.18117591254942
1172,"1""",0.0002777777777777778,uniform,285.34523336409023,-19.62039776318465
1173,"1""",0.0002777777777777778,uniform,75.76108313923142,34.85947719981133
1174,"1""",0.0002777777777777778,uniform,351.73525344641837,-59.514236768989285
1175,"1""",0.0002777777777777778,uniform,7.865430551002577,-20.62112651605983
1176,"1""",0.0002777777777777778,uniform,182.94514003352728,-38.353331461013134
1177,"1""",0.0002777777777777778,uniform,352.8140895583181,-40.70705857626143
1178,"1""",0.0002777777777777778,uniform,34.353470316090664,-17.504115316044235
1179,"1""",0.0002777777777777778,uniform,62.06093857912843,-44.424768990609564
1180,"1""",0.0002777777777777778,uniform,260.2649918772504,-32.521602262262846
1181,"1""",0.0002777777777777778,uniform,265.65938737439234,-68.14163265845272
1182,"1""",0.0002777777777777778,uniform,45.23595541329346,-18.398494950562018
1183,"1""",0.0002777777777777778,uniform,350.66556319640773,40.61659223661599
1184,"1""",0.0002777777777777778,data,258.67440121489466,-8.576483320017282
1185,"1""",0.0002777777777777778,data,109.71224924017619,-7.45705787232015
1186,"1""",0.0002777777777777778,uniform,57.76695613033453,-6.631985820223816
1187,"1""",0.0002777777777777778,data,151.27541424932545,20.723301038751995
1188,"1""",0.0002777777777777778,uniform,236.18326155438317,11.854359780031842
1189,"1""",0.0002777777777777778,uniform,320.2970030723801,-5.3232550305052895
1190,"1""",0.0002777777777777778,uniform,52.77218856264238,48.289678652828215
1191,"1""",0.0002777777777777778,uniform,55.47915382035348,1.046196690617822
1192,"1""",0.0002777777777777778,uniform,258.1155800282185,-4.5047149372143185
1193,"1""",0.0002777777777777778,uniform,261.9790118938361,33.90571771011758
1194,"1""",0.0002777777777777778,uniform,71.17673808453935,-42.074280484675356
1195,"1""",0.0002777777777777778,uniform,310.4004457363754,-34.20936922387959
1196,"1""",0.0002777777777777778,uniform,80.72031126590517,19.57693012669618
1197,"1""",0.0002777777777777778,uniform,320.30252952377845,-83.31092694136316
1198,"1""",0.0002777777777777778,data,296.4519873386969,-38.825713028246426
1199,"1""",0.0002777777777777778,uniform,37.65959584095732,-29.17264757483026
1200,"1""",0.0002777777777777778,uniform,214.9253214920179,45.11502839076166
1201,"1""",0.0002777777777777778,uniform,334.3355839863702,-10.982441329677911
1202,"1""",0.0002777777777777778,uniform,38.82509360250982,-6.146493473825641
1203,"1""",0.0002777777777777778,uniform,176.3255125295591,-47.295418059510155
1204,"1""",0.0002777777777777778,uniform,107.45584433674321,-44.17988083773856
1205,"1""",0.0002777777777777778,uniform,104.86886655935847,60.037932918874226
1206,"1""",0.0002777777777777778,uniform,77.55950868795459,-46.59208435435945
1207,"1""",0.0002777777777777778,uniform,50.880528624937014,-41.70343761629003
1208,"1""",0.0002777777777777778,data,250.3087480247817,-24.501631067490155
1209,"1""",0.0002777777777777778,uniform,4.428693532617247,9.87752063115052
1210,"1""",0.0002777777777777778,uniform,62.9226260285764,-17.111778937420944
1211,"1""",0.0002777777777777778,uniform,229.6551747569902,9.867470595499906
1212,"1""",0.0002777777777777778,uniform,195.4721485032062,-14.727155919020884
1213,"1""",0.0002777777777777778,uniform,43.22657413555339,-5.401697617403194
1214,"1""",0.0002777777777777778,uniform,147.20257435769133,17.033886255025724
1215,"1""",0.0002777777777777778,uniform,65.80197600973725,5.696005502379528
1216,"1""",0.0002777777777777778,uniform,257.23311238791655,55.55658378211686
1217,"1""",0.0002777777777777778,data,109.10922722531573,-40.85937389106425
1218,"1""",0.0002777777777777778,data,322.85282709578763,52.243878532799734
1219,"1""",0.0002777777777777778,uniform,50.61288472743147,-17.82406029091525
1220,"1""",0.0002777777777777778,uniform,224.75409034726948,46.50581540711208
1221,"1""",0.0002777777777777778,uniform,305.1927928684731,38.10797334473943
1222,"1""",0.0002777777777777778,uniform,118.1513540613684,54.21846006761223
1223,"1""",0.0002777777777777778,uniform,193.65757919014123,6.438487604069961
1224,"1""",0.0002777777777777778,data,282.9488729509593,20.31335442772981
1225,"1""",0.0002777777777777778,uniform,29.93586776713082,46.0936403216228
1226,"1""",0.0002777777777777778,data,300.64497966040096,-11.885257574374284
1227,"1""",0.0002777777777777778,uniform,191.69590361256536,33.25888932886716
1228,"1""",0.0002777777777777778,uniform,215.19699117515222,-20.079190019882045
1229,"1""",0.0002777777777777778,uniform,2.533369137703012,-63.26202495132207
1230,"1""",0.0002777777777777778,uniform,221.84013975590412,23.56489700544329
1231,"1""",0.0002777777777777778,uniform,14.288419402737658,-32.789086570792215
1232,"1""",0.0002777777777777778,data,135.72793423697735,-23.79513337667247
1233,"1""",0.0002777777777777778,uniform,174.65062034503578,15.669504233476331
1234,"1""",0.0002777777777777778,uniform,315.4972724196483,-29.723003029139612
1235,"1""",0.0002777777777777778,uniform,78.14098796348206,30.838119125890376
1236,"1""",0.0002777777777777778,data,10.76056659076193,-72.73847178159026
1237,"1""",0.0002777777777777778,uniform,41.399725429206775,33.25483949186406
1238,"1""",0.0002777777777777778,data,103.21968686292254,-4.170109673591539
1239,"1""",0.0002777777777777778,uniform,324.79538432043586,35.940471778903735
1240,"1""",0.0002777777777777778,data,267.40281719633606,4.17579456701999
1241,"1""",0.0002777777777777778,uniform,304.191869384978,-55.74092098649361
1242,"1""",0.0002777777777777778,data,303.2731969064562,56.00114881342965
1243,"1""",0.0002777777777777778,uniform,262.62387195657186,31.71480900154262
1244,"1""",0.0002777777777777778,data,273.2121827155542,-1.5248961686365912
1245,"1""",0.0002777777777777778,uniform,352.632444226419,1.1764270204155325
1246,"1""",0.0002777777777777778,data,285.9421644828816,-5.065051679264452
1247,"1""",0.0002777777777777778,uniform,303.68526580404307,-36.456006200215384
1248,"1""",0.0002777777777777778,uniform,300.06760642527183,15.445176968247072
1249,"1""",0.0002777777777777778,uniform,342.2814190188151,46.27057712431155
1250,"1""",0.0002777777777777778,uniform,41.683221261189146,5.3103158135117425
1251,"1""",0.0002777777777777778,uniform,59.69889958237608,61.536602615733514
1252,"1""",0.0002777777777777778,uniform,25.91175339023352,-37.01498174986824
1253,"1""",0.0002777777777777778,uniform,80.61331687070029,-28.776134019534627
1254,"1""",0.0002777777777777778,uniform,78.18996109833716,37.907090729492765
1255,"1""",0.0002777777777777778,uniform,70.05933369683494,41.455444427038195
1256,"1""",0.0002777777777777778,uniform,103.36992449295904,-18.899243661571486
1257,"1""",0.0002777777777777778,uniform,158.38812743678366,-31.17111821203012
1258,"1""",0.0002777777777777778,uniform,94.6710978229498,-15.313919338364936
1259,"1""",0.0002777777777777778,uniform,230.11327475230362,3.201408259392455
1260,"1""",0.0002777777777777778,uniform,132.5023626571955,-59.22638272546321
1261,"1""",0.0002777777777777778,uniform,72.98169286401378,-9.748700992087597
1262,"1""",0.0002777777777777778,data,167.4085501929482,-61.5632649217843
1263,"1""",0.0002777777777777778,uniform,244.39040514352234,21.590486493231694
1264,"1""",0.0002777777777777778,uniform,131.65133124934417,15.908782312005565
1265,"1""",0.0002777777777777778,uniform,26.34169470383884,-22.15630563467082
1266,"1""",0.0002777777777777778,data,181.39679364381772,-54.018369437297835
1267,"1""",0.0002777777777777778,uniform,12.101344441748543,10.94341073561145
1268,"1""",0.0002777777777777778,uniform,43.64881389501372,55.38815821553525
1269,"1""",0.0002777777777777778,uniform,339.8799034754065,-38.49336076858942
1270,"1""",0.0002777777777777778,data,216.18368989539735,-49.60075644695645
1271,"1""",0.0002777777777777778,uniform,331.18270974863196,58.129931237129476
1272,"1""",0.0002777777777777778,uniform,318.50167659748445,-34.18096224111591
1273,"1""",0.0002777777777777778,uniform,113.18505358549318,43.8163788471543
1274,"1""",0.0002777777777777778,data,92.42113270453645,9.653303843403595
1275,"1""",0.0002777777777777778,data,127.59822374603127,-49.65822660201369
1276,"1""",0.0002777777777777778,data,202.82172738567564,-20.64485656848971
1277,"1""",0.0002777777777777778,data,249.36510415280438,-48.814829191415086
1278,"1""",0.0002777777777777778,uniform,353.78181941720334,38.146357711961066
1279,"1""",0.0002777777777777778,uniform,173.48788721811954,40.074916505221935
1280,"1""",0.0002777777777777778,uniform,96.49062870153435,37.152513809415
1281,"1""",0.0002777777777777778,uniform,187.41255525725404,-11.75034903624677
1282,"1""",0.0002777777777777778,data,351.3419366491375,54.248738759557924
1283,"1""",0.0002777777777777778,data,240.34946326440274,-12.83599424123255
1284,"1""",0.0002777777777777778,data,238.61930902526333,18.94732834295445
1285,"1""",0.0002777777777777778,uniform,229.33348269081364,52.59607234069247
1286,"1""",0.0002777777777777778,uniform,147.3699902045931,28.560965782831694
1287,"1""",0.0002777777777777778,data,44.98593438312322,53.22192355212127
1288,"1""",0.0002777777777777778,uniform,28.241537116254634,32.673558472892914
1289,"1""",0.0002777777777777778,uniform,235.0080491935213,62.45970557479632
1290,"1""",0.0002777777777777778,uniform,134.5985450121949,-16.201222180634485
1291,"1""",0.0002777777777777778,uniform,28.914342628262375,-53.873949263933135
1292,"1""",0.0002777777777777778,uniform,43.267001476022585,-44.79082368804512
1293,"1""",0.0002777777777777778,data,274.42398322523906,23.063820265321105
1294,"1""",0.0002777777777777778,uniform,11.071576375074255,36.293268354413854
1295,"1""",0.0002777777777777778,uniform,52.77868713541484,-27.977563284707905
1296,"1""",0.0002777777777777778,uniform,331.2515012298959,-31.747822381153625
1297,"1""",0.0002777777777777778,uniform,202.0785662551377,-42.27802106720162
1298,"1""",0.0002777777777777778,uniform,102.7965117841324,14.588214306958088
1299,"1""",0.0002777777777777778,data,269.232790878834,-14.027581539955184
1300,"1""",0.0002777777777777778,uniform,297.12961120242204,-51.81091781730861
1301,"1""",0.0002777777777777778,uniform,354.5928767579967,-7.49681944620021
1302,"1""",0.0002777777777777778,data,141.89055260798847,-28.123067743133756
1303,"1""",0.0002777777777777778,uniform,39.757487044139445,7.30709601587803
1304,"1""",0.0002777777777777778,data,223.14287293127245,62.415217191388116
1305,"1""",0.0002777777777777778,data,174.02394169448542,-9.569951841622945
1306,"1""",0.0002777777777777778,data,278.4161738561473,6.659217326010009
1307,"1""",0.0002777777777777778,uniform,41.22129572264791,78.95894467581437
1308,"1""",0.0002777777777777778,uniform,29.218609442497396,-24.609255441355046
1309,"1""",0.0002777777777777778,uniform,296.3947342022595,-13.459067099163033
1310,"1""",0.0002777777777777778,uniform,223.61100245611036,-22.721280786303986
1311,"1""",0.0002777777777777778,data,64.71792238932944,49.52173879775526
1312,"1""",0.0002777777777777778,uniform,305.40332331095607,-29.652322298609654
1313,"1""",0.0002777777777777778,data,338.19384646772454,0.9914100336688059
1314,"1""",0.0002777777777777778,data,220.18908013411087,-43.76922597670363
1315,"1""",0.0002777777777777778,data,194.1799816611299,-52.265946083776285
1316,"1""",0.0002777777777777778,uniform,97.60139511069495,32.11921937010673
1317,"1""",0.0002777777777777778,uniform,331.7376707897083,28.543834999709336
1318,"1""",0.0002777777777777778,uniform,130.5497485169553,-17.544721225657163
1319,"1""",0.0002777777777777778,uniform,122.3163980351707,10.263922201735067
1320,"1""",0.0002777777777777778,uniform,40.835922561840974,12.048157723293647
1321,"1""",0.0002777777777777778,data,280.73733342215564,7.8529435216578936
1322,"1""",0.0002777777777777778,data,93.09870514965722,-44.43376309095166
1323,"1""",0.0002777777777777778,uniform,291.45533354382417,-46.67953602455498
1324,"1""",0.0002777777777777778,uniform,28.730654286661217,25.476973991615044
1325,"1""",0.0002777777777777778,uniform,127.27496309648615,9.313482177537452
1326,"1""",0.0002777777777777778,uniform,258.72303453915725,68.39928156301765
1327,"1""",0.0002777777777777778,uniform,98.57859221175435,-27.343162859158845
1328,"1""",0.0002777777777777778,uniform,264.8741336489634,-7.497305184333992
1329,"1""",0.0002777777777777778,data,162.62382353875603,-62.67078573338671
1330,"1""",0.0002777777777777778,data,288.322522400726,-12.32582527470133
1331,"1""",0.0002777777777777778,data,307.624008276095,7.330309162978868
1332,"1""",0.0002777777777777778,data,110.58116796489863,21.806849285984462
1333,"1""",0.0002777777777777778,uniform,15.043614313649938,48.57289790996769
1334,"1""",0.0002777777777777778,uniform,228.5319066943673,6.041473727014731
1335,"1""",0.0002777777777777778,uniform,187.69694419155852,-18.741140322288103
1336,"1""",0.0002777777777777778,uniform,214.1367061231516,-34.13978423239162
1337,"1""",0.0002777777777777778,uniform,174.2430212494004,-4.473254843955816
1338,"1""",0.0002777777777777778,uniform,48.96492495896653,28.228476472051423
1339,"1""",0.0002777777777777778,uniform,222.76300970214004,7.218513023610198
1340,"1""",0.0002777777777777778,data,285.127069497151,21.309770110591796
1341,"1""",0.0002777777777777778,data,297.3261961495873,48.150882082626126
1342,"1""",0.0002777777777777778,data,275.92360763620377,-23.384679992120894
1343,"1""",0.0002777777777777778,data,313.4358939918363,10.372728267651443
1344,"1""",0.0002777777777777778,data,95.3168632969896,26.96350099777439
1345,"1""",0.0002777777777777778,data,249.84162375876548,-75.50657524683966
1346,"1""",0.0002777777777777778,data,130.3905916856161,-32.25375208633283
1347,"1""",0.0002777777777777778,data,340.48997232486306,39.50632472672957
1348,"1""",0.0002777777777777778,data,292.08018919799474,-14.271787105812875
1349,"1""",0.0002777777777777778,data,72.93741394199533,32.74600893506951
1350,"1""",0.0002777777777777778,data,165.3949194613275,23.12373174386447
1351,"1""",0.0002777777777777778,data,253.65713354860358,-48.04528050251148
1352,"1""",0.0002777777777777778,data,261.7731581198481,-3.7928208283062257
1353,"1""",0.0002777777777777778,data,337.9509403304709,33.83204068656096
1354,"1""",0.0002777777777777778,data,269.3302266660338,-33.90097862984219
1355,"1""",0.0002777777777777778,data,92.58441193747713,17.61914720276772
1356,"1""",0.0002777777777777778,data,47.34769219636682,38.55934912654879
1357,"1""",0.0002777777777777778,data,254.49404308143957,7.7300620984967585
1358,"1""",0.0002777777777777778,data,331.15231722877326,43.447374595837246
1359,"1""",0.0002777777777777778,data,230.90384714286014,-50.75488035344617
1360,"1""",0.0002777777777777778,data,20.04213146711543,46.55130829233752
1361,"1""",0.0002777777777777778,data,101.63804808544614,-2.5728220523180614
1362,"1""",0.0002777777777777778,data,215.0858755830252,-71.82389906541691
1363,"1""",0.0002777777777777778,data,274.9419943691131,-12.387623261479007
1364,"1""",0.0002777777777777778,data,290.1930811776115,37.7555231154231
1365,"1""",0.0002777777777777778,data,160.2724478862726,76.99567981500242
1366,"1""",0.0002777777777777778,data,125.79614949300169,-35.17893905865221
1367,"1""",0.0002777777777777778,data,302.7359653609267,69.45589920543429
1368,"1""",0.0002777777777777778,data,238.38503183652261,-76.64526751915787
1369,"1""",0.0002777777777777778,data,118.23170760909414,-20.098388082411862
1370,"1""",0.0002777777777777778,data,125.1442243120356,-26.23913842064347
1371,"1""",0.0002777777777777778,data,231.21188482324385,-39.13713959188859
1372,"1""",0.0002777777777777778,data,58.74771288711282,7.048556403649104
1373,"1""",0.0002777777777777778,data,81.95643978322435,30.066718269223028
1374,"1""",0.0002777777777777778,data,186.93005393643554,-70.94553298068045
1375,"1""",0.0002777777777777778,data,8.812094313205614,13.982063330383507
1376,"1""",0.0002777777777777778,data,254.06028210422625,-20.598579090082097
1377,"1""",0.0002777777777777778,data,301.18507127636343,39.85604104501968
1378,"1""",0.0002777777777777778,data,236.76525608714317,75.39492271672565
1379,"1""",0.0002777777777777778,data,330.09388006817153,38.19356197242143
1380,"1""",0.0002777777777777778,data,311.931227217623,27.628013038352734
1381,"1""",0.0002777777777777778,data,32.41640048290227,71.01404723382477
1382,"1""",0.0002777777777777778,data,253.13817381605207,45.83239664125151
1383,"1""",0.0002777777777777778,data,77.19132354904394,56.06027512645441
1384,"1""",0.0002777777777777778,data,339.56528362332216,63.52443197523184
1385,"1""",0.0002777777777777778,data,243.2274138715979,-33.04786957120557
1386,"1""",0.0002777777777777778,data,82.8368735144232,-4.095347738825781
1387,"1""",0.0002777777777777778,data,250.80448921412267,16.59123373109467
1388,"1""",0.0002777777777777778,data,340.0959328214608,53.73340986947436
1389,"1""",0.0002777777777777778,data,337.54450106820025,-81.20391314143039
1390,"1""",0.0002777777777777778,data,194.10517747321379,-20.56191684118542
1391,"1""",0.0002777777777777778,data,350.1144604811935,27.513110340158356
1392,"1""",0.0002777777777777778,data,273.72531852514874,-65.74770313378895
1393,"1""",0.0002777777777777778,data,144.79675779189895,-59.426656239087464
1394,"1""",0.0002777777777777778,data,294.82182055993485,14.279860873098935
1395,"1""",0.0002777777777777778,data,187.20469561188264,-55.525607921488955
1396,"1""",0.0002777777777777778,data,301.9599135593122,32.84359926063865
1397,"1""",0.0002777777777777778,data,300.6354526555097,-16.429013311080876
1398,"1""",0.0002777777777777778,data,90.01087658327651,1.7224815328921548
1399,"1""",0.0002777777777777778,data,84.21559833381131,47.72032157563425
1400,"1""",0.0002777777777777778,data,280.0150866980295,-52.52761278971925
1401,"1""",0.0002777777777777778,data,13.275734731402538,70.2699290798996
1402,"1""",0.0002777777777777778,data,24.766600830541233,-34.097344410885015
1403,"1""",0.0002777777777777778,data,75.28170714242746,32.095156107890475
1404,"1""",0.0002777777777777778,data,153.9732925822668,-58.914211374116356
1405,"1""",0.0002777777777777778,data,188.92031838042584,-41.262914776779716
1406,"1""",0.0002777777777777778,data,256.87523912281097,-46.717124701699845
1407,"1""",0.0002777777777777778,data,115.03343887781769,-32.77386747136919
1408,"1""",0.0002777777777777778,data,105.10350268712943,14.92810151776029
1409,"1""",0.0002777777777777778,data,327.2732830359124,5.961098883381361
1410,"1""",0.0002777777777777778,data,124.35876659070007,-37.586433867087365
1411,"1""",0.0002777777777777778,data,53.4692814834745,42.47408561112113
1412,"1""",0.0002777777777777778,data,248.5411246830852,-18.393527217456477
1413,"1""",0.0002777777777777778,data,97.47492524731838,-35.91080540703704
1414,"1""",0.0002777777777777778,data,75.9061515538788,48.139400787977316
1415,"1""",0.0002777777777777778,data,294.00991626249186,37.31517629344474
1416,"1""",0.0002777777777777778,data,165.984222199774,-34.75186236653087
1417,"1""",0.0002777777777777778,data,213.9628398881508,5.437624187738914
1418,"1""",0.0002777777777777778,data,161.99985028409492,-7.210979406981291
1419,"1""",0.0002777777777777778,data,259.4010909074896,76.85530416486016
1420,"1""",0.0002777777777777778,data,233.49381682148925,-70.33063885574185
1421,"1""",0.0002777777777777778,data,324.46331146369687,49.053848038483466
1422,"1""",0.0002777777777777778,data,266.177345833754,-61.428636065318784
1423,"1""",0.0002777777777777778,data,57.28332233401777,55.60148689637348
1424,"1""",0.0002777777777777778,data,225.68081197450948,28.278647253865703
1425,"1""",0.0002777777777777778,data,297.0757760837887,-58.43057591887143
1426,"1""",0.0002777777777777778,data,316.11689583227286,-38.590946180834564
1427,"1""",0.0002777777777777778,data,307.9527479841841,4.892985882394163
1428,"1""",0.0002777777777777778,data,11.28622389729965,18.24909376821994
1429,"1""",0.0002777777777777778,data,250.03889028841033,13.413914725078461
1430,"1""",0.0002777777777777778,data,283.05420139685344,6.834975199875018
1431,"1""",0.0002777777777777778,data,187.94507180261004,64.80679905008616
1432,"1""",0.0002777777777777778,data,93.02272125321228,-30.77306251177321
1433,"1""",0.0002777777777777778,data,166.6488063437739,-54.84800225136648
1434,"1""",0.0002777777777777778,data,278.4039167542152,17.107738634742404
1435,"1""",0.0002777777777777778,data,129.58037114178498,17.16149233995564
1436,"1""",0.0002777777777777778,data,274.22290757973735,9.939527963259389
1437,"1""",0.0002777777777777778,data,287.01890797990853,-1.4810044391400752
1438,"1""",0.0002777777777777778,data,297.9183791599329,-9.931688461109047
1439,"1""",0.0002777777777777778,data,125.8108457517718,27.003299206998527
1440,"1""",0.0002777777777777778,data,140.96778325501376,-19.53109078731144
1441,"1""",0.0002777777777777778,data,336.23078145132445,57.0888387868345
1442,"1""",0.0002777777777777778,data,237.64452959322216,-32.953286708970325
1443,"1""",0.0002777777777777778,data,274.40019926620676,-3.8198020500935277
1444,"1""",0.0002777777777777778,data,106.69479028368204,-47.93487321189786
1445,"1""",0.0002777777777777778,data,145.81479919794262,-80.10398071375093
1446,"1""",0.0002777777777777778,data,106.54574025892076,-8.037033286077044
1447,"1""",0.0002777777777777778,data,94.11963956599084,-18.749302092683866
1448,"1""",0.0002777777777777778,data,55.37669436470818,-34.358046411913186
1449,"1""",0.0002777777777777778,data,288.7497996471037,16.915031579611362
1450,"1""",0.0002777777777777778,data,257.50471190045306,-60.49110274338906
1451,"1""",0.0002777777777777778,data,5.5359973928176665,-46.96709360838284
1452,"1""",0.0002777777777777778,data,13.824865434043149,64.314603309722
1453,"1""",0.0002777777777777778,data,302.10139139113033,67.04000572044487
1454,"1""",0.0002777777777777778,data,241.2167816607916,-0.20596093156975076
1455,"1""",0.0002777777777777778,data,174.3791465767623,25.391844771185202
1456,"1""",0.0002777777777777778,data,288.90114927852164,-5.863506043638153
